{"points":[
    {"x":0.014085,
     "y":0.50704},
    {"x":0.023474,
     "y":0.53521},
    {"x":0.032864,
     "y":0.56338},
    {"x":0.046948,
     "y":0.59155},
    {"x":0.065728,
     "y":0.61972},
    {"x":0.084507,
     "y":0.64789},
    {"x":0.10798,
     "y":0.67606},
    {"x":0.13615,
     "y":0.70423},
    {"x":0.16432,
     "y":0.723},
    {"x":0.19249,
     "y":0.74178},
    {"x":0.22066,
     "y":0.76056},
    {"x":0.24883,
     "y":0.76995},
    {"x":0.277,
     "y":0.78404},
    {"x":0.30516,
     "y":0.78873},
    {"x":0.33333,
     "y":0.79812},
    {"x":0.3615,
     "y":0.79812},
    {"x":0.38967,
     "y":0.80282},
    {"x":0.41784,
     "y":0.80282},
    {"x":0.44601,
     "y":0.80282},
    {"x":0.4554,
     "y":0.82629},
    {"x":0.4507,
     "y":0.85446},
    {"x":0.44601,
     "y":0.88263},
    {"x":0.46479,
     "y":0.87324},
    {"x":0.46948,
     "y":0.84507},
    {"x":0.47887,
     "y":0.85446},
    {"x":0.48826,
     "y":0.88263},
    {"x":0.50704,
     "y":0.9108},
    {"x":0.53052,
     "y":0.93897},
    {"x":0.55869,
     "y":0.96244},
    {"x":0.58685,
     "y":0.97653},
    {"x":0.61502,
     "y":0.99061},
    {"x":0.64319,
     "y":1},
    {"x":0.67136,
     "y":1},
    {"x":0.69953,
     "y":1},
    {"x":0.71831,
     "y":0.98592},
    {"x":0.71831,
     "y":0.95775},
    {"x":0.71362,
     "y":0.92958},
    {"x":0.70423,
     "y":0.90141},
    {"x":0.68545,
     "y":0.87324},
    {"x":0.66197,
     "y":0.85915},
    {"x":0.6338,
     "y":0.84038},
    {"x":0.60563,
     "y":0.82629},
    {"x":0.57746,
     "y":0.8169},
    {"x":0.5493,
     "y":0.8169},
    {"x":0.52113,
     "y":0.81221},
    {"x":0.49296,
     "y":0.80751},
    {"x":0.49296,
     "y":0.79812},
    {"x":0.52113,
     "y":0.79812},
    {"x":0.5493,
     "y":0.79812},
    {"x":0.57746,
     "y":0.79343},
    {"x":0.60563,
     "y":0.78873},
    {"x":0.6338,
     "y":0.77934},
    {"x":0.66197,
     "y":0.76995},
    {"x":0.69014,
     "y":0.75587},
    {"x":0.71831,
     "y":0.74178},
    {"x":0.74648,
     "y":0.723},
    {"x":0.77465,
     "y":0.69953},
    {"x":0.80282,
     "y":0.67136},
    {"x":0.82629,
     "y":0.64319},
    {"x":0.84507,
     "y":0.61502},
    {"x":0.85915,
     "y":0.58685},
    {"x":0.87324,
     "y":0.55869},
    {"x":0.88263,
     "y":0.53052},
    {"x":0.89202,
     "y":0.50235},
    {"x":0.90141,
     "y":0.47418},
    {"x":0.90141,
     "y":0.44601},
    {"x":0.9061,
     "y":0.41784},
    {"x":0.9061,
     "y":0.38967},
    {"x":0.9061,
     "y":0.3615},
    {"x":0.90141,
     "y":0.33333},
    {"x":0.89671,
     "y":0.30516},
    {"x":0.88732,
     "y":0.277},
    {"x":0.87793,
     "y":0.24883},
    {"x":0.86385,
     "y":0.22066},
    {"x":0.84977,
     "y":0.19249},
    {"x":0.83099,
     "y":0.16432},
    {"x":0.81221,
     "y":0.13615},
    {"x":0.78404,
     "y":0.10798},
    {"x":0.75587,
     "y":0.084507},
    {"x":0.7277,
     "y":0.061033},
    {"x":0.69953,
     "y":0.046948},
    {"x":0.67136,
     "y":0.032864},
    {"x":0.64319,
     "y":0.023474},
    {"x":0.61502,
     "y":0.014085},
    {"x":0.58685,
     "y":0.0046948},
    {"x":0.55869,
     "y":0},
    {"x":0.53052,
     "y":0},
    {"x":0.50235,
     "y":0},
    {"x":0.47418,
     "y":0},
    {"x":0.44601,
     "y":0.0046948},
    {"x":0.41784,
     "y":0.0046948},
    {"x":0.38967,
     "y":0.0046948},
    {"x":0.3615,
     "y":0.0093897},
    {"x":0.33333,
     "y":0.0093897},
    {"x":0.30516,
     "y":0.018779},
    {"x":0.277,
     "y":0.023474},
    {"x":0.24883,
     "y":0.037559},
    {"x":0.22066,
     "y":0.046948},
    {"x":0.19249,
     "y":0.065728},
    {"x":0.16432,
     "y":0.084507},
    {"x":0.13615,
     "y":0.10329},
    {"x":0.10798,
     "y":0.13146},
    {"x":0.084507,
     "y":0.15962},
    {"x":0.065728,
     "y":0.18779},
    {"x":0.046948,
     "y":0.21596},
    {"x":0.032864,
     "y":0.24413},
    {"x":0.023474,
     "y":0.2723},
    {"x":0.014085,
     "y":0.30047},
    {"x":0.0093897,
     "y":0.32864},
    {"x":0.0046948,
     "y":0.35681},
    {"x":0,
     "y":0.38498},
    {"x":0,
     "y":0.41315},
    {"x":0,
     "y":0.44131},
    {"x":0.0046948,
     "y":0.46948},
    {"x":0.0093897,
     "y":0.49765},
    {"x":0.014085,
     "y":0.50704}],
 "triangles":[
    {"p1":32,
     "p2":33,
     "p3":35},
    {"p1":31,
     "p2":32,
     "p3":36},
    {"p1":32,
     "p2":35,
     "p3":36},
    {"p1":1,
     "p2":2,
     "p3":3},
    {"p1":1,
     "p2":3,
     "p3":4},
    {"p1":4,
     "p2":8,
     "p3":108},
    {"p1":6,
     "p2":7,
     "p3":8},
    {"p1":5,
     "p2":6,
     "p3":8},
    {"p1":4,
     "p2":5,
     "p3":8},
    {"p1":33,
     "p2":34,
     "p3":35},
    {"p1":65,
     "p2":87,
     "p3":89},
    {"p1":65,
     "p2":82,
     "p3":87},
    {"p1":65,
     "p2":73,
     "p3":82},
    {"p1":82,
     "p2":83,
     "p3":87},
    {"p1":83,
     "p2":86,
     "p3":87},
    {"p1":46,
     "p2":65,
     "p3":89},
    {"p1":96,
     "p2":99,
     "p3":108},
    {"p1":65,
     "p2":71,
     "p3":73},
    {"p1":73,
     "p2":74,
     "p3":75},
    {"p1":73,
     "p2":75,
     "p3":82},
    {"p1":99,
     "p2":103,
     "p3":108},
    {"p1":99,
     "p2":100,
     "p3":101},
    {"p1":18,
     "p2":19,
     "p3":45},
    {"p1":18,
     "p2":45,
     "p3":46},
    {"p1":17,
     "p2":18,
     "p3":46},
    {"p1":15,
     "p2":16,
     "p3":17},
    {"p1":94,
     "p2":95,
     "p3":96},
    {"p1":92,
     "p2":94,
     "p3":96},
    {"p1":92,
     "p2":93,
     "p3":94},
    {"p1":96,
     "p2":98,
     "p3":99},
    {"p1":96,
     "p2":97,
     "p3":98},
    {"p1":11,
     "p2":13,
     "p3":15},
    {"p1":8,
     "p2":9,
     "p3":11},
    {"p1":9,
     "p2":10,
     "p3":11},
    {"p1":8,
     "p2":11,
     "p3":108},
    {"p1":11,
     "p2":96,
     "p3":108},
    {"p1":0,
     "p2":113,
     "p3":114},
    {"p1":111,
     "p2":112,
     "p3":113},
    {"p1":0,
     "p2":111,
     "p3":113},
    {"p1":0,
     "p2":109,
     "p3":111},
    {"p1":109,
     "p2":110,
     "p3":111},
    {"p1":0,
     "p2":1,
     "p3":109},
    {"p1":4,
     "p2":108,
     "p3":109},
    {"p1":1,
     "p2":4,
     "p3":109},
    {"p1":87,
     "p2":88,
     "p3":89},
    {"p1":65,
     "p2":69,
     "p3":71},
    {"p1":69,
     "p2":70,
     "p3":71},
    {"p1":71,
     "p2":72,
     "p3":73},
    {"p1":75,
     "p2":78,
     "p3":82},
    {"p1":103,
     "p2":104,
     "p3":106},
    {"p1":106,
     "p2":107,
     "p3":108},
    {"p1":103,
     "p2":106,
     "p3":108},
    {"p1":99,
     "p2":102,
     "p3":103},
    {"p1":99,
     "p2":101,
     "p3":102},
    {"p1":27,
     "p2":28,
     "p3":40},
    {"p1":27,
     "p2":40,
     "p3":41},
    {"p1":63,
     "p2":64,
     "p3":65},
    {"p1":62,
     "p2":63,
     "p3":65},
    {"p1":46,
     "p2":47,
     "p3":65},
    {"p1":47,
     "p2":62,
     "p3":65},
    {"p1":47,
     "p2":60,
     "p3":62},
    {"p1":58,
     "p2":59,
     "p3":60},
    {"p1":57,
     "p2":58,
     "p3":60},
    {"p1":60,
     "p2":61,
     "p3":62},
    {"p1":28,
     "p2":29,
     "p3":40},
    {"p1":29,
     "p2":39,
     "p3":40},
    {"p1":19,
     "p2":23,
     "p3":45},
    {"p1":23,
     "p2":24,
     "p3":45},
    {"p1":13,
     "p2":14,
     "p3":15},
    {"p1":46,
     "p2":89,
     "p3":90},
    {"p1":17,
     "p2":46,
     "p3":90},
    {"p1":19,
     "p2":20,
     "p3":23},
    {"p1":11,
     "p2":12,
     "p3":13},
    {"p1":84,
     "p2":85,
     "p3":86},
    {"p1":83,
     "p2":84,
     "p3":86},
    {"p1":65,
     "p2":66,
     "p3":67},
    {"p1":65,
     "p2":67,
     "p3":69},
    {"p1":67,
     "p2":68,
     "p3":69},
    {"p1":75,
     "p2":76,
     "p3":77},
    {"p1":75,
     "p2":77,
     "p3":78},
    {"p1":80,
     "p2":81,
     "p3":82},
    {"p1":78,
     "p2":80,
     "p3":82},
    {"p1":78,
     "p2":79,
     "p3":80},
    {"p1":104,
     "p2":105,
     "p3":106},
    {"p1":20,
     "p2":21,
     "p3":22},
    {"p1":20,
     "p2":22,
     "p3":23},
    {"p1":49,
     "p2":50,
     "p3":51},
    {"p1":47,
     "p2":49,
     "p3":51},
    {"p1":47,
     "p2":48,
     "p3":49},
    {"p1":47,
     "p2":51,
     "p3":53},
    {"p1":47,
     "p2":53,
     "p3":60},
    {"p1":53,
     "p2":54,
     "p3":55},
    {"p1":53,
     "p2":55,
     "p3":56},
    {"p1":51,
     "p2":52,
     "p3":53},
    {"p1":29,
     "p2":30,
     "p3":39},
    {"p1":90,
     "p2":91,
     "p3":92},
    {"p1":24,
     "p2":44,
     "p3":45},
    {"p1":26,
     "p2":42,
     "p3":43},
    {"p1":27,
     "p2":41,
     "p3":42},
    {"p1":26,
     "p2":27,
     "p3":42},
    {"p1":25,
     "p2":26,
     "p3":43},
    {"p1":24,
     "p2":25,
     "p3":44},
    {"p1":25,
     "p2":43,
     "p3":44},
    {"p1":11,
     "p2":92,
     "p3":96},
    {"p1":11,
     "p2":15,
     "p3":92},
    {"p1":15,
     "p2":90,
     "p3":92},
    {"p1":15,
     "p2":17,
     "p3":90},
    {"p1":53,
     "p2":57,
     "p3":60},
    {"p1":53,
     "p2":56,
     "p3":57},
    {"p1":30,
     "p2":38,
     "p3":39},
    {"p1":30,
     "p2":37,
     "p3":38},
    {"p1":30,
     "p2":31,
     "p3":36},
    {"p1":30,
     "p2":36,
     "p3":37}]
}