{"points":[
    {"x":0.013333,
     "y":0.51111},
    {"x":0.026667,
     "y":0.54222},
    {"x":0.04,
     "y":0.57333},
    {"x":0.057778,
     "y":0.60444},
    {"x":0.075556,
     "y":0.63556},
    {"x":0.10222,
     "y":0.66667},
    {"x":0.13333,
     "y":0.69778},
    {"x":0.16444,
     "y":0.72},
    {"x":0.19556,
     "y":0.74222},
    {"x":0.22667,
     "y":0.76},
    {"x":0.25778,
     "y":0.77778},
    {"x":0.28889,
     "y":0.78667},
    {"x":0.32,
     "y":0.8},
    {"x":0.35111,
     "y":0.80444},
    {"x":0.38222,
     "y":0.81333},
    {"x":0.35111,
     "y":0.83556},
    {"x":0.32,
     "y":0.85778},
    {"x":0.30222,
     "y":0.88889},
    {"x":0.28,
     "y":0.92},
    {"x":0.26667,
     "y":0.95111},
    {"x":0.26667,
     "y":0.98222},
    {"x":0.28889,
     "y":1},
    {"x":0.32,
     "y":0.99111},
    {"x":0.35111,
     "y":0.97333},
    {"x":0.38222,
     "y":0.94667},
    {"x":0.41333,
     "y":0.92},
    {"x":0.43556,
     "y":0.88889},
    {"x":0.44,
     "y":0.85778},
    {"x":0.44889,
     "y":0.84444},
    {"x":0.46667,
     "y":0.87556},
    {"x":0.48,
     "y":0.90667},
    {"x":0.50667,
     "y":0.93333},
    {"x":0.53778,
     "y":0.95111},
    {"x":0.56889,
     "y":0.96},
    {"x":0.6,
     "y":0.96},
    {"x":0.60444,
     "y":0.95556},
    {"x":0.57333,
     "y":0.95111},
    {"x":0.54222,
     "y":0.93333},
    {"x":0.51556,
     "y":0.91111},
    {"x":0.49333,
     "y":0.88},
    {"x":0.48889,
     "y":0.84889},
    {"x":0.48889,
     "y":0.81778},
    {"x":0.52,
     "y":0.81333},
    {"x":0.55111,
     "y":0.80889},
    {"x":0.58222,
     "y":0.80444},
    {"x":0.61333,
     "y":0.79556},
    {"x":0.64444,
     "y":0.78667},
    {"x":0.67556,
     "y":0.77333},
    {"x":0.70667,
     "y":0.75556},
    {"x":0.73778,
     "y":0.73778},
    {"x":0.76889,
     "y":0.71556},
    {"x":0.8,
     "y":0.68889},
    {"x":0.83111,
     "y":0.65778},
    {"x":0.85333,
     "y":0.62667},
    {"x":0.87556,
     "y":0.59556},
    {"x":0.88889,
     "y":0.56444},
    {"x":0.90222,
     "y":0.53333},
    {"x":0.91111,
     "y":0.50222},
    {"x":0.92,
     "y":0.47111},
    {"x":0.92444,
     "y":0.44},
    {"x":0.92444,
     "y":0.40889},
    {"x":0.92444,
     "y":0.37778},
    {"x":0.92,
     "y":0.34667},
    {"x":0.91111,
     "y":0.31556},
    {"x":0.90222,
     "y":0.28444},
    {"x":0.88889,
     "y":0.25333},
    {"x":0.87556,
     "y":0.22222},
    {"x":0.85333,
     "y":0.19111},
    {"x":0.83111,
     "y":0.16},
    {"x":0.8,
     "y":0.12889},
    {"x":0.76889,
     "y":0.10222},
    {"x":0.73778,
     "y":0.08},
    {"x":0.70667,
     "y":0.062222},
    {"x":0.67556,
     "y":0.044444},
    {"x":0.64444,
     "y":0.031111},
    {"x":0.61333,
     "y":0.022222},
    {"x":0.58222,
     "y":0.013333},
    {"x":0.55111,
     "y":0.0088889},
    {"x":0.52,
     "y":0.0044444},
    {"x":0.48889,
     "y":0},
    {"x":0.45778,
     "y":0},
    {"x":0.42667,
     "y":0},
    {"x":0.39556,
     "y":0.0044444},
    {"x":0.36444,
     "y":0.0088889},
    {"x":0.33333,
     "y":0.017778},
    {"x":0.30222,
     "y":0.026667},
    {"x":0.27111,
     "y":0.035556},
    {"x":0.24,
     "y":0.048889},
    {"x":0.20889,
     "y":0.066667},
    {"x":0.17778,
     "y":0.084444},
    {"x":0.14667,
     "y":0.11111},
    {"x":0.11556,
     "y":0.13778},
    {"x":0.088889,
     "y":0.16889},
    {"x":0.062222,
     "y":0.2},
    {"x":0.044444,
     "y":0.23111},
    {"x":0.031111,
     "y":0.26222},
    {"x":0.017778,
     "y":0.29333},
    {"x":0.0088889,
     "y":0.32444},
    {"x":0.0044444,
     "y":0.35556},
    {"x":0,
     "y":0.38667},
    {"x":0,
     "y":0.41778},
    {"x":0,
     "y":0.44889},
    {"x":0.0088889,
     "y":0.48},
    {"x":0.013333,
     "y":0.51111},
    {"x":0.013333,
     "y":0.51111}],
 "triangles":[
    {"p1":16,
     "p2":17,
     "p3":24},
    {"p1":17,
     "p2":23,
     "p3":24},
    {"p1":17,
     "p2":18,
     "p3":23},
    {"p1":78,
     "p2":79,
     "p3":80},
    {"p1":75,
     "p2":76,
     "p3":77},
    {"p1":73,
     "p2":74,
     "p3":75},
    {"p1":13,
     "p2":14,
     "p3":41},
    {"p1":14,
     "p2":15,
     "p3":27},
    {"p1":95,
     "p2":98,
     "p3":102},
    {"p1":96,
     "p2":97,
     "p3":98},
    {"p1":95,
     "p2":96,
     "p3":98},
    {"p1":30,
     "p2":38,
     "p3":39},
    {"p1":20,
     "p2":21,
     "p3":22},
    {"p1":19,
     "p2":20,
     "p3":22},
    {"p1":18,
     "p2":19,
     "p3":22},
    {"p1":18,
     "p2":22,
     "p3":23},
    {"p1":48,
     "p2":49,
     "p3":50},
    {"p1":32,
     "p2":36,
     "p3":37},
    {"p1":65,
     "p2":66,
     "p3":67},
    {"p1":63,
     "p2":64,
     "p3":65},
    {"p1":67,
     "p2":68,
     "p3":69},
    {"p1":85,
     "p2":86,
     "p3":87},
    {"p1":80,
     "p2":81,
     "p3":82},
    {"p1":82,
     "p2":83,
     "p3":84},
    {"p1":13,
     "p2":82,
     "p3":84},
    {"p1":13,
     "p2":80,
     "p3":82},
    {"p1":9,
     "p2":85,
     "p3":88},
    {"p1":85,
     "p2":87,
     "p3":88},
    {"p1":88,
     "p2":89,
     "p3":90},
    {"p1":9,
     "p2":11,
     "p3":85},
    {"p1":11,
     "p2":84,
     "p3":85},
    {"p1":11,
     "p2":13,
     "p3":84},
    {"p1":9,
     "p2":10,
     "p3":11},
    {"p1":14,
     "p2":28,
     "p3":41},
    {"p1":14,
     "p2":27,
     "p3":28},
    {"p1":28,
     "p2":40,
     "p3":41},
    {"p1":98,
     "p2":99,
     "p3":100},
    {"p1":98,
     "p2":100,
     "p3":102},
    {"p1":100,
     "p2":101,
     "p3":102},
    {"p1":7,
     "p2":88,
     "p3":90},
    {"p1":7,
     "p2":9,
     "p3":88},
    {"p1":90,
     "p2":91,
     "p3":92},
    {"p1":92,
     "p2":95,
     "p3":102},
    {"p1":3,
     "p2":92,
     "p3":102},
    {"p1":7,
     "p2":90,
     "p3":92},
    {"p1":3,
     "p2":7,
     "p3":92},
    {"p1":92,
     "p2":93,
     "p3":94},
    {"p1":92,
     "p2":94,
     "p3":95},
    {"p1":29,
     "p2":39,
     "p3":40},
    {"p1":29,
     "p2":30,
     "p3":39},
    {"p1":28,
     "p2":29,
     "p3":40},
    {"p1":45,
     "p2":46,
     "p3":47},
    {"p1":45,
     "p2":47,
     "p3":48},
    {"p1":15,
     "p2":16,
     "p3":25},
    {"p1":16,
     "p2":24,
     "p3":25},
    {"p1":30,
     "p2":31,
     "p3":38},
    {"p1":31,
     "p2":37,
     "p3":38},
    {"p1":31,
     "p2":32,
     "p3":37},
    {"p1":33,
     "p2":34,
     "p3":36},
    {"p1":32,
     "p2":33,
     "p3":36},
    {"p1":34,
     "p2":35,
     "p3":36},
    {"p1":70,
     "p2":71,
     "p3":72},
    {"p1":72,
     "p2":73,
     "p3":75},
    {"p1":60,
     "p2":61,
     "p3":62},
    {"p1":60,
     "p2":62,
     "p3":63},
    {"p1":57,
     "p2":60,
     "p3":63},
    {"p1":58,
     "p2":59,
     "p3":60},
    {"p1":57,
     "p2":58,
     "p3":60},
    {"p1":53,
     "p2":54,
     "p3":55},
    {"p1":11,
     "p2":12,
     "p3":13},
    {"p1":7,
     "p2":8,
     "p3":9},
    {"p1":3,
     "p2":4,
     "p3":5},
    {"p1":5,
     "p2":6,
     "p3":7},
    {"p1":3,
     "p2":5,
     "p3":7},
    {"p1":42,
     "p2":78,
     "p3":80},
    {"p1":13,
     "p2":41,
     "p3":42},
    {"p1":13,
     "p2":42,
     "p3":80},
    {"p1":43,
     "p2":44,
     "p3":45},
    {"p1":15,
     "p2":26,
     "p3":27},
    {"p1":15,
     "p2":25,
     "p3":26},
    {"p1":55,
     "p2":56,
     "p3":57},
    {"p1":51,
     "p2":52,
     "p3":53},
    {"p1":0,
     "p2":1,
     "p3":102},
    {"p1":1,
     "p2":3,
     "p3":102},
    {"p1":1,
     "p2":2,
     "p3":3},
    {"p1":43,
     "p2":45,
     "p3":75},
    {"p1":43,
     "p2":75,
     "p3":77},
    {"p1":45,
     "p2":72,
     "p3":75},
    {"p1":45,
     "p2":48,
     "p3":72},
    {"p1":50,
     "p2":70,
     "p3":72},
    {"p1":48,
     "p2":50,
     "p3":72},
    {"p1":55,
     "p2":63,
     "p3":65},
    {"p1":55,
     "p2":57,
     "p3":63},
    {"p1":55,
     "p2":65,
     "p3":67},
    {"p1":53,
     "p2":55,
     "p3":67},
    {"p1":50,
     "p2":51,
     "p3":70},
    {"p1":51,
     "p2":69,
     "p3":70},
    {"p1":51,
     "p2":53,
     "p3":67},
    {"p1":51,
     "p2":67,
     "p3":69},
    {"p1":42,
     "p2":77,
     "p3":78},
    {"p1":42,
     "p2":43,
     "p3":77}]
}