{"points":[
    {"x":0.013158,
     "y":0.51316},
    {"x":0.02193,
     "y":0.54386},
    {"x":0.035088,
     "y":0.57456},
    {"x":0.052632,
     "y":0.60526},
    {"x":0.070175,
     "y":0.63596},
    {"x":0.092105,
     "y":0.66667},
    {"x":0.12281,
     "y":0.69737},
    {"x":0.15351,
     "y":0.72368},
    {"x":0.18421,
     "y":0.74561},
    {"x":0.21491,
     "y":0.76754},
    {"x":0.24561,
     "y":0.7807},
    {"x":0.27632,
     "y":0.79386},
    {"x":0.30702,
     "y":0.80263},
    {"x":0.33772,
     "y":0.8114},
    {"x":0.36842,
     "y":0.82018},
    {"x":0.39912,
     "y":0.82456},
    {"x":0.42982,
     "y":0.82456},
    {"x":0.46053,
     "y":0.82456},
    {"x":0.49123,
     "y":0.82895},
    {"x":0.49123,
     "y":0.85965},
    {"x":0.48246,
     "y":0.89035},
    {"x":0.4693,
     "y":0.92105},
    {"x":0.45614,
     "y":0.95175},
    {"x":0.4386,
     "y":0.98246},
    {"x":0.44298,
     "y":1},
    {"x":0.46491,
     "y":0.97368},
    {"x":0.48684,
     "y":0.94298},
    {"x":0.49561,
     "y":0.91228},
    {"x":0.50439,
     "y":0.88158},
    {"x":0.51316,
     "y":0.85088},
    {"x":0.53509,
     "y":0.85965},
    {"x":0.53947,
     "y":0.89035},
    {"x":0.55702,
     "y":0.92105},
    {"x":0.58333,
     "y":0.95175},
    {"x":0.61404,
     "y":0.9693},
    {"x":0.64474,
     "y":0.98246},
    {"x":0.67544,
     "y":0.99123},
    {"x":0.70614,
     "y":0.99123},
    {"x":0.7193,
     "y":0.9693},
    {"x":0.71053,
     "y":0.9386},
    {"x":0.69298,
     "y":0.90789},
    {"x":0.66228,
     "y":0.88596},
    {"x":0.63158,
     "y":0.87281},
    {"x":0.60088,
     "y":0.86404},
    {"x":0.57018,
     "y":0.85088},
    {"x":0.53947,
     "y":0.84211},
    {"x":0.55263,
     "y":0.82456},
    {"x":0.58333,
     "y":0.82456},
    {"x":0.61404,
     "y":0.82018},
    {"x":0.64474,
     "y":0.81579},
    {"x":0.67544,
     "y":0.8114},
    {"x":0.70614,
     "y":0.80263},
    {"x":0.73684,
     "y":0.78947},
    {"x":0.76754,
     "y":0.77632},
    {"x":0.79825,
     "y":0.75877},
    {"x":0.82895,
     "y":0.73684},
    {"x":0.85965,
     "y":0.71053},
    {"x":0.89035,
     "y":0.67982},
    {"x":0.91667,
     "y":0.64912},
    {"x":0.93421,
     "y":0.61842},
    {"x":0.95175,
     "y":0.58772},
    {"x":0.96491,
     "y":0.55702},
    {"x":0.97368,
     "y":0.52632},
    {"x":0.98246,
     "y":0.49561},
    {"x":0.98684,
     "y":0.46491},
    {"x":0.99123,
     "y":0.43421},
    {"x":0.99123,
     "y":0.40351},
    {"x":0.99123,
     "y":0.37281},
    {"x":0.98684,
     "y":0.34211},
    {"x":0.97807,
     "y":0.3114},
    {"x":0.9693,
     "y":0.2807},
    {"x":0.95614,
     "y":0.25},
    {"x":0.94298,
     "y":0.2193},
    {"x":0.92544,
     "y":0.1886},
    {"x":0.89912,
     "y":0.15789},
    {"x":0.87281,
     "y":0.12719},
    {"x":0.84211,
     "y":0.096491},
    {"x":0.8114,
     "y":0.074561},
    {"x":0.7807,
     "y":0.057018},
    {"x":0.75,
     "y":0.039474},
    {"x":0.7193,
     "y":0.026316},
    {"x":0.6886,
     "y":0.017544},
    {"x":0.65789,
     "y":0.0087719},
    {"x":0.62719,
     "y":0.004386},
    {"x":0.59649,
     "y":0},
    {"x":0.56579,
     "y":0},
    {"x":0.53509,
     "y":0},
    {"x":0.50439,
     "y":0.004386},
    {"x":0.47368,
     "y":0},
    {"x":0.44298,
     "y":0},
    {"x":0.41228,
     "y":0},
    {"x":0.38158,
     "y":0.004386},
    {"x":0.35088,
     "y":0.0087719},
    {"x":0.32018,
     "y":0.017544},
    {"x":0.28947,
     "y":0.026316},
    {"x":0.25877,
     "y":0.035088},
    {"x":0.22807,
     "y":0.052632},
    {"x":0.19737,
     "y":0.070175},
    {"x":0.16667,
     "y":0.087719},
    {"x":0.13596,
     "y":0.11404},
    {"x":0.10526,
     "y":0.14474},
    {"x":0.078947,
     "y":0.17544},
    {"x":0.057018,
     "y":0.20614},
    {"x":0.04386,
     "y":0.23684},
    {"x":0.026316,
     "y":0.26754},
    {"x":0.017544,
     "y":0.29825},
    {"x":0.0087719,
     "y":0.32895},
    {"x":0.004386,
     "y":0.35965},
    {"x":0,
     "y":0.39035},
    {"x":0,
     "y":0.42105},
    {"x":0,
     "y":0.45175},
    {"x":0.004386,
     "y":0.48246},
    {"x":0.013158,
     "y":0.51316},
    {"x":0.013158,
     "y":0.51316}],
 "triangles":[
    {"p1":17,
     "p2":46,
     "p3":87},
    {"p1":46,
     "p2":48,
     "p3":87},
    {"p1":16,
     "p2":17,
     "p3":87},
    {"p1":16,
     "p2":87,
     "p3":89},
    {"p1":0,
     "p2":3,
     "p3":107},
    {"p1":0,
     "p2":1,
     "p3":2},
    {"p1":0,
     "p2":2,
     "p3":3},
    {"p1":46,
     "p2":47,
     "p3":48},
    {"p1":34,
     "p2":35,
     "p3":41},
    {"p1":87,
     "p2":88,
     "p3":89},
    {"p1":8,
     "p2":9,
     "p3":10},
    {"p1":8,
     "p2":10,
     "p3":12},
    {"p1":13,
     "p2":16,
     "p3":89},
    {"p1":109,
     "p2":110,
     "p3":111},
    {"p1":0,
     "p2":109,
     "p3":111},
    {"p1":107,
     "p2":108,
     "p3":109},
    {"p1":0,
     "p2":107,
     "p3":109},
    {"p1":3,
     "p2":6,
     "p3":7},
    {"p1":4,
     "p2":5,
     "p3":6},
    {"p1":3,
     "p2":4,
     "p3":6},
    {"p1":33,
     "p2":34,
     "p3":42},
    {"p1":34,
     "p2":41,
     "p3":42},
    {"p1":35,
     "p2":40,
     "p3":41},
    {"p1":23,
     "p2":24,
     "p3":25},
    {"p1":17,
     "p2":18,
     "p3":46},
    {"p1":21,
     "p2":26,
     "p3":27},
    {"p1":85,
     "p2":86,
     "p3":87},
    {"p1":48,
     "p2":85,
     "p3":87},
    {"p1":49,
     "p2":51,
     "p3":52},
    {"p1":31,
     "p2":32,
     "p3":43},
    {"p1":33,
     "p2":42,
     "p3":43},
    {"p1":32,
     "p2":33,
     "p3":43},
    {"p1":64,
     "p2":65,
     "p3":66},
    {"p1":57,
     "p2":58,
     "p3":59},
    {"p1":35,
     "p2":36,
     "p3":39},
    {"p1":35,
     "p2":39,
     "p3":40},
    {"p1":10,
     "p2":11,
     "p3":12},
    {"p1":19,
     "p2":20,
     "p3":28},
    {"p1":20,
     "p2":21,
     "p3":27},
    {"p1":20,
     "p2":27,
     "p3":28},
    {"p1":13,
     "p2":14,
     "p3":16},
    {"p1":22,
     "p2":23,
     "p3":25},
    {"p1":22,
     "p2":25,
     "p3":26},
    {"p1":21,
     "p2":22,
     "p3":26},
    {"p1":18,
     "p2":45,
     "p3":46},
    {"p1":19,
     "p2":28,
     "p3":29},
    {"p1":29,
     "p2":30,
     "p3":45},
    {"p1":18,
     "p2":19,
     "p3":29},
    {"p1":18,
     "p2":29,
     "p3":45},
    {"p1":66,
     "p2":67,
     "p3":68},
    {"p1":105,
     "p2":106,
     "p3":107},
    {"p1":7,
     "p2":8,
     "p3":103},
    {"p1":3,
     "p2":7,
     "p3":103},
    {"p1":3,
     "p2":103,
     "p3":107},
    {"p1":103,
     "p2":105,
     "p3":107},
    {"p1":101,
     "p2":102,
     "p3":103},
    {"p1":103,
     "p2":104,
     "p3":105},
    {"p1":49,
     "p2":50,
     "p3":51},
    {"p1":62,
     "p2":63,
     "p3":64},
    {"p1":60,
     "p2":61,
     "p3":62},
    {"p1":59,
     "p2":60,
     "p3":62},
    {"p1":36,
     "p2":37,
     "p3":38},
    {"p1":36,
     "p2":38,
     "p3":39},
    {"p1":52,
     "p2":53,
     "p3":54},
    {"p1":14,
     "p2":15,
     "p3":16},
    {"p1":30,
     "p2":44,
     "p3":45},
    {"p1":30,
     "p2":31,
     "p3":44},
    {"p1":31,
     "p2":43,
     "p3":44},
    {"p1":66,
     "p2":68,
     "p3":69},
    {"p1":64,
     "p2":66,
     "p3":69},
    {"p1":52,
     "p2":54,
     "p3":55},
    {"p1":52,
     "p2":55,
     "p3":56},
    {"p1":56,
     "p2":59,
     "p3":62},
    {"p1":56,
     "p2":57,
     "p3":59},
    {"p1":72,
     "p2":73,
     "p3":74},
    {"p1":56,
     "p2":62,
     "p3":74},
    {"p1":62,
     "p2":64,
     "p3":74},
    {"p1":52,
     "p2":56,
     "p3":74},
    {"p1":49,
     "p2":52,
     "p3":78},
    {"p1":52,
     "p2":74,
     "p3":78},
    {"p1":8,
     "p2":97,
     "p3":103},
    {"p1":12,
     "p2":13,
     "p3":93},
    {"p1":69,
     "p2":70,
     "p3":71},
    {"p1":71,
     "p2":72,
     "p3":74},
    {"p1":64,
     "p2":69,
     "p3":71},
    {"p1":64,
     "p2":71,
     "p3":74},
    {"p1":74,
     "p2":75,
     "p3":78},
    {"p1":97,
     "p2":98,
     "p3":99},
    {"p1":8,
     "p2":12,
     "p3":96},
    {"p1":8,
     "p2":96,
     "p3":97},
    {"p1":12,
     "p2":93,
     "p3":96},
    {"p1":89,
     "p2":90,
     "p3":91},
    {"p1":91,
     "p2":92,
     "p3":93},
    {"p1":13,
     "p2":89,
     "p3":91},
    {"p1":13,
     "p2":91,
     "p3":93},
    {"p1":83,
     "p2":84,
     "p3":85},
    {"p1":48,
     "p2":49,
     "p3":83},
    {"p1":48,
     "p2":83,
     "p3":85},
    {"p1":75,
     "p2":76,
     "p3":77},
    {"p1":75,
     "p2":77,
     "p3":78},
    {"p1":97,
     "p2":100,
     "p3":103},
    {"p1":97,
     "p2":99,
     "p3":100},
    {"p1":100,
     "p2":101,
     "p3":103},
    {"p1":94,
     "p2":95,
     "p3":96},
    {"p1":93,
     "p2":94,
     "p3":96},
    {"p1":49,
     "p2":78,
     "p3":81},
    {"p1":49,
     "p2":81,
     "p3":83},
    {"p1":79,
     "p2":80,
     "p3":81},
    {"p1":78,
     "p2":79,
     "p3":81},
    {"p1":81,
     "p2":82,
     "p3":83}]
}