{"points":[
    {"x":0,
     "y":0.41627},
    {"x":0,
     "y":0.44498},
    {"x":0.0047847,
     "y":0.47368},
    {"x":0.0047847,
     "y":0.50239},
    {"x":0.014354,
     "y":0.5311},
    {"x":0.019139,
     "y":0.55981},
    {"x":0.028708,
     "y":0.58852},
    {"x":0.043062,
     "y":0.61722},
    {"x":0.057416,
     "y":0.64593},
    {"x":0.076555,
     "y":0.67464},
    {"x":0.095694,
     "y":0.70335},
    {"x":0.1244,
     "y":0.73206},
    {"x":0.15311,
     "y":0.76077},
    {"x":0.18182,
     "y":0.7799},
    {"x":0.21053,
     "y":0.79904},
    {"x":0.23923,
     "y":0.8134},
    {"x":0.26794,
     "y":0.82297},
    {"x":0.29665,
     "y":0.83254},
    {"x":0.32536,
     "y":0.84211},
    {"x":0.35407,
     "y":0.84689},
    {"x":0.38278,
     "y":0.84689},
    {"x":0.41148,
     "y":0.84689},
    {"x":0.44019,
     "y":0.84211},
    {"x":0.45933,
     "y":0.85646},
    {"x":0.44498,
     "y":0.88517},
    {"x":0.42105,
     "y":0.91388},
    {"x":0.40191,
     "y":0.94258},
    {"x":0.38278,
     "y":0.97129},
    {"x":0.36842,
     "y":1},
    {"x":0.38756,
     "y":0.99522},
    {"x":0.40191,
     "y":0.96651},
    {"x":0.42584,
     "y":0.9378},
    {"x":0.44976,
     "y":0.90909},
    {"x":0.47847,
     "y":0.92344},
    {"x":0.49761,
     "y":0.95215},
    {"x":0.52632,
     "y":0.97608},
    {"x":0.55502,
     "y":0.98565},
    {"x":0.58373,
     "y":0.98565},
    {"x":0.61244,
     "y":0.98565},
    {"x":0.64115,
     "y":0.98086},
    {"x":0.6555,
     "y":0.95215},
    {"x":0.62679,
     "y":0.9378},
    {"x":0.59809,
     "y":0.92823},
    {"x":0.56938,
     "y":0.91388},
    {"x":0.54067,
     "y":0.89474},
    {"x":0.51675,
     "y":0.86603},
    {"x":0.51196,
     "y":0.84211},
    {"x":0.54067,
     "y":0.84211},
    {"x":0.56938,
     "y":0.83732},
    {"x":0.59809,
     "y":0.83254},
    {"x":0.62679,
     "y":0.82297},
    {"x":0.6555,
     "y":0.8134},
    {"x":0.68421,
     "y":0.79904},
    {"x":0.71292,
     "y":0.78469},
    {"x":0.74163,
     "y":0.76555},
    {"x":0.77033,
     "y":0.74163},
    {"x":0.79904,
     "y":0.71292},
    {"x":0.82297,
     "y":0.68421},
    {"x":0.84211,
     "y":0.6555},
    {"x":0.85646,
     "y":0.62679},
    {"x":0.87081,
     "y":0.59809},
    {"x":0.88517,
     "y":0.56938},
    {"x":0.89474,
     "y":0.54067},
    {"x":0.89952,
     "y":0.51196},
    {"x":0.90431,
     "y":0.48325},
    {"x":0.90909,
     "y":0.45455},
    {"x":0.90909,
     "y":0.42584},
    {"x":0.90909,
     "y":0.39713},
    {"x":0.90431,
     "y":0.36842},
    {"x":0.89952,
     "y":0.33971},
    {"x":0.89474,
     "y":0.311},
    {"x":0.88517,
     "y":0.2823},
    {"x":0.8756,
     "y":0.25359},
    {"x":0.86124,
     "y":0.22488},
    {"x":0.84689,
     "y":0.19617},
    {"x":0.82775,
     "y":0.16746},
    {"x":0.80861,
     "y":0.13876},
    {"x":0.7799,
     "y":0.11005},
    {"x":0.7512,
     "y":0.086124},
    {"x":0.72249,
     "y":0.062201},
    {"x":0.69378,
     "y":0.047847},
    {"x":0.66507,
     "y":0.033493},
    {"x":0.63636,
     "y":0.019139},
    {"x":0.60766,
     "y":0.014354},
    {"x":0.57895,
     "y":0.0047847},
    {"x":0.55024,
     "y":0},
    {"x":0.52153,
     "y":0},
    {"x":0.49282,
     "y":0},
    {"x":0.46411,
     "y":0.0047847},
    {"x":0.43541,
     "y":0.0095694},
    {"x":0.4067,
     "y":0.0047847},
    {"x":0.37799,
     "y":0.0047847},
    {"x":0.34928,
     "y":0.0095694},
    {"x":0.32057,
     "y":0.0095694},
    {"x":0.29187,
     "y":0.019139},
    {"x":0.26316,
     "y":0.028708},
    {"x":0.23445,
     "y":0.038278},
    {"x":0.20574,
     "y":0.057416},
    {"x":0.17703,
     "y":0.07177},
    {"x":0.14833,
     "y":0.095694},
    {"x":0.11962,
     "y":0.1244},
    {"x":0.090909,
     "y":0.15311},
    {"x":0.07177,
     "y":0.18182},
    {"x":0.052632,
     "y":0.21053},
    {"x":0.038278,
     "y":0.23923},
    {"x":0.028708,
     "y":0.26794},
    {"x":0.019139,
     "y":0.29665},
    {"x":0.0095694,
     "y":0.32536},
    {"x":0.0047847,
     "y":0.35407},
    {"x":0,
     "y":0.38278},
    {"x":0,
     "y":0.41148},
    {"x":0,
     "y":0.41627}],
 "triangles":[
    {"p1":11,
     "p2":16,
     "p3":22},
    {"p1":2,
     "p2":22,
     "p3":89},
    {"p1":2,
     "p2":4,
     "p3":22},
    {"p1":2,
     "p2":3,
     "p3":4},
    {"p1":68,
     "p2":69,
     "p3":89},
    {"p1":34,
     "p2":35,
     "p3":43},
    {"p1":35,
     "p2":36,
     "p3":43},
    {"p1":97,
     "p2":98,
     "p3":99},
    {"p1":89,
     "p2":92,
     "p3":97},
    {"p1":4,
     "p2":5,
     "p3":6},
    {"p1":9,
     "p2":10,
     "p3":11},
    {"p1":9,
     "p2":11,
     "p3":22},
    {"p1":4,
     "p2":9,
     "p3":22},
    {"p1":14,
     "p2":15,
     "p3":16},
    {"p1":11,
     "p2":13,
     "p3":16},
    {"p1":13,
     "p2":14,
     "p3":16},
    {"p1":11,
     "p2":12,
     "p3":13},
    {"p1":0,
     "p2":1,
     "p3":2},
    {"p1":78,
     "p2":83,
     "p3":89},
    {"p1":57,
     "p2":58,
     "p3":59},
    {"p1":56,
     "p2":57,
     "p3":59},
    {"p1":60,
     "p2":64,
     "p3":68},
    {"p1":66,
     "p2":67,
     "p3":68},
    {"p1":64,
     "p2":65,
     "p3":66},
    {"p1":64,
     "p2":66,
     "p3":68},
    {"p1":25,
     "p2":31,
     "p3":32},
    {"p1":16,
     "p2":17,
     "p3":22},
    {"p1":26,
     "p2":27,
     "p3":30},
    {"p1":25,
     "p2":26,
     "p3":31},
    {"p1":26,
     "p2":30,
     "p3":31},
    {"p1":36,
     "p2":42,
     "p3":43},
    {"p1":97,
     "p2":99,
     "p3":100},
    {"p1":89,
     "p2":97,
     "p3":100},
    {"p1":95,
     "p2":96,
     "p3":97},
    {"p1":92,
     "p2":95,
     "p3":97},
    {"p1":4,
     "p2":6,
     "p3":7},
    {"p1":4,
     "p2":7,
     "p3":9},
    {"p1":108,
     "p2":109,
     "p3":110},
    {"p1":103,
     "p2":104,
     "p3":105},
    {"p1":89,
     "p2":100,
     "p3":105},
    {"p1":83,
     "p2":88,
     "p3":89},
    {"p1":78,
     "p2":79,
     "p3":80},
    {"p1":78,
     "p2":80,
     "p3":83},
    {"p1":60,
     "p2":63,
     "p3":64},
    {"p1":61,
     "p2":62,
     "p3":63},
    {"p1":60,
     "p2":61,
     "p3":63},
    {"p1":52,
     "p2":54,
     "p3":55},
    {"p1":52,
     "p2":53,
     "p3":54},
    {"p1":50,
     "p2":51,
     "p3":52},
    {"p1":27,
     "p2":28,
     "p3":29},
    {"p1":27,
     "p2":29,
     "p3":30},
    {"p1":18,
     "p2":19,
     "p3":20},
    {"p1":17,
     "p2":18,
     "p3":20},
    {"p1":17,
     "p2":20,
     "p3":22},
    {"p1":20,
     "p2":21,
     "p3":22},
    {"p1":24,
     "p2":25,
     "p3":32},
    {"p1":34,
     "p2":43,
     "p3":44},
    {"p1":22,
     "p2":23,
     "p3":46},
    {"p1":23,
     "p2":45,
     "p3":46},
    {"p1":22,
     "p2":46,
     "p3":89},
    {"p1":46,
     "p2":52,
     "p3":59},
    {"p1":46,
     "p2":50,
     "p3":52},
    {"p1":46,
     "p2":59,
     "p3":60},
    {"p1":46,
     "p2":68,
     "p3":89},
    {"p1":46,
     "p2":60,
     "p3":68},
    {"p1":36,
     "p2":37,
     "p3":42},
    {"p1":37,
     "p2":38,
     "p3":42},
    {"p1":38,
     "p2":41,
     "p3":42},
    {"p1":38,
     "p2":39,
     "p3":41},
    {"p1":39,
     "p2":40,
     "p3":41},
    {"p1":92,
     "p2":93,
     "p3":94},
    {"p1":92,
     "p2":94,
     "p3":95},
    {"p1":7,
     "p2":8,
     "p3":9},
    {"p1":106,
     "p2":107,
     "p3":108},
    {"p1":0,
     "p2":106,
     "p3":110},
    {"p1":0,
     "p2":2,
     "p3":106},
    {"p1":106,
     "p2":108,
     "p3":110},
    {"p1":2,
     "p2":89,
     "p3":106},
    {"p1":89,
     "p2":105,
     "p3":106},
    {"p1":102,
     "p2":103,
     "p3":105},
    {"p1":100,
     "p2":102,
     "p3":105},
    {"p1":100,
     "p2":101,
     "p3":102},
    {"p1":69,
     "p2":70,
     "p3":71},
    {"p1":69,
     "p2":71,
     "p3":89},
    {"p1":71,
     "p2":73,
     "p3":89},
    {"p1":75,
     "p2":78,
     "p3":89},
    {"p1":73,
     "p2":75,
     "p3":89},
    {"p1":73,
     "p2":74,
     "p3":75},
    {"p1":75,
     "p2":77,
     "p3":78},
    {"p1":75,
     "p2":76,
     "p3":77},
    {"p1":86,
     "p2":87,
     "p3":88},
    {"p1":83,
     "p2":86,
     "p3":88},
    {"p1":84,
     "p2":85,
     "p3":86},
    {"p1":83,
     "p2":84,
     "p3":86},
    {"p1":81,
     "p2":82,
     "p3":83},
    {"p1":80,
     "p2":81,
     "p3":83},
    {"p1":33,
     "p2":34,
     "p3":44},
    {"p1":33,
     "p2":44,
     "p3":45},
    {"p1":24,
     "p2":32,
     "p3":33},
    {"p1":23,
     "p2":33,
     "p3":45},
    {"p1":23,
     "p2":24,
     "p3":33},
    {"p1":46,
     "p2":48,
     "p3":50},
    {"p1":71,
     "p2":72,
     "p3":73},
    {"p1":46,
     "p2":47,
     "p3":48},
    {"p1":48,
     "p2":49,
     "p3":50},
    {"p1":52,
     "p2":56,
     "p3":59},
    {"p1":52,
     "p2":55,
     "p3":56},
    {"p1":90,
     "p2":91,
     "p3":92},
    {"p1":89,
     "p2":90,
     "p3":92}]
}