{"points":[
    {"x":0.013333,
     "y":0.48889},
    {"x":0.026667,
     "y":0.52},
    {"x":0.04,
     "y":0.55111},
    {"x":0.057778,
     "y":0.58222},
    {"x":0.075556,
     "y":0.61333},
    {"x":0.10222,
     "y":0.64444},
    {"x":0.13333,
     "y":0.67111},
    {"x":0.16444,
     "y":0.69778},
    {"x":0.19556,
     "y":0.71556},
    {"x":0.22667,
     "y":0.72889},
    {"x":0.25778,
     "y":0.74222},
    {"x":0.28889,
     "y":0.75111},
    {"x":0.32,
     "y":0.75556},
    {"x":0.35111,
     "y":0.76},
    {"x":0.38222,
     "y":0.76},
    {"x":0.41333,
     "y":0.76},
    {"x":0.44444,
     "y":0.75111},
    {"x":0.47556,
     "y":0.74667},
    {"x":0.49778,
     "y":0.75556},
    {"x":0.47556,
     "y":0.78667},
    {"x":0.44889,
     "y":0.80889},
    {"x":0.41778,
     "y":0.82667},
    {"x":0.39556,
     "y":0.85778},
    {"x":0.37778,
     "y":0.88889},
    {"x":0.36889,
     "y":0.92},
    {"x":0.35556,
     "y":0.95111},
    {"x":0.35111,
     "y":0.98222},
    {"x":0.37333,
     "y":1},
    {"x":0.40444,
     "y":0.99556},
    {"x":0.43556,
     "y":0.98667},
    {"x":0.46667,
     "y":0.96444},
    {"x":0.48889,
     "y":0.93333},
    {"x":0.50667,
     "y":0.90222},
    {"x":0.51556,
     "y":0.87111},
    {"x":0.52889,
     "y":0.87111},
    {"x":0.55111,
     "y":0.90222},
    {"x":0.58222,
     "y":0.92},
    {"x":0.61333,
     "y":0.92889},
    {"x":0.64444,
     "y":0.93333},
    {"x":0.62667,
     "y":0.92},
    {"x":0.59556,
     "y":0.91111},
    {"x":0.56889,
     "y":0.89333},
    {"x":0.54667,
     "y":0.86667},
    {"x":0.54222,
     "y":0.83556},
    {"x":0.53333,
     "y":0.80444},
    {"x":0.52444,
     "y":0.77333},
    {"x":0.51556,
     "y":0.74222},
    {"x":0.54222,
     "y":0.74222},
    {"x":0.57333,
     "y":0.74667},
    {"x":0.60444,
     "y":0.74667},
    {"x":0.63556,
     "y":0.74667},
    {"x":0.66667,
     "y":0.74222},
    {"x":0.69778,
     "y":0.73778},
    {"x":0.72889,
     "y":0.72889},
    {"x":0.76,
     "y":0.71556},
    {"x":0.79111,
     "y":0.70222},
    {"x":0.82222,
     "y":0.68444},
    {"x":0.85333,
     "y":0.66222},
    {"x":0.88444,
     "y":0.63556},
    {"x":0.91111,
     "y":0.60444},
    {"x":0.93333,
     "y":0.57333},
    {"x":0.95111,
     "y":0.54222},
    {"x":0.96444,
     "y":0.51111},
    {"x":0.97333,
     "y":0.48},
    {"x":0.98222,
     "y":0.44889},
    {"x":0.98667,
     "y":0.41778},
    {"x":0.99111,
     "y":0.38667},
    {"x":0.99111,
     "y":0.35556},
    {"x":0.98667,
     "y":0.32444},
    {"x":0.98222,
     "y":0.29333},
    {"x":0.97333,
     "y":0.26222},
    {"x":0.96444,
     "y":0.23111},
    {"x":0.94667,
     "y":0.2},
    {"x":0.92889,
     "y":0.16889},
    {"x":0.90667,
     "y":0.13778},
    {"x":0.88,
     "y":0.10667},
    {"x":0.84889,
     "y":0.08},
    {"x":0.81778,
     "y":0.057778},
    {"x":0.78667,
     "y":0.04},
    {"x":0.75556,
     "y":0.026667},
    {"x":0.72444,
     "y":0.017778},
    {"x":0.69333,
     "y":0.0088889},
    {"x":0.66222,
     "y":0.0044444},
    {"x":0.63111,
     "y":0},
    {"x":0.6,
     "y":0},
    {"x":0.56889,
     "y":0.0044444},
    {"x":0.53778,
     "y":0.0088889},
    {"x":0.50667,
     "y":0.013333},
    {"x":0.47556,
     "y":0.017778},
    {"x":0.44444,
     "y":0.013333},
    {"x":0.41333,
     "y":0.0044444},
    {"x":0.38222,
     "y":0.0044444},
    {"x":0.35111,
     "y":0.0044444},
    {"x":0.32,
     "y":0.0088889},
    {"x":0.28889,
     "y":0.013333},
    {"x":0.25778,
     "y":0.022222},
    {"x":0.22667,
     "y":0.035556},
    {"x":0.19556,
     "y":0.048889},
    {"x":0.16444,
     "y":0.066667},
    {"x":0.13333,
     "y":0.093333},
    {"x":0.10222,
     "y":0.12},
    {"x":0.075556,
     "y":0.15111},
    {"x":0.057778,
     "y":0.18222},
    {"x":0.04,
     "y":0.21333},
    {"x":0.026667,
     "y":0.24444},
    {"x":0.013333,
     "y":0.27556},
    {"x":0.0088889,
     "y":0.30667},
    {"x":0.0044444,
     "y":0.33778},
    {"x":0,
     "y":0.36889},
    {"x":0,
     "y":0.4},
    {"x":0.0044444,
     "y":0.43111},
    {"x":0.0088889,
     "y":0.46222},
    {"x":0.013333,
     "y":0.48889}],
 "triangles":[
    {"p1":89,
     "p2":102,
     "p3":107},
    {"p1":102,
     "p2":104,
     "p3":107},
    {"p1":63,
     "p2":72,
     "p3":80},
    {"p1":6,
     "p2":7,
     "p3":8},
    {"p1":61,
     "p2":62,
     "p3":63},
    {"p1":16,
     "p2":89,
     "p3":107},
    {"p1":89,
     "p2":96,
     "p3":102},
    {"p1":74,
     "p2":76,
     "p3":80},
    {"p1":74,
     "p2":75,
     "p3":76},
    {"p1":80,
     "p2":81,
     "p3":82},
    {"p1":104,
     "p2":105,
     "p3":106},
    {"p1":104,
     "p2":106,
     "p3":107},
    {"p1":102,
     "p2":103,
     "p3":104},
    {"p1":73,
     "p2":74,
     "p3":80},
    {"p1":72,
     "p2":73,
     "p3":80},
    {"p1":70,
     "p2":71,
     "p3":72},
    {"p1":3,
     "p2":4,
     "p3":5},
    {"p1":3,
     "p2":5,
     "p3":6},
    {"p1":22,
     "p2":31,
     "p3":32},
    {"p1":60,
     "p2":61,
     "p3":63},
    {"p1":51,
     "p2":52,
     "p3":53},
    {"p1":51,
     "p2":53,
     "p3":54},
    {"p1":54,
     "p2":56,
     "p3":57},
    {"p1":54,
     "p2":57,
     "p3":63},
    {"p1":54,
     "p2":63,
     "p3":80},
    {"p1":54,
     "p2":80,
     "p3":82},
    {"p1":51,
     "p2":54,
     "p3":85},
    {"p1":54,
     "p2":82,
     "p3":85},
    {"p1":24,
     "p2":29,
     "p3":30},
    {"p1":17,
     "p2":46,
     "p3":88},
    {"p1":96,
     "p2":99,
     "p3":102},
    {"p1":89,
     "p2":93,
     "p3":96},
    {"p1":77,
     "p2":78,
     "p3":80},
    {"p1":76,
     "p2":77,
     "p3":80},
    {"p1":78,
     "p2":79,
     "p3":80},
    {"p1":63,
     "p2":65,
     "p3":72},
    {"p1":63,
     "p2":64,
     "p3":65},
    {"p1":16,
     "p2":107,
     "p3":110},
    {"p1":3,
     "p2":16,
     "p3":110},
    {"p1":0,
     "p2":1,
     "p3":111},
    {"p1":1,
     "p2":110,
     "p3":111},
    {"p1":1,
     "p2":2,
     "p3":3},
    {"p1":1,
     "p2":3,
     "p3":110},
    {"p1":10,
     "p2":11,
     "p3":12},
    {"p1":6,
     "p2":8,
     "p3":9},
    {"p1":9,
     "p2":10,
     "p3":12},
    {"p1":9,
     "p2":12,
     "p3":16},
    {"p1":3,
     "p2":6,
     "p3":9},
    {"p1":3,
     "p2":9,
     "p3":16},
    {"p1":25,
     "p2":26,
     "p3":27},
    {"p1":57,
     "p2":58,
     "p3":59},
    {"p1":57,
     "p2":59,
     "p3":63},
    {"p1":59,
     "p2":60,
     "p3":63},
    {"p1":54,
     "p2":55,
     "p3":56},
    {"p1":37,
     "p2":38,
     "p3":39},
    {"p1":14,
     "p2":15,
     "p3":16},
    {"p1":12,
     "p2":13,
     "p3":14},
    {"p1":12,
     "p2":14,
     "p3":16},
    {"p1":21,
     "p2":22,
     "p3":32},
    {"p1":17,
     "p2":18,
     "p3":46},
    {"p1":47,
     "p2":86,
     "p3":87},
    {"p1":46,
     "p2":47,
     "p3":88},
    {"p1":47,
     "p2":87,
     "p3":88},
    {"p1":68,
     "p2":70,
     "p3":72},
    {"p1":65,
     "p2":68,
     "p3":72},
    {"p1":68,
     "p2":69,
     "p3":70},
    {"p1":22,
     "p2":23,
     "p3":31},
    {"p1":23,
     "p2":30,
     "p3":31},
    {"p1":23,
     "p2":24,
     "p3":30},
    {"p1":24,
     "p2":28,
     "p3":29},
    {"p1":24,
     "p2":25,
     "p3":28},
    {"p1":25,
     "p2":27,
     "p3":28},
    {"p1":21,
     "p2":32,
     "p3":33},
    {"p1":20,
     "p2":21,
     "p3":33},
    {"p1":19,
     "p2":20,
     "p3":33},
    {"p1":33,
     "p2":43,
     "p3":44},
    {"p1":19,
     "p2":33,
     "p3":44},
    {"p1":35,
     "p2":36,
     "p3":41},
    {"p1":35,
     "p2":41,
     "p3":42},
    {"p1":49,
     "p2":50,
     "p3":51},
    {"p1":47,
     "p2":48,
     "p3":49},
    {"p1":47,
     "p2":49,
     "p3":86},
    {"p1":49,
     "p2":51,
     "p3":85},
    {"p1":49,
     "p2":85,
     "p3":86},
    {"p1":96,
     "p2":97,
     "p3":99},
    {"p1":97,
     "p2":98,
     "p3":99},
    {"p1":100,
     "p2":101,
     "p3":102},
    {"p1":99,
     "p2":100,
     "p3":102},
    {"p1":89,
     "p2":90,
     "p3":91},
    {"p1":89,
     "p2":91,
     "p3":93},
    {"p1":91,
     "p2":92,
     "p3":93},
    {"p1":93,
     "p2":95,
     "p3":96},
    {"p1":93,
     "p2":94,
     "p3":95},
    {"p1":18,
     "p2":45,
     "p3":46},
    {"p1":19,
     "p2":44,
     "p3":45},
    {"p1":18,
     "p2":19,
     "p3":45},
    {"p1":34,
     "p2":35,
     "p3":42},
    {"p1":34,
     "p2":42,
     "p3":43},
    {"p1":33,
     "p2":34,
     "p3":43},
    {"p1":36,
     "p2":40,
     "p3":41},
    {"p1":36,
     "p2":37,
     "p3":40},
    {"p1":37,
     "p2":39,
     "p3":40},
    {"p1":16,
     "p2":17,
     "p3":89},
    {"p1":17,
     "p2":88,
     "p3":89},
    {"p1":82,
     "p2":83,
     "p3":84},
    {"p1":82,
     "p2":84,
     "p3":85},
    {"p1":107,
     "p2":108,
     "p3":110},
    {"p1":108,
     "p2":109,
     "p3":110},
    {"p1":65,
     "p2":66,
     "p3":68},
    {"p1":66,
     "p2":67,
     "p3":68}]
}