{"points":[
    {"x":0.20356,
     "y":0.21374},
    {"x":0.1883,
     "y":0.23664},
    {"x":0.16794,
     "y":0.25445},
    {"x":0.14504,
     "y":0.26972},
    {"x":0.11959,
     "y":0.27481},
    {"x":0.11196,
     "y":0.29771},
    {"x":0.096692,
     "y":0.32316},
    {"x":0.076336,
     "y":0.34097},
    {"x":0.050891,
     "y":0.35115},
    {"x":0.025445,
     "y":0.35115},
    {"x":0,
     "y":0.34351},
    {"x":0.0076336,
     "y":0.36387},
    {"x":0.030534,
     "y":0.38422},
    {"x":0.05598,
     "y":0.39949},
    {"x":0.081425,
     "y":0.40712},
    {"x":0.10687,
     "y":0.41476},
    {"x":0.13232,
     "y":0.41985},
    {"x":0.15776,
     "y":0.42239},
    {"x":0.18321,
     "y":0.42239},
    {"x":0.20865,
     "y":0.42239},
    {"x":0.2341,
     "y":0.41985},
    {"x":0.25954,
     "y":0.4173},
    {"x":0.28499,
     "y":0.41476},
    {"x":0.31043,
     "y":0.41221},
    {"x":0.33588,
     "y":0.40712},
    {"x":0.35623,
     "y":0.4173},
    {"x":0.37405,
     "y":0.39949},
    {"x":0.39949,
     "y":0.39186},
    {"x":0.42239,
     "y":0.3715},
    {"x":0.43003,
     "y":0.34606},
    {"x":0.4402,
     "y":0.32061},
    {"x":0.45547,
     "y":0.29517},
    {"x":0.47583,
     "y":0.26972},
    {"x":0.49618,
     "y":0.24682},
    {"x":0.51654,
     "y":0.22392},
    {"x":0.54198,
     "y":0.20611},
    {"x":0.56743,
     "y":0.21628},
    {"x":0.57252,
     "y":0.24173},
    {"x":0.59796,
     "y":0.23919},
    {"x":0.61832,
     "y":0.26209},
    {"x":0.63613,
     "y":0.28244},
    {"x":0.6514,
     "y":0.30534},
    {"x":0.67176,
     "y":0.33079},
    {"x":0.69211,
     "y":0.35369},
    {"x":0.70738,
     "y":0.37659},
    {"x":0.73028,
     "y":0.39186},
    {"x":0.75318,
     "y":0.39695},
    {"x":0.77354,
     "y":0.41221},
    {"x":0.77099,
     "y":0.39695},
    {"x":0.7888,
     "y":0.38422},
    {"x":0.81425,
     "y":0.37913},
    {"x":0.83969,
     "y":0.3715},
    {"x":0.86514,
     "y":0.36132},
    {"x":0.89059,
     "y":0.3486},
    {"x":0.91603,
     "y":0.33333},
    {"x":0.94148,
     "y":0.31807},
    {"x":0.96438,
     "y":0.30025},
    {"x":0.98473,
     "y":0.27481},
    {"x":0.99237,
     "y":0.24936},
    {"x":1,
     "y":0.22392},
    {"x":0.98473,
     "y":0.21883},
    {"x":0.96183,
     "y":0.23664},
    {"x":0.93639,
     "y":0.24427},
    {"x":0.91094,
     "y":0.24173},
    {"x":0.8855,
     "y":0.2341},
    {"x":0.8626,
     "y":0.22901},
    {"x":0.83715,
     "y":0.2341},
    {"x":0.8117,
     "y":0.22901},
    {"x":0.78626,
     "y":0.21883},
    {"x":0.7659,
     "y":0.20356},
    {"x":0.74809,
     "y":0.18321},
    {"x":0.73282,
     "y":0.15776},
    {"x":0.71756,
     "y":0.15522},
    {"x":0.70483,
     "y":0.1374},
    {"x":0.68702,
     "y":0.11705},
    {"x":0.66667,
     "y":0.1145},
    {"x":0.64377,
     "y":0.10687},
    {"x":0.63104,
     "y":0.086514},
    {"x":0.60814,
     "y":0.076336},
    {"x":0.5827,
     "y":0.061069},
    {"x":0.55725,
     "y":0.045802},
    {"x":0.53435,
     "y":0.035623},
    {"x":0.5369,
     "y":0.015267},
    {"x":0.52417,
     "y":0},
    {"x":0.50127,
     "y":0.0050891},
    {"x":0.47583,
     "y":0.012723},
    {"x":0.45038,
     "y":0.015267},
    {"x":0.43257,
     "y":0.025445},
    {"x":0.41221,
     "y":0.017812},
    {"x":0.38677,
     "y":0.017812},
    {"x":0.36132,
     "y":0.020356},
    {"x":0.33588,
     "y":0.012723},
    {"x":0.31043,
     "y":0.0050891},
    {"x":0.29262,
     "y":0.010178},
    {"x":0.29517,
     "y":0.033079},
    {"x":0.32061,
     "y":0.038168},
    {"x":0.34097,
     "y":0.05598},
    {"x":0.34606,
     "y":0.081425},
    {"x":0.33842,
     "y":0.10687},
    {"x":0.32061,
     "y":0.13232},
    {"x":0.30025,
     "y":0.15013},
    {"x":0.27481,
     "y":0.16794},
    {"x":0.24936,
     "y":0.17557},
    {"x":0.22392,
     "y":0.17557},
    {"x":0.2112,
     "y":0.19338},
    {"x":0.20356,
     "y":0.21374}],
 "triangles":[
    {"p1":58,
     "p2":59,
     "p3":60},
    {"p1":5,
     "p2":6,
     "p3":17},
    {"p1":8,
     "p2":12,
     "p3":13},
    {"p1":8,
     "p2":9,
     "p3":12},
    {"p1":6,
     "p2":16,
     "p3":17},
    {"p1":6,
     "p2":15,
     "p3":16},
    {"p1":46,
     "p2":47,
     "p3":48},
    {"p1":46,
     "p2":48,
     "p3":49},
    {"p1":39,
     "p2":40,
     "p3":72},
    {"p1":92,
     "p2":93,
     "p3":94},
    {"p1":90,
     "p2":91,
     "p3":96},
    {"p1":36,
     "p2":37,
     "p3":38},
    {"p1":38,
     "p2":39,
     "p3":72},
    {"p1":36,
     "p2":38,
     "p3":76},
    {"p1":38,
     "p2":75,
     "p3":76},
    {"p1":9,
     "p2":10,
     "p3":11},
    {"p1":9,
     "p2":11,
     "p3":12},
    {"p1":5,
     "p2":17,
     "p3":18},
    {"p1":6,
     "p2":7,
     "p3":15},
    {"p1":7,
     "p2":8,
     "p3":13},
    {"p1":44,
     "p2":45,
     "p3":49},
    {"p1":45,
     "p2":46,
     "p3":49},
    {"p1":58,
     "p2":60,
     "p3":61},
    {"p1":57,
     "p2":58,
     "p3":61},
    {"p1":64,
     "p2":65,
     "p3":66},
    {"p1":49,
     "p2":67,
     "p3":68},
    {"p1":43,
     "p2":44,
     "p3":49},
    {"p1":43,
     "p2":49,
     "p3":68},
    {"p1":42,
     "p2":43,
     "p3":68},
    {"p1":40,
     "p2":70,
     "p3":72},
    {"p1":70,
     "p2":71,
     "p3":72},
    {"p1":76,
     "p2":77,
     "p3":78},
    {"p1":24,
     "p2":30,
     "p3":101},
    {"p1":89,
     "p2":90,
     "p3":96},
    {"p1":91,
     "p2":95,
     "p3":96},
    {"p1":92,
     "p2":94,
     "p3":95},
    {"p1":91,
     "p2":92,
     "p3":95},
    {"p1":38,
     "p2":73,
     "p3":75},
    {"p1":38,
     "p2":72,
     "p3":73},
    {"p1":73,
     "p2":74,
     "p3":75},
    {"p1":7,
     "p2":13,
     "p3":14},
    {"p1":7,
     "p2":14,
     "p3":15},
    {"p1":1,
     "p2":22,
     "p3":23},
    {"p1":24,
     "p2":25,
     "p3":26},
    {"p1":55,
     "p2":56,
     "p3":62},
    {"p1":55,
     "p2":62,
     "p3":63},
    {"p1":56,
     "p2":57,
     "p3":62},
    {"p1":57,
     "p2":61,
     "p3":62},
    {"p1":54,
     "p2":55,
     "p3":63},
    {"p1":54,
     "p2":63,
     "p3":64},
    {"p1":52,
     "p2":53,
     "p3":66},
    {"p1":53,
     "p2":64,
     "p3":66},
    {"p1":53,
     "p2":54,
     "p3":64},
    {"p1":51,
     "p2":52,
     "p3":66},
    {"p1":51,
     "p2":66,
     "p3":67},
    {"p1":40,
     "p2":41,
     "p3":69},
    {"p1":40,
     "p2":69,
     "p3":70},
    {"p1":42,
     "p2":68,
     "p3":69},
    {"p1":41,
     "p2":42,
     "p3":69},
    {"p1":35,
     "p2":78,
     "p3":79},
    {"p1":35,
     "p2":36,
     "p3":76},
    {"p1":35,
     "p2":76,
     "p3":78},
    {"p1":35,
     "p2":81,
     "p3":87},
    {"p1":87,
     "p2":97,
     "p3":98},
    {"p1":87,
     "p2":88,
     "p3":97},
    {"p1":89,
     "p2":96,
     "p3":97},
    {"p1":88,
     "p2":89,
     "p3":97},
    {"p1":27,
     "p2":28,
     "p3":29},
    {"p1":26,
     "p2":27,
     "p3":29},
    {"p1":24,
     "p2":29,
     "p3":30},
    {"p1":24,
     "p2":26,
     "p3":29},
    {"p1":1,
     "p2":21,
     "p3":22},
    {"p1":0,
     "p2":24,
     "p3":101},
    {"p1":0,
     "p2":23,
     "p3":24},
    {"p1":0,
     "p2":1,
     "p3":23},
    {"p1":2,
     "p2":20,
     "p3":21},
    {"p1":1,
     "p2":2,
     "p3":21},
    {"p1":49,
     "p2":50,
     "p3":67},
    {"p1":50,
     "p2":51,
     "p3":67},
    {"p1":32,
     "p2":33,
     "p3":99},
    {"p1":33,
     "p2":98,
     "p3":99},
    {"p1":34,
     "p2":87,
     "p3":98},
    {"p1":34,
     "p2":35,
     "p3":87},
    {"p1":33,
     "p2":34,
     "p3":98},
    {"p1":85,
     "p2":86,
     "p3":87},
    {"p1":81,
     "p2":85,
     "p3":87},
    {"p1":35,
     "p2":79,
     "p3":80},
    {"p1":35,
     "p2":80,
     "p3":81},
    {"p1":82,
     "p2":83,
     "p3":84},
    {"p1":81,
     "p2":82,
     "p3":84},
    {"p1":81,
     "p2":84,
     "p3":85},
    {"p1":30,
     "p2":100,
     "p3":101},
    {"p1":2,
     "p2":19,
     "p3":20},
    {"p1":30,
     "p2":31,
     "p3":100},
    {"p1":31,
     "p2":32,
     "p3":99},
    {"p1":31,
     "p2":99,
     "p3":100},
    {"p1":0,
     "p2":101,
     "p3":102},
    {"p1":3,
     "p2":18,
     "p3":19},
    {"p1":2,
     "p2":3,
     "p3":19},
    {"p1":3,
     "p2":5,
     "p3":18},
    {"p1":3,
     "p2":4,
     "p3":5},
    {"p1":0,
     "p2":102,
     "p3":104},
    {"p1":102,
     "p2":103,
     "p3":104}]
}