{"points":[
    {"x":0.18475,
     "y":0.3651},
    {"x":0.15836,
     "y":0.38856},
    {"x":0.1305,
     "y":0.40176},
    {"x":0.10411,
     "y":0.40909},
    {"x":0.089443,
     "y":0.43695},
    {"x":0.061584,
     "y":0.45748},
    {"x":0.033724,
     "y":0.46921},
    {"x":0.0058651,
     "y":0.47361},
    {"x":0,
     "y":0.4912},
    {"x":0.024927,
     "y":0.50733},
    {"x":0.05132,
     "y":0.51906},
    {"x":0.080645,
     "y":0.52493},
    {"x":0.11144,
     "y":0.53372},
    {"x":0.14223,
     "y":0.53372},
    {"x":0.17302,
     "y":0.53226},
    {"x":0.20235,
     "y":0.52933},
    {"x":0.23314,
     "y":0.52639},
    {"x":0.25513,
     "y":0.52933},
    {"x":0.26686,
     "y":0.52346},
    {"x":0.28299,
     "y":0.5044},
    {"x":0.30499,
     "y":0.47801},
    {"x":0.32111,
     "y":0.45308},
    {"x":0.33724,
     "y":0.42669},
    {"x":0.35484,
     "y":0.39736},
    {"x":0.37097,
     "y":0.3739},
    {"x":0.38123,
     "y":0.38416},
    {"x":0.38563,
     "y":0.41349},
    {"x":0.39736,
     "y":0.44428},
    {"x":0.41202,
     "y":0.47361},
    {"x":0.43402,
     "y":0.48827},
    {"x":0.45455,
     "y":0.46334},
    {"x":0.46334,
     "y":0.43548},
    {"x":0.46334,
     "y":0.40469},
    {"x":0.45161,
     "y":0.37683},
    {"x":0.46481,
     "y":0.38416},
    {"x":0.48974,
     "y":0.39883},
    {"x":0.51906,
     "y":0.40909},
    {"x":0.54985,
     "y":0.41349},
    {"x":0.57331,
     "y":0.39589},
    {"x":0.55572,
     "y":0.36804},
    {"x":0.53666,
     "y":0.34311},
    {"x":0.5132,
     "y":0.31672},
    {"x":0.51906,
     "y":0.30352},
    {"x":0.54839,
     "y":0.31525},
    {"x":0.57625,
     "y":0.32845},
    {"x":0.60117,
     "y":0.34018},
    {"x":0.62757,
     "y":0.35777},
    {"x":0.65103,
     "y":0.3827},
    {"x":0.67595,
     "y":0.40323},
    {"x":0.70235,
     "y":0.40762},
    {"x":0.71701,
     "y":0.42669},
    {"x":0.71261,
     "y":0.40616},
    {"x":0.74194,
     "y":0.40323},
    {"x":0.77273,
     "y":0.40029},
    {"x":0.80352,
     "y":0.39736},
    {"x":0.83284,
     "y":0.39443},
    {"x":0.86364,
     "y":0.39003},
    {"x":0.89296,
     "y":0.37683},
    {"x":0.92082,
     "y":0.35924},
    {"x":0.94868,
     "y":0.34311},
    {"x":0.97801,
     "y":0.32551},
    {"x":1,
     "y":0.30205},
    {"x":0.98094,
     "y":0.29619},
    {"x":0.95308,
     "y":0.29326},
    {"x":0.92522,
     "y":0.28446},
    {"x":0.89883,
     "y":0.2654},
    {"x":0.88563,
     "y":0.24047},
    {"x":0.86217,
     "y":0.23754},
    {"x":0.83138,
     "y":0.23314},
    {"x":0.80352,
     "y":0.22141},
    {"x":0.77713,
     "y":0.20528},
    {"x":0.75513,
     "y":0.18475},
    {"x":0.73314,
     "y":0.16569},
    {"x":0.70235,
     "y":0.16862},
    {"x":0.67449,
     "y":0.16276},
    {"x":0.64663,
     "y":0.15396},
    {"x":0.6173,
     "y":0.14223},
    {"x":0.59091,
     "y":0.1217},
    {"x":0.59677,
     "y":0.10117},
    {"x":0.58651,
     "y":0.077713},
    {"x":0.56305,
     "y":0.095308},
    {"x":0.54252,
     "y":0.07478},
    {"x":0.52346,
     "y":0.05132},
    {"x":0.49853,
     "y":0.032258},
    {"x":0.47947,
     "y":0.0073314},
    {"x":0.46628,
     "y":0},
    {"x":0.46774,
     "y":0.030792},
    {"x":0.45748,
     "y":0.057185},
    {"x":0.43988,
     "y":0.080645},
    {"x":0.42375,
     "y":0.10557},
    {"x":0.40323,
     "y":0.13343},
    {"x":0.3783,
     "y":0.1173},
    {"x":0.3651,
     "y":0.14516},
    {"x":0.37977,
     "y":0.15982},
    {"x":0.36804,
     "y":0.18768},
    {"x":0.35337,
     "y":0.21701},
    {"x":0.33724,
     "y":0.2434},
    {"x":0.31232,
     "y":0.26686},
    {"x":0.28446,
     "y":0.27859},
    {"x":0.25367,
     "y":0.28006},
    {"x":0.22581,
     "y":0.26979},
    {"x":0.21848,
     "y":0.29179},
    {"x":0.21114,
     "y":0.31818},
    {"x":0.19941,
     "y":0.34751},
    {"x":0.18475,
     "y":0.3651}],
 "triangles":[
    {"p1":7,
     "p2":8,
     "p3":9},
    {"p1":60,
     "p2":61,
     "p3":62},
    {"p1":6,
     "p2":7,
     "p3":9},
    {"p1":6,
     "p2":9,
     "p3":10},
    {"p1":5,
     "p2":6,
     "p3":10},
    {"p1":5,
     "p2":10,
     "p3":11},
    {"p1":4,
     "p2":11,
     "p3":12},
    {"p1":4,
     "p2":5,
     "p3":11},
    {"p1":90,
     "p2":91,
     "p3":92},
    {"p1":42,
     "p2":90,
     "p3":94},
    {"p1":24,
     "p2":96,
     "p3":97},
    {"p1":26,
     "p2":27,
     "p3":32},
    {"p1":71,
     "p2":72,
     "p3":73},
    {"p1":46,
     "p2":70,
     "p3":73},
    {"p1":70,
     "p2":71,
     "p3":73},
    {"p1":52,
     "p2":69,
     "p3":70},
    {"p1":52,
     "p2":53,
     "p3":69},
    {"p1":55,
     "p2":65,
     "p3":68},
    {"p1":1,
     "p2":14,
     "p3":15},
    {"p1":23,
     "p2":102,
     "p3":103},
    {"p1":21,
     "p2":22,
     "p3":103},
    {"p1":22,
     "p2":23,
     "p3":103},
    {"p1":90,
     "p2":93,
     "p3":94},
    {"p1":90,
     "p2":92,
     "p3":93},
    {"p1":84,
     "p2":85,
     "p3":86},
    {"p1":42,
     "p2":43,
     "p3":76},
    {"p1":43,
     "p2":75,
     "p3":76},
    {"p1":46,
     "p2":47,
     "p3":70},
    {"p1":47,
     "p2":52,
     "p3":70},
    {"p1":41,
     "p2":42,
     "p3":95},
    {"p1":41,
     "p2":95,
     "p3":96},
    {"p1":42,
     "p2":94,
     "p3":95},
    {"p1":24,
     "p2":25,
     "p3":33},
    {"p1":24,
     "p2":33,
     "p3":96},
    {"p1":33,
     "p2":41,
     "p3":96},
    {"p1":26,
     "p2":32,
     "p3":33},
    {"p1":25,
     "p2":26,
     "p3":33},
    {"p1":60,
     "p2":62,
     "p3":63},
    {"p1":59,
     "p2":60,
     "p3":63},
    {"p1":59,
     "p2":63,
     "p3":64},
    {"p1":65,
     "p2":66,
     "p3":67},
    {"p1":65,
     "p2":67,
     "p3":68},
    {"p1":54,
     "p2":55,
     "p3":68},
    {"p1":53,
     "p2":54,
     "p3":69},
    {"p1":54,
     "p2":68,
     "p3":69},
    {"p1":56,
     "p2":57,
     "p3":65},
    {"p1":55,
     "p2":56,
     "p3":65},
    {"p1":1,
     "p2":15,
     "p3":16},
    {"p1":1,
     "p2":16,
     "p3":19},
    {"p1":1,
     "p2":2,
     "p3":14},
    {"p1":2,
     "p2":3,
     "p3":4},
    {"p1":4,
     "p2":12,
     "p3":13},
    {"p1":2,
     "p2":4,
     "p3":13},
    {"p1":2,
     "p2":13,
     "p3":14},
    {"p1":0,
     "p2":1,
     "p3":19},
    {"p1":0,
     "p2":19,
     "p3":20},
    {"p1":0,
     "p2":21,
     "p3":103},
    {"p1":0,
     "p2":20,
     "p3":21},
    {"p1":23,
     "p2":98,
     "p3":102},
    {"p1":24,
     "p2":97,
     "p3":98},
    {"p1":23,
     "p2":24,
     "p3":98},
    {"p1":83,
     "p2":84,
     "p3":86},
    {"p1":82,
     "p2":83,
     "p3":87},
    {"p1":83,
     "p2":86,
     "p3":87},
    {"p1":78,
     "p2":79,
     "p3":80},
    {"p1":80,
     "p2":89,
     "p3":90},
    {"p1":45,
     "p2":74,
     "p3":75},
    {"p1":45,
     "p2":73,
     "p3":74},
    {"p1":45,
     "p2":46,
     "p3":73},
    {"p1":47,
     "p2":51,
     "p3":52},
    {"p1":28,
     "p2":29,
     "p3":30},
    {"p1":27,
     "p2":28,
     "p3":30},
    {"p1":27,
     "p2":31,
     "p3":32},
    {"p1":27,
     "p2":30,
     "p3":31},
    {"p1":33,
     "p2":34,
     "p3":41},
    {"p1":34,
     "p2":40,
     "p3":41},
    {"p1":34,
     "p2":35,
     "p3":40},
    {"p1":58,
     "p2":59,
     "p3":64},
    {"p1":57,
     "p2":58,
     "p3":65},
    {"p1":58,
     "p2":64,
     "p3":65},
    {"p1":99,
     "p2":101,
     "p3":102},
    {"p1":98,
     "p2":99,
     "p3":102},
    {"p1":99,
     "p2":100,
     "p3":101},
    {"p1":81,
     "p2":82,
     "p3":87},
    {"p1":81,
     "p2":87,
     "p3":88},
    {"p1":81,
     "p2":88,
     "p3":89},
    {"p1":80,
     "p2":81,
     "p3":89},
    {"p1":77,
     "p2":78,
     "p3":80},
    {"p1":42,
     "p2":76,
     "p3":77},
    {"p1":42,
     "p2":77,
     "p3":90},
    {"p1":77,
     "p2":80,
     "p3":90},
    {"p1":43,
     "p2":44,
     "p3":75},
    {"p1":44,
     "p2":45,
     "p3":75},
    {"p1":49,
     "p2":50,
     "p3":51},
    {"p1":47,
     "p2":48,
     "p3":49},
    {"p1":47,
     "p2":49,
     "p3":51},
    {"p1":37,
     "p2":38,
     "p3":39},
    {"p1":36,
     "p2":37,
     "p3":39},
    {"p1":35,
     "p2":36,
     "p3":40},
    {"p1":36,
     "p2":39,
     "p3":40},
    {"p1":16,
     "p2":18,
     "p3":19},
    {"p1":16,
     "p2":17,
     "p3":18}]
}