{"points":[
    {"x":0.12325,
     "y":0.37255},
    {"x":0.11204,
     "y":0.40336},
    {"x":0.10084,
     "y":0.43697},
    {"x":0.084034,
     "y":0.46218},
    {"x":0.058824,
     "y":0.4902},
    {"x":0.030812,
     "y":0.51261},
    {"x":0,
     "y":0.52381},
    {"x":0.0028011,
     "y":0.55742},
    {"x":0.019608,
     "y":0.58263},
    {"x":0.036415,
     "y":0.61064},
    {"x":0.047619,
     "y":0.64146},
    {"x":0.053221,
     "y":0.67227},
    {"x":0.053221,
     "y":0.70588},
    {"x":0.05042,
     "y":0.7395},
    {"x":0.044818,
     "y":0.77031},
    {"x":0.019608,
     "y":0.79832},
    {"x":0.036415,
     "y":0.82633},
    {"x":0.042017,
     "y":0.85994},
    {"x":0.047619,
     "y":0.89076},
    {"x":0.053221,
     "y":0.92437},
    {"x":0.047619,
     "y":0.95518},
    {"x":0.033613,
     "y":0.98599},
    {"x":0.058824,
     "y":1},
    {"x":0.089636,
     "y":0.9888},
    {"x":0.12045,
     "y":0.97199},
    {"x":0.15126,
     "y":0.94678},
    {"x":0.17927,
     "y":0.92157},
    {"x":0.19328,
     "y":0.89636},
    {"x":0.21008,
     "y":0.87115},
    {"x":0.22969,
     "y":0.84314},
    {"x":0.2493,
     "y":0.81232},
    {"x":0.26891,
     "y":0.78151},
    {"x":0.29132,
     "y":0.7479},
    {"x":0.31092,
     "y":0.71429},
    {"x":0.33333,
     "y":0.71989},
    {"x":0.33613,
     "y":0.69468},
    {"x":0.33333,
     "y":0.66667},
    {"x":0.34174,
     "y":0.63305},
    {"x":0.34734,
     "y":0.60504},
    {"x":0.35294,
     "y":0.57423},
    {"x":0.36134,
     "y":0.54062},
    {"x":0.37535,
     "y":0.5098},
    {"x":0.38655,
     "y":0.47619},
    {"x":0.39776,
     "y":0.44258},
    {"x":0.41457,
     "y":0.41457},
    {"x":0.42857,
     "y":0.38375},
    {"x":0.44538,
     "y":0.35854},
    {"x":0.47339,
     "y":0.34174},
    {"x":0.5042,
     "y":0.33894},
    {"x":0.53221,
     "y":0.35574},
    {"x":0.56583,
     "y":0.36415},
    {"x":0.59664,
     "y":0.36415},
    {"x":0.61625,
     "y":0.35574},
    {"x":0.61345,
     "y":0.32493},
    {"x":0.59384,
     "y":0.29972},
    {"x":0.59104,
     "y":0.27731},
    {"x":0.62465,
     "y":0.27731},
    {"x":0.65826,
     "y":0.28011},
    {"x":0.68908,
     "y":0.28011},
    {"x":0.72269,
     "y":0.28291},
    {"x":0.7535,
     "y":0.28011},
    {"x":0.78711,
     "y":0.28291},
    {"x":0.80392,
     "y":0.26891},
    {"x":0.81232,
     "y":0.2381},
    {"x":0.84034,
     "y":0.21289},
    {"x":0.86555,
     "y":0.18207},
    {"x":0.88796,
     "y":0.15686},
    {"x":0.91036,
     "y":0.13165},
    {"x":0.92437,
     "y":0.10084},
    {"x":0.93277,
     "y":0.067227},
    {"x":0.92717,
     "y":0.033613},
    {"x":0.91877,
     "y":0},
    {"x":0.89636,
     "y":0.0028011},
    {"x":0.86555,
     "y":0.016807},
    {"x":0.83193,
     "y":0.016807},
    {"x":0.80392,
     "y":0.0028011},
    {"x":0.77871,
     "y":0.016807},
    {"x":0.7563,
     "y":0.039216},
    {"x":0.72549,
     "y":0.058824},
    {"x":0.69468,
     "y":0.067227},
    {"x":0.66106,
     "y":0.07563},
    {"x":0.63025,
     "y":0.07563},
    {"x":0.59664,
     "y":0.072829},
    {"x":0.56583,
     "y":0.061625},
    {"x":0.53221,
     "y":0.056022},
    {"x":0.51261,
     "y":0.084034},
    {"x":0.48739,
     "y":0.10924},
    {"x":0.45378,
     "y":0.12605},
    {"x":0.42297,
     "y":0.13445},
    {"x":0.39216,
     "y":0.14006},
    {"x":0.35854,
     "y":0.14286},
    {"x":0.32773,
     "y":0.14286},
    {"x":0.29412,
     "y":0.14006},
    {"x":0.2605,
     "y":0.13725},
    {"x":0.2437,
     "y":0.10924},
    {"x":0.23529,
     "y":0.13165},
    {"x":0.20448,
     "y":0.15686},
    {"x":0.17367,
     "y":0.16527},
    {"x":0.14286,
     "y":0.17367},
    {"x":0.13725,
     "y":0.19888},
    {"x":0.14566,
     "y":0.23249},
    {"x":0.13445,
     "y":0.26331},
    {"x":0.10644,
     "y":0.27171},
    {"x":0.11485,
     "y":0.29412},
    {"x":0.14006,
     "y":0.30252},
    {"x":0.13725,
     "y":0.33613},
    {"x":0.12605,
     "y":0.36975},
    {"x":0.12325,
     "y":0.37255}],
 "triangles":[
    {"p1":20,
     "p2":21,
     "p3":22},
    {"p1":4,
     "p2":8,
     "p3":9},
    {"p1":4,
     "p2":9,
     "p3":10},
    {"p1":63,
     "p2":64,
     "p3":78},
    {"p1":67,
     "p2":68,
     "p3":73},
    {"p1":67,
     "p2":73,
     "p3":74},
    {"p1":68,
     "p2":69,
     "p3":73},
    {"p1":69,
     "p2":70,
     "p3":73},
    {"p1":10,
     "p2":11,
     "p3":33},
    {"p1":33,
     "p2":34,
     "p3":35},
    {"p1":13,
     "p2":14,
     "p3":29},
    {"p1":13,
     "p2":29,
     "p3":30},
    {"p1":18,
     "p2":25,
     "p3":26},
    {"p1":5,
     "p2":6,
     "p3":7},
    {"p1":5,
     "p2":7,
     "p3":8},
    {"p1":4,
     "p2":5,
     "p3":8},
    {"p1":70,
     "p2":71,
     "p3":72},
    {"p1":70,
     "p2":72,
     "p3":73},
    {"p1":66,
     "p2":67,
     "p3":74},
    {"p1":66,
     "p2":74,
     "p3":77},
    {"p1":64,
     "p2":65,
     "p3":78},
    {"p1":65,
     "p2":77,
     "p3":78},
    {"p1":65,
     "p2":66,
     "p3":77},
    {"p1":33,
     "p2":35,
     "p3":36},
    {"p1":10,
     "p2":36,
     "p3":37},
    {"p1":10,
     "p2":33,
     "p3":36},
    {"p1":11,
     "p2":12,
     "p3":32},
    {"p1":11,
     "p2":32,
     "p3":33},
    {"p1":14,
     "p2":28,
     "p3":29},
    {"p1":18,
     "p2":19,
     "p3":25},
    {"p1":20,
     "p2":22,
     "p3":23},
    {"p1":100,
     "p2":101,
     "p3":104},
    {"p1":93,
     "p2":95,
     "p3":96},
    {"p1":93,
     "p2":94,
     "p3":95},
    {"p1":63,
     "p2":78,
     "p3":79},
    {"p1":12,
     "p2":31,
     "p3":32},
    {"p1":12,
     "p2":13,
     "p3":31},
    {"p1":13,
     "p2":30,
     "p3":31},
    {"p1":51,
     "p2":52,
     "p3":53},
    {"p1":17,
     "p2":27,
     "p3":28},
    {"p1":18,
     "p2":26,
     "p3":27},
    {"p1":17,
     "p2":18,
     "p3":27},
    {"p1":14,
     "p2":16,
     "p3":28},
    {"p1":16,
     "p2":17,
     "p3":28},
    {"p1":14,
     "p2":15,
     "p3":16},
    {"p1":19,
     "p2":24,
     "p3":25},
    {"p1":19,
     "p2":20,
     "p3":24},
    {"p1":20,
     "p2":23,
     "p3":24},
    {"p1":96,
     "p2":97,
     "p3":100},
    {"p1":97,
     "p2":99,
     "p3":100},
    {"p1":97,
     "p2":98,
     "p3":99},
    {"p1":101,
     "p2":103,
     "p3":104},
    {"p1":101,
     "p2":102,
     "p3":103},
    {"p1":47,
     "p2":88,
     "p3":89},
    {"p1":46,
     "p2":47,
     "p3":89},
    {"p1":46,
     "p2":89,
     "p3":90},
    {"p1":50,
     "p2":51,
     "p3":53},
    {"p1":45,
     "p2":104,
     "p3":105},
    {"p1":46,
     "p2":90,
     "p3":91},
    {"p1":45,
     "p2":46,
     "p3":91},
    {"p1":74,
     "p2":76,
     "p3":77},
    {"p1":10,
     "p2":37,
     "p3":38},
    {"p1":1,
     "p2":42,
     "p3":106},
    {"p1":1,
     "p2":41,
     "p3":42},
    {"p1":1,
     "p2":2,
     "p3":41},
    {"p1":48,
     "p2":55,
     "p3":87},
    {"p1":55,
     "p2":86,
     "p3":87},
    {"p1":47,
     "p2":87,
     "p3":88},
    {"p1":47,
     "p2":48,
     "p3":87},
    {"p1":59,
     "p2":63,
     "p3":79},
    {"p1":58,
     "p2":59,
     "p3":79},
    {"p1":58,
     "p2":79,
     "p3":80},
    {"p1":55,
     "p2":56,
     "p3":81},
    {"p1":56,
     "p2":80,
     "p3":81},
    {"p1":57,
     "p2":58,
     "p3":80},
    {"p1":56,
     "p2":57,
     "p3":80},
    {"p1":44,
     "p2":45,
     "p3":105},
    {"p1":50,
     "p2":53,
     "p3":54},
    {"p1":48,
     "p2":54,
     "p3":55},
    {"p1":92,
     "p2":100,
     "p3":104},
    {"p1":45,
     "p2":92,
     "p3":104},
    {"p1":45,
     "p2":91,
     "p3":92},
    {"p1":92,
     "p2":96,
     "p3":100},
    {"p1":92,
     "p2":93,
     "p3":96},
    {"p1":83,
     "p2":84,
     "p3":85},
    {"p1":74,
     "p2":75,
     "p3":76},
    {"p1":0,
     "p2":1,
     "p3":106},
    {"p1":2,
     "p2":3,
     "p3":39},
    {"p1":3,
     "p2":38,
     "p3":39},
    {"p1":3,
     "p2":4,
     "p3":10},
    {"p1":3,
     "p2":10,
     "p3":38},
    {"p1":59,
     "p2":60,
     "p3":63},
    {"p1":60,
     "p2":61,
     "p3":62},
    {"p1":60,
     "p2":62,
     "p3":63},
    {"p1":48,
     "p2":49,
     "p3":54},
    {"p1":49,
     "p2":50,
     "p3":54},
    {"p1":43,
     "p2":44,
     "p3":105},
    {"p1":42,
     "p2":43,
     "p3":106},
    {"p1":43,
     "p2":105,
     "p3":106},
    {"p1":82,
     "p2":83,
     "p3":85},
    {"p1":55,
     "p2":81,
     "p3":82},
    {"p1":55,
     "p2":82,
     "p3":86},
    {"p1":82,
     "p2":85,
     "p3":86},
    {"p1":2,
     "p2":40,
     "p3":41},
    {"p1":2,
     "p2":39,
     "p3":40}]
}