{"points":[
    {"x":0.38704,
     "y":0.3289},
    {"x":0.40365,
     "y":0.35216},
    {"x":0.43355,
     "y":0.34884},
    {"x":0.46346,
     "y":0.33721},
    {"x":0.47508,
     "y":0.31395},
    {"x":0.48007,
     "y":0.33389},
    {"x":0.5,
     "y":0.36379},
    {"x":0.52658,
     "y":0.39203},
    {"x":0.55648,
     "y":0.40033},
    {"x":0.56811,
     "y":0.37209},
    {"x":0.57143,
     "y":0.34219},
    {"x":0.57143,
     "y":0.31229},
    {"x":0.58472,
     "y":0.30399},
    {"x":0.60133,
     "y":0.33389},
    {"x":0.61628,
     "y":0.36379},
    {"x":0.62957,
     "y":0.39369},
    {"x":0.63787,
     "y":0.42359},
    {"x":0.64286,
     "y":0.45349},
    {"x":0.6412,
     "y":0.48339},
    {"x":0.65449,
     "y":0.50831},
    {"x":0.6794,
     "y":0.52824},
    {"x":0.70432,
     "y":0.5515},
    {"x":0.73256,
     "y":0.57309},
    {"x":0.7608,
     "y":0.59302},
    {"x":0.7907,
     "y":0.6113},
    {"x":0.8206,
     "y":0.63123},
    {"x":0.8505,
     "y":0.63953},
    {"x":0.8804,
     "y":0.64452},
    {"x":0.9103,
     "y":0.6495},
    {"x":0.9402,
     "y":0.65449},
    {"x":0.9701,
     "y":0.65947},
    {"x":1,
     "y":0.65615},
    {"x":0.99834,
     "y":0.63953},
    {"x":0.97508,
     "y":0.62126},
    {"x":0.95681,
     "y":0.59468},
    {"x":0.94684,
     "y":0.56478},
    {"x":0.94186,
     "y":0.53488},
    {"x":0.94186,
     "y":0.50498},
    {"x":0.91694,
     "y":0.48173},
    {"x":0.90033,
     "y":0.45515},
    {"x":0.88538,
     "y":0.42525},
    {"x":0.87708,
     "y":0.39535},
    {"x":0.87542,
     "y":0.36545},
    {"x":0.86877,
     "y":0.34219},
    {"x":0.83887,
     "y":0.31728},
    {"x":0.81894,
     "y":0.29236},
    {"x":0.80399,
     "y":0.26578},
    {"x":0.78904,
     "y":0.23588},
    {"x":0.78073,
     "y":0.20598},
    {"x":0.77575,
     "y":0.17608},
    {"x":0.7691,
     "y":0.14784},
    {"x":0.77409,
     "y":0.11794},
    {"x":0.77409,
     "y":0.089701},
    {"x":0.76578,
     "y":0.059801},
    {"x":0.76578,
     "y":0.0299},
    {"x":0.77076,
     "y":0},
    {"x":0.75249,
     "y":0.018272},
    {"x":0.72591,
     "y":0.039867},
    {"x":0.69601,
     "y":0.051495},
    {"x":0.66777,
     "y":0.051495},
    {"x":0.63953,
     "y":0.068106},
    {"x":0.60963,
     "y":0.074751},
    {"x":0.57973,
     "y":0.078073},
    {"x":0.54983,
     "y":0.089701},
    {"x":0.52159,
     "y":0.10465},
    {"x":0.49169,
     "y":0.11462},
    {"x":0.46179,
     "y":0.12292},
    {"x":0.43189,
     "y":0.12292},
    {"x":0.40698,
     "y":0.11628},
    {"x":0.3804,
     "y":0.098007},
    {"x":0.35714,
     "y":0.07309},
    {"x":0.34551,
     "y":0.061462},
    {"x":0.32226,
     "y":0.084718},
    {"x":0.29402,
     "y":0.10299},
    {"x":0.26412,
     "y":0.11462},
    {"x":0.23422,
     "y":0.11794},
    {"x":0.20432,
     "y":0.11462},
    {"x":0.17442,
     "y":0.10631},
    {"x":0.1495,
     "y":0.094684},
    {"x":0.1196,
     "y":0.10797},
    {"x":0.089701,
     "y":0.10963},
    {"x":0.059801,
     "y":0.10299},
    {"x":0.031561,
     "y":0.089701},
    {"x":0.0049834,
     "y":0.074751},
    {"x":0,
     "y":0.096346},
    {"x":0.011628,
     "y":0.12625},
    {"x":0.026578,
     "y":0.15615},
    {"x":0.048173,
     "y":0.18605},
    {"x":0.068106,
     "y":0.21262},
    {"x":0.094684,
     "y":0.23256},
    {"x":0.12458,
     "y":0.25748},
    {"x":0.15449,
     "y":0.27741},
    {"x":0.18439,
     "y":0.29402},
    {"x":0.21262,
     "y":0.30233},
    {"x":0.24252,
     "y":0.30897},
    {"x":0.27243,
     "y":0.30066},
    {"x":0.30233,
     "y":0.2907},
    {"x":0.33223,
     "y":0.28239},
    {"x":0.36213,
     "y":0.27243},
    {"x":0.39203,
     "y":0.26412},
    {"x":0.41528,
     "y":0.26246},
    {"x":0.39701,
     "y":0.2907},
    {"x":0.38704,
     "y":0.3206},
    {"x":0.38704,
     "y":0.3289}],
 "triangles":[
    {"p1":30,
     "p2":31,
     "p3":32},
    {"p1":20,
     "p2":40,
     "p3":41},
    {"p1":77,
     "p2":89,
     "p3":90},
    {"p1":29,
     "p2":30,
     "p3":33},
    {"p1":30,
     "p2":32,
     "p3":33},
    {"p1":16,
     "p2":41,
     "p3":44},
    {"p1":93,
     "p2":94,
     "p3":95},
    {"p1":14,
     "p2":45,
     "p3":46},
    {"p1":80,
     "p2":87,
     "p3":88},
    {"p1":80,
     "p2":86,
     "p3":87},
    {"p1":81,
     "p2":85,
     "p3":86},
    {"p1":80,
     "p2":81,
     "p3":86},
    {"p1":77,
     "p2":79,
     "p3":89},
    {"p1":77,
     "p2":78,
     "p3":79},
    {"p1":79,
     "p2":80,
     "p3":88},
    {"p1":79,
     "p2":88,
     "p3":89},
    {"p1":22,
     "p2":23,
     "p3":39},
    {"p1":22,
     "p2":39,
     "p3":40},
    {"p1":23,
     "p2":24,
     "p3":39},
    {"p1":24,
     "p2":38,
     "p3":39},
    {"p1":24,
     "p2":25,
     "p3":36},
    {"p1":24,
     "p2":36,
     "p3":38},
    {"p1":36,
     "p2":37,
     "p3":38},
    {"p1":27,
     "p2":34,
     "p3":35},
    {"p1":29,
     "p2":33,
     "p3":34},
    {"p1":26,
     "p2":27,
     "p3":35},
    {"p1":25,
     "p2":26,
     "p3":36},
    {"p1":26,
     "p2":35,
     "p3":36},
    {"p1":42,
     "p2":43,
     "p3":44},
    {"p1":41,
     "p2":42,
     "p3":44},
    {"p1":2,
     "p2":101,
     "p3":102},
    {"p1":20,
     "p2":21,
     "p3":40},
    {"p1":21,
     "p2":22,
     "p3":40},
    {"p1":14,
     "p2":15,
     "p3":45},
    {"p1":15,
     "p2":16,
     "p3":44},
    {"p1":15,
     "p2":44,
     "p3":45},
    {"p1":16,
     "p2":17,
     "p3":41},
    {"p1":17,
     "p2":20,
     "p3":41},
    {"p1":17,
     "p2":19,
     "p3":20},
    {"p1":17,
     "p2":18,
     "p3":19},
    {"p1":12,
     "p2":62,
     "p3":63},
    {"p1":50,
     "p2":51,
     "p3":58},
    {"p1":82,
     "p2":84,
     "p3":85},
    {"p1":81,
     "p2":82,
     "p3":85},
    {"p1":82,
     "p2":83,
     "p3":84},
    {"p1":28,
     "p2":29,
     "p3":34},
    {"p1":27,
     "p2":28,
     "p3":34},
    {"p1":12,
     "p2":63,
     "p3":64},
    {"p1":12,
     "p2":64,
     "p3":65},
    {"p1":68,
     "p2":69,
     "p3":98},
    {"p1":67,
     "p2":68,
     "p3":100},
    {"p1":73,
     "p2":97,
     "p3":98},
    {"p1":69,
     "p2":73,
     "p3":98},
    {"p1":66,
     "p2":67,
     "p3":100},
    {"p1":65,
     "p2":66,
     "p3":100},
    {"p1":4,
     "p2":12,
     "p3":65},
    {"p1":4,
     "p2":65,
     "p3":100},
    {"p1":4,
     "p2":100,
     "p3":101},
    {"p1":2,
     "p2":4,
     "p3":101},
    {"p1":2,
     "p2":3,
     "p3":4},
    {"p1":0,
     "p2":1,
     "p3":2},
    {"p1":0,
     "p2":2,
     "p3":102},
    {"p1":6,
     "p2":7,
     "p3":9},
    {"p1":6,
     "p2":9,
     "p3":10},
    {"p1":12,
     "p2":13,
     "p3":47},
    {"p1":13,
     "p2":46,
     "p3":47},
    {"p1":13,
     "p2":14,
     "p3":46},
    {"p1":5,
     "p2":6,
     "p3":11},
    {"p1":6,
     "p2":10,
     "p3":11},
    {"p1":4,
     "p2":5,
     "p3":11},
    {"p1":4,
     "p2":11,
     "p3":12},
    {"p1":51,
     "p2":52,
     "p3":58},
    {"p1":52,
     "p2":57,
     "p3":58},
    {"p1":52,
     "p2":53,
     "p3":57},
    {"p1":12,
     "p2":47,
     "p3":48},
    {"p1":12,
     "p2":48,
     "p3":49},
    {"p1":58,
     "p2":59,
     "p3":60},
    {"p1":50,
     "p2":58,
     "p3":60},
    {"p1":49,
     "p2":50,
     "p3":60},
    {"p1":68,
     "p2":98,
     "p3":99},
    {"p1":68,
     "p2":99,
     "p3":100},
    {"p1":69,
     "p2":72,
     "p3":73},
    {"p1":75,
     "p2":95,
     "p3":96},
    {"p1":75,
     "p2":93,
     "p3":95},
    {"p1":75,
     "p2":92,
     "p3":93},
    {"p1":75,
     "p2":91,
     "p3":92},
    {"p1":7,
     "p2":8,
     "p3":9},
    {"p1":53,
     "p2":54,
     "p3":57},
    {"p1":54,
     "p2":55,
     "p3":56},
    {"p1":54,
     "p2":56,
     "p3":57},
    {"p1":12,
     "p2":61,
     "p3":62},
    {"p1":12,
     "p2":49,
     "p3":61},
    {"p1":49,
     "p2":60,
     "p3":61},
    {"p1":70,
     "p2":71,
     "p3":72},
    {"p1":69,
     "p2":70,
     "p3":72},
    {"p1":74,
     "p2":75,
     "p3":96},
    {"p1":74,
     "p2":96,
     "p3":97},
    {"p1":73,
     "p2":74,
     "p3":97},
    {"p1":75,
     "p2":76,
     "p3":91},
    {"p1":76,
     "p2":77,
     "p3":90},
    {"p1":76,
     "p2":90,
     "p3":91}]
}