{"points":[
    {"x":0,
     "y":0.34086},
    {"x":0.029345,
     "y":0.34537},
    {"x":0.058691,
     "y":0.37246},
    {"x":0.076749,
     "y":0.40858},
    {"x":0.083521,
     "y":0.44018},
    {"x":0.081264,
     "y":0.47178},
    {"x":0.069977,
     "y":0.5079},
    {"x":0.058691,
     "y":0.54176},
    {"x":0.040632,
     "y":0.56659},
    {"x":0.024831,
     "y":0.59142},
    {"x":0.036117,
     "y":0.62754},
    {"x":0.054176,
     "y":0.6614},
    {"x":0.058691,
     "y":0.69752},
    {"x":0.056433,
     "y":0.73363},
    {"x":0.049661,
     "y":0.76975},
    {"x":0.029345,
     "y":0.80135},
    {"x":0.045147,
     "y":0.83521},
    {"x":0.056433,
     "y":0.86907},
    {"x":0.058691,
     "y":0.90519},
    {"x":0.049661,
     "y":0.93905},
    {"x":0.03386,
     "y":0.97291},
    {"x":0.024831,
     "y":1},
    {"x":0.060948,
     "y":0.99097},
    {"x":0.094808,
     "y":0.96614},
    {"x":0.12415,
     "y":0.93679},
    {"x":0.15124,
     "y":0.90971},
    {"x":0.17833,
     "y":0.88262},
    {"x":0.20316,
     "y":0.85327},
    {"x":0.22348,
     "y":0.82167},
    {"x":0.23928,
     "y":0.79007},
    {"x":0.25508,
     "y":0.76298},
    {"x":0.27088,
     "y":0.72912},
    {"x":0.28668,
     "y":0.693},
    {"x":0.30474,
     "y":0.69977},
    {"x":0.29797,
     "y":0.67043},
    {"x":0.30926,
     "y":0.63883},
    {"x":0.30248,
     "y":0.60271},
    {"x":0.29345,
     "y":0.56659},
    {"x":0.28442,
     "y":0.53047},
    {"x":0.27991,
     "y":0.49661},
    {"x":0.27765,
     "y":0.4605},
    {"x":0.27991,
     "y":0.42664},
    {"x":0.27991,
     "y":0.39278},
    {"x":0.29797,
     "y":0.36117},
    {"x":0.32957,
     "y":0.34086},
    {"x":0.36117,
     "y":0.35214},
    {"x":0.386,
     "y":0.32957},
    {"x":0.38826,
     "y":0.29797},
    {"x":0.42212,
     "y":0.28668},
    {"x":0.45372,
     "y":0.2754},
    {"x":0.48984,
     "y":0.27088},
    {"x":0.52596,
     "y":0.27088},
    {"x":0.56208,
     "y":0.26862},
    {"x":0.59594,
     "y":0.27314},
    {"x":0.6298,
     "y":0.27314},
    {"x":0.6614,
     "y":0.26862},
    {"x":0.69074,
     "y":0.26862},
    {"x":0.67494,
     "y":0.24605},
    {"x":0.70655,
     "y":0.23025},
    {"x":0.73815,
     "y":0.20993},
    {"x":0.77201,
     "y":0.1851},
    {"x":0.80135,
     "y":0.15576},
    {"x":0.82393,
     "y":0.12867},
    {"x":0.85102,
     "y":0.097065},
    {"x":0.87585,
     "y":0.06772},
    {"x":0.89842,
     "y":0.040632},
    {"x":0.91648,
     "y":0.006772},
    {"x":0.90293,
     "y":0},
    {"x":0.86907,
     "y":0.024831},
    {"x":0.83747,
     "y":0.047404},
    {"x":0.80135,
     "y":0.060948},
    {"x":0.76749,
     "y":0.072235},
    {"x":0.73138,
     "y":0.06772},
    {"x":0.70655,
     "y":0.063205},
    {"x":0.68172,
     "y":0.092551},
    {"x":0.6456,
     "y":0.11512},
    {"x":0.61174,
     "y":0.12641},
    {"x":0.57562,
     "y":0.13544},
    {"x":0.5395,
     "y":0.13318},
    {"x":0.50339,
     "y":0.13318},
    {"x":0.47404,
     "y":0.15124},
    {"x":0.4447,
     "y":0.17381},
    {"x":0.41309,
     "y":0.18736},
    {"x":0.38149,
     "y":0.1851},
    {"x":0.36343,
     "y":0.17833},
    {"x":0.32957,
     "y":0.18059},
    {"x":0.29345,
     "y":0.18059},
    {"x":0.25734,
     "y":0.1851},
    {"x":0.22122,
     "y":0.1851},
    {"x":0.20542,
     "y":0.16253},
    {"x":0.18962,
     "y":0.14221},
    {"x":0.17381,
     "y":0.17381},
    {"x":0.14673,
     "y":0.19187},
    {"x":0.11061,
     "y":0.19865},
    {"x":0.074492,
     "y":0.2009},
    {"x":0.040632,
     "y":0.19639},
    {"x":0.006772,
     "y":0.2009},
    {"x":0.015801,
     "y":0.23251},
    {"x":0.022573,
     "y":0.26411},
    {"x":0.029345,
     "y":0.30023},
    {"x":0.011287,
     "y":0.3228},
    {"x":0,
     "y":0.34086}],
 "triangles":[
    {"p1":65,
     "p2":66,
     "p3":67},
    {"p1":61,
     "p2":62,
     "p3":71},
    {"p1":7,
     "p2":10,
     "p3":11},
    {"p1":14,
     "p2":16,
     "p3":27},
    {"p1":14,
     "p2":27,
     "p3":28},
    {"p1":34,
     "p2":35,
     "p3":36},
    {"p1":60,
     "p2":61,
     "p3":71},
    {"p1":60,
     "p2":71,
     "p3":72},
    {"p1":17,
     "p2":25,
     "p3":26},
    {"p1":16,
     "p2":26,
     "p3":27},
    {"p1":16,
     "p2":17,
     "p3":26},
    {"p1":7,
     "p2":37,
     "p3":38},
    {"p1":11,
     "p2":36,
     "p3":37},
    {"p1":7,
     "p2":11,
     "p3":37},
    {"p1":0,
     "p2":1,
     "p3":100},
    {"p1":8,
     "p2":9,
     "p3":10},
    {"p1":7,
     "p2":8,
     "p3":10},
    {"p1":19,
     "p2":22,
     "p3":23},
    {"p1":14,
     "p2":15,
     "p3":16},
    {"p1":65,
     "p2":67,
     "p3":68},
    {"p1":13,
     "p2":14,
     "p3":28},
    {"p1":11,
     "p2":12,
     "p3":31},
    {"p1":63,
     "p2":64,
     "p3":69},
    {"p1":64,
     "p2":65,
     "p3":68},
    {"p1":64,
     "p2":68,
     "p3":69},
    {"p1":63,
     "p2":69,
     "p3":70},
    {"p1":62,
     "p2":70,
     "p3":71},
    {"p1":62,
     "p2":63,
     "p3":70},
    {"p1":43,
     "p2":44,
     "p3":87},
    {"p1":42,
     "p2":43,
     "p3":92},
    {"p1":17,
     "p2":18,
     "p3":25},
    {"p1":18,
     "p2":19,
     "p3":23},
    {"p1":20,
     "p2":21,
     "p3":22},
    {"p1":19,
     "p2":20,
     "p3":22},
    {"p1":12,
     "p2":13,
     "p3":30},
    {"p1":12,
     "p2":30,
     "p3":31},
    {"p1":32,
     "p2":33,
     "p3":34},
    {"p1":11,
     "p2":31,
     "p3":32},
    {"p1":11,
     "p2":32,
     "p3":36},
    {"p1":32,
     "p2":34,
     "p3":36},
    {"p1":55,
     "p2":56,
     "p3":57},
    {"p1":54,
     "p2":55,
     "p3":57},
    {"p1":54,
     "p2":57,
     "p3":76},
    {"p1":50,
     "p2":51,
     "p3":80},
    {"p1":2,
     "p2":42,
     "p3":92},
    {"p1":2,
     "p2":3,
     "p3":42},
    {"p1":43,
     "p2":88,
     "p3":92},
    {"p1":43,
     "p2":87,
     "p3":88},
    {"p1":18,
     "p2":23,
     "p3":24},
    {"p1":18,
     "p2":24,
     "p3":25},
    {"p1":13,
     "p2":28,
     "p3":29},
    {"p1":13,
     "p2":29,
     "p3":30},
    {"p1":58,
     "p2":59,
     "p3":75},
    {"p1":57,
     "p2":58,
     "p3":75},
    {"p1":57,
     "p2":75,
     "p3":76},
    {"p1":94,
     "p2":95,
     "p3":97},
    {"p1":95,
     "p2":96,
     "p3":97},
    {"p1":78,
     "p2":79,
     "p3":80},
    {"p1":51,
     "p2":78,
     "p3":80},
    {"p1":44,
     "p2":45,
     "p3":46},
    {"p1":44,
     "p2":46,
     "p3":47},
    {"p1":53,
     "p2":54,
     "p3":76},
    {"p1":6,
     "p2":7,
     "p3":38},
    {"p1":6,
     "p2":38,
     "p3":39},
    {"p1":5,
     "p2":6,
     "p3":39},
    {"p1":3,
     "p2":4,
     "p3":42},
    {"p1":94,
     "p2":97,
     "p3":98},
    {"p1":94,
     "p2":98,
     "p3":99},
    {"p1":1,
     "p2":2,
     "p3":99},
    {"p1":1,
     "p2":99,
     "p3":100},
    {"p1":59,
     "p2":60,
     "p3":74},
    {"p1":59,
     "p2":74,
     "p3":75},
    {"p1":60,
     "p2":72,
     "p3":74},
    {"p1":72,
     "p2":73,
     "p3":74},
    {"p1":51,
     "p2":52,
     "p3":78},
    {"p1":44,
     "p2":47,
     "p3":85},
    {"p1":5,
     "p2":39,
     "p3":40},
    {"p1":4,
     "p2":5,
     "p3":40},
    {"p1":2,
     "p2":92,
     "p3":93},
    {"p1":2,
     "p2":93,
     "p3":99},
    {"p1":93,
     "p2":94,
     "p3":99},
    {"p1":47,
     "p2":48,
     "p3":83},
    {"p1":47,
     "p2":83,
     "p3":85},
    {"p1":83,
     "p2":84,
     "p3":85},
    {"p1":53,
     "p2":76,
     "p3":77},
    {"p1":52,
     "p2":53,
     "p3":77},
    {"p1":52,
     "p2":77,
     "p3":78},
    {"p1":44,
     "p2":86,
     "p3":87},
    {"p1":44,
     "p2":85,
     "p3":86},
    {"p1":4,
     "p2":41,
     "p3":42},
    {"p1":4,
     "p2":40,
     "p3":41},
    {"p1":89,
     "p2":90,
     "p3":91},
    {"p1":88,
     "p2":91,
     "p3":92},
    {"p1":88,
     "p2":89,
     "p3":91},
    {"p1":50,
     "p2":80,
     "p3":81},
    {"p1":49,
     "p2":50,
     "p3":81},
    {"p1":49,
     "p2":81,
     "p3":82},
    {"p1":48,
     "p2":82,
     "p3":83},
    {"p1":48,
     "p2":49,
     "p3":82}]
}