{"points":[
    {"x":0.2596,
     "y":0.24731},
    {"x":0.23963,
     "y":0.26882},
    {"x":0.21352,
     "y":0.28571},
    {"x":0.1874,
     "y":0.28725},
    {"x":0.16897,
     "y":0.28879},
    {"x":0.1659,
     "y":0.3149},
    {"x":0.15975,
     "y":0.34101},
    {"x":0.14593,
     "y":0.36713},
    {"x":0.12596,
     "y":0.39017},
    {"x":0.099846,
     "y":0.4086},
    {"x":0.073733,
     "y":0.41628},
    {"x":0.061444,
     "y":0.43625},
    {"x":0.047619,
     "y":0.46237},
    {"x":0.026114,
     "y":0.48387},
    {"x":0,
     "y":0.48848},
    {"x":0.010753,
     "y":0.51152},
    {"x":0.03533,
     "y":0.52535},
    {"x":0.061444,
     "y":0.53303},
    {"x":0.087558,
     "y":0.53917},
    {"x":0.11367,
     "y":0.54378},
    {"x":0.13978,
     "y":0.54685},
    {"x":0.1659,
     "y":0.54685},
    {"x":0.19201,
     "y":0.54378},
    {"x":0.21813,
     "y":0.53917},
    {"x":0.24424,
     "y":0.52995},
    {"x":0.27035,
     "y":0.5192},
    {"x":0.29647,
     "y":0.50691},
    {"x":0.32258,
     "y":0.49462},
    {"x":0.34716,
     "y":0.47312},
    {"x":0.36406,
     "y":0.447},
    {"x":0.37788,
     "y":0.42089},
    {"x":0.38863,
     "y":0.39478},
    {"x":0.39939,
     "y":0.36866},
    {"x":0.41321,
     "y":0.34255},
    {"x":0.43318,
     "y":0.31951},
    {"x":0.45469,
     "y":0.33487},
    {"x":0.47619,
     "y":0.35023},
    {"x":0.49923,
     "y":0.36713},
    {"x":0.52227,
     "y":0.38249},
    {"x":0.54378,
     "y":0.39324},
    {"x":0.56989,
     "y":0.39631},
    {"x":0.59601,
     "y":0.39171},
    {"x":0.62058,
     "y":0.38249},
    {"x":0.64209,
     "y":0.36406},
    {"x":0.66667,
     "y":0.37634},
    {"x":0.69278,
     "y":0.39324},
    {"x":0.71889,
     "y":0.41321},
    {"x":0.74501,
     "y":0.42243},
    {"x":0.77112,
     "y":0.42704},
    {"x":0.79724,
     "y":0.43011},
    {"x":0.82335,
     "y":0.43164},
    {"x":0.84946,
     "y":0.43164},
    {"x":0.87558,
     "y":0.42857},
    {"x":0.90169,
     "y":0.42243},
    {"x":0.9278,
     "y":0.41167},
    {"x":0.95392,
     "y":0.39939},
    {"x":0.98003,
     "y":0.38249},
    {"x":1,
     "y":0.36098},
    {"x":0.99693,
     "y":0.34562},
    {"x":0.97081,
     "y":0.34255},
    {"x":0.94624,
     "y":0.32873},
    {"x":0.9278,
     "y":0.30722},
    {"x":0.90476,
     "y":0.30568},
    {"x":0.87865,
     "y":0.30415},
    {"x":0.85253,
     "y":0.29493},
    {"x":0.82642,
     "y":0.27957},
    {"x":0.80031,
     "y":0.2596},
    {"x":0.7788,
     "y":0.23656},
    {"x":0.76037,
     "y":0.21198},
    {"x":0.74501,
     "y":0.18587},
    {"x":0.72197,
     "y":0.18587},
    {"x":0.69585,
     "y":0.19816},
    {"x":0.66974,
     "y":0.2043},
    {"x":0.64363,
     "y":0.20584},
    {"x":0.61751,
     "y":0.20276},
    {"x":0.5914,
     "y":0.19508},
    {"x":0.56682,
     "y":0.18433},
    {"x":0.54071,
     "y":0.16743},
    {"x":0.51459,
     "y":0.14439},
    {"x":0.49462,
     "y":0.11982},
    {"x":0.50077,
     "y":0.095238},
    {"x":0.48848,
     "y":0.075269},
    {"x":0.47619,
     "y":0.09063},
    {"x":0.45776,
     "y":0.10753},
    {"x":0.43625,
     "y":0.089094},
    {"x":0.41014,
     "y":0.084485},
    {"x":0.38402,
     "y":0.072197},
    {"x":0.35791,
     "y":0.052227},
    {"x":0.34409,
     "y":0.026114},
    {"x":0.33487,
     "y":0},
    {"x":0.33026,
     "y":0.023041},
    {"x":0.32104,
     "y":0.049155},
    {"x":0.31183,
     "y":0.075269},
    {"x":0.298,
     "y":0.10138},
    {"x":0.27496,
     "y":0.10138},
    {"x":0.26267,
     "y":0.087558},
    {"x":0.24424,
     "y":0.10292},
    {"x":0.25499,
     "y":0.12596},
    {"x":0.27803,
     "y":0.1321},
    {"x":0.28418,
     "y":0.15822},
    {"x":0.28264,
     "y":0.18433},
    {"x":0.27803,
     "y":0.21045},
    {"x":0.26575,
     "y":0.23656},
    {"x":0.2596,
     "y":0.24731}],
 "triangles":[
    {"p1":52,
     "p2":53,
     "p3":63},
    {"p1":57,
     "p2":58,
     "p3":59},
    {"p1":56,
     "p2":57,
     "p3":59},
    {"p1":55,
     "p2":56,
     "p3":59},
    {"p1":54,
     "p2":55,
     "p3":60},
    {"p1":55,
     "p2":59,
     "p3":60},
    {"p1":7,
     "p2":24,
     "p3":25},
    {"p1":60,
     "p2":61,
     "p3":62},
    {"p1":54,
     "p2":60,
     "p3":62},
    {"p1":53,
     "p2":62,
     "p3":63},
    {"p1":53,
     "p2":54,
     "p3":62},
    {"p1":12,
     "p2":17,
     "p3":18},
    {"p1":9,
     "p2":19,
     "p3":20},
    {"p1":9,
     "p2":20,
     "p3":21},
    {"p1":87,
     "p2":88,
     "p3":91},
    {"p1":51,
     "p2":52,
     "p3":63},
    {"p1":7,
     "p2":25,
     "p3":26},
    {"p1":6,
     "p2":7,
     "p3":26},
    {"p1":26,
     "p2":27,
     "p3":28},
    {"p1":43,
     "p2":73,
     "p3":74},
    {"p1":43,
     "p2":74,
     "p3":75},
    {"p1":41,
     "p2":42,
     "p3":43},
    {"p1":44,
     "p2":45,
     "p3":66},
    {"p1":44,
     "p2":66,
     "p3":67},
    {"p1":47,
     "p2":65,
     "p3":66},
    {"p1":45,
     "p2":46,
     "p3":66},
    {"p1":46,
     "p2":47,
     "p3":66},
    {"p1":13,
     "p2":16,
     "p3":17},
    {"p1":12,
     "p2":13,
     "p3":17},
    {"p1":13,
     "p2":15,
     "p3":16},
    {"p1":13,
     "p2":14,
     "p3":15},
    {"p1":11,
     "p2":12,
     "p3":18},
    {"p1":11,
     "p2":18,
     "p3":19},
    {"p1":9,
     "p2":11,
     "p3":19},
    {"p1":9,
     "p2":10,
     "p3":11},
    {"p1":8,
     "p2":22,
     "p3":23},
    {"p1":7,
     "p2":8,
     "p3":24},
    {"p1":8,
     "p2":23,
     "p3":24},
    {"p1":8,
     "p2":9,
     "p3":21},
    {"p1":8,
     "p2":21,
     "p3":22},
    {"p1":88,
     "p2":89,
     "p3":90},
    {"p1":88,
     "p2":90,
     "p3":91},
    {"p1":87,
     "p2":91,
     "p3":92},
    {"p1":35,
     "p2":76,
     "p3":77},
    {"p1":34,
     "p2":35,
     "p3":77},
    {"p1":34,
     "p2":101,
     "p3":102},
    {"p1":26,
     "p2":28,
     "p3":29},
    {"p1":6,
     "p2":26,
     "p3":29},
    {"p1":3,
     "p2":4,
     "p3":5},
    {"p1":68,
     "p2":69,
     "p3":70},
    {"p1":43,
     "p2":72,
     "p3":73},
    {"p1":44,
     "p2":67,
     "p3":72},
    {"p1":43,
     "p2":44,
     "p3":72},
    {"p1":51,
     "p2":63,
     "p3":64},
    {"p1":50,
     "p2":51,
     "p3":64},
    {"p1":49,
     "p2":50,
     "p3":64},
    {"p1":49,
     "p2":64,
     "p3":65},
    {"p1":48,
     "p2":49,
     "p3":65},
    {"p1":47,
     "p2":48,
     "p3":65},
    {"p1":83,
     "p2":84,
     "p3":85},
    {"p1":34,
     "p2":77,
     "p3":78},
    {"p1":78,
     "p2":79,
     "p3":83},
    {"p1":34,
     "p2":78,
     "p3":83},
    {"p1":0,
     "p2":1,
     "p3":32},
    {"p1":1,
     "p2":31,
     "p3":32},
    {"p1":86,
     "p2":92,
     "p3":93},
    {"p1":86,
     "p2":87,
     "p3":92},
    {"p1":93,
     "p2":98,
     "p3":99},
    {"p1":86,
     "p2":93,
     "p3":99},
    {"p1":85,
     "p2":86,
     "p3":99},
    {"p1":93,
     "p2":94,
     "p3":98},
    {"p1":94,
     "p2":97,
     "p3":98},
    {"p1":94,
     "p2":96,
     "p3":97},
    {"p1":94,
     "p2":95,
     "p3":96},
    {"p1":38,
     "p2":39,
     "p3":40},
    {"p1":38,
     "p2":40,
     "p3":41},
    {"p1":38,
     "p2":41,
     "p3":43},
    {"p1":38,
     "p2":43,
     "p3":75},
    {"p1":37,
     "p2":38,
     "p3":75},
    {"p1":35,
     "p2":36,
     "p3":76},
    {"p1":36,
     "p2":37,
     "p3":75},
    {"p1":36,
     "p2":75,
     "p3":76},
    {"p1":2,
     "p2":6,
     "p3":29},
    {"p1":2,
     "p2":29,
     "p3":30},
    {"p1":2,
     "p2":3,
     "p3":5},
    {"p1":2,
     "p2":5,
     "p3":6},
    {"p1":2,
     "p2":30,
     "p3":31},
    {"p1":1,
     "p2":2,
     "p3":31},
    {"p1":68,
     "p2":70,
     "p3":71},
    {"p1":67,
     "p2":68,
     "p3":71},
    {"p1":67,
     "p2":71,
     "p3":72},
    {"p1":80,
     "p2":81,
     "p3":82},
    {"p1":79,
     "p2":82,
     "p3":83},
    {"p1":79,
     "p2":80,
     "p3":82},
    {"p1":33,
     "p2":34,
     "p3":102},
    {"p1":0,
     "p2":33,
     "p3":102},
    {"p1":0,
     "p2":32,
     "p3":33},
    {"p1":83,
     "p2":85,
     "p3":100},
    {"p1":85,
     "p2":99,
     "p3":100},
    {"p1":34,
     "p2":100,
     "p3":101},
    {"p1":34,
     "p2":83,
     "p3":100}]
}