{"points":[
    {"x":0.25168,
     "y":0.21131},
    {"x":0.22746,
     "y":0.22073},
    {"x":0.20592,
     "y":0.22476},
    {"x":0.19112,
     "y":0.2463},
    {"x":0.179,
     "y":0.26514},
    {"x":0.16285,
     "y":0.28533},
    {"x":0.13997,
     "y":0.30283},
    {"x":0.11709,
     "y":0.3109},
    {"x":0.10498,
     "y":0.32436},
    {"x":0.095559,
     "y":0.34859},
    {"x":0.071332,
     "y":0.36474},
    {"x":0.047106,
     "y":0.37147},
    {"x":0.02288,
     "y":0.37281},
    {"x":0,
     "y":0.37416},
    {"x":0.020188,
     "y":0.39166},
    {"x":0.044415,
     "y":0.40646},
    {"x":0.068641,
     "y":0.41588},
    {"x":0.092867,
     "y":0.42261},
    {"x":0.11709,
     "y":0.42665},
    {"x":0.14132,
     "y":0.42665},
    {"x":0.16555,
     "y":0.42799},
    {"x":0.18977,
     "y":0.41992},
    {"x":0.214,
     "y":0.40915},
    {"x":0.23822,
     "y":0.40242},
    {"x":0.26245,
     "y":0.39704},
    {"x":0.28668,
     "y":0.39166},
    {"x":0.29341,
     "y":0.41184},
    {"x":0.30148,
     "y":0.39435},
    {"x":0.31629,
     "y":0.37685},
    {"x":0.33378,
     "y":0.35532},
    {"x":0.34993,
     "y":0.33109},
    {"x":0.36608,
     "y":0.30686},
    {"x":0.38627,
     "y":0.28533},
    {"x":0.40915,
     "y":0.26649},
    {"x":0.43203,
     "y":0.25034},
    {"x":0.45626,
     "y":0.23419},
    {"x":0.48048,
     "y":0.23015},
    {"x":0.50471,
     "y":0.23149},
    {"x":0.52894,
     "y":0.23015},
    {"x":0.55316,
     "y":0.22746},
    {"x":0.57739,
     "y":0.21938},
    {"x":0.60027,
     "y":0.21265},
    {"x":0.6245,
     "y":0.21669},
    {"x":0.64872,
     "y":0.22342},
    {"x":0.67295,
     "y":0.23015},
    {"x":0.69717,
     "y":0.23822},
    {"x":0.7214,
     "y":0.24495},
    {"x":0.74563,
     "y":0.25168},
    {"x":0.76985,
     "y":0.25841},
    {"x":0.79408,
     "y":0.26245},
    {"x":0.81023,
     "y":0.27591},
    {"x":0.81427,
     "y":0.25707},
    {"x":0.83849,
     "y":0.25168},
    {"x":0.86272,
     "y":0.24495},
    {"x":0.88694,
     "y":0.23822},
    {"x":0.91117,
     "y":0.2288},
    {"x":0.93405,
     "y":0.21669},
    {"x":0.95289,
     "y":0.19919},
    {"x":0.97308,
     "y":0.179},
    {"x":0.98789,
     "y":0.15747},
    {"x":1,
     "y":0.13324},
    {"x":0.98789,
     "y":0.13055},
    {"x":0.96501,
     "y":0.14132},
    {"x":0.94078,
     "y":0.15209},
    {"x":0.91655,
     "y":0.16151},
    {"x":0.89233,
     "y":0.16016},
    {"x":0.8681,
     "y":0.15478},
    {"x":0.85061,
     "y":0.13997},
    {"x":0.83445,
     "y":0.12651},
    {"x":0.81292,
     "y":0.13863},
    {"x":0.78869,
     "y":0.14266},
    {"x":0.76447,
     "y":0.14266},
    {"x":0.74024,
     "y":0.13594},
    {"x":0.72005,
     "y":0.12382},
    {"x":0.69852,
     "y":0.11036},
    {"x":0.67968,
     "y":0.096904},
    {"x":0.66083,
     "y":0.095559},
    {"x":0.63661,
     "y":0.09825},
    {"x":0.61238,
     "y":0.096904},
    {"x":0.58816,
     "y":0.094213},
    {"x":0.56662,
     "y":0.0821},
    {"x":0.5424,
     "y":0.079408},
    {"x":0.51817,
     "y":0.074024},
    {"x":0.5074,
     "y":0.053836},
    {"x":0.48318,
     "y":0.059219},
    {"x":0.4603,
     "y":0.05249},
    {"x":0.43607,
     "y":0.048452},
    {"x":0.41184,
     "y":0.044415},
    {"x":0.38762,
     "y":0.033647},
    {"x":0.36608,
     "y":0.017497},
    {"x":0.34859,
     "y":0},
    {"x":0.33917,
     "y":0.0067295},
    {"x":0.33917,
     "y":0.030956},
    {"x":0.33917,
     "y":0.055182},
    {"x":0.32974,
     "y":0.078062},
    {"x":0.32032,
     "y":0.067295},
    {"x":0.29879,
     "y":0.068641},
    {"x":0.29744,
     "y":0.092867},
    {"x":0.31763,
     "y":0.099596},
    {"x":0.31359,
     "y":0.12382},
    {"x":0.30417,
     "y":0.14805},
    {"x":0.29341,
     "y":0.16958},
    {"x":0.27591,
     "y":0.19112},
    {"x":0.25437,
     "y":0.20996},
    {"x":0.25168,
     "y":0.21131}],
 "triangles":[
    {"p1":89,
     "p2":90,
     "p3":91},
    {"p1":10,
     "p2":16,
     "p3":17},
    {"p1":57,
     "p2":58,
     "p3":63},
    {"p1":59,
     "p2":60,
     "p3":61},
    {"p1":5,
     "p2":22,
     "p3":23},
    {"p1":46,
     "p2":47,
     "p3":71},
    {"p1":43,
     "p2":76,
     "p3":77},
    {"p1":89,
     "p2":91,
     "p3":92},
    {"p1":43,
     "p2":74,
     "p3":76},
    {"p1":74,
     "p2":75,
     "p3":76},
    {"p1":46,
     "p2":71,
     "p3":72},
    {"p1":59,
     "p2":61,
     "p3":62},
    {"p1":58,
     "p2":62,
     "p3":63},
    {"p1":58,
     "p2":59,
     "p3":62},
    {"p1":11,
     "p2":15,
     "p3":16},
    {"p1":10,
     "p2":11,
     "p3":16},
    {"p1":11,
     "p2":14,
     "p3":15},
    {"p1":9,
     "p2":18,
     "p3":19},
    {"p1":9,
     "p2":17,
     "p3":18},
    {"p1":9,
     "p2":10,
     "p3":17},
    {"p1":9,
     "p2":19,
     "p3":20},
    {"p1":44,
     "p2":72,
     "p3":73},
    {"p1":43,
     "p2":44,
     "p3":74},
    {"p1":44,
     "p2":73,
     "p3":74},
    {"p1":41,
     "p2":77,
     "p3":78},
    {"p1":41,
     "p2":78,
     "p3":79},
    {"p1":30,
     "p2":31,
     "p3":103},
    {"p1":52,
     "p2":53,
     "p3":66},
    {"p1":12,
     "p2":13,
     "p3":14},
    {"p1":11,
     "p2":12,
     "p3":14},
    {"p1":25,
     "p2":26,
     "p3":27},
    {"p1":45,
     "p2":46,
     "p3":72},
    {"p1":44,
     "p2":45,
     "p3":72},
    {"p1":5,
     "p2":6,
     "p3":22},
    {"p1":6,
     "p2":21,
     "p3":22},
    {"p1":6,
     "p2":7,
     "p3":8},
    {"p1":6,
     "p2":8,
     "p3":9},
    {"p1":6,
     "p2":9,
     "p3":20},
    {"p1":6,
     "p2":20,
     "p3":21},
    {"p1":4,
     "p2":5,
     "p3":23},
    {"p1":4,
     "p2":23,
     "p3":24},
    {"p1":4,
     "p2":24,
     "p3":25},
    {"p1":25,
     "p2":27,
     "p3":28},
    {"p1":1,
     "p2":2,
     "p3":3},
    {"p1":1,
     "p2":3,
     "p3":4},
    {"p1":40,
     "p2":41,
     "p3":79},
    {"p1":39,
     "p2":40,
     "p3":81},
    {"p1":40,
     "p2":79,
     "p3":81},
    {"p1":47,
     "p2":48,
     "p3":71},
    {"p1":52,
     "p2":66,
     "p3":69},
    {"p1":51,
     "p2":52,
     "p3":69},
    {"p1":31,
     "p2":102,
     "p3":103},
    {"p1":38,
     "p2":39,
     "p3":81},
    {"p1":54,
     "p2":55,
     "p3":65},
    {"p1":53,
     "p2":54,
     "p3":66},
    {"p1":54,
     "p2":65,
     "p3":66},
    {"p1":57,
     "p2":63,
     "p3":64},
    {"p1":56,
     "p2":57,
     "p3":64},
    {"p1":55,
     "p2":56,
     "p3":64},
    {"p1":55,
     "p2":64,
     "p3":65},
    {"p1":0,
     "p2":30,
     "p3":103},
    {"p1":0,
     "p2":29,
     "p3":30},
    {"p1":0,
     "p2":1,
     "p3":29},
    {"p1":25,
     "p2":28,
     "p3":29},
    {"p1":4,
     "p2":25,
     "p3":29},
    {"p1":1,
     "p2":4,
     "p3":29},
    {"p1":42,
     "p2":43,
     "p3":77},
    {"p1":41,
     "p2":42,
     "p3":77},
    {"p1":34,
     "p2":99,
     "p3":100},
    {"p1":79,
     "p2":80,
     "p3":81},
    {"p1":49,
     "p2":50,
     "p3":51},
    {"p1":48,
     "p2":49,
     "p3":51},
    {"p1":51,
     "p2":69,
     "p3":70},
    {"p1":48,
     "p2":70,
     "p3":71},
    {"p1":48,
     "p2":51,
     "p3":70},
    {"p1":66,
     "p2":67,
     "p3":69},
    {"p1":67,
     "p2":68,
     "p3":69},
    {"p1":33,
     "p2":100,
     "p3":101},
    {"p1":33,
     "p2":34,
     "p3":100},
    {"p1":94,
     "p2":98,
     "p3":99},
    {"p1":95,
     "p2":96,
     "p3":97},
    {"p1":95,
     "p2":97,
     "p3":98},
    {"p1":94,
     "p2":95,
     "p3":98},
    {"p1":89,
     "p2":92,
     "p3":93},
    {"p1":31,
     "p2":32,
     "p3":102},
    {"p1":32,
     "p2":101,
     "p3":102},
    {"p1":32,
     "p2":33,
     "p3":101},
    {"p1":87,
     "p2":94,
     "p3":99},
    {"p1":86,
     "p2":87,
     "p3":99},
    {"p1":87,
     "p2":93,
     "p3":94},
    {"p1":34,
     "p2":35,
     "p3":99},
    {"p1":35,
     "p2":86,
     "p3":99},
    {"p1":35,
     "p2":36,
     "p3":84},
    {"p1":36,
     "p2":82,
     "p3":84},
    {"p1":36,
     "p2":37,
     "p3":82},
    {"p1":38,
     "p2":81,
     "p3":82},
    {"p1":37,
     "p2":38,
     "p3":82},
    {"p1":82,
     "p2":83,
     "p3":84},
    {"p1":88,
     "p2":89,
     "p3":93},
    {"p1":87,
     "p2":88,
     "p3":93},
    {"p1":35,
     "p2":85,
     "p3":86},
    {"p1":35,
     "p2":84,
     "p3":85}]
}