{"points":[
    {"x":0.13265,
     "y":0.42177},
    {"x":0.14966,
     "y":0.45238},
    {"x":0.15306,
     "y":0.48639},
    {"x":0.14966,
     "y":0.52041},
    {"x":0.13946,
     "y":0.55102},
    {"x":0.12585,
     "y":0.58844},
    {"x":0.10204,
     "y":0.61565},
    {"x":0.088435,
     "y":0.63946},
    {"x":0.095238,
     "y":0.66667},
    {"x":0.10204,
     "y":0.70068},
    {"x":0.10204,
     "y":0.73469},
    {"x":0.098639,
     "y":0.77211},
    {"x":0.07483,
     "y":0.80612},
    {"x":0.081633,
     "y":0.83673},
    {"x":0.085034,
     "y":0.87075},
    {"x":0.081633,
     "y":0.90816},
    {"x":0.064626,
     "y":0.94558},
    {"x":0.030612,
     "y":0.97279},
    {"x":0,
     "y":0.9898},
    {"x":0.037415,
     "y":1},
    {"x":0.07483,
     "y":0.9966},
    {"x":0.11224,
     "y":0.9898},
    {"x":0.14966,
     "y":0.97619},
    {"x":0.18367,
     "y":0.96259},
    {"x":0.21429,
     "y":0.94218},
    {"x":0.2449,
     "y":0.91837},
    {"x":0.27891,
     "y":0.89116},
    {"x":0.30952,
     "y":0.86395},
    {"x":0.33673,
     "y":0.83673},
    {"x":0.36395,
     "y":0.80952},
    {"x":0.38435,
     "y":0.77891},
    {"x":0.41497,
     "y":0.76531},
    {"x":0.43878,
     "y":0.7415},
    {"x":0.44218,
     "y":0.70408},
    {"x":0.45578,
     "y":0.67347},
    {"x":0.45238,
     "y":0.64286},
    {"x":0.43878,
     "y":0.60544},
    {"x":0.43197,
     "y":0.56803},
    {"x":0.42517,
     "y":0.53061},
    {"x":0.42857,
     "y":0.4932},
    {"x":0.42517,
     "y":0.45578},
    {"x":0.42857,
     "y":0.41837},
    {"x":0.43878,
     "y":0.38095},
    {"x":0.47619,
     "y":0.36735},
    {"x":0.5102,
     "y":0.38776},
    {"x":0.53741,
     "y":0.36395},
    {"x":0.57143,
     "y":0.37075},
    {"x":0.60544,
     "y":0.37755},
    {"x":0.64286,
     "y":0.38776},
    {"x":0.68027,
     "y":0.39456},
    {"x":0.71429,
     "y":0.39796},
    {"x":0.7449,
     "y":0.40816},
    {"x":0.77891,
     "y":0.41156},
    {"x":0.81293,
     "y":0.39116},
    {"x":0.85034,
     "y":0.39456},
    {"x":0.84354,
     "y":0.37755},
    {"x":0.84694,
     "y":0.34694},
    {"x":0.87075,
     "y":0.31633},
    {"x":0.89456,
     "y":0.27891},
    {"x":0.90816,
     "y":0.2449},
    {"x":0.92177,
     "y":0.21429},
    {"x":0.93537,
     "y":0.17687},
    {"x":0.94898,
     "y":0.13946},
    {"x":0.94898,
     "y":0.10544},
    {"x":0.95238,
     "y":0.068027},
    {"x":0.93878,
     "y":0.034014},
    {"x":0.92177,
     "y":0},
    {"x":0.90476,
     "y":0.017007},
    {"x":0.89456,
     "y":0.05102},
    {"x":0.86735,
     "y":0.085034},
    {"x":0.83333,
     "y":0.10544},
    {"x":0.79592,
     "y":0.11565},
    {"x":0.77211,
     "y":0.14966},
    {"x":0.7381,
     "y":0.16667},
    {"x":0.70068,
     "y":0.18027},
    {"x":0.66327,
     "y":0.18367},
    {"x":0.62925,
     "y":0.18027},
    {"x":0.59524,
     "y":0.16667},
    {"x":0.56122,
     "y":0.18027},
    {"x":0.53401,
     "y":0.15986},
    {"x":0.4966,
     "y":0.16667},
    {"x":0.47279,
     "y":0.18707},
    {"x":0.43878,
     "y":0.18367},
    {"x":0.40816,
     "y":0.18027},
    {"x":0.37755,
     "y":0.19728},
    {"x":0.34014,
     "y":0.20068},
    {"x":0.30272,
     "y":0.20408},
    {"x":0.27891,
     "y":0.20068},
    {"x":0.2551,
     "y":0.17687},
    {"x":0.22449,
     "y":0.20408},
    {"x":0.20748,
     "y":0.23469},
    {"x":0.18367,
     "y":0.2619},
    {"x":0.17347,
     "y":0.28912},
    {"x":0.13605,
     "y":0.30612},
    {"x":0.10884,
     "y":0.33333},
    {"x":0.078231,
     "y":0.35034},
    {"x":0.040816,
     "y":0.36735},
    {"x":0.017007,
     "y":0.38776},
    {"x":0.034014,
     "y":0.41156},
    {"x":0.068027,
     "y":0.39796},
    {"x":0.095238,
     "y":0.39116},
    {"x":0.12585,
     "y":0.41156},
    {"x":0.13265,
     "y":0.42177}],
 "triangles":[
    {"p1":65,
     "p2":66,
     "p3":67},
    {"p1":64,
     "p2":65,
     "p3":68},
    {"p1":65,
     "p2":67,
     "p3":68},
    {"p1":17,
     "p2":18,
     "p3":19},
    {"p1":9,
     "p2":29,
     "p3":30},
    {"p1":87,
     "p2":88,
     "p3":89},
    {"p1":6,
     "p2":7,
     "p3":8},
    {"p1":14,
     "p2":15,
     "p3":23},
    {"p1":86,
     "p2":87,
     "p3":90},
    {"p1":90,
     "p2":91,
     "p3":92},
    {"p1":86,
     "p2":90,
     "p3":92},
    {"p1":87,
     "p2":89,
     "p3":90},
    {"p1":43,
     "p2":81,
     "p3":82},
    {"p1":13,
     "p2":14,
     "p3":25},
    {"p1":94,
     "p2":100,
     "p3":101},
    {"p1":93,
     "p2":94,
     "p3":101},
    {"p1":0,
     "p2":92,
     "p3":101},
    {"p1":92,
     "p2":93,
     "p3":101},
    {"p1":96,
     "p2":97,
     "p3":98},
    {"p1":96,
     "p2":98,
     "p3":99},
    {"p1":11,
     "p2":12,
     "p3":13},
    {"p1":11,
     "p2":13,
     "p3":25},
    {"p1":11,
     "p2":25,
     "p3":26},
    {"p1":15,
     "p2":22,
     "p3":23},
    {"p1":42,
     "p2":86,
     "p3":92},
    {"p1":41,
     "p2":42,
     "p3":92},
    {"p1":42,
     "p2":85,
     "p3":86},
    {"p1":1,
     "p2":40,
     "p3":41},
    {"p1":0,
     "p2":1,
     "p3":92},
    {"p1":1,
     "p2":41,
     "p3":92},
    {"p1":2,
     "p2":3,
     "p3":38},
    {"p1":1,
     "p2":2,
     "p3":40},
    {"p1":78,
     "p2":80,
     "p3":81},
    {"p1":63,
     "p2":64,
     "p3":68},
    {"p1":14,
     "p2":23,
     "p3":24},
    {"p1":14,
     "p2":24,
     "p3":25},
    {"p1":95,
     "p2":99,
     "p3":100},
    {"p1":95,
     "p2":96,
     "p3":99},
    {"p1":94,
     "p2":95,
     "p3":100},
    {"p1":9,
     "p2":10,
     "p3":29},
    {"p1":10,
     "p2":28,
     "p3":29},
    {"p1":11,
     "p2":26,
     "p3":27},
    {"p1":10,
     "p2":27,
     "p3":28},
    {"p1":10,
     "p2":11,
     "p3":27},
    {"p1":15,
     "p2":16,
     "p3":21},
    {"p1":15,
     "p2":21,
     "p3":22},
    {"p1":5,
     "p2":30,
     "p3":36},
    {"p1":4,
     "p2":5,
     "p3":36},
    {"p1":5,
     "p2":9,
     "p3":30},
    {"p1":5,
     "p2":6,
     "p3":8},
    {"p1":5,
     "p2":8,
     "p3":9},
    {"p1":30,
     "p2":33,
     "p3":36},
    {"p1":31,
     "p2":32,
     "p3":33},
    {"p1":30,
     "p2":31,
     "p3":33},
    {"p1":4,
     "p2":36,
     "p3":37},
    {"p1":3,
     "p2":37,
     "p3":38},
    {"p1":3,
     "p2":4,
     "p3":37},
    {"p1":42,
     "p2":84,
     "p3":85},
    {"p1":82,
     "p2":83,
     "p3":84},
    {"p1":43,
     "p2":82,
     "p3":84},
    {"p1":42,
     "p2":43,
     "p3":84},
    {"p1":2,
     "p2":38,
     "p3":39},
    {"p1":2,
     "p2":39,
     "p3":40},
    {"p1":45,
     "p2":46,
     "p3":78},
    {"p1":43,
     "p2":44,
     "p3":45},
    {"p1":43,
     "p2":45,
     "p3":81},
    {"p1":45,
     "p2":78,
     "p3":81},
    {"p1":16,
     "p2":20,
     "p3":21},
    {"p1":17,
     "p2":19,
     "p3":20},
    {"p1":16,
     "p2":17,
     "p3":20},
    {"p1":33,
     "p2":34,
     "p3":35},
    {"p1":33,
     "p2":35,
     "p3":36},
    {"p1":78,
     "p2":79,
     "p3":80},
    {"p1":47,
     "p2":48,
     "p3":75},
    {"p1":48,
     "p2":49,
     "p3":75},
    {"p1":63,
     "p2":68,
     "p3":69},
    {"p1":62,
     "p2":63,
     "p3":69},
    {"p1":61,
     "p2":62,
     "p3":69},
    {"p1":61,
     "p2":69,
     "p3":70},
    {"p1":60,
     "p2":61,
     "p3":70},
    {"p1":58,
     "p2":59,
     "p3":72},
    {"p1":59,
     "p2":60,
     "p3":72},
    {"p1":70,
     "p2":71,
     "p3":72},
    {"p1":60,
     "p2":70,
     "p3":72},
    {"p1":56,
     "p2":57,
     "p3":73},
    {"p1":57,
     "p2":72,
     "p3":73},
    {"p1":57,
     "p2":58,
     "p3":72},
    {"p1":51,
     "p2":52,
     "p3":53},
    {"p1":50,
     "p2":51,
     "p3":53},
    {"p1":50,
     "p2":53,
     "p3":56},
    {"p1":53,
     "p2":55,
     "p3":56},
    {"p1":53,
     "p2":54,
     "p3":55},
    {"p1":49,
     "p2":50,
     "p3":74},
    {"p1":49,
     "p2":74,
     "p3":75},
    {"p1":56,
     "p2":73,
     "p3":74},
    {"p1":50,
     "p2":56,
     "p3":74},
    {"p1":47,
     "p2":75,
     "p3":76},
    {"p1":46,
     "p2":76,
     "p3":78},
    {"p1":46,
     "p2":47,
     "p3":76},
    {"p1":76,
     "p2":77,
     "p3":78}]
}