{"points":[
    {"x":0.1908,
     "y":0.2402},
    {"x":0.18228,
     "y":0.26576},
    {"x":0.17376,
     "y":0.29131},
    {"x":0.15503,
     "y":0.31516},
    {"x":0.13629,
     "y":0.3339},
    {"x":0.11073,
     "y":0.34923},
    {"x":0.088586,
     "y":0.35775},
    {"x":0.085179,
     "y":0.3833},
    {"x":0.074957,
     "y":0.40886},
    {"x":0.056218,
     "y":0.43271},
    {"x":0.032368,
     "y":0.44974},
    {"x":0.0068143,
     "y":0.45656},
    {"x":0,
     "y":0.47189},
    {"x":0.025554,
     "y":0.48041},
    {"x":0.051107,
     "y":0.48041},
    {"x":0.076661,
     "y":0.47871},
    {"x":0.10221,
     "y":0.477},
    {"x":0.12777,
     "y":0.4753},
    {"x":0.15332,
     "y":0.47189},
    {"x":0.17888,
     "y":0.46508},
    {"x":0.20443,
     "y":0.45656},
    {"x":0.22998,
     "y":0.44634},
    {"x":0.25554,
     "y":0.43441},
    {"x":0.28109,
     "y":0.42249},
    {"x":0.29302,
     "y":0.42249},
    {"x":0.31175,
     "y":0.42249},
    {"x":0.32027,
     "y":0.40034},
    {"x":0.34242,
     "y":0.3833},
    {"x":0.35264,
     "y":0.35775},
    {"x":0.36627,
     "y":0.3322},
    {"x":0.3816,
     "y":0.30664},
    {"x":0.40034,
     "y":0.28109},
    {"x":0.42078,
     "y":0.25724},
    {"x":0.44123,
     "y":0.2368},
    {"x":0.46678,
     "y":0.22998},
    {"x":0.49233,
     "y":0.23509},
    {"x":0.50596,
     "y":0.25724},
    {"x":0.53152,
     "y":0.25213},
    {"x":0.55196,
     "y":0.23509},
    {"x":0.57411,
     "y":0.25383},
    {"x":0.59966,
     "y":0.25894},
    {"x":0.62521,
     "y":0.27768},
    {"x":0.65077,
     "y":0.29813},
    {"x":0.67291,
     "y":0.31857},
    {"x":0.69336,
     "y":0.34072},
    {"x":0.7155,
     "y":0.34753},
    {"x":0.72743,
     "y":0.36968},
    {"x":0.73254,
     "y":0.35434},
    {"x":0.74957,
     "y":0.35094},
    {"x":0.77513,
     "y":0.35434},
    {"x":0.80068,
     "y":0.35605},
    {"x":0.82624,
     "y":0.35775},
    {"x":0.85179,
     "y":0.35605},
    {"x":0.87734,
     "y":0.35094},
    {"x":0.9029,
     "y":0.34753},
    {"x":0.92845,
     "y":0.34242},
    {"x":0.954,
     "y":0.33731},
    {"x":0.97956,
     "y":0.3322},
    {"x":1,
     "y":0.31516},
    {"x":0.97445,
     "y":0.31516},
    {"x":0.94889,
     "y":0.31175},
    {"x":0.92334,
     "y":0.31005},
    {"x":0.89779,
     "y":0.29983},
    {"x":0.87223,
     "y":0.2879},
    {"x":0.85349,
     "y":0.26405},
    {"x":0.83475,
     "y":0.25724},
    {"x":0.8092,
     "y":0.26065},
    {"x":0.78365,
     "y":0.25724},
    {"x":0.75809,
     "y":0.24702},
    {"x":0.73254,
     "y":0.23339},
    {"x":0.70698,
     "y":0.21124},
    {"x":0.68143,
     "y":0.1908},
    {"x":0.65588,
     "y":0.19591},
    {"x":0.63032,
     "y":0.1908},
    {"x":0.60477,
     "y":0.18399},
    {"x":0.59455,
     "y":0.15843},
    {"x":0.58092,
     "y":0.14991},
    {"x":0.56218,
     "y":0.13288},
    {"x":0.54003,
     "y":0.12095},
    {"x":0.51959,
     "y":0.10562},
    {"x":0.49744,
     "y":0.083475},
    {"x":0.51107,
     "y":0.063032},
    {"x":0.49404,
     "y":0.049404},
    {"x":0.47019,
     "y":0.061329},
    {"x":0.44634,
     "y":0.052811},
    {"x":0.42589,
     "y":0.040886},
    {"x":0.40545,
     "y":0.02385},
    {"x":0.38842,
     "y":0.0068143},
    {"x":0.37138,
     "y":0},
    {"x":0.35945,
     "y":0.02385},
    {"x":0.34583,
     "y":0.0477},
    {"x":0.3322,
     "y":0.07155},
    {"x":0.30664,
     "y":0.068143},
    {"x":0.29983,
     "y":0.088586},
    {"x":0.32027,
     "y":0.098807},
    {"x":0.31857,
     "y":0.12436},
    {"x":0.31005,
     "y":0.14991},
    {"x":0.29642,
     "y":0.17547},
    {"x":0.27598,
     "y":0.1925},
    {"x":0.25213,
     "y":0.20954},
    {"x":0.22658,
     "y":0.22147},
    {"x":0.20102,
     "y":0.22658},
    {"x":0.1908,
     "y":0.2402}],
 "triangles":[
    {"p1":11,
     "p2":12,
     "p3":13},
    {"p1":87,
     "p2":88,
     "p3":89},
    {"p1":86,
     "p2":87,
     "p3":89},
    {"p1":63,
     "p2":64,
     "p3":65},
    {"p1":10,
     "p2":11,
     "p3":13},
    {"p1":3,
     "p2":4,
     "p3":21},
    {"p1":57,
     "p2":58,
     "p3":59},
    {"p1":54,
     "p2":55,
     "p3":61},
    {"p1":55,
     "p2":60,
     "p3":61},
    {"p1":70,
     "p2":71,
     "p3":72},
    {"p1":42,
     "p2":69,
     "p3":70},
    {"p1":48,
     "p2":49,
     "p3":67},
    {"p1":31,
     "p2":32,
     "p3":97},
    {"p1":42,
     "p2":43,
     "p3":69},
    {"p1":54,
     "p2":61,
     "p3":62},
    {"p1":43,
     "p2":44,
     "p3":45},
    {"p1":5,
     "p2":6,
     "p3":7},
    {"p1":4,
     "p2":20,
     "p3":21},
    {"p1":10,
     "p2":13,
     "p3":14},
    {"p1":9,
     "p2":10,
     "p3":14},
    {"p1":9,
     "p2":14,
     "p3":15},
    {"p1":8,
     "p2":9,
     "p3":16},
    {"p1":9,
     "p2":15,
     "p3":16},
    {"p1":55,
     "p2":56,
     "p3":60},
    {"p1":56,
     "p2":57,
     "p3":59},
    {"p1":56,
     "p2":59,
     "p3":60},
    {"p1":51,
     "p2":52,
     "p3":63},
    {"p1":50,
     "p2":51,
     "p3":66},
    {"p1":49,
     "p2":66,
     "p3":67},
    {"p1":49,
     "p2":50,
     "p3":66},
    {"p1":63,
     "p2":65,
     "p3":66},
    {"p1":51,
     "p2":63,
     "p3":66},
    {"p1":32,
     "p2":96,
     "p3":97},
    {"p1":92,
     "p2":93,
     "p3":94},
    {"p1":0,
     "p2":100,
     "p3":101},
    {"p1":0,
     "p2":1,
     "p3":100},
    {"p1":29,
     "p2":99,
     "p3":100},
    {"p1":29,
     "p2":30,
     "p3":99},
    {"p1":39,
     "p2":40,
     "p3":74},
    {"p1":40,
     "p2":73,
     "p3":74},
    {"p1":40,
     "p2":72,
     "p3":73},
    {"p1":84,
     "p2":94,
     "p3":95},
    {"p1":52,
     "p2":53,
     "p3":63},
    {"p1":53,
     "p2":62,
     "p3":63},
    {"p1":53,
     "p2":54,
     "p3":62},
    {"p1":45,
     "p2":46,
     "p3":47},
    {"p1":45,
     "p2":47,
     "p3":48},
    {"p1":48,
     "p2":67,
     "p3":68},
    {"p1":45,
     "p2":48,
     "p3":68},
    {"p1":43,
     "p2":68,
     "p3":69},
    {"p1":43,
     "p2":45,
     "p3":68},
    {"p1":28,
     "p2":29,
     "p3":100},
    {"p1":1,
     "p2":28,
     "p3":100},
    {"p1":4,
     "p2":19,
     "p3":20},
    {"p1":4,
     "p2":5,
     "p3":19},
    {"p1":7,
     "p2":18,
     "p3":19},
    {"p1":5,
     "p2":7,
     "p3":19},
    {"p1":8,
     "p2":16,
     "p3":17},
    {"p1":7,
     "p2":17,
     "p3":18},
    {"p1":7,
     "p2":8,
     "p3":17},
    {"p1":91,
     "p2":92,
     "p3":94},
    {"p1":84,
     "p2":91,
     "p3":94},
    {"p1":30,
     "p2":98,
     "p3":99},
    {"p1":31,
     "p2":97,
     "p3":98},
    {"p1":30,
     "p2":31,
     "p3":98},
    {"p1":40,
     "p2":41,
     "p3":72},
    {"p1":41,
     "p2":70,
     "p3":72},
    {"p1":41,
     "p2":42,
     "p3":70},
    {"p1":33,
     "p2":84,
     "p3":95},
    {"p1":32,
     "p2":33,
     "p3":96},
    {"p1":33,
     "p2":95,
     "p3":96},
    {"p1":38,
     "p2":39,
     "p3":74},
    {"p1":1,
     "p2":2,
     "p3":28},
    {"p1":2,
     "p2":26,
     "p3":28},
    {"p1":2,
     "p2":23,
     "p3":26},
    {"p1":26,
     "p2":27,
     "p3":28},
    {"p1":3,
     "p2":21,
     "p3":22},
    {"p1":2,
     "p2":3,
     "p3":22},
    {"p1":2,
     "p2":22,
     "p3":23},
    {"p1":24,
     "p2":25,
     "p3":26},
    {"p1":23,
     "p2":24,
     "p3":26},
    {"p1":86,
     "p2":89,
     "p3":90},
    {"p1":33,
     "p2":80,
     "p3":84},
    {"p1":80,
     "p2":81,
     "p3":82},
    {"p1":38,
     "p2":76,
     "p3":77},
    {"p1":74,
     "p2":75,
     "p3":76},
    {"p1":38,
     "p2":74,
     "p3":76},
    {"p1":35,
     "p2":37,
     "p3":38},
    {"p1":84,
     "p2":85,
     "p3":91},
    {"p1":85,
     "p2":90,
     "p3":91},
    {"p1":85,
     "p2":86,
     "p3":90},
    {"p1":80,
     "p2":83,
     "p3":84},
    {"p1":80,
     "p2":82,
     "p3":83},
    {"p1":34,
     "p2":79,
     "p3":80},
    {"p1":33,
     "p2":34,
     "p3":80},
    {"p1":34,
     "p2":78,
     "p3":79},
    {"p1":34,
     "p2":35,
     "p3":78},
    {"p1":38,
     "p2":77,
     "p3":78},
    {"p1":35,
     "p2":38,
     "p3":78},
    {"p1":35,
     "p2":36,
     "p3":37}]
}