{"points":[
    {"x":0.10213,
     "y":0.50638},
    {"x":0.14468,
     "y":0.54468},
    {"x":0.18298,
     "y":0.58298},
    {"x":0.14468,
     "y":0.61277},
    {"x":0.11489,
     "y":0.66383},
    {"x":0.10638,
     "y":0.71915},
    {"x":0.080851,
     "y":0.77021},
    {"x":0.055319,
     "y":0.82128},
    {"x":0.059574,
     "y":0.85106},
    {"x":0.089362,
     "y":0.81277},
    {"x":0.1234,
     "y":0.7617},
    {"x":0.14894,
     "y":0.71915},
    {"x":0.14468,
     "y":0.66383},
    {"x":0.17447,
     "y":0.66383},
    {"x":0.21277,
     "y":0.71915},
    {"x":0.19574,
     "y":0.77447},
    {"x":0.18298,
     "y":0.82979},
    {"x":0.15745,
     "y":0.88511},
    {"x":0.12766,
     "y":0.94043},
    {"x":0.076596,
     "y":0.97872},
    {"x":0.10213,
     "y":1},
    {"x":0.14894,
     "y":0.95319},
    {"x":0.17872,
     "y":0.90213},
    {"x":0.2,
     "y":0.85106},
    {"x":0.21277,
     "y":0.81277},
    {"x":0.23404,
     "y":0.85957},
    {"x":0.24255,
     "y":0.82128},
    {"x":0.28085,
     "y":0.81702},
    {"x":0.29787,
     "y":0.85532},
    {"x":0.31915,
     "y":0.81277},
    {"x":0.33617,
     "y":0.85957},
    {"x":0.35745,
     "y":0.90213},
    {"x":0.38298,
     "y":0.95319},
    {"x":0.42553,
     "y":1},
    {"x":0.45106,
     "y":0.99574},
    {"x":0.41277,
     "y":0.94894},
    {"x":0.37872,
     "y":0.89787},
    {"x":0.35745,
     "y":0.84255},
    {"x":0.33617,
     "y":0.78723},
    {"x":0.31489,
     "y":0.74043},
    {"x":0.34468,
     "y":0.68511},
    {"x":0.37021,
     "y":0.65106},
    {"x":0.37447,
     "y":0.70638},
    {"x":0.4,
     "y":0.74468},
    {"x":0.41702,
     "y":0.79149},
    {"x":0.44681,
     "y":0.83404},
    {"x":0.48085,
     "y":0.83404},
    {"x":0.45532,
     "y":0.78723},
    {"x":0.42553,
     "y":0.74043},
    {"x":0.40851,
     "y":0.68511},
    {"x":0.39149,
     "y":0.62979},
    {"x":0.34468,
     "y":0.59149},
    {"x":0.38723,
     "y":0.55319},
    {"x":0.42979,
     "y":0.51064},
    {"x":0.46383,
     "y":0.45532},
    {"x":0.48085,
     "y":0.4},
    {"x":0.51915,
     "y":0.35319},
    {"x":0.53617,
     "y":0.30638},
    {"x":0.49787,
     "y":0.34043},
    {"x":0.45957,
     "y":0.37872},
    {"x":0.4383,
     "y":0.43404},
    {"x":0.40851,
     "y":0.48085},
    {"x":0.40851,
     "y":0.42553},
    {"x":0.43404,
     "y":0.37447},
    {"x":0.44255,
     "y":0.31915},
    {"x":0.44255,
     "y":0.26383},
    {"x":0.44255,
     "y":0.20851},
    {"x":0.43404,
     "y":0.15319},
    {"x":0.44681,
     "y":0.097872},
    {"x":0.45957,
     "y":0.042553},
    {"x":0.45106,
     "y":0},
    {"x":0.43404,
     "y":0.042553},
    {"x":0.41702,
     "y":0.093617},
    {"x":0.4,
     "y":0.14468},
    {"x":0.41277,
     "y":0.2},
    {"x":0.41702,
     "y":0.25532},
    {"x":0.42128,
     "y":0.31064},
    {"x":0.39574,
     "y":0.33617},
    {"x":0.37447,
     "y":0.28085},
    {"x":0.33191,
     "y":0.22553},
    {"x":0.2766,
     "y":0.20426},
    {"x":0.22128,
     "y":0.21277},
    {"x":0.17021,
     "y":0.25532},
    {"x":0.13617,
     "y":0.30638},
    {"x":0.11064,
     "y":0.28936},
    {"x":0.11064,
     "y":0.23404},
    {"x":0.11915,
     "y":0.17872},
    {"x":0.11915,
     "y":0.1234},
    {"x":0.10638,
     "y":0.07234},
    {"x":0.10213,
     "y":0.021277},
    {"x":0.07234,
     "y":0.0085106},
    {"x":0.080851,
     "y":0.06383},
    {"x":0.089362,
     "y":0.11915},
    {"x":0.085106,
     "y":0.17447},
    {"x":0.085106,
     "y":0.22979},
    {"x":0.085106,
     "y":0.28511},
    {"x":0.093617,
     "y":0.34043},
    {"x":0.1234,
     "y":0.39574},
    {"x":0.12766,
     "y":0.45106},
    {"x":0.10213,
     "y":0.46809},
    {"x":0.080851,
     "y":0.41277},
    {"x":0.055319,
     "y":0.37021},
    {"x":0.021277,
     "y":0.3234},
    {"x":0,
     "y":0.31915},
    {"x":0.025532,
     "y":0.37447},
    {"x":0.051064,
     "y":0.42128},
    {"x":0.076596,
     "y":0.4766},
    {"x":0.10213,
     "y":0.50638}],
 "triangles":[
    {"p1":86,
     "p2":87,
     "p3":93},
    {"p1":67,
     "p2":72,
     "p3":73},
    {"p1":69,
     "p2":70,
     "p3":71},
    {"p1":102,
     "p2":103,
     "p3":104},
    {"p1":62,
     "p2":97,
     "p3":98},
    {"p1":78,
     "p2":82,
     "p3":83},
    {"p1":67,
     "p2":68,
     "p3":72},
    {"p1":68,
     "p2":71,
     "p3":72},
    {"p1":68,
     "p2":69,
     "p3":71},
    {"p1":67,
     "p2":73,
     "p3":74},
    {"p1":62,
     "p2":77,
     "p3":97},
    {"p1":77,
     "p2":83,
     "p3":97},
    {"p1":77,
     "p2":78,
     "p3":83},
    {"p1":53,
     "p2":54,
     "p3":61},
    {"p1":52,
     "p2":53,
     "p3":61},
    {"p1":51,
     "p2":52,
     "p3":61},
    {"p1":61,
     "p2":62,
     "p3":98},
    {"p1":2,
     "p2":51,
     "p3":61},
    {"p1":2,
     "p2":61,
     "p3":98},
    {"p1":2,
     "p2":13,
     "p3":51},
    {"p1":13,
     "p2":40,
     "p3":51},
    {"p1":83,
     "p2":96,
     "p3":97},
    {"p1":87,
     "p2":92,
     "p3":93},
    {"p1":87,
     "p2":88,
     "p3":92},
    {"p1":78,
     "p2":79,
     "p3":82},
    {"p1":79,
     "p2":80,
     "p3":81},
    {"p1":79,
     "p2":81,
     "p3":82},
    {"p1":100,
     "p2":105,
     "p3":106},
    {"p1":2,
     "p2":3,
     "p3":13},
    {"p1":1,
     "p2":2,
     "p3":98},
    {"p1":0,
     "p2":1,
     "p3":98},
    {"p1":64,
     "p2":76,
     "p3":77},
    {"p1":64,
     "p2":65,
     "p3":76},
    {"p1":56,
     "p2":57,
     "p3":58},
    {"p1":63,
     "p2":64,
     "p3":77},
    {"p1":62,
     "p2":63,
     "p3":77},
    {"p1":54,
     "p2":60,
     "p3":61},
    {"p1":54,
     "p2":55,
     "p3":60},
    {"p1":55,
     "p2":59,
     "p3":60},
    {"p1":55,
     "p2":56,
     "p3":58},
    {"p1":55,
     "p2":58,
     "p3":59},
    {"p1":13,
     "p2":14,
     "p3":40},
    {"p1":18,
     "p2":19,
     "p3":20},
    {"p1":32,
     "p2":35,
     "p3":36},
    {"p1":101,
     "p2":102,
     "p3":104},
    {"p1":101,
     "p2":104,
     "p3":105},
    {"p1":100,
     "p2":101,
     "p3":105},
    {"p1":88,
     "p2":91,
     "p3":92},
    {"p1":89,
     "p2":90,
     "p3":91},
    {"p1":88,
     "p2":89,
     "p3":91},
    {"p1":65,
     "p2":75,
     "p3":76},
    {"p1":66,
     "p2":67,
     "p3":74},
    {"p1":66,
     "p2":74,
     "p3":75},
    {"p1":65,
     "p2":66,
     "p3":75},
    {"p1":0,
     "p2":98,
     "p3":99},
    {"p1":0,
     "p2":99,
     "p3":106},
    {"p1":99,
     "p2":100,
     "p3":106},
    {"p1":3,
     "p2":4,
     "p3":12},
    {"p1":3,
     "p2":12,
     "p3":13},
    {"p1":40,
     "p2":41,
     "p3":51},
    {"p1":14,
     "p2":39,
     "p3":40},
    {"p1":27,
     "p2":38,
     "p3":39},
    {"p1":14,
     "p2":27,
     "p3":39},
    {"p1":7,
     "p2":8,
     "p3":9},
    {"p1":31,
     "p2":32,
     "p3":36},
    {"p1":18,
     "p2":20,
     "p3":21},
    {"p1":18,
     "p2":21,
     "p3":22},
    {"p1":33,
     "p2":34,
     "p3":35},
    {"p1":32,
     "p2":33,
     "p3":35},
    {"p1":84,
     "p2":85,
     "p3":95},
    {"p1":83,
     "p2":84,
     "p3":96},
    {"p1":84,
     "p2":95,
     "p3":96},
    {"p1":85,
     "p2":94,
     "p3":95},
    {"p1":86,
     "p2":93,
     "p3":94},
    {"p1":85,
     "p2":86,
     "p3":94},
    {"p1":4,
     "p2":11,
     "p3":12},
    {"p1":41,
     "p2":49,
     "p3":50},
    {"p1":41,
     "p2":50,
     "p3":51},
    {"p1":45,
     "p2":46,
     "p3":47},
    {"p1":44,
     "p2":45,
     "p3":47},
    {"p1":17,
     "p2":18,
     "p3":22},
    {"p1":29,
     "p2":37,
     "p3":38},
    {"p1":27,
     "p2":29,
     "p3":38},
    {"p1":27,
     "p2":28,
     "p3":29},
    {"p1":6,
     "p2":7,
     "p3":9},
    {"p1":44,
     "p2":47,
     "p3":48},
    {"p1":43,
     "p2":44,
     "p3":48},
    {"p1":43,
     "p2":48,
     "p3":49},
    {"p1":42,
     "p2":43,
     "p3":49},
    {"p1":41,
     "p2":42,
     "p3":49},
    {"p1":14,
     "p2":26,
     "p3":27},
    {"p1":15,
     "p2":16,
     "p3":24},
    {"p1":14,
     "p2":15,
     "p3":26},
    {"p1":15,
     "p2":24,
     "p3":26},
    {"p1":29,
     "p2":30,
     "p3":37},
    {"p1":30,
     "p2":36,
     "p3":37},
    {"p1":30,
     "p2":31,
     "p3":36},
    {"p1":4,
     "p2":5,
     "p3":11},
    {"p1":17,
     "p2":22,
     "p3":23},
    {"p1":16,
     "p2":17,
     "p3":23},
    {"p1":16,
     "p2":23,
     "p3":24},
    {"p1":6,
     "p2":9,
     "p3":10},
    {"p1":5,
     "p2":10,
     "p3":11},
    {"p1":5,
     "p2":6,
     "p3":10},
    {"p1":24,
     "p2":25,
     "p3":26}]
}