{"points":[
    {"x":0.16107,
     "y":0.50336},
    {"x":0.20805,
     "y":0.54362},
    {"x":0.25503,
     "y":0.59396},
    {"x":0.25839,
     "y":0.62081},
    {"x":0.20805,
     "y":0.66107},
    {"x":0.16443,
     "y":0.72483},
    {"x":0.15101,
     "y":0.7651},
    {"x":0.16443,
     "y":0.81544},
    {"x":0.11074,
     "y":0.87584},
    {"x":0.077181,
     "y":0.94295},
    {"x":0.10738,
     "y":0.98322},
    {"x":0.11745,
     "y":0.91611},
    {"x":0.15772,
     "y":0.86242},
    {"x":0.2047,
     "y":0.80872},
    {"x":0.22483,
     "y":0.75839},
    {"x":0.24832,
     "y":0.69128},
    {"x":0.29195,
     "y":0.71477},
    {"x":0.34564,
     "y":0.77852},
    {"x":0.33893,
     "y":0.80201},
    {"x":0.32886,
     "y":0.85235},
    {"x":0.3557,
     "y":0.8255},
    {"x":0.41946,
     "y":0.84228},
    {"x":0.47651,
     "y":0.82886},
    {"x":0.51007,
     "y":0.86242},
    {"x":0.55369,
     "y":0.8255},
    {"x":0.50336,
     "y":0.80201},
    {"x":0.55034,
     "y":0.76174},
    {"x":0.60067,
     "y":0.69799},
    {"x":0.63087,
     "y":0.72819},
    {"x":0.65101,
     "y":0.7953},
    {"x":0.6745,
     "y":0.83893},
    {"x":0.72483,
     "y":0.88926},
    {"x":0.75168,
     "y":0.94966},
    {"x":0.77181,
     "y":1},
    {"x":0.78523,
     "y":0.9396},
    {"x":0.75168,
     "y":0.87248},
    {"x":0.70805,
     "y":0.82886},
    {"x":0.71812,
     "y":0.77852},
    {"x":0.7047,
     "y":0.72819},
    {"x":0.66443,
     "y":0.66443},
    {"x":0.61409,
     "y":0.61745},
    {"x":0.64094,
     "y":0.56711},
    {"x":0.69799,
     "y":0.52349},
    {"x":0.74497,
     "y":0.48658},
    {"x":0.7953,
     "y":0.46309},
    {"x":0.7953,
     "y":0.42953},
    {"x":0.82886,
     "y":0.36913},
    {"x":0.89262,
     "y":0.33221},
    {"x":0.86913,
     "y":0.30537},
    {"x":0.81879,
     "y":0.34899},
    {"x":0.76846,
     "y":0.39597},
    {"x":0.72483,
     "y":0.43624},
    {"x":0.67785,
     "y":0.47987},
    {"x":0.65772,
     "y":0.45973},
    {"x":0.66107,
     "y":0.39262},
    {"x":0.68792,
     "y":0.32886},
    {"x":0.72819,
     "y":0.27181},
    {"x":0.75168,
     "y":0.21812},
    {"x":0.77517,
     "y":0.17785},
    {"x":0.82215,
     "y":0.12416},
    {"x":0.86242,
     "y":0.063758},
    {"x":0.86242,
     "y":0.0067114},
    {"x":0.82886,
     "y":0.057047},
    {"x":0.79195,
     "y":0.11074},
    {"x":0.73826,
     "y":0.13087},
    {"x":0.7047,
     "y":0.1745},
    {"x":0.68121,
     "y":0.24161},
    {"x":0.65101,
     "y":0.27181},
    {"x":0.63087,
     "y":0.2047},
    {"x":0.58054,
     "y":0.14094},
    {"x":0.52013,
     "y":0.090604},
    {"x":0.45302,
     "y":0.050336},
    {"x":0.38591,
     "y":0.063758},
    {"x":0.33557,
     "y":0.10738},
    {"x":0.28188,
     "y":0.16107},
    {"x":0.24497,
     "y":0.22819},
    {"x":0.21812,
     "y":0.25839},
    {"x":0.19128,
     "y":0.19463},
    {"x":0.16443,
     "y":0.13087},
    {"x":0.13423,
     "y":0.14094},
    {"x":0.080537,
     "y":0.090604},
    {"x":0.04698,
     "y":0.033557},
    {"x":0.013423,
     "y":0},
    {"x":0.026846,
     "y":0.067114},
    {"x":0.07047,
     "y":0.13087},
    {"x":0.10403,
     "y":0.18792},
    {"x":0.15436,
     "y":0.23154},
    {"x":0.17114,
     "y":0.28523},
    {"x":0.2047,
     "y":0.34564},
    {"x":0.22483,
     "y":0.4094},
    {"x":0.22819,
     "y":0.47651},
    {"x":0.19463,
     "y":0.4698},
    {"x":0.14094,
     "y":0.41275},
    {"x":0.10403,
     "y":0.37919},
    {"x":0.050336,
     "y":0.33221},
    {"x":0.010067,
     "y":0.28859},
    {"x":0,
     "y":0.32886},
    {"x":0.053691,
     "y":0.36913},
    {"x":0.10067,
     "y":0.42953},
    {"x":0.10738,
     "y":0.45973},
    {"x":0.13758,
     "y":0.49664},
    {"x":0.16107,
     "y":0.50336}],
 "triangles":[
    {"p1":32,
     "p2":33,
     "p3":34},
    {"p1":32,
     "p2":34,
     "p3":35},
    {"p1":31,
     "p2":32,
     "p3":35},
    {"p1":54,
     "p2":67,
     "p3":89},
    {"p1":31,
     "p2":35,
     "p3":36},
    {"p1":80,
     "p2":83,
     "p3":84},
    {"p1":94,
     "p2":95,
     "p3":96},
    {"p1":2,
     "p2":3,
     "p3":40},
    {"p1":2,
     "p2":40,
     "p3":41},
    {"p1":2,
     "p2":41,
     "p3":90},
    {"p1":60,
     "p2":61,
     "p3":62},
    {"p1":58,
     "p2":64,
     "p3":65},
    {"p1":3,
     "p2":16,
     "p3":40},
    {"p1":81,
     "p2":82,
     "p3":83},
    {"p1":80,
     "p2":81,
     "p3":83},
    {"p1":45,
     "p2":50,
     "p3":51},
    {"p1":43,
     "p2":44,
     "p3":51},
    {"p1":44,
     "p2":45,
     "p3":51},
    {"p1":58,
     "p2":63,
     "p3":64},
    {"p1":57,
     "p2":58,
     "p3":65},
    {"p1":45,
     "p2":46,
     "p3":50},
    {"p1":56,
     "p2":66,
     "p3":67},
    {"p1":57,
     "p2":65,
     "p3":66},
    {"p1":56,
     "p2":57,
     "p3":66},
    {"p1":54,
     "p2":55,
     "p3":67},
    {"p1":55,
     "p2":56,
     "p3":67},
    {"p1":30,
     "p2":31,
     "p3":36},
    {"p1":17,
     "p2":21,
     "p3":22},
    {"p1":3,
     "p2":4,
     "p3":15},
    {"p1":3,
     "p2":15,
     "p3":16},
    {"p1":69,
     "p2":70,
     "p3":73},
    {"p1":69,
     "p2":73,
     "p3":74},
    {"p1":94,
     "p2":96,
     "p3":97},
    {"p1":76,
     "p2":86,
     "p3":87},
    {"p1":1,
     "p2":2,
     "p3":90},
    {"p1":1,
     "p2":90,
     "p3":91},
    {"p1":0,
     "p2":1,
     "p3":91},
    {"p1":41,
     "p2":53,
     "p3":90},
    {"p1":53,
     "p2":54,
     "p3":89},
    {"p1":53,
     "p2":89,
     "p3":90},
    {"p1":58,
     "p2":59,
     "p3":63},
    {"p1":59,
     "p2":60,
     "p3":62},
    {"p1":59,
     "p2":62,
     "p3":63},
    {"p1":67,
     "p2":68,
     "p3":69},
    {"p1":28,
     "p2":38,
     "p3":39},
    {"p1":29,
     "p2":36,
     "p3":37},
    {"p1":29,
     "p2":30,
     "p3":36},
    {"p1":29,
     "p2":37,
     "p3":38},
    {"p1":28,
     "p2":29,
     "p3":38},
    {"p1":18,
     "p2":19,
     "p3":20},
    {"p1":17,
     "p2":20,
     "p3":21},
    {"p1":17,
     "p2":18,
     "p3":20},
    {"p1":70,
     "p2":71,
     "p3":72},
    {"p1":70,
     "p2":72,
     "p3":73},
    {"p1":79,
     "p2":80,
     "p3":84},
    {"p1":79,
     "p2":84,
     "p3":85},
    {"p1":67,
     "p2":75,
     "p3":89},
    {"p1":67,
     "p2":69,
     "p3":75},
    {"p1":69,
     "p2":74,
     "p3":75},
    {"p1":92,
     "p2":98,
     "p3":99},
    {"p1":93,
     "p2":94,
     "p3":97},
    {"p1":92,
     "p2":93,
     "p3":98},
    {"p1":93,
     "p2":97,
     "p3":98},
    {"p1":76,
     "p2":87,
     "p3":88},
    {"p1":75,
     "p2":88,
     "p3":89},
    {"p1":75,
     "p2":76,
     "p3":88},
    {"p1":0,
     "p2":91,
     "p3":100},
    {"p1":92,
     "p2":99,
     "p3":100},
    {"p1":91,
     "p2":92,
     "p3":100},
    {"p1":43,
     "p2":51,
     "p3":52},
    {"p1":42,
     "p2":43,
     "p3":52},
    {"p1":41,
     "p2":42,
     "p3":52},
    {"p1":41,
     "p2":52,
     "p3":53},
    {"p1":46,
     "p2":49,
     "p3":50},
    {"p1":46,
     "p2":47,
     "p3":49},
    {"p1":47,
     "p2":48,
     "p3":49},
    {"p1":27,
     "p2":39,
     "p3":40},
    {"p1":27,
     "p2":28,
     "p3":39},
    {"p1":16,
     "p2":17,
     "p3":26},
    {"p1":16,
     "p2":26,
     "p3":40},
    {"p1":26,
     "p2":27,
     "p3":40},
    {"p1":4,
     "p2":5,
     "p3":15},
    {"p1":5,
     "p2":14,
     "p3":15},
    {"p1":5,
     "p2":6,
     "p3":14},
    {"p1":6,
     "p2":13,
     "p3":14},
    {"p1":77,
     "p2":85,
     "p3":86},
    {"p1":77,
     "p2":79,
     "p3":85},
    {"p1":77,
     "p2":78,
     "p3":79},
    {"p1":76,
     "p2":77,
     "p3":86},
    {"p1":22,
     "p2":23,
     "p3":25},
    {"p1":17,
     "p2":22,
     "p3":25},
    {"p1":17,
     "p2":25,
     "p3":26},
    {"p1":6,
     "p2":7,
     "p3":13},
    {"p1":7,
     "p2":12,
     "p3":13},
    {"p1":7,
     "p2":8,
     "p3":12},
    {"p1":23,
     "p2":24,
     "p3":25},
    {"p1":8,
     "p2":11,
     "p3":12},
    {"p1":9,
     "p2":10,
     "p3":11},
    {"p1":8,
     "p2":9,
     "p3":11}]
}