{"points":[
    {"x":0.20232,
     "y":0.49751},
    {"x":0.25539,
     "y":0.53234},
    {"x":0.31012,
     "y":0.56219},
    {"x":0.37148,
     "y":0.54892},
    {"x":0.39138,
     "y":0.58872},
    {"x":0.37977,
     "y":0.65008},
    {"x":0.38806,
     "y":0.70647},
    {"x":0.37645,
     "y":0.76451},
    {"x":0.34992,
     "y":0.8126},
    {"x":0.3864,
     "y":0.80431},
    {"x":0.41128,
     "y":0.75456},
    {"x":0.41294,
     "y":0.69486},
    {"x":0.41128,
     "y":0.63847},
    {"x":0.45108,
     "y":0.59867},
    {"x":0.47098,
     "y":0.64511},
    {"x":0.45771,
     "y":0.70481},
    {"x":0.44942,
     "y":0.76783},
    {"x":0.44279,
     "y":0.82919},
    {"x":0.43449,
     "y":0.89055},
    {"x":0.41625,
     "y":0.95025},
    {"x":0.37313,
     "y":0.99668},
    {"x":0.40133,
     "y":1},
    {"x":0.43947,
     "y":0.94693},
    {"x":0.45605,
     "y":0.89221},
    {"x":0.46932,
     "y":0.83582},
    {"x":0.47927,
     "y":0.77446},
    {"x":0.49254,
     "y":0.71144},
    {"x":0.51741,
     "y":0.65837},
    {"x":0.53731,
     "y":0.65008},
    {"x":0.57546,
     "y":0.63018},
    {"x":0.59204,
     "y":0.59536},
    {"x":0.65672,
     "y":0.58872},
    {"x":0.71642,
     "y":0.58706},
    {"x":0.78275,
     "y":0.58872},
    {"x":0.84743,
     "y":0.58375},
    {"x":0.90547,
     "y":0.56882},
    {"x":0.95854,
     "y":0.53566},
    {"x":0.92869,
     "y":0.52902},
    {"x":0.87231,
     "y":0.55058},
    {"x":0.81426,
     "y":0.56219},
    {"x":0.75124,
     "y":0.56219},
    {"x":0.69154,
     "y":0.5539},
    {"x":0.63682,
     "y":0.55887},
    {"x":0.57877,
     "y":0.56219},
    {"x":0.53897,
     "y":0.53068},
    {"x":0.57546,
     "y":0.49751},
    {"x":0.6335,
     "y":0.50912},
    {"x":0.68988,
     "y":0.52073},
    {"x":0.74793,
     "y":0.50249},
    {"x":0.7529,
     "y":0.46269},
    {"x":0.7131,
     "y":0.48922},
    {"x":0.6534,
     "y":0.48922},
    {"x":0.5937,
     "y":0.46766},
    {"x":0.53068,
     "y":0.47098},
    {"x":0.49585,
     "y":0.43947},
    {"x":0.52073,
     "y":0.38308},
    {"x":0.49917,
     "y":0.32338},
    {"x":0.47098,
     "y":0.267},
    {"x":0.45605,
     "y":0.2073},
    {"x":0.41459,
     "y":0.1791},
    {"x":0.42289,
     "y":0.22222},
    {"x":0.44942,
     "y":0.28027},
    {"x":0.47595,
     "y":0.33333},
    {"x":0.48756,
     "y":0.38972},
    {"x":0.4461,
     "y":0.36982},
    {"x":0.40464,
     "y":0.31675},
    {"x":0.38474,
     "y":0.26202},
    {"x":0.36153,
     "y":0.2073},
    {"x":0.32172,
     "y":0.15589},
    {"x":0.28192,
     "y":0.10614},
    {"x":0.267,
     "y":0.043118},
    {"x":0.25041,
     "y":0},
    {"x":0.2471,
     "y":0.034826},
    {"x":0.25207,
     "y":0.096186},
    {"x":0.25207,
     "y":0.13101},
    {"x":0.30182,
     "y":0.17081},
    {"x":0.34494,
     "y":0.21725},
    {"x":0.32504,
     "y":0.23051},
    {"x":0.27695,
     "y":0.18242},
    {"x":0.22554,
     "y":0.1592},
    {"x":0.16584,
     "y":0.1791},
    {"x":0.13433,
     "y":0.23217},
    {"x":0.15755,
     "y":0.29022},
    {"x":0.19403,
     "y":0.34494},
    {"x":0.17579,
     "y":0.34992},
    {"x":0.13101,
     "y":0.30182},
    {"x":0.10448,
     "y":0.24544},
    {"x":0.053068,
     "y":0.23051},
    {"x":0,
     "y":0.21061},
    {"x":0.0082919,
     "y":0.24544},
    {"x":0.067993,
     "y":0.26866},
    {"x":0.11609,
     "y":0.31509},
    {"x":0.1592,
     "y":0.36484},
    {"x":0.20896,
     "y":0.40299},
    {"x":0.26368,
     "y":0.42786},
    {"x":0.3068,
     "y":0.48259},
    {"x":0.32504,
     "y":0.5257},
    {"x":0.27363,
     "y":0.5141},
    {"x":0.22886,
     "y":0.46932},
    {"x":0.17745,
     "y":0.44113},
    {"x":0.14594,
     "y":0.40796},
    {"x":0.13765,
     "y":0.4461},
    {"x":0.19071,
     "y":0.48093},
    {"x":0.20232,
     "y":0.49751}],
 "triangles":[
    {"p1":29,
     "p2":30,
     "p3":43},
    {"p1":34,
     "p2":38,
     "p3":39},
    {"p1":48,
     "p2":49,
     "p3":50},
    {"p1":54,
     "p2":55,
     "p3":63},
    {"p1":56,
     "p2":57,
     "p3":61},
    {"p1":34,
     "p2":35,
     "p3":38},
    {"p1":35,
     "p2":36,
     "p3":37},
    {"p1":35,
     "p2":37,
     "p3":38},
    {"p1":3,
     "p2":54,
     "p3":95},
    {"p1":3,
     "p2":13,
     "p3":54},
    {"p1":3,
     "p2":4,
     "p3":13},
    {"p1":46,
     "p2":51,
     "p3":52},
    {"p1":45,
     "p2":46,
     "p3":52},
    {"p1":45,
     "p2":52,
     "p3":53},
    {"p1":28,
     "p2":29,
     "p3":43},
    {"p1":30,
     "p2":31,
     "p3":42},
    {"p1":30,
     "p2":42,
     "p3":43},
    {"p1":57,
     "p2":58,
     "p3":60},
    {"p1":57,
     "p2":60,
     "p3":61},
    {"p1":65,
     "p2":77,
     "p3":94},
    {"p1":77,
     "p2":83,
     "p3":94},
    {"p1":77,
     "p2":82,
     "p3":83},
    {"p1":77,
     "p2":78,
     "p3":82},
    {"p1":64,
     "p2":65,
     "p3":94},
    {"p1":64,
     "p2":94,
     "p3":95},
    {"p1":54,
     "p2":64,
     "p3":95},
    {"p1":54,
     "p2":63,
     "p3":64},
    {"p1":55,
     "p2":56,
     "p3":62},
    {"p1":55,
     "p2":62,
     "p3":63},
    {"p1":56,
     "p2":61,
     "p3":62},
    {"p1":17,
     "p2":23,
     "p3":24},
    {"p1":28,
     "p2":43,
     "p3":44},
    {"p1":13,
     "p2":28,
     "p3":44},
    {"p1":44,
     "p2":45,
     "p3":53},
    {"p1":13,
     "p2":44,
     "p3":54},
    {"p1":44,
     "p2":53,
     "p3":54},
    {"p1":16,
     "p2":17,
     "p3":25},
    {"p1":17,
     "p2":24,
     "p3":25},
    {"p1":4,
     "p2":12,
     "p3":13},
    {"p1":83,
     "p2":93,
     "p3":94},
    {"p1":0,
     "p2":98,
     "p3":102},
    {"p1":87,
     "p2":88,
     "p3":89},
    {"p1":87,
     "p2":89,
     "p3":90},
    {"p1":65,
     "p2":66,
     "p3":77},
    {"p1":58,
     "p2":59,
     "p3":60},
    {"p1":83,
     "p2":84,
     "p3":93},
    {"p1":84,
     "p2":92,
     "p3":93},
    {"p1":86,
     "p2":87,
     "p3":90},
    {"p1":33,
     "p2":39,
     "p3":40},
    {"p1":32,
     "p2":33,
     "p3":40},
    {"p1":33,
     "p2":34,
     "p3":39},
    {"p1":32,
     "p2":40,
     "p3":41},
    {"p1":31,
     "p2":32,
     "p3":41},
    {"p1":31,
     "p2":41,
     "p3":42},
    {"p1":3,
     "p2":95,
     "p3":96},
    {"p1":2,
     "p2":3,
     "p3":96},
    {"p1":19,
     "p2":20,
     "p3":21},
    {"p1":19,
     "p2":21,
     "p3":22},
    {"p1":17,
     "p2":18,
     "p3":23},
    {"p1":18,
     "p2":22,
     "p3":23},
    {"p1":18,
     "p2":19,
     "p3":22},
    {"p1":4,
     "p2":5,
     "p3":12},
    {"p1":5,
     "p2":11,
     "p3":12},
    {"p1":13,
     "p2":14,
     "p3":28},
    {"p1":0,
     "p2":1,
     "p3":98},
    {"p1":85,
     "p2":91,
     "p3":92},
    {"p1":84,
     "p2":85,
     "p3":92},
    {"p1":85,
     "p2":90,
     "p3":91},
    {"p1":85,
     "p2":86,
     "p3":90},
    {"p1":78,
     "p2":79,
     "p3":82},
    {"p1":47,
     "p2":48,
     "p3":50},
    {"p1":47,
     "p2":50,
     "p3":51},
    {"p1":46,
     "p2":47,
     "p3":51},
    {"p1":5,
     "p2":6,
     "p3":11},
    {"p1":6,
     "p2":10,
     "p3":11},
    {"p1":6,
     "p2":7,
     "p3":10},
    {"p1":16,
     "p2":25,
     "p3":26},
    {"p1":7,
     "p2":9,
     "p3":10},
    {"p1":7,
     "p2":8,
     "p3":9},
    {"p1":99,
     "p2":100,
     "p3":101},
    {"p1":99,
     "p2":101,
     "p3":102},
    {"p1":98,
     "p2":99,
     "p3":102},
    {"p1":1,
     "p2":97,
     "p3":98},
    {"p1":2,
     "p2":96,
     "p3":97},
    {"p1":1,
     "p2":2,
     "p3":97},
    {"p1":66,
     "p2":76,
     "p3":77},
    {"p1":66,
     "p2":67,
     "p3":76},
    {"p1":79,
     "p2":80,
     "p3":82},
    {"p1":14,
     "p2":15,
     "p3":26},
    {"p1":15,
     "p2":16,
     "p3":26},
    {"p1":14,
     "p2":27,
     "p3":28},
    {"p1":14,
     "p2":26,
     "p3":27},
    {"p1":67,
     "p2":68,
     "p3":76},
    {"p1":80,
     "p2":81,
     "p3":82},
    {"p1":70,
     "p2":71,
     "p3":72},
    {"p1":68,
     "p2":75,
     "p3":76},
    {"p1":69,
     "p2":74,
     "p3":75},
    {"p1":68,
     "p2":69,
     "p3":75},
    {"p1":69,
     "p2":73,
     "p3":74},
    {"p1":69,
     "p2":70,
     "p3":73},
    {"p1":70,
     "p2":72,
     "p3":73}]
}