{"points":[
    {"x":0.148,
     "y":0.5},
    {"x":0.152,
     "y":0.528},
    {"x":0.156,
     "y":0.556},
    {"x":0.16,
     "y":0.584},
    {"x":0.164,
     "y":0.612},
    {"x":0.16,
     "y":0.64},
    {"x":0.164,
     "y":0.668},
    {"x":0.16,
     "y":0.696},
    {"x":0.16,
     "y":0.724},
    {"x":0.168,
     "y":0.752},
    {"x":0.192,
     "y":0.772},
    {"x":0.22,
     "y":0.78},
    {"x":0.24,
     "y":0.808},
    {"x":0.26,
     "y":0.828},
    {"x":0.252,
     "y":0.856},
    {"x":0.24,
     "y":0.884},
    {"x":0.236,
     "y":0.912},
    {"x":0.24,
     "y":0.94},
    {"x":0.268,
     "y":0.956},
    {"x":0.296,
     "y":0.964},
    {"x":0.324,
     "y":0.964},
    {"x":0.344,
     "y":0.98},
    {"x":0.36,
     "y":1},
    {"x":0.388,
     "y":1},
    {"x":0.392,
     "y":0.972},
    {"x":0.42,
     "y":0.964},
    {"x":0.448,
     "y":0.964},
    {"x":0.476,
     "y":0.952},
    {"x":0.484,
     "y":0.924},
    {"x":0.484,
     "y":0.896},
    {"x":0.476,
     "y":0.868},
    {"x":0.468,
     "y":0.84},
    {"x":0.492,
     "y":0.824},
    {"x":0.516,
     "y":0.808},
    {"x":0.528,
     "y":0.78},
    {"x":0.548,
     "y":0.756},
    {"x":0.56,
     "y":0.728},
    {"x":0.56,
     "y":0.7},
    {"x":0.556,
     "y":0.672},
    {"x":0.56,
     "y":0.644},
    {"x":0.56,
     "y":0.616},
    {"x":0.564,
     "y":0.588},
    {"x":0.572,
     "y":0.56},
    {"x":0.576,
     "y":0.532},
    {"x":0.58,
     "y":0.504},
    {"x":0.592,
     "y":0.476},
    {"x":0.6,
     "y":0.448},
    {"x":0.612,
     "y":0.42},
    {"x":0.62,
     "y":0.392},
    {"x":0.632,
     "y":0.368},
    {"x":0.644,
     "y":0.34},
    {"x":0.664,
     "y":0.32},
    {"x":0.68,
     "y":0.296},
    {"x":0.7,
     "y":0.272},
    {"x":0.716,
     "y":0.248},
    {"x":0.736,
     "y":0.22},
    {"x":0.748,
     "y":0.192},
    {"x":0.748,
     "y":0.164},
    {"x":0.724,
     "y":0.148},
    {"x":0.696,
     "y":0.136},
    {"x":0.668,
     "y":0.124},
    {"x":0.64,
     "y":0.116},
    {"x":0.612,
     "y":0.108},
    {"x":0.584,
     "y":0.096},
    {"x":0.556,
     "y":0.088},
    {"x":0.528,
     "y":0.084},
    {"x":0.5,
     "y":0.076},
    {"x":0.472,
     "y":0.076},
    {"x":0.444,
     "y":0.072},
    {"x":0.416,
     "y":0.064},
    {"x":0.416,
     "y":0.036},
    {"x":0.416,
     "y":0.008},
    {"x":0.396,
     "y":0},
    {"x":0.368,
     "y":0},
    {"x":0.344,
     "y":0.004},
    {"x":0.344,
     "y":0.032},
    {"x":0.344,
     "y":0.06},
    {"x":0.316,
     "y":0.06},
    {"x":0.288,
     "y":0.06},
    {"x":0.26,
     "y":0.06},
    {"x":0.232,
     "y":0.064},
    {"x":0.204,
     "y":0.064},
    {"x":0.176,
     "y":0.068},
    {"x":0.148,
     "y":0.076},
    {"x":0.12,
     "y":0.084},
    {"x":0.092,
     "y":0.092},
    {"x":0.064,
     "y":0.1},
    {"x":0.036,
     "y":0.112},
    {"x":0.008,
     "y":0.128},
    {"x":0,
     "y":0.152},
    {"x":0.012,
     "y":0.18},
    {"x":0.02,
     "y":0.208},
    {"x":0.04,
     "y":0.236},
    {"x":0.056,
     "y":0.264},
    {"x":0.072,
     "y":0.288},
    {"x":0.088,
     "y":0.316},
    {"x":0.096,
     "y":0.344},
    {"x":0.112,
     "y":0.368},
    {"x":0.116,
     "y":0.396},
    {"x":0.128,
     "y":0.424},
    {"x":0.136,
     "y":0.452},
    {"x":0.14,
     "y":0.48},
    {"x":0.148,
     "y":0.5}],
 "triangles":[
    {"p1":88,
     "p2":89,
     "p3":90},
    {"p1":56,
     "p2":57,
     "p3":58},
    {"p1":55,
     "p2":56,
     "p3":58},
    {"p1":55,
     "p2":58,
     "p3":59},
    {"p1":44,
     "p2":45,
     "p3":46},
    {"p1":95,
     "p2":96,
     "p3":97},
    {"p1":46,
     "p2":48,
     "p3":99},
    {"p1":48,
     "p2":97,
     "p3":99},
    {"p1":78,
     "p2":95,
     "p3":97},
    {"p1":49,
     "p2":50,
     "p3":67},
    {"p1":48,
     "p2":49,
     "p3":67},
    {"p1":54,
     "p2":55,
     "p3":59},
    {"p1":54,
     "p2":59,
     "p3":60},
    {"p1":53,
     "p2":54,
     "p3":60},
    {"p1":8,
     "p2":9,
     "p3":10},
    {"p1":73,
     "p2":74,
     "p3":75},
    {"p1":4,
     "p2":38,
     "p3":40},
    {"p1":4,
     "p2":5,
     "p3":6},
    {"p1":13,
     "p2":20,
     "p3":31},
    {"p1":83,
     "p2":84,
     "p3":93},
    {"p1":44,
     "p2":46,
     "p3":100},
    {"p1":46,
     "p2":99,
     "p3":100},
    {"p1":0,
     "p2":44,
     "p3":100},
    {"p1":0,
     "p2":100,
     "p3":101},
    {"p1":97,
     "p2":98,
     "p3":99},
    {"p1":86,
     "p2":90,
     "p3":91},
    {"p1":84,
     "p2":92,
     "p3":93},
    {"p1":84,
     "p2":85,
     "p3":92},
    {"p1":86,
     "p2":91,
     "p3":92},
    {"p1":85,
     "p2":86,
     "p3":92},
    {"p1":76,
     "p2":77,
     "p3":97},
    {"p1":77,
     "p2":78,
     "p3":97},
    {"p1":4,
     "p2":40,
     "p3":41},
    {"p1":3,
     "p2":4,
     "p3":41},
    {"p1":2,
     "p2":3,
     "p3":41},
    {"p1":41,
     "p2":42,
     "p3":43},
    {"p1":2,
     "p2":41,
     "p3":43},
    {"p1":38,
     "p2":39,
     "p3":40},
    {"p1":46,
     "p2":47,
     "p3":48},
    {"p1":50,
     "p2":64,
     "p3":65},
    {"p1":50,
     "p2":65,
     "p3":67},
    {"p1":70,
     "p2":71,
     "p3":72},
    {"p1":69,
     "p2":70,
     "p3":76},
    {"p1":70,
     "p2":75,
     "p3":76},
    {"p1":70,
     "p2":72,
     "p3":73},
    {"p1":70,
     "p2":73,
     "p3":75},
    {"p1":48,
     "p2":67,
     "p3":68},
    {"p1":48,
     "p2":68,
     "p3":97},
    {"p1":68,
     "p2":69,
     "p3":76},
    {"p1":68,
     "p2":76,
     "p3":97},
    {"p1":50,
     "p2":63,
     "p3":64},
    {"p1":50,
     "p2":62,
     "p3":63},
    {"p1":53,
     "p2":60,
     "p3":61},
    {"p1":52,
     "p2":53,
     "p3":61},
    {"p1":52,
     "p2":61,
     "p3":62},
    {"p1":12,
     "p2":13,
     "p3":31},
    {"p1":1,
     "p2":2,
     "p3":43},
    {"p1":0,
     "p2":1,
     "p3":44},
    {"p1":1,
     "p2":43,
     "p3":44},
    {"p1":24,
     "p2":25,
     "p3":31},
    {"p1":20,
     "p2":24,
     "p3":31},
    {"p1":20,
     "p2":21,
     "p3":24},
    {"p1":22,
     "p2":23,
     "p3":24},
    {"p1":21,
     "p2":22,
     "p3":24},
    {"p1":83,
     "p2":93,
     "p3":94},
    {"p1":82,
     "p2":83,
     "p3":94},
    {"p1":81,
     "p2":82,
     "p3":94},
    {"p1":87,
     "p2":88,
     "p3":90},
    {"p1":86,
     "p2":87,
     "p3":90},
    {"p1":79,
     "p2":80,
     "p3":95},
    {"p1":78,
     "p2":79,
     "p3":95},
    {"p1":65,
     "p2":66,
     "p3":67},
    {"p1":50,
     "p2":51,
     "p3":62},
    {"p1":51,
     "p2":52,
     "p3":62},
    {"p1":13,
     "p2":14,
     "p3":20},
    {"p1":14,
     "p2":15,
     "p3":19},
    {"p1":14,
     "p2":19,
     "p3":20},
    {"p1":6,
     "p2":7,
     "p3":11},
    {"p1":7,
     "p2":8,
     "p3":11},
    {"p1":8,
     "p2":10,
     "p3":11},
    {"p1":4,
     "p2":11,
     "p3":38},
    {"p1":4,
     "p2":6,
     "p3":11},
    {"p1":11,
     "p2":12,
     "p3":31},
    {"p1":15,
     "p2":16,
     "p3":18},
    {"p1":15,
     "p2":18,
     "p3":19},
    {"p1":16,
     "p2":17,
     "p3":18},
    {"p1":25,
     "p2":26,
     "p3":28},
    {"p1":25,
     "p2":28,
     "p3":29},
    {"p1":25,
     "p2":30,
     "p3":31},
    {"p1":25,
     "p2":29,
     "p3":30},
    {"p1":11,
     "p2":34,
     "p3":38},
    {"p1":11,
     "p2":31,
     "p3":34},
    {"p1":26,
     "p2":27,
     "p3":28},
    {"p1":31,
     "p2":32,
     "p3":34},
    {"p1":32,
     "p2":33,
     "p3":34},
    {"p1":35,
     "p2":36,
     "p3":37},
    {"p1":34,
     "p2":37,
     "p3":38},
    {"p1":34,
     "p2":35,
     "p3":37},
    {"p1":80,
     "p2":81,
     "p3":94},
    {"p1":80,
     "p2":94,
     "p3":95}]
}