{"points":[
    {"x":0.16279,
     "y":0.50166},
    {"x":0.16944,
     "y":0.52824},
    {"x":0.17608,
     "y":0.55482},
    {"x":0.1794,
     "y":0.5814},
    {"x":0.18272,
     "y":0.60797},
    {"x":0.18272,
     "y":0.63455},
    {"x":0.1794,
     "y":0.66113},
    {"x":0.1794,
     "y":0.68771},
    {"x":0.17608,
     "y":0.71429},
    {"x":0.17608,
     "y":0.74086},
    {"x":0.19601,
     "y":0.7608},
    {"x":0.21927,
     "y":0.77076},
    {"x":0.24585,
     "y":0.78738},
    {"x":0.26578,
     "y":0.80731},
    {"x":0.29236,
     "y":0.8206},
    {"x":0.29236,
     "y":0.84718},
    {"x":0.28904,
     "y":0.87375},
    {"x":0.28571,
     "y":0.90033},
    {"x":0.28904,
     "y":0.92691},
    {"x":0.30565,
     "y":0.95349},
    {"x":0.33223,
     "y":0.95681},
    {"x":0.3588,
     "y":0.95681},
    {"x":0.37209,
     "y":0.97674},
    {"x":0.38538,
     "y":1},
    {"x":0.41196,
     "y":0.99668},
    {"x":0.42193,
     "y":0.97342},
    {"x":0.44186,
     "y":0.95681},
    {"x":0.46844,
     "y":0.95349},
    {"x":0.49502,
     "y":0.94352},
    {"x":0.50166,
     "y":0.91694},
    {"x":0.50166,
     "y":0.89037},
    {"x":0.49834,
     "y":0.86379},
    {"x":0.49834,
     "y":0.83721},
    {"x":0.50831,
     "y":0.81395},
    {"x":0.53156,
     "y":0.78738},
    {"x":0.55482,
     "y":0.77076},
    {"x":0.5814,
     "y":0.7608},
    {"x":0.60133,
     "y":0.74751},
    {"x":0.60465,
     "y":0.72093},
    {"x":0.60133,
     "y":0.69435},
    {"x":0.59468,
     "y":0.66777},
    {"x":0.59468,
     "y":0.6412},
    {"x":0.60133,
     "y":0.61462},
    {"x":0.60465,
     "y":0.58804},
    {"x":0.6113,
     "y":0.56146},
    {"x":0.61462,
     "y":0.53488},
    {"x":0.62126,
     "y":0.50831},
    {"x":0.62458,
     "y":0.48173},
    {"x":0.63455,
     "y":0.45515},
    {"x":0.6412,
     "y":0.42857},
    {"x":0.65116,
     "y":0.40199},
    {"x":0.65781,
     "y":0.37542},
    {"x":0.66777,
     "y":0.34884},
    {"x":0.68106,
     "y":0.32226},
    {"x":0.69435,
     "y":0.299},
    {"x":0.70764,
     "y":0.27243},
    {"x":0.72093,
     "y":0.24585},
    {"x":0.73754,
     "y":0.21927},
    {"x":0.75415,
     "y":0.19269},
    {"x":0.77076,
     "y":0.16944},
    {"x":0.78073,
     "y":0.14286},
    {"x":0.77076,
     "y":0.1196},
    {"x":0.74419,
     "y":0.10299},
    {"x":0.71761,
     "y":0.089701},
    {"x":0.69103,
     "y":0.083056},
    {"x":0.66445,
     "y":0.076412},
    {"x":0.63787,
     "y":0.069767},
    {"x":0.6113,
     "y":0.063123},
    {"x":0.58804,
     "y":0.053156},
    {"x":0.56146,
     "y":0.049834},
    {"x":0.53488,
     "y":0.049834},
    {"x":0.50831,
     "y":0.046512},
    {"x":0.48173,
     "y":0.043189},
    {"x":0.45515,
     "y":0.043189},
    {"x":0.43189,
     "y":0.046512},
    {"x":0.40864,
     "y":0.043189},
    {"x":0.40864,
     "y":0.016611},
    {"x":0.39203,
     "y":0.0033223},
    {"x":0.36545,
     "y":0},
    {"x":0.33887,
     "y":0.0033223},
    {"x":0.34219,
     "y":0.0299},
    {"x":0.32558,
     "y":0.043189},
    {"x":0.299,
     "y":0.046512},
    {"x":0.27243,
     "y":0.049834},
    {"x":0.24585,
     "y":0.053156},
    {"x":0.21927,
     "y":0.056478},
    {"x":0.19269,
     "y":0.063123},
    {"x":0.16611,
     "y":0.066445},
    {"x":0.13953,
     "y":0.07309},
    {"x":0.11296,
     "y":0.079734},
    {"x":0.086379,
     "y":0.086379},
    {"x":0.059801,
     "y":0.096346},
    {"x":0.033223,
     "y":0.10631},
    {"x":0.0066445,
     "y":0.1196},
    {"x":0,
     "y":0.14618},
    {"x":0.0099668,
     "y":0.17276},
    {"x":0.023256,
     "y":0.19934},
    {"x":0.043189,
     "y":0.22591},
    {"x":0.056478,
     "y":0.25249},
    {"x":0.079734,
     "y":0.27907},
    {"x":0.086379,
     "y":0.30565},
    {"x":0.10631,
     "y":0.33223},
    {"x":0.11628,
     "y":0.3588},
    {"x":0.12625,
     "y":0.38538},
    {"x":0.13621,
     "y":0.41196},
    {"x":0.14618,
     "y":0.43854},
    {"x":0.15282,
     "y":0.46512},
    {"x":0.15947,
     "y":0.49169},
    {"x":0.16279,
     "y":0.50166}],
 "triangles":[
    {"p1":59,
     "p2":60,
     "p3":61},
    {"p1":3,
     "p2":4,
     "p3":43},
    {"p1":2,
     "p2":3,
     "p3":43},
    {"p1":1,
     "p2":2,
     "p3":45},
    {"p1":14,
     "p2":34,
     "p3":41},
    {"p1":0,
     "p2":1,
     "p3":47},
    {"p1":45,
     "p2":46,
     "p3":47},
    {"p1":1,
     "p2":45,
     "p3":47},
    {"p1":18,
     "p2":19,
     "p3":20},
    {"p1":2,
     "p2":43,
     "p3":44},
    {"p1":2,
     "p2":44,
     "p3":45},
    {"p1":4,
     "p2":42,
     "p3":43},
    {"p1":4,
     "p2":41,
     "p3":42},
    {"p1":8,
     "p2":9,
     "p3":10},
    {"p1":36,
     "p2":37,
     "p3":38},
    {"p1":35,
     "p2":36,
     "p3":38},
    {"p1":34,
     "p2":40,
     "p3":41},
    {"p1":34,
     "p2":35,
     "p3":40},
    {"p1":91,
     "p2":95,
     "p3":96},
    {"p1":89,
     "p2":97,
     "p3":98},
    {"p1":91,
     "p2":96,
     "p3":97},
    {"p1":88,
     "p2":89,
     "p3":98},
    {"p1":88,
     "p2":98,
     "p3":99},
    {"p1":47,
     "p2":48,
     "p3":49},
    {"p1":27,
     "p2":28,
     "p3":29},
    {"p1":27,
     "p2":29,
     "p3":30},
    {"p1":26,
     "p2":27,
     "p3":30},
    {"p1":4,
     "p2":5,
     "p3":41},
    {"p1":5,
     "p2":14,
     "p3":41},
    {"p1":5,
     "p2":6,
     "p3":12},
    {"p1":5,
     "p2":12,
     "p3":14},
    {"p1":26,
     "p2":30,
     "p3":31},
    {"p1":21,
     "p2":26,
     "p3":31},
    {"p1":35,
     "p2":38,
     "p3":39},
    {"p1":35,
     "p2":39,
     "p3":40},
    {"p1":75,
     "p2":76,
     "p3":77},
    {"p1":74,
     "p2":75,
     "p3":104},
    {"p1":59,
     "p2":61,
     "p3":62},
    {"p1":91,
     "p2":92,
     "p3":95},
    {"p1":92,
     "p2":93,
     "p3":94},
    {"p1":92,
     "p2":94,
     "p3":95},
    {"p1":89,
     "p2":90,
     "p3":97},
    {"p1":90,
     "p2":91,
     "p3":97},
    {"p1":86,
     "p2":87,
     "p3":99},
    {"p1":87,
     "p2":88,
     "p3":99},
    {"p1":78,
     "p2":79,
     "p3":80},
    {"p1":75,
     "p2":77,
     "p3":80},
    {"p1":77,
     "p2":78,
     "p3":80},
    {"p1":0,
     "p2":47,
     "p3":107},
    {"p1":47,
     "p2":106,
     "p3":107},
    {"p1":75,
     "p2":103,
     "p3":104},
    {"p1":49,
     "p2":104,
     "p3":105},
    {"p1":47,
     "p2":49,
     "p3":105},
    {"p1":47,
     "p2":105,
     "p3":106},
    {"p1":22,
     "p2":23,
     "p3":24},
    {"p1":21,
     "p2":25,
     "p3":26},
    {"p1":21,
     "p2":22,
     "p3":25},
    {"p1":22,
     "p2":24,
     "p3":25},
    {"p1":17,
     "p2":18,
     "p3":20},
    {"p1":17,
     "p2":20,
     "p3":21},
    {"p1":16,
     "p2":17,
     "p3":21},
    {"p1":12,
     "p2":13,
     "p3":14},
    {"p1":6,
     "p2":7,
     "p3":12},
    {"p1":14,
     "p2":33,
     "p3":34},
    {"p1":14,
     "p2":32,
     "p3":33},
    {"p1":71,
     "p2":72,
     "p3":74},
    {"p1":72,
     "p2":73,
     "p3":74},
    {"p1":56,
     "p2":57,
     "p3":65},
    {"p1":67,
     "p2":68,
     "p3":69},
    {"p1":82,
     "p2":101,
     "p3":102},
    {"p1":99,
     "p2":100,
     "p3":101},
    {"p1":86,
     "p2":99,
     "p3":101},
    {"p1":75,
     "p2":80,
     "p3":81},
    {"p1":75,
     "p2":81,
     "p3":103},
    {"p1":81,
     "p2":82,
     "p3":102},
    {"p1":81,
     "p2":102,
     "p3":103},
    {"p1":14,
     "p2":15,
     "p3":32},
    {"p1":15,
     "p2":31,
     "p3":32},
    {"p1":15,
     "p2":16,
     "p3":21},
    {"p1":15,
     "p2":21,
     "p3":31},
    {"p1":7,
     "p2":11,
     "p3":12},
    {"p1":8,
     "p2":10,
     "p3":11},
    {"p1":7,
     "p2":8,
     "p3":11},
    {"p1":54,
     "p2":67,
     "p3":70},
    {"p1":67,
     "p2":69,
     "p3":70},
    {"p1":52,
     "p2":71,
     "p3":74},
    {"p1":54,
     "p2":55,
     "p3":67},
    {"p1":58,
     "p2":59,
     "p3":62},
    {"p1":58,
     "p2":62,
     "p3":63},
    {"p1":57,
     "p2":64,
     "p3":65},
    {"p1":58,
     "p2":63,
     "p3":64},
    {"p1":57,
     "p2":58,
     "p3":64},
    {"p1":56,
     "p2":65,
     "p3":66},
    {"p1":55,
     "p2":56,
     "p3":66},
    {"p1":55,
     "p2":66,
     "p3":67},
    {"p1":82,
     "p2":83,
     "p3":101},
    {"p1":83,
     "p2":84,
     "p3":101},
    {"p1":85,
     "p2":86,
     "p3":101},
    {"p1":84,
     "p2":85,
     "p3":101},
    {"p1":51,
     "p2":52,
     "p3":74},
    {"p1":51,
     "p2":74,
     "p3":104},
    {"p1":49,
     "p2":51,
     "p3":104},
    {"p1":49,
     "p2":50,
     "p3":51},
    {"p1":53,
     "p2":70,
     "p3":71},
    {"p1":52,
     "p2":53,
     "p3":71},
    {"p1":53,
     "p2":54,
     "p3":70}]
}