{"points":[
    {"x":0.16364,
     "y":0.50303},
    {"x":0.1697,
     "y":0.52727},
    {"x":0.1697,
     "y":0.55152},
    {"x":0.17576,
     "y":0.57576},
    {"x":0.17576,
     "y":0.6},
    {"x":0.18182,
     "y":0.62424},
    {"x":0.18182,
     "y":0.64848},
    {"x":0.18788,
     "y":0.67273},
    {"x":0.18788,
     "y":0.69697},
    {"x":0.19394,
     "y":0.72121},
    {"x":0.20606,
     "y":0.74545},
    {"x":0.22424,
     "y":0.7697},
    {"x":0.24848,
     "y":0.78788},
    {"x":0.27273,
     "y":0.79394},
    {"x":0.28485,
     "y":0.81212},
    {"x":0.29697,
     "y":0.83636},
    {"x":0.28485,
     "y":0.86061},
    {"x":0.27879,
     "y":0.88485},
    {"x":0.27273,
     "y":0.90909},
    {"x":0.27273,
     "y":0.93333},
    {"x":0.27879,
     "y":0.95152},
    {"x":0.30303,
     "y":0.96364},
    {"x":0.32727,
     "y":0.9697},
    {"x":0.35152,
     "y":0.96364},
    {"x":0.37576,
     "y":0.97576},
    {"x":0.38182,
     "y":1},
    {"x":0.40606,
     "y":1},
    {"x":0.4303,
     "y":1},
    {"x":0.44242,
     "y":0.98788},
    {"x":0.44848,
     "y":0.96364},
    {"x":0.47273,
     "y":0.96364},
    {"x":0.49697,
     "y":0.96364},
    {"x":0.52121,
     "y":0.95758},
    {"x":0.53939,
     "y":0.93333},
    {"x":0.53939,
     "y":0.90909},
    {"x":0.53333,
     "y":0.88485},
    {"x":0.52727,
     "y":0.86061},
    {"x":0.51515,
     "y":0.83636},
    {"x":0.53333,
     "y":0.81818},
    {"x":0.55152,
     "y":0.79394},
    {"x":0.57576,
     "y":0.78182},
    {"x":0.59394,
     "y":0.7697},
    {"x":0.61212,
     "y":0.74545},
    {"x":0.61818,
     "y":0.72121},
    {"x":0.6303,
     "y":0.69697},
    {"x":0.63636,
     "y":0.67273},
    {"x":0.63636,
     "y":0.64848},
    {"x":0.64242,
     "y":0.62424},
    {"x":0.64242,
     "y":0.6},
    {"x":0.64848,
     "y":0.57576},
    {"x":0.64848,
     "y":0.55152},
    {"x":0.65455,
     "y":0.52727},
    {"x":0.66061,
     "y":0.50303},
    {"x":0.66667,
     "y":0.47879},
    {"x":0.67273,
     "y":0.45455},
    {"x":0.68485,
     "y":0.4303},
    {"x":0.69697,
     "y":0.40606},
    {"x":0.70303,
     "y":0.38182},
    {"x":0.72121,
     "y":0.35758},
    {"x":0.73333,
     "y":0.33333},
    {"x":0.75152,
     "y":0.30909},
    {"x":0.7697,
     "y":0.28485},
    {"x":0.79394,
     "y":0.26061},
    {"x":0.81212,
     "y":0.23636},
    {"x":0.8303,
     "y":0.21818},
    {"x":0.83636,
     "y":0.19394},
    {"x":0.83636,
     "y":0.1697},
    {"x":0.83636,
     "y":0.14545},
    {"x":0.82424,
     "y":0.12121},
    {"x":0.8,
     "y":0.10303},
    {"x":0.77576,
     "y":0.090909},
    {"x":0.75152,
     "y":0.078788},
    {"x":0.72727,
     "y":0.072727},
    {"x":0.70303,
     "y":0.060606},
    {"x":0.67879,
     "y":0.054545},
    {"x":0.65455,
     "y":0.048485},
    {"x":0.6303,
     "y":0.042424},
    {"x":0.60606,
     "y":0.042424},
    {"x":0.58182,
     "y":0.042424},
    {"x":0.55758,
     "y":0.036364},
    {"x":0.53333,
     "y":0.036364},
    {"x":0.50909,
     "y":0.036364},
    {"x":0.48485,
     "y":0.030303},
    {"x":0.46061,
     "y":0.030303},
    {"x":0.44242,
     "y":0.018182},
    {"x":0.43636,
     "y":0},
    {"x":0.41212,
     "y":0},
    {"x":0.39394,
     "y":0.0060606},
    {"x":0.38788,
     "y":0.030303},
    {"x":0.36364,
     "y":0.030303},
    {"x":0.33939,
     "y":0.030303},
    {"x":0.31515,
     "y":0.030303},
    {"x":0.29091,
     "y":0.036364},
    {"x":0.26667,
     "y":0.036364},
    {"x":0.24242,
     "y":0.042424},
    {"x":0.21818,
     "y":0.042424},
    {"x":0.19394,
     "y":0.042424},
    {"x":0.1697,
     "y":0.048485},
    {"x":0.14545,
     "y":0.054545},
    {"x":0.12121,
     "y":0.060606},
    {"x":0.09697,
     "y":0.072727},
    {"x":0.072727,
     "y":0.078788},
    {"x":0.048485,
     "y":0.090909},
    {"x":0.024242,
     "y":0.10303},
    {"x":0.0060606,
     "y":0.12121},
    {"x":0,
     "y":0.14545},
    {"x":0,
     "y":0.1697},
    {"x":0,
     "y":0.19394},
    {"x":0.018182,
     "y":0.21818},
    {"x":0.042424,
     "y":0.24242},
    {"x":0.066667,
     "y":0.26667},
    {"x":0.090909,
     "y":0.29091},
    {"x":0.10909,
     "y":0.31515},
    {"x":0.12121,
     "y":0.33939},
    {"x":0.13333,
     "y":0.36364},
    {"x":0.13939,
     "y":0.38788},
    {"x":0.14545,
     "y":0.41212},
    {"x":0.15152,
     "y":0.43636},
    {"x":0.15758,
     "y":0.46061},
    {"x":0.16364,
     "y":0.48485},
    {"x":0.16364,
     "y":0.50303}],
 "triangles":[
    {"p1":19,
     "p2":20,
     "p3":21},
    {"p1":66,
     "p2":67,
     "p3":68},
    {"p1":103,
     "p2":104,
     "p3":105},
    {"p1":106,
     "p2":107,
     "p3":108},
    {"p1":102,
     "p2":106,
     "p3":108},
    {"p1":102,
     "p2":103,
     "p3":105},
    {"p1":102,
     "p2":105,
     "p3":106},
    {"p1":101,
     "p2":102,
     "p3":109},
    {"p1":102,
     "p2":108,
     "p3":109},
    {"p1":1,
     "p2":3,
     "p3":50},
    {"p1":3,
     "p2":48,
     "p3":50},
    {"p1":1,
     "p2":2,
     "p3":3},
    {"p1":18,
     "p2":19,
     "p3":21},
    {"p1":18,
     "p2":21,
     "p3":23},
    {"p1":17,
     "p2":18,
     "p3":23},
    {"p1":15,
     "p2":16,
     "p3":23},
    {"p1":16,
     "p2":17,
     "p3":23},
    {"p1":51,
     "p2":52,
     "p3":119},
    {"p1":1,
     "p2":51,
     "p3":119},
    {"p1":1,
     "p2":50,
     "p3":51},
    {"p1":52,
     "p2":53,
     "p3":119},
    {"p1":14,
     "p2":15,
     "p3":37},
    {"p1":84,
     "p2":85,
     "p3":86},
    {"p1":100,
     "p2":101,
     "p3":109},
    {"p1":100,
     "p2":109,
     "p3":110},
    {"p1":92,
     "p2":113,
     "p3":114},
    {"p1":3,
     "p2":4,
     "p3":5},
    {"p1":3,
     "p2":5,
     "p3":48},
    {"p1":13,
     "p2":39,
     "p3":46},
    {"p1":5,
     "p2":13,
     "p3":46},
    {"p1":5,
     "p2":46,
     "p3":48},
    {"p1":21,
     "p2":22,
     "p3":23},
    {"p1":10,
     "p2":11,
     "p3":13},
    {"p1":11,
     "p2":12,
     "p3":13},
    {"p1":48,
     "p2":49,
     "p3":50},
    {"p1":54,
     "p2":117,
     "p3":118},
    {"p1":53,
     "p2":118,
     "p3":119},
    {"p1":53,
     "p2":54,
     "p3":118},
    {"p1":54,
     "p2":115,
     "p3":116},
    {"p1":54,
     "p2":116,
     "p3":117},
    {"p1":66,
     "p2":68,
     "p3":69},
    {"p1":66,
     "p2":69,
     "p3":70},
    {"p1":61,
     "p2":62,
     "p3":72},
    {"p1":13,
     "p2":14,
     "p3":38},
    {"p1":14,
     "p2":37,
     "p3":38},
    {"p1":13,
     "p2":38,
     "p3":39},
    {"p1":98,
     "p2":100,
     "p3":110},
    {"p1":98,
     "p2":99,
     "p3":100},
    {"p1":5,
     "p2":6,
     "p3":7},
    {"p1":5,
     "p2":7,
     "p3":13},
    {"p1":7,
     "p2":8,
     "p3":9},
    {"p1":7,
     "p2":9,
     "p3":10},
    {"p1":7,
     "p2":10,
     "p3":13},
    {"p1":24,
     "p2":25,
     "p3":26},
    {"p1":26,
     "p2":27,
     "p3":28},
    {"p1":23,
     "p2":24,
     "p3":29},
    {"p1":15,
     "p2":23,
     "p3":29},
    {"p1":15,
     "p2":29,
     "p3":37},
    {"p1":24,
     "p2":26,
     "p3":29},
    {"p1":26,
     "p2":28,
     "p3":29},
    {"p1":0,
     "p2":1,
     "p3":119},
    {"p1":78,
     "p2":79,
     "p3":80},
    {"p1":62,
     "p2":71,
     "p3":72},
    {"p1":62,
     "p2":70,
     "p3":71},
    {"p1":61,
     "p2":72,
     "p3":74},
    {"p1":72,
     "p2":73,
     "p3":74},
    {"p1":46,
     "p2":47,
     "p3":48},
    {"p1":63,
     "p2":66,
     "p3":70},
    {"p1":62,
     "p2":63,
     "p3":70},
    {"p1":63,
     "p2":65,
     "p3":66},
    {"p1":63,
     "p2":64,
     "p3":65},
    {"p1":59,
     "p2":77,
     "p3":78},
    {"p1":75,
     "p2":76,
     "p3":77},
    {"p1":60,
     "p2":74,
     "p3":75},
    {"p1":60,
     "p2":61,
     "p3":74},
    {"p1":60,
     "p2":75,
     "p3":77},
    {"p1":59,
     "p2":60,
     "p3":77},
    {"p1":57,
     "p2":78,
     "p3":80},
    {"p1":57,
     "p2":59,
     "p3":78},
    {"p1":55,
     "p2":57,
     "p3":83},
    {"p1":55,
     "p2":56,
     "p3":57},
    {"p1":29,
     "p2":30,
     "p3":35},
    {"p1":31,
     "p2":32,
     "p3":33},
    {"p1":84,
     "p2":86,
     "p3":88},
    {"p1":83,
     "p2":84,
     "p3":88},
    {"p1":54,
     "p2":88,
     "p3":115},
    {"p1":88,
     "p2":114,
     "p3":115},
    {"p1":88,
     "p2":89,
     "p3":114},
    {"p1":55,
     "p2":83,
     "p3":88},
    {"p1":54,
     "p2":55,
     "p3":88},
    {"p1":92,
     "p2":93,
     "p3":94},
    {"p1":98,
     "p2":110,
     "p3":111},
    {"p1":39,
     "p2":43,
     "p3":46},
    {"p1":57,
     "p2":58,
     "p3":59},
    {"p1":57,
     "p2":80,
     "p3":81},
    {"p1":81,
     "p2":82,
     "p3":83},
    {"p1":57,
     "p2":81,
     "p3":83},
    {"p1":29,
     "p2":36,
     "p3":37},
    {"p1":29,
     "p2":35,
     "p3":36},
    {"p1":41,
     "p2":42,
     "p3":43},
    {"p1":31,
     "p2":33,
     "p3":34},
    {"p1":30,
     "p2":34,
     "p3":35},
    {"p1":30,
     "p2":31,
     "p3":34},
    {"p1":90,
     "p2":91,
     "p3":92},
    {"p1":90,
     "p2":92,
     "p3":114},
    {"p1":89,
     "p2":90,
     "p3":114},
    {"p1":86,
     "p2":87,
     "p3":88},
    {"p1":97,
     "p2":98,
     "p3":111},
    {"p1":95,
     "p2":96,
     "p3":97},
    {"p1":95,
     "p2":97,
     "p3":111},
    {"p1":92,
     "p2":112,
     "p3":113},
    {"p1":92,
     "p2":94,
     "p3":112},
    {"p1":94,
     "p2":95,
     "p3":112},
    {"p1":95,
     "p2":111,
     "p3":112},
    {"p1":43,
     "p2":44,
     "p3":46},
    {"p1":39,
     "p2":40,
     "p3":43},
    {"p1":40,
     "p2":41,
     "p3":43},
    {"p1":44,
     "p2":45,
     "p3":46}]
}