{"points":[
    {"x":0.10526,
     "y":0.34689},
    {"x":0.093301,
     "y":0.38038},
    {"x":0.083732,
     "y":0.41388},
    {"x":0.08134,
     "y":0.44737},
    {"x":0.088517,
     "y":0.48086},
    {"x":0.10287,
     "y":0.51435},
    {"x":0.11244,
     "y":0.54785},
    {"x":0.08134,
     "y":0.56938},
    {"x":0.047847,
     "y":0.56459},
    {"x":0.014354,
     "y":0.55742},
    {"x":0,
     "y":0.57177},
    {"x":0.0311,
     "y":0.59091},
    {"x":0.064593,
     "y":0.60526},
    {"x":0.076555,
     "y":0.63397},
    {"x":0.090909,
     "y":0.66746},
    {"x":0.12201,
     "y":0.689},
    {"x":0.1555,
     "y":0.69617},
    {"x":0.189,
     "y":0.69617},
    {"x":0.22249,
     "y":0.67943},
    {"x":0.24163,
     "y":0.64833},
    {"x":0.2512,
     "y":0.61483},
    {"x":0.2488,
     "y":0.58134},
    {"x":0.26316,
     "y":0.55502},
    {"x":0.29665,
     "y":0.56699},
    {"x":0.33014,
     "y":0.57416},
    {"x":0.36364,
     "y":0.57895},
    {"x":0.39713,
     "y":0.58134},
    {"x":0.43062,
     "y":0.57895},
    {"x":0.46411,
     "y":0.57416},
    {"x":0.49761,
     "y":0.56938},
    {"x":0.5311,
     "y":0.56459},
    {"x":0.56459,
     "y":0.55981},
    {"x":0.59809,
     "y":0.55263},
    {"x":0.63158,
     "y":0.54306},
    {"x":0.66507,
     "y":0.53589},
    {"x":0.69856,
     "y":0.53349},
    {"x":0.73206,
     "y":0.5311},
    {"x":0.76555,
     "y":0.52871},
    {"x":0.79904,
     "y":0.5311},
    {"x":0.83254,
     "y":0.53349},
    {"x":0.86603,
     "y":0.53589},
    {"x":0.89952,
     "y":0.53828},
    {"x":0.93301,
     "y":0.53828},
    {"x":0.96651,
     "y":0.53349},
    {"x":0.94976,
     "y":0.50718},
    {"x":0.91627,
     "y":0.49761},
    {"x":0.88278,
     "y":0.48804},
    {"x":0.88278,
     "y":0.47847},
    {"x":0.91627,
     "y":0.47368},
    {"x":0.94976,
     "y":0.47368},
    {"x":0.98325,
     "y":0.47368},
    {"x":1,
     "y":0.44976},
    {"x":0.97368,
     "y":0.42823},
    {"x":0.94019,
     "y":0.42344},
    {"x":0.9067,
     "y":0.41866},
    {"x":0.87321,
     "y":0.41388},
    {"x":0.83971,
     "y":0.40909},
    {"x":0.80622,
     "y":0.39952},
    {"x":0.77273,
     "y":0.38995},
    {"x":0.73923,
     "y":0.37799},
    {"x":0.70574,
     "y":0.35885},
    {"x":0.67225,
     "y":0.33971},
    {"x":0.64354,
     "y":0.32057},
    {"x":0.64833,
     "y":0.29187},
    {"x":0.67464,
     "y":0.26316},
    {"x":0.66507,
     "y":0.23206},
    {"x":0.64115,
     "y":0.19856},
    {"x":0.61962,
     "y":0.16507},
    {"x":0.59809,
     "y":0.13158},
    {"x":0.57656,
     "y":0.098086},
    {"x":0.55981,
     "y":0.064593},
    {"x":0.57656,
     "y":0.050239},
    {"x":0.56938,
     "y":0.0311},
    {"x":0.53828,
     "y":0.023923},
    {"x":0.50478,
     "y":0.0095694},
    {"x":0.47129,
     "y":0},
    {"x":0.44258,
     "y":0},
    {"x":0.42344,
     "y":0.0023923},
    {"x":0.43301,
     "y":0.021531},
    {"x":0.39952,
     "y":0.023923},
    {"x":0.37321,
     "y":0.028708},
    {"x":0.37799,
     "y":0.059809},
    {"x":0.41148,
     "y":0.069378},
    {"x":0.41866,
     "y":0.083732},
    {"x":0.44976,
     "y":0.08134},
    {"x":0.46411,
     "y":0.11005},
    {"x":0.47847,
     "y":0.14354},
    {"x":0.48804,
     "y":0.17703},
    {"x":0.49522,
     "y":0.21053},
    {"x":0.49282,
     "y":0.24402},
    {"x":0.45933,
     "y":0.24402},
    {"x":0.42584,
     "y":0.23923},
    {"x":0.39234,
     "y":0.23445},
    {"x":0.35885,
     "y":0.22967},
    {"x":0.32536,
     "y":0.23206},
    {"x":0.29187,
     "y":0.23684},
    {"x":0.25837,
     "y":0.24402},
    {"x":0.22488,
     "y":0.2512},
    {"x":0.19139,
     "y":0.26794},
    {"x":0.15789,
     "y":0.28708},
    {"x":0.12919,
     "y":0.3134},
    {"x":0.10526,
     "y":0.34689},
    {"x":0.10526,
     "y":0.34689}],
 "triangles":[
    {"p1":30,
     "p2":62,
     "p3":89},
    {"p1":75,
     "p2":76,
     "p3":78},
    {"p1":76,
     "p2":77,
     "p3":78},
    {"p1":37,
     "p2":38,
     "p3":57},
    {"p1":40,
     "p2":41,
     "p3":46},
    {"p1":50,
     "p2":51,
     "p3":52},
    {"p1":13,
     "p2":14,
     "p3":15},
    {"p1":9,
     "p2":10,
     "p3":11},
    {"p1":16,
     "p2":17,
     "p3":19},
    {"p1":17,
     "p2":18,
     "p3":19},
    {"p1":22,
     "p2":99,
     "p3":100},
    {"p1":22,
     "p2":95,
     "p3":96},
    {"p1":34,
     "p2":60,
     "p3":61},
    {"p1":66,
     "p2":88,
     "p3":89},
    {"p1":66,
     "p2":67,
     "p3":88},
    {"p1":49,
     "p2":50,
     "p3":52},
    {"p1":8,
     "p2":9,
     "p3":11},
    {"p1":8,
     "p2":11,
     "p3":12},
    {"p1":6,
     "p2":16,
     "p3":19},
    {"p1":5,
     "p2":6,
     "p3":22},
    {"p1":6,
     "p2":15,
     "p3":16},
    {"p1":6,
     "p2":13,
     "p3":15},
    {"p1":25,
     "p2":26,
     "p3":91},
    {"p1":25,
     "p2":91,
     "p3":92},
    {"p1":24,
     "p2":25,
     "p3":92},
    {"p1":79,
     "p2":80,
     "p3":81},
    {"p1":75,
     "p2":78,
     "p3":84},
    {"p1":1,
     "p2":2,
     "p3":22},
    {"p1":1,
     "p2":22,
     "p3":100},
    {"p1":0,
     "p2":1,
     "p3":100},
    {"p1":4,
     "p2":5,
     "p3":22},
    {"p1":2,
     "p2":4,
     "p3":22},
    {"p1":22,
     "p2":98,
     "p3":99},
    {"p1":22,
     "p2":96,
     "p3":98},
    {"p1":96,
     "p2":97,
     "p3":98},
    {"p1":26,
     "p2":27,
     "p3":91},
    {"p1":27,
     "p2":90,
     "p3":91},
    {"p1":27,
     "p2":28,
     "p3":90},
    {"p1":30,
     "p2":31,
     "p3":62},
    {"p1":31,
     "p2":32,
     "p3":62},
    {"p1":33,
     "p2":61,
     "p3":62},
    {"p1":32,
     "p2":33,
     "p3":62},
    {"p1":33,
     "p2":34,
     "p3":61},
    {"p1":39,
     "p2":40,
     "p3":46},
    {"p1":38,
     "p2":39,
     "p3":47},
    {"p1":39,
     "p2":46,
     "p3":47},
    {"p1":69,
     "p2":86,
     "p3":87},
    {"p1":78,
     "p2":79,
     "p3":82},
    {"p1":78,
     "p2":82,
     "p3":84},
    {"p1":82,
     "p2":83,
     "p3":84},
    {"p1":79,
     "p2":81,
     "p3":82},
    {"p1":35,
     "p2":36,
     "p3":59},
    {"p1":34,
     "p2":35,
     "p3":60},
    {"p1":35,
     "p2":59,
     "p3":60},
    {"p1":42,
     "p2":43,
     "p3":44},
    {"p1":47,
     "p2":48,
     "p3":54},
    {"p1":7,
     "p2":12,
     "p3":13},
    {"p1":6,
     "p2":7,
     "p3":13},
    {"p1":7,
     "p2":8,
     "p3":12},
    {"p1":6,
     "p2":21,
     "p3":22},
    {"p1":69,
     "p2":85,
     "p3":86},
    {"p1":74,
     "p2":75,
     "p3":84},
    {"p1":73,
     "p2":74,
     "p3":84},
    {"p1":2,
     "p2":3,
     "p3":4},
    {"p1":28,
     "p2":29,
     "p3":90},
    {"p1":29,
     "p2":30,
     "p3":89},
    {"p1":29,
     "p2":89,
     "p3":90},
    {"p1":49,
     "p2":52,
     "p3":53},
    {"p1":48,
     "p2":53,
     "p3":54},
    {"p1":48,
     "p2":49,
     "p3":53},
    {"p1":67,
     "p2":68,
     "p3":88},
    {"p1":68,
     "p2":87,
     "p3":88},
    {"p1":68,
     "p2":69,
     "p3":87},
    {"p1":41,
     "p2":45,
     "p3":46},
    {"p1":41,
     "p2":42,
     "p3":45},
    {"p1":42,
     "p2":44,
     "p3":45},
    {"p1":6,
     "p2":19,
     "p3":20},
    {"p1":6,
     "p2":20,
     "p3":21},
    {"p1":22,
     "p2":94,
     "p3":95},
    {"p1":22,
     "p2":23,
     "p3":94},
    {"p1":23,
     "p2":24,
     "p3":94},
    {"p1":24,
     "p2":92,
     "p3":94},
    {"p1":92,
     "p2":93,
     "p3":94},
    {"p1":70,
     "p2":73,
     "p3":84},
    {"p1":70,
     "p2":84,
     "p3":85},
    {"p1":69,
     "p2":70,
     "p3":85},
    {"p1":70,
     "p2":71,
     "p3":72},
    {"p1":70,
     "p2":72,
     "p3":73},
    {"p1":63,
     "p2":64,
     "p3":65},
    {"p1":63,
     "p2":65,
     "p3":66},
    {"p1":62,
     "p2":63,
     "p3":89},
    {"p1":63,
     "p2":66,
     "p3":89},
    {"p1":37,
     "p2":57,
     "p3":58},
    {"p1":36,
     "p2":58,
     "p3":59},
    {"p1":36,
     "p2":37,
     "p3":58},
    {"p1":47,
     "p2":54,
     "p3":55},
    {"p1":47,
     "p2":55,
     "p3":56},
    {"p1":38,
     "p2":56,
     "p3":57},
    {"p1":38,
     "p2":47,
     "p3":56}]
}