{"points":[
    {"x":0.077519,
     "y":0.44574},
    {"x":0.081395,
     "y":0.47287},
    {"x":0.085271,
     "y":0.5},
    {"x":0.089147,
     "y":0.52713},
    {"x":0.096899,
     "y":0.55426},
    {"x":0.10465,
     "y":0.5814},
    {"x":0.10853,
     "y":0.60853},
    {"x":0.10853,
     "y":0.63566},
    {"x":0.10078,
     "y":0.66279},
    {"x":0.077519,
     "y":0.68217},
    {"x":0.050388,
     "y":0.68605},
    {"x":0.023256,
     "y":0.68605},
    {"x":0,
     "y":0.6938},
    {"x":0.015504,
     "y":0.71705},
    {"x":0.03876,
     "y":0.74031},
    {"x":0.054264,
     "y":0.76744},
    {"x":0.081395,
     "y":0.78682},
    {"x":0.10853,
     "y":0.79457},
    {"x":0.13566,
     "y":0.79845},
    {"x":0.16279,
     "y":0.79845},
    {"x":0.18992,
     "y":0.7907},
    {"x":0.21705,
     "y":0.77519},
    {"x":0.24031,
     "y":0.74806},
    {"x":0.25194,
     "y":0.72093},
    {"x":0.25581,
     "y":0.6938},
    {"x":0.25969,
     "y":0.66667},
    {"x":0.26357,
     "y":0.63953},
    {"x":0.27132,
     "y":0.6124},
    {"x":0.28295,
     "y":0.58527},
    {"x":0.30233,
     "y":0.55814},
    {"x":0.32558,
     "y":0.53101},
    {"x":0.35271,
     "y":0.50775},
    {"x":0.37597,
     "y":0.49225},
    {"x":0.4031,
     "y":0.47674},
    {"x":0.43023,
     "y":0.46512},
    {"x":0.45736,
     "y":0.45349},
    {"x":0.4845,
     "y":0.44186},
    {"x":0.51163,
     "y":0.43023},
    {"x":0.53876,
     "y":0.4186},
    {"x":0.56589,
     "y":0.40698},
    {"x":0.59302,
     "y":0.39535},
    {"x":0.62016,
     "y":0.38372},
    {"x":0.64729,
     "y":0.37209},
    {"x":0.67442,
     "y":0.36047},
    {"x":0.70155,
     "y":0.35271},
    {"x":0.72868,
     "y":0.34496},
    {"x":0.75581,
     "y":0.34496},
    {"x":0.78295,
     "y":0.34109},
    {"x":0.81008,
     "y":0.33721},
    {"x":0.83721,
     "y":0.33721},
    {"x":0.86434,
     "y":0.33721},
    {"x":0.89147,
     "y":0.33721},
    {"x":0.9186,
     "y":0.33333},
    {"x":0.94186,
     "y":0.32171},
    {"x":0.94961,
     "y":0.30233},
    {"x":0.96899,
     "y":0.27907},
    {"x":0.94961,
     "y":0.26357},
    {"x":0.96899,
     "y":0.25194},
    {"x":0.99612,
     "y":0.23643},
    {"x":1,
     "y":0.2093},
    {"x":0.9845,
     "y":0.18605},
    {"x":0.97674,
     "y":0.15891},
    {"x":0.94961,
     "y":0.14729},
    {"x":0.92248,
     "y":0.13953},
    {"x":0.89535,
     "y":0.13953},
    {"x":0.86822,
     "y":0.14729},
    {"x":0.84109,
     "y":0.15504},
    {"x":0.81395,
     "y":0.16279},
    {"x":0.78682,
     "y":0.17054},
    {"x":0.75969,
     "y":0.18217},
    {"x":0.73256,
     "y":0.18992},
    {"x":0.70543,
     "y":0.1938},
    {"x":0.67829,
     "y":0.18992},
    {"x":0.65116,
     "y":0.18605},
    {"x":0.62403,
     "y":0.17054},
    {"x":0.5969,
     "y":0.15504},
    {"x":0.56977,
     "y":0.13953},
    {"x":0.54651,
     "y":0.12403},
    {"x":0.51938,
     "y":0.1124},
    {"x":0.49225,
     "y":0.10465},
    {"x":0.46512,
     "y":0.10465},
    {"x":0.43798,
     "y":0.10853},
    {"x":0.41085,
     "y":0.10078},
    {"x":0.39147,
     "y":0.073643},
    {"x":0.3876,
     "y":0.046512},
    {"x":0.4031,
     "y":0.01938},
    {"x":0.40698,
     "y":0},
    {"x":0.37984,
     "y":0.01938},
    {"x":0.35271,
     "y":0.023256},
    {"x":0.32558,
     "y":0.027132},
    {"x":0.29845,
     "y":0.027132},
    {"x":0.27519,
     "y":0.034884},
    {"x":0.30233,
     "y":0.046512},
    {"x":0.32946,
     "y":0.046512},
    {"x":0.35659,
     "y":0.062016},
    {"x":0.36434,
     "y":0.089147},
    {"x":0.34884,
     "y":0.10853},
    {"x":0.32171,
     "y":0.12016},
    {"x":0.29457,
     "y":0.12791},
    {"x":0.26744,
     "y":0.14341},
    {"x":0.24031,
     "y":0.15891},
    {"x":0.21705,
     "y":0.18217},
    {"x":0.18992,
     "y":0.20155},
    {"x":0.16667,
     "y":0.22481},
    {"x":0.14341,
     "y":0.24806},
    {"x":0.12016,
     "y":0.27519},
    {"x":0.10465,
     "y":0.30233},
    {"x":0.093023,
     "y":0.32946},
    {"x":0.085271,
     "y":0.35659},
    {"x":0.081395,
     "y":0.38372},
    {"x":0.077519,
     "y":0.41085},
    {"x":0.077519,
     "y":0.43798},
    {"x":0.077519,
     "y":0.44574}],
 "triangles":[
    {"p1":48,
     "p2":68,
     "p3":69},
    {"p1":52,
     "p2":53,
     "p3":54},
    {"p1":44,
     "p2":45,
     "p3":71},
    {"p1":45,
     "p2":46,
     "p3":70},
    {"p1":45,
     "p2":70,
     "p3":71},
    {"p1":47,
     "p2":48,
     "p3":69},
    {"p1":46,
     "p2":47,
     "p3":70},
    {"p1":47,
     "p2":69,
     "p3":70},
    {"p1":48,
     "p2":49,
     "p3":68},
    {"p1":60,
     "p2":61,
     "p3":62},
    {"p1":57,
     "p2":58,
     "p3":59},
    {"p1":57,
     "p2":59,
     "p3":60},
    {"p1":49,
     "p2":67,
     "p3":68},
    {"p1":10,
     "p2":13,
     "p3":14},
    {"p1":51,
     "p2":52,
     "p3":56},
    {"p1":52,
     "p2":54,
     "p3":56},
    {"p1":54,
     "p2":55,
     "p3":56},
    {"p1":56,
     "p2":65,
     "p3":66},
    {"p1":56,
     "p2":64,
     "p3":65},
    {"p1":56,
     "p2":63,
     "p3":64},
    {"p1":56,
     "p2":62,
     "p3":63},
    {"p1":56,
     "p2":60,
     "p3":62},
    {"p1":56,
     "p2":57,
     "p3":60},
    {"p1":88,
     "p2":93,
     "p3":94},
    {"p1":77,
     "p2":78,
     "p3":81},
    {"p1":40,
     "p2":74,
     "p3":75},
    {"p1":31,
     "p2":106,
     "p3":107},
    {"p1":8,
     "p2":18,
     "p3":19},
    {"p1":8,
     "p2":21,
     "p3":22},
    {"p1":9,
     "p2":15,
     "p3":16},
    {"p1":9,
     "p2":14,
     "p3":15},
    {"p1":9,
     "p2":10,
     "p3":14},
    {"p1":9,
     "p2":16,
     "p3":17},
    {"p1":9,
     "p2":17,
     "p3":18},
    {"p1":8,
     "p2":9,
     "p3":18},
    {"p1":30,
     "p2":31,
     "p3":109},
    {"p1":30,
     "p2":109,
     "p3":110},
    {"p1":7,
     "p2":25,
     "p3":26},
    {"p1":6,
     "p2":7,
     "p3":26},
    {"p1":7,
     "p2":8,
     "p3":24},
    {"p1":7,
     "p2":24,
     "p3":25},
    {"p1":6,
     "p2":26,
     "p3":27},
    {"p1":11,
     "p2":12,
     "p3":13},
    {"p1":10,
     "p2":11,
     "p3":13},
    {"p1":85,
     "p2":86,
     "p3":87},
    {"p1":78,
     "p2":80,
     "p3":81},
    {"p1":78,
     "p2":79,
     "p3":80},
    {"p1":44,
     "p2":71,
     "p3":72},
    {"p1":76,
     "p2":77,
     "p3":81},
    {"p1":35,
     "p2":36,
     "p3":81},
    {"p1":35,
     "p2":81,
     "p3":97},
    {"p1":81,
     "p2":82,
     "p3":96},
    {"p1":81,
     "p2":96,
     "p3":97},
    {"p1":90,
     "p2":91,
     "p3":92},
    {"p1":43,
     "p2":44,
     "p3":72},
    {"p1":43,
     "p2":72,
     "p3":73},
    {"p1":42,
     "p2":43,
     "p3":73},
    {"p1":31,
     "p2":104,
     "p3":105},
    {"p1":31,
     "p2":105,
     "p3":106},
    {"p1":8,
     "p2":20,
     "p3":21},
    {"p1":8,
     "p2":19,
     "p3":20},
    {"p1":8,
     "p2":23,
     "p3":24},
    {"p1":8,
     "p2":22,
     "p3":23},
    {"p1":50,
     "p2":51,
     "p3":56},
    {"p1":50,
     "p2":56,
     "p3":66},
    {"p1":50,
     "p2":66,
     "p3":67},
    {"p1":49,
     "p2":50,
     "p3":67},
    {"p1":31,
     "p2":107,
     "p3":108},
    {"p1":31,
     "p2":108,
     "p3":109},
    {"p1":1,
     "p2":2,
     "p3":29},
    {"p1":1,
     "p2":29,
     "p3":30},
    {"p1":88,
     "p2":89,
     "p3":93},
    {"p1":89,
     "p2":92,
     "p3":93},
    {"p1":89,
     "p2":90,
     "p3":92},
    {"p1":84,
     "p2":85,
     "p3":87},
    {"p1":83,
     "p2":84,
     "p3":94},
    {"p1":84,
     "p2":88,
     "p3":94},
    {"p1":84,
     "p2":87,
     "p3":88},
    {"p1":38,
     "p2":76,
     "p3":81},
    {"p1":33,
     "p2":101,
     "p3":102},
    {"p1":99,
     "p2":100,
     "p3":101},
    {"p1":34,
     "p2":35,
     "p3":97},
    {"p1":34,
     "p2":97,
     "p3":99},
    {"p1":33,
     "p2":34,
     "p3":101},
    {"p1":34,
     "p2":99,
     "p3":101},
    {"p1":82,
     "p2":83,
     "p3":95},
    {"p1":82,
     "p2":95,
     "p3":96},
    {"p1":83,
     "p2":94,
     "p3":95},
    {"p1":97,
     "p2":98,
     "p3":99},
    {"p1":41,
     "p2":73,
     "p3":74},
    {"p1":41,
     "p2":42,
     "p3":73},
    {"p1":40,
     "p2":41,
     "p3":74},
    {"p1":30,
     "p2":110,
     "p3":111},
    {"p1":1,
     "p2":30,
     "p3":111},
    {"p1":0,
     "p2":1,
     "p3":111},
    {"p1":5,
     "p2":6,
     "p3":27},
    {"p1":5,
     "p2":27,
     "p3":28},
    {"p1":4,
     "p2":5,
     "p3":28},
    {"p1":2,
     "p2":3,
     "p3":29},
    {"p1":3,
     "p2":28,
     "p3":29},
    {"p1":3,
     "p2":4,
     "p3":28},
    {"p1":36,
     "p2":37,
     "p3":81},
    {"p1":37,
     "p2":38,
     "p3":81},
    {"p1":38,
     "p2":39,
     "p3":76},
    {"p1":39,
     "p2":40,
     "p3":75},
    {"p1":39,
     "p2":75,
     "p3":76},
    {"p1":32,
     "p2":33,
     "p3":102},
    {"p1":32,
     "p2":102,
     "p3":103},
    {"p1":31,
     "p2":32,
     "p3":104},
    {"p1":32,
     "p2":103,
     "p3":104}]
}