{"points":[
    {"x":0.092527,
     "y":0.46263},
    {"x":0.078292,
     "y":0.4911},
    {"x":0.067616,
     "y":0.51957},
    {"x":0.064057,
     "y":0.54804},
    {"x":0.064057,
     "y":0.57651},
    {"x":0.064057,
     "y":0.60498},
    {"x":0.064057,
     "y":0.63345},
    {"x":0.064057,
     "y":0.66192},
    {"x":0.071174,
     "y":0.69039},
    {"x":0.074733,
     "y":0.71886},
    {"x":0.071174,
     "y":0.74377},
    {"x":0.046263,
     "y":0.76512},
    {"x":0.017794,
     "y":0.76512},
    {"x":0,
     "y":0.7758},
    {"x":0.0071174,
     "y":0.80427},
    {"x":0.02847,
     "y":0.82918},
    {"x":0.046263,
     "y":0.85765},
    {"x":0.071174,
     "y":0.88256},
    {"x":0.092527,
     "y":0.90747},
    {"x":0.11744,
     "y":0.92171},
    {"x":0.13879,
     "y":0.91459},
    {"x":0.16014,
     "y":0.89324},
    {"x":0.18149,
     "y":0.87189},
    {"x":0.20285,
     "y":0.84342},
    {"x":0.21352,
     "y":0.81495},
    {"x":0.22064,
     "y":0.78648},
    {"x":0.22064,
     "y":0.75801},
    {"x":0.22776,
     "y":0.72954},
    {"x":0.23488,
     "y":0.70107},
    {"x":0.25979,
     "y":0.67972},
    {"x":0.28826,
     "y":0.65125},
    {"x":0.31673,
     "y":0.62989},
    {"x":0.3452,
     "y":0.6121},
    {"x":0.37367,
     "y":0.59431},
    {"x":0.40214,
     "y":0.57295},
    {"x":0.4306,
     "y":0.55872},
    {"x":0.45907,
     "y":0.54093},
    {"x":0.48754,
     "y":0.52313},
    {"x":0.51601,
     "y":0.51246},
    {"x":0.54448,
     "y":0.49466},
    {"x":0.57295,
     "y":0.48043},
    {"x":0.60142,
     "y":0.45907},
    {"x":0.62989,
     "y":0.44128},
    {"x":0.65836,
     "y":0.42705},
    {"x":0.68683,
     "y":0.40925},
    {"x":0.7153,
     "y":0.40214},
    {"x":0.74377,
     "y":0.39858},
    {"x":0.77224,
     "y":0.39858},
    {"x":0.80071,
     "y":0.39858},
    {"x":0.82918,
     "y":0.40214},
    {"x":0.85765,
     "y":0.40569},
    {"x":0.88612,
     "y":0.40925},
    {"x":0.91459,
     "y":0.41637},
    {"x":0.94306,
     "y":0.42349},
    {"x":0.97153,
     "y":0.42705},
    {"x":0.99288,
     "y":0.41637},
    {"x":1,
     "y":0.3879},
    {"x":1,
     "y":0.35943},
    {"x":0.98932,
     "y":0.33096},
    {"x":0.97509,
     "y":0.30605},
    {"x":0.94662,
     "y":0.28826},
    {"x":0.91815,
     "y":0.27402},
    {"x":0.88968,
     "y":0.26335},
    {"x":0.86121,
     "y":0.25979},
    {"x":0.83274,
     "y":0.25623},
    {"x":0.80427,
     "y":0.24911},
    {"x":0.7758,
     "y":0.24199},
    {"x":0.74733,
     "y":0.24199},
    {"x":0.71886,
     "y":0.22776},
    {"x":0.69039,
     "y":0.20641},
    {"x":0.66192,
     "y":0.19217},
    {"x":0.63345,
     "y":0.18149},
    {"x":0.60498,
     "y":0.15658},
    {"x":0.57651,
     "y":0.13523},
    {"x":0.55516,
     "y":0.11032},
    {"x":0.52669,
     "y":0.085409},
    {"x":0.50534,
     "y":0.060498},
    {"x":0.47687,
     "y":0.046263},
    {"x":0.45552,
     "y":0.02847},
    {"x":0.42705,
     "y":0.010676},
    {"x":0.39858,
     "y":0},
    {"x":0.37011,
     "y":0},
    {"x":0.39502,
     "y":0.024911},
    {"x":0.41993,
     "y":0.046263},
    {"x":0.41993,
     "y":0.074733},
    {"x":0.39858,
     "y":0.099644},
    {"x":0.37011,
     "y":0.081851},
    {"x":0.34164,
     "y":0.067616},
    {"x":0.31317,
     "y":0.042705},
    {"x":0.2847,
     "y":0.017794},
    {"x":0.2669,
     "y":0},
    {"x":0.23843,
     "y":0},
    {"x":0.24911,
     "y":0.021352},
    {"x":0.2669,
     "y":0.049822},
    {"x":0.29537,
     "y":0.078292},
    {"x":0.32028,
     "y":0.099644},
    {"x":0.3274,
     "y":0.12811},
    {"x":0.32028,
     "y":0.15658},
    {"x":0.29537,
     "y":0.17794},
    {"x":0.27758,
     "y":0.19573},
    {"x":0.25623,
     "y":0.21708},
    {"x":0.23843,
     "y":0.23843},
    {"x":0.21352,
     "y":0.26335},
    {"x":0.19929,
     "y":0.28826},
    {"x":0.17794,
     "y":0.31317},
    {"x":0.1637,
     "y":0.34164},
    {"x":0.14591,
     "y":0.37011},
    {"x":0.13167,
     "y":0.39858},
    {"x":0.11744,
     "y":0.42705},
    {"x":0.099644,
     "y":0.4484},
    {"x":0.092527,
     "y":0.46263}],
 "triangles":[
    {"p1":54,
     "p2":55,
     "p3":56},
    {"p1":18,
     "p2":19,
     "p3":20},
    {"p1":58,
     "p2":59,
     "p3":60},
    {"p1":12,
     "p2":13,
     "p3":14},
    {"p1":10,
     "p2":22,
     "p3":23},
    {"p1":10,
     "p2":17,
     "p3":22},
    {"p1":10,
     "p2":16,
     "p3":17},
    {"p1":50,
     "p2":61,
     "p3":62},
    {"p1":8,
     "p2":9,
     "p3":28},
    {"p1":5,
     "p2":6,
     "p3":28},
    {"p1":10,
     "p2":23,
     "p3":24},
    {"p1":10,
     "p2":24,
     "p3":25},
    {"p1":17,
     "p2":21,
     "p3":22},
    {"p1":18,
     "p2":20,
     "p3":21},
    {"p1":17,
     "p2":18,
     "p3":21},
    {"p1":11,
     "p2":15,
     "p3":16},
    {"p1":10,
     "p2":11,
     "p3":16},
    {"p1":11,
     "p2":14,
     "p3":15},
    {"p1":11,
     "p2":12,
     "p3":14},
    {"p1":43,
     "p2":44,
     "p3":70},
    {"p1":43,
     "p2":70,
     "p3":71},
    {"p1":44,
     "p2":69,
     "p3":70},
    {"p1":45,
     "p2":46,
     "p3":67},
    {"p1":90,
     "p2":91,
     "p3":92},
    {"p1":37,
     "p2":99,
     "p3":100},
    {"p1":88,
     "p2":93,
     "p3":94},
    {"p1":87,
     "p2":94,
     "p3":95},
    {"p1":87,
     "p2":88,
     "p3":94},
    {"p1":80,
     "p2":81,
     "p3":82},
    {"p1":7,
     "p2":8,
     "p3":28},
    {"p1":6,
     "p2":7,
     "p3":28},
    {"p1":0,
     "p2":1,
     "p3":30},
    {"p1":5,
     "p2":28,
     "p3":29},
    {"p1":4,
     "p2":5,
     "p3":29},
    {"p1":4,
     "p2":29,
     "p3":30},
    {"p1":0,
     "p2":30,
     "p3":31},
    {"p1":1,
     "p2":3,
     "p3":30},
    {"p1":3,
     "p2":4,
     "p3":30},
    {"p1":42,
     "p2":43,
     "p3":71},
    {"p1":41,
     "p2":42,
     "p3":71},
    {"p1":47,
     "p2":66,
     "p3":67},
    {"p1":46,
     "p2":47,
     "p3":67},
    {"p1":50,
     "p2":62,
     "p3":63},
    {"p1":49,
     "p2":50,
     "p3":63},
    {"p1":44,
     "p2":45,
     "p3":68},
    {"p1":45,
     "p2":67,
     "p3":68},
    {"p1":44,
     "p2":68,
     "p3":69},
    {"p1":89,
     "p2":92,
     "p3":93},
    {"p1":89,
     "p2":90,
     "p3":92},
    {"p1":88,
     "p2":89,
     "p3":93},
    {"p1":37,
     "p2":100,
     "p3":101},
    {"p1":36,
     "p2":37,
     "p3":101},
    {"p1":35,
     "p2":36,
     "p3":103},
    {"p1":36,
     "p2":101,
     "p3":103},
    {"p1":101,
     "p2":102,
     "p3":103},
    {"p1":73,
     "p2":85,
     "p3":97},
    {"p1":85,
     "p2":96,
     "p3":97},
    {"p1":75,
     "p2":76,
     "p3":84},
    {"p1":75,
     "p2":84,
     "p3":85},
    {"p1":86,
     "p2":87,
     "p3":95},
    {"p1":86,
     "p2":95,
     "p3":96},
    {"p1":85,
     "p2":86,
     "p3":96},
    {"p1":103,
     "p2":104,
     "p3":105},
    {"p1":31,
     "p2":32,
     "p3":108},
    {"p1":0,
     "p2":108,
     "p3":109},
    {"p1":0,
     "p2":31,
     "p3":108},
    {"p1":9,
     "p2":27,
     "p3":28},
    {"p1":1,
     "p2":2,
     "p3":3},
    {"p1":53,
     "p2":54,
     "p3":56},
    {"p1":53,
     "p2":56,
     "p3":57},
    {"p1":39,
     "p2":97,
     "p3":98},
    {"p1":39,
     "p2":73,
     "p3":97},
    {"p1":37,
     "p2":38,
     "p3":39},
    {"p1":39,
     "p2":40,
     "p3":41},
    {"p1":39,
     "p2":41,
     "p3":73},
    {"p1":37,
     "p2":39,
     "p3":99},
    {"p1":39,
     "p2":98,
     "p3":99},
    {"p1":49,
     "p2":63,
     "p3":64},
    {"p1":41,
     "p2":71,
     "p3":72},
    {"p1":41,
     "p2":72,
     "p3":73},
    {"p1":73,
     "p2":74,
     "p3":85},
    {"p1":74,
     "p2":75,
     "p3":85},
    {"p1":79,
     "p2":80,
     "p3":82},
    {"p1":76,
     "p2":77,
     "p3":84},
    {"p1":33,
     "p2":34,
     "p3":106},
    {"p1":34,
     "p2":105,
     "p3":106},
    {"p1":34,
     "p2":35,
     "p3":103},
    {"p1":34,
     "p2":103,
     "p3":105},
    {"p1":32,
     "p2":107,
     "p3":108},
    {"p1":32,
     "p2":33,
     "p3":107},
    {"p1":33,
     "p2":106,
     "p3":107},
    {"p1":10,
     "p2":25,
     "p3":26},
    {"p1":9,
     "p2":10,
     "p3":26},
    {"p1":9,
     "p2":26,
     "p3":27},
    {"p1":52,
     "p2":58,
     "p3":60},
    {"p1":52,
     "p2":57,
     "p3":58},
    {"p1":52,
     "p2":53,
     "p3":57},
    {"p1":48,
     "p2":49,
     "p3":64},
    {"p1":47,
     "p2":65,
     "p3":66},
    {"p1":47,
     "p2":48,
     "p3":65},
    {"p1":48,
     "p2":64,
     "p3":65},
    {"p1":79,
     "p2":82,
     "p3":83},
    {"p1":78,
     "p2":79,
     "p3":83},
    {"p1":77,
     "p2":83,
     "p3":84},
    {"p1":77,
     "p2":78,
     "p3":83},
    {"p1":50,
     "p2":51,
     "p3":61},
    {"p1":51,
     "p2":60,
     "p3":61},
    {"p1":51,
     "p2":52,
     "p3":60}]
}