{"points":[
    {"x":0.091633,
     "y":0.44622},
    {"x":0.075697,
     "y":0.47809},
    {"x":0.063745,
     "y":0.50996},
    {"x":0.055777,
     "y":0.54183},
    {"x":0.051793,
     "y":0.57371},
    {"x":0.055777,
     "y":0.60558},
    {"x":0.063745,
     "y":0.63745},
    {"x":0.071713,
     "y":0.66932},
    {"x":0.075697,
     "y":0.7012},
    {"x":0.067729,
     "y":0.73307},
    {"x":0.051793,
     "y":0.76494},
    {"x":0.035857,
     "y":0.79681},
    {"x":0.015936,
     "y":0.81673},
    {"x":0,
     "y":0.83267},
    {"x":0.023904,
     "y":0.86056},
    {"x":0.043825,
     "y":0.88845},
    {"x":0.063745,
     "y":0.91235},
    {"x":0.095618,
     "y":0.93227},
    {"x":0.12749,
     "y":0.93227},
    {"x":0.15936,
     "y":0.93227},
    {"x":0.19124,
     "y":0.92032},
    {"x":0.21912,
     "y":0.89243},
    {"x":0.24303,
     "y":0.86454},
    {"x":0.251,
     "y":0.83267},
    {"x":0.25498,
     "y":0.8008},
    {"x":0.25498,
     "y":0.76892},
    {"x":0.27888,
     "y":0.73705},
    {"x":0.31076,
     "y":0.72112},
    {"x":0.34263,
     "y":0.71315},
    {"x":0.3745,
     "y":0.70916},
    {"x":0.40637,
     "y":0.69721},
    {"x":0.43825,
     "y":0.68526},
    {"x":0.47012,
     "y":0.67331},
    {"x":0.50199,
     "y":0.66534},
    {"x":0.53386,
     "y":0.65339},
    {"x":0.56574,
     "y":0.63745},
    {"x":0.59761,
     "y":0.61753},
    {"x":0.62948,
     "y":0.59363},
    {"x":0.66135,
     "y":0.56574},
    {"x":0.69323,
     "y":0.54582},
    {"x":0.7251,
     "y":0.51394},
    {"x":0.749,
     "y":0.48207},
    {"x":0.76892,
     "y":0.4502},
    {"x":0.8008,
     "y":0.41833},
    {"x":0.82869,
     "y":0.38645},
    {"x":0.85657,
     "y":0.35857},
    {"x":0.88845,
     "y":0.33068},
    {"x":0.92032,
     "y":0.30677},
    {"x":0.95219,
     "y":0.27888},
    {"x":0.98008,
     "y":0.24701},
    {"x":1,
     "y":0.21514},
    {"x":1,
     "y":0.18327},
    {"x":1,
     "y":0.15139},
    {"x":0.98805,
     "y":0.12351},
    {"x":0.95618,
     "y":0.11155},
    {"x":0.9243,
     "y":0.12351},
    {"x":0.89243,
     "y":0.13147},
    {"x":0.86056,
     "y":0.14343},
    {"x":0.82869,
     "y":0.16335},
    {"x":0.80876,
     "y":0.19522},
    {"x":0.78486,
     "y":0.22709},
    {"x":0.75299,
     "y":0.23506},
    {"x":0.72112,
     "y":0.23506},
    {"x":0.68924,
     "y":0.22311},
    {"x":0.65737,
     "y":0.21912},
    {"x":0.6255,
     "y":0.21514},
    {"x":0.59363,
     "y":0.20717},
    {"x":0.56175,
     "y":0.20319},
    {"x":0.52988,
     "y":0.20319},
    {"x":0.49801,
     "y":0.20319},
    {"x":0.46614,
     "y":0.20717},
    {"x":0.43426,
     "y":0.20319},
    {"x":0.41036,
     "y":0.1753},
    {"x":0.40239,
     "y":0.14343},
    {"x":0.38247,
     "y":0.11554},
    {"x":0.3745,
     "y":0.083665},
    {"x":0.39841,
     "y":0.055777},
    {"x":0.41036,
     "y":0.031873},
    {"x":0.37849,
     "y":0.027888},
    {"x":0.34661,
     "y":0.01992},
    {"x":0.31474,
     "y":0},
    {"x":0.28287,
     "y":0},
    {"x":0.251,
     "y":0},
    {"x":0.23108,
     "y":0.011952},
    {"x":0.1992,
     "y":0.015936},
    {"x":0.20717,
     "y":0.043825},
    {"x":0.23904,
     "y":0.051793},
    {"x":0.25498,
     "y":0.071713},
    {"x":0.28685,
     "y":0.079681},
    {"x":0.31873,
     "y":0.075697},
    {"x":0.33865,
     "y":0.10359},
    {"x":0.3506,
     "y":0.13546},
    {"x":0.36255,
     "y":0.16733},
    {"x":0.36255,
     "y":0.1992},
    {"x":0.3506,
     "y":0.23108},
    {"x":0.31873,
     "y":0.24701},
    {"x":0.28685,
     "y":0.26295},
    {"x":0.25896,
     "y":0.27888},
    {"x":0.23108,
     "y":0.2988},
    {"x":0.20717,
     "y":0.31873},
    {"x":0.17928,
     "y":0.34263},
    {"x":0.15936,
     "y":0.36255},
    {"x":0.13944,
     "y":0.38645},
    {"x":0.11554,
     "y":0.41434},
    {"x":0.091633,
     "y":0.44622},
    {"x":0.091633,
     "y":0.44622}],
 "triangles":[
    {"p1":52,
     "p2":53,
     "p3":54},
    {"p1":52,
     "p2":54,
     "p3":55},
    {"p1":51,
     "p2":52,
     "p3":55},
    {"p1":49,
     "p2":50,
     "p3":51},
    {"p1":49,
     "p2":51,
     "p3":55},
    {"p1":16,
     "p2":17,
     "p3":18},
    {"p1":81,
     "p2":82,
     "p3":86},
    {"p1":81,
     "p2":86,
     "p3":87},
    {"p1":45,
     "p2":60,
     "p3":61},
    {"p1":8,
     "p2":9,
     "p3":25},
    {"p1":82,
     "p2":83,
     "p3":86},
    {"p1":83,
     "p2":84,
     "p3":85},
    {"p1":83,
     "p2":85,
     "p3":86},
    {"p1":0,
     "p2":1,
     "p3":27},
    {"p1":1,
     "p2":2,
     "p3":27},
    {"p1":2,
     "p2":3,
     "p3":27},
    {"p1":75,
     "p2":78,
     "p3":79},
    {"p1":48,
     "p2":57,
     "p3":59},
    {"p1":57,
     "p2":58,
     "p3":59},
    {"p1":44,
     "p2":45,
     "p3":61},
    {"p1":27,
     "p2":28,
     "p3":102},
    {"p1":27,
     "p2":102,
     "p3":103},
    {"p1":0,
     "p2":27,
     "p3":103},
    {"p1":49,
     "p2":55,
     "p3":56},
    {"p1":48,
     "p2":49,
     "p3":56},
    {"p1":48,
     "p2":56,
     "p3":57},
    {"p1":76,
     "p2":77,
     "p3":78},
    {"p1":75,
     "p2":76,
     "p3":78},
    {"p1":35,
     "p2":36,
     "p3":70},
    {"p1":38,
     "p2":39,
     "p3":40},
    {"p1":31,
     "p2":32,
     "p3":97},
    {"p1":42,
     "p2":62,
     "p3":64},
    {"p1":62,
     "p2":63,
     "p3":64},
    {"p1":42,
     "p2":43,
     "p3":62},
    {"p1":43,
     "p2":44,
     "p3":61},
    {"p1":43,
     "p2":61,
     "p3":62},
    {"p1":19,
     "p2":20,
     "p3":21},
    {"p1":18,
     "p2":19,
     "p3":21},
    {"p1":11,
     "p2":18,
     "p3":21},
    {"p1":10,
     "p2":11,
     "p3":21},
    {"p1":21,
     "p2":22,
     "p3":23},
    {"p1":10,
     "p2":21,
     "p3":23},
    {"p1":9,
     "p2":24,
     "p3":25},
    {"p1":9,
     "p2":10,
     "p3":24},
    {"p1":10,
     "p2":23,
     "p3":24},
    {"p1":6,
     "p2":7,
     "p3":26},
    {"p1":7,
     "p2":8,
     "p3":26},
    {"p1":8,
     "p2":25,
     "p3":26},
    {"p1":3,
     "p2":5,
     "p3":27},
    {"p1":5,
     "p2":26,
     "p3":27},
    {"p1":5,
     "p2":6,
     "p3":26},
    {"p1":28,
     "p2":101,
     "p3":102},
    {"p1":28,
     "p2":100,
     "p3":101},
    {"p1":28,
     "p2":30,
     "p3":100},
    {"p1":28,
     "p2":29,
     "p3":30},
    {"p1":30,
     "p2":31,
     "p3":99},
    {"p1":30,
     "p2":99,
     "p3":100},
    {"p1":36,
     "p2":37,
     "p3":70},
    {"p1":37,
     "p2":38,
     "p3":70},
    {"p1":32,
     "p2":95,
     "p3":96},
    {"p1":32,
     "p2":96,
     "p3":97},
    {"p1":31,
     "p2":98,
     "p3":99},
    {"p1":31,
     "p2":97,
     "p3":98},
    {"p1":75,
     "p2":79,
     "p3":89},
    {"p1":79,
     "p2":80,
     "p3":89},
    {"p1":80,
     "p2":81,
     "p3":89},
    {"p1":32,
     "p2":33,
     "p3":95},
    {"p1":33,
     "p2":34,
     "p3":95},
    {"p1":38,
     "p2":65,
     "p3":66},
    {"p1":38,
     "p2":40,
     "p3":65},
    {"p1":42,
     "p2":64,
     "p3":65},
    {"p1":45,
     "p2":46,
     "p3":60},
    {"p1":47,
     "p2":48,
     "p3":59},
    {"p1":15,
     "p2":16,
     "p3":18},
    {"p1":11,
     "p2":15,
     "p3":18},
    {"p1":3,
     "p2":4,
     "p3":5},
    {"p1":38,
     "p2":66,
     "p3":67},
    {"p1":38,
     "p2":67,
     "p3":68},
    {"p1":38,
     "p2":69,
     "p3":70},
    {"p1":38,
     "p2":68,
     "p3":69},
    {"p1":81,
     "p2":87,
     "p3":88},
    {"p1":81,
     "p2":88,
     "p3":89},
    {"p1":75,
     "p2":89,
     "p3":90},
    {"p1":73,
     "p2":74,
     "p3":91},
    {"p1":74,
     "p2":75,
     "p3":90},
    {"p1":74,
     "p2":90,
     "p3":91},
    {"p1":41,
     "p2":42,
     "p3":65},
    {"p1":40,
     "p2":41,
     "p3":65},
    {"p1":11,
     "p2":12,
     "p3":14},
    {"p1":11,
     "p2":14,
     "p3":15},
    {"p1":12,
     "p2":13,
     "p3":14},
    {"p1":73,
     "p2":91,
     "p3":92},
    {"p1":71,
     "p2":93,
     "p3":94},
    {"p1":70,
     "p2":71,
     "p3":94},
    {"p1":35,
     "p2":70,
     "p3":94},
    {"p1":34,
     "p2":35,
     "p3":94},
    {"p1":34,
     "p2":94,
     "p3":95},
    {"p1":71,
     "p2":72,
     "p3":93},
    {"p1":72,
     "p2":73,
     "p3":92},
    {"p1":72,
     "p2":92,
     "p3":93},
    {"p1":46,
     "p2":47,
     "p3":60},
    {"p1":47,
     "p2":59,
     "p3":60}]
}