{"points":[
    {"x":0.15556,
     "y":0.56667},
    {"x":0.17407,
     "y":0.59815},
    {"x":0.19444,
     "y":0.62778},
    {"x":0.22037,
     "y":0.65741},
    {"x":0.24815,
     "y":0.68148},
    {"x":0.27593,
     "y":0.70741},
    {"x":0.30556,
     "y":0.72778},
    {"x":0.33519,
     "y":0.74815},
    {"x":0.36852,
     "y":0.76481},
    {"x":0.40185,
     "y":0.77407},
    {"x":0.43519,
     "y":0.78333},
    {"x":0.46852,
     "y":0.79259},
    {"x":0.50185,
     "y":0.8},
    {"x":0.52963,
     "y":0.82222},
    {"x":0.54444,
     "y":0.85556},
    {"x":0.54815,
     "y":0.88889},
    {"x":0.5537,
     "y":0.92222},
    {"x":0.57037,
     "y":0.95556},
    {"x":0.60185,
     "y":0.98519},
    {"x":0.63519,
     "y":0.9963},
    {"x":0.66852,
     "y":1},
    {"x":0.70185,
     "y":0.99074},
    {"x":0.72963,
     "y":0.96111},
    {"x":0.75741,
     "y":0.93333},
    {"x":0.74444,
     "y":0.92593},
    {"x":0.73333,
     "y":0.92037},
    {"x":0.73889,
     "y":0.90185},
    {"x":0.71296,
     "y":0.88704},
    {"x":0.68889,
     "y":0.85926},
    {"x":0.67593,
     "y":0.82778},
    {"x":0.67778,
     "y":0.79444},
    {"x":0.69074,
     "y":0.76111},
    {"x":0.7,
     "y":0.72778},
    {"x":0.70556,
     "y":0.69444},
    {"x":0.7037,
     "y":0.66111},
    {"x":0.69444,
     "y":0.62778},
    {"x":0.68148,
     "y":0.5963},
    {"x":0.65926,
     "y":0.56296},
    {"x":0.64074,
     "y":0.53333},
    {"x":0.62222,
     "y":0.5},
    {"x":0.60185,
     "y":0.46667},
    {"x":0.58333,
     "y":0.43519},
    {"x":0.56481,
     "y":0.40741},
    {"x":0.54815,
     "y":0.37778},
    {"x":0.52963,
     "y":0.35},
    {"x":0.5,
     "y":0.32407},
    {"x":0.47407,
     "y":0.2963},
    {"x":0.4463,
     "y":0.27593},
    {"x":0.41481,
     "y":0.26481},
    {"x":0.38148,
     "y":0.25741},
    {"x":0.35185,
     "y":0.24259},
    {"x":0.33333,
     "y":0.22037},
    {"x":0.33889,
     "y":0.18704},
    {"x":0.3463,
     "y":0.1537},
    {"x":0.35741,
     "y":0.12037},
    {"x":0.38704,
     "y":0.096296},
    {"x":0.42037,
     "y":0.10741},
    {"x":0.4537,
     "y":0.10556},
    {"x":0.45741,
     "y":0.081481},
    {"x":0.43333,
     "y":0.07963},
    {"x":0.45185,
     "y":0.07037},
    {"x":0.48333,
     "y":0.05},
    {"x":0.48333,
     "y":0.02037},
    {"x":0.45926,
     "y":0.040741},
    {"x":0.42778,
     "y":0.05},
    {"x":0.39444,
     "y":0.059259},
    {"x":0.36111,
     "y":0.064815},
    {"x":0.33148,
     "y":0.048148},
    {"x":0.31296,
     "y":0.022222},
    {"x":0.29815,
     "y":0},
    {"x":0.29259,
     "y":0.033333},
    {"x":0.30185,
     "y":0.061111},
    {"x":0.32222,
     "y":0.090741},
    {"x":0.2963,
     "y":0.07963},
    {"x":0.27963,
     "y":0.068519},
    {"x":0.27407,
     "y":0.094444},
    {"x":0.30741,
     "y":0.11481},
    {"x":0.31852,
     "y":0.1463},
    {"x":0.31111,
     "y":0.17963},
    {"x":0.29444,
     "y":0.21296},
    {"x":0.27222,
     "y":0.22963},
    {"x":0.25185,
     "y":0.25185},
    {"x":0.22593,
     "y":0.27037},
    {"x":0.19815,
     "y":0.27963},
    {"x":0.17593,
     "y":0.25185},
    {"x":0.15926,
     "y":0.22037},
    {"x":0.13889,
     "y":0.18704},
    {"x":0.11667,
     "y":0.16111},
    {"x":0.083333,
     "y":0.15741},
    {"x":0.053704,
     "y":0.14815},
    {"x":0.02037,
     "y":0.14074},
    {"x":0,
     "y":0.15926},
    {"x":0.018519,
     "y":0.19259},
    {"x":0.035185,
     "y":0.22593},
    {"x":0.053704,
     "y":0.25926},
    {"x":0.064815,
     "y":0.29259},
    {"x":0.068519,
     "y":0.32593},
    {"x":0.072222,
     "y":0.35926},
    {"x":0.077778,
     "y":0.39259},
    {"x":0.088889,
     "y":0.42407},
    {"x":0.098148,
     "y":0.45556},
    {"x":0.11111,
     "y":0.48889},
    {"x":0.12963,
     "y":0.52222},
    {"x":0.14815,
     "y":0.5537},
    {"x":0.15556,
     "y":0.56667}],
 "triangles":[
    {"p1":11,
     "p2":37,
     "p3":38},
    {"p1":2,
     "p2":43,
     "p3":45},
    {"p1":1,
     "p2":2,
     "p3":45},
    {"p1":90,
     "p2":91,
     "p3":92},
    {"p1":12,
     "p2":34,
     "p3":35},
    {"p1":12,
     "p2":35,
     "p3":36},
    {"p1":12,
     "p2":36,
     "p3":37},
    {"p1":11,
     "p2":12,
     "p3":37},
    {"p1":89,
     "p2":90,
     "p3":92},
    {"p1":43,
     "p2":44,
     "p3":45},
    {"p1":84,
     "p2":85,
     "p3":95},
    {"p1":10,
     "p2":11,
     "p3":38},
    {"p1":9,
     "p2":39,
     "p3":40},
    {"p1":10,
     "p2":38,
     "p3":39},
    {"p1":9,
     "p2":10,
     "p3":39},
    {"p1":82,
     "p2":102,
     "p3":103},
    {"p1":61,
     "p2":62,
     "p3":63},
    {"p1":4,
     "p2":5,
     "p3":41},
    {"p1":5,
     "p2":6,
     "p3":41},
    {"p1":6,
     "p2":40,
     "p3":41},
    {"p1":49,
     "p2":82,
     "p3":103},
    {"p1":54,
     "p2":66,
     "p3":72},
    {"p1":53,
     "p2":54,
     "p3":77},
    {"p1":49,
     "p2":81,
     "p3":82},
    {"p1":49,
     "p2":50,
     "p3":81},
    {"p1":50,
     "p2":80,
     "p3":81},
    {"p1":50,
     "p2":51,
     "p3":80},
    {"p1":51,
     "p2":79,
     "p3":80},
    {"p1":68,
     "p2":70,
     "p3":71},
    {"p1":68,
     "p2":69,
     "p3":70},
    {"p1":84,
     "p2":95,
     "p3":96},
    {"p1":88,
     "p2":89,
     "p3":92},
    {"p1":88,
     "p2":92,
     "p3":93},
    {"p1":86,
     "p2":87,
     "p3":88},
    {"p1":86,
     "p2":88,
     "p3":93},
    {"p1":85,
     "p2":94,
     "p3":95},
    {"p1":85,
     "p2":86,
     "p3":94},
    {"p1":86,
     "p2":93,
     "p3":94},
    {"p1":16,
     "p2":17,
     "p3":28},
    {"p1":18,
     "p2":19,
     "p3":28},
    {"p1":17,
     "p2":18,
     "p3":28},
    {"p1":7,
     "p2":9,
     "p3":40},
    {"p1":6,
     "p2":7,
     "p3":40},
    {"p1":82,
     "p2":83,
     "p3":102},
    {"p1":83,
     "p2":99,
     "p3":100},
    {"p1":83,
     "p2":98,
     "p3":99},
    {"p1":83,
     "p2":84,
     "p3":96},
    {"p1":0,
     "p2":1,
     "p3":45},
    {"p1":0,
     "p2":45,
     "p3":49},
    {"p1":0,
     "p2":49,
     "p3":103},
    {"p1":4,
     "p2":41,
     "p3":42},
    {"p1":3,
     "p2":4,
     "p3":42},
    {"p1":2,
     "p2":42,
     "p3":43},
    {"p1":2,
     "p2":3,
     "p3":42},
    {"p1":55,
     "p2":65,
     "p3":66},
    {"p1":54,
     "p2":55,
     "p3":66},
    {"p1":67,
     "p2":68,
     "p3":71},
    {"p1":67,
     "p2":71,
     "p3":72},
    {"p1":66,
     "p2":67,
     "p3":72},
    {"p1":73,
     "p2":74,
     "p3":75},
    {"p1":60,
     "p2":63,
     "p3":64},
    {"p1":60,
     "p2":61,
     "p3":63},
    {"p1":46,
     "p2":47,
     "p3":48},
    {"p1":45,
     "p2":46,
     "p3":48},
    {"p1":45,
     "p2":48,
     "p3":49},
    {"p1":51,
     "p2":78,
     "p3":79},
    {"p1":51,
     "p2":52,
     "p3":78},
    {"p1":53,
     "p2":77,
     "p3":78},
    {"p1":52,
     "p2":53,
     "p3":78},
    {"p1":73,
     "p2":75,
     "p3":76},
    {"p1":72,
     "p2":73,
     "p3":76},
    {"p1":54,
     "p2":72,
     "p3":76},
    {"p1":54,
     "p2":76,
     "p3":77},
    {"p1":12,
     "p2":33,
     "p3":34},
    {"p1":12,
     "p2":32,
     "p3":33},
    {"p1":12,
     "p2":31,
     "p3":32},
    {"p1":12,
     "p2":13,
     "p3":31},
    {"p1":13,
     "p2":30,
     "p3":31},
    {"p1":15,
     "p2":16,
     "p3":28},
    {"p1":13,
     "p2":29,
     "p3":30},
    {"p1":13,
     "p2":14,
     "p3":29},
    {"p1":14,
     "p2":15,
     "p3":29},
    {"p1":15,
     "p2":28,
     "p3":29},
    {"p1":19,
     "p2":20,
     "p3":27},
    {"p1":19,
     "p2":27,
     "p3":28},
    {"p1":20,
     "p2":21,
     "p3":27},
    {"p1":7,
     "p2":8,
     "p3":9},
    {"p1":83,
     "p2":101,
     "p3":102},
    {"p1":83,
     "p2":100,
     "p3":101},
    {"p1":83,
     "p2":97,
     "p3":98},
    {"p1":83,
     "p2":96,
     "p3":97},
    {"p1":59,
     "p2":60,
     "p3":64},
    {"p1":59,
     "p2":64,
     "p3":65},
    {"p1":55,
     "p2":59,
     "p3":65},
    {"p1":57,
     "p2":58,
     "p3":59},
    {"p1":22,
     "p2":23,
     "p3":24},
    {"p1":21,
     "p2":22,
     "p3":25},
    {"p1":21,
     "p2":25,
     "p3":27},
    {"p1":22,
     "p2":24,
     "p3":25},
    {"p1":25,
     "p2":26,
     "p3":27},
    {"p1":56,
     "p2":57,
     "p3":59},
    {"p1":55,
     "p2":56,
     "p3":59}]
}