{"points":[
    {"x":0.12661,
     "y":0.49612},
    {"x":0.11886,
     "y":0.52196},
    {"x":0.11628,
     "y":0.5478},
    {"x":0.11886,
     "y":0.57364},
    {"x":0.12145,
     "y":0.59948},
    {"x":0.12403,
     "y":0.62532},
    {"x":0.13178,
     "y":0.64858},
    {"x":0.13953,
     "y":0.67442},
    {"x":0.14729,
     "y":0.69509},
    {"x":0.16021,
     "y":0.71835},
    {"x":0.17054,
     "y":0.73902},
    {"x":0.18863,
     "y":0.76227},
    {"x":0.21189,
     "y":0.78295},
    {"x":0.23773,
     "y":0.79587},
    {"x":0.2584,
     "y":0.80879},
    {"x":0.28165,
     "y":0.82687},
    {"x":0.30491,
     "y":0.84238},
    {"x":0.323,
     "y":0.86047},
    {"x":0.33333,
     "y":0.88372},
    {"x":0.33075,
     "y":0.90698},
    {"x":0.32558,
     "y":0.92765},
    {"x":0.33333,
     "y":0.9509},
    {"x":0.323,
     "y":0.96899},
    {"x":0.32041,
     "y":0.99225},
    {"x":0.34109,
     "y":1},
    {"x":0.36693,
     "y":0.99483},
    {"x":0.39276,
     "y":0.98966},
    {"x":0.41602,
     "y":0.9845},
    {"x":0.43928,
     "y":0.96641},
    {"x":0.44961,
     "y":0.94057},
    {"x":0.4522,
     "y":0.91731},
    {"x":0.4522,
     "y":0.89147},
    {"x":0.44703,
     "y":0.86563},
    {"x":0.43928,
     "y":0.83979},
    {"x":0.42377,
     "y":0.81912},
    {"x":0.40052,
     "y":0.79587},
    {"x":0.38501,
     "y":0.77778},
    {"x":0.37468,
     "y":0.75194},
    {"x":0.37468,
     "y":0.7261},
    {"x":0.37209,
     "y":0.70026},
    {"x":0.38243,
     "y":0.67442},
    {"x":0.40052,
     "y":0.65116},
    {"x":0.41602,
     "y":0.62532},
    {"x":0.42894,
     "y":0.59948},
    {"x":0.43411,
     "y":0.57623},
    {"x":0.43669,
     "y":0.55297},
    {"x":0.44444,
     "y":0.53488},
    {"x":0.44961,
     "y":0.50904},
    {"x":0.4522,
     "y":0.4832},
    {"x":0.45995,
     "y":0.45736},
    {"x":0.45995,
     "y":0.43152},
    {"x":0.45736,
     "y":0.40568},
    {"x":0.45736,
     "y":0.38243},
    {"x":0.45995,
     "y":0.35659},
    {"x":0.45736,
     "y":0.33075},
    {"x":0.4522,
     "y":0.30491},
    {"x":0.45478,
     "y":0.27907},
    {"x":0.45478,
     "y":0.25581},
    {"x":0.45995,
     "y":0.22997},
    {"x":0.46512,
     "y":0.20413},
    {"x":0.47287,
     "y":0.17829},
    {"x":0.4832,
     "y":0.15245},
    {"x":0.48837,
     "y":0.1292},
    {"x":0.49612,
     "y":0.10594},
    {"x":0.49871,
     "y":0.080103},
    {"x":0.49354,
     "y":0.054264},
    {"x":0.48579,
     "y":0.028424},
    {"x":0.4677,
     "y":0.010336},
    {"x":0.44186,
     "y":0.002584},
    {"x":0.4186,
     "y":0},
    {"x":0.39535,
     "y":0.005168},
    {"x":0.37209,
     "y":0.018088},
    {"x":0.35401,
     "y":0.03876},
    {"x":0.34625,
     "y":0.064599},
    {"x":0.34884,
     "y":0.087855},
    {"x":0.34625,
     "y":0.1137},
    {"x":0.34884,
     "y":0.13695},
    {"x":0.34367,
     "y":0.16279},
    {"x":0.34367,
     "y":0.18863},
    {"x":0.32817,
     "y":0.21189},
    {"x":0.31008,
     "y":0.23514},
    {"x":0.29457,
     "y":0.25581},
    {"x":0.27649,
     "y":0.27907},
    {"x":0.25581,
     "y":0.28424},
    {"x":0.23514,
     "y":0.29716},
    {"x":0.21447,
     "y":0.28941},
    {"x":0.1938,
     "y":0.27649},
    {"x":0.17571,
     "y":0.26098},
    {"x":0.14987,
     "y":0.24548},
    {"x":0.12403,
     "y":0.2584},
    {"x":0.10078,
     "y":0.25323},
    {"x":0.074935,
     "y":0.26357},
    {"x":0.05168,
     "y":0.27132},
    {"x":0.028424,
     "y":0.28941},
    {"x":0.0077519,
     "y":0.30749},
    {"x":0.010336,
     "y":0.33075},
    {"x":0,
     "y":0.35142},
    {"x":0.0077519,
     "y":0.36176},
    {"x":0.031008,
     "y":0.34884},
    {"x":0.05168,
     "y":0.33075},
    {"x":0.077519,
     "y":0.33333},
    {"x":0.072351,
     "y":0.35142},
    {"x":0.098191,
     "y":0.34625},
    {"x":0.12403,
     "y":0.33075},
    {"x":0.14212,
     "y":0.35142},
    {"x":0.14987,
     "y":0.37468},
    {"x":0.14729,
     "y":0.40052},
    {"x":0.14212,
     "y":0.42377},
    {"x":0.13953,
     "y":0.44961},
    {"x":0.13178,
     "y":0.47545},
    {"x":0.12661,
     "y":0.49612}],
 "triangles":[
    {"p1":27,
     "p2":28,
     "p3":29},
    {"p1":65,
     "p2":68,
     "p3":70},
    {"p1":68,
     "p2":69,
     "p3":70},
    {"p1":13,
     "p2":38,
     "p3":39},
    {"p1":11,
     "p2":12,
     "p3":39},
    {"p1":12,
     "p2":13,
     "p3":39},
    {"p1":16,
     "p2":36,
     "p3":37},
    {"p1":45,
     "p2":108,
     "p3":109},
    {"p1":0,
     "p2":45,
     "p3":109},
    {"p1":10,
     "p2":11,
     "p3":39},
    {"p1":9,
     "p2":10,
     "p3":39},
    {"p1":22,
     "p2":23,
     "p3":24},
    {"p1":15,
     "p2":16,
     "p3":37},
    {"p1":18,
     "p2":31,
     "p3":32},
    {"p1":19,
     "p2":29,
     "p3":30},
    {"p1":19,
     "p2":30,
     "p3":31},
    {"p1":18,
     "p2":19,
     "p3":31},
    {"p1":61,
     "p2":62,
     "p3":76},
    {"p1":48,
     "p2":50,
     "p3":84},
    {"p1":48,
     "p2":84,
     "p3":106},
    {"p1":53,
     "p2":54,
     "p3":82},
    {"p1":50,
     "p2":51,
     "p3":84},
    {"p1":51,
     "p2":82,
     "p3":84},
    {"p1":56,
     "p2":57,
     "p3":79},
    {"p1":59,
     "p2":77,
     "p3":78},
    {"p1":57,
     "p2":78,
     "p3":79},
    {"p1":0,
     "p2":1,
     "p3":3},
    {"p1":8,
     "p2":9,
     "p3":39},
    {"p1":3,
     "p2":40,
     "p3":41},
    {"p1":6,
     "p2":7,
     "p3":40},
    {"p1":8,
     "p2":39,
     "p3":40},
    {"p1":7,
     "p2":8,
     "p3":40},
    {"p1":19,
     "p2":20,
     "p3":21},
    {"p1":19,
     "p2":21,
     "p3":29},
    {"p1":14,
     "p2":15,
     "p3":37},
    {"p1":13,
     "p2":14,
     "p3":38},
    {"p1":14,
     "p2":37,
     "p3":38},
    {"p1":16,
     "p2":17,
     "p3":36},
    {"p1":17,
     "p2":35,
     "p3":36},
    {"p1":17,
     "p2":34,
     "p3":35},
    {"p1":17,
     "p2":18,
     "p3":34},
    {"p1":18,
     "p2":33,
     "p3":34},
    {"p1":18,
     "p2":32,
     "p3":33},
    {"p1":0,
     "p2":42,
     "p3":45},
    {"p1":42,
     "p2":44,
     "p3":45},
    {"p1":0,
     "p2":3,
     "p3":42},
    {"p1":3,
     "p2":41,
     "p3":42},
    {"p1":59,
     "p2":60,
     "p3":77},
    {"p1":60,
     "p2":76,
     "p3":77},
    {"p1":60,
     "p2":61,
     "p3":76},
    {"p1":62,
     "p2":63,
     "p3":74},
    {"p1":63,
     "p2":64,
     "p3":74},
    {"p1":64,
     "p2":65,
     "p3":74},
    {"p1":65,
     "p2":70,
     "p3":74},
    {"p1":70,
     "p2":71,
     "p3":74},
    {"p1":72,
     "p2":73,
     "p3":74},
    {"p1":71,
     "p2":72,
     "p3":74},
    {"p1":45,
     "p2":47,
     "p3":108},
    {"p1":47,
     "p2":48,
     "p3":108},
    {"p1":48,
     "p2":106,
     "p3":107},
    {"p1":48,
     "p2":107,
     "p3":108},
    {"p1":96,
     "p2":97,
     "p3":98},
    {"p1":84,
     "p2":105,
     "p3":106},
    {"p1":82,
     "p2":83,
     "p3":84},
    {"p1":52,
     "p2":53,
     "p3":82},
    {"p1":51,
     "p2":52,
     "p3":82},
    {"p1":56,
     "p2":79,
     "p3":80},
    {"p1":55,
     "p2":56,
     "p3":80},
    {"p1":55,
     "p2":80,
     "p3":81},
    {"p1":54,
     "p2":55,
     "p3":82},
    {"p1":55,
     "p2":81,
     "p3":82},
    {"p1":58,
     "p2":59,
     "p3":78},
    {"p1":57,
     "p2":58,
     "p3":78},
    {"p1":1,
     "p2":2,
     "p3":3},
    {"p1":3,
     "p2":4,
     "p3":40},
    {"p1":4,
     "p2":5,
     "p3":6},
    {"p1":4,
     "p2":6,
     "p3":40},
    {"p1":22,
     "p2":24,
     "p3":25},
    {"p1":21,
     "p2":22,
     "p3":25},
    {"p1":26,
     "p2":27,
     "p3":29},
    {"p1":21,
     "p2":26,
     "p3":29},
    {"p1":21,
     "p2":25,
     "p3":26},
    {"p1":42,
     "p2":43,
     "p3":44},
    {"p1":45,
     "p2":46,
     "p3":47},
    {"p1":48,
     "p2":49,
     "p3":50},
    {"p1":95,
     "p2":96,
     "p3":98},
    {"p1":84,
     "p2":85,
     "p3":105},
    {"p1":62,
     "p2":75,
     "p3":76},
    {"p1":62,
     "p2":74,
     "p3":75},
    {"p1":89,
     "p2":90,
     "p3":103},
    {"p1":87,
     "p2":88,
     "p3":89},
    {"p1":86,
     "p2":87,
     "p3":103},
    {"p1":87,
     "p2":89,
     "p3":103},
    {"p1":95,
     "p2":98,
     "p3":99},
    {"p1":94,
     "p2":95,
     "p3":99},
    {"p1":93,
     "p2":94,
     "p3":99},
    {"p1":90,
     "p2":91,
     "p3":103},
    {"p1":91,
     "p2":100,
     "p3":103},
    {"p1":85,
     "p2":86,
     "p3":104},
    {"p1":86,
     "p2":103,
     "p3":104},
    {"p1":85,
     "p2":104,
     "p3":105},
    {"p1":100,
     "p2":101,
     "p3":102},
    {"p1":100,
     "p2":102,
     "p3":103},
    {"p1":92,
     "p2":93,
     "p3":99},
    {"p1":92,
     "p2":99,
     "p3":100},
    {"p1":91,
     "p2":92,
     "p3":100},
    {"p1":66,
     "p2":67,
     "p3":68},
    {"p1":65,
     "p2":66,
     "p3":68}]
}