{"points":[
    {"x":0.056338,
     "y":0.48592},
    {"x":0.042254,
     "y":0.51408},
    {"x":0.028169,
     "y":0.54225},
    {"x":0.028169,
     "y":0.57042},
    {"x":0.021127,
     "y":0.59859},
    {"x":0.014085,
     "y":0.62676},
    {"x":0.014085,
     "y":0.65493},
    {"x":0.014085,
     "y":0.6831},
    {"x":0.014085,
     "y":0.71127},
    {"x":0.014085,
     "y":0.73944},
    {"x":0.014085,
     "y":0.76761},
    {"x":0.014085,
     "y":0.79577},
    {"x":0.014085,
     "y":0.82394},
    {"x":0.028169,
     "y":0.85211},
    {"x":0.042254,
     "y":0.87324},
    {"x":0.06338,
     "y":0.89437},
    {"x":0.035211,
     "y":0.90845},
    {"x":0.0070423,
     "y":0.90141},
    {"x":0,
     "y":0.92254},
    {"x":0.021127,
     "y":0.94366},
    {"x":0.042254,
     "y":0.96479},
    {"x":0.070423,
     "y":0.97887},
    {"x":0.098592,
     "y":0.99296},
    {"x":0.12676,
     "y":1},
    {"x":0.15493,
     "y":1},
    {"x":0.1831,
     "y":1},
    {"x":0.20423,
     "y":0.98592},
    {"x":0.22535,
     "y":0.96479},
    {"x":0.23239,
     "y":0.93662},
    {"x":0.23944,
     "y":0.90845},
    {"x":0.24648,
     "y":0.88028},
    {"x":0.24648,
     "y":0.85211},
    {"x":0.24648,
     "y":0.82394},
    {"x":0.24648,
     "y":0.79577},
    {"x":0.24648,
     "y":0.76761},
    {"x":0.26761,
     "y":0.73944},
    {"x":0.28873,
     "y":0.71831},
    {"x":0.3169,
     "y":0.70423},
    {"x":0.34507,
     "y":0.6831},
    {"x":0.37324,
     "y":0.65493},
    {"x":0.40141,
     "y":0.6338},
    {"x":0.42958,
     "y":0.60563},
    {"x":0.4507,
     "y":0.58451},
    {"x":0.47887,
     "y":0.55634},
    {"x":0.5,
     "y":0.53521},
    {"x":0.52113,
     "y":0.50704},
    {"x":0.54225,
     "y":0.48592},
    {"x":0.56338,
     "y":0.47183},
    {"x":0.58451,
     "y":0.44366},
    {"x":0.61268,
     "y":0.42958},
    {"x":0.64085,
     "y":0.40141},
    {"x":0.66901,
     "y":0.38732},
    {"x":0.69718,
     "y":0.37324},
    {"x":0.72535,
     "y":0.35915},
    {"x":0.75352,
     "y":0.35915},
    {"x":0.78169,
     "y":0.35915},
    {"x":0.80986,
     "y":0.35211},
    {"x":0.82394,
     "y":0.32394},
    {"x":0.82394,
     "y":0.29577},
    {"x":0.8169,
     "y":0.26761},
    {"x":0.80986,
     "y":0.24648},
    {"x":0.78169,
     "y":0.24648},
    {"x":0.75352,
     "y":0.24648},
    {"x":0.72535,
     "y":0.25352},
    {"x":0.69718,
     "y":0.25352},
    {"x":0.66901,
     "y":0.26056},
    {"x":0.64085,
     "y":0.26056},
    {"x":0.61268,
     "y":0.26056},
    {"x":0.58451,
     "y":0.26056},
    {"x":0.55634,
     "y":0.25352},
    {"x":0.52817,
     "y":0.25352},
    {"x":0.5,
     "y":0.24648},
    {"x":0.47183,
     "y":0.23944},
    {"x":0.44366,
     "y":0.21831},
    {"x":0.42958,
     "y":0.19014},
    {"x":0.41549,
     "y":0.16197},
    {"x":0.38732,
     "y":0.14085},
    {"x":0.35915,
     "y":0.11972},
    {"x":0.33099,
     "y":0.098592},
    {"x":0.30986,
     "y":0.070423},
    {"x":0.30282,
     "y":0.042254},
    {"x":0.33099,
     "y":0.042254},
    {"x":0.35211,
     "y":0.028169},
    {"x":0.33099,
     "y":0.014085},
    {"x":0.30282,
     "y":0.0070423},
    {"x":0.27465,
     "y":0},
    {"x":0.24648,
     "y":0},
    {"x":0.21831,
     "y":0},
    {"x":0.19014,
     "y":0.0070423},
    {"x":0.16197,
     "y":0.014085},
    {"x":0.1338,
     "y":0.0070423},
    {"x":0.10563,
     "y":0.0070423},
    {"x":0.091549,
     "y":0.028169},
    {"x":0.077465,
     "y":0.049296},
    {"x":0.10563,
     "y":0.056338},
    {"x":0.1338,
     "y":0.06338},
    {"x":0.16197,
     "y":0.070423},
    {"x":0.19014,
     "y":0.077465},
    {"x":0.19718,
     "y":0.10563},
    {"x":0.21127,
     "y":0.1338},
    {"x":0.22535,
     "y":0.16197},
    {"x":0.23944,
     "y":0.19014},
    {"x":0.25352,
     "y":0.21831},
    {"x":0.26056,
     "y":0.24648},
    {"x":0.26056,
     "y":0.27465},
    {"x":0.24648,
     "y":0.30282},
    {"x":0.21831,
     "y":0.3169},
    {"x":0.19014,
     "y":0.33803},
    {"x":0.16197,
     "y":0.35211},
    {"x":0.1338,
     "y":0.37324},
    {"x":0.10563,
     "y":0.40141},
    {"x":0.084507,
     "y":0.42958},
    {"x":0.070423,
     "y":0.45775},
    {"x":0.056338,
     "y":0.48592},
    {"x":0.056338,
     "y":0.48592}],
 "triangles":[
    {"p1":44,
     "p2":45,
     "p3":105},
    {"p1":48,
     "p2":49,
     "p3":68},
    {"p1":53,
     "p2":54,
     "p3":63},
    {"p1":43,
     "p2":44,
     "p3":105},
    {"p1":24,
     "p2":25,
     "p3":26},
    {"p1":26,
     "p2":27,
     "p3":28},
    {"p1":24,
     "p2":26,
     "p3":28},
    {"p1":15,
     "p2":20,
     "p3":21},
    {"p1":15,
     "p2":21,
     "p3":22},
    {"p1":15,
     "p2":22,
     "p3":23},
    {"p1":15,
     "p2":23,
     "p3":24},
    {"p1":15,
     "p2":24,
     "p3":28},
    {"p1":87,
     "p2":88,
     "p3":97},
    {"p1":49,
     "p2":50,
     "p3":68},
    {"p1":54,
     "p2":58,
     "p3":62},
    {"p1":54,
     "p2":62,
     "p3":63},
    {"p1":52,
     "p2":53,
     "p3":65},
    {"p1":41,
     "p2":42,
     "p3":105},
    {"p1":42,
     "p2":43,
     "p3":105},
    {"p1":15,
     "p2":29,
     "p3":30},
    {"p1":15,
     "p2":28,
     "p3":29},
    {"p1":40,
     "p2":41,
     "p3":107},
    {"p1":92,
     "p2":93,
     "p3":94},
    {"p1":7,
     "p2":8,
     "p3":34},
    {"p1":89,
     "p2":90,
     "p3":95},
    {"p1":90,
     "p2":94,
     "p3":95},
    {"p1":45,
     "p2":72,
     "p3":105},
    {"p1":48,
     "p2":68,
     "p3":69},
    {"p1":86,
     "p2":87,
     "p3":97},
    {"p1":41,
     "p2":105,
     "p3":106},
    {"p1":41,
     "p2":106,
     "p3":107},
    {"p1":55,
     "p2":56,
     "p3":57},
    {"p1":55,
     "p2":57,
     "p3":58},
    {"p1":54,
     "p2":55,
     "p3":58},
    {"p1":45,
     "p2":46,
     "p3":72},
    {"p1":46,
     "p2":71,
     "p3":72},
    {"p1":46,
     "p2":48,
     "p3":71},
    {"p1":46,
     "p2":47,
     "p3":48},
    {"p1":58,
     "p2":59,
     "p3":61},
    {"p1":58,
     "p2":61,
     "p3":62},
    {"p1":59,
     "p2":60,
     "p3":61},
    {"p1":80,
     "p2":85,
     "p3":86},
    {"p1":80,
     "p2":86,
     "p3":97},
    {"p1":53,
     "p2":63,
     "p3":64},
    {"p1":53,
     "p2":64,
     "p3":65},
    {"p1":39,
     "p2":40,
     "p3":107},
    {"p1":38,
     "p2":39,
     "p3":112},
    {"p1":15,
     "p2":30,
     "p3":31},
    {"p1":15,
     "p2":31,
     "p3":32},
    {"p1":3,
     "p2":4,
     "p3":36},
    {"p1":4,
     "p2":5,
     "p3":6},
    {"p1":9,
     "p2":10,
     "p3":34},
    {"p1":8,
     "p2":9,
     "p3":34},
    {"p1":73,
     "p2":103,
     "p3":104},
    {"p1":72,
     "p2":73,
     "p3":104},
    {"p1":72,
     "p2":104,
     "p3":105},
    {"p1":48,
     "p2":70,
     "p3":71},
    {"p1":48,
     "p2":69,
     "p3":70},
    {"p1":78,
     "p2":99,
     "p3":100},
    {"p1":50,
     "p2":67,
     "p3":68},
    {"p1":51,
     "p2":66,
     "p3":67},
    {"p1":50,
     "p2":51,
     "p3":67},
    {"p1":76,
     "p2":77,
     "p3":102},
    {"p1":76,
     "p2":102,
     "p3":103},
    {"p1":15,
     "p2":32,
     "p3":33},
    {"p1":14,
     "p2":15,
     "p3":33},
    {"p1":0,
     "p2":1,
     "p3":36},
    {"p1":1,
     "p2":3,
     "p3":36},
    {"p1":1,
     "p2":2,
     "p3":3},
    {"p1":37,
     "p2":38,
     "p3":112},
    {"p1":89,
     "p2":95,
     "p3":96},
    {"p1":16,
     "p2":18,
     "p3":19},
    {"p1":15,
     "p2":16,
     "p3":20},
    {"p1":16,
     "p2":19,
     "p3":20},
    {"p1":78,
     "p2":79,
     "p3":99},
    {"p1":79,
     "p2":98,
     "p3":99},
    {"p1":79,
     "p2":80,
     "p3":97},
    {"p1":79,
     "p2":97,
     "p3":98},
    {"p1":77,
     "p2":101,
     "p3":102},
    {"p1":77,
     "p2":78,
     "p3":101},
    {"p1":78,
     "p2":100,
     "p3":101},
    {"p1":73,
     "p2":74,
     "p3":103},
    {"p1":74,
     "p2":76,
     "p3":103},
    {"p1":39,
     "p2":111,
     "p3":112},
    {"p1":39,
     "p2":110,
     "p3":111},
    {"p1":39,
     "p2":109,
     "p3":110},
    {"p1":7,
     "p2":34,
     "p3":35},
    {"p1":6,
     "p2":7,
     "p3":35},
    {"p1":4,
     "p2":6,
     "p3":35},
    {"p1":4,
     "p2":35,
     "p3":36},
    {"p1":11,
     "p2":13,
     "p3":33},
    {"p1":13,
     "p2":14,
     "p3":33},
    {"p1":11,
     "p2":12,
     "p3":13},
    {"p1":80,
     "p2":84,
     "p3":85},
    {"p1":80,
     "p2":83,
     "p3":84},
    {"p1":74,
     "p2":75,
     "p3":76},
    {"p1":80,
     "p2":81,
     "p3":83},
    {"p1":81,
     "p2":82,
     "p3":83},
    {"p1":39,
     "p2":107,
     "p3":108},
    {"p1":39,
     "p2":108,
     "p3":109},
    {"p1":16,
     "p2":17,
     "p3":18},
    {"p1":90,
     "p2":92,
     "p3":94},
    {"p1":90,
     "p2":91,
     "p3":92},
    {"p1":51,
     "p2":65,
     "p3":66},
    {"p1":51,
     "p2":52,
     "p3":65},
    {"p1":10,
     "p2":11,
     "p3":33},
    {"p1":10,
     "p2":33,
     "p3":34},
    {"p1":0,
     "p2":36,
     "p3":37},
    {"p1":0,
     "p2":37,
     "p3":112},
    {"p1":88,
     "p2":96,
     "p3":97},
    {"p1":88,
     "p2":89,
     "p3":96}]
}