{"points":[
    {"x":0.092527,
     "y":0.46263},
    {"x":0.081851,
     "y":0.49466},
    {"x":0.078292,
     "y":0.52669},
    {"x":0.078292,
     "y":0.55872},
    {"x":0.085409,
     "y":0.59075},
    {"x":0.088968,
     "y":0.62278},
    {"x":0.088968,
     "y":0.6548},
    {"x":0.088968,
     "y":0.68683},
    {"x":0.088968,
     "y":0.71886},
    {"x":0.067616,
     "y":0.74733},
    {"x":0.039146,
     "y":0.76512},
    {"x":0.0071174,
     "y":0.76512},
    {"x":0,
     "y":0.79004},
    {"x":0.024911,
     "y":0.81851},
    {"x":0.042705,
     "y":0.85053},
    {"x":0.067616,
     "y":0.879},
    {"x":0.092527,
     "y":0.90747},
    {"x":0.11744,
     "y":0.92527},
    {"x":0.14591,
     "y":0.91103},
    {"x":0.1637,
     "y":0.88256},
    {"x":0.19217,
     "y":0.85765},
    {"x":0.21352,
     "y":0.82562},
    {"x":0.21708,
     "y":0.79359},
    {"x":0.22064,
     "y":0.76157},
    {"x":0.22776,
     "y":0.72954},
    {"x":0.23132,
     "y":0.69751},
    {"x":0.24555,
     "y":0.66548},
    {"x":0.27758,
     "y":0.63345},
    {"x":0.30961,
     "y":0.61922},
    {"x":0.34164,
     "y":0.60498},
    {"x":0.37367,
     "y":0.58719},
    {"x":0.40569,
     "y":0.57295},
    {"x":0.43772,
     "y":0.55516},
    {"x":0.46975,
     "y":0.53381},
    {"x":0.50178,
     "y":0.51957},
    {"x":0.53381,
     "y":0.50178},
    {"x":0.56584,
     "y":0.48399},
    {"x":0.59786,
     "y":0.46263},
    {"x":0.62989,
     "y":0.44128},
    {"x":0.66192,
     "y":0.41993},
    {"x":0.69395,
     "y":0.40214},
    {"x":0.72598,
     "y":0.3879},
    {"x":0.75801,
     "y":0.38078},
    {"x":0.79004,
     "y":0.39146},
    {"x":0.82206,
     "y":0.41281},
    {"x":0.85053,
     "y":0.44484},
    {"x":0.87544,
     "y":0.47331},
    {"x":0.8968,
     "y":0.50534},
    {"x":0.92883,
     "y":0.53381},
    {"x":0.96085,
     "y":0.53737},
    {"x":0.98221,
     "y":0.51246},
    {"x":0.99288,
     "y":0.48043},
    {"x":1,
     "y":0.4484},
    {"x":1,
     "y":0.41637},
    {"x":1,
     "y":0.38434},
    {"x":0.99644,
     "y":0.35231},
    {"x":0.98577,
     "y":0.32028},
    {"x":0.97153,
     "y":0.28826},
    {"x":0.95018,
     "y":0.25979},
    {"x":0.92171,
     "y":0.23843},
    {"x":0.88968,
     "y":0.23132},
    {"x":0.85765,
     "y":0.23132},
    {"x":0.82562,
     "y":0.23132},
    {"x":0.79359,
     "y":0.23132},
    {"x":0.76157,
     "y":0.22776},
    {"x":0.72954,
     "y":0.21708},
    {"x":0.69751,
     "y":0.19929},
    {"x":0.66548,
     "y":0.18505},
    {"x":0.63701,
     "y":0.1637},
    {"x":0.60498,
     "y":0.13879},
    {"x":0.57651,
     "y":0.11388},
    {"x":0.54448,
     "y":0.088968},
    {"x":0.51246,
     "y":0.067616},
    {"x":0.48043,
     "y":0.046263},
    {"x":0.45552,
     "y":0.02847},
    {"x":0.42349,
     "y":0.010676},
    {"x":0.39146,
     "y":0},
    {"x":0.38078,
     "y":0.0071174},
    {"x":0.40925,
     "y":0.035587},
    {"x":0.41993,
     "y":0.064057},
    {"x":0.40569,
     "y":0.092527},
    {"x":0.37367,
     "y":0.085409},
    {"x":0.34164,
     "y":0.067616},
    {"x":0.30961,
     "y":0.039146},
    {"x":0.28114,
     "y":0.010676},
    {"x":0.25623,
     "y":0},
    {"x":0.23488,
     "y":0.0071174},
    {"x":0.25979,
     "y":0.039146},
    {"x":0.28826,
     "y":0.071174},
    {"x":0.31673,
     "y":0.096085},
    {"x":0.3274,
     "y":0.12811},
    {"x":0.32384,
     "y":0.16014},
    {"x":0.29537,
     "y":0.19217},
    {"x":0.2669,
     "y":0.21352},
    {"x":0.23843,
     "y":0.23843},
    {"x":0.20996,
     "y":0.27046},
    {"x":0.19217,
     "y":0.30249},
    {"x":0.16726,
     "y":0.33452},
    {"x":0.14947,
     "y":0.36655},
    {"x":0.13167,
     "y":0.39858},
    {"x":0.11388,
     "y":0.4306},
    {"x":0.096085,
     "y":0.45552},
    {"x":0.092527,
     "y":0.46263}],
 "triangles":[
    {"p1":16,
     "p2":17,
     "p3":18},
    {"p1":48,
     "p2":49,
     "p3":50},
    {"p1":40,
     "p2":41,
     "p3":65},
    {"p1":47,
     "p2":48,
     "p3":50},
    {"p1":47,
     "p2":50,
     "p3":51},
    {"p1":44,
     "p2":56,
     "p3":57},
    {"p1":44,
     "p2":55,
     "p3":56},
    {"p1":41,
     "p2":42,
     "p3":64},
    {"p1":41,
     "p2":64,
     "p3":65},
    {"p1":37,
     "p2":69,
     "p3":91},
    {"p1":33,
     "p2":93,
     "p3":94},
    {"p1":16,
     "p2":18,
     "p3":19},
    {"p1":80,
     "p2":90,
     "p3":91},
    {"p1":34,
     "p2":35,
     "p3":92},
    {"p1":33,
     "p2":92,
     "p3":93},
    {"p1":33,
     "p2":34,
     "p3":92},
    {"p1":35,
     "p2":36,
     "p3":92},
    {"p1":36,
     "p2":37,
     "p3":91},
    {"p1":36,
     "p2":91,
     "p3":92},
    {"p1":46,
     "p2":51,
     "p3":52},
    {"p1":46,
     "p2":47,
     "p3":51},
    {"p1":46,
     "p2":52,
     "p3":53},
    {"p1":10,
     "p2":12,
     "p3":13},
    {"p1":10,
     "p2":11,
     "p3":12},
    {"p1":4,
     "p2":5,
     "p3":26},
    {"p1":42,
     "p2":43,
     "p3":63},
    {"p1":42,
     "p2":63,
     "p3":64},
    {"p1":70,
     "p2":80,
     "p3":91},
    {"p1":69,
     "p2":70,
     "p3":91},
    {"p1":40,
     "p2":65,
     "p3":66},
    {"p1":82,
     "p2":88,
     "p3":89},
    {"p1":82,
     "p2":83,
     "p3":88},
    {"p1":85,
     "p2":86,
     "p3":87},
    {"p1":84,
     "p2":85,
     "p3":87},
    {"p1":83,
     "p2":87,
     "p3":88},
    {"p1":83,
     "p2":84,
     "p3":87},
    {"p1":15,
     "p2":16,
     "p3":19},
    {"p1":5,
     "p2":6,
     "p3":26},
    {"p1":6,
     "p2":25,
     "p3":26},
    {"p1":6,
     "p2":7,
     "p3":25},
    {"p1":8,
     "p2":24,
     "p3":25},
    {"p1":7,
     "p2":8,
     "p3":25},
    {"p1":45,
     "p2":53,
     "p3":54},
    {"p1":45,
     "p2":46,
     "p3":53},
    {"p1":44,
     "p2":45,
     "p3":55},
    {"p1":45,
     "p2":54,
     "p3":55},
    {"p1":9,
     "p2":19,
     "p3":20},
    {"p1":9,
     "p2":14,
     "p3":15},
    {"p1":9,
     "p2":15,
     "p3":19},
    {"p1":9,
     "p2":13,
     "p3":14},
    {"p1":9,
     "p2":10,
     "p3":13},
    {"p1":43,
     "p2":44,
     "p3":61},
    {"p1":40,
     "p2":66,
     "p3":67},
    {"p1":81,
     "p2":89,
     "p3":90},
    {"p1":81,
     "p2":82,
     "p3":89},
    {"p1":80,
     "p2":81,
     "p3":90},
    {"p1":28,
     "p2":99,
     "p3":100},
    {"p1":0,
     "p2":100,
     "p3":101},
    {"p1":29,
     "p2":98,
     "p3":99},
    {"p1":28,
     "p2":29,
     "p3":99},
    {"p1":31,
     "p2":32,
     "p3":96},
    {"p1":32,
     "p2":33,
     "p3":96},
    {"p1":33,
     "p2":94,
     "p3":96},
    {"p1":94,
     "p2":95,
     "p3":96},
    {"p1":8,
     "p2":9,
     "p3":22},
    {"p1":20,
     "p2":21,
     "p3":22},
    {"p1":9,
     "p2":20,
     "p3":22},
    {"p1":39,
     "p2":40,
     "p3":67},
    {"p1":38,
     "p2":39,
     "p3":67},
    {"p1":43,
     "p2":62,
     "p3":63},
    {"p1":43,
     "p2":61,
     "p3":62},
    {"p1":44,
     "p2":60,
     "p3":61},
    {"p1":76,
     "p2":77,
     "p3":78},
    {"p1":72,
     "p2":73,
     "p3":80},
    {"p1":38,
     "p2":67,
     "p3":68},
    {"p1":37,
     "p2":68,
     "p3":69},
    {"p1":37,
     "p2":38,
     "p3":68},
    {"p1":0,
     "p2":27,
     "p3":100},
    {"p1":27,
     "p2":28,
     "p3":100},
    {"p1":0,
     "p2":1,
     "p3":27},
    {"p1":1,
     "p2":2,
     "p3":27},
    {"p1":2,
     "p2":3,
     "p3":27},
    {"p1":4,
     "p2":26,
     "p3":27},
    {"p1":3,
     "p2":4,
     "p3":27},
    {"p1":29,
     "p2":30,
     "p3":98},
    {"p1":30,
     "p2":97,
     "p3":98},
    {"p1":30,
     "p2":96,
     "p3":97},
    {"p1":30,
     "p2":31,
     "p3":96},
    {"p1":8,
     "p2":23,
     "p3":24},
    {"p1":8,
     "p2":22,
     "p3":23},
    {"p1":44,
     "p2":57,
     "p3":58},
    {"p1":44,
     "p2":58,
     "p3":60},
    {"p1":75,
     "p2":76,
     "p3":78},
    {"p1":73,
     "p2":79,
     "p3":80},
    {"p1":70,
     "p2":71,
     "p3":80},
    {"p1":71,
     "p2":72,
     "p3":80},
    {"p1":58,
     "p2":59,
     "p3":60},
    {"p1":73,
     "p2":74,
     "p3":79},
    {"p1":74,
     "p2":75,
     "p3":78},
    {"p1":74,
     "p2":78,
     "p3":79}]
}