{"points":[
    {"x":0.4221,
     "y":0.44193},
    {"x":0.44759,
     "y":0.46742},
    {"x":0.47025,
     "y":0.49292},
    {"x":0.49292,
     "y":0.51841},
    {"x":0.51558,
     "y":0.54391},
    {"x":0.53824,
     "y":0.56941},
    {"x":0.56091,
     "y":0.5949},
    {"x":0.58357,
     "y":0.6204},
    {"x":0.60623,
     "y":0.64589},
    {"x":0.6289,
     "y":0.67139},
    {"x":0.65156,
     "y":0.69688},
    {"x":0.67422,
     "y":0.72238},
    {"x":0.66006,
     "y":0.74788},
    {"x":0.64589,
     "y":0.77337},
    {"x":0.63173,
     "y":0.79887},
    {"x":0.63173,
     "y":0.82153},
    {"x":0.65722,
     "y":0.84703},
    {"x":0.68272,
     "y":0.87252},
    {"x":0.70822,
     "y":0.88102},
    {"x":0.73371,
     "y":0.88102},
    {"x":0.75921,
     "y":0.88102},
    {"x":0.7847,
     "y":0.88102},
    {"x":0.8102,
     "y":0.88385},
    {"x":0.83003,
     "y":0.86686},
    {"x":0.84419,
     "y":0.84136},
    {"x":0.85836,
     "y":0.81586},
    {"x":0.88385,
     "y":0.81303},
    {"x":0.90935,
     "y":0.8102},
    {"x":0.93484,
     "y":0.80737},
    {"x":0.96034,
     "y":0.80737},
    {"x":0.9745,
     "y":0.78187},
    {"x":0.98584,
     "y":0.75637},
    {"x":1,
     "y":0.73088},
    {"x":0.9915,
     "y":0.70538},
    {"x":0.96601,
     "y":0.68272},
    {"x":0.94051,
     "y":0.66006},
    {"x":0.91501,
     "y":0.65439},
    {"x":0.88952,
     "y":0.66006},
    {"x":0.86402,
     "y":0.66572},
    {"x":0.83853,
     "y":0.66856},
    {"x":0.81303,
     "y":0.67422},
    {"x":0.78754,
     "y":0.67989},
    {"x":0.76204,
     "y":0.66572},
    {"x":0.73938,
     "y":0.64023},
    {"x":0.71388,
     "y":0.61473},
    {"x":0.69122,
     "y":0.58924},
    {"x":0.66572,
     "y":0.56374},
    {"x":0.64306,
     "y":0.53824},
    {"x":0.61756,
     "y":0.51275},
    {"x":0.5949,
     "y":0.48725},
    {"x":0.56941,
     "y":0.46176},
    {"x":0.54674,
     "y":0.43626},
    {"x":0.52125,
     "y":0.41076},
    {"x":0.49575,
     "y":0.38527},
    {"x":0.47309,
     "y":0.35977},
    {"x":0.44759,
     "y":0.33428},
    {"x":0.42493,
     "y":0.30878},
    {"x":0.39943,
     "y":0.28329},
    {"x":0.37677,
     "y":0.25779},
    {"x":0.35127,
     "y":0.23229},
    {"x":0.32861,
     "y":0.2068},
    {"x":0.30312,
     "y":0.1813},
    {"x":0.28045,
     "y":0.15581},
    {"x":0.27762,
     "y":0.13031},
    {"x":0.28612,
     "y":0.10482},
    {"x":0.29178,
     "y":0.07932},
    {"x":0.30028,
     "y":0.053824},
    {"x":0.28045,
     "y":0.036827},
    {"x":0.25496,
     "y":0.025496},
    {"x":0.22946,
     "y":0.014164},
    {"x":0.20397,
     "y":0},
    {"x":0.17847,
     "y":0.0084986},
    {"x":0.15297,
     "y":0.014164},
    {"x":0.12748,
     "y":0.022663},
    {"x":0.10198,
     "y":0.028329},
    {"x":0.10482,
     "y":0.048159},
    {"x":0.11615,
     "y":0.073654},
    {"x":0.10765,
     "y":0.090652},
    {"x":0.082153,
     "y":0.090652},
    {"x":0.056657,
     "y":0.093484},
    {"x":0.031161,
     "y":0.096317},
    {"x":0.014164,
     "y":0.10765},
    {"x":0.0084986,
     "y":0.13314},
    {"x":0,
     "y":0.15864},
    {"x":0.016997,
     "y":0.17847},
    {"x":0.042493,
     "y":0.1983},
    {"x":0.067989,
     "y":0.2153},
    {"x":0.093484,
     "y":0.2153},
    {"x":0.11898,
     "y":0.2068},
    {"x":0.14448,
     "y":0.19547},
    {"x":0.16997,
     "y":0.18697},
    {"x":0.19547,
     "y":0.18697},
    {"x":0.21813,
     "y":0.21246},
    {"x":0.24079,
     "y":0.23796},
    {"x":0.26346,
     "y":0.26346},
    {"x":0.28612,
     "y":0.28895},
    {"x":0.30878,
     "y":0.31445},
    {"x":0.33144,
     "y":0.33994},
    {"x":0.35411,
     "y":0.36544},
    {"x":0.37677,
     "y":0.39093},
    {"x":0.39943,
     "y":0.41643},
    {"x":0.4221,
     "y":0.44193},
    {"x":0.4221,
     "y":0.44193}],
 "triangles":[
    {"p1":85,
     "p2":86,
     "p3":87},
    {"p1":80,
     "p2":81,
     "p3":82},
    {"p1":78,
     "p2":85,
     "p3":87},
    {"p1":27,
     "p2":28,
     "p3":34},
    {"p1":57,
     "p2":58,
     "p3":97},
    {"p1":63,
     "p2":76,
     "p3":91},
    {"p1":63,
     "p2":69,
     "p3":76},
    {"p1":82,
     "p2":83,
     "p3":84},
    {"p1":72,
     "p2":73,
     "p3":76},
    {"p1":78,
     "p2":79,
     "p3":85},
    {"p1":79,
     "p2":84,
     "p3":85},
    {"p1":79,
     "p2":82,
     "p3":84},
    {"p1":79,
     "p2":80,
     "p3":82},
    {"p1":1,
     "p2":2,
     "p3":52},
    {"p1":2,
     "p2":51,
     "p3":52},
    {"p1":2,
     "p2":3,
     "p3":51},
    {"p1":34,
     "p2":35,
     "p3":36},
    {"p1":71,
     "p2":72,
     "p3":76},
    {"p1":69,
     "p2":71,
     "p3":76},
    {"p1":69,
     "p2":70,
     "p3":71},
    {"p1":28,
     "p2":31,
     "p3":34},
    {"p1":31,
     "p2":32,
     "p3":33},
    {"p1":31,
     "p2":33,
     "p3":34},
    {"p1":0,
     "p2":53,
     "p3":54},
    {"p1":0,
     "p2":1,
     "p3":53},
    {"p1":1,
     "p2":52,
     "p3":53},
    {"p1":0,
     "p2":54,
     "p3":100},
    {"p1":54,
     "p2":55,
     "p3":100},
    {"p1":55,
     "p2":99,
     "p3":100},
    {"p1":55,
     "p2":56,
     "p3":99},
    {"p1":64,
     "p2":68,
     "p3":69},
    {"p1":63,
     "p2":64,
     "p3":69},
    {"p1":62,
     "p2":91,
     "p3":92},
    {"p1":62,
     "p2":63,
     "p3":91},
    {"p1":73,
     "p2":74,
     "p3":75},
    {"p1":73,
     "p2":75,
     "p3":76},
    {"p1":78,
     "p2":87,
     "p3":88},
    {"p1":76,
     "p2":90,
     "p3":91},
    {"p1":3,
     "p2":50,
     "p3":51},
    {"p1":3,
     "p2":4,
     "p3":50},
    {"p1":4,
     "p2":49,
     "p3":50},
    {"p1":7,
     "p2":46,
     "p3":47},
    {"p1":6,
     "p2":7,
     "p3":47},
    {"p1":4,
     "p2":5,
     "p3":49},
    {"p1":16,
     "p2":17,
     "p3":18},
    {"p1":16,
     "p2":18,
     "p3":19},
    {"p1":14,
     "p2":15,
     "p3":16},
    {"p1":13,
     "p2":14,
     "p3":16},
    {"p1":7,
     "p2":8,
     "p3":46},
    {"p1":12,
     "p2":13,
     "p3":16},
    {"p1":12,
     "p2":16,
     "p3":19},
    {"p1":28,
     "p2":29,
     "p3":30},
    {"p1":28,
     "p2":30,
     "p3":31},
    {"p1":56,
     "p2":98,
     "p3":99},
    {"p1":57,
     "p2":97,
     "p3":98},
    {"p1":56,
     "p2":57,
     "p3":98},
    {"p1":60,
     "p2":94,
     "p3":95},
    {"p1":59,
     "p2":60,
     "p3":95},
    {"p1":65,
     "p2":66,
     "p3":67},
    {"p1":65,
     "p2":67,
     "p3":68},
    {"p1":64,
     "p2":65,
     "p3":68},
    {"p1":61,
     "p2":93,
     "p3":94},
    {"p1":60,
     "p2":61,
     "p3":94},
    {"p1":61,
     "p2":92,
     "p3":93},
    {"p1":61,
     "p2":62,
     "p3":92},
    {"p1":77,
     "p2":78,
     "p3":88},
    {"p1":77,
     "p2":88,
     "p3":89},
    {"p1":76,
     "p2":77,
     "p3":90},
    {"p1":77,
     "p2":89,
     "p3":90},
    {"p1":21,
     "p2":22,
     "p3":23},
    {"p1":21,
     "p2":23,
     "p3":24},
    {"p1":20,
     "p2":21,
     "p3":24},
    {"p1":20,
     "p2":24,
     "p3":25},
    {"p1":11,
     "p2":12,
     "p3":20},
    {"p1":12,
     "p2":19,
     "p3":20},
    {"p1":5,
     "p2":48,
     "p3":49},
    {"p1":6,
     "p2":47,
     "p3":48},
    {"p1":5,
     "p2":6,
     "p3":48},
    {"p1":8,
     "p2":45,
     "p3":46},
    {"p1":8,
     "p2":9,
     "p3":45},
    {"p1":9,
     "p2":44,
     "p3":45},
    {"p1":58,
     "p2":59,
     "p3":96},
    {"p1":59,
     "p2":95,
     "p3":96},
    {"p1":58,
     "p2":96,
     "p3":97},
    {"p1":11,
     "p2":41,
     "p3":42},
    {"p1":20,
     "p2":25,
     "p3":41},
    {"p1":11,
     "p2":20,
     "p3":41},
    {"p1":11,
     "p2":42,
     "p3":43},
    {"p1":27,
     "p2":34,
     "p3":37},
    {"p1":34,
     "p2":36,
     "p3":37},
    {"p1":25,
     "p2":39,
     "p3":40},
    {"p1":25,
     "p2":40,
     "p3":41},
    {"p1":10,
     "p2":11,
     "p3":43},
    {"p1":10,
     "p2":43,
     "p3":44},
    {"p1":9,
     "p2":10,
     "p3":44},
    {"p1":25,
     "p2":26,
     "p3":38},
    {"p1":25,
     "p2":38,
     "p3":39},
    {"p1":26,
     "p2":27,
     "p3":38},
    {"p1":27,
     "p2":37,
     "p3":38}]
}