{"points":[
    {"x":0.34174,
     "y":0.5},
    {"x":0.36009,
     "y":0.52752},
    {"x":0.37844,
     "y":0.55505},
    {"x":0.3945,
     "y":0.58257},
    {"x":0.41284,
     "y":0.61009},
    {"x":0.43119,
     "y":0.63761},
    {"x":0.44954,
     "y":0.66514},
    {"x":0.4656,
     "y":0.69266},
    {"x":0.48394,
     "y":0.72018},
    {"x":0.50229,
     "y":0.74771},
    {"x":0.51835,
     "y":0.77523},
    {"x":0.5367,
     "y":0.80275},
    {"x":0.53211,
     "y":0.8211},
    {"x":0.50459,
     "y":0.82569},
    {"x":0.47706,
     "y":0.83028},
    {"x":0.44954,
     "y":0.83486},
    {"x":0.46101,
     "y":0.8555},
    {"x":0.47936,
     "y":0.88303},
    {"x":0.49771,
     "y":0.91055},
    {"x":0.51835,
     "y":0.93807},
    {"x":0.5367,
     "y":0.9656},
    {"x":0.55505,
     "y":0.99312},
    {"x":0.58028,
     "y":0.99771},
    {"x":0.6078,
     "y":1},
    {"x":0.63532,
     "y":1},
    {"x":0.66284,
     "y":1},
    {"x":0.67431,
     "y":0.97248},
    {"x":0.68807,
     "y":0.94495},
    {"x":0.70183,
     "y":0.92202},
    {"x":0.72936,
     "y":0.91972},
    {"x":0.75688,
     "y":0.91743},
    {"x":0.78211,
     "y":0.90826},
    {"x":0.79128,
     "y":0.88073},
    {"x":0.80046,
     "y":0.85321},
    {"x":0.80963,
     "y":0.82569},
    {"x":0.80275,
     "y":0.79817},
    {"x":0.78211,
     "y":0.77064},
    {"x":0.76376,
     "y":0.74312},
    {"x":0.74312,
     "y":0.7156},
    {"x":0.72248,
     "y":0.68807},
    {"x":0.70413,
     "y":0.66514},
    {"x":0.68349,
     "y":0.69266},
    {"x":0.66514,
     "y":0.72018},
    {"x":0.64679,
     "y":0.74771},
    {"x":0.62615,
     "y":0.76606},
    {"x":0.6078,
     "y":0.73853},
    {"x":0.58945,
     "y":0.71101},
    {"x":0.5711,
     "y":0.68349},
    {"x":0.55046,
     "y":0.65596},
    {"x":0.53211,
     "y":0.62844},
    {"x":0.51376,
     "y":0.60092},
    {"x":0.49541,
     "y":0.57339},
    {"x":0.47706,
     "y":0.54587},
    {"x":0.45872,
     "y":0.51835},
    {"x":0.44037,
     "y":0.49083},
    {"x":0.42202,
     "y":0.4633},
    {"x":0.40367,
     "y":0.43578},
    {"x":0.38303,
     "y":0.40826},
    {"x":0.36468,
     "y":0.38073},
    {"x":0.34633,
     "y":0.35321},
    {"x":0.32798,
     "y":0.32569},
    {"x":0.30963,
     "y":0.29817},
    {"x":0.29128,
     "y":0.27064},
    {"x":0.27294,
     "y":0.24312},
    {"x":0.25459,
     "y":0.2156},
    {"x":0.23624,
     "y":0.18807},
    {"x":0.22018,
     "y":0.16055},
    {"x":0.22706,
     "y":0.13303},
    {"x":0.23394,
     "y":0.1055},
    {"x":0.23853,
     "y":0.077982},
    {"x":0.24312,
     "y":0.050459},
    {"x":0.2156,
     "y":0.03211},
    {"x":0.18807,
     "y":0.013761},
    {"x":0.16055,
     "y":0},
    {"x":0.13303,
     "y":0.011468},
    {"x":0.1055,
     "y":0.020642},
    {"x":0.077982,
     "y":0.029817},
    {"x":0.084862,
     "y":0.057339},
    {"x":0.094037,
     "y":0.084862},
    {"x":0.082569,
     "y":0.10092},
    {"x":0.055046,
     "y":0.10321},
    {"x":0.027523,
     "y":0.1055},
    {"x":0.011468,
     "y":0.12156},
    {"x":0.0068807,
     "y":0.14908},
    {"x":0,
     "y":0.17661},
    {"x":0.016055,
     "y":0.20413},
    {"x":0.043578,
     "y":0.23165},
    {"x":0.068807,
     "y":0.24541},
    {"x":0.09633,
     "y":0.23165},
    {"x":0.12385,
     "y":0.21789},
    {"x":0.15138,
     "y":0.20183},
    {"x":0.16972,
     "y":0.22936},
    {"x":0.18807,
     "y":0.25688},
    {"x":0.20413,
     "y":0.2844},
    {"x":0.22248,
     "y":0.31193},
    {"x":0.24083,
     "y":0.33945},
    {"x":0.25688,
     "y":0.36697},
    {"x":0.27523,
     "y":0.3945},
    {"x":0.29358,
     "y":0.42202},
    {"x":0.30963,
     "y":0.44954},
    {"x":0.32798,
     "y":0.47706},
    {"x":0.34174,
     "y":0.5}],
 "triangles":[
    {"p1":30,
     "p2":31,
     "p3":32},
    {"p1":83,
     "p2":84,
     "p3":85},
    {"p1":14,
     "p2":15,
     "p3":16},
    {"p1":14,
     "p2":16,
     "p3":17},
    {"p1":13,
     "p2":14,
     "p3":17},
    {"p1":20,
     "p2":21,
     "p3":22},
    {"p1":20,
     "p2":22,
     "p3":23},
    {"p1":72,
     "p2":73,
     "p3":74},
    {"p1":33,
     "p2":34,
     "p3":35},
    {"p1":7,
     "p2":8,
     "p3":48},
    {"p1":24,
     "p2":25,
     "p3":26},
    {"p1":23,
     "p2":24,
     "p3":26},
    {"p1":29,
     "p2":30,
     "p3":32},
    {"p1":29,
     "p2":32,
     "p3":33},
    {"p1":57,
     "p2":58,
     "p3":99},
    {"p1":58,
     "p2":98,
     "p3":99},
    {"p1":78,
     "p2":79,
     "p3":90},
    {"p1":72,
     "p2":74,
     "p3":78},
    {"p1":86,
     "p2":87,
     "p3":88},
    {"p1":85,
     "p2":86,
     "p3":88},
    {"p1":80,
     "p2":83,
     "p3":85},
    {"p1":80,
     "p2":81,
     "p3":82},
    {"p1":80,
     "p2":82,
     "p3":83},
    {"p1":79,
     "p2":80,
     "p3":88},
    {"p1":80,
     "p2":85,
     "p3":88},
    {"p1":75,
     "p2":76,
     "p3":77},
    {"p1":74,
     "p2":75,
     "p3":78},
    {"p1":75,
     "p2":77,
     "p3":78},
    {"p1":7,
     "p2":48,
     "p3":49},
    {"p1":4,
     "p2":5,
     "p3":51},
    {"p1":5,
     "p2":50,
     "p3":51},
    {"p1":33,
     "p2":35,
     "p3":36},
    {"p1":28,
     "p2":29,
     "p3":36},
    {"p1":29,
     "p2":33,
     "p3":36},
    {"p1":8,
     "p2":47,
     "p3":48},
    {"p1":19,
     "p2":20,
     "p3":27},
    {"p1":20,
     "p2":23,
     "p3":27},
    {"p1":23,
     "p2":26,
     "p3":27},
    {"p1":63,
     "p2":93,
     "p3":94},
    {"p1":62,
     "p2":94,
     "p3":95},
    {"p1":62,
     "p2":63,
     "p3":94},
    {"p1":71,
     "p2":72,
     "p3":78},
    {"p1":79,
     "p2":89,
     "p3":90},
    {"p1":79,
     "p2":88,
     "p3":89},
    {"p1":2,
     "p2":53,
     "p3":54},
    {"p1":4,
     "p2":51,
     "p3":52},
    {"p1":6,
     "p2":7,
     "p3":49},
    {"p1":6,
     "p2":49,
     "p3":50},
    {"p1":5,
     "p2":6,
     "p3":50},
    {"p1":37,
     "p2":38,
     "p3":42},
    {"p1":37,
     "p2":42,
     "p3":43},
    {"p1":36,
     "p2":37,
     "p3":43},
    {"p1":28,
     "p2":43,
     "p3":44},
    {"p1":28,
     "p2":36,
     "p3":43},
    {"p1":39,
     "p2":40,
     "p3":41},
    {"p1":38,
     "p2":41,
     "p3":42},
    {"p1":38,
     "p2":39,
     "p3":41},
    {"p1":8,
     "p2":9,
     "p3":47},
    {"p1":9,
     "p2":46,
     "p3":47},
    {"p1":9,
     "p2":10,
     "p3":46},
    {"p1":65,
     "p2":91,
     "p3":92},
    {"p1":64,
     "p2":65,
     "p3":92},
    {"p1":64,
     "p2":92,
     "p3":93},
    {"p1":63,
     "p2":64,
     "p3":93},
    {"p1":67,
     "p2":78,
     "p3":90},
    {"p1":61,
     "p2":95,
     "p3":96},
    {"p1":61,
     "p2":62,
     "p3":95},
    {"p1":57,
     "p2":99,
     "p3":100},
    {"p1":56,
     "p2":57,
     "p3":100},
    {"p1":1,
     "p2":54,
     "p3":55},
    {"p1":1,
     "p2":2,
     "p3":54},
    {"p1":2,
     "p2":3,
     "p3":53},
    {"p1":3,
     "p2":52,
     "p3":53},
    {"p1":3,
     "p2":4,
     "p3":52},
    {"p1":12,
     "p2":28,
     "p3":44},
    {"p1":11,
     "p2":12,
     "p3":44},
    {"p1":12,
     "p2":27,
     "p3":28},
    {"p1":12,
     "p2":19,
     "p3":27},
    {"p1":12,
     "p2":18,
     "p3":19},
    {"p1":12,
     "p2":17,
     "p3":18},
    {"p1":12,
     "p2":13,
     "p3":17},
    {"p1":11,
     "p2":44,
     "p3":45},
    {"p1":10,
     "p2":11,
     "p3":45},
    {"p1":10,
     "p2":45,
     "p3":46},
    {"p1":66,
     "p2":67,
     "p3":90},
    {"p1":66,
     "p2":90,
     "p3":91},
    {"p1":65,
     "p2":66,
     "p3":91},
    {"p1":69,
     "p2":70,
     "p3":71},
    {"p1":67,
     "p2":68,
     "p3":78},
    {"p1":68,
     "p2":71,
     "p3":78},
    {"p1":68,
     "p2":69,
     "p3":71},
    {"p1":60,
     "p2":96,
     "p3":97},
    {"p1":60,
     "p2":61,
     "p3":96},
    {"p1":0,
     "p2":1,
     "p3":55},
    {"p1":0,
     "p2":55,
     "p3":56},
    {"p1":0,
     "p2":56,
     "p3":100},
    {"p1":59,
     "p2":60,
     "p3":97},
    {"p1":59,
     "p2":97,
     "p3":98},
    {"p1":58,
     "p2":59,
     "p3":98}]
}