{"points":[
    {"x":0.3341,
     "y":0.49886},
    {"x":0.35469,
     "y":0.51945},
    {"x":0.36156,
     "y":0.54233},
    {"x":0.37071,
     "y":0.56522},
    {"x":0.37757,
     "y":0.5881},
    {"x":0.38444,
     "y":0.61098},
    {"x":0.3913,
     "y":0.63387},
    {"x":0.40046,
     "y":0.65675},
    {"x":0.40732,
     "y":0.67963},
    {"x":0.41419,
     "y":0.70252},
    {"x":0.42105,
     "y":0.7254},
    {"x":0.43021,
     "y":0.74828},
    {"x":0.43707,
     "y":0.77117},
    {"x":0.44394,
     "y":0.79405},
    {"x":0.45309,
     "y":0.81693},
    {"x":0.46224,
     "y":0.83982},
    {"x":0.47368,
     "y":0.8627},
    {"x":0.48513,
     "y":0.88558},
    {"x":0.49657,
     "y":0.90847},
    {"x":0.5103,
     "y":0.93135},
    {"x":0.5286,
     "y":0.95423},
    {"x":0.54462,
     "y":0.97712},
    {"x":0.56064,
     "y":0.99542},
    {"x":0.58352,
     "y":0.99542},
    {"x":0.60641,
     "y":0.99771},
    {"x":0.62929,
     "y":0.99771},
    {"x":0.65217,
     "y":1},
    {"x":0.66819,
     "y":0.98398},
    {"x":0.67735,
     "y":0.9611},
    {"x":0.6865,
     "y":0.93822},
    {"x":0.70023,
     "y":0.91991},
    {"x":0.72311,
     "y":0.91762},
    {"x":0.746,
     "y":0.91533},
    {"x":0.76888,
     "y":0.91304},
    {"x":0.78261,
     "y":0.89703},
    {"x":0.79176,
     "y":0.87414},
    {"x":0.79863,
     "y":0.85126},
    {"x":0.80549,
     "y":0.82838},
    {"x":0.80778,
     "y":0.80549},
    {"x":0.78947,
     "y":0.78261},
    {"x":0.77117,
     "y":0.75973},
    {"x":0.75286,
     "y":0.73684},
    {"x":0.72998,
     "y":0.71854},
    {"x":0.70709,
     "y":0.70252},
    {"x":0.68421,
     "y":0.68421},
    {"x":0.66133,
     "y":0.6659},
    {"x":0.63844,
     "y":0.6476},
    {"x":0.61556,
     "y":0.627},
    {"x":0.59268,
     "y":0.6087},
    {"x":0.56979,
     "y":0.59039},
    {"x":0.54691,
     "y":0.57208},
    {"x":0.52403,
     "y":0.55149},
    {"x":0.50114,
     "y":0.53318},
    {"x":0.47826,
     "y":0.51487},
    {"x":0.45538,
     "y":0.49657},
    {"x":0.43249,
     "y":0.47597},
    {"x":0.42105,
     "y":0.45538},
    {"x":0.40961,
     "y":0.43249},
    {"x":0.40046,
     "y":0.40961},
    {"x":0.3913,
     "y":0.38673},
    {"x":0.38215,
     "y":0.36384},
    {"x":0.373,
     "y":0.34096},
    {"x":0.36384,
     "y":0.31808},
    {"x":0.35469,
     "y":0.29519},
    {"x":0.34554,
     "y":0.27231},
    {"x":0.33638,
     "y":0.24943},
    {"x":0.32723,
     "y":0.22654},
    {"x":0.31808,
     "y":0.20366},
    {"x":0.30892,
     "y":0.18078},
    {"x":0.29977,
     "y":0.15789},
    {"x":0.29062,
     "y":0.13501},
    {"x":0.27689,
     "y":0.11213},
    {"x":0.26545,
     "y":0.089245},
    {"x":0.25172,
     "y":0.066362},
    {"x":0.2357,
     "y":0.045767},
    {"x":0.21281,
     "y":0.032037},
    {"x":0.18993,
     "y":0.016018},
    {"x":0.16705,
     "y":0},
    {"x":0.14416,
     "y":0.006865},
    {"x":0.12128,
     "y":0.016018},
    {"x":0.098398,
     "y":0.022883},
    {"x":0.077803,
     "y":0.032037},
    {"x":0.084668,
     "y":0.05492},
    {"x":0.091533,
     "y":0.077803},
    {"x":0.093822,
     "y":0.098398},
    {"x":0.070938,
     "y":0.10069},
    {"x":0.048055,
     "y":0.10297},
    {"x":0.025172,
     "y":0.10526},
    {"x":0.011442,
     "y":0.11899},
    {"x":0.006865,
     "y":0.14188},
    {"x":0.0022883,
     "y":0.16476},
    {"x":0,
     "y":0.18764},
    {"x":0.022883,
     "y":0.21053},
    {"x":0.045767,
     "y":0.23341},
    {"x":0.06865,
     "y":0.25629},
    {"x":0.091533,
     "y":0.27689},
    {"x":0.11442,
     "y":0.29748},
    {"x":0.1373,
     "y":0.32037},
    {"x":0.16018,
     "y":0.34096},
    {"x":0.18307,
     "y":0.36156},
    {"x":0.20595,
     "y":0.38215},
    {"x":0.22883,
     "y":0.40275},
    {"x":0.25172,
     "y":0.42334},
    {"x":0.2746,
     "y":0.44622},
    {"x":0.29748,
     "y":0.46682},
    {"x":0.32037,
     "y":0.48741},
    {"x":0.3341,
     "y":0.49886}],
 "triangles":[
    {"p1":80,
     "p2":81,
     "p3":82},
    {"p1":79,
     "p2":80,
     "p3":82},
    {"p1":84,
     "p2":94,
     "p3":95},
    {"p1":64,
     "p2":99,
     "p3":100},
    {"p1":11,
     "p2":47,
     "p3":48},
    {"p1":64,
     "p2":65,
     "p3":99},
    {"p1":65,
     "p2":98,
     "p3":99},
    {"p1":65,
     "p2":66,
     "p3":98},
    {"p1":67,
     "p2":68,
     "p3":97},
    {"p1":67,
     "p2":97,
     "p3":98},
    {"p1":66,
     "p2":67,
     "p3":98},
    {"p1":70,
     "p2":84,
     "p3":95},
    {"p1":32,
     "p2":34,
     "p3":35},
    {"p1":32,
     "p2":33,
     "p3":34},
    {"p1":86,
     "p2":87,
     "p3":88},
    {"p1":79,
     "p2":82,
     "p3":83},
    {"p1":84,
     "p2":93,
     "p3":94},
    {"p1":68,
     "p2":96,
     "p3":97},
    {"p1":59,
     "p2":103,
     "p3":104},
    {"p1":9,
     "p2":48,
     "p3":49},
    {"p1":8,
     "p2":9,
     "p3":49},
    {"p1":63,
     "p2":64,
     "p3":100},
    {"p1":62,
     "p2":63,
     "p3":101},
    {"p1":63,
     "p2":100,
     "p3":101},
    {"p1":0,
     "p2":57,
     "p3":105},
    {"p1":11,
     "p2":46,
     "p3":47},
    {"p1":14,
     "p2":45,
     "p3":46},
    {"p1":13,
     "p2":14,
     "p3":46},
    {"p1":9,
     "p2":10,
     "p3":48},
    {"p1":10,
     "p2":11,
     "p3":48},
    {"p1":30,
     "p2":42,
     "p3":43},
    {"p1":20,
     "p2":23,
     "p3":24},
    {"p1":16,
     "p2":30,
     "p3":43},
    {"p1":16,
     "p2":43,
     "p3":44},
    {"p1":72,
     "p2":73,
     "p3":84},
    {"p1":73,
     "p2":75,
     "p3":84},
    {"p1":71,
     "p2":72,
     "p3":84},
    {"p1":70,
     "p2":71,
     "p3":84},
    {"p1":20,
     "p2":24,
     "p3":29},
    {"p1":18,
     "p2":29,
     "p3":30},
    {"p1":25,
     "p2":26,
     "p3":27},
    {"p1":86,
     "p2":88,
     "p3":89},
    {"p1":76,
     "p2":79,
     "p3":83},
    {"p1":75,
     "p2":76,
     "p3":84},
    {"p1":76,
     "p2":83,
     "p3":84},
    {"p1":84,
     "p2":85,
     "p3":93},
    {"p1":85,
     "p2":92,
     "p3":93},
    {"p1":85,
     "p2":89,
     "p3":92},
    {"p1":85,
     "p2":86,
     "p3":89},
    {"p1":69,
     "p2":70,
     "p3":95},
    {"p1":69,
     "p2":95,
     "p3":96},
    {"p1":68,
     "p2":69,
     "p3":96},
    {"p1":57,
     "p2":58,
     "p3":105},
    {"p1":58,
     "p2":104,
     "p3":105},
    {"p1":58,
     "p2":59,
     "p3":104},
    {"p1":59,
     "p2":60,
     "p3":103},
    {"p1":62,
     "p2":101,
     "p3":102},
    {"p1":61,
     "p2":62,
     "p3":102},
    {"p1":60,
     "p2":102,
     "p3":103},
    {"p1":60,
     "p2":61,
     "p3":102},
    {"p1":6,
     "p2":7,
     "p3":51},
    {"p1":5,
     "p2":6,
     "p3":52},
    {"p1":6,
     "p2":51,
     "p3":52},
    {"p1":7,
     "p2":50,
     "p3":51},
    {"p1":7,
     "p2":8,
     "p3":50},
    {"p1":8,
     "p2":49,
     "p3":50},
    {"p1":3,
     "p2":4,
     "p3":53},
    {"p1":4,
     "p2":5,
     "p3":52},
    {"p1":4,
     "p2":52,
     "p3":53},
    {"p1":3,
     "p2":53,
     "p3":54},
    {"p1":2,
     "p2":3,
     "p3":54},
    {"p1":2,
     "p2":54,
     "p3":55},
    {"p1":1,
     "p2":2,
     "p3":55},
    {"p1":12,
     "p2":13,
     "p3":46},
    {"p1":11,
     "p2":12,
     "p3":46},
    {"p1":30,
     "p2":40,
     "p3":41},
    {"p1":30,
     "p2":41,
     "p3":42},
    {"p1":36,
     "p2":37,
     "p3":39},
    {"p1":37,
     "p2":38,
     "p3":39},
    {"p1":31,
     "p2":32,
     "p3":35},
    {"p1":31,
     "p2":35,
     "p3":36},
    {"p1":31,
     "p2":36,
     "p3":39},
    {"p1":30,
     "p2":31,
     "p3":40},
    {"p1":31,
     "p2":39,
     "p3":40},
    {"p1":21,
     "p2":22,
     "p3":23},
    {"p1":20,
     "p2":21,
     "p3":23},
    {"p1":17,
     "p2":18,
     "p3":30},
    {"p1":16,
     "p2":17,
     "p3":30},
    {"p1":15,
     "p2":16,
     "p3":44},
    {"p1":14,
     "p2":15,
     "p3":45},
    {"p1":15,
     "p2":44,
     "p3":45},
    {"p1":73,
     "p2":74,
     "p3":75},
    {"p1":18,
     "p2":19,
     "p3":29},
    {"p1":19,
     "p2":20,
     "p3":29},
    {"p1":90,
     "p2":91,
     "p3":92},
    {"p1":89,
     "p2":90,
     "p3":92},
    {"p1":76,
     "p2":77,
     "p3":78},
    {"p1":76,
     "p2":78,
     "p3":79},
    {"p1":1,
     "p2":55,
     "p3":56},
    {"p1":0,
     "p2":56,
     "p3":57},
    {"p1":0,
     "p2":1,
     "p3":56},
    {"p1":25,
     "p2":27,
     "p3":28},
    {"p1":24,
     "p2":25,
     "p3":28},
    {"p1":24,
     "p2":28,
     "p3":29}]
}