{"points":[
    {"x":0.26376,
     "y":0.49771},
    {"x":0.27523,
     "y":0.51835},
    {"x":0.28899,
     "y":0.53899},
    {"x":0.30275,
     "y":0.55963},
    {"x":0.31651,
     "y":0.58028},
    {"x":0.32798,
     "y":0.60092},
    {"x":0.34174,
     "y":0.62156},
    {"x":0.3555,
     "y":0.6422},
    {"x":0.36927,
     "y":0.66284},
    {"x":0.38073,
     "y":0.68349},
    {"x":0.3945,
     "y":0.70413},
    {"x":0.40826,
     "y":0.72477},
    {"x":0.42202,
     "y":0.74541},
    {"x":0.43349,
     "y":0.76606},
    {"x":0.44725,
     "y":0.7867},
    {"x":0.46101,
     "y":0.80734},
    {"x":0.46101,
     "y":0.82798},
    {"x":0.45183,
     "y":0.84862},
    {"x":0.44495,
     "y":0.86927},
    {"x":0.43578,
     "y":0.88991},
    {"x":0.4289,
     "y":0.91055},
    {"x":0.43119,
     "y":0.93119},
    {"x":0.44725,
     "y":0.95183},
    {"x":0.46101,
     "y":0.97248},
    {"x":0.47706,
     "y":0.99312},
    {"x":0.49541,
     "y":0.99541},
    {"x":0.51606,
     "y":0.99771},
    {"x":0.5367,
     "y":0.99771},
    {"x":0.55734,
     "y":0.99771},
    {"x":0.57798,
     "y":1},
    {"x":0.58945,
     "y":0.98165},
    {"x":0.59862,
     "y":0.96101},
    {"x":0.6078,
     "y":0.94037},
    {"x":0.61468,
     "y":0.91972},
    {"x":0.59404,
     "y":0.90596},
    {"x":0.59633,
     "y":0.88532},
    {"x":0.60092,
     "y":0.86468},
    {"x":0.59633,
     "y":0.84404},
    {"x":0.58028,
     "y":0.82339},
    {"x":0.56881,
     "y":0.80275},
    {"x":0.55734,
     "y":0.78211},
    {"x":0.54358,
     "y":0.76147},
    {"x":0.52982,
     "y":0.74083},
    {"x":0.51606,
     "y":0.72018},
    {"x":0.50229,
     "y":0.69954},
    {"x":0.48853,
     "y":0.6789},
    {"x":0.47477,
     "y":0.65826},
    {"x":0.46101,
     "y":0.63761},
    {"x":0.44725,
     "y":0.61697},
    {"x":0.43349,
     "y":0.59633},
    {"x":0.41972,
     "y":0.57569},
    {"x":0.40367,
     "y":0.55505},
    {"x":0.38991,
     "y":0.5344},
    {"x":0.37615,
     "y":0.51376},
    {"x":0.36239,
     "y":0.49312},
    {"x":0.34862,
     "y":0.47248},
    {"x":0.33486,
     "y":0.45183},
    {"x":0.3211,
     "y":0.43119},
    {"x":0.30734,
     "y":0.41055},
    {"x":0.29358,
     "y":0.38991},
    {"x":0.27982,
     "y":0.36927},
    {"x":0.26606,
     "y":0.34862},
    {"x":0.25229,
     "y":0.32798},
    {"x":0.23853,
     "y":0.30734},
    {"x":0.22477,
     "y":0.2867},
    {"x":0.20872,
     "y":0.26606},
    {"x":0.19495,
     "y":0.24541},
    {"x":0.18119,
     "y":0.22477},
    {"x":0.16743,
     "y":0.20413},
    {"x":0.15367,
     "y":0.18349},
    {"x":0.13991,
     "y":0.16284},
    {"x":0.1445,
     "y":0.1422},
    {"x":0.14908,
     "y":0.12156},
    {"x":0.15367,
     "y":0.10092},
    {"x":0.15826,
     "y":0.080275},
    {"x":0.16284,
     "y":0.059633},
    {"x":0.15367,
     "y":0.041284},
    {"x":0.13303,
     "y":0.027523},
    {"x":0.11239,
     "y":0.013761},
    {"x":0.091743,
     "y":0},
    {"x":0.071101,
     "y":0.0022936},
    {"x":0.050459,
     "y":0.0091743},
    {"x":0.029817,
     "y":0.018349},
    {"x":0.0091743,
     "y":0.025229},
    {"x":0,
     "y":0.036697},
    {"x":0.0068807,
     "y":0.057339},
    {"x":0.013761,
     "y":0.077982},
    {"x":0.020642,
     "y":0.098624},
    {"x":0.041284,
     "y":0.11927},
    {"x":0.055046,
     "y":0.13761},
    {"x":0.06422,
     "y":0.15826},
    {"x":0.071101,
     "y":0.1789},
    {"x":0.073394,
     "y":0.19954},
    {"x":0.084862,
     "y":0.22018},
    {"x":0.098624,
     "y":0.24083},
    {"x":0.11239,
     "y":0.26147},
    {"x":0.12615,
     "y":0.28211},
    {"x":0.13761,
     "y":0.30275},
    {"x":0.15138,
     "y":0.32339},
    {"x":0.16514,
     "y":0.34404},
    {"x":0.1789,
     "y":0.36468},
    {"x":0.19037,
     "y":0.38532},
    {"x":0.20413,
     "y":0.40596},
    {"x":0.21789,
     "y":0.42661},
    {"x":0.23165,
     "y":0.44725},
    {"x":0.24312,
     "y":0.46789},
    {"x":0.25688,
     "y":0.48853},
    {"x":0.26376,
     "y":0.49771}],
 "triangles":[
    {"p1":28,
     "p2":29,
     "p3":30},
    {"p1":23,
     "p2":24,
     "p3":25},
    {"p1":23,
     "p2":25,
     "p3":26},
    {"p1":58,
     "p2":104,
     "p3":105},
    {"p1":27,
     "p2":28,
     "p3":31},
    {"p1":28,
     "p2":30,
     "p3":31},
    {"p1":77,
     "p2":78,
     "p3":88},
    {"p1":78,
     "p2":79,
     "p3":80},
    {"p1":64,
     "p2":98,
     "p3":99},
    {"p1":0,
     "p2":56,
     "p3":106},
    {"p1":12,
     "p2":44,
     "p3":45},
    {"p1":0,
     "p2":55,
     "p3":56},
    {"p1":9,
     "p2":10,
     "p3":47},
    {"p1":61,
     "p2":62,
     "p3":101},
    {"p1":62,
     "p2":100,
     "p3":101},
    {"p1":63,
     "p2":64,
     "p3":99},
    {"p1":63,
     "p2":99,
     "p3":100},
    {"p1":62,
     "p2":63,
     "p3":100},
    {"p1":60,
     "p2":102,
     "p3":103},
    {"p1":61,
     "p2":101,
     "p3":102},
    {"p1":60,
     "p2":61,
     "p3":102},
    {"p1":59,
     "p2":60,
     "p3":103},
    {"p1":58,
     "p2":59,
     "p3":104},
    {"p1":59,
     "p2":103,
     "p3":104},
    {"p1":66,
     "p2":96,
     "p3":97},
    {"p1":66,
     "p2":67,
     "p3":96},
    {"p1":69,
     "p2":93,
     "p3":94},
    {"p1":78,
     "p2":80,
     "p3":81},
    {"p1":78,
     "p2":81,
     "p3":88},
    {"p1":83,
     "p2":84,
     "p3":85},
    {"p1":82,
     "p2":83,
     "p3":85},
    {"p1":73,
     "p2":88,
     "p3":89},
    {"p1":73,
     "p2":77,
     "p3":88},
    {"p1":57,
     "p2":58,
     "p3":105},
    {"p1":57,
     "p2":105,
     "p3":106},
    {"p1":56,
     "p2":57,
     "p3":106},
    {"p1":18,
     "p2":22,
     "p3":34},
    {"p1":18,
     "p2":34,
     "p3":35},
    {"p1":23,
     "p2":26,
     "p3":34},
    {"p1":22,
     "p2":23,
     "p3":34},
    {"p1":26,
     "p2":27,
     "p3":34},
    {"p1":27,
     "p2":31,
     "p3":34},
    {"p1":31,
     "p2":32,
     "p3":34},
    {"p1":32,
     "p2":33,
     "p3":34},
    {"p1":17,
     "p2":18,
     "p3":35},
    {"p1":17,
     "p2":35,
     "p3":38},
    {"p1":16,
     "p2":17,
     "p3":38},
    {"p1":18,
     "p2":19,
     "p3":22},
    {"p1":14,
     "p2":42,
     "p3":43},
    {"p1":13,
     "p2":14,
     "p3":43},
    {"p1":12,
     "p2":13,
     "p3":44},
    {"p1":13,
     "p2":43,
     "p3":44},
    {"p1":15,
     "p2":16,
     "p3":40},
    {"p1":15,
     "p2":40,
     "p3":41},
    {"p1":15,
     "p2":41,
     "p3":42},
    {"p1":14,
     "p2":15,
     "p3":42},
    {"p1":3,
     "p2":4,
     "p3":53},
    {"p1":11,
     "p2":12,
     "p3":45},
    {"p1":10,
     "p2":46,
     "p3":47},
    {"p1":11,
     "p2":45,
     "p3":46},
    {"p1":10,
     "p2":11,
     "p3":46},
    {"p1":7,
     "p2":8,
     "p3":49},
    {"p1":6,
     "p2":7,
     "p3":50},
    {"p1":7,
     "p2":49,
     "p3":50},
    {"p1":35,
     "p2":36,
     "p3":37},
    {"p1":35,
     "p2":37,
     "p3":38},
    {"p1":16,
     "p2":39,
     "p3":40},
    {"p1":16,
     "p2":38,
     "p3":39},
    {"p1":65,
     "p2":66,
     "p3":97},
    {"p1":64,
     "p2":65,
     "p3":98},
    {"p1":65,
     "p2":97,
     "p3":98},
    {"p1":67,
     "p2":95,
     "p3":96},
    {"p1":81,
     "p2":82,
     "p3":86},
    {"p1":82,
     "p2":85,
     "p3":86},
    {"p1":86,
     "p2":87,
     "p3":88},
    {"p1":81,
     "p2":86,
     "p3":88},
    {"p1":71,
     "p2":72,
     "p3":89},
    {"p1":72,
     "p2":73,
     "p3":89},
    {"p1":73,
     "p2":74,
     "p3":77},
    {"p1":74,
     "p2":76,
     "p3":77},
    {"p1":74,
     "p2":75,
     "p3":76},
    {"p1":20,
     "p2":21,
     "p3":22},
    {"p1":19,
     "p2":20,
     "p3":22},
    {"p1":0,
     "p2":1,
     "p3":55},
    {"p1":1,
     "p2":2,
     "p3":55},
    {"p1":2,
     "p2":3,
     "p3":54},
    {"p1":3,
     "p2":53,
     "p3":54},
    {"p1":2,
     "p2":54,
     "p3":55},
    {"p1":4,
     "p2":5,
     "p3":51},
    {"p1":6,
     "p2":50,
     "p3":51},
    {"p1":5,
     "p2":6,
     "p3":51},
    {"p1":8,
     "p2":48,
     "p3":49},
    {"p1":9,
     "p2":47,
     "p3":48},
    {"p1":8,
     "p2":9,
     "p3":48},
    {"p1":71,
     "p2":89,
     "p3":90},
    {"p1":68,
     "p2":69,
     "p3":94},
    {"p1":67,
     "p2":68,
     "p3":95},
    {"p1":68,
     "p2":94,
     "p3":95},
    {"p1":4,
     "p2":52,
     "p3":53},
    {"p1":4,
     "p2":51,
     "p3":52},
    {"p1":70,
     "p2":71,
     "p3":90},
    {"p1":70,
     "p2":90,
     "p3":91},
    {"p1":70,
     "p2":91,
     "p3":92},
    {"p1":70,
     "p2":92,
     "p3":93},
    {"p1":69,
     "p2":70,
     "p3":93}]
}