{"points":[
    {"x":0.33867,
     "y":0.50114},
    {"x":0.35469,
     "y":0.52632},
    {"x":0.36156,
     "y":0.55149},
    {"x":0.37071,
     "y":0.57666},
    {"x":0.37986,
     "y":0.60183},
    {"x":0.38673,
     "y":0.627},
    {"x":0.39588,
     "y":0.65217},
    {"x":0.40275,
     "y":0.67735},
    {"x":0.4119,
     "y":0.70252},
    {"x":0.41876,
     "y":0.72769},
    {"x":0.42792,
     "y":0.75286},
    {"x":0.43707,
     "y":0.77803},
    {"x":0.44394,
     "y":0.8032},
    {"x":0.45309,
     "y":0.82838},
    {"x":0.46682,
     "y":0.85355},
    {"x":0.47826,
     "y":0.87872},
    {"x":0.49199,
     "y":0.90389},
    {"x":0.50572,
     "y":0.92906},
    {"x":0.52403,
     "y":0.95423},
    {"x":0.54233,
     "y":0.97941},
    {"x":0.56064,
     "y":0.99771},
    {"x":0.58581,
     "y":0.99771},
    {"x":0.61098,
     "y":1},
    {"x":0.63616,
     "y":1},
    {"x":0.66133,
     "y":0.99771},
    {"x":0.67048,
     "y":0.97254},
    {"x":0.68192,
     "y":0.94737},
    {"x":0.69336,
     "y":0.9222},
    {"x":0.71854,
     "y":0.91991},
    {"x":0.74371,
     "y":0.91762},
    {"x":0.76888,
     "y":0.91533},
    {"x":0.78261,
     "y":0.89474},
    {"x":0.79176,
     "y":0.86957},
    {"x":0.79863,
     "y":0.84439},
    {"x":0.80778,
     "y":0.81922},
    {"x":0.79405,
     "y":0.79405},
    {"x":0.77346,
     "y":0.76888},
    {"x":0.75515,
     "y":0.74371},
    {"x":0.72998,
     "y":0.74371},
    {"x":0.70481,
     "y":0.75057},
    {"x":0.67963,
     "y":0.75744},
    {"x":0.65446,
     "y":0.7643},
    {"x":0.62929,
     "y":0.77117},
    {"x":0.6087,
     "y":0.74828},
    {"x":0.59268,
     "y":0.72311},
    {"x":0.57666,
     "y":0.69794},
    {"x":0.55835,
     "y":0.67277},
    {"x":0.54233,
     "y":0.6476},
    {"x":0.52403,
     "y":0.62243},
    {"x":0.50801,
     "y":0.59725},
    {"x":0.4897,
     "y":0.57208},
    {"x":0.47368,
     "y":0.54691},
    {"x":0.45767,
     "y":0.52174},
    {"x":0.43936,
     "y":0.49657},
    {"x":0.42334,
     "y":0.4714},
    {"x":0.41648,
     "y":0.44622},
    {"x":0.40961,
     "y":0.42105},
    {"x":0.40275,
     "y":0.39588},
    {"x":0.39359,
     "y":0.37071},
    {"x":0.38673,
     "y":0.34554},
    {"x":0.37986,
     "y":0.32037},
    {"x":0.373,
     "y":0.29519},
    {"x":0.36613,
     "y":0.27002},
    {"x":0.35927,
     "y":0.24485},
    {"x":0.3524,
     "y":0.21968},
    {"x":0.34325,
     "y":0.19451},
    {"x":0.33638,
     "y":0.16934},
    {"x":0.32952,
     "y":0.14416},
    {"x":0.3135,
     "y":0.11899},
    {"x":0.28833,
     "y":0.09611},
    {"x":0.26316,
     "y":0.073227},
    {"x":0.23799,
     "y":0.052632},
    {"x":0.21281,
     "y":0.034325},
    {"x":0.18764,
     "y":0.018307},
    {"x":0.16247,
     "y":0},
    {"x":0.1373,
     "y":0.011442},
    {"x":0.11213,
     "y":0.020595},
    {"x":0.086957,
     "y":0.029748},
    {"x":0.077803,
     "y":0.045767},
    {"x":0.086957,
     "y":0.070938},
    {"x":0.093822,
     "y":0.09611},
    {"x":0.073227,
     "y":0.10297},
    {"x":0.048055,
     "y":0.10526},
    {"x":0.022883,
     "y":0.10755},
    {"x":0.0091533,
     "y":0.12357},
    {"x":0.0045767,
     "y":0.14874},
    {"x":0,
     "y":0.17391},
    {"x":0.006865,
     "y":0.19908},
    {"x":0.032037,
     "y":0.22426},
    {"x":0.057208,
     "y":0.24943},
    {"x":0.080092,
     "y":0.24027},
    {"x":0.10526,
     "y":0.22654},
    {"x":0.13043,
     "y":0.2151},
    {"x":0.15332,
     "y":0.21053},
    {"x":0.16934,
     "y":0.2357},
    {"x":0.18535,
     "y":0.26087},
    {"x":0.20137,
     "y":0.28604},
    {"x":0.21739,
     "y":0.31121},
    {"x":0.23341,
     "y":0.33638},
    {"x":0.24943,
     "y":0.36156},
    {"x":0.26545,
     "y":0.38673},
    {"x":0.28375,
     "y":0.4119},
    {"x":0.29977,
     "y":0.43707},
    {"x":0.31579,
     "y":0.46224},
    {"x":0.33181,
     "y":0.48741},
    {"x":0.33867,
     "y":0.50114}],
 "triangles":[
    {"p1":19,
     "p2":20,
     "p3":21},
    {"p1":18,
     "p2":19,
     "p3":21},
    {"p1":58,
     "p2":101,
     "p3":102},
    {"p1":21,
     "p2":22,
     "p3":26},
    {"p1":18,
     "p2":26,
     "p3":27},
    {"p1":18,
     "p2":21,
     "p3":26},
    {"p1":85,
     "p2":86,
     "p3":87},
    {"p1":71,
     "p2":80,
     "p3":93},
    {"p1":14,
     "p2":15,
     "p3":42},
    {"p1":15,
     "p2":16,
     "p3":42},
    {"p1":81,
     "p2":85,
     "p3":88},
    {"p1":85,
     "p2":87,
     "p3":88},
    {"p1":80,
     "p2":81,
     "p3":92},
    {"p1":80,
     "p2":92,
     "p3":93},
    {"p1":67,
     "p2":68,
     "p3":94},
    {"p1":60,
     "p2":61,
     "p3":99},
    {"p1":57,
     "p2":58,
     "p3":102},
    {"p1":27,
     "p2":28,
     "p3":40},
    {"p1":28,
     "p2":32,
     "p3":40},
    {"p1":29,
     "p2":30,
     "p3":31},
    {"p1":29,
     "p2":31,
     "p3":32},
    {"p1":28,
     "p2":29,
     "p3":32},
    {"p1":81,
     "p2":82,
     "p3":85},
    {"p1":82,
     "p2":84,
     "p3":85},
    {"p1":82,
     "p2":83,
     "p3":84},
    {"p1":75,
     "p2":79,
     "p3":80},
    {"p1":70,
     "p2":71,
     "p3":93},
    {"p1":71,
     "p2":72,
     "p3":80},
    {"p1":13,
     "p2":14,
     "p3":43},
    {"p1":14,
     "p2":42,
     "p3":43},
    {"p1":16,
     "p2":17,
     "p3":42},
    {"p1":17,
     "p2":18,
     "p3":27},
    {"p1":17,
     "p2":27,
     "p3":42},
    {"p1":81,
     "p2":88,
     "p3":91},
    {"p1":81,
     "p2":91,
     "p3":92},
    {"p1":33,
     "p2":34,
     "p3":35},
    {"p1":27,
     "p2":41,
     "p3":42},
    {"p1":27,
     "p2":40,
     "p3":41},
    {"p1":33,
     "p2":35,
     "p3":36},
    {"p1":36,
     "p2":37,
     "p3":38},
    {"p1":61,
     "p2":98,
     "p3":99},
    {"p1":6,
     "p2":48,
     "p3":49},
    {"p1":6,
     "p2":7,
     "p3":48},
    {"p1":8,
     "p2":9,
     "p3":47},
    {"p1":8,
     "p2":47,
     "p3":48},
    {"p1":7,
     "p2":8,
     "p3":48},
    {"p1":3,
     "p2":51,
     "p3":52},
    {"p1":60,
     "p2":99,
     "p3":100},
    {"p1":6,
     "p2":49,
     "p3":50},
    {"p1":5,
     "p2":6,
     "p3":50},
    {"p1":58,
     "p2":59,
     "p3":101},
    {"p1":59,
     "p2":100,
     "p3":101},
    {"p1":59,
     "p2":60,
     "p3":100},
    {"p1":23,
     "p2":24,
     "p3":25},
    {"p1":22,
     "p2":23,
     "p3":25},
    {"p1":22,
     "p2":25,
     "p3":26},
    {"p1":77,
     "p2":78,
     "p3":79},
    {"p1":76,
     "p2":77,
     "p3":79},
    {"p1":75,
     "p2":76,
     "p3":79},
    {"p1":69,
     "p2":70,
     "p3":93},
    {"p1":68,
     "p2":69,
     "p3":94},
    {"p1":69,
     "p2":93,
     "p3":94},
    {"p1":73,
     "p2":74,
     "p3":75},
    {"p1":73,
     "p2":75,
     "p3":80},
    {"p1":72,
     "p2":73,
     "p3":80},
    {"p1":12,
     "p2":13,
     "p3":43},
    {"p1":88,
     "p2":89,
     "p3":90},
    {"p1":88,
     "p2":90,
     "p3":91},
    {"p1":64,
     "p2":65,
     "p3":96},
    {"p1":3,
     "p2":4,
     "p3":51},
    {"p1":4,
     "p2":5,
     "p3":50},
    {"p1":4,
     "p2":50,
     "p3":51},
    {"p1":1,
     "p2":53,
     "p3":54},
    {"p1":0,
     "p2":1,
     "p3":54},
    {"p1":54,
     "p2":55,
     "p3":104},
    {"p1":0,
     "p2":54,
     "p3":104},
    {"p1":1,
     "p2":2,
     "p3":53},
    {"p1":2,
     "p2":3,
     "p3":52},
    {"p1":2,
     "p2":52,
     "p3":53},
    {"p1":57,
     "p2":102,
     "p3":103},
    {"p1":56,
     "p2":57,
     "p3":103},
    {"p1":55,
     "p2":103,
     "p3":104},
    {"p1":55,
     "p2":56,
     "p3":103},
    {"p1":10,
     "p2":45,
     "p3":46},
    {"p1":9,
     "p2":46,
     "p3":47},
    {"p1":9,
     "p2":10,
     "p3":46},
    {"p1":10,
     "p2":11,
     "p3":45},
    {"p1":36,
     "p2":38,
     "p3":39},
    {"p1":33,
     "p2":36,
     "p3":39},
    {"p1":65,
     "p2":95,
     "p3":96},
    {"p1":66,
     "p2":67,
     "p3":94},
    {"p1":66,
     "p2":94,
     "p3":95},
    {"p1":65,
     "p2":66,
     "p3":95},
    {"p1":61,
     "p2":62,
     "p3":98},
    {"p1":62,
     "p2":97,
     "p3":98},
    {"p1":63,
     "p2":64,
     "p3":96},
    {"p1":63,
     "p2":96,
     "p3":97},
    {"p1":62,
     "p2":63,
     "p3":97},
    {"p1":11,
     "p2":44,
     "p3":45},
    {"p1":12,
     "p2":43,
     "p3":44},
    {"p1":11,
     "p2":12,
     "p3":44},
    {"p1":32,
     "p2":33,
     "p3":39},
    {"p1":32,
     "p2":39,
     "p3":40}]
}