{"points":[
    {"x":0.34174,
     "y":0.5},
    {"x":0.3578,
     "y":0.52523},
    {"x":0.37615,
     "y":0.55046},
    {"x":0.3922,
     "y":0.57569},
    {"x":0.40826,
     "y":0.60092},
    {"x":0.42431,
     "y":0.62615},
    {"x":0.44037,
     "y":0.65138},
    {"x":0.45642,
     "y":0.67661},
    {"x":0.47248,
     "y":0.70183},
    {"x":0.48853,
     "y":0.72706},
    {"x":0.50459,
     "y":0.75229},
    {"x":0.52064,
     "y":0.77752},
    {"x":0.5367,
     "y":0.80275},
    {"x":0.54128,
     "y":0.82798},
    {"x":0.53211,
     "y":0.85321},
    {"x":0.52064,
     "y":0.87844},
    {"x":0.51147,
     "y":0.90367},
    {"x":0.50917,
     "y":0.9289},
    {"x":0.52752,
     "y":0.95413},
    {"x":0.54587,
     "y":0.97936},
    {"x":0.56422,
     "y":0.99771},
    {"x":0.58945,
     "y":0.99771},
    {"x":0.61468,
     "y":1},
    {"x":0.63991,
     "y":1},
    {"x":0.66514,
     "y":0.99771},
    {"x":0.67431,
     "y":0.97248},
    {"x":0.68578,
     "y":0.94725},
    {"x":0.69725,
     "y":0.92202},
    {"x":0.72248,
     "y":0.91972},
    {"x":0.74771,
     "y":0.91743},
    {"x":0.77294,
     "y":0.91514},
    {"x":0.7867,
     "y":0.8945},
    {"x":0.79587,
     "y":0.86927},
    {"x":0.80275,
     "y":0.84404},
    {"x":0.81193,
     "y":0.81881},
    {"x":0.79817,
     "y":0.79358},
    {"x":0.77752,
     "y":0.76835},
    {"x":0.75917,
     "y":0.74312},
    {"x":0.73394,
     "y":0.74312},
    {"x":0.70872,
     "y":0.75},
    {"x":0.68349,
     "y":0.75688},
    {"x":0.65826,
     "y":0.76376},
    {"x":0.63303,
     "y":0.77064},
    {"x":0.61239,
     "y":0.74771},
    {"x":0.59633,
     "y":0.72248},
    {"x":0.58028,
     "y":0.69725},
    {"x":0.56193,
     "y":0.67202},
    {"x":0.54587,
     "y":0.64679},
    {"x":0.52752,
     "y":0.62156},
    {"x":0.51147,
     "y":0.59633},
    {"x":0.49312,
     "y":0.5711},
    {"x":0.47706,
     "y":0.54587},
    {"x":0.46101,
     "y":0.52064},
    {"x":0.44266,
     "y":0.49541},
    {"x":0.42661,
     "y":0.47018},
    {"x":0.40826,
     "y":0.44495},
    {"x":0.3922,
     "y":0.41972},
    {"x":0.37385,
     "y":0.3945},
    {"x":0.3578,
     "y":0.36927},
    {"x":0.33945,
     "y":0.34404},
    {"x":0.32339,
     "y":0.31881},
    {"x":0.30734,
     "y":0.29358},
    {"x":0.28899,
     "y":0.26835},
    {"x":0.27294,
     "y":0.24312},
    {"x":0.25459,
     "y":0.21789},
    {"x":0.23853,
     "y":0.19266},
    {"x":0.22018,
     "y":0.16743},
    {"x":0.22477,
     "y":0.1422},
    {"x":0.23165,
     "y":0.11697},
    {"x":0.23624,
     "y":0.091743},
    {"x":0.24083,
     "y":0.066514},
    {"x":0.23394,
     "y":0.045872},
    {"x":0.20872,
     "y":0.027523},
    {"x":0.18349,
     "y":0.011468},
    {"x":0.15826,
     "y":0},
    {"x":0.13303,
     "y":0.011468},
    {"x":0.1078,
     "y":0.020642},
    {"x":0.082569,
     "y":0.029817},
    {"x":0.082569,
     "y":0.050459},
    {"x":0.091743,
     "y":0.075688},
    {"x":0.094037,
     "y":0.098624},
    {"x":0.068807,
     "y":0.10092},
    {"x":0.043578,
     "y":0.10321},
    {"x":0.018349,
     "y":0.1078},
    {"x":0.011468,
     "y":0.12844},
    {"x":0.0045872,
     "y":0.15367},
    {"x":0,
     "y":0.1789},
    {"x":0.016055,
     "y":0.20413},
    {"x":0.041284,
     "y":0.22936},
    {"x":0.06422,
     "y":0.24771},
    {"x":0.08945,
     "y":0.23394},
    {"x":0.11468,
     "y":0.22248},
    {"x":0.13991,
     "y":0.20872},
    {"x":0.16055,
     "y":0.2156},
    {"x":0.17661,
     "y":0.24083},
    {"x":0.19266,
     "y":0.26606},
    {"x":0.20872,
     "y":0.29128},
    {"x":0.22477,
     "y":0.31651},
    {"x":0.24083,
     "y":0.34174},
    {"x":0.25688,
     "y":0.36697},
    {"x":0.27294,
     "y":0.3922},
    {"x":0.28899,
     "y":0.41743},
    {"x":0.30505,
     "y":0.44266},
    {"x":0.32339,
     "y":0.46789},
    {"x":0.33945,
     "y":0.49312},
    {"x":0.34174,
     "y":0.5}],
 "triangles":[
    {"p1":85,
     "p2":86,
     "p3":87},
    {"p1":23,
     "p2":24,
     "p3":25},
    {"p1":22,
     "p2":23,
     "p3":25},
    {"p1":19,
     "p2":20,
     "p3":21},
    {"p1":18,
     "p2":19,
     "p3":21},
    {"p1":0,
     "p2":54,
     "p3":55},
    {"p1":33,
     "p2":34,
     "p3":35},
    {"p1":16,
     "p2":17,
     "p3":18},
    {"p1":15,
     "p2":16,
     "p3":18},
    {"p1":18,
     "p2":21,
     "p3":26},
    {"p1":15,
     "p2":18,
     "p3":26},
    {"p1":21,
     "p2":22,
     "p3":26},
    {"p1":14,
     "p2":26,
     "p3":27},
    {"p1":14,
     "p2":15,
     "p3":26},
    {"p1":22,
     "p2":25,
     "p3":26},
    {"p1":29,
     "p2":30,
     "p3":31},
    {"p1":29,
     "p2":31,
     "p3":32},
    {"p1":58,
     "p2":59,
     "p3":100},
    {"p1":58,
     "p2":100,
     "p3":101},
    {"p1":88,
     "p2":89,
     "p3":90},
    {"p1":87,
     "p2":88,
     "p3":90},
    {"p1":8,
     "p2":46,
     "p3":47},
    {"p1":4,
     "p2":50,
     "p3":51},
    {"p1":57,
     "p2":101,
     "p3":102},
    {"p1":57,
     "p2":58,
     "p3":101},
    {"p1":55,
     "p2":56,
     "p3":103},
    {"p1":57,
     "p2":102,
     "p3":103},
    {"p1":56,
     "p2":57,
     "p3":103},
    {"p1":80,
     "p2":91,
     "p3":92},
    {"p1":70,
     "p2":71,
     "p3":72},
    {"p1":80,
     "p2":81,
     "p3":91},
    {"p1":81,
     "p2":87,
     "p3":90},
    {"p1":81,
     "p2":90,
     "p3":91},
    {"p1":81,
     "p2":85,
     "p3":87},
    {"p1":63,
     "p2":95,
     "p3":96},
    {"p1":65,
     "p2":93,
     "p3":94},
    {"p1":67,
     "p2":80,
     "p3":92},
    {"p1":10,
     "p2":11,
     "p3":44},
    {"p1":27,
     "p2":28,
     "p3":40},
    {"p1":28,
     "p2":32,
     "p3":40},
    {"p1":28,
     "p2":29,
     "p3":32},
    {"p1":60,
     "p2":61,
     "p3":98},
    {"p1":61,
     "p2":97,
     "p3":98},
    {"p1":3,
     "p2":4,
     "p3":51},
    {"p1":3,
     "p2":51,
     "p3":52},
    {"p1":6,
     "p2":48,
     "p3":49},
    {"p1":4,
     "p2":5,
     "p3":50},
    {"p1":5,
     "p2":49,
     "p3":50},
    {"p1":5,
     "p2":6,
     "p3":49},
    {"p1":0,
     "p2":55,
     "p3":104},
    {"p1":55,
     "p2":103,
     "p3":104},
    {"p1":76,
     "p2":77,
     "p3":78},
    {"p1":72,
     "p2":79,
     "p3":80},
    {"p1":75,
     "p2":76,
     "p3":79},
    {"p1":76,
     "p2":78,
     "p3":79},
    {"p1":82,
     "p2":84,
     "p3":85},
    {"p1":81,
     "p2":82,
     "p3":85},
    {"p1":82,
     "p2":83,
     "p3":84},
    {"p1":61,
     "p2":62,
     "p3":97},
    {"p1":62,
     "p2":63,
     "p3":96},
    {"p1":62,
     "p2":96,
     "p3":97},
    {"p1":67,
     "p2":68,
     "p3":80},
    {"p1":65,
     "p2":66,
     "p3":93},
    {"p1":66,
     "p2":92,
     "p3":93},
    {"p1":66,
     "p2":67,
     "p3":92},
    {"p1":36,
     "p2":38,
     "p3":39},
    {"p1":33,
     "p2":36,
     "p3":39},
    {"p1":33,
     "p2":35,
     "p3":36},
    {"p1":36,
     "p2":37,
     "p3":38},
    {"p1":27,
     "p2":41,
     "p3":42},
    {"p1":27,
     "p2":40,
     "p3":41},
    {"p1":12,
     "p2":13,
     "p3":42},
    {"p1":13,
     "p2":14,
     "p3":27},
    {"p1":13,
     "p2":27,
     "p3":42},
    {"p1":8,
     "p2":9,
     "p3":46},
    {"p1":10,
     "p2":44,
     "p3":45},
    {"p1":9,
     "p2":45,
     "p3":46},
    {"p1":9,
     "p2":10,
     "p3":45},
    {"p1":60,
     "p2":98,
     "p3":99},
    {"p1":59,
     "p2":99,
     "p3":100},
    {"p1":59,
     "p2":60,
     "p3":99},
    {"p1":0,
     "p2":1,
     "p3":54},
    {"p1":6,
     "p2":7,
     "p3":48},
    {"p1":7,
     "p2":8,
     "p3":47},
    {"p1":7,
     "p2":47,
     "p3":48},
    {"p1":73,
     "p2":75,
     "p3":79},
    {"p1":72,
     "p2":73,
     "p3":79},
    {"p1":73,
     "p2":74,
     "p3":75},
    {"p1":69,
     "p2":70,
     "p3":72},
    {"p1":69,
     "p2":72,
     "p3":80},
    {"p1":68,
     "p2":69,
     "p3":80},
    {"p1":63,
     "p2":64,
     "p3":95},
    {"p1":64,
     "p2":94,
     "p3":95},
    {"p1":64,
     "p2":65,
     "p3":94},
    {"p1":12,
     "p2":42,
     "p3":43},
    {"p1":11,
     "p2":12,
     "p3":43},
    {"p1":11,
     "p2":43,
     "p3":44},
    {"p1":2,
     "p2":3,
     "p3":52},
    {"p1":2,
     "p2":52,
     "p3":53},
    {"p1":1,
     "p2":53,
     "p3":54},
    {"p1":1,
     "p2":2,
     "p3":53},
    {"p1":33,
     "p2":39,
     "p3":40},
    {"p1":32,
     "p2":33,
     "p3":40}]
}