{"points":[
    {"x":0.49312,
     "y":0.5},
    {"x":0.49771,
     "y":0.52752},
    {"x":0.50229,
     "y":0.55505},
    {"x":0.50688,
     "y":0.58257},
    {"x":0.51147,
     "y":0.61009},
    {"x":0.51606,
     "y":0.63761},
    {"x":0.52064,
     "y":0.66514},
    {"x":0.52523,
     "y":0.69266},
    {"x":0.52982,
     "y":0.72018},
    {"x":0.5344,
     "y":0.74771},
    {"x":0.53899,
     "y":0.77523},
    {"x":0.54358,
     "y":0.80275},
    {"x":0.54128,
     "y":0.83028},
    {"x":0.52982,
     "y":0.8578},
    {"x":0.51835,
     "y":0.88532},
    {"x":0.50688,
     "y":0.91284},
    {"x":0.51835,
     "y":0.94037},
    {"x":0.5367,
     "y":0.96789},
    {"x":0.55734,
     "y":0.99541},
    {"x":0.58257,
     "y":0.99771},
    {"x":0.61009,
     "y":1},
    {"x":0.63761,
     "y":1},
    {"x":0.66514,
     "y":0.99771},
    {"x":0.67661,
     "y":0.97018},
    {"x":0.68807,
     "y":0.94266},
    {"x":0.70413,
     "y":0.92202},
    {"x":0.73165,
     "y":0.91972},
    {"x":0.75917,
     "y":0.91514},
    {"x":0.78211,
     "y":0.90596},
    {"x":0.79128,
     "y":0.87844},
    {"x":0.80046,
     "y":0.85092},
    {"x":0.80963,
     "y":0.82339},
    {"x":0.80046,
     "y":0.79587},
    {"x":0.77752,
     "y":0.76835},
    {"x":0.75688,
     "y":0.74083},
    {"x":0.72936,
     "y":0.74541},
    {"x":0.70183,
     "y":0.75229},
    {"x":0.67431,
     "y":0.75917},
    {"x":0.64679,
     "y":0.76835},
    {"x":0.62844,
     "y":0.75917},
    {"x":0.62156,
     "y":0.73165},
    {"x":0.61697,
     "y":0.70413},
    {"x":0.61239,
     "y":0.67661},
    {"x":0.6078,
     "y":0.64908},
    {"x":0.60321,
     "y":0.62156},
    {"x":0.59633,
     "y":0.59404},
    {"x":0.59174,
     "y":0.56651},
    {"x":0.58716,
     "y":0.53899},
    {"x":0.58257,
     "y":0.51147},
    {"x":0.57798,
     "y":0.48394},
    {"x":0.5711,
     "y":0.45642},
    {"x":0.56651,
     "y":0.4289},
    {"x":0.54358,
     "y":0.40596},
    {"x":0.51606,
     "y":0.38532},
    {"x":0.48853,
     "y":0.36468},
    {"x":0.46101,
     "y":0.34404},
    {"x":0.43349,
     "y":0.32339},
    {"x":0.40596,
     "y":0.30505},
    {"x":0.37844,
     "y":0.2844},
    {"x":0.35092,
     "y":0.26376},
    {"x":0.32339,
     "y":0.24312},
    {"x":0.29587,
     "y":0.22248},
    {"x":0.26835,
     "y":0.20183},
    {"x":0.24083,
     "y":0.18119},
    {"x":0.22248,
     "y":0.15826},
    {"x":0.22706,
     "y":0.13073},
    {"x":0.23394,
     "y":0.10321},
    {"x":0.24083,
     "y":0.075688},
    {"x":0.24083,
     "y":0.050459},
    {"x":0.2133,
     "y":0.03211},
    {"x":0.18578,
     "y":0.011468},
    {"x":0.15826,
     "y":0},
    {"x":0.13073,
     "y":0.011468},
    {"x":0.10321,
     "y":0.022936},
    {"x":0.077982,
     "y":0.03211},
    {"x":0.087156,
     "y":0.059633},
    {"x":0.094037,
     "y":0.087156},
    {"x":0.080275,
     "y":0.10092},
    {"x":0.052752,
     "y":0.10321},
    {"x":0.025229,
     "y":0.1055},
    {"x":0.011468,
     "y":0.12385},
    {"x":0.0045872,
     "y":0.15138},
    {"x":0,
     "y":0.1789},
    {"x":0.018349,
     "y":0.20642},
    {"x":0.045872,
     "y":0.23394},
    {"x":0.071101,
     "y":0.24312},
    {"x":0.098624,
     "y":0.22936},
    {"x":0.12615,
     "y":0.2156},
    {"x":0.15367,
     "y":0.20413},
    {"x":0.18119,
     "y":0.22477},
    {"x":0.20872,
     "y":0.24771},
    {"x":0.23624,
     "y":0.26835},
    {"x":0.26376,
     "y":0.29128},
    {"x":0.29128,
     "y":0.31193},
    {"x":0.31881,
     "y":0.33486},
    {"x":0.34633,
     "y":0.3555},
    {"x":0.37385,
     "y":0.37844},
    {"x":0.40138,
     "y":0.39908},
    {"x":0.4289,
     "y":0.42202},
    {"x":0.45642,
     "y":0.44266},
    {"x":0.48394,
     "y":0.4656},
    {"x":0.49312,
     "y":0.49312},
    {"x":0.49312,
     "y":0.5}],
 "triangles":[
    {"p1":17,
     "p2":19,
     "p3":20},
    {"p1":17,
     "p2":18,
     "p3":19},
    {"p1":17,
     "p2":20,
     "p3":24},
    {"p1":12,
     "p2":24,
     "p3":25},
    {"p1":5,
     "p2":6,
     "p3":43},
    {"p1":27,
     "p2":28,
     "p3":29},
    {"p1":81,
     "p2":82,
     "p3":83},
    {"p1":25,
     "p2":37,
     "p3":38},
    {"p1":12,
     "p2":25,
     "p3":38},
    {"p1":12,
     "p2":13,
     "p3":24},
    {"p1":53,
     "p2":99,
     "p3":100},
    {"p1":21,
     "p2":22,
     "p3":23},
    {"p1":20,
     "p2":23,
     "p3":24},
    {"p1":20,
     "p2":21,
     "p3":23},
    {"p1":78,
     "p2":79,
     "p3":80},
    {"p1":78,
     "p2":80,
     "p3":81},
    {"p1":78,
     "p2":81,
     "p3":83},
    {"p1":77,
     "p2":78,
     "p3":83},
    {"p1":70,
     "p2":71,
     "p3":72},
    {"p1":25,
     "p2":36,
     "p3":37},
    {"p1":30,
     "p2":31,
     "p3":32},
    {"p1":55,
     "p2":56,
     "p3":97},
    {"p1":58,
     "p2":94,
     "p3":95},
    {"p1":58,
     "p2":59,
     "p3":94},
    {"p1":76,
     "p2":77,
     "p3":88},
    {"p1":66,
     "p2":69,
     "p3":76},
    {"p1":72,
     "p2":75,
     "p3":76},
    {"p1":69,
     "p2":70,
     "p3":76},
    {"p1":70,
     "p2":72,
     "p3":76},
    {"p1":14,
     "p2":17,
     "p3":24},
    {"p1":13,
     "p2":14,
     "p3":24},
    {"p1":56,
     "p2":96,
     "p3":97},
    {"p1":52,
     "p2":53,
     "p3":100},
    {"p1":51,
     "p2":52,
     "p3":100},
    {"p1":5,
     "p2":43,
     "p3":44},
    {"p1":5,
     "p2":44,
     "p3":45},
    {"p1":50,
     "p2":51,
     "p3":100},
    {"p1":26,
     "p2":27,
     "p3":29},
    {"p1":26,
     "p2":29,
     "p3":30},
    {"p1":25,
     "p2":26,
     "p3":36},
    {"p1":26,
     "p2":30,
     "p3":36},
    {"p1":73,
     "p2":74,
     "p3":75},
    {"p1":72,
     "p2":73,
     "p3":75},
    {"p1":30,
     "p2":33,
     "p3":36},
    {"p1":30,
     "p2":32,
     "p3":33},
    {"p1":33,
     "p2":35,
     "p3":36},
    {"p1":33,
     "p2":34,
     "p3":35},
    {"p1":53,
     "p2":54,
     "p3":99},
    {"p1":57,
     "p2":58,
     "p3":95},
    {"p1":57,
     "p2":95,
     "p3":96},
    {"p1":56,
     "p2":57,
     "p3":96},
    {"p1":67,
     "p2":68,
     "p3":69},
    {"p1":66,
     "p2":67,
     "p3":69},
    {"p1":59,
     "p2":93,
     "p3":94},
    {"p1":59,
     "p2":60,
     "p3":93},
    {"p1":77,
     "p2":87,
     "p3":88},
    {"p1":65,
     "p2":66,
     "p3":76},
    {"p1":65,
     "p2":76,
     "p3":88},
    {"p1":14,
     "p2":15,
     "p3":16},
    {"p1":14,
     "p2":16,
     "p3":17},
    {"p1":54,
     "p2":98,
     "p3":99},
    {"p1":55,
     "p2":97,
     "p3":98},
    {"p1":54,
     "p2":55,
     "p3":98},
    {"p1":0,
     "p2":48,
     "p3":49},
    {"p1":61,
     "p2":62,
     "p3":91},
    {"p1":77,
     "p2":83,
     "p3":86},
    {"p1":77,
     "p2":86,
     "p3":87},
    {"p1":83,
     "p2":84,
     "p3":86},
    {"p1":84,
     "p2":85,
     "p3":86},
    {"p1":10,
     "p2":11,
     "p3":39},
    {"p1":12,
     "p2":38,
     "p3":39},
    {"p1":11,
     "p2":12,
     "p3":39},
    {"p1":6,
     "p2":42,
     "p3":43},
    {"p1":0,
     "p2":1,
     "p3":48},
    {"p1":1,
     "p2":2,
     "p3":47},
    {"p1":1,
     "p2":47,
     "p3":48},
    {"p1":50,
     "p2":100,
     "p3":101},
    {"p1":49,
     "p2":50,
     "p3":101},
    {"p1":0,
     "p2":49,
     "p3":101},
    {"p1":4,
     "p2":5,
     "p3":45},
    {"p1":3,
     "p2":4,
     "p3":45},
    {"p1":2,
     "p2":46,
     "p3":47},
    {"p1":2,
     "p2":3,
     "p3":46},
    {"p1":3,
     "p2":45,
     "p3":46},
    {"p1":60,
     "p2":92,
     "p3":93},
    {"p1":60,
     "p2":61,
     "p3":92},
    {"p1":61,
     "p2":91,
     "p3":92},
    {"p1":62,
     "p2":90,
     "p3":91},
    {"p1":64,
     "p2":65,
     "p3":88},
    {"p1":64,
     "p2":88,
     "p3":89},
    {"p1":10,
     "p2":39,
     "p3":40},
    {"p1":8,
     "p2":40,
     "p3":41},
    {"p1":7,
     "p2":8,
     "p3":41},
    {"p1":7,
     "p2":41,
     "p3":42},
    {"p1":6,
     "p2":7,
     "p3":42},
    {"p1":63,
     "p2":89,
     "p3":90},
    {"p1":63,
     "p2":64,
     "p3":89},
    {"p1":62,
     "p2":63,
     "p3":90},
    {"p1":9,
     "p2":10,
     "p3":40},
    {"p1":8,
     "p2":9,
     "p3":40}]
}