{"points":[
    {"x":0.029762,
     "y":0.38095},
    {"x":0.02381,
     "y":0.39881},
    {"x":0.02381,
     "y":0.41667},
    {"x":0.017857,
     "y":0.43452},
    {"x":0.011905,
     "y":0.45238},
    {"x":0.011905,
     "y":0.47024},
    {"x":0.0059524,
     "y":0.4881},
    {"x":0.0059524,
     "y":0.50595},
    {"x":0.0059524,
     "y":0.52381},
    {"x":0,
     "y":0.54167},
    {"x":0,
     "y":0.55952},
    {"x":0,
     "y":0.57738},
    {"x":0,
     "y":0.59524},
    {"x":0.0059524,
     "y":0.6131},
    {"x":0.0059524,
     "y":0.63095},
    {"x":0.011905,
     "y":0.64881},
    {"x":0.011905,
     "y":0.66667},
    {"x":0.017857,
     "y":0.68452},
    {"x":0.02381,
     "y":0.70238},
    {"x":0.02381,
     "y":0.72024},
    {"x":0.02381,
     "y":0.7381},
    {"x":0.02381,
     "y":0.75595},
    {"x":0.02381,
     "y":0.77381},
    {"x":0.029762,
     "y":0.79167},
    {"x":0.029762,
     "y":0.80952},
    {"x":0.029762,
     "y":0.82738},
    {"x":0.029762,
     "y":0.84524},
    {"x":0.029762,
     "y":0.8631},
    {"x":0.029762,
     "y":0.88095},
    {"x":0.029762,
     "y":0.89881},
    {"x":0.029762,
     "y":0.91667},
    {"x":0.029762,
     "y":0.93452},
    {"x":0.029762,
     "y":0.95238},
    {"x":0.029762,
     "y":0.97024},
    {"x":0.047619,
     "y":0.98214},
    {"x":0.065476,
     "y":0.9881},
    {"x":0.083333,
     "y":0.99405},
    {"x":0.10119,
     "y":1},
    {"x":0.1131,
     "y":0.98214},
    {"x":0.11905,
     "y":0.96429},
    {"x":0.125,
     "y":0.94643},
    {"x":0.125,
     "y":0.92857},
    {"x":0.125,
     "y":0.91071},
    {"x":0.125,
     "y":0.89286},
    {"x":0.13095,
     "y":0.875},
    {"x":0.1369,
     "y":0.85714},
    {"x":0.14286,
     "y":0.83929},
    {"x":0.15476,
     "y":0.82143},
    {"x":0.16071,
     "y":0.80357},
    {"x":0.16667,
     "y":0.78571},
    {"x":0.17857,
     "y":0.76786},
    {"x":0.18452,
     "y":0.75},
    {"x":0.19048,
     "y":0.73214},
    {"x":0.19643,
     "y":0.71429},
    {"x":0.20238,
     "y":0.69643},
    {"x":0.20833,
     "y":0.67857},
    {"x":0.22024,
     "y":0.66071},
    {"x":0.22619,
     "y":0.64286},
    {"x":0.23214,
     "y":0.625},
    {"x":0.2381,
     "y":0.60714},
    {"x":0.24405,
     "y":0.58929},
    {"x":0.25,
     "y":0.57143},
    {"x":0.25,
     "y":0.55357},
    {"x":0.25,
     "y":0.53571},
    {"x":0.25,
     "y":0.51786},
    {"x":0.25,
     "y":0.5},
    {"x":0.25,
     "y":0.48214},
    {"x":0.25,
     "y":0.46429},
    {"x":0.25,
     "y":0.44643},
    {"x":0.25595,
     "y":0.42857},
    {"x":0.25595,
     "y":0.41071},
    {"x":0.2619,
     "y":0.39286},
    {"x":0.2619,
     "y":0.375},
    {"x":0.26786,
     "y":0.35714},
    {"x":0.26786,
     "y":0.33929},
    {"x":0.27381,
     "y":0.32143},
    {"x":0.27381,
     "y":0.30357},
    {"x":0.27976,
     "y":0.28571},
    {"x":0.27976,
     "y":0.26786},
    {"x":0.27976,
     "y":0.25},
    {"x":0.27976,
     "y":0.23214},
    {"x":0.28571,
     "y":0.21429},
    {"x":0.29167,
     "y":0.19643},
    {"x":0.29167,
     "y":0.17857},
    {"x":0.29762,
     "y":0.16071},
    {"x":0.30357,
     "y":0.14286},
    {"x":0.30357,
     "y":0.125},
    {"x":0.30357,
     "y":0.10714},
    {"x":0.30357,
     "y":0.089286},
    {"x":0.30357,
     "y":0.071429},
    {"x":0.30357,
     "y":0.053571},
    {"x":0.29167,
     "y":0.035714},
    {"x":0.27381,
     "y":0.029762},
    {"x":0.25595,
     "y":0.029762},
    {"x":0.2381,
     "y":0.02381},
    {"x":0.22024,
     "y":0.017857},
    {"x":0.20238,
     "y":0.017857},
    {"x":0.18452,
     "y":0.017857},
    {"x":0.16667,
     "y":0.011905},
    {"x":0.14881,
     "y":0.011905},
    {"x":0.13095,
     "y":0.0059524},
    {"x":0.1131,
     "y":0.0059524},
    {"x":0.095238,
     "y":0},
    {"x":0.077381,
     "y":0.0059524},
    {"x":0.065476,
     "y":0.02381},
    {"x":0.059524,
     "y":0.041667},
    {"x":0.053571,
     "y":0.059524},
    {"x":0.047619,
     "y":0.077381},
    {"x":0.041667,
     "y":0.095238},
    {"x":0.041667,
     "y":0.1131},
    {"x":0.029762,
     "y":0.13095},
    {"x":0.029762,
     "y":0.14881},
    {"x":0.029762,
     "y":0.16667},
    {"x":0.029762,
     "y":0.18452},
    {"x":0.029762,
     "y":0.20238},
    {"x":0.029762,
     "y":0.22024},
    {"x":0.029762,
     "y":0.2381},
    {"x":0.029762,
     "y":0.25595},
    {"x":0.029762,
     "y":0.27381},
    {"x":0.029762,
     "y":0.29167},
    {"x":0.029762,
     "y":0.30952},
    {"x":0.029762,
     "y":0.32738},
    {"x":0.029762,
     "y":0.34524},
    {"x":0.029762,
     "y":0.3631},
    {"x":0.029762,
     "y":0.38095},
    {"x":0.029762,
     "y":0.38095}],
 "triangles":[
    {"p1":36,
     "p2":37,
     "p3":38},
    {"p1":97,
     "p2":99,
     "p3":109},
    {"p1":8,
     "p2":9,
     "p3":10},
    {"p1":8,
     "p2":10,
     "p3":59},
    {"p1":2,
     "p2":3,
     "p3":67},
    {"p1":3,
     "p2":5,
     "p3":67},
    {"p1":10,
     "p2":11,
     "p3":59},
    {"p1":90,
     "p2":91,
     "p3":92},
    {"p1":86,
     "p2":87,
     "p3":94},
    {"p1":83,
     "p2":109,
     "p3":112},
    {"p1":83,
     "p2":97,
     "p3":109},
    {"p1":97,
     "p2":98,
     "p3":99},
    {"p1":8,
     "p2":59,
     "p3":60},
    {"p1":2,
     "p2":67,
     "p3":68},
    {"p1":0,
     "p2":2,
     "p3":68},
    {"p1":0,
     "p2":68,
     "p3":70},
    {"p1":0,
     "p2":70,
     "p3":72},
    {"p1":89,
     "p2":90,
     "p3":92},
    {"p1":87,
     "p2":88,
     "p3":93},
    {"p1":87,
     "p2":93,
     "p3":94},
    {"p1":88,
     "p2":89,
     "p3":93},
    {"p1":89,
     "p2":92,
     "p3":93},
    {"p1":109,
     "p2":111,
     "p3":112},
    {"p1":109,
     "p2":110,
     "p3":111},
    {"p1":79,
     "p2":116,
     "p3":117},
    {"p1":84,
     "p2":85,
     "p3":86},
    {"p1":83,
     "p2":84,
     "p3":97},
    {"p1":79,
     "p2":80,
     "p3":116},
    {"p1":80,
     "p2":113,
     "p3":114},
    {"p1":99,
     "p2":107,
     "p3":109},
    {"p1":99,
     "p2":106,
     "p3":107},
    {"p1":99,
     "p2":101,
     "p3":106},
    {"p1":101,
     "p2":102,
     "p3":103},
    {"p1":101,
     "p2":103,
     "p3":104},
    {"p1":94,
     "p2":95,
     "p3":96},
    {"p1":86,
     "p2":94,
     "p3":96},
    {"p1":84,
     "p2":96,
     "p3":97},
    {"p1":84,
     "p2":86,
     "p3":96},
    {"p1":5,
     "p2":6,
     "p3":7},
    {"p1":7,
     "p2":8,
     "p3":64},
    {"p1":3,
     "p2":4,
     "p3":5},
    {"p1":5,
     "p2":66,
     "p3":67},
    {"p1":70,
     "p2":71,
     "p3":72},
    {"p1":8,
     "p2":63,
     "p3":64},
    {"p1":0,
     "p2":1,
     "p3":2},
    {"p1":72,
     "p2":122,
     "p3":123},
    {"p1":0,
     "p2":72,
     "p3":123},
    {"p1":35,
     "p2":36,
     "p3":39},
    {"p1":36,
     "p2":38,
     "p3":39},
    {"p1":31,
     "p2":35,
     "p3":39},
    {"p1":31,
     "p2":39,
     "p3":40},
    {"p1":32,
     "p2":33,
     "p3":34},
    {"p1":32,
     "p2":34,
     "p3":35},
    {"p1":31,
     "p2":32,
     "p3":35},
    {"p1":31,
     "p2":40,
     "p3":41},
    {"p1":76,
     "p2":118,
     "p3":119},
    {"p1":76,
     "p2":119,
     "p3":120},
    {"p1":74,
     "p2":76,
     "p3":120},
    {"p1":72,
     "p2":73,
     "p3":74},
    {"p1":72,
     "p2":74,
     "p3":122},
    {"p1":78,
     "p2":79,
     "p3":117},
    {"p1":76,
     "p2":77,
     "p3":78},
    {"p1":76,
     "p2":78,
     "p3":118},
    {"p1":78,
     "p2":117,
     "p3":118},
    {"p1":80,
     "p2":114,
     "p3":115},
    {"p1":80,
     "p2":115,
     "p3":116},
    {"p1":107,
     "p2":108,
     "p3":109},
    {"p1":101,
     "p2":104,
     "p3":105},
    {"p1":101,
     "p2":105,
     "p3":106},
    {"p1":99,
     "p2":100,
     "p3":101},
    {"p1":5,
     "p2":65,
     "p3":66},
    {"p1":5,
     "p2":7,
     "p3":65},
    {"p1":7,
     "p2":64,
     "p3":65},
    {"p1":8,
     "p2":60,
     "p3":62},
    {"p1":8,
     "p2":62,
     "p3":63},
    {"p1":60,
     "p2":61,
     "p3":62},
    {"p1":74,
     "p2":121,
     "p3":122},
    {"p1":74,
     "p2":120,
     "p3":121},
    {"p1":30,
     "p2":41,
     "p3":42},
    {"p1":30,
     "p2":31,
     "p3":41},
    {"p1":11,
     "p2":12,
     "p3":13},
    {"p1":11,
     "p2":13,
     "p3":59},
    {"p1":74,
     "p2":75,
     "p3":76},
    {"p1":81,
     "p2":82,
     "p3":83},
    {"p1":80,
     "p2":81,
     "p3":113},
    {"p1":81,
     "p2":112,
     "p3":113},
    {"p1":81,
     "p2":83,
     "p3":112},
    {"p1":68,
     "p2":69,
     "p3":70},
    {"p1":17,
     "p2":54,
     "p3":55},
    {"p1":13,
     "p2":55,
     "p3":57},
    {"p1":24,
     "p2":25,
     "p3":46},
    {"p1":25,
     "p2":45,
     "p3":46},
    {"p1":25,
     "p2":26,
     "p3":45},
    {"p1":23,
     "p2":46,
     "p3":47},
    {"p1":23,
     "p2":24,
     "p3":46},
    {"p1":23,
     "p2":47,
     "p3":48},
    {"p1":23,
     "p2":48,
     "p3":49},
    {"p1":26,
     "p2":44,
     "p3":45},
    {"p1":49,
     "p2":50,
     "p3":51},
    {"p1":20,
     "p2":49,
     "p3":51},
    {"p1":19,
     "p2":20,
     "p3":51},
    {"p1":19,
     "p2":51,
     "p3":52},
    {"p1":13,
     "p2":58,
     "p3":59},
    {"p1":13,
     "p2":57,
     "p3":58},
    {"p1":26,
     "p2":27,
     "p3":44},
    {"p1":27,
     "p2":28,
     "p3":43},
    {"p1":27,
     "p2":43,
     "p3":44},
    {"p1":28,
     "p2":29,
     "p3":43},
    {"p1":29,
     "p2":30,
     "p3":42},
    {"p1":29,
     "p2":42,
     "p3":43},
    {"p1":15,
     "p2":16,
     "p3":17},
    {"p1":15,
     "p2":17,
     "p3":55},
    {"p1":13,
     "p2":14,
     "p3":15},
    {"p1":13,
     "p2":15,
     "p3":55},
    {"p1":55,
     "p2":56,
     "p3":57},
    {"p1":20,
     "p2":21,
     "p3":49},
    {"p1":21,
     "p2":22,
     "p3":23},
    {"p1":21,
     "p2":23,
     "p3":49},
    {"p1":18,
     "p2":19,
     "p3":52},
    {"p1":17,
     "p2":18,
     "p3":54},
    {"p1":18,
     "p2":53,
     "p3":54},
    {"p1":18,
     "p2":52,
     "p3":53}]
}