{"points":[
    {"x":0.041667,
     "y":0.48611},
    {"x":0.048611,
     "y":0.50694},
    {"x":0.055556,
     "y":0.52778},
    {"x":0.055556,
     "y":0.54861},
    {"x":0.0625,
     "y":0.56944},
    {"x":0.069444,
     "y":0.59028},
    {"x":0.090278,
     "y":0.60417},
    {"x":0.11111,
     "y":0.625},
    {"x":0.125,
     "y":0.64583},
    {"x":0.14583,
     "y":0.66667},
    {"x":0.15972,
     "y":0.6875},
    {"x":0.15972,
     "y":0.70833},
    {"x":0.16667,
     "y":0.72917},
    {"x":0.17361,
     "y":0.75},
    {"x":0.18056,
     "y":0.77083},
    {"x":0.18056,
     "y":0.79167},
    {"x":0.18056,
     "y":0.8125},
    {"x":0.1875,
     "y":0.83333},
    {"x":0.1875,
     "y":0.85417},
    {"x":0.1875,
     "y":0.875},
    {"x":0.19444,
     "y":0.89583},
    {"x":0.19444,
     "y":0.91667},
    {"x":0.20139,
     "y":0.9375},
    {"x":0.20139,
     "y":0.95833},
    {"x":0.20833,
     "y":0.97917},
    {"x":0.22917,
     "y":0.99306},
    {"x":0.25,
     "y":0.99306},
    {"x":0.27083,
     "y":1},
    {"x":0.29167,
     "y":0.99306},
    {"x":0.29861,
     "y":0.97222},
    {"x":0.29861,
     "y":0.95139},
    {"x":0.29861,
     "y":0.93056},
    {"x":0.29861,
     "y":0.90972},
    {"x":0.29861,
     "y":0.88889},
    {"x":0.29861,
     "y":0.86806},
    {"x":0.29861,
     "y":0.84722},
    {"x":0.29861,
     "y":0.82639},
    {"x":0.29861,
     "y":0.80556},
    {"x":0.29167,
     "y":0.78472},
    {"x":0.29167,
     "y":0.76389},
    {"x":0.28472,
     "y":0.74306},
    {"x":0.28472,
     "y":0.72222},
    {"x":0.28472,
     "y":0.70139},
    {"x":0.28472,
     "y":0.68056},
    {"x":0.28472,
     "y":0.65972},
    {"x":0.28472,
     "y":0.63889},
    {"x":0.29167,
     "y":0.61806},
    {"x":0.29167,
     "y":0.59722},
    {"x":0.29861,
     "y":0.57639},
    {"x":0.29861,
     "y":0.55556},
    {"x":0.30556,
     "y":0.53472},
    {"x":0.30556,
     "y":0.51389},
    {"x":0.30556,
     "y":0.49306},
    {"x":0.30556,
     "y":0.47222},
    {"x":0.30556,
     "y":0.45139},
    {"x":0.30556,
     "y":0.43056},
    {"x":0.30556,
     "y":0.40972},
    {"x":0.30556,
     "y":0.38889},
    {"x":0.30556,
     "y":0.36806},
    {"x":0.29861,
     "y":0.34722},
    {"x":0.29861,
     "y":0.32639},
    {"x":0.29861,
     "y":0.30556},
    {"x":0.29167,
     "y":0.28472},
    {"x":0.29167,
     "y":0.26389},
    {"x":0.29167,
     "y":0.24306},
    {"x":0.28472,
     "y":0.22222},
    {"x":0.28472,
     "y":0.20139},
    {"x":0.28472,
     "y":0.18056},
    {"x":0.28472,
     "y":0.15972},
    {"x":0.28472,
     "y":0.13889},
    {"x":0.28472,
     "y":0.11806},
    {"x":0.27778,
     "y":0.097222},
    {"x":0.27778,
     "y":0.076389},
    {"x":0.27778,
     "y":0.055556},
    {"x":0.27778,
     "y":0.034722},
    {"x":0.27083,
     "y":0.013889},
    {"x":0.25,
     "y":0.0069444},
    {"x":0.22917,
     "y":0.0069444},
    {"x":0.20833,
     "y":0},
    {"x":0.1875,
     "y":0},
    {"x":0.16667,
     "y":0},
    {"x":0.14583,
     "y":0},
    {"x":0.125,
     "y":0},
    {"x":0.10417,
     "y":0},
    {"x":0.083333,
     "y":0.0069444},
    {"x":0.0625,
     "y":0.013889},
    {"x":0.041667,
     "y":0.020833},
    {"x":0.020833,
     "y":0.020833},
    {"x":0,
     "y":0.034722},
    {"x":0,
     "y":0.055556},
    {"x":0,
     "y":0.076389},
    {"x":0,
     "y":0.097222},
    {"x":0,
     "y":0.11806},
    {"x":0,
     "y":0.13889},
    {"x":0,
     "y":0.15972},
    {"x":0.0069444,
     "y":0.18056},
    {"x":0.013889,
     "y":0.20139},
    {"x":0.013889,
     "y":0.22222},
    {"x":0.020833,
     "y":0.24306},
    {"x":0.020833,
     "y":0.26389},
    {"x":0.020833,
     "y":0.28472},
    {"x":0.020833,
     "y":0.30556},
    {"x":0.027778,
     "y":0.32639},
    {"x":0.027778,
     "y":0.34722},
    {"x":0.027778,
     "y":0.36806},
    {"x":0.027778,
     "y":0.38889},
    {"x":0.027778,
     "y":0.40972},
    {"x":0.034722,
     "y":0.43056},
    {"x":0.034722,
     "y":0.45139},
    {"x":0.041667,
     "y":0.47222},
    {"x":0.041667,
     "y":0.48611}],
 "triangles":[
    {"p1":27,
     "p2":28,
     "p3":29},
    {"p1":26,
     "p2":27,
     "p3":29},
    {"p1":23,
     "p2":24,
     "p3":25},
    {"p1":23,
     "p2":25,
     "p3":26},
    {"p1":10,
     "p2":11,
     "p3":42},
    {"p1":11,
     "p2":12,
     "p3":42},
    {"p1":74,
     "p2":75,
     "p3":76},
    {"p1":53,
     "p2":54,
     "p3":109},
    {"p1":62,
     "p2":100,
     "p3":102},
    {"p1":100,
     "p2":101,
     "p3":102},
    {"p1":9,
     "p2":10,
     "p3":45},
    {"p1":86,
     "p2":87,
     "p3":89},
    {"p1":86,
     "p2":89,
     "p3":90},
    {"p1":87,
     "p2":88,
     "p3":89},
    {"p1":86,
     "p2":90,
     "p3":91},
    {"p1":71,
     "p2":80,
     "p3":81},
    {"p1":1,
     "p2":53,
     "p3":109},
    {"p1":1,
     "p2":2,
     "p3":53},
    {"p1":0,
     "p2":1,
     "p3":109},
    {"p1":2,
     "p2":52,
     "p3":53},
    {"p1":2,
     "p2":51,
     "p3":52},
    {"p1":49,
     "p2":50,
     "p3":51},
    {"p1":2,
     "p2":49,
     "p3":51},
    {"p1":54,
     "p2":55,
     "p3":109},
    {"p1":55,
     "p2":56,
     "p3":107},
    {"p1":55,
     "p2":107,
     "p3":109},
    {"p1":56,
     "p2":57,
     "p3":107},
    {"p1":57,
     "p2":59,
     "p3":107},
    {"p1":57,
     "p2":58,
     "p3":59},
    {"p1":59,
     "p2":104,
     "p3":105},
    {"p1":59,
     "p2":105,
     "p3":107},
    {"p1":59,
     "p2":103,
     "p3":104},
    {"p1":26,
     "p2":29,
     "p3":30},
    {"p1":20,
     "p2":32,
     "p3":33},
    {"p1":20,
     "p2":21,
     "p3":32},
    {"p1":22,
     "p2":30,
     "p3":31},
    {"p1":21,
     "p2":22,
     "p3":32},
    {"p1":22,
     "p2":31,
     "p3":32},
    {"p1":22,
     "p2":23,
     "p3":26},
    {"p1":22,
     "p2":26,
     "p3":30},
    {"p1":17,
     "p2":36,
     "p3":37},
    {"p1":17,
     "p2":35,
     "p3":36},
    {"p1":20,
     "p2":33,
     "p3":34},
    {"p1":19,
     "p2":20,
     "p3":34},
    {"p1":17,
     "p2":37,
     "p3":38},
    {"p1":16,
     "p2":17,
     "p3":38},
    {"p1":85,
     "p2":86,
     "p3":91},
    {"p1":85,
     "p2":91,
     "p3":92},
    {"p1":84,
     "p2":85,
     "p3":92},
    {"p1":96,
     "p2":97,
     "p3":98},
    {"p1":82,
     "p2":84,
     "p3":92},
    {"p1":82,
     "p2":83,
     "p3":84},
    {"p1":69,
     "p2":70,
     "p3":71},
    {"p1":69,
     "p2":71,
     "p3":81},
    {"p1":66,
     "p2":96,
     "p3":98},
    {"p1":66,
     "p2":67,
     "p3":96},
    {"p1":63,
     "p2":65,
     "p3":99},
    {"p1":63,
     "p2":64,
     "p3":65},
    {"p1":65,
     "p2":98,
     "p3":99},
    {"p1":65,
     "p2":66,
     "p3":98},
    {"p1":107,
     "p2":108,
     "p3":109},
    {"p1":2,
     "p2":3,
     "p3":4},
    {"p1":13,
     "p2":14,
     "p3":40},
    {"p1":10,
     "p2":44,
     "p3":45},
    {"p1":9,
     "p2":45,
     "p3":47},
    {"p1":45,
     "p2":46,
     "p3":47},
    {"p1":8,
     "p2":9,
     "p3":47},
    {"p1":47,
     "p2":48,
     "p3":49},
    {"p1":17,
     "p2":18,
     "p3":35},
    {"p1":18,
     "p2":19,
     "p3":34},
    {"p1":18,
     "p2":34,
     "p3":35},
    {"p1":14,
     "p2":15,
     "p3":38},
    {"p1":15,
     "p2":16,
     "p3":38},
    {"p1":71,
     "p2":79,
     "p3":80},
    {"p1":71,
     "p2":72,
     "p3":79},
    {"p1":72,
     "p2":77,
     "p3":79},
    {"p1":77,
     "p2":78,
     "p3":79},
    {"p1":72,
     "p2":73,
     "p3":77},
    {"p1":69,
     "p2":81,
     "p3":95},
    {"p1":69,
     "p2":95,
     "p3":96},
    {"p1":67,
     "p2":68,
     "p3":96},
    {"p1":68,
     "p2":69,
     "p3":96},
    {"p1":105,
     "p2":106,
     "p3":107},
    {"p1":2,
     "p2":6,
     "p3":49},
    {"p1":2,
     "p2":4,
     "p3":6},
    {"p1":4,
     "p2":5,
     "p3":6},
    {"p1":60,
     "p2":61,
     "p3":62},
    {"p1":60,
     "p2":62,
     "p3":102},
    {"p1":14,
     "p2":38,
     "p3":39},
    {"p1":14,
     "p2":39,
     "p3":40},
    {"p1":13,
     "p2":40,
     "p3":41},
    {"p1":12,
     "p2":13,
     "p3":41},
    {"p1":12,
     "p2":41,
     "p3":42},
    {"p1":10,
     "p2":42,
     "p3":43},
    {"p1":10,
     "p2":43,
     "p3":44},
    {"p1":7,
     "p2":47,
     "p3":49},
    {"p1":7,
     "p2":8,
     "p3":47},
    {"p1":6,
     "p2":7,
     "p3":49},
    {"p1":93,
     "p2":94,
     "p3":95},
    {"p1":82,
     "p2":92,
     "p3":93},
    {"p1":81,
     "p2":82,
     "p3":93},
    {"p1":81,
     "p2":93,
     "p3":95},
    {"p1":62,
     "p2":63,
     "p3":99},
    {"p1":62,
     "p2":99,
     "p3":100},
    {"p1":73,
     "p2":76,
     "p3":77},
    {"p1":73,
     "p2":74,
     "p3":76},
    {"p1":60,
     "p2":102,
     "p3":103},
    {"p1":59,
     "p2":60,
     "p3":103}]
}