{"points":[
    {"x":0.040541,
     "y":0.47297},
    {"x":0.047297,
     "y":0.49324},
    {"x":0.047297,
     "y":0.51351},
    {"x":0.054054,
     "y":0.53378},
    {"x":0.060811,
     "y":0.55405},
    {"x":0.067568,
     "y":0.57432},
    {"x":0.074324,
     "y":0.59459},
    {"x":0.074324,
     "y":0.61486},
    {"x":0.081081,
     "y":0.63514},
    {"x":0.087838,
     "y":0.65541},
    {"x":0.094595,
     "y":0.67568},
    {"x":0.10811,
     "y":0.69595},
    {"x":0.11486,
     "y":0.71622},
    {"x":0.12162,
     "y":0.73649},
    {"x":0.12838,
     "y":0.75676},
    {"x":0.13514,
     "y":0.77703},
    {"x":0.14189,
     "y":0.7973},
    {"x":0.14865,
     "y":0.81757},
    {"x":0.15541,
     "y":0.83784},
    {"x":0.16216,
     "y":0.85811},
    {"x":0.16216,
     "y":0.87838},
    {"x":0.16216,
     "y":0.89865},
    {"x":0.16216,
     "y":0.91892},
    {"x":0.16216,
     "y":0.93919},
    {"x":0.16216,
     "y":0.95946},
    {"x":0.16216,
     "y":0.97973},
    {"x":0.17568,
     "y":1},
    {"x":0.19595,
     "y":1},
    {"x":0.21622,
     "y":1},
    {"x":0.23649,
     "y":1},
    {"x":0.25,
     "y":0.97973},
    {"x":0.25,
     "y":0.95946},
    {"x":0.25,
     "y":0.93919},
    {"x":0.25,
     "y":0.91892},
    {"x":0.24324,
     "y":0.89865},
    {"x":0.24324,
     "y":0.87838},
    {"x":0.24324,
     "y":0.85811},
    {"x":0.24324,
     "y":0.83784},
    {"x":0.24324,
     "y":0.81757},
    {"x":0.24324,
     "y":0.7973},
    {"x":0.24324,
     "y":0.77703},
    {"x":0.24324,
     "y":0.75676},
    {"x":0.24324,
     "y":0.73649},
    {"x":0.25,
     "y":0.71622},
    {"x":0.25,
     "y":0.69595},
    {"x":0.25,
     "y":0.67568},
    {"x":0.25,
     "y":0.65541},
    {"x":0.25676,
     "y":0.63514},
    {"x":0.26351,
     "y":0.61486},
    {"x":0.26351,
     "y":0.59459},
    {"x":0.27027,
     "y":0.57432},
    {"x":0.27703,
     "y":0.55405},
    {"x":0.27703,
     "y":0.53378},
    {"x":0.28378,
     "y":0.51351},
    {"x":0.28378,
     "y":0.49324},
    {"x":0.29054,
     "y":0.47297},
    {"x":0.29054,
     "y":0.4527},
    {"x":0.29054,
     "y":0.43243},
    {"x":0.29054,
     "y":0.41216},
    {"x":0.29054,
     "y":0.39189},
    {"x":0.28378,
     "y":0.37162},
    {"x":0.28378,
     "y":0.35135},
    {"x":0.28378,
     "y":0.33108},
    {"x":0.28378,
     "y":0.31081},
    {"x":0.28378,
     "y":0.29054},
    {"x":0.28378,
     "y":0.27027},
    {"x":0.27703,
     "y":0.25},
    {"x":0.27703,
     "y":0.22973},
    {"x":0.27703,
     "y":0.20946},
    {"x":0.27027,
     "y":0.18919},
    {"x":0.27027,
     "y":0.16892},
    {"x":0.26351,
     "y":0.14865},
    {"x":0.26351,
     "y":0.12838},
    {"x":0.25676,
     "y":0.10811},
    {"x":0.25,
     "y":0.087838},
    {"x":0.25,
     "y":0.067568},
    {"x":0.25,
     "y":0.047297},
    {"x":0.25,
     "y":0.027027},
    {"x":0.24324,
     "y":0.0067568},
    {"x":0.22297,
     "y":0},
    {"x":0.2027,
     "y":0},
    {"x":0.18243,
     "y":0},
    {"x":0.16216,
     "y":0},
    {"x":0.14189,
     "y":0},
    {"x":0.12162,
     "y":0.0067568},
    {"x":0.10135,
     "y":0.013514},
    {"x":0.081081,
     "y":0.02027},
    {"x":0.060811,
     "y":0.027027},
    {"x":0.040541,
     "y":0.033784},
    {"x":0.02027,
     "y":0.033784},
    {"x":0.0067568,
     "y":0.047297},
    {"x":0,
     "y":0.067568},
    {"x":0,
     "y":0.087838},
    {"x":0,
     "y":0.10811},
    {"x":0,
     "y":0.12838},
    {"x":0,
     "y":0.14865},
    {"x":0,
     "y":0.16892},
    {"x":0,
     "y":0.18919},
    {"x":0,
     "y":0.20946},
    {"x":0,
     "y":0.22973},
    {"x":0,
     "y":0.25},
    {"x":0,
     "y":0.27027},
    {"x":0,
     "y":0.29054},
    {"x":0.0067568,
     "y":0.31081},
    {"x":0.0067568,
     "y":0.33108},
    {"x":0.013514,
     "y":0.35135},
    {"x":0.013514,
     "y":0.37162},
    {"x":0.02027,
     "y":0.39189},
    {"x":0.02027,
     "y":0.41216},
    {"x":0.027027,
     "y":0.43243},
    {"x":0.033784,
     "y":0.4527},
    {"x":0.040541,
     "y":0.47297},
    {"x":0.040541,
     "y":0.47297}],
 "triangles":[
    {"p1":77,
     "p2":78,
     "p3":79},
    {"p1":66,
     "p2":101,
     "p3":103},
    {"p1":28,
     "p2":29,
     "p3":30},
    {"p1":54,
     "p2":55,
     "p3":56},
    {"p1":67,
     "p2":68,
     "p3":69},
    {"p1":69,
     "p2":71,
     "p3":97},
    {"p1":69,
     "p2":97,
     "p3":98},
    {"p1":71,
     "p2":96,
     "p3":97},
    {"p1":67,
     "p2":69,
     "p3":99},
    {"p1":69,
     "p2":98,
     "p3":99},
    {"p1":64,
     "p2":65,
     "p3":66},
    {"p1":64,
     "p2":66,
     "p3":103},
    {"p1":58,
     "p2":59,
     "p3":60},
    {"p1":6,
     "p2":7,
     "p3":8},
    {"p1":25,
     "p2":26,
     "p3":27},
    {"p1":0,
     "p2":56,
     "p3":57},
    {"p1":0,
     "p2":57,
     "p3":58},
    {"p1":74,
     "p2":84,
     "p3":85},
    {"p1":74,
     "p2":82,
     "p3":84},
    {"p1":82,
     "p2":83,
     "p3":84},
    {"p1":69,
     "p2":70,
     "p3":71},
    {"p1":66,
     "p2":100,
     "p3":101},
    {"p1":62,
     "p2":63,
     "p3":105},
    {"p1":63,
     "p2":64,
     "p3":103},
    {"p1":63,
     "p2":103,
     "p3":105},
    {"p1":61,
     "p2":62,
     "p3":105},
    {"p1":88,
     "p2":90,
     "p3":91},
    {"p1":88,
     "p2":89,
     "p3":90},
    {"p1":24,
     "p2":25,
     "p3":27},
    {"p1":103,
     "p2":104,
     "p3":105},
    {"p1":21,
     "p2":22,
     "p3":34},
    {"p1":1,
     "p2":54,
     "p3":56},
    {"p1":0,
     "p2":1,
     "p3":56},
    {"p1":1,
     "p2":2,
     "p3":3},
    {"p1":58,
     "p2":60,
     "p3":110},
    {"p1":0,
     "p2":58,
     "p3":110},
    {"p1":60,
     "p2":109,
     "p3":110},
    {"p1":71,
     "p2":72,
     "p3":73},
    {"p1":60,
     "p2":61,
     "p3":107},
    {"p1":61,
     "p2":105,
     "p3":107},
    {"p1":60,
     "p2":107,
     "p3":109},
    {"p1":107,
     "p2":108,
     "p3":109},
    {"p1":88,
     "p2":91,
     "p3":92},
    {"p1":88,
     "p2":92,
     "p3":93},
    {"p1":87,
     "p2":88,
     "p3":93},
    {"p1":87,
     "p2":93,
     "p3":94},
    {"p1":86,
     "p2":87,
     "p3":94},
    {"p1":73,
     "p2":86,
     "p3":95},
    {"p1":86,
     "p2":94,
     "p3":95},
    {"p1":71,
     "p2":73,
     "p3":95},
    {"p1":71,
     "p2":95,
     "p3":96},
    {"p1":10,
     "p2":11,
     "p3":46},
    {"p1":9,
     "p2":10,
     "p3":46},
    {"p1":28,
     "p2":30,
     "p3":31},
    {"p1":105,
     "p2":106,
     "p3":107},
    {"p1":101,
     "p2":102,
     "p3":103},
    {"p1":16,
     "p2":39,
     "p3":40},
    {"p1":16,
     "p2":17,
     "p3":39},
    {"p1":12,
     "p2":13,
     "p3":44},
    {"p1":47,
     "p2":48,
     "p3":49},
    {"p1":22,
     "p2":33,
     "p3":34},
    {"p1":14,
     "p2":15,
     "p3":41},
    {"p1":15,
     "p2":16,
     "p3":40},
    {"p1":15,
     "p2":40,
     "p3":41},
    {"p1":17,
     "p2":38,
     "p3":39},
    {"p1":5,
     "p2":50,
     "p3":52},
    {"p1":4,
     "p2":5,
     "p3":52},
    {"p1":3,
     "p2":4,
     "p3":52},
    {"p1":52,
     "p2":53,
     "p3":54},
    {"p1":13,
     "p2":14,
     "p3":42},
    {"p1":14,
     "p2":41,
     "p3":42},
    {"p1":13,
     "p2":42,
     "p3":44},
    {"p1":42,
     "p2":43,
     "p3":44},
    {"p1":11,
     "p2":45,
     "p3":46},
    {"p1":11,
     "p2":12,
     "p3":45},
    {"p1":12,
     "p2":44,
     "p3":45},
    {"p1":19,
     "p2":36,
     "p3":37},
    {"p1":50,
     "p2":51,
     "p3":52},
    {"p1":18,
     "p2":19,
     "p3":37},
    {"p1":18,
     "p2":37,
     "p3":38},
    {"p1":17,
     "p2":18,
     "p3":38},
    {"p1":74,
     "p2":85,
     "p3":86},
    {"p1":73,
     "p2":74,
     "p3":86},
    {"p1":76,
     "p2":77,
     "p3":80},
    {"p1":77,
     "p2":79,
     "p3":80},
    {"p1":66,
     "p2":67,
     "p3":100},
    {"p1":67,
     "p2":99,
     "p3":100},
    {"p1":21,
     "p2":34,
     "p3":35},
    {"p1":20,
     "p2":21,
     "p3":35},
    {"p1":27,
     "p2":28,
     "p3":31},
    {"p1":24,
     "p2":27,
     "p3":31},
    {"p1":74,
     "p2":81,
     "p3":82},
    {"p1":74,
     "p2":75,
     "p3":81},
    {"p1":76,
     "p2":80,
     "p3":81},
    {"p1":75,
     "p2":76,
     "p3":81},
    {"p1":6,
     "p2":49,
     "p3":50},
    {"p1":5,
     "p2":6,
     "p3":50},
    {"p1":9,
     "p2":46,
     "p3":47},
    {"p1":8,
     "p2":9,
     "p3":47},
    {"p1":6,
     "p2":47,
     "p3":49},
    {"p1":6,
     "p2":8,
     "p3":47},
    {"p1":1,
     "p2":3,
     "p3":52},
    {"p1":1,
     "p2":52,
     "p3":54},
    {"p1":20,
     "p2":35,
     "p3":36},
    {"p1":19,
     "p2":20,
     "p3":36},
    {"p1":24,
     "p2":31,
     "p3":32},
    {"p1":23,
     "p2":24,
     "p3":32},
    {"p1":22,
     "p2":23,
     "p3":32},
    {"p1":22,
     "p2":32,
     "p3":33}]
}