{"points":[
    {"x":0.046667,
     "y":0.46},
    {"x":0.046667,
     "y":0.48},
    {"x":0.053333,
     "y":0.5},
    {"x":0.06,
     "y":0.52},
    {"x":0.066667,
     "y":0.54},
    {"x":0.073333,
     "y":0.56},
    {"x":0.086667,
     "y":0.58},
    {"x":0.1,
     "y":0.6},
    {"x":0.10667,
     "y":0.62},
    {"x":0.12,
     "y":0.64},
    {"x":0.12667,
     "y":0.66},
    {"x":0.13333,
     "y":0.68},
    {"x":0.14,
     "y":0.7},
    {"x":0.14667,
     "y":0.72},
    {"x":0.15333,
     "y":0.74},
    {"x":0.15333,
     "y":0.76},
    {"x":0.15333,
     "y":0.78},
    {"x":0.16,
     "y":0.8},
    {"x":0.16,
     "y":0.82},
    {"x":0.16667,
     "y":0.84},
    {"x":0.17333,
     "y":0.86},
    {"x":0.17333,
     "y":0.88},
    {"x":0.17333,
     "y":0.9},
    {"x":0.17333,
     "y":0.92},
    {"x":0.18,
     "y":0.94},
    {"x":0.18,
     "y":0.96},
    {"x":0.18,
     "y":0.98},
    {"x":0.19333,
     "y":1},
    {"x":0.21333,
     "y":1},
    {"x":0.23333,
     "y":0.99333},
    {"x":0.25333,
     "y":0.98667},
    {"x":0.27333,
     "y":0.98667},
    {"x":0.28667,
     "y":0.96667},
    {"x":0.27333,
     "y":0.94667},
    {"x":0.26667,
     "y":0.92667},
    {"x":0.26667,
     "y":0.90667},
    {"x":0.26,
     "y":0.88667},
    {"x":0.25333,
     "y":0.86667},
    {"x":0.24667,
     "y":0.84667},
    {"x":0.24667,
     "y":0.82667},
    {"x":0.24,
     "y":0.80667},
    {"x":0.24,
     "y":0.78667},
    {"x":0.24,
     "y":0.76667},
    {"x":0.24,
     "y":0.74667},
    {"x":0.24,
     "y":0.72667},
    {"x":0.24,
     "y":0.70667},
    {"x":0.24,
     "y":0.68667},
    {"x":0.24,
     "y":0.66667},
    {"x":0.24,
     "y":0.64667},
    {"x":0.24,
     "y":0.62667},
    {"x":0.24667,
     "y":0.60667},
    {"x":0.24667,
     "y":0.58667},
    {"x":0.25333,
     "y":0.56667},
    {"x":0.26,
     "y":0.54667},
    {"x":0.26,
     "y":0.52667},
    {"x":0.26,
     "y":0.50667},
    {"x":0.26,
     "y":0.48667},
    {"x":0.26,
     "y":0.46667},
    {"x":0.26,
     "y":0.44667},
    {"x":0.26,
     "y":0.42667},
    {"x":0.26,
     "y":0.40667},
    {"x":0.26,
     "y":0.38667},
    {"x":0.26,
     "y":0.36667},
    {"x":0.26,
     "y":0.34667},
    {"x":0.26,
     "y":0.32667},
    {"x":0.26,
     "y":0.30667},
    {"x":0.26,
     "y":0.28667},
    {"x":0.26,
     "y":0.26667},
    {"x":0.26,
     "y":0.24667},
    {"x":0.26,
     "y":0.22667},
    {"x":0.26,
     "y":0.20667},
    {"x":0.26,
     "y":0.18667},
    {"x":0.26,
     "y":0.16667},
    {"x":0.25333,
     "y":0.14667},
    {"x":0.25333,
     "y":0.12667},
    {"x":0.24667,
     "y":0.10667},
    {"x":0.24667,
     "y":0.086667},
    {"x":0.24667,
     "y":0.066667},
    {"x":0.24667,
     "y":0.046667},
    {"x":0.24,
     "y":0.026667},
    {"x":0.22667,
     "y":0.0066667},
    {"x":0.20667,
     "y":0.0066667},
    {"x":0.18667,
     "y":0.0066667},
    {"x":0.16667,
     "y":0},
    {"x":0.14667,
     "y":0},
    {"x":0.12667,
     "y":0},
    {"x":0.10667,
     "y":0},
    {"x":0.086667,
     "y":0},
    {"x":0.066667,
     "y":0},
    {"x":0.046667,
     "y":0},
    {"x":0.026667,
     "y":0.0066667},
    {"x":0.0066667,
     "y":0.02},
    {"x":0,
     "y":0.04},
    {"x":0,
     "y":0.06},
    {"x":0.0066667,
     "y":0.08},
    {"x":0.0066667,
     "y":0.1},
    {"x":0.013333,
     "y":0.12},
    {"x":0.013333,
     "y":0.14},
    {"x":0.02,
     "y":0.16},
    {"x":0.02,
     "y":0.18},
    {"x":0.02,
     "y":0.2},
    {"x":0.02,
     "y":0.22},
    {"x":0.026667,
     "y":0.24},
    {"x":0.026667,
     "y":0.26},
    {"x":0.026667,
     "y":0.28},
    {"x":0.033333,
     "y":0.3},
    {"x":0.033333,
     "y":0.32},
    {"x":0.033333,
     "y":0.34},
    {"x":0.033333,
     "y":0.36},
    {"x":0.033333,
     "y":0.38},
    {"x":0.04,
     "y":0.4},
    {"x":0.04,
     "y":0.42},
    {"x":0.046667,
     "y":0.44},
    {"x":0.046667,
     "y":0.46},
    {"x":0.046667,
     "y":0.46}],
 "triangles":[
    {"p1":90,
     "p2":91,
     "p3":92},
    {"p1":90,
     "p2":92,
     "p3":93},
    {"p1":82,
     "p2":83,
     "p3":84},
    {"p1":78,
     "p2":79,
     "p3":81},
    {"p1":79,
     "p2":80,
     "p3":81},
    {"p1":52,
     "p2":53,
     "p3":54},
    {"p1":7,
     "p2":51,
     "p3":52},
    {"p1":25,
     "p2":28,
     "p3":29},
    {"p1":24,
     "p2":25,
     "p3":29},
    {"p1":24,
     "p2":29,
     "p3":34},
    {"p1":75,
     "p2":84,
     "p3":85},
    {"p1":76,
     "p2":82,
     "p3":84},
    {"p1":75,
     "p2":76,
     "p3":84},
    {"p1":73,
     "p2":74,
     "p3":75},
    {"p1":71,
     "p2":72,
     "p3":73},
    {"p1":4,
     "p2":54,
     "p3":55},
    {"p1":3,
     "p2":55,
     "p3":56},
    {"p1":3,
     "p2":4,
     "p3":55},
    {"p1":6,
     "p2":7,
     "p3":52},
    {"p1":6,
     "p2":52,
     "p3":54},
    {"p1":4,
     "p2":6,
     "p3":54},
    {"p1":4,
     "p2":5,
     "p3":6},
    {"p1":14,
     "p2":44,
     "p3":45},
    {"p1":26,
     "p2":27,
     "p3":28},
    {"p1":25,
     "p2":26,
     "p3":28},
    {"p1":20,
     "p2":37,
     "p3":38},
    {"p1":20,
     "p2":21,
     "p3":37},
    {"p1":21,
     "p2":22,
     "p3":37},
    {"p1":31,
     "p2":32,
     "p3":33},
    {"p1":30,
     "p2":31,
     "p3":33},
    {"p1":24,
     "p2":34,
     "p3":35},
    {"p1":76,
     "p2":77,
     "p3":82},
    {"p1":2,
     "p2":3,
     "p3":56},
    {"p1":2,
     "p2":56,
     "p3":57},
    {"p1":61,
     "p2":62,
     "p3":110},
    {"p1":60,
     "p2":61,
     "p3":110},
    {"p1":13,
     "p2":14,
     "p3":45},
    {"p1":13,
     "p2":45,
     "p3":46},
    {"p1":12,
     "p2":13,
     "p3":46},
    {"p1":10,
     "p2":11,
     "p3":48},
    {"p1":10,
     "p2":48,
     "p3":49},
    {"p1":49,
     "p2":50,
     "p3":51},
    {"p1":14,
     "p2":15,
     "p3":43},
    {"p1":15,
     "p2":42,
     "p3":43},
    {"p1":14,
     "p2":43,
     "p3":44},
    {"p1":22,
     "p2":36,
     "p3":37},
    {"p1":23,
     "p2":24,
     "p3":35},
    {"p1":22,
     "p2":23,
     "p3":36},
    {"p1":23,
     "p2":35,
     "p3":36},
    {"p1":62,
     "p2":63,
     "p3":108},
    {"p1":62,
     "p2":108,
     "p3":110},
    {"p1":0,
     "p2":1,
     "p3":2},
    {"p1":0,
     "p2":57,
     "p3":58},
    {"p1":0,
     "p2":2,
     "p3":57},
    {"p1":59,
     "p2":60,
     "p3":112},
    {"p1":60,
     "p2":110,
     "p3":112},
    {"p1":58,
     "p2":59,
     "p3":112},
    {"p1":0,
     "p2":58,
     "p3":112},
    {"p1":11,
     "p2":47,
     "p3":48},
    {"p1":12,
     "p2":46,
     "p3":47},
    {"p1":11,
     "p2":12,
     "p3":47},
    {"p1":9,
     "p2":49,
     "p3":51},
    {"p1":9,
     "p2":10,
     "p3":49},
    {"p1":18,
     "p2":19,
     "p3":40},
    {"p1":19,
     "p2":39,
     "p3":40},
    {"p1":19,
     "p2":20,
     "p3":38},
    {"p1":19,
     "p2":38,
     "p3":39},
    {"p1":15,
     "p2":16,
     "p3":42},
    {"p1":17,
     "p2":40,
     "p3":41},
    {"p1":17,
     "p2":18,
     "p3":40},
    {"p1":17,
     "p2":41,
     "p3":42},
    {"p1":16,
     "p2":17,
     "p3":42},
    {"p1":67,
     "p2":68,
     "p3":103},
    {"p1":108,
     "p2":109,
     "p3":110},
    {"p1":110,
     "p2":111,
     "p3":112},
    {"p1":7,
     "p2":8,
     "p3":51},
    {"p1":8,
     "p2":9,
     "p3":51},
    {"p1":68,
     "p2":69,
     "p3":102},
    {"p1":68,
     "p2":102,
     "p3":103},
    {"p1":69,
     "p2":70,
     "p3":102},
    {"p1":66,
     "p2":67,
     "p3":105},
    {"p1":67,
     "p2":103,
     "p3":105},
    {"p1":65,
     "p2":66,
     "p3":105},
    {"p1":70,
     "p2":71,
     "p3":100},
    {"p1":70,
     "p2":100,
     "p3":102},
    {"p1":103,
     "p2":104,
     "p3":105},
    {"p1":64,
     "p2":65,
     "p3":106},
    {"p1":65,
     "p2":105,
     "p3":106},
    {"p1":71,
     "p2":73,
     "p3":99},
    {"p1":71,
     "p2":99,
     "p3":100},
    {"p1":100,
     "p2":101,
     "p3":102},
    {"p1":63,
     "p2":64,
     "p3":107},
    {"p1":64,
     "p2":106,
     "p3":107},
    {"p1":63,
     "p2":107,
     "p3":108},
    {"p1":73,
     "p2":75,
     "p3":98},
    {"p1":73,
     "p2":98,
     "p3":99},
    {"p1":75,
     "p2":85,
     "p3":96},
    {"p1":75,
     "p2":96,
     "p3":98},
    {"p1":85,
     "p2":86,
     "p3":96},
    {"p1":86,
     "p2":87,
     "p3":96},
    {"p1":87,
     "p2":88,
     "p3":94},
    {"p1":87,
     "p2":94,
     "p3":96},
    {"p1":88,
     "p2":89,
     "p3":94},
    {"p1":96,
     "p2":97,
     "p3":98},
    {"p1":94,
     "p2":95,
     "p3":96},
    {"p1":29,
     "p2":33,
     "p3":34},
    {"p1":29,
     "p2":30,
     "p3":33},
    {"p1":77,
     "p2":78,
     "p3":81},
    {"p1":77,
     "p2":81,
     "p3":82},
    {"p1":90,
     "p2":93,
     "p3":94},
    {"p1":89,
     "p2":90,
     "p3":94}]
}