{"points":[
    {"x":0.0059172,
     "y":0.3787},
    {"x":0.0059172,
     "y":0.39645},
    {"x":0.0059172,
     "y":0.4142},
    {"x":0.0059172,
     "y":0.43195},
    {"x":0.0059172,
     "y":0.4497},
    {"x":0.0059172,
     "y":0.46746},
    {"x":0.0059172,
     "y":0.48521},
    {"x":0.0059172,
     "y":0.50296},
    {"x":0.0059172,
     "y":0.52071},
    {"x":0.0059172,
     "y":0.53846},
    {"x":0.011834,
     "y":0.55621},
    {"x":0.017751,
     "y":0.57396},
    {"x":0.017751,
     "y":0.59172},
    {"x":0.017751,
     "y":0.60947},
    {"x":0.017751,
     "y":0.62722},
    {"x":0.017751,
     "y":0.64497},
    {"x":0.017751,
     "y":0.66272},
    {"x":0.017751,
     "y":0.68047},
    {"x":0.017751,
     "y":0.69822},
    {"x":0.017751,
     "y":0.71598},
    {"x":0.011834,
     "y":0.73373},
    {"x":0.011834,
     "y":0.75148},
    {"x":0.0059172,
     "y":0.76923},
    {"x":0.0059172,
     "y":0.78698},
    {"x":0.0059172,
     "y":0.80473},
    {"x":0,
     "y":0.82249},
    {"x":0,
     "y":0.84024},
    {"x":0,
     "y":0.85799},
    {"x":0,
     "y":0.87574},
    {"x":0,
     "y":0.89349},
    {"x":0,
     "y":0.91124},
    {"x":0,
     "y":0.92899},
    {"x":0,
     "y":0.94675},
    {"x":0,
     "y":0.9645},
    {"x":0.017751,
     "y":0.97633},
    {"x":0.035503,
     "y":0.98225},
    {"x":0.053254,
     "y":0.99408},
    {"x":0.071006,
     "y":1},
    {"x":0.088757,
     "y":1},
    {"x":0.10651,
     "y":0.99408},
    {"x":0.11243,
     "y":0.97633},
    {"x":0.11834,
     "y":0.95858},
    {"x":0.11834,
     "y":0.94083},
    {"x":0.12426,
     "y":0.92308},
    {"x":0.12426,
     "y":0.90533},
    {"x":0.13018,
     "y":0.88757},
    {"x":0.13609,
     "y":0.86982},
    {"x":0.14201,
     "y":0.85207},
    {"x":0.14201,
     "y":0.83432},
    {"x":0.14793,
     "y":0.81657},
    {"x":0.14793,
     "y":0.79882},
    {"x":0.15385,
     "y":0.78107},
    {"x":0.15385,
     "y":0.76331},
    {"x":0.15976,
     "y":0.74556},
    {"x":0.15976,
     "y":0.72781},
    {"x":0.1716,
     "y":0.71006},
    {"x":0.17751,
     "y":0.69231},
    {"x":0.19527,
     "y":0.67456},
    {"x":0.2071,
     "y":0.6568},
    {"x":0.21893,
     "y":0.63905},
    {"x":0.23077,
     "y":0.6213},
    {"x":0.2426,
     "y":0.60355},
    {"x":0.24852,
     "y":0.5858},
    {"x":0.25444,
     "y":0.56805},
    {"x":0.26036,
     "y":0.5503},
    {"x":0.26627,
     "y":0.53254},
    {"x":0.26627,
     "y":0.51479},
    {"x":0.27219,
     "y":0.49704},
    {"x":0.27219,
     "y":0.47929},
    {"x":0.27811,
     "y":0.46154},
    {"x":0.27811,
     "y":0.44379},
    {"x":0.28402,
     "y":0.42604},
    {"x":0.28402,
     "y":0.40828},
    {"x":0.28994,
     "y":0.39053},
    {"x":0.28994,
     "y":0.37278},
    {"x":0.28994,
     "y":0.35503},
    {"x":0.28994,
     "y":0.33728},
    {"x":0.28994,
     "y":0.31953},
    {"x":0.29586,
     "y":0.30178},
    {"x":0.30178,
     "y":0.28402},
    {"x":0.30178,
     "y":0.26627},
    {"x":0.30769,
     "y":0.24852},
    {"x":0.30769,
     "y":0.23077},
    {"x":0.31361,
     "y":0.21302},
    {"x":0.31361,
     "y":0.19527},
    {"x":0.31361,
     "y":0.17751},
    {"x":0.31361,
     "y":0.15976},
    {"x":0.31361,
     "y":0.14201},
    {"x":0.31361,
     "y":0.12426},
    {"x":0.31361,
     "y":0.10651},
    {"x":0.30769,
     "y":0.088757},
    {"x":0.28994,
     "y":0.076923},
    {"x":0.27219,
     "y":0.059172},
    {"x":0.25444,
     "y":0.047337},
    {"x":0.23669,
     "y":0.035503},
    {"x":0.21893,
     "y":0.023669},
    {"x":0.20118,
     "y":0.011834},
    {"x":0.18343,
     "y":0.0059172},
    {"x":0.16568,
     "y":0},
    {"x":0.14793,
     "y":0},
    {"x":0.13018,
     "y":0},
    {"x":0.11243,
     "y":0},
    {"x":0.094675,
     "y":0},
    {"x":0.076923,
     "y":0.0059172},
    {"x":0.065089,
     "y":0.017751},
    {"x":0.059172,
     "y":0.035503},
    {"x":0.053254,
     "y":0.053254},
    {"x":0.053254,
     "y":0.071006},
    {"x":0.053254,
     "y":0.088757},
    {"x":0.053254,
     "y":0.10651},
    {"x":0.053254,
     "y":0.12426},
    {"x":0.053254,
     "y":0.14201},
    {"x":0.047337,
     "y":0.15976},
    {"x":0.04142,
     "y":0.17751},
    {"x":0.04142,
     "y":0.19527},
    {"x":0.035503,
     "y":0.21302},
    {"x":0.029586,
     "y":0.23077},
    {"x":0.029586,
     "y":0.24852},
    {"x":0.023669,
     "y":0.26627},
    {"x":0.023669,
     "y":0.28402},
    {"x":0.017751,
     "y":0.30178},
    {"x":0.011834,
     "y":0.31953},
    {"x":0.011834,
     "y":0.33728},
    {"x":0.0059172,
     "y":0.35503},
    {"x":0.0059172,
     "y":0.37278},
    {"x":0.0059172,
     "y":0.3787}],
 "triangles":[
    {"p1":80,
     "p2":82,
     "p3":114},
    {"p1":80,
     "p2":81,
     "p3":82},
    {"p1":82,
     "p2":112,
     "p3":114},
    {"p1":82,
     "p2":111,
     "p3":112},
    {"p1":89,
     "p2":90,
     "p3":91},
    {"p1":85,
     "p2":86,
     "p3":111},
    {"p1":19,
     "p2":21,
     "p3":52},
    {"p1":21,
     "p2":22,
     "p3":23},
    {"p1":80,
     "p2":114,
     "p3":115},
    {"p1":80,
     "p2":115,
     "p3":117},
    {"p1":77,
     "p2":117,
     "p3":119},
    {"p1":88,
     "p2":89,
     "p3":91},
    {"p1":82,
     "p2":83,
     "p3":84},
    {"p1":82,
     "p2":84,
     "p3":111},
    {"p1":84,
     "p2":85,
     "p3":111},
    {"p1":19,
     "p2":20,
     "p3":21},
    {"p1":64,
     "p2":65,
     "p3":66},
    {"p1":66,
     "p2":67,
     "p3":68},
    {"p1":24,
     "p2":25,
     "p3":26},
    {"p1":24,
     "p2":26,
     "p3":48},
    {"p1":30,
     "p2":42,
     "p3":44},
    {"p1":11,
     "p2":59,
     "p3":60},
    {"p1":36,
     "p2":41,
     "p3":42},
    {"p1":112,
     "p2":113,
     "p3":114},
    {"p1":76,
     "p2":77,
     "p3":119},
    {"p1":78,
     "p2":80,
     "p3":117},
    {"p1":77,
     "p2":78,
     "p3":117},
    {"p1":78,
     "p2":79,
     "p3":80},
    {"p1":87,
     "p2":88,
     "p3":91},
    {"p1":87,
     "p2":91,
     "p3":92},
    {"p1":94,
     "p2":110,
     "p3":111},
    {"p1":97,
     "p2":108,
     "p3":109},
    {"p1":115,
     "p2":116,
     "p3":117},
    {"p1":122,
     "p2":123,
     "p3":124},
    {"p1":75,
     "p2":76,
     "p3":122},
    {"p1":97,
     "p2":99,
     "p3":108},
    {"p1":99,
     "p2":100,
     "p3":108},
    {"p1":97,
     "p2":98,
     "p3":99},
    {"p1":14,
     "p2":15,
     "p3":56},
    {"p1":17,
     "p2":18,
     "p3":54},
    {"p1":17,
     "p2":54,
     "p3":56},
    {"p1":18,
     "p2":19,
     "p3":54},
    {"p1":52,
     "p2":53,
     "p3":54},
    {"p1":19,
     "p2":52,
     "p3":54},
    {"p1":7,
     "p2":64,
     "p3":66},
    {"p1":6,
     "p2":7,
     "p3":66},
    {"p1":5,
     "p2":66,
     "p3":68},
    {"p1":5,
     "p2":6,
     "p3":66},
    {"p1":0,
     "p2":122,
     "p3":124},
    {"p1":24,
     "p2":48,
     "p3":50},
    {"p1":48,
     "p2":49,
     "p3":50},
    {"p1":23,
     "p2":24,
     "p3":50},
    {"p1":21,
     "p2":50,
     "p3":52},
    {"p1":21,
     "p2":23,
     "p3":50},
    {"p1":35,
     "p2":36,
     "p3":42},
    {"p1":29,
     "p2":30,
     "p3":44},
    {"p1":30,
     "p2":31,
     "p3":42},
    {"p1":31,
     "p2":35,
     "p3":42},
    {"p1":11,
     "p2":60,
     "p3":62},
    {"p1":13,
     "p2":57,
     "p3":58},
    {"p1":13,
     "p2":14,
     "p3":56},
    {"p1":13,
     "p2":56,
     "p3":57},
    {"p1":12,
     "p2":58,
     "p3":59},
    {"p1":11,
     "p2":12,
     "p3":59},
    {"p1":12,
     "p2":13,
     "p3":58},
    {"p1":42,
     "p2":43,
     "p3":44},
    {"p1":74,
     "p2":75,
     "p3":122},
    {"p1":93,
     "p2":94,
     "p3":111},
    {"p1":86,
     "p2":93,
     "p3":111},
    {"p1":86,
     "p2":87,
     "p3":93},
    {"p1":87,
     "p2":92,
     "p3":93},
    {"p1":94,
     "p2":95,
     "p3":110},
    {"p1":95,
     "p2":109,
     "p3":110},
    {"p1":95,
     "p2":96,
     "p3":97},
    {"p1":95,
     "p2":97,
     "p3":109},
    {"p1":117,
     "p2":118,
     "p3":119},
    {"p1":100,
     "p2":107,
     "p3":108},
    {"p1":100,
     "p2":101,
     "p3":107},
    {"p1":16,
     "p2":17,
     "p3":56},
    {"p1":15,
     "p2":16,
     "p3":56},
    {"p1":50,
     "p2":51,
     "p3":52},
    {"p1":54,
     "p2":55,
     "p3":56},
    {"p1":3,
     "p2":4,
     "p3":68},
    {"p1":4,
     "p2":5,
     "p3":68},
    {"p1":72,
     "p2":73,
     "p3":74},
    {"p1":0,
     "p2":72,
     "p3":122},
    {"p1":72,
     "p2":74,
     "p3":122},
    {"p1":28,
     "p2":29,
     "p3":44},
    {"p1":27,
     "p2":28,
     "p3":45},
    {"p1":28,
     "p2":44,
     "p3":45},
    {"p1":32,
     "p2":33,
     "p3":34},
    {"p1":32,
     "p2":34,
     "p3":35},
    {"p1":31,
     "p2":32,
     "p3":35},
    {"p1":11,
     "p2":62,
     "p3":63},
    {"p1":10,
     "p2":63,
     "p3":64},
    {"p1":10,
     "p2":11,
     "p3":63},
    {"p1":60,
     "p2":61,
     "p3":62},
    {"p1":46,
     "p2":47,
     "p3":48},
    {"p1":26,
     "p2":46,
     "p3":48},
    {"p1":26,
     "p2":27,
     "p3":46},
    {"p1":27,
     "p2":45,
     "p3":46},
    {"p1":120,
     "p2":121,
     "p3":122},
    {"p1":76,
     "p2":119,
     "p3":120},
    {"p1":76,
     "p2":120,
     "p3":122},
    {"p1":101,
     "p2":102,
     "p3":105},
    {"p1":105,
     "p2":106,
     "p3":107},
    {"p1":101,
     "p2":105,
     "p3":107},
    {"p1":7,
     "p2":8,
     "p3":64},
    {"p1":8,
     "p2":10,
     "p3":64},
    {"p1":8,
     "p2":9,
     "p3":10},
    {"p1":38,
     "p2":39,
     "p3":40},
    {"p1":37,
     "p2":38,
     "p3":40},
    {"p1":36,
     "p2":37,
     "p3":40},
    {"p1":36,
     "p2":40,
     "p3":41},
    {"p1":0,
     "p2":1,
     "p3":72},
    {"p1":2,
     "p2":3,
     "p3":70},
    {"p1":70,
     "p2":71,
     "p3":72},
    {"p1":3,
     "p2":68,
     "p3":70},
    {"p1":68,
     "p2":69,
     "p3":70},
    {"p1":1,
     "p2":70,
     "p3":72},
    {"p1":1,
     "p2":2,
     "p3":70},
    {"p1":102,
     "p2":103,
     "p3":105},
    {"p1":103,
     "p2":104,
     "p3":105}]
}