{"points":[
    {"x":0.017857,
     "y":0.3869},
    {"x":0.017857,
     "y":0.40476},
    {"x":0.011905,
     "y":0.42262},
    {"x":0.0059524,
     "y":0.44048},
    {"x":0.0059524,
     "y":0.45833},
    {"x":0,
     "y":0.47619},
    {"x":0,
     "y":0.49405},
    {"x":0,
     "y":0.5119},
    {"x":0,
     "y":0.52976},
    {"x":0,
     "y":0.54762},
    {"x":0,
     "y":0.56548},
    {"x":0,
     "y":0.58333},
    {"x":0,
     "y":0.60119},
    {"x":0.0059524,
     "y":0.61905},
    {"x":0.011905,
     "y":0.6369},
    {"x":0.017857,
     "y":0.65476},
    {"x":0.02381,
     "y":0.67262},
    {"x":0.029762,
     "y":0.69048},
    {"x":0.029762,
     "y":0.70833},
    {"x":0.029762,
     "y":0.72619},
    {"x":0.029762,
     "y":0.74405},
    {"x":0.029762,
     "y":0.7619},
    {"x":0.029762,
     "y":0.77976},
    {"x":0.029762,
     "y":0.79762},
    {"x":0.029762,
     "y":0.81548},
    {"x":0.029762,
     "y":0.83333},
    {"x":0.029762,
     "y":0.85119},
    {"x":0.02381,
     "y":0.86905},
    {"x":0.02381,
     "y":0.8869},
    {"x":0.02381,
     "y":0.90476},
    {"x":0.017857,
     "y":0.92262},
    {"x":0.017857,
     "y":0.94048},
    {"x":0.017857,
     "y":0.95833},
    {"x":0.017857,
     "y":0.97619},
    {"x":0.029762,
     "y":0.99405},
    {"x":0.047619,
     "y":0.99405},
    {"x":0.065476,
     "y":0.99405},
    {"x":0.083333,
     "y":0.99405},
    {"x":0.10119,
     "y":0.99405},
    {"x":0.11905,
     "y":1},
    {"x":0.1369,
     "y":0.99405},
    {"x":0.1369,
     "y":0.97619},
    {"x":0.1369,
     "y":0.95833},
    {"x":0.1369,
     "y":0.94048},
    {"x":0.1369,
     "y":0.92262},
    {"x":0.1369,
     "y":0.90476},
    {"x":0.1369,
     "y":0.8869},
    {"x":0.1369,
     "y":0.86905},
    {"x":0.14286,
     "y":0.85119},
    {"x":0.14881,
     "y":0.83333},
    {"x":0.15476,
     "y":0.81548},
    {"x":0.16071,
     "y":0.79762},
    {"x":0.16667,
     "y":0.77976},
    {"x":0.17262,
     "y":0.7619},
    {"x":0.17857,
     "y":0.74405},
    {"x":0.17857,
     "y":0.72619},
    {"x":0.18452,
     "y":0.70833},
    {"x":0.19048,
     "y":0.69048},
    {"x":0.19643,
     "y":0.67262},
    {"x":0.20238,
     "y":0.65476},
    {"x":0.20833,
     "y":0.6369},
    {"x":0.22024,
     "y":0.61905},
    {"x":0.22619,
     "y":0.60119},
    {"x":0.22619,
     "y":0.58333},
    {"x":0.2381,
     "y":0.56548},
    {"x":0.2381,
     "y":0.54762},
    {"x":0.24405,
     "y":0.52976},
    {"x":0.24405,
     "y":0.5119},
    {"x":0.25,
     "y":0.49405},
    {"x":0.25,
     "y":0.47619},
    {"x":0.25,
     "y":0.45833},
    {"x":0.25,
     "y":0.44048},
    {"x":0.25595,
     "y":0.42262},
    {"x":0.25595,
     "y":0.40476},
    {"x":0.2619,
     "y":0.3869},
    {"x":0.2619,
     "y":0.36905},
    {"x":0.2619,
     "y":0.35119},
    {"x":0.2619,
     "y":0.33333},
    {"x":0.26786,
     "y":0.31548},
    {"x":0.26786,
     "y":0.29762},
    {"x":0.26786,
     "y":0.27976},
    {"x":0.26786,
     "y":0.2619},
    {"x":0.27381,
     "y":0.24405},
    {"x":0.27381,
     "y":0.22619},
    {"x":0.27381,
     "y":0.20833},
    {"x":0.27381,
     "y":0.19048},
    {"x":0.27381,
     "y":0.17262},
    {"x":0.27976,
     "y":0.15476},
    {"x":0.27976,
     "y":0.1369},
    {"x":0.27976,
     "y":0.11905},
    {"x":0.27976,
     "y":0.10119},
    {"x":0.28571,
     "y":0.083333},
    {"x":0.28571,
     "y":0.065476},
    {"x":0.28571,
     "y":0.047619},
    {"x":0.28571,
     "y":0.029762},
    {"x":0.26786,
     "y":0.017857},
    {"x":0.25,
     "y":0.011905},
    {"x":0.23214,
     "y":0.011905},
    {"x":0.21429,
     "y":0.0059524},
    {"x":0.19643,
     "y":0.0059524},
    {"x":0.17857,
     "y":0.0059524},
    {"x":0.16071,
     "y":0},
    {"x":0.14286,
     "y":0},
    {"x":0.125,
     "y":0},
    {"x":0.10714,
     "y":0},
    {"x":0.089286,
     "y":0},
    {"x":0.077381,
     "y":0.017857},
    {"x":0.071429,
     "y":0.035714},
    {"x":0.065476,
     "y":0.053571},
    {"x":0.065476,
     "y":0.071429},
    {"x":0.059524,
     "y":0.089286},
    {"x":0.059524,
     "y":0.10714},
    {"x":0.059524,
     "y":0.125},
    {"x":0.053571,
     "y":0.14286},
    {"x":0.053571,
     "y":0.16071},
    {"x":0.047619,
     "y":0.17857},
    {"x":0.047619,
     "y":0.19643},
    {"x":0.047619,
     "y":0.21429},
    {"x":0.047619,
     "y":0.23214},
    {"x":0.047619,
     "y":0.25},
    {"x":0.041667,
     "y":0.26786},
    {"x":0.041667,
     "y":0.28571},
    {"x":0.035714,
     "y":0.30357},
    {"x":0.035714,
     "y":0.32143},
    {"x":0.029762,
     "y":0.33929},
    {"x":0.029762,
     "y":0.35714},
    {"x":0.02381,
     "y":0.375},
    {"x":0.017857,
     "y":0.3869}],
 "triangles":[
    {"p1":33,
     "p2":34,
     "p3":35},
    {"p1":100,
     "p2":109,
     "p3":111},
    {"p1":89,
     "p2":111,
     "p3":112},
    {"p1":89,
     "p2":100,
     "p3":111},
    {"p1":0,
     "p2":1,
     "p3":126},
    {"p1":123,
     "p2":124,
     "p3":125},
    {"p1":1,
     "p2":71,
     "p3":126},
    {"p1":90,
     "p2":99,
     "p3":100},
    {"p1":89,
     "p2":90,
     "p3":100},
    {"p1":80,
     "p2":119,
     "p3":121},
    {"p1":97,
     "p2":98,
     "p3":99},
    {"p1":90,
     "p2":97,
     "p3":99},
    {"p1":93,
     "p2":94,
     "p3":95},
    {"p1":93,
     "p2":95,
     "p3":96},
    {"p1":7,
     "p2":8,
     "p3":65},
    {"p1":102,
     "p2":103,
     "p3":109},
    {"p1":100,
     "p2":101,
     "p3":102},
    {"p1":100,
     "p2":102,
     "p3":109},
    {"p1":103,
     "p2":107,
     "p3":109},
    {"p1":77,
     "p2":121,
     "p3":123},
    {"p1":2,
     "p2":3,
     "p3":4},
    {"p1":85,
     "p2":114,
     "p3":116},
    {"p1":85,
     "p2":86,
     "p3":114},
    {"p1":86,
     "p2":112,
     "p3":114},
    {"p1":84,
     "p2":85,
     "p3":116},
    {"p1":84,
     "p2":116,
     "p3":117},
    {"p1":86,
     "p2":87,
     "p3":88},
    {"p1":88,
     "p2":89,
     "p3":112},
    {"p1":86,
     "p2":88,
     "p3":112},
    {"p1":77,
     "p2":78,
     "p3":79},
    {"p1":79,
     "p2":80,
     "p3":121},
    {"p1":77,
     "p2":79,
     "p3":121},
    {"p1":121,
     "p2":122,
     "p3":123},
    {"p1":90,
     "p2":91,
     "p3":92},
    {"p1":90,
     "p2":92,
     "p3":97},
    {"p1":7,
     "p2":65,
     "p3":67},
    {"p1":65,
     "p2":66,
     "p3":67},
    {"p1":32,
     "p2":33,
     "p3":35},
    {"p1":32,
     "p2":35,
     "p3":36},
    {"p1":9,
     "p2":10,
     "p3":63},
    {"p1":63,
     "p2":64,
     "p3":65},
    {"p1":8,
     "p2":9,
     "p3":63},
    {"p1":8,
     "p2":63,
     "p3":65},
    {"p1":103,
     "p2":104,
     "p3":107},
    {"p1":107,
     "p2":108,
     "p3":109},
    {"p1":76,
     "p2":77,
     "p3":123},
    {"p1":76,
     "p2":123,
     "p3":125},
    {"p1":75,
     "p2":76,
     "p3":125},
    {"p1":67,
     "p2":68,
     "p3":69},
    {"p1":4,
     "p2":67,
     "p3":69},
    {"p1":71,
     "p2":72,
     "p3":73},
    {"p1":73,
     "p2":125,
     "p3":126},
    {"p1":71,
     "p2":73,
     "p3":126},
    {"p1":73,
     "p2":75,
     "p3":125},
    {"p1":73,
     "p2":74,
     "p3":75},
    {"p1":112,
     "p2":113,
     "p3":114},
    {"p1":83,
     "p2":84,
     "p3":117},
    {"p1":83,
     "p2":117,
     "p3":118},
    {"p1":119,
     "p2":120,
     "p3":121},
    {"p1":6,
     "p2":7,
     "p3":67},
    {"p1":4,
     "p2":6,
     "p3":67},
    {"p1":4,
     "p2":5,
     "p3":6},
    {"p1":60,
     "p2":61,
     "p3":63},
    {"p1":10,
     "p2":11,
     "p3":63},
    {"p1":11,
     "p2":60,
     "p3":63},
    {"p1":11,
     "p2":12,
     "p3":13},
    {"p1":11,
     "p2":13,
     "p3":60},
    {"p1":31,
     "p2":32,
     "p3":36},
    {"p1":31,
     "p2":36,
     "p3":37},
    {"p1":20,
     "p2":52,
     "p3":53},
    {"p1":19,
     "p2":20,
     "p3":53},
    {"p1":53,
     "p2":54,
     "p3":55},
    {"p1":19,
     "p2":53,
     "p3":55},
    {"p1":18,
     "p2":19,
     "p3":55},
    {"p1":104,
     "p2":105,
     "p3":106},
    {"p1":104,
     "p2":106,
     "p3":107},
    {"p1":109,
     "p2":110,
     "p3":111},
    {"p1":1,
     "p2":70,
     "p3":71},
    {"p1":1,
     "p2":2,
     "p3":70},
    {"p1":2,
     "p2":4,
     "p3":70},
    {"p1":4,
     "p2":69,
     "p3":70},
    {"p1":114,
     "p2":115,
     "p3":116},
    {"p1":81,
     "p2":82,
     "p3":83},
    {"p1":81,
     "p2":83,
     "p3":118},
    {"p1":81,
     "p2":118,
     "p3":119},
    {"p1":80,
     "p2":81,
     "p3":119},
    {"p1":29,
     "p2":30,
     "p3":31},
    {"p1":61,
     "p2":62,
     "p3":63},
    {"p1":13,
     "p2":14,
     "p3":60},
    {"p1":20,
     "p2":21,
     "p3":52},
    {"p1":17,
     "p2":56,
     "p3":57},
    {"p1":17,
     "p2":55,
     "p3":56},
    {"p1":17,
     "p2":18,
     "p3":55},
    {"p1":22,
     "p2":50,
     "p3":51},
    {"p1":21,
     "p2":51,
     "p3":52},
    {"p1":21,
     "p2":22,
     "p3":51},
    {"p1":31,
     "p2":37,
     "p3":43},
    {"p1":29,
     "p2":31,
     "p3":43},
    {"p1":22,
     "p2":23,
     "p3":50},
    {"p1":39,
     "p2":40,
     "p3":41},
    {"p1":38,
     "p2":39,
     "p3":41},
    {"p1":38,
     "p2":41,
     "p3":42},
    {"p1":24,
     "p2":25,
     "p3":48},
    {"p1":29,
     "p2":43,
     "p3":44},
    {"p1":24,
     "p2":48,
     "p3":49},
    {"p1":23,
     "p2":49,
     "p3":50},
    {"p1":23,
     "p2":24,
     "p3":49},
    {"p1":29,
     "p2":44,
     "p3":45},
    {"p1":92,
     "p2":93,
     "p3":96},
    {"p1":92,
     "p2":96,
     "p3":97},
    {"p1":17,
     "p2":57,
     "p3":58},
    {"p1":16,
     "p2":17,
     "p3":58},
    {"p1":15,
     "p2":16,
     "p3":58},
    {"p1":15,
     "p2":58,
     "p3":59},
    {"p1":15,
     "p2":59,
     "p3":60},
    {"p1":14,
     "p2":15,
     "p3":60},
    {"p1":37,
     "p2":42,
     "p3":43},
    {"p1":37,
     "p2":38,
     "p3":42},
    {"p1":28,
     "p2":46,
     "p3":47},
    {"p1":26,
     "p2":27,
     "p3":47},
    {"p1":27,
     "p2":28,
     "p3":47},
    {"p1":25,
     "p2":47,
     "p3":48},
    {"p1":25,
     "p2":26,
     "p3":47},
    {"p1":28,
     "p2":45,
     "p3":46},
    {"p1":28,
     "p2":29,
     "p3":45}]
}