{"points":[
    {"x":0.44541,
     "y":0.37991},
    {"x":0.46725,
     "y":0.38428},
    {"x":0.48908,
     "y":0.38865},
    {"x":0.51092,
     "y":0.39301},
    {"x":0.53275,
     "y":0.39301},
    {"x":0.55459,
     "y":0.39738},
    {"x":0.57642,
     "y":0.39738},
    {"x":0.59825,
     "y":0.39738},
    {"x":0.62009,
     "y":0.40611},
    {"x":0.64192,
     "y":0.41048},
    {"x":0.66376,
     "y":0.40611},
    {"x":0.68559,
     "y":0.40175},
    {"x":0.70742,
     "y":0.39738},
    {"x":0.72926,
     "y":0.39301},
    {"x":0.75109,
     "y":0.38428},
    {"x":0.77293,
     "y":0.37118},
    {"x":0.79476,
     "y":0.35808},
    {"x":0.81659,
     "y":0.34498},
    {"x":0.83843,
     "y":0.34061},
    {"x":0.86026,
     "y":0.33624},
    {"x":0.8821,
     "y":0.33624},
    {"x":0.90393,
     "y":0.34061},
    {"x":0.92576,
     "y":0.34061},
    {"x":0.9476,
     "y":0.34498},
    {"x":0.96943,
     "y":0.34061},
    {"x":0.9738,
     "y":0.31878},
    {"x":0.98253,
     "y":0.29694},
    {"x":0.99563,
     "y":0.27511},
    {"x":1,
     "y":0.25328},
    {"x":0.98253,
     "y":0.23144},
    {"x":0.9607,
     "y":0.20961},
    {"x":0.94323,
     "y":0.19214},
    {"x":0.92576,
     "y":0.17031},
    {"x":0.91703,
     "y":0.14847},
    {"x":0.91703,
     "y":0.12664},
    {"x":0.91703,
     "y":0.1048},
    {"x":0.92576,
     "y":0.082969},
    {"x":0.93013,
     "y":0.061135},
    {"x":0.93886,
     "y":0.039301},
    {"x":0.91703,
     "y":0.030568},
    {"x":0.8952,
     "y":0.021834},
    {"x":0.87336,
     "y":0.017467},
    {"x":0.85153,
     "y":0.0131},
    {"x":0.82969,
     "y":0.0087336},
    {"x":0.80786,
     "y":0},
    {"x":0.78603,
     "y":0.0043668},
    {"x":0.76419,
     "y":0.017467},
    {"x":0.74236,
     "y":0.030568},
    {"x":0.72052,
     "y":0.048035},
    {"x":0.69869,
     "y":0.061135},
    {"x":0.67686,
     "y":0.069869},
    {"x":0.65502,
     "y":0.069869},
    {"x":0.63319,
     "y":0.069869},
    {"x":0.61135,
     "y":0.069869},
    {"x":0.58952,
     "y":0.069869},
    {"x":0.56769,
     "y":0.065502},
    {"x":0.54585,
     "y":0.061135},
    {"x":0.52402,
     "y":0.056769},
    {"x":0.50218,
     "y":0.052402},
    {"x":0.48035,
     "y":0.043668},
    {"x":0.45852,
     "y":0.039301},
    {"x":0.43668,
     "y":0.034934},
    {"x":0.41485,
     "y":0.030568},
    {"x":0.39301,
     "y":0.026201},
    {"x":0.37118,
     "y":0.021834},
    {"x":0.34934,
     "y":0.017467},
    {"x":0.32751,
     "y":0.0131},
    {"x":0.30568,
     "y":0.026201},
    {"x":0.28384,
     "y":0.043668},
    {"x":0.26201,
     "y":0.061135},
    {"x":0.24017,
     "y":0.069869},
    {"x":0.21834,
     "y":0.087336},
    {"x":0.19651,
     "y":0.09607},
    {"x":0.17467,
     "y":0.09607},
    {"x":0.15284,
     "y":0.09607},
    {"x":0.131,
     "y":0.09607},
    {"x":0.10917,
     "y":0.09607},
    {"x":0.087336,
     "y":0.09607},
    {"x":0.065502,
     "y":0.09607},
    {"x":0.043668,
     "y":0.091703},
    {"x":0.021834,
     "y":0.09607},
    {"x":0.017467,
     "y":0.1179},
    {"x":0.0131,
     "y":0.13974},
    {"x":0.0043668,
     "y":0.16157},
    {"x":0,
     "y":0.18341},
    {"x":0.0131,
     "y":0.20087},
    {"x":0.030568,
     "y":0.21834},
    {"x":0.048035,
     "y":0.24017},
    {"x":0.069869,
     "y":0.26201},
    {"x":0.087336,
     "y":0.28384},
    {"x":0.10917,
     "y":0.30131},
    {"x":0.1179,
     "y":0.32314},
    {"x":0.11354,
     "y":0.34498},
    {"x":0.11354,
     "y":0.36681},
    {"x":0.11354,
     "y":0.38865},
    {"x":0.11354,
     "y":0.41048},
    {"x":0.131,
     "y":0.42358},
    {"x":0.15284,
     "y":0.42358},
    {"x":0.17467,
     "y":0.42795},
    {"x":0.19651,
     "y":0.42795},
    {"x":0.21834,
     "y":0.43231},
    {"x":0.24017,
     "y":0.43231},
    {"x":0.26201,
     "y":0.42358},
    {"x":0.28384,
     "y":0.40611},
    {"x":0.30568,
     "y":0.38865},
    {"x":0.32751,
     "y":0.37118},
    {"x":0.34934,
     "y":0.36245},
    {"x":0.37118,
     "y":0.36681},
    {"x":0.39301,
     "y":0.37118},
    {"x":0.41485,
     "y":0.37555},
    {"x":0.43668,
     "y":0.37991},
    {"x":0.44541,
     "y":0.37991}],
 "triangles":[
    {"p1":63,
     "p2":69,
     "p3":106},
    {"p1":72,
     "p2":90,
     "p3":105},
    {"p1":69,
     "p2":71,
     "p3":106},
    {"p1":71,
     "p2":72,
     "p3":105},
    {"p1":71,
     "p2":105,
     "p3":106},
    {"p1":82,
     "p2":85,
     "p3":86},
    {"p1":76,
     "p2":86,
     "p3":87},
    {"p1":35,
     "p2":43,
     "p3":46},
    {"p1":17,
     "p2":49,
     "p3":50},
    {"p1":35,
     "p2":41,
     "p3":42},
    {"p1":35,
     "p2":42,
     "p3":43},
    {"p1":37,
     "p2":38,
     "p3":39},
    {"p1":35,
     "p2":36,
     "p3":41},
    {"p1":94,
     "p2":95,
     "p3":96},
    {"p1":90,
     "p2":91,
     "p3":105},
    {"p1":17,
     "p2":33,
     "p3":49},
    {"p1":69,
     "p2":70,
     "p3":71},
    {"p1":83,
     "p2":84,
     "p3":85},
    {"p1":82,
     "p2":83,
     "p3":85},
    {"p1":79,
     "p2":80,
     "p3":81},
    {"p1":78,
     "p2":81,
     "p3":82},
    {"p1":78,
     "p2":79,
     "p3":81},
    {"p1":65,
     "p2":66,
     "p3":67},
    {"p1":33,
     "p2":48,
     "p3":49},
    {"p1":62,
     "p2":63,
     "p3":106},
    {"p1":43,
     "p2":44,
     "p3":45},
    {"p1":43,
     "p2":45,
     "p3":46},
    {"p1":0,
     "p2":57,
     "p3":58},
    {"p1":58,
     "p2":60,
     "p3":108},
    {"p1":36,
     "p2":40,
     "p3":41},
    {"p1":36,
     "p2":37,
     "p3":40},
    {"p1":37,
     "p2":39,
     "p3":40},
    {"p1":94,
     "p2":96,
     "p3":97},
    {"p1":75,
     "p2":76,
     "p3":87},
    {"p1":75,
     "p2":87,
     "p3":88},
    {"p1":76,
     "p2":77,
     "p3":86},
    {"p1":77,
     "p2":82,
     "p3":86},
    {"p1":77,
     "p2":78,
     "p3":82},
    {"p1":4,
     "p2":6,
     "p3":54},
    {"p1":7,
     "p2":53,
     "p3":54},
    {"p1":6,
     "p2":7,
     "p3":54},
    {"p1":61,
     "p2":62,
     "p3":106},
    {"p1":58,
     "p2":59,
     "p3":60},
    {"p1":0,
     "p2":58,
     "p3":109},
    {"p1":58,
     "p2":108,
     "p3":109},
    {"p1":4,
     "p2":5,
     "p3":6},
    {"p1":7,
     "p2":8,
     "p3":10},
    {"p1":8,
     "p2":9,
     "p3":10},
    {"p1":12,
     "p2":50,
     "p3":51},
    {"p1":12,
     "p2":15,
     "p3":50},
    {"p1":91,
     "p2":92,
     "p3":99},
    {"p1":99,
     "p2":100,
     "p3":103},
    {"p1":91,
     "p2":99,
     "p3":103},
    {"p1":93,
     "p2":94,
     "p3":97},
    {"p1":91,
     "p2":104,
     "p3":105},
    {"p1":91,
     "p2":103,
     "p3":104},
    {"p1":100,
     "p2":101,
     "p3":102},
    {"p1":100,
     "p2":102,
     "p3":103},
    {"p1":23,
     "p2":24,
     "p3":25},
    {"p1":12,
     "p2":13,
     "p3":14},
    {"p1":12,
     "p2":14,
     "p3":15},
    {"p1":22,
     "p2":23,
     "p3":25},
    {"p1":22,
     "p2":25,
     "p3":26},
    {"p1":16,
     "p2":17,
     "p3":50},
    {"p1":15,
     "p2":16,
     "p3":50},
    {"p1":63,
     "p2":68,
     "p3":69},
    {"p1":63,
     "p2":64,
     "p3":68},
    {"p1":64,
     "p2":65,
     "p3":68},
    {"p1":65,
     "p2":67,
     "p3":68},
    {"p1":72,
     "p2":73,
     "p3":90},
    {"p1":73,
     "p2":89,
     "p3":90},
    {"p1":4,
     "p2":54,
     "p3":55},
    {"p1":2,
     "p2":4,
     "p3":55},
    {"p1":2,
     "p2":55,
     "p3":56},
    {"p1":7,
     "p2":52,
     "p3":53},
    {"p1":7,
     "p2":51,
     "p3":52},
    {"p1":33,
     "p2":34,
     "p3":48},
    {"p1":34,
     "p2":47,
     "p3":48},
    {"p1":34,
     "p2":35,
     "p3":46},
    {"p1":34,
     "p2":46,
     "p3":47},
    {"p1":1,
     "p2":56,
     "p3":57},
    {"p1":1,
     "p2":2,
     "p3":56},
    {"p1":0,
     "p2":1,
     "p3":57},
    {"p1":60,
     "p2":107,
     "p3":108},
    {"p1":60,
     "p2":61,
     "p3":107},
    {"p1":61,
     "p2":106,
     "p3":107},
    {"p1":2,
     "p2":3,
     "p3":4},
    {"p1":11,
     "p2":12,
     "p3":51},
    {"p1":7,
     "p2":11,
     "p3":51},
    {"p1":7,
     "p2":10,
     "p3":11},
    {"p1":93,
     "p2":97,
     "p3":98},
    {"p1":0,
     "p2":109,
     "p3":110},
    {"p1":26,
     "p2":27,
     "p3":29},
    {"p1":26,
     "p2":29,
     "p3":30},
    {"p1":27,
     "p2":28,
     "p3":29},
    {"p1":19,
     "p2":20,
     "p3":31},
    {"p1":20,
     "p2":30,
     "p3":31},
    {"p1":74,
     "p2":75,
     "p3":88},
    {"p1":74,
     "p2":88,
     "p3":89},
    {"p1":73,
     "p2":74,
     "p3":89},
    {"p1":19,
     "p2":31,
     "p3":32},
    {"p1":18,
     "p2":19,
     "p3":32},
    {"p1":17,
     "p2":32,
     "p3":33},
    {"p1":17,
     "p2":18,
     "p3":32},
    {"p1":20,
     "p2":21,
     "p3":30},
    {"p1":21,
     "p2":26,
     "p3":30},
    {"p1":21,
     "p2":22,
     "p3":26},
    {"p1":92,
     "p2":93,
     "p3":98},
    {"p1":92,
     "p2":98,
     "p3":99}]
}