{"points":[
    {"x":0.33498,
     "y":0.34483},
    {"x":0.35468,
     "y":0.34483},
    {"x":0.37438,
     "y":0.3399},
    {"x":0.39409,
     "y":0.33498},
    {"x":0.41379,
     "y":0.33498},
    {"x":0.4335,
     "y":0.33498},
    {"x":0.4532,
     "y":0.33498},
    {"x":0.47291,
     "y":0.33498},
    {"x":0.49261,
     "y":0.33498},
    {"x":0.51232,
     "y":0.33498},
    {"x":0.53202,
     "y":0.33498},
    {"x":0.55172,
     "y":0.33498},
    {"x":0.57143,
     "y":0.33498},
    {"x":0.59113,
     "y":0.33498},
    {"x":0.61084,
     "y":0.33498},
    {"x":0.63054,
     "y":0.3399},
    {"x":0.65025,
     "y":0.34483},
    {"x":0.66995,
     "y":0.34483},
    {"x":0.68966,
     "y":0.34975},
    {"x":0.70936,
     "y":0.35468},
    {"x":0.72906,
     "y":0.35468},
    {"x":0.74877,
     "y":0.34975},
    {"x":0.76847,
     "y":0.3399},
    {"x":0.78818,
     "y":0.32512},
    {"x":0.80788,
     "y":0.31527},
    {"x":0.82759,
     "y":0.31034},
    {"x":0.84729,
     "y":0.31034},
    {"x":0.867,
     "y":0.31034},
    {"x":0.8867,
     "y":0.31034},
    {"x":0.9064,
     "y":0.31034},
    {"x":0.92611,
     "y":0.31034},
    {"x":0.94581,
     "y":0.31527},
    {"x":0.96552,
     "y":0.3202},
    {"x":0.97537,
     "y":0.30049},
    {"x":0.98522,
     "y":0.28079},
    {"x":0.99507,
     "y":0.26108},
    {"x":1,
     "y":0.24138},
    {"x":1,
     "y":0.22167},
    {"x":1,
     "y":0.20197},
    {"x":0.98522,
     "y":0.18719},
    {"x":0.97044,
     "y":0.17241},
    {"x":0.95074,
     "y":0.15764},
    {"x":0.93103,
     "y":0.13793},
    {"x":0.92118,
     "y":0.11823},
    {"x":0.92118,
     "y":0.098522},
    {"x":0.93103,
     "y":0.078818},
    {"x":0.93103,
     "y":0.059113},
    {"x":0.93103,
     "y":0.039409},
    {"x":0.93103,
     "y":0.019704},
    {"x":0.91133,
     "y":0.0049261},
    {"x":0.89163,
     "y":0.0049261},
    {"x":0.87192,
     "y":0},
    {"x":0.85222,
     "y":0},
    {"x":0.83251,
     "y":0},
    {"x":0.81281,
     "y":0},
    {"x":0.7931,
     "y":0},
    {"x":0.7734,
     "y":0},
    {"x":0.75369,
     "y":0},
    {"x":0.73399,
     "y":0.0098522},
    {"x":0.71429,
     "y":0.024631},
    {"x":0.69951,
     "y":0.039409},
    {"x":0.6798,
     "y":0.059113},
    {"x":0.6601,
     "y":0.068966},
    {"x":0.64039,
     "y":0.078818},
    {"x":0.62069,
     "y":0.078818},
    {"x":0.60099,
     "y":0.078818},
    {"x":0.58128,
     "y":0.078818},
    {"x":0.56158,
     "y":0.078818},
    {"x":0.54187,
     "y":0.078818},
    {"x":0.52217,
     "y":0.078818},
    {"x":0.50246,
     "y":0.078818},
    {"x":0.48276,
     "y":0.078818},
    {"x":0.46305,
     "y":0.073892},
    {"x":0.44335,
     "y":0.073892},
    {"x":0.42365,
     "y":0.068966},
    {"x":0.40394,
     "y":0.068966},
    {"x":0.38424,
     "y":0.064039},
    {"x":0.36453,
     "y":0.064039},
    {"x":0.34483,
     "y":0.064039},
    {"x":0.32512,
     "y":0.064039},
    {"x":0.30542,
     "y":0.064039},
    {"x":0.28571,
     "y":0.064039},
    {"x":0.26601,
     "y":0.068966},
    {"x":0.24631,
     "y":0.078818},
    {"x":0.23153,
     "y":0.098522},
    {"x":0.21182,
     "y":0.11823},
    {"x":0.19212,
     "y":0.12808},
    {"x":0.17241,
     "y":0.12808},
    {"x":0.15271,
     "y":0.12808},
    {"x":0.133,
     "y":0.12808},
    {"x":0.1133,
     "y":0.12808},
    {"x":0.093596,
     "y":0.12808},
    {"x":0.073892,
     "y":0.12808},
    {"x":0.054187,
     "y":0.12808},
    {"x":0.034483,
     "y":0.12808},
    {"x":0.014778,
     "y":0.12808},
    {"x":0,
     "y":0.14286},
    {"x":0,
     "y":0.16256},
    {"x":0,
     "y":0.18227},
    {"x":0,
     "y":0.20197},
    {"x":0.019704,
     "y":0.22167},
    {"x":0.039409,
     "y":0.24138},
    {"x":0.059113,
     "y":0.25123},
    {"x":0.078818,
     "y":0.27094},
    {"x":0.08867,
     "y":0.29064},
    {"x":0.08867,
     "y":0.31034},
    {"x":0.08867,
     "y":0.33005},
    {"x":0.08867,
     "y":0.34975},
    {"x":0.093596,
     "y":0.36946},
    {"x":0.10837,
     "y":0.38424},
    {"x":0.12808,
     "y":0.38424},
    {"x":0.14778,
     "y":0.38424},
    {"x":0.16749,
     "y":0.38916},
    {"x":0.18719,
     "y":0.38916},
    {"x":0.2069,
     "y":0.39409},
    {"x":0.2266,
     "y":0.39409},
    {"x":0.24631,
     "y":0.38916},
    {"x":0.26601,
     "y":0.37438},
    {"x":0.28571,
     "y":0.36453},
    {"x":0.30542,
     "y":0.35468},
    {"x":0.32512,
     "y":0.34975},
    {"x":0.33498,
     "y":0.34483}],
 "triangles":[
    {"p1":104,
     "p2":111,
     "p3":113},
    {"p1":46,
     "p2":47,
     "p3":50},
    {"p1":47,
     "p2":48,
     "p3":49},
    {"p1":47,
     "p2":49,
     "p3":50},
    {"p1":108,
     "p2":109,
     "p3":110},
    {"p1":0,
     "p2":79,
     "p3":84},
    {"p1":0,
     "p2":84,
     "p3":85},
    {"p1":24,
     "p2":25,
     "p3":43},
    {"p1":111,
     "p2":112,
     "p3":113},
    {"p1":106,
     "p2":110,
     "p3":111},
    {"p1":86,
     "p2":87,
     "p3":104},
    {"p1":87,
     "p2":103,
     "p3":104},
    {"p1":87,
     "p2":88,
     "p3":103},
    {"p1":90,
     "p2":91,
     "p3":102},
    {"p1":81,
     "p2":82,
     "p3":84},
    {"p1":82,
     "p2":83,
     "p3":84},
    {"p1":80,
     "p2":81,
     "p3":84},
    {"p1":79,
     "p2":80,
     "p3":84},
    {"p1":75,
     "p2":76,
     "p3":77},
    {"p1":86,
     "p2":104,
     "p3":117},
    {"p1":86,
     "p2":117,
     "p3":118},
    {"p1":104,
     "p2":113,
     "p3":117},
    {"p1":113,
     "p2":114,
     "p3":117},
    {"p1":114,
     "p2":115,
     "p3":117},
    {"p1":115,
     "p2":116,
     "p3":117},
    {"p1":85,
     "p2":86,
     "p3":119},
    {"p1":86,
     "p2":118,
     "p3":119},
    {"p1":0,
     "p2":85,
     "p3":119},
    {"p1":0,
     "p2":1,
     "p3":2},
    {"p1":44,
     "p2":52,
     "p3":53},
    {"p1":44,
     "p2":51,
     "p3":52},
    {"p1":44,
     "p2":50,
     "p3":51},
    {"p1":44,
     "p2":46,
     "p3":50},
    {"p1":17,
     "p2":18,
     "p3":23},
    {"p1":18,
     "p2":22,
     "p3":23},
    {"p1":104,
     "p2":105,
     "p3":111},
    {"p1":105,
     "p2":106,
     "p3":111},
    {"p1":107,
     "p2":108,
     "p3":110},
    {"p1":106,
     "p2":107,
     "p3":110},
    {"p1":89,
     "p2":90,
     "p3":102},
    {"p1":89,
     "p2":102,
     "p3":103},
    {"p1":88,
     "p2":89,
     "p3":103},
    {"p1":91,
     "p2":92,
     "p3":102},
    {"p1":0,
     "p2":78,
     "p3":79},
    {"p1":0,
     "p2":2,
     "p3":78},
    {"p1":3,
     "p2":75,
     "p3":77},
    {"p1":3,
     "p2":4,
     "p3":75},
    {"p1":2,
     "p2":3,
     "p3":78},
    {"p1":3,
     "p2":77,
     "p3":78},
    {"p1":24,
     "p2":43,
     "p3":61},
    {"p1":10,
     "p2":68,
     "p3":69},
    {"p1":0,
     "p2":119,
     "p3":120},
    {"p1":35,
     "p2":36,
     "p3":40},
    {"p1":25,
     "p2":42,
     "p3":43},
    {"p1":92,
     "p2":101,
     "p3":102},
    {"p1":14,
     "p2":64,
     "p3":65},
    {"p1":12,
     "p2":66,
     "p3":67},
    {"p1":43,
     "p2":60,
     "p3":61},
    {"p1":14,
     "p2":63,
     "p3":64},
    {"p1":17,
     "p2":23,
     "p3":63},
    {"p1":43,
     "p2":55,
     "p3":60},
    {"p1":55,
     "p2":59,
     "p3":60},
    {"p1":15,
     "p2":16,
     "p3":17},
    {"p1":15,
     "p2":17,
     "p3":63},
    {"p1":14,
     "p2":15,
     "p3":63},
    {"p1":10,
     "p2":11,
     "p3":68},
    {"p1":11,
     "p2":67,
     "p3":68},
    {"p1":11,
     "p2":12,
     "p3":67},
    {"p1":9,
     "p2":10,
     "p3":69},
    {"p1":36,
     "p2":39,
     "p3":40},
    {"p1":44,
     "p2":45,
     "p3":46},
    {"p1":30,
     "p2":34,
     "p3":35},
    {"p1":30,
     "p2":35,
     "p3":40},
    {"p1":25,
     "p2":26,
     "p3":42},
    {"p1":31,
     "p2":32,
     "p3":33},
    {"p1":30,
     "p2":33,
     "p3":34},
    {"p1":30,
     "p2":31,
     "p3":33},
    {"p1":18,
     "p2":21,
     "p3":22},
    {"p1":98,
     "p2":99,
     "p3":100},
    {"p1":93,
     "p2":98,
     "p3":100},
    {"p1":92,
     "p2":93,
     "p3":100},
    {"p1":92,
     "p2":100,
     "p3":101},
    {"p1":23,
     "p2":62,
     "p3":63},
    {"p1":56,
     "p2":57,
     "p3":58},
    {"p1":56,
     "p2":58,
     "p3":59},
    {"p1":55,
     "p2":56,
     "p3":59},
    {"p1":44,
     "p2":53,
     "p3":54},
    {"p1":43,
     "p2":44,
     "p3":54},
    {"p1":43,
     "p2":54,
     "p3":55},
    {"p1":6,
     "p2":7,
     "p3":71},
    {"p1":7,
     "p2":8,
     "p3":71},
    {"p1":12,
     "p2":13,
     "p3":66},
    {"p1":13,
     "p2":65,
     "p3":66},
    {"p1":13,
     "p2":14,
     "p3":65},
    {"p1":36,
     "p2":37,
     "p3":39},
    {"p1":37,
     "p2":38,
     "p3":39},
    {"p1":26,
     "p2":27,
     "p3":42},
    {"p1":27,
     "p2":28,
     "p3":41},
    {"p1":27,
     "p2":41,
     "p3":42},
    {"p1":28,
     "p2":29,
     "p3":41},
    {"p1":29,
     "p2":30,
     "p3":40},
    {"p1":29,
     "p2":40,
     "p3":41},
    {"p1":8,
     "p2":9,
     "p3":70},
    {"p1":9,
     "p2":69,
     "p3":70},
    {"p1":8,
     "p2":70,
     "p3":71},
    {"p1":71,
     "p2":72,
     "p3":73},
    {"p1":5,
     "p2":6,
     "p3":73},
    {"p1":6,
     "p2":71,
     "p3":73},
    {"p1":4,
     "p2":5,
     "p3":73},
    {"p1":73,
     "p2":74,
     "p3":75},
    {"p1":4,
     "p2":73,
     "p3":75},
    {"p1":94,
     "p2":96,
     "p3":97},
    {"p1":94,
     "p2":95,
     "p3":96},
    {"p1":94,
     "p2":97,
     "p3":98},
    {"p1":93,
     "p2":94,
     "p3":98},
    {"p1":19,
     "p2":20,
     "p3":21},
    {"p1":18,
     "p2":19,
     "p3":21},
    {"p1":24,
     "p2":61,
     "p3":62},
    {"p1":23,
     "p2":24,
     "p3":62}]
}