{"points":[
    {"x":0.39801,
     "y":0.31343},
    {"x":0.41791,
     "y":0.31343},
    {"x":0.43781,
     "y":0.31343},
    {"x":0.45771,
     "y":0.31841},
    {"x":0.47761,
     "y":0.31841},
    {"x":0.49751,
     "y":0.32338},
    {"x":0.51741,
     "y":0.32836},
    {"x":0.53731,
     "y":0.33333},
    {"x":0.55721,
     "y":0.33831},
    {"x":0.57711,
     "y":0.34328},
    {"x":0.59701,
     "y":0.34826},
    {"x":0.61692,
     "y":0.35323},
    {"x":0.63682,
     "y":0.35323},
    {"x":0.65672,
     "y":0.35323},
    {"x":0.67662,
     "y":0.35323},
    {"x":0.69652,
     "y":0.34826},
    {"x":0.71642,
     "y":0.33831},
    {"x":0.73632,
     "y":0.32836},
    {"x":0.75622,
     "y":0.31841},
    {"x":0.77612,
     "y":0.30846},
    {"x":0.79602,
     "y":0.29353},
    {"x":0.81592,
     "y":0.28856},
    {"x":0.83582,
     "y":0.28856},
    {"x":0.85572,
     "y":0.28856},
    {"x":0.87562,
     "y":0.29851},
    {"x":0.89552,
     "y":0.30348},
    {"x":0.91542,
     "y":0.30348},
    {"x":0.93532,
     "y":0.29851},
    {"x":0.95522,
     "y":0.29353},
    {"x":0.97512,
     "y":0.28358},
    {"x":0.99005,
     "y":0.26368},
    {"x":1,
     "y":0.24378},
    {"x":1,
     "y":0.22388},
    {"x":0.99005,
     "y":0.20398},
    {"x":0.9801,
     "y":0.18408},
    {"x":0.96517,
     "y":0.16418},
    {"x":0.94527,
     "y":0.14925},
    {"x":0.93035,
     "y":0.12935},
    {"x":0.9204,
     "y":0.10945},
    {"x":0.9204,
     "y":0.089552},
    {"x":0.93035,
     "y":0.069652},
    {"x":0.9403,
     "y":0.049751},
    {"x":0.95522,
     "y":0.029851},
    {"x":0.9602,
     "y":0.0099502},
    {"x":0.9403,
     "y":0},
    {"x":0.9204,
     "y":0},
    {"x":0.9005,
     "y":0},
    {"x":0.8806,
     "y":0},
    {"x":0.8607,
     "y":0},
    {"x":0.8408,
     "y":0},
    {"x":0.8209,
     "y":0.0049751},
    {"x":0.801,
     "y":0.0049751},
    {"x":0.78109,
     "y":0.0099502},
    {"x":0.76119,
     "y":0.014925},
    {"x":0.74129,
     "y":0.024876},
    {"x":0.72139,
     "y":0.039801},
    {"x":0.70149,
     "y":0.054726},
    {"x":0.68159,
     "y":0.069652},
    {"x":0.66169,
     "y":0.074627},
    {"x":0.64179,
     "y":0.074627},
    {"x":0.62189,
     "y":0.074627},
    {"x":0.60199,
     "y":0.069652},
    {"x":0.58209,
     "y":0.069652},
    {"x":0.56219,
     "y":0.064677},
    {"x":0.54229,
     "y":0.059701},
    {"x":0.52239,
     "y":0.054726},
    {"x":0.50249,
     "y":0.049751},
    {"x":0.48259,
     "y":0.044776},
    {"x":0.46269,
     "y":0.039801},
    {"x":0.44279,
     "y":0.039801},
    {"x":0.42289,
     "y":0.039801},
    {"x":0.40299,
     "y":0.039801},
    {"x":0.38308,
     "y":0.039801},
    {"x":0.36318,
     "y":0.039801},
    {"x":0.34328,
     "y":0.039801},
    {"x":0.32338,
     "y":0.044776},
    {"x":0.30348,
     "y":0.044776},
    {"x":0.28358,
     "y":0.049751},
    {"x":0.26368,
     "y":0.054726},
    {"x":0.24378,
     "y":0.054726},
    {"x":0.22388,
     "y":0.064677},
    {"x":0.20398,
     "y":0.079602},
    {"x":0.18408,
     "y":0.094527},
    {"x":0.16915,
     "y":0.10448},
    {"x":0.14925,
     "y":0.099502},
    {"x":0.12935,
     "y":0.094527},
    {"x":0.10945,
     "y":0.089552},
    {"x":0.089552,
     "y":0.084577},
    {"x":0.069652,
     "y":0.084577},
    {"x":0.049751,
     "y":0.079602},
    {"x":0.029851,
     "y":0.079602},
    {"x":0.0099502,
     "y":0.079602},
    {"x":0,
     "y":0.099502},
    {"x":0,
     "y":0.1194},
    {"x":0,
     "y":0.1393},
    {"x":0,
     "y":0.1592},
    {"x":0.0049751,
     "y":0.1791},
    {"x":0.024876,
     "y":0.199},
    {"x":0.039801,
     "y":0.21891},
    {"x":0.059701,
     "y":0.23383},
    {"x":0.074627,
     "y":0.24876},
    {"x":0.094527,
     "y":0.26866},
    {"x":0.094527,
     "y":0.28856},
    {"x":0.089552,
     "y":0.30846},
    {"x":0.084577,
     "y":0.32836},
    {"x":0.084577,
     "y":0.34826},
    {"x":0.089552,
     "y":0.36816},
    {"x":0.10945,
     "y":0.37313},
    {"x":0.12935,
     "y":0.37811},
    {"x":0.14925,
     "y":0.38308},
    {"x":0.16915,
     "y":0.38806},
    {"x":0.18905,
     "y":0.38806},
    {"x":0.20896,
     "y":0.39303},
    {"x":0.22886,
     "y":0.39801},
    {"x":0.24876,
     "y":0.39303},
    {"x":0.26866,
     "y":0.37811},
    {"x":0.28856,
     "y":0.36318},
    {"x":0.30348,
     "y":0.34328},
    {"x":0.31841,
     "y":0.32338},
    {"x":0.33831,
     "y":0.31841},
    {"x":0.35821,
     "y":0.31343},
    {"x":0.37811,
     "y":0.31343},
    {"x":0.39801,
     "y":0.31343},
    {"x":0.39801,
     "y":0.31343}],
 "triangles":[
    {"p1":42,
     "p2":43,
     "p3":44},
    {"p1":82,
     "p2":83,
     "p3":118},
    {"p1":83,
     "p2":101,
     "p3":118},
    {"p1":101,
     "p2":102,
     "p3":111},
    {"p1":12,
     "p2":13,
     "p3":59},
    {"p1":8,
     "p2":60,
     "p3":62},
    {"p1":111,
     "p2":115,
     "p3":117},
    {"p1":101,
     "p2":117,
     "p3":118},
    {"p1":101,
     "p2":111,
     "p3":117},
    {"p1":111,
     "p2":112,
     "p3":115},
    {"p1":112,
     "p2":113,
     "p3":114},
    {"p1":112,
     "p2":114,
     "p3":115},
    {"p1":94,
     "p2":95,
     "p3":97},
    {"p1":84,
     "p2":85,
     "p3":99},
    {"p1":78,
     "p2":118,
     "p3":119},
    {"p1":42,
     "p2":44,
     "p3":45},
    {"p1":39,
     "p2":49,
     "p3":50},
    {"p1":38,
     "p2":39,
     "p3":50},
    {"p1":38,
     "p2":50,
     "p3":52},
    {"p1":50,
     "p2":51,
     "p3":52},
    {"p1":109,
     "p2":110,
     "p3":111},
    {"p1":102,
     "p2":109,
     "p3":111},
    {"p1":103,
     "p2":108,
     "p3":109},
    {"p1":102,
     "p2":103,
     "p3":109},
    {"p1":2,
     "p2":3,
     "p3":4},
    {"p1":10,
     "p2":12,
     "p3":59},
    {"p1":10,
     "p2":59,
     "p3":60},
    {"p1":7,
     "p2":8,
     "p3":62},
    {"p1":4,
     "p2":64,
     "p3":65},
    {"p1":115,
     "p2":116,
     "p3":117},
    {"p1":85,
     "p2":86,
     "p3":99},
    {"p1":86,
     "p2":87,
     "p3":97},
    {"p1":83,
     "p2":84,
     "p3":100},
    {"p1":84,
     "p2":99,
     "p3":100},
    {"p1":83,
     "p2":100,
     "p3":101},
    {"p1":88,
     "p2":94,
     "p3":97},
    {"p1":87,
     "p2":88,
     "p3":97},
    {"p1":88,
     "p2":93,
     "p3":94},
    {"p1":88,
     "p2":89,
     "p3":93},
    {"p1":81,
     "p2":82,
     "p3":118},
    {"p1":78,
     "p2":81,
     "p3":118},
    {"p1":77,
     "p2":119,
     "p3":120},
    {"p1":77,
     "p2":78,
     "p3":119},
    {"p1":39,
     "p2":48,
     "p3":49},
    {"p1":41,
     "p2":45,
     "p3":46},
    {"p1":41,
     "p2":42,
     "p3":45},
    {"p1":20,
     "p2":56,
     "p3":57},
    {"p1":20,
     "p2":21,
     "p3":56},
    {"p1":2,
     "p2":66,
     "p3":67},
    {"p1":2,
     "p2":4,
     "p3":66},
    {"p1":4,
     "p2":65,
     "p3":66},
    {"p1":103,
     "p2":104,
     "p3":108},
    {"p1":95,
     "p2":96,
     "p3":97},
    {"p1":18,
     "p2":19,
     "p3":57},
    {"p1":19,
     "p2":20,
     "p3":57},
    {"p1":8,
     "p2":9,
     "p3":60},
    {"p1":9,
     "p2":10,
     "p3":60},
    {"p1":10,
     "p2":11,
     "p3":12},
    {"p1":16,
     "p2":17,
     "p3":58},
    {"p1":13,
     "p2":58,
     "p3":59},
    {"p1":13,
     "p2":16,
     "p3":58},
    {"p1":18,
     "p2":57,
     "p3":58},
    {"p1":17,
     "p2":18,
     "p3":58},
    {"p1":6,
     "p2":7,
     "p3":62},
    {"p1":86,
     "p2":98,
     "p3":99},
    {"p1":86,
     "p2":97,
     "p3":98},
    {"p1":78,
     "p2":79,
     "p3":80},
    {"p1":78,
     "p2":80,
     "p3":81},
    {"p1":90,
     "p2":92,
     "p3":93},
    {"p1":89,
     "p2":90,
     "p3":93},
    {"p1":90,
     "p2":91,
     "p3":92},
    {"p1":75,
     "p2":77,
     "p3":120},
    {"p1":75,
     "p2":76,
     "p3":77},
    {"p1":73,
     "p2":75,
     "p3":120},
    {"p1":73,
     "p2":74,
     "p3":75},
    {"p1":39,
     "p2":47,
     "p3":48},
    {"p1":28,
     "p2":29,
     "p3":30},
    {"p1":13,
     "p2":14,
     "p3":15},
    {"p1":13,
     "p2":15,
     "p3":16},
    {"p1":67,
     "p2":68,
     "p3":69},
    {"p1":2,
     "p2":67,
     "p3":69},
    {"p1":2,
     "p2":69,
     "p3":70},
    {"p1":0,
     "p2":1,
     "p3":71},
    {"p1":1,
     "p2":70,
     "p3":71},
    {"p1":1,
     "p2":2,
     "p3":70},
    {"p1":0,
     "p2":71,
     "p3":72},
    {"p1":104,
     "p2":107,
     "p3":108},
    {"p1":104,
     "p2":105,
     "p3":107},
    {"p1":105,
     "p2":106,
     "p3":107},
    {"p1":40,
     "p2":46,
     "p3":47},
    {"p1":40,
     "p2":41,
     "p3":46},
    {"p1":39,
     "p2":40,
     "p3":47},
    {"p1":0,
     "p2":72,
     "p3":121},
    {"p1":73,
     "p2":120,
     "p3":121},
    {"p1":72,
     "p2":73,
     "p3":121},
    {"p1":38,
     "p2":52,
     "p3":55},
    {"p1":52,
     "p2":54,
     "p3":55},
    {"p1":21,
     "p2":38,
     "p3":55},
    {"p1":21,
     "p2":55,
     "p3":56},
    {"p1":52,
     "p2":53,
     "p3":54},
    {"p1":23,
     "p2":36,
     "p3":37},
    {"p1":22,
     "p2":23,
     "p3":37},
    {"p1":21,
     "p2":37,
     "p3":38},
    {"p1":21,
     "p2":22,
     "p3":37},
    {"p1":27,
     "p2":35,
     "p3":36},
    {"p1":27,
     "p2":34,
     "p3":35},
    {"p1":27,
     "p2":28,
     "p3":33},
    {"p1":27,
     "p2":33,
     "p3":34},
    {"p1":28,
     "p2":30,
     "p3":33},
    {"p1":23,
     "p2":24,
     "p3":36},
    {"p1":60,
     "p2":61,
     "p3":62},
    {"p1":26,
     "p2":27,
     "p3":36},
    {"p1":24,
     "p2":25,
     "p3":36},
    {"p1":25,
     "p2":26,
     "p3":36},
    {"p1":6,
     "p2":62,
     "p3":63},
    {"p1":5,
     "p2":6,
     "p3":63},
    {"p1":4,
     "p2":5,
     "p3":63},
    {"p1":4,
     "p2":63,
     "p3":64},
    {"p1":31,
     "p2":32,
     "p3":33},
    {"p1":30,
     "p2":31,
     "p3":33}]
}