{"points":[
    {"x":0.34703,
     "y":0.3105},
    {"x":0.36986,
     "y":0.30594},
    {"x":0.39269,
     "y":0.30594},
    {"x":0.41553,
     "y":0.3105},
    {"x":0.43836,
     "y":0.31507},
    {"x":0.46119,
     "y":0.31963},
    {"x":0.48402,
     "y":0.31963},
    {"x":0.50685,
     "y":0.32877},
    {"x":0.52968,
     "y":0.33333},
    {"x":0.55251,
     "y":0.3379},
    {"x":0.57534,
     "y":0.34247},
    {"x":0.59817,
     "y":0.34703},
    {"x":0.621,
     "y":0.3516},
    {"x":0.64384,
     "y":0.3516},
    {"x":0.66667,
     "y":0.3379},
    {"x":0.6895,
     "y":0.31963},
    {"x":0.71233,
     "y":0.30594},
    {"x":0.73059,
     "y":0.28767},
    {"x":0.75342,
     "y":0.26941},
    {"x":0.77626,
     "y":0.27397},
    {"x":0.79909,
     "y":0.27854},
    {"x":0.82192,
     "y":0.28311},
    {"x":0.84475,
     "y":0.29224},
    {"x":0.86758,
     "y":0.30594},
    {"x":0.89041,
     "y":0.3105},
    {"x":0.91324,
     "y":0.31507},
    {"x":0.93151,
     "y":0.3105},
    {"x":0.94977,
     "y":0.28767},
    {"x":0.96804,
     "y":0.26484},
    {"x":0.98174,
     "y":0.24201},
    {"x":1,
     "y":0.21918},
    {"x":0.98174,
     "y":0.20548},
    {"x":0.9589,
     "y":0.18721},
    {"x":0.93607,
     "y":0.17352},
    {"x":0.91324,
     "y":0.15525},
    {"x":0.89041,
     "y":0.14155},
    {"x":0.87671,
     "y":0.11872},
    {"x":0.88128,
     "y":0.09589},
    {"x":0.89954,
     "y":0.073059},
    {"x":0.90411,
     "y":0.050228},
    {"x":0.90868,
     "y":0.027397},
    {"x":0.89041,
     "y":0.018265},
    {"x":0.86758,
     "y":0.013699},
    {"x":0.84475,
     "y":0.013699},
    {"x":0.82192,
     "y":0.013699},
    {"x":0.79909,
     "y":0.013699},
    {"x":0.77626,
     "y":0.0045662},
    {"x":0.75342,
     "y":0.0045662},
    {"x":0.73059,
     "y":0},
    {"x":0.71233,
     "y":0.018265},
    {"x":0.6895,
     "y":0.03653},
    {"x":0.66667,
     "y":0.050228},
    {"x":0.64384,
     "y":0.063927},
    {"x":0.621,
     "y":0.068493},
    {"x":0.59817,
     "y":0.068493},
    {"x":0.57534,
     "y":0.068493},
    {"x":0.55251,
     "y":0.063927},
    {"x":0.52968,
     "y":0.063927},
    {"x":0.50685,
     "y":0.063927},
    {"x":0.48402,
     "y":0.059361},
    {"x":0.46119,
     "y":0.054795},
    {"x":0.43836,
     "y":0.050228},
    {"x":0.41553,
     "y":0.050228},
    {"x":0.39269,
     "y":0.050228},
    {"x":0.36986,
     "y":0.050228},
    {"x":0.34703,
     "y":0.050228},
    {"x":0.3242,
     "y":0.050228},
    {"x":0.30137,
     "y":0.050228},
    {"x":0.27854,
     "y":0.050228},
    {"x":0.25571,
     "y":0.059361},
    {"x":0.23288,
     "y":0.073059},
    {"x":0.21005,
     "y":0.086758},
    {"x":0.18721,
     "y":0.10046},
    {"x":0.16438,
     "y":0.10959},
    {"x":0.14155,
     "y":0.10959},
    {"x":0.11872,
     "y":0.10046},
    {"x":0.09589,
     "y":0.09589},
    {"x":0.073059,
     "y":0.091324},
    {"x":0.050228,
     "y":0.086758},
    {"x":0.027397,
     "y":0.082192},
    {"x":0.013699,
     "y":0.10046},
    {"x":0.0045662,
     "y":0.12329},
    {"x":0,
     "y":0.14612},
    {"x":0.022831,
     "y":0.16438},
    {"x":0.041096,
     "y":0.18721},
    {"x":0.063927,
     "y":0.20091},
    {"x":0.082192,
     "y":0.21918},
    {"x":0.09589,
     "y":0.24201},
    {"x":0.10502,
     "y":0.26484},
    {"x":0.10502,
     "y":0.28767},
    {"x":0.10502,
     "y":0.3105},
    {"x":0.10046,
     "y":0.33333},
    {"x":0.10959,
     "y":0.35616},
    {"x":0.13242,
     "y":0.35616},
    {"x":0.15525,
     "y":0.35616},
    {"x":0.17808,
     "y":0.36073},
    {"x":0.20091,
     "y":0.36073},
    {"x":0.22374,
     "y":0.3653},
    {"x":0.24658,
     "y":0.3653},
    {"x":0.26941,
     "y":0.36073},
    {"x":0.29224,
     "y":0.3379},
    {"x":0.31507,
     "y":0.3242},
    {"x":0.3379,
     "y":0.31507},
    {"x":0.34703,
     "y":0.3105}],
 "triangles":[
    {"p1":18,
     "p2":19,
     "p3":36},
    {"p1":89,
     "p2":94,
     "p3":95},
    {"p1":89,
     "p2":90,
     "p3":94},
    {"p1":25,
     "p2":26,
     "p3":27},
    {"p1":19,
     "p2":35,
     "p3":36},
    {"p1":21,
     "p2":34,
     "p3":35},
    {"p1":96,
     "p2":97,
     "p3":100},
    {"p1":90,
     "p2":93,
     "p3":94},
    {"p1":72,
     "p2":88,
     "p3":100},
    {"p1":88,
     "p2":96,
     "p3":100},
    {"p1":81,
     "p2":82,
     "p3":83},
    {"p1":12,
     "p2":13,
     "p3":14},
    {"p1":6,
     "p2":7,
     "p3":8},
    {"p1":18,
     "p2":36,
     "p3":50},
    {"p1":18,
     "p2":50,
     "p3":51},
    {"p1":37,
     "p2":38,
     "p3":42},
    {"p1":24,
     "p2":25,
     "p3":27},
    {"p1":19,
     "p2":20,
     "p3":35},
    {"p1":20,
     "p2":21,
     "p3":35},
    {"p1":97,
     "p2":98,
     "p3":100},
    {"p1":98,
     "p2":99,
     "p3":100},
    {"p1":91,
     "p2":92,
     "p3":93},
    {"p1":90,
     "p2":91,
     "p3":93},
    {"p1":29,
     "p2":31,
     "p3":32},
    {"p1":28,
     "p2":29,
     "p3":32},
    {"p1":29,
     "p2":30,
     "p3":31},
    {"p1":0,
     "p2":66,
     "p3":67},
    {"p1":67,
     "p2":68,
     "p3":69},
    {"p1":76,
     "p2":84,
     "p3":85},
    {"p1":74,
     "p2":85,
     "p3":86},
    {"p1":15,
     "p2":16,
     "p3":17},
    {"p1":10,
     "p2":15,
     "p3":54},
    {"p1":9,
     "p2":10,
     "p3":54},
    {"p1":6,
     "p2":8,
     "p3":55},
    {"p1":8,
     "p2":9,
     "p3":55},
    {"p1":9,
     "p2":54,
     "p3":55},
    {"p1":36,
     "p2":45,
     "p3":50},
    {"p1":45,
     "p2":49,
     "p3":50},
    {"p1":36,
     "p2":37,
     "p3":45},
    {"p1":37,
     "p2":44,
     "p3":45},
    {"p1":37,
     "p2":43,
     "p3":44},
    {"p1":37,
     "p2":42,
     "p3":43},
    {"p1":38,
     "p2":39,
     "p3":42},
    {"p1":21,
     "p2":22,
     "p3":34},
    {"p1":4,
     "p2":6,
     "p3":58},
    {"p1":4,
     "p2":5,
     "p3":6},
    {"p1":0,
     "p2":71,
     "p3":102},
    {"p1":1,
     "p2":65,
     "p3":66},
    {"p1":0,
     "p2":1,
     "p3":66},
    {"p1":75,
     "p2":76,
     "p3":85},
    {"p1":74,
     "p2":75,
     "p3":85},
    {"p1":78,
     "p2":79,
     "p3":80},
    {"p1":78,
     "p2":80,
     "p3":81},
    {"p1":78,
     "p2":81,
     "p3":83},
    {"p1":0,
     "p2":70,
     "p3":71},
    {"p1":0,
     "p2":67,
     "p3":70},
    {"p1":67,
     "p2":69,
     "p3":70},
    {"p1":73,
     "p2":86,
     "p3":87},
    {"p1":73,
     "p2":74,
     "p3":86},
    {"p1":72,
     "p2":73,
     "p3":88},
    {"p1":73,
     "p2":87,
     "p3":88},
    {"p1":11,
     "p2":14,
     "p3":15},
    {"p1":10,
     "p2":11,
     "p3":15},
    {"p1":11,
     "p2":12,
     "p3":14},
    {"p1":18,
     "p2":51,
     "p3":52},
    {"p1":17,
     "p2":18,
     "p3":52},
    {"p1":60,
     "p2":61,
     "p3":62},
    {"p1":6,
     "p2":57,
     "p3":58},
    {"p1":6,
     "p2":55,
     "p3":57},
    {"p1":47,
     "p2":48,
     "p3":49},
    {"p1":45,
     "p2":46,
     "p3":47},
    {"p1":45,
     "p2":47,
     "p3":49},
    {"p1":39,
     "p2":40,
     "p3":41},
    {"p1":39,
     "p2":41,
     "p3":42},
    {"p1":22,
     "p2":33,
     "p3":34},
    {"p1":28,
     "p2":32,
     "p3":33},
    {"p1":27,
     "p2":28,
     "p3":33},
    {"p1":24,
     "p2":27,
     "p3":33},
    {"p1":22,
     "p2":24,
     "p3":33},
    {"p1":22,
     "p2":23,
     "p3":24},
    {"p1":4,
     "p2":58,
     "p3":59},
    {"p1":3,
     "p2":59,
     "p3":60},
    {"p1":3,
     "p2":4,
     "p3":59},
    {"p1":72,
     "p2":100,
     "p3":101},
    {"p1":71,
     "p2":72,
     "p3":101},
    {"p1":71,
     "p2":101,
     "p3":102},
    {"p1":2,
     "p2":3,
     "p3":60},
    {"p1":2,
     "p2":60,
     "p3":62},
    {"p1":77,
     "p2":78,
     "p3":83},
    {"p1":77,
     "p2":83,
     "p3":84},
    {"p1":76,
     "p2":77,
     "p3":84},
    {"p1":17,
     "p2":52,
     "p3":53},
    {"p1":15,
     "p2":17,
     "p3":53},
    {"p1":15,
     "p2":53,
     "p3":54},
    {"p1":55,
     "p2":56,
     "p3":57},
    {"p1":1,
     "p2":64,
     "p3":65},
    {"p1":2,
     "p2":62,
     "p3":63},
    {"p1":88,
     "p2":95,
     "p3":96},
    {"p1":88,
     "p2":89,
     "p3":95},
    {"p1":1,
     "p2":63,
     "p3":64},
    {"p1":1,
     "p2":2,
     "p3":63}]
}