{"points":[
    {"x":0.45217,
     "y":0.41739},
    {"x":0.47391,
     "y":0.41739},
    {"x":0.49565,
     "y":0.42174},
    {"x":0.51739,
     "y":0.42174},
    {"x":0.53913,
     "y":0.42174},
    {"x":0.56087,
     "y":0.42174},
    {"x":0.58261,
     "y":0.42174},
    {"x":0.60435,
     "y":0.42609},
    {"x":0.62609,
     "y":0.42609},
    {"x":0.64783,
     "y":0.42609},
    {"x":0.66957,
     "y":0.42609},
    {"x":0.6913,
     "y":0.42609},
    {"x":0.71304,
     "y":0.41739},
    {"x":0.73478,
     "y":0.40435},
    {"x":0.75652,
     "y":0.38696},
    {"x":0.77826,
     "y":0.36522},
    {"x":0.79565,
     "y":0.34348},
    {"x":0.81739,
     "y":0.32609},
    {"x":0.83913,
     "y":0.33043},
    {"x":0.86087,
     "y":0.33478},
    {"x":0.88261,
     "y":0.33913},
    {"x":0.90435,
     "y":0.33913},
    {"x":0.92609,
     "y":0.34783},
    {"x":0.94783,
     "y":0.35217},
    {"x":0.96957,
     "y":0.35652},
    {"x":0.98261,
     "y":0.34348},
    {"x":0.98696,
     "y":0.32174},
    {"x":0.9913,
     "y":0.3},
    {"x":1,
     "y":0.27826},
    {"x":1,
     "y":0.25652},
    {"x":1,
     "y":0.23478},
    {"x":0.98696,
     "y":0.21304},
    {"x":0.96957,
     "y":0.1913},
    {"x":0.95217,
     "y":0.16957},
    {"x":0.93043,
     "y":0.14783},
    {"x":0.92174,
     "y":0.12609},
    {"x":0.92609,
     "y":0.10435},
    {"x":0.92609,
     "y":0.082609},
    {"x":0.92609,
     "y":0.06087},
    {"x":0.93043,
     "y":0.03913},
    {"x":0.92174,
     "y":0.017391},
    {"x":0.9,
     "y":0.013043},
    {"x":0.87826,
     "y":0.0086957},
    {"x":0.85652,
     "y":0.0043478},
    {"x":0.83478,
     "y":0},
    {"x":0.81304,
     "y":0},
    {"x":0.7913,
     "y":0.0043478},
    {"x":0.76957,
     "y":0.013043},
    {"x":0.74783,
     "y":0.021739},
    {"x":0.72609,
     "y":0.030435},
    {"x":0.70435,
     "y":0.043478},
    {"x":0.68261,
     "y":0.056522},
    {"x":0.66087,
     "y":0.069565},
    {"x":0.63913,
     "y":0.078261},
    {"x":0.61739,
     "y":0.078261},
    {"x":0.59565,
     "y":0.078261},
    {"x":0.57391,
     "y":0.073913},
    {"x":0.55217,
     "y":0.065217},
    {"x":0.53043,
     "y":0.056522},
    {"x":0.5087,
     "y":0.052174},
    {"x":0.48696,
     "y":0.047826},
    {"x":0.46522,
     "y":0.043478},
    {"x":0.44348,
     "y":0.03913},
    {"x":0.42174,
     "y":0.034783},
    {"x":0.4,
     "y":0.034783},
    {"x":0.37826,
     "y":0.026087},
    {"x":0.35652,
     "y":0.026087},
    {"x":0.33478,
     "y":0.026087},
    {"x":0.31304,
     "y":0.034783},
    {"x":0.2913,
     "y":0.043478},
    {"x":0.26957,
     "y":0.056522},
    {"x":0.24783,
     "y":0.069565},
    {"x":0.22609,
     "y":0.073913},
    {"x":0.20435,
     "y":0.086957},
    {"x":0.18261,
     "y":0.10435},
    {"x":0.16087,
     "y":0.10435},
    {"x":0.13913,
     "y":0.1},
    {"x":0.11739,
     "y":0.1},
    {"x":0.095652,
     "y":0.091304},
    {"x":0.073913,
     "y":0.086957},
    {"x":0.052174,
     "y":0.082609},
    {"x":0.030435,
     "y":0.078261},
    {"x":0.0086957,
     "y":0.073913},
    {"x":0,
     "y":0.095652},
    {"x":0,
     "y":0.11739},
    {"x":0,
     "y":0.13913},
    {"x":0,
     "y":0.16087},
    {"x":0,
     "y":0.18261},
    {"x":0,
     "y":0.20435},
    {"x":0.0043478,
     "y":0.22609},
    {"x":0.026087,
     "y":0.24783},
    {"x":0.047826,
     "y":0.26522},
    {"x":0.069565,
     "y":0.27826},
    {"x":0.091304,
     "y":0.3},
    {"x":0.1087,
     "y":0.31739},
    {"x":0.11739,
     "y":0.33913},
    {"x":0.11739,
     "y":0.36087},
    {"x":0.11304,
     "y":0.38261},
    {"x":0.10435,
     "y":0.40435},
    {"x":0.1,
     "y":0.42609},
    {"x":0.1,
     "y":0.44783},
    {"x":0.095652,
     "y":0.46957},
    {"x":0.10435,
     "y":0.48696},
    {"x":0.12609,
     "y":0.48261},
    {"x":0.14783,
     "y":0.48261},
    {"x":0.16957,
     "y":0.47826},
    {"x":0.1913,
     "y":0.47826},
    {"x":0.21304,
     "y":0.47391},
    {"x":0.23478,
     "y":0.47391},
    {"x":0.25652,
     "y":0.46522},
    {"x":0.27391,
     "y":0.44348},
    {"x":0.2913,
     "y":0.42174},
    {"x":0.3087,
     "y":0.4087},
    {"x":0.33043,
     "y":0.4087},
    {"x":0.35217,
     "y":0.41304},
    {"x":0.37391,
     "y":0.41304},
    {"x":0.39565,
     "y":0.41304},
    {"x":0.41739,
     "y":0.41739},
    {"x":0.43913,
     "y":0.41739},
    {"x":0.45217,
     "y":0.41739}],
 "triangles":[
    {"p1":38,
     "p2":41,
     "p3":42},
    {"p1":37,
     "p2":42,
     "p3":43},
    {"p1":37,
     "p2":38,
     "p3":42},
    {"p1":36,
     "p2":37,
     "p3":43},
    {"p1":77,
     "p2":91,
     "p3":92},
    {"p1":76,
     "p2":77,
     "p3":92},
    {"p1":75,
     "p2":76,
     "p3":92},
    {"p1":70,
     "p2":71,
     "p3":113},
    {"p1":77,
     "p2":86,
     "p3":87},
    {"p1":77,
     "p2":78,
     "p3":86},
    {"p1":74,
     "p2":94,
     "p3":112},
    {"p1":71,
     "p2":74,
     "p3":112},
    {"p1":71,
     "p2":112,
     "p3":113},
    {"p1":74,
     "p2":75,
     "p3":93},
    {"p1":74,
     "p2":93,
     "p3":94},
    {"p1":75,
     "p2":92,
     "p3":93},
    {"p1":9,
     "p2":10,
     "p3":14},
    {"p1":6,
     "p2":7,
     "p3":8},
    {"p1":8,
     "p2":9,
     "p3":53},
    {"p1":9,
     "p2":15,
     "p3":53},
    {"p1":9,
     "p2":14,
     "p3":15},
    {"p1":27,
     "p2":28,
     "p3":29},
    {"p1":21,
     "p2":27,
     "p3":29},
    {"p1":23,
     "p2":24,
     "p3":25},
    {"p1":35,
     "p2":48,
     "p3":49},
    {"p1":35,
     "p2":45,
     "p3":46},
    {"p1":35,
     "p2":44,
     "p3":45},
    {"p1":35,
     "p2":43,
     "p3":44},
    {"p1":35,
     "p2":36,
     "p3":43},
    {"p1":66,
     "p2":67,
     "p3":68},
    {"p1":39,
     "p2":40,
     "p3":41},
    {"p1":38,
     "p2":39,
     "p3":41},
    {"p1":77,
     "p2":87,
     "p3":90},
    {"p1":77,
     "p2":90,
     "p3":91},
    {"p1":71,
     "p2":73,
     "p3":74},
    {"p1":81,
     "p2":82,
     "p3":83},
    {"p1":71,
     "p2":72,
     "p3":73},
    {"p1":10,
     "p2":13,
     "p3":14},
    {"p1":20,
     "p2":21,
     "p3":32},
    {"p1":19,
     "p2":32,
     "p3":33},
    {"p1":19,
     "p2":20,
     "p3":32},
    {"p1":23,
     "p2":25,
     "p3":26},
    {"p1":35,
     "p2":46,
     "p3":47},
    {"p1":35,
     "p2":47,
     "p3":48},
    {"p1":79,
     "p2":80,
     "p3":85},
    {"p1":79,
     "p2":85,
     "p3":86},
    {"p1":78,
     "p2":79,
     "p3":86},
    {"p1":81,
     "p2":83,
     "p3":84},
    {"p1":80,
     "p2":81,
     "p3":84},
    {"p1":80,
     "p2":84,
     "p3":85},
    {"p1":60,
     "p2":61,
     "p3":118},
    {"p1":0,
     "p2":60,
     "p3":118},
    {"p1":62,
     "p2":63,
     "p3":64},
    {"p1":64,
     "p2":113,
     "p3":115},
    {"p1":64,
     "p2":70,
     "p3":113},
    {"p1":64,
     "p2":65,
     "p3":66},
    {"p1":64,
     "p2":66,
     "p3":68},
    {"p1":64,
     "p2":68,
     "p3":69},
    {"p1":64,
     "p2":69,
     "p3":70},
    {"p1":10,
     "p2":11,
     "p3":12},
    {"p1":10,
     "p2":12,
     "p3":13},
    {"p1":15,
     "p2":16,
     "p3":53},
    {"p1":18,
     "p2":19,
     "p3":33},
    {"p1":17,
     "p2":34,
     "p3":35},
    {"p1":18,
     "p2":33,
     "p3":34},
    {"p1":17,
     "p2":18,
     "p3":34},
    {"p1":21,
     "p2":29,
     "p3":31},
    {"p1":21,
     "p2":31,
     "p3":32},
    {"p1":29,
     "p2":30,
     "p3":31},
    {"p1":22,
     "p2":23,
     "p3":26},
    {"p1":21,
     "p2":22,
     "p3":27},
    {"p1":22,
     "p2":26,
     "p3":27},
    {"p1":0,
     "p2":1,
     "p3":59},
    {"p1":0,
     "p2":59,
     "p3":60},
    {"p1":1,
     "p2":57,
     "p3":59},
    {"p1":57,
     "p2":58,
     "p3":59},
    {"p1":35,
     "p2":49,
     "p3":50},
    {"p1":17,
     "p2":35,
     "p3":50},
    {"p1":17,
     "p2":50,
     "p3":51},
    {"p1":1,
     "p2":2,
     "p3":3},
    {"p1":87,
     "p2":88,
     "p3":90},
    {"p1":88,
     "p2":89,
     "p3":90},
    {"p1":98,
     "p2":99,
     "p3":105},
    {"p1":94,
     "p2":95,
     "p3":112},
    {"p1":95,
     "p2":96,
     "p3":111},
    {"p1":95,
     "p2":111,
     "p3":112},
    {"p1":113,
     "p2":114,
     "p3":115},
    {"p1":62,
     "p2":64,
     "p3":116},
    {"p1":64,
     "p2":115,
     "p3":116},
    {"p1":61,
     "p2":62,
     "p3":116},
    {"p1":61,
     "p2":116,
     "p3":118},
    {"p1":116,
     "p2":117,
     "p3":118},
    {"p1":8,
     "p2":53,
     "p3":54},
    {"p1":6,
     "p2":8,
     "p3":54},
    {"p1":97,
     "p2":98,
     "p3":105},
    {"p1":97,
     "p2":105,
     "p3":106},
    {"p1":96,
     "p2":97,
     "p3":107},
    {"p1":97,
     "p2":106,
     "p3":107},
    {"p1":101,
     "p2":102,
     "p3":103},
    {"p1":100,
     "p2":101,
     "p3":103},
    {"p1":96,
     "p2":107,
     "p3":110},
    {"p1":96,
     "p2":110,
     "p3":111},
    {"p1":107,
     "p2":108,
     "p3":110},
    {"p1":108,
     "p2":109,
     "p3":110},
    {"p1":17,
     "p2":51,
     "p3":52},
    {"p1":16,
     "p2":52,
     "p3":53},
    {"p1":16,
     "p2":17,
     "p3":52},
    {"p1":4,
     "p2":5,
     "p3":56},
    {"p1":3,
     "p2":4,
     "p3":56},
    {"p1":1,
     "p2":3,
     "p3":56},
    {"p1":1,
     "p2":56,
     "p3":57},
    {"p1":100,
     "p2":103,
     "p3":104},
    {"p1":99,
     "p2":104,
     "p3":105},
    {"p1":99,
     "p2":100,
     "p3":104},
    {"p1":6,
     "p2":54,
     "p3":55},
    {"p1":5,
     "p2":6,
     "p3":55},
    {"p1":5,
     "p2":55,
     "p3":56}]
}