{"points":[
    {"x":0.35266,
     "y":0.343},
    {"x":0.37681,
     "y":0.343},
    {"x":0.40097,
     "y":0.34783},
    {"x":0.42512,
     "y":0.35266},
    {"x":0.44928,
     "y":0.35749},
    {"x":0.47343,
     "y":0.36715},
    {"x":0.49758,
     "y":0.36715},
    {"x":0.52174,
     "y":0.37198},
    {"x":0.54589,
     "y":0.37198},
    {"x":0.57005,
     "y":0.37198},
    {"x":0.5942,
     "y":0.37198},
    {"x":0.61836,
     "y":0.37681},
    {"x":0.64251,
     "y":0.38164},
    {"x":0.66667,
     "y":0.38164},
    {"x":0.69082,
     "y":0.37198},
    {"x":0.71498,
     "y":0.35266},
    {"x":0.73913,
     "y":0.33333},
    {"x":0.76329,
     "y":0.31401},
    {"x":0.78744,
     "y":0.29469},
    {"x":0.81159,
     "y":0.29469},
    {"x":0.83575,
     "y":0.29952},
    {"x":0.8599,
     "y":0.30435},
    {"x":0.88406,
     "y":0.30435},
    {"x":0.90821,
     "y":0.30918},
    {"x":0.93237,
     "y":0.31401},
    {"x":0.95652,
     "y":0.31884},
    {"x":0.97585,
     "y":0.30435},
    {"x":0.99034,
     "y":0.28019},
    {"x":1,
     "y":0.25604},
    {"x":0.99517,
     "y":0.23188},
    {"x":0.98551,
     "y":0.20773},
    {"x":0.96618,
     "y":0.18357},
    {"x":0.94203,
     "y":0.15942},
    {"x":0.92271,
     "y":0.1401},
    {"x":0.93237,
     "y":0.11594},
    {"x":0.94203,
     "y":0.091787},
    {"x":0.95169,
     "y":0.067633},
    {"x":0.96618,
     "y":0.043478},
    {"x":0.96618,
     "y":0.019324},
    {"x":0.94203,
     "y":0.014493},
    {"x":0.91787,
     "y":0.0048309},
    {"x":0.89372,
     "y":0.0048309},
    {"x":0.86957,
     "y":0.0048309},
    {"x":0.84541,
     "y":0.0048309},
    {"x":0.82126,
     "y":0},
    {"x":0.7971,
     "y":0},
    {"x":0.77295,
     "y":0.0048309},
    {"x":0.74879,
     "y":0.019324},
    {"x":0.72464,
     "y":0.028986},
    {"x":0.70048,
     "y":0.048309},
    {"x":0.67633,
     "y":0.072464},
    {"x":0.65217,
     "y":0.067633},
    {"x":0.62802,
     "y":0.062802},
    {"x":0.60386,
     "y":0.05314},
    {"x":0.57971,
     "y":0.05314},
    {"x":0.55556,
     "y":0.05314},
    {"x":0.5314,
     "y":0.048309},
    {"x":0.50725,
     "y":0.043478},
    {"x":0.48309,
     "y":0.043478},
    {"x":0.45894,
     "y":0.033816},
    {"x":0.43478,
     "y":0.033816},
    {"x":0.41063,
     "y":0.033816},
    {"x":0.38647,
     "y":0.028986},
    {"x":0.36232,
     "y":0.038647},
    {"x":0.33816,
     "y":0.05314},
    {"x":0.31401,
     "y":0.067633},
    {"x":0.28986,
     "y":0.077295},
    {"x":0.2657,
     "y":0.091787},
    {"x":0.24155,
     "y":0.10145},
    {"x":0.21739,
     "y":0.11594},
    {"x":0.19324,
     "y":0.12077},
    {"x":0.16908,
     "y":0.11594},
    {"x":0.14493,
     "y":0.11111},
    {"x":0.12077,
     "y":0.11111},
    {"x":0.096618,
     "y":0.10628},
    {"x":0.072464,
     "y":0.10628},
    {"x":0.048309,
     "y":0.11594},
    {"x":0.038647,
     "y":0.1401},
    {"x":0.024155,
     "y":0.16425},
    {"x":0.014493,
     "y":0.18841},
    {"x":0,
     "y":0.21256},
    {"x":0.024155,
     "y":0.23188},
    {"x":0.048309,
     "y":0.24638},
    {"x":0.072464,
     "y":0.27053},
    {"x":0.091787,
     "y":0.28986},
    {"x":0.11594,
     "y":0.30435},
    {"x":0.10628,
     "y":0.3285},
    {"x":0.096618,
     "y":0.35266},
    {"x":0.096618,
     "y":0.37681},
    {"x":0.11111,
     "y":0.3913},
    {"x":0.13527,
     "y":0.39614},
    {"x":0.15942,
     "y":0.40097},
    {"x":0.18357,
     "y":0.4058},
    {"x":0.20773,
     "y":0.41063},
    {"x":0.23188,
     "y":0.41063},
    {"x":0.25604,
     "y":0.4058},
    {"x":0.27536,
     "y":0.38647},
    {"x":0.28986,
     "y":0.36232},
    {"x":0.30435,
     "y":0.33816},
    {"x":0.3285,
     "y":0.33816},
    {"x":0.35266,
     "y":0.343},
    {"x":0.35266,
     "y":0.343}],
 "triangles":[
    {"p1":75,
     "p2":76,
     "p3":77},
    {"p1":87,
     "p2":88,
     "p3":89},
    {"p1":61,
     "p2":62,
     "p3":63},
    {"p1":34,
     "p2":42,
     "p3":43},
    {"p1":35,
     "p2":36,
     "p3":41},
    {"p1":34,
     "p2":35,
     "p3":42},
    {"p1":35,
     "p2":41,
     "p3":42},
    {"p1":37,
     "p2":38,
     "p3":39},
    {"p1":36,
     "p2":37,
     "p3":39},
    {"p1":12,
     "p2":13,
     "p3":14},
    {"p1":68,
     "p2":69,
     "p3":98},
    {"p1":1,
     "p2":65,
     "p3":99},
    {"p1":85,
     "p2":97,
     "p3":98},
    {"p1":85,
     "p2":91,
     "p3":92},
    {"p1":92,
     "p2":93,
     "p3":97},
    {"p1":85,
     "p2":92,
     "p3":97},
    {"p1":85,
     "p2":86,
     "p3":91},
    {"p1":69,
     "p2":70,
     "p3":98},
    {"p1":70,
     "p2":85,
     "p3":98},
    {"p1":74,
     "p2":75,
     "p3":77},
    {"p1":73,
     "p2":74,
     "p3":77},
    {"p1":36,
     "p2":40,
     "p3":41},
    {"p1":36,
     "p2":39,
     "p3":40},
    {"p1":22,
     "p2":31,
     "p3":32},
    {"p1":22,
     "p2":23,
     "p3":31},
    {"p1":67,
     "p2":68,
     "p3":98},
    {"p1":67,
     "p2":98,
     "p3":99},
    {"p1":93,
     "p2":96,
     "p3":97},
    {"p1":0,
     "p2":1,
     "p3":99},
    {"p1":86,
     "p2":90,
     "p3":91},
    {"p1":86,
     "p2":87,
     "p3":90},
    {"p1":87,
     "p2":89,
     "p3":90},
    {"p1":72,
     "p2":73,
     "p3":83},
    {"p1":61,
     "p2":63,
     "p3":64},
    {"p1":1,
     "p2":64,
     "p3":65},
    {"p1":1,
     "p2":61,
     "p3":64},
    {"p1":24,
     "p2":26,
     "p3":27},
    {"p1":24,
     "p2":25,
     "p3":26},
    {"p1":33,
     "p2":34,
     "p3":43},
    {"p1":10,
     "p2":16,
     "p3":51},
    {"p1":58,
     "p2":59,
     "p3":60},
    {"p1":56,
     "p2":57,
     "p3":58},
    {"p1":8,
     "p2":9,
     "p3":55},
    {"p1":9,
     "p2":54,
     "p3":55},
    {"p1":23,
     "p2":30,
     "p3":31},
    {"p1":65,
     "p2":66,
     "p3":99},
    {"p1":66,
     "p2":67,
     "p3":99},
    {"p1":93,
     "p2":94,
     "p3":96},
    {"p1":94,
     "p2":95,
     "p3":96},
    {"p1":79,
     "p2":80,
     "p3":81},
    {"p1":71,
     "p2":72,
     "p3":83},
    {"p1":71,
     "p2":83,
     "p3":84},
    {"p1":70,
     "p2":71,
     "p3":85},
    {"p1":71,
     "p2":84,
     "p3":85},
    {"p1":11,
     "p2":12,
     "p3":15},
    {"p1":12,
     "p2":14,
     "p3":15},
    {"p1":10,
     "p2":11,
     "p3":15},
    {"p1":10,
     "p2":15,
     "p3":16},
    {"p1":18,
     "p2":33,
     "p3":49},
    {"p1":4,
     "p2":56,
     "p3":58},
    {"p1":27,
     "p2":28,
     "p3":29},
    {"p1":23,
     "p2":29,
     "p3":30},
    {"p1":24,
     "p2":27,
     "p3":29},
    {"p1":23,
     "p2":24,
     "p3":29},
    {"p1":73,
     "p2":77,
     "p3":82},
    {"p1":73,
     "p2":82,
     "p3":83},
    {"p1":79,
     "p2":81,
     "p3":82},
    {"p1":21,
     "p2":22,
     "p3":32},
    {"p1":21,
     "p2":32,
     "p3":33},
    {"p1":20,
     "p2":21,
     "p3":33},
    {"p1":33,
     "p2":47,
     "p3":49},
    {"p1":45,
     "p2":46,
     "p3":47},
    {"p1":44,
     "p2":45,
     "p3":47},
    {"p1":43,
     "p2":44,
     "p3":47},
    {"p1":33,
     "p2":43,
     "p3":47},
    {"p1":18,
     "p2":49,
     "p3":50},
    {"p1":17,
     "p2":18,
     "p3":50},
    {"p1":16,
     "p2":50,
     "p3":51},
    {"p1":16,
     "p2":17,
     "p3":50},
    {"p1":52,
     "p2":53,
     "p3":54},
    {"p1":10,
     "p2":51,
     "p3":52},
    {"p1":9,
     "p2":10,
     "p3":52},
    {"p1":9,
     "p2":52,
     "p3":54},
    {"p1":6,
     "p2":55,
     "p3":56},
    {"p1":4,
     "p2":6,
     "p3":56},
    {"p1":6,
     "p2":7,
     "p3":8},
    {"p1":6,
     "p2":8,
     "p3":55},
    {"p1":3,
     "p2":4,
     "p3":58},
    {"p1":77,
     "p2":78,
     "p3":82},
    {"p1":78,
     "p2":79,
     "p3":82},
    {"p1":18,
     "p2":19,
     "p3":33},
    {"p1":19,
     "p2":20,
     "p3":33},
    {"p1":47,
     "p2":48,
     "p3":49},
    {"p1":4,
     "p2":5,
     "p3":6},
    {"p1":2,
     "p2":3,
     "p3":58},
    {"p1":2,
     "p2":58,
     "p3":60},
    {"p1":1,
     "p2":2,
     "p3":61},
    {"p1":2,
     "p2":60,
     "p3":61}]
}