{"points":[
    {"x":0.1107,
     "y":0.38007},
    {"x":0.10332,
     "y":0.4059},
    {"x":0.081181,
     "y":0.43173},
    {"x":0.073801,
     "y":0.46494},
    {"x":0.062731,
     "y":0.49446},
    {"x":0.04797,
     "y":0.52768},
    {"x":0.0369,
     "y":0.55351},
    {"x":0.02214,
     "y":0.58303},
    {"x":0.0073801,
     "y":0.61255},
    {"x":0,
     "y":0.64576},
    {"x":0.0073801,
     "y":0.67897},
    {"x":0.02214,
     "y":0.70111},
    {"x":0.04797,
     "y":0.71587},
    {"x":0.081181,
     "y":0.71587},
    {"x":0.1107,
     "y":0.70849},
    {"x":0.14022,
     "y":0.69742},
    {"x":0.17343,
     "y":0.68635},
    {"x":0.19926,
     "y":0.67159},
    {"x":0.23247,
     "y":0.65683},
    {"x":0.26568,
     "y":0.63469},
    {"x":0.2952,
     "y":0.60886},
    {"x":0.32472,
     "y":0.58303},
    {"x":0.34686,
     "y":0.5572},
    {"x":0.37269,
     "y":0.53506},
    {"x":0.39114,
     "y":0.50923},
    {"x":0.41697,
     "y":0.48339},
    {"x":0.43173,
     "y":0.45756},
    {"x":0.46125,
     "y":0.4428},
    {"x":0.45018,
     "y":0.47601},
    {"x":0.42804,
     "y":0.50554},
    {"x":0.40959,
     "y":0.53875},
    {"x":0.38376,
     "y":0.57196},
    {"x":0.35055,
     "y":0.5941},
    {"x":0.37638,
     "y":0.59779},
    {"x":0.40221,
     "y":0.57196},
    {"x":0.42435,
     "y":0.54244},
    {"x":0.43911,
     "y":0.51292},
    {"x":0.46125,
     "y":0.48339},
    {"x":0.4797,
     "y":0.45756},
    {"x":0.50554,
     "y":0.45387},
    {"x":0.53875,
     "y":0.44649},
    {"x":0.56827,
     "y":0.45387},
    {"x":0.59779,
     "y":0.46494},
    {"x":0.62731,
     "y":0.46863},
    {"x":0.65683,
     "y":0.47601},
    {"x":0.68635,
     "y":0.46494},
    {"x":0.67159,
     "y":0.45756},
    {"x":0.63838,
     "y":0.45756},
    {"x":0.60517,
     "y":0.45756},
    {"x":0.57196,
     "y":0.44649},
    {"x":0.53875,
     "y":0.43911},
    {"x":0.50923,
     "y":0.42066},
    {"x":0.53506,
     "y":0.41697},
    {"x":0.56089,
     "y":0.42435},
    {"x":0.59041,
     "y":0.42804},
    {"x":0.62362,
     "y":0.42804},
    {"x":0.65683,
     "y":0.43173},
    {"x":0.68635,
     "y":0.42804},
    {"x":0.71956,
     "y":0.42804},
    {"x":0.75277,
     "y":0.42435},
    {"x":0.78598,
     "y":0.41697},
    {"x":0.81919,
     "y":0.41328},
    {"x":0.8524,
     "y":0.4059},
    {"x":0.88192,
     "y":0.39852},
    {"x":0.91513,
     "y":0.38007},
    {"x":0.94465,
     "y":0.36531},
    {"x":0.97786,
     "y":0.34317},
    {"x":0.99631,
     "y":0.31734},
    {"x":1,
     "y":0.28413},
    {"x":0.98155,
     "y":0.25092},
    {"x":0.95572,
     "y":0.22509},
    {"x":0.92989,
     "y":0.21033},
    {"x":0.89668,
     "y":0.19926},
    {"x":0.86347,
     "y":0.18819},
    {"x":0.83395,
     "y":0.17712},
    {"x":0.80443,
     "y":0.16236},
    {"x":0.77491,
     "y":0.1476},
    {"x":0.7417,
     "y":0.14391},
    {"x":0.71587,
     "y":0.13653},
    {"x":0.7048,
     "y":0.10332},
    {"x":0.68266,
     "y":0.077491},
    {"x":0.66421,
     "y":0.051661},
    {"x":0.63838,
     "y":0.02952},
    {"x":0.61255,
     "y":0.01476},
    {"x":0.57934,
     "y":0.00369},
    {"x":0.54613,
     "y":0},
    {"x":0.51292,
     "y":0.00369},
    {"x":0.4797,
     "y":0.01476},
    {"x":0.45018,
     "y":0.03321},
    {"x":0.42435,
     "y":0.055351},
    {"x":0.4059,
     "y":0.084871},
    {"x":0.39852,
     "y":0.11808},
    {"x":0.40221,
     "y":0.1476},
    {"x":0.39114,
     "y":0.15867},
    {"x":0.37269,
     "y":0.12915},
    {"x":0.34317,
     "y":0.13284},
    {"x":0.34686,
     "y":0.16605},
    {"x":0.32841,
     "y":0.15867},
    {"x":0.30258,
     "y":0.13284},
    {"x":0.26937,
     "y":0.11808},
    {"x":0.23616,
     "y":0.12177},
    {"x":0.20295,
     "y":0.12915},
    {"x":0.17343,
     "y":0.14391},
    {"x":0.14391,
     "y":0.16974},
    {"x":0.11439,
     "y":0.19926},
    {"x":0.10332,
     "y":0.22878},
    {"x":0.092251,
     "y":0.2583},
    {"x":0.092251,
     "y":0.29151},
    {"x":0.088561,
     "y":0.32472},
    {"x":0.095941,
     "y":0.35424},
    {"x":0.1107,
     "y":0.38007}],
 "triangles":[
    {"p1":67,
     "p2":68,
     "p3":69},
    {"p1":51,
     "p2":52,
     "p3":93},
    {"p1":52,
     "p2":78,
     "p3":92},
    {"p1":52,
     "p2":92,
     "p3":93},
    {"p1":84,
     "p2":85,
     "p3":92},
    {"p1":9,
     "p2":10,
     "p3":13},
    {"p1":8,
     "p2":9,
     "p3":13},
    {"p1":8,
     "p2":13,
     "p3":14},
    {"p1":3,
     "p2":4,
     "p3":19},
    {"p1":1,
     "p2":2,
     "p3":3},
    {"p1":82,
     "p2":83,
     "p3":92},
    {"p1":83,
     "p2":84,
     "p3":92},
    {"p1":97,
     "p2":100,
     "p3":101},
    {"p1":97,
     "p2":101,
     "p3":102},
    {"p1":27,
     "p2":51,
     "p3":93},
    {"p1":55,
     "p2":57,
     "p3":78},
    {"p1":26,
     "p2":27,
     "p3":96},
    {"p1":27,
     "p2":93,
     "p3":96},
    {"p1":93,
     "p2":94,
     "p3":96},
    {"p1":97,
     "p2":102,
     "p3":103},
    {"p1":6,
     "p2":15,
     "p3":16},
    {"p1":6,
     "p2":16,
     "p3":17},
    {"p1":1,
     "p2":3,
     "p3":20},
    {"p1":3,
     "p2":19,
     "p3":20},
    {"p1":4,
     "p2":18,
     "p3":19},
    {"p1":4,
     "p2":17,
     "p3":18},
    {"p1":64,
     "p2":71,
     "p3":72},
    {"p1":85,
     "p2":86,
     "p3":92},
    {"p1":86,
     "p2":87,
     "p3":92},
    {"p1":88,
     "p2":89,
     "p3":92},
    {"p1":87,
     "p2":88,
     "p3":92},
    {"p1":55,
     "p2":56,
     "p3":57},
    {"p1":0,
     "p2":96,
     "p3":97},
    {"p1":0,
     "p2":107,
     "p3":109},
    {"p1":0,
     "p2":97,
     "p3":107},
    {"p1":0,
     "p2":26,
     "p3":96},
    {"p1":0,
     "p2":24,
     "p3":26},
    {"p1":0,
     "p2":1,
     "p3":22},
    {"p1":0,
     "p2":22,
     "p3":24},
    {"p1":89,
     "p2":90,
     "p3":92},
    {"p1":107,
     "p2":108,
     "p3":109},
    {"p1":97,
     "p2":105,
     "p3":107},
    {"p1":97,
     "p2":103,
     "p3":105},
    {"p1":105,
     "p2":106,
     "p3":107},
    {"p1":103,
     "p2":104,
     "p3":105},
    {"p1":6,
     "p2":7,
     "p3":15},
    {"p1":7,
     "p2":8,
     "p3":14},
    {"p1":7,
     "p2":14,
     "p3":15},
    {"p1":4,
     "p2":5,
     "p3":17},
    {"p1":5,
     "p2":6,
     "p3":17},
    {"p1":1,
     "p2":21,
     "p3":22},
    {"p1":1,
     "p2":20,
     "p3":21},
    {"p1":22,
     "p2":23,
     "p3":24},
    {"p1":65,
     "p2":70,
     "p3":71},
    {"p1":64,
     "p2":65,
     "p3":71},
    {"p1":65,
     "p2":69,
     "p3":70},
    {"p1":57,
     "p2":77,
     "p3":78},
    {"p1":57,
     "p2":58,
     "p3":77},
    {"p1":58,
     "p2":59,
     "p3":77},
    {"p1":75,
     "p2":76,
     "p3":77},
    {"p1":59,
     "p2":60,
     "p3":75},
    {"p1":59,
     "p2":75,
     "p3":77},
    {"p1":78,
     "p2":79,
     "p3":80},
    {"p1":78,
     "p2":80,
     "p3":92},
    {"p1":80,
     "p2":82,
     "p3":92},
    {"p1":80,
     "p2":81,
     "p3":82},
    {"p1":90,
     "p2":91,
     "p3":92},
    {"p1":94,
     "p2":95,
     "p3":96},
    {"p1":31,
     "p2":32,
     "p3":33},
    {"p1":24,
     "p2":25,
     "p3":26},
    {"p1":63,
     "p2":64,
     "p3":72},
    {"p1":66,
     "p2":67,
     "p3":69},
    {"p1":65,
     "p2":66,
     "p3":69},
    {"p1":61,
     "p2":62,
     "p3":73},
    {"p1":63,
     "p2":72,
     "p3":73},
    {"p1":62,
     "p2":63,
     "p3":73},
    {"p1":97,
     "p2":98,
     "p3":100},
    {"p1":98,
     "p2":99,
     "p3":100},
    {"p1":31,
     "p2":33,
     "p3":34},
    {"p1":30,
     "p2":31,
     "p3":34},
    {"p1":28,
     "p2":36,
     "p3":37},
    {"p1":28,
     "p2":29,
     "p3":36},
    {"p1":60,
     "p2":74,
     "p3":75},
    {"p1":60,
     "p2":61,
     "p3":74},
    {"p1":61,
     "p2":73,
     "p3":74},
    {"p1":30,
     "p2":34,
     "p3":35},
    {"p1":29,
     "p2":35,
     "p3":36},
    {"p1":29,
     "p2":30,
     "p3":35},
    {"p1":27,
     "p2":38,
     "p3":51},
    {"p1":38,
     "p2":39,
     "p3":51},
    {"p1":27,
     "p2":28,
     "p3":38},
    {"p1":28,
     "p2":37,
     "p3":38},
    {"p1":52,
     "p2":53,
     "p3":78},
    {"p1":39,
     "p2":50,
     "p3":51},
    {"p1":39,
     "p2":40,
     "p3":50},
    {"p1":54,
     "p2":55,
     "p3":78},
    {"p1":53,
     "p2":54,
     "p3":78},
    {"p1":44,
     "p2":46,
     "p3":47},
    {"p1":43,
     "p2":44,
     "p3":47},
    {"p1":44,
     "p2":45,
     "p3":46},
    {"p1":42,
     "p2":43,
     "p3":48},
    {"p1":43,
     "p2":47,
     "p3":48},
    {"p1":41,
     "p2":42,
     "p3":49},
    {"p1":42,
     "p2":48,
     "p3":49},
    {"p1":10,
     "p2":11,
     "p3":13},
    {"p1":11,
     "p2":12,
     "p3":13},
    {"p1":40,
     "p2":41,
     "p3":49},
    {"p1":40,
     "p2":49,
     "p3":50}]
}