{"points":[
    {"x":0.4489,
     "y":0.50301},
    {"x":0.40882,
     "y":0.52505},
    {"x":0.36673,
     "y":0.53908},
    {"x":0.32265,
     "y":0.54309},
    {"x":0.28858,
     "y":0.55711},
    {"x":0.33267,
     "y":0.55511},
    {"x":0.37876,
     "y":0.54509},
    {"x":0.42485,
     "y":0.53106},
    {"x":0.45892,
     "y":0.53908},
    {"x":0.43287,
     "y":0.58116},
    {"x":0.41483,
     "y":0.62325},
    {"x":0.3988,
     "y":0.66934},
    {"x":0.41683,
     "y":0.6513},
    {"x":0.43086,
     "y":0.60521},
    {"x":0.45291,
     "y":0.56112},
    {"x":0.48096,
     "y":0.52906},
    {"x":0.51503,
     "y":0.52305},
    {"x":0.51303,
     "y":0.56914},
    {"x":0.51503,
     "y":0.61122},
    {"x":0.51503,
     "y":0.65731},
    {"x":0.51703,
     "y":0.70341},
    {"x":0.52705,
     "y":0.74749},
    {"x":0.53707,
     "y":0.79359},
    {"x":0.55311,
     "y":0.83968},
    {"x":0.57315,
     "y":0.88176},
    {"x":0.59319,
     "y":0.92385},
    {"x":0.62525,
     "y":0.96393},
    {"x":0.67134,
     "y":1},
    {"x":0.71343,
     "y":0.98597},
    {"x":0.73547,
     "y":0.93988},
    {"x":0.74349,
     "y":0.89379},
    {"x":0.7515,
     "y":0.8477},
    {"x":0.76553,
     "y":0.8016},
    {"x":0.78357,
     "y":0.75952},
    {"x":0.81162,
     "y":0.71944},
    {"x":0.83367,
     "y":0.67936},
    {"x":0.82966,
     "y":0.63327},
    {"x":0.83567,
     "y":0.6012},
    {"x":0.87776,
     "y":0.58918},
    {"x":0.8978,
     "y":0.55711},
    {"x":0.90982,
     "y":0.51904},
    {"x":0.91383,
     "y":0.48096},
    {"x":0.92385,
     "y":0.43888},
    {"x":0.91784,
     "y":0.4008},
    {"x":0.96393,
     "y":0.38076},
    {"x":0.97595,
     "y":0.35471},
    {"x":0.93186,
     "y":0.37475},
    {"x":0.8998,
     "y":0.35671},
    {"x":0.88778,
     "y":0.31463},
    {"x":0.92986,
     "y":0.28657},
    {"x":0.97595,
     "y":0.26854},
    {"x":0.9479,
     "y":0.25852},
    {"x":0.9018,
     "y":0.28257},
    {"x":0.85772,
     "y":0.28257},
    {"x":0.81363,
     "y":0.26453},
    {"x":0.76754,
     "y":0.26854},
    {"x":0.72946,
     "y":0.28858},
    {"x":0.68938,
     "y":0.31663},
    {"x":0.67335,
     "y":0.30261},
    {"x":0.70942,
     "y":0.26052},
    {"x":0.73146,
     "y":0.21844},
    {"x":0.73547,
     "y":0.17234},
    {"x":0.72144,
     "y":0.12625},
    {"x":0.74148,
     "y":0.08016},
    {"x":0.77154,
     "y":0.038076},
    {"x":0.74549,
     "y":0.038076},
    {"x":0.71944,
     "y":0.082164},
    {"x":0.67535,
     "y":0.10421},
    {"x":0.63727,
     "y":0.084168},
    {"x":0.64529,
     "y":0.04008},
    {"x":0.65331,
     "y":0},
    {"x":0.62325,
     "y":0.042084},
    {"x":0.58116,
     "y":0.064128},
    {"x":0.54709,
     "y":0.058116},
    {"x":0.50501,
     "y":0.054108},
    {"x":0.46493,
     "y":0.068136},
    {"x":0.42285,
     "y":0.084168},
    {"x":0.40281,
     "y":0.11222},
    {"x":0.40681,
     "y":0.13427},
    {"x":0.38277,
     "y":0.14629},
    {"x":0.33868,
     "y":0.13427},
    {"x":0.29659,
     "y":0.1483},
    {"x":0.25651,
     "y":0.16834},
    {"x":0.21443,
     "y":0.19038},
    {"x":0.16834,
     "y":0.2004},
    {"x":0.12224,
     "y":0.20641},
    {"x":0.076152,
     "y":0.21042},
    {"x":0.03006,
     "y":0.22445},
    {"x":0,
     "y":0.25451},
    {"x":0.006012,
     "y":0.29659},
    {"x":0.04008,
     "y":0.33667},
    {"x":0.078156,
     "y":0.36874},
    {"x":0.11824,
     "y":0.39479},
    {"x":0.16433,
     "y":0.41283},
    {"x":0.20842,
     "y":0.42886},
    {"x":0.25251,
     "y":0.44289},
    {"x":0.29659,
     "y":0.4489},
    {"x":0.34269,
     "y":0.45691},
    {"x":0.38878,
     "y":0.45892},
    {"x":0.43487,
     "y":0.46092},
    {"x":0.45892,
     "y":0.47695},
    {"x":0.4489,
     "y":0.50301}],
 "triangles":[
    {"p1":26,
     "p2":27,
     "p3":28},
    {"p1":58,
     "p2":72,
     "p3":78},
    {"p1":87,
     "p2":88,
     "p3":89},
    {"p1":49,
     "p2":50,
     "p3":51},
    {"p1":75,
     "p2":76,
     "p3":78},
    {"p1":76,
     "p2":77,
     "p3":78},
    {"p1":37,
     "p2":40,
     "p3":41},
    {"p1":37,
     "p2":39,
     "p3":40},
    {"p1":18,
     "p2":36,
     "p3":37},
    {"p1":37,
     "p2":38,
     "p3":39},
    {"p1":26,
     "p2":28,
     "p3":29},
    {"p1":20,
     "p2":21,
     "p3":33},
    {"p1":21,
     "p2":32,
     "p3":33},
    {"p1":87,
     "p2":89,
     "p3":90},
    {"p1":86,
     "p2":87,
     "p3":90},
    {"p1":69,
     "p2":70,
     "p3":71},
    {"p1":58,
     "p2":68,
     "p3":72},
    {"p1":58,
     "p2":67,
     "p3":68},
    {"p1":68,
     "p2":71,
     "p3":72},
    {"p1":68,
     "p2":69,
     "p3":71},
    {"p1":61,
     "p2":62,
     "p3":67},
    {"p1":62,
     "p2":66,
     "p3":67},
    {"p1":62,
     "p2":63,
     "p3":66},
    {"p1":79,
     "p2":96,
     "p3":97},
    {"p1":79,
     "p2":97,
     "p3":98},
    {"p1":16,
     "p2":57,
     "p3":58},
    {"p1":16,
     "p2":37,
     "p3":57},
    {"p1":37,
     "p2":41,
     "p3":57},
    {"p1":47,
     "p2":56,
     "p3":57},
    {"p1":41,
     "p2":43,
     "p3":57},
    {"p1":43,
     "p2":47,
     "p3":57},
    {"p1":16,
     "p2":17,
     "p3":37},
    {"p1":17,
     "p2":18,
     "p3":37},
    {"p1":34,
     "p2":35,
     "p3":36},
    {"p1":19,
     "p2":20,
     "p3":33},
    {"p1":19,
     "p2":33,
     "p3":34},
    {"p1":18,
     "p2":19,
     "p3":36},
    {"p1":19,
     "p2":34,
     "p3":36},
    {"p1":22,
     "p2":23,
     "p3":32},
    {"p1":21,
     "p2":22,
     "p3":32},
    {"p1":79,
     "p2":80,
     "p3":81},
    {"p1":84,
     "p2":92,
     "p3":93},
    {"p1":73,
     "p2":74,
     "p3":75},
    {"p1":73,
     "p2":75,
     "p3":78},
    {"p1":72,
     "p2":73,
     "p3":78},
    {"p1":63,
     "p2":64,
     "p3":65},
    {"p1":63,
     "p2":65,
     "p3":66},
    {"p1":58,
     "p2":59,
     "p3":67},
    {"p1":78,
     "p2":79,
     "p3":99},
    {"p1":79,
     "p2":98,
     "p3":99},
    {"p1":58,
     "p2":78,
     "p3":99},
    {"p1":1,
     "p2":2,
     "p3":6},
    {"p1":24,
     "p2":25,
     "p3":30},
    {"p1":25,
     "p2":26,
     "p3":30},
    {"p1":26,
     "p2":29,
     "p3":30},
    {"p1":84,
     "p2":85,
     "p3":92},
    {"p1":85,
     "p2":86,
     "p3":90},
    {"p1":83,
     "p2":93,
     "p3":94},
    {"p1":83,
     "p2":84,
     "p3":93},
    {"p1":83,
     "p2":94,
     "p3":95},
    {"p1":83,
     "p2":95,
     "p3":96},
    {"p1":47,
     "p2":55,
     "p3":56},
    {"p1":47,
     "p2":53,
     "p3":55},
    {"p1":53,
     "p2":54,
     "p3":55},
    {"p1":41,
     "p2":42,
     "p3":43},
    {"p1":43,
     "p2":46,
     "p3":47},
    {"p1":43,
     "p2":44,
     "p3":46},
    {"p1":44,
     "p2":45,
     "p3":46},
    {"p1":16,
     "p2":58,
     "p3":100},
    {"p1":58,
     "p2":99,
     "p3":100},
    {"p1":2,
     "p2":3,
     "p3":5},
    {"p1":2,
     "p2":5,
     "p3":6},
    {"p1":3,
     "p2":4,
     "p3":5},
    {"p1":15,
     "p2":16,
     "p3":100},
    {"p1":0,
     "p2":15,
     "p3":100},
    {"p1":0,
     "p2":1,
     "p3":7},
    {"p1":1,
     "p2":6,
     "p3":7},
    {"p1":24,
     "p2":30,
     "p3":31},
    {"p1":23,
     "p2":31,
     "p3":32},
    {"p1":23,
     "p2":24,
     "p3":31},
    {"p1":85,
     "p2":91,
     "p3":92},
    {"p1":85,
     "p2":90,
     "p3":91},
    {"p1":82,
     "p2":83,
     "p3":96},
    {"p1":79,
     "p2":82,
     "p3":96},
    {"p1":79,
     "p2":81,
     "p3":82},
    {"p1":47,
     "p2":48,
     "p3":53},
    {"p1":60,
     "p2":61,
     "p3":67},
    {"p1":59,
     "p2":60,
     "p3":67},
    {"p1":10,
     "p2":12,
     "p3":13},
    {"p1":10,
     "p2":11,
     "p3":12},
    {"p1":8,
     "p2":14,
     "p3":15},
    {"p1":0,
     "p2":8,
     "p3":15},
    {"p1":0,
     "p2":7,
     "p3":8},
    {"p1":9,
     "p2":13,
     "p3":14},
    {"p1":7,
     "p2":9,
     "p3":14},
    {"p1":9,
     "p2":10,
     "p3":13},
    {"p1":48,
     "p2":49,
     "p3":52},
    {"p1":48,
     "p2":52,
     "p3":53},
    {"p1":49,
     "p2":51,
     "p3":52}]
}