{"points":[
    {"x":0,
     "y":0.32852},
    {"x":0.018051,
     "y":0.3574},
    {"x":0.046931,
     "y":0.37906},
    {"x":0.079422,
     "y":0.38989},
    {"x":0.11191,
     "y":0.40072},
    {"x":0.1444,
     "y":0.41155},
    {"x":0.1769,
     "y":0.41516},
    {"x":0.20939,
     "y":0.42238},
    {"x":0.24188,
     "y":0.42238},
    {"x":0.27437,
     "y":0.42238},
    {"x":0.30686,
     "y":0.42238},
    {"x":0.33935,
     "y":0.41516},
    {"x":0.37184,
     "y":0.41155},
    {"x":0.40433,
     "y":0.40794},
    {"x":0.43682,
     "y":0.40433},
    {"x":0.46931,
     "y":0.39711},
    {"x":0.48736,
     "y":0.40794},
    {"x":0.45848,
     "y":0.42238},
    {"x":0.42599,
     "y":0.4296},
    {"x":0.3935,
     "y":0.44043},
    {"x":0.36101,
     "y":0.45126},
    {"x":0.32852,
     "y":0.45126},
    {"x":0.31408,
     "y":0.46209},
    {"x":0.34657,
     "y":0.4657},
    {"x":0.37906,
     "y":0.45848},
    {"x":0.41155,
     "y":0.45126},
    {"x":0.44404,
     "y":0.44043},
    {"x":0.47653,
     "y":0.4296},
    {"x":0.50181,
     "y":0.43682},
    {"x":0.5343,
     "y":0.44404},
    {"x":0.55596,
     "y":0.46931},
    {"x":0.57401,
     "y":0.49458},
    {"x":0.59206,
     "y":0.52347},
    {"x":0.61733,
     "y":0.55235},
    {"x":0.64982,
     "y":0.56318},
    {"x":0.63177,
     "y":0.54513},
    {"x":0.60289,
     "y":0.51625},
    {"x":0.58484,
     "y":0.48736},
    {"x":0.56679,
     "y":0.46209},
    {"x":0.54513,
     "y":0.43682},
    {"x":0.55235,
     "y":0.41877},
    {"x":0.57401,
     "y":0.44404},
    {"x":0.59928,
     "y":0.46931},
    {"x":0.62455,
     "y":0.49458},
    {"x":0.65343,
     "y":0.51986},
    {"x":0.68592,
     "y":0.54513},
    {"x":0.7148,
     "y":0.5704},
    {"x":0.74729,
     "y":0.58845},
    {"x":0.77978,
     "y":0.6065},
    {"x":0.81227,
     "y":0.62455},
    {"x":0.84477,
     "y":0.63538},
    {"x":0.87726,
     "y":0.64621},
    {"x":0.90975,
     "y":0.65343},
    {"x":0.94224,
     "y":0.65343},
    {"x":0.97473,
     "y":0.64621},
    {"x":1,
     "y":0.61733},
    {"x":1,
     "y":0.58484},
    {"x":1,
     "y":0.55235},
    {"x":0.98556,
     "y":0.51986},
    {"x":0.96751,
     "y":0.48736},
    {"x":0.94585,
     "y":0.45487},
    {"x":0.93141,
     "y":0.42238},
    {"x":0.92058,
     "y":0.38989},
    {"x":0.8917,
     "y":0.3574},
    {"x":0.87365,
     "y":0.33935},
    {"x":0.88809,
     "y":0.30686},
    {"x":0.8917,
     "y":0.27437},
    {"x":0.8917,
     "y":0.24188},
    {"x":0.88448,
     "y":0.20939},
    {"x":0.87365,
     "y":0.1769},
    {"x":0.85199,
     "y":0.1444},
    {"x":0.81949,
     "y":0.11552},
    {"x":0.787,
     "y":0.097473},
    {"x":0.75451,
     "y":0.090253},
    {"x":0.72202,
     "y":0.086643},
    {"x":0.68953,
     "y":0.093863},
    {"x":0.65704,
     "y":0.11191},
    {"x":0.63177,
     "y":0.14079},
    {"x":0.61733,
     "y":0.15162},
    {"x":0.61733,
     "y":0.11913},
    {"x":0.6065,
     "y":0.097473},
    {"x":0.58484,
     "y":0.11913},
    {"x":0.5704,
     "y":0.12635},
    {"x":0.5704,
     "y":0.093863},
    {"x":0.56318,
     "y":0.061372},
    {"x":0.54152,
     "y":0.028881},
    {"x":0.50903,
     "y":0.01083},
    {"x":0.47653,
     "y":0.0036101},
    {"x":0.44404,
     "y":0},
    {"x":0.41155,
     "y":0},
    {"x":0.37906,
     "y":0.0036101},
    {"x":0.34657,
     "y":0.021661},
    {"x":0.3213,
     "y":0.043321},
    {"x":0.29242,
     "y":0.075812},
    {"x":0.27437,
     "y":0.1083},
    {"x":0.26715,
     "y":0.14079},
    {"x":0.24549,
     "y":0.15162},
    {"x":0.213,
     "y":0.15523},
    {"x":0.18412,
     "y":0.1769},
    {"x":0.15162,
     "y":0.19495},
    {"x":0.11913,
     "y":0.213},
    {"x":0.086643,
     "y":0.22744},
    {"x":0.054152,
     "y":0.24188},
    {"x":0.025271,
     "y":0.25993},
    {"x":0.0036101,
     "y":0.28881},
    {"x":0,
     "y":0.3213},
    {"x":0,
     "y":0.32852}],
 "triangles":[
    {"p1":0,
     "p2":1,
     "p3":105},
    {"p1":1,
     "p2":104,
     "p3":105},
    {"p1":52,
     "p2":53,
     "p3":56},
    {"p1":54,
     "p2":55,
     "p3":56},
    {"p1":53,
     "p2":54,
     "p3":56},
    {"p1":15,
     "p2":78,
     "p3":82},
    {"p1":70,
     "p2":71,
     "p3":77},
    {"p1":2,
     "p2":3,
     "p3":102},
    {"p1":3,
     "p2":101,
     "p3":102},
    {"p1":31,
     "p2":36,
     "p3":37},
    {"p1":64,
     "p2":77,
     "p3":78},
    {"p1":15,
     "p2":40,
     "p3":78},
    {"p1":40,
     "p2":64,
     "p3":78},
    {"p1":15,
     "p2":82,
     "p3":95},
    {"p1":14,
     "p2":15,
     "p3":95},
    {"p1":11,
     "p2":12,
     "p3":95},
    {"p1":11,
     "p2":95,
     "p3":96},
    {"p1":89,
     "p2":90,
     "p3":91},
    {"p1":82,
     "p2":88,
     "p3":89},
    {"p1":71,
     "p2":73,
     "p3":77},
    {"p1":1,
     "p2":2,
     "p3":103},
    {"p1":2,
     "p2":102,
     "p3":103},
    {"p1":1,
     "p2":103,
     "p3":104},
    {"p1":3,
     "p2":4,
     "p3":101},
    {"p1":9,
     "p2":96,
     "p3":98},
    {"p1":6,
     "p2":7,
     "p3":99},
    {"p1":4,
     "p2":5,
     "p3":100},
    {"p1":4,
     "p2":100,
     "p3":101},
    {"p1":5,
     "p2":6,
     "p3":100},
    {"p1":6,
     "p2":99,
     "p3":100},
    {"p1":84,
     "p2":85,
     "p3":86},
    {"p1":82,
     "p2":87,
     "p3":88},
    {"p1":83,
     "p2":84,
     "p3":86},
    {"p1":82,
     "p2":83,
     "p3":87},
    {"p1":83,
     "p2":86,
     "p3":87},
    {"p1":73,
     "p2":74,
     "p3":75},
    {"p1":75,
     "p2":76,
     "p3":77},
    {"p1":73,
     "p2":75,
     "p3":77},
    {"p1":32,
     "p2":33,
     "p3":36},
    {"p1":31,
     "p2":32,
     "p3":36},
    {"p1":12,
     "p2":13,
     "p3":95},
    {"p1":13,
     "p2":14,
     "p3":95},
    {"p1":8,
     "p2":9,
     "p3":98},
    {"p1":7,
     "p2":8,
     "p3":99},
    {"p1":8,
     "p2":98,
     "p3":99},
    {"p1":9,
     "p2":10,
     "p3":96},
    {"p1":10,
     "p2":11,
     "p3":96},
    {"p1":20,
     "p2":23,
     "p3":24},
    {"p1":64,
     "p2":66,
     "p3":77},
    {"p1":49,
     "p2":50,
     "p3":60},
    {"p1":41,
     "p2":42,
     "p3":64},
    {"p1":40,
     "p2":41,
     "p3":64},
    {"p1":15,
     "p2":16,
     "p3":40},
    {"p1":16,
     "p2":28,
     "p3":40},
    {"p1":16,
     "p2":27,
     "p3":28},
    {"p1":28,
     "p2":29,
     "p3":40},
    {"p1":33,
     "p2":35,
     "p3":36},
    {"p1":44,
     "p2":45,
     "p3":64},
    {"p1":82,
     "p2":93,
     "p3":95},
    {"p1":71,
     "p2":72,
     "p3":73},
    {"p1":19,
     "p2":24,
     "p3":25},
    {"p1":19,
     "p2":20,
     "p3":24},
    {"p1":17,
     "p2":26,
     "p3":27},
    {"p1":16,
     "p2":17,
     "p3":27},
    {"p1":17,
     "p2":18,
     "p3":26},
    {"p1":18,
     "p2":25,
     "p3":26},
    {"p1":18,
     "p2":19,
     "p3":25},
    {"p1":21,
     "p2":22,
     "p3":23},
    {"p1":20,
     "p2":21,
     "p3":23},
    {"p1":64,
     "p2":65,
     "p3":66},
    {"p1":50,
     "p2":51,
     "p3":59},
    {"p1":50,
     "p2":59,
     "p3":60},
    {"p1":30,
     "p2":31,
     "p3":38},
    {"p1":31,
     "p2":37,
     "p3":38},
    {"p1":29,
     "p2":39,
     "p3":40},
    {"p1":29,
     "p2":30,
     "p3":39},
    {"p1":30,
     "p2":38,
     "p3":39},
    {"p1":33,
     "p2":34,
     "p3":35},
    {"p1":42,
     "p2":43,
     "p3":64},
    {"p1":43,
     "p2":44,
     "p3":64},
    {"p1":82,
     "p2":92,
     "p3":93},
    {"p1":82,
     "p2":89,
     "p3":92},
    {"p1":89,
     "p2":91,
     "p3":92},
    {"p1":96,
     "p2":97,
     "p3":98},
    {"p1":78,
     "p2":81,
     "p3":82},
    {"p1":78,
     "p2":79,
     "p3":81},
    {"p1":79,
     "p2":80,
     "p3":81},
    {"p1":68,
     "p2":69,
     "p3":70},
    {"p1":68,
     "p2":70,
     "p3":77},
    {"p1":66,
     "p2":68,
     "p3":77},
    {"p1":66,
     "p2":67,
     "p3":68},
    {"p1":51,
     "p2":58,
     "p3":59},
    {"p1":51,
     "p2":52,
     "p3":58},
    {"p1":52,
     "p2":56,
     "p3":58},
    {"p1":56,
     "p2":57,
     "p3":58},
    {"p1":48,
     "p2":49,
     "p3":60},
    {"p1":48,
     "p2":60,
     "p3":61},
    {"p1":47,
     "p2":48,
     "p3":61},
    {"p1":93,
     "p2":94,
     "p3":95},
    {"p1":47,
     "p2":61,
     "p3":63},
    {"p1":46,
     "p2":47,
     "p3":63},
    {"p1":61,
     "p2":62,
     "p3":63},
    {"p1":45,
     "p2":63,
     "p3":64},
    {"p1":45,
     "p2":46,
     "p3":63}]
}