{"points":[
    {"x":0.14118,
     "y":0.47059},
    {"x":0.14118,
     "y":0.48235},
    {"x":0.097059,
     "y":0.49706},
    {"x":0.055882,
     "y":0.52353},
    {"x":0.014706,
     "y":0.53235},
    {"x":0,
     "y":0.56765},
    {"x":0.014706,
     "y":0.60588},
    {"x":0.0058824,
     "y":0.64118},
    {"x":0.044118,
     "y":0.67059},
    {"x":0.05,
     "y":0.71176},
    {"x":0.061765,
     "y":0.75294},
    {"x":0.094118,
     "y":0.77353},
    {"x":0.13529,
     "y":0.79118},
    {"x":0.17647,
     "y":0.80588},
    {"x":0.20588,
     "y":0.82941},
    {"x":0.24706,
     "y":0.84412},
    {"x":0.28824,
     "y":0.83235},
    {"x":0.32059,
     "y":0.85588},
    {"x":0.33529,
     "y":0.9},
    {"x":0.36471,
     "y":0.90882},
    {"x":0.40294,
     "y":0.92647},
    {"x":0.44118,
     "y":0.92647},
    {"x":0.47941,
     "y":0.93824},
    {"x":0.49412,
     "y":0.96765},
    {"x":0.50588,
     "y":1},
    {"x":0.55,
     "y":0.98529},
    {"x":0.57647,
     "y":0.97353},
    {"x":0.61176,
     "y":0.96765},
    {"x":0.64118,
     "y":0.93529},
    {"x":0.64412,
     "y":0.90294},
    {"x":0.64118,
     "y":0.85882},
    {"x":0.63529,
     "y":0.81471},
    {"x":0.62647,
     "y":0.77647},
    {"x":0.61176,
     "y":0.74412},
    {"x":0.59706,
     "y":0.70588},
    {"x":0.57647,
     "y":0.66471},
    {"x":0.55588,
     "y":0.62647},
    {"x":0.52941,
     "y":0.59118},
    {"x":0.50588,
     "y":0.55882},
    {"x":0.47941,
     "y":0.52059},
    {"x":0.49706,
     "y":0.50294},
    {"x":0.53529,
     "y":0.52353},
    {"x":0.56765,
     "y":0.55294},
    {"x":0.60294,
     "y":0.58824},
    {"x":0.63824,
     "y":0.61471},
    {"x":0.67647,
     "y":0.64118},
    {"x":0.70294,
     "y":0.63824},
    {"x":0.66176,
     "y":0.61471},
    {"x":0.62353,
     "y":0.58824},
    {"x":0.58529,
     "y":0.55588},
    {"x":0.55,
     "y":0.52353},
    {"x":0.54706,
     "y":0.49706},
    {"x":0.53529,
     "y":0.46471},
    {"x":0.57647,
     "y":0.44412},
    {"x":0.61765,
     "y":0.42647},
    {"x":0.65882,
     "y":0.41176},
    {"x":0.70294,
     "y":0.39706},
    {"x":0.74412,
     "y":0.38824},
    {"x":0.72941,
     "y":0.37059},
    {"x":0.68529,
     "y":0.38824},
    {"x":0.64412,
     "y":0.40294},
    {"x":0.60588,
     "y":0.42059},
    {"x":0.56471,
     "y":0.43529},
    {"x":0.52353,
     "y":0.45588},
    {"x":0.49118,
     "y":0.43529},
    {"x":0.52647,
     "y":0.41471},
    {"x":0.56471,
     "y":0.38529},
    {"x":0.6,
     "y":0.35294},
    {"x":0.63235,
     "y":0.32059},
    {"x":0.66765,
     "y":0.28529},
    {"x":0.69706,
     "y":0.25294},
    {"x":0.72353,
     "y":0.21471},
    {"x":0.74412,
     "y":0.17353},
    {"x":0.76176,
     "y":0.12941},
    {"x":0.76176,
     "y":0.085294},
    {"x":0.73824,
     "y":0.044118},
    {"x":0.70588,
     "y":0.023529},
    {"x":0.67353,
     "y":0},
    {"x":0.64412,
     "y":0.0088235},
    {"x":0.61176,
     "y":0.038235},
    {"x":0.56765,
     "y":0.044118},
    {"x":0.52353,
     "y":0.038235},
    {"x":0.48235,
     "y":0.020588},
    {"x":0.44706,
     "y":0.058824},
    {"x":0.40882,
     "y":0.085294},
    {"x":0.37353,
     "y":0.070588},
    {"x":0.33235,
     "y":0.064706},
    {"x":0.28824,
     "y":0.064706},
    {"x":0.24412,
     "y":0.082353},
    {"x":0.20294,
     "y":0.097059},
    {"x":0.15882,
     "y":0.088235},
    {"x":0.14118,
     "y":0.12647},
    {"x":0.12059,
     "y":0.15882},
    {"x":0.085294,
     "y":0.17647},
    {"x":0.070588,
     "y":0.21176},
    {"x":0.05,
     "y":0.24706},
    {"x":0.041176,
     "y":0.28824},
    {"x":0.079412,
     "y":0.31471},
    {"x":0.10882,
     "y":0.35},
    {"x":0.13824,
     "y":0.38235},
    {"x":0.11176,
     "y":0.4},
    {"x":0.091176,
     "y":0.43824},
    {"x":0.12059,
     "y":0.45882},
    {"x":0.14118,
     "y":0.47059}],
 "triangles":[
    {"p1":73,
     "p2":74,
     "p3":75},
    {"p1":73,
     "p2":75,
     "p3":76},
    {"p1":76,
     "p2":77,
     "p3":78},
    {"p1":1,
     "p2":16,
     "p3":39},
    {"p1":88,
     "p2":89,
     "p3":99},
    {"p1":84,
     "p2":88,
     "p3":99},
    {"p1":56,
     "p2":58,
     "p3":59},
    {"p1":56,
     "p2":57,
     "p3":58},
    {"p1":64,
     "p2":84,
     "p3":99},
    {"p1":3,
     "p2":5,
     "p3":6},
    {"p1":6,
     "p2":7,
     "p3":8},
    {"p1":3,
     "p2":6,
     "p3":8},
    {"p1":16,
     "p2":17,
     "p3":37},
    {"p1":22,
     "p2":26,
     "p3":30},
    {"p1":26,
     "p2":29,
     "p3":30},
    {"p1":71,
     "p2":72,
     "p3":79},
    {"p1":76,
     "p2":78,
     "p3":79},
    {"p1":73,
     "p2":76,
     "p3":79},
    {"p1":72,
     "p2":73,
     "p3":79},
    {"p1":39,
     "p2":40,
     "p3":64},
    {"p1":65,
     "p2":66,
     "p3":84},
    {"p1":64,
     "p2":65,
     "p3":84},
    {"p1":66,
     "p2":67,
     "p3":84},
    {"p1":67,
     "p2":68,
     "p3":84},
    {"p1":68,
     "p2":69,
     "p3":80},
    {"p1":84,
     "p2":86,
     "p3":88},
    {"p1":86,
     "p2":87,
     "p3":88},
    {"p1":89,
     "p2":90,
     "p3":91},
    {"p1":95,
     "p2":96,
     "p3":97},
    {"p1":14,
     "p2":15,
     "p3":16},
    {"p1":1,
     "p2":13,
     "p3":16},
    {"p1":13,
     "p2":14,
     "p3":16},
    {"p1":26,
     "p2":27,
     "p3":29},
    {"p1":27,
     "p2":28,
     "p3":29},
    {"p1":16,
     "p2":38,
     "p3":39},
    {"p1":16,
     "p2":37,
     "p3":38},
    {"p1":17,
     "p2":35,
     "p3":36},
    {"p1":17,
     "p2":36,
     "p3":37},
    {"p1":69,
     "p2":70,
     "p3":80},
    {"p1":70,
     "p2":71,
     "p3":79},
    {"p1":70,
     "p2":79,
     "p3":80},
    {"p1":0,
     "p2":99,
     "p3":102},
    {"p1":0,
     "p2":64,
     "p3":99},
    {"p1":0,
     "p2":1,
     "p3":39},
    {"p1":0,
     "p2":39,
     "p3":64},
    {"p1":1,
     "p2":2,
     "p3":8},
    {"p1":2,
     "p2":3,
     "p3":8},
    {"p1":94,
     "p2":95,
     "p3":97},
    {"p1":1,
     "p2":8,
     "p3":12},
    {"p1":1,
     "p2":12,
     "p3":13},
    {"p1":8,
     "p2":9,
     "p3":12},
    {"p1":17,
     "p2":18,
     "p3":19},
    {"p1":17,
     "p2":19,
     "p3":21},
    {"p1":17,
     "p2":34,
     "p3":35},
    {"p1":17,
     "p2":21,
     "p3":34},
    {"p1":22,
     "p2":25,
     "p3":26},
    {"p1":22,
     "p2":23,
     "p3":25},
    {"p1":23,
     "p2":24,
     "p3":25},
    {"p1":44,
     "p2":47,
     "p3":48},
    {"p1":42,
     "p2":49,
     "p3":50},
    {"p1":41,
     "p2":42,
     "p3":50},
    {"p1":41,
     "p2":50,
     "p3":51},
    {"p1":40,
     "p2":51,
     "p3":52},
    {"p1":40,
     "p2":41,
     "p3":51},
    {"p1":52,
     "p2":53,
     "p3":62},
    {"p1":55,
     "p2":56,
     "p3":59},
    {"p1":43,
     "p2":44,
     "p3":48},
    {"p1":43,
     "p2":48,
     "p3":49},
    {"p1":42,
     "p2":43,
     "p3":49},
    {"p1":22,
     "p2":30,
     "p3":31},
    {"p1":22,
     "p2":31,
     "p3":32},
    {"p1":40,
     "p2":63,
     "p3":64},
    {"p1":40,
     "p2":52,
     "p3":63},
    {"p1":52,
     "p2":62,
     "p3":63},
    {"p1":84,
     "p2":85,
     "p3":86},
    {"p1":92,
     "p2":94,
     "p3":97},
    {"p1":92,
     "p2":93,
     "p3":94},
    {"p1":89,
     "p2":92,
     "p3":99},
    {"p1":89,
     "p2":91,
     "p3":92},
    {"p1":99,
     "p2":100,
     "p3":102},
    {"p1":100,
     "p2":101,
     "p3":102},
    {"p1":3,
     "p2":4,
     "p3":5},
    {"p1":9,
     "p2":10,
     "p3":11},
    {"p1":9,
     "p2":11,
     "p3":12},
    {"p1":19,
     "p2":20,
     "p3":21},
    {"p1":21,
     "p2":33,
     "p3":34},
    {"p1":21,
     "p2":22,
     "p3":33},
    {"p1":22,
     "p2":32,
     "p3":33},
    {"p1":44,
     "p2":45,
     "p3":47},
    {"p1":45,
     "p2":46,
     "p3":47},
    {"p1":81,
     "p2":82,
     "p3":83},
    {"p1":68,
     "p2":83,
     "p3":84},
    {"p1":68,
     "p2":80,
     "p3":83},
    {"p1":80,
     "p2":81,
     "p3":83},
    {"p1":92,
     "p2":98,
     "p3":99},
    {"p1":92,
     "p2":97,
     "p3":98},
    {"p1":53,
     "p2":61,
     "p3":62},
    {"p1":53,
     "p2":54,
     "p3":61},
    {"p1":54,
     "p2":55,
     "p3":60},
    {"p1":54,
     "p2":60,
     "p3":61},
    {"p1":55,
     "p2":59,
     "p3":60}]
}