{"points":[
    {"x":0.01165,
     "y":0.50097},
    {"x":0.013592,
     "y":0.53592},
    {"x":0.042718,
     "y":0.56117},
    {"x":0.07767,
     "y":0.56505},
    {"x":0.11262,
     "y":0.56699},
    {"x":0.14757,
     "y":0.56893},
    {"x":0.16311,
     "y":0.57476},
    {"x":0.13786,
     "y":0.59612},
    {"x":0.16893,
     "y":0.60388},
    {"x":0.14175,
     "y":0.62718},
    {"x":0.1068,
     "y":0.64854},
    {"x":0.081553,
     "y":0.67573},
    {"x":0.066019,
     "y":0.71068},
    {"x":0.071845,
     "y":0.74563},
    {"x":0.087379,
     "y":0.78058},
    {"x":0.11262,
     "y":0.80777},
    {"x":0.13592,
     "y":0.84078},
    {"x":0.17087,
     "y":0.85631},
    {"x":0.20583,
     "y":0.8699},
    {"x":0.24078,
     "y":0.87767},
    {"x":0.27573,
     "y":0.87961},
    {"x":0.31068,
     "y":0.87379},
    {"x":0.33398,
     "y":0.88155},
    {"x":0.36699,
     "y":0.90097},
    {"x":0.40194,
     "y":0.91456},
    {"x":0.43689,
     "y":0.92427},
    {"x":0.47184,
     "y":0.9301},
    {"x":0.5068,
     "y":0.94951},
    {"x":0.54175,
     "y":0.96893},
    {"x":0.5767,
     "y":0.99029},
    {"x":0.61165,
     "y":1},
    {"x":0.64078,
     "y":0.97864},
    {"x":0.6466,
     "y":0.94369},
    {"x":0.64466,
     "y":0.90874},
    {"x":0.63883,
     "y":0.87379},
    {"x":0.62718,
     "y":0.83883},
    {"x":0.61553,
     "y":0.80388},
    {"x":0.59806,
     "y":0.76893},
    {"x":0.58058,
     "y":0.73398},
    {"x":0.55922,
     "y":0.69903},
    {"x":0.53592,
     "y":0.66602},
    {"x":0.5068,
     "y":0.63301},
    {"x":0.47573,
     "y":0.60194},
    {"x":0.44466,
     "y":0.57864},
    {"x":0.40971,
     "y":0.55922},
    {"x":0.4233,
     "y":0.54369},
    {"x":0.44854,
     "y":0.53592},
    {"x":0.4835,
     "y":0.56311},
    {"x":0.51262,
     "y":0.59223},
    {"x":0.54175,
     "y":0.6233},
    {"x":0.5767,
     "y":0.64854},
    {"x":0.57864,
     "y":0.63301},
    {"x":0.54369,
     "y":0.61165},
    {"x":0.51262,
     "y":0.57864},
    {"x":0.48544,
     "y":0.55146},
    {"x":0.45049,
     "y":0.52621},
    {"x":0.46019,
     "y":0.5068},
    {"x":0.43495,
     "y":0.49515},
    {"x":0.44272,
     "y":0.46408},
    {"x":0.45631,
     "y":0.42913},
    {"x":0.46602,
     "y":0.39417},
    {"x":0.4699,
     "y":0.35922},
    {"x":0.48155,
     "y":0.32427},
    {"x":0.47184,
     "y":0.31262},
    {"x":0.46408,
     "y":0.34757},
    {"x":0.45825,
     "y":0.38252},
    {"x":0.45049,
     "y":0.41748},
    {"x":0.43883,
     "y":0.45243},
    {"x":0.41942,
     "y":0.4835},
    {"x":0.38641,
     "y":0.49126},
    {"x":0.4,
     "y":0.45825},
    {"x":0.41553,
     "y":0.4233},
    {"x":0.42524,
     "y":0.38835},
    {"x":0.43107,
     "y":0.3534},
    {"x":0.43689,
     "y":0.31845},
    {"x":0.43689,
     "y":0.2835},
    {"x":0.43495,
     "y":0.24854},
    {"x":0.43107,
     "y":0.21359},
    {"x":0.42718,
     "y":0.17864},
    {"x":0.4233,
     "y":0.14369},
    {"x":0.41359,
     "y":0.10874},
    {"x":0.40194,
     "y":0.073786},
    {"x":0.38447,
     "y":0.038835},
    {"x":0.35922,
     "y":0.007767},
    {"x":0.32427,
     "y":0},
    {"x":0.29126,
     "y":0.025243},
    {"x":0.27379,
     "y":0.060194},
    {"x":0.26214,
     "y":0.095146},
    {"x":0.24272,
     "y":0.12816},
    {"x":0.21748,
     "y":0.15728},
    {"x":0.18835,
     "y":0.18835},
    {"x":0.16505,
     "y":0.21942},
    {"x":0.1534,
     "y":0.25437},
    {"x":0.13786,
     "y":0.27184},
    {"x":0.1068,
     "y":0.28738},
    {"x":0.073786,
     "y":0.3068},
    {"x":0.050485,
     "y":0.33592},
    {"x":0.029126,
     "y":0.36311},
    {"x":0.01165,
     "y":0.39417},
    {"x":0.013592,
     "y":0.42913},
    {"x":0,
     "y":0.46408},
    {"x":0.01165,
     "y":0.49903},
    {"x":0.01165,
     "y":0.50097}],
 "triangles":[
    {"p1":28,
     "p2":33,
     "p3":34},
    {"p1":28,
     "p2":32,
     "p3":33},
    {"p1":49,
     "p2":51,
     "p3":52},
    {"p1":49,
     "p2":50,
     "p3":51},
    {"p1":28,
     "p2":29,
     "p3":32},
    {"p1":29,
     "p2":31,
     "p3":32},
    {"p1":29,
     "p2":30,
     "p3":31},
    {"p1":78,
     "p2":79,
     "p3":88},
    {"p1":6,
     "p2":44,
     "p3":69},
    {"p1":44,
     "p2":45,
     "p3":69},
    {"p1":97,
     "p2":98,
     "p3":99},
    {"p1":5,
     "p2":94,
     "p3":96},
    {"p1":5,
     "p2":96,
     "p3":99},
    {"p1":96,
     "p2":97,
     "p3":99},
    {"p1":59,
     "p2":60,
     "p3":66},
    {"p1":59,
     "p2":66,
     "p3":67},
    {"p1":10,
     "p2":13,
     "p3":14},
    {"p1":0,
     "p2":2,
     "p3":3},
    {"p1":77,
     "p2":78,
     "p3":88},
    {"p1":6,
     "p2":69,
     "p3":93},
    {"p1":5,
     "p2":93,
     "p3":94},
    {"p1":5,
     "p2":6,
     "p3":93},
    {"p1":8,
     "p2":21,
     "p3":44},
    {"p1":6,
     "p2":8,
     "p3":44},
    {"p1":6,
     "p2":7,
     "p3":8},
    {"p1":48,
     "p2":49,
     "p3":52},
    {"p1":83,
     "p2":84,
     "p3":85},
    {"p1":82,
     "p2":83,
     "p3":85},
    {"p1":90,
     "p2":91,
     "p3":92},
    {"p1":58,
     "p2":67,
     "p3":68},
    {"p1":58,
     "p2":59,
     "p3":67},
    {"p1":45,
     "p2":57,
     "p3":69},
    {"p1":57,
     "p2":68,
     "p3":69},
    {"p1":57,
     "p2":58,
     "p3":68},
    {"p1":0,
     "p2":1,
     "p3":2},
    {"p1":11,
     "p2":12,
     "p3":13},
    {"p1":10,
     "p2":11,
     "p3":13},
    {"p1":10,
     "p2":14,
     "p3":15},
    {"p1":4,
     "p2":5,
     "p3":99},
    {"p1":76,
     "p2":89,
     "p3":90},
    {"p1":76,
     "p2":77,
     "p3":89},
    {"p1":77,
     "p2":88,
     "p3":89},
    {"p1":21,
     "p2":43,
     "p3":44},
    {"p1":21,
     "p2":42,
     "p3":43},
    {"p1":94,
     "p2":95,
     "p3":96},
    {"p1":75,
     "p2":90,
     "p3":92},
    {"p1":75,
     "p2":76,
     "p3":90},
    {"p1":61,
     "p2":64,
     "p3":73},
    {"p1":61,
     "p2":62,
     "p3":64},
    {"p1":62,
     "p2":63,
     "p3":64},
    {"p1":60,
     "p2":61,
     "p3":65},
    {"p1":60,
     "p2":65,
     "p3":66},
    {"p1":71,
     "p2":92,
     "p3":93},
    {"p1":15,
     "p2":16,
     "p3":17},
    {"p1":9,
     "p2":15,
     "p3":17},
    {"p1":9,
     "p2":10,
     "p3":15},
    {"p1":0,
     "p2":3,
     "p3":101},
    {"p1":3,
     "p2":4,
     "p3":101},
    {"p1":4,
     "p2":99,
     "p3":101},
    {"p1":99,
     "p2":100,
     "p3":101},
    {"p1":80,
     "p2":81,
     "p3":87},
    {"p1":79,
     "p2":87,
     "p3":88},
    {"p1":79,
     "p2":80,
     "p3":87},
    {"p1":82,
     "p2":85,
     "p3":86},
    {"p1":81,
     "p2":82,
     "p3":86},
    {"p1":81,
     "p2":86,
     "p3":87},
    {"p1":8,
     "p2":20,
     "p3":21},
    {"p1":8,
     "p2":19,
     "p3":20},
    {"p1":73,
     "p2":74,
     "p3":92},
    {"p1":74,
     "p2":75,
     "p3":92},
    {"p1":72,
     "p2":73,
     "p3":92},
    {"p1":71,
     "p2":72,
     "p3":92},
    {"p1":69,
     "p2":70,
     "p3":93},
    {"p1":70,
     "p2":71,
     "p3":93},
    {"p1":8,
     "p2":18,
     "p3":19},
    {"p1":8,
     "p2":9,
     "p3":18},
    {"p1":9,
     "p2":17,
     "p3":18},
    {"p1":45,
     "p2":55,
     "p3":57},
    {"p1":45,
     "p2":46,
     "p3":55},
    {"p1":55,
     "p2":56,
     "p3":57},
    {"p1":23,
     "p2":39,
     "p3":40},
    {"p1":26,
     "p2":35,
     "p3":36},
    {"p1":26,
     "p2":36,
     "p3":37},
    {"p1":26,
     "p2":37,
     "p3":38},
    {"p1":42,
     "p2":48,
     "p3":53},
    {"p1":48,
     "p2":52,
     "p3":53},
    {"p1":46,
     "p2":54,
     "p3":55},
    {"p1":46,
     "p2":47,
     "p3":54},
    {"p1":47,
     "p2":53,
     "p3":54},
    {"p1":22,
     "p2":40,
     "p3":41},
    {"p1":22,
     "p2":23,
     "p3":40},
    {"p1":21,
     "p2":22,
     "p3":42},
    {"p1":22,
     "p2":41,
     "p3":42},
    {"p1":26,
     "p2":27,
     "p3":35},
    {"p1":27,
     "p2":28,
     "p3":34},
    {"p1":27,
     "p2":34,
     "p3":35},
    {"p1":24,
     "p2":38,
     "p3":39},
    {"p1":23,
     "p2":24,
     "p3":39},
    {"p1":25,
     "p2":26,
     "p3":38},
    {"p1":24,
     "p2":25,
     "p3":38}]
}