{"points":[
    {"x":0.068323,
     "y":0.41615},
    {"x":0.043478,
     "y":0.45031},
    {"x":0.031056,
     "y":0.48758},
    {"x":0,
     "y":0.52174},
    {"x":0.0062112,
     "y":0.54969},
    {"x":0.018634,
     "y":0.58696},
    {"x":0.02795,
     "y":0.62733},
    {"x":0.059006,
     "y":0.64907},
    {"x":0.099379,
     "y":0.65528},
    {"x":0.13975,
     "y":0.65217},
    {"x":0.18012,
     "y":0.64596},
    {"x":0.2205,
     "y":0.63354},
    {"x":0.26087,
     "y":0.61801},
    {"x":0.30124,
     "y":0.60248},
    {"x":0.34161,
     "y":0.58385},
    {"x":0.38199,
     "y":0.56211},
    {"x":0.42236,
     "y":0.54658},
    {"x":0.45963,
     "y":0.52484},
    {"x":0.48758,
     "y":0.50311},
    {"x":0.47826,
     "y":0.54348},
    {"x":0.4472,
     "y":0.57143},
    {"x":0.41304,
     "y":0.60248},
    {"x":0.3913,
     "y":0.63354},
    {"x":0.36646,
     "y":0.67081},
    {"x":0.36025,
     "y":0.70807},
    {"x":0.38199,
     "y":0.67702},
    {"x":0.39752,
     "y":0.63665},
    {"x":0.42547,
     "y":0.6087},
    {"x":0.45652,
     "y":0.57453},
    {"x":0.49068,
     "y":0.54969},
    {"x":0.51553,
     "y":0.56522},
    {"x":0.54348,
     "y":0.5528},
    {"x":0.56211,
     "y":0.59317},
    {"x":0.58075,
     "y":0.63354},
    {"x":0.58696,
     "y":0.67391},
    {"x":0.59317,
     "y":0.71429},
    {"x":0.59006,
     "y":0.75466},
    {"x":0.61491,
     "y":0.74224},
    {"x":0.60559,
     "y":0.70186},
    {"x":0.59627,
     "y":0.66149},
    {"x":0.58696,
     "y":0.62112},
    {"x":0.57143,
     "y":0.58075},
    {"x":0.5528,
     "y":0.54037},
    {"x":0.57143,
     "y":0.53106},
    {"x":0.59317,
     "y":0.56211},
    {"x":0.6118,
     "y":0.59627},
    {"x":0.63975,
     "y":0.62733},
    {"x":0.67391,
     "y":0.6646},
    {"x":0.69876,
     "y":0.69876},
    {"x":0.73292,
     "y":0.73602},
    {"x":0.76398,
     "y":0.77329},
    {"x":0.80435,
     "y":0.80124},
    {"x":0.84472,
     "y":0.81988},
    {"x":0.88509,
     "y":0.82919},
    {"x":0.91925,
     "y":0.80745},
    {"x":0.9472,
     "y":0.7795},
    {"x":0.98137,
     "y":0.76087},
    {"x":0.98758,
     "y":0.72981},
    {"x":0.98137,
     "y":0.69255},
    {"x":0.98447,
     "y":0.65839},
    {"x":0.98758,
     "y":0.61801},
    {"x":1,
     "y":0.58075},
    {"x":0.98447,
     "y":0.54037},
    {"x":0.96894,
     "y":0.5},
    {"x":0.93478,
     "y":0.46894},
    {"x":0.95031,
     "y":0.44099},
    {"x":0.96273,
     "y":0.40994},
    {"x":0.98758,
     "y":0.37267},
    {"x":0.98137,
     "y":0.3323},
    {"x":0.98447,
     "y":0.29193},
    {"x":0.98137,
     "y":0.25155},
    {"x":0.99689,
     "y":0.21118},
    {"x":0.95652,
     "y":0.19876},
    {"x":0.92857,
     "y":0.1677},
    {"x":0.90683,
     "y":0.13043},
    {"x":0.87267,
     "y":0.11491},
    {"x":0.8354,
     "y":0.099379},
    {"x":0.79503,
     "y":0.074534},
    {"x":0.75776,
     "y":0.10248},
    {"x":0.72671,
     "y":0.14286},
    {"x":0.68634,
     "y":0.15528},
    {"x":0.64907,
     "y":0.1646},
    {"x":0.62112,
     "y":0.17391},
    {"x":0.59006,
     "y":0.16149},
    {"x":0.56832,
     "y":0.15528},
    {"x":0.54348,
     "y":0.12422},
    {"x":0.51242,
     "y":0.099379},
    {"x":0.49068,
     "y":0.068323},
    {"x":0.48447,
     "y":0.02795},
    {"x":0.46273,
     "y":0.0031056},
    {"x":0.42547,
     "y":0.0062112},
    {"x":0.38509,
     "y":0.0062112},
    {"x":0.34472,
     "y":0},
    {"x":0.31677,
     "y":0.024845},
    {"x":0.2764,
     "y":0.031056},
    {"x":0.23602,
     "y":0.031056},
    {"x":0.2205,
     "y":0.059006},
    {"x":0.21118,
     "y":0.099379},
    {"x":0.19255,
     "y":0.13975},
    {"x":0.18012,
     "y":0.17702},
    {"x":0.1646,
     "y":0.21739},
    {"x":0.17702,
     "y":0.25466},
    {"x":0.18944,
     "y":0.29503},
    {"x":0.15839,
     "y":0.31056},
    {"x":0.12422,
     "y":0.3354},
    {"x":0.090062,
     "y":0.36335},
    {"x":0.080745,
     "y":0.3913},
    {"x":0.068323,
     "y":0.41615}],
 "triangles":[
    {"p1":18,
     "p2":84,
     "p3":102},
    {"p1":66,
     "p2":68,
     "p3":79},
    {"p1":62,
     "p2":63,
     "p3":64},
    {"p1":84,
     "p2":86,
     "p3":102},
    {"p1":66,
     "p2":67,
     "p3":68},
    {"p1":60,
     "p2":62,
     "p3":64},
    {"p1":60,
     "p2":61,
     "p3":62},
    {"p1":46,
     "p2":47,
     "p3":64},
    {"p1":43,
     "p2":81,
     "p3":82},
    {"p1":18,
     "p2":43,
     "p3":82},
    {"p1":55,
     "p2":56,
     "p3":57},
    {"p1":55,
     "p2":57,
     "p3":58},
    {"p1":104,
     "p2":105,
     "p3":106},
    {"p1":13,
     "p2":104,
     "p3":106},
    {"p1":86,
     "p2":99,
     "p3":102},
    {"p1":86,
     "p2":98,
     "p3":99},
    {"p1":84,
     "p2":85,
     "p3":86},
    {"p1":88,
     "p2":89,
     "p3":90},
    {"p1":5,
     "p2":6,
     "p3":7},
    {"p1":15,
     "p2":16,
     "p3":102},
    {"p1":13,
     "p2":14,
     "p3":102},
    {"p1":14,
     "p2":15,
     "p3":102},
    {"p1":43,
     "p2":64,
     "p3":80},
    {"p1":43,
     "p2":80,
     "p3":81},
    {"p1":64,
     "p2":65,
     "p3":80},
    {"p1":66,
     "p2":79,
     "p3":80},
    {"p1":65,
     "p2":66,
     "p3":80},
    {"p1":68,
     "p2":69,
     "p3":79},
    {"p1":69,
     "p2":73,
     "p3":79},
    {"p1":73,
     "p2":75,
     "p3":79},
    {"p1":43,
     "p2":44,
     "p3":64},
    {"p1":44,
     "p2":46,
     "p3":64},
    {"p1":18,
     "p2":83,
     "p3":84},
    {"p1":18,
     "p2":82,
     "p3":83},
    {"p1":52,
     "p2":53,
     "p3":54},
    {"p1":52,
     "p2":54,
     "p3":55},
    {"p1":50,
     "p2":51,
     "p3":58},
    {"p1":51,
     "p2":55,
     "p3":58},
    {"p1":51,
     "p2":52,
     "p3":55},
    {"p1":94,
     "p2":95,
     "p3":96},
    {"p1":94,
     "p2":96,
     "p3":97},
    {"p1":93,
     "p2":94,
     "p3":97},
    {"p1":86,
     "p2":93,
     "p3":98},
    {"p1":93,
     "p2":97,
     "p3":98},
    {"p1":91,
     "p2":92,
     "p3":93},
    {"p1":13,
     "p2":102,
     "p3":103},
    {"p1":13,
     "p2":103,
     "p3":104},
    {"p1":99,
     "p2":101,
     "p3":102},
    {"p1":99,
     "p2":100,
     "p3":101},
    {"p1":17,
     "p2":18,
     "p3":102},
    {"p1":16,
     "p2":17,
     "p3":102},
    {"p1":69,
     "p2":72,
     "p3":73},
    {"p1":69,
     "p2":70,
     "p3":72},
    {"p1":70,
     "p2":71,
     "p3":72},
    {"p1":76,
     "p2":78,
     "p3":79},
    {"p1":75,
     "p2":76,
     "p3":79},
    {"p1":76,
     "p2":77,
     "p3":78},
    {"p1":73,
     "p2":74,
     "p3":75},
    {"p1":49,
     "p2":59,
     "p3":60},
    {"p1":49,
     "p2":50,
     "p3":58},
    {"p1":49,
     "p2":58,
     "p3":59},
    {"p1":86,
     "p2":87,
     "p3":93},
    {"p1":87,
     "p2":91,
     "p3":93},
    {"p1":87,
     "p2":90,
     "p3":91},
    {"p1":87,
     "p2":88,
     "p3":90},
    {"p1":12,
     "p2":13,
     "p3":106},
    {"p1":0,
     "p2":12,
     "p3":106},
    {"p1":44,
     "p2":45,
     "p3":46},
    {"p1":18,
     "p2":42,
     "p3":43},
    {"p1":48,
     "p2":49,
     "p3":60},
    {"p1":47,
     "p2":48,
     "p3":64},
    {"p1":48,
     "p2":60,
     "p3":64},
    {"p1":5,
     "p2":7,
     "p3":8},
    {"p1":5,
     "p2":8,
     "p3":9},
    {"p1":2,
     "p2":4,
     "p3":5},
    {"p1":2,
     "p2":5,
     "p3":9},
    {"p1":2,
     "p2":3,
     "p3":4},
    {"p1":2,
     "p2":9,
     "p3":10},
    {"p1":0,
     "p2":11,
     "p3":12},
    {"p1":0,
     "p2":2,
     "p3":11},
    {"p1":2,
     "p2":10,
     "p3":11},
    {"p1":23,
     "p2":24,
     "p3":25},
    {"p1":0,
     "p2":1,
     "p3":2},
    {"p1":22,
     "p2":23,
     "p3":25},
    {"p1":20,
     "p2":21,
     "p3":27},
    {"p1":20,
     "p2":27,
     "p3":28},
    {"p1":18,
     "p2":29,
     "p3":42},
    {"p1":21,
     "p2":26,
     "p3":27},
    {"p1":21,
     "p2":22,
     "p3":26},
    {"p1":22,
     "p2":25,
     "p3":26},
    {"p1":34,
     "p2":35,
     "p3":38},
    {"p1":35,
     "p2":36,
     "p3":37},
    {"p1":35,
     "p2":37,
     "p3":38},
    {"p1":34,
     "p2":38,
     "p3":39},
    {"p1":33,
     "p2":34,
     "p3":39},
    {"p1":33,
     "p2":39,
     "p3":40},
    {"p1":19,
     "p2":28,
     "p3":29},
    {"p1":19,
     "p2":20,
     "p3":28},
    {"p1":18,
     "p2":19,
     "p3":29},
    {"p1":32,
     "p2":33,
     "p3":40},
    {"p1":32,
     "p2":40,
     "p3":41},
    {"p1":31,
     "p2":41,
     "p3":42},
    {"p1":29,
     "p2":31,
     "p3":42},
    {"p1":29,
     "p2":30,
     "p3":31},
    {"p1":31,
     "p2":32,
     "p3":41}]
}