{"points":[
    {"x":0.24281,
     "y":0.47923},
    {"x":0.1853,
     "y":0.54633},
    {"x":0.14058,
     "y":0.59105},
    {"x":0.073482,
     "y":0.623},
    {"x":0.063898,
     "y":0.6901},
    {"x":0.019169,
     "y":0.71565},
    {"x":0,
     "y":0.77955},
    {"x":0.054313,
     "y":0.83067},
    {"x":0.095847,
     "y":0.86901},
    {"x":0.13099,
     "y":0.92332},
    {"x":0.19808,
     "y":0.92971},
    {"x":0.26518,
     "y":0.92971},
    {"x":0.29393,
     "y":0.8754},
    {"x":0.29712,
     "y":0.80831},
    {"x":0.3131,
     "y":0.74121},
    {"x":0.3131,
     "y":0.67412},
    {"x":0.33546,
     "y":0.63259},
    {"x":0.40256,
     "y":0.65815},
    {"x":0.40895,
     "y":0.72204},
    {"x":0.35144,
     "y":0.75399},
    {"x":0.38658,
     "y":0.80511},
    {"x":0.40575,
     "y":0.8722},
    {"x":0.46965,
     "y":0.90735},
    {"x":0.53674,
     "y":0.90415},
    {"x":0.59744,
     "y":0.84984},
    {"x":0.59744,
     "y":0.78275},
    {"x":0.60703,
     "y":0.71565},
    {"x":0.63578,
     "y":0.68051},
    {"x":0.6262,
     "y":0.72204},
    {"x":0.65495,
     "y":0.78594},
    {"x":0.66454,
     "y":0.84984},
    {"x":0.71565,
     "y":0.90415},
    {"x":0.78275,
     "y":0.90415},
    {"x":0.82748,
     "y":0.84665},
    {"x":0.84984,
     "y":0.77955},
    {"x":0.86581,
     "y":0.71246},
    {"x":0.86581,
     "y":0.64856},
    {"x":0.91374,
     "y":0.58147},
    {"x":0.96166,
     "y":0.51438},
    {"x":0.98083,
     "y":0.44728},
    {"x":1,
     "y":0.38019},
    {"x":0.97764,
     "y":0.3131},
    {"x":0.91374,
     "y":0.30032},
    {"x":0.89776,
     "y":0.36741},
    {"x":0.9393,
     "y":0.42812},
    {"x":0.9393,
     "y":0.49521},
    {"x":0.87859,
     "y":0.54633},
    {"x":0.84026,
     "y":0.48882},
    {"x":0.85942,
     "y":0.42492},
    {"x":0.87859,
     "y":0.38019},
    {"x":0.87859,
     "y":0.3131},
    {"x":0.89457,
     "y":0.24601},
    {"x":0.89457,
     "y":0.17891},
    {"x":0.91693,
     "y":0.11182},
    {"x":0.88818,
     "y":0.051118},
    {"x":0.82109,
     "y":0.041534},
    {"x":0.78914,
     "y":0.099042},
    {"x":0.85623,
     "y":0.14377},
    {"x":0.84665,
     "y":0.21086},
    {"x":0.84345,
     "y":0.27796},
    {"x":0.8147,
     "y":0.32907},
    {"x":0.7476,
     "y":0.33546},
    {"x":0.70288,
     "y":0.27796},
    {"x":0.68371,
     "y":0.21086},
    {"x":0.67412,
     "y":0.14377},
    {"x":0.66773,
     "y":0.076677},
    {"x":0.60064,
     "y":0.057508},
    {"x":0.59744,
     "y":0.12141},
    {"x":0.64537,
     "y":0.17252},
    {"x":0.66454,
     "y":0.23962},
    {"x":0.6869,
     "y":0.30671},
    {"x":0.65176,
     "y":0.34824},
    {"x":0.63898,
     "y":0.38019},
    {"x":0.57188,
     "y":0.3738},
    {"x":0.54952,
     "y":0.33227},
    {"x":0.51438,
     "y":0.28754},
    {"x":0.52716,
     "y":0.22045},
    {"x":0.53994,
     "y":0.15335},
    {"x":0.54633,
     "y":0.086262},
    {"x":0.53355,
     "y":0.019169},
    {"x":0.46645,
     "y":0},
    {"x":0.41214,
     "y":0.051118},
    {"x":0.47284,
     "y":0.092652},
    {"x":0.5016,
     "y":0.15335},
    {"x":0.49521,
     "y":0.22045},
    {"x":0.47923,
     "y":0.28754},
    {"x":0.41214,
     "y":0.30032},
    {"x":0.37061,
     "y":0.2492},
    {"x":0.34185,
     "y":0.18211},
    {"x":0.3099,
     "y":0.11502},
    {"x":0.28754,
     "y":0.054313},
    {"x":0.22045,
     "y":0.035144},
    {"x":0.15335,
     "y":0.063898},
    {"x":0.17572,
     "y":0.1246},
    {"x":0.24281,
     "y":0.12141},
    {"x":0.27157,
     "y":0.17891},
    {"x":0.30671,
     "y":0.24601},
    {"x":0.33866,
     "y":0.3131},
    {"x":0.29712,
     "y":0.36741},
    {"x":0.30671,
     "y":0.42492},
    {"x":0.24281,
     "y":0.47923},
    {"x":0.24281,
     "y":0.47923}],
 "triangles":[
    {"p1":53,
     "p2":54,
     "p3":57},
    {"p1":54,
     "p2":55,
     "p3":57},
    {"p1":37,
     "p2":38,
     "p3":46},
    {"p1":39,
     "p2":40,
     "p3":44},
    {"p1":38,
     "p2":45,
     "p3":46},
    {"p1":39,
     "p2":44,
     "p3":45},
    {"p1":38,
     "p2":39,
     "p3":45},
    {"p1":52,
     "p2":53,
     "p3":57},
    {"p1":17,
     "p2":18,
     "p3":26},
    {"p1":17,
     "p2":26,
     "p3":27},
    {"p1":91,
     "p2":92,
     "p3":93},
    {"p1":80,
     "p2":81,
     "p3":82},
    {"p1":79,
     "p2":80,
     "p3":82},
    {"p1":55,
     "p2":56,
     "p3":57},
    {"p1":65,
     "p2":66,
     "p3":67},
    {"p1":64,
     "p2":65,
     "p3":67},
    {"p1":4,
     "p2":8,
     "p3":13},
    {"p1":2,
     "p2":3,
     "p3":4},
    {"p1":27,
     "p2":47,
     "p3":72},
    {"p1":40,
     "p2":43,
     "p3":44},
    {"p1":40,
     "p2":41,
     "p3":43},
    {"p1":36,
     "p2":37,
     "p3":46},
    {"p1":36,
     "p2":46,
     "p3":47},
    {"p1":27,
     "p2":36,
     "p3":47},
    {"p1":17,
     "p2":27,
     "p3":73},
    {"p1":27,
     "p2":72,
     "p3":73},
    {"p1":8,
     "p2":9,
     "p3":10},
    {"p1":8,
     "p2":10,
     "p3":13},
    {"p1":18,
     "p2":25,
     "p3":26},
    {"p1":89,
     "p2":90,
     "p3":94},
    {"p1":91,
     "p2":93,
     "p3":94},
    {"p1":90,
     "p2":91,
     "p3":94},
    {"p1":0,
     "p2":1,
     "p3":16},
    {"p1":1,
     "p2":2,
     "p3":15},
    {"p1":1,
     "p2":15,
     "p3":16},
    {"p1":88,
     "p2":89,
     "p3":95},
    {"p1":89,
     "p2":94,
     "p3":95},
    {"p1":52,
     "p2":57,
     "p3":58},
    {"p1":51,
     "p2":52,
     "p3":58},
    {"p1":4,
     "p2":7,
     "p3":8},
    {"p1":5,
     "p2":6,
     "p3":7},
    {"p1":4,
     "p2":5,
     "p3":7},
    {"p1":41,
     "p2":42,
     "p3":43},
    {"p1":0,
     "p2":16,
     "p3":99},
    {"p1":16,
     "p2":17,
     "p3":99},
    {"p1":17,
     "p2":73,
     "p3":99},
    {"p1":4,
     "p2":13,
     "p3":14},
    {"p1":2,
     "p2":14,
     "p3":15},
    {"p1":2,
     "p2":4,
     "p3":14},
    {"p1":23,
     "p2":24,
     "p3":25},
    {"p1":87,
     "p2":96,
     "p3":97},
    {"p1":87,
     "p2":88,
     "p3":96},
    {"p1":88,
     "p2":95,
     "p3":96},
    {"p1":78,
     "p2":82,
     "p3":83},
    {"p1":78,
     "p2":79,
     "p3":82},
    {"p1":74,
     "p2":75,
     "p3":85},
    {"p1":75,
     "p2":84,
     "p3":85},
    {"p1":48,
     "p2":49,
     "p3":60},
    {"p1":76,
     "p2":83,
     "p3":84},
    {"p1":75,
     "p2":76,
     "p3":84},
    {"p1":27,
     "p2":35,
     "p3":36},
    {"p1":31,
     "p2":32,
     "p3":33},
    {"p1":30,
     "p2":31,
     "p3":33},
    {"p1":27,
     "p2":28,
     "p3":29},
    {"p1":29,
     "p2":30,
     "p3":33},
    {"p1":29,
     "p2":33,
     "p3":34},
    {"p1":27,
     "p2":29,
     "p3":35},
    {"p1":29,
     "p2":34,
     "p3":35},
    {"p1":18,
     "p2":19,
     "p3":20},
    {"p1":18,
     "p2":20,
     "p3":25},
    {"p1":10,
     "p2":11,
     "p3":12},
    {"p1":10,
     "p2":12,
     "p3":13},
    {"p1":86,
     "p2":87,
     "p3":97},
    {"p1":86,
     "p2":97,
     "p3":99},
    {"p1":73,
     "p2":86,
     "p3":99},
    {"p1":73,
     "p2":74,
     "p3":86},
    {"p1":74,
     "p2":85,
     "p3":86},
    {"p1":97,
     "p2":98,
     "p3":99},
    {"p1":51,
     "p2":58,
     "p3":59},
    {"p1":62,
     "p2":63,
     "p3":69},
    {"p1":63,
     "p2":68,
     "p3":69},
    {"p1":64,
     "p2":67,
     "p3":68},
    {"p1":63,
     "p2":64,
     "p3":68},
    {"p1":22,
     "p2":23,
     "p3":25},
    {"p1":20,
     "p2":22,
     "p3":25},
    {"p1":20,
     "p2":21,
     "p3":22},
    {"p1":50,
     "p2":59,
     "p3":60},
    {"p1":49,
     "p2":50,
     "p3":60},
    {"p1":50,
     "p2":51,
     "p3":59},
    {"p1":62,
     "p2":69,
     "p3":70},
    {"p1":61,
     "p2":62,
     "p3":70},
    {"p1":61,
     "p2":70,
     "p3":71},
    {"p1":61,
     "p2":71,
     "p3":72},
    {"p1":48,
     "p2":60,
     "p3":61},
    {"p1":47,
     "p2":61,
     "p3":72},
    {"p1":47,
     "p2":48,
     "p3":61},
    {"p1":76,
     "p2":77,
     "p3":83},
    {"p1":77,
     "p2":78,
     "p3":83}]
}