{"points":[
    {"x":0.070707,
     "y":0.50505},
    {"x":0.080808,
     "y":0.54882},
    {"x":0.084175,
     "y":0.58923},
    {"x":0.10438,
     "y":0.633},
    {"x":0.12795,
     "y":0.67677},
    {"x":0.11111,
     "y":0.69697},
    {"x":0.070707,
     "y":0.67677},
    {"x":0.026936,
     "y":0.68013},
    {"x":0.006734,
     "y":0.72391},
    {"x":0,
     "y":0.76768},
    {"x":0.023569,
     "y":0.81145},
    {"x":0.060606,
     "y":0.84848},
    {"x":0.10438,
     "y":0.87205},
    {"x":0.14141,
     "y":0.91582},
    {"x":0.17845,
     "y":0.94613},
    {"x":0.21886,
     "y":0.9798},
    {"x":0.26263,
     "y":1},
    {"x":0.3064,
     "y":0.98316},
    {"x":0.31987,
     "y":0.93939},
    {"x":0.35017,
     "y":0.89899},
    {"x":0.367,
     "y":0.86195},
    {"x":0.37037,
     "y":0.81818},
    {"x":0.367,
     "y":0.77441},
    {"x":0.36364,
     "y":0.73064},
    {"x":0.34343,
     "y":0.68687},
    {"x":0.3165,
     "y":0.64646},
    {"x":0.3367,
     "y":0.61279},
    {"x":0.37037,
     "y":0.6532},
    {"x":0.39731,
     "y":0.69697},
    {"x":0.41751,
     "y":0.74074},
    {"x":0.44781,
     "y":0.78451},
    {"x":0.49158,
     "y":0.81481},
    {"x":0.53535,
     "y":0.81818},
    {"x":0.57912,
     "y":0.79461},
    {"x":0.59933,
     "y":0.75084},
    {"x":0.60269,
     "y":0.70707},
    {"x":0.59933,
     "y":0.6633},
    {"x":0.63973,
     "y":0.68687},
    {"x":0.68013,
     "y":0.72054},
    {"x":0.72391,
     "y":0.73064},
    {"x":0.75758,
     "y":0.6936},
    {"x":0.78788,
     "y":0.64983},
    {"x":0.81145,
     "y":0.60606},
    {"x":0.83838,
     "y":0.56229},
    {"x":0.85522,
     "y":0.51852},
    {"x":0.86532,
     "y":0.47475},
    {"x":0.86869,
     "y":0.43098},
    {"x":0.86869,
     "y":0.38721},
    {"x":0.86532,
     "y":0.34343},
    {"x":0.86532,
     "y":0.29966},
    {"x":0.87879,
     "y":0.25589},
    {"x":0.88889,
     "y":0.21212},
    {"x":0.88215,
     "y":0.16835},
    {"x":0.83838,
     "y":0.16835},
    {"x":0.81818,
     "y":0.21212},
    {"x":0.82492,
     "y":0.25589},
    {"x":0.83838,
     "y":0.29966},
    {"x":0.83165,
     "y":0.34343},
    {"x":0.81481,
     "y":0.37374},
    {"x":0.78788,
     "y":0.32997},
    {"x":0.75084,
     "y":0.2862},
    {"x":0.71717,
     "y":0.24242},
    {"x":0.70034,
     "y":0.19865},
    {"x":0.69697,
     "y":0.15488},
    {"x":0.70707,
     "y":0.11111},
    {"x":0.71717,
     "y":0.06734},
    {"x":0.69697,
     "y":0.03367},
    {"x":0.6532,
     "y":0.023569},
    {"x":0.60943,
     "y":0.023569},
    {"x":0.56566,
     "y":0.037037},
    {"x":0.52189,
     "y":0.050505},
    {"x":0.51852,
     "y":0.090909},
    {"x":0.55892,
     "y":0.13131},
    {"x":0.58249,
     "y":0.17508},
    {"x":0.58249,
     "y":0.21886},
    {"x":0.56902,
     "y":0.25589},
    {"x":0.52525,
     "y":0.24916},
    {"x":0.48148,
     "y":0.25589},
    {"x":0.43771,
     "y":0.26936},
    {"x":0.39394,
     "y":0.28956},
    {"x":0.37374,
     "y":0.24916},
    {"x":0.37037,
     "y":0.20539},
    {"x":0.37037,
     "y":0.16162},
    {"x":0.37374,
     "y":0.11785},
    {"x":0.39057,
     "y":0.074074},
    {"x":0.39731,
     "y":0.03367},
    {"x":0.35354,
     "y":0.010101},
    {"x":0.30976,
     "y":0},
    {"x":0.26599,
     "y":0.006734},
    {"x":0.22222,
     "y":0.026936},
    {"x":0.18182,
     "y":0.047138},
    {"x":0.19529,
     "y":0.084175},
    {"x":0.23906,
     "y":0.10101},
    {"x":0.27946,
     "y":0.14141},
    {"x":0.27946,
     "y":0.18519},
    {"x":0.27609,
     "y":0.22896},
    {"x":0.23906,
     "y":0.24242},
    {"x":0.19529,
     "y":0.24916},
    {"x":0.15825,
     "y":0.27609},
    {"x":0.12458,
     "y":0.31313},
    {"x":0.090909,
     "y":0.35354},
    {"x":0.087542,
     "y":0.39731},
    {"x":0.063973,
     "y":0.43771},
    {"x":0.06734,
     "y":0.48148},
    {"x":0.070707,
     "y":0.50505}],
 "triangles":[
    {"p1":3,
     "p2":25,
     "p3":26},
    {"p1":36,
     "p2":42,
     "p3":58},
    {"p1":1,
     "p2":3,
     "p3":26},
    {"p1":3,
     "p2":4,
     "p3":25},
    {"p1":26,
     "p2":27,
     "p3":36},
    {"p1":51,
     "p2":52,
     "p3":53},
    {"p1":51,
     "p2":53,
     "p3":54},
    {"p1":43,
     "p2":44,
     "p3":58},
    {"p1":42,
     "p2":43,
     "p3":58},
    {"p1":89,
     "p2":90,
     "p3":91},
    {"p1":1,
     "p2":2,
     "p3":3},
    {"p1":5,
     "p2":9,
     "p3":10},
    {"p1":5,
     "p2":10,
     "p3":11},
    {"p1":5,
     "p2":11,
     "p3":12},
    {"p1":5,
     "p2":12,
     "p3":22},
    {"p1":4,
     "p2":5,
     "p3":22},
    {"p1":50,
     "p2":51,
     "p3":54},
    {"p1":36,
     "p2":58,
     "p3":59},
    {"p1":87,
     "p2":88,
     "p3":92},
    {"p1":88,
     "p2":89,
     "p3":92},
    {"p1":89,
     "p2":91,
     "p3":92},
    {"p1":26,
     "p2":36,
     "p3":79},
    {"p1":31,
     "p2":32,
     "p3":34},
    {"p1":32,
     "p2":33,
     "p3":34},
    {"p1":37,
     "p2":40,
     "p3":41},
    {"p1":36,
     "p2":37,
     "p3":42},
    {"p1":37,
     "p2":41,
     "p3":42},
    {"p1":12,
     "p2":13,
     "p3":22},
    {"p1":13,
     "p2":21,
     "p3":22},
    {"p1":13,
     "p2":19,
     "p3":21},
    {"p1":13,
     "p2":14,
     "p3":19},
    {"p1":0,
     "p2":1,
     "p3":26},
    {"p1":26,
     "p2":79,
     "p3":101},
    {"p1":79,
     "p2":99,
     "p3":101},
    {"p1":0,
     "p2":26,
     "p3":101},
    {"p1":0,
     "p2":101,
     "p3":103},
    {"p1":99,
     "p2":100,
     "p3":101},
    {"p1":101,
     "p2":102,
     "p3":103},
    {"p1":4,
     "p2":24,
     "p3":25},
    {"p1":4,
     "p2":22,
     "p3":24},
    {"p1":29,
     "p2":35,
     "p3":36},
    {"p1":5,
     "p2":8,
     "p3":9},
    {"p1":44,
     "p2":45,
     "p3":58},
    {"p1":45,
     "p2":46,
     "p3":58},
    {"p1":83,
     "p2":86,
     "p3":87},
    {"p1":62,
     "p2":63,
     "p3":73},
    {"p1":36,
     "p2":75,
     "p3":77},
    {"p1":36,
     "p2":59,
     "p3":75},
    {"p1":59,
     "p2":60,
     "p3":75},
    {"p1":60,
     "p2":61,
     "p3":75},
    {"p1":19,
     "p2":20,
     "p3":21},
    {"p1":15,
     "p2":16,
     "p3":18},
    {"p1":16,
     "p2":17,
     "p3":18},
    {"p1":14,
     "p2":15,
     "p3":18},
    {"p1":14,
     "p2":18,
     "p3":19},
    {"p1":38,
     "p2":39,
     "p3":40},
    {"p1":37,
     "p2":38,
     "p3":40},
    {"p1":30,
     "p2":31,
     "p3":34},
    {"p1":30,
     "p2":34,
     "p3":35},
    {"p1":29,
     "p2":30,
     "p3":35},
    {"p1":22,
     "p2":23,
     "p3":24},
    {"p1":6,
     "p2":7,
     "p3":8},
    {"p1":5,
     "p2":6,
     "p3":8},
    {"p1":46,
     "p2":47,
     "p3":58},
    {"p1":47,
     "p2":57,
     "p3":58},
    {"p1":81,
     "p2":94,
     "p3":95},
    {"p1":87,
     "p2":92,
     "p3":93},
    {"p1":83,
     "p2":87,
     "p3":93},
    {"p1":63,
     "p2":64,
     "p3":72},
    {"p1":63,
     "p2":72,
     "p3":73},
    {"p1":75,
     "p2":76,
     "p3":77},
    {"p1":62,
     "p2":73,
     "p3":74},
    {"p1":61,
     "p2":62,
     "p3":74},
    {"p1":61,
     "p2":74,
     "p3":75},
    {"p1":50,
     "p2":54,
     "p3":55},
    {"p1":79,
     "p2":95,
     "p3":96},
    {"p1":96,
     "p2":97,
     "p3":98},
    {"p1":96,
     "p2":98,
     "p3":99},
    {"p1":79,
     "p2":96,
     "p3":99},
    {"p1":27,
     "p2":28,
     "p3":36},
    {"p1":28,
     "p2":29,
     "p3":36},
    {"p1":47,
     "p2":48,
     "p3":57},
    {"p1":48,
     "p2":49,
     "p3":56},
    {"p1":48,
     "p2":56,
     "p3":57},
    {"p1":36,
     "p2":77,
     "p3":78},
    {"p1":36,
     "p2":78,
     "p3":79},
    {"p1":82,
     "p2":83,
     "p3":93},
    {"p1":81,
     "p2":82,
     "p3":94},
    {"p1":82,
     "p2":93,
     "p3":94},
    {"p1":83,
     "p2":84,
     "p3":86},
    {"p1":84,
     "p2":85,
     "p3":86},
    {"p1":65,
     "p2":66,
     "p3":67},
    {"p1":64,
     "p2":65,
     "p3":67},
    {"p1":69,
     "p2":70,
     "p3":71},
    {"p1":69,
     "p2":71,
     "p3":72},
    {"p1":79,
     "p2":80,
     "p3":95},
    {"p1":80,
     "p2":81,
     "p3":95},
    {"p1":68,
     "p2":69,
     "p3":72},
    {"p1":64,
     "p2":68,
     "p3":72},
    {"p1":64,
     "p2":67,
     "p3":68},
    {"p1":49,
     "p2":55,
     "p3":56},
    {"p1":49,
     "p2":50,
     "p3":55}]
}