{"points":[
    {"x":0.029412,
     "y":0.4902},
    {"x":0.058824,
     "y":0.53268},
    {"x":0.10131,
     "y":0.56863},
    {"x":0.14052,
     "y":0.60784},
    {"x":0.18301,
     "y":0.63399},
    {"x":0.19935,
     "y":0.66667},
    {"x":0.16993,
     "y":0.69935},
    {"x":0.1732,
     "y":0.74183},
    {"x":0.21242,
     "y":0.77778},
    {"x":0.2549,
     "y":0.79085},
    {"x":0.29739,
     "y":0.77451},
    {"x":0.31373,
     "y":0.73203},
    {"x":0.33987,
     "y":0.69935},
    {"x":0.36928,
     "y":0.72876},
    {"x":0.34967,
     "y":0.77124},
    {"x":0.35948,
     "y":0.81373},
    {"x":0.38889,
     "y":0.85294},
    {"x":0.43137,
     "y":0.86601},
    {"x":0.47386,
     "y":0.85948},
    {"x":0.50654,
     "y":0.8268},
    {"x":0.5098,
     "y":0.78431},
    {"x":0.50654,
     "y":0.74183},
    {"x":0.54248,
     "y":0.70261},
    {"x":0.58497,
     "y":0.68301},
    {"x":0.60131,
     "y":0.72222},
    {"x":0.59477,
     "y":0.76471},
    {"x":0.59804,
     "y":0.80719},
    {"x":0.56863,
     "y":0.84314},
    {"x":0.5817,
     "y":0.88562},
    {"x":0.60458,
     "y":0.92484},
    {"x":0.61765,
     "y":0.96732},
    {"x":0.65686,
     "y":0.98693},
    {"x":0.69935,
     "y":1},
    {"x":0.74183,
     "y":0.99673},
    {"x":0.78431,
     "y":0.97059},
    {"x":0.80392,
     "y":0.9281},
    {"x":0.84641,
     "y":0.9085},
    {"x":0.88235,
     "y":0.89869},
    {"x":0.90196,
     "y":0.85621},
    {"x":0.89869,
     "y":0.81373},
    {"x":0.85948,
     "y":0.77451},
    {"x":0.82026,
     "y":0.76471},
    {"x":0.83333,
     "y":0.72222},
    {"x":0.83333,
     "y":0.67974},
    {"x":0.8366,
     "y":0.63725},
    {"x":0.83333,
     "y":0.59477},
    {"x":0.82353,
     "y":0.55229},
    {"x":0.81373,
     "y":0.5098},
    {"x":0.80392,
     "y":0.46732},
    {"x":0.77778,
     "y":0.42484},
    {"x":0.74183,
     "y":0.38235},
    {"x":0.69935,
     "y":0.37255},
    {"x":0.65686,
     "y":0.39216},
    {"x":0.62418,
     "y":0.37908},
    {"x":0.61765,
     "y":0.3366},
    {"x":0.62418,
     "y":0.29412},
    {"x":0.61765,
     "y":0.25163},
    {"x":0.58497,
     "y":0.21242},
    {"x":0.55229,
     "y":0.17974},
    {"x":0.55229,
     "y":0.13725},
    {"x":0.55229,
     "y":0.094771},
    {"x":0.58824,
     "y":0.065359},
    {"x":0.58824,
     "y":0.022876},
    {"x":0.54575,
     "y":0.0065359},
    {"x":0.50327,
     "y":0},
    {"x":0.46732,
     "y":0.022876},
    {"x":0.47386,
     "y":0.065359},
    {"x":0.47059,
     "y":0.10784},
    {"x":0.47059,
     "y":0.15033},
    {"x":0.47059,
     "y":0.19281},
    {"x":0.45425,
     "y":0.23529},
    {"x":0.42484,
     "y":0.27124},
    {"x":0.41503,
     "y":0.31373},
    {"x":0.37908,
     "y":0.33007},
    {"x":0.3366,
     "y":0.33333},
    {"x":0.30065,
     "y":0.31699},
    {"x":0.28105,
     "y":0.27451},
    {"x":0.27124,
     "y":0.23203},
    {"x":0.26144,
     "y":0.18954},
    {"x":0.25817,
     "y":0.14706},
    {"x":0.2549,
     "y":0.10458},
    {"x":0.29739,
     "y":0.065359},
    {"x":0.29085,
     "y":0.029412},
    {"x":0.24837,
     "y":0.026144},
    {"x":0.22876,
     "y":0.068627},
    {"x":0.21895,
     "y":0.11111},
    {"x":0.20261,
     "y":0.15359},
    {"x":0.17647,
     "y":0.16993},
    {"x":0.18301,
     "y":0.12745},
    {"x":0.19281,
     "y":0.084967},
    {"x":0.22222,
     "y":0.042484},
    {"x":0.19608,
     "y":0.019608},
    {"x":0.15359,
     "y":0.01634},
    {"x":0.13072,
     "y":0.052288},
    {"x":0.13399,
     "y":0.094771},
    {"x":0.12745,
     "y":0.13725},
    {"x":0.098039,
     "y":0.17647},
    {"x":0.081699,
     "y":0.21569},
    {"x":0.062092,
     "y":0.25817},
    {"x":0.045752,
     "y":0.30065},
    {"x":0.04902,
     "y":0.34314},
    {"x":0.03268,
     "y":0.34967},
    {"x":0,
     "y":0.35621},
    {"x":0,
     "y":0.39869},
    {"x":0.003268,
     "y":0.44118},
    {"x":0.022876,
     "y":0.48366},
    {"x":0.029412,
     "y":0.4902}],
 "triangles":[
    {"p1":61,
     "p2":62,
     "p3":63},
    {"p1":12,
     "p2":73,
     "p3":74},
    {"p1":4,
     "p2":12,
     "p3":74},
    {"p1":3,
     "p2":4,
     "p3":74},
    {"p1":4,
     "p2":5,
     "p3":12},
    {"p1":5,
     "p2":6,
     "p3":7},
    {"p1":53,
     "p2":72,
     "p3":73},
    {"p1":89,
     "p2":91,
     "p3":92},
    {"p1":2,
     "p2":3,
     "p3":75},
    {"p1":3,
     "p2":74,
     "p3":75},
    {"p1":76,
     "p2":97,
     "p3":98},
    {"p1":89,
     "p2":92,
     "p3":93},
    {"p1":89,
     "p2":93,
     "p3":94},
    {"p1":55,
     "p2":56,
     "p3":57},
    {"p1":50,
     "p2":51,
     "p3":52},
    {"p1":5,
     "p2":7,
     "p3":8},
    {"p1":81,
     "p2":82,
     "p3":83},
    {"p1":81,
     "p2":83,
     "p3":84},
    {"p1":1,
     "p2":2,
     "p3":100},
    {"p1":2,
     "p2":75,
     "p3":100},
    {"p1":75,
     "p2":76,
     "p3":100},
    {"p1":100,
     "p2":103,
     "p3":104},
    {"p1":98,
     "p2":99,
     "p3":100},
    {"p1":76,
     "p2":98,
     "p3":100},
    {"p1":57,
     "p2":58,
     "p3":70},
    {"p1":55,
     "p2":57,
     "p3":70},
    {"p1":70,
     "p2":71,
     "p3":72},
    {"p1":53,
     "p2":54,
     "p3":72},
    {"p1":54,
     "p2":70,
     "p3":72},
    {"p1":54,
     "p2":55,
     "p3":70},
    {"p1":5,
     "p2":11,
     "p3":12},
    {"p1":5,
     "p2":8,
     "p3":11},
    {"p1":8,
     "p2":9,
     "p3":11},
    {"p1":23,
     "p2":52,
     "p3":53},
    {"p1":23,
     "p2":47,
     "p3":52},
    {"p1":63,
     "p2":64,
     "p3":66},
    {"p1":64,
     "p2":65,
     "p3":66},
    {"p1":58,
     "p2":59,
     "p3":68},
    {"p1":59,
     "p2":67,
     "p3":68},
    {"p1":89,
     "p2":90,
     "p3":91},
    {"p1":88,
     "p2":89,
     "p3":94},
    {"p1":88,
     "p2":94,
     "p3":95},
    {"p1":80,
     "p2":81,
     "p3":84},
    {"p1":80,
     "p2":84,
     "p3":85},
    {"p1":79,
     "p2":80,
     "p3":85},
    {"p1":0,
     "p2":1,
     "p3":100},
    {"p1":0,
     "p2":104,
     "p3":105},
    {"p1":0,
     "p2":100,
     "p3":104},
    {"p1":101,
     "p2":102,
     "p3":103},
    {"p1":100,
     "p2":101,
     "p3":103},
    {"p1":58,
     "p2":68,
     "p3":69},
    {"p1":58,
     "p2":69,
     "p3":70},
    {"p1":49,
     "p2":50,
     "p3":52},
    {"p1":23,
     "p2":24,
     "p3":43},
    {"p1":36,
     "p2":40,
     "p3":41},
    {"p1":36,
     "p2":37,
     "p3":38},
    {"p1":36,
     "p2":38,
     "p3":39},
    {"p1":36,
     "p2":39,
     "p3":40},
    {"p1":35,
     "p2":36,
     "p3":41},
    {"p1":31,
     "p2":32,
     "p3":35},
    {"p1":32,
     "p2":33,
     "p3":35},
    {"p1":33,
     "p2":34,
     "p3":35},
    {"p1":26,
     "p2":35,
     "p3":41},
    {"p1":9,
     "p2":10,
     "p3":11},
    {"p1":23,
     "p2":45,
     "p3":46},
    {"p1":23,
     "p2":46,
     "p3":47},
    {"p1":60,
     "p2":66,
     "p3":67},
    {"p1":59,
     "p2":60,
     "p3":67},
    {"p1":60,
     "p2":61,
     "p3":63},
    {"p1":60,
     "p2":63,
     "p3":66},
    {"p1":77,
     "p2":78,
     "p3":87},
    {"p1":87,
     "p2":95,
     "p3":96},
    {"p1":87,
     "p2":88,
     "p3":95},
    {"p1":87,
     "p2":96,
     "p3":97},
    {"p1":76,
     "p2":77,
     "p3":87},
    {"p1":76,
     "p2":87,
     "p3":97},
    {"p1":79,
     "p2":85,
     "p3":86},
    {"p1":78,
     "p2":79,
     "p3":86},
    {"p1":78,
     "p2":86,
     "p3":87},
    {"p1":47,
     "p2":48,
     "p3":52},
    {"p1":48,
     "p2":49,
     "p3":52},
    {"p1":12,
     "p2":22,
     "p3":73},
    {"p1":22,
     "p2":53,
     "p3":73},
    {"p1":22,
     "p2":23,
     "p3":53},
    {"p1":12,
     "p2":13,
     "p3":22},
    {"p1":13,
     "p2":21,
     "p3":22},
    {"p1":13,
     "p2":14,
     "p3":15},
    {"p1":24,
     "p2":41,
     "p3":42},
    {"p1":24,
     "p2":42,
     "p3":43},
    {"p1":23,
     "p2":44,
     "p3":45},
    {"p1":23,
     "p2":43,
     "p3":44},
    {"p1":24,
     "p2":25,
     "p3":41},
    {"p1":25,
     "p2":26,
     "p3":41},
    {"p1":29,
     "p2":30,
     "p3":31},
    {"p1":29,
     "p2":31,
     "p3":35},
    {"p1":26,
     "p2":29,
     "p3":35},
    {"p1":13,
     "p2":15,
     "p3":20},
    {"p1":13,
     "p2":20,
     "p3":21},
    {"p1":26,
     "p2":27,
     "p3":28},
    {"p1":26,
     "p2":28,
     "p3":29},
    {"p1":15,
     "p2":16,
     "p3":17},
    {"p1":15,
     "p2":17,
     "p3":20},
    {"p1":18,
     "p2":19,
     "p3":20},
    {"p1":17,
     "p2":18,
     "p3":20}]
}