{"points":[
    {"x":0.13621,
     "y":0.49169},
    {"x":0.1196,
     "y":0.54153},
    {"x":0.10963,
     "y":0.58804},
    {"x":0.10299,
     "y":0.63787},
    {"x":0.10299,
     "y":0.68771},
    {"x":0.10963,
     "y":0.73754},
    {"x":0.1196,
     "y":0.78073},
    {"x":0.069767,
     "y":0.76744},
    {"x":0.023256,
     "y":0.79402},
    {"x":0,
     "y":0.83389},
    {"x":0.019934,
     "y":0.88372},
    {"x":0.063123,
     "y":0.91694},
    {"x":0.11296,
     "y":0.92691},
    {"x":0.13621,
     "y":0.97674},
    {"x":0.18272,
     "y":0.99668},
    {"x":0.22924,
     "y":1},
    {"x":0.27907,
     "y":0.97674},
    {"x":0.30233,
     "y":0.93355},
    {"x":0.31229,
     "y":0.88372},
    {"x":0.31561,
     "y":0.83389},
    {"x":0.30565,
     "y":0.78738},
    {"x":0.29236,
     "y":0.74086},
    {"x":0.299,
     "y":0.69435},
    {"x":0.30897,
     "y":0.64452},
    {"x":0.3588,
     "y":0.64452},
    {"x":0.39867,
     "y":0.68771},
    {"x":0.44186,
     "y":0.7309},
    {"x":0.48837,
     "y":0.77076},
    {"x":0.53156,
     "y":0.76744},
    {"x":0.57143,
     "y":0.76744},
    {"x":0.62126,
     "y":0.75083},
    {"x":0.66113,
     "y":0.71096},
    {"x":0.67774,
     "y":0.66113},
    {"x":0.701,
     "y":0.6113},
    {"x":0.72757,
     "y":0.56146},
    {"x":0.75748,
     "y":0.51163},
    {"x":0.76412,
     "y":0.46179},
    {"x":0.75415,
     "y":0.41196},
    {"x":0.76744,
     "y":0.36213},
    {"x":0.75748,
     "y":0.31229},
    {"x":0.71429,
     "y":0.27907},
    {"x":0.67442,
     "y":0.32558},
    {"x":0.67442,
     "y":0.37542},
    {"x":0.71761,
     "y":0.41528},
    {"x":0.70764,
     "y":0.44518},
    {"x":0.66445,
     "y":0.39535},
    {"x":0.66445,
     "y":0.34551},
    {"x":0.66445,
     "y":0.29568},
    {"x":0.69767,
     "y":0.24585},
    {"x":0.69767,
     "y":0.19601},
    {"x":0.71096,
     "y":0.14618},
    {"x":0.72093,
     "y":0.096346},
    {"x":0.7309,
     "y":0.046512},
    {"x":0.69435,
     "y":0.016611},
    {"x":0.64452,
     "y":0.0099668},
    {"x":0.60133,
     "y":0.043189},
    {"x":0.64784,
     "y":0.079734},
    {"x":0.6711,
     "y":0.11628},
    {"x":0.65781,
     "y":0.16611},
    {"x":0.63123,
     "y":0.21262},
    {"x":0.61794,
     "y":0.26246},
    {"x":0.59468,
     "y":0.31229},
    {"x":0.56478,
     "y":0.3289},
    {"x":0.54485,
     "y":0.27907},
    {"x":0.53156,
     "y":0.22924},
    {"x":0.50498,
     "y":0.1794},
    {"x":0.48505,
     "y":0.12957},
    {"x":0.45847,
     "y":0.093023},
    {"x":0.4485,
     "y":0.13621},
    {"x":0.45183,
     "y":0.18605},
    {"x":0.46512,
     "y":0.23588},
    {"x":0.48505,
     "y":0.28571},
    {"x":0.50831,
     "y":0.33555},
    {"x":0.48837,
     "y":0.36545},
    {"x":0.43854,
     "y":0.36545},
    {"x":0.40199,
     "y":0.34884},
    {"x":0.40864,
     "y":0.299},
    {"x":0.43189,
     "y":0.25581},
    {"x":0.42857,
     "y":0.20598},
    {"x":0.42525,
     "y":0.15615},
    {"x":0.42193,
     "y":0.10631},
    {"x":0.39203,
     "y":0.10299},
    {"x":0.38538,
     "y":0.15282},
    {"x":0.37542,
     "y":0.20266},
    {"x":0.34551,
     "y":0.24585},
    {"x":0.35216,
     "y":0.29568},
    {"x":0.32226,
     "y":0.27575},
    {"x":0.299,
     "y":0.22591},
    {"x":0.26246,
     "y":0.17608},
    {"x":0.24252,
     "y":0.12625},
    {"x":0.22591,
     "y":0.076412},
    {"x":0.21262,
     "y":0.026578},
    {"x":0.16279,
     "y":0.013289},
    {"x":0.11296,
     "y":0},
    {"x":0.07309,
     "y":0.039867},
    {"x":0.1196,
     "y":0.07309},
    {"x":0.16944,
     "y":0.1196},
    {"x":0.20266,
     "y":0.16944},
    {"x":0.21595,
     "y":0.21927},
    {"x":0.2392,
     "y":0.2691},
    {"x":0.25914,
     "y":0.31894},
    {"x":0.29236,
     "y":0.36877},
    {"x":0.27243,
     "y":0.40199},
    {"x":0.22259,
     "y":0.41196},
    {"x":0.18605,
     "y":0.4485},
    {"x":0.13953,
     "y":0.46512},
    {"x":0.13621,
     "y":0.49169}],
 "triangles":[
    {"p1":14,
     "p2":15,
     "p3":17},
    {"p1":93,
     "p2":94,
     "p3":95},
    {"p1":0,
     "p2":104,
     "p3":105},
    {"p1":0,
     "p2":1,
     "p3":104},
    {"p1":102,
     "p2":103,
     "p3":104},
    {"p1":49,
     "p2":50,
     "p3":58},
    {"p1":54,
     "p2":55,
     "p3":56},
    {"p1":53,
     "p2":54,
     "p3":56},
    {"p1":52,
     "p2":53,
     "p3":56},
    {"p1":51,
     "p2":52,
     "p3":56},
    {"p1":28,
     "p2":29,
     "p3":32},
    {"p1":25,
     "p2":32,
     "p3":33},
    {"p1":8,
     "p2":9,
     "p3":10},
    {"p1":5,
     "p2":21,
     "p3":22},
    {"p1":86,
     "p2":99,
     "p3":100},
    {"p1":86,
     "p2":100,
     "p3":101},
    {"p1":92,
     "p2":93,
     "p3":95},
    {"p1":92,
     "p2":95,
     "p3":96},
    {"p1":50,
     "p2":57,
     "p3":58},
    {"p1":50,
     "p2":51,
     "p3":57},
    {"p1":51,
     "p2":56,
     "p3":57},
    {"p1":15,
     "p2":16,
     "p3":17},
    {"p1":23,
     "p2":102,
     "p3":104},
    {"p1":1,
     "p2":23,
     "p3":104},
    {"p1":3,
     "p2":22,
     "p3":23},
    {"p1":26,
     "p2":28,
     "p3":32},
    {"p1":25,
     "p2":26,
     "p3":32},
    {"p1":49,
     "p2":58,
     "p3":59},
    {"p1":48,
     "p2":49,
     "p3":59},
    {"p1":12,
     "p2":17,
     "p3":18},
    {"p1":12,
     "p2":13,
     "p3":14},
    {"p1":12,
     "p2":14,
     "p3":17},
    {"p1":4,
     "p2":5,
     "p3":22},
    {"p1":3,
     "p2":4,
     "p3":22},
    {"p1":6,
     "p2":20,
     "p3":21},
    {"p1":5,
     "p2":6,
     "p3":21},
    {"p1":6,
     "p2":19,
     "p3":20},
    {"p1":6,
     "p2":18,
     "p3":19},
    {"p1":6,
     "p2":12,
     "p3":18},
    {"p1":6,
     "p2":11,
     "p3":12},
    {"p1":6,
     "p2":8,
     "p3":10},
    {"p1":6,
     "p2":10,
     "p3":11},
    {"p1":86,
     "p2":87,
     "p3":99},
    {"p1":87,
     "p2":98,
     "p3":99},
    {"p1":64,
     "p2":65,
     "p3":70},
    {"p1":1,
     "p2":2,
     "p3":23},
    {"p1":2,
     "p2":3,
     "p3":23},
    {"p1":26,
     "p2":27,
     "p3":28},
    {"p1":33,
     "p2":44,
     "p3":45},
    {"p1":25,
     "p2":33,
     "p3":73},
    {"p1":33,
     "p2":45,
     "p3":73},
    {"p1":6,
     "p2":7,
     "p3":8},
    {"p1":34,
     "p2":35,
     "p3":44},
    {"p1":33,
     "p2":34,
     "p3":44},
    {"p1":35,
     "p2":36,
     "p3":44},
    {"p1":36,
     "p2":37,
     "p3":44},
    {"p1":37,
     "p2":43,
     "p3":44},
    {"p1":38,
     "p2":42,
     "p3":43},
    {"p1":37,
     "p2":38,
     "p3":43},
    {"p1":39,
     "p2":40,
     "p3":41},
    {"p1":38,
     "p2":39,
     "p3":41},
    {"p1":38,
     "p2":41,
     "p3":42},
    {"p1":75,
     "p2":101,
     "p3":102},
    {"p1":24,
     "p2":25,
     "p3":73},
    {"p1":23,
     "p2":24,
     "p3":102},
    {"p1":64,
     "p2":70,
     "p3":71},
    {"p1":87,
     "p2":88,
     "p3":98},
    {"p1":89,
     "p2":96,
     "p3":97},
    {"p1":88,
     "p2":97,
     "p3":98},
    {"p1":88,
     "p2":89,
     "p3":97},
    {"p1":89,
     "p2":90,
     "p3":96},
    {"p1":90,
     "p2":91,
     "p3":92},
    {"p1":90,
     "p2":92,
     "p3":96},
    {"p1":66,
     "p2":67,
     "p3":68},
    {"p1":80,
     "p2":81,
     "p3":82},
    {"p1":79,
     "p2":82,
     "p3":83},
    {"p1":78,
     "p2":79,
     "p3":83},
    {"p1":79,
     "p2":80,
     "p3":82},
    {"p1":85,
     "p2":86,
     "p3":101},
    {"p1":75,
     "p2":85,
     "p3":101},
    {"p1":24,
     "p2":73,
     "p3":74},
    {"p1":74,
     "p2":75,
     "p3":102},
    {"p1":24,
     "p2":74,
     "p3":102},
    {"p1":65,
     "p2":66,
     "p3":69},
    {"p1":66,
     "p2":68,
     "p3":69},
    {"p1":65,
     "p2":69,
     "p3":70},
    {"p1":45,
     "p2":62,
     "p3":73},
    {"p1":77,
     "p2":83,
     "p3":84},
    {"p1":77,
     "p2":78,
     "p3":83},
    {"p1":75,
     "p2":76,
     "p3":85},
    {"p1":76,
     "p2":84,
     "p3":85},
    {"p1":76,
     "p2":77,
     "p3":84},
    {"p1":45,
     "p2":46,
     "p3":61},
    {"p1":45,
     "p2":61,
     "p3":62},
    {"p1":46,
     "p2":47,
     "p3":61},
    {"p1":62,
     "p2":72,
     "p3":73},
    {"p1":63,
     "p2":64,
     "p3":71},
    {"p1":63,
     "p2":71,
     "p3":72},
    {"p1":62,
     "p2":63,
     "p3":72},
    {"p1":47,
     "p2":60,
     "p3":61},
    {"p1":47,
     "p2":48,
     "p3":60},
    {"p1":48,
     "p2":59,
     "p3":60},
    {"p1":29,
     "p2":30,
     "p3":32},
    {"p1":30,
     "p2":31,
     "p3":32}]
}