{"points":[
    {"x":0.15194,
     "y":0.51237},
    {"x":0.13428,
     "y":0.5583},
    {"x":0.12367,
     "y":0.60424},
    {"x":0.13074,
     "y":0.65018},
    {"x":0.13781,
     "y":0.69611},
    {"x":0.12367,
     "y":0.71378},
    {"x":0.077739,
     "y":0.69258},
    {"x":0.038869,
     "y":0.70671},
    {"x":0,
     "y":0.73852},
    {"x":0.0070671,
     "y":0.78445},
    {"x":0.031802,
     "y":0.83039},
    {"x":0.070671,
     "y":0.85866},
    {"x":0.095406,
     "y":0.90459},
    {"x":0.12014,
     "y":0.94346},
    {"x":0.15548,
     "y":0.98587},
    {"x":0.20141,
     "y":1},
    {"x":0.24735,
     "y":0.9894},
    {"x":0.26502,
     "y":0.947},
    {"x":0.25795,
     "y":0.90106},
    {"x":0.25088,
     "y":0.85512},
    {"x":0.25442,
     "y":0.80919},
    {"x":0.26855,
     "y":0.76325},
    {"x":0.29329,
     "y":0.71731},
    {"x":0.33922,
     "y":0.68551},
    {"x":0.38516,
     "y":0.67491},
    {"x":0.4311,
     "y":0.68551},
    {"x":0.4735,
     "y":0.72792},
    {"x":0.50177,
     "y":0.77032},
    {"x":0.48057,
     "y":0.79152},
    {"x":0.45936,
     "y":0.83039},
    {"x":0.4735,
     "y":0.87633},
    {"x":0.51237,
     "y":0.91519},
    {"x":0.5583,
     "y":0.9364},
    {"x":0.60424,
     "y":0.93993},
    {"x":0.63958,
     "y":0.91166},
    {"x":0.66078,
     "y":0.86572},
    {"x":0.68551,
     "y":0.87986},
    {"x":0.72792,
     "y":0.91519},
    {"x":0.77385,
     "y":0.9258},
    {"x":0.81979,
     "y":0.92933},
    {"x":0.86219,
     "y":0.89046},
    {"x":0.87279,
     "y":0.84452},
    {"x":0.87986,
     "y":0.79859},
    {"x":0.86572,
     "y":0.75618},
    {"x":0.81979,
     "y":0.75265},
    {"x":0.82332,
     "y":0.70671},
    {"x":0.86219,
     "y":0.66431},
    {"x":0.89753,
     "y":0.61837},
    {"x":0.91519,
     "y":0.57244},
    {"x":0.9364,
     "y":0.5265},
    {"x":0.947,
     "y":0.48057},
    {"x":0.947,
     "y":0.43463},
    {"x":0.93993,
     "y":0.38869},
    {"x":0.9258,
     "y":0.34276},
    {"x":0.9258,
     "y":0.29682},
    {"x":0.91166,
     "y":0.25088},
    {"x":0.87633,
     "y":0.27915},
    {"x":0.88339,
     "y":0.32509},
    {"x":0.90459,
     "y":0.37102},
    {"x":0.90813,
     "y":0.41696},
    {"x":0.90813,
     "y":0.4629},
    {"x":0.89399,
     "y":0.4841},
    {"x":0.88339,
     "y":0.43816},
    {"x":0.86926,
     "y":0.39223},
    {"x":0.85866,
     "y":0.34629},
    {"x":0.84099,
     "y":0.30035},
    {"x":0.83746,
     "y":0.25442},
    {"x":0.83746,
     "y":0.20848},
    {"x":0.83746,
     "y":0.16254},
    {"x":0.83746,
     "y":0.11661},
    {"x":0.83392,
     "y":0.070671},
    {"x":0.80212,
     "y":0.031802},
    {"x":0.75618,
     "y":0.028269},
    {"x":0.71025,
     "y":0.035336},
    {"x":0.68551,
     "y":0.070671},
    {"x":0.71731,
     "y":0.10601},
    {"x":0.71731,
     "y":0.15194},
    {"x":0.71025,
     "y":0.19788},
    {"x":0.69258,
     "y":0.24382},
    {"x":0.67491,
     "y":0.28975},
    {"x":0.66431,
     "y":0.33569},
    {"x":0.62191,
     "y":0.34276},
    {"x":0.57597,
     "y":0.34276},
    {"x":0.53004,
     "y":0.34276},
    {"x":0.49117,
     "y":0.33569},
    {"x":0.47703,
     "y":0.28975},
    {"x":0.46996,
     "y":0.24382},
    {"x":0.46643,
     "y":0.19788},
    {"x":0.46643,
     "y":0.15194},
    {"x":0.4629,
     "y":0.10601},
    {"x":0.46643,
     "y":0.060071},
    {"x":0.45936,
     "y":0.014134},
    {"x":0.41343,
     "y":0},
    {"x":0.36749,
     "y":0.017668},
    {"x":0.36042,
     "y":0.056537},
    {"x":0.39223,
     "y":0.10247},
    {"x":0.38869,
     "y":0.14841},
    {"x":0.38516,
     "y":0.19435},
    {"x":0.37809,
     "y":0.24028},
    {"x":0.34629,
     "y":0.26855},
    {"x":0.30035,
     "y":0.27208},
    {"x":0.25795,
     "y":0.30389},
    {"x":0.22615,
     "y":0.34629},
    {"x":0.20141,
     "y":0.39223},
    {"x":0.17314,
     "y":0.42756},
    {"x":0.16254,
     "y":0.4735},
    {"x":0.15194,
     "y":0.51237}],
 "triangles":[
    {"p1":84,
     "p2":102,
     "p3":103},
    {"p1":84,
     "p2":99,
     "p3":102},
    {"p1":14,
     "p2":15,
     "p3":18},
    {"p1":92,
     "p2":93,
     "p3":94},
    {"p1":90,
     "p2":92,
     "p3":94},
    {"p1":5,
     "p2":10,
     "p3":11},
    {"p1":5,
     "p2":11,
     "p3":20},
    {"p1":13,
     "p2":14,
     "p3":18},
    {"p1":103,
     "p2":104,
     "p3":105},
    {"p1":25,
     "p2":81,
     "p3":82},
    {"p1":24,
     "p2":25,
     "p3":84},
    {"p1":24,
     "p2":84,
     "p3":103},
    {"p1":24,
     "p2":103,
     "p3":105},
    {"p1":23,
     "p2":24,
     "p3":105},
    {"p1":99,
     "p2":101,
     "p3":102},
    {"p1":99,
     "p2":100,
     "p3":101},
    {"p1":84,
     "p2":85,
     "p3":99},
    {"p1":87,
     "p2":97,
     "p3":98},
    {"p1":86,
     "p2":87,
     "p3":98},
    {"p1":85,
     "p2":98,
     "p3":99},
    {"p1":85,
     "p2":86,
     "p3":98},
    {"p1":68,
     "p2":69,
     "p3":76},
    {"p1":90,
     "p2":91,
     "p3":92},
    {"p1":72,
     "p2":73,
     "p3":75},
    {"p1":69,
     "p2":75,
     "p3":76},
    {"p1":71,
     "p2":72,
     "p3":75},
    {"p1":90,
     "p2":94,
     "p3":95},
    {"p1":54,
     "p2":55,
     "p3":56},
    {"p1":2,
     "p2":3,
     "p3":22},
    {"p1":5,
     "p2":9,
     "p3":10},
    {"p1":27,
     "p2":31,
     "p3":35},
    {"p1":5,
     "p2":20,
     "p3":21},
    {"p1":13,
     "p2":18,
     "p3":19},
    {"p1":11,
     "p2":19,
     "p3":20},
    {"p1":0,
     "p2":23,
     "p3":105},
    {"p1":25,
     "p2":26,
     "p3":81},
    {"p1":25,
     "p2":83,
     "p3":84},
    {"p1":25,
     "p2":82,
     "p3":83},
    {"p1":70,
     "p2":71,
     "p3":75},
    {"p1":69,
     "p2":70,
     "p3":75},
    {"p1":73,
     "p2":74,
     "p3":75},
    {"p1":89,
     "p2":90,
     "p3":95},
    {"p1":68,
     "p2":76,
     "p3":77},
    {"p1":67,
     "p2":68,
     "p3":77},
    {"p1":66,
     "p2":67,
     "p3":77},
    {"p1":66,
     "p2":77,
     "p3":78},
    {"p1":3,
     "p2":4,
     "p3":22},
    {"p1":4,
     "p2":21,
     "p3":22},
    {"p1":4,
     "p2":5,
     "p3":21},
    {"p1":35,
     "p2":36,
     "p3":44},
    {"p1":36,
     "p2":37,
     "p3":44},
    {"p1":37,
     "p2":38,
     "p3":44},
    {"p1":38,
     "p2":39,
     "p3":40},
    {"p1":41,
     "p2":42,
     "p3":44},
    {"p1":38,
     "p2":40,
     "p3":41},
    {"p1":38,
     "p2":41,
     "p3":44},
    {"p1":50,
     "p2":51,
     "p3":60},
    {"p1":61,
     "p2":62,
     "p3":80},
    {"p1":49,
     "p2":50,
     "p3":61},
    {"p1":50,
     "p2":60,
     "p3":61},
    {"p1":42,
     "p2":43,
     "p3":44},
    {"p1":32,
     "p2":34,
     "p3":35},
    {"p1":31,
     "p2":32,
     "p3":35},
    {"p1":15,
     "p2":17,
     "p3":18},
    {"p1":15,
     "p2":16,
     "p3":17},
    {"p1":11,
     "p2":12,
     "p3":19},
    {"p1":12,
     "p2":13,
     "p3":19},
    {"p1":0,
     "p2":1,
     "p3":23},
    {"p1":1,
     "p2":2,
     "p3":22},
    {"p1":1,
     "p2":22,
     "p3":23},
    {"p1":87,
     "p2":88,
     "p3":97},
    {"p1":65,
     "p2":78,
     "p3":79},
    {"p1":65,
     "p2":66,
     "p3":78},
    {"p1":65,
     "p2":79,
     "p3":80},
    {"p1":64,
     "p2":65,
     "p3":80},
    {"p1":62,
     "p2":63,
     "p3":80},
    {"p1":63,
     "p2":64,
     "p3":80},
    {"p1":54,
     "p2":56,
     "p3":57},
    {"p1":53,
     "p2":54,
     "p3":57},
    {"p1":7,
     "p2":8,
     "p3":9},
    {"p1":5,
     "p2":7,
     "p3":9},
    {"p1":5,
     "p2":6,
     "p3":7},
    {"p1":48,
     "p2":49,
     "p3":61},
    {"p1":47,
     "p2":48,
     "p3":61},
    {"p1":46,
     "p2":61,
     "p3":80},
    {"p1":46,
     "p2":47,
     "p3":61},
    {"p1":32,
     "p2":33,
     "p3":34},
    {"p1":28,
     "p2":29,
     "p3":30},
    {"p1":27,
     "p2":28,
     "p3":31},
    {"p1":28,
     "p2":30,
     "p3":31},
    {"p1":89,
     "p2":95,
     "p3":96},
    {"p1":88,
     "p2":89,
     "p3":96},
    {"p1":88,
     "p2":96,
     "p3":97},
    {"p1":51,
     "p2":52,
     "p3":59},
    {"p1":51,
     "p2":59,
     "p3":60},
    {"p1":53,
     "p2":57,
     "p3":58},
    {"p1":52,
     "p2":53,
     "p3":58},
    {"p1":52,
     "p2":58,
     "p3":59},
    {"p1":45,
     "p2":80,
     "p3":81},
    {"p1":45,
     "p2":46,
     "p3":80},
    {"p1":26,
     "p2":45,
     "p3":81},
    {"p1":26,
     "p2":27,
     "p3":45},
    {"p1":27,
     "p2":35,
     "p3":45},
    {"p1":35,
     "p2":44,
     "p3":45}]
}