{"points":[
    {"x":0.11034,
     "y":0.54483},
    {"x":0.1069,
     "y":0.60345},
    {"x":0.12069,
     "y":0.66207},
    {"x":0.086207,
     "y":0.68276},
    {"x":0.027586,
     "y":0.67931},
    {"x":0,
     "y":0.71379},
    {"x":0.02069,
     "y":0.76897},
    {"x":0.07931,
     "y":0.82069},
    {"x":0.10345,
     "y":0.87931},
    {"x":0.14483,
     "y":0.92414},
    {"x":0.20345,
     "y":0.92759},
    {"x":0.25517,
     "y":0.9},
    {"x":0.28966,
     "y":0.84828},
    {"x":0.28276,
     "y":0.78966},
    {"x":0.25172,
     "y":0.73103},
    {"x":0.22759,
     "y":0.67586},
    {"x":0.27586,
     "y":0.68621},
    {"x":0.31379,
     "y":0.73448},
    {"x":0.36207,
     "y":0.78276},
    {"x":0.34138,
     "y":0.83793},
    {"x":0.32069,
     "y":0.88966},
    {"x":0.33793,
     "y":0.94828},
    {"x":0.38966,
     "y":0.98966},
    {"x":0.44828,
     "y":0.99655},
    {"x":0.5069,
     "y":0.98276},
    {"x":0.56552,
     "y":1},
    {"x":0.62414,
     "y":0.9931},
    {"x":0.68276,
     "y":0.96897},
    {"x":0.71034,
     "y":0.91034},
    {"x":0.70345,
     "y":0.85172},
    {"x":0.68621,
     "y":0.80345},
    {"x":0.74483,
     "y":0.77241},
    {"x":0.8,
     "y":0.72069},
    {"x":0.82069,
     "y":0.66207},
    {"x":0.81724,
     "y":0.60345},
    {"x":0.83448,
     "y":0.54483},
    {"x":0.88966,
     "y":0.57241},
    {"x":0.94483,
     "y":0.54828},
    {"x":0.94138,
     "y":0.48966},
    {"x":0.88276,
     "y":0.47241},
    {"x":0.82414,
     "y":0.5},
    {"x":0.78276,
     "y":0.54138},
    {"x":0.77241,
     "y":0.48276},
    {"x":0.82414,
     "y":0.42759},
    {"x":0.84483,
     "y":0.36897},
    {"x":0.83103,
     "y":0.31034},
    {"x":0.84138,
     "y":0.25172},
    {"x":0.84483,
     "y":0.1931},
    {"x":0.86897,
     "y":0.13448},
    {"x":0.87241,
     "y":0.07931},
    {"x":0.81379,
     "y":0.058621},
    {"x":0.75517,
     "y":0.051724},
    {"x":0.74483,
     "y":0.1},
    {"x":0.78966,
     "y":0.15517},
    {"x":0.78621,
     "y":0.21379},
    {"x":0.77241,
     "y":0.27241},
    {"x":0.73448,
     "y":0.32414},
    {"x":0.69655,
     "y":0.37586},
    {"x":0.65172,
     "y":0.43103},
    {"x":0.62414,
     "y":0.37931},
    {"x":0.63103,
     "y":0.32069},
    {"x":0.5931,
     "y":0.26207},
    {"x":0.56207,
     "y":0.20345},
    {"x":0.53103,
     "y":0.14483},
    {"x":0.5,
     "y":0.14828},
    {"x":0.52069,
     "y":0.2069},
    {"x":0.53793,
     "y":0.26552},
    {"x":0.52414,
     "y":0.32069},
    {"x":0.48621,
     "y":0.37931},
    {"x":0.45862,
     "y":0.42414},
    {"x":0.43103,
     "y":0.38966},
    {"x":0.43103,
     "y":0.33103},
    {"x":0.43448,
     "y":0.27241},
    {"x":0.44828,
     "y":0.21379},
    {"x":0.46207,
     "y":0.15517},
    {"x":0.47586,
     "y":0.096552},
    {"x":0.49655,
     "y":0.037931},
    {"x":0.46207,
     "y":0.0034483},
    {"x":0.40345,
     "y":0},
    {"x":0.35862,
     "y":0.041379},
    {"x":0.38966,
     "y":0.07931},
    {"x":0.42414,
     "y":0.13793},
    {"x":0.41034,
     "y":0.19655},
    {"x":0.4,
     "y":0.25517},
    {"x":0.37586,
     "y":0.31034},
    {"x":0.33793,
     "y":0.36207},
    {"x":0.2931,
     "y":0.35172},
    {"x":0.25517,
     "y":0.29655},
    {"x":0.22414,
     "y":0.23793},
    {"x":0.20345,
     "y":0.17931},
    {"x":0.17586,
     "y":0.12069},
    {"x":0.16552,
     "y":0.062069},
    {"x":0.12414,
     "y":0.027586},
    {"x":0.065517,
     "y":0.024138},
    {"x":0.037931,
     "y":0.058621},
    {"x":0.093103,
     "y":0.089655},
    {"x":0.14483,
     "y":0.13793},
    {"x":0.16552,
     "y":0.19655},
    {"x":0.17931,
     "y":0.25517},
    {"x":0.18621,
     "y":0.31379},
    {"x":0.18621,
     "y":0.37241},
    {"x":0.18276,
     "y":0.43103},
    {"x":0.13448,
     "y":0.47586},
    {"x":0.1069,
     "y":0.53448},
    {"x":0.11034,
     "y":0.54483}],
 "triangles":[
    {"p1":16,
     "p2":17,
     "p3":69},
    {"p1":4,
     "p2":5,
     "p3":6},
    {"p1":15,
     "p2":16,
     "p3":101},
    {"p1":1,
     "p2":2,
     "p3":15},
    {"p1":2,
     "p2":14,
     "p3":15},
    {"p1":17,
     "p2":18,
     "p3":69},
    {"p1":18,
     "p2":30,
     "p3":69},
    {"p1":50,
     "p2":51,
     "p3":52},
    {"p1":50,
     "p2":52,
     "p3":53},
    {"p1":48,
     "p2":49,
     "p3":50},
    {"p1":48,
     "p2":50,
     "p3":53},
    {"p1":47,
     "p2":48,
     "p3":53},
    {"p1":16,
     "p2":69,
     "p3":85},
    {"p1":16,
     "p2":85,
     "p3":101},
    {"p1":26,
     "p2":27,
     "p3":28},
    {"p1":26,
     "p2":28,
     "p3":29},
    {"p1":2,
     "p2":7,
     "p3":14},
    {"p1":15,
     "p2":101,
     "p3":102},
    {"p1":18,
     "p2":24,
     "p3":30},
    {"p1":18,
     "p2":19,
     "p3":24},
    {"p1":45,
     "p2":46,
     "p3":55},
    {"p1":44,
     "p2":45,
     "p3":56},
    {"p1":45,
     "p2":55,
     "p3":56},
    {"p1":69,
     "p2":70,
     "p3":85},
    {"p1":87,
     "p2":88,
     "p3":98},
    {"p1":42,
     "p2":57,
     "p3":58},
    {"p1":30,
     "p2":58,
     "p3":69},
    {"p1":31,
     "p2":32,
     "p3":33},
    {"p1":2,
     "p2":3,
     "p3":7},
    {"p1":3,
     "p2":6,
     "p3":7},
    {"p1":3,
     "p2":4,
     "p3":6},
    {"p1":7,
     "p2":13,
     "p3":14},
    {"p1":11,
     "p2":12,
     "p3":13},
    {"p1":90,
     "p2":91,
     "p3":96},
    {"p1":89,
     "p2":90,
     "p3":96},
    {"p1":78,
     "p2":79,
     "p3":80},
    {"p1":77,
     "p2":78,
     "p3":80},
    {"p1":75,
     "p2":77,
     "p3":80},
    {"p1":88,
     "p2":89,
     "p3":97},
    {"p1":88,
     "p2":97,
     "p3":98},
    {"p1":89,
     "p2":96,
     "p3":97},
    {"p1":0,
     "p2":102,
     "p3":103},
    {"p1":0,
     "p2":15,
     "p3":102},
    {"p1":0,
     "p2":1,
     "p3":15},
    {"p1":25,
     "p2":29,
     "p3":30},
    {"p1":24,
     "p2":25,
     "p3":30},
    {"p1":25,
     "p2":26,
     "p3":29},
    {"p1":19,
     "p2":22,
     "p3":23},
    {"p1":19,
     "p2":23,
     "p3":24},
    {"p1":75,
     "p2":76,
     "p3":77},
    {"p1":59,
     "p2":60,
     "p3":67},
    {"p1":60,
     "p2":61,
     "p3":67},
    {"p1":62,
     "p2":63,
     "p3":65},
    {"p1":47,
     "p2":53,
     "p3":54},
    {"p1":46,
     "p2":54,
     "p3":55},
    {"p1":46,
     "p2":47,
     "p3":54},
    {"p1":85,
     "p2":86,
     "p3":101},
    {"p1":86,
     "p2":100,
     "p3":101},
    {"p1":86,
     "p2":87,
     "p3":100},
    {"p1":72,
     "p2":83,
     "p3":84},
    {"p1":71,
     "p2":72,
     "p3":84},
    {"p1":71,
     "p2":84,
     "p3":85},
    {"p1":70,
     "p2":71,
     "p3":85},
    {"p1":61,
     "p2":66,
     "p3":67},
    {"p1":62,
     "p2":65,
     "p3":66},
    {"p1":61,
     "p2":62,
     "p3":66},
    {"p1":73,
     "p2":74,
     "p3":82},
    {"p1":73,
     "p2":82,
     "p3":83},
    {"p1":72,
     "p2":73,
     "p3":83},
    {"p1":41,
     "p2":42,
     "p3":58},
    {"p1":31,
     "p2":33,
     "p3":41},
    {"p1":30,
     "p2":41,
     "p3":58},
    {"p1":30,
     "p2":31,
     "p3":41},
    {"p1":42,
     "p2":43,
     "p3":57},
    {"p1":43,
     "p2":56,
     "p3":57},
    {"p1":43,
     "p2":44,
     "p3":56},
    {"p1":36,
     "p2":37,
     "p3":38},
    {"p1":36,
     "p2":38,
     "p3":39},
    {"p1":7,
     "p2":8,
     "p3":13},
    {"p1":8,
     "p2":11,
     "p3":13},
    {"p1":8,
     "p2":10,
     "p3":11},
    {"p1":8,
     "p2":9,
     "p3":10},
    {"p1":19,
     "p2":21,
     "p3":22},
    {"p1":19,
     "p2":20,
     "p3":21},
    {"p1":63,
     "p2":64,
     "p3":65},
    {"p1":75,
     "p2":80,
     "p3":81},
    {"p1":74,
     "p2":75,
     "p3":81},
    {"p1":74,
     "p2":81,
     "p3":82},
    {"p1":87,
     "p2":98,
     "p3":99},
    {"p1":87,
     "p2":99,
     "p3":100},
    {"p1":59,
     "p2":67,
     "p3":68},
    {"p1":58,
     "p2":68,
     "p3":69},
    {"p1":58,
     "p2":59,
     "p3":68},
    {"p1":33,
     "p2":34,
     "p3":41},
    {"p1":91,
     "p2":92,
     "p3":95},
    {"p1":91,
     "p2":95,
     "p3":96},
    {"p1":92,
     "p2":93,
     "p3":95},
    {"p1":93,
     "p2":94,
     "p3":95},
    {"p1":35,
     "p2":36,
     "p3":39},
    {"p1":35,
     "p2":39,
     "p3":40},
    {"p1":35,
     "p2":40,
     "p3":41},
    {"p1":34,
     "p2":35,
     "p3":41}]
}