{"points":[
    {"x":0.022388,
     "y":0.48134},
    {"x":0.026119,
     "y":0.52612},
    {"x":0.022388,
     "y":0.5709},
    {"x":0.044776,
     "y":0.61567},
    {"x":0.063433,
     "y":0.66045},
    {"x":0.037313,
     "y":0.68657},
    {"x":0,
     "y":0.72015},
    {"x":0.0037313,
     "y":0.76493},
    {"x":0.029851,
     "y":0.8097},
    {"x":0.074627,
     "y":0.83582},
    {"x":0.1194,
     "y":0.85821},
    {"x":0.12687,
     "y":0.90299},
    {"x":0.17164,
     "y":0.9291},
    {"x":0.21642,
     "y":0.91418},
    {"x":0.26119,
     "y":0.91418},
    {"x":0.29851,
     "y":0.88806},
    {"x":0.30224,
     "y":0.84328},
    {"x":0.27985,
     "y":0.79851},
    {"x":0.27985,
     "y":0.75373},
    {"x":0.26866,
     "y":0.70896},
    {"x":0.26493,
     "y":0.66418},
    {"x":0.26493,
     "y":0.6194},
    {"x":0.29478,
     "y":0.61194},
    {"x":0.3209,
     "y":0.65672},
    {"x":0.34701,
     "y":0.70149},
    {"x":0.35821,
     "y":0.74627},
    {"x":0.37313,
     "y":0.79104},
    {"x":0.38806,
     "y":0.83582},
    {"x":0.41045,
     "y":0.8806},
    {"x":0.45522,
     "y":0.91418},
    {"x":0.5,
     "y":0.91418},
    {"x":0.54478,
     "y":0.90672},
    {"x":0.57463,
     "y":0.86194},
    {"x":0.58582,
     "y":0.81716},
    {"x":0.59701,
     "y":0.77239},
    {"x":0.62687,
     "y":0.77239},
    {"x":0.63806,
     "y":0.81716},
    {"x":0.64925,
     "y":0.86194},
    {"x":0.68284,
     "y":0.90672},
    {"x":0.72761,
     "y":0.92537},
    {"x":0.77239,
     "y":0.9291},
    {"x":0.81716,
     "y":0.89925},
    {"x":0.83582,
     "y":0.85448},
    {"x":0.84701,
     "y":0.8097},
    {"x":0.85448,
     "y":0.76493},
    {"x":0.87313,
     "y":0.72015},
    {"x":0.91045,
     "y":0.67537},
    {"x":0.93657,
     "y":0.6306},
    {"x":0.95522,
     "y":0.58582},
    {"x":0.97761,
     "y":0.54104},
    {"x":0.98507,
     "y":0.49627},
    {"x":0.99254,
     "y":0.45149},
    {"x":1,
     "y":0.40672},
    {"x":1,
     "y":0.36194},
    {"x":0.99254,
     "y":0.3209},
    {"x":0.96269,
     "y":0.35821},
    {"x":0.95522,
     "y":0.40299},
    {"x":0.9291,
     "y":0.37687},
    {"x":0.91791,
     "y":0.33209},
    {"x":0.90299,
     "y":0.28731},
    {"x":0.90299,
     "y":0.24254},
    {"x":0.88433,
     "y":0.19776},
    {"x":0.8694,
     "y":0.15299},
    {"x":0.85448,
     "y":0.10821},
    {"x":0.84328,
     "y":0.063433},
    {"x":0.84328,
     "y":0.018657},
    {"x":0.79851,
     "y":0},
    {"x":0.75373,
     "y":0},
    {"x":0.70896,
     "y":0.0037313},
    {"x":0.66418,
     "y":0.0074627},
    {"x":0.64552,
     "y":0.044776},
    {"x":0.6903,
     "y":0.059701},
    {"x":0.73507,
     "y":0.067164},
    {"x":0.77239,
     "y":0.089552},
    {"x":0.76866,
     "y":0.13433},
    {"x":0.77239,
     "y":0.1791},
    {"x":0.76119,
     "y":0.22388},
    {"x":0.72015,
     "y":0.26493},
    {"x":0.68657,
     "y":0.3097},
    {"x":0.64179,
     "y":0.28358},
    {"x":0.59701,
     "y":0.27239},
    {"x":0.55224,
     "y":0.26493},
    {"x":0.50746,
     "y":0.25},
    {"x":0.46269,
     "y":0.25},
    {"x":0.41791,
     "y":0.22388},
    {"x":0.38433,
     "y":0.1791},
    {"x":0.3806,
     "y":0.13433},
    {"x":0.37687,
     "y":0.089552},
    {"x":0.38433,
     "y":0.044776},
    {"x":0.34328,
     "y":0.022388},
    {"x":0.29851,
     "y":0.0074627},
    {"x":0.25373,
     "y":0.0037313},
    {"x":0.20896,
     "y":0.0074627},
    {"x":0.16418,
     "y":0.018657},
    {"x":0.16045,
     "y":0.059701},
    {"x":0.20522,
     "y":0.070896},
    {"x":0.24254,
     "y":0.097015},
    {"x":0.25373,
     "y":0.14179},
    {"x":0.23507,
     "y":0.17537},
    {"x":0.1903,
     "y":0.19776},
    {"x":0.14552,
     "y":0.21269},
    {"x":0.10448,
     "y":0.24254},
    {"x":0.063433,
     "y":0.26866},
    {"x":0.048507,
     "y":0.31343},
    {"x":0.033582,
     "y":0.35821},
    {"x":0.026119,
     "y":0.40299},
    {"x":0.026119,
     "y":0.44776},
    {"x":0.022388,
     "y":0.48134}],
 "triangles":[
    {"p1":5,
     "p2":7,
     "p3":8},
    {"p1":5,
     "p2":8,
     "p3":9},
    {"p1":4,
     "p2":5,
     "p3":9},
    {"p1":5,
     "p2":6,
     "p3":7},
    {"p1":52,
     "p2":53,
     "p3":56},
    {"p1":23,
     "p2":34,
     "p3":80},
    {"p1":35,
     "p2":45,
     "p3":78},
    {"p1":45,
     "p2":46,
     "p3":78},
    {"p1":34,
     "p2":35,
     "p3":78},
    {"p1":34,
     "p2":78,
     "p3":80},
    {"p1":22,
     "p2":83,
     "p3":84},
    {"p1":4,
     "p2":9,
     "p3":10},
    {"p1":10,
     "p2":11,
     "p3":12},
    {"p1":10,
     "p2":12,
     "p3":13},
    {"p1":47,
     "p2":48,
     "p3":78},
    {"p1":46,
     "p2":47,
     "p3":78},
    {"p1":22,
     "p2":23,
     "p3":81},
    {"p1":23,
     "p2":80,
     "p3":81},
    {"p1":22,
     "p2":81,
     "p3":83},
    {"p1":81,
     "p2":82,
     "p3":83},
    {"p1":23,
     "p2":24,
     "p3":34},
    {"p1":10,
     "p2":13,
     "p3":17},
    {"p1":0,
     "p2":21,
     "p3":106},
    {"p1":0,
     "p2":1,
     "p3":21},
    {"p1":1,
     "p2":3,
     "p3":21},
    {"p1":4,
     "p2":20,
     "p3":21},
    {"p1":3,
     "p2":4,
     "p3":21},
    {"p1":64,
     "p2":65,
     "p3":66},
    {"p1":61,
     "p2":62,
     "p3":75},
    {"p1":51,
     "p2":52,
     "p3":56},
    {"p1":50,
     "p2":51,
     "p3":56},
    {"p1":78,
     "p2":79,
     "p3":80},
    {"p1":58,
     "p2":77,
     "p3":78},
    {"p1":58,
     "p2":59,
     "p3":77},
    {"p1":85,
     "p2":86,
     "p3":97},
    {"p1":86,
     "p2":87,
     "p3":97},
    {"p1":87,
     "p2":96,
     "p3":97},
    {"p1":92,
     "p2":93,
     "p3":95},
    {"p1":93,
     "p2":94,
     "p3":95},
    {"p1":22,
     "p2":84,
     "p3":99},
    {"p1":101,
     "p2":102,
     "p3":103},
    {"p1":99,
     "p2":100,
     "p3":101},
    {"p1":101,
     "p2":103,
     "p3":104},
    {"p1":22,
     "p2":101,
     "p3":104},
    {"p1":22,
     "p2":99,
     "p3":101},
    {"p1":37,
     "p2":38,
     "p3":42},
    {"p1":35,
     "p2":44,
     "p3":45},
    {"p1":25,
     "p2":26,
     "p3":34},
    {"p1":24,
     "p2":25,
     "p3":34},
    {"p1":10,
     "p2":17,
     "p3":18},
    {"p1":14,
     "p2":15,
     "p3":16},
    {"p1":13,
     "p2":14,
     "p3":16},
    {"p1":13,
     "p2":16,
     "p3":17},
    {"p1":1,
     "p2":2,
     "p3":3},
    {"p1":21,
     "p2":105,
     "p3":106},
    {"p1":22,
     "p2":104,
     "p3":105},
    {"p1":21,
     "p2":22,
     "p3":105},
    {"p1":61,
     "p2":75,
     "p3":76},
    {"p1":59,
     "p2":76,
     "p3":77},
    {"p1":57,
     "p2":58,
     "p3":78},
    {"p1":48,
     "p2":57,
     "p3":78},
    {"p1":48,
     "p2":49,
     "p3":57},
    {"p1":49,
     "p2":50,
     "p3":57},
    {"p1":50,
     "p2":56,
     "p3":57},
    {"p1":89,
     "p2":90,
     "p3":96},
    {"p1":87,
     "p2":89,
     "p3":96},
    {"p1":87,
     "p2":88,
     "p3":89},
    {"p1":91,
     "p2":95,
     "p3":96},
    {"p1":91,
     "p2":92,
     "p3":95},
    {"p1":90,
     "p2":91,
     "p3":96},
    {"p1":85,
     "p2":97,
     "p3":98},
    {"p1":84,
     "p2":85,
     "p3":98},
    {"p1":84,
     "p2":98,
     "p3":99},
    {"p1":38,
     "p2":39,
     "p3":42},
    {"p1":39,
     "p2":40,
     "p3":41},
    {"p1":39,
     "p2":41,
     "p3":42},
    {"p1":26,
     "p2":33,
     "p3":34},
    {"p1":26,
     "p2":27,
     "p3":33},
    {"p1":27,
     "p2":28,
     "p3":33},
    {"p1":4,
     "p2":19,
     "p3":20},
    {"p1":4,
     "p2":10,
     "p3":19},
    {"p1":10,
     "p2":18,
     "p3":19},
    {"p1":60,
     "p2":61,
     "p3":76},
    {"p1":59,
     "p2":60,
     "p3":76},
    {"p1":63,
     "p2":64,
     "p3":73},
    {"p1":64,
     "p2":66,
     "p3":73},
    {"p1":53,
     "p2":54,
     "p3":55},
    {"p1":53,
     "p2":55,
     "p3":56},
    {"p1":35,
     "p2":36,
     "p3":44},
    {"p1":36,
     "p2":43,
     "p3":44},
    {"p1":36,
     "p2":42,
     "p3":43},
    {"p1":36,
     "p2":37,
     "p3":42},
    {"p1":28,
     "p2":29,
     "p3":30},
    {"p1":30,
     "p2":31,
     "p3":32},
    {"p1":30,
     "p2":32,
     "p3":33},
    {"p1":28,
     "p2":30,
     "p3":33},
    {"p1":63,
     "p2":73,
     "p3":74},
    {"p1":62,
     "p2":74,
     "p3":75},
    {"p1":62,
     "p2":63,
     "p3":74},
    {"p1":67,
     "p2":68,
     "p3":72},
    {"p1":66,
     "p2":67,
     "p3":73},
    {"p1":67,
     "p2":72,
     "p3":73},
    {"p1":68,
     "p2":71,
     "p3":72},
    {"p1":68,
     "p2":69,
     "p3":71},
    {"p1":69,
     "p2":70,
     "p3":71}]
}