{"points":[
    {"x":0.028777,
     "y":0.53957},
    {"x":0.064748,
     "y":0.59712},
    {"x":0.11511,
     "y":0.65468},
    {"x":0.1295,
     "y":0.71223},
    {"x":0.1223,
     "y":0.76978},
    {"x":0.1259,
     "y":0.82734},
    {"x":0.15827,
     "y":0.88129},
    {"x":0.21223,
     "y":0.91727},
    {"x":0.26619,
     "y":0.93885},
    {"x":0.32374,
     "y":0.93525},
    {"x":0.38129,
     "y":0.90647},
    {"x":0.41367,
     "y":0.84892},
    {"x":0.41727,
     "y":0.79137},
    {"x":0.41007,
     "y":0.73381},
    {"x":0.41727,
     "y":0.70504},
    {"x":0.42806,
     "y":0.76259},
    {"x":0.42806,
     "y":0.82014},
    {"x":0.44245,
     "y":0.8777},
    {"x":0.49281,
     "y":0.89928},
    {"x":0.55036,
     "y":0.90647},
    {"x":0.60791,
     "y":0.89209},
    {"x":0.65108,
     "y":0.84173},
    {"x":0.64748,
     "y":0.78417},
    {"x":0.64388,
     "y":0.72662},
    {"x":0.66187,
     "y":0.7554},
    {"x":0.67986,
     "y":0.81295},
    {"x":0.68345,
     "y":0.85971},
    {"x":0.68345,
     "y":0.91727},
    {"x":0.72302,
     "y":0.95324},
    {"x":0.77698,
     "y":0.98201},
    {"x":0.83453,
     "y":0.97482},
    {"x":0.89209,
     "y":0.97122},
    {"x":0.94964,
     "y":0.94245},
    {"x":0.99281,
     "y":0.89928},
    {"x":1,
     "y":0.84173},
    {"x":0.96043,
     "y":0.80216},
    {"x":0.90288,
     "y":0.77698},
    {"x":0.85971,
     "y":0.72662},
    {"x":0.85252,
     "y":0.66906},
    {"x":0.84532,
     "y":0.61151},
    {"x":0.84173,
     "y":0.55396},
    {"x":0.83813,
     "y":0.4964},
    {"x":0.81655,
     "y":0.43885},
    {"x":0.79496,
     "y":0.38129},
    {"x":0.7518,
     "y":0.32374},
    {"x":0.80935,
     "y":0.28417},
    {"x":0.79137,
     "y":0.22662},
    {"x":0.78058,
     "y":0.16906},
    {"x":0.79856,
     "y":0.11151},
    {"x":0.79496,
     "y":0.053957},
    {"x":0.7446,
     "y":0.053957},
    {"x":0.69065,
     "y":0.10791},
    {"x":0.67626,
     "y":0.16547},
    {"x":0.71942,
     "y":0.20144},
    {"x":0.71583,
     "y":0.2554},
    {"x":0.65827,
     "y":0.2518},
    {"x":0.6259,
     "y":0.20504},
    {"x":0.6259,
     "y":0.14748},
    {"x":0.64748,
     "y":0.097122},
    {"x":0.70504,
     "y":0.071942},
    {"x":0.70863,
     "y":0.017986},
    {"x":0.65108,
     "y":0.0035971},
    {"x":0.59353,
     "y":0.0071942},
    {"x":0.53597,
     "y":0.017986},
    {"x":0.52878,
     "y":0.064748},
    {"x":0.55755,
     "y":0.1223},
    {"x":0.55396,
     "y":0.17986},
    {"x":0.53957,
     "y":0.23741},
    {"x":0.48921,
     "y":0.25899},
    {"x":0.43165,
     "y":0.27338},
    {"x":0.41727,
     "y":0.23022},
    {"x":0.41007,
     "y":0.17266},
    {"x":0.39568,
     "y":0.11511},
    {"x":0.44964,
     "y":0.061151},
    {"x":0.46043,
     "y":0.0035971},
    {"x":0.40647,
     "y":0},
    {"x":0.34892,
     "y":0.02518},
    {"x":0.29496,
     "y":0.07554},
    {"x":0.32734,
     "y":0.1295},
    {"x":0.34892,
     "y":0.18705},
    {"x":0.31655,
     "y":0.2446},
    {"x":0.25899,
     "y":0.2482},
    {"x":0.20144,
     "y":0.21223},
    {"x":0.17626,
     "y":0.16547},
    {"x":0.18345,
     "y":0.10791},
    {"x":0.23381,
     "y":0.079137},
    {"x":0.29137,
     "y":0.046763},
    {"x":0.25899,
     "y":0.0035971},
    {"x":0.20144,
     "y":0.0035971},
    {"x":0.14388,
     "y":0.010791},
    {"x":0.10072,
     "y":0.046763},
    {"x":0.1259,
     "y":0.10432},
    {"x":0.1295,
     "y":0.16187},
    {"x":0.1295,
     "y":0.21942},
    {"x":0.1295,
     "y":0.27698},
    {"x":0.13309,
     "y":0.33453},
    {"x":0.10432,
     "y":0.38849},
    {"x":0.068345,
     "y":0.33453},
    {"x":0.014388,
     "y":0.33453},
    {"x":0,
     "y":0.39209},
    {"x":0.0035971,
     "y":0.44964},
    {"x":0.017986,
     "y":0.50719},
    {"x":0.028777,
     "y":0.53957}],
 "triangles":[
    {"p1":28,
     "p2":29,
     "p3":30},
    {"p1":2,
     "p2":3,
     "p3":14},
    {"p1":2,
     "p2":14,
     "p3":96},
    {"p1":96,
     "p2":97,
     "p3":99},
    {"p1":16,
     "p2":18,
     "p3":19},
    {"p1":9,
     "p2":11,
     "p3":12},
    {"p1":23,
     "p2":40,
     "p3":41},
    {"p1":23,
     "p2":39,
     "p3":40},
    {"p1":33,
     "p2":34,
     "p3":35},
    {"p1":8,
     "p2":9,
     "p3":12},
    {"p1":7,
     "p2":8,
     "p3":12},
    {"p1":32,
     "p2":33,
     "p3":35},
    {"p1":97,
     "p2":98,
     "p3":99},
    {"p1":84,
     "p2":91,
     "p3":92},
    {"p1":84,
     "p2":89,
     "p3":91},
    {"p1":89,
     "p2":90,
     "p3":91},
    {"p1":96,
     "p2":99,
     "p3":100},
    {"p1":4,
     "p2":7,
     "p3":12},
    {"p1":4,
     "p2":5,
     "p3":6},
    {"p1":4,
     "p2":6,
     "p3":7},
    {"p1":0,
     "p2":1,
     "p3":96},
    {"p1":1,
     "p2":2,
     "p3":96},
    {"p1":84,
     "p2":88,
     "p3":89},
    {"p1":14,
     "p2":23,
     "p3":68},
    {"p1":16,
     "p2":19,
     "p3":22},
    {"p1":9,
     "p2":10,
     "p3":11},
    {"p1":14,
     "p2":15,
     "p3":23},
    {"p1":15,
     "p2":22,
     "p3":23},
    {"p1":15,
     "p2":16,
     "p3":22},
    {"p1":23,
     "p2":38,
     "p3":39},
    {"p1":32,
     "p2":35,
     "p3":36},
    {"p1":19,
     "p2":20,
     "p3":22},
    {"p1":20,
     "p2":21,
     "p3":22},
    {"p1":30,
     "p2":31,
     "p3":36},
    {"p1":31,
     "p2":32,
     "p3":36},
    {"p1":0,
     "p2":96,
     "p3":101},
    {"p1":96,
     "p2":100,
     "p3":101},
    {"p1":3,
     "p2":4,
     "p3":13},
    {"p1":4,
     "p2":12,
     "p3":13},
    {"p1":3,
     "p2":13,
     "p3":14},
    {"p1":23,
     "p2":41,
     "p3":42},
    {"p1":85,
     "p2":87,
     "p3":88},
    {"p1":84,
     "p2":85,
     "p3":88},
    {"p1":81,
     "p2":94,
     "p3":95},
    {"p1":25,
     "p2":36,
     "p3":37},
    {"p1":16,
     "p2":17,
     "p3":18},
    {"p1":72,
     "p2":76,
     "p3":78},
    {"p1":14,
     "p2":68,
     "p3":69},
    {"p1":14,
     "p2":69,
     "p3":96},
    {"p1":72,
     "p2":78,
     "p3":79},
    {"p1":71,
     "p2":72,
     "p3":79},
    {"p1":85,
     "p2":86,
     "p3":87},
    {"p1":24,
     "p2":25,
     "p3":37},
    {"p1":24,
     "p2":37,
     "p3":38},
    {"p1":23,
     "p2":24,
     "p3":38},
    {"p1":26,
     "p2":27,
     "p3":28},
    {"p1":26,
     "p2":28,
     "p3":30},
    {"p1":26,
     "p2":30,
     "p3":36},
    {"p1":25,
     "p2":26,
     "p3":36},
    {"p1":44,
     "p2":55,
     "p3":68},
    {"p1":23,
     "p2":44,
     "p3":68},
    {"p1":23,
     "p2":42,
     "p3":44},
    {"p1":42,
     "p2":43,
     "p3":44},
    {"p1":73,
     "p2":75,
     "p3":76},
    {"p1":72,
     "p2":73,
     "p3":76},
    {"p1":73,
     "p2":74,
     "p3":75},
    {"p1":70,
     "p2":71,
     "p3":79},
    {"p1":76,
     "p2":77,
     "p3":78},
    {"p1":83,
     "p2":92,
     "p3":93},
    {"p1":83,
     "p2":84,
     "p3":92},
    {"p1":81,
     "p2":82,
     "p3":94},
    {"p1":82,
     "p2":93,
     "p3":94},
    {"p1":82,
     "p2":83,
     "p3":93},
    {"p1":44,
     "p2":54,
     "p3":55},
    {"p1":44,
     "p2":45,
     "p3":54},
    {"p1":51,
     "p2":52,
     "p3":53},
    {"p1":58,
     "p2":62,
     "p3":65},
    {"p1":57,
     "p2":58,
     "p3":65},
    {"p1":58,
     "p2":61,
     "p3":62},
    {"p1":56,
     "p2":57,
     "p3":66},
    {"p1":57,
     "p2":65,
     "p3":66},
    {"p1":62,
     "p2":63,
     "p3":64},
    {"p1":62,
     "p2":64,
     "p3":65},
    {"p1":70,
     "p2":79,
     "p3":80},
    {"p1":69,
     "p2":70,
     "p3":80},
    {"p1":80,
     "p2":81,
     "p3":95},
    {"p1":80,
     "p2":95,
     "p3":96},
    {"p1":69,
     "p2":80,
     "p3":96},
    {"p1":48,
     "p2":49,
     "p3":50},
    {"p1":47,
     "p2":51,
     "p3":53},
    {"p1":47,
     "p2":48,
     "p3":51},
    {"p1":46,
     "p2":53,
     "p3":54},
    {"p1":45,
     "p2":46,
     "p3":54},
    {"p1":46,
     "p2":47,
     "p3":53},
    {"p1":56,
     "p2":66,
     "p3":67},
    {"p1":55,
     "p2":67,
     "p3":68},
    {"p1":55,
     "p2":56,
     "p3":67},
    {"p1":48,
     "p2":50,
     "p3":59},
    {"p1":59,
     "p2":60,
     "p3":61},
    {"p1":58,
     "p2":59,
     "p3":61}]
}