{"points":[
    {"x":0.057554,
     "y":0.5036},
    {"x":0.057554,
     "y":0.55755},
    {"x":0.061151,
     "y":0.61151},
    {"x":0.068345,
     "y":0.66547},
    {"x":0.089928,
     "y":0.71942},
    {"x":0.10791,
     "y":0.77338},
    {"x":0.053957,
     "y":0.77338},
    {"x":0,
     "y":0.78777},
    {"x":0.0071942,
     "y":0.84173},
    {"x":0.061151,
     "y":0.8705},
    {"x":0.064748,
     "y":0.92446},
    {"x":0.097122,
     "y":0.97842},
    {"x":0.15108,
     "y":1},
    {"x":0.20504,
     "y":1},
    {"x":0.25899,
     "y":0.97122},
    {"x":0.31295,
     "y":0.94245},
    {"x":0.32014,
     "y":0.89209},
    {"x":0.32014,
     "y":0.83813},
    {"x":0.31295,
     "y":0.78417},
    {"x":0.31295,
     "y":0.73022},
    {"x":0.30216,
     "y":0.67626},
    {"x":0.29496,
     "y":0.6223},
    {"x":0.30576,
     "y":0.58993},
    {"x":0.35252,
     "y":0.6295},
    {"x":0.3777,
     "y":0.67986},
    {"x":0.40647,
     "y":0.73381},
    {"x":0.46043,
     "y":0.7518},
    {"x":0.50719,
     "y":0.71942},
    {"x":0.52878,
     "y":0.66547},
    {"x":0.56115,
     "y":0.66187},
    {"x":0.57194,
     "y":0.71583},
    {"x":0.60072,
     "y":0.76978},
    {"x":0.65468,
     "y":0.77338},
    {"x":0.69424,
     "y":0.72662},
    {"x":0.71583,
     "y":0.67266},
    {"x":0.7482,
     "y":0.6259},
    {"x":0.79856,
     "y":0.57914},
    {"x":0.82734,
     "y":0.52518},
    {"x":0.86331,
     "y":0.47122},
    {"x":0.88129,
     "y":0.41727},
    {"x":0.86331,
     "y":0.36331},
    {"x":0.85971,
     "y":0.40647},
    {"x":0.84173,
     "y":0.46043},
    {"x":0.82014,
     "y":0.42806},
    {"x":0.80935,
     "y":0.3741},
    {"x":0.78777,
     "y":0.32014},
    {"x":0.75899,
     "y":0.26619},
    {"x":0.7482,
     "y":0.21223},
    {"x":0.73381,
     "y":0.15827},
    {"x":0.7446,
     "y":0.10432},
    {"x":0.76978,
     "y":0.057554},
    {"x":0.71942,
     "y":0.039568},
    {"x":0.66547,
     "y":0.035971},
    {"x":0.61151,
     "y":0.028777},
    {"x":0.60432,
     "y":0.068345},
    {"x":0.65827,
     "y":0.093525},
    {"x":0.70144,
     "y":0.1259},
    {"x":0.70504,
     "y":0.17986},
    {"x":0.67986,
     "y":0.23381},
    {"x":0.6259,
     "y":0.22302},
    {"x":0.60791,
     "y":0.16906},
    {"x":0.60072,
     "y":0.11511},
    {"x":0.57914,
     "y":0.064748},
    {"x":0.53237,
     "y":0.028777},
    {"x":0.47842,
     "y":0.028777},
    {"x":0.43885,
     "y":0.057554},
    {"x":0.49281,
     "y":0.086331},
    {"x":0.54676,
     "y":0.11511},
    {"x":0.57554,
     "y":0.15827},
    {"x":0.58993,
     "y":0.21223},
    {"x":0.55755,
     "y":0.2518},
    {"x":0.53237,
     "y":0.29856},
    {"x":0.49281,
     "y":0.32374},
    {"x":0.43885,
     "y":0.32014},
    {"x":0.41727,
     "y":0.28417},
    {"x":0.38489,
     "y":0.24101},
    {"x":0.3741,
     "y":0.18705},
    {"x":0.38129,
     "y":0.13309},
    {"x":0.39568,
     "y":0.079137},
    {"x":0.41727,
     "y":0.028777},
    {"x":0.36331,
     "y":0.0071942},
    {"x":0.30935,
     "y":0},
    {"x":0.26619,
     "y":0.021583},
    {"x":0.31295,
     "y":0.068345},
    {"x":0.34892,
     "y":0.10432},
    {"x":0.33094,
     "y":0.15827},
    {"x":0.28058,
     "y":0.19065},
    {"x":0.26259,
     "y":0.14029},
    {"x":0.26619,
     "y":0.086331},
    {"x":0.23381,
     "y":0.032374},
    {"x":0.17986,
     "y":0.010791},
    {"x":0.1259,
     "y":0.028777},
    {"x":0.14388,
     "y":0.07554},
    {"x":0.19784,
     "y":0.10432},
    {"x":0.23741,
     "y":0.15468},
    {"x":0.2482,
     "y":0.20863},
    {"x":0.22662,
     "y":0.23741},
    {"x":0.19065,
     "y":0.26259},
    {"x":0.14388,
     "y":0.29137},
    {"x":0.10791,
     "y":0.34173},
    {"x":0.071942,
     "y":0.3777},
    {"x":0.068345,
     "y":0.43165},
    {"x":0.057554,
     "y":0.48561},
    {"x":0.057554,
     "y":0.5036}],
 "triangles":[
    {"p1":6,
     "p2":7,
     "p3":8},
    {"p1":39,
     "p2":40,
     "p3":41},
    {"p1":5,
     "p2":6,
     "p3":9},
    {"p1":6,
     "p2":8,
     "p3":9},
    {"p1":39,
     "p2":41,
     "p3":42},
    {"p1":9,
     "p2":10,
     "p3":12},
    {"p1":10,
     "p2":11,
     "p3":12},
    {"p1":90,
     "p2":91,
     "p3":92},
    {"p1":0,
     "p2":1,
     "p3":22},
    {"p1":99,
     "p2":100,
     "p3":101},
    {"p1":22,
     "p2":97,
     "p3":99},
    {"p1":22,
     "p2":99,
     "p3":101},
    {"p1":5,
     "p2":14,
     "p3":17},
    {"p1":5,
     "p2":9,
     "p3":14},
    {"p1":5,
     "p2":17,
     "p3":18},
    {"p1":5,
     "p2":18,
     "p3":19},
    {"p1":5,
     "p2":19,
     "p3":20},
    {"p1":22,
     "p2":73,
     "p3":97},
    {"p1":38,
     "p2":39,
     "p3":42},
    {"p1":78,
     "p2":79,
     "p3":80},
    {"p1":22,
     "p2":101,
     "p3":102},
    {"p1":0,
     "p2":22,
     "p3":102},
    {"p1":97,
     "p2":98,
     "p3":99},
    {"p1":29,
     "p2":34,
     "p3":35},
    {"p1":28,
     "p2":29,
     "p3":72},
    {"p1":14,
     "p2":16,
     "p3":17},
    {"p1":14,
     "p2":15,
     "p3":16},
    {"p1":9,
     "p2":12,
     "p3":13},
    {"p1":9,
     "p2":13,
     "p3":14},
    {"p1":30,
     "p2":31,
     "p3":32},
    {"p1":25,
     "p2":26,
     "p3":27},
    {"p1":4,
     "p2":5,
     "p3":20},
    {"p1":2,
     "p2":3,
     "p3":21},
    {"p1":3,
     "p2":4,
     "p3":21},
    {"p1":4,
     "p2":20,
     "p3":21},
    {"p1":1,
     "p2":21,
     "p3":22},
    {"p1":1,
     "p2":2,
     "p3":21},
    {"p1":74,
     "p2":75,
     "p3":96},
    {"p1":73,
     "p2":74,
     "p3":97},
    {"p1":74,
     "p2":96,
     "p3":97},
    {"p1":35,
     "p2":43,
     "p3":71},
    {"p1":29,
     "p2":35,
     "p3":71},
    {"p1":29,
     "p2":71,
     "p3":72},
    {"p1":37,
     "p2":42,
     "p3":43},
    {"p1":37,
     "p2":38,
     "p3":42},
    {"p1":75,
     "p2":86,
     "p3":95},
    {"p1":75,
     "p2":95,
     "p3":96},
    {"p1":75,
     "p2":76,
     "p3":86},
    {"p1":76,
     "p2":85,
     "p3":86},
    {"p1":76,
     "p2":77,
     "p3":85},
    {"p1":80,
     "p2":81,
     "p3":83},
    {"p1":78,
     "p2":80,
     "p3":83},
    {"p1":30,
     "p2":32,
     "p3":33},
    {"p1":29,
     "p2":33,
     "p3":34},
    {"p1":29,
     "p2":30,
     "p3":33},
    {"p1":24,
     "p2":27,
     "p3":28},
    {"p1":24,
     "p2":25,
     "p3":27},
    {"p1":59,
     "p2":70,
     "p3":71},
    {"p1":35,
     "p2":36,
     "p3":43},
    {"p1":36,
     "p2":37,
     "p3":43},
    {"p1":86,
     "p2":94,
     "p3":95},
    {"p1":81,
     "p2":82,
     "p3":83},
    {"p1":77,
     "p2":84,
     "p3":85},
    {"p1":77,
     "p2":78,
     "p3":84},
    {"p1":78,
     "p2":83,
     "p3":84},
    {"p1":23,
     "p2":24,
     "p3":28},
    {"p1":23,
     "p2":28,
     "p3":72},
    {"p1":22,
     "p2":23,
     "p3":73},
    {"p1":23,
     "p2":72,
     "p3":73},
    {"p1":64,
     "p2":65,
     "p3":66},
    {"p1":63,
     "p2":64,
     "p3":66},
    {"p1":49,
     "p2":50,
     "p3":51},
    {"p1":49,
     "p2":51,
     "p3":56},
    {"p1":43,
     "p2":44,
     "p3":71},
    {"p1":44,
     "p2":45,
     "p3":71},
    {"p1":58,
     "p2":59,
     "p3":71},
    {"p1":45,
     "p2":58,
     "p3":71},
    {"p1":45,
     "p2":46,
     "p3":58},
    {"p1":46,
     "p2":47,
     "p3":58},
    {"p1":47,
     "p2":57,
     "p3":58},
    {"p1":63,
     "p2":66,
     "p3":67},
    {"p1":62,
     "p2":63,
     "p3":67},
    {"p1":86,
     "p2":87,
     "p3":94},
    {"p1":88,
     "p2":89,
     "p3":93},
    {"p1":87,
     "p2":88,
     "p3":93},
    {"p1":87,
     "p2":93,
     "p3":94},
    {"p1":90,
     "p2":92,
     "p3":93},
    {"p1":89,
     "p2":90,
     "p3":93},
    {"p1":47,
     "p2":48,
     "p3":57},
    {"p1":48,
     "p2":49,
     "p3":56},
    {"p1":48,
     "p2":56,
     "p3":57},
    {"p1":59,
     "p2":69,
     "p3":70},
    {"p1":59,
     "p2":60,
     "p3":69},
    {"p1":60,
     "p2":68,
     "p3":69},
    {"p1":51,
     "p2":55,
     "p3":56},
    {"p1":51,
     "p2":52,
     "p3":55},
    {"p1":60,
     "p2":61,
     "p3":68},
    {"p1":61,
     "p2":67,
     "p3":68},
    {"p1":61,
     "p2":62,
     "p3":67},
    {"p1":52,
     "p2":54,
     "p3":55},
    {"p1":52,
     "p2":53,
     "p3":54}]
}