{"points":[
    {"x":0.082569,
     "y":0.47706},
    {"x":0.082569,
     "y":0.53211},
    {"x":0.082569,
     "y":0.58716},
    {"x":0.10703,
     "y":0.6422},
    {"x":0.15902,
     "y":0.69113},
    {"x":0.21101,
     "y":0.74618},
    {"x":0.23853,
     "y":0.80122},
    {"x":0.25688,
     "y":0.85627},
    {"x":0.30275,
     "y":0.9052},
    {"x":0.3578,
     "y":0.89908},
    {"x":0.39144,
     "y":0.84709},
    {"x":0.4159,
     "y":0.79205},
    {"x":0.44037,
     "y":0.84098},
    {"x":0.48318,
     "y":0.88685},
    {"x":0.53823,
     "y":0.88685},
    {"x":0.57798,
     "y":0.8318},
    {"x":0.59633,
     "y":0.77676},
    {"x":0.61774,
     "y":0.72171},
    {"x":0.6422,
     "y":0.66667},
    {"x":0.67278,
     "y":0.61162},
    {"x":0.71865,
     "y":0.57187},
    {"x":0.69725,
     "y":0.61774},
    {"x":0.67584,
     "y":0.67278},
    {"x":0.66667,
     "y":0.72783},
    {"x":0.67278,
     "y":0.78287},
    {"x":0.70031,
     "y":0.8318},
    {"x":0.72783,
     "y":0.8685},
    {"x":0.74924,
     "y":0.88379},
    {"x":0.79817,
     "y":0.86239},
    {"x":0.84709,
     "y":0.82569},
    {"x":0.90214,
     "y":0.81651},
    {"x":0.95719,
     "y":0.80428},
    {"x":1,
     "y":0.76758},
    {"x":0.96942,
     "y":0.73089},
    {"x":0.91437,
     "y":0.72783},
    {"x":0.88685,
     "y":0.68807},
    {"x":0.92049,
     "y":0.63609},
    {"x":0.93884,
     "y":0.58104},
    {"x":0.92966,
     "y":0.52599},
    {"x":0.91743,
     "y":0.47095},
    {"x":0.88379,
     "y":0.41896},
    {"x":0.85321,
     "y":0.38226},
    {"x":0.81346,
     "y":0.33945},
    {"x":0.80734,
     "y":0.2844},
    {"x":0.76758,
     "y":0.29052},
    {"x":0.71254,
     "y":0.32722},
    {"x":0.68502,
     "y":0.38226},
    {"x":0.65749,
     "y":0.40673},
    {"x":0.65749,
     "y":0.35168},
    {"x":0.65749,
     "y":0.29664},
    {"x":0.64832,
     "y":0.24159},
    {"x":0.63609,
     "y":0.19572},
    {"x":0.62385,
     "y":0.14067},
    {"x":0.63914,
     "y":0.085627},
    {"x":0.69419,
     "y":0.051988},
    {"x":0.68196,
     "y":0.018349},
    {"x":0.62691,
     "y":0.015291},
    {"x":0.57492,
     "y":0.021407},
    {"x":0.57492,
     "y":0.076453},
    {"x":0.57187,
     "y":0.1315},
    {"x":0.56575,
     "y":0.18654},
    {"x":0.56269,
     "y":0.24159},
    {"x":0.52599,
     "y":0.27523},
    {"x":0.52294,
     "y":0.33028},
    {"x":0.47706,
     "y":0.34862},
    {"x":0.42202,
     "y":0.35474},
    {"x":0.36697,
     "y":0.3792},
    {"x":0.33028,
     "y":0.37309},
    {"x":0.32416,
     "y":0.31804},
    {"x":0.3211,
     "y":0.263},
    {"x":0.27829,
     "y":0.23242},
    {"x":0.27829,
     "y":0.17737},
    {"x":0.28746,
     "y":0.12232},
    {"x":0.30275,
     "y":0.067278},
    {"x":0.35168,
     "y":0.021407},
    {"x":0.30275,
     "y":0.0091743},
    {"x":0.27217,
     "y":0.045872},
    {"x":0.25994,
     "y":0.10092},
    {"x":0.25076,
     "y":0.15596},
    {"x":0.22936,
     "y":0.21101},
    {"x":0.18654,
     "y":0.23853},
    {"x":0.18349,
     "y":0.29358},
    {"x":0.17431,
     "y":0.34862},
    {"x":0.17737,
     "y":0.40367},
    {"x":0.14679,
     "y":0.36391},
    {"x":0.11315,
     "y":0.31193},
    {"x":0.091743,
     "y":0.25688},
    {"x":0.058104,
     "y":0.21101},
    {"x":0.061162,
     "y":0.15596},
    {"x":0.067278,
     "y":0.10092},
    {"x":0.085627,
     "y":0.04893},
    {"x":0.11009,
     "y":0},
    {"x":0.055046,
     "y":0},
    {"x":0.030581,
     "y":0.042813},
    {"x":0.021407,
     "y":0.097859},
    {"x":0.018349,
     "y":0.15291},
    {"x":0,
     "y":0.20795},
    {"x":0,
     "y":0.263},
    {"x":0.012232,
     "y":0.31804},
    {"x":0.024465,
     "y":0.37309},
    {"x":0.058104,
     "y":0.42508},
    {"x":0.082569,
     "y":0.47706}],
 "triangles":[
    {"p1":7,
     "p2":8,
     "p3":10},
    {"p1":8,
     "p2":9,
     "p3":10},
    {"p1":20,
     "p2":40,
     "p3":41},
    {"p1":13,
     "p2":14,
     "p3":15},
    {"p1":90,
     "p2":92,
     "p3":93},
    {"p1":90,
     "p2":91,
     "p3":92},
    {"p1":1,
     "p2":4,
     "p3":83},
    {"p1":4,
     "p2":67,
     "p3":83},
    {"p1":5,
     "p2":11,
     "p3":66},
    {"p1":4,
     "p2":5,
     "p3":66},
    {"p1":4,
     "p2":66,
     "p3":67},
    {"p1":11,
     "p2":16,
     "p3":17},
    {"p1":11,
     "p2":15,
     "p3":16},
    {"p1":6,
     "p2":7,
     "p3":10},
    {"p1":6,
     "p2":10,
     "p3":11},
    {"p1":5,
     "p2":6,
     "p3":11},
    {"p1":12,
     "p2":13,
     "p3":15},
    {"p1":11,
     "p2":12,
     "p3":15},
    {"p1":73,
     "p2":74,
     "p3":75},
    {"p1":20,
     "p2":35,
     "p3":36},
    {"p1":20,
     "p2":36,
     "p3":37},
    {"p1":23,
     "p2":29,
     "p3":35},
    {"p1":47,
     "p2":63,
     "p3":64},
    {"p1":64,
     "p2":65,
     "p3":66},
    {"p1":50,
     "p2":51,
     "p3":61},
    {"p1":51,
     "p2":60,
     "p3":61},
    {"p1":20,
     "p2":41,
     "p3":46},
    {"p1":20,
     "p2":46,
     "p3":47},
    {"p1":41,
     "p2":42,
     "p3":46},
    {"p1":42,
     "p2":45,
     "p3":46},
    {"p1":20,
     "p2":37,
     "p3":38},
    {"p1":20,
     "p2":21,
     "p3":35},
    {"p1":42,
     "p2":43,
     "p3":44},
    {"p1":42,
     "p2":44,
     "p3":45},
    {"p1":56,
     "p2":57,
     "p3":58},
    {"p1":0,
     "p2":1,
     "p3":83},
    {"p1":0,
     "p2":83,
     "p3":100},
    {"p1":1,
     "p2":2,
     "p3":3},
    {"p1":1,
     "p2":3,
     "p3":4},
    {"p1":85,
     "p2":98,
     "p3":99},
    {"p1":84,
     "p2":99,
     "p3":100},
    {"p1":84,
     "p2":85,
     "p3":99},
    {"p1":83,
     "p2":84,
     "p3":100},
    {"p1":73,
     "p2":75,
     "p3":76},
    {"p1":30,
     "p2":31,
     "p3":34},
    {"p1":29,
     "p2":34,
     "p3":35},
    {"p1":29,
     "p2":30,
     "p3":34},
    {"p1":52,
     "p2":58,
     "p3":59},
    {"p1":52,
     "p2":59,
     "p3":60},
    {"p1":51,
     "p2":52,
     "p3":60},
    {"p1":61,
     "p2":62,
     "p3":63},
    {"p1":49,
     "p2":50,
     "p3":61},
    {"p1":49,
     "p2":61,
     "p3":63},
    {"p1":20,
     "p2":39,
     "p3":40},
    {"p1":20,
     "p2":38,
     "p3":39},
    {"p1":22,
     "p2":23,
     "p3":35},
    {"p1":21,
     "p2":22,
     "p3":35},
    {"p1":23,
     "p2":24,
     "p3":29},
    {"p1":89,
     "p2":90,
     "p3":93},
    {"p1":86,
     "p2":97,
     "p3":98},
    {"p1":85,
     "p2":86,
     "p3":98},
    {"p1":72,
     "p2":73,
     "p3":77},
    {"p1":73,
     "p2":76,
     "p3":77},
    {"p1":67,
     "p2":82,
     "p3":83},
    {"p1":67,
     "p2":68,
     "p3":82},
    {"p1":31,
     "p2":32,
     "p3":33},
    {"p1":31,
     "p2":33,
     "p3":34},
    {"p1":52,
     "p2":53,
     "p3":58},
    {"p1":53,
     "p2":56,
     "p3":58},
    {"p1":53,
     "p2":54,
     "p3":55},
    {"p1":53,
     "p2":55,
     "p3":56},
    {"p1":68,
     "p2":69,
     "p3":70},
    {"p1":47,
     "p2":48,
     "p3":63},
    {"p1":48,
     "p2":49,
     "p3":63},
    {"p1":18,
     "p2":64,
     "p3":66},
    {"p1":11,
     "p2":17,
     "p3":18},
    {"p1":11,
     "p2":18,
     "p3":66},
    {"p1":26,
     "p2":27,
     "p3":28},
    {"p1":25,
     "p2":26,
     "p3":28},
    {"p1":24,
     "p2":25,
     "p3":29},
    {"p1":25,
     "p2":28,
     "p3":29},
    {"p1":89,
     "p2":93,
     "p3":94},
    {"p1":88,
     "p2":94,
     "p3":95},
    {"p1":88,
     "p2":89,
     "p3":94},
    {"p1":87,
     "p2":96,
     "p3":97},
    {"p1":86,
     "p2":87,
     "p3":97},
    {"p1":87,
     "p2":95,
     "p3":96},
    {"p1":87,
     "p2":88,
     "p3":95},
    {"p1":71,
     "p2":72,
     "p3":78},
    {"p1":72,
     "p2":77,
     "p3":78},
    {"p1":19,
     "p2":20,
     "p3":47},
    {"p1":19,
     "p2":47,
     "p3":64},
    {"p1":18,
     "p2":19,
     "p3":64},
    {"p1":70,
     "p2":80,
     "p3":81},
    {"p1":68,
     "p2":70,
     "p3":81},
    {"p1":68,
     "p2":81,
     "p3":82},
    {"p1":70,
     "p2":79,
     "p3":80},
    {"p1":70,
     "p2":71,
     "p3":79},
    {"p1":71,
     "p2":78,
     "p3":79}]
}