{"points":[
    {"x":0.028902,
     "y":0.27168},
    {"x":0.052023,
     "y":0.28324},
    {"x":0.075145,
     "y":0.28324},
    {"x":0.098266,
     "y":0.28902},
    {"x":0.12139,
     "y":0.28902},
    {"x":0.14451,
     "y":0.2948},
    {"x":0.16763,
     "y":0.30058},
    {"x":0.19075,
     "y":0.30058},
    {"x":0.21387,
     "y":0.30058},
    {"x":0.23699,
     "y":0.30636},
    {"x":0.26012,
     "y":0.30636},
    {"x":0.27168,
     "y":0.32948},
    {"x":0.2948,
     "y":0.34104},
    {"x":0.31792,
     "y":0.34104},
    {"x":0.34104,
     "y":0.34682},
    {"x":0.36416,
     "y":0.36416},
    {"x":0.38728,
     "y":0.36416},
    {"x":0.4104,
     "y":0.36416},
    {"x":0.43353,
     "y":0.34682},
    {"x":0.45665,
     "y":0.3526},
    {"x":0.46821,
     "y":0.37572},
    {"x":0.46821,
     "y":0.39884},
    {"x":0.47399,
     "y":0.42197},
    {"x":0.49133,
     "y":0.44509},
    {"x":0.51445,
     "y":0.45665},
    {"x":0.53757,
     "y":0.46243},
    {"x":0.56069,
     "y":0.46243},
    {"x":0.58382,
     "y":0.46243},
    {"x":0.60694,
     "y":0.45665},
    {"x":0.63006,
     "y":0.45665},
    {"x":0.65318,
     "y":0.45665},
    {"x":0.6763,
     "y":0.45665},
    {"x":0.69942,
     "y":0.45665},
    {"x":0.72254,
     "y":0.45665},
    {"x":0.74566,
     "y":0.45665},
    {"x":0.76301,
     "y":0.43931},
    {"x":0.76301,
     "y":0.41618},
    {"x":0.76301,
     "y":0.39306},
    {"x":0.77457,
     "y":0.36994},
    {"x":0.79769,
     "y":0.35838},
    {"x":0.81503,
     "y":0.34104},
    {"x":0.83815,
     "y":0.3237},
    {"x":0.86127,
     "y":0.31792},
    {"x":0.88439,
     "y":0.31792},
    {"x":0.90751,
     "y":0.31214},
    {"x":0.93064,
     "y":0.30636},
    {"x":0.95376,
     "y":0.30636},
    {"x":0.97688,
     "y":0.30636},
    {"x":0.99422,
     "y":0.28902},
    {"x":1,
     "y":0.2659},
    {"x":1,
     "y":0.24277},
    {"x":1,
     "y":0.21965},
    {"x":1,
     "y":0.19653},
    {"x":0.99422,
     "y":0.17341},
    {"x":0.97688,
     "y":0.15029},
    {"x":0.95954,
     "y":0.12717},
    {"x":0.93642,
     "y":0.10405},
    {"x":0.91329,
     "y":0.086705},
    {"x":0.90173,
     "y":0.063584},
    {"x":0.89017,
     "y":0.040462},
    {"x":0.86705,
     "y":0.028902},
    {"x":0.84393,
     "y":0.023121},
    {"x":0.82081,
     "y":0.017341},
    {"x":0.80347,
     "y":0.028902},
    {"x":0.79191,
     "y":0.052023},
    {"x":0.76879,
     "y":0.057803},
    {"x":0.74566,
     "y":0.057803},
    {"x":0.72254,
     "y":0.057803},
    {"x":0.69942,
     "y":0.057803},
    {"x":0.6763,
     "y":0.057803},
    {"x":0.65318,
     "y":0.057803},
    {"x":0.63006,
     "y":0.057803},
    {"x":0.60694,
     "y":0.052023},
    {"x":0.58382,
     "y":0.052023},
    {"x":0.56069,
     "y":0.046243},
    {"x":0.54335,
     "y":0.023121},
    {"x":0.52601,
     "y":0.0057803},
    {"x":0.50289,
     "y":0},
    {"x":0.47977,
     "y":0},
    {"x":0.45665,
     "y":0},
    {"x":0.43353,
     "y":0.011561},
    {"x":0.41618,
     "y":0.028902},
    {"x":0.40462,
     "y":0.052023},
    {"x":0.3815,
     "y":0.063584},
    {"x":0.35838,
     "y":0.063584},
    {"x":0.33526,
     "y":0.063584},
    {"x":0.31214,
     "y":0.063584},
    {"x":0.28902,
     "y":0.063584},
    {"x":0.2659,
     "y":0.057803},
    {"x":0.24277,
     "y":0.057803},
    {"x":0.21965,
     "y":0.052023},
    {"x":0.19653,
     "y":0.052023},
    {"x":0.17341,
     "y":0.052023},
    {"x":0.15029,
     "y":0.046243},
    {"x":0.12717,
     "y":0.028902},
    {"x":0.10405,
     "y":0.017341},
    {"x":0.080925,
     "y":0.011561},
    {"x":0.057803,
     "y":0.011561},
    {"x":0.040462,
     "y":0.023121},
    {"x":0.034682,
     "y":0.046243},
    {"x":0.028902,
     "y":0.069364},
    {"x":0.017341,
     "y":0.092486},
    {"x":0.011561,
     "y":0.11561},
    {"x":0.011561,
     "y":0.13873},
    {"x":0.011561,
     "y":0.16185},
    {"x":0,
     "y":0.18497},
    {"x":0,
     "y":0.20809},
    {"x":0,
     "y":0.23121},
    {"x":0.011561,
     "y":0.25434},
    {"x":0.028902,
     "y":0.27168}],
 "triangles":[
    {"p1":106,
     "p2":107,
     "p3":108},
    {"p1":97,
     "p2":98,
     "p3":99},
    {"p1":104,
     "p2":105,
     "p3":106},
    {"p1":42,
     "p2":55,
     "p3":56},
    {"p1":42,
     "p2":56,
     "p3":57},
    {"p1":95,
     "p2":99,
     "p3":100},
    {"p1":38,
     "p2":68,
     "p3":69},
    {"p1":38,
     "p2":69,
     "p3":70},
    {"p1":10,
     "p2":11,
     "p3":12},
    {"p1":10,
     "p2":12,
     "p3":13},
    {"p1":42,
     "p2":44,
     "p3":55},
    {"p1":44,
     "p2":54,
     "p3":55},
    {"p1":44,
     "p2":45,
     "p3":54},
    {"p1":52,
     "p2":53,
     "p3":54},
    {"p1":38,
     "p2":39,
     "p3":40},
    {"p1":38,
     "p2":40,
     "p3":68},
    {"p1":40,
     "p2":67,
     "p3":68},
    {"p1":96,
     "p2":97,
     "p3":99},
    {"p1":95,
     "p2":96,
     "p3":99},
    {"p1":75,
     "p2":76,
     "p3":77},
    {"p1":75,
     "p2":77,
     "p3":78},
    {"p1":57,
     "p2":58,
     "p3":64},
    {"p1":42,
     "p2":57,
     "p3":64},
    {"p1":41,
     "p2":42,
     "p3":64},
    {"p1":8,
     "p2":10,
     "p3":87},
    {"p1":2,
     "p2":104,
     "p3":106},
    {"p1":74,
     "p2":75,
     "p3":78},
    {"p1":38,
     "p2":70,
     "p3":71},
    {"p1":71,
     "p2":72,
     "p3":73},
    {"p1":26,
     "p2":27,
     "p3":28},
    {"p1":22,
     "p2":23,
     "p3":24},
    {"p1":21,
     "p2":22,
     "p3":24},
    {"p1":42,
     "p2":43,
     "p3":44},
    {"p1":46,
     "p2":48,
     "p3":49},
    {"p1":46,
     "p2":47,
     "p3":48},
    {"p1":46,
     "p2":49,
     "p3":50},
    {"p1":45,
     "p2":46,
     "p3":50},
    {"p1":45,
     "p2":51,
     "p3":54},
    {"p1":51,
     "p2":52,
     "p3":54},
    {"p1":45,
     "p2":50,
     "p3":51},
    {"p1":29,
     "p2":30,
     "p3":38},
    {"p1":31,
     "p2":32,
     "p3":37},
    {"p1":30,
     "p2":37,
     "p3":38},
    {"p1":30,
     "p2":31,
     "p3":37},
    {"p1":58,
     "p2":59,
     "p3":60},
    {"p1":60,
     "p2":61,
     "p3":64},
    {"p1":58,
     "p2":60,
     "p3":64},
    {"p1":40,
     "p2":41,
     "p3":66},
    {"p1":40,
     "p2":66,
     "p3":67},
    {"p1":61,
     "p2":62,
     "p3":63},
    {"p1":61,
     "p2":63,
     "p3":64},
    {"p1":8,
     "p2":9,
     "p3":10},
    {"p1":0,
     "p2":1,
     "p3":2},
    {"p1":14,
     "p2":18,
     "p3":83},
    {"p1":78,
     "p2":79,
     "p3":80},
    {"p1":78,
     "p2":80,
     "p3":81},
    {"p1":18,
     "p2":82,
     "p3":83},
    {"p1":78,
     "p2":81,
     "p3":82},
    {"p1":74,
     "p2":78,
     "p3":82},
    {"p1":4,
     "p2":92,
     "p3":104},
    {"p1":2,
     "p2":4,
     "p3":104},
    {"p1":2,
     "p2":3,
     "p3":4},
    {"p1":93,
     "p2":103,
     "p3":104},
    {"p1":92,
     "p2":93,
     "p3":104},
    {"p1":93,
     "p2":102,
     "p3":103},
    {"p1":93,
     "p2":101,
     "p3":102},
    {"p1":93,
     "p2":100,
     "p3":101},
    {"p1":94,
     "p2":95,
     "p3":100},
    {"p1":93,
     "p2":94,
     "p3":100},
    {"p1":41,
     "p2":64,
     "p3":65},
    {"p1":41,
     "p2":65,
     "p3":66},
    {"p1":19,
     "p2":29,
     "p3":38},
    {"p1":19,
     "p2":28,
     "p3":29},
    {"p1":19,
     "p2":38,
     "p3":71},
    {"p1":19,
     "p2":71,
     "p3":73},
    {"p1":19,
     "p2":73,
     "p3":74},
    {"p1":19,
     "p2":74,
     "p3":82},
    {"p1":18,
     "p2":19,
     "p3":82},
    {"p1":10,
     "p2":84,
     "p3":85},
    {"p1":10,
     "p2":13,
     "p3":84},
    {"p1":13,
     "p2":14,
     "p3":84},
    {"p1":14,
     "p2":83,
     "p3":84},
    {"p1":10,
     "p2":86,
     "p3":87},
    {"p1":10,
     "p2":85,
     "p3":86},
    {"p1":4,
     "p2":5,
     "p3":92},
    {"p1":5,
     "p2":6,
     "p3":7},
    {"p1":5,
     "p2":7,
     "p3":92},
    {"p1":7,
     "p2":91,
     "p3":92},
    {"p1":7,
     "p2":8,
     "p3":91},
    {"p1":14,
     "p2":16,
     "p3":18},
    {"p1":14,
     "p2":15,
     "p3":16},
    {"p1":16,
     "p2":17,
     "p3":18},
    {"p1":19,
     "p2":20,
     "p3":28},
    {"p1":20,
     "p2":26,
     "p3":28},
    {"p1":20,
     "p2":25,
     "p3":26},
    {"p1":20,
     "p2":24,
     "p3":25},
    {"p1":20,
     "p2":21,
     "p3":24},
    {"p1":89,
     "p2":90,
     "p3":91},
    {"p1":8,
     "p2":89,
     "p3":91},
    {"p1":8,
     "p2":87,
     "p3":89},
    {"p1":87,
     "p2":88,
     "p3":89},
    {"p1":0,
     "p2":2,
     "p3":108},
    {"p1":2,
     "p2":106,
     "p3":108},
    {"p1":33,
     "p2":35,
     "p3":36},
    {"p1":33,
     "p2":34,
     "p3":35},
    {"p1":32,
     "p2":33,
     "p3":37},
    {"p1":33,
     "p2":36,
     "p3":37}]
}