{"points":[
    {"x":0.0050505,
     "y":0.24747},
    {"x":0.020202,
     "y":0.27273},
    {"x":0.040404,
     "y":0.29293},
    {"x":0.065657,
     "y":0.30808},
    {"x":0.090909,
     "y":0.31818},
    {"x":0.11616,
     "y":0.32323},
    {"x":0.14141,
     "y":0.32323},
    {"x":0.16667,
     "y":0.32323},
    {"x":0.19192,
     "y":0.32323},
    {"x":0.21717,
     "y":0.32323},
    {"x":0.24242,
     "y":0.32828},
    {"x":0.26768,
     "y":0.33333},
    {"x":0.27778,
     "y":0.34848},
    {"x":0.29293,
     "y":0.36869},
    {"x":0.31818,
     "y":0.36869},
    {"x":0.34343,
     "y":0.37374},
    {"x":0.36869,
     "y":0.38384},
    {"x":0.39394,
     "y":0.39394},
    {"x":0.41919,
     "y":0.39394},
    {"x":0.44444,
     "y":0.39394},
    {"x":0.45455,
     "y":0.41919},
    {"x":0.4697,
     "y":0.44444},
    {"x":0.48485,
     "y":0.4697},
    {"x":0.50505,
     "y":0.4899},
    {"x":0.5303,
     "y":0.49495},
    {"x":0.55556,
     "y":0.49495},
    {"x":0.58081,
     "y":0.5},
    {"x":0.60606,
     "y":0.5},
    {"x":0.63131,
     "y":0.5},
    {"x":0.65657,
     "y":0.5},
    {"x":0.68182,
     "y":0.4899},
    {"x":0.70707,
     "y":0.48485},
    {"x":0.73232,
     "y":0.4798},
    {"x":0.75758,
     "y":0.47475},
    {"x":0.77273,
     "y":0.45455},
    {"x":0.78283,
     "y":0.42929},
    {"x":0.78788,
     "y":0.40404},
    {"x":0.79798,
     "y":0.37879},
    {"x":0.81818,
     "y":0.35354},
    {"x":0.84343,
     "y":0.34343},
    {"x":0.86869,
     "y":0.34343},
    {"x":0.89394,
     "y":0.33838},
    {"x":0.91919,
     "y":0.33838},
    {"x":0.94444,
     "y":0.33333},
    {"x":0.9697,
     "y":0.32828},
    {"x":0.98485,
     "y":0.30808},
    {"x":0.99495,
     "y":0.28283},
    {"x":1,
     "y":0.25758},
    {"x":0.98485,
     "y":0.23232},
    {"x":0.98485,
     "y":0.20707},
    {"x":0.9798,
     "y":0.18182},
    {"x":0.96465,
     "y":0.15657},
    {"x":0.93939,
     "y":0.14646},
    {"x":0.91919,
     "y":0.12626},
    {"x":0.91919,
     "y":0.10101},
    {"x":0.90909,
     "y":0.080808},
    {"x":0.88384,
     "y":0.065657},
    {"x":0.85859,
     "y":0.060606},
    {"x":0.83333,
     "y":0.055556},
    {"x":0.80808,
     "y":0.060606},
    {"x":0.79293,
     "y":0.080808},
    {"x":0.76768,
     "y":0.090909},
    {"x":0.74242,
     "y":0.090909},
    {"x":0.71717,
     "y":0.090909},
    {"x":0.69192,
     "y":0.085859},
    {"x":0.66667,
     "y":0.080808},
    {"x":0.64141,
     "y":0.075758},
    {"x":0.61616,
     "y":0.070707},
    {"x":0.59091,
     "y":0.065657},
    {"x":0.57576,
     "y":0.040404},
    {"x":0.56061,
     "y":0.020202},
    {"x":0.53535,
     "y":0.0050505},
    {"x":0.5101,
     "y":0},
    {"x":0.48485,
     "y":0},
    {"x":0.46465,
     "y":0.020202},
    {"x":0.45455,
     "y":0.045455},
    {"x":0.44949,
     "y":0.070707},
    {"x":0.44949,
     "y":0.09596},
    {"x":0.42929,
     "y":0.10606},
    {"x":0.40404,
     "y":0.085859},
    {"x":0.38384,
     "y":0.065657},
    {"x":0.35859,
     "y":0.060606},
    {"x":0.33333,
     "y":0.055556},
    {"x":0.30808,
     "y":0.050505},
    {"x":0.28283,
     "y":0.050505},
    {"x":0.25758,
     "y":0.050505},
    {"x":0.23232,
     "y":0.050505},
    {"x":0.20707,
     "y":0.050505},
    {"x":0.18182,
     "y":0.055556},
    {"x":0.15657,
     "y":0.055556},
    {"x":0.13131,
     "y":0.040404},
    {"x":0.10606,
     "y":0.035354},
    {"x":0.080808,
     "y":0.030303},
    {"x":0.055556,
     "y":0.035354},
    {"x":0.040404,
     "y":0.060606},
    {"x":0.030303,
     "y":0.085859},
    {"x":0.030303,
     "y":0.11111},
    {"x":0.030303,
     "y":0.13636},
    {"x":0.030303,
     "y":0.16162},
    {"x":0.025253,
     "y":0.18687},
    {"x":0.010101,
     "y":0.21212},
    {"x":0,
     "y":0.23737},
    {"x":0.0050505,
     "y":0.24747}],
 "triangles":[
    {"p1":92,
     "p2":93,
     "p3":94},
    {"p1":11,
     "p2":82,
     "p3":84},
    {"p1":0,
     "p2":100,
     "p3":101},
    {"p1":0,
     "p2":1,
     "p3":100},
    {"p1":25,
     "p2":26,
     "p3":27},
    {"p1":19,
     "p2":25,
     "p3":27},
    {"p1":82,
     "p2":83,
     "p3":84},
    {"p1":11,
     "p2":15,
     "p3":78},
    {"p1":11,
     "p2":79,
     "p3":82},
    {"p1":11,
     "p2":78,
     "p3":79},
    {"p1":43,
     "p2":44,
     "p3":45},
    {"p1":43,
     "p2":45,
     "p3":46},
    {"p1":46,
     "p2":47,
     "p3":48},
    {"p1":43,
     "p2":46,
     "p3":48},
    {"p1":42,
     "p2":43,
     "p3":48},
    {"p1":54,
     "p2":55,
     "p3":56},
    {"p1":53,
     "p2":54,
     "p3":56},
    {"p1":10,
     "p2":11,
     "p3":84},
    {"p1":22,
     "p2":23,
     "p3":24},
    {"p1":22,
     "p2":24,
     "p3":25},
    {"p1":21,
     "p2":22,
     "p3":25},
    {"p1":19,
     "p2":20,
     "p3":25},
    {"p1":20,
     "p2":21,
     "p3":25},
    {"p1":7,
     "p2":89,
     "p3":98},
    {"p1":6,
     "p2":7,
     "p3":98},
    {"p1":10,
     "p2":84,
     "p3":85},
    {"p1":9,
     "p2":10,
     "p3":85},
    {"p1":91,
     "p2":92,
     "p3":94},
    {"p1":91,
     "p2":94,
     "p3":95},
    {"p1":89,
     "p2":90,
     "p3":96},
    {"p1":91,
     "p2":95,
     "p3":96},
    {"p1":90,
     "p2":91,
     "p3":96},
    {"p1":15,
     "p2":16,
     "p3":78},
    {"p1":11,
     "p2":12,
     "p3":14},
    {"p1":11,
     "p2":14,
     "p3":15},
    {"p1":12,
     "p2":13,
     "p3":14},
    {"p1":32,
     "p2":33,
     "p3":34},
    {"p1":32,
     "p2":34,
     "p3":35},
    {"p1":50,
     "p2":51,
     "p3":52},
    {"p1":71,
     "p2":72,
     "p3":75},
    {"p1":28,
     "p2":29,
     "p3":30},
    {"p1":2,
     "p2":3,
     "p3":99},
    {"p1":3,
     "p2":4,
     "p3":99},
    {"p1":1,
     "p2":2,
     "p3":99},
    {"p1":1,
     "p2":99,
     "p3":100},
    {"p1":4,
     "p2":5,
     "p3":99},
    {"p1":5,
     "p2":6,
     "p3":99},
    {"p1":6,
     "p2":98,
     "p3":99},
    {"p1":9,
     "p2":85,
     "p3":86},
    {"p1":89,
     "p2":97,
     "p3":98},
    {"p1":89,
     "p2":96,
     "p3":97},
    {"p1":18,
     "p2":19,
     "p3":78},
    {"p1":16,
     "p2":18,
     "p3":78},
    {"p1":79,
     "p2":81,
     "p3":82},
    {"p1":79,
     "p2":80,
     "p3":81},
    {"p1":72,
     "p2":73,
     "p3":74},
    {"p1":72,
     "p2":74,
     "p3":75},
    {"p1":30,
     "p2":31,
     "p3":36},
    {"p1":41,
     "p2":42,
     "p3":48},
    {"p1":41,
     "p2":48,
     "p3":52},
    {"p1":40,
     "p2":41,
     "p3":52},
    {"p1":48,
     "p2":49,
     "p3":52},
    {"p1":49,
     "p2":50,
     "p3":52},
    {"p1":53,
     "p2":56,
     "p3":57},
    {"p1":38,
     "p2":62,
     "p3":63},
    {"p1":38,
     "p2":61,
     "p3":62},
    {"p1":39,
     "p2":53,
     "p3":61},
    {"p1":39,
     "p2":52,
     "p3":53},
    {"p1":39,
     "p2":40,
     "p3":52},
    {"p1":38,
     "p2":39,
     "p3":61},
    {"p1":19,
     "p2":65,
     "p3":66},
    {"p1":19,
     "p2":77,
     "p3":78},
    {"p1":19,
     "p2":68,
     "p3":77},
    {"p1":19,
     "p2":66,
     "p3":67},
    {"p1":19,
     "p2":67,
     "p3":68},
    {"p1":16,
     "p2":17,
     "p3":18},
    {"p1":69,
     "p2":75,
     "p3":76},
    {"p1":68,
     "p2":69,
     "p3":77},
    {"p1":69,
     "p2":76,
     "p3":77},
    {"p1":30,
     "p2":36,
     "p3":37},
    {"p1":19,
     "p2":27,
     "p3":37},
    {"p1":19,
     "p2":37,
     "p3":65},
    {"p1":27,
     "p2":28,
     "p3":37},
    {"p1":28,
     "p2":30,
     "p3":37},
    {"p1":37,
     "p2":64,
     "p3":65},
    {"p1":37,
     "p2":38,
     "p3":63},
    {"p1":37,
     "p2":63,
     "p3":64},
    {"p1":58,
     "p2":59,
     "p3":60},
    {"p1":57,
     "p2":58,
     "p3":60},
    {"p1":53,
     "p2":60,
     "p3":61},
    {"p1":53,
     "p2":57,
     "p3":60},
    {"p1":7,
     "p2":8,
     "p3":88},
    {"p1":7,
     "p2":88,
     "p3":89},
    {"p1":8,
     "p2":9,
     "p3":88},
    {"p1":9,
     "p2":86,
     "p3":88},
    {"p1":86,
     "p2":87,
     "p3":88},
    {"p1":70,
     "p2":71,
     "p3":75},
    {"p1":69,
     "p2":70,
     "p3":75},
    {"p1":32,
     "p2":35,
     "p3":36},
    {"p1":31,
     "p2":32,
     "p3":36}]
}