{"points":[
    {"x":0.0093023,
     "y":0.26047},
    {"x":0.032558,
     "y":0.27442},
    {"x":0.055814,
     "y":0.28372},
    {"x":0.07907,
     "y":0.28837},
    {"x":0.10233,
     "y":0.29767},
    {"x":0.12558,
     "y":0.30698},
    {"x":0.14884,
     "y":0.30698},
    {"x":0.17209,
     "y":0.30698},
    {"x":0.19535,
     "y":0.30698},
    {"x":0.2186,
     "y":0.30698},
    {"x":0.24186,
     "y":0.30698},
    {"x":0.26512,
     "y":0.31628},
    {"x":0.27442,
     "y":0.33953},
    {"x":0.29302,
     "y":0.35349},
    {"x":0.31628,
     "y":0.35349},
    {"x":0.33953,
     "y":0.36744},
    {"x":0.35814,
     "y":0.3814},
    {"x":0.3814,
     "y":0.38605},
    {"x":0.40465,
     "y":0.38605},
    {"x":0.42326,
     "y":0.36279},
    {"x":0.44651,
     "y":0.36744},
    {"x":0.45116,
     "y":0.3907},
    {"x":0.45116,
     "y":0.41395},
    {"x":0.45581,
     "y":0.43721},
    {"x":0.46977,
     "y":0.46047},
    {"x":0.49302,
     "y":0.47442},
    {"x":0.51628,
     "y":0.47907},
    {"x":0.53953,
     "y":0.47907},
    {"x":0.56279,
     "y":0.47442},
    {"x":0.58605,
     "y":0.46977},
    {"x":0.6093,
     "y":0.46512},
    {"x":0.63256,
     "y":0.45581},
    {"x":0.65581,
     "y":0.45116},
    {"x":0.67907,
     "y":0.44651},
    {"x":0.70233,
     "y":0.44186},
    {"x":0.72558,
     "y":0.44186},
    {"x":0.74884,
     "y":0.44186},
    {"x":0.76279,
     "y":0.42326},
    {"x":0.76279,
     "y":0.4},
    {"x":0.76279,
     "y":0.37674},
    {"x":0.76744,
     "y":0.35349},
    {"x":0.7907,
     "y":0.33953},
    {"x":0.81395,
     "y":0.33023},
    {"x":0.83721,
     "y":0.32093},
    {"x":0.86047,
     "y":0.32093},
    {"x":0.88372,
     "y":0.31628},
    {"x":0.90698,
     "y":0.31628},
    {"x":0.93023,
     "y":0.31628},
    {"x":0.95349,
     "y":0.31628},
    {"x":0.97674,
     "y":0.31163},
    {"x":0.9814,
     "y":0.28837},
    {"x":1,
     "y":0.26977},
    {"x":1,
     "y":0.24651},
    {"x":0.9814,
     "y":0.23256},
    {"x":0.96744,
     "y":0.2093},
    {"x":0.96744,
     "y":0.18605},
    {"x":0.95814,
     "y":0.16279},
    {"x":0.93488,
     "y":0.14884},
    {"x":0.91163,
     "y":0.13953},
    {"x":0.89302,
     "y":0.11628},
    {"x":0.89302,
     "y":0.093023},
    {"x":0.89302,
     "y":0.069767},
    {"x":0.87442,
     "y":0.055814},
    {"x":0.85116,
     "y":0.046512},
    {"x":0.82791,
     "y":0.046512},
    {"x":0.80465,
     "y":0.046512},
    {"x":0.7814,
     "y":0.055814},
    {"x":0.76744,
     "y":0.07907},
    {"x":0.75349,
     "y":0.093023},
    {"x":0.73023,
     "y":0.093023},
    {"x":0.70698,
     "y":0.093023},
    {"x":0.68372,
     "y":0.093023},
    {"x":0.66047,
     "y":0.093023},
    {"x":0.63721,
     "y":0.093023},
    {"x":0.61395,
     "y":0.093023},
    {"x":0.5907,
     "y":0.088372},
    {"x":0.57209,
     "y":0.07907},
    {"x":0.56279,
     "y":0.055814},
    {"x":0.53953,
     "y":0.032558},
    {"x":0.51628,
     "y":0.013953},
    {"x":0.49302,
     "y":0},
    {"x":0.46977,
     "y":0},
    {"x":0.45116,
     "y":0.018605},
    {"x":0.43721,
     "y":0.04186},
    {"x":0.42791,
     "y":0.065116},
    {"x":0.42791,
     "y":0.088372},
    {"x":0.40465,
     "y":0.093023},
    {"x":0.3814,
     "y":0.074419},
    {"x":0.35814,
     "y":0.065116},
    {"x":0.33488,
     "y":0.055814},
    {"x":0.31163,
     "y":0.055814},
    {"x":0.28837,
     "y":0.051163},
    {"x":0.26512,
     "y":0.051163},
    {"x":0.24186,
     "y":0.051163},
    {"x":0.2186,
     "y":0.051163},
    {"x":0.19535,
     "y":0.051163},
    {"x":0.17209,
     "y":0.051163},
    {"x":0.14884,
     "y":0.051163},
    {"x":0.12558,
     "y":0.04186},
    {"x":0.10233,
     "y":0.027907},
    {"x":0.07907,
     "y":0.023256},
    {"x":0.055814,
     "y":0.023256},
    {"x":0.037209,
     "y":0.037209},
    {"x":0.027907,
     "y":0.060465},
    {"x":0.023256,
     "y":0.083721},
    {"x":0.018605,
     "y":0.10698},
    {"x":0.018605,
     "y":0.13023},
    {"x":0.018605,
     "y":0.15349},
    {"x":0.018605,
     "y":0.17674},
    {"x":0.013953,
     "y":0.2},
    {"x":0.0046512,
     "y":0.22326},
    {"x":0,
     "y":0.24651},
    {"x":0.0093023,
     "y":0.26047}],
 "triangles":[
    {"p1":100,
     "p2":102,
     "p3":103},
    {"p1":100,
     "p2":101,
     "p3":102},
    {"p1":50,
     "p2":51,
     "p3":53},
    {"p1":51,
     "p2":52,
     "p3":53},
    {"p1":19,
     "p2":20,
     "p3":85},
    {"p1":11,
     "p2":12,
     "p3":14},
    {"p1":12,
     "p2":13,
     "p3":14},
    {"p1":10,
     "p2":11,
     "p3":90},
    {"p1":10,
     "p2":90,
     "p3":92},
    {"p1":90,
     "p2":91,
     "p3":92},
    {"p1":0,
     "p2":110,
     "p3":111},
    {"p1":0,
     "p2":1,
     "p3":110},
    {"p1":47,
     "p2":50,
     "p3":53},
    {"p1":16,
     "p2":17,
     "p3":19},
    {"p1":17,
     "p2":18,
     "p3":19},
    {"p1":23,
     "p2":24,
     "p3":25},
    {"p1":15,
     "p2":16,
     "p3":19},
    {"p1":14,
     "p2":15,
     "p3":19},
    {"p1":19,
     "p2":85,
     "p3":86},
    {"p1":14,
     "p2":19,
     "p3":86},
    {"p1":11,
     "p2":14,
     "p3":86},
    {"p1":2,
     "p2":3,
     "p3":109},
    {"p1":1,
     "p2":109,
     "p3":110},
    {"p1":1,
     "p2":2,
     "p3":109},
    {"p1":47,
     "p2":53,
     "p3":54},
    {"p1":46,
     "p2":47,
     "p3":54},
    {"p1":48,
     "p2":49,
     "p3":50},
    {"p1":47,
     "p2":48,
     "p3":50},
    {"p1":21,
     "p2":27,
     "p3":28},
    {"p1":20,
     "p2":30,
     "p3":31},
    {"p1":20,
     "p2":31,
     "p3":40},
    {"p1":31,
     "p2":32,
     "p3":40},
    {"p1":20,
     "p2":74,
     "p3":75},
    {"p1":20,
     "p2":40,
     "p3":74},
    {"p1":40,
     "p2":73,
     "p3":74},
    {"p1":20,
     "p2":76,
     "p3":85},
    {"p1":20,
     "p2":75,
     "p3":76},
    {"p1":80,
     "p2":81,
     "p3":82},
    {"p1":83,
     "p2":84,
     "p3":85},
    {"p1":86,
     "p2":87,
     "p3":88},
    {"p1":88,
     "p2":89,
     "p3":90},
    {"p1":11,
     "p2":88,
     "p3":90},
    {"p1":11,
     "p2":86,
     "p3":88},
    {"p1":10,
     "p2":92,
     "p3":93},
    {"p1":99,
     "p2":100,
     "p3":103},
    {"p1":97,
     "p2":107,
     "p3":108},
    {"p1":3,
     "p2":108,
     "p3":109},
    {"p1":45,
     "p2":46,
     "p3":54},
    {"p1":35,
     "p2":36,
     "p3":37},
    {"p1":43,
     "p2":59,
     "p3":68},
    {"p1":21,
     "p2":28,
     "p3":29},
    {"p1":20,
     "p2":29,
     "p3":30},
    {"p1":20,
     "p2":21,
     "p3":29},
    {"p1":78,
     "p2":83,
     "p3":85},
    {"p1":76,
     "p2":78,
     "p3":85},
    {"p1":98,
     "p2":104,
     "p3":105},
    {"p1":99,
     "p2":103,
     "p3":104},
    {"p1":98,
     "p2":99,
     "p3":104},
    {"p1":97,
     "p2":98,
     "p3":106},
    {"p1":98,
     "p2":105,
     "p3":106},
    {"p1":97,
     "p2":106,
     "p3":107},
    {"p1":4,
     "p2":6,
     "p3":97},
    {"p1":4,
     "p2":97,
     "p3":108},
    {"p1":3,
     "p2":4,
     "p3":108},
    {"p1":4,
     "p2":5,
     "p3":6},
    {"p1":40,
     "p2":72,
     "p3":73},
    {"p1":40,
     "p2":71,
     "p3":72},
    {"p1":41,
     "p2":68,
     "p3":69},
    {"p1":42,
     "p2":43,
     "p3":68},
    {"p1":41,
     "p2":42,
     "p3":68},
    {"p1":60,
     "p2":62,
     "p3":63},
    {"p1":60,
     "p2":61,
     "p3":62},
    {"p1":79,
     "p2":82,
     "p3":83},
    {"p1":78,
     "p2":79,
     "p3":83},
    {"p1":79,
     "p2":80,
     "p3":82},
    {"p1":76,
     "p2":77,
     "p3":78},
    {"p1":32,
     "p2":33,
     "p3":40},
    {"p1":33,
     "p2":39,
     "p3":40},
    {"p1":33,
     "p2":34,
     "p3":39},
    {"p1":35,
     "p2":37,
     "p3":38},
    {"p1":34,
     "p2":35,
     "p3":38},
    {"p1":34,
     "p2":38,
     "p3":39},
    {"p1":60,
     "p2":63,
     "p3":64},
    {"p1":59,
     "p2":60,
     "p3":64},
    {"p1":59,
     "p2":67,
     "p3":68},
    {"p1":59,
     "p2":64,
     "p3":67},
    {"p1":65,
     "p2":66,
     "p3":67},
    {"p1":64,
     "p2":65,
     "p3":67},
    {"p1":40,
     "p2":70,
     "p3":71},
    {"p1":40,
     "p2":41,
     "p3":70},
    {"p1":41,
     "p2":69,
     "p3":70},
    {"p1":55,
     "p2":56,
     "p3":57},
    {"p1":54,
     "p2":55,
     "p3":57},
    {"p1":43,
     "p2":44,
     "p3":58},
    {"p1":43,
     "p2":58,
     "p3":59},
    {"p1":44,
     "p2":45,
     "p3":58},
    {"p1":45,
     "p2":54,
     "p3":58},
    {"p1":54,
     "p2":57,
     "p3":58},
    {"p1":21,
     "p2":22,
     "p3":26},
    {"p1":21,
     "p2":26,
     "p3":27},
    {"p1":22,
     "p2":25,
     "p3":26},
    {"p1":22,
     "p2":23,
     "p3":25},
    {"p1":9,
     "p2":93,
     "p3":94},
    {"p1":9,
     "p2":10,
     "p3":93},
    {"p1":6,
     "p2":96,
     "p3":97},
    {"p1":6,
     "p2":7,
     "p3":96},
    {"p1":7,
     "p2":95,
     "p3":96},
    {"p1":7,
     "p2":8,
     "p3":95},
    {"p1":9,
     "p2":94,
     "p3":95},
    {"p1":8,
     "p2":9,
     "p3":95}]
}