{"points":[
    {"x":0,
     "y":0.24227},
    {"x":0.010309,
     "y":0.26804},
    {"x":0.025773,
     "y":0.28866},
    {"x":0.051546,
     "y":0.30412},
    {"x":0.07732,
     "y":0.31959},
    {"x":0.10309,
     "y":0.32474},
    {"x":0.12887,
     "y":0.3299},
    {"x":0.15464,
     "y":0.33505},
    {"x":0.18041,
     "y":0.33505},
    {"x":0.20619,
     "y":0.33505},
    {"x":0.23196,
     "y":0.33505},
    {"x":0.25258,
     "y":0.34536},
    {"x":0.26289,
     "y":0.37113},
    {"x":0.28866,
     "y":0.36082},
    {"x":0.30928,
     "y":0.35052},
    {"x":0.3299,
     "y":0.37629},
    {"x":0.35567,
     "y":0.39175},
    {"x":0.38144,
     "y":0.39175},
    {"x":0.40206,
     "y":0.37629},
    {"x":0.42268,
     "y":0.36598},
    {"x":0.4433,
     "y":0.37629},
    {"x":0.4433,
     "y":0.40206},
    {"x":0.4433,
     "y":0.42784},
    {"x":0.4433,
     "y":0.45361},
    {"x":0.4433,
     "y":0.47938},
    {"x":0.46392,
     "y":0.49485},
    {"x":0.48969,
     "y":0.49485},
    {"x":0.51546,
     "y":0.49485},
    {"x":0.54124,
     "y":0.49485},
    {"x":0.56701,
     "y":0.48969},
    {"x":0.59278,
     "y":0.48454},
    {"x":0.61856,
     "y":0.48454},
    {"x":0.64433,
     "y":0.48454},
    {"x":0.6701,
     "y":0.48454},
    {"x":0.69588,
     "y":0.48454},
    {"x":0.72165,
     "y":0.48454},
    {"x":0.74742,
     "y":0.46907},
    {"x":0.76804,
     "y":0.44845},
    {"x":0.76804,
     "y":0.42268},
    {"x":0.76804,
     "y":0.39691},
    {"x":0.78351,
     "y":0.37113},
    {"x":0.80412,
     "y":0.35052},
    {"x":0.8299,
     "y":0.34021},
    {"x":0.85567,
     "y":0.34021},
    {"x":0.88144,
     "y":0.34021},
    {"x":0.90722,
     "y":0.34021},
    {"x":0.93299,
     "y":0.34021},
    {"x":0.95876,
     "y":0.34021},
    {"x":0.98454,
     "y":0.34021},
    {"x":0.99485,
     "y":0.31443},
    {"x":1,
     "y":0.28866},
    {"x":0.99485,
     "y":0.26289},
    {"x":0.97423,
     "y":0.24227},
    {"x":0.96907,
     "y":0.21649},
    {"x":0.95361,
     "y":0.19072},
    {"x":0.92784,
     "y":0.17526},
    {"x":0.90206,
     "y":0.15979},
    {"x":0.8866,
     "y":0.13918},
    {"x":0.8866,
     "y":0.1134},
    {"x":0.8866,
     "y":0.087629},
    {"x":0.87629,
     "y":0.061856},
    {"x":0.85052,
     "y":0.046392},
    {"x":0.82474,
     "y":0.046392},
    {"x":0.80928,
     "y":0.072165},
    {"x":0.78351,
     "y":0.07732},
    {"x":0.75773,
     "y":0.07732},
    {"x":0.73196,
     "y":0.06701},
    {"x":0.70619,
     "y":0.06701},
    {"x":0.68041,
     "y":0.06701},
    {"x":0.65464,
     "y":0.06701},
    {"x":0.62887,
     "y":0.06701},
    {"x":0.60309,
     "y":0.06701},
    {"x":0.57732,
     "y":0.06701},
    {"x":0.56186,
     "y":0.041237},
    {"x":0.54639,
     "y":0.015464},
    {"x":0.52062,
     "y":0},
    {"x":0.49485,
     "y":0.0051546},
    {"x":0.46907,
     "y":0.0051546},
    {"x":0.4433,
     "y":0.020619},
    {"x":0.42268,
     "y":0.041237},
    {"x":0.41237,
     "y":0.06701},
    {"x":0.40206,
     "y":0.082474},
    {"x":0.38144,
     "y":0.06701},
    {"x":0.35567,
     "y":0.06701},
    {"x":0.3299,
     "y":0.06701},
    {"x":0.30412,
     "y":0.06701},
    {"x":0.27835,
     "y":0.06701},
    {"x":0.25258,
     "y":0.06701},
    {"x":0.2268,
     "y":0.06701},
    {"x":0.20103,
     "y":0.06701},
    {"x":0.17526,
     "y":0.061856},
    {"x":0.14948,
     "y":0.061856},
    {"x":0.12887,
     "y":0.041237},
    {"x":0.10309,
     "y":0.025773},
    {"x":0.07732,
     "y":0.025773},
    {"x":0.051546,
     "y":0.036082},
    {"x":0.036082,
     "y":0.056701},
    {"x":0.020619,
     "y":0.07732},
    {"x":0.020619,
     "y":0.10309},
    {"x":0.020619,
     "y":0.12887},
    {"x":0.020619,
     "y":0.15464},
    {"x":0.020619,
     "y":0.18041},
    {"x":0.0051546,
     "y":0.20103},
    {"x":0,
     "y":0.2268},
    {"x":0,
     "y":0.24227}],
 "triangles":[
    {"p1":1,
     "p2":2,
     "p3":3},
    {"p1":94,
     "p2":95,
     "p3":96},
    {"p1":1,
     "p2":3,
     "p3":101},
    {"p1":10,
     "p2":14,
     "p3":85},
    {"p1":23,
     "p2":24,
     "p3":25},
    {"p1":14,
     "p2":18,
     "p3":19},
    {"p1":14,
     "p2":19,
     "p3":81},
    {"p1":10,
     "p2":85,
     "p3":86},
    {"p1":6,
     "p2":91,
     "p3":101},
    {"p1":76,
     "p2":77,
     "p3":78},
    {"p1":74,
     "p2":75,
     "p3":76},
    {"p1":73,
     "p2":74,
     "p3":76},
    {"p1":60,
     "p2":61,
     "p3":63},
    {"p1":61,
     "p2":62,
     "p3":63},
    {"p1":20,
     "p2":29,
     "p3":30},
    {"p1":23,
     "p2":25,
     "p3":26},
    {"p1":57,
     "p2":63,
     "p3":64},
    {"p1":20,
     "p2":40,
     "p3":71},
    {"p1":10,
     "p2":11,
     "p3":14},
    {"p1":14,
     "p2":15,
     "p3":18},
    {"p1":15,
     "p2":16,
     "p3":18},
    {"p1":16,
     "p2":17,
     "p3":18},
    {"p1":21,
     "p2":27,
     "p3":28},
    {"p1":20,
     "p2":21,
     "p3":29},
    {"p1":21,
     "p2":28,
     "p3":29},
    {"p1":14,
     "p2":84,
     "p3":85},
    {"p1":14,
     "p2":81,
     "p3":84},
    {"p1":81,
     "p2":83,
     "p3":84},
    {"p1":81,
     "p2":82,
     "p3":83},
    {"p1":73,
     "p2":76,
     "p3":80},
    {"p1":76,
     "p2":78,
     "p3":80},
    {"p1":91,
     "p2":92,
     "p3":96},
    {"p1":92,
     "p2":93,
     "p3":94},
    {"p1":92,
     "p2":94,
     "p3":96},
    {"p1":6,
     "p2":89,
     "p3":91},
    {"p1":101,
     "p2":102,
     "p3":103},
    {"p1":0,
     "p2":1,
     "p3":103},
    {"p1":1,
     "p2":101,
     "p3":103},
    {"p1":3,
     "p2":5,
     "p3":101},
    {"p1":5,
     "p2":6,
     "p3":101},
    {"p1":47,
     "p2":48,
     "p3":49},
    {"p1":47,
     "p2":49,
     "p3":50},
    {"p1":42,
     "p2":57,
     "p3":64},
    {"p1":53,
     "p2":54,
     "p3":55},
    {"p1":50,
     "p2":51,
     "p3":52},
    {"p1":47,
     "p2":50,
     "p3":52},
    {"p1":46,
     "p2":47,
     "p3":52},
    {"p1":52,
     "p2":53,
     "p3":55},
    {"p1":20,
     "p2":39,
     "p3":40},
    {"p1":57,
     "p2":58,
     "p3":63},
    {"p1":20,
     "p2":71,
     "p3":72},
    {"p1":19,
     "p2":20,
     "p3":72},
    {"p1":19,
     "p2":72,
     "p3":81},
    {"p1":72,
     "p2":73,
     "p3":80},
    {"p1":72,
     "p2":80,
     "p3":81},
    {"p1":21,
     "p2":22,
     "p3":27},
    {"p1":22,
     "p2":26,
     "p3":27},
    {"p1":22,
     "p2":23,
     "p3":26},
    {"p1":78,
     "p2":79,
     "p3":80},
    {"p1":91,
     "p2":100,
     "p3":101},
    {"p1":91,
     "p2":99,
     "p3":100},
    {"p1":91,
     "p2":96,
     "p3":98},
    {"p1":91,
     "p2":98,
     "p3":99},
    {"p1":96,
     "p2":97,
     "p3":98},
    {"p1":9,
     "p2":10,
     "p3":88},
    {"p1":9,
     "p2":88,
     "p3":89},
    {"p1":8,
     "p2":9,
     "p3":89},
    {"p1":6,
     "p2":8,
     "p3":89},
    {"p1":89,
     "p2":90,
     "p3":91},
    {"p1":3,
     "p2":4,
     "p3":5},
    {"p1":42,
     "p2":56,
     "p3":57},
    {"p1":40,
     "p2":41,
     "p3":68},
    {"p1":44,
     "p2":52,
     "p3":55},
    {"p1":36,
     "p2":37,
     "p3":38},
    {"p1":31,
     "p2":32,
     "p3":39},
    {"p1":20,
     "p2":30,
     "p3":31},
    {"p1":20,
     "p2":31,
     "p3":39},
    {"p1":32,
     "p2":33,
     "p3":39},
    {"p1":59,
     "p2":60,
     "p3":63},
    {"p1":58,
     "p2":59,
     "p3":63},
    {"p1":40,
     "p2":70,
     "p3":71},
    {"p1":11,
     "p2":13,
     "p3":14},
    {"p1":11,
     "p2":12,
     "p3":13},
    {"p1":10,
     "p2":86,
     "p3":87},
    {"p1":10,
     "p2":87,
     "p3":88},
    {"p1":6,
     "p2":7,
     "p3":8},
    {"p1":42,
     "p2":64,
     "p3":65},
    {"p1":41,
     "p2":42,
     "p3":65},
    {"p1":45,
     "p2":46,
     "p3":52},
    {"p1":44,
     "p2":45,
     "p3":52},
    {"p1":42,
     "p2":43,
     "p3":56},
    {"p1":43,
     "p2":55,
     "p3":56},
    {"p1":43,
     "p2":44,
     "p3":55},
    {"p1":34,
     "p2":38,
     "p3":39},
    {"p1":33,
     "p2":34,
     "p3":39},
    {"p1":34,
     "p2":35,
     "p3":36},
    {"p1":34,
     "p2":36,
     "p3":38},
    {"p1":40,
     "p2":68,
     "p3":69},
    {"p1":40,
     "p2":69,
     "p3":70},
    {"p1":41,
     "p2":67,
     "p3":68},
    {"p1":41,
     "p2":65,
     "p3":67},
    {"p1":65,
     "p2":66,
     "p3":67}]
}