{"points":[
    {"x":0.010929,
     "y":0.25137},
    {"x":0.032787,
     "y":0.26776},
    {"x":0.054645,
     "y":0.27869},
    {"x":0.076503,
     "y":0.28962},
    {"x":0.098361,
     "y":0.30601},
    {"x":0.12022,
     "y":0.30601},
    {"x":0.14208,
     "y":0.31148},
    {"x":0.16393,
     "y":0.31694},
    {"x":0.18579,
     "y":0.3224},
    {"x":0.20765,
     "y":0.3224},
    {"x":0.22951,
     "y":0.32787},
    {"x":0.25137,
     "y":0.32787},
    {"x":0.2623,
     "y":0.34973},
    {"x":0.27869,
     "y":0.36612},
    {"x":0.30055,
     "y":0.35519},
    {"x":0.31694,
     "y":0.37158},
    {"x":0.3388,
     "y":0.38251},
    {"x":0.36066,
     "y":0.38798},
    {"x":0.38251,
     "y":0.38798},
    {"x":0.40437,
     "y":0.37158},
    {"x":0.42077,
     "y":0.36066},
    {"x":0.44262,
     "y":0.36066},
    {"x":0.45902,
     "y":0.37705},
    {"x":0.45902,
     "y":0.39891},
    {"x":0.45902,
     "y":0.42077},
    {"x":0.45902,
     "y":0.44262},
    {"x":0.46448,
     "y":0.46448},
    {"x":0.48634,
     "y":0.48634},
    {"x":0.5082,
     "y":0.4918},
    {"x":0.53005,
     "y":0.4918},
    {"x":0.55191,
     "y":0.4918},
    {"x":0.57377,
     "y":0.4918},
    {"x":0.59563,
     "y":0.4918},
    {"x":0.61749,
     "y":0.48634},
    {"x":0.63934,
     "y":0.48634},
    {"x":0.6612,
     "y":0.48087},
    {"x":0.68306,
     "y":0.47541},
    {"x":0.70492,
     "y":0.46995},
    {"x":0.72678,
     "y":0.46448},
    {"x":0.74863,
     "y":0.45355},
    {"x":0.76503,
     "y":0.43716},
    {"x":0.76503,
     "y":0.4153},
    {"x":0.76503,
     "y":0.39344},
    {"x":0.76503,
     "y":0.37158},
    {"x":0.78142,
     "y":0.36066},
    {"x":0.80328,
     "y":0.34973},
    {"x":0.82514,
     "y":0.3388},
    {"x":0.84699,
     "y":0.33333},
    {"x":0.86885,
     "y":0.33333},
    {"x":0.89071,
     "y":0.33333},
    {"x":0.91257,
     "y":0.33333},
    {"x":0.93443,
     "y":0.33333},
    {"x":0.95628,
     "y":0.33333},
    {"x":0.97814,
     "y":0.33333},
    {"x":0.99454,
     "y":0.31694},
    {"x":0.99454,
     "y":0.29508},
    {"x":1,
     "y":0.27322},
    {"x":0.98907,
     "y":0.25137},
    {"x":0.97268,
     "y":0.23497},
    {"x":0.96721,
     "y":0.21311},
    {"x":0.96175,
     "y":0.19126},
    {"x":0.96175,
     "y":0.1694},
    {"x":0.95082,
     "y":0.14754},
    {"x":0.92896,
     "y":0.14208},
    {"x":0.91803,
     "y":0.12022},
    {"x":0.9071,
     "y":0.098361},
    {"x":0.89617,
     "y":0.076503},
    {"x":0.87432,
     "y":0.060109},
    {"x":0.85246,
     "y":0.04918},
    {"x":0.8306,
     "y":0.043716},
    {"x":0.81421,
     "y":0.060109},
    {"x":0.79235,
     "y":0.071038},
    {"x":0.77049,
     "y":0.071038},
    {"x":0.74863,
     "y":0.065574},
    {"x":0.72678,
     "y":0.065574},
    {"x":0.70492,
     "y":0.060109},
    {"x":0.68306,
     "y":0.060109},
    {"x":0.6612,
     "y":0.060109},
    {"x":0.63934,
     "y":0.060109},
    {"x":0.61749,
     "y":0.060109},
    {"x":0.59563,
     "y":0.060109},
    {"x":0.57377,
     "y":0.060109},
    {"x":0.55738,
     "y":0.038251},
    {"x":0.54098,
     "y":0.016393},
    {"x":0.52459,
     "y":0},
    {"x":0.50273,
     "y":0},
    {"x":0.48087,
     "y":0.0054645},
    {"x":0.45902,
     "y":0.010929},
    {"x":0.43716,
     "y":0.021858},
    {"x":0.42077,
     "y":0.043716},
    {"x":0.40437,
     "y":0.054645},
    {"x":0.38251,
     "y":0.054645},
    {"x":0.36066,
     "y":0.054645},
    {"x":0.3388,
     "y":0.054645},
    {"x":0.31694,
     "y":0.054645},
    {"x":0.29508,
     "y":0.054645},
    {"x":0.27322,
     "y":0.054645},
    {"x":0.25137,
     "y":0.054645},
    {"x":0.22951,
     "y":0.04918},
    {"x":0.20765,
     "y":0.04918},
    {"x":0.18579,
     "y":0.04918},
    {"x":0.1694,
     "y":0.038251},
    {"x":0.15301,
     "y":0.021858},
    {"x":0.13115,
     "y":0.016393},
    {"x":0.10929,
     "y":0.021858},
    {"x":0.087432,
     "y":0.021858},
    {"x":0.065574,
     "y":0.027322},
    {"x":0.04918,
     "y":0.038251},
    {"x":0.043716,
     "y":0.060109},
    {"x":0.032787,
     "y":0.081967},
    {"x":0.027322,
     "y":0.10383},
    {"x":0.027322,
     "y":0.12568},
    {"x":0.027322,
     "y":0.14754},
    {"x":0.027322,
     "y":0.1694},
    {"x":0.021858,
     "y":0.19126},
    {"x":0.0054645,
     "y":0.21311},
    {"x":0,
     "y":0.23497},
    {"x":0.010929,
     "y":0.25137}],
 "triangles":[
    {"p1":55,
     "p2":56,
     "p3":57},
    {"p1":67,
     "p2":68,
     "p3":70},
    {"p1":68,
     "p2":69,
     "p3":70},
    {"p1":11,
     "p2":12,
     "p3":14},
    {"p1":12,
     "p2":13,
     "p3":14},
    {"p1":87,
     "p2":88,
     "p3":89},
    {"p1":11,
     "p2":93,
     "p3":94},
    {"p1":11,
     "p2":94,
     "p3":95},
    {"p1":83,
     "p2":84,
     "p3":85},
    {"p1":101,
     "p2":102,
     "p3":103},
    {"p1":61,
     "p2":62,
     "p3":63},
    {"p1":65,
     "p2":70,
     "p3":71},
    {"p1":65,
     "p2":66,
     "p3":67},
    {"p1":65,
     "p2":67,
     "p3":70},
    {"p1":20,
     "p2":21,
     "p3":90},
    {"p1":20,
     "p2":90,
     "p3":91},
    {"p1":14,
     "p2":20,
     "p3":92},
    {"p1":20,
     "p2":91,
     "p3":92},
    {"p1":31,
     "p2":32,
     "p3":33},
    {"p1":22,
     "p2":31,
     "p3":33},
    {"p1":22,
     "p2":33,
     "p3":43},
    {"p1":22,
     "p2":43,
     "p3":79},
    {"p1":82,
     "p2":86,
     "p3":89},
    {"p1":86,
     "p2":87,
     "p3":89},
    {"p1":82,
     "p2":83,
     "p3":86},
    {"p1":83,
     "p2":85,
     "p3":86},
    {"p1":9,
     "p2":10,
     "p3":11},
    {"p1":9,
     "p2":11,
     "p3":97},
    {"p1":97,
     "p2":98,
     "p3":99},
    {"p1":9,
     "p2":97,
     "p3":99},
    {"p1":101,
     "p2":103,
     "p3":104},
    {"p1":101,
     "p2":104,
     "p3":109},
    {"p1":63,
     "p2":64,
     "p3":71},
    {"p1":64,
     "p2":65,
     "p3":71},
    {"p1":21,
     "p2":22,
     "p3":81},
    {"p1":21,
     "p2":81,
     "p3":90},
    {"p1":81,
     "p2":82,
     "p3":89},
    {"p1":81,
     "p2":89,
     "p3":90},
    {"p1":17,
     "p2":18,
     "p3":19},
    {"p1":16,
     "p2":17,
     "p3":19},
    {"p1":14,
     "p2":19,
     "p3":20},
    {"p1":46,
     "p2":71,
     "p3":72},
    {"p1":72,
     "p2":73,
     "p3":74},
    {"p1":51,
     "p2":52,
     "p3":55},
    {"p1":60,
     "p2":61,
     "p3":63},
    {"p1":49,
     "p2":58,
     "p3":59},
    {"p1":55,
     "p2":57,
     "p3":58},
    {"p1":51,
     "p2":55,
     "p3":58},
    {"p1":47,
     "p2":63,
     "p3":71},
    {"p1":46,
     "p2":47,
     "p3":71},
    {"p1":39,
     "p2":40,
     "p3":41},
    {"p1":11,
     "p2":95,
     "p3":96},
    {"p1":11,
     "p2":96,
     "p3":97},
    {"p1":7,
     "p2":99,
     "p3":100},
    {"p1":7,
     "p2":9,
     "p3":99},
    {"p1":5,
     "p2":100,
     "p3":113},
    {"p1":104,
     "p2":105,
     "p3":108},
    {"p1":104,
     "p2":108,
     "p3":109},
    {"p1":105,
     "p2":106,
     "p3":108},
    {"p1":106,
     "p2":107,
     "p3":108},
    {"p1":33,
     "p2":35,
     "p3":43},
    {"p1":33,
     "p2":34,
     "p3":35},
    {"p1":43,
     "p2":77,
     "p3":78},
    {"p1":43,
     "p2":78,
     "p3":79},
    {"p1":22,
     "p2":79,
     "p3":80},
    {"p1":22,
     "p2":80,
     "p3":81},
    {"p1":44,
     "p2":45,
     "p3":74},
    {"p1":45,
     "p2":72,
     "p3":74},
    {"p1":45,
     "p2":46,
     "p3":72},
    {"p1":49,
     "p2":50,
     "p3":58},
    {"p1":50,
     "p2":51,
     "p3":58},
    {"p1":48,
     "p2":60,
     "p3":63},
    {"p1":47,
     "p2":48,
     "p3":63},
    {"p1":48,
     "p2":59,
     "p3":60},
    {"p1":48,
     "p2":49,
     "p3":59},
    {"p1":5,
     "p2":6,
     "p3":100},
    {"p1":6,
     "p2":7,
     "p3":100},
    {"p1":7,
     "p2":8,
     "p3":9},
    {"p1":100,
     "p2":112,
     "p3":113},
    {"p1":0,
     "p2":115,
     "p3":116},
    {"p1":3,
     "p2":5,
     "p3":113},
    {"p1":3,
     "p2":4,
     "p3":5},
    {"p1":74,
     "p2":75,
     "p3":76},
    {"p1":44,
     "p2":74,
     "p3":76},
    {"p1":43,
     "p2":44,
     "p3":76},
    {"p1":43,
     "p2":76,
     "p3":77},
    {"p1":35,
     "p2":36,
     "p3":43},
    {"p1":100,
     "p2":111,
     "p3":112},
    {"p1":100,
     "p2":101,
     "p3":111},
    {"p1":109,
     "p2":110,
     "p3":111},
    {"p1":101,
     "p2":109,
     "p3":111},
    {"p1":3,
     "p2":113,
     "p3":114},
    {"p1":37,
     "p2":42,
     "p3":43},
    {"p1":36,
     "p2":37,
     "p3":43},
    {"p1":1,
     "p2":2,
     "p3":114},
    {"p1":2,
     "p2":3,
     "p3":114},
    {"p1":38,
     "p2":41,
     "p3":42},
    {"p1":37,
     "p2":38,
     "p3":42},
    {"p1":38,
     "p2":39,
     "p3":41},
    {"p1":14,
     "p2":92,
     "p3":93},
    {"p1":11,
     "p2":14,
     "p3":93},
    {"p1":26,
     "p2":27,
     "p3":28},
    {"p1":25,
     "p2":26,
     "p3":28},
    {"p1":23,
     "p2":30,
     "p3":31},
    {"p1":22,
     "p2":23,
     "p3":31},
    {"p1":24,
     "p2":28,
     "p3":29},
    {"p1":24,
     "p2":25,
     "p3":28},
    {"p1":24,
     "p2":29,
     "p3":30},
    {"p1":23,
     "p2":24,
     "p3":30},
    {"p1":14,
     "p2":15,
     "p3":19},
    {"p1":15,
     "p2":16,
     "p3":19},
    {"p1":52,
     "p2":54,
     "p3":55},
    {"p1":52,
     "p2":53,
     "p3":54},
    {"p1":0,
     "p2":1,
     "p3":114},
    {"p1":0,
     "p2":114,
     "p3":115}]
}