{"points":[
    {"x":0.076923,
     "y":0.30178},
    {"x":0.10059,
     "y":0.30769},
    {"x":0.12426,
     "y":0.30769},
    {"x":0.14793,
     "y":0.30769},
    {"x":0.1716,
     "y":0.31361},
    {"x":0.19527,
     "y":0.31953},
    {"x":0.21893,
     "y":0.31953},
    {"x":0.2426,
     "y":0.31953},
    {"x":0.26627,
     "y":0.31953},
    {"x":0.27811,
     "y":0.3432},
    {"x":0.30178,
     "y":0.34911},
    {"x":0.32544,
     "y":0.35503},
    {"x":0.34911,
     "y":0.37278},
    {"x":0.37278,
     "y":0.3787},
    {"x":0.39645,
     "y":0.3787},
    {"x":0.42012,
     "y":0.37278},
    {"x":0.44379,
     "y":0.3787},
    {"x":0.44379,
     "y":0.40237},
    {"x":0.45562,
     "y":0.42604},
    {"x":0.46746,
     "y":0.4497},
    {"x":0.49112,
     "y":0.46154},
    {"x":0.51479,
     "y":0.46746},
    {"x":0.53846,
     "y":0.47929},
    {"x":0.56213,
     "y":0.47929},
    {"x":0.5858,
     "y":0.47929},
    {"x":0.60947,
     "y":0.47929},
    {"x":0.63314,
     "y":0.47929},
    {"x":0.6568,
     "y":0.47337},
    {"x":0.68047,
     "y":0.47337},
    {"x":0.70414,
     "y":0.47337},
    {"x":0.72781,
     "y":0.47337},
    {"x":0.75148,
     "y":0.45562},
    {"x":0.76923,
     "y":0.43787},
    {"x":0.76923,
     "y":0.4142},
    {"x":0.77515,
     "y":0.39053},
    {"x":0.78698,
     "y":0.36686},
    {"x":0.79882,
     "y":0.3432},
    {"x":0.82249,
     "y":0.33728},
    {"x":0.84615,
     "y":0.32544},
    {"x":0.86982,
     "y":0.31953},
    {"x":0.89349,
     "y":0.31361},
    {"x":0.91716,
     "y":0.30769},
    {"x":0.94083,
     "y":0.30769},
    {"x":0.9645,
     "y":0.30769},
    {"x":0.98817,
     "y":0.30769},
    {"x":1,
     "y":0.28402},
    {"x":1,
     "y":0.26036},
    {"x":0.99408,
     "y":0.23669},
    {"x":0.98225,
     "y":0.21302},
    {"x":0.97633,
     "y":0.18935},
    {"x":0.97041,
     "y":0.16568},
    {"x":0.95858,
     "y":0.14201},
    {"x":0.93491,
     "y":0.13018},
    {"x":0.91716,
     "y":0.11243},
    {"x":0.91716,
     "y":0.088757},
    {"x":0.89941,
     "y":0.071006},
    {"x":0.87574,
     "y":0.065089},
    {"x":0.85207,
     "y":0.059172},
    {"x":0.8284,
     "y":0.065089},
    {"x":0.80473,
     "y":0.076923},
    {"x":0.78107,
     "y":0.08284},
    {"x":0.7574,
     "y":0.08284},
    {"x":0.73373,
     "y":0.08284},
    {"x":0.71006,
     "y":0.08284},
    {"x":0.68639,
     "y":0.08284},
    {"x":0.66272,
     "y":0.08284},
    {"x":0.63905,
     "y":0.08284},
    {"x":0.61538,
     "y":0.08284},
    {"x":0.59172,
     "y":0.08284},
    {"x":0.56805,
     "y":0.08284},
    {"x":0.54438,
     "y":0.076923},
    {"x":0.52663,
     "y":0.053254},
    {"x":0.51479,
     "y":0.029586},
    {"x":0.50296,
     "y":0.011834},
    {"x":0.47929,
     "y":0},
    {"x":0.45562,
     "y":0.0059172},
    {"x":0.44379,
     "y":0.029586},
    {"x":0.42012,
     "y":0.04142},
    {"x":0.39645,
     "y":0.04142},
    {"x":0.37278,
     "y":0.035503},
    {"x":0.34911,
     "y":0.035503},
    {"x":0.32544,
     "y":0.035503},
    {"x":0.30178,
     "y":0.047337},
    {"x":0.27811,
     "y":0.047337},
    {"x":0.25444,
     "y":0.053254},
    {"x":0.23077,
     "y":0.059172},
    {"x":0.2071,
     "y":0.059172},
    {"x":0.18343,
     "y":0.059172},
    {"x":0.15976,
     "y":0.059172},
    {"x":0.14201,
     "y":0.04142},
    {"x":0.13609,
     "y":0.017751},
    {"x":0.11243,
     "y":0.017751},
    {"x":0.088757,
     "y":0.017751},
    {"x":0.065089,
     "y":0.029586},
    {"x":0.053254,
     "y":0.053254},
    {"x":0.047337,
     "y":0.076923},
    {"x":0.04142,
     "y":0.10059},
    {"x":0.04142,
     "y":0.12426},
    {"x":0.04142,
     "y":0.14793},
    {"x":0.04142,
     "y":0.1716},
    {"x":0.035503,
     "y":0.19527},
    {"x":0.011834,
     "y":0.21302},
    {"x":0,
     "y":0.23077},
    {"x":0.011834,
     "y":0.25444},
    {"x":0.029586,
     "y":0.27811},
    {"x":0.053254,
     "y":0.28994},
    {"x":0.076923,
     "y":0.30178},
    {"x":0.076923,
     "y":0.30178}],
 "triangles":[
    {"p1":16,
     "p2":35,
     "p3":67},
    {"p1":43,
     "p2":44,
     "p3":45},
    {"p1":16,
     "p2":27,
     "p3":35},
    {"p1":35,
     "p2":36,
     "p3":67},
    {"p1":53,
     "p2":54,
     "p3":55},
    {"p1":72,
     "p2":73,
     "p3":76},
    {"p1":74,
     "p2":75,
     "p3":76},
    {"p1":73,
     "p2":74,
     "p3":76},
    {"p1":8,
     "p2":78,
     "p3":82},
    {"p1":21,
     "p2":22,
     "p3":23},
    {"p1":16,
     "p2":21,
     "p3":23},
    {"p1":16,
     "p2":67,
     "p3":68},
    {"p1":42,
     "p2":46,
     "p3":47},
    {"p1":42,
     "p2":43,
     "p3":46},
    {"p1":43,
     "p2":45,
     "p3":46},
    {"p1":27,
     "p2":34,
     "p3":35},
    {"p1":27,
     "p2":28,
     "p3":34},
    {"p1":41,
     "p2":48,
     "p3":49},
    {"p1":42,
     "p2":47,
     "p3":48},
    {"p1":41,
     "p2":42,
     "p3":48},
    {"p1":3,
     "p2":4,
     "p3":87},
    {"p1":3,
     "p2":87,
     "p3":88},
    {"p1":16,
     "p2":25,
     "p3":27},
    {"p1":36,
     "p2":66,
     "p3":67},
    {"p1":36,
     "p2":65,
     "p3":66},
    {"p1":36,
     "p2":38,
     "p3":60},
    {"p1":49,
     "p2":50,
     "p3":52},
    {"p1":50,
     "p2":51,
     "p3":52},
    {"p1":53,
     "p2":55,
     "p3":56},
    {"p1":38,
     "p2":59,
     "p3":60},
    {"p1":38,
     "p2":53,
     "p3":59},
    {"p1":71,
     "p2":72,
     "p3":76},
    {"p1":70,
     "p2":71,
     "p3":77},
    {"p1":71,
     "p2":76,
     "p3":77},
    {"p1":78,
     "p2":80,
     "p3":82},
    {"p1":31,
     "p2":32,
     "p3":33},
    {"p1":28,
     "p2":33,
     "p3":34},
    {"p1":8,
     "p2":84,
     "p3":85},
    {"p1":8,
     "p2":82,
     "p3":84},
    {"p1":82,
     "p2":83,
     "p3":84},
    {"p1":4,
     "p2":86,
     "p3":87},
    {"p1":6,
     "p2":85,
     "p3":86},
    {"p1":4,
     "p2":6,
     "p3":86},
    {"p1":7,
     "p2":8,
     "p3":85},
    {"p1":6,
     "p2":7,
     "p3":85},
    {"p1":89,
     "p2":90,
     "p3":91},
    {"p1":89,
     "p2":91,
     "p3":92},
    {"p1":16,
     "p2":23,
     "p3":24},
    {"p1":16,
     "p2":24,
     "p3":25},
    {"p1":25,
     "p2":26,
     "p3":27},
    {"p1":36,
     "p2":60,
     "p3":61},
    {"p1":36,
     "p2":61,
     "p3":62},
    {"p1":36,
     "p2":64,
     "p3":65},
    {"p1":36,
     "p2":62,
     "p3":63},
    {"p1":36,
     "p2":63,
     "p3":64},
    {"p1":36,
     "p2":37,
     "p3":38},
    {"p1":38,
     "p2":39,
     "p3":53},
    {"p1":39,
     "p2":52,
     "p3":53},
    {"p1":16,
     "p2":69,
     "p3":70},
    {"p1":16,
     "p2":68,
     "p3":69},
    {"p1":78,
     "p2":79,
     "p3":80},
    {"p1":80,
     "p2":81,
     "p3":82},
    {"p1":15,
     "p2":70,
     "p3":77},
    {"p1":15,
     "p2":16,
     "p3":70},
    {"p1":15,
     "p2":77,
     "p3":78},
    {"p1":4,
     "p2":5,
     "p3":6},
    {"p1":28,
     "p2":29,
     "p3":33},
    {"p1":29,
     "p2":31,
     "p3":33},
    {"p1":29,
     "p2":30,
     "p3":31},
    {"p1":88,
     "p2":89,
     "p3":95},
    {"p1":3,
     "p2":88,
     "p3":99},
    {"p1":2,
     "p2":3,
     "p3":99},
    {"p1":56,
     "p2":57,
     "p3":58},
    {"p1":53,
     "p2":56,
     "p3":58},
    {"p1":53,
     "p2":58,
     "p3":59},
    {"p1":39,
     "p2":40,
     "p3":52},
    {"p1":40,
     "p2":41,
     "p3":49},
    {"p1":40,
     "p2":49,
     "p3":52},
    {"p1":18,
     "p2":19,
     "p3":20},
    {"p1":16,
     "p2":17,
     "p3":18},
    {"p1":16,
     "p2":18,
     "p3":21},
    {"p1":18,
     "p2":20,
     "p3":21},
    {"p1":8,
     "p2":11,
     "p3":78},
    {"p1":11,
     "p2":15,
     "p3":78},
    {"p1":11,
     "p2":13,
     "p3":14},
    {"p1":11,
     "p2":12,
     "p3":13},
    {"p1":11,
     "p2":14,
     "p3":15},
    {"p1":89,
     "p2":94,
     "p3":95},
    {"p1":92,
     "p2":93,
     "p3":94},
    {"p1":89,
     "p2":92,
     "p3":94},
    {"p1":1,
     "p2":2,
     "p3":100},
    {"p1":2,
     "p2":99,
     "p3":100},
    {"p1":0,
     "p2":1,
     "p3":100},
    {"p1":0,
     "p2":100,
     "p3":105},
    {"p1":100,
     "p2":104,
     "p3":105},
    {"p1":100,
     "p2":103,
     "p3":104},
    {"p1":8,
     "p2":9,
     "p3":10},
    {"p1":8,
     "p2":10,
     "p3":11},
    {"p1":88,
     "p2":95,
     "p3":96},
    {"p1":88,
     "p2":96,
     "p3":97},
    {"p1":88,
     "p2":98,
     "p3":99},
    {"p1":88,
     "p2":97,
     "p3":98},
    {"p1":101,
     "p2":102,
     "p3":103},
    {"p1":100,
     "p2":101,
     "p3":103}]
}