{"points":[
    {"x":0.29167,
     "y":0.29762},
    {"x":0.30357,
     "y":0.32143},
    {"x":0.32738,
     "y":0.33333},
    {"x":0.35119,
     "y":0.34524},
    {"x":0.375,
     "y":0.35714},
    {"x":0.39881,
     "y":0.3631},
    {"x":0.42262,
     "y":0.35119},
    {"x":0.44643,
     "y":0.35714},
    {"x":0.45833,
     "y":0.38095},
    {"x":0.46429,
     "y":0.40476},
    {"x":0.48214,
     "y":0.42857},
    {"x":0.50595,
     "y":0.44643},
    {"x":0.52976,
     "y":0.45238},
    {"x":0.55357,
     "y":0.45238},
    {"x":0.57738,
     "y":0.45238},
    {"x":0.60119,
     "y":0.45238},
    {"x":0.625,
     "y":0.45238},
    {"x":0.64881,
     "y":0.45238},
    {"x":0.67262,
     "y":0.45238},
    {"x":0.69643,
     "y":0.45238},
    {"x":0.72024,
     "y":0.45238},
    {"x":0.74405,
     "y":0.44643},
    {"x":0.76786,
     "y":0.42857},
    {"x":0.76786,
     "y":0.40476},
    {"x":0.76786,
     "y":0.38095},
    {"x":0.77381,
     "y":0.35714},
    {"x":0.77976,
     "y":0.33333},
    {"x":0.80357,
     "y":0.30952},
    {"x":0.82738,
     "y":0.29762},
    {"x":0.85119,
     "y":0.29762},
    {"x":0.875,
     "y":0.29167},
    {"x":0.89881,
     "y":0.28571},
    {"x":0.92262,
     "y":0.28571},
    {"x":0.94643,
     "y":0.28571},
    {"x":0.95833,
     "y":0.2619},
    {"x":0.98214,
     "y":0.25},
    {"x":1,
     "y":0.23214},
    {"x":1,
     "y":0.20833},
    {"x":0.98214,
     "y":0.19048},
    {"x":0.97024,
     "y":0.16667},
    {"x":0.95833,
     "y":0.14286},
    {"x":0.94048,
     "y":0.11905},
    {"x":0.91667,
     "y":0.1131},
    {"x":0.90476,
     "y":0.089286},
    {"x":0.89286,
     "y":0.065476},
    {"x":0.875,
     "y":0.047619},
    {"x":0.85119,
     "y":0.047619},
    {"x":0.82738,
     "y":0.047619},
    {"x":0.80357,
     "y":0.047619},
    {"x":0.78571,
     "y":0.065476},
    {"x":0.76786,
     "y":0.077381},
    {"x":0.74405,
     "y":0.077381},
    {"x":0.72024,
     "y":0.077381},
    {"x":0.69643,
     "y":0.077381},
    {"x":0.67262,
     "y":0.071429},
    {"x":0.64881,
     "y":0.065476},
    {"x":0.625,
     "y":0.065476},
    {"x":0.60119,
     "y":0.059524},
    {"x":0.57738,
     "y":0.059524},
    {"x":0.55357,
     "y":0.059524},
    {"x":0.52976,
     "y":0.053571},
    {"x":0.50595,
     "y":0.035714},
    {"x":0.48214,
     "y":0.029762},
    {"x":0.45833,
     "y":0.02381},
    {"x":0.43452,
     "y":0.02381},
    {"x":0.41071,
     "y":0.02381},
    {"x":0.39286,
     "y":0.041667},
    {"x":0.38095,
     "y":0.059524},
    {"x":0.35714,
     "y":0.059524},
    {"x":0.33333,
     "y":0.059524},
    {"x":0.30952,
     "y":0.059524},
    {"x":0.28571,
     "y":0.059524},
    {"x":0.2619,
     "y":0.059524},
    {"x":0.2381,
     "y":0.059524},
    {"x":0.21429,
     "y":0.059524},
    {"x":0.19048,
     "y":0.053571},
    {"x":0.16667,
     "y":0.041667},
    {"x":0.14881,
     "y":0.017857},
    {"x":0.125,
     "y":0.0059524},
    {"x":0.10119,
     "y":0},
    {"x":0.077381,
     "y":0},
    {"x":0.053571,
     "y":0.0059524},
    {"x":0.041667,
     "y":0.029762},
    {"x":0.029762,
     "y":0.053571},
    {"x":0.02381,
     "y":0.077381},
    {"x":0.02381,
     "y":0.10119},
    {"x":0.017857,
     "y":0.125},
    {"x":0.011905,
     "y":0.14881},
    {"x":0.011905,
     "y":0.17262},
    {"x":0.0059524,
     "y":0.19643},
    {"x":0,
     "y":0.22024},
    {"x":0.0059524,
     "y":0.24405},
    {"x":0.029762,
     "y":0.25595},
    {"x":0.053571,
     "y":0.25595},
    {"x":0.077381,
     "y":0.27381},
    {"x":0.10119,
     "y":0.27976},
    {"x":0.125,
     "y":0.28571},
    {"x":0.14881,
     "y":0.28571},
    {"x":0.17262,
     "y":0.28571},
    {"x":0.19643,
     "y":0.28571},
    {"x":0.22024,
     "y":0.28571},
    {"x":0.24405,
     "y":0.28571},
    {"x":0.26786,
     "y":0.28571},
    {"x":0.29167,
     "y":0.29762},
    {"x":0.29167,
     "y":0.29762}],
 "triangles":[
    {"p1":7,
     "p2":56,
     "p3":58},
    {"p1":7,
     "p2":26,
     "p3":56},
    {"p1":80,
     "p2":81,
     "p3":82},
    {"p1":79,
     "p2":80,
     "p3":82},
    {"p1":0,
     "p2":2,
     "p3":3},
    {"p1":75,
     "p2":76,
     "p3":86},
    {"p1":90,
     "p2":91,
     "p3":92},
    {"p1":56,
     "p2":57,
     "p3":58},
    {"p1":28,
     "p2":30,
     "p3":42},
    {"p1":7,
     "p2":15,
     "p3":26},
    {"p1":15,
     "p2":16,
     "p3":26},
    {"p1":6,
     "p2":7,
     "p3":60},
    {"p1":6,
     "p2":60,
     "p3":67},
    {"p1":0,
     "p2":6,
     "p3":67},
    {"p1":0,
     "p2":3,
     "p3":6},
    {"p1":18,
     "p2":24,
     "p3":25},
    {"p1":21,
     "p2":22,
     "p3":23},
    {"p1":20,
     "p2":21,
     "p3":23},
    {"p1":76,
     "p2":85,
     "p3":86},
    {"p1":78,
     "p2":82,
     "p3":83},
    {"p1":76,
     "p2":78,
     "p3":83},
    {"p1":78,
     "p2":79,
     "p3":82},
    {"p1":76,
     "p2":77,
     "p3":78},
    {"p1":0,
     "p2":1,
     "p3":2},
    {"p1":89,
     "p2":90,
     "p3":92},
    {"p1":7,
     "p2":58,
     "p3":59},
    {"p1":7,
     "p2":59,
     "p3":60},
    {"p1":0,
     "p2":69,
     "p3":102},
    {"p1":54,
     "p2":55,
     "p3":56},
    {"p1":26,
     "p2":54,
     "p3":56},
    {"p1":26,
     "p2":53,
     "p3":54},
    {"p1":26,
     "p2":27,
     "p3":53},
    {"p1":27,
     "p2":52,
     "p3":53},
    {"p1":28,
     "p2":42,
     "p3":50},
    {"p1":27,
     "p2":28,
     "p3":50},
    {"p1":30,
     "p2":31,
     "p3":42},
    {"p1":7,
     "p2":8,
     "p3":14},
    {"p1":7,
     "p2":14,
     "p3":15},
    {"p1":8,
     "p2":13,
     "p3":14},
    {"p1":10,
     "p2":11,
     "p3":12},
    {"p1":28,
     "p2":29,
     "p3":30},
    {"p1":18,
     "p2":19,
     "p3":24},
    {"p1":17,
     "p2":18,
     "p3":25},
    {"p1":16,
     "p2":17,
     "p3":26},
    {"p1":17,
     "p2":25,
     "p3":26},
    {"p1":76,
     "p2":83,
     "p3":84},
    {"p1":76,
     "p2":84,
     "p3":85},
    {"p1":75,
     "p2":86,
     "p3":95},
    {"p1":75,
     "p2":95,
     "p3":97},
    {"p1":71,
     "p2":72,
     "p3":102},
    {"p1":72,
     "p2":101,
     "p3":102},
    {"p1":72,
     "p2":73,
     "p3":101},
    {"p1":27,
     "p2":51,
     "p3":52},
    {"p1":27,
     "p2":50,
     "p3":51},
    {"p1":3,
     "p2":4,
     "p3":6},
    {"p1":4,
     "p2":5,
     "p3":6},
    {"p1":8,
     "p2":9,
     "p3":10},
    {"p1":60,
     "p2":62,
     "p3":67},
    {"p1":0,
     "p2":67,
     "p3":68},
    {"p1":0,
     "p2":68,
     "p3":69},
    {"p1":70,
     "p2":71,
     "p3":102},
    {"p1":69,
     "p2":70,
     "p3":102},
    {"p1":86,
     "p2":87,
     "p3":88},
    {"p1":86,
     "p2":88,
     "p3":95},
    {"p1":95,
     "p2":96,
     "p3":97},
    {"p1":75,
     "p2":97,
     "p3":98},
    {"p1":74,
     "p2":75,
     "p3":98},
    {"p1":74,
     "p2":98,
     "p3":99},
    {"p1":74,
     "p2":99,
     "p3":100},
    {"p1":73,
     "p2":100,
     "p3":101},
    {"p1":73,
     "p2":74,
     "p3":100},
    {"p1":42,
     "p2":49,
     "p3":50},
    {"p1":42,
     "p2":43,
     "p3":49},
    {"p1":34,
     "p2":35,
     "p3":38},
    {"p1":32,
     "p2":33,
     "p3":34},
    {"p1":31,
     "p2":32,
     "p3":34},
    {"p1":60,
     "p2":61,
     "p3":62},
    {"p1":88,
     "p2":93,
     "p3":95},
    {"p1":89,
     "p2":92,
     "p3":93},
    {"p1":88,
     "p2":89,
     "p3":93},
    {"p1":43,
     "p2":47,
     "p3":49},
    {"p1":47,
     "p2":48,
     "p3":49},
    {"p1":40,
     "p2":41,
     "p3":42},
    {"p1":31,
     "p2":39,
     "p3":42},
    {"p1":39,
     "p2":40,
     "p3":42},
    {"p1":31,
     "p2":34,
     "p3":39},
    {"p1":34,
     "p2":38,
     "p3":39},
    {"p1":64,
     "p2":66,
     "p3":67},
    {"p1":64,
     "p2":65,
     "p3":66},
    {"p1":62,
     "p2":63,
     "p3":67},
    {"p1":63,
     "p2":64,
     "p3":67},
    {"p1":93,
     "p2":94,
     "p3":95},
    {"p1":43,
     "p2":44,
     "p3":46},
    {"p1":43,
     "p2":46,
     "p3":47},
    {"p1":44,
     "p2":45,
     "p3":46},
    {"p1":10,
     "p2":12,
     "p3":13},
    {"p1":8,
     "p2":10,
     "p3":13},
    {"p1":19,
     "p2":20,
     "p3":23},
    {"p1":19,
     "p2":23,
     "p3":24},
    {"p1":35,
     "p2":36,
     "p3":38},
    {"p1":36,
     "p2":37,
     "p3":38}]
}