{"points":[
    {"x":0.27317,
     "y":0.33171},
    {"x":0.30732,
     "y":0.33171},
    {"x":0.34146,
     "y":0.32195},
    {"x":0.36098,
     "y":0.29268},
    {"x":0.37561,
     "y":0.25854},
    {"x":0.39024,
     "y":0.22439},
    {"x":0.42439,
     "y":0.2},
    {"x":0.45854,
     "y":0.2},
    {"x":0.48293,
     "y":0.22439},
    {"x":0.48293,
     "y":0.25854},
    {"x":0.4878,
     "y":0.29268},
    {"x":0.51707,
     "y":0.30732},
    {"x":0.55122,
     "y":0.31707},
    {"x":0.55122,
     "y":0.35122},
    {"x":0.55122,
     "y":0.38537},
    {"x":0.56098,
     "y":0.41463},
    {"x":0.59512,
     "y":0.40488},
    {"x":0.61951,
     "y":0.37561},
    {"x":0.62439,
     "y":0.34146},
    {"x":0.62439,
     "y":0.30732},
    {"x":0.62439,
     "y":0.27317},
    {"x":0.6439,
     "y":0.23902},
    {"x":0.67317,
     "y":0.21463},
    {"x":0.70732,
     "y":0.21951},
    {"x":0.70732,
     "y":0.25366},
    {"x":0.73171,
     "y":0.28293},
    {"x":0.76585,
     "y":0.29268},
    {"x":0.76098,
     "y":0.32683},
    {"x":0.76585,
     "y":0.36098},
    {"x":0.79512,
     "y":0.37561},
    {"x":0.82927,
     "y":0.37073},
    {"x":0.85854,
     "y":0.34634},
    {"x":0.89268,
     "y":0.3122},
    {"x":0.92683,
     "y":0.3122},
    {"x":0.9561,
     "y":0.29268},
    {"x":0.9561,
     "y":0.25854},
    {"x":0.9561,
     "y":0.22439},
    {"x":0.96585,
     "y":0.19512},
    {"x":0.99512,
     "y":0.16585},
    {"x":1,
     "y":0.13171},
    {"x":1,
     "y":0.097561},
    {"x":0.99512,
     "y":0.063415},
    {"x":0.98537,
     "y":0.029268},
    {"x":0.9561,
     "y":0},
    {"x":0.92195,
     "y":0},
    {"x":0.8878,
     "y":0.004878},
    {"x":0.85366,
     "y":0.019512},
    {"x":0.82927,
     "y":0.04878},
    {"x":0.81463,
     "y":0.082927},
    {"x":0.78537,
     "y":0.1122},
    {"x":0.75122,
     "y":0.11707},
    {"x":0.71707,
     "y":0.11707},
    {"x":0.68293,
     "y":0.11707},
    {"x":0.64878,
     "y":0.11707},
    {"x":0.61463,
     "y":0.1122},
    {"x":0.60976,
     "y":0.078049},
    {"x":0.60488,
     "y":0.043902},
    {"x":0.58537,
     "y":0.019512},
    {"x":0.55122,
     "y":0.02439},
    {"x":0.51707,
     "y":0.034146},
    {"x":0.48293,
     "y":0.053659},
    {"x":0.46829,
     "y":0.078049},
    {"x":0.46829,
     "y":0.1122},
    {"x":0.46341,
     "y":0.14634},
    {"x":0.42927,
     "y":0.14634},
    {"x":0.39512,
     "y":0.14634},
    {"x":0.38049,
     "y":0.12195},
    {"x":0.39024,
     "y":0.087805},
    {"x":0.39024,
     "y":0.053659},
    {"x":0.36098,
     "y":0.043902},
    {"x":0.32683,
     "y":0.04878},
    {"x":0.30732,
     "y":0.073171},
    {"x":0.3122,
     "y":0.10732},
    {"x":0.3122,
     "y":0.14146},
    {"x":0.29756,
     "y":0.17073},
    {"x":0.26341,
     "y":0.17561},
    {"x":0.22927,
     "y":0.17561},
    {"x":0.19512,
     "y":0.17073},
    {"x":0.16585,
     "y":0.15122},
    {"x":0.16585,
     "y":0.11707},
    {"x":0.16585,
     "y":0.082927},
    {"x":0.18537,
     "y":0.053659},
    {"x":0.16098,
     "y":0.034146},
    {"x":0.12683,
     "y":0.034146},
    {"x":0.092683,
     "y":0.034146},
    {"x":0.068293,
     "y":0.053659},
    {"x":0.078049,
     "y":0.087805},
    {"x":0.092683,
     "y":0.12195},
    {"x":0.097561,
     "y":0.1561},
    {"x":0.10244,
     "y":0.19024},
    {"x":0.10244,
     "y":0.22439},
    {"x":0.10244,
     "y":0.25854},
    {"x":0.087805,
     "y":0.29268},
    {"x":0.053659,
     "y":0.30244},
    {"x":0.029268,
     "y":0.27317},
    {"x":0,
     "y":0.28293},
    {"x":0.014634,
     "y":0.31707},
    {"x":0.034146,
     "y":0.35122},
    {"x":0.063415,
     "y":0.36098},
    {"x":0.097561,
     "y":0.3561},
    {"x":0.13171,
     "y":0.35122},
    {"x":0.16585,
     "y":0.33171},
    {"x":0.2,
     "y":0.33171},
    {"x":0.23415,
     "y":0.33171},
    {"x":0.26829,
     "y":0.33171},
    {"x":0.27317,
     "y":0.33171}],
 "triangles":[
    {"p1":93,
     "p2":96,
     "p3":97},
    {"p1":39,
     "p2":40,
     "p3":48},
    {"p1":93,
     "p2":97,
     "p3":98},
    {"p1":93,
     "p2":98,
     "p3":99},
    {"p1":40,
     "p2":41,
     "p3":45},
    {"p1":8,
     "p2":54,
     "p3":63},
    {"p1":37,
     "p2":39,
     "p3":48},
    {"p1":37,
     "p2":38,
     "p3":39},
    {"p1":27,
     "p2":29,
     "p3":30},
    {"p1":27,
     "p2":28,
     "p3":29},
    {"p1":27,
     "p2":30,
     "p3":31},
    {"p1":37,
     "p2":48,
     "p3":49},
    {"p1":36,
     "p2":37,
     "p3":49},
    {"p1":1,
     "p2":2,
     "p3":3},
    {"p1":75,
     "p2":76,
     "p3":103},
    {"p1":0,
     "p2":1,
     "p3":75},
    {"p1":1,
     "p2":3,
     "p3":75},
    {"p1":94,
     "p2":95,
     "p3":96},
    {"p1":93,
     "p2":94,
     "p3":96},
    {"p1":23,
     "p2":51,
     "p3":52},
    {"p1":45,
     "p2":46,
     "p3":47},
    {"p1":40,
     "p2":47,
     "p3":48},
    {"p1":40,
     "p2":45,
     "p3":47},
    {"p1":42,
     "p2":43,
     "p3":44},
    {"p1":41,
     "p2":42,
     "p3":44},
    {"p1":41,
     "p2":44,
     "p3":45},
    {"p1":56,
     "p2":57,
     "p3":58},
    {"p1":54,
     "p2":62,
     "p3":63},
    {"p1":32,
     "p2":35,
     "p3":36},
    {"p1":32,
     "p2":33,
     "p3":35},
    {"p1":33,
     "p2":34,
     "p3":35},
    {"p1":23,
     "p2":24,
     "p3":25},
    {"p1":8,
     "p2":21,
     "p3":54},
    {"p1":26,
     "p2":32,
     "p3":36},
    {"p1":26,
     "p2":36,
     "p3":49},
    {"p1":23,
     "p2":26,
     "p3":49},
    {"p1":23,
     "p2":25,
     "p3":26},
    {"p1":26,
     "p2":27,
     "p3":31},
    {"p1":26,
     "p2":31,
     "p3":32},
    {"p1":23,
     "p2":50,
     "p3":51},
    {"p1":23,
     "p2":49,
     "p3":50},
    {"p1":3,
     "p2":4,
     "p3":74},
    {"p1":3,
     "p2":74,
     "p3":75},
    {"p1":65,
     "p2":73,
     "p3":74},
    {"p1":0,
     "p2":75,
     "p3":104},
    {"p1":75,
     "p2":103,
     "p3":104},
    {"p1":65,
     "p2":66,
     "p3":73},
    {"p1":84,
     "p2":85,
     "p3":86},
    {"p1":83,
     "p2":84,
     "p3":86},
    {"p1":79,
     "p2":87,
     "p3":88},
    {"p1":76,
     "p2":102,
     "p3":103},
    {"p1":91,
     "p2":101,
     "p3":102},
    {"p1":9,
     "p2":10,
     "p3":11},
    {"p1":13,
     "p2":17,
     "p3":18},
    {"p1":13,
     "p2":14,
     "p3":17},
    {"p1":55,
     "p2":58,
     "p3":59},
    {"p1":54,
     "p2":55,
     "p3":62},
    {"p1":55,
     "p2":59,
     "p3":62},
    {"p1":55,
     "p2":56,
     "p3":58},
    {"p1":59,
     "p2":60,
     "p3":62},
    {"p1":8,
     "p2":20,
     "p3":21},
    {"p1":8,
     "p2":9,
     "p3":20},
    {"p1":22,
     "p2":53,
     "p3":54},
    {"p1":21,
     "p2":22,
     "p3":54},
    {"p1":22,
     "p2":52,
     "p3":53},
    {"p1":22,
     "p2":23,
     "p3":52},
    {"p1":4,
     "p2":5,
     "p3":74},
    {"p1":5,
     "p2":65,
     "p3":74},
    {"p1":7,
     "p2":8,
     "p3":63},
    {"p1":7,
     "p2":63,
     "p3":64},
    {"p1":67,
     "p2":68,
     "p3":69},
    {"p1":67,
     "p2":69,
     "p3":70},
    {"p1":80,
     "p2":81,
     "p3":82},
    {"p1":80,
     "p2":82,
     "p3":83},
    {"p1":80,
     "p2":83,
     "p3":86},
    {"p1":80,
     "p2":86,
     "p3":87},
    {"p1":79,
     "p2":80,
     "p3":87},
    {"p1":78,
     "p2":79,
     "p3":88},
    {"p1":78,
     "p2":88,
     "p3":89},
    {"p1":92,
     "p2":93,
     "p3":99},
    {"p1":92,
     "p2":99,
     "p3":100},
    {"p1":92,
     "p2":100,
     "p3":101},
    {"p1":91,
     "p2":92,
     "p3":101},
    {"p1":14,
     "p2":15,
     "p3":16},
    {"p1":14,
     "p2":16,
     "p3":17},
    {"p1":9,
     "p2":11,
     "p3":12},
    {"p1":9,
     "p2":12,
     "p3":20},
    {"p1":12,
     "p2":13,
     "p3":18},
    {"p1":6,
     "p2":7,
     "p3":64},
    {"p1":6,
     "p2":64,
     "p3":65},
    {"p1":5,
     "p2":6,
     "p3":65},
    {"p1":60,
     "p2":61,
     "p3":62},
    {"p1":66,
     "p2":67,
     "p3":72},
    {"p1":66,
     "p2":72,
     "p3":73},
    {"p1":70,
     "p2":71,
     "p3":72},
    {"p1":67,
     "p2":70,
     "p3":72},
    {"p1":77,
     "p2":78,
     "p3":89},
    {"p1":76,
     "p2":77,
     "p3":102},
    {"p1":77,
     "p2":91,
     "p3":102},
    {"p1":12,
     "p2":18,
     "p3":19},
    {"p1":12,
     "p2":19,
     "p3":20},
    {"p1":77,
     "p2":89,
     "p3":90},
    {"p1":77,
     "p2":90,
     "p3":91}]
}