{"points":[
    {"x":0.51887,
     "y":0.33962},
    {"x":0.53774,
     "y":0.37264},
    {"x":0.52358,
     "y":0.40566},
    {"x":0.53774,
     "y":0.43396},
    {"x":0.57075,
     "y":0.42925},
    {"x":0.59434,
     "y":0.40094},
    {"x":0.60849,
     "y":0.36792},
    {"x":0.61792,
     "y":0.33491},
    {"x":0.62736,
     "y":0.30189},
    {"x":0.62736,
     "y":0.26887},
    {"x":0.64151,
     "y":0.24057},
    {"x":0.67453,
     "y":0.23585},
    {"x":0.70283,
     "y":0.25},
    {"x":0.7217,
     "y":0.2783},
    {"x":0.75472,
     "y":0.30189},
    {"x":0.75472,
     "y":0.33491},
    {"x":0.7783,
     "y":0.36321},
    {"x":0.81132,
     "y":0.36792},
    {"x":0.83491,
     "y":0.34906},
    {"x":0.83962,
     "y":0.31604},
    {"x":0.87264,
     "y":0.30189},
    {"x":0.90566,
     "y":0.30189},
    {"x":0.91981,
     "y":0.27358},
    {"x":0.91981,
     "y":0.24057},
    {"x":0.92925,
     "y":0.20755},
    {"x":0.96226,
     "y":0.19811},
    {"x":0.98585,
     "y":0.16509},
    {"x":0.99528,
     "y":0.13208},
    {"x":1,
     "y":0.099057},
    {"x":0.99528,
     "y":0.066038},
    {"x":0.98113,
     "y":0.033019},
    {"x":0.94811,
     "y":0.004717},
    {"x":0.91509,
     "y":0},
    {"x":0.88208,
     "y":0},
    {"x":0.84906,
     "y":0.004717},
    {"x":0.81604,
     "y":0.018868},
    {"x":0.79245,
     "y":0.04717},
    {"x":0.76887,
     "y":0.075472},
    {"x":0.73585,
     "y":0.075472},
    {"x":0.70283,
     "y":0.084906},
    {"x":0.67925,
     "y":0.10377},
    {"x":0.66981,
     "y":0.13679},
    {"x":0.64151,
     "y":0.16981},
    {"x":0.60849,
     "y":0.19811},
    {"x":0.58491,
     "y":0.18396},
    {"x":0.58962,
     "y":0.15094},
    {"x":0.58962,
     "y":0.11792},
    {"x":0.58962,
     "y":0.084906},
    {"x":0.58962,
     "y":0.051887},
    {"x":0.57075,
     "y":0.023585},
    {"x":0.53774,
     "y":0.018868},
    {"x":0.50472,
     "y":0.023585},
    {"x":0.4717,
     "y":0.033019},
    {"x":0.4434,
     "y":0.051887},
    {"x":0.42925,
     "y":0.084906},
    {"x":0.42453,
     "y":0.11792},
    {"x":0.40094,
     "y":0.13679},
    {"x":0.37736,
     "y":0.11321},
    {"x":0.37736,
     "y":0.080189},
    {"x":0.36792,
     "y":0.051887},
    {"x":0.33491,
     "y":0.056604},
    {"x":0.33491,
     "y":0.089623},
    {"x":0.33491,
     "y":0.12264},
    {"x":0.32547,
     "y":0.15566},
    {"x":0.3066,
     "y":0.18868},
    {"x":0.27358,
     "y":0.18868},
    {"x":0.24057,
     "y":0.18868},
    {"x":0.20755,
     "y":0.18868},
    {"x":0.17453,
     "y":0.17925},
    {"x":0.15566,
     "y":0.14623},
    {"x":0.15094,
     "y":0.11321},
    {"x":0.15094,
     "y":0.080189},
    {"x":0.13679,
     "y":0.04717},
    {"x":0.10377,
     "y":0.051887},
    {"x":0.10377,
     "y":0.084906},
    {"x":0.11321,
     "y":0.11792},
    {"x":0.11321,
     "y":0.15094},
    {"x":0.11321,
     "y":0.18396},
    {"x":0.11321,
     "y":0.21698},
    {"x":0.099057,
     "y":0.25},
    {"x":0.089623,
     "y":0.28302},
    {"x":0.061321,
     "y":0.29717},
    {"x":0.028302,
     "y":0.27358},
    {"x":0,
     "y":0.28774},
    {"x":0.018868,
     "y":0.32075},
    {"x":0.042453,
     "y":0.34906},
    {"x":0.070755,
     "y":0.37736},
    {"x":0.10377,
     "y":0.35849},
    {"x":0.13679,
     "y":0.34434},
    {"x":0.16981,
     "y":0.31604},
    {"x":0.19811,
     "y":0.29245},
    {"x":0.23113,
     "y":0.29245},
    {"x":0.26415,
     "y":0.29245},
    {"x":0.29717,
     "y":0.29245},
    {"x":0.33019,
     "y":0.29245},
    {"x":0.36321,
     "y":0.29245},
    {"x":0.38679,
     "y":0.26887},
    {"x":0.41509,
     "y":0.24057},
    {"x":0.44811,
     "y":0.24057},
    {"x":0.47642,
     "y":0.25},
    {"x":0.47642,
     "y":0.28302},
    {"x":0.49057,
     "y":0.31604},
    {"x":0.51887,
     "y":0.33962}],
 "triangles":[
    {"p1":28,
     "p2":29,
     "p3":32},
    {"p1":29,
     "p2":30,
     "p3":32},
    {"p1":24,
     "p2":26,
     "p3":27},
    {"p1":30,
     "p2":31,
     "p3":32},
    {"p1":24,
     "p2":25,
     "p3":26},
    {"p1":65,
     "p2":66,
     "p3":92},
    {"p1":65,
     "p2":92,
     "p3":93},
    {"p1":64,
     "p2":65,
     "p3":93},
    {"p1":81,
     "p2":84,
     "p3":85},
    {"p1":16,
     "p2":17,
     "p3":18},
    {"p1":64,
     "p2":93,
     "p3":94},
    {"p1":69,
     "p2":70,
     "p3":75},
    {"p1":70,
     "p2":71,
     "p3":75},
    {"p1":71,
     "p2":74,
     "p3":75},
    {"p1":72,
     "p2":73,
     "p3":74},
    {"p1":71,
     "p2":72,
     "p3":74},
    {"p1":85,
     "p2":86,
     "p3":87},
    {"p1":81,
     "p2":85,
     "p3":87},
    {"p1":24,
     "p2":36,
     "p3":37},
    {"p1":66,
     "p2":91,
     "p3":92},
    {"p1":66,
     "p2":67,
     "p3":91},
    {"p1":67,
     "p2":90,
     "p3":91},
    {"p1":58,
     "p2":59,
     "p3":60},
    {"p1":58,
     "p2":60,
     "p3":61},
    {"p1":69,
     "p2":75,
     "p3":76},
    {"p1":67,
     "p2":68,
     "p3":90},
    {"p1":68,
     "p2":78,
     "p3":90},
    {"p1":79,
     "p2":89,
     "p3":90},
    {"p1":78,
     "p2":79,
     "p3":90},
    {"p1":12,
     "p2":14,
     "p3":23},
    {"p1":12,
     "p2":24,
     "p3":37},
    {"p1":12,
     "p2":23,
     "p3":24},
    {"p1":14,
     "p2":15,
     "p3":19},
    {"p1":16,
     "p2":18,
     "p3":19},
    {"p1":15,
     "p2":16,
     "p3":19},
    {"p1":82,
     "p2":83,
     "p3":84},
    {"p1":81,
     "p2":82,
     "p3":84},
    {"p1":68,
     "p2":77,
     "p3":78},
    {"p1":69,
     "p2":76,
     "p3":77},
    {"p1":68,
     "p2":69,
     "p3":77},
    {"p1":80,
     "p2":88,
     "p3":89},
    {"p1":79,
     "p2":80,
     "p3":89},
    {"p1":80,
     "p2":87,
     "p3":88},
    {"p1":80,
     "p2":81,
     "p3":87},
    {"p1":12,
     "p2":13,
     "p3":14},
    {"p1":14,
     "p2":20,
     "p3":23},
    {"p1":14,
     "p2":19,
     "p3":20},
    {"p1":20,
     "p2":22,
     "p3":23},
    {"p1":20,
     "p2":21,
     "p3":22},
    {"p1":34,
     "p2":35,
     "p3":36},
    {"p1":28,
     "p2":32,
     "p3":33},
    {"p1":27,
     "p2":28,
     "p3":33},
    {"p1":24,
     "p2":27,
     "p3":33},
    {"p1":24,
     "p2":33,
     "p3":36},
    {"p1":33,
     "p2":34,
     "p3":36},
    {"p1":47,
     "p2":50,
     "p3":51},
    {"p1":12,
     "p2":37,
     "p3":41},
    {"p1":63,
     "p2":64,
     "p3":97},
    {"p1":56,
     "p2":63,
     "p3":97},
    {"p1":11,
     "p2":41,
     "p3":42},
    {"p1":11,
     "p2":12,
     "p3":41},
    {"p1":9,
     "p2":44,
     "p3":99},
    {"p1":0,
     "p2":7,
     "p3":8},
    {"p1":0,
     "p2":8,
     "p3":9},
    {"p1":37,
     "p2":38,
     "p3":41},
    {"p1":38,
     "p2":39,
     "p3":41},
    {"p1":48,
     "p2":49,
     "p3":50},
    {"p1":47,
     "p2":48,
     "p3":50},
    {"p1":39,
     "p2":40,
     "p3":41},
    {"p1":1,
     "p2":6,
     "p3":7},
    {"p1":0,
     "p2":1,
     "p3":7},
    {"p1":1,
     "p2":5,
     "p3":6},
    {"p1":1,
     "p2":4,
     "p3":5},
    {"p1":9,
     "p2":99,
     "p3":100},
    {"p1":57,
     "p2":58,
     "p3":61},
    {"p1":57,
     "p2":61,
     "p3":62},
    {"p1":57,
     "p2":62,
     "p3":63},
    {"p1":56,
     "p2":57,
     "p3":63},
    {"p1":10,
     "p2":11,
     "p3":42},
    {"p1":46,
     "p2":52,
     "p3":54},
    {"p1":46,
     "p2":51,
     "p3":52},
    {"p1":46,
     "p2":47,
     "p3":51},
    {"p1":2,
     "p2":3,
     "p3":4},
    {"p1":1,
     "p2":2,
     "p3":4},
    {"p1":0,
     "p2":9,
     "p3":101},
    {"p1":9,
     "p2":100,
     "p3":101},
    {"p1":64,
     "p2":96,
     "p3":97},
    {"p1":94,
     "p2":95,
     "p3":96},
    {"p1":64,
     "p2":94,
     "p3":96},
    {"p1":56,
     "p2":97,
     "p3":98},
    {"p1":52,
     "p2":53,
     "p3":54},
    {"p1":44,
     "p2":55,
     "p3":99},
    {"p1":46,
     "p2":54,
     "p3":55},
    {"p1":55,
     "p2":98,
     "p3":99},
    {"p1":55,
     "p2":56,
     "p3":98},
    {"p1":9,
     "p2":43,
     "p3":44},
    {"p1":9,
     "p2":10,
     "p3":43},
    {"p1":10,
     "p2":42,
     "p3":43},
    {"p1":44,
     "p2":45,
     "p3":55},
    {"p1":45,
     "p2":46,
     "p3":55}]
}