{"points":[
    {"x":0.4507,
     "y":0.19718},
    {"x":0.48357,
     "y":0.20188},
    {"x":0.49296,
     "y":0.23474},
    {"x":0.49765,
     "y":0.26761},
    {"x":0.50704,
     "y":0.30047},
    {"x":0.53052,
     "y":0.33333},
    {"x":0.53521,
     "y":0.3662},
    {"x":0.5446,
     "y":0.39906},
    {"x":0.56338,
     "y":0.42723},
    {"x":0.59155,
     "y":0.40376},
    {"x":0.61033,
     "y":0.37089},
    {"x":0.62441,
     "y":0.33803},
    {"x":0.6338,
     "y":0.30516},
    {"x":0.62911,
     "y":0.2723},
    {"x":0.62911,
     "y":0.23944},
    {"x":0.6385,
     "y":0.21127},
    {"x":0.67136,
     "y":0.22066},
    {"x":0.69484,
     "y":0.23944},
    {"x":0.71362,
     "y":0.2723},
    {"x":0.74648,
     "y":0.30047},
    {"x":0.77934,
     "y":0.30986},
    {"x":0.78873,
     "y":0.33803},
    {"x":0.80282,
     "y":0.3662},
    {"x":0.83099,
     "y":0.34742},
    {"x":0.84038,
     "y":0.31455},
    {"x":0.87324,
     "y":0.30516},
    {"x":0.9061,
     "y":0.30516},
    {"x":0.92958,
     "y":0.28638},
    {"x":0.93897,
     "y":0.25352},
    {"x":0.95305,
     "y":0.22066},
    {"x":0.95775,
     "y":0.18779},
    {"x":0.98592,
     "y":0.15493},
    {"x":1,
     "y":0.12207},
    {"x":0.99531,
     "y":0.089202},
    {"x":0.97653,
     "y":0.056338},
    {"x":0.94836,
     "y":0.023474},
    {"x":0.91549,
     "y":0.0046948},
    {"x":0.88263,
     "y":0},
    {"x":0.84977,
     "y":0.0046948},
    {"x":0.8169,
     "y":0.018779},
    {"x":0.79812,
     "y":0.046948},
    {"x":0.77934,
     "y":0.079812},
    {"x":0.75117,
     "y":0.089202},
    {"x":0.71831,
     "y":0.089202},
    {"x":0.68545,
     "y":0.089202},
    {"x":0.65728,
     "y":0.10798},
    {"x":0.65258,
     "y":0.14085},
    {"x":0.62911,
     "y":0.17371},
    {"x":0.60094,
     "y":0.1784},
    {"x":0.60094,
     "y":0.14554},
    {"x":0.60094,
     "y":0.11268},
    {"x":0.59624,
     "y":0.079812},
    {"x":0.58216,
     "y":0.046948},
    {"x":0.5493,
     "y":0.028169},
    {"x":0.51643,
     "y":0.023474},
    {"x":0.48357,
     "y":0.023474},
    {"x":0.46009,
     "y":0.051643},
    {"x":0.44601,
     "y":0.084507},
    {"x":0.44601,
     "y":0.11737},
    {"x":0.44601,
     "y":0.15023},
    {"x":0.41315,
     "y":0.16901},
    {"x":0.38028,
     "y":0.16901},
    {"x":0.3615,
     "y":0.14085},
    {"x":0.3662,
     "y":0.10798},
    {"x":0.3615,
     "y":0.075117},
    {"x":0.34742,
     "y":0.042254},
    {"x":0.31925,
     "y":0.051643},
    {"x":0.31925,
     "y":0.084507},
    {"x":0.31925,
     "y":0.11737},
    {"x":0.31455,
     "y":0.15023},
    {"x":0.30986,
     "y":0.1831},
    {"x":0.277,
     "y":0.18779},
    {"x":0.24413,
     "y":0.18779},
    {"x":0.21127,
     "y":0.1784},
    {"x":0.1784,
     "y":0.17371},
    {"x":0.15493,
     "y":0.15023},
    {"x":0.12207,
     "y":0.12207},
    {"x":0.11268,
     "y":0.089202},
    {"x":0.11268,
     "y":0.056338},
    {"x":0.093897,
     "y":0.028169},
    {"x":0.084507,
     "y":0.056338},
    {"x":0.098592,
     "y":0.089202},
    {"x":0.10329,
     "y":0.12207},
    {"x":0.10329,
     "y":0.15493},
    {"x":0.10329,
     "y":0.18779},
    {"x":0.10329,
     "y":0.22066},
    {"x":0.10329,
     "y":0.25352},
    {"x":0.089202,
     "y":0.28638},
    {"x":0.084507,
     "y":0.31925},
    {"x":0.051643,
     "y":0.30516},
    {"x":0.032864,
     "y":0.2723},
    {"x":0,
     "y":0.2723},
    {"x":0.0046948,
     "y":0.30516},
    {"x":0.018779,
     "y":0.33803},
    {"x":0.037559,
     "y":0.3662},
    {"x":0.070423,
     "y":0.3615},
    {"x":0.10329,
     "y":0.34272},
    {"x":0.13615,
     "y":0.32864},
    {"x":0.16901,
     "y":0.30986},
    {"x":0.20188,
     "y":0.29108},
    {"x":0.23474,
     "y":0.29108},
    {"x":0.26761,
     "y":0.29108},
    {"x":0.30047,
     "y":0.30047},
    {"x":0.33333,
     "y":0.30986},
    {"x":0.35681,
     "y":0.28638},
    {"x":0.38028,
     "y":0.25352},
    {"x":0.39437,
     "y":0.22066},
    {"x":0.41784,
     "y":0.19249},
    {"x":0.4507,
     "y":0.19718},
    {"x":0.4507,
     "y":0.19718}],
 "triangles":[
    {"p1":78,
     "p2":79,
     "p3":80},
    {"p1":93,
     "p2":94,
     "p3":95},
    {"p1":35,
     "p2":36,
     "p3":37},
    {"p1":7,
     "p2":8,
     "p3":9},
    {"p1":6,
     "p2":7,
     "p3":9},
    {"p1":31,
     "p2":32,
     "p3":33},
    {"p1":78,
     "p2":80,
     "p3":81},
    {"p1":30,
     "p2":31,
     "p3":34},
    {"p1":31,
     "p2":33,
     "p3":34},
    {"p1":35,
     "p2":37,
     "p3":40},
    {"p1":34,
     "p2":35,
     "p3":40},
    {"p1":30,
     "p2":34,
     "p3":40},
    {"p1":30,
     "p2":40,
     "p3":41},
    {"p1":20,
     "p2":24,
     "p3":41},
    {"p1":29,
     "p2":30,
     "p3":41},
    {"p1":77,
     "p2":81,
     "p3":82},
    {"p1":76,
     "p2":77,
     "p3":82},
    {"p1":77,
     "p2":78,
     "p3":81},
    {"p1":6,
     "p2":9,
     "p3":10},
    {"p1":18,
     "p2":19,
     "p3":20},
    {"p1":51,
     "p2":54,
     "p3":57},
    {"p1":51,
     "p2":57,
     "p3":58},
    {"p1":4,
     "p2":5,
     "p3":13},
    {"p1":5,
     "p2":6,
     "p3":10},
    {"p1":5,
     "p2":10,
     "p3":11},
    {"p1":20,
     "p2":21,
     "p3":24},
    {"p1":21,
     "p2":22,
     "p3":23},
    {"p1":21,
     "p2":23,
     "p3":24},
    {"p1":70,
     "p2":71,
     "p3":102},
    {"p1":90,
     "p2":91,
     "p3":92},
    {"p1":37,
     "p2":38,
     "p3":40},
    {"p1":38,
     "p2":39,
     "p3":40},
    {"p1":51,
     "p2":53,
     "p3":54},
    {"p1":51,
     "p2":52,
     "p3":53},
    {"p1":44,
     "p2":45,
     "p3":46},
    {"p1":43,
     "p2":44,
     "p3":46},
    {"p1":16,
     "p2":43,
     "p3":46},
    {"p1":50,
     "p2":51,
     "p3":58},
    {"p1":3,
     "p2":4,
     "p3":13},
    {"p1":17,
     "p2":18,
     "p3":20},
    {"p1":17,
     "p2":42,
     "p3":43},
    {"p1":16,
     "p2":17,
     "p3":43},
    {"p1":17,
     "p2":20,
     "p3":41},
    {"p1":17,
     "p2":41,
     "p3":42},
    {"p1":3,
     "p2":13,
     "p3":14},
    {"p1":16,
     "p2":46,
     "p3":47},
    {"p1":54,
     "p2":55,
     "p3":56},
    {"p1":54,
     "p2":56,
     "p3":57},
    {"p1":5,
     "p2":12,
     "p3":13},
    {"p1":5,
     "p2":11,
     "p3":12},
    {"p1":102,
     "p2":103,
     "p3":104},
    {"p1":70,
     "p2":102,
     "p3":104},
    {"p1":70,
     "p2":104,
     "p3":105},
    {"p1":25,
     "p2":26,
     "p3":27},
    {"p1":25,
     "p2":27,
     "p3":28},
    {"p1":24,
     "p2":25,
     "p3":41},
    {"p1":25,
     "p2":29,
     "p3":41},
    {"p1":25,
     "p2":28,
     "p3":29},
    {"p1":72,
     "p2":100,
     "p3":101},
    {"p1":71,
     "p2":72,
     "p3":101},
    {"p1":71,
     "p2":101,
     "p3":102},
    {"p1":63,
     "p2":64,
     "p3":67},
    {"p1":64,
     "p2":65,
     "p3":66},
    {"p1":64,
     "p2":66,
     "p3":67},
    {"p1":72,
     "p2":99,
     "p3":100},
    {"p1":72,
     "p2":73,
     "p3":99},
    {"p1":0,
     "p2":1,
     "p3":59},
    {"p1":1,
     "p2":58,
     "p3":59},
    {"p1":2,
     "p2":14,
     "p3":48},
    {"p1":2,
     "p2":3,
     "p3":14},
    {"p1":1,
     "p2":2,
     "p3":48},
    {"p1":1,
     "p2":48,
     "p3":49},
    {"p1":49,
     "p2":50,
     "p3":58},
    {"p1":1,
     "p2":49,
     "p3":58},
    {"p1":15,
     "p2":16,
     "p3":47},
    {"p1":14,
     "p2":15,
     "p3":48},
    {"p1":15,
     "p2":47,
     "p3":48},
    {"p1":70,
     "p2":105,
     "p3":106},
    {"p1":61,
     "p2":70,
     "p3":106},
    {"p1":61,
     "p2":106,
     "p3":107},
    {"p1":63,
     "p2":67,
     "p3":68},
    {"p1":73,
     "p2":74,
     "p3":99},
    {"p1":74,
     "p2":75,
     "p3":84},
    {"p1":74,
     "p2":84,
     "p3":85},
    {"p1":86,
     "p2":98,
     "p3":99},
    {"p1":86,
     "p2":97,
     "p3":98},
    {"p1":74,
     "p2":85,
     "p3":86},
    {"p1":74,
     "p2":86,
     "p3":99},
    {"p1":88,
     "p2":95,
     "p3":96},
    {"p1":88,
     "p2":96,
     "p3":97},
    {"p1":60,
     "p2":61,
     "p3":107},
    {"p1":0,
     "p2":59,
     "p3":60},
    {"p1":0,
     "p2":60,
     "p3":107},
    {"p1":62,
     "p2":63,
     "p3":68},
    {"p1":61,
     "p2":62,
     "p3":70},
    {"p1":76,
     "p2":82,
     "p3":83},
    {"p1":75,
     "p2":76,
     "p3":83},
    {"p1":75,
     "p2":83,
     "p3":84},
    {"p1":87,
     "p2":88,
     "p3":97},
    {"p1":86,
     "p2":87,
     "p3":97},
    {"p1":62,
     "p2":69,
     "p3":70},
    {"p1":62,
     "p2":68,
     "p3":69},
    {"p1":89,
     "p2":92,
     "p3":93},
    {"p1":89,
     "p2":90,
     "p3":92},
    {"p1":89,
     "p2":93,
     "p3":95},
    {"p1":88,
     "p2":89,
     "p3":95}]
}