{"points":[
    {"x":0.23697,
     "y":0.29858},
    {"x":0.27014,
     "y":0.29858},
    {"x":0.30332,
     "y":0.29858},
    {"x":0.33649,
     "y":0.29858},
    {"x":0.36493,
     "y":0.28436},
    {"x":0.37915,
     "y":0.25118},
    {"x":0.39336,
     "y":0.21801},
    {"x":0.42654,
     "y":0.20379},
    {"x":0.45972,
     "y":0.20379},
    {"x":0.49289,
     "y":0.20853},
    {"x":0.49763,
     "y":0.24171},
    {"x":0.49763,
     "y":0.27488},
    {"x":0.50237,
     "y":0.30332},
    {"x":0.53555,
     "y":0.3128},
    {"x":0.54976,
     "y":0.33649},
    {"x":0.54502,
     "y":0.36967},
    {"x":0.54502,
     "y":0.40284},
    {"x":0.5545,
     "y":0.43128},
    {"x":0.58294,
     "y":0.40284},
    {"x":0.59716,
     "y":0.36967},
    {"x":0.6019,
     "y":0.33649},
    {"x":0.6019,
     "y":0.30332},
    {"x":0.60664,
     "y":0.27014},
    {"x":0.63507,
     "y":0.23697},
    {"x":0.66825,
     "y":0.22749},
    {"x":0.6872,
     "y":0.25118},
    {"x":0.69194,
     "y":0.28436},
    {"x":0.72038,
     "y":0.29858},
    {"x":0.75355,
     "y":0.3128},
    {"x":0.75355,
     "y":0.34597},
    {"x":0.77251,
     "y":0.37441},
    {"x":0.80569,
     "y":0.37915},
    {"x":0.83412,
     "y":0.35071},
    {"x":0.86256,
     "y":0.32227},
    {"x":0.89573,
     "y":0.32227},
    {"x":0.92891,
     "y":0.31754},
    {"x":0.94313,
     "y":0.2891},
    {"x":0.93839,
     "y":0.25592},
    {"x":0.94313,
     "y":0.22275},
    {"x":0.96682,
     "y":0.19905},
    {"x":0.99052,
     "y":0.17062},
    {"x":1,
     "y":0.13744},
    {"x":1,
     "y":0.10427},
    {"x":0.99526,
     "y":0.07109},
    {"x":0.98104,
     "y":0.037915},
    {"x":0.95735,
     "y":0.0047393},
    {"x":0.92417,
     "y":0},
    {"x":0.891,
     "y":0.0094787},
    {"x":0.85782,
     "y":0.023697},
    {"x":0.82464,
     "y":0.033175},
    {"x":0.79621,
     "y":0.047393},
    {"x":0.77725,
     "y":0.080569},
    {"x":0.74882,
     "y":0.109},
    {"x":0.71564,
     "y":0.109},
    {"x":0.68246,
     "y":0.109},
    {"x":0.64929,
     "y":0.109},
    {"x":0.61611,
     "y":0.109},
    {"x":0.59242,
     "y":0.094787},
    {"x":0.58768,
     "y":0.061611},
    {"x":0.5782,
     "y":0.028436},
    {"x":0.54976,
     "y":0.0094787},
    {"x":0.51659,
     "y":0.014218},
    {"x":0.48341,
     "y":0.028436},
    {"x":0.46445,
     "y":0.061611},
    {"x":0.4455,
     "y":0.094787},
    {"x":0.4455,
     "y":0.12796},
    {"x":0.43128,
     "y":0.1564},
    {"x":0.3981,
     "y":0.16114},
    {"x":0.39336,
     "y":0.12796},
    {"x":0.40758,
     "y":0.094787},
    {"x":0.41706,
     "y":0.061611},
    {"x":0.39336,
     "y":0.033175},
    {"x":0.36019,
     "y":0.037915},
    {"x":0.33649,
     "y":0.061611},
    {"x":0.34123,
     "y":0.094787},
    {"x":0.34123,
     "y":0.12796},
    {"x":0.31754,
     "y":0.16114},
    {"x":0.28436,
     "y":0.18483},
    {"x":0.25118,
     "y":0.19431},
    {"x":0.21801,
     "y":0.19431},
    {"x":0.18483,
     "y":0.17536},
    {"x":0.18957,
     "y":0.14218},
    {"x":0.19905,
     "y":0.109},
    {"x":0.19905,
     "y":0.075829},
    {"x":0.18957,
     "y":0.042654},
    {"x":0.1564,
     "y":0.033175},
    {"x":0.12322,
     "y":0.033175},
    {"x":0.090047,
     "y":0.037915},
    {"x":0.080569,
     "y":0.07109},
    {"x":0.085308,
     "y":0.10427},
    {"x":0.094787,
     "y":0.13744},
    {"x":0.109,
     "y":0.17062},
    {"x":0.12796,
     "y":0.20379},
    {"x":0.12322,
     "y":0.23697},
    {"x":0.109,
     "y":0.27014},
    {"x":0.094787,
     "y":0.30332},
    {"x":0.07109,
     "y":0.31754},
    {"x":0.042654,
     "y":0.29858},
    {"x":0.023697,
     "y":0.27014},
    {"x":0,
     "y":0.2891},
    {"x":0.0094787,
     "y":0.32227},
    {"x":0.023697,
     "y":0.35545},
    {"x":0.052133,
     "y":0.37441},
    {"x":0.085308,
     "y":0.37441},
    {"x":0.11848,
     "y":0.36493},
    {"x":0.15166,
     "y":0.34123},
    {"x":0.18483,
     "y":0.3128},
    {"x":0.21327,
     "y":0.29858},
    {"x":0.23697,
     "y":0.29858}],
 "triangles":[
    {"p1":44,
     "p2":45,
     "p3":46},
    {"p1":44,
     "p2":46,
     "p3":47},
    {"p1":43,
     "p2":44,
     "p3":47},
    {"p1":85,
     "p2":86,
     "p3":89},
    {"p1":38,
     "p2":51,
     "p3":52},
    {"p1":24,
     "p2":53,
     "p3":54},
    {"p1":24,
     "p2":52,
     "p3":53},
    {"p1":86,
     "p2":87,
     "p3":88},
    {"p1":86,
     "p2":88,
     "p3":89},
    {"p1":59,
     "p2":60,
     "p3":61},
    {"p1":58,
     "p2":59,
     "p3":61},
    {"p1":61,
     "p2":62,
     "p3":63},
    {"p1":58,
     "p2":61,
     "p3":63},
    {"p1":33,
     "p2":38,
     "p3":52},
    {"p1":28,
     "p2":33,
     "p3":52},
    {"p1":24,
     "p2":25,
     "p3":52},
    {"p1":25,
     "p2":28,
     "p3":52},
    {"p1":38,
     "p2":48,
     "p3":51},
    {"p1":41,
     "p2":42,
     "p3":48},
    {"p1":42,
     "p2":43,
     "p3":48},
    {"p1":43,
     "p2":47,
     "p3":48},
    {"p1":16,
     "p2":17,
     "p3":18},
    {"p1":10,
     "p2":11,
     "p3":22},
    {"p1":24,
     "p2":54,
     "p3":55},
    {"p1":38,
     "p2":39,
     "p3":48},
    {"p1":39,
     "p2":40,
     "p3":41},
    {"p1":39,
     "p2":41,
     "p3":48},
    {"p1":34,
     "p2":35,
     "p3":36},
    {"p1":28,
     "p2":32,
     "p3":33},
    {"p1":30,
     "p2":31,
     "p3":32},
    {"p1":25,
     "p2":26,
     "p3":27},
    {"p1":25,
     "p2":27,
     "p3":28},
    {"p1":49,
     "p2":50,
     "p3":51},
    {"p1":48,
     "p2":49,
     "p3":51},
    {"p1":23,
     "p2":24,
     "p3":55},
    {"p1":23,
     "p2":55,
     "p3":56},
    {"p1":83,
     "p2":85,
     "p3":89},
    {"p1":82,
     "p2":83,
     "p3":89},
    {"p1":95,
     "p2":104,
     "p3":105},
    {"p1":94,
     "p2":95,
     "p3":105},
    {"p1":94,
     "p2":105,
     "p3":106},
    {"p1":1,
     "p2":2,
     "p3":77},
    {"p1":2,
     "p2":5,
     "p3":77},
    {"p1":5,
     "p2":76,
     "p3":77},
    {"p1":70,
     "p2":71,
     "p3":72},
    {"p1":69,
     "p2":70,
     "p3":72},
    {"p1":67,
     "p2":75,
     "p3":76},
    {"p1":9,
     "p2":23,
     "p3":56},
    {"p1":9,
     "p2":10,
     "p3":22},
    {"p1":9,
     "p2":22,
     "p3":23},
    {"p1":63,
     "p2":64,
     "p3":65},
    {"p1":57,
     "p2":58,
     "p3":63},
    {"p1":57,
     "p2":63,
     "p3":65},
    {"p1":9,
     "p2":56,
     "p3":57},
    {"p1":9,
     "p2":57,
     "p3":65},
    {"p1":34,
     "p2":36,
     "p3":37},
    {"p1":33,
     "p2":37,
     "p3":38},
    {"p1":33,
     "p2":34,
     "p3":37},
    {"p1":28,
     "p2":29,
     "p3":32},
    {"p1":29,
     "p2":30,
     "p3":32},
    {"p1":14,
     "p2":15,
     "p3":19},
    {"p1":15,
     "p2":18,
     "p3":19},
    {"p1":15,
     "p2":16,
     "p3":18},
    {"p1":14,
     "p2":19,
     "p3":20},
    {"p1":11,
     "p2":12,
     "p3":13},
    {"p1":11,
     "p2":13,
     "p3":22},
    {"p1":7,
     "p2":66,
     "p3":67},
    {"p1":2,
     "p2":3,
     "p3":5},
    {"p1":3,
     "p2":4,
     "p3":5},
    {"p1":83,
     "p2":84,
     "p3":85},
    {"p1":81,
     "p2":90,
     "p3":91},
    {"p1":82,
     "p2":89,
     "p3":90},
    {"p1":81,
     "p2":82,
     "p3":90},
    {"p1":80,
     "p2":81,
     "p3":91},
    {"p1":96,
     "p2":103,
     "p3":104},
    {"p1":95,
     "p2":96,
     "p3":104},
    {"p1":96,
     "p2":102,
     "p3":103},
    {"p1":96,
     "p2":101,
     "p3":102},
    {"p1":0,
     "p2":1,
     "p3":78},
    {"p1":1,
     "p2":77,
     "p3":78},
    {"p1":67,
     "p2":68,
     "p3":75},
    {"p1":69,
     "p2":72,
     "p3":74},
    {"p1":68,
     "p2":69,
     "p3":74},
    {"p1":68,
     "p2":74,
     "p3":75},
    {"p1":13,
     "p2":21,
     "p3":22},
    {"p1":14,
     "p2":20,
     "p3":21},
    {"p1":13,
     "p2":14,
     "p3":21},
    {"p1":7,
     "p2":8,
     "p3":66},
    {"p1":8,
     "p2":65,
     "p3":66},
    {"p1":8,
     "p2":9,
     "p3":65},
    {"p1":6,
     "p2":7,
     "p3":67},
    {"p1":6,
     "p2":67,
     "p3":76},
    {"p1":5,
     "p2":6,
     "p3":76},
    {"p1":72,
     "p2":73,
     "p3":74},
    {"p1":80,
     "p2":91,
     "p3":92},
    {"p1":97,
     "p2":100,
     "p3":101},
    {"p1":96,
     "p2":97,
     "p3":101},
    {"p1":97,
     "p2":99,
     "p3":100},
    {"p1":97,
     "p2":98,
     "p3":99},
    {"p1":0,
     "p2":79,
     "p3":107},
    {"p1":0,
     "p2":78,
     "p3":79},
    {"p1":93,
     "p2":94,
     "p3":106},
    {"p1":93,
     "p2":106,
     "p3":107},
    {"p1":79,
     "p2":93,
     "p3":107},
    {"p1":80,
     "p2":92,
     "p3":93},
    {"p1":79,
     "p2":80,
     "p3":93}]
}