{"points":[
    {"x":0.49261,
     "y":0.33005},
    {"x":0.52709,
     "y":0.35468},
    {"x":0.55172,
     "y":0.37931},
    {"x":0.54187,
     "y":0.41379},
    {"x":0.5665,
     "y":0.43842},
    {"x":0.59606,
     "y":0.4335},
    {"x":0.60591,
     "y":0.39901},
    {"x":0.61576,
     "y":0.36453},
    {"x":0.62069,
     "y":0.33005},
    {"x":0.62562,
     "y":0.29557},
    {"x":0.63547,
     "y":0.26108},
    {"x":0.66995,
     "y":0.26108},
    {"x":0.70443,
     "y":0.27586},
    {"x":0.71429,
     "y":0.31034},
    {"x":0.74877,
     "y":0.32512},
    {"x":0.7734,
     "y":0.34975},
    {"x":0.78818,
     "y":0.38424},
    {"x":0.81281,
     "y":0.41379},
    {"x":0.83744,
     "y":0.38424},
    {"x":0.85222,
     "y":0.34975},
    {"x":0.88177,
     "y":0.3202},
    {"x":0.91626,
     "y":0.31034},
    {"x":0.95074,
     "y":0.30542},
    {"x":0.96552,
     "y":0.27586},
    {"x":0.96552,
     "y":0.24138},
    {"x":0.97044,
     "y":0.2069},
    {"x":0.99507,
     "y":0.17241},
    {"x":1,
     "y":0.13793},
    {"x":1,
     "y":0.10345},
    {"x":0.99507,
     "y":0.068966},
    {"x":0.97537,
     "y":0.034483},
    {"x":0.94581,
     "y":0.0049261},
    {"x":0.91133,
     "y":0},
    {"x":0.87685,
     "y":0},
    {"x":0.84236,
     "y":0.014778},
    {"x":0.80788,
     "y":0.034483},
    {"x":0.78818,
     "y":0.068966},
    {"x":0.76847,
     "y":0.10345},
    {"x":0.73399,
     "y":0.10345},
    {"x":0.69951,
     "y":0.098522},
    {"x":0.66995,
     "y":0.11823},
    {"x":0.6601,
     "y":0.15271},
    {"x":0.64532,
     "y":0.18719},
    {"x":0.62069,
     "y":0.21675},
    {"x":0.59606,
     "y":0.19212},
    {"x":0.60591,
     "y":0.15764},
    {"x":0.60591,
     "y":0.12315},
    {"x":0.60591,
     "y":0.08867},
    {"x":0.59113,
     "y":0.054187},
    {"x":0.56158,
     "y":0.029557},
    {"x":0.52709,
     "y":0.024631},
    {"x":0.49261,
     "y":0.034483},
    {"x":0.45813,
     "y":0.054187},
    {"x":0.4335,
     "y":0.083744},
    {"x":0.42857,
     "y":0.11823},
    {"x":0.42857,
     "y":0.15271},
    {"x":0.40887,
     "y":0.17241},
    {"x":0.37438,
     "y":0.17241},
    {"x":0.36453,
     "y":0.14286},
    {"x":0.36453,
     "y":0.10837},
    {"x":0.35468,
     "y":0.073892},
    {"x":0.3202,
     "y":0.073892},
    {"x":0.31527,
     "y":0.10837},
    {"x":0.31527,
     "y":0.14286},
    {"x":0.30049,
     "y":0.17734},
    {"x":0.27094,
     "y":0.19212},
    {"x":0.23645,
     "y":0.19212},
    {"x":0.20197,
     "y":0.19212},
    {"x":0.17241,
     "y":0.17241},
    {"x":0.15271,
     "y":0.13793},
    {"x":0.14286,
     "y":0.10345},
    {"x":0.13793,
     "y":0.068966},
    {"x":0.10837,
     "y":0.078818},
    {"x":0.1133,
     "y":0.1133},
    {"x":0.12315,
     "y":0.14778},
    {"x":0.12315,
     "y":0.18227},
    {"x":0.12315,
     "y":0.21675},
    {"x":0.11823,
     "y":0.25123},
    {"x":0.08867,
     "y":0.28079},
    {"x":0.078818,
     "y":0.31527},
    {"x":0.044335,
     "y":0.30542},
    {"x":0.0098522,
     "y":0.28571},
    {"x":0,
     "y":0.31034},
    {"x":0.019704,
     "y":0.34483},
    {"x":0.034483,
     "y":0.37931},
    {"x":0.059113,
     "y":0.40394},
    {"x":0.093596,
     "y":0.39409},
    {"x":0.12315,
     "y":0.36946},
    {"x":0.15764,
     "y":0.33498},
    {"x":0.19212,
     "y":0.3202},
    {"x":0.2266,
     "y":0.3202},
    {"x":0.26108,
     "y":0.3202},
    {"x":0.29557,
     "y":0.31527},
    {"x":0.33005,
     "y":0.30542},
    {"x":0.36453,
     "y":0.30049},
    {"x":0.38916,
     "y":0.27586},
    {"x":0.39901,
     "y":0.24138},
    {"x":0.4335,
     "y":0.23645},
    {"x":0.46305,
     "y":0.26601},
    {"x":0.46798,
     "y":0.30049},
    {"x":0.48768,
     "y":0.33005},
    {"x":0.49261,
     "y":0.33005}],
 "triangles":[
    {"p1":28,
     "p2":30,
     "p3":32},
    {"p1":30,
     "p2":31,
     "p3":32},
    {"p1":28,
     "p2":29,
     "p3":30},
    {"p1":80,
     "p2":81,
     "p3":82},
    {"p1":25,
     "p2":26,
     "p3":27},
    {"p1":60,
     "p2":61,
     "p3":62},
    {"p1":80,
     "p2":82,
     "p3":83},
    {"p1":79,
     "p2":80,
     "p3":83},
    {"p1":65,
     "p2":91,
     "p3":92},
    {"p1":28,
     "p2":32,
     "p3":34},
    {"p1":4,
     "p2":5,
     "p3":6},
    {"p1":3,
     "p2":4,
     "p3":6},
    {"p1":21,
     "p2":22,
     "p3":23},
    {"p1":79,
     "p2":83,
     "p3":84},
    {"p1":84,
     "p2":85,
     "p3":86},
    {"p1":79,
     "p2":84,
     "p3":86},
    {"p1":78,
     "p2":79,
     "p3":88},
    {"p1":77,
     "p2":78,
     "p3":88},
    {"p1":65,
     "p2":66,
     "p3":91},
    {"p1":20,
     "p2":25,
     "p3":37},
    {"p1":12,
     "p2":20,
     "p3":37},
    {"p1":32,
     "p2":33,
     "p3":34},
    {"p1":2,
     "p2":3,
     "p3":6},
    {"p1":57,
     "p2":58,
     "p3":63},
    {"p1":59,
     "p2":60,
     "p3":62},
    {"p1":20,
     "p2":24,
     "p3":25},
    {"p1":20,
     "p2":21,
     "p3":24},
    {"p1":21,
     "p2":23,
     "p3":24},
    {"p1":12,
     "p2":14,
     "p3":20},
    {"p1":14,
     "p2":19,
     "p3":20},
    {"p1":14,
     "p2":15,
     "p3":19},
    {"p1":9,
     "p2":44,
     "p3":98},
    {"p1":9,
     "p2":10,
     "p3":43},
    {"p1":9,
     "p2":43,
     "p3":44},
    {"p1":10,
     "p2":11,
     "p3":43},
    {"p1":66,
     "p2":90,
     "p3":91},
    {"p1":79,
     "p2":86,
     "p3":87},
    {"p1":79,
     "p2":87,
     "p3":88},
    {"p1":69,
     "p2":70,
     "p3":73},
    {"p1":70,
     "p2":71,
     "p3":72},
    {"p1":70,
     "p2":72,
     "p3":73},
    {"p1":68,
     "p2":75,
     "p3":76},
    {"p1":69,
     "p2":73,
     "p3":74},
    {"p1":34,
     "p2":35,
     "p3":36},
    {"p1":27,
     "p2":28,
     "p3":36},
    {"p1":28,
     "p2":34,
     "p3":36},
    {"p1":25,
     "p2":27,
     "p3":36},
    {"p1":25,
     "p2":36,
     "p3":37},
    {"p1":65,
     "p2":92,
     "p3":93},
    {"p1":57,
     "p2":63,
     "p3":64},
    {"p1":64,
     "p2":65,
     "p3":93},
    {"p1":52,
     "p2":53,
     "p3":54},
    {"p1":16,
     "p2":17,
     "p3":18},
    {"p1":11,
     "p2":42,
     "p3":43},
    {"p1":12,
     "p2":41,
     "p3":42},
    {"p1":11,
     "p2":12,
     "p3":42},
    {"p1":77,
     "p2":88,
     "p3":89},
    {"p1":67,
     "p2":76,
     "p3":77},
    {"p1":67,
     "p2":77,
     "p3":89},
    {"p1":67,
     "p2":68,
     "p3":76},
    {"p1":66,
     "p2":67,
     "p3":90},
    {"p1":67,
     "p2":89,
     "p3":90},
    {"p1":38,
     "p2":40,
     "p3":41},
    {"p1":38,
     "p2":39,
     "p3":40},
    {"p1":12,
     "p2":38,
     "p3":41},
    {"p1":12,
     "p2":37,
     "p3":38},
    {"p1":1,
     "p2":2,
     "p3":8},
    {"p1":1,
     "p2":8,
     "p3":9},
    {"p1":2,
     "p2":6,
     "p3":7},
    {"p1":2,
     "p2":7,
     "p3":8},
    {"p1":64,
     "p2":93,
     "p3":96},
    {"p1":57,
     "p2":64,
     "p3":96},
    {"p1":48,
     "p2":49,
     "p3":50},
    {"p1":44,
     "p2":45,
     "p3":55},
    {"p1":46,
     "p2":52,
     "p3":54},
    {"p1":46,
     "p2":51,
     "p3":52},
    {"p1":46,
     "p2":54,
     "p3":55},
    {"p1":45,
     "p2":46,
     "p3":55},
    {"p1":44,
     "p2":97,
     "p3":98},
    {"p1":44,
     "p2":55,
     "p3":97},
    {"p1":0,
     "p2":1,
     "p3":9},
    {"p1":0,
     "p2":9,
     "p3":98},
    {"p1":0,
     "p2":98,
     "p3":99},
    {"p1":0,
     "p2":99,
     "p3":100},
    {"p1":12,
     "p2":13,
     "p3":14},
    {"p1":93,
     "p2":94,
     "p3":95},
    {"p1":93,
     "p2":95,
     "p3":96},
    {"p1":46,
     "p2":47,
     "p3":51},
    {"p1":47,
     "p2":50,
     "p3":51},
    {"p1":47,
     "p2":48,
     "p3":50},
    {"p1":55,
     "p2":56,
     "p3":97},
    {"p1":56,
     "p2":57,
     "p3":96},
    {"p1":56,
     "p2":96,
     "p3":97},
    {"p1":58,
     "p2":59,
     "p3":63},
    {"p1":59,
     "p2":62,
     "p3":63},
    {"p1":68,
     "p2":69,
     "p3":74},
    {"p1":68,
     "p2":74,
     "p3":75},
    {"p1":15,
     "p2":16,
     "p3":18},
    {"p1":15,
     "p2":18,
     "p3":19}]
}