{"points":[
    {"x":0.4455,
     "y":0.22275},
    {"x":0.47867,
     "y":0.22275},
    {"x":0.49763,
     "y":0.24645},
    {"x":0.50237,
     "y":0.27962},
    {"x":0.52133,
     "y":0.30806},
    {"x":0.5545,
     "y":0.32701},
    {"x":0.57346,
     "y":0.35545},
    {"x":0.57346,
     "y":0.38863},
    {"x":0.56398,
     "y":0.4218},
    {"x":0.59242,
     "y":0.42654},
    {"x":0.62085,
     "y":0.3981},
    {"x":0.62559,
     "y":0.36493},
    {"x":0.63507,
     "y":0.33175},
    {"x":0.65877,
     "y":0.29858},
    {"x":0.65877,
     "y":0.2654},
    {"x":0.65877,
     "y":0.23223},
    {"x":0.68246,
     "y":0.21327},
    {"x":0.71564,
     "y":0.22275},
    {"x":0.7346,
     "y":0.25592},
    {"x":0.73934,
     "y":0.2891},
    {"x":0.77251,
     "y":0.30332},
    {"x":0.79147,
     "y":0.32701},
    {"x":0.78673,
     "y":0.36019},
    {"x":0.80569,
     "y":0.38389},
    {"x":0.83886,
     "y":0.36967},
    {"x":0.86256,
     "y":0.33649},
    {"x":0.88626,
     "y":0.3128},
    {"x":0.91943,
     "y":0.3128},
    {"x":0.94313,
     "y":0.29384},
    {"x":0.94313,
     "y":0.26066},
    {"x":0.94313,
     "y":0.22749},
    {"x":0.96209,
     "y":0.20379},
    {"x":0.98578,
     "y":0.17062},
    {"x":1,
     "y":0.13744},
    {"x":1,
     "y":0.10427},
    {"x":1,
     "y":0.07109},
    {"x":0.99526,
     "y":0.037915},
    {"x":0.97156,
     "y":0.0094787},
    {"x":0.93839,
     "y":0},
    {"x":0.90521,
     "y":0.0047393},
    {"x":0.87204,
     "y":0.0094787},
    {"x":0.83886,
     "y":0.033175},
    {"x":0.81991,
     "y":0.066351},
    {"x":0.81043,
     "y":0.099526},
    {"x":0.77725,
     "y":0.094787},
    {"x":0.74408,
     "y":0.094787},
    {"x":0.7109,
     "y":0.094787},
    {"x":0.67773,
     "y":0.099526},
    {"x":0.67299,
     "y":0.1327},
    {"x":0.66351,
     "y":0.16588},
    {"x":0.64455,
     "y":0.19905},
    {"x":0.61137,
     "y":0.19905},
    {"x":0.6019,
     "y":0.17062},
    {"x":0.60664,
     "y":0.13744},
    {"x":0.61137,
     "y":0.10427},
    {"x":0.61137,
     "y":0.07109},
    {"x":0.59716,
     "y":0.037915},
    {"x":0.56872,
     "y":0.023697},
    {"x":0.53555,
     "y":0.028436},
    {"x":0.50237,
     "y":0.033175},
    {"x":0.46919,
     "y":0.052133},
    {"x":0.45498,
     "y":0.085308},
    {"x":0.45498,
     "y":0.11848},
    {"x":0.45024,
     "y":0.15166},
    {"x":0.4455,
     "y":0.18483},
    {"x":0.41232,
     "y":0.18957},
    {"x":0.37915,
     "y":0.18957},
    {"x":0.35545,
     "y":0.17536},
    {"x":0.35545,
     "y":0.14218},
    {"x":0.35545,
     "y":0.109},
    {"x":0.34123,
     "y":0.075829},
    {"x":0.31754,
     "y":0.080569},
    {"x":0.31754,
     "y":0.11374},
    {"x":0.31754,
     "y":0.14692},
    {"x":0.31754,
     "y":0.18009},
    {"x":0.29384,
     "y":0.19431},
    {"x":0.26066,
     "y":0.19431},
    {"x":0.22749,
     "y":0.18957},
    {"x":0.19431,
     "y":0.18009},
    {"x":0.16114,
     "y":0.1564},
    {"x":0.13744,
     "y":0.12322},
    {"x":0.12796,
     "y":0.090047},
    {"x":0.10427,
     "y":0.07109},
    {"x":0.07109,
     "y":0.075829},
    {"x":0.075829,
     "y":0.109},
    {"x":0.094787,
     "y":0.14218},
    {"x":0.109,
     "y":0.17536},
    {"x":0.109,
     "y":0.20853},
    {"x":0.10427,
     "y":0.24171},
    {"x":0.099526,
     "y":0.27488},
    {"x":0.090047,
     "y":0.30332},
    {"x":0.056872,
     "y":0.29384},
    {"x":0.023697,
     "y":0.27962},
    {"x":0,
     "y":0.30332},
    {"x":0.018957,
     "y":0.33649},
    {"x":0.037915,
     "y":0.36493},
    {"x":0.07109,
     "y":0.36967},
    {"x":0.10427,
     "y":0.36493},
    {"x":0.13744,
     "y":0.34597},
    {"x":0.17062,
     "y":0.32227},
    {"x":0.20379,
     "y":0.30806},
    {"x":0.23697,
     "y":0.30332},
    {"x":0.27014,
     "y":0.30332},
    {"x":0.30332,
     "y":0.30806},
    {"x":0.33649,
     "y":0.31754},
    {"x":0.36967,
     "y":0.31754},
    {"x":0.38863,
     "y":0.2891},
    {"x":0.3981,
     "y":0.25592},
    {"x":0.41232,
     "y":0.22275},
    {"x":0.4455,
     "y":0.22275},
    {"x":0.4455,
     "y":0.22275}],
 "triangles":[
    {"p1":36,
     "p2":37,
     "p3":38},
    {"p1":32,
     "p2":33,
     "p3":34},
    {"p1":35,
     "p2":36,
     "p3":38},
    {"p1":66,
     "p2":107,
     "p3":108},
    {"p1":82,
     "p2":83,
     "p3":84},
    {"p1":91,
     "p2":94,
     "p3":95},
    {"p1":91,
     "p2":95,
     "p3":96},
    {"p1":88,
     "p2":99,
     "p3":100},
    {"p1":26,
     "p2":29,
     "p3":30},
    {"p1":27,
     "p2":28,
     "p3":29},
    {"p1":26,
     "p2":27,
     "p3":29},
    {"p1":35,
     "p2":38,
     "p3":39},
    {"p1":34,
     "p2":35,
     "p3":39},
    {"p1":30,
     "p2":31,
     "p3":43},
    {"p1":31,
     "p2":32,
     "p3":43},
    {"p1":32,
     "p2":34,
     "p3":43},
    {"p1":103,
     "p2":104,
     "p3":107},
    {"p1":75,
     "p2":103,
     "p3":107},
    {"p1":92,
     "p2":93,
     "p3":94},
    {"p1":91,
     "p2":92,
     "p3":94},
    {"p1":81,
     "p2":82,
     "p3":84},
    {"p1":81,
     "p2":84,
     "p3":85},
    {"p1":80,
     "p2":81,
     "p3":85},
    {"p1":90,
     "p2":96,
     "p3":97},
    {"p1":90,
     "p2":91,
     "p3":96},
    {"p1":90,
     "p2":97,
     "p3":98},
    {"p1":90,
     "p2":98,
     "p3":99},
    {"p1":34,
     "p2":39,
     "p3":42},
    {"p1":34,
     "p2":42,
     "p3":43},
    {"p1":104,
     "p2":105,
     "p3":106},
    {"p1":104,
     "p2":106,
     "p3":107},
    {"p1":66,
     "p2":74,
     "p3":107},
    {"p1":74,
     "p2":75,
     "p3":107},
    {"p1":77,
     "p2":100,
     "p3":101},
    {"p1":18,
     "p2":30,
     "p3":43},
    {"p1":88,
     "p2":89,
     "p3":99},
    {"p1":89,
     "p2":90,
     "p3":99},
    {"p1":39,
     "p2":40,
     "p3":41},
    {"p1":39,
     "p2":41,
     "p3":42},
    {"p1":65,
     "p2":66,
     "p3":108},
    {"p1":2,
     "p2":51,
     "p3":52},
    {"p1":66,
     "p2":67,
     "p3":74},
    {"p1":68,
     "p2":69,
     "p3":72},
    {"p1":69,
     "p2":70,
     "p3":72},
    {"p1":75,
     "p2":102,
     "p3":103},
    {"p1":80,
     "p2":85,
     "p3":86},
    {"p1":20,
     "p2":26,
     "p3":30},
    {"p1":18,
     "p2":20,
     "p3":30},
    {"p1":17,
     "p2":18,
     "p3":43},
    {"p1":4,
     "p2":5,
     "p3":51},
    {"p1":7,
     "p2":10,
     "p3":11},
    {"p1":7,
     "p2":8,
     "p3":9},
    {"p1":7,
     "p2":9,
     "p3":10},
    {"p1":3,
     "p2":4,
     "p3":51},
    {"p1":2,
     "p2":3,
     "p3":51},
    {"p1":0,
     "p2":65,
     "p3":108},
    {"p1":68,
     "p2":72,
     "p3":73},
    {"p1":67,
     "p2":68,
     "p3":73},
    {"p1":67,
     "p2":73,
     "p3":74},
    {"p1":79,
     "p2":80,
     "p3":86},
    {"p1":79,
     "p2":86,
     "p3":87},
    {"p1":70,
     "p2":71,
     "p3":72},
    {"p1":21,
     "p2":25,
     "p3":26},
    {"p1":20,
     "p2":21,
     "p3":26},
    {"p1":21,
     "p2":24,
     "p3":25},
    {"p1":18,
     "p2":19,
     "p3":20},
    {"p1":5,
     "p2":12,
     "p3":14},
    {"p1":5,
     "p2":14,
     "p3":51},
    {"p1":52,
     "p2":62,
     "p3":63},
    {"p1":52,
     "p2":53,
     "p3":62},
    {"p1":53,
     "p2":54,
     "p3":62},
    {"p1":58,
     "p2":59,
     "p3":62},
    {"p1":54,
     "p2":58,
     "p3":62},
    {"p1":54,
     "p2":55,
     "p3":58},
    {"p1":55,
     "p2":56,
     "p3":57},
    {"p1":55,
     "p2":57,
     "p3":58},
    {"p1":46,
     "p2":47,
     "p3":48},
    {"p1":45,
     "p2":46,
     "p3":48},
    {"p1":17,
     "p2":45,
     "p3":48},
    {"p1":6,
     "p2":7,
     "p3":11},
    {"p1":6,
     "p2":11,
     "p3":12},
    {"p1":5,
     "p2":6,
     "p3":12},
    {"p1":0,
     "p2":64,
     "p3":65},
    {"p1":75,
     "p2":76,
     "p3":102},
    {"p1":76,
     "p2":77,
     "p3":101},
    {"p1":76,
     "p2":101,
     "p3":102},
    {"p1":78,
     "p2":79,
     "p3":87},
    {"p1":78,
     "p2":87,
     "p3":88},
    {"p1":78,
     "p2":88,
     "p3":100},
    {"p1":77,
     "p2":78,
     "p3":100},
    {"p1":22,
     "p2":23,
     "p3":24},
    {"p1":21,
     "p2":22,
     "p3":24},
    {"p1":17,
     "p2":43,
     "p3":44},
    {"p1":17,
     "p2":44,
     "p3":45},
    {"p1":12,
     "p2":13,
     "p3":14},
    {"p1":14,
     "p2":15,
     "p3":51},
    {"p1":59,
     "p2":60,
     "p3":61},
    {"p1":59,
     "p2":61,
     "p3":62},
    {"p1":0,
     "p2":1,
     "p3":64},
    {"p1":1,
     "p2":63,
     "p3":64},
    {"p1":1,
     "p2":52,
     "p3":63},
    {"p1":1,
     "p2":2,
     "p3":52},
    {"p1":17,
     "p2":48,
     "p3":49},
    {"p1":16,
     "p2":17,
     "p3":49},
    {"p1":15,
     "p2":16,
     "p3":50},
    {"p1":16,
     "p2":49,
     "p3":50},
    {"p1":15,
     "p2":50,
     "p3":51}]
}