{"points":[
    {"x":0.14634,
     "y":0.34146},
    {"x":0.18049,
     "y":0.33171},
    {"x":0.21463,
     "y":0.33171},
    {"x":0.24878,
     "y":0.33171},
    {"x":0.28293,
     "y":0.32683},
    {"x":0.31707,
     "y":0.32683},
    {"x":0.35122,
     "y":0.32683},
    {"x":0.38049,
     "y":0.30244},
    {"x":0.39512,
     "y":0.26829},
    {"x":0.4,
     "y":0.23415},
    {"x":0.40976,
     "y":0.2},
    {"x":0.43902,
     "y":0.20976},
    {"x":0.43902,
     "y":0.2439},
    {"x":0.45854,
     "y":0.27805},
    {"x":0.47805,
     "y":0.3122},
    {"x":0.49756,
     "y":0.34146},
    {"x":0.53171,
     "y":0.35122},
    {"x":0.5561,
     "y":0.37073},
    {"x":0.5561,
     "y":0.40488},
    {"x":0.55122,
     "y":0.43902},
    {"x":0.57561,
     "y":0.43415},
    {"x":0.60488,
     "y":0.4},
    {"x":0.61463,
     "y":0.36585},
    {"x":0.62927,
     "y":0.33171},
    {"x":0.63415,
     "y":0.29756},
    {"x":0.65366,
     "y":0.26341},
    {"x":0.67805,
     "y":0.2439},
    {"x":0.69756,
     "y":0.26829},
    {"x":0.71707,
     "y":0.30244},
    {"x":0.74146,
     "y":0.32683},
    {"x":0.74634,
     "y":0.36098},
    {"x":0.77073,
     "y":0.38049},
    {"x":0.80488,
     "y":0.37073},
    {"x":0.83902,
     "y":0.36098},
    {"x":0.86829,
     "y":0.34146},
    {"x":0.90244,
     "y":0.33659},
    {"x":0.93659,
     "y":0.3122},
    {"x":0.96098,
     "y":0.2878},
    {"x":0.96098,
     "y":0.25366},
    {"x":0.96585,
     "y":0.21951},
    {"x":0.99512,
     "y":0.18537},
    {"x":1,
     "y":0.1561},
    {"x":1,
     "y":0.12195},
    {"x":1,
     "y":0.087805},
    {"x":0.98537,
     "y":0.053659},
    {"x":0.96098,
     "y":0.02439},
    {"x":0.92683,
     "y":0.0097561},
    {"x":0.89268,
     "y":0},
    {"x":0.85854,
     "y":0.0097561},
    {"x":0.83902,
     "y":0.043902},
    {"x":0.80976,
     "y":0.053659},
    {"x":0.77561,
     "y":0.068293},
    {"x":0.7561,
     "y":0.10244},
    {"x":0.73171,
     "y":0.12683},
    {"x":0.69756,
     "y":0.12683},
    {"x":0.66341,
     "y":0.12683},
    {"x":0.6439,
     "y":0.1561},
    {"x":0.63902,
     "y":0.19024},
    {"x":0.61951,
     "y":0.21951},
    {"x":0.58537,
     "y":0.21951},
    {"x":0.56098,
     "y":0.2},
    {"x":0.57561,
     "y":0.16585},
    {"x":0.59512,
     "y":0.13171},
    {"x":0.59512,
     "y":0.097561},
    {"x":0.58049,
     "y":0.063415},
    {"x":0.54634,
     "y":0.039024},
    {"x":0.5122,
     "y":0.039024},
    {"x":0.47805,
     "y":0.039024},
    {"x":0.45854,
     "y":0.068293},
    {"x":0.45366,
     "y":0.10244},
    {"x":0.44878,
     "y":0.13659},
    {"x":0.41951,
     "y":0.1561},
    {"x":0.38537,
     "y":0.17073},
    {"x":0.37561,
     "y":0.14146},
    {"x":0.37561,
     "y":0.10732},
    {"x":0.38049,
     "y":0.073171},
    {"x":0.35122,
     "y":0.053659},
    {"x":0.31707,
     "y":0.04878},
    {"x":0.28293,
     "y":0.04878},
    {"x":0.26829,
     "y":0.078049},
    {"x":0.29756,
     "y":0.10732},
    {"x":0.29756,
     "y":0.14146},
    {"x":0.29756,
     "y":0.17561},
    {"x":0.27317,
     "y":0.20488},
    {"x":0.23902,
     "y":0.20488},
    {"x":0.20488,
     "y":0.19512},
    {"x":0.17073,
     "y":0.17561},
    {"x":0.1561,
     "y":0.14146},
    {"x":0.14634,
     "y":0.10732},
    {"x":0.13659,
     "y":0.073171},
    {"x":0.10244,
     "y":0.058537},
    {"x":0.10244,
     "y":0.092683},
    {"x":0.10244,
     "y":0.12683},
    {"x":0.10244,
     "y":0.16098},
    {"x":0.10244,
     "y":0.19512},
    {"x":0.087805,
     "y":0.22927},
    {"x":0.068293,
     "y":0.26341},
    {"x":0.058537,
     "y":0.29756},
    {"x":0.04878,
     "y":0.33171},
    {"x":0.029268,
     "y":0.31707},
    {"x":0.004878,
     "y":0.30732},
    {"x":0,
     "y":0.34146},
    {"x":0.019512,
     "y":0.37561},
    {"x":0.04878,
     "y":0.40488},
    {"x":0.082927,
     "y":0.40488},
    {"x":0.1122,
     "y":0.37073},
    {"x":0.14634,
     "y":0.34146},
    {"x":0.14634,
     "y":0.34146}],
 "triangles":[
    {"p1":44,
     "p2":45,
     "p3":46},
    {"p1":42,
     "p2":43,
     "p3":44},
    {"p1":98,
     "p2":103,
     "p3":104},
    {"p1":98,
     "p2":102,
     "p3":103},
    {"p1":98,
     "p2":101,
     "p3":102},
    {"p1":39,
     "p2":41,
     "p3":42},
    {"p1":99,
     "p2":100,
     "p3":101},
    {"p1":98,
     "p2":99,
     "p3":101},
    {"p1":87,
     "p2":92,
     "p3":93},
    {"p1":87,
     "p2":88,
     "p3":92},
    {"p1":89,
     "p2":90,
     "p3":91},
    {"p1":88,
     "p2":91,
     "p3":92},
    {"p1":88,
     "p2":89,
     "p3":91},
    {"p1":27,
     "p2":28,
     "p3":53},
    {"p1":39,
     "p2":42,
     "p3":49},
    {"p1":42,
     "p2":44,
     "p3":49},
    {"p1":44,
     "p2":46,
     "p3":49},
    {"p1":46,
     "p2":47,
     "p3":49},
    {"p1":47,
     "p2":48,
     "p3":49},
    {"p1":39,
     "p2":40,
     "p3":41},
    {"p1":5,
     "p2":6,
     "p3":7},
    {"p1":5,
     "p2":7,
     "p3":8},
    {"p1":5,
     "p2":8,
     "p3":83},
    {"p1":4,
     "p2":5,
     "p3":83},
    {"p1":3,
     "p2":4,
     "p3":83},
    {"p1":76,
     "p2":77,
     "p3":80},
    {"p1":29,
     "p2":33,
     "p3":34},
    {"p1":28,
     "p2":29,
     "p3":34},
    {"p1":28,
     "p2":34,
     "p3":53},
    {"p1":34,
     "p2":39,
     "p3":53},
    {"p1":34,
     "p2":35,
     "p3":36},
    {"p1":29,
     "p2":32,
     "p3":33},
    {"p1":29,
     "p2":30,
     "p3":32},
    {"p1":30,
     "p2":31,
     "p3":32},
    {"p1":98,
     "p2":104,
     "p3":105},
    {"p1":0,
     "p2":96,
     "p3":97},
    {"p1":97,
     "p2":98,
     "p3":105},
    {"p1":0,
     "p2":97,
     "p3":105},
    {"p1":0,
     "p2":95,
     "p3":96},
    {"p1":85,
     "p2":86,
     "p3":95},
    {"p1":86,
     "p2":94,
     "p3":95},
    {"p1":86,
     "p2":93,
     "p3":94},
    {"p1":86,
     "p2":87,
     "p3":93},
    {"p1":54,
     "p2":55,
     "p3":56},
    {"p1":54,
     "p2":56,
     "p3":57},
    {"p1":39,
     "p2":49,
     "p3":50},
    {"p1":36,
     "p2":37,
     "p3":38},
    {"p1":34,
     "p2":36,
     "p3":38},
    {"p1":34,
     "p2":38,
     "p3":39},
    {"p1":13,
     "p2":14,
     "p3":60},
    {"p1":14,
     "p2":59,
     "p3":60},
    {"p1":11,
     "p2":60,
     "p3":70},
    {"p1":11,
     "p2":70,
     "p3":71},
    {"p1":10,
     "p2":11,
     "p3":71},
    {"p1":8,
     "p2":9,
     "p3":83},
    {"p1":64,
     "p2":65,
     "p3":66},
    {"p1":74,
     "p2":76,
     "p3":80},
    {"p1":74,
     "p2":75,
     "p3":76},
    {"p1":24,
     "p2":58,
     "p3":59},
    {"p1":24,
     "p2":25,
     "p3":58},
    {"p1":60,
     "p2":61,
     "p3":70},
    {"p1":61,
     "p2":69,
     "p3":70},
    {"p1":1,
     "p2":2,
     "p3":85},
    {"p1":1,
     "p2":85,
     "p3":95},
    {"p1":0,
     "p2":1,
     "p3":95},
    {"p1":3,
     "p2":83,
     "p3":84},
    {"p1":2,
     "p2":3,
     "p3":84},
    {"p1":2,
     "p2":84,
     "p3":85},
    {"p1":50,
     "p2":51,
     "p3":52},
    {"p1":39,
     "p2":52,
     "p3":53},
    {"p1":39,
     "p2":50,
     "p3":52},
    {"p1":26,
     "p2":54,
     "p3":57},
    {"p1":26,
     "p2":27,
     "p3":53},
    {"p1":26,
     "p2":53,
     "p3":54},
    {"p1":25,
     "p2":26,
     "p3":58},
    {"p1":26,
     "p2":57,
     "p3":58},
    {"p1":12,
     "p2":13,
     "p3":60},
    {"p1":11,
     "p2":12,
     "p3":60},
    {"p1":9,
     "p2":82,
     "p3":83},
    {"p1":73,
     "p2":81,
     "p3":82},
    {"p1":66,
     "p2":67,
     "p3":68},
    {"p1":66,
     "p2":68,
     "p3":69},
    {"p1":63,
     "p2":66,
     "p3":69},
    {"p1":63,
     "p2":64,
     "p3":66},
    {"p1":61,
     "p2":63,
     "p3":69},
    {"p1":61,
     "p2":62,
     "p3":63},
    {"p1":18,
     "p2":19,
     "p3":20},
    {"p1":18,
     "p2":20,
     "p3":21},
    {"p1":16,
     "p2":23,
     "p3":24},
    {"p1":16,
     "p2":24,
     "p3":59},
    {"p1":14,
     "p2":16,
     "p3":59},
    {"p1":14,
     "p2":15,
     "p3":16},
    {"p1":9,
     "p2":10,
     "p3":72},
    {"p1":9,
     "p2":72,
     "p3":82},
    {"p1":72,
     "p2":73,
     "p3":82},
    {"p1":10,
     "p2":71,
     "p3":72},
    {"p1":16,
     "p2":17,
     "p3":23},
    {"p1":17,
     "p2":18,
     "p3":21},
    {"p1":17,
     "p2":21,
     "p3":22},
    {"p1":17,
     "p2":22,
     "p3":23},
    {"p1":77,
     "p2":79,
     "p3":80},
    {"p1":77,
     "p2":78,
     "p3":79},
    {"p1":74,
     "p2":80,
     "p3":81},
    {"p1":73,
     "p2":74,
     "p3":81}]
}