{"points":[
    {"x":0.34146,
     "y":0.30244},
    {"x":0.37561,
     "y":0.29268},
    {"x":0.4,
     "y":0.26829},
    {"x":0.40488,
     "y":0.23415},
    {"x":0.43415,
     "y":0.21951},
    {"x":0.46829,
     "y":0.21951},
    {"x":0.49756,
     "y":0.23902},
    {"x":0.50244,
     "y":0.27317},
    {"x":0.5122,
     "y":0.30732},
    {"x":0.53171,
     "y":0.33659},
    {"x":0.5561,
     "y":0.3561},
    {"x":0.5561,
     "y":0.39024},
    {"x":0.5561,
     "y":0.42439},
    {"x":0.57561,
     "y":0.42927},
    {"x":0.6,
     "y":0.39512},
    {"x":0.61463,
     "y":0.36098},
    {"x":0.61463,
     "y":0.32683},
    {"x":0.63902,
     "y":0.3122},
    {"x":0.64878,
     "y":0.27805},
    {"x":0.64878,
     "y":0.2439},
    {"x":0.66829,
     "y":0.21463},
    {"x":0.70244,
     "y":0.21463},
    {"x":0.73171,
     "y":0.22927},
    {"x":0.73171,
     "y":0.26341},
    {"x":0.75122,
     "y":0.29268},
    {"x":0.78049,
     "y":0.30732},
    {"x":0.79024,
     "y":0.34146},
    {"x":0.79024,
     "y":0.37561},
    {"x":0.82439,
     "y":0.38537},
    {"x":0.85854,
     "y":0.38049},
    {"x":0.8878,
     "y":0.34634},
    {"x":0.92195,
     "y":0.33659},
    {"x":0.9561,
     "y":0.32683},
    {"x":0.98049,
     "y":0.29268},
    {"x":0.97561,
     "y":0.25854},
    {"x":0.96585,
     "y":0.22439},
    {"x":0.98049,
     "y":0.19024},
    {"x":0.99512,
     "y":0.1561},
    {"x":1,
     "y":0.12195},
    {"x":1,
     "y":0.087805},
    {"x":1,
     "y":0.053659},
    {"x":0.97561,
     "y":0.019512},
    {"x":0.94634,
     "y":0},
    {"x":0.9122,
     "y":0},
    {"x":0.87805,
     "y":0},
    {"x":0.8439,
     "y":0.0097561},
    {"x":0.81951,
     "y":0.043902},
    {"x":0.79024,
     "y":0.068293},
    {"x":0.7561,
     "y":0.068293},
    {"x":0.72195,
     "y":0.068293},
    {"x":0.6878,
     "y":0.073171},
    {"x":0.66341,
     "y":0.10244},
    {"x":0.6439,
     "y":0.13659},
    {"x":0.63902,
     "y":0.17073},
    {"x":0.60976,
     "y":0.19024},
    {"x":0.59512,
     "y":0.1561},
    {"x":0.60976,
     "y":0.12195},
    {"x":0.61463,
     "y":0.087805},
    {"x":0.60488,
     "y":0.053659},
    {"x":0.57073,
     "y":0.029268},
    {"x":0.53659,
     "y":0.019512},
    {"x":0.50244,
     "y":0.019512},
    {"x":0.46829,
     "y":0.019512},
    {"x":0.44878,
     "y":0.04878},
    {"x":0.4439,
     "y":0.082927},
    {"x":0.4439,
     "y":0.11707},
    {"x":0.42927,
     "y":0.15122},
    {"x":0.39512,
     "y":0.15122},
    {"x":0.36098,
     "y":0.1561},
    {"x":0.3561,
     "y":0.12195},
    {"x":0.3561,
     "y":0.087805},
    {"x":0.34634,
     "y":0.058537},
    {"x":0.3122,
     "y":0.043902},
    {"x":0.29268,
     "y":0.078049},
    {"x":0.29268,
     "y":0.1122},
    {"x":0.29756,
     "y":0.14634},
    {"x":0.2878,
     "y":0.17561},
    {"x":0.25366,
     "y":0.18537},
    {"x":0.21951,
     "y":0.18537},
    {"x":0.18537,
     "y":0.18537},
    {"x":0.16098,
     "y":0.1561},
    {"x":0.1561,
     "y":0.12195},
    {"x":0.1561,
     "y":0.087805},
    {"x":0.13171,
     "y":0.058537},
    {"x":0.1122,
     "y":0.082927},
    {"x":0.10244,
     "y":0.11707},
    {"x":0.10732,
     "y":0.15122},
    {"x":0.10732,
     "y":0.18537},
    {"x":0.10732,
     "y":0.21951},
    {"x":0.092683,
     "y":0.25366},
    {"x":0.087805,
     "y":0.2878},
    {"x":0.068293,
     "y":0.31707},
    {"x":0.034146,
     "y":0.29756},
    {"x":0.0097561,
     "y":0.29756},
    {"x":0,
     "y":0.33171},
    {"x":0.029268,
     "y":0.3561},
    {"x":0.053659,
     "y":0.38537},
    {"x":0.082927,
     "y":0.38049},
    {"x":0.1122,
     "y":0.34634},
    {"x":0.14146,
     "y":0.31707},
    {"x":0.17561,
     "y":0.3122},
    {"x":0.20976,
     "y":0.30732},
    {"x":0.2439,
     "y":0.30244},
    {"x":0.27805,
     "y":0.29756},
    {"x":0.3122,
     "y":0.29756},
    {"x":0.34146,
     "y":0.30244}],
 "triangles":[
    {"p1":39,
     "p2":40,
     "p3":41},
    {"p1":25,
     "p2":30,
     "p3":35},
    {"p1":32,
     "p2":33,
     "p3":34},
    {"p1":0,
     "p2":3,
     "p3":104},
    {"p1":0,
     "p2":1,
     "p3":3},
    {"p1":88,
     "p2":89,
     "p3":100},
    {"p1":36,
     "p2":37,
     "p3":46},
    {"p1":37,
     "p2":38,
     "p3":46},
    {"p1":44,
     "p2":45,
     "p3":46},
    {"p1":38,
     "p2":39,
     "p3":46},
    {"p1":30,
     "p2":31,
     "p3":35},
    {"p1":31,
     "p2":34,
     "p3":35},
    {"p1":31,
     "p2":32,
     "p3":34},
    {"p1":21,
     "p2":49,
     "p3":51},
    {"p1":11,
     "p2":13,
     "p3":14},
    {"p1":11,
     "p2":12,
     "p3":13},
    {"p1":79,
     "p2":87,
     "p3":88},
    {"p1":79,
     "p2":88,
     "p3":100},
    {"p1":79,
     "p2":100,
     "p3":101},
    {"p1":95,
     "p2":96,
     "p3":97},
    {"p1":91,
     "p2":95,
     "p3":97},
    {"p1":89,
     "p2":99,
     "p3":100},
    {"p1":91,
     "p2":92,
     "p3":95},
    {"p1":92,
     "p2":93,
     "p3":94},
    {"p1":92,
     "p2":94,
     "p3":95},
    {"p1":41,
     "p2":42,
     "p3":43},
    {"p1":39,
     "p2":41,
     "p3":43},
    {"p1":39,
     "p2":43,
     "p3":46},
    {"p1":43,
     "p2":44,
     "p3":46},
    {"p1":57,
     "p2":58,
     "p3":59},
    {"p1":35,
     "p2":36,
     "p3":47},
    {"p1":36,
     "p2":46,
     "p3":47},
    {"p1":3,
     "p2":4,
     "p3":67},
    {"p1":82,
     "p2":83,
     "p3":84},
    {"p1":70,
     "p2":71,
     "p3":73},
    {"p1":71,
     "p2":72,
     "p3":73},
    {"p1":76,
     "p2":103,
     "p3":104},
    {"p1":3,
     "p2":76,
     "p3":104},
    {"p1":89,
     "p2":90,
     "p3":99},
    {"p1":91,
     "p2":97,
     "p3":98},
    {"p1":90,
     "p2":91,
     "p3":98},
    {"p1":90,
     "p2":98,
     "p3":99},
    {"p1":49,
     "p2":50,
     "p3":51},
    {"p1":22,
     "p2":35,
     "p3":47},
    {"p1":22,
     "p2":25,
     "p3":35},
    {"p1":22,
     "p2":24,
     "p3":25},
    {"p1":22,
     "p2":23,
     "p3":24},
    {"p1":26,
     "p2":27,
     "p3":28},
    {"p1":25,
     "p2":26,
     "p3":30},
    {"p1":26,
     "p2":29,
     "p3":30},
    {"p1":26,
     "p2":28,
     "p3":29},
    {"p1":21,
     "p2":51,
     "p3":52},
    {"p1":10,
     "p2":14,
     "p3":15},
    {"p1":10,
     "p2":11,
     "p3":14},
    {"p1":1,
     "p2":2,
     "p3":3},
    {"p1":81,
     "p2":85,
     "p3":86},
    {"p1":81,
     "p2":84,
     "p3":85},
    {"p1":81,
     "p2":82,
     "p3":84},
    {"p1":77,
     "p2":102,
     "p3":103},
    {"p1":76,
     "p2":77,
     "p3":103},
    {"p1":3,
     "p2":67,
     "p3":68},
    {"p1":3,
     "p2":68,
     "p3":76},
    {"p1":56,
     "p2":57,
     "p3":59},
    {"p1":56,
     "p2":59,
     "p3":60},
    {"p1":6,
     "p2":54,
     "p3":55},
    {"p1":5,
     "p2":6,
     "p3":55},
    {"p1":5,
     "p2":55,
     "p3":65},
    {"p1":56,
     "p2":60,
     "p3":65},
    {"p1":55,
     "p2":56,
     "p3":65},
    {"p1":22,
     "p2":47,
     "p3":48},
    {"p1":21,
     "p2":48,
     "p3":49},
    {"p1":21,
     "p2":22,
     "p3":48},
    {"p1":21,
     "p2":52,
     "p3":53},
    {"p1":7,
     "p2":18,
     "p3":19},
    {"p1":6,
     "p2":7,
     "p3":54},
    {"p1":7,
     "p2":19,
     "p3":54},
    {"p1":80,
     "p2":81,
     "p3":86},
    {"p1":79,
     "p2":80,
     "p3":87},
    {"p1":80,
     "p2":86,
     "p3":87},
    {"p1":77,
     "p2":78,
     "p3":102},
    {"p1":78,
     "p2":101,
     "p3":102},
    {"p1":78,
     "p2":79,
     "p3":101},
    {"p1":60,
     "p2":61,
     "p3":64},
    {"p1":60,
     "p2":64,
     "p3":65},
    {"p1":4,
     "p2":5,
     "p3":66},
    {"p1":5,
     "p2":65,
     "p3":66},
    {"p1":4,
     "p2":66,
     "p3":67},
    {"p1":20,
     "p2":53,
     "p3":54},
    {"p1":19,
     "p2":20,
     "p3":54},
    {"p1":20,
     "p2":21,
     "p3":53},
    {"p1":7,
     "p2":16,
     "p3":18},
    {"p1":16,
     "p2":17,
     "p3":18},
    {"p1":9,
     "p2":10,
     "p3":16},
    {"p1":10,
     "p2":15,
     "p3":16},
    {"p1":70,
     "p2":73,
     "p3":74},
    {"p1":69,
     "p2":70,
     "p3":74},
    {"p1":61,
     "p2":62,
     "p3":63},
    {"p1":61,
     "p2":63,
     "p3":64},
    {"p1":8,
     "p2":9,
     "p3":16},
    {"p1":7,
     "p2":8,
     "p3":16},
    {"p1":68,
     "p2":69,
     "p3":75},
    {"p1":69,
     "p2":74,
     "p3":75},
    {"p1":68,
     "p2":75,
     "p3":76}]
}