{"points":[
    {"x":0.11186,
     "y":0.50783},
    {"x":0.12304,
     "y":0.54139},
    {"x":0.10515,
     "y":0.57942},
    {"x":0.10067,
     "y":0.61298},
    {"x":0.10738,
     "y":0.64877},
    {"x":0.11857,
     "y":0.68233},
    {"x":0.13199,
     "y":0.71588},
    {"x":0.13199,
     "y":0.75615},
    {"x":0.13647,
     "y":0.79418},
    {"x":0.13423,
     "y":0.83445},
    {"x":0.10067,
     "y":0.85906},
    {"x":0.064877,
     "y":0.87696},
    {"x":0.042506,
     "y":0.91051},
    {"x":0.069351,
     "y":0.93512},
    {"x":0.10515,
     "y":0.9396},
    {"x":0.1387,
     "y":0.96197},
    {"x":0.13423,
     "y":0.99776},
    {"x":0.16779,
     "y":1},
    {"x":0.18792,
     "y":1},
    {"x":0.21029,
     "y":0.99329},
    {"x":0.24832,
     "y":0.97315},
    {"x":0.28188,
     "y":0.94855},
    {"x":0.26622,
     "y":0.91275},
    {"x":0.29978,
     "y":0.89262},
    {"x":0.30872,
     "y":0.85459},
    {"x":0.33781,
     "y":0.82998},
    {"x":0.37584,
     "y":0.80313},
    {"x":0.41163,
     "y":0.77405},
    {"x":0.44519,
     "y":0.74273},
    {"x":0.48098,
     "y":0.70917},
    {"x":0.51678,
     "y":0.68009},
    {"x":0.54362,
     "y":0.65101},
    {"x":0.57718,
     "y":0.61969},
    {"x":0.61298,
     "y":0.59955},
    {"x":0.64877,
     "y":0.57494},
    {"x":0.6868,
     "y":0.55705},
    {"x":0.72036,
     "y":0.53915},
    {"x":0.75391,
     "y":0.5123},
    {"x":0.78971,
     "y":0.48322},
    {"x":0.81208,
     "y":0.44519},
    {"x":0.81879,
     "y":0.40492},
    {"x":0.80537,
     "y":0.3736},
    {"x":0.78523,
     "y":0.34004},
    {"x":0.75839,
     "y":0.30872},
    {"x":0.73154,
     "y":0.27517},
    {"x":0.7047,
     "y":0.24385},
    {"x":0.68233,
     "y":0.21029},
    {"x":0.65996,
     "y":0.17226},
    {"x":0.64206,
     "y":0.13647},
    {"x":0.61074,
     "y":0.10515},
    {"x":0.58389,
     "y":0.076063},
    {"x":0.55257,
     "y":0.049217},
    {"x":0.53468,
     "y":0.013423},
    {"x":0.50112,
     "y":0},
    {"x":0.46532,
     "y":0.024609},
    {"x":0.48993,
     "y":0.044743},
    {"x":0.52125,
     "y":0.071588},
    {"x":0.54586,
     "y":0.10962},
    {"x":0.56376,
     "y":0.14541},
    {"x":0.57271,
     "y":0.17897},
    {"x":0.56823,
     "y":0.21924},
    {"x":0.55481,
     "y":0.18345},
    {"x":0.52573,
     "y":0.1566},
    {"x":0.49441,
     "y":0.14094},
    {"x":0.46085,
     "y":0.12081},
    {"x":0.42729,
     "y":0.098434},
    {"x":0.39374,
     "y":0.080537},
    {"x":0.35347,
     "y":0.080537},
    {"x":0.3311,
     "y":0.10515},
    {"x":0.36689,
     "y":0.11633},
    {"x":0.40268,
     "y":0.12975},
    {"x":0.43848,
     "y":0.15436},
    {"x":0.46756,
     "y":0.18121},
    {"x":0.48546,
     "y":0.21477},
    {"x":0.47875,
     "y":0.24161},
    {"x":0.46309,
     "y":0.27069},
    {"x":0.43624,
     "y":0.27293},
    {"x":0.43848,
     "y":0.31096},
    {"x":0.42058,
     "y":0.34228},
    {"x":0.38479,
     "y":0.35794},
    {"x":0.35123,
     "y":0.38702},
    {"x":0.32438,
     "y":0.42058},
    {"x":0.29083,
     "y":0.4519},
    {"x":0.2528,
     "y":0.48098},
    {"x":0.21477,
     "y":0.48546},
    {"x":0.18568,
     "y":0.44966},
    {"x":0.16107,
     "y":0.41834},
    {"x":0.14094,
     "y":0.38702},
    {"x":0.12304,
     "y":0.35123},
    {"x":0.096197,
     "y":0.3311},
    {"x":0.058166,
     "y":0.34676},
    {"x":0.073826,
     "y":0.37584},
    {"x":0.10738,
     "y":0.40045},
    {"x":0.12752,
     "y":0.434},
    {"x":0.12975,
     "y":0.46756},
    {"x":0.10067,
     "y":0.43848},
    {"x":0.069351,
     "y":0.4094},
    {"x":0.033557,
     "y":0.3915},
    {"x":0,
     "y":0.41611},
    {"x":0.026846,
     "y":0.43848},
    {"x":0.058166,
     "y":0.4519},
    {"x":0.089485,
     "y":0.47875},
    {"x":0.11186,
     "y":0.50783}],
 "triangles":[
    {"p1":0,
     "p2":94,
     "p3":101},
    {"p1":29,
     "p2":30,
     "p3":82},
    {"p1":15,
     "p2":17,
     "p3":18},
    {"p1":15,
     "p2":18,
     "p3":19},
    {"p1":15,
     "p2":16,
     "p3":17},
    {"p1":0,
     "p2":84,
     "p3":94},
    {"p1":39,
     "p2":40,
     "p3":41},
    {"p1":38,
     "p2":39,
     "p3":41},
    {"p1":37,
     "p2":38,
     "p3":41},
    {"p1":37,
     "p2":41,
     "p3":42},
    {"p1":11,
     "p2":12,
     "p3":13},
    {"p1":2,
     "p2":3,
     "p3":4},
    {"p1":6,
     "p2":7,
     "p3":25},
    {"p1":11,
     "p2":13,
     "p3":14},
    {"p1":10,
     "p2":11,
     "p3":14},
    {"p1":9,
     "p2":14,
     "p3":15},
    {"p1":9,
     "p2":10,
     "p3":14},
    {"p1":0,
     "p2":1,
     "p3":84},
    {"p1":1,
     "p2":2,
     "p3":4},
    {"p1":1,
     "p2":4,
     "p3":84},
    {"p1":37,
     "p2":42,
     "p3":43},
    {"p1":36,
     "p2":37,
     "p3":43},
    {"p1":45,
     "p2":46,
     "p3":60},
    {"p1":44,
     "p2":45,
     "p3":60},
    {"p1":46,
     "p2":47,
     "p3":60},
    {"p1":47,
     "p2":59,
     "p3":60},
    {"p1":67,
     "p2":68,
     "p3":69},
    {"p1":66,
     "p2":67,
     "p3":69},
    {"p1":97,
     "p2":98,
     "p3":99},
    {"p1":84,
     "p2":85,
     "p3":94},
    {"p1":85,
     "p2":93,
     "p3":94},
    {"p1":85,
     "p2":86,
     "p3":93},
    {"p1":33,
     "p2":34,
     "p3":78},
    {"p1":35,
     "p2":36,
     "p3":43},
    {"p1":35,
     "p2":43,
     "p3":44},
    {"p1":35,
     "p2":44,
     "p3":60},
    {"p1":4,
     "p2":5,
     "p3":84},
    {"p1":6,
     "p2":26,
     "p3":27},
    {"p1":6,
     "p2":25,
     "p3":26},
    {"p1":20,
     "p2":21,
     "p3":22},
    {"p1":9,
     "p2":15,
     "p3":22},
    {"p1":19,
     "p2":20,
     "p3":22},
    {"p1":15,
     "p2":19,
     "p3":22},
    {"p1":7,
     "p2":24,
     "p3":25},
    {"p1":9,
     "p2":22,
     "p3":24},
    {"p1":47,
     "p2":48,
     "p3":59},
    {"p1":48,
     "p2":49,
     "p3":58},
    {"p1":48,
     "p2":58,
     "p3":59},
    {"p1":66,
     "p2":69,
     "p3":70},
    {"p1":78,
     "p2":79,
     "p3":80},
    {"p1":96,
     "p2":99,
     "p3":100},
    {"p1":96,
     "p2":97,
     "p3":99},
    {"p1":86,
     "p2":87,
     "p3":93},
    {"p1":32,
     "p2":80,
     "p3":81},
    {"p1":32,
     "p2":78,
     "p3":80},
    {"p1":32,
     "p2":33,
     "p3":78},
    {"p1":5,
     "p2":83,
     "p3":84},
    {"p1":5,
     "p2":6,
     "p3":83},
    {"p1":6,
     "p2":27,
     "p3":83},
    {"p1":27,
     "p2":28,
     "p3":83},
    {"p1":29,
     "p2":82,
     "p3":83},
    {"p1":28,
     "p2":29,
     "p3":83},
    {"p1":7,
     "p2":8,
     "p3":24},
    {"p1":8,
     "p2":9,
     "p3":24},
    {"p1":22,
     "p2":23,
     "p3":24},
    {"p1":50,
     "p2":51,
     "p3":57},
    {"p1":49,
     "p2":50,
     "p3":57},
    {"p1":49,
     "p2":57,
     "p3":58},
    {"p1":60,
     "p2":61,
     "p3":73},
    {"p1":62,
     "p2":72,
     "p3":73},
    {"p1":61,
     "p2":62,
     "p3":73},
    {"p1":64,
     "p2":65,
     "p3":71},
    {"p1":65,
     "p2":70,
     "p3":71},
    {"p1":65,
     "p2":66,
     "p3":70},
    {"p1":60,
     "p2":75,
     "p3":77},
    {"p1":35,
     "p2":60,
     "p3":77},
    {"p1":34,
     "p2":77,
     "p3":78},
    {"p1":34,
     "p2":35,
     "p3":77},
    {"p1":75,
     "p2":76,
     "p3":77},
    {"p1":95,
     "p2":96,
     "p3":100},
    {"p1":95,
     "p2":100,
     "p3":101},
    {"p1":94,
     "p2":95,
     "p3":101},
    {"p1":89,
     "p2":90,
     "p3":91},
    {"p1":31,
     "p2":32,
     "p3":81},
    {"p1":30,
     "p2":31,
     "p3":82},
    {"p1":31,
     "p2":81,
     "p3":82},
    {"p1":62,
     "p2":63,
     "p3":72},
    {"p1":63,
     "p2":71,
     "p3":72},
    {"p1":63,
     "p2":64,
     "p3":71},
    {"p1":51,
     "p2":56,
     "p3":57},
    {"p1":51,
     "p2":52,
     "p3":56},
    {"p1":60,
     "p2":74,
     "p3":75},
    {"p1":60,
     "p2":73,
     "p3":74},
    {"p1":87,
     "p2":92,
     "p3":93},
    {"p1":53,
     "p2":54,
     "p3":55},
    {"p1":52,
     "p2":53,
     "p3":55},
    {"p1":52,
     "p2":55,
     "p3":56},
    {"p1":88,
     "p2":89,
     "p3":91},
    {"p1":88,
     "p2":91,
     "p3":92},
    {"p1":87,
     "p2":88,
     "p3":92}]
}