{"points":[
    {"x":0.1612,
     "y":0.28816},
    {"x":0.12553,
     "y":0.31098},
    {"x":0.089872,
     "y":0.32382},
    {"x":0.058488,
     "y":0.34665},
    {"x":0.024251,
     "y":0.35235},
    {"x":0,
     "y":0.37946},
    {"x":0.018545,
     "y":0.41512},
    {"x":0.028531,
     "y":0.45221},
    {"x":0.028531,
     "y":0.48787},
    {"x":0.038516,
     "y":0.52354},
    {"x":0.044223,
     "y":0.55635},
    {"x":0.0699,
     "y":0.56205},
    {"x":0.10128,
     "y":0.57347},
    {"x":0.13409,
     "y":0.56348},
    {"x":0.15692,
     "y":0.54494},
    {"x":0.19401,
     "y":0.55635},
    {"x":0.2311,
     "y":0.55635},
    {"x":0.26819,
     "y":0.55064},
    {"x":0.30528,
     "y":0.54208},
    {"x":0.34237,
     "y":0.53638},
    {"x":0.37946,
     "y":0.53638},
    {"x":0.41655,
     "y":0.5321},
    {"x":0.45364,
     "y":0.52782},
    {"x":0.49073,
     "y":0.51926},
    {"x":0.52782,
     "y":0.51213},
    {"x":0.56491,
     "y":0.50785},
    {"x":0.602,
     "y":0.50785},
    {"x":0.63909,
     "y":0.50927},
    {"x":0.67618,
     "y":0.50927},
    {"x":0.71327,
     "y":0.50642},
    {"x":0.74893,
     "y":0.50642},
    {"x":0.78602,
     "y":0.50785},
    {"x":0.82311,
     "y":0.50927},
    {"x":0.8602,
     "y":0.50642},
    {"x":0.89729,
     "y":0.50642},
    {"x":0.93438,
     "y":0.5107},
    {"x":0.96862,
     "y":0.49358},
    {"x":0.99144,
     "y":0.4622},
    {"x":1,
     "y":0.42511},
    {"x":1,
     "y":0.38802},
    {"x":0.99715,
     "y":0.35093},
    {"x":0.99287,
     "y":0.31384},
    {"x":0.98716,
     "y":0.27817},
    {"x":0.97432,
     "y":0.24394},
    {"x":0.96576,
     "y":0.20685},
    {"x":0.97432,
     "y":0.16976},
    {"x":0.97718,
     "y":0.13267},
    {"x":0.97575,
     "y":0.098431},
    {"x":0.97004,
     "y":0.062767},
    {"x":0.96291,
     "y":0.027104},
    {"x":0.94294,
     "y":0.019971},
    {"x":0.92725,
     "y":0.031384},
    {"x":0.90442,
     "y":0.0042796},
    {"x":0.86733,
     "y":0},
    {"x":0.84593,
     "y":0.014265},
    {"x":0.87304,
     "y":0.044223},
    {"x":0.89444,
     "y":0.078459},
    {"x":0.89872,
     "y":0.11555},
    {"x":0.88873,
     "y":0.15264},
    {"x":0.87447,
     "y":0.1184},
    {"x":0.86876,
     "y":0.081312},
    {"x":0.85449,
     "y":0.045649},
    {"x":0.82168,
     "y":0.028531},
    {"x":0.78459,
     "y":0.035663},
    {"x":0.80884,
     "y":0.065621},
    {"x":0.83595,
     "y":0.098431},
    {"x":0.83738,
     "y":0.13552},
    {"x":0.82454,
     "y":0.17261},
    {"x":0.80029,
     "y":0.20827},
    {"x":0.76748,
     "y":0.20542},
    {"x":0.73466,
     "y":0.18402},
    {"x":0.70185,
     "y":0.1669},
    {"x":0.66476,
     "y":0.15549},
    {"x":0.63623,
     "y":0.12553},
    {"x":0.6291,
     "y":0.15264},
    {"x":0.60485,
     "y":0.16405},
    {"x":0.56776,
     "y":0.1669},
    {"x":0.53067,
     "y":0.17689},
    {"x":0.49358,
     "y":0.18545},
    {"x":0.4893,
     "y":0.14836},
    {"x":0.48502,
     "y":0.11127},
    {"x":0.4893,
     "y":0.07418},
    {"x":0.47504,
     "y":0.044223},
    {"x":0.43795,
     "y":0.039943},
    {"x":0.42083,
     "y":0.055635},
    {"x":0.44508,
     "y":0.089872},
    {"x":0.44936,
     "y":0.12696},
    {"x":0.43509,
     "y":0.16405},
    {"x":0.41512,
     "y":0.13695},
    {"x":0.39943,
     "y":0.099857},
    {"x":0.39658,
     "y":0.062767},
    {"x":0.38659,
     "y":0.034237},
    {"x":0.35378,
     "y":0.022825},
    {"x":0.31954,
     "y":0.031384},
    {"x":0.3495,
     "y":0.065621},
    {"x":0.36091,
     "y":0.10271},
    {"x":0.35093,
     "y":0.1398},
    {"x":0.33096,
     "y":0.1612},
    {"x":0.29387,
     "y":0.18117},
    {"x":0.26391,
     "y":0.2097},
    {"x":0.2311,
     "y":0.23252},
    {"x":0.19686,
     "y":0.25678},
    {"x":0.16548,
     "y":0.28245},
    {"x":0.1612,
     "y":0.28816}],
 "triangles":[
    {"p1":24,
     "p2":25,
     "p3":78},
    {"p1":34,
     "p2":37,
     "p3":38},
    {"p1":34,
     "p2":36,
     "p3":37},
    {"p1":34,
     "p2":35,
     "p3":36},
    {"p1":87,
     "p2":97,
     "p3":98},
    {"p1":87,
     "p2":98,
     "p3":99},
    {"p1":34,
     "p2":38,
     "p3":39},
    {"p1":1,
     "p2":14,
     "p3":16},
    {"p1":46,
     "p2":47,
     "p3":57},
    {"p1":78,
     "p2":79,
     "p3":87},
    {"p1":80,
     "p2":81,
     "p3":85},
    {"p1":81,
     "p2":82,
     "p3":85},
    {"p1":92,
     "p2":93,
     "p3":94},
    {"p1":91,
     "p2":92,
     "p3":94},
    {"p1":89,
     "p2":95,
     "p3":96},
    {"p1":87,
     "p2":96,
     "p3":97},
    {"p1":3,
     "p2":6,
     "p3":7},
    {"p1":4,
     "p2":5,
     "p3":6},
    {"p1":3,
     "p2":4,
     "p3":6},
    {"p1":9,
     "p2":10,
     "p3":11},
    {"p1":7,
     "p2":8,
     "p3":14},
    {"p1":8,
     "p2":9,
     "p3":14},
    {"p1":43,
     "p2":44,
     "p3":68},
    {"p1":42,
     "p2":43,
     "p3":68},
    {"p1":41,
     "p2":42,
     "p3":68},
    {"p1":31,
     "p2":32,
     "p3":68},
    {"p1":30,
     "p2":31,
     "p3":68},
    {"p1":33,
     "p2":34,
     "p3":39},
    {"p1":32,
     "p2":33,
     "p3":68},
    {"p1":14,
     "p2":15,
     "p3":16},
    {"p1":0,
     "p2":1,
     "p3":16},
    {"p1":0,
     "p2":101,
     "p3":102},
    {"p1":62,
     "p2":63,
     "p3":64},
    {"p1":48,
     "p2":49,
     "p3":51},
    {"p1":49,
     "p2":50,
     "p3":51},
    {"p1":72,
     "p2":73,
     "p3":74},
    {"p1":72,
     "p2":74,
     "p3":75},
    {"p1":71,
     "p2":72,
     "p3":75},
    {"p1":27,
     "p2":70,
     "p3":75},
    {"p1":70,
     "p2":71,
     "p3":75},
    {"p1":26,
     "p2":27,
     "p3":75},
    {"p1":26,
     "p2":75,
     "p3":76},
    {"p1":25,
     "p2":77,
     "p3":78},
    {"p1":25,
     "p2":26,
     "p3":77},
    {"p1":26,
     "p2":76,
     "p3":77},
    {"p1":80,
     "p2":85,
     "p3":86},
    {"p1":79,
     "p2":80,
     "p3":86},
    {"p1":79,
     "p2":86,
     "p3":87},
    {"p1":1,
     "p2":2,
     "p3":14},
    {"p1":2,
     "p2":7,
     "p3":14},
    {"p1":2,
     "p2":3,
     "p3":7},
    {"p1":44,
     "p2":58,
     "p3":68},
    {"p1":58,
     "p2":59,
     "p3":66},
    {"p1":44,
     "p2":45,
     "p3":58},
    {"p1":45,
     "p2":46,
     "p3":58},
    {"p1":46,
     "p2":57,
     "p3":58},
    {"p1":28,
     "p2":29,
     "p3":69},
    {"p1":29,
     "p2":30,
     "p3":69},
    {"p1":30,
     "p2":68,
     "p3":69},
    {"p1":27,
     "p2":69,
     "p3":70},
    {"p1":27,
     "p2":28,
     "p3":69},
    {"p1":33,
     "p2":39,
     "p3":40},
    {"p1":40,
     "p2":41,
     "p3":68},
    {"p1":33,
     "p2":40,
     "p3":68},
    {"p1":21,
     "p2":78,
     "p3":87},
    {"p1":21,
     "p2":87,
     "p3":99},
    {"p1":20,
     "p2":21,
     "p3":99},
    {"p1":11,
     "p2":12,
     "p3":13},
    {"p1":9,
     "p2":13,
     "p3":14},
    {"p1":9,
     "p2":11,
     "p3":13},
    {"p1":0,
     "p2":18,
     "p3":101},
    {"p1":59,
     "p2":65,
     "p3":66},
    {"p1":88,
     "p2":89,
     "p3":96},
    {"p1":87,
     "p2":88,
     "p3":96},
    {"p1":90,
     "p2":91,
     "p3":94},
    {"p1":89,
     "p2":90,
     "p3":95},
    {"p1":90,
     "p2":94,
     "p3":95},
    {"p1":82,
     "p2":83,
     "p3":85},
    {"p1":83,
     "p2":84,
     "p3":85},
    {"p1":58,
     "p2":66,
     "p3":67},
    {"p1":58,
     "p2":67,
     "p3":68},
    {"p1":21,
     "p2":22,
     "p3":78},
    {"p1":0,
     "p2":16,
     "p3":17},
    {"p1":0,
     "p2":17,
     "p3":18},
    {"p1":19,
     "p2":99,
     "p3":100},
    {"p1":19,
     "p2":20,
     "p3":99},
    {"p1":19,
     "p2":100,
     "p3":101},
    {"p1":18,
     "p2":19,
     "p3":101},
    {"p1":61,
     "p2":62,
     "p3":64},
    {"p1":61,
     "p2":64,
     "p3":65},
    {"p1":23,
     "p2":24,
     "p3":78},
    {"p1":22,
     "p2":23,
     "p3":78},
    {"p1":59,
     "p2":60,
     "p3":65},
    {"p1":60,
     "p2":61,
     "p3":65},
    {"p1":51,
     "p2":52,
     "p3":55},
    {"p1":52,
     "p2":53,
     "p3":55},
    {"p1":53,
     "p2":54,
     "p3":55},
    {"p1":51,
     "p2":55,
     "p3":56},
    {"p1":48,
     "p2":51,
     "p3":56},
    {"p1":47,
     "p2":48,
     "p3":56},
    {"p1":47,
     "p2":56,
     "p3":57}]
}