{"points":[
    {"x":0.16998,
     "y":0.50773},
    {"x":0.1457,
     "y":0.53422},
    {"x":0.13907,
     "y":0.56733},
    {"x":0.14128,
     "y":0.60265},
    {"x":0.13466,
     "y":0.63576},
    {"x":0.13687,
     "y":0.67108},
    {"x":0.13907,
     "y":0.70199},
    {"x":0.14349,
     "y":0.7351},
    {"x":0.14128,
     "y":0.766},
    {"x":0.12804,
     "y":0.80132},
    {"x":0.094923,
     "y":0.81898},
    {"x":0.059603,
     "y":0.83444},
    {"x":0.028698,
     "y":0.84768},
    {"x":0,
     "y":0.86976},
    {"x":0.011038,
     "y":0.89845},
    {"x":0.04415,
     "y":0.90728},
    {"x":0.07947,
     "y":0.91832},
    {"x":0.10817,
     "y":0.93157},
    {"x":0.11921,
     "y":0.95585},
    {"x":0.15232,
     "y":0.94481},
    {"x":0.15894,
     "y":0.97792},
    {"x":0.18102,
     "y":1},
    {"x":0.18102,
     "y":0.96689},
    {"x":0.20088,
     "y":0.93819},
    {"x":0.20971,
     "y":0.90508},
    {"x":0.23179,
     "y":0.87196},
    {"x":0.26269,
     "y":0.84989},
    {"x":0.29139,
     "y":0.83002},
    {"x":0.3223,
     "y":0.81015},
    {"x":0.35541,
     "y":0.79029},
    {"x":0.38852,
     "y":0.77042},
    {"x":0.41943,
     "y":0.74614},
    {"x":0.45033,
     "y":0.72185},
    {"x":0.47903,
     "y":0.69536},
    {"x":0.50773,
     "y":0.67108},
    {"x":0.53863,
     "y":0.64901},
    {"x":0.56512,
     "y":0.62914},
    {"x":0.59603,
     "y":0.60706},
    {"x":0.62693,
     "y":0.58499},
    {"x":0.66004,
     "y":0.56512},
    {"x":0.69316,
     "y":0.54525},
    {"x":0.72627,
     "y":0.52759},
    {"x":0.75938,
     "y":0.50993},
    {"x":0.7947,
     "y":0.48344},
    {"x":0.82781,
     "y":0.46137},
    {"x":0.8543,
     "y":0.43709},
    {"x":0.86093,
     "y":0.40177},
    {"x":0.85872,
     "y":0.36645},
    {"x":0.84547,
     "y":0.33775},
    {"x":0.82119,
     "y":0.30905},
    {"x":0.79691,
     "y":0.28256},
    {"x":0.77263,
     "y":0.25166},
    {"x":0.75276,
     "y":0.22075},
    {"x":0.72627,
     "y":0.19205},
    {"x":0.70419,
     "y":0.16556},
    {"x":0.67991,
     "y":0.13245},
    {"x":0.66004,
     "y":0.10596},
    {"x":0.64018,
     "y":0.077263},
    {"x":0.6181,
     "y":0.06181},
    {"x":0.60706,
     "y":0.03532},
    {"x":0.58499,
     "y":0.015453},
    {"x":0.5585,
     "y":0.004415},
    {"x":0.54305,
     "y":0},
    {"x":0.51435,
     "y":0.004415},
    {"x":0.49007,
     "y":0.030905},
    {"x":0.51214,
     "y":0.04415},
    {"x":0.54746,
     "y":0.055188},
    {"x":0.56512,
     "y":0.086093},
    {"x":0.57395,
     "y":0.11921},
    {"x":0.56733,
     "y":0.14128},
    {"x":0.54305,
     "y":0.13245},
    {"x":0.51435,
     "y":0.117},
    {"x":0.48786,
     "y":0.090508},
    {"x":0.45916,
     "y":0.090508},
    {"x":0.42826,
     "y":0.11479},
    {"x":0.45254,
     "y":0.13024},
    {"x":0.48344,
     "y":0.13687},
    {"x":0.51435,
     "y":0.15673},
    {"x":0.52539,
     "y":0.18102},
    {"x":0.50993,
     "y":0.19205},
    {"x":0.49448,
     "y":0.22296},
    {"x":0.48124,
     "y":0.24283},
    {"x":0.45254,
     "y":0.26049},
    {"x":0.41943,
     "y":0.27594},
    {"x":0.39514,
     "y":0.2936},
    {"x":0.36424,
     "y":0.32009},
    {"x":0.34658,
     "y":0.33996},
    {"x":0.32009,
     "y":0.37086},
    {"x":0.2936,
     "y":0.39735},
    {"x":0.27594,
     "y":0.42826},
    {"x":0.25166,
     "y":0.45916},
    {"x":0.22296,
     "y":0.47241},
    {"x":0.2053,
     "y":0.44371},
    {"x":0.18102,
     "y":0.41501},
    {"x":0.16998,
     "y":0.3819},
    {"x":0.15453,
     "y":0.36203},
    {"x":0.12804,
     "y":0.34879},
    {"x":0.09713,
     "y":0.3532},
    {"x":0.083885,
     "y":0.38411},
    {"x":0.117,
     "y":0.38852},
    {"x":0.14128,
     "y":0.41943},
    {"x":0.15232,
     "y":0.44812},
    {"x":0.16336,
     "y":0.48124},
    {"x":0.16998,
     "y":0.50773}],
 "triangles":[
    {"p1":44,
     "p2":45,
     "p3":46},
    {"p1":34,
     "p2":89,
     "p3":90},
    {"p1":12,
     "p2":13,
     "p3":14},
    {"p1":17,
     "p2":18,
     "p3":19},
    {"p1":3,
     "p2":31,
     "p3":90},
    {"p1":12,
     "p2":14,
     "p3":15},
    {"p1":11,
     "p2":12,
     "p3":15},
    {"p1":20,
     "p2":21,
     "p3":22},
    {"p1":19,
     "p2":20,
     "p3":22},
    {"p1":17,
     "p2":19,
     "p3":24},
    {"p1":3,
     "p2":4,
     "p3":5},
    {"p1":6,
     "p2":7,
     "p3":28},
    {"p1":33,
     "p2":34,
     "p3":90},
    {"p1":46,
     "p2":47,
     "p3":48},
    {"p1":44,
     "p2":46,
     "p3":48},
    {"p1":36,
     "p2":86,
     "p3":87},
    {"p1":95,
     "p2":96,
     "p3":99},
    {"p1":96,
     "p2":97,
     "p3":99},
    {"p1":97,
     "p2":98,
     "p3":99},
    {"p1":93,
     "p2":94,
     "p3":100},
    {"p1":94,
     "p2":95,
     "p3":99},
    {"p1":94,
     "p2":99,
     "p3":100},
    {"p1":11,
     "p2":15,
     "p3":16},
    {"p1":10,
     "p2":16,
     "p3":17},
    {"p1":10,
     "p2":11,
     "p3":16},
    {"p1":19,
     "p2":22,
     "p3":23},
    {"p1":19,
     "p2":23,
     "p3":24},
    {"p1":6,
     "p2":28,
     "p3":29},
    {"p1":5,
     "p2":6,
     "p3":29},
    {"p1":31,
     "p2":32,
     "p3":90},
    {"p1":32,
     "p2":33,
     "p3":90},
    {"p1":34,
     "p2":35,
     "p3":89},
    {"p1":35,
     "p2":87,
     "p3":89},
    {"p1":35,
     "p2":36,
     "p3":87},
    {"p1":39,
     "p2":40,
     "p3":81},
    {"p1":40,
     "p2":41,
     "p3":81},
    {"p1":36,
     "p2":37,
     "p3":86},
    {"p1":39,
     "p2":81,
     "p3":82},
    {"p1":38,
     "p2":39,
     "p3":82},
    {"p1":87,
     "p2":88,
     "p3":89},
    {"p1":3,
     "p2":90,
     "p3":91},
    {"p1":0,
     "p2":1,
     "p3":2},
    {"p1":0,
     "p2":2,
     "p3":3},
    {"p1":0,
     "p2":3,
     "p3":91},
    {"p1":93,
     "p2":100,
     "p3":101},
    {"p1":92,
     "p2":93,
     "p3":101},
    {"p1":7,
     "p2":27,
     "p3":28},
    {"p1":9,
     "p2":10,
     "p3":17},
    {"p1":9,
     "p2":17,
     "p3":24},
    {"p1":3,
     "p2":30,
     "p3":31},
    {"p1":3,
     "p2":5,
     "p3":30},
    {"p1":5,
     "p2":29,
     "p3":30},
    {"p1":37,
     "p2":38,
     "p3":84},
    {"p1":38,
     "p2":82,
     "p3":84},
    {"p1":82,
     "p2":83,
     "p3":84},
    {"p1":54,
     "p2":55,
     "p3":69},
    {"p1":53,
     "p2":54,
     "p3":78},
    {"p1":54,
     "p2":69,
     "p3":78},
    {"p1":55,
     "p2":56,
     "p3":69},
    {"p1":71,
     "p2":72,
     "p3":76},
    {"p1":69,
     "p2":70,
     "p3":78},
    {"p1":92,
     "p2":101,
     "p3":102},
    {"p1":91,
     "p2":92,
     "p3":102},
    {"p1":0,
     "p2":91,
     "p3":102},
    {"p1":7,
     "p2":8,
     "p3":27},
    {"p1":8,
     "p2":26,
     "p3":27},
    {"p1":9,
     "p2":24,
     "p3":25},
    {"p1":8,
     "p2":25,
     "p3":26},
    {"p1":8,
     "p2":9,
     "p3":25},
    {"p1":44,
     "p2":48,
     "p3":49},
    {"p1":51,
     "p2":52,
     "p3":81},
    {"p1":41,
     "p2":51,
     "p3":81},
    {"p1":41,
     "p2":50,
     "p3":51},
    {"p1":37,
     "p2":85,
     "p3":86},
    {"p1":37,
     "p2":84,
     "p3":85},
    {"p1":62,
     "p2":63,
     "p3":65},
    {"p1":63,
     "p2":64,
     "p3":65},
    {"p1":78,
     "p2":79,
     "p3":80},
    {"p1":53,
     "p2":78,
     "p3":80},
    {"p1":52,
     "p2":80,
     "p3":81},
    {"p1":52,
     "p2":53,
     "p3":80},
    {"p1":73,
     "p2":74,
     "p3":75},
    {"p1":72,
     "p2":73,
     "p3":76},
    {"p1":73,
     "p2":75,
     "p3":76},
    {"p1":70,
     "p2":77,
     "p3":78},
    {"p1":70,
     "p2":71,
     "p3":77},
    {"p1":71,
     "p2":76,
     "p3":77},
    {"p1":58,
     "p2":59,
     "p3":67},
    {"p1":43,
     "p2":44,
     "p3":49},
    {"p1":43,
     "p2":49,
     "p3":50},
    {"p1":56,
     "p2":68,
     "p3":69},
    {"p1":56,
     "p2":57,
     "p3":68},
    {"p1":57,
     "p2":58,
     "p3":68},
    {"p1":58,
     "p2":67,
     "p3":68},
    {"p1":61,
     "p2":62,
     "p3":66},
    {"p1":62,
     "p2":65,
     "p3":66},
    {"p1":60,
     "p2":61,
     "p3":66},
    {"p1":59,
     "p2":60,
     "p3":66},
    {"p1":59,
     "p2":66,
     "p3":67},
    {"p1":41,
     "p2":42,
     "p3":50},
    {"p1":42,
     "p2":43,
     "p3":50}]
}