{"points":[
    {"x":0.13793,
     "y":0.48736},
    {"x":0.12414,
     "y":0.51954},
    {"x":0.10805,
     "y":0.55402},
    {"x":0.094253,
     "y":0.58851},
    {"x":0.098851,
     "y":0.62299},
    {"x":0.098851,
     "y":0.65517},
    {"x":0.087356,
     "y":0.68736},
    {"x":0.085057,
     "y":0.72184},
    {"x":0.064368,
     "y":0.75632},
    {"x":0.048276,
     "y":0.7908},
    {"x":0.02069,
     "y":0.8092},
    {"x":0,
     "y":0.83448},
    {"x":0.0068966,
     "y":0.86437},
    {"x":0.03908,
     "y":0.88046},
    {"x":0.073563,
     "y":0.90115},
    {"x":0.094253,
     "y":0.93103},
    {"x":0.11954,
     "y":0.94713},
    {"x":0.15172,
     "y":0.96322},
    {"x":0.15862,
     "y":1},
    {"x":0.18391,
     "y":0.98161},
    {"x":0.21379,
     "y":0.96782},
    {"x":0.24138,
     "y":0.93793},
    {"x":0.25287,
     "y":0.90115},
    {"x":0.28276,
     "y":0.91034},
    {"x":0.26897,
     "y":0.87586},
    {"x":0.29655,
     "y":0.84828},
    {"x":0.33103,
     "y":0.82299},
    {"x":0.36322,
     "y":0.8023},
    {"x":0.3977,
     "y":0.78851},
    {"x":0.42759,
     "y":0.77011},
    {"x":0.44828,
     "y":0.73793},
    {"x":0.45977,
     "y":0.70805},
    {"x":0.47816,
     "y":0.67356},
    {"x":0.50575,
     "y":0.64368},
    {"x":0.53793,
     "y":0.61609},
    {"x":0.57011,
     "y":0.58621},
    {"x":0.6023,
     "y":0.56092},
    {"x":0.63448,
     "y":0.54483},
    {"x":0.67126,
     "y":0.52874},
    {"x":0.70575,
     "y":0.51034},
    {"x":0.74253,
     "y":0.48506},
    {"x":0.77471,
     "y":0.45517},
    {"x":0.8069,
     "y":0.42989},
    {"x":0.82759,
     "y":0.4046},
    {"x":0.82529,
     "y":0.37011},
    {"x":0.8023,
     "y":0.33563},
    {"x":0.77241,
     "y":0.30345},
    {"x":0.74483,
     "y":0.27816},
    {"x":0.71264,
     "y":0.25747},
    {"x":0.68046,
     "y":0.23218},
    {"x":0.65517,
     "y":0.2069},
    {"x":0.62989,
     "y":0.17011},
    {"x":0.61149,
     "y":0.13563},
    {"x":0.5954,
     "y":0.10115},
    {"x":0.56782,
     "y":0.071264},
    {"x":0.54023,
     "y":0.041379},
    {"x":0.51264,
     "y":0.0091954},
    {"x":0.51724,
     "y":0.041379},
    {"x":0.52184,
     "y":0.062069},
    {"x":0.49885,
     "y":0.029885},
    {"x":0.47126,
     "y":0.0022989},
    {"x":0.44598,
     "y":0.0022989},
    {"x":0.41379,
     "y":0},
    {"x":0.38161,
     "y":0.027586},
    {"x":0.4,
     "y":0.043678},
    {"x":0.43678,
     "y":0.052874},
    {"x":0.46667,
     "y":0.068966},
    {"x":0.49425,
     "y":0.094253},
    {"x":0.51034,
     "y":0.12874},
    {"x":0.48046,
     "y":0.12874},
    {"x":0.44828,
     "y":0.10575},
    {"x":0.42069,
     "y":0.082759},
    {"x":0.3908,
     "y":0.078161},
    {"x":0.35632,
     "y":0.089655},
    {"x":0.33563,
     "y":0.12414},
    {"x":0.37011,
     "y":0.13103},
    {"x":0.4046,
     "y":0.14023},
    {"x":0.44138,
     "y":0.15402},
    {"x":0.47356,
     "y":0.17471},
    {"x":0.48966,
     "y":0.2069},
    {"x":0.49425,
     "y":0.23448},
    {"x":0.48736,
     "y":0.26667},
    {"x":0.45057,
     "y":0.27816},
    {"x":0.41379,
     "y":0.28736},
    {"x":0.37701,
     "y":0.29425},
    {"x":0.34483,
     "y":0.28966},
    {"x":0.31034,
     "y":0.28506},
    {"x":0.31494,
     "y":0.30345},
    {"x":0.34943,
     "y":0.32644},
    {"x":0.32184,
     "y":0.35632},
    {"x":0.29885,
     "y":0.38621},
    {"x":0.27356,
     "y":0.41609},
    {"x":0.23908,
     "y":0.43908},
    {"x":0.2092,
     "y":0.41379},
    {"x":0.18161,
     "y":0.37931},
    {"x":0.16092,
     "y":0.34713},
    {"x":0.13793,
     "y":0.31724},
    {"x":0.11494,
     "y":0.30115},
    {"x":0.085057,
     "y":0.30345},
    {"x":0.048276,
     "y":0.31264},
    {"x":0.02069,
     "y":0.33793},
    {"x":0.045977,
     "y":0.36322},
    {"x":0.08046,
     "y":0.36782},
    {"x":0.10805,
     "y":0.38851},
    {"x":0.12644,
     "y":0.42529},
    {"x":0.14943,
     "y":0.45977},
    {"x":0.13793,
     "y":0.48736}],
 "triangles":[
    {"p1":42,
     "p2":43,
     "p3":44},
    {"p1":8,
     "p2":9,
     "p3":14},
    {"p1":99,
     "p2":100,
     "p3":101},
    {"p1":0,
     "p2":1,
     "p3":92},
    {"p1":32,
     "p2":91,
     "p3":92},
    {"p1":0,
     "p2":92,
     "p3":105},
    {"p1":92,
     "p2":93,
     "p3":105},
    {"p1":8,
     "p2":14,
     "p3":24},
    {"p1":7,
     "p2":8,
     "p3":24},
    {"p1":7,
     "p2":24,
     "p3":25},
    {"p1":34,
     "p2":35,
     "p3":90},
    {"p1":42,
     "p2":44,
     "p3":45},
    {"p1":9,
     "p2":13,
     "p3":14},
    {"p1":9,
     "p2":10,
     "p3":13},
    {"p1":10,
     "p2":11,
     "p3":12},
    {"p1":10,
     "p2":12,
     "p3":13},
    {"p1":93,
     "p2":104,
     "p3":105},
    {"p1":99,
     "p2":101,
     "p3":102},
    {"p1":4,
     "p2":5,
     "p3":27},
    {"p1":5,
     "p2":6,
     "p3":7},
    {"p1":5,
     "p2":26,
     "p3":27},
    {"p1":5,
     "p2":7,
     "p3":26},
    {"p1":7,
     "p2":25,
     "p3":26},
    {"p1":28,
     "p2":29,
     "p3":30},
    {"p1":14,
     "p2":22,
     "p3":24},
    {"p1":22,
     "p2":23,
     "p3":24},
    {"p1":32,
     "p2":33,
     "p3":91},
    {"p1":33,
     "p2":90,
     "p3":91},
    {"p1":33,
     "p2":34,
     "p3":90},
    {"p1":35,
     "p2":36,
     "p3":82},
    {"p1":41,
     "p2":42,
     "p3":45},
    {"p1":60,
     "p2":65,
     "p3":66},
    {"p1":35,
     "p2":82,
     "p3":83},
    {"p1":96,
     "p2":97,
     "p3":102},
    {"p1":95,
     "p2":96,
     "p3":103},
    {"p1":96,
     "p2":102,
     "p3":103},
    {"p1":94,
     "p2":95,
     "p3":103},
    {"p1":94,
     "p2":103,
     "p3":104},
    {"p1":93,
     "p2":94,
     "p3":104},
    {"p1":97,
     "p2":98,
     "p3":102},
    {"p1":98,
     "p2":99,
     "p3":102},
    {"p1":2,
     "p2":3,
     "p3":4},
    {"p1":1,
     "p2":2,
     "p3":92},
    {"p1":2,
     "p2":4,
     "p3":92},
    {"p1":14,
     "p2":15,
     "p3":16},
    {"p1":14,
     "p2":16,
     "p3":22},
    {"p1":28,
     "p2":30,
     "p3":31},
    {"p1":27,
     "p2":28,
     "p3":31},
    {"p1":31,
     "p2":32,
     "p3":92},
    {"p1":4,
     "p2":31,
     "p3":92},
    {"p1":4,
     "p2":27,
     "p3":31},
    {"p1":38,
     "p2":39,
     "p3":48},
    {"p1":58,
     "p2":59,
     "p3":66},
    {"p1":59,
     "p2":60,
     "p3":66},
    {"p1":58,
     "p2":66,
     "p3":67},
    {"p1":61,
     "p2":62,
     "p3":65},
    {"p1":60,
     "p2":61,
     "p3":65},
    {"p1":62,
     "p2":64,
     "p3":65},
    {"p1":16,
     "p2":17,
     "p3":22},
    {"p1":17,
     "p2":19,
     "p3":20},
    {"p1":17,
     "p2":18,
     "p3":19},
    {"p1":50,
     "p2":51,
     "p3":80},
    {"p1":39,
     "p2":40,
     "p3":48},
    {"p1":41,
     "p2":45,
     "p3":46},
    {"p1":58,
     "p2":67,
     "p3":68},
    {"p1":68,
     "p2":69,
     "p3":78},
    {"p1":62,
     "p2":63,
     "p3":64},
    {"p1":73,
     "p2":74,
     "p3":75},
    {"p1":35,
     "p2":83,
     "p3":88},
    {"p1":17,
     "p2":20,
     "p3":21},
    {"p1":17,
     "p2":21,
     "p3":22},
    {"p1":55,
     "p2":57,
     "p3":58},
    {"p1":55,
     "p2":56,
     "p3":57},
    {"p1":52,
     "p2":53,
     "p3":68},
    {"p1":40,
     "p2":47,
     "p3":48},
    {"p1":40,
     "p2":41,
     "p3":47},
    {"p1":41,
     "p2":46,
     "p3":47},
    {"p1":50,
     "p2":80,
     "p3":81},
    {"p1":49,
     "p2":50,
     "p3":81},
    {"p1":37,
     "p2":38,
     "p3":81},
    {"p1":38,
     "p2":48,
     "p3":81},
    {"p1":48,
     "p2":49,
     "p3":81},
    {"p1":36,
     "p2":81,
     "p3":82},
    {"p1":36,
     "p2":37,
     "p3":81},
    {"p1":54,
     "p2":58,
     "p3":68},
    {"p1":53,
     "p2":54,
     "p3":68},
    {"p1":54,
     "p2":55,
     "p3":58},
    {"p1":51,
     "p2":79,
     "p3":80},
    {"p1":68,
     "p2":78,
     "p3":79},
    {"p1":51,
     "p2":52,
     "p3":79},
    {"p1":52,
     "p2":68,
     "p3":79},
    {"p1":69,
     "p2":70,
     "p3":77},
    {"p1":70,
     "p2":76,
     "p3":77},
    {"p1":69,
     "p2":77,
     "p3":78},
    {"p1":70,
     "p2":71,
     "p3":76},
    {"p1":85,
     "p2":86,
     "p3":87},
    {"p1":85,
     "p2":87,
     "p3":88},
    {"p1":35,
     "p2":89,
     "p3":90},
    {"p1":35,
     "p2":88,
     "p3":89},
    {"p1":72,
     "p2":73,
     "p3":75},
    {"p1":72,
     "p2":75,
     "p3":76},
    {"p1":71,
     "p2":72,
     "p3":76},
    {"p1":83,
     "p2":84,
     "p3":88},
    {"p1":84,
     "p2":85,
     "p3":88}]
}