{"points":[
    {"x":0.13687,
     "y":0.15363},
    {"x":0.13687,
     "y":0.17598},
    {"x":0.13687,
     "y":0.19832},
    {"x":0.13966,
     "y":0.22067},
    {"x":0.13687,
     "y":0.24302},
    {"x":0.11453,
     "y":0.2486},
    {"x":0.092179,
     "y":0.2486},
    {"x":0.069832,
     "y":0.2486},
    {"x":0.047486,
     "y":0.2486},
    {"x":0.02514,
     "y":0.2514},
    {"x":0.0055866,
     "y":0.25698},
    {"x":0,
     "y":0.27933},
    {"x":0.011173,
     "y":0.29609},
    {"x":0.03352,
     "y":0.30168},
    {"x":0.055866,
     "y":0.30447},
    {"x":0.078212,
     "y":0.30447},
    {"x":0.10056,
     "y":0.30447},
    {"x":0.12291,
     "y":0.30447},
    {"x":0.14525,
     "y":0.30726},
    {"x":0.1676,
     "y":0.30447},
    {"x":0.18994,
     "y":0.30726},
    {"x":0.21229,
     "y":0.31564},
    {"x":0.23464,
     "y":0.31844},
    {"x":0.25698,
     "y":0.31844},
    {"x":0.27933,
     "y":0.31844},
    {"x":0.30168,
     "y":0.32123},
    {"x":0.32402,
     "y":0.32123},
    {"x":0.34637,
     "y":0.32123},
    {"x":0.36872,
     "y":0.32123},
    {"x":0.39106,
     "y":0.32123},
    {"x":0.41341,
     "y":0.32123},
    {"x":0.43575,
     "y":0.32123},
    {"x":0.4581,
     "y":0.32123},
    {"x":0.48045,
     "y":0.32123},
    {"x":0.50279,
     "y":0.31844},
    {"x":0.52514,
     "y":0.31844},
    {"x":0.54749,
     "y":0.31844},
    {"x":0.56983,
     "y":0.31844},
    {"x":0.59218,
     "y":0.31844},
    {"x":0.61453,
     "y":0.32123},
    {"x":0.63687,
     "y":0.31844},
    {"x":0.65922,
     "y":0.32123},
    {"x":0.68156,
     "y":0.32123},
    {"x":0.70391,
     "y":0.32123},
    {"x":0.72626,
     "y":0.32123},
    {"x":0.7486,
     "y":0.32402},
    {"x":0.77095,
     "y":0.32402},
    {"x":0.7933,
     "y":0.32402},
    {"x":0.81564,
     "y":0.32123},
    {"x":0.83799,
     "y":0.32123},
    {"x":0.86034,
     "y":0.32123},
    {"x":0.88268,
     "y":0.31844},
    {"x":0.90503,
     "y":0.31844},
    {"x":0.92737,
     "y":0.31564},
    {"x":0.94972,
     "y":0.31285},
    {"x":0.97207,
     "y":0.30726},
    {"x":0.98883,
     "y":0.28492},
    {"x":0.99441,
     "y":0.26257},
    {"x":0.99721,
     "y":0.24022},
    {"x":0.99721,
     "y":0.21788},
    {"x":1,
     "y":0.19553},
    {"x":1,
     "y":0.17318},
    {"x":1,
     "y":0.15084},
    {"x":1,
     "y":0.12849},
    {"x":0.99721,
     "y":0.10615},
    {"x":0.99721,
     "y":0.083799},
    {"x":0.99721,
     "y":0.061453},
    {"x":0.99162,
     "y":0.039106},
    {"x":0.97207,
     "y":0.022346},
    {"x":0.94972,
     "y":0.01676},
    {"x":0.92737,
     "y":0.013966},
    {"x":0.90503,
     "y":0.011173},
    {"x":0.88268,
     "y":0.011173},
    {"x":0.86034,
     "y":0.0083799},
    {"x":0.83799,
     "y":0.0083799},
    {"x":0.81564,
     "y":0.0083799},
    {"x":0.7933,
     "y":0.0083799},
    {"x":0.77095,
     "y":0.0083799},
    {"x":0.7486,
     "y":0.011173},
    {"x":0.72626,
     "y":0.011173},
    {"x":0.70391,
     "y":0.011173},
    {"x":0.68156,
     "y":0.011173},
    {"x":0.65922,
     "y":0.013966},
    {"x":0.63687,
     "y":0.011173},
    {"x":0.61453,
     "y":0.0055866},
    {"x":0.59218,
     "y":0.011173},
    {"x":0.56983,
     "y":0.013966},
    {"x":0.54749,
     "y":0.013966},
    {"x":0.52514,
     "y":0.011173},
    {"x":0.50279,
     "y":0.011173},
    {"x":0.48045,
     "y":0.011173},
    {"x":0.4581,
     "y":0.0083799},
    {"x":0.43575,
     "y":0.0083799},
    {"x":0.41341,
     "y":0.0083799},
    {"x":0.39106,
     "y":0.0083799},
    {"x":0.36872,
     "y":0.0083799},
    {"x":0.34637,
     "y":0.0027933},
    {"x":0.32402,
     "y":0},
    {"x":0.30168,
     "y":0.0083799},
    {"x":0.27933,
     "y":0.0027933},
    {"x":0.25698,
     "y":0.0027933},
    {"x":0.23464,
     "y":0.013966},
    {"x":0.21229,
     "y":0.019553},
    {"x":0.18994,
     "y":0.02514},
    {"x":0.1676,
     "y":0.044693},
    {"x":0.15084,
     "y":0.064246},
    {"x":0.14525,
     "y":0.086592},
    {"x":0.13966,
     "y":0.10894},
    {"x":0.13687,
     "y":0.13128},
    {"x":0.13687,
     "y":0.15363},
    {"x":0.13687,
     "y":0.15363}],
 "triangles":[
    {"p1":2,
     "p2":3,
     "p3":23},
    {"p1":3,
     "p2":4,
     "p3":20},
    {"p1":9,
     "p2":11,
     "p3":12},
    {"p1":9,
     "p2":12,
     "p3":13},
    {"p1":32,
     "p2":90,
     "p3":91},
    {"p1":37,
     "p2":38,
     "p3":86},
    {"p1":66,
     "p2":67,
     "p3":68},
    {"p1":24,
     "p2":25,
     "p3":98},
    {"p1":25,
     "p2":26,
     "p3":98},
    {"p1":9,
     "p2":10,
     "p3":11},
    {"p1":8,
     "p2":9,
     "p3":13},
    {"p1":51,
     "p2":59,
     "p3":60},
    {"p1":51,
     "p2":52,
     "p3":59},
    {"p1":52,
     "p2":53,
     "p3":59},
    {"p1":53,
     "p2":58,
     "p3":59},
    {"p1":27,
     "p2":28,
     "p3":95},
    {"p1":3,
     "p2":22,
     "p3":23},
    {"p1":4,
     "p2":19,
     "p3":20},
    {"p1":44,
     "p2":45,
     "p3":78},
    {"p1":47,
     "p2":48,
     "p3":76},
    {"p1":48,
     "p2":75,
     "p3":76},
    {"p1":38,
     "p2":39,
     "p3":40},
    {"p1":102,
     "p2":103,
     "p3":104},
    {"p1":104,
     "p2":105,
     "p3":106},
    {"p1":102,
     "p2":104,
     "p3":106},
    {"p1":99,
     "p2":100,
     "p3":101},
    {"p1":98,
     "p2":99,
     "p3":101},
    {"p1":53,
     "p2":57,
     "p3":58},
    {"p1":54,
     "p2":55,
     "p3":56},
    {"p1":54,
     "p2":56,
     "p3":57},
    {"p1":53,
     "p2":54,
     "p3":57},
    {"p1":95,
     "p2":96,
     "p3":98},
    {"p1":96,
     "p2":97,
     "p3":98},
    {"p1":3,
     "p2":20,
     "p3":21},
    {"p1":3,
     "p2":21,
     "p3":22},
    {"p1":44,
     "p2":78,
     "p3":79},
    {"p1":46,
     "p2":77,
     "p3":78},
    {"p1":45,
     "p2":46,
     "p3":78},
    {"p1":49,
     "p2":61,
     "p3":74},
    {"p1":61,
     "p2":62,
     "p3":74},
    {"p1":49,
     "p2":50,
     "p3":61},
    {"p1":50,
     "p2":51,
     "p3":61},
    {"p1":51,
     "p2":60,
     "p3":61},
    {"p1":64,
     "p2":65,
     "p3":70},
    {"p1":64,
     "p2":70,
     "p3":71},
    {"p1":62,
     "p2":63,
     "p3":72},
    {"p1":64,
     "p2":71,
     "p3":72},
    {"p1":63,
     "p2":64,
     "p3":72},
    {"p1":40,
     "p2":41,
     "p3":82},
    {"p1":42,
     "p2":81,
     "p3":82},
    {"p1":41,
     "p2":42,
     "p3":82},
    {"p1":0,
     "p2":98,
     "p3":101},
    {"p1":0,
     "p2":1,
     "p3":24},
    {"p1":0,
     "p2":24,
     "p3":98},
    {"p1":5,
     "p2":6,
     "p3":16},
    {"p1":65,
     "p2":66,
     "p3":69},
    {"p1":65,
     "p2":69,
     "p3":70},
    {"p1":66,
     "p2":68,
     "p3":69},
    {"p1":62,
     "p2":73,
     "p3":74},
    {"p1":62,
     "p2":72,
     "p3":73},
    {"p1":38,
     "p2":85,
     "p3":86},
    {"p1":35,
     "p2":87,
     "p3":88},
    {"p1":34,
     "p2":89,
     "p3":90},
    {"p1":4,
     "p2":18,
     "p3":19},
    {"p1":6,
     "p2":7,
     "p3":15},
    {"p1":6,
     "p2":15,
     "p3":16},
    {"p1":40,
     "p2":82,
     "p3":83},
    {"p1":83,
     "p2":84,
     "p3":85},
    {"p1":35,
     "p2":36,
     "p3":87},
    {"p1":32,
     "p2":33,
     "p3":90},
    {"p1":33,
     "p2":34,
     "p3":90},
    {"p1":101,
     "p2":107,
     "p3":108},
    {"p1":0,
     "p2":101,
     "p3":108},
    {"p1":5,
     "p2":16,
     "p3":17},
    {"p1":4,
     "p2":5,
     "p3":17},
    {"p1":4,
     "p2":17,
     "p3":18},
    {"p1":7,
     "p2":8,
     "p3":14},
    {"p1":7,
     "p2":14,
     "p3":15},
    {"p1":8,
     "p2":13,
     "p3":14},
    {"p1":1,
     "p2":2,
     "p3":23},
    {"p1":1,
     "p2":23,
     "p3":24},
    {"p1":26,
     "p2":95,
     "p3":98},
    {"p1":26,
     "p2":27,
     "p3":95},
    {"p1":29,
     "p2":94,
     "p3":95},
    {"p1":28,
     "p2":29,
     "p3":95},
    {"p1":31,
     "p2":32,
     "p3":91},
    {"p1":31,
     "p2":91,
     "p3":92},
    {"p1":29,
     "p2":93,
     "p3":94},
    {"p1":29,
     "p2":30,
     "p3":93},
    {"p1":31,
     "p2":92,
     "p3":93},
    {"p1":30,
     "p2":31,
     "p3":93},
    {"p1":49,
     "p2":74,
     "p3":75},
    {"p1":48,
     "p2":49,
     "p3":75},
    {"p1":43,
     "p2":44,
     "p3":79},
    {"p1":43,
     "p2":79,
     "p3":80},
    {"p1":46,
     "p2":76,
     "p3":77},
    {"p1":46,
     "p2":47,
     "p3":76},
    {"p1":43,
     "p2":80,
     "p3":81},
    {"p1":42,
     "p2":43,
     "p3":81},
    {"p1":34,
     "p2":35,
     "p3":89},
    {"p1":35,
     "p2":88,
     "p3":89},
    {"p1":102,
     "p2":106,
     "p3":107},
    {"p1":101,
     "p2":102,
     "p3":107},
    {"p1":38,
     "p2":83,
     "p3":85},
    {"p1":38,
     "p2":40,
     "p3":83},
    {"p1":36,
     "p2":86,
     "p3":87},
    {"p1":36,
     "p2":37,
     "p3":86}]
}