{"points":[
    {"x":0.15633,
     "y":0.17122},
    {"x":0.15881,
     "y":0.19603},
    {"x":0.15881,
     "y":0.22084},
    {"x":0.16377,
     "y":0.24566},
    {"x":0.15385,
     "y":0.26799},
    {"x":0.12903,
     "y":0.27047},
    {"x":0.10422,
     "y":0.27047},
    {"x":0.079404,
     "y":0.27047},
    {"x":0.054591,
     "y":0.27047},
    {"x":0.029777,
     "y":0.27047},
    {"x":0.0049628,
     "y":0.27543},
    {"x":0,
     "y":0.30025},
    {"x":0.01737,
     "y":0.31762},
    {"x":0.042184,
     "y":0.31762},
    {"x":0.066998,
     "y":0.31762},
    {"x":0.091811,
     "y":0.31762},
    {"x":0.11663,
     "y":0.31762},
    {"x":0.14144,
     "y":0.31762},
    {"x":0.16625,
     "y":0.32506},
    {"x":0.19107,
     "y":0.32506},
    {"x":0.21588,
     "y":0.32506},
    {"x":0.24069,
     "y":0.32258},
    {"x":0.26551,
     "y":0.32258},
    {"x":0.29032,
     "y":0.3201},
    {"x":0.31514,
     "y":0.32258},
    {"x":0.33995,
     "y":0.32258},
    {"x":0.36476,
     "y":0.32258},
    {"x":0.38958,
     "y":0.32506},
    {"x":0.41439,
     "y":0.32506},
    {"x":0.43921,
     "y":0.32506},
    {"x":0.46402,
     "y":0.32754},
    {"x":0.48883,
     "y":0.32754},
    {"x":0.51365,
     "y":0.32754},
    {"x":0.53846,
     "y":0.32754},
    {"x":0.56328,
     "y":0.32754},
    {"x":0.58809,
     "y":0.32754},
    {"x":0.6129,
     "y":0.32754},
    {"x":0.63772,
     "y":0.33002},
    {"x":0.66253,
     "y":0.33499},
    {"x":0.68734,
     "y":0.33002},
    {"x":0.71216,
     "y":0.32754},
    {"x":0.73697,
     "y":0.32754},
    {"x":0.76179,
     "y":0.32754},
    {"x":0.7866,
     "y":0.32754},
    {"x":0.81141,
     "y":0.32506},
    {"x":0.83623,
     "y":0.32506},
    {"x":0.86104,
     "y":0.32506},
    {"x":0.88586,
     "y":0.32258},
    {"x":0.91067,
     "y":0.32258},
    {"x":0.93548,
     "y":0.3201},
    {"x":0.9603,
     "y":0.3201},
    {"x":0.98511,
     "y":0.30769},
    {"x":0.99504,
     "y":0.28288},
    {"x":0.99504,
     "y":0.25806},
    {"x":0.99752,
     "y":0.23325},
    {"x":0.99752,
     "y":0.20844},
    {"x":0.99752,
     "y":0.18362},
    {"x":0.99752,
     "y":0.15881},
    {"x":1,
     "y":0.134},
    {"x":1,
     "y":0.10918},
    {"x":1,
     "y":0.084367},
    {"x":1,
     "y":0.059553},
    {"x":0.99256,
     "y":0.034739},
    {"x":0.97022,
     "y":0.01737},
    {"x":0.94541,
     "y":0.014888},
    {"x":0.9206,
     "y":0.014888},
    {"x":0.89578,
     "y":0.012407},
    {"x":0.87097,
     "y":0.0099256},
    {"x":0.84615,
     "y":0.0099256},
    {"x":0.82134,
     "y":0.0074442},
    {"x":0.79653,
     "y":0.0074442},
    {"x":0.77171,
     "y":0.0074442},
    {"x":0.7469,
     "y":0.0074442},
    {"x":0.72208,
     "y":0.0049628},
    {"x":0.69727,
     "y":0.0049628},
    {"x":0.67246,
     "y":0.0074442},
    {"x":0.64764,
     "y":0.0049628},
    {"x":0.62283,
     "y":0.0074442},
    {"x":0.59801,
     "y":0.0074442},
    {"x":0.5732,
     "y":0.0099256},
    {"x":0.54839,
     "y":0.0099256},
    {"x":0.52357,
     "y":0.0099256},
    {"x":0.49876,
     "y":0.0099256},
    {"x":0.47395,
     "y":0.0099256},
    {"x":0.44913,
     "y":0.0024814},
    {"x":0.42432,
     "y":0},
    {"x":0.3995,
     "y":0.0099256},
    {"x":0.37469,
     "y":0.0024814},
    {"x":0.34988,
     "y":0.0049628},
    {"x":0.32506,
     "y":0.012407},
    {"x":0.30025,
     "y":0.014888},
    {"x":0.27543,
     "y":0.01737},
    {"x":0.25062,
     "y":0.019851},
    {"x":0.22581,
     "y":0.022333},
    {"x":0.20099,
     "y":0.027295},
    {"x":0.17866,
     "y":0.044665},
    {"x":0.16377,
     "y":0.069479},
    {"x":0.15881,
     "y":0.094293},
    {"x":0.15633,
     "y":0.11911},
    {"x":0.15633,
     "y":0.14392},
    {"x":0.15633,
     "y":0.16873},
    {"x":0.15633,
     "y":0.17122}],
 "triangles":[
    {"p1":50,
     "p2":51,
     "p3":52},
    {"p1":61,
     "p2":62,
     "p3":63},
    {"p1":9,
     "p2":11,
     "p3":12},
    {"p1":61,
     "p2":63,
     "p3":64},
    {"p1":60,
     "p2":61,
     "p3":64},
    {"p1":30,
     "p2":31,
     "p3":83},
    {"p1":86,
     "p2":87,
     "p3":88},
    {"p1":9,
     "p2":10,
     "p3":11},
    {"p1":44,
     "p2":69,
     "p3":70},
    {"p1":41,
     "p2":42,
     "p3":72},
    {"p1":40,
     "p2":73,
     "p3":74},
    {"p1":40,
     "p2":41,
     "p3":72},
    {"p1":40,
     "p2":72,
     "p3":73},
    {"p1":26,
     "p2":27,
     "p3":86},
    {"p1":27,
     "p2":28,
     "p3":86},
    {"p1":29,
     "p2":30,
     "p3":83},
    {"p1":29,
     "p2":83,
     "p3":86},
    {"p1":28,
     "p2":29,
     "p3":86},
    {"p1":40,
     "p2":74,
     "p3":75},
    {"p1":39,
     "p2":40,
     "p3":75},
    {"p1":32,
     "p2":33,
     "p3":81},
    {"p1":37,
     "p2":38,
     "p3":39},
    {"p1":37,
     "p2":39,
     "p3":75},
    {"p1":37,
     "p2":75,
     "p3":77},
    {"p1":31,
     "p2":32,
     "p3":82},
    {"p1":32,
     "p2":81,
     "p3":82},
    {"p1":31,
     "p2":82,
     "p3":83},
    {"p1":47,
     "p2":55,
     "p3":56},
    {"p1":46,
     "p2":47,
     "p3":56},
    {"p1":1,
     "p2":2,
     "p3":23},
    {"p1":86,
     "p2":88,
     "p3":89},
    {"p1":26,
     "p2":86,
     "p3":89},
    {"p1":25,
     "p2":26,
     "p3":89},
    {"p1":25,
     "p2":89,
     "p3":90},
    {"p1":92,
     "p2":93,
     "p3":97},
    {"p1":92,
     "p2":97,
     "p3":98},
    {"p1":92,
     "p2":98,
     "p3":99},
    {"p1":4,
     "p2":18,
     "p3":19},
    {"p1":57,
     "p2":67,
     "p3":68},
    {"p1":44,
     "p2":68,
     "p3":69},
    {"p1":60,
     "p2":64,
     "p3":65},
    {"p1":44,
     "p2":45,
     "p3":68},
    {"p1":45,
     "p2":57,
     "p3":68},
    {"p1":45,
     "p2":46,
     "p3":56},
    {"p1":45,
     "p2":56,
     "p3":57},
    {"p1":42,
     "p2":71,
     "p3":72},
    {"p1":42,
     "p2":43,
     "p3":71},
    {"p1":43,
     "p2":44,
     "p3":71},
    {"p1":44,
     "p2":70,
     "p3":71},
    {"p1":75,
     "p2":76,
     "p3":77},
    {"p1":34,
     "p2":35,
     "p3":79},
    {"p1":33,
     "p2":80,
     "p3":81},
    {"p1":34,
     "p2":79,
     "p3":80},
    {"p1":33,
     "p2":34,
     "p3":80},
    {"p1":36,
     "p2":37,
     "p3":77},
    {"p1":36,
     "p2":77,
     "p3":78},
    {"p1":35,
     "p2":36,
     "p3":79},
    {"p1":36,
     "p2":78,
     "p3":79},
    {"p1":48,
     "p2":53,
     "p3":54},
    {"p1":47,
     "p2":54,
     "p3":55},
    {"p1":47,
     "p2":48,
     "p3":54},
    {"p1":48,
     "p2":49,
     "p3":53},
    {"p1":49,
     "p2":50,
     "p3":52},
    {"p1":49,
     "p2":52,
     "p3":53},
    {"p1":24,
     "p2":25,
     "p3":90},
    {"p1":23,
     "p2":24,
     "p3":90},
    {"p1":93,
     "p2":94,
     "p3":95},
    {"p1":1,
     "p2":23,
     "p3":100},
    {"p1":23,
     "p2":90,
     "p3":100},
    {"p1":91,
     "p2":92,
     "p3":99},
    {"p1":90,
     "p2":91,
     "p3":100},
    {"p1":91,
     "p2":99,
     "p3":100},
    {"p1":4,
     "p2":17,
     "p3":18},
    {"p1":3,
     "p2":4,
     "p3":19},
    {"p1":2,
     "p2":3,
     "p3":23},
    {"p1":9,
     "p2":12,
     "p3":13},
    {"p1":57,
     "p2":58,
     "p3":66},
    {"p1":57,
     "p2":66,
     "p3":67},
    {"p1":59,
     "p2":60,
     "p3":65},
    {"p1":58,
     "p2":59,
     "p3":66},
    {"p1":59,
     "p2":65,
     "p3":66},
    {"p1":84,
     "p2":85,
     "p3":86},
    {"p1":83,
     "p2":84,
     "p3":86},
    {"p1":3,
     "p2":21,
     "p3":22},
    {"p1":3,
     "p2":22,
     "p3":23},
    {"p1":93,
     "p2":96,
     "p3":97},
    {"p1":93,
     "p2":95,
     "p3":96},
    {"p1":0,
     "p2":1,
     "p3":100},
    {"p1":4,
     "p2":5,
     "p3":17},
    {"p1":3,
     "p2":20,
     "p3":21},
    {"p1":3,
     "p2":19,
     "p3":20},
    {"p1":6,
     "p2":7,
     "p3":15},
    {"p1":8,
     "p2":9,
     "p3":13},
    {"p1":5,
     "p2":16,
     "p3":17},
    {"p1":5,
     "p2":6,
     "p3":16},
    {"p1":6,
     "p2":15,
     "p3":16},
    {"p1":7,
     "p2":14,
     "p3":15},
    {"p1":7,
     "p2":8,
     "p3":14},
    {"p1":8,
     "p2":13,
     "p3":14}]
}