{"points":[
    {"x":0.13678,
     "y":0.17021},
    {"x":0.13678,
     "y":0.19453},
    {"x":0.13982,
     "y":0.21884},
    {"x":0.14286,
     "y":0.24316},
    {"x":0.11854,
     "y":0.25532},
    {"x":0.094225,
     "y":0.25836},
    {"x":0.069909,
     "y":0.25836},
    {"x":0.045593,
     "y":0.25836},
    {"x":0.021277,
     "y":0.25836},
    {"x":0,
     "y":0.27356},
    {"x":0,
     "y":0.29787},
    {"x":0.021277,
     "y":0.30699},
    {"x":0.045593,
     "y":0.30699},
    {"x":0.069909,
     "y":0.30699},
    {"x":0.094225,
     "y":0.30699},
    {"x":0.11854,
     "y":0.31003},
    {"x":0.14286,
     "y":0.31003},
    {"x":0.16717,
     "y":0.31003},
    {"x":0.19149,
     "y":0.31307},
    {"x":0.21581,
     "y":0.32219},
    {"x":0.24012,
     "y":0.32523},
    {"x":0.26444,
     "y":0.32523},
    {"x":0.28875,
     "y":0.32523},
    {"x":0.31307,
     "y":0.32827},
    {"x":0.33739,
     "y":0.32827},
    {"x":0.3617,
     "y":0.32827},
    {"x":0.38602,
     "y":0.32827},
    {"x":0.41033,
     "y":0.32827},
    {"x":0.43465,
     "y":0.32523},
    {"x":0.45897,
     "y":0.32523},
    {"x":0.48328,
     "y":0.32523},
    {"x":0.5076,
     "y":0.32219},
    {"x":0.53191,
     "y":0.32219},
    {"x":0.55623,
     "y":0.32219},
    {"x":0.58055,
     "y":0.32219},
    {"x":0.60486,
     "y":0.32219},
    {"x":0.62918,
     "y":0.32219},
    {"x":0.6535,
     "y":0.32219},
    {"x":0.67781,
     "y":0.32523},
    {"x":0.70213,
     "y":0.32523},
    {"x":0.72644,
     "y":0.32523},
    {"x":0.75076,
     "y":0.32523},
    {"x":0.77508,
     "y":0.32523},
    {"x":0.79939,
     "y":0.32523},
    {"x":0.82371,
     "y":0.32523},
    {"x":0.84802,
     "y":0.32523},
    {"x":0.87234,
     "y":0.32219},
    {"x":0.89666,
     "y":0.32219},
    {"x":0.92097,
     "y":0.31915},
    {"x":0.94529,
     "y":0.31611},
    {"x":0.9696,
     "y":0.31003},
    {"x":0.98784,
     "y":0.28875},
    {"x":0.99392,
     "y":0.26444},
    {"x":0.99392,
     "y":0.24012},
    {"x":0.99696,
     "y":0.21581},
    {"x":0.99696,
     "y":0.19149},
    {"x":1,
     "y":0.16717},
    {"x":0.99696,
     "y":0.14286},
    {"x":0.99696,
     "y":0.11854},
    {"x":0.99696,
     "y":0.094225},
    {"x":0.99392,
     "y":0.069909},
    {"x":0.99088,
     "y":0.045593},
    {"x":0.97568,
     "y":0.021277},
    {"x":0.95137,
     "y":0.015198},
    {"x":0.92705,
     "y":0.012158},
    {"x":0.90274,
     "y":0.0091185},
    {"x":0.87842,
     "y":0.012158},
    {"x":0.8541,
     "y":0.0091185},
    {"x":0.82979,
     "y":0.0091185},
    {"x":0.80547,
     "y":0.0091185},
    {"x":0.78116,
     "y":0.006079},
    {"x":0.75684,
     "y":0.006079},
    {"x":0.73252,
     "y":0.0030395},
    {"x":0.70821,
     "y":0.0030395},
    {"x":0.68389,
     "y":0.0091185},
    {"x":0.65957,
     "y":0.0091185},
    {"x":0.63526,
     "y":0.012158},
    {"x":0.61094,
     "y":0.006079},
    {"x":0.58663,
     "y":0.012158},
    {"x":0.56231,
     "y":0.015198},
    {"x":0.53799,
     "y":0.015198},
    {"x":0.51368,
     "y":0.015198},
    {"x":0.48936,
     "y":0.015198},
    {"x":0.46505,
     "y":0.012158},
    {"x":0.44073,
     "y":0.012158},
    {"x":0.41641,
     "y":0.012158},
    {"x":0.3921,
     "y":0.0091185},
    {"x":0.36778,
     "y":0.006079},
    {"x":0.34347,
     "y":0},
    {"x":0.31915,
     "y":0.0030395},
    {"x":0.29483,
     "y":0.0091185},
    {"x":0.27052,
     "y":0.006079},
    {"x":0.2462,
     "y":0.0091185},
    {"x":0.22188,
     "y":0.018237},
    {"x":0.19757,
     "y":0.021277},
    {"x":0.17325,
     "y":0.033435},
    {"x":0.15502,
     "y":0.051672},
    {"x":0.13982,
     "y":0.075988},
    {"x":0.13678,
     "y":0.1003},
    {"x":0.13678,
     "y":0.12462},
    {"x":0.13678,
     "y":0.14894},
    {"x":0.13678,
     "y":0.17021}],
 "triangles":[
    {"p1":8,
     "p2":9,
     "p3":11},
    {"p1":9,
     "p2":10,
     "p3":11},
    {"p1":49,
     "p2":50,
     "p3":51},
    {"p1":59,
     "p2":64,
     "p3":65},
    {"p1":87,
     "p2":88,
     "p3":89},
    {"p1":2,
     "p2":20,
     "p3":21},
    {"p1":3,
     "p2":17,
     "p3":18},
    {"p1":2,
     "p2":3,
     "p3":20},
    {"p1":47,
     "p2":53,
     "p3":54},
    {"p1":47,
     "p2":48,
     "p3":53},
    {"p1":48,
     "p2":49,
     "p3":53},
    {"p1":49,
     "p2":51,
     "p3":52},
    {"p1":49,
     "p2":52,
     "p3":53},
    {"p1":93,
     "p2":94,
     "p3":95},
    {"p1":27,
     "p2":28,
     "p3":85},
    {"p1":45,
     "p2":46,
     "p3":55},
    {"p1":46,
     "p2":54,
     "p3":55},
    {"p1":46,
     "p2":47,
     "p3":54},
    {"p1":45,
     "p2":55,
     "p3":57},
    {"p1":55,
     "p2":56,
     "p3":57},
    {"p1":37,
     "p2":74,
     "p3":75},
    {"p1":37,
     "p2":38,
     "p3":74},
    {"p1":57,
     "p2":58,
     "p3":66},
    {"p1":59,
     "p2":65,
     "p3":66},
    {"p1":58,
     "p2":59,
     "p3":66},
    {"p1":59,
     "p2":60,
     "p3":64},
    {"p1":36,
     "p2":37,
     "p3":76},
    {"p1":37,
     "p2":75,
     "p3":76},
    {"p1":76,
     "p2":77,
     "p3":78},
    {"p1":28,
     "p2":29,
     "p3":84},
    {"p1":28,
     "p2":84,
     "p3":85},
    {"p1":29,
     "p2":30,
     "p3":82},
    {"p1":32,
     "p2":80,
     "p3":81},
    {"p1":3,
     "p2":19,
     "p3":20},
    {"p1":3,
     "p2":18,
     "p3":19},
    {"p1":1,
     "p2":2,
     "p3":21},
    {"p1":1,
     "p2":21,
     "p3":22},
    {"p1":0,
     "p2":1,
     "p3":22},
    {"p1":93,
     "p2":99,
     "p3":100},
    {"p1":93,
     "p2":98,
     "p3":99},
    {"p1":93,
     "p2":95,
     "p3":96},
    {"p1":93,
     "p2":96,
     "p3":98},
    {"p1":96,
     "p2":97,
     "p3":98},
    {"p1":90,
     "p2":91,
     "p3":92},
    {"p1":90,
     "p2":92,
     "p3":93},
    {"p1":90,
     "p2":93,
     "p3":100},
    {"p1":0,
     "p2":90,
     "p3":100},
    {"p1":0,
     "p2":22,
     "p3":90},
    {"p1":22,
     "p2":23,
     "p3":90},
    {"p1":23,
     "p2":24,
     "p3":90},
    {"p1":24,
     "p2":87,
     "p3":90},
    {"p1":87,
     "p2":89,
     "p3":90},
    {"p1":26,
     "p2":85,
     "p3":86},
    {"p1":26,
     "p2":27,
     "p3":85},
    {"p1":72,
     "p2":73,
     "p3":74},
    {"p1":60,
     "p2":61,
     "p3":63},
    {"p1":60,
     "p2":63,
     "p3":64},
    {"p1":61,
     "p2":62,
     "p3":63},
    {"p1":35,
     "p2":36,
     "p3":76},
    {"p1":35,
     "p2":76,
     "p3":78},
    {"p1":35,
     "p2":78,
     "p3":79},
    {"p1":34,
     "p2":35,
     "p3":79},
    {"p1":29,
     "p2":82,
     "p3":83},
    {"p1":29,
     "p2":83,
     "p3":84},
    {"p1":33,
     "p2":34,
     "p3":79},
    {"p1":32,
     "p2":33,
     "p3":80},
    {"p1":33,
     "p2":79,
     "p3":80},
    {"p1":31,
     "p2":32,
     "p3":81},
    {"p1":31,
     "p2":81,
     "p3":82},
    {"p1":30,
     "p2":31,
     "p3":82},
    {"p1":4,
     "p2":15,
     "p3":16},
    {"p1":3,
     "p2":16,
     "p3":17},
    {"p1":3,
     "p2":4,
     "p3":16},
    {"p1":25,
     "p2":26,
     "p3":86},
    {"p1":24,
     "p2":25,
     "p3":87},
    {"p1":25,
     "p2":86,
     "p3":87},
    {"p1":38,
     "p2":39,
     "p3":74},
    {"p1":39,
     "p2":40,
     "p3":74},
    {"p1":57,
     "p2":66,
     "p3":67},
    {"p1":71,
     "p2":72,
     "p3":74},
    {"p1":40,
     "p2":71,
     "p3":74},
    {"p1":42,
     "p2":70,
     "p3":71},
    {"p1":42,
     "p2":43,
     "p3":69},
    {"p1":42,
     "p2":69,
     "p3":70},
    {"p1":43,
     "p2":44,
     "p3":69},
    {"p1":41,
     "p2":42,
     "p3":71},
    {"p1":40,
     "p2":41,
     "p3":71},
    {"p1":44,
     "p2":68,
     "p3":69},
    {"p1":44,
     "p2":45,
     "p3":68},
    {"p1":45,
     "p2":57,
     "p3":68},
    {"p1":57,
     "p2":67,
     "p3":68},
    {"p1":4,
     "p2":14,
     "p3":15},
    {"p1":4,
     "p2":5,
     "p3":14},
    {"p1":7,
     "p2":8,
     "p3":12},
    {"p1":8,
     "p2":11,
     "p3":12},
    {"p1":5,
     "p2":13,
     "p3":14},
    {"p1":5,
     "p2":6,
     "p3":13},
    {"p1":7,
     "p2":12,
     "p3":13},
    {"p1":6,
     "p2":7,
     "p3":13}]
}