{"points":[
    {"x":0.13092,
     "y":0.1532},
    {"x":0.13092,
     "y":0.17549},
    {"x":0.13092,
     "y":0.19777},
    {"x":0.13092,
     "y":0.22006},
    {"x":0.13092,
     "y":0.24234},
    {"x":0.12813,
     "y":0.26462},
    {"x":0.10585,
     "y":0.27019},
    {"x":0.083565,
     "y":0.27019},
    {"x":0.061281,
     "y":0.27298},
    {"x":0.038997,
     "y":0.27298},
    {"x":0.016713,
     "y":0.27577},
    {"x":0,
     "y":0.28691},
    {"x":0,
     "y":0.30919},
    {"x":0.019499,
     "y":0.31755},
    {"x":0.041783,
     "y":0.31755},
    {"x":0.064067,
     "y":0.32033},
    {"x":0.086351,
     "y":0.32033},
    {"x":0.10864,
     "y":0.32033},
    {"x":0.13092,
     "y":0.32591},
    {"x":0.1532,
     "y":0.32591},
    {"x":0.17549,
     "y":0.32312},
    {"x":0.19777,
     "y":0.32312},
    {"x":0.22006,
     "y":0.32312},
    {"x":0.24234,
     "y":0.32312},
    {"x":0.26462,
     "y":0.32312},
    {"x":0.28691,
     "y":0.32312},
    {"x":0.30919,
     "y":0.32312},
    {"x":0.33148,
     "y":0.32312},
    {"x":0.35376,
     "y":0.32312},
    {"x":0.37604,
     "y":0.32312},
    {"x":0.39833,
     "y":0.32312},
    {"x":0.42061,
     "y":0.32312},
    {"x":0.4429,
     "y":0.32312},
    {"x":0.46518,
     "y":0.32312},
    {"x":0.48747,
     "y":0.32312},
    {"x":0.50975,
     "y":0.32312},
    {"x":0.53203,
     "y":0.32312},
    {"x":0.55432,
     "y":0.32312},
    {"x":0.5766,
     "y":0.32312},
    {"x":0.59889,
     "y":0.32312},
    {"x":0.62117,
     "y":0.32312},
    {"x":0.64345,
     "y":0.32312},
    {"x":0.66574,
     "y":0.32312},
    {"x":0.68802,
     "y":0.32312},
    {"x":0.71031,
     "y":0.32033},
    {"x":0.73259,
     "y":0.32312},
    {"x":0.75487,
     "y":0.32312},
    {"x":0.77716,
     "y":0.32033},
    {"x":0.79944,
     "y":0.32033},
    {"x":0.82173,
     "y":0.32033},
    {"x":0.84401,
     "y":0.32033},
    {"x":0.8663,
     "y":0.32033},
    {"x":0.88858,
     "y":0.32033},
    {"x":0.91086,
     "y":0.32033},
    {"x":0.93315,
     "y":0.31755},
    {"x":0.95543,
     "y":0.31476},
    {"x":0.97772,
     "y":0.29526},
    {"x":0.98607,
     "y":0.27298},
    {"x":0.99443,
     "y":0.2507},
    {"x":0.99443,
     "y":0.22841},
    {"x":0.99721,
     "y":0.20613},
    {"x":0.99721,
     "y":0.18384},
    {"x":1,
     "y":0.16156},
    {"x":1,
     "y":0.13928},
    {"x":0.99721,
     "y":0.11699},
    {"x":0.99721,
     "y":0.094708},
    {"x":0.99443,
     "y":0.072423},
    {"x":0.99164,
     "y":0.050139},
    {"x":0.98329,
     "y":0.027855},
    {"x":0.961,
     "y":0.0083565},
    {"x":0.93872,
     "y":0},
    {"x":0.91643,
     "y":0},
    {"x":0.89415,
     "y":0},
    {"x":0.87187,
     "y":0},
    {"x":0.84958,
     "y":0},
    {"x":0.8273,
     "y":0},
    {"x":0.80501,
     "y":0},
    {"x":0.78273,
     "y":0},
    {"x":0.76045,
     "y":0},
    {"x":0.73816,
     "y":0},
    {"x":0.71588,
     "y":0},
    {"x":0.69359,
     "y":0},
    {"x":0.67131,
     "y":0},
    {"x":0.64903,
     "y":0},
    {"x":0.62674,
     "y":0},
    {"x":0.60446,
     "y":0},
    {"x":0.58217,
     "y":0},
    {"x":0.55989,
     "y":0},
    {"x":0.5376,
     "y":0},
    {"x":0.51532,
     "y":0},
    {"x":0.49304,
     "y":0},
    {"x":0.47075,
     "y":0},
    {"x":0.44847,
     "y":0},
    {"x":0.42618,
     "y":0},
    {"x":0.4039,
     "y":0},
    {"x":0.38162,
     "y":0},
    {"x":0.35933,
     "y":0},
    {"x":0.33705,
     "y":0},
    {"x":0.31476,
     "y":0},
    {"x":0.29248,
     "y":0},
    {"x":0.27019,
     "y":0},
    {"x":0.24791,
     "y":0},
    {"x":0.22563,
     "y":0},
    {"x":0.20334,
     "y":0},
    {"x":0.18106,
     "y":0},
    {"x":0.15877,
     "y":0.005571},
    {"x":0.14206,
     "y":0.02507},
    {"x":0.1337,
     "y":0.047354},
    {"x":0.12535,
     "y":0.069638},
    {"x":0.12813,
     "y":0.091922},
    {"x":0.13092,
     "y":0.11421},
    {"x":0.13092,
     "y":0.13649},
    {"x":0.13092,
     "y":0.1532}],
 "triangles":[
    {"p1":11,
     "p2":12,
     "p3":13},
    {"p1":67,
     "p2":68,
     "p3":69},
    {"p1":62,
     "p2":63,
     "p3":74},
    {"p1":63,
     "p2":64,
     "p3":74},
    {"p1":5,
     "p2":18,
     "p3":19},
    {"p1":6,
     "p2":7,
     "p3":16},
    {"p1":10,
     "p2":11,
     "p3":13},
    {"p1":9,
     "p2":10,
     "p3":13},
    {"p1":7,
     "p2":8,
     "p3":16},
    {"p1":8,
     "p2":15,
     "p3":16},
    {"p1":9,
     "p2":13,
     "p3":14},
    {"p1":8,
     "p2":14,
     "p3":15},
    {"p1":8,
     "p2":9,
     "p3":14},
    {"p1":102,
     "p2":109,
     "p3":110},
    {"p1":61,
     "p2":62,
     "p3":74},
    {"p1":57,
     "p2":58,
     "p3":59},
    {"p1":53,
     "p2":57,
     "p3":59},
    {"p1":64,
     "p2":65,
     "p3":72},
    {"p1":65,
     "p2":66,
     "p3":72},
    {"p1":0,
     "p2":25,
     "p3":99},
    {"p1":0,
     "p2":1,
     "p3":25},
    {"p1":1,
     "p2":24,
     "p3":25},
    {"p1":53,
     "p2":54,
     "p3":57},
    {"p1":54,
     "p2":55,
     "p3":56},
    {"p1":54,
     "p2":56,
     "p3":57},
    {"p1":6,
     "p2":16,
     "p3":17},
    {"p1":5,
     "p2":17,
     "p3":18},
    {"p1":5,
     "p2":6,
     "p3":17},
    {"p1":107,
     "p2":108,
     "p3":109},
    {"p1":101,
     "p2":102,
     "p3":110},
    {"p1":101,
     "p2":110,
     "p3":111},
    {"p1":64,
     "p2":73,
     "p3":74},
    {"p1":64,
     "p2":72,
     "p3":73},
    {"p1":66,
     "p2":71,
     "p3":72},
    {"p1":66,
     "p2":67,
     "p3":71},
    {"p1":69,
     "p2":70,
     "p3":71},
    {"p1":67,
     "p2":69,
     "p3":71},
    {"p1":25,
     "p2":26,
     "p3":99},
    {"p1":27,
     "p2":28,
     "p3":97},
    {"p1":1,
     "p2":2,
     "p3":24},
    {"p1":4,
     "p2":5,
     "p3":21},
    {"p1":102,
     "p2":103,
     "p3":109},
    {"p1":103,
     "p2":107,
     "p3":109},
    {"p1":100,
     "p2":101,
     "p3":111},
    {"p1":0,
     "p2":99,
     "p3":100},
    {"p1":0,
     "p2":100,
     "p3":111},
    {"p1":51,
     "p2":60,
     "p3":61},
    {"p1":37,
     "p2":87,
     "p3":88},
    {"p1":29,
     "p2":30,
     "p3":95},
    {"p1":31,
     "p2":32,
     "p3":93},
    {"p1":32,
     "p2":92,
     "p3":93},
    {"p1":30,
     "p2":94,
     "p3":95},
    {"p1":30,
     "p2":31,
     "p3":94},
    {"p1":31,
     "p2":93,
     "p3":94},
    {"p1":44,
     "p2":79,
     "p3":80},
    {"p1":44,
     "p2":80,
     "p3":81},
    {"p1":41,
     "p2":83,
     "p3":84},
    {"p1":37,
     "p2":38,
     "p3":87},
    {"p1":40,
     "p2":41,
     "p3":84},
    {"p1":40,
     "p2":84,
     "p3":85},
    {"p1":39,
     "p2":40,
     "p3":85},
    {"p1":44,
     "p2":45,
     "p3":79},
    {"p1":45,
     "p2":46,
     "p3":79},
    {"p1":41,
     "p2":42,
     "p3":83},
    {"p1":26,
     "p2":98,
     "p3":99},
    {"p1":26,
     "p2":27,
     "p3":98},
    {"p1":27,
     "p2":97,
     "p3":98},
    {"p1":28,
     "p2":96,
     "p3":97},
    {"p1":28,
     "p2":29,
     "p3":96},
    {"p1":29,
     "p2":95,
     "p3":96},
    {"p1":5,
     "p2":19,
     "p3":20},
    {"p1":5,
     "p2":20,
     "p3":21},
    {"p1":3,
     "p2":4,
     "p3":22},
    {"p1":4,
     "p2":21,
     "p3":22},
    {"p1":104,
     "p2":105,
     "p3":106},
    {"p1":103,
     "p2":104,
     "p3":107},
    {"p1":104,
     "p2":106,
     "p3":107},
    {"p1":52,
     "p2":53,
     "p3":59},
    {"p1":52,
     "p2":59,
     "p3":60},
    {"p1":51,
     "p2":52,
     "p3":60},
    {"p1":50,
     "p2":51,
     "p3":61},
    {"p1":50,
     "p2":61,
     "p3":74},
    {"p1":49,
     "p2":75,
     "p3":76},
    {"p1":50,
     "p2":74,
     "p3":75},
    {"p1":49,
     "p2":50,
     "p3":75},
    {"p1":46,
     "p2":47,
     "p3":79},
    {"p1":33,
     "p2":91,
     "p3":92},
    {"p1":32,
     "p2":33,
     "p3":92},
    {"p1":36,
     "p2":88,
     "p3":89},
    {"p1":35,
     "p2":36,
     "p3":89},
    {"p1":36,
     "p2":37,
     "p3":88},
    {"p1":35,
     "p2":89,
     "p3":90},
    {"p1":38,
     "p2":86,
     "p3":87},
    {"p1":39,
     "p2":85,
     "p3":86},
    {"p1":38,
     "p2":39,
     "p3":86},
    {"p1":42,
     "p2":82,
     "p3":83},
    {"p1":42,
     "p2":43,
     "p3":82},
    {"p1":44,
     "p2":81,
     "p3":82},
    {"p1":43,
     "p2":44,
     "p3":82},
    {"p1":3,
     "p2":22,
     "p3":23},
    {"p1":2,
     "p2":3,
     "p3":23},
    {"p1":2,
     "p2":23,
     "p3":24},
    {"p1":48,
     "p2":49,
     "p3":76},
    {"p1":48,
     "p2":76,
     "p3":77},
    {"p1":47,
     "p2":48,
     "p3":77},
    {"p1":34,
     "p2":35,
     "p3":90},
    {"p1":34,
     "p2":90,
     "p3":91},
    {"p1":33,
     "p2":34,
     "p3":91},
    {"p1":47,
     "p2":78,
     "p3":79},
    {"p1":47,
     "p2":77,
     "p3":78}]
}