{"points":[
    {"x":0.14149,
     "y":0.17506},
    {"x":0.14149,
     "y":0.19904},
    {"x":0.14149,
     "y":0.22302},
    {"x":0.14388,
     "y":0.247},
    {"x":0.14388,
     "y":0.26859},
    {"x":0.1199,
     "y":0.26859},
    {"x":0.095923,
     "y":0.26859},
    {"x":0.071942,
     "y":0.26859},
    {"x":0.047962,
     "y":0.26859},
    {"x":0.023981,
     "y":0.26859},
    {"x":0.0023981,
     "y":0.27818},
    {"x":0,
     "y":0.30216},
    {"x":0.019185,
     "y":0.31655},
    {"x":0.043165,
     "y":0.31655},
    {"x":0.067146,
     "y":0.31655},
    {"x":0.091127,
     "y":0.31655},
    {"x":0.11511,
     "y":0.31655},
    {"x":0.13909,
     "y":0.31655},
    {"x":0.16307,
     "y":0.32134},
    {"x":0.18705,
     "y":0.32374},
    {"x":0.21103,
     "y":0.32374},
    {"x":0.23501,
     "y":0.32134},
    {"x":0.25899,
     "y":0.32134},
    {"x":0.28297,
     "y":0.32374},
    {"x":0.30695,
     "y":0.32614},
    {"x":0.33094,
     "y":0.32614},
    {"x":0.35492,
     "y":0.32854},
    {"x":0.3789,
     "y":0.32854},
    {"x":0.40288,
     "y":0.32854},
    {"x":0.42686,
     "y":0.33094},
    {"x":0.45084,
     "y":0.33094},
    {"x":0.47482,
     "y":0.33094},
    {"x":0.4988,
     "y":0.33094},
    {"x":0.52278,
     "y":0.32614},
    {"x":0.54676,
     "y":0.32374},
    {"x":0.57074,
     "y":0.32374},
    {"x":0.59472,
     "y":0.32134},
    {"x":0.61871,
     "y":0.32134},
    {"x":0.64269,
     "y":0.32374},
    {"x":0.66667,
     "y":0.32614},
    {"x":0.69065,
     "y":0.32614},
    {"x":0.71463,
     "y":0.32854},
    {"x":0.73861,
     "y":0.32854},
    {"x":0.76259,
     "y":0.32854},
    {"x":0.78657,
     "y":0.33094},
    {"x":0.81055,
     "y":0.33094},
    {"x":0.83453,
     "y":0.33094},
    {"x":0.85851,
     "y":0.32854},
    {"x":0.88249,
     "y":0.32854},
    {"x":0.90647,
     "y":0.32614},
    {"x":0.93046,
     "y":0.32374},
    {"x":0.95444,
     "y":0.32134},
    {"x":0.97842,
     "y":0.31415},
    {"x":0.9952,
     "y":0.29017},
    {"x":0.9976,
     "y":0.26619},
    {"x":0.9976,
     "y":0.24221},
    {"x":0.9976,
     "y":0.21823},
    {"x":0.9976,
     "y":0.19424},
    {"x":0.9976,
     "y":0.17026},
    {"x":0.9976,
     "y":0.14628},
    {"x":1,
     "y":0.1223},
    {"x":1,
     "y":0.098321},
    {"x":0.9976,
     "y":0.074341},
    {"x":0.9976,
     "y":0.05036},
    {"x":0.98801,
     "y":0.026379},
    {"x":0.96403,
     "y":0.014388},
    {"x":0.94005,
     "y":0.0047962},
    {"x":0.91607,
     "y":0.0047962},
    {"x":0.89209,
     "y":0.0023981},
    {"x":0.86811,
     "y":0.0023981},
    {"x":0.84412,
     "y":0.0023981},
    {"x":0.82014,
     "y":0.0023981},
    {"x":0.79616,
     "y":0},
    {"x":0.77218,
     "y":0},
    {"x":0.7482,
     "y":0.0023981},
    {"x":0.72422,
     "y":0.0023981},
    {"x":0.70024,
     "y":0.0023981},
    {"x":0.67626,
     "y":0.0047962},
    {"x":0.65228,
     "y":0.0047962},
    {"x":0.6283,
     "y":0.0071942},
    {"x":0.60432,
     "y":0.0095923},
    {"x":0.58034,
     "y":0.0095923},
    {"x":0.55635,
     "y":0.0095923},
    {"x":0.53237,
     "y":0.0071942},
    {"x":0.50839,
     "y":0.0047962},
    {"x":0.48441,
     "y":0.0047962},
    {"x":0.46043,
     "y":0.0047962},
    {"x":0.43645,
     "y":0.0023981},
    {"x":0.41247,
     "y":0.0023981},
    {"x":0.38849,
     "y":0.0047962},
    {"x":0.36451,
     "y":0.0047962},
    {"x":0.34053,
     "y":0.0047962},
    {"x":0.31655,
     "y":0.0071942},
    {"x":0.29257,
     "y":0.0095923},
    {"x":0.26859,
     "y":0.01199},
    {"x":0.2446,
     "y":0.016787},
    {"x":0.22062,
     "y":0.016787},
    {"x":0.19664,
     "y":0.021583},
    {"x":0.17266,
     "y":0.038369},
    {"x":0.15348,
     "y":0.06235},
    {"x":0.14149,
     "y":0.086331},
    {"x":0.14149,
     "y":0.11031},
    {"x":0.14149,
     "y":0.13429},
    {"x":0.14149,
     "y":0.15827},
    {"x":0.14149,
     "y":0.17506}],
 "triangles":[
    {"p1":60,
     "p2":61,
     "p3":68},
    {"p1":61,
     "p2":67,
     "p3":68},
    {"p1":61,
     "p2":62,
     "p3":67},
    {"p1":96,
     "p2":97,
     "p3":98},
    {"p1":25,
     "p2":91,
     "p3":92},
    {"p1":51,
     "p2":52,
     "p3":53},
    {"p1":60,
     "p2":68,
     "p3":69},
    {"p1":47,
     "p2":48,
     "p3":57},
    {"p1":40,
     "p2":76,
     "p3":77},
    {"p1":62,
     "p2":65,
     "p3":67},
    {"p1":62,
     "p2":63,
     "p3":65},
    {"p1":63,
     "p2":64,
     "p3":65},
    {"p1":43,
     "p2":44,
     "p3":72},
    {"p1":47,
     "p2":57,
     "p3":58},
    {"p1":47,
     "p2":58,
     "p3":70},
    {"p1":43,
     "p2":72,
     "p3":73},
    {"p1":34,
     "p2":82,
     "p3":83},
    {"p1":27,
     "p2":28,
     "p3":89},
    {"p1":2,
     "p2":3,
     "p3":21},
    {"p1":3,
     "p2":20,
     "p3":21},
    {"p1":65,
     "p2":66,
     "p3":67},
    {"p1":94,
     "p2":95,
     "p3":103},
    {"p1":95,
     "p2":102,
     "p3":103},
    {"p1":48,
     "p2":56,
     "p3":57},
    {"p1":51,
     "p2":53,
     "p3":54},
    {"p1":50,
     "p2":51,
     "p3":54},
    {"p1":50,
     "p2":54,
     "p3":55},
    {"p1":29,
     "p2":30,
     "p3":86},
    {"p1":33,
     "p2":34,
     "p3":83},
    {"p1":59,
     "p2":69,
     "p3":70},
    {"p1":58,
     "p2":59,
     "p3":70},
    {"p1":59,
     "p2":60,
     "p3":69},
    {"p1":47,
     "p2":70,
     "p3":71},
    {"p1":44,
     "p2":45,
     "p3":71},
    {"p1":44,
     "p2":71,
     "p3":72},
    {"p1":39,
     "p2":40,
     "p3":77},
    {"p1":37,
     "p2":79,
     "p3":80},
    {"p1":28,
     "p2":88,
     "p3":89},
    {"p1":0,
     "p2":1,
     "p3":22},
    {"p1":0,
     "p2":22,
     "p3":23},
    {"p1":2,
     "p2":21,
     "p3":22},
    {"p1":1,
     "p2":2,
     "p3":22},
    {"p1":25,
     "p2":92,
     "p3":93},
    {"p1":0,
     "p2":23,
     "p3":93},
    {"p1":0,
     "p2":93,
     "p3":103},
    {"p1":93,
     "p2":94,
     "p3":103},
    {"p1":8,
     "p2":13,
     "p3":14},
    {"p1":9,
     "p2":11,
     "p3":12},
    {"p1":9,
     "p2":10,
     "p3":11},
    {"p1":9,
     "p2":12,
     "p3":13},
    {"p1":8,
     "p2":9,
     "p3":13},
    {"p1":95,
     "p2":101,
     "p3":102},
    {"p1":49,
     "p2":55,
     "p3":56},
    {"p1":49,
     "p2":50,
     "p3":55},
    {"p1":48,
     "p2":49,
     "p3":56},
    {"p1":41,
     "p2":42,
     "p3":75},
    {"p1":40,
     "p2":41,
     "p3":75},
    {"p1":40,
     "p2":75,
     "p3":76},
    {"p1":30,
     "p2":31,
     "p3":86},
    {"p1":31,
     "p2":32,
     "p3":33},
    {"p1":31,
     "p2":85,
     "p3":86},
    {"p1":31,
     "p2":33,
     "p3":85},
    {"p1":46,
     "p2":47,
     "p3":71},
    {"p1":45,
     "p2":46,
     "p3":71},
    {"p1":34,
     "p2":35,
     "p3":82},
    {"p1":38,
     "p2":77,
     "p3":78},
    {"p1":38,
     "p2":39,
     "p3":77},
    {"p1":38,
     "p2":78,
     "p3":79},
    {"p1":37,
     "p2":38,
     "p3":79},
    {"p1":25,
     "p2":90,
     "p3":91},
    {"p1":25,
     "p2":26,
     "p3":90},
    {"p1":26,
     "p2":27,
     "p3":90},
    {"p1":27,
     "p2":89,
     "p3":90},
    {"p1":28,
     "p2":87,
     "p3":88},
    {"p1":29,
     "p2":86,
     "p3":87},
    {"p1":28,
     "p2":29,
     "p3":87},
    {"p1":24,
     "p2":25,
     "p3":93},
    {"p1":23,
     "p2":24,
     "p3":93},
    {"p1":6,
     "p2":7,
     "p3":15},
    {"p1":7,
     "p2":14,
     "p3":15},
    {"p1":7,
     "p2":8,
     "p3":14},
    {"p1":99,
     "p2":100,
     "p3":101},
    {"p1":96,
     "p2":98,
     "p3":99},
    {"p1":95,
     "p2":96,
     "p3":99},
    {"p1":95,
     "p2":99,
     "p3":101},
    {"p1":42,
     "p2":43,
     "p3":74},
    {"p1":42,
     "p2":74,
     "p3":75},
    {"p1":43,
     "p2":73,
     "p3":74},
    {"p1":33,
     "p2":83,
     "p3":84},
    {"p1":33,
     "p2":84,
     "p3":85},
    {"p1":36,
     "p2":80,
     "p3":81},
    {"p1":36,
     "p2":37,
     "p3":80},
    {"p1":36,
     "p2":81,
     "p3":82},
    {"p1":35,
     "p2":36,
     "p3":82},
    {"p1":4,
     "p2":18,
     "p3":19},
    {"p1":4,
     "p2":19,
     "p3":20},
    {"p1":3,
     "p2":4,
     "p3":20},
    {"p1":6,
     "p2":15,
     "p3":16},
    {"p1":5,
     "p2":6,
     "p3":16},
    {"p1":4,
     "p2":5,
     "p3":17},
    {"p1":5,
     "p2":16,
     "p3":17},
    {"p1":4,
     "p2":17,
     "p3":18}]
}