{"points":[
    {"x":0.15328,
     "y":0.16302},
    {"x":0.15328,
     "y":0.18735},
    {"x":0.15328,
     "y":0.21168},
    {"x":0.15572,
     "y":0.23601},
    {"x":0.13869,
     "y":0.25061},
    {"x":0.11436,
     "y":0.25304},
    {"x":0.090024,
     "y":0.25304},
    {"x":0.065693,
     "y":0.25547},
    {"x":0.041363,
     "y":0.25791},
    {"x":0.017032,
     "y":0.26034},
    {"x":0,
     "y":0.27494},
    {"x":0.0072993,
     "y":0.29927},
    {"x":0.03163,
     "y":0.3017},
    {"x":0.055961,
     "y":0.3017},
    {"x":0.080292,
     "y":0.3017},
    {"x":0.10462,
     "y":0.30414},
    {"x":0.12895,
     "y":0.30414},
    {"x":0.15328,
     "y":0.30657},
    {"x":0.17762,
     "y":0.30657},
    {"x":0.20195,
     "y":0.30657},
    {"x":0.22628,
     "y":0.30657},
    {"x":0.25061,
     "y":0.30657},
    {"x":0.27494,
     "y":0.30657},
    {"x":0.29927,
     "y":0.30657},
    {"x":0.3236,
     "y":0.30657},
    {"x":0.34793,
     "y":0.30414},
    {"x":0.37226,
     "y":0.30414},
    {"x":0.39659,
     "y":0.30414},
    {"x":0.42092,
     "y":0.30414},
    {"x":0.44526,
     "y":0.30414},
    {"x":0.46959,
     "y":0.30414},
    {"x":0.49392,
     "y":0.30414},
    {"x":0.51825,
     "y":0.30414},
    {"x":0.54258,
     "y":0.30414},
    {"x":0.56691,
     "y":0.3017},
    {"x":0.59124,
     "y":0.3017},
    {"x":0.61557,
     "y":0.30414},
    {"x":0.6399,
     "y":0.30414},
    {"x":0.66423,
     "y":0.30414},
    {"x":0.68856,
     "y":0.3017},
    {"x":0.7129,
     "y":0.3017},
    {"x":0.73723,
     "y":0.30414},
    {"x":0.76156,
     "y":0.30414},
    {"x":0.78589,
     "y":0.3017},
    {"x":0.81022,
     "y":0.3017},
    {"x":0.83455,
     "y":0.29927},
    {"x":0.85888,
     "y":0.29927},
    {"x":0.88321,
     "y":0.29927},
    {"x":0.90754,
     "y":0.29927},
    {"x":0.93187,
     "y":0.29927},
    {"x":0.9562,
     "y":0.29927},
    {"x":0.98054,
     "y":0.29927},
    {"x":1,
     "y":0.28467},
    {"x":1,
     "y":0.26034},
    {"x":1,
     "y":0.23601},
    {"x":1,
     "y":0.21168},
    {"x":1,
     "y":0.18735},
    {"x":1,
     "y":0.16302},
    {"x":1,
     "y":0.13869},
    {"x":1,
     "y":0.11436},
    {"x":1,
     "y":0.090024},
    {"x":1,
     "y":0.065693},
    {"x":1,
     "y":0.041363},
    {"x":1,
     "y":0.017032},
    {"x":0.98297,
     "y":0.0024331},
    {"x":0.95864,
     "y":0.0024331},
    {"x":0.93431,
     "y":0.0024331},
    {"x":0.90998,
     "y":0.0024331},
    {"x":0.88564,
     "y":0.0024331},
    {"x":0.86131,
     "y":0.0024331},
    {"x":0.83698,
     "y":0.0024331},
    {"x":0.81265,
     "y":0.0024331},
    {"x":0.78832,
     "y":0.0024331},
    {"x":0.76399,
     "y":0.0024331},
    {"x":0.73966,
     "y":0.0024331},
    {"x":0.71533,
     "y":0.0024331},
    {"x":0.691,
     "y":0.0024331},
    {"x":0.66667,
     "y":0.0024331},
    {"x":0.64234,
     "y":0.0024331},
    {"x":0.618,
     "y":0.0024331},
    {"x":0.59367,
     "y":0.0048662},
    {"x":0.56934,
     "y":0.0048662},
    {"x":0.54501,
     "y":0.0048662},
    {"x":0.52068,
     "y":0.0048662},
    {"x":0.49635,
     "y":0.0048662},
    {"x":0.47202,
     "y":0},
    {"x":0.44769,
     "y":0.0024331},
    {"x":0.42336,
     "y":0.0072993},
    {"x":0.39903,
     "y":0.0024331},
    {"x":0.3747,
     "y":0},
    {"x":0.35036,
     "y":0.0072993},
    {"x":0.32603,
     "y":0.0072993},
    {"x":0.3017,
     "y":0.0072993},
    {"x":0.27737,
     "y":0.0072993},
    {"x":0.25304,
     "y":0.0072993},
    {"x":0.22871,
     "y":0.0097324},
    {"x":0.20438,
     "y":0.012165},
    {"x":0.18005,
     "y":0.021898},
    {"x":0.16058,
     "y":0.046229},
    {"x":0.15328,
     "y":0.07056},
    {"x":0.15085,
     "y":0.094891},
    {"x":0.15085,
     "y":0.11922},
    {"x":0.15328,
     "y":0.14355},
    {"x":0.15328,
     "y":0.16302}],
 "triangles":[
    {"p1":51,
     "p2":52,
     "p3":53},
    {"p1":60,
     "p2":66,
     "p3":67},
    {"p1":30,
     "p2":31,
     "p3":84},
    {"p1":84,
     "p2":85,
     "p3":86},
    {"p1":96,
     "p2":97,
     "p3":98},
    {"p1":1,
     "p2":2,
     "p3":21},
    {"p1":94,
     "p2":101,
     "p3":102},
    {"p1":94,
     "p2":95,
     "p3":101},
    {"p1":95,
     "p2":100,
     "p3":101},
    {"p1":9,
     "p2":10,
     "p3":11},
    {"p1":9,
     "p2":11,
     "p3":12},
    {"p1":31,
     "p2":32,
     "p3":84},
    {"p1":32,
     "p2":83,
     "p3":84},
    {"p1":28,
     "p2":29,
     "p3":87},
    {"p1":29,
     "p2":30,
     "p3":87},
    {"p1":30,
     "p2":84,
     "p3":87},
    {"p1":84,
     "p2":86,
     "p3":87},
    {"p1":25,
     "p2":90,
     "p3":91},
    {"p1":25,
     "p2":26,
     "p3":90},
    {"p1":44,
     "p2":71,
     "p3":72},
    {"p1":42,
     "p2":73,
     "p3":74},
    {"p1":61,
     "p2":65,
     "p3":66},
    {"p1":60,
     "p2":61,
     "p3":66},
    {"p1":95,
     "p2":99,
     "p3":100},
    {"p1":96,
     "p2":98,
     "p3":99},
    {"p1":95,
     "p2":96,
     "p3":99},
    {"p1":35,
     "p2":36,
     "p3":80},
    {"p1":34,
     "p2":81,
     "p3":82},
    {"p1":35,
     "p2":80,
     "p3":81},
    {"p1":34,
     "p2":35,
     "p3":81},
    {"p1":33,
     "p2":34,
     "p3":82},
    {"p1":32,
     "p2":33,
     "p3":83},
    {"p1":33,
     "p2":82,
     "p3":83},
    {"p1":39,
     "p2":76,
     "p3":77},
    {"p1":93,
     "p2":94,
     "p3":102},
    {"p1":92,
     "p2":93,
     "p3":102},
    {"p1":27,
     "p2":28,
     "p3":87},
    {"p1":26,
     "p2":27,
     "p3":90},
    {"p1":27,
     "p2":87,
     "p3":90},
    {"p1":88,
     "p2":89,
     "p3":90},
    {"p1":87,
     "p2":88,
     "p3":90},
    {"p1":38,
     "p2":39,
     "p3":77},
    {"p1":37,
     "p2":38,
     "p3":78},
    {"p1":38,
     "p2":77,
     "p3":78},
    {"p1":40,
     "p2":74,
     "p3":75},
    {"p1":39,
     "p2":40,
     "p3":76},
    {"p1":40,
     "p2":75,
     "p3":76},
    {"p1":43,
     "p2":72,
     "p3":73},
    {"p1":42,
     "p2":43,
     "p3":73},
    {"p1":43,
     "p2":44,
     "p3":72},
    {"p1":45,
     "p2":70,
     "p3":71},
    {"p1":44,
     "p2":45,
     "p3":71},
    {"p1":59,
     "p2":60,
     "p3":67},
    {"p1":59,
     "p2":67,
     "p3":68},
    {"p1":61,
     "p2":62,
     "p3":65},
    {"p1":62,
     "p2":63,
     "p3":64},
    {"p1":62,
     "p2":64,
     "p3":65},
    {"p1":1,
     "p2":21,
     "p3":22},
    {"p1":24,
     "p2":25,
     "p3":91},
    {"p1":24,
     "p2":91,
     "p3":92},
    {"p1":23,
     "p2":24,
     "p3":92},
    {"p1":4,
     "p2":17,
     "p3":18},
    {"p1":4,
     "p2":16,
     "p3":17},
    {"p1":5,
     "p2":6,
     "p3":15},
    {"p1":4,
     "p2":5,
     "p3":16},
    {"p1":5,
     "p2":15,
     "p3":16},
    {"p1":8,
     "p2":9,
     "p3":12},
    {"p1":8,
     "p2":12,
     "p3":13},
    {"p1":7,
     "p2":8,
     "p3":13},
    {"p1":0,
     "p2":92,
     "p3":102},
    {"p1":0,
     "p2":23,
     "p3":92},
    {"p1":0,
     "p2":22,
     "p3":23},
    {"p1":0,
     "p2":1,
     "p3":22},
    {"p1":37,
     "p2":78,
     "p3":79},
    {"p1":36,
     "p2":37,
     "p3":79},
    {"p1":36,
     "p2":79,
     "p3":80},
    {"p1":41,
     "p2":42,
     "p3":74},
    {"p1":40,
     "p2":41,
     "p3":74},
    {"p1":47,
     "p2":48,
     "p3":56},
    {"p1":50,
     "p2":51,
     "p3":53},
    {"p1":50,
     "p2":53,
     "p3":54},
    {"p1":49,
     "p2":50,
     "p3":54},
    {"p1":46,
     "p2":69,
     "p3":70},
    {"p1":45,
     "p2":46,
     "p3":70},
    {"p1":58,
     "p2":68,
     "p3":69},
    {"p1":58,
     "p2":59,
     "p3":68},
    {"p1":46,
     "p2":58,
     "p3":69},
    {"p1":3,
     "p2":18,
     "p3":19},
    {"p1":3,
     "p2":4,
     "p3":18},
    {"p1":3,
     "p2":19,
     "p3":20},
    {"p1":3,
     "p2":20,
     "p3":21},
    {"p1":2,
     "p2":3,
     "p3":21},
    {"p1":6,
     "p2":7,
     "p3":14},
    {"p1":7,
     "p2":13,
     "p3":14},
    {"p1":6,
     "p2":14,
     "p3":15},
    {"p1":48,
     "p2":49,
     "p3":55},
    {"p1":49,
     "p2":54,
     "p3":55},
    {"p1":48,
     "p2":55,
     "p3":56},
    {"p1":46,
     "p2":57,
     "p3":58},
    {"p1":47,
     "p2":56,
     "p3":57},
    {"p1":46,
     "p2":47,
     "p3":57}]
}