{"points":[
    {"x":0.14932,
     "y":0.18778},
    {"x":0.14932,
     "y":0.21267},
    {"x":0.15611,
     "y":0.23756},
    {"x":0.16063,
     "y":0.26244},
    {"x":0.1448,
     "y":0.27828},
    {"x":0.11991,
     "y":0.28054},
    {"x":0.095023,
     "y":0.27828},
    {"x":0.070136,
     "y":0.27828},
    {"x":0.045249,
     "y":0.27828},
    {"x":0.020362,
     "y":0.28054},
    {"x":0,
     "y":0.29186},
    {"x":0,
     "y":0.31674},
    {"x":0.0181,
     "y":0.33032},
    {"x":0.042986,
     "y":0.33032},
    {"x":0.067873,
     "y":0.33258},
    {"x":0.09276,
     "y":0.33258},
    {"x":0.11765,
     "y":0.33258},
    {"x":0.14253,
     "y":0.33258},
    {"x":0.16742,
     "y":0.33484},
    {"x":0.19231,
     "y":0.3371},
    {"x":0.21719,
     "y":0.3371},
    {"x":0.24208,
     "y":0.34389},
    {"x":0.26697,
     "y":0.34389},
    {"x":0.29186,
     "y":0.34389},
    {"x":0.31674,
     "y":0.34615},
    {"x":0.34163,
     "y":0.34615},
    {"x":0.36652,
     "y":0.34615},
    {"x":0.3914,
     "y":0.34615},
    {"x":0.41629,
     "y":0.34615},
    {"x":0.44118,
     "y":0.34615},
    {"x":0.46606,
     "y":0.34615},
    {"x":0.49095,
     "y":0.34615},
    {"x":0.51584,
     "y":0.34615},
    {"x":0.54072,
     "y":0.34615},
    {"x":0.56561,
     "y":0.34615},
    {"x":0.5905,
     "y":0.34615},
    {"x":0.61538,
     "y":0.34615},
    {"x":0.64027,
     "y":0.34615},
    {"x":0.66516,
     "y":0.34615},
    {"x":0.69005,
     "y":0.34389},
    {"x":0.71493,
     "y":0.34389},
    {"x":0.73982,
     "y":0.34389},
    {"x":0.76471,
     "y":0.34389},
    {"x":0.78959,
     "y":0.34163},
    {"x":0.81448,
     "y":0.34163},
    {"x":0.83937,
     "y":0.34163},
    {"x":0.86425,
     "y":0.34163},
    {"x":0.88914,
     "y":0.33937},
    {"x":0.91403,
     "y":0.33937},
    {"x":0.93891,
     "y":0.33937},
    {"x":0.9638,
     "y":0.33032},
    {"x":0.98869,
     "y":0.31448},
    {"x":1,
     "y":0.28959},
    {"x":1,
     "y":0.26471},
    {"x":1,
     "y":0.23982},
    {"x":1,
     "y":0.21493},
    {"x":0.99774,
     "y":0.19005},
    {"x":0.99774,
     "y":0.16516},
    {"x":0.99548,
     "y":0.14027},
    {"x":0.99321,
     "y":0.11538},
    {"x":0.99095,
     "y":0.090498},
    {"x":0.98869,
     "y":0.065611},
    {"x":0.98416,
     "y":0.040724},
    {"x":0.96154,
     "y":0.020362},
    {"x":0.93665,
     "y":0.015837},
    {"x":0.91176,
     "y":0.015837},
    {"x":0.88688,
     "y":0.015837},
    {"x":0.86199,
     "y":0.013575},
    {"x":0.8371,
     "y":0.013575},
    {"x":0.81222,
     "y":0.011312},
    {"x":0.78733,
     "y":0.011312},
    {"x":0.76244,
     "y":0.011312},
    {"x":0.73756,
     "y":0.011312},
    {"x":0.71267,
     "y":0.0090498},
    {"x":0.68778,
     "y":0.0090498},
    {"x":0.6629,
     "y":0.0090498},
    {"x":0.63801,
     "y":0.0090498},
    {"x":0.61312,
     "y":0.0022624},
    {"x":0.58824,
     "y":0},
    {"x":0.56335,
     "y":0.0067873},
    {"x":0.53846,
     "y":0.0067873},
    {"x":0.51357,
     "y":0.0045249},
    {"x":0.48869,
     "y":0.0045249},
    {"x":0.4638,
     "y":0.0045249},
    {"x":0.43891,
     "y":0.0045249},
    {"x":0.41403,
     "y":0.0022624},
    {"x":0.38914,
     "y":0.0045249},
    {"x":0.36425,
     "y":0.0045249},
    {"x":0.33937,
     "y":0.0045249},
    {"x":0.31448,
     "y":0.0045249},
    {"x":0.28959,
     "y":0.0045249},
    {"x":0.26471,
     "y":0.0067873},
    {"x":0.23982,
     "y":0.0090498},
    {"x":0.21493,
     "y":0.0181},
    {"x":0.19005,
     "y":0.036199},
    {"x":0.16968,
     "y":0.058824},
    {"x":0.16063,
     "y":0.08371},
    {"x":0.15611,
     "y":0.1086},
    {"x":0.14932,
     "y":0.13348},
    {"x":0.14932,
     "y":0.15837},
    {"x":0.14932,
     "y":0.18326},
    {"x":0.14932,
     "y":0.18778}],
 "triangles":[
    {"p1":50,
     "p2":51,
     "p3":52},
    {"p1":61,
     "p2":62,
     "p3":63},
    {"p1":49,
     "p2":50,
     "p3":53},
    {"p1":50,
     "p2":52,
     "p3":53},
    {"p1":26,
     "p2":27,
     "p3":86},
    {"p1":33,
     "p2":34,
     "p3":79},
    {"p1":23,
     "p2":24,
     "p3":100},
    {"p1":24,
     "p2":89,
     "p3":100},
    {"p1":2,
     "p2":22,
     "p3":23},
    {"p1":48,
     "p2":53,
     "p3":54},
    {"p1":47,
     "p2":48,
     "p3":54},
    {"p1":48,
     "p2":49,
     "p3":53},
    {"p1":47,
     "p2":54,
     "p3":55},
    {"p1":37,
     "p2":38,
     "p3":75},
    {"p1":24,
     "p2":88,
     "p3":89},
    {"p1":34,
     "p2":35,
     "p3":79},
    {"p1":27,
     "p2":28,
     "p3":86},
    {"p1":30,
     "p2":82,
     "p3":83},
    {"p1":33,
     "p2":79,
     "p3":80},
    {"p1":32,
     "p2":33,
     "p3":80},
    {"p1":32,
     "p2":80,
     "p3":81},
    {"p1":91,
     "p2":92,
     "p3":93},
    {"p1":9,
     "p2":12,
     "p3":13},
    {"p1":9,
     "p2":10,
     "p3":11},
    {"p1":9,
     "p2":11,
     "p3":12},
    {"p1":36,
     "p2":37,
     "p3":76},
    {"p1":37,
     "p2":75,
     "p3":76},
    {"p1":35,
     "p2":36,
     "p3":76},
    {"p1":35,
     "p2":76,
     "p3":79},
    {"p1":24,
     "p2":25,
     "p3":88},
    {"p1":26,
     "p2":86,
     "p3":87},
    {"p1":25,
     "p2":26,
     "p3":87},
    {"p1":25,
     "p2":87,
     "p3":88},
    {"p1":29,
     "p2":30,
     "p3":83},
    {"p1":30,
     "p2":31,
     "p3":82},
    {"p1":31,
     "p2":81,
     "p3":82},
    {"p1":31,
     "p2":32,
     "p3":81},
    {"p1":90,
     "p2":91,
     "p3":97},
    {"p1":91,
     "p2":93,
     "p3":94},
    {"p1":7,
     "p2":14,
     "p3":15},
    {"p1":7,
     "p2":13,
     "p3":14},
    {"p1":97,
     "p2":98,
     "p3":99},
    {"p1":89,
     "p2":99,
     "p3":100},
    {"p1":89,
     "p2":90,
     "p3":99},
    {"p1":90,
     "p2":97,
     "p3":99},
    {"p1":4,
     "p2":17,
     "p3":18},
    {"p1":2,
     "p2":3,
     "p3":22},
    {"p1":3,
     "p2":21,
     "p3":22},
    {"p1":3,
     "p2":20,
     "p3":21},
    {"p1":3,
     "p2":19,
     "p3":20},
    {"p1":3,
     "p2":4,
     "p3":18},
    {"p1":3,
     "p2":18,
     "p3":19},
    {"p1":45,
     "p2":46,
     "p3":56},
    {"p1":46,
     "p2":47,
     "p3":56},
    {"p1":47,
     "p2":55,
     "p3":56},
    {"p1":39,
     "p2":40,
     "p3":73},
    {"p1":38,
     "p2":39,
     "p3":75},
    {"p1":61,
     "p2":63,
     "p3":64},
    {"p1":77,
     "p2":78,
     "p3":79},
    {"p1":76,
     "p2":77,
     "p3":79},
    {"p1":29,
     "p2":83,
     "p3":84},
    {"p1":28,
     "p2":29,
     "p3":84},
    {"p1":84,
     "p2":85,
     "p3":86},
    {"p1":28,
     "p2":84,
     "p3":86},
    {"p1":91,
     "p2":96,
     "p3":97},
    {"p1":91,
     "p2":94,
     "p3":96},
    {"p1":94,
     "p2":95,
     "p3":96},
    {"p1":8,
     "p2":9,
     "p3":13},
    {"p1":7,
     "p2":8,
     "p3":13},
    {"p1":6,
     "p2":7,
     "p3":15},
    {"p1":0,
     "p2":1,
     "p3":2},
    {"p1":0,
     "p2":23,
     "p3":100},
    {"p1":0,
     "p2":2,
     "p3":23},
    {"p1":39,
     "p2":73,
     "p3":74},
    {"p1":39,
     "p2":74,
     "p3":75},
    {"p1":5,
     "p2":15,
     "p3":16},
    {"p1":5,
     "p2":6,
     "p3":15},
    {"p1":4,
     "p2":5,
     "p3":17},
    {"p1":5,
     "p2":16,
     "p3":17},
    {"p1":42,
     "p2":43,
     "p3":71},
    {"p1":41,
     "p2":42,
     "p3":71},
    {"p1":45,
     "p2":56,
     "p3":68},
    {"p1":44,
     "p2":45,
     "p3":68},
    {"p1":41,
     "p2":71,
     "p3":72},
    {"p1":40,
     "p2":72,
     "p3":73},
    {"p1":40,
     "p2":41,
     "p3":72},
    {"p1":56,
     "p2":57,
     "p3":68},
    {"p1":57,
     "p2":58,
     "p3":68},
    {"p1":43,
     "p2":44,
     "p3":69},
    {"p1":44,
     "p2":68,
     "p3":69},
    {"p1":58,
     "p2":59,
     "p3":66},
    {"p1":59,
     "p2":60,
     "p3":66},
    {"p1":43,
     "p2":70,
     "p3":71},
    {"p1":43,
     "p2":69,
     "p3":70},
    {"p1":58,
     "p2":67,
     "p3":68},
    {"p1":58,
     "p2":66,
     "p3":67},
    {"p1":60,
     "p2":65,
     "p3":66},
    {"p1":60,
     "p2":61,
     "p3":65},
    {"p1":61,
     "p2":64,
     "p3":65}]
}