{"points":[
    {"x":0.17183,
     "y":0.17465},
    {"x":0.17183,
     "y":0.19718},
    {"x":0.17465,
     "y":0.21972},
    {"x":0.17465,
     "y":0.24225},
    {"x":0.15493,
     "y":0.2507},
    {"x":0.13239,
     "y":0.2507},
    {"x":0.10986,
     "y":0.2507},
    {"x":0.087324,
     "y":0.25352},
    {"x":0.064789,
     "y":0.25352},
    {"x":0.042254,
     "y":0.25352},
    {"x":0.019718,
     "y":0.25634},
    {"x":0,
     "y":0.26479},
    {"x":0,
     "y":0.28732},
    {"x":0.022535,
     "y":0.29577},
    {"x":0.04507,
     "y":0.29577},
    {"x":0.067606,
     "y":0.29577},
    {"x":0.090141,
     "y":0.29859},
    {"x":0.11268,
     "y":0.29859},
    {"x":0.13521,
     "y":0.29859},
    {"x":0.15775,
     "y":0.29859},
    {"x":0.18028,
     "y":0.30423},
    {"x":0.20282,
     "y":0.30423},
    {"x":0.22535,
     "y":0.30704},
    {"x":0.24789,
     "y":0.30986},
    {"x":0.27042,
     "y":0.30986},
    {"x":0.29296,
     "y":0.30986},
    {"x":0.31549,
     "y":0.30986},
    {"x":0.33803,
     "y":0.30986},
    {"x":0.36056,
     "y":0.30704},
    {"x":0.3831,
     "y":0.30704},
    {"x":0.40563,
     "y":0.30704},
    {"x":0.42817,
     "y":0.30704},
    {"x":0.4507,
     "y":0.30704},
    {"x":0.47324,
     "y":0.30704},
    {"x":0.49577,
     "y":0.30704},
    {"x":0.51831,
     "y":0.30704},
    {"x":0.54085,
     "y":0.30423},
    {"x":0.56338,
     "y":0.30423},
    {"x":0.58592,
     "y":0.30423},
    {"x":0.60845,
     "y":0.30704},
    {"x":0.63099,
     "y":0.30986},
    {"x":0.65352,
     "y":0.30986},
    {"x":0.67606,
     "y":0.30986},
    {"x":0.69859,
     "y":0.30986},
    {"x":0.72113,
     "y":0.30986},
    {"x":0.74366,
     "y":0.30986},
    {"x":0.7662,
     "y":0.30986},
    {"x":0.78873,
     "y":0.30986},
    {"x":0.81127,
     "y":0.30986},
    {"x":0.8338,
     "y":0.30986},
    {"x":0.85634,
     "y":0.30986},
    {"x":0.87887,
     "y":0.30704},
    {"x":0.90141,
     "y":0.30423},
    {"x":0.92394,
     "y":0.30141},
    {"x":0.94648,
     "y":0.30141},
    {"x":0.96901,
     "y":0.30141},
    {"x":0.98873,
     "y":0.29296},
    {"x":0.99155,
     "y":0.27042},
    {"x":0.99437,
     "y":0.24789},
    {"x":0.99437,
     "y":0.22535},
    {"x":0.99437,
     "y":0.20282},
    {"x":0.99718,
     "y":0.18028},
    {"x":0.99718,
     "y":0.15775},
    {"x":1,
     "y":0.13521},
    {"x":1,
     "y":0.11268},
    {"x":0.99718,
     "y":0.090141},
    {"x":0.99718,
     "y":0.067606},
    {"x":0.99718,
     "y":0.04507},
    {"x":0.99718,
     "y":0.022535},
    {"x":0.9831,
     "y":0.0056338},
    {"x":0.96056,
     "y":0.0056338},
    {"x":0.93803,
     "y":0.0056338},
    {"x":0.91549,
     "y":0.0056338},
    {"x":0.89296,
     "y":0.0028169},
    {"x":0.87042,
     "y":0.0028169},
    {"x":0.84789,
     "y":0.0028169},
    {"x":0.82535,
     "y":0.0028169},
    {"x":0.80282,
     "y":0.0028169},
    {"x":0.78028,
     "y":0.0028169},
    {"x":0.75775,
     "y":0.0028169},
    {"x":0.73521,
     "y":0.0028169},
    {"x":0.71268,
     "y":0.0028169},
    {"x":0.69014,
     "y":0.0028169},
    {"x":0.66761,
     "y":0.0028169},
    {"x":0.64507,
     "y":0.0028169},
    {"x":0.62254,
     "y":0.0056338},
    {"x":0.6,
     "y":0.0084507},
    {"x":0.57746,
     "y":0.0084507},
    {"x":0.55493,
     "y":0.0084507},
    {"x":0.53239,
     "y":0.0084507},
    {"x":0.50986,
     "y":0.0028169},
    {"x":0.48732,
     "y":0},
    {"x":0.46479,
     "y":0.0028169},
    {"x":0.44225,
     "y":0.0084507},
    {"x":0.41972,
     "y":0.0028169},
    {"x":0.39718,
     "y":0.0028169},
    {"x":0.37465,
     "y":0.011268},
    {"x":0.35211,
     "y":0.011268},
    {"x":0.32958,
     "y":0.0084507},
    {"x":0.30704,
     "y":0.0056338},
    {"x":0.28451,
     "y":0.0056338},
    {"x":0.26197,
     "y":0.011268},
    {"x":0.23944,
     "y":0.014085},
    {"x":0.2169,
     "y":0.014085},
    {"x":0.19437,
     "y":0.028169},
    {"x":0.18028,
     "y":0.050704},
    {"x":0.17183,
     "y":0.073239},
    {"x":0.16901,
     "y":0.095775},
    {"x":0.16901,
     "y":0.11831},
    {"x":0.16901,
     "y":0.14085},
    {"x":0.16901,
     "y":0.16338},
    {"x":0.17183,
     "y":0.17465}],
 "triangles":[
    {"p1":64,
     "p2":65,
     "p3":73},
    {"p1":55,
     "p2":56,
     "p3":57},
    {"p1":53,
     "p2":58,
     "p3":59},
    {"p1":53,
     "p2":59,
     "p3":60},
    {"p1":9,
     "p2":13,
     "p3":14},
    {"p1":8,
     "p2":9,
     "p3":14},
    {"p1":65,
     "p2":66,
     "p3":72},
    {"p1":65,
     "p2":72,
     "p3":73},
    {"p1":0,
     "p2":109,
     "p3":110},
    {"p1":51,
     "p2":60,
     "p3":61},
    {"p1":50,
     "p2":51,
     "p3":62},
    {"p1":51,
     "p2":61,
     "p3":62},
    {"p1":3,
     "p2":20,
     "p3":21},
    {"p1":9,
     "p2":10,
     "p3":13},
    {"p1":10,
     "p2":11,
     "p3":12},
    {"p1":10,
     "p2":12,
     "p3":13},
    {"p1":5,
     "p2":17,
     "p3":18},
    {"p1":7,
     "p2":16,
     "p3":17},
    {"p1":8,
     "p2":14,
     "p3":15},
    {"p1":7,
     "p2":8,
     "p3":15},
    {"p1":7,
     "p2":15,
     "p3":16},
    {"p1":62,
     "p2":63,
     "p3":74},
    {"p1":63,
     "p2":64,
     "p3":74},
    {"p1":64,
     "p2":73,
     "p3":74},
    {"p1":66,
     "p2":67,
     "p3":71},
    {"p1":66,
     "p2":71,
     "p3":72},
    {"p1":35,
     "p2":36,
     "p3":89},
    {"p1":2,
     "p2":3,
     "p3":23},
    {"p1":52,
     "p2":53,
     "p3":60},
    {"p1":51,
     "p2":52,
     "p3":60},
    {"p1":3,
     "p2":22,
     "p3":23},
    {"p1":3,
     "p2":21,
     "p3":22},
    {"p1":5,
     "p2":6,
     "p3":17},
    {"p1":6,
     "p2":7,
     "p3":17},
    {"p1":45,
     "p2":79,
     "p3":80},
    {"p1":62,
     "p2":74,
     "p3":75},
    {"p1":67,
     "p2":70,
     "p3":71},
    {"p1":68,
     "p2":69,
     "p3":70},
    {"p1":67,
     "p2":68,
     "p3":70},
    {"p1":40,
     "p2":41,
     "p3":85},
    {"p1":41,
     "p2":42,
     "p3":83},
    {"p1":44,
     "p2":45,
     "p3":80},
    {"p1":38,
     "p2":39,
     "p3":86},
    {"p1":39,
     "p2":40,
     "p3":85},
    {"p1":39,
     "p2":85,
     "p3":86},
    {"p1":90,
     "p2":91,
     "p3":92},
    {"p1":93,
     "p2":94,
     "p3":96},
    {"p1":94,
     "p2":95,
     "p3":96},
    {"p1":29,
     "p2":30,
     "p3":96},
    {"p1":30,
     "p2":31,
     "p3":93},
    {"p1":30,
     "p2":93,
     "p3":96},
    {"p1":27,
     "p2":28,
     "p3":97},
    {"p1":28,
     "p2":96,
     "p3":97},
    {"p1":28,
     "p2":29,
     "p3":96},
    {"p1":4,
     "p2":5,
     "p3":18},
    {"p1":4,
     "p2":18,
     "p3":19},
    {"p1":3,
     "p2":4,
     "p3":20},
    {"p1":4,
     "p2":19,
     "p3":20},
    {"p1":1,
     "p2":2,
     "p3":25},
    {"p1":0,
     "p2":1,
     "p3":25},
    {"p1":54,
     "p2":55,
     "p3":57},
    {"p1":54,
     "p2":57,
     "p3":58},
    {"p1":53,
     "p2":54,
     "p3":58},
    {"p1":48,
     "p2":76,
     "p3":77},
    {"p1":41,
     "p2":83,
     "p3":84},
    {"p1":41,
     "p2":84,
     "p3":85},
    {"p1":42,
     "p2":82,
     "p3":83},
    {"p1":34,
     "p2":35,
     "p3":89},
    {"p1":34,
     "p2":89,
     "p3":93},
    {"p1":33,
     "p2":34,
     "p3":93},
    {"p1":31,
     "p2":32,
     "p3":93},
    {"p1":32,
     "p2":33,
     "p3":93},
    {"p1":38,
     "p2":86,
     "p3":87},
    {"p1":37,
     "p2":38,
     "p3":87},
    {"p1":0,
     "p2":98,
     "p3":109},
    {"p1":98,
     "p2":99,
     "p3":109},
    {"p1":102,
     "p2":106,
     "p3":107},
    {"p1":102,
     "p2":105,
     "p3":106},
    {"p1":102,
     "p2":103,
     "p3":104},
    {"p1":102,
     "p2":104,
     "p3":105},
    {"p1":101,
     "p2":108,
     "p3":109},
    {"p1":99,
     "p2":101,
     "p3":109},
    {"p1":101,
     "p2":107,
     "p3":108},
    {"p1":101,
     "p2":102,
     "p3":107},
    {"p1":99,
     "p2":100,
     "p3":101},
    {"p1":2,
     "p2":23,
     "p3":24},
    {"p1":2,
     "p2":24,
     "p3":25},
    {"p1":0,
     "p2":25,
     "p3":26},
    {"p1":26,
     "p2":27,
     "p3":97},
    {"p1":0,
     "p2":26,
     "p3":98},
    {"p1":26,
     "p2":97,
     "p3":98},
    {"p1":48,
     "p2":49,
     "p3":76},
    {"p1":49,
     "p2":75,
     "p3":76},
    {"p1":49,
     "p2":50,
     "p3":62},
    {"p1":49,
     "p2":62,
     "p3":75},
    {"p1":45,
     "p2":46,
     "p3":79},
    {"p1":46,
     "p2":78,
     "p3":79},
    {"p1":44,
     "p2":80,
     "p3":81},
    {"p1":42,
     "p2":43,
     "p3":82},
    {"p1":43,
     "p2":44,
     "p3":81},
    {"p1":43,
     "p2":81,
     "p3":82},
    {"p1":37,
     "p2":87,
     "p3":88},
    {"p1":36,
     "p2":88,
     "p3":89},
    {"p1":36,
     "p2":37,
     "p3":88},
    {"p1":46,
     "p2":47,
     "p3":78},
    {"p1":47,
     "p2":77,
     "p3":78},
    {"p1":47,
     "p2":48,
     "p3":77},
    {"p1":89,
     "p2":90,
     "p3":93},
    {"p1":90,
     "p2":92,
     "p3":93}]
}