{"points":[
    {"x":0.15531,
     "y":0.19074},
    {"x":0.15804,
     "y":0.21526},
    {"x":0.16076,
     "y":0.23978},
    {"x":0.16349,
     "y":0.26431},
    {"x":0.16076,
     "y":0.28883},
    {"x":0.13624,
     "y":0.29155},
    {"x":0.11172,
     "y":0.29428},
    {"x":0.087193,
     "y":0.29428},
    {"x":0.06267,
     "y":0.297},
    {"x":0.038147,
     "y":0.297},
    {"x":0.013624,
     "y":0.30245},
    {"x":0,
     "y":0.32153},
    {"x":0.010899,
     "y":0.34332},
    {"x":0.035422,
     "y":0.34877},
    {"x":0.059946,
     "y":0.34877},
    {"x":0.084469,
     "y":0.34877},
    {"x":0.10899,
     "y":0.34877},
    {"x":0.13351,
     "y":0.34877},
    {"x":0.15804,
     "y":0.34605},
    {"x":0.18256,
     "y":0.34877},
    {"x":0.20708,
     "y":0.35967},
    {"x":0.23161,
     "y":0.3624},
    {"x":0.25613,
     "y":0.3624},
    {"x":0.28065,
     "y":0.36785},
    {"x":0.30518,
     "y":0.37057},
    {"x":0.3297,
     "y":0.3733},
    {"x":0.35422,
     "y":0.3733},
    {"x":0.37875,
     "y":0.3733},
    {"x":0.40327,
     "y":0.37057},
    {"x":0.42779,
     "y":0.37057},
    {"x":0.45232,
     "y":0.37057},
    {"x":0.47684,
     "y":0.37057},
    {"x":0.50136,
     "y":0.37057},
    {"x":0.52589,
     "y":0.37057},
    {"x":0.55041,
     "y":0.37057},
    {"x":0.57493,
     "y":0.37057},
    {"x":0.59946,
     "y":0.37057},
    {"x":0.62398,
     "y":0.37057},
    {"x":0.6485,
     "y":0.36785},
    {"x":0.67302,
     "y":0.36785},
    {"x":0.69755,
     "y":0.36785},
    {"x":0.72207,
     "y":0.36785},
    {"x":0.74659,
     "y":0.36785},
    {"x":0.77112,
     "y":0.36785},
    {"x":0.79564,
     "y":0.36785},
    {"x":0.82016,
     "y":0.36785},
    {"x":0.84469,
     "y":0.36785},
    {"x":0.86921,
     "y":0.36512},
    {"x":0.89373,
     "y":0.36785},
    {"x":0.91826,
     "y":0.36785},
    {"x":0.94278,
     "y":0.36512},
    {"x":0.9673,
     "y":0.36512},
    {"x":0.99183,
     "y":0.35422},
    {"x":0.99455,
     "y":0.3297},
    {"x":0.99728,
     "y":0.30518},
    {"x":0.99728,
     "y":0.28065},
    {"x":0.99728,
     "y":0.25613},
    {"x":1,
     "y":0.23161},
    {"x":1,
     "y":0.20708},
    {"x":1,
     "y":0.18256},
    {"x":1,
     "y":0.15804},
    {"x":1,
     "y":0.13351},
    {"x":0.99728,
     "y":0.10899},
    {"x":0.99728,
     "y":0.084469},
    {"x":0.99728,
     "y":0.059946},
    {"x":0.99455,
     "y":0.035422},
    {"x":0.98638,
     "y":0.010899},
    {"x":0.96185,
     "y":0.0054496},
    {"x":0.93733,
     "y":0.0054496},
    {"x":0.91281,
     "y":0.0054496},
    {"x":0.88828,
     "y":0.0054496},
    {"x":0.86376,
     "y":0.0054496},
    {"x":0.83924,
     "y":0.0054496},
    {"x":0.81471,
     "y":0.0054496},
    {"x":0.79019,
     "y":0.0054496},
    {"x":0.76567,
     "y":0.0054496},
    {"x":0.74114,
     "y":0.0054496},
    {"x":0.71662,
     "y":0.0054496},
    {"x":0.6921,
     "y":0.0054496},
    {"x":0.66757,
     "y":0.0054496},
    {"x":0.64305,
     "y":0.0054496},
    {"x":0.61853,
     "y":0.0054496},
    {"x":0.59401,
     "y":0.0054496},
    {"x":0.56948,
     "y":0.0081744},
    {"x":0.54496,
     "y":0.0081744},
    {"x":0.52044,
     "y":0.0081744},
    {"x":0.49591,
     "y":0.0081744},
    {"x":0.47139,
     "y":0},
    {"x":0.44687,
     "y":0.0054496},
    {"x":0.42234,
     "y":0.0081744},
    {"x":0.39782,
     "y":0.0027248},
    {"x":0.3733,
     "y":0.0027248},
    {"x":0.34877,
     "y":0.010899},
    {"x":0.32425,
     "y":0.010899},
    {"x":0.29973,
     "y":0.010899},
    {"x":0.2752,
     "y":0.010899},
    {"x":0.25068,
     "y":0.016349},
    {"x":0.22616,
     "y":0.019074},
    {"x":0.20163,
     "y":0.024523},
    {"x":0.17711,
     "y":0.035422},
    {"x":0.16621,
     "y":0.059946},
    {"x":0.16349,
     "y":0.084469},
    {"x":0.16076,
     "y":0.10899},
    {"x":0.15804,
     "y":0.13351},
    {"x":0.15804,
     "y":0.15804},
    {"x":0.15531,
     "y":0.18256},
    {"x":0.15531,
     "y":0.19074}],
 "triangles":[
    {"p1":10,
     "p2":11,
     "p3":12},
    {"p1":10,
     "p2":12,
     "p3":13},
    {"p1":86,
     "p2":87,
     "p3":88},
    {"p1":94,
     "p2":103,
     "p3":104},
    {"p1":59,
     "p2":60,
     "p3":72},
    {"p1":65,
     "p2":66,
     "p3":67},
    {"p1":94,
     "p2":96,
     "p3":103},
    {"p1":59,
     "p2":72,
     "p3":73},
    {"p1":65,
     "p2":67,
     "p3":68},
    {"p1":64,
     "p2":65,
     "p3":68},
    {"p1":60,
     "p2":61,
     "p3":71},
    {"p1":60,
     "p2":71,
     "p3":72},
    {"p1":61,
     "p2":62,
     "p3":71},
    {"p1":62,
     "p2":70,
     "p3":71},
    {"p1":51,
     "p2":52,
     "p3":53},
    {"p1":49,
     "p2":50,
     "p3":55},
    {"p1":50,
     "p2":54,
     "p3":55},
    {"p1":50,
     "p2":53,
     "p3":54},
    {"p1":50,
     "p2":51,
     "p3":53},
    {"p1":38,
     "p2":80,
     "p3":81},
    {"p1":37,
     "p2":38,
     "p3":81},
    {"p1":47,
     "p2":56,
     "p3":57},
    {"p1":48,
     "p2":49,
     "p3":55},
    {"p1":48,
     "p2":55,
     "p3":56},
    {"p1":47,
     "p2":48,
     "p3":56},
    {"p1":47,
     "p2":57,
     "p3":58},
    {"p1":38,
     "p2":79,
     "p3":80},
    {"p1":1,
     "p2":24,
     "p3":25},
    {"p1":2,
     "p2":23,
     "p3":24},
    {"p1":1,
     "p2":2,
     "p3":24},
    {"p1":4,
     "p2":20,
     "p3":21},
    {"p1":9,
     "p2":10,
     "p3":13},
    {"p1":9,
     "p2":13,
     "p3":14},
    {"p1":8,
     "p2":9,
     "p3":14},
    {"p1":93,
     "p2":94,
     "p3":104},
    {"p1":1,
     "p2":93,
     "p3":104},
    {"p1":94,
     "p2":95,
     "p3":96},
    {"p1":43,
     "p2":74,
     "p3":75},
    {"p1":45,
     "p2":59,
     "p3":73},
    {"p1":45,
     "p2":58,
     "p3":59},
    {"p1":62,
     "p2":69,
     "p3":70},
    {"p1":33,
     "p2":84,
     "p3":85},
    {"p1":2,
     "p2":22,
     "p3":23},
    {"p1":4,
     "p2":19,
     "p3":20},
    {"p1":5,
     "p2":6,
     "p3":17},
    {"p1":6,
     "p2":7,
     "p3":16},
    {"p1":6,
     "p2":16,
     "p3":17},
    {"p1":1,
     "p2":25,
     "p3":92},
    {"p1":1,
     "p2":92,
     "p3":93},
    {"p1":27,
     "p2":28,
     "p3":92},
    {"p1":28,
     "p2":89,
     "p3":92},
    {"p1":89,
     "p2":90,
     "p3":92},
    {"p1":90,
     "p2":91,
     "p3":92},
    {"p1":96,
     "p2":102,
     "p3":103},
    {"p1":96,
     "p2":101,
     "p3":102},
    {"p1":96,
     "p2":97,
     "p3":101},
    {"p1":42,
     "p2":75,
     "p3":76},
    {"p1":42,
     "p2":43,
     "p3":75},
    {"p1":46,
     "p2":47,
     "p3":58},
    {"p1":45,
     "p2":46,
     "p3":58},
    {"p1":44,
     "p2":73,
     "p3":74},
    {"p1":44,
     "p2":45,
     "p3":73},
    {"p1":43,
     "p2":44,
     "p3":74},
    {"p1":62,
     "p2":63,
     "p3":69},
    {"p1":63,
     "p2":64,
     "p3":68},
    {"p1":63,
     "p2":68,
     "p3":69},
    {"p1":32,
     "p2":85,
     "p3":86},
    {"p1":32,
     "p2":33,
     "p3":85},
    {"p1":34,
     "p2":83,
     "p3":84},
    {"p1":33,
     "p2":34,
     "p3":84},
    {"p1":2,
     "p2":3,
     "p3":22},
    {"p1":3,
     "p2":4,
     "p3":21},
    {"p1":3,
     "p2":21,
     "p3":22},
    {"p1":4,
     "p2":18,
     "p3":19},
    {"p1":4,
     "p2":5,
     "p3":18},
    {"p1":5,
     "p2":17,
     "p3":18},
    {"p1":7,
     "p2":15,
     "p3":16},
    {"p1":7,
     "p2":8,
     "p3":15},
    {"p1":8,
     "p2":14,
     "p3":15},
    {"p1":25,
     "p2":26,
     "p3":92},
    {"p1":26,
     "p2":27,
     "p3":92},
    {"p1":97,
     "p2":98,
     "p3":101},
    {"p1":41,
     "p2":76,
     "p3":77},
    {"p1":41,
     "p2":42,
     "p3":76},
    {"p1":30,
     "p2":86,
     "p3":88},
    {"p1":30,
     "p2":88,
     "p3":89},
    {"p1":36,
     "p2":82,
     "p3":83},
    {"p1":36,
     "p2":37,
     "p3":81},
    {"p1":36,
     "p2":81,
     "p3":82},
    {"p1":98,
     "p2":99,
     "p3":100},
    {"p1":98,
     "p2":100,
     "p3":101},
    {"p1":40,
     "p2":77,
     "p3":78},
    {"p1":40,
     "p2":41,
     "p3":77},
    {"p1":31,
     "p2":32,
     "p3":86},
    {"p1":30,
     "p2":31,
     "p3":86},
    {"p1":28,
     "p2":29,
     "p3":89},
    {"p1":29,
     "p2":30,
     "p3":89},
    {"p1":34,
     "p2":35,
     "p3":83},
    {"p1":35,
     "p2":36,
     "p3":83},
    {"p1":39,
     "p2":78,
     "p3":79},
    {"p1":39,
     "p2":40,
     "p3":78},
    {"p1":38,
     "p2":39,
     "p3":79},
    {"p1":0,
     "p2":1,
     "p3":105},
    {"p1":1,
     "p2":104,
     "p3":105}]
}