{"points":[
    {"x":0.13272,
     "y":0.15432},
    {"x":0.13272,
     "y":0.17901},
    {"x":0.12963,
     "y":0.2037},
    {"x":0.12963,
     "y":0.2284},
    {"x":0.13889,
     "y":0.25309},
    {"x":0.14198,
     "y":0.27778},
    {"x":0.16358,
     "y":0.29938},
    {"x":0.18827,
     "y":0.30247},
    {"x":0.21296,
     "y":0.30556},
    {"x":0.23765,
     "y":0.30864},
    {"x":0.26235,
     "y":0.30864},
    {"x":0.28704,
     "y":0.31173},
    {"x":0.31173,
     "y":0.31481},
    {"x":0.33642,
     "y":0.31481},
    {"x":0.36111,
     "y":0.31173},
    {"x":0.3858,
     "y":0.31481},
    {"x":0.41049,
     "y":0.31481},
    {"x":0.43519,
     "y":0.31481},
    {"x":0.45988,
     "y":0.31481},
    {"x":0.48457,
     "y":0.31481},
    {"x":0.50926,
     "y":0.31481},
    {"x":0.53395,
     "y":0.31481},
    {"x":0.55864,
     "y":0.31481},
    {"x":0.58333,
     "y":0.31173},
    {"x":0.60802,
     "y":0.31173},
    {"x":0.63272,
     "y":0.31173},
    {"x":0.65741,
     "y":0.31481},
    {"x":0.6821,
     "y":0.3179},
    {"x":0.70679,
     "y":0.30864},
    {"x":0.73148,
     "y":0.30864},
    {"x":0.75617,
     "y":0.30864},
    {"x":0.78086,
     "y":0.30864},
    {"x":0.80556,
     "y":0.30864},
    {"x":0.83025,
     "y":0.30864},
    {"x":0.85494,
     "y":0.30864},
    {"x":0.87963,
     "y":0.30864},
    {"x":0.90432,
     "y":0.30864},
    {"x":0.92901,
     "y":0.30864},
    {"x":0.9537,
     "y":0.30864},
    {"x":0.9784,
     "y":0.30864},
    {"x":0.99383,
     "y":0.28395},
    {"x":0.99383,
     "y":0.25926},
    {"x":0.99691,
     "y":0.23457},
    {"x":1,
     "y":0.20988},
    {"x":1,
     "y":0.18519},
    {"x":1,
     "y":0.16049},
    {"x":0.99691,
     "y":0.1358},
    {"x":0.99691,
     "y":0.11111},
    {"x":0.99691,
     "y":0.08642},
    {"x":0.99691,
     "y":0.061728},
    {"x":0.99691,
     "y":0.037037},
    {"x":0.9784,
     "y":0.018519},
    {"x":0.9537,
     "y":0.018519},
    {"x":0.92901,
     "y":0.015432},
    {"x":0.90432,
     "y":0.015432},
    {"x":0.87963,
     "y":0.015432},
    {"x":0.85494,
     "y":0.012346},
    {"x":0.83025,
     "y":0.015432},
    {"x":0.80556,
     "y":0.012346},
    {"x":0.78086,
     "y":0.012346},
    {"x":0.75617,
     "y":0.012346},
    {"x":0.73148,
     "y":0.012346},
    {"x":0.70679,
     "y":0.012346},
    {"x":0.6821,
     "y":0.0061728},
    {"x":0.65741,
     "y":0.0092593},
    {"x":0.63272,
     "y":0.0061728},
    {"x":0.60802,
     "y":0.0061728},
    {"x":0.58333,
     "y":0.0061728},
    {"x":0.55864,
     "y":0.0030864},
    {"x":0.53395,
     "y":0.0030864},
    {"x":0.50926,
     "y":0},
    {"x":0.48457,
     "y":0},
    {"x":0.45988,
     "y":0},
    {"x":0.43519,
     "y":0},
    {"x":0.41049,
     "y":0},
    {"x":0.3858,
     "y":0},
    {"x":0.36111,
     "y":0},
    {"x":0.33642,
     "y":0},
    {"x":0.31173,
     "y":0},
    {"x":0.28704,
     "y":0},
    {"x":0.26235,
     "y":0},
    {"x":0.23765,
     "y":0.0030864},
    {"x":0.21296,
     "y":0.0061728},
    {"x":0.18827,
     "y":0.0092593},
    {"x":0.16358,
     "y":0.012346},
    {"x":0.13889,
     "y":0.015432},
    {"x":0.1142,
     "y":0.015432},
    {"x":0.089506,
     "y":0.018519},
    {"x":0.064815,
     "y":0.018519},
    {"x":0.040123,
     "y":0.018519},
    {"x":0.015432,
     "y":0.018519},
    {"x":0,
     "y":0.037037},
    {"x":0.0092593,
     "y":0.058642},
    {"x":0.033951,
     "y":0.061728},
    {"x":0.058642,
     "y":0.064815},
    {"x":0.083333,
     "y":0.064815},
    {"x":0.10802,
     "y":0.064815},
    {"x":0.13272,
     "y":0.080247},
    {"x":0.13272,
     "y":0.10494},
    {"x":0.13272,
     "y":0.12963},
    {"x":0.13272,
     "y":0.15432},
    {"x":0.13272,
     "y":0.15432}],
 "triangles":[
    {"p1":90,
     "p2":91,
     "p3":92},
    {"p1":90,
     "p2":92,
     "p3":93},
    {"p1":82,
     "p2":97,
     "p3":98},
    {"p1":85,
     "p2":96,
     "p3":97},
    {"p1":85,
     "p2":86,
     "p3":96},
    {"p1":55,
     "p2":56,
     "p3":57},
    {"p1":46,
     "p2":55,
     "p3":57},
    {"p1":48,
     "p2":49,
     "p3":52},
    {"p1":48,
     "p2":52,
     "p3":53},
    {"p1":2,
     "p2":3,
     "p3":4},
    {"p1":84,
     "p2":85,
     "p3":97},
    {"p1":80,
     "p2":81,
     "p3":99},
    {"p1":81,
     "p2":98,
     "p3":99},
    {"p1":81,
     "p2":82,
     "p3":98},
    {"p1":89,
     "p2":90,
     "p3":93},
    {"p1":86,
     "p2":87,
     "p3":96},
    {"p1":89,
     "p2":93,
     "p3":94},
    {"p1":88,
     "p2":89,
     "p3":94},
    {"p1":48,
     "p2":53,
     "p3":54},
    {"p1":2,
     "p2":4,
     "p3":8},
    {"p1":1,
     "p2":2,
     "p3":8},
    {"p1":1,
     "p2":8,
     "p3":9},
    {"p1":0,
     "p2":1,
     "p3":10},
    {"p1":1,
     "p2":9,
     "p3":10},
    {"p1":0,
     "p2":10,
     "p3":79},
    {"p1":20,
     "p2":69,
     "p3":70},
    {"p1":82,
     "p2":83,
     "p3":97},
    {"p1":83,
     "p2":84,
     "p3":97},
    {"p1":87,
     "p2":95,
     "p3":96},
    {"p1":87,
     "p2":88,
     "p3":95},
    {"p1":88,
     "p2":94,
     "p3":95},
    {"p1":47,
     "p2":48,
     "p3":54},
    {"p1":46,
     "p2":47,
     "p3":55},
    {"p1":47,
     "p2":54,
     "p3":55},
    {"p1":4,
     "p2":7,
     "p3":8},
    {"p1":11,
     "p2":12,
     "p3":78},
    {"p1":11,
     "p2":78,
     "p3":79},
    {"p1":10,
     "p2":11,
     "p3":79},
    {"p1":36,
     "p2":42,
     "p3":43},
    {"p1":34,
     "p2":46,
     "p3":57},
    {"p1":33,
     "p2":34,
     "p3":57},
    {"p1":34,
     "p2":45,
     "p3":46},
    {"p1":34,
     "p2":44,
     "p3":45},
    {"p1":25,
     "p2":28,
     "p3":64},
    {"p1":25,
     "p2":64,
     "p3":65},
    {"p1":20,
     "p2":21,
     "p3":69},
    {"p1":37,
     "p2":41,
     "p3":42},
    {"p1":36,
     "p2":37,
     "p3":42},
    {"p1":34,
     "p2":35,
     "p3":44},
    {"p1":35,
     "p2":43,
     "p3":44},
    {"p1":35,
     "p2":36,
     "p3":43},
    {"p1":28,
     "p2":62,
     "p3":64},
    {"p1":62,
     "p2":63,
     "p3":64},
    {"p1":26,
     "p2":27,
     "p3":28},
    {"p1":25,
     "p2":26,
     "p3":28},
    {"p1":32,
     "p2":57,
     "p3":58},
    {"p1":32,
     "p2":33,
     "p3":57},
    {"p1":14,
     "p2":75,
     "p3":76},
    {"p1":14,
     "p2":15,
     "p3":75},
    {"p1":14,
     "p2":76,
     "p3":77},
    {"p1":38,
     "p2":39,
     "p3":40},
    {"p1":38,
     "p2":40,
     "p3":41},
    {"p1":37,
     "p2":38,
     "p3":41},
    {"p1":13,
     "p2":14,
     "p3":77},
    {"p1":49,
     "p2":50,
     "p3":52},
    {"p1":50,
     "p2":51,
     "p3":52},
    {"p1":79,
     "p2":80,
     "p3":99},
    {"p1":0,
     "p2":79,
     "p3":99},
    {"p1":20,
     "p2":70,
     "p3":71},
    {"p1":19,
     "p2":20,
     "p3":71},
    {"p1":4,
     "p2":5,
     "p3":7},
    {"p1":5,
     "p2":6,
     "p3":7},
    {"p1":24,
     "p2":25,
     "p3":65},
    {"p1":24,
     "p2":65,
     "p3":66},
    {"p1":21,
     "p2":22,
     "p3":68},
    {"p1":21,
     "p2":68,
     "p3":69},
    {"p1":18,
     "p2":71,
     "p3":72},
    {"p1":18,
     "p2":19,
     "p3":71},
    {"p1":18,
     "p2":72,
     "p3":73},
    {"p1":17,
     "p2":18,
     "p3":73},
    {"p1":28,
     "p2":29,
     "p3":62},
    {"p1":29,
     "p2":61,
     "p3":62},
    {"p1":29,
     "p2":30,
     "p3":61},
    {"p1":30,
     "p2":60,
     "p3":61},
    {"p1":30,
     "p2":59,
     "p3":60},
    {"p1":30,
     "p2":31,
     "p3":59},
    {"p1":31,
     "p2":32,
     "p3":59},
    {"p1":32,
     "p2":58,
     "p3":59},
    {"p1":22,
     "p2":23,
     "p3":68},
    {"p1":23,
     "p2":67,
     "p3":68},
    {"p1":23,
     "p2":24,
     "p3":66},
    {"p1":23,
     "p2":66,
     "p3":67},
    {"p1":15,
     "p2":74,
     "p3":75},
    {"p1":15,
     "p2":16,
     "p3":74},
    {"p1":17,
     "p2":73,
     "p3":74},
    {"p1":16,
     "p2":17,
     "p3":74},
    {"p1":13,
     "p2":77,
     "p3":78},
    {"p1":12,
     "p2":13,
     "p3":78}]
}