{"points":[
    {"x":0.15655,
     "y":0.26518},
    {"x":0.15016,
     "y":0.30351},
    {"x":0.13738,
     "y":0.34185},
    {"x":0.13419,
     "y":0.38019},
    {"x":0.1278,
     "y":0.41853},
    {"x":0.1246,
     "y":0.46006},
    {"x":0.13099,
     "y":0.5016},
    {"x":0.14377,
     "y":0.53994},
    {"x":0.15655,
     "y":0.57827},
    {"x":0.1853,
     "y":0.61342},
    {"x":0.22045,
     "y":0.64217},
    {"x":0.2524,
     "y":0.67093},
    {"x":0.28754,
     "y":0.69649},
    {"x":0.32268,
     "y":0.71885},
    {"x":0.33546,
     "y":0.75719},
    {"x":0.36741,
     "y":0.78594},
    {"x":0.33866,
     "y":0.8147},
    {"x":0.36741,
     "y":0.83067},
    {"x":0.40256,
     "y":0.84984},
    {"x":0.44409,
     "y":0.85942},
    {"x":0.48243,
     "y":0.85304},
    {"x":0.51438,
     "y":0.82109},
    {"x":0.52077,
     "y":0.79233},
    {"x":0.48562,
     "y":0.77316},
    {"x":0.47284,
     "y":0.74441},
    {"x":0.48243,
     "y":0.70288},
    {"x":0.48882,
     "y":0.66134},
    {"x":0.47923,
     "y":0.623},
    {"x":0.46645,
     "y":0.58147},
    {"x":0.44409,
     "y":0.53994},
    {"x":0.42492,
     "y":0.5016},
    {"x":0.41853,
     "y":0.46645},
    {"x":0.42173,
     "y":0.42812},
    {"x":0.45687,
     "y":0.39297},
    {"x":0.4984,
     "y":0.39617},
    {"x":0.52396,
     "y":0.4345},
    {"x":0.55591,
     "y":0.46645},
    {"x":0.59105,
     "y":0.49201},
    {"x":0.62939,
     "y":0.50799},
    {"x":0.67093,
     "y":0.52396},
    {"x":0.70927,
     "y":0.52396},
    {"x":0.7508,
     "y":0.51757},
    {"x":0.79233,
     "y":0.50479},
    {"x":0.83387,
     "y":0.48243},
    {"x":0.86581,
     "y":0.45048},
    {"x":0.89137,
     "y":0.41534},
    {"x":0.91054,
     "y":0.38019},
    {"x":0.92971,
     "y":0.34824},
    {"x":0.95527,
     "y":0.31629},
    {"x":0.97764,
     "y":0.28115},
    {"x":0.99361,
     "y":0.24281},
    {"x":1,
     "y":0.20447},
    {"x":0.96805,
     "y":0.22045},
    {"x":0.94249,
     "y":0.2524},
    {"x":0.92332,
     "y":0.2492},
    {"x":0.92332,
     "y":0.20767},
    {"x":0.92652,
     "y":0.16613},
    {"x":0.89457,
     "y":0.18211},
    {"x":0.88179,
     "y":0.22045},
    {"x":0.8754,
     "y":0.26198},
    {"x":0.8722,
     "y":0.30351},
    {"x":0.84984,
     "y":0.32588},
    {"x":0.82109,
     "y":0.30032},
    {"x":0.80511,
     "y":0.27157},
    {"x":0.78275,
     "y":0.23962},
    {"x":0.75399,
     "y":0.21086},
    {"x":0.73163,
     "y":0.18211},
    {"x":0.70288,
     "y":0.15016},
    {"x":0.67093,
     "y":0.1278},
    {"x":0.62939,
     "y":0.12141},
    {"x":0.58786,
     "y":0.1278},
    {"x":0.55911,
     "y":0.11182},
    {"x":0.53355,
     "y":0.12141},
    {"x":0.4984,
     "y":0.099042},
    {"x":0.46006,
     "y":0.099042},
    {"x":0.41853,
     "y":0.095847},
    {"x":0.39617,
     "y":0.11182},
    {"x":0.35783,
     "y":0.13099},
    {"x":0.31949,
     "y":0.1278},
    {"x":0.28115,
     "y":0.13738},
    {"x":0.24281,
     "y":0.16294},
    {"x":0.21086,
     "y":0.14058},
    {"x":0.17891,
     "y":0.10863},
    {"x":0.16933,
     "y":0.073482},
    {"x":0.15016,
     "y":0.060703},
    {"x":0.1246,
     "y":0.031949},
    {"x":0.13099,
     "y":0},
    {"x":0.095847,
     "y":0.022364},
    {"x":0.054313,
     "y":0.035144},
    {"x":0.01278,
     "y":0.041534},
    {"x":0.0095847,
     "y":0.067093},
    {"x":0,
     "y":0.083067},
    {"x":0,
     "y":0.10863},
    {"x":0.041534,
     "y":0.10863},
    {"x":0.076677,
     "y":0.079872},
    {"x":0.11821,
     "y":0.079872},
    {"x":0.14058,
     "y":0.11182},
    {"x":0.16613,
     "y":0.14696},
    {"x":0.15974,
     "y":0.17891},
    {"x":0.14696,
     "y":0.20767},
    {"x":0.11821,
     "y":0.17572},
    {"x":0.095847,
     "y":0.16294},
    {"x":0.086262,
     "y":0.19808},
    {"x":0.11182,
     "y":0.23003},
    {"x":0.14696,
     "y":0.24281},
    {"x":0.15655,
     "y":0.26518}],
 "triangles":[
    {"p1":33,
     "p2":34,
     "p3":72},
    {"p1":70,
     "p2":71,
     "p3":72},
    {"p1":34,
     "p2":70,
     "p3":72},
    {"p1":33,
     "p2":77,
     "p3":80},
    {"p1":77,
     "p2":79,
     "p3":80},
    {"p1":41,
     "p2":42,
     "p3":62},
    {"p1":42,
     "p2":43,
     "p3":62},
    {"p1":43,
     "p2":61,
     "p3":62},
    {"p1":35,
     "p2":36,
     "p3":65},
    {"p1":34,
     "p2":35,
     "p3":65},
    {"p1":10,
     "p2":11,
     "p3":30},
    {"p1":11,
     "p2":29,
     "p3":30},
    {"p1":9,
     "p2":10,
     "p3":30},
    {"p1":34,
     "p2":65,
     "p3":66},
    {"p1":34,
     "p2":66,
     "p3":70},
    {"p1":18,
     "p2":19,
     "p3":23},
    {"p1":15,
     "p2":18,
     "p3":23},
    {"p1":15,
     "p2":23,
     "p3":24},
    {"p1":40,
     "p2":41,
     "p3":62},
    {"p1":91,
     "p2":92,
     "p3":93},
    {"p1":88,
     "p2":89,
     "p3":90},
    {"p1":90,
     "p2":91,
     "p3":93},
    {"p1":88,
     "p2":90,
     "p3":94},
    {"p1":90,
     "p2":93,
     "p3":94},
    {"p1":33,
     "p2":72,
     "p3":76},
    {"p1":33,
     "p2":76,
     "p3":77},
    {"p1":80,
     "p2":81,
     "p3":98},
    {"p1":36,
     "p2":64,
     "p3":65},
    {"p1":36,
     "p2":63,
     "p3":64},
    {"p1":43,
     "p2":44,
     "p3":61},
    {"p1":46,
     "p2":47,
     "p3":61},
    {"p1":0,
     "p2":1,
     "p3":32},
    {"p1":0,
     "p2":32,
     "p3":80},
    {"p1":32,
     "p2":33,
     "p3":80},
    {"p1":36,
     "p2":37,
     "p3":63},
    {"p1":67,
     "p2":69,
     "p3":70},
    {"p1":66,
     "p2":67,
     "p3":70},
    {"p1":15,
     "p2":16,
     "p3":17},
    {"p1":15,
     "p2":17,
     "p3":18},
    {"p1":13,
     "p2":27,
     "p3":28},
    {"p1":13,
     "p2":26,
     "p3":27},
    {"p1":38,
     "p2":40,
     "p3":62},
    {"p1":38,
     "p2":39,
     "p3":40},
    {"p1":38,
     "p2":62,
     "p3":63},
    {"p1":37,
     "p2":38,
     "p3":63},
    {"p1":72,
     "p2":74,
     "p3":76},
    {"p1":77,
     "p2":78,
     "p3":79},
    {"p1":0,
     "p2":80,
     "p3":104},
    {"p1":54,
     "p2":58,
     "p3":59},
    {"p1":45,
     "p2":46,
     "p3":61},
    {"p1":44,
     "p2":45,
     "p3":61},
    {"p1":47,
     "p2":60,
     "p3":61},
    {"p1":47,
     "p2":48,
     "p3":60},
    {"p1":48,
     "p2":54,
     "p3":60},
    {"p1":54,
     "p2":59,
     "p3":60},
    {"p1":99,
     "p2":103,
     "p3":104},
    {"p1":80,
     "p2":98,
     "p3":99},
    {"p1":80,
     "p2":99,
     "p3":104},
    {"p1":2,
     "p2":3,
     "p3":32},
    {"p1":1,
     "p2":2,
     "p3":32},
    {"p1":6,
     "p2":7,
     "p3":31},
    {"p1":7,
     "p2":8,
     "p3":9},
    {"p1":7,
     "p2":9,
     "p3":30},
    {"p1":7,
     "p2":30,
     "p3":31},
    {"p1":3,
     "p2":4,
     "p3":32},
    {"p1":4,
     "p2":31,
     "p3":32},
    {"p1":67,
     "p2":68,
     "p3":69},
    {"p1":14,
     "p2":15,
     "p3":24},
    {"p1":13,
     "p2":14,
     "p3":24},
    {"p1":12,
     "p2":28,
     "p3":29},
    {"p1":12,
     "p2":13,
     "p3":28},
    {"p1":11,
     "p2":12,
     "p3":29},
    {"p1":13,
     "p2":25,
     "p3":26},
    {"p1":13,
     "p2":24,
     "p3":25},
    {"p1":19,
     "p2":20,
     "p3":23},
    {"p1":20,
     "p2":21,
     "p3":23},
    {"p1":72,
     "p2":73,
     "p3":74},
    {"p1":48,
     "p2":49,
     "p3":53},
    {"p1":48,
     "p2":53,
     "p3":54},
    {"p1":49,
     "p2":50,
     "p3":53},
    {"p1":55,
     "p2":57,
     "p3":58},
    {"p1":54,
     "p2":55,
     "p3":58},
    {"p1":55,
     "p2":56,
     "p3":57},
    {"p1":100,
     "p2":101,
     "p3":102},
    {"p1":100,
     "p2":102,
     "p3":103},
    {"p1":99,
     "p2":100,
     "p3":103},
    {"p1":5,
     "p2":6,
     "p3":31},
    {"p1":4,
     "p2":5,
     "p3":31},
    {"p1":21,
     "p2":22,
     "p3":23},
    {"p1":74,
     "p2":75,
     "p3":76},
    {"p1":87,
     "p2":94,
     "p3":95},
    {"p1":87,
     "p2":88,
     "p3":94},
    {"p1":85,
     "p2":87,
     "p3":95},
    {"p1":85,
     "p2":86,
     "p3":87},
    {"p1":81,
     "p2":97,
     "p3":98},
    {"p1":81,
     "p2":82,
     "p3":97},
    {"p1":50,
     "p2":51,
     "p3":52},
    {"p1":50,
     "p2":52,
     "p3":53},
    {"p1":84,
     "p2":85,
     "p3":95},
    {"p1":82,
     "p2":96,
     "p3":97},
    {"p1":82,
     "p2":83,
     "p3":96},
    {"p1":84,
     "p2":95,
     "p3":96},
    {"p1":83,
     "p2":84,
     "p3":96}]
}