{"points":[
    {"x":0.15439,
     "y":0.44211},
    {"x":0.11579,
     "y":0.47018},
    {"x":0.094737,
     "y":0.50877},
    {"x":0.05614,
     "y":0.46667},
    {"x":0.035088,
     "y":0.50175},
    {"x":0.038596,
     "y":0.54737},
    {"x":0.017544,
     "y":0.58246},
    {"x":0.021053,
     "y":0.62807},
    {"x":0.017544,
     "y":0.67368},
    {"x":0,
     "y":0.70526},
    {"x":0.010526,
     "y":0.75088},
    {"x":0.024561,
     "y":0.79649},
    {"x":0.045614,
     "y":0.84211},
    {"x":0.073684,
     "y":0.88421},
    {"x":0.1193,
     "y":0.88421},
    {"x":0.16491,
     "y":0.88421},
    {"x":0.21053,
     "y":0.88421},
    {"x":0.25614,
     "y":0.88421},
    {"x":0.29474,
     "y":0.85263},
    {"x":0.32982,
     "y":0.81053},
    {"x":0.34035,
     "y":0.76491},
    {"x":0.34386,
     "y":0.7193},
    {"x":0.37193,
     "y":0.67368},
    {"x":0.4,
     "y":0.63158},
    {"x":0.44561,
     "y":0.61053},
    {"x":0.49123,
     "y":0.61053},
    {"x":0.53684,
     "y":0.62456},
    {"x":0.58246,
     "y":0.63158},
    {"x":0.62807,
     "y":0.6386},
    {"x":0.67368,
     "y":0.64211},
    {"x":0.7193,
     "y":0.6386},
    {"x":0.74386,
     "y":0.65965},
    {"x":0.73333,
     "y":0.70526},
    {"x":0.73333,
     "y":0.75088},
    {"x":0.74035,
     "y":0.79649},
    {"x":0.76842,
     "y":0.8386},
    {"x":0.80702,
     "y":0.87719},
    {"x":0.84912,
     "y":0.90877},
    {"x":0.89474,
     "y":0.90526},
    {"x":0.94035,
     "y":0.90526},
    {"x":0.93333,
     "y":0.86667},
    {"x":0.97895,
     "y":0.8386},
    {"x":1,
     "y":0.80351},
    {"x":0.95439,
     "y":0.79649},
    {"x":0.94386,
     "y":0.7614},
    {"x":0.92632,
     "y":0.7614},
    {"x":0.93684,
     "y":0.71579},
    {"x":0.94035,
     "y":0.67018},
    {"x":0.93684,
     "y":0.62456},
    {"x":0.94386,
     "y":0.57895},
    {"x":0.95439,
     "y":0.53333},
    {"x":0.95789,
     "y":0.48772},
    {"x":0.95088,
     "y":0.44211},
    {"x":0.93684,
     "y":0.39649},
    {"x":0.90526,
     "y":0.35088},
    {"x":0.87018,
     "y":0.31228},
    {"x":0.82807,
     "y":0.28421},
    {"x":0.78246,
     "y":0.26667},
    {"x":0.73684,
     "y":0.24912},
    {"x":0.69123,
     "y":0.24211},
    {"x":0.64561,
     "y":0.2386},
    {"x":0.6,
     "y":0.23158},
    {"x":0.56491,
     "y":0.20351},
    {"x":0.57544,
     "y":0.15789},
    {"x":0.59298,
     "y":0.11228},
    {"x":0.61754,
     "y":0.070175},
    {"x":0.66316,
     "y":0.077193},
    {"x":0.70526,
     "y":0.073684},
    {"x":0.69825,
     "y":0.052632},
    {"x":0.74386,
     "y":0.052632},
    {"x":0.74386,
     "y":0.031579},
    {"x":0.70526,
     "y":0.024561},
    {"x":0.69474,
     "y":0.017544},
    {"x":0.67719,
     "y":0},
    {"x":0.63158,
     "y":0.010526},
    {"x":0.58596,
     "y":0.035088},
    {"x":0.54386,
     "y":0.042105},
    {"x":0.54035,
     "y":0.066667},
    {"x":0.55789,
     "y":0.10526},
    {"x":0.54386,
     "y":0.15088},
    {"x":0.53684,
     "y":0.19649},
    {"x":0.49474,
     "y":0.21754},
    {"x":0.47018,
     "y":0.18947},
    {"x":0.46316,
     "y":0.14386},
    {"x":0.50877,
     "y":0.14035},
    {"x":0.52982,
     "y":0.12281},
    {"x":0.53684,
     "y":0.098246},
    {"x":0.49474,
     "y":0.084211},
    {"x":0.45263,
     "y":0.094737},
    {"x":0.42105,
     "y":0.12982},
    {"x":0.37544,
     "y":0.12281},
    {"x":0.39298,
     "y":0.15088},
    {"x":0.43509,
     "y":0.17895},
    {"x":0.43509,
     "y":0.22105},
    {"x":0.38947,
     "y":0.23509},
    {"x":0.34386,
     "y":0.25614},
    {"x":0.30175,
     "y":0.28421},
    {"x":0.27018,
     "y":0.31228},
    {"x":0.23509,
     "y":0.34737},
    {"x":0.2,
     "y":0.38246},
    {"x":0.16842,
     "y":0.42807},
    {"x":0.15439,
     "y":0.44211}],
 "triangles":[
    {"p1":30,
     "p2":31,
     "p3":49},
    {"p1":10,
     "p2":11,
     "p3":15},
    {"p1":34,
     "p2":35,
     "p3":45},
    {"p1":33,
     "p2":34,
     "p3":45},
    {"p1":2,
     "p2":3,
     "p3":4},
    {"p1":69,
     "p2":70,
     "p3":71},
    {"p1":30,
     "p2":54,
     "p3":55},
    {"p1":38,
     "p2":39,
     "p3":40},
    {"p1":40,
     "p2":43,
     "p3":45},
    {"p1":40,
     "p2":41,
     "p3":43},
    {"p1":43,
     "p2":44,
     "p3":45},
    {"p1":41,
     "p2":42,
     "p3":43},
    {"p1":30,
     "p2":52,
     "p3":54},
    {"p1":12,
     "p2":13,
     "p3":14},
    {"p1":11,
     "p2":12,
     "p3":14},
    {"p1":11,
     "p2":14,
     "p3":15},
    {"p1":16,
     "p2":17,
     "p3":18},
    {"p1":35,
     "p2":36,
     "p3":45},
    {"p1":36,
     "p2":40,
     "p3":45},
    {"p1":36,
     "p2":37,
     "p3":38},
    {"p1":36,
     "p2":38,
     "p3":40},
    {"p1":23,
     "p2":99,
     "p3":100},
    {"p1":23,
     "p2":98,
     "p3":99},
    {"p1":72,
     "p2":73,
     "p3":74},
    {"p1":66,
     "p2":72,
     "p3":74},
    {"p1":31,
     "p2":46,
     "p3":47},
    {"p1":31,
     "p2":48,
     "p3":49},
    {"p1":31,
     "p2":47,
     "p3":48},
    {"p1":30,
     "p2":49,
     "p3":50},
    {"p1":52,
     "p2":53,
     "p3":54},
    {"p1":32,
     "p2":33,
     "p3":45},
    {"p1":31,
     "p2":32,
     "p3":46},
    {"p1":32,
     "p2":45,
     "p3":46},
    {"p1":25,
     "p2":26,
     "p3":61},
    {"p1":26,
     "p2":27,
     "p3":61},
    {"p1":18,
     "p2":19,
     "p3":20},
    {"p1":16,
     "p2":18,
     "p3":20},
    {"p1":0,
     "p2":1,
     "p3":2},
    {"p1":0,
     "p2":23,
     "p3":100},
    {"p1":2,
     "p2":4,
     "p3":5},
    {"p1":2,
     "p2":5,
     "p3":7},
    {"p1":24,
     "p2":97,
     "p3":98},
    {"p1":23,
     "p2":24,
     "p3":98},
    {"p1":25,
     "p2":61,
     "p3":81},
    {"p1":25,
     "p2":81,
     "p3":93},
    {"p1":68,
     "p2":69,
     "p3":71},
    {"p1":68,
     "p2":71,
     "p3":72},
    {"p1":66,
     "p2":68,
     "p3":72},
    {"p1":30,
     "p2":55,
     "p3":56},
    {"p1":66,
     "p2":67,
     "p3":68},
    {"p1":28,
     "p2":29,
     "p3":59},
    {"p1":29,
     "p2":30,
     "p3":59},
    {"p1":30,
     "p2":58,
     "p3":59},
    {"p1":30,
     "p2":51,
     "p3":52},
    {"p1":30,
     "p2":50,
     "p3":51},
    {"p1":2,
     "p2":7,
     "p3":21},
    {"p1":15,
     "p2":16,
     "p3":21},
    {"p1":16,
     "p2":20,
     "p3":21},
    {"p1":5,
     "p2":6,
     "p3":7},
    {"p1":30,
     "p2":57,
     "p3":58},
    {"p1":30,
     "p2":56,
     "p3":57},
    {"p1":27,
     "p2":60,
     "p3":61},
    {"p1":27,
     "p2":28,
     "p3":60},
    {"p1":28,
     "p2":59,
     "p3":60},
    {"p1":2,
     "p2":21,
     "p3":22},
    {"p1":0,
     "p2":2,
     "p3":22},
    {"p1":0,
     "p2":22,
     "p3":23},
    {"p1":7,
     "p2":8,
     "p3":21},
    {"p1":8,
     "p2":9,
     "p3":10},
    {"p1":8,
     "p2":10,
     "p3":15},
    {"p1":8,
     "p2":15,
     "p3":21},
    {"p1":24,
     "p2":96,
     "p3":97},
    {"p1":24,
     "p2":95,
     "p3":96},
    {"p1":24,
     "p2":94,
     "p3":95},
    {"p1":25,
     "p2":93,
     "p3":94},
    {"p1":24,
     "p2":25,
     "p3":94},
    {"p1":61,
     "p2":62,
     "p3":81},
    {"p1":65,
     "p2":66,
     "p3":74},
    {"p1":62,
     "p2":80,
     "p3":81},
    {"p1":63,
     "p2":79,
     "p3":80},
    {"p1":62,
     "p2":63,
     "p3":80},
    {"p1":83,
     "p2":84,
     "p3":87},
    {"p1":84,
     "p2":85,
     "p3":87},
    {"p1":83,
     "p2":87,
     "p3":88},
    {"p1":82,
     "p2":83,
     "p3":92},
    {"p1":81,
     "p2":82,
     "p3":93},
    {"p1":82,
     "p2":92,
     "p3":93},
    {"p1":64,
     "p2":65,
     "p3":78},
    {"p1":63,
     "p2":78,
     "p3":79},
    {"p1":63,
     "p2":64,
     "p3":78},
    {"p1":83,
     "p2":88,
     "p3":89},
    {"p1":83,
     "p2":89,
     "p3":92},
    {"p1":89,
     "p2":91,
     "p3":92},
    {"p1":89,
     "p2":90,
     "p3":91},
    {"p1":85,
     "p2":86,
     "p3":87},
    {"p1":75,
     "p2":76,
     "p3":77},
    {"p1":65,
     "p2":75,
     "p3":78},
    {"p1":75,
     "p2":77,
     "p3":78},
    {"p1":65,
     "p2":74,
     "p3":75}]
}