{"points":[
    {"x":0.0072993,
     "y":0.50365},
    {"x":0,
     "y":0.53285},
    {"x":0.0072993,
     "y":0.55474},
    {"x":0.036496,
     "y":0.56204},
    {"x":0.058394,
     "y":0.54745},
    {"x":0.072993,
     "y":0.51825},
    {"x":0.10219,
     "y":0.51095},
    {"x":0.13139,
     "y":0.51095},
    {"x":0.16058,
     "y":0.52555},
    {"x":0.18978,
     "y":0.53285},
    {"x":0.21168,
     "y":0.54745},
    {"x":0.22628,
     "y":0.57664},
    {"x":0.24818,
     "y":0.59854},
    {"x":0.27737,
     "y":0.62044},
    {"x":0.29927,
     "y":0.64964},
    {"x":0.31387,
     "y":0.67883},
    {"x":0.33577,
     "y":0.70803},
    {"x":0.35766,
     "y":0.73723},
    {"x":0.34307,
     "y":0.75912},
    {"x":0.36496,
     "y":0.76642},
    {"x":0.37226,
     "y":0.79562},
    {"x":0.40146,
     "y":0.81022},
    {"x":0.42336,
     "y":0.82482},
    {"x":0.45255,
     "y":0.82482},
    {"x":0.48175,
     "y":0.83212},
    {"x":0.51095,
     "y":0.83942},
    {"x":0.54015,
     "y":0.83942},
    {"x":0.56934,
     "y":0.83942},
    {"x":0.59854,
     "y":0.83942},
    {"x":0.62774,
     "y":0.83942},
    {"x":0.65693,
     "y":0.83942},
    {"x":0.68613,
     "y":0.83212},
    {"x":0.71533,
     "y":0.83212},
    {"x":0.74453,
     "y":0.82482},
    {"x":0.77372,
     "y":0.81752},
    {"x":0.80292,
     "y":0.82482},
    {"x":0.83212,
     "y":0.82482},
    {"x":0.83942,
     "y":0.85401},
    {"x":0.85401,
     "y":0.86861},
    {"x":0.85401,
     "y":0.89781},
    {"x":0.86131,
     "y":0.92701},
    {"x":0.89051,
     "y":0.91971},
    {"x":0.91241,
     "y":0.89051},
    {"x":0.94161,
     "y":0.87591},
    {"x":0.9708,
     "y":0.87591},
    {"x":0.9854,
     "y":0.84672},
    {"x":1,
     "y":0.83212},
    {"x":1,
     "y":0.80292},
    {"x":1,
     "y":0.77372},
    {"x":0.9708,
     "y":0.76642},
    {"x":0.94891,
     "y":0.74453},
    {"x":0.92701,
     "y":0.71533},
    {"x":0.89781,
     "y":0.69343},
    {"x":0.86861,
     "y":0.67153},
    {"x":0.83942,
     "y":0.66423},
    {"x":0.81022,
     "y":0.64964},
    {"x":0.78102,
     "y":0.62774},
    {"x":0.75182,
     "y":0.61314},
    {"x":0.72993,
     "y":0.58394},
    {"x":0.70803,
     "y":0.55474},
    {"x":0.70073,
     "y":0.52555},
    {"x":0.67883,
     "y":0.50365},
    {"x":0.66423,
     "y":0.47445},
    {"x":0.65693,
     "y":0.44526},
    {"x":0.63504,
     "y":0.41606},
    {"x":0.62774,
     "y":0.38686},
    {"x":0.60584,
     "y":0.36496},
    {"x":0.57664,
     "y":0.35036},
    {"x":0.54745,
     "y":0.33577},
    {"x":0.51825,
     "y":0.31387},
    {"x":0.49635,
     "y":0.28467},
    {"x":0.51825,
     "y":0.25547},
    {"x":0.54745,
     "y":0.26277},
    {"x":0.56204,
     "y":0.24088},
    {"x":0.58394,
     "y":0.21898},
    {"x":0.61314,
     "y":0.18978},
    {"x":0.62044,
     "y":0.16058},
    {"x":0.62774,
     "y":0.13139},
    {"x":0.64964,
     "y":0.10949},
    {"x":0.66423,
     "y":0.080292},
    {"x":0.65693,
     "y":0.051095},
    {"x":0.62774,
     "y":0.036496},
    {"x":0.59854,
     "y":0.029197},
    {"x":0.56934,
     "y":0.021898},
    {"x":0.55474,
     "y":0},
    {"x":0.52555,
     "y":0.0072993},
    {"x":0.49635,
     "y":0.021898},
    {"x":0.47445,
     "y":0.0072993},
    {"x":0.45255,
     "y":0},
    {"x":0.43066,
     "y":0.021898},
    {"x":0.40146,
     "y":0.029197},
    {"x":0.37956,
     "y":0.051095},
    {"x":0.36496,
     "y":0.080292},
    {"x":0.33577,
     "y":0.094891},
    {"x":0.31387,
     "y":0.11679},
    {"x":0.30657,
     "y":0.14599},
    {"x":0.29927,
     "y":0.17518},
    {"x":0.29197,
     "y":0.20438},
    {"x":0.27007,
     "y":0.22628},
    {"x":0.27007,
     "y":0.25547},
    {"x":0.24818,
     "y":0.28467},
    {"x":0.21898,
     "y":0.29197},
    {"x":0.21168,
     "y":0.31387},
    {"x":0.21898,
     "y":0.34307},
    {"x":0.20438,
     "y":0.37226},
    {"x":0.18978,
     "y":0.39416},
    {"x":0.16058,
     "y":0.37956},
    {"x":0.13139,
     "y":0.37226},
    {"x":0.10219,
     "y":0.35766},
    {"x":0.087591,
     "y":0.33577},
    {"x":0.065693,
     "y":0.31387},
    {"x":0.051095,
     "y":0.32847},
    {"x":0.051095,
     "y":0.35766},
    {"x":0.029197,
     "y":0.37226},
    {"x":0.021898,
     "y":0.40146},
    {"x":0.021898,
     "y":0.43066},
    {"x":0.029197,
     "y":0.45255},
    {"x":0.021898,
     "y":0.48175},
    {"x":0.0072993,
     "y":0.50365}],
 "triangles":[
    {"p1":19,
     "p2":20,
     "p3":21},
    {"p1":43,
     "p2":44,
     "p3":45},
    {"p1":79,
     "p2":80,
     "p3":81},
    {"p1":78,
     "p2":79,
     "p3":81},
    {"p1":36,
     "p2":43,
     "p3":50},
    {"p1":36,
     "p2":50,
     "p3":51},
    {"p1":43,
     "p2":45,
     "p3":49},
    {"p1":43,
     "p2":49,
     "p3":50},
    {"p1":38,
     "p2":42,
     "p3":43},
    {"p1":36,
     "p2":37,
     "p3":38},
    {"p1":36,
     "p2":38,
     "p3":43},
    {"p1":38,
     "p2":39,
     "p3":42},
    {"p1":21,
     "p2":22,
     "p3":23},
    {"p1":19,
     "p2":21,
     "p3":23},
    {"p1":100,
     "p2":102,
     "p3":103},
    {"p1":9,
     "p2":10,
     "p3":105},
    {"p1":36,
     "p2":51,
     "p3":52},
    {"p1":36,
     "p2":52,
     "p3":53},
    {"p1":70,
     "p2":100,
     "p3":103},
    {"p1":69,
     "p2":70,
     "p3":103},
    {"p1":13,
     "p2":68,
     "p3":69},
    {"p1":13,
     "p2":14,
     "p3":68},
    {"p1":10,
     "p2":12,
     "p3":13},
    {"p1":10,
     "p2":13,
     "p3":69},
    {"p1":47,
     "p2":48,
     "p3":49},
    {"p1":45,
     "p2":46,
     "p3":47},
    {"p1":45,
     "p2":47,
     "p3":49},
    {"p1":39,
     "p2":40,
     "p3":41},
    {"p1":39,
     "p2":41,
     "p3":42},
    {"p1":28,
     "p2":29,
     "p3":58},
    {"p1":28,
     "p2":58,
     "p3":59},
    {"p1":27,
     "p2":28,
     "p3":59},
    {"p1":26,
     "p2":27,
     "p3":59},
    {"p1":24,
     "p2":25,
     "p3":26},
    {"p1":24,
     "p2":26,
     "p3":59},
    {"p1":29,
     "p2":30,
     "p3":31},
    {"p1":36,
     "p2":53,
     "p3":54},
    {"p1":93,
     "p2":94,
     "p3":95},
    {"p1":92,
     "p2":93,
     "p3":95},
    {"p1":100,
     "p2":101,
     "p3":102},
    {"p1":77,
     "p2":78,
     "p3":81},
    {"p1":7,
     "p2":8,
     "p3":105},
    {"p1":8,
     "p2":9,
     "p3":105},
    {"p1":112,
     "p2":113,
     "p3":114},
    {"p1":70,
     "p2":99,
     "p3":100},
    {"p1":14,
     "p2":64,
     "p3":68},
    {"p1":14,
     "p2":62,
     "p3":64},
    {"p1":17,
     "p2":18,
     "p3":19},
    {"p1":17,
     "p2":24,
     "p3":59},
    {"p1":17,
     "p2":19,
     "p3":23},
    {"p1":17,
     "p2":23,
     "p3":24},
    {"p1":29,
     "p2":57,
     "p3":58},
    {"p1":29,
     "p2":31,
     "p3":57},
    {"p1":32,
     "p2":33,
     "p3":57},
    {"p1":31,
     "p2":32,
     "p3":57},
    {"p1":33,
     "p2":34,
     "p3":55},
    {"p1":34,
     "p2":54,
     "p3":55},
    {"p1":97,
     "p2":98,
     "p3":99},
    {"p1":70,
     "p2":97,
     "p3":99},
    {"p1":71,
     "p2":92,
     "p3":95},
    {"p1":71,
     "p2":86,
     "p3":92},
    {"p1":71,
     "p2":72,
     "p3":73},
    {"p1":71,
     "p2":74,
     "p3":86},
    {"p1":71,
     "p2":73,
     "p3":74},
    {"p1":109,
     "p2":111,
     "p3":112},
    {"p1":109,
     "p2":110,
     "p3":111},
    {"p1":7,
     "p2":105,
     "p3":106},
    {"p1":7,
     "p2":106,
     "p3":107},
    {"p1":89,
     "p2":90,
     "p3":91},
    {"p1":86,
     "p2":87,
     "p3":89},
    {"p1":86,
     "p2":89,
     "p3":92},
    {"p1":89,
     "p2":91,
     "p3":92},
    {"p1":87,
     "p2":88,
     "p3":89},
    {"p1":74,
     "p2":75,
     "p3":76},
    {"p1":74,
     "p2":76,
     "p3":86},
    {"p1":76,
     "p2":77,
     "p3":86},
    {"p1":83,
     "p2":84,
     "p3":85},
    {"p1":83,
     "p2":85,
     "p3":86},
    {"p1":77,
     "p2":83,
     "p3":86},
    {"p1":10,
     "p2":11,
     "p3":12},
    {"p1":5,
     "p2":116,
     "p3":117},
    {"p1":5,
     "p2":6,
     "p3":116},
    {"p1":6,
     "p2":7,
     "p3":107},
    {"p1":6,
     "p2":107,
     "p3":116},
    {"p1":62,
     "p2":63,
     "p3":64},
    {"p1":14,
     "p2":16,
     "p3":62},
    {"p1":33,
     "p2":55,
     "p3":56},
    {"p1":33,
     "p2":56,
     "p3":57},
    {"p1":35,
     "p2":36,
     "p3":54},
    {"p1":34,
     "p2":35,
     "p3":54},
    {"p1":70,
     "p2":96,
     "p3":97},
    {"p1":70,
     "p2":71,
     "p3":96},
    {"p1":71,
     "p2":95,
     "p3":96},
    {"p1":108,
     "p2":109,
     "p3":112},
    {"p1":108,
     "p2":112,
     "p3":114},
    {"p1":108,
     "p2":114,
     "p3":115},
    {"p1":107,
     "p2":108,
     "p3":116},
    {"p1":108,
     "p2":115,
     "p3":116},
    {"p1":10,
     "p2":104,
     "p3":105},
    {"p1":10,
     "p2":69,
     "p3":104},
    {"p1":69,
     "p2":103,
     "p3":104},
    {"p1":77,
     "p2":81,
     "p3":82},
    {"p1":77,
     "p2":82,
     "p3":83},
    {"p1":0,
     "p2":5,
     "p3":117},
    {"p1":0,
     "p2":1,
     "p3":4},
    {"p1":0,
     "p2":4,
     "p3":5},
    {"p1":64,
     "p2":67,
     "p3":68},
    {"p1":64,
     "p2":66,
     "p3":67},
    {"p1":64,
     "p2":65,
     "p3":66},
    {"p1":16,
     "p2":61,
     "p3":62},
    {"p1":16,
     "p2":17,
     "p3":61},
    {"p1":17,
     "p2":59,
     "p3":61},
    {"p1":59,
     "p2":60,
     "p3":61},
    {"p1":14,
     "p2":15,
     "p3":16},
    {"p1":1,
     "p2":2,
     "p3":3},
    {"p1":1,
     "p2":3,
     "p3":4}]
}