{"points":[
    {"x":0.011236,
     "y":0.53933},
    {"x":0.011236,
     "y":0.57303},
    {"x":0.011236,
     "y":0.60674},
    {"x":0.033708,
     "y":0.62921},
    {"x":0.044944,
     "y":0.60674},
    {"x":0.067416,
     "y":0.57303},
    {"x":0.10112,
     "y":0.57303},
    {"x":0.13483,
     "y":0.59551},
    {"x":0.16854,
     "y":0.60674},
    {"x":0.17978,
     "y":0.64045},
    {"x":0.20225,
     "y":0.67416},
    {"x":0.21348,
     "y":0.70787},
    {"x":0.23596,
     "y":0.74157},
    {"x":0.24719,
     "y":0.77528},
    {"x":0.26966,
     "y":0.80899},
    {"x":0.30337,
     "y":0.8427},
    {"x":0.33708,
     "y":0.86517},
    {"x":0.37079,
     "y":0.86517},
    {"x":0.40449,
     "y":0.86517},
    {"x":0.4382,
     "y":0.86517},
    {"x":0.47191,
     "y":0.86517},
    {"x":0.50562,
     "y":0.8764},
    {"x":0.53933,
     "y":0.88764},
    {"x":0.57303,
     "y":0.92135},
    {"x":0.60674,
     "y":0.94382},
    {"x":0.64045,
     "y":0.96629},
    {"x":0.66292,
     "y":1},
    {"x":0.69663,
     "y":1},
    {"x":0.73034,
     "y":0.96629},
    {"x":0.76404,
     "y":0.96629},
    {"x":0.79775,
     "y":0.94382},
    {"x":0.83146,
     "y":0.92135},
    {"x":0.85393,
     "y":0.88764},
    {"x":0.8427,
     "y":0.85393},
    {"x":0.86517,
     "y":0.82022},
    {"x":0.8764,
     "y":0.78652},
    {"x":0.88764,
     "y":0.75281},
    {"x":0.88764,
     "y":0.7191},
    {"x":0.86517,
     "y":0.69663},
    {"x":0.8427,
     "y":0.66292},
    {"x":0.80899,
     "y":0.64045},
    {"x":0.77528,
     "y":0.61798},
    {"x":0.74157,
     "y":0.61798},
    {"x":0.70787,
     "y":0.61798},
    {"x":0.67416,
     "y":0.61798},
    {"x":0.64045,
     "y":0.58427},
    {"x":0.61798,
     "y":0.55056},
    {"x":0.61798,
     "y":0.51685},
    {"x":0.61798,
     "y":0.48315},
    {"x":0.61798,
     "y":0.44944},
    {"x":0.62921,
     "y":0.41573},
    {"x":0.62921,
     "y":0.38202},
    {"x":0.62921,
     "y":0.34831},
    {"x":0.61798,
     "y":0.31461},
    {"x":0.65169,
     "y":0.30337},
    {"x":0.68539,
     "y":0.29213},
    {"x":0.7191,
     "y":0.2809},
    {"x":0.75281,
     "y":0.26966},
    {"x":0.78652,
     "y":0.26966},
    {"x":0.82022,
     "y":0.26966},
    {"x":0.85393,
     "y":0.25843},
    {"x":0.88764,
     "y":0.23596},
    {"x":0.91011,
     "y":0.21348},
    {"x":0.92135,
     "y":0.17978},
    {"x":0.92135,
     "y":0.14607},
    {"x":0.92135,
     "y":0.11236},
    {"x":0.92135,
     "y":0.078652},
    {"x":0.91011,
     "y":0.044944},
    {"x":0.8764,
     "y":0.05618},
    {"x":0.8427,
     "y":0.044944},
    {"x":0.80899,
     "y":0.022472},
    {"x":0.79775,
     "y":0.033708},
    {"x":0.76404,
     "y":0.067416},
    {"x":0.73034,
     "y":0.067416},
    {"x":0.69663,
     "y":0.05618},
    {"x":0.66292,
     "y":0.033708},
    {"x":0.62921,
     "y":0.022472},
    {"x":0.59551,
     "y":0.011236},
    {"x":0.5618,
     "y":0.011236},
    {"x":0.52809,
     "y":0.011236},
    {"x":0.49438,
     "y":0},
    {"x":0.46067,
     "y":0},
    {"x":0.42697,
     "y":0.011236},
    {"x":0.39326,
     "y":0.033708},
    {"x":0.35955,
     "y":0.044944},
    {"x":0.32584,
     "y":0.078652},
    {"x":0.29213,
     "y":0.10112},
    {"x":0.25843,
     "y":0.13483},
    {"x":0.22472,
     "y":0.16854},
    {"x":0.20225,
     "y":0.19101},
    {"x":0.19101,
     "y":0.22472},
    {"x":0.17978,
     "y":0.25843},
    {"x":0.17978,
     "y":0.29213},
    {"x":0.17978,
     "y":0.32584},
    {"x":0.17978,
     "y":0.35955},
    {"x":0.17978,
     "y":0.39326},
    {"x":0.1573,
     "y":0.41573},
    {"x":0.1236,
     "y":0.42697},
    {"x":0.089888,
     "y":0.40449},
    {"x":0.089888,
     "y":0.37079},
    {"x":0.089888,
     "y":0.33708},
    {"x":0.078652,
     "y":0.31461},
    {"x":0.044944,
     "y":0.31461},
    {"x":0.022472,
     "y":0.32584},
    {"x":0.033708,
     "y":0.35955},
    {"x":0.05618,
     "y":0.38202},
    {"x":0.033708,
     "y":0.40449},
    {"x":0.044944,
     "y":0.42697},
    {"x":0.078652,
     "y":0.4382},
    {"x":0.10112,
     "y":0.47191},
    {"x":0.1236,
     "y":0.50562},
    {"x":0.089888,
     "y":0.53933},
    {"x":0.05618,
     "y":0.52809},
    {"x":0.044944,
     "y":0.49438},
    {"x":0.022472,
     "y":0.47191},
    {"x":0.011236,
     "y":0.49438},
    {"x":0,
     "y":0.52809},
    {"x":0.011236,
     "y":0.53933}],
 "triangles":[
    {"p1":31,
     "p2":32,
     "p3":33},
    {"p1":49,
     "p2":53,
     "p3":95},
    {"p1":8,
     "p2":47,
     "p3":95},
    {"p1":7,
     "p2":8,
     "p3":110},
    {"p1":25,
     "p2":26,
     "p3":27},
    {"p1":25,
     "p2":27,
     "p3":28},
    {"p1":6,
     "p2":7,
     "p3":110},
    {"p1":66,
     "p2":67,
     "p3":68},
    {"p1":64,
     "p2":68,
     "p3":69},
    {"p1":64,
     "p2":69,
     "p3":72},
    {"p1":47,
     "p2":48,
     "p3":95},
    {"p1":48,
     "p2":49,
     "p3":95},
    {"p1":8,
     "p2":46,
     "p3":47},
    {"p1":8,
     "p2":10,
     "p3":46},
    {"p1":21,
     "p2":22,
     "p3":44},
    {"p1":53,
     "p2":79,
     "p3":83},
    {"p1":53,
     "p2":83,
     "p3":85},
    {"p1":83,
     "p2":84,
     "p3":85},
    {"p1":15,
     "p2":16,
     "p3":17},
    {"p1":14,
     "p2":15,
     "p3":17},
    {"p1":24,
     "p2":28,
     "p3":33},
    {"p1":24,
     "p2":25,
     "p3":28},
    {"p1":96,
     "p2":97,
     "p3":110},
    {"p1":8,
     "p2":95,
     "p3":96},
    {"p1":8,
     "p2":96,
     "p3":110},
    {"p1":97,
     "p2":108,
     "p3":109},
    {"p1":97,
     "p2":109,
     "p3":110},
    {"p1":0,
     "p2":115,
     "p3":116},
    {"p1":2,
     "p2":3,
     "p3":4},
    {"p1":1,
     "p2":4,
     "p3":5},
    {"p1":1,
     "p2":2,
     "p3":4},
    {"p1":5,
     "p2":111,
     "p3":112},
    {"p1":5,
     "p2":6,
     "p3":111},
    {"p1":6,
     "p2":110,
     "p3":111},
    {"p1":65,
     "p2":66,
     "p3":68},
    {"p1":64,
     "p2":65,
     "p3":68},
    {"p1":30,
     "p2":31,
     "p3":33},
    {"p1":28,
     "p2":30,
     "p3":33},
    {"p1":28,
     "p2":29,
     "p3":30},
    {"p1":49,
     "p2":51,
     "p3":53},
    {"p1":53,
     "p2":54,
     "p3":76},
    {"p1":61,
     "p2":63,
     "p3":64},
    {"p1":61,
     "p2":64,
     "p3":72},
    {"p1":8,
     "p2":9,
     "p3":10},
    {"p1":20,
     "p2":45,
     "p3":46},
    {"p1":21,
     "p2":44,
     "p3":45},
    {"p1":20,
     "p2":21,
     "p3":45},
    {"p1":10,
     "p2":12,
     "p3":46},
    {"p1":53,
     "p2":94,
     "p3":95},
    {"p1":53,
     "p2":93,
     "p3":94},
    {"p1":53,
     "p2":87,
     "p3":92},
    {"p1":53,
     "p2":92,
     "p3":93},
    {"p1":53,
     "p2":86,
     "p3":87},
    {"p1":53,
     "p2":85,
     "p3":86},
    {"p1":69,
     "p2":71,
     "p3":72},
    {"p1":69,
     "p2":70,
     "p3":71},
    {"p1":22,
     "p2":23,
     "p3":44},
    {"p1":23,
     "p2":33,
     "p3":44},
    {"p1":23,
     "p2":24,
     "p3":33},
    {"p1":0,
     "p2":112,
     "p3":113},
    {"p1":0,
     "p2":113,
     "p3":115},
    {"p1":33,
     "p2":43,
     "p3":44},
    {"p1":33,
     "p2":42,
     "p3":43},
    {"p1":33,
     "p2":34,
     "p3":40},
    {"p1":33,
     "p2":40,
     "p3":42},
    {"p1":51,
     "p2":52,
     "p3":53},
    {"p1":49,
     "p2":50,
     "p3":51},
    {"p1":54,
     "p2":74,
     "p3":76},
    {"p1":56,
     "p2":73,
     "p3":74},
    {"p1":53,
     "p2":78,
     "p3":79},
    {"p1":53,
     "p2":76,
     "p3":78},
    {"p1":61,
     "p2":62,
     "p3":63},
    {"p1":19,
     "p2":20,
     "p3":46},
    {"p1":12,
     "p2":19,
     "p3":46},
    {"p1":12,
     "p2":13,
     "p3":14},
    {"p1":10,
     "p2":11,
     "p3":12},
    {"p1":79,
     "p2":82,
     "p3":83},
    {"p1":36,
     "p2":37,
     "p3":38},
    {"p1":40,
     "p2":41,
     "p3":42},
    {"p1":59,
     "p2":60,
     "p3":72},
    {"p1":60,
     "p2":61,
     "p3":72},
    {"p1":57,
     "p2":72,
     "p3":73},
    {"p1":56,
     "p2":57,
     "p3":73},
    {"p1":54,
     "p2":55,
     "p3":74},
    {"p1":55,
     "p2":56,
     "p3":74},
    {"p1":74,
     "p2":75,
     "p3":76},
    {"p1":76,
     "p2":77,
     "p3":78},
    {"p1":12,
     "p2":18,
     "p3":19},
    {"p1":14,
     "p2":17,
     "p3":18},
    {"p1":12,
     "p2":14,
     "p3":18},
    {"p1":34,
     "p2":35,
     "p3":40},
    {"p1":35,
     "p2":38,
     "p3":40},
    {"p1":35,
     "p2":36,
     "p3":38},
    {"p1":38,
     "p2":39,
     "p3":40},
    {"p1":58,
     "p2":59,
     "p3":72},
    {"p1":57,
     "p2":58,
     "p3":72},
    {"p1":100,
     "p2":101,
     "p3":102},
    {"p1":113,
     "p2":114,
     "p3":115},
    {"p1":88,
     "p2":89,
     "p3":90},
    {"p1":87,
     "p2":88,
     "p3":92},
    {"p1":88,
     "p2":90,
     "p3":92},
    {"p1":97,
     "p2":98,
     "p3":108},
    {"p1":98,
     "p2":107,
     "p3":108},
    {"p1":102,
     "p2":103,
     "p3":104},
    {"p1":100,
     "p2":102,
     "p3":104},
    {"p1":90,
     "p2":91,
     "p3":92},
    {"p1":99,
     "p2":100,
     "p3":105},
    {"p1":100,
     "p2":104,
     "p3":105},
    {"p1":98,
     "p2":99,
     "p3":105},
    {"p1":98,
     "p2":105,
     "p3":107},
    {"p1":105,
     "p2":106,
     "p3":107},
    {"p1":0,
     "p2":5,
     "p3":112},
    {"p1":0,
     "p2":1,
     "p3":5},
    {"p1":80,
     "p2":81,
     "p3":82},
    {"p1":79,
     "p2":80,
     "p3":82}]
}