{"points":[
    {"x":0.024221,
     "y":0.49827},
    {"x":0.010381,
     "y":0.54325},
    {"x":0.010381,
     "y":0.58824},
    {"x":0.017301,
     "y":0.63322},
    {"x":0.024221,
     "y":0.6782},
    {"x":0.031142,
     "y":0.72318},
    {"x":0.044983,
     "y":0.76817},
    {"x":0.031142,
     "y":0.80969},
    {"x":0.041522,
     "y":0.85467},
    {"x":0,
     "y":0.86505},
    {"x":0.0069204,
     "y":0.89965},
    {"x":0.024221,
     "y":0.94118},
    {"x":0.058824,
     "y":0.97578},
    {"x":0.10035,
     "y":1},
    {"x":0.14187,
     "y":0.99308},
    {"x":0.16263,
     "y":0.96886},
    {"x":0.13841,
     "y":0.92734},
    {"x":0.17301,
     "y":0.88927},
    {"x":0.21107,
     "y":0.85813},
    {"x":0.24221,
     "y":0.81315},
    {"x":0.25952,
     "y":0.76817},
    {"x":0.2699,
     "y":0.72318},
    {"x":0.28028,
     "y":0.6782},
    {"x":0.30104,
     "y":0.63322},
    {"x":0.34256,
     "y":0.60208},
    {"x":0.38754,
     "y":0.59862},
    {"x":0.41869,
     "y":0.63668},
    {"x":0.41522,
     "y":0.68166},
    {"x":0.41522,
     "y":0.72664},
    {"x":0.42907,
     "y":0.77163},
    {"x":0.44983,
     "y":0.81661},
    {"x":0.47751,
     "y":0.85813},
    {"x":0.52249,
     "y":0.89273},
    {"x":0.56747,
     "y":0.91696},
    {"x":0.61246,
     "y":0.92734},
    {"x":0.65744,
     "y":0.93426},
    {"x":0.70242,
     "y":0.92734},
    {"x":0.7474,
     "y":0.91349},
    {"x":0.79239,
     "y":0.89273},
    {"x":0.83737,
     "y":0.88581},
    {"x":0.88235,
     "y":0.87543},
    {"x":0.92734,
     "y":0.85467},
    {"x":0.96886,
     "y":0.82353},
    {"x":0.93772,
     "y":0.80969},
    {"x":0.89273,
     "y":0.81661},
    {"x":0.86505,
     "y":0.80969},
    {"x":0.90311,
     "y":0.76817},
    {"x":0.93426,
     "y":0.72664},
    {"x":0.88927,
     "y":0.73356},
    {"x":0.84429,
     "y":0.76125},
    {"x":0.80277,
     "y":0.80277},
    {"x":0.75779,
     "y":0.82699},
    {"x":0.75433,
     "y":0.78201},
    {"x":0.75779,
     "y":0.74394},
    {"x":0.76125,
     "y":0.69896},
    {"x":0.76125,
     "y":0.65398},
    {"x":0.76125,
     "y":0.61592},
    {"x":0.75779,
     "y":0.57093},
    {"x":0.75087,
     "y":0.52595},
    {"x":0.71626,
     "y":0.49481},
    {"x":0.67128,
     "y":0.46367},
    {"x":0.65398,
     "y":0.43945},
    {"x":0.64014,
     "y":0.40484},
    {"x":0.61592,
     "y":0.37024},
    {"x":0.58824,
     "y":0.34602},
    {"x":0.56055,
     "y":0.33218},
    {"x":0.52595,
     "y":0.3218},
    {"x":0.48789,
     "y":0.3045},
    {"x":0.44291,
     "y":0.27336},
    {"x":0.40138,
     "y":0.25952},
    {"x":0.3564,
     "y":0.25606},
    {"x":0.35986,
     "y":0.21107},
    {"x":0.35294,
     "y":0.16609},
    {"x":0.36332,
     "y":0.12803},
    {"x":0.3737,
     "y":0.11073},
    {"x":0.3564,
     "y":0.076125},
    {"x":0.39446,
     "y":0.051903},
    {"x":0.3564,
     "y":0.038062},
    {"x":0.31142,
     "y":0.020761},
    {"x":0.2699,
     "y":0},
    {"x":0.23875,
     "y":0.0069204},
    {"x":0.24221,
     "y":0.031142},
    {"x":0.20069,
     "y":0.031142},
    {"x":0.22145,
     "y":0.048443},
    {"x":0.2526,
     "y":0.076125},
    {"x":0.29758,
     "y":0.072664},
    {"x":0.3218,
     "y":0.10727},
    {"x":0.3218,
     "y":0.15225},
    {"x":0.31488,
     "y":0.19723},
    {"x":0.2872,
     "y":0.21453},
    {"x":0.25952,
     "y":0.22837},
    {"x":0.25952,
     "y":0.18339},
    {"x":0.24913,
     "y":0.15571},
    {"x":0.21107,
     "y":0.18339},
    {"x":0.21799,
     "y":0.22837},
    {"x":0.24567,
     "y":0.26644},
    {"x":0.20415,
     "y":0.3045},
    {"x":0.15917,
     "y":0.33564},
    {"x":0.11765,
     "y":0.37024},
    {"x":0.079585,
     "y":0.40484},
    {"x":0.048443,
     "y":0.44983},
    {"x":0.024221,
     "y":0.49481},
    {"x":0.024221,
     "y":0.49827}],
 "triangles":[
    {"p1":8,
     "p2":9,
     "p3":10},
    {"p1":8,
     "p2":10,
     "p3":11},
    {"p1":78,
     "p2":79,
     "p3":81},
    {"p1":79,
     "p2":80,
     "p3":81},
    {"p1":81,
     "p2":82,
     "p3":83},
    {"p1":35,
     "p2":36,
     "p3":51},
    {"p1":24,
     "p2":25,
     "p3":70},
    {"p1":6,
     "p2":7,
     "p3":8},
    {"p1":6,
     "p2":18,
     "p3":19},
    {"p1":25,
     "p2":67,
     "p3":68},
    {"p1":34,
     "p2":35,
     "p3":51},
    {"p1":36,
     "p2":37,
     "p3":51},
    {"p1":12,
     "p2":13,
     "p3":16},
    {"p1":8,
     "p2":11,
     "p3":16},
    {"p1":11,
     "p2":12,
     "p3":16},
    {"p1":25,
     "p2":26,
     "p3":61},
    {"p1":26,
     "p2":60,
     "p3":61},
    {"p1":5,
     "p2":6,
     "p3":21},
    {"p1":63,
     "p2":64,
     "p3":65},
    {"p1":25,
     "p2":66,
     "p3":67},
    {"p1":25,
     "p2":65,
     "p3":66},
    {"p1":75,
     "p2":76,
     "p3":77},
    {"p1":78,
     "p2":81,
     "p3":85},
    {"p1":77,
     "p2":78,
     "p3":85},
    {"p1":75,
     "p2":77,
     "p3":85},
    {"p1":13,
     "p2":14,
     "p3":16},
    {"p1":14,
     "p2":15,
     "p3":16},
    {"p1":34,
     "p2":51,
     "p3":52},
    {"p1":33,
     "p2":34,
     "p3":52},
    {"p1":30,
     "p2":52,
     "p3":53},
    {"p1":37,
     "p2":38,
     "p3":51},
    {"p1":38,
     "p2":50,
     "p3":51},
    {"p1":38,
     "p2":39,
     "p3":50},
    {"p1":8,
     "p2":16,
     "p3":17},
    {"p1":6,
     "p2":8,
     "p3":17},
    {"p1":6,
     "p2":17,
     "p3":18},
    {"p1":24,
     "p2":70,
     "p3":96},
    {"p1":24,
     "p2":96,
     "p3":97},
    {"p1":24,
     "p2":97,
     "p3":98},
    {"p1":57,
     "p2":59,
     "p3":60},
    {"p1":57,
     "p2":58,
     "p3":59},
    {"p1":26,
     "p2":27,
     "p3":55},
    {"p1":45,
     "p2":49,
     "p3":50},
    {"p1":39,
     "p2":45,
     "p3":50},
    {"p1":41,
     "p2":42,
     "p3":43},
    {"p1":41,
     "p2":43,
     "p3":44},
    {"p1":29,
     "p2":30,
     "p3":53},
    {"p1":81,
     "p2":83,
     "p3":84},
    {"p1":81,
     "p2":84,
     "p3":85},
    {"p1":91,
     "p2":92,
     "p3":93},
    {"p1":32,
     "p2":33,
     "p3":52},
    {"p1":70,
     "p2":89,
     "p3":95},
    {"p1":70,
     "p2":95,
     "p3":96},
    {"p1":62,
     "p2":63,
     "p3":65},
    {"p1":25,
     "p2":62,
     "p3":65},
    {"p1":25,
     "p2":61,
     "p3":62},
    {"p1":27,
     "p2":54,
     "p3":55},
    {"p1":27,
     "p2":29,
     "p3":54},
    {"p1":29,
     "p2":53,
     "p3":54},
    {"p1":26,
     "p2":55,
     "p3":56},
    {"p1":56,
     "p2":57,
     "p3":60},
    {"p1":26,
     "p2":56,
     "p3":60},
    {"p1":40,
     "p2":41,
     "p3":44},
    {"p1":39,
     "p2":40,
     "p3":45},
    {"p1":40,
     "p2":44,
     "p3":45},
    {"p1":46,
     "p2":47,
     "p3":48},
    {"p1":46,
     "p2":48,
     "p3":49},
    {"p1":45,
     "p2":46,
     "p3":49},
    {"p1":27,
     "p2":28,
     "p3":29},
    {"p1":6,
     "p2":19,
     "p3":20},
    {"p1":6,
     "p2":20,
     "p3":21},
    {"p1":23,
     "p2":99,
     "p3":100},
    {"p1":23,
     "p2":24,
     "p3":98},
    {"p1":23,
     "p2":98,
     "p3":99},
    {"p1":3,
     "p2":22,
     "p3":23},
    {"p1":4,
     "p2":5,
     "p3":21},
    {"p1":4,
     "p2":21,
     "p3":22},
    {"p1":3,
     "p2":4,
     "p3":22},
    {"p1":75,
     "p2":85,
     "p3":86},
    {"p1":74,
     "p2":75,
     "p3":86},
    {"p1":73,
     "p2":74,
     "p3":86},
    {"p1":73,
     "p2":86,
     "p3":87},
    {"p1":72,
     "p2":73,
     "p3":87},
    {"p1":72,
     "p2":87,
     "p3":88},
    {"p1":70,
     "p2":88,
     "p3":89},
    {"p1":30,
     "p2":31,
     "p3":52},
    {"p1":31,
     "p2":32,
     "p3":52},
    {"p1":91,
     "p2":93,
     "p3":94},
    {"p1":0,
     "p2":1,
     "p3":23},
    {"p1":0,
     "p2":100,
     "p3":101},
    {"p1":0,
     "p2":23,
     "p3":100},
    {"p1":1,
     "p2":2,
     "p3":23},
    {"p1":2,
     "p2":3,
     "p3":23},
    {"p1":70,
     "p2":71,
     "p3":88},
    {"p1":71,
     "p2":72,
     "p3":88},
    {"p1":90,
     "p2":91,
     "p3":94},
    {"p1":89,
     "p2":90,
     "p3":95},
    {"p1":90,
     "p2":94,
     "p3":95},
    {"p1":25,
     "p2":69,
     "p3":70},
    {"p1":25,
     "p2":68,
     "p3":69}]
}