{"points":[
    {"x":0.039216,
     "y":0.45098},
    {"x":0.029412,
     "y":0.4902},
    {"x":0.058824,
     "y":0.45098},
    {"x":0.078431,
     "y":0.42157},
    {"x":0.11765,
     "y":0.43137},
    {"x":0.15686,
     "y":0.46078},
    {"x":0.15686,
     "y":0.5},
    {"x":0.15686,
     "y":0.53922},
    {"x":0.16667,
     "y":0.57843},
    {"x":0.17647,
     "y":0.60784},
    {"x":0.21569,
     "y":0.62745},
    {"x":0.22549,
     "y":0.65686},
    {"x":0.26471,
     "y":0.66667},
    {"x":0.26471,
     "y":0.70588},
    {"x":0.26471,
     "y":0.7451},
    {"x":0.26471,
     "y":0.78431},
    {"x":0.2549,
     "y":0.82353},
    {"x":0.26471,
     "y":0.86275},
    {"x":0.29412,
     "y":0.90196},
    {"x":0.33333,
     "y":0.93137},
    {"x":0.37255,
     "y":0.95098},
    {"x":0.41176,
     "y":0.97059},
    {"x":0.45098,
     "y":0.98039},
    {"x":0.4902,
     "y":0.98039},
    {"x":0.52941,
     "y":0.98039},
    {"x":0.56863,
     "y":0.95098},
    {"x":0.60784,
     "y":0.92157},
    {"x":0.61765,
     "y":0.88235},
    {"x":0.64706,
     "y":0.84314},
    {"x":0.66667,
     "y":0.80392},
    {"x":0.68627,
     "y":0.76471},
    {"x":0.69608,
     "y":0.72549},
    {"x":0.69608,
     "y":0.68627},
    {"x":0.67647,
     "y":0.64706},
    {"x":0.66667,
     "y":0.60784},
    {"x":0.62745,
     "y":0.57843},
    {"x":0.58824,
     "y":0.55882},
    {"x":0.54902,
     "y":0.52941},
    {"x":0.54902,
     "y":0.4902},
    {"x":0.58824,
     "y":0.47059},
    {"x":0.62745,
     "y":0.43137},
    {"x":0.65686,
     "y":0.39216},
    {"x":0.68627,
     "y":0.36275},
    {"x":0.72549,
     "y":0.34314},
    {"x":0.76471,
     "y":0.33333},
    {"x":0.80392,
     "y":0.30392},
    {"x":0.84314,
     "y":0.28431},
    {"x":0.88235,
     "y":0.27451},
    {"x":0.92157,
     "y":0.2549},
    {"x":0.96078,
     "y":0.26471},
    {"x":0.9902,
     "y":0.2451},
    {"x":1,
     "y":0.20588},
    {"x":1,
     "y":0.16667},
    {"x":0.9902,
     "y":0.12745},
    {"x":0.98039,
     "y":0.088235},
    {"x":0.94118,
     "y":0.068627},
    {"x":0.91176,
     "y":0.04902},
    {"x":0.88235,
     "y":0.029412},
    {"x":0.85294,
     "y":0.04902},
    {"x":0.83333,
     "y":0.078431},
    {"x":0.79412,
     "y":0.078431},
    {"x":0.7549,
     "y":0.068627},
    {"x":0.72549,
     "y":0.04902},
    {"x":0.68627,
     "y":0.029412},
    {"x":0.64706,
     "y":0.019608},
    {"x":0.60784,
     "y":0},
    {"x":0.56863,
     "y":0},
    {"x":0.52941,
     "y":0.0098039},
    {"x":0.4902,
     "y":0.0098039},
    {"x":0.45098,
     "y":0.029412},
    {"x":0.41176,
     "y":0.039216},
    {"x":0.37255,
     "y":0.058824},
    {"x":0.33333,
     "y":0.058824},
    {"x":0.29412,
     "y":0.078431},
    {"x":0.2549,
     "y":0.10784},
    {"x":0.21569,
     "y":0.13725},
    {"x":0.18627,
     "y":0.16667},
    {"x":0.14706,
     "y":0.17647},
    {"x":0.10784,
     "y":0.18627},
    {"x":0.068627,
     "y":0.15686},
    {"x":0.04902,
     "y":0.11765},
    {"x":0.019608,
     "y":0.078431},
    {"x":0.0098039,
     "y":0.098039},
    {"x":0.029412,
     "y":0.13725},
    {"x":0.039216,
     "y":0.17647},
    {"x":0.058824,
     "y":0.21569},
    {"x":0.058824,
     "y":0.2549},
    {"x":0.088235,
     "y":0.2549},
    {"x":0.12745,
     "y":0.22549},
    {"x":0.16667,
     "y":0.2549},
    {"x":0.16667,
     "y":0.29412},
    {"x":0.16667,
     "y":0.33333},
    {"x":0.15686,
     "y":0.37255},
    {"x":0.11765,
     "y":0.39216},
    {"x":0.078431,
     "y":0.39216},
    {"x":0.04902,
     "y":0.36275},
    {"x":0.029412,
     "y":0.32353},
    {"x":0,
     "y":0.34314},
    {"x":0.029412,
     "y":0.38235},
    {"x":0.039216,
     "y":0.42157},
    {"x":0.039216,
     "y":0.45098}],
 "triangles":[
    {"p1":12,
     "p2":37,
     "p3":38},
    {"p1":12,
     "p2":13,
     "p3":37},
    {"p1":22,
     "p2":23,
     "p3":27},
    {"p1":25,
     "p2":26,
     "p3":27},
    {"p1":23,
     "p2":24,
     "p3":25},
    {"p1":23,
     "p2":25,
     "p3":27},
    {"p1":15,
     "p2":17,
     "p3":18},
    {"p1":15,
     "p2":16,
     "p3":17},
    {"p1":10,
     "p2":11,
     "p3":12},
    {"p1":10,
     "p2":12,
     "p3":38},
    {"p1":80,
     "p2":81,
     "p3":82},
    {"p1":80,
     "p2":82,
     "p3":83},
    {"p1":53,
     "p2":54,
     "p3":55},
    {"p1":14,
     "p2":27,
     "p3":28},
    {"p1":14,
     "p2":15,
     "p3":27},
    {"p1":14,
     "p2":28,
     "p3":29},
    {"p1":8,
     "p2":9,
     "p3":10},
    {"p1":15,
     "p2":20,
     "p3":27},
    {"p1":38,
     "p2":40,
     "p3":71},
    {"p1":40,
     "p2":41,
     "p3":71},
    {"p1":38,
     "p2":39,
     "p3":40},
    {"p1":33,
     "p2":34,
     "p3":35},
    {"p1":31,
     "p2":32,
     "p3":33},
    {"p1":30,
     "p2":31,
     "p3":33},
    {"p1":29,
     "p2":30,
     "p3":33},
    {"p1":43,
     "p2":61,
     "p3":62},
    {"p1":43,
     "p2":45,
     "p3":61},
    {"p1":48,
     "p2":50,
     "p3":51},
    {"p1":48,
     "p2":51,
     "p3":52},
    {"p1":48,
     "p2":52,
     "p3":53},
    {"p1":55,
     "p2":56,
     "p3":59},
    {"p1":53,
     "p2":55,
     "p3":59},
    {"p1":48,
     "p2":53,
     "p3":59},
    {"p1":95,
     "p2":96,
     "p3":97},
    {"p1":95,
     "p2":97,
     "p3":98},
    {"p1":71,
     "p2":72,
     "p3":73},
    {"p1":71,
     "p2":73,
     "p3":74},
    {"p1":71,
     "p2":74,
     "p3":90},
    {"p1":74,
     "p2":89,
     "p3":90},
    {"p1":38,
     "p2":90,
     "p3":91},
    {"p1":38,
     "p2":71,
     "p3":90},
    {"p1":42,
     "p2":63,
     "p3":64},
    {"p1":42,
     "p2":64,
     "p3":67},
    {"p1":64,
     "p2":65,
     "p3":66},
    {"p1":64,
     "p2":66,
     "p3":67},
    {"p1":78,
     "p2":85,
     "p3":88},
    {"p1":75,
     "p2":76,
     "p3":89},
    {"p1":74,
     "p2":75,
     "p3":89},
    {"p1":21,
     "p2":22,
     "p3":27},
    {"p1":20,
     "p2":21,
     "p3":27},
    {"p1":15,
     "p2":18,
     "p3":19},
    {"p1":15,
     "p2":19,
     "p3":20},
    {"p1":13,
     "p2":36,
     "p3":37},
    {"p1":33,
     "p2":35,
     "p3":36},
    {"p1":29,
     "p2":33,
     "p3":36},
    {"p1":13,
     "p2":14,
     "p3":36},
    {"p1":14,
     "p2":29,
     "p3":36},
    {"p1":43,
     "p2":44,
     "p3":45},
    {"p1":48,
     "p2":49,
     "p3":50},
    {"p1":46,
     "p2":59,
     "p3":60},
    {"p1":45,
     "p2":60,
     "p3":61},
    {"p1":45,
     "p2":46,
     "p3":60},
    {"p1":56,
     "p2":57,
     "p3":58},
    {"p1":56,
     "p2":58,
     "p3":59},
    {"p1":38,
     "p2":91,
     "p3":92},
    {"p1":5,
     "p2":38,
     "p3":92},
    {"p1":4,
     "p2":5,
     "p3":92},
    {"p1":4,
     "p2":92,
     "p3":93},
    {"p1":6,
     "p2":10,
     "p3":38},
    {"p1":5,
     "p2":6,
     "p3":38},
    {"p1":3,
     "p2":4,
     "p3":93},
    {"p1":2,
     "p2":3,
     "p3":99},
    {"p1":0,
     "p2":1,
     "p3":2},
    {"p1":0,
     "p2":2,
     "p3":99},
    {"p1":67,
     "p2":68,
     "p3":69},
    {"p1":42,
     "p2":67,
     "p3":69},
    {"p1":41,
     "p2":42,
     "p3":69},
    {"p1":41,
     "p2":69,
     "p3":71},
    {"p1":69,
     "p2":70,
     "p3":71},
    {"p1":85,
     "p2":86,
     "p3":87},
    {"p1":85,
     "p2":87,
     "p3":88},
    {"p1":77,
     "p2":78,
     "p3":88},
    {"p1":76,
     "p2":77,
     "p3":89},
    {"p1":77,
     "p2":88,
     "p3":89},
    {"p1":46,
     "p2":47,
     "p3":59},
    {"p1":47,
     "p2":48,
     "p3":59},
    {"p1":7,
     "p2":8,
     "p3":10},
    {"p1":6,
     "p2":7,
     "p3":10},
    {"p1":3,
     "p2":93,
     "p3":94},
    {"p1":94,
     "p2":95,
     "p3":98},
    {"p1":94,
     "p2":98,
     "p3":99},
    {"p1":3,
     "p2":94,
     "p3":99},
    {"p1":79,
     "p2":83,
     "p3":84},
    {"p1":79,
     "p2":80,
     "p3":83},
    {"p1":79,
     "p2":84,
     "p3":85},
    {"p1":78,
     "p2":79,
     "p3":85},
    {"p1":42,
     "p2":62,
     "p3":63},
    {"p1":42,
     "p2":43,
     "p3":62}]
}