{"points":[
    {"x":0.012048,
     "y":0.48594},
    {"x":0.0080321,
     "y":0.5261},
    {"x":0,
     "y":0.56225},
    {"x":0,
     "y":0.59839},
    {"x":0.012048,
     "y":0.63855},
    {"x":0.016064,
     "y":0.67871},
    {"x":0.032129,
     "y":0.71486},
    {"x":0.036145,
     "y":0.75502},
    {"x":0.052209,
     "y":0.79116},
    {"x":0.072289,
     "y":0.83133},
    {"x":0.040161,
     "y":0.85141},
    {"x":0.056225,
     "y":0.88755},
    {"x":0.052209,
     "y":0.92369},
    {"x":0.080321,
     "y":0.95984},
    {"x":0.10843,
     "y":0.98795},
    {"x":0.14859,
     "y":1},
    {"x":0.18876,
     "y":1},
    {"x":0.22088,
     "y":0.98795},
    {"x":0.25301,
     "y":0.95984},
    {"x":0.27711,
     "y":0.93173},
    {"x":0.25703,
     "y":0.8996},
    {"x":0.21687,
     "y":0.88353},
    {"x":0.22088,
     "y":0.84739},
    {"x":0.24096,
     "y":0.80723},
    {"x":0.24498,
     "y":0.76707},
    {"x":0.24096,
     "y":0.72691},
    {"x":0.249,
     "y":0.68675},
    {"x":0.249,
     "y":0.64659},
    {"x":0.25703,
     "y":0.60643},
    {"x":0.29719,
     "y":0.59438},
    {"x":0.33735,
     "y":0.61044},
    {"x":0.34538,
     "y":0.64659},
    {"x":0.37751,
     "y":0.66667},
    {"x":0.40964,
     "y":0.70683},
    {"x":0.43775,
     "y":0.74297},
    {"x":0.47791,
     "y":0.76707},
    {"x":0.51807,
     "y":0.76707},
    {"x":0.5502,
     "y":0.78313},
    {"x":0.59036,
     "y":0.77912},
    {"x":0.62651,
     "y":0.78313},
    {"x":0.66667,
     "y":0.76305},
    {"x":0.70281,
     "y":0.73494},
    {"x":0.73092,
     "y":0.6988},
    {"x":0.76305,
     "y":0.6747},
    {"x":0.79518,
     "y":0.63855},
    {"x":0.80321,
     "y":0.59839},
    {"x":0.79116,
     "y":0.57028},
    {"x":0.77108,
     "y":0.61044},
    {"x":0.76305,
     "y":0.57831},
    {"x":0.74699,
     "y":0.54217},
    {"x":0.72691,
     "y":0.54618},
    {"x":0.72691,
     "y":0.58635},
    {"x":0.71486,
     "y":0.62651},
    {"x":0.70281,
     "y":0.60241},
    {"x":0.69076,
     "y":0.56627},
    {"x":0.66265,
     "y":0.59438},
    {"x":0.64659,
     "y":0.63454},
    {"x":0.61044,
     "y":0.64257},
    {"x":0.61847,
     "y":0.60241},
    {"x":0.62651,
     "y":0.56627},
    {"x":0.62249,
     "y":0.5261},
    {"x":0.61044,
     "y":0.48594},
    {"x":0.59839,
     "y":0.44578},
    {"x":0.56627,
     "y":0.4257},
    {"x":0.53815,
     "y":0.38956},
    {"x":0.51004,
     "y":0.3494},
    {"x":0.48193,
     "y":0.31727},
    {"x":0.46988,
     "y":0.27711},
    {"x":0.45783,
     "y":0.24096},
    {"x":0.43775,
     "y":0.20482},
    {"x":0.42169,
     "y":0.16466},
    {"x":0.40964,
     "y":0.1245},
    {"x":0.43373,
     "y":0.088353},
    {"x":0.45382,
     "y":0.052209},
    {"x":0.41365,
     "y":0.044177},
    {"x":0.37751,
     "y":0.016064},
    {"x":0.33735,
     "y":0.0080321},
    {"x":0.29719,
     "y":0},
    {"x":0.27309,
     "y":0.02008},
    {"x":0.28916,
     "y":0.044177},
    {"x":0.32932,
     "y":0.060241},
    {"x":0.36948,
     "y":0.084337},
    {"x":0.37751,
     "y":0.1245},
    {"x":0.37751,
     "y":0.16466},
    {"x":0.35743,
     "y":0.20482},
    {"x":0.33333,
     "y":0.23293},
    {"x":0.30522,
     "y":0.20884},
    {"x":0.28112,
     "y":0.17269},
    {"x":0.27309,
     "y":0.13253},
    {"x":0.31325,
     "y":0.12851},
    {"x":0.34538,
     "y":0.12048},
    {"x":0.31325,
     "y":0.10442},
    {"x":0.28112,
     "y":0.068273},
    {"x":0.24498,
     "y":0.052209},
    {"x":0.20482,
     "y":0.036145},
    {"x":0.16466,
     "y":0.036145},
    {"x":0.13655,
     "y":0.068273},
    {"x":0.17671,
     "y":0.088353},
    {"x":0.21687,
     "y":0.10442},
    {"x":0.249,
     "y":0.13655},
    {"x":0.24498,
     "y":0.17671},
    {"x":0.24096,
     "y":0.21687},
    {"x":0.21687,
     "y":0.25703},
    {"x":0.18876,
     "y":0.29719},
    {"x":0.15663,
     "y":0.3253},
    {"x":0.12048,
     "y":0.3494},
    {"x":0.084337,
     "y":0.37349},
    {"x":0.048193,
     "y":0.40161},
    {"x":0.032129,
     "y":0.44177},
    {"x":0.016064,
     "y":0.48193},
    {"x":0.012048,
     "y":0.48594}],
 "triangles":[
    {"p1":106,
     "p2":107,
     "p3":108},
    {"p1":5,
     "p2":6,
     "p3":27},
    {"p1":4,
     "p2":5,
     "p3":27},
    {"p1":29,
     "p2":30,
     "p3":65},
    {"p1":11,
     "p2":12,
     "p3":13},
    {"p1":28,
     "p2":106,
     "p3":108},
    {"p1":1,
     "p2":2,
     "p3":28},
    {"p1":2,
     "p2":3,
     "p3":28},
    {"p1":4,
     "p2":27,
     "p3":28},
    {"p1":3,
     "p2":4,
     "p3":28},
    {"p1":9,
     "p2":10,
     "p3":11},
    {"p1":95,
     "p2":96,
     "p3":97},
    {"p1":28,
     "p2":105,
     "p3":106},
    {"p1":29,
     "p2":65,
     "p3":66},
    {"p1":29,
     "p2":85,
     "p3":103},
    {"p1":29,
     "p2":66,
     "p3":85},
    {"p1":30,
     "p2":32,
     "p3":60},
    {"p1":1,
     "p2":28,
     "p3":109},
    {"p1":28,
     "p2":108,
     "p3":109},
    {"p1":0,
     "p2":1,
     "p3":109},
    {"p1":11,
     "p2":13,
     "p3":21},
    {"p1":9,
     "p2":11,
     "p3":21},
    {"p1":17,
     "p2":18,
     "p3":21},
    {"p1":14,
     "p2":15,
     "p3":21},
    {"p1":13,
     "p2":14,
     "p3":21},
    {"p1":15,
     "p2":16,
     "p3":21},
    {"p1":16,
     "p2":17,
     "p3":21},
    {"p1":77,
     "p2":78,
     "p3":79},
    {"p1":86,
     "p2":87,
     "p3":101},
    {"p1":85,
     "p2":86,
     "p3":101},
    {"p1":69,
     "p2":70,
     "p3":83},
    {"p1":70,
     "p2":71,
     "p3":83},
    {"p1":71,
     "p2":82,
     "p3":83},
    {"p1":92,
     "p2":93,
     "p3":98},
    {"p1":94,
     "p2":95,
     "p3":97},
    {"p1":93,
     "p2":94,
     "p3":98},
    {"p1":94,
     "p2":97,
     "p3":98},
    {"p1":28,
     "p2":29,
     "p3":104},
    {"p1":28,
     "p2":104,
     "p3":105},
    {"p1":29,
     "p2":103,
     "p3":104},
    {"p1":69,
     "p2":83,
     "p3":84},
    {"p1":68,
     "p2":69,
     "p3":84},
    {"p1":68,
     "p2":84,
     "p3":85},
    {"p1":67,
     "p2":68,
     "p3":85},
    {"p1":66,
     "p2":67,
     "p3":85},
    {"p1":34,
     "p2":35,
     "p3":36},
    {"p1":61,
     "p2":62,
     "p3":63},
    {"p1":30,
     "p2":60,
     "p3":61},
    {"p1":30,
     "p2":61,
     "p3":63},
    {"p1":34,
     "p2":36,
     "p3":57},
    {"p1":36,
     "p2":38,
     "p3":57},
    {"p1":40,
     "p2":56,
     "p3":57},
    {"p1":39,
     "p2":40,
     "p3":57},
    {"p1":38,
     "p2":39,
     "p3":57},
    {"p1":6,
     "p2":26,
     "p3":27},
    {"p1":30,
     "p2":64,
     "p3":65},
    {"p1":30,
     "p2":63,
     "p3":64},
    {"p1":48,
     "p2":49,
     "p3":51},
    {"p1":42,
     "p2":43,
     "p3":52},
    {"p1":42,
     "p2":52,
     "p3":56},
    {"p1":43,
     "p2":47,
     "p3":52},
    {"p1":47,
     "p2":51,
     "p3":52},
    {"p1":47,
     "p2":48,
     "p3":51},
    {"p1":45,
     "p2":46,
     "p3":47},
    {"p1":18,
     "p2":19,
     "p3":20},
    {"p1":18,
     "p2":20,
     "p3":21},
    {"p1":9,
     "p2":22,
     "p3":23},
    {"p1":9,
     "p2":21,
     "p3":22},
    {"p1":88,
     "p2":98,
     "p3":99},
    {"p1":88,
     "p2":92,
     "p3":98},
    {"p1":87,
     "p2":88,
     "p3":99},
    {"p1":89,
     "p2":90,
     "p3":91},
    {"p1":88,
     "p2":91,
     "p3":92},
    {"p1":88,
     "p2":89,
     "p3":91},
    {"p1":76,
     "p2":77,
     "p3":79},
    {"p1":87,
     "p2":99,
     "p3":100},
    {"p1":87,
     "p2":100,
     "p3":101},
    {"p1":85,
     "p2":102,
     "p3":103},
    {"p1":85,
     "p2":101,
     "p3":102},
    {"p1":71,
     "p2":72,
     "p3":81},
    {"p1":71,
     "p2":81,
     "p3":82},
    {"p1":36,
     "p2":37,
     "p3":38},
    {"p1":49,
     "p2":50,
     "p3":51},
    {"p1":33,
     "p2":34,
     "p3":57},
    {"p1":32,
     "p2":33,
     "p3":57},
    {"p1":32,
     "p2":57,
     "p3":58},
    {"p1":58,
     "p2":59,
     "p3":60},
    {"p1":32,
     "p2":58,
     "p3":60},
    {"p1":30,
     "p2":31,
     "p3":32},
    {"p1":53,
     "p2":54,
     "p3":55},
    {"p1":52,
     "p2":53,
     "p3":56},
    {"p1":53,
     "p2":55,
     "p3":56},
    {"p1":40,
     "p2":41,
     "p3":56},
    {"p1":41,
     "p2":42,
     "p3":56},
    {"p1":44,
     "p2":45,
     "p3":47},
    {"p1":43,
     "p2":44,
     "p3":47},
    {"p1":76,
     "p2":79,
     "p3":80},
    {"p1":75,
     "p2":76,
     "p3":80},
    {"p1":75,
     "p2":80,
     "p3":81},
    {"p1":74,
     "p2":75,
     "p3":81},
    {"p1":72,
     "p2":74,
     "p3":81},
    {"p1":72,
     "p2":73,
     "p3":74},
    {"p1":9,
     "p2":23,
     "p3":24},
    {"p1":8,
     "p2":9,
     "p3":24},
    {"p1":6,
     "p2":25,
     "p3":26},
    {"p1":6,
     "p2":7,
     "p3":25},
    {"p1":7,
     "p2":8,
     "p3":25},
    {"p1":8,
     "p2":24,
     "p3":25}]
}