{"points":[
    {"x":0.18667,
     "y":0.41067},
    {"x":0.17067,
     "y":0.448},
    {"x":0.16,
     "y":0.488},
    {"x":0.16,
     "y":0.528},
    {"x":0.16267,
     "y":0.568},
    {"x":0.12533,
     "y":0.576},
    {"x":0.10133,
     "y":0.61067},
    {"x":0.08,
     "y":0.60533},
    {"x":0.042667,
     "y":0.59733},
    {"x":0.024,
     "y":0.62933},
    {"x":0.0053333,
     "y":0.66667},
    {"x":0.008,
     "y":0.70667},
    {"x":0,
     "y":0.744},
    {"x":0.013333,
     "y":0.78133},
    {"x":0.026667,
     "y":0.82133},
    {"x":0.058667,
     "y":0.86133},
    {"x":0.096,
     "y":0.89333},
    {"x":0.136,
     "y":0.91733},
    {"x":0.176,
     "y":0.93067},
    {"x":0.216,
     "y":0.944},
    {"x":0.256,
     "y":0.94667},
    {"x":0.296,
     "y":0.936},
    {"x":0.32533,
     "y":0.896},
    {"x":0.34133,
     "y":0.856},
    {"x":0.34667,
     "y":0.81867},
    {"x":0.368,
     "y":0.78133},
    {"x":0.38133,
     "y":0.74133},
    {"x":0.39467,
     "y":0.70133},
    {"x":0.43467,
     "y":0.68533},
    {"x":0.47467,
     "y":0.696},
    {"x":0.51467,
     "y":0.712},
    {"x":0.55467,
     "y":0.728},
    {"x":0.59467,
     "y":0.728},
    {"x":0.63467,
     "y":0.73067},
    {"x":0.67467,
     "y":0.73333},
    {"x":0.71467,
     "y":0.73067},
    {"x":0.75467,
     "y":0.72533},
    {"x":0.78933,
     "y":0.72267},
    {"x":0.80267,
     "y":0.76267},
    {"x":0.81333,
     "y":0.80267},
    {"x":0.82933,
     "y":0.84267},
    {"x":0.848,
     "y":0.88267},
    {"x":0.87467,
     "y":0.91733},
    {"x":0.90667,
     "y":0.94667},
    {"x":0.94667,
     "y":0.944},
    {"x":0.968,
     "y":0.912},
    {"x":1,
     "y":0.89067},
    {"x":0.99467,
     "y":0.86667},
    {"x":0.96533,
     "y":0.83733},
    {"x":0.97333,
     "y":0.79733},
    {"x":0.97867,
     "y":0.75733},
    {"x":0.992,
     "y":0.71733},
    {"x":0.992,
     "y":0.67733},
    {"x":0.99467,
     "y":0.63733},
    {"x":0.98933,
     "y":0.59733},
    {"x":0.984,
     "y":0.55733},
    {"x":0.97067,
     "y":0.51733},
    {"x":0.952,
     "y":0.47733},
    {"x":0.928,
     "y":0.43733},
    {"x":0.90933,
     "y":0.39733},
    {"x":0.87733,
     "y":0.35733},
    {"x":0.84,
     "y":0.33333},
    {"x":0.80267,
     "y":0.31467},
    {"x":0.76267,
     "y":0.304},
    {"x":0.72267,
     "y":0.29867},
    {"x":0.68267,
     "y":0.296},
    {"x":0.65067,
     "y":0.272},
    {"x":0.616,
     "y":0.23733},
    {"x":0.58133,
     "y":0.208},
    {"x":0.55467,
     "y":0.17333},
    {"x":0.54933,
     "y":0.13333},
    {"x":0.57333,
     "y":0.093333},
    {"x":0.61067,
     "y":0.066667},
    {"x":0.65067,
     "y":0.061333},
    {"x":0.688,
     "y":0.037333},
    {"x":0.712,
     "y":0.008},
    {"x":0.672,
     "y":0.0026667},
    {"x":0.632,
     "y":0.008},
    {"x":0.592,
     "y":0.010667},
    {"x":0.57333,
     "y":0.050667},
    {"x":0.53867,
     "y":0.082667},
    {"x":0.51733,
     "y":0.12},
    {"x":0.512,
     "y":0.16},
    {"x":0.50133,
     "y":0.2},
    {"x":0.48,
     "y":0.19467},
    {"x":0.48,
     "y":0.15467},
    {"x":0.496,
     "y":0.11467},
    {"x":0.51467,
     "y":0.074667},
    {"x":0.54667,
     "y":0.045333},
    {"x":0.576,
     "y":0.008},
    {"x":0.54933,
     "y":0},
    {"x":0.512,
     "y":0.008},
    {"x":0.472,
     "y":0.0026667},
    {"x":0.45867,
     "y":0.029333},
    {"x":0.49067,
     "y":0.056},
    {"x":0.46667,
     "y":0.096},
    {"x":0.44533,
     "y":0.136},
    {"x":0.42933,
     "y":0.176},
    {"x":0.42133,
     "y":0.216},
    {"x":0.38133,
     "y":0.23733},
    {"x":0.34933,
     "y":0.26933},
    {"x":0.30933,
     "y":0.27467},
    {"x":0.26933,
     "y":0.29333},
    {"x":0.232,
     "y":0.32267},
    {"x":0.20533,
     "y":0.36267},
    {"x":0.18933,
     "y":0.40267},
    {"x":0.18667,
     "y":0.41067}],
 "triangles":[
    {"p1":13,
     "p2":14,
     "p3":15},
    {"p1":6,
     "p2":13,
     "p3":15},
    {"p1":20,
     "p2":21,
     "p3":22},
    {"p1":17,
     "p2":18,
     "p3":24},
    {"p1":16,
     "p2":17,
     "p3":24},
    {"p1":6,
     "p2":16,
     "p3":24},
    {"p1":6,
     "p2":15,
     "p3":16},
    {"p1":45,
     "p2":46,
     "p3":47},
    {"p1":45,
     "p2":47,
     "p3":48},
    {"p1":86,
     "p2":95,
     "p3":96},
    {"p1":85,
     "p2":86,
     "p3":96},
    {"p1":86,
     "p2":87,
     "p3":95},
    {"p1":3,
     "p2":4,
     "p3":27},
    {"p1":1,
     "p2":2,
     "p3":3},
    {"p1":4,
     "p2":26,
     "p3":27},
    {"p1":6,
     "p2":24,
     "p3":25},
    {"p1":4,
     "p2":6,
     "p3":25},
    {"p1":4,
     "p2":25,
     "p3":26},
    {"p1":19,
     "p2":20,
     "p3":22},
    {"p1":18,
     "p2":23,
     "p3":24},
    {"p1":19,
     "p2":22,
     "p3":23},
    {"p1":18,
     "p2":19,
     "p3":23},
    {"p1":43,
     "p2":44,
     "p3":45},
    {"p1":40,
     "p2":41,
     "p3":48},
    {"p1":72,
     "p2":77,
     "p3":78},
    {"p1":88,
     "p2":90,
     "p3":91},
    {"p1":88,
     "p2":89,
     "p3":90},
    {"p1":87,
     "p2":94,
     "p3":95},
    {"p1":92,
     "p2":93,
     "p3":94},
    {"p1":91,
     "p2":92,
     "p3":94},
    {"p1":87,
     "p2":88,
     "p3":94},
    {"p1":88,
     "p2":91,
     "p3":94},
    {"p1":85,
     "p2":96,
     "p3":97},
    {"p1":4,
     "p2":5,
     "p3":6},
    {"p1":0,
     "p2":100,
     "p3":105},
    {"p1":100,
     "p2":104,
     "p3":105},
    {"p1":100,
     "p2":102,
     "p3":104},
    {"p1":102,
     "p2":103,
     "p3":104},
    {"p1":100,
     "p2":101,
     "p3":102},
    {"p1":69,
     "p2":82,
     "p3":83},
    {"p1":42,
     "p2":43,
     "p3":45},
    {"p1":42,
     "p2":45,
     "p3":48},
    {"p1":41,
     "p2":42,
     "p3":48},
    {"p1":74,
     "p2":75,
     "p3":76},
    {"p1":72,
     "p2":73,
     "p3":77},
    {"p1":73,
     "p2":76,
     "p3":77},
    {"p1":73,
     "p2":74,
     "p3":76},
    {"p1":72,
     "p2":78,
     "p3":79},
    {"p1":70,
     "p2":80,
     "p3":81},
    {"p1":70,
     "p2":81,
     "p3":82},
    {"p1":69,
     "p2":70,
     "p3":82},
    {"p1":28,
     "p2":66,
     "p3":100},
    {"p1":0,
     "p2":28,
     "p3":100},
    {"p1":0,
     "p2":1,
     "p3":28},
    {"p1":3,
     "p2":27,
     "p3":28},
    {"p1":1,
     "p2":3,
     "p3":28},
    {"p1":7,
     "p2":8,
     "p3":9},
    {"p1":6,
     "p2":7,
     "p3":9},
    {"p1":6,
     "p2":9,
     "p3":10},
    {"p1":6,
     "p2":10,
     "p3":11},
    {"p1":11,
     "p2":12,
     "p3":13},
    {"p1":6,
     "p2":11,
     "p3":13},
    {"p1":66,
     "p2":98,
     "p3":100},
    {"p1":66,
     "p2":83,
     "p3":98},
    {"p1":98,
     "p2":99,
     "p3":100},
    {"p1":68,
     "p2":69,
     "p3":83},
    {"p1":84,
     "p2":85,
     "p3":97},
    {"p1":84,
     "p2":97,
     "p3":98},
    {"p1":83,
     "p2":84,
     "p3":98},
    {"p1":30,
     "p2":31,
     "p3":32},
    {"p1":30,
     "p2":32,
     "p3":65},
    {"p1":71,
     "p2":72,
     "p3":79},
    {"p1":71,
     "p2":79,
     "p3":80},
    {"p1":70,
     "p2":71,
     "p3":80},
    {"p1":29,
     "p2":65,
     "p3":66},
    {"p1":28,
     "p2":29,
     "p3":66},
    {"p1":29,
     "p2":30,
     "p3":65},
    {"p1":66,
     "p2":67,
     "p3":83},
    {"p1":67,
     "p2":68,
     "p3":83},
    {"p1":33,
     "p2":34,
     "p3":65},
    {"p1":32,
     "p2":33,
     "p3":65},
    {"p1":34,
     "p2":35,
     "p3":65},
    {"p1":37,
     "p2":57,
     "p3":58},
    {"p1":36,
     "p2":37,
     "p3":58},
    {"p1":38,
     "p2":39,
     "p3":50},
    {"p1":37,
     "p2":38,
     "p3":50},
    {"p1":36,
     "p2":58,
     "p3":61},
    {"p1":36,
     "p2":61,
     "p3":63},
    {"p1":58,
     "p2":59,
     "p3":61},
    {"p1":59,
     "p2":60,
     "p3":61},
    {"p1":35,
     "p2":36,
     "p3":64},
    {"p1":36,
     "p2":63,
     "p3":64},
    {"p1":35,
     "p2":64,
     "p3":65},
    {"p1":39,
     "p2":49,
     "p3":50},
    {"p1":40,
     "p2":48,
     "p3":49},
    {"p1":39,
     "p2":40,
     "p3":49},
    {"p1":37,
     "p2":51,
     "p3":52},
    {"p1":37,
     "p2":50,
     "p3":51},
    {"p1":37,
     "p2":56,
     "p3":57},
    {"p1":37,
     "p2":52,
     "p3":53},
    {"p1":37,
     "p2":53,
     "p3":54},
    {"p1":61,
     "p2":62,
     "p3":63},
    {"p1":37,
     "p2":54,
     "p3":55},
    {"p1":37,
     "p2":55,
     "p3":56}]
}