{"points":[
    {"x":0.018182,
     "y":0.6},
    {"x":0.012121,
     "y":0.61818},
    {"x":0.0060606,
     "y":0.63636},
    {"x":0.0060606,
     "y":0.65455},
    {"x":0,
     "y":0.67273},
    {"x":0.0060606,
     "y":0.69091},
    {"x":0.012121,
     "y":0.70909},
    {"x":0.024242,
     "y":0.72727},
    {"x":0.036364,
     "y":0.74545},
    {"x":0.054545,
     "y":0.75758},
    {"x":0.066667,
     "y":0.77576},
    {"x":0.066667,
     "y":0.79394},
    {"x":0.066667,
     "y":0.81212},
    {"x":0.048485,
     "y":0.8303},
    {"x":0.030303,
     "y":0.84848},
    {"x":0.024242,
     "y":0.86667},
    {"x":0.018182,
     "y":0.88485},
    {"x":0.012121,
     "y":0.90303},
    {"x":0.018182,
     "y":0.92121},
    {"x":0.018182,
     "y":0.93939},
    {"x":0.030303,
     "y":0.95758},
    {"x":0.048485,
     "y":0.97576},
    {"x":0.066667,
     "y":0.98788},
    {"x":0.084848,
     "y":0.99394},
    {"x":0.10303,
     "y":1},
    {"x":0.12121,
     "y":1},
    {"x":0.13939,
     "y":1},
    {"x":0.15758,
     "y":0.99394},
    {"x":0.17576,
     "y":0.99394},
    {"x":0.19394,
     "y":0.98788},
    {"x":0.21212,
     "y":0.97576},
    {"x":0.2303,
     "y":0.96364},
    {"x":0.24848,
     "y":0.94545},
    {"x":0.25455,
     "y":0.92727},
    {"x":0.25455,
     "y":0.90909},
    {"x":0.26061,
     "y":0.89091},
    {"x":0.25455,
     "y":0.87273},
    {"x":0.25455,
     "y":0.85455},
    {"x":0.26061,
     "y":0.83636},
    {"x":0.25455,
     "y":0.81818},
    {"x":0.24848,
     "y":0.8},
    {"x":0.24242,
     "y":0.78182},
    {"x":0.24242,
     "y":0.76364},
    {"x":0.25455,
     "y":0.74545},
    {"x":0.26667,
     "y":0.72727},
    {"x":0.27273,
     "y":0.70909},
    {"x":0.27273,
     "y":0.69091},
    {"x":0.27879,
     "y":0.67273},
    {"x":0.28485,
     "y":0.65455},
    {"x":0.27879,
     "y":0.63636},
    {"x":0.27879,
     "y":0.61818},
    {"x":0.28485,
     "y":0.6},
    {"x":0.29697,
     "y":0.58182},
    {"x":0.30303,
     "y":0.56364},
    {"x":0.30303,
     "y":0.54545},
    {"x":0.30909,
     "y":0.52727},
    {"x":0.32121,
     "y":0.50909},
    {"x":0.32727,
     "y":0.49091},
    {"x":0.33333,
     "y":0.47273},
    {"x":0.33939,
     "y":0.45455},
    {"x":0.34545,
     "y":0.43636},
    {"x":0.34545,
     "y":0.41818},
    {"x":0.33333,
     "y":0.40606},
    {"x":0.32121,
     "y":0.38788},
    {"x":0.32121,
     "y":0.3697},
    {"x":0.32121,
     "y":0.35152},
    {"x":0.30303,
     "y":0.33939},
    {"x":0.28485,
     "y":0.32727},
    {"x":0.27879,
     "y":0.30909},
    {"x":0.27879,
     "y":0.29091},
    {"x":0.28485,
     "y":0.27273},
    {"x":0.27273,
     "y":0.25455},
    {"x":0.26667,
     "y":0.23636},
    {"x":0.26061,
     "y":0.21818},
    {"x":0.25455,
     "y":0.2},
    {"x":0.25455,
     "y":0.18182},
    {"x":0.24848,
     "y":0.16364},
    {"x":0.24242,
     "y":0.14545},
    {"x":0.23636,
     "y":0.12727},
    {"x":0.2303,
     "y":0.10909},
    {"x":0.24848,
     "y":0.090909},
    {"x":0.26667,
     "y":0.078788},
    {"x":0.28485,
     "y":0.066667},
    {"x":0.30303,
     "y":0.060606},
    {"x":0.32121,
     "y":0.054545},
    {"x":0.32727,
     "y":0.036364},
    {"x":0.30909,
     "y":0.024242},
    {"x":0.29091,
     "y":0.024242},
    {"x":0.27273,
     "y":0.012121},
    {"x":0.25455,
     "y":0},
    {"x":0.23636,
     "y":0},
    {"x":0.21818,
     "y":0},
    {"x":0.2,
     "y":0},
    {"x":0.18182,
     "y":0},
    {"x":0.16364,
     "y":0},
    {"x":0.14545,
     "y":0.0060606},
    {"x":0.12727,
     "y":0.012121},
    {"x":0.10909,
     "y":0.012121},
    {"x":0.090909,
     "y":0.030303},
    {"x":0.090909,
     "y":0.048485},
    {"x":0.09697,
     "y":0.066667},
    {"x":0.10303,
     "y":0.084848},
    {"x":0.10303,
     "y":0.10303},
    {"x":0.09697,
     "y":0.12121},
    {"x":0.09697,
     "y":0.13939},
    {"x":0.090909,
     "y":0.15758},
    {"x":0.084848,
     "y":0.17576},
    {"x":0.084848,
     "y":0.19394},
    {"x":0.09697,
     "y":0.21212},
    {"x":0.10303,
     "y":0.2303},
    {"x":0.11515,
     "y":0.24848},
    {"x":0.11515,
     "y":0.26667},
    {"x":0.10909,
     "y":0.28485},
    {"x":0.09697,
     "y":0.30303},
    {"x":0.078788,
     "y":0.31515},
    {"x":0.072727,
     "y":0.33333},
    {"x":0.066667,
     "y":0.35152},
    {"x":0.060606,
     "y":0.3697},
    {"x":0.054545,
     "y":0.38788},
    {"x":0.048485,
     "y":0.40606},
    {"x":0.048485,
     "y":0.42424},
    {"x":0.048485,
     "y":0.44242},
    {"x":0.042424,
     "y":0.46061},
    {"x":0.042424,
     "y":0.47879},
    {"x":0.036364,
     "y":0.49697},
    {"x":0.030303,
     "y":0.51515},
    {"x":0.024242,
     "y":0.53333},
    {"x":0.018182,
     "y":0.55152},
    {"x":0.018182,
     "y":0.5697},
    {"x":0.018182,
     "y":0.58788},
    {"x":0.018182,
     "y":0.6}],
 "triangles":[
    {"p1":18,
     "p2":19,
     "p3":20},
    {"p1":18,
     "p2":20,
     "p3":21},
    {"p1":54,
     "p2":55,
     "p3":123},
    {"p1":55,
     "p2":121,
     "p3":123},
    {"p1":55,
     "p2":63,
     "p3":121},
    {"p1":51,
     "p2":124,
     "p3":125},
    {"p1":13,
     "p2":14,
     "p3":15},
    {"p1":3,
     "p2":7,
     "p3":9},
    {"p1":1,
     "p2":3,
     "p3":9},
    {"p1":11,
     "p2":12,
     "p3":41},
    {"p1":10,
     "p2":11,
     "p3":41},
    {"p1":18,
     "p2":21,
     "p3":23},
    {"p1":15,
     "p2":18,
     "p3":23},
    {"p1":13,
     "p2":15,
     "p3":23},
    {"p1":15,
     "p2":16,
     "p3":18},
    {"p1":16,
     "p2":17,
     "p3":18},
    {"p1":12,
     "p2":40,
     "p3":41},
    {"p1":10,
     "p2":41,
     "p3":42},
    {"p1":9,
     "p2":10,
     "p3":42},
    {"p1":9,
     "p2":42,
     "p3":43},
    {"p1":5,
     "p2":6,
     "p3":7},
    {"p1":3,
     "p2":5,
     "p3":7},
    {"p1":3,
     "p2":4,
     "p3":5},
    {"p1":1,
     "p2":2,
     "p3":3},
    {"p1":0,
     "p2":49,
     "p3":50},
    {"p1":1,
     "p2":9,
     "p3":46},
    {"p1":9,
     "p2":43,
     "p3":46},
    {"p1":0,
     "p2":1,
     "p3":46},
    {"p1":0,
     "p2":46,
     "p3":49},
    {"p1":43,
     "p2":44,
     "p3":46},
    {"p1":44,
     "p2":45,
     "p3":46},
    {"p1":63,
     "p2":118,
     "p3":120},
    {"p1":63,
     "p2":120,
     "p3":121},
    {"p1":118,
     "p2":119,
     "p3":120},
    {"p1":96,
     "p2":99,
     "p3":100},
    {"p1":96,
     "p2":100,
     "p3":101},
    {"p1":84,
     "p2":85,
     "p3":86},
    {"p1":80,
     "p2":81,
     "p3":90},
    {"p1":7,
     "p2":8,
     "p3":9},
    {"p1":21,
     "p2":22,
     "p3":23},
    {"p1":60,
     "p2":61,
     "p3":62},
    {"p1":55,
     "p2":57,
     "p3":63},
    {"p1":57,
     "p2":58,
     "p3":63},
    {"p1":12,
     "p2":36,
     "p3":37},
    {"p1":12,
     "p2":37,
     "p3":40},
    {"p1":37,
     "p2":39,
     "p3":40},
    {"p1":31,
     "p2":32,
     "p3":33},
    {"p1":23,
     "p2":24,
     "p3":25},
    {"p1":13,
     "p2":23,
     "p3":25},
    {"p1":0,
     "p2":50,
     "p3":129},
    {"p1":50,
     "p2":128,
     "p3":129},
    {"p1":50,
     "p2":126,
     "p3":128},
    {"p1":126,
     "p2":127,
     "p3":128},
    {"p1":47,
     "p2":48,
     "p3":49},
    {"p1":46,
     "p2":47,
     "p3":49},
    {"p1":121,
     "p2":122,
     "p3":123},
    {"p1":95,
     "p2":96,
     "p3":101},
    {"p1":88,
     "p2":89,
     "p3":90},
    {"p1":81,
     "p2":88,
     "p3":90},
    {"p1":83,
     "p2":86,
     "p3":87},
    {"p1":83,
     "p2":84,
     "p3":86},
    {"p1":79,
     "p2":95,
     "p3":101},
    {"p1":79,
     "p2":93,
     "p3":95},
    {"p1":79,
     "p2":92,
     "p3":93},
    {"p1":79,
     "p2":80,
     "p3":92},
    {"p1":77,
     "p2":105,
     "p3":108},
    {"p1":77,
     "p2":104,
     "p3":105},
    {"p1":67,
     "p2":116,
     "p3":117},
    {"p1":63,
     "p2":67,
     "p3":118},
    {"p1":67,
     "p2":117,
     "p3":118},
    {"p1":108,
     "p2":109,
     "p3":110},
    {"p1":59,
     "p2":60,
     "p3":62},
    {"p1":27,
     "p2":28,
     "p3":29},
    {"p1":27,
     "p2":29,
     "p3":30},
    {"p1":12,
     "p2":27,
     "p3":36},
    {"p1":12,
     "p2":13,
     "p3":27},
    {"p1":13,
     "p2":25,
     "p3":27},
    {"p1":25,
     "p2":26,
     "p3":27},
    {"p1":27,
     "p2":34,
     "p3":36},
    {"p1":27,
     "p2":30,
     "p3":34},
    {"p1":30,
     "p2":31,
     "p3":34},
    {"p1":31,
     "p2":33,
     "p3":34},
    {"p1":93,
     "p2":94,
     "p3":95},
    {"p1":82,
     "p2":83,
     "p3":87},
    {"p1":81,
     "p2":82,
     "p3":88},
    {"p1":82,
     "p2":87,
     "p3":88},
    {"p1":72,
     "p2":110,
     "p3":111},
    {"p1":76,
     "p2":77,
     "p3":108},
    {"p1":80,
     "p2":90,
     "p3":91},
    {"p1":80,
     "p2":91,
     "p3":92},
    {"p1":77,
     "p2":78,
     "p3":104},
    {"p1":78,
     "p2":79,
     "p3":104},
    {"p1":79,
     "p2":101,
     "p3":102},
    {"p1":79,
     "p2":102,
     "p3":104},
    {"p1":64,
     "p2":65,
     "p3":66},
    {"p1":63,
     "p2":64,
     "p3":66},
    {"p1":63,
     "p2":66,
     "p3":67},
    {"p1":113,
     "p2":115,
     "p3":116},
    {"p1":67,
     "p2":113,
     "p3":116},
    {"p1":113,
     "p2":114,
     "p3":115},
    {"p1":55,
     "p2":56,
     "p3":57},
    {"p1":51,
     "p2":52,
     "p3":54},
    {"p1":52,
     "p2":53,
     "p3":54},
    {"p1":34,
     "p2":35,
     "p3":36},
    {"p1":72,
     "p2":73,
     "p3":110},
    {"p1":71,
     "p2":72,
     "p3":111},
    {"p1":102,
     "p2":103,
     "p3":104},
    {"p1":105,
     "p2":106,
     "p3":108},
    {"p1":106,
     "p2":107,
     "p3":108},
    {"p1":69,
     "p2":70,
     "p3":71},
    {"p1":69,
     "p2":71,
     "p3":111},
    {"p1":37,
     "p2":38,
     "p3":39},
    {"p1":73,
     "p2":74,
     "p3":110},
    {"p1":74,
     "p2":75,
     "p3":76},
    {"p1":74,
     "p2":108,
     "p3":110},
    {"p1":74,
     "p2":76,
     "p3":108},
    {"p1":68,
     "p2":112,
     "p3":113},
    {"p1":67,
     "p2":68,
     "p3":113},
    {"p1":68,
     "p2":111,
     "p3":112},
    {"p1":68,
     "p2":69,
     "p3":111},
    {"p1":51,
     "p2":54,
     "p3":124},
    {"p1":54,
     "p2":123,
     "p3":124},
    {"p1":96,
     "p2":98,
     "p3":99},
    {"p1":96,
     "p2":97,
     "p3":98},
    {"p1":50,
     "p2":51,
     "p3":126},
    {"p1":51,
     "p2":125,
     "p3":126},
    {"p1":59,
     "p2":62,
     "p3":63},
    {"p1":58,
     "p2":59,
     "p3":63}]
}