{"points":[
    {"x":0.018072,
     "y":0.59639},
    {"x":0.012048,
     "y":0.61446},
    {"x":0.0060241,
     "y":0.63253},
    {"x":0.0060241,
     "y":0.6506},
    {"x":0,
     "y":0.66867},
    {"x":0,
     "y":0.68675},
    {"x":0.012048,
     "y":0.70482},
    {"x":0.018072,
     "y":0.72289},
    {"x":0.03012,
     "y":0.74096},
    {"x":0.048193,
     "y":0.75301},
    {"x":0.066265,
     "y":0.77108},
    {"x":0.072289,
     "y":0.78916},
    {"x":0.066265,
     "y":0.80723},
    {"x":0.054217,
     "y":0.8253},
    {"x":0.036145,
     "y":0.84337},
    {"x":0.03012,
     "y":0.86145},
    {"x":0.024096,
     "y":0.87952},
    {"x":0.018072,
     "y":0.89759},
    {"x":0.018072,
     "y":0.91566},
    {"x":0.024096,
     "y":0.93373},
    {"x":0.036145,
     "y":0.95181},
    {"x":0.054217,
     "y":0.96988},
    {"x":0.072289,
     "y":0.98193},
    {"x":0.090361,
     "y":0.99398},
    {"x":0.10843,
     "y":1},
    {"x":0.12651,
     "y":1},
    {"x":0.14458,
     "y":0.99398},
    {"x":0.16265,
     "y":0.99398},
    {"x":0.18072,
     "y":0.98795},
    {"x":0.1988,
     "y":0.98795},
    {"x":0.21687,
     "y":0.9759},
    {"x":0.23494,
     "y":0.96386},
    {"x":0.25301,
     "y":0.94578},
    {"x":0.26506,
     "y":0.92771},
    {"x":0.26506,
     "y":0.90964},
    {"x":0.26506,
     "y":0.89157},
    {"x":0.26506,
     "y":0.87349},
    {"x":0.25904,
     "y":0.85542},
    {"x":0.26506,
     "y":0.83735},
    {"x":0.25904,
     "y":0.81928},
    {"x":0.25301,
     "y":0.8012},
    {"x":0.25301,
     "y":0.78313},
    {"x":0.24699,
     "y":0.76506},
    {"x":0.25301,
     "y":0.74699},
    {"x":0.27108,
     "y":0.72892},
    {"x":0.27711,
     "y":0.71084},
    {"x":0.27711,
     "y":0.69277},
    {"x":0.28313,
     "y":0.6747},
    {"x":0.28916,
     "y":0.65663},
    {"x":0.28916,
     "y":0.63855},
    {"x":0.28313,
     "y":0.62048},
    {"x":0.28313,
     "y":0.60241},
    {"x":0.29518,
     "y":0.58434},
    {"x":0.3012,
     "y":0.56627},
    {"x":0.30723,
     "y":0.54819},
    {"x":0.31325,
     "y":0.53012},
    {"x":0.31928,
     "y":0.51205},
    {"x":0.3253,
     "y":0.49398},
    {"x":0.33133,
     "y":0.4759},
    {"x":0.33735,
     "y":0.45783},
    {"x":0.3494,
     "y":0.43976},
    {"x":0.3494,
     "y":0.42169},
    {"x":0.34337,
     "y":0.40361},
    {"x":0.3253,
     "y":0.39157},
    {"x":0.31325,
     "y":0.37952},
    {"x":0.31325,
     "y":0.36145},
    {"x":0.30723,
     "y":0.34337},
    {"x":0.28916,
     "y":0.33133},
    {"x":0.27108,
     "y":0.31325},
    {"x":0.27108,
     "y":0.29518},
    {"x":0.27711,
     "y":0.27711},
    {"x":0.27108,
     "y":0.25904},
    {"x":0.26506,
     "y":0.24096},
    {"x":0.25904,
     "y":0.22289},
    {"x":0.25301,
     "y":0.20482},
    {"x":0.25301,
     "y":0.18675},
    {"x":0.24699,
     "y":0.16867},
    {"x":0.24699,
     "y":0.1506},
    {"x":0.24096,
     "y":0.13253},
    {"x":0.23494,
     "y":0.11446},
    {"x":0.24096,
     "y":0.096386},
    {"x":0.25301,
     "y":0.084337},
    {"x":0.27108,
     "y":0.072289},
    {"x":0.28916,
     "y":0.060241},
    {"x":0.30723,
     "y":0.060241},
    {"x":0.31928,
     "y":0.048193},
    {"x":0.3253,
     "y":0.03012},
    {"x":0.30723,
     "y":0.018072},
    {"x":0.28916,
     "y":0.018072},
    {"x":0.27108,
     "y":0.0060241},
    {"x":0.25301,
     "y":0},
    {"x":0.23494,
     "y":0},
    {"x":0.21687,
     "y":0},
    {"x":0.1988,
     "y":0},
    {"x":0.18072,
     "y":0},
    {"x":0.16265,
     "y":0},
    {"x":0.14458,
     "y":0.0060241},
    {"x":0.12651,
     "y":0.012048},
    {"x":0.10843,
     "y":0.018072},
    {"x":0.090361,
     "y":0.03012},
    {"x":0.090361,
     "y":0.048193},
    {"x":0.096386,
     "y":0.066265},
    {"x":0.10241,
     "y":0.084337},
    {"x":0.096386,
     "y":0.10241},
    {"x":0.096386,
     "y":0.12048},
    {"x":0.084337,
     "y":0.13855},
    {"x":0.078313,
     "y":0.15663},
    {"x":0.078313,
     "y":0.1747},
    {"x":0.078313,
     "y":0.19277},
    {"x":0.084337,
     "y":0.21084},
    {"x":0.090361,
     "y":0.22892},
    {"x":0.10241,
     "y":0.24699},
    {"x":0.10241,
     "y":0.26506},
    {"x":0.10241,
     "y":0.28313},
    {"x":0.084337,
     "y":0.3012},
    {"x":0.066265,
     "y":0.31928},
    {"x":0.060241,
     "y":0.33735},
    {"x":0.054217,
     "y":0.35542},
    {"x":0.048193,
     "y":0.37349},
    {"x":0.042169,
     "y":0.39157},
    {"x":0.042169,
     "y":0.40964},
    {"x":0.036145,
     "y":0.42771},
    {"x":0.036145,
     "y":0.44578},
    {"x":0.036145,
     "y":0.46386},
    {"x":0.042169,
     "y":0.48193},
    {"x":0.03012,
     "y":0.5},
    {"x":0.03012,
     "y":0.51807},
    {"x":0.024096,
     "y":0.53614},
    {"x":0.018072,
     "y":0.55422},
    {"x":0.018072,
     "y":0.57229},
    {"x":0.018072,
     "y":0.59036},
    {"x":0.018072,
     "y":0.59639}],
 "triangles":[
    {"p1":64,
     "p2":120,
     "p3":124},
    {"p1":64,
     "p2":68,
     "p3":120},
    {"p1":51,
     "p2":124,
     "p3":126},
    {"p1":85,
     "p2":86,
     "p3":87},
    {"p1":0,
     "p2":50,
     "p3":51},
    {"p1":59,
     "p2":60,
     "p3":61},
    {"p1":59,
     "p2":63,
     "p3":64},
    {"p1":61,
     "p2":62,
     "p3":63},
    {"p1":59,
     "p2":61,
     "p3":63},
    {"p1":120,
     "p2":122,
     "p3":124},
    {"p1":82,
     "p2":89,
     "p3":90},
    {"p1":68,
     "p2":118,
     "p3":120},
    {"p1":68,
     "p2":117,
     "p3":118},
    {"p1":73,
     "p2":74,
     "p3":111},
    {"p1":43,
     "p2":44,
     "p3":45},
    {"p1":1,
     "p2":2,
     "p3":3},
    {"p1":43,
     "p2":45,
     "p3":46},
    {"p1":0,
     "p2":46,
     "p3":50},
    {"p1":0,
     "p2":1,
     "p3":46},
    {"p1":31,
     "p2":34,
     "p3":35},
    {"p1":51,
     "p2":53,
     "p3":124},
    {"p1":57,
     "p2":64,
     "p3":124},
    {"p1":0,
     "p2":51,
     "p3":130},
    {"p1":51,
     "p2":129,
     "p3":130},
    {"p1":51,
     "p2":126,
     "p3":127},
    {"p1":51,
     "p2":127,
     "p3":129},
    {"p1":124,
     "p2":125,
     "p3":126},
    {"p1":120,
     "p2":121,
     "p3":122},
    {"p1":10,
     "p2":42,
     "p3":43},
    {"p1":16,
     "p2":21,
     "p3":22},
    {"p1":16,
     "p2":20,
     "p3":21},
    {"p1":16,
     "p2":19,
     "p3":20},
    {"p1":107,
     "p2":108,
     "p3":109},
    {"p1":109,
     "p2":110,
     "p3":111},
    {"p1":64,
     "p2":67,
     "p3":68},
    {"p1":64,
     "p2":65,
     "p3":67},
    {"p1":65,
     "p2":66,
     "p3":67},
    {"p1":73,
     "p2":111,
     "p3":112},
    {"p1":72,
     "p2":73,
     "p3":112},
    {"p1":71,
     "p2":72,
     "p3":113},
    {"p1":72,
     "p2":112,
     "p3":113},
    {"p1":68,
     "p2":69,
     "p3":113},
    {"p1":69,
     "p2":71,
     "p3":113},
    {"p1":69,
     "p2":70,
     "p3":71},
    {"p1":46,
     "p2":47,
     "p3":50},
    {"p1":32,
     "p2":33,
     "p3":34},
    {"p1":31,
     "p2":32,
     "p3":34},
    {"p1":51,
     "p2":52,
     "p3":53},
    {"p1":54,
     "p2":55,
     "p3":124},
    {"p1":53,
     "p2":54,
     "p3":124},
    {"p1":55,
     "p2":56,
     "p3":124},
    {"p1":56,
     "p2":57,
     "p3":124},
    {"p1":58,
     "p2":59,
     "p3":64},
    {"p1":57,
     "p2":58,
     "p3":64},
    {"p1":122,
     "p2":123,
     "p3":124},
    {"p1":118,
     "p2":119,
     "p3":120},
    {"p1":127,
     "p2":128,
     "p3":129},
    {"p1":10,
     "p2":11,
     "p3":42},
    {"p1":11,
     "p2":40,
     "p3":42},
    {"p1":11,
     "p2":12,
     "p3":40},
    {"p1":9,
     "p2":43,
     "p3":46},
    {"p1":9,
     "p2":10,
     "p3":43},
    {"p1":1,
     "p2":3,
     "p3":9},
    {"p1":1,
     "p2":9,
     "p3":46},
    {"p1":7,
     "p2":8,
     "p3":9},
    {"p1":30,
     "p2":31,
     "p3":35},
    {"p1":28,
     "p2":30,
     "p3":35},
    {"p1":3,
     "p2":4,
     "p3":6},
    {"p1":4,
     "p2":5,
     "p3":6},
    {"p1":3,
     "p2":6,
     "p3":9},
    {"p1":6,
     "p2":7,
     "p3":9},
    {"p1":82,
     "p2":90,
     "p3":91},
    {"p1":114,
     "p2":115,
     "p3":116},
    {"p1":68,
     "p2":113,
     "p3":114},
    {"p1":68,
     "p2":114,
     "p3":117},
    {"p1":114,
     "p2":116,
     "p3":117},
    {"p1":12,
     "p2":37,
     "p3":40},
    {"p1":12,
     "p2":13,
     "p3":37},
    {"p1":13,
     "p2":28,
     "p3":37},
    {"p1":35,
     "p2":36,
     "p3":37},
    {"p1":28,
     "p2":35,
     "p3":37},
    {"p1":40,
     "p2":41,
     "p3":42},
    {"p1":15,
     "p2":16,
     "p3":22},
    {"p1":13,
     "p2":15,
     "p3":22},
    {"p1":13,
     "p2":26,
     "p3":28},
    {"p1":13,
     "p2":22,
     "p3":26},
    {"p1":22,
     "p2":23,
     "p3":26},
    {"p1":28,
     "p2":29,
     "p3":30},
    {"p1":81,
     "p2":91,
     "p3":92},
    {"p1":81,
     "p2":82,
     "p3":91},
    {"p1":76,
     "p2":107,
     "p3":109},
    {"p1":76,
     "p2":109,
     "p3":111},
    {"p1":74,
     "p2":75,
     "p3":76},
    {"p1":74,
     "p2":76,
     "p3":111},
    {"p1":37,
     "p2":38,
     "p3":39},
    {"p1":37,
     "p2":39,
     "p3":40},
    {"p1":13,
     "p2":14,
     "p3":15},
    {"p1":26,
     "p2":27,
     "p3":28},
    {"p1":94,
     "p2":95,
     "p3":96},
    {"p1":79,
     "p2":80,
     "p3":102},
    {"p1":80,
     "p2":94,
     "p3":96},
    {"p1":80,
     "p2":96,
     "p3":102},
    {"p1":80,
     "p2":93,
     "p3":94},
    {"p1":80,
     "p2":92,
     "p3":93},
    {"p1":80,
     "p2":81,
     "p3":92},
    {"p1":98,
     "p2":99,
     "p3":100},
    {"p1":79,
     "p2":102,
     "p3":104},
    {"p1":76,
     "p2":104,
     "p3":107},
    {"p1":96,
     "p2":97,
     "p3":102},
    {"p1":78,
     "p2":79,
     "p3":104},
    {"p1":76,
     "p2":78,
     "p3":104},
    {"p1":102,
     "p2":103,
     "p3":104},
    {"p1":105,
     "p2":106,
     "p3":107},
    {"p1":104,
     "p2":105,
     "p3":107},
    {"p1":97,
     "p2":98,
     "p3":101},
    {"p1":98,
     "p2":100,
     "p3":101},
    {"p1":97,
     "p2":101,
     "p3":102},
    {"p1":76,
     "p2":77,
     "p3":78},
    {"p1":16,
     "p2":17,
     "p3":18},
    {"p1":16,
     "p2":18,
     "p3":19},
    {"p1":83,
     "p2":84,
     "p3":85},
    {"p1":83,
     "p2":85,
     "p3":87},
    {"p1":83,
     "p2":87,
     "p3":88},
    {"p1":82,
     "p2":83,
     "p3":89},
    {"p1":83,
     "p2":88,
     "p3":89},
    {"p1":47,
     "p2":49,
     "p3":50},
    {"p1":47,
     "p2":48,
     "p3":49},
    {"p1":23,
     "p2":24,
     "p3":26},
    {"p1":24,
     "p2":25,
     "p3":26}]
}