{"points":[
    {"x":0.038793,
     "y":0.32328},
    {"x":0.068966,
     "y":0.34483},
    {"x":0.10345,
     "y":0.37069},
    {"x":0.13793,
     "y":0.39224},
    {"x":0.17241,
     "y":0.40948},
    {"x":0.2069,
     "y":0.42241},
    {"x":0.24138,
     "y":0.43103},
    {"x":0.27586,
     "y":0.43534},
    {"x":0.31034,
     "y":0.43534},
    {"x":0.34483,
     "y":0.43534},
    {"x":0.36207,
     "y":0.4569},
    {"x":0.33621,
     "y":0.48276},
    {"x":0.3319,
     "y":0.50431},
    {"x":0.30172,
     "y":0.52155},
    {"x":0.31034,
     "y":0.55603},
    {"x":0.34052,
     "y":0.56897},
    {"x":0.375,
     "y":0.56897},
    {"x":0.40948,
     "y":0.56897},
    {"x":0.44397,
     "y":0.56466},
    {"x":0.43534,
     "y":0.53017},
    {"x":0.40086,
     "y":0.52155},
    {"x":0.40948,
     "y":0.5},
    {"x":0.39655,
     "y":0.46983},
    {"x":0.4181,
     "y":0.43966},
    {"x":0.45259,
     "y":0.44397},
    {"x":0.48276,
     "y":0.46552},
    {"x":0.51724,
     "y":0.46121},
    {"x":0.55172,
     "y":0.44397},
    {"x":0.58621,
     "y":0.43103},
    {"x":0.62069,
     "y":0.43103},
    {"x":0.65517,
     "y":0.42672},
    {"x":0.6681,
     "y":0.40086},
    {"x":0.63362,
     "y":0.37931},
    {"x":0.59914,
     "y":0.37931},
    {"x":0.56466,
     "y":0.37069},
    {"x":0.5819,
     "y":0.34914},
    {"x":0.61638,
     "y":0.35345},
    {"x":0.65086,
     "y":0.35776},
    {"x":0.68534,
     "y":0.35776},
    {"x":0.71983,
     "y":0.36207},
    {"x":0.75431,
     "y":0.36207},
    {"x":0.78879,
     "y":0.36638},
    {"x":0.82328,
     "y":0.37069},
    {"x":0.85776,
     "y":0.375},
    {"x":0.89224,
     "y":0.38362},
    {"x":0.92672,
     "y":0.39655},
    {"x":0.96121,
     "y":0.39655},
    {"x":0.99569,
     "y":0.37931},
    {"x":1,
     "y":0.34483},
    {"x":0.96983,
     "y":0.32759},
    {"x":0.93534,
     "y":0.32328},
    {"x":0.90086,
     "y":0.31466},
    {"x":0.86638,
     "y":0.30603},
    {"x":0.8319,
     "y":0.2931},
    {"x":0.79741,
     "y":0.28017},
    {"x":0.76293,
     "y":0.26293},
    {"x":0.72845,
     "y":0.25},
    {"x":0.69397,
     "y":0.23707},
    {"x":0.65948,
     "y":0.23276},
    {"x":0.625,
     "y":0.22414},
    {"x":0.59052,
     "y":0.21121},
    {"x":0.59483,
     "y":0.17672},
    {"x":0.62931,
     "y":0.18966},
    {"x":0.65517,
     "y":0.17241},
    {"x":0.65517,
     "y":0.13793},
    {"x":0.62931,
     "y":0.11207},
    {"x":0.59483,
     "y":0.10345},
    {"x":0.56034,
     "y":0.10345},
    {"x":0.52586,
     "y":0.10345},
    {"x":0.49138,
     "y":0.10345},
    {"x":0.4569,
     "y":0.099138},
    {"x":0.45259,
     "y":0.064655},
    {"x":0.4181,
     "y":0.051724},
    {"x":0.38362,
     "y":0.043103},
    {"x":0.34914,
     "y":0.034483},
    {"x":0.31466,
     "y":0.025862},
    {"x":0.28017,
     "y":0.021552},
    {"x":0.24569,
     "y":0.012931},
    {"x":0.21121,
     "y":0.0086207},
    {"x":0.17672,
     "y":0.0043103},
    {"x":0.14224,
     "y":0.0043103},
    {"x":0.10776,
     "y":0},
    {"x":0.073276,
     "y":0},
    {"x":0.038793,
     "y":0},
    {"x":0.0043103,
     "y":0.0086207},
    {"x":0.0043103,
     "y":0.043103},
    {"x":0.034483,
     "y":0.051724},
    {"x":0.068966,
     "y":0.038793},
    {"x":0.10345,
     "y":0.038793},
    {"x":0.13793,
     "y":0.038793},
    {"x":0.17241,
     "y":0.038793},
    {"x":0.2069,
     "y":0.047414},
    {"x":0.2069,
     "y":0.068966},
    {"x":0.17241,
     "y":0.068966},
    {"x":0.13793,
     "y":0.073276},
    {"x":0.10345,
     "y":0.077586},
    {"x":0.068966,
     "y":0.081897},
    {"x":0.034483,
     "y":0.094828},
    {"x":0.0043103,
     "y":0.12069},
    {"x":0,
     "y":0.15517},
    {"x":0,
     "y":0.18966},
    {"x":0.0043103,
     "y":0.22414},
    {"x":0.012931,
     "y":0.25862},
    {"x":0.021552,
     "y":0.2931},
    {"x":0.038793,
     "y":0.32328}],
 "triangles":[
    {"p1":83,
     "p2":84,
     "p3":86},
    {"p1":84,
     "p2":85,
     "p3":86},
    {"p1":47,
     "p2":48,
     "p3":49},
    {"p1":46,
     "p2":47,
     "p3":49},
    {"p1":83,
     "p2":86,
     "p3":87},
    {"p1":94,
     "p2":101,
     "p3":102},
    {"p1":95,
     "p2":100,
     "p3":101},
    {"p1":94,
     "p2":95,
     "p3":101},
    {"p1":81,
     "p2":88,
     "p3":89},
    {"p1":36,
     "p2":37,
     "p3":58},
    {"p1":39,
     "p2":55,
     "p3":56},
    {"p1":75,
     "p2":76,
     "p3":92},
    {"p1":2,
     "p2":3,
     "p3":92},
    {"p1":74,
     "p2":75,
     "p3":92},
    {"p1":70,
     "p2":74,
     "p3":92},
    {"p1":7,
     "p2":8,
     "p3":92},
    {"p1":8,
     "p2":70,
     "p3":92},
    {"p1":82,
     "p2":83,
     "p3":87},
    {"p1":81,
     "p2":82,
     "p3":88},
    {"p1":82,
     "p2":87,
     "p3":88},
    {"p1":96,
     "p2":99,
     "p3":100},
    {"p1":95,
     "p2":96,
     "p3":100},
    {"p1":80,
     "p2":81,
     "p3":89},
    {"p1":29,
     "p2":30,
     "p3":32},
    {"p1":42,
     "p2":52,
     "p3":53},
    {"p1":30,
     "p2":31,
     "p3":32},
    {"p1":77,
     "p2":78,
     "p3":91},
    {"p1":76,
     "p2":77,
     "p3":92},
    {"p1":77,
     "p2":91,
     "p3":92},
    {"p1":6,
     "p2":7,
     "p3":92},
    {"p1":5,
     "p2":6,
     "p3":92},
    {"p1":3,
     "p2":4,
     "p3":92},
    {"p1":4,
     "p2":5,
     "p3":92},
    {"p1":2,
     "p2":92,
     "p3":93},
    {"p1":12,
     "p2":15,
     "p3":16},
    {"p1":12,
     "p2":14,
     "p3":15},
    {"p1":61,
     "p2":65,
     "p3":66},
    {"p1":61,
     "p2":64,
     "p3":65},
    {"p1":97,
     "p2":98,
     "p3":99},
    {"p1":96,
     "p2":97,
     "p3":99},
    {"p1":80,
     "p2":89,
     "p3":90},
    {"p1":79,
     "p2":80,
     "p3":90},
    {"p1":78,
     "p2":79,
     "p3":90},
    {"p1":78,
     "p2":90,
     "p3":91},
    {"p1":39,
     "p2":40,
     "p3":55},
    {"p1":40,
     "p2":54,
     "p3":55},
    {"p1":41,
     "p2":53,
     "p3":54},
    {"p1":41,
     "p2":42,
     "p3":53},
    {"p1":40,
     "p2":41,
     "p3":54},
    {"p1":46,
     "p2":49,
     "p3":50},
    {"p1":45,
     "p2":46,
     "p3":50},
    {"p1":38,
     "p2":39,
     "p3":56},
    {"p1":38,
     "p2":56,
     "p3":57},
    {"p1":37,
     "p2":38,
     "p3":58},
    {"p1":38,
     "p2":57,
     "p3":58},
    {"p1":35,
     "p2":59,
     "p3":60},
    {"p1":36,
     "p2":58,
     "p3":59},
    {"p1":35,
     "p2":36,
     "p3":59},
    {"p1":12,
     "p2":13,
     "p3":14},
    {"p1":1,
     "p2":93,
     "p3":94},
    {"p1":1,
     "p2":2,
     "p3":93},
    {"p1":1,
     "p2":94,
     "p3":102},
    {"p1":1,
     "p2":102,
     "p3":103},
    {"p1":0,
     "p2":1,
     "p3":103},
    {"p1":60,
     "p2":61,
     "p3":68},
    {"p1":70,
     "p2":73,
     "p3":74},
    {"p1":28,
     "p2":29,
     "p3":33},
    {"p1":29,
     "p2":32,
     "p3":33},
    {"p1":8,
     "p2":9,
     "p3":70},
    {"p1":9,
     "p2":23,
     "p3":70},
    {"p1":42,
     "p2":43,
     "p3":52},
    {"p1":43,
     "p2":51,
     "p3":52},
    {"p1":62,
     "p2":63,
     "p3":64},
    {"p1":61,
     "p2":62,
     "p3":64},
    {"p1":61,
     "p2":66,
     "p3":67},
    {"p1":61,
     "p2":67,
     "p3":68},
    {"p1":60,
     "p2":69,
     "p3":70},
    {"p1":60,
     "p2":68,
     "p3":69},
    {"p1":70,
     "p2":71,
     "p3":72},
    {"p1":70,
     "p2":72,
     "p3":73},
    {"p1":17,
     "p2":18,
     "p3":19},
    {"p1":12,
     "p2":16,
     "p3":20},
    {"p1":16,
     "p2":17,
     "p3":20},
    {"p1":20,
     "p2":21,
     "p3":22},
    {"p1":17,
     "p2":19,
     "p3":20},
    {"p1":10,
     "p2":22,
     "p3":23},
    {"p1":9,
     "p2":10,
     "p3":23},
    {"p1":26,
     "p2":27,
     "p3":34},
    {"p1":34,
     "p2":35,
     "p3":60},
    {"p1":34,
     "p2":60,
     "p3":70},
    {"p1":23,
     "p2":34,
     "p3":70},
    {"p1":27,
     "p2":28,
     "p3":34},
    {"p1":28,
     "p2":33,
     "p3":34},
    {"p1":43,
     "p2":44,
     "p3":51},
    {"p1":44,
     "p2":45,
     "p3":50},
    {"p1":44,
     "p2":50,
     "p3":51},
    {"p1":11,
     "p2":12,
     "p3":20},
    {"p1":11,
     "p2":20,
     "p3":22},
    {"p1":10,
     "p2":11,
     "p3":22},
    {"p1":24,
     "p2":26,
     "p3":34},
    {"p1":23,
     "p2":24,
     "p3":34},
    {"p1":24,
     "p2":25,
     "p3":26}]
}