{"points":[
    {"x":0.043478,
     "y":0.33816},
    {"x":0.067633,
     "y":0.37198},
    {"x":0.10145,
     "y":0.40097},
    {"x":0.13527,
     "y":0.42512},
    {"x":0.16908,
     "y":0.43961},
    {"x":0.2029,
     "y":0.45411},
    {"x":0.23671,
     "y":0.46377},
    {"x":0.27053,
     "y":0.47343},
    {"x":0.30435,
     "y":0.47343},
    {"x":0.33816,
     "y":0.47826},
    {"x":0.37198,
     "y":0.47826},
    {"x":0.38647,
     "y":0.50725},
    {"x":0.36715,
     "y":0.52657},
    {"x":0.36715,
     "y":0.56039},
    {"x":0.33816,
     "y":0.57005},
    {"x":0.30435,
     "y":0.57488},
    {"x":0.32367,
     "y":0.6087},
    {"x":0.35749,
     "y":0.62319},
    {"x":0.3913,
     "y":0.62802},
    {"x":0.42512,
     "y":0.63285},
    {"x":0.45894,
     "y":0.62319},
    {"x":0.44444,
     "y":0.58937},
    {"x":0.41546,
     "y":0.56522},
    {"x":0.41546,
     "y":0.53623},
    {"x":0.42512,
     "y":0.50242},
    {"x":0.45894,
     "y":0.49758},
    {"x":0.49275,
     "y":0.49275},
    {"x":0.52657,
     "y":0.49275},
    {"x":0.56039,
     "y":0.49275},
    {"x":0.5942,
     "y":0.49758},
    {"x":0.6087,
     "y":0.4686},
    {"x":0.64251,
     "y":0.4686},
    {"x":0.6715,
     "y":0.45411},
    {"x":0.6715,
     "y":0.42029},
    {"x":0.63768,
     "y":0.4058},
    {"x":0.60386,
     "y":0.39614},
    {"x":0.63285,
     "y":0.37681},
    {"x":0.66667,
     "y":0.38164},
    {"x":0.70048,
     "y":0.38164},
    {"x":0.7343,
     "y":0.38164},
    {"x":0.76812,
     "y":0.38164},
    {"x":0.80193,
     "y":0.38164},
    {"x":0.83575,
     "y":0.38164},
    {"x":0.86957,
     "y":0.38164},
    {"x":0.90338,
     "y":0.38647},
    {"x":0.9372,
     "y":0.40097},
    {"x":0.97101,
     "y":0.41546},
    {"x":1,
     "y":0.40097},
    {"x":0.98068,
     "y":0.37198},
    {"x":0.94686,
     "y":0.34783},
    {"x":0.91304,
     "y":0.33816},
    {"x":0.87923,
     "y":0.3285},
    {"x":0.84541,
     "y":0.31401},
    {"x":0.81159,
     "y":0.30435},
    {"x":0.77778,
     "y":0.28986},
    {"x":0.74396,
     "y":0.27053},
    {"x":0.71014,
     "y":0.24638},
    {"x":0.67633,
     "y":0.23671},
    {"x":0.6715,
     "y":0.2029},
    {"x":0.70531,
     "y":0.19324},
    {"x":0.71498,
     "y":0.15942},
    {"x":0.70531,
     "y":0.13043},
    {"x":0.6715,
     "y":0.12077},
    {"x":0.63768,
     "y":0.11594},
    {"x":0.60386,
     "y":0.11111},
    {"x":0.57005,
     "y":0.10628},
    {"x":0.53623,
     "y":0.096618},
    {"x":0.50242,
     "y":0.091787},
    {"x":0.4686,
     "y":0.086957},
    {"x":0.43478,
     "y":0.077295},
    {"x":0.43478,
     "y":0.043478},
    {"x":0.4058,
     "y":0.024155},
    {"x":0.37198,
     "y":0.019324},
    {"x":0.33816,
     "y":0.019324},
    {"x":0.30435,
     "y":0.019324},
    {"x":0.27053,
     "y":0.019324},
    {"x":0.23671,
     "y":0.019324},
    {"x":0.2029,
     "y":0.014493},
    {"x":0.16908,
     "y":0.0096618},
    {"x":0.13527,
     "y":0.0096618},
    {"x":0.10145,
     "y":0},
    {"x":0.067633,
     "y":0},
    {"x":0.033816,
     "y":0},
    {"x":0.019324,
     "y":0.028986},
    {"x":0.038647,
     "y":0.05314},
    {"x":0.05314,
     "y":0.024155},
    {"x":0.082126,
     "y":0},
    {"x":0.11111,
     "y":0.014493},
    {"x":0.14493,
     "y":0.028986},
    {"x":0.17874,
     "y":0.043478},
    {"x":0.19807,
     "y":0.067633},
    {"x":0.19807,
     "y":0.10145},
    {"x":0.16425,
     "y":0.10628},
    {"x":0.13043,
     "y":0.10628},
    {"x":0.096618,
     "y":0.10628},
    {"x":0.062802,
     "y":0.10628},
    {"x":0.028986,
     "y":0.12077},
    {"x":0.0048309,
     "y":0.14976},
    {"x":0,
     "y":0.18357},
    {"x":0,
     "y":0.21739},
    {"x":0.0096618,
     "y":0.25121},
    {"x":0.014493,
     "y":0.28502},
    {"x":0.028986,
     "y":0.31884},
    {"x":0.043478,
     "y":0.33816}],
 "triangles":[
    {"p1":46,
     "p2":47,
     "p3":48},
    {"p1":82,
     "p2":83,
     "p3":85},
    {"p1":83,
     "p2":84,
     "p3":85},
    {"p1":81,
     "p2":82,
     "p3":85},
    {"p1":96,
     "p2":97,
     "p3":98},
    {"p1":95,
     "p2":96,
     "p3":98},
    {"p1":39,
     "p2":54,
     "p3":55},
    {"p1":45,
     "p2":46,
     "p3":48},
    {"p1":14,
     "p2":16,
     "p3":17},
    {"p1":0,
     "p2":100,
     "p3":101},
    {"p1":6,
     "p2":8,
     "p3":91},
    {"p1":39,
     "p2":40,
     "p3":54},
    {"p1":81,
     "p2":85,
     "p3":86},
    {"p1":2,
     "p2":91,
     "p3":92},
    {"p1":92,
     "p2":93,
     "p3":100},
    {"p1":0,
     "p2":92,
     "p3":100},
    {"p1":94,
     "p2":95,
     "p3":98},
    {"p1":94,
     "p2":98,
     "p3":99},
    {"p1":94,
     "p2":99,
     "p3":100},
    {"p1":93,
     "p2":94,
     "p3":100},
    {"p1":41,
     "p2":52,
     "p3":53},
    {"p1":40,
     "p2":41,
     "p3":53},
    {"p1":40,
     "p2":53,
     "p3":54},
    {"p1":45,
     "p2":48,
     "p3":49},
    {"p1":44,
     "p2":45,
     "p3":49},
    {"p1":74,
     "p2":75,
     "p3":91},
    {"p1":73,
     "p2":74,
     "p3":91},
    {"p1":5,
     "p2":6,
     "p3":91},
    {"p1":4,
     "p2":5,
     "p3":91},
    {"p1":2,
     "p2":3,
     "p3":91},
    {"p1":3,
     "p2":4,
     "p3":91},
    {"p1":0,
     "p2":101,
     "p3":102},
    {"p1":8,
     "p2":69,
     "p3":91},
    {"p1":69,
     "p2":73,
     "p3":91},
    {"p1":69,
     "p2":72,
     "p3":73},
    {"p1":69,
     "p2":71,
     "p3":72},
    {"p1":6,
     "p2":7,
     "p3":8},
    {"p1":60,
     "p2":61,
     "p3":62},
    {"p1":69,
     "p2":70,
     "p3":71},
    {"p1":1,
     "p2":2,
     "p3":92},
    {"p1":0,
     "p2":1,
     "p3":92},
    {"p1":78,
     "p2":79,
     "p3":88},
    {"p1":78,
     "p2":88,
     "p3":89},
    {"p1":77,
     "p2":78,
     "p3":89},
    {"p1":80,
     "p2":86,
     "p3":87},
    {"p1":79,
     "p2":80,
     "p3":87},
    {"p1":79,
     "p2":87,
     "p3":88},
    {"p1":41,
     "p2":42,
     "p3":52},
    {"p1":42,
     "p2":51,
     "p3":52},
    {"p1":42,
     "p2":43,
     "p3":51},
    {"p1":14,
     "p2":15,
     "p3":16},
    {"p1":10,
     "p2":68,
     "p3":69},
    {"p1":10,
     "p2":35,
     "p3":68},
    {"p1":44,
     "p2":49,
     "p3":50},
    {"p1":43,
     "p2":44,
     "p3":50},
    {"p1":43,
     "p2":50,
     "p3":51},
    {"p1":75,
     "p2":90,
     "p3":91},
    {"p1":75,
     "p2":76,
     "p3":90},
    {"p1":76,
     "p2":77,
     "p3":90},
    {"p1":77,
     "p2":89,
     "p3":90},
    {"p1":8,
     "p2":9,
     "p3":69},
    {"p1":9,
     "p2":10,
     "p3":69},
    {"p1":10,
     "p2":11,
     "p3":24},
    {"p1":13,
     "p2":14,
     "p3":17},
    {"p1":13,
     "p2":17,
     "p3":18},
    {"p1":13,
     "p2":18,
     "p3":22},
    {"p1":18,
     "p2":19,
     "p3":21},
    {"p1":18,
     "p2":21,
     "p3":22},
    {"p1":19,
     "p2":20,
     "p3":21},
    {"p1":11,
     "p2":12,
     "p3":23},
    {"p1":12,
     "p2":13,
     "p3":23},
    {"p1":13,
     "p2":22,
     "p3":23},
    {"p1":11,
     "p2":23,
     "p3":24},
    {"p1":35,
     "p2":67,
     "p3":68},
    {"p1":35,
     "p2":66,
     "p3":67},
    {"p1":10,
     "p2":25,
     "p3":35},
    {"p1":25,
     "p2":26,
     "p3":35},
    {"p1":10,
     "p2":24,
     "p3":25},
    {"p1":35,
     "p2":36,
     "p3":57},
    {"p1":36,
     "p2":37,
     "p3":57},
    {"p1":37,
     "p2":56,
     "p3":57},
    {"p1":26,
     "p2":27,
     "p3":35},
    {"p1":35,
     "p2":65,
     "p3":66},
    {"p1":35,
     "p2":57,
     "p3":65},
    {"p1":38,
     "p2":39,
     "p3":55},
    {"p1":38,
     "p2":55,
     "p3":56},
    {"p1":37,
     "p2":38,
     "p3":56},
    {"p1":27,
     "p2":28,
     "p3":35},
    {"p1":58,
     "p2":64,
     "p3":65},
    {"p1":57,
     "p2":58,
     "p3":65},
    {"p1":58,
     "p2":63,
     "p3":64},
    {"p1":58,
     "p2":62,
     "p3":63},
    {"p1":58,
     "p2":60,
     "p3":62},
    {"p1":58,
     "p2":59,
     "p3":60},
    {"p1":28,
     "p2":30,
     "p3":35},
    {"p1":28,
     "p2":29,
     "p3":30},
    {"p1":30,
     "p2":34,
     "p3":35},
    {"p1":30,
     "p2":31,
     "p3":34},
    {"p1":31,
     "p2":33,
     "p3":34},
    {"p1":31,
     "p2":32,
     "p3":33}]
}