{"points":[
    {"x":0.027149,
     "y":0.31222},
    {"x":0.045249,
     "y":0.34389},
    {"x":0.076923,
     "y":0.37104},
    {"x":0.1086,
     "y":0.39819},
    {"x":0.14027,
     "y":0.42081},
    {"x":0.17195,
     "y":0.43439},
    {"x":0.20362,
     "y":0.43891},
    {"x":0.23529,
     "y":0.43891},
    {"x":0.26697,
     "y":0.43891},
    {"x":0.29864,
     "y":0.43439},
    {"x":0.33032,
     "y":0.43439},
    {"x":0.36199,
     "y":0.43891},
    {"x":0.36199,
     "y":0.47059},
    {"x":0.34842,
     "y":0.48869},
    {"x":0.35747,
     "y":0.51584},
    {"x":0.32579,
     "y":0.52941},
    {"x":0.30317,
     "y":0.55204},
    {"x":0.33032,
     "y":0.56561},
    {"x":0.36199,
     "y":0.56109},
    {"x":0.39367,
     "y":0.55656},
    {"x":0.41176,
     "y":0.53846},
    {"x":0.38462,
     "y":0.51584},
    {"x":0.40724,
     "y":0.48869},
    {"x":0.39819,
     "y":0.46154},
    {"x":0.41629,
     "y":0.42986},
    {"x":0.44796,
     "y":0.42986},
    {"x":0.47964,
     "y":0.45249},
    {"x":0.51131,
     "y":0.46606},
    {"x":0.54299,
     "y":0.46154},
    {"x":0.57014,
     "y":0.43439},
    {"x":0.60181,
     "y":0.42986},
    {"x":0.63348,
     "y":0.42534},
    {"x":0.65158,
     "y":0.39819},
    {"x":0.62896,
     "y":0.38009},
    {"x":0.59729,
     "y":0.37104},
    {"x":0.56561,
     "y":0.35294},
    {"x":0.59276,
     "y":0.34389},
    {"x":0.62443,
     "y":0.34389},
    {"x":0.65611,
     "y":0.34389},
    {"x":0.68778,
     "y":0.34842},
    {"x":0.71946,
     "y":0.34842},
    {"x":0.75113,
     "y":0.34842},
    {"x":0.78281,
     "y":0.34842},
    {"x":0.81448,
     "y":0.35294},
    {"x":0.84615,
     "y":0.36199},
    {"x":0.87783,
     "y":0.36652},
    {"x":0.9095,
     "y":0.36652},
    {"x":0.94118,
     "y":0.36652},
    {"x":0.97285,
     "y":0.36652},
    {"x":1,
     "y":0.35747},
    {"x":0.97285,
     "y":0.33937},
    {"x":0.94118,
     "y":0.32579},
    {"x":0.9095,
     "y":0.31674},
    {"x":0.87783,
     "y":0.30317},
    {"x":0.84615,
     "y":0.28959},
    {"x":0.81448,
     "y":0.27149},
    {"x":0.78281,
     "y":0.25339},
    {"x":0.75113,
     "y":0.23982},
    {"x":0.71946,
     "y":0.22624},
    {"x":0.68778,
     "y":0.22172},
    {"x":0.65611,
     "y":0.21267},
    {"x":0.62443,
     "y":0.19457},
    {"x":0.64253,
     "y":0.17647},
    {"x":0.66063,
     "y":0.14932},
    {"x":0.68326,
     "y":0.12217},
    {"x":0.66968,
     "y":0.095023},
    {"x":0.63801,
     "y":0.090498},
    {"x":0.60633,
     "y":0.085973},
    {"x":0.57466,
     "y":0.085973},
    {"x":0.54299,
     "y":0.085973},
    {"x":0.51131,
     "y":0.085973},
    {"x":0.47964,
     "y":0.085973},
    {"x":0.44796,
     "y":0.085973},
    {"x":0.42081,
     "y":0.072398},
    {"x":0.42081,
     "y":0.040724},
    {"x":0.41176,
     "y":0.0181},
    {"x":0.38009,
     "y":0.0090498},
    {"x":0.34842,
     "y":0.0045249},
    {"x":0.31674,
     "y":0},
    {"x":0.28507,
     "y":0},
    {"x":0.25339,
     "y":0},
    {"x":0.22172,
     "y":0},
    {"x":0.19005,
     "y":0},
    {"x":0.15837,
     "y":0},
    {"x":0.1267,
     "y":0},
    {"x":0.095023,
     "y":0},
    {"x":0.063348,
     "y":0},
    {"x":0.031674,
     "y":0.0045249},
    {"x":0,
     "y":0.0090498},
    {"x":0.0045249,
     "y":0.040724},
    {"x":0.036199,
     "y":0.045249},
    {"x":0.067873,
     "y":0.013575},
    {"x":0.095023,
     "y":0},
    {"x":0.11765,
     "y":0.013575},
    {"x":0.14932,
     "y":0.027149},
    {"x":0.181,
     "y":0.027149},
    {"x":0.20362,
     "y":0.045249},
    {"x":0.20362,
     "y":0.076923},
    {"x":0.17647,
     "y":0.085973},
    {"x":0.1448,
     "y":0.085973},
    {"x":0.11312,
     "y":0.085973},
    {"x":0.081448,
     "y":0.085973},
    {"x":0.049774,
     "y":0.085973},
    {"x":0.0181,
     "y":0.090498},
    {"x":0,
     "y":0.12217},
    {"x":0,
     "y":0.15385},
    {"x":0,
     "y":0.18552},
    {"x":0.0045249,
     "y":0.21719},
    {"x":0.0045249,
     "y":0.24887},
    {"x":0.013575,
     "y":0.28054},
    {"x":0.027149,
     "y":0.31222},
    {"x":0.027149,
     "y":0.31222}],
 "triangles":[
    {"p1":48,
     "p2":49,
     "p3":50},
    {"p1":73,
     "p2":74,
     "p3":76},
    {"p1":74,
     "p2":75,
     "p3":76},
    {"p1":10,
     "p2":72,
     "p3":73},
    {"p1":29,
     "p2":30,
     "p3":34},
    {"p1":73,
     "p2":77,
     "p3":78},
    {"p1":73,
     "p2":76,
     "p3":77},
    {"p1":107,
     "p2":108,
     "p3":109},
    {"p1":61,
     "p2":69,
     "p3":70},
    {"p1":42,
     "p2":55,
     "p3":56},
    {"p1":63,
     "p2":65,
     "p3":66},
    {"p1":63,
     "p2":66,
     "p3":67},
    {"p1":61,
     "p2":68,
     "p3":69},
    {"p1":61,
     "p2":67,
     "p3":68},
    {"p1":40,
     "p2":57,
     "p3":58},
    {"p1":63,
     "p2":64,
     "p3":65},
    {"p1":36,
     "p2":60,
     "p3":61},
    {"p1":78,
     "p2":79,
     "p3":97},
    {"p1":73,
     "p2":78,
     "p3":97},
    {"p1":10,
     "p2":73,
     "p3":97},
    {"p1":9,
     "p2":10,
     "p3":97},
    {"p1":0,
     "p2":1,
     "p3":2},
    {"p1":0,
     "p2":2,
     "p3":98},
    {"p1":35,
     "p2":36,
     "p3":61},
    {"p1":29,
     "p2":34,
     "p3":35},
    {"p1":26,
     "p2":29,
     "p3":35},
    {"p1":25,
     "p2":26,
     "p3":35},
    {"p1":39,
     "p2":40,
     "p3":58},
    {"p1":31,
     "p2":32,
     "p3":33},
    {"p1":30,
     "p2":31,
     "p3":33},
    {"p1":30,
     "p2":33,
     "p3":34},
    {"p1":42,
     "p2":43,
     "p3":55},
    {"p1":41,
     "p2":42,
     "p3":56},
    {"p1":40,
     "p2":41,
     "p3":57},
    {"p1":41,
     "p2":56,
     "p3":57},
    {"p1":61,
     "p2":62,
     "p3":67},
    {"p1":62,
     "p2":63,
     "p3":67},
    {"p1":38,
     "p2":59,
     "p3":60},
    {"p1":39,
     "p2":58,
     "p3":59},
    {"p1":38,
     "p2":39,
     "p3":59},
    {"p1":99,
     "p2":100,
     "p3":107},
    {"p1":99,
     "p2":107,
     "p3":109},
    {"p1":0,
     "p2":99,
     "p3":109},
    {"p1":0,
     "p2":98,
     "p3":99},
    {"p1":15,
     "p2":16,
     "p3":17},
    {"p1":82,
     "p2":95,
     "p3":96},
    {"p1":7,
     "p2":97,
     "p3":98},
    {"p1":85,
     "p2":91,
     "p3":93},
    {"p1":87,
     "p2":90,
     "p3":91},
    {"p1":87,
     "p2":88,
     "p3":89},
    {"p1":87,
     "p2":89,
     "p3":90},
    {"p1":101,
     "p2":102,
     "p3":105},
    {"p1":102,
     "p2":104,
     "p3":105},
    {"p1":15,
     "p2":17,
     "p3":18},
    {"p1":14,
     "p2":15,
     "p3":18},
    {"p1":19,
     "p2":20,
     "p3":21},
    {"p1":18,
     "p2":19,
     "p3":21},
    {"p1":14,
     "p2":18,
     "p3":21},
    {"p1":13,
     "p2":14,
     "p3":21},
    {"p1":12,
     "p2":21,
     "p3":22},
    {"p1":12,
     "p2":13,
     "p3":21},
    {"p1":24,
     "p2":35,
     "p3":72},
    {"p1":24,
     "p2":25,
     "p3":35},
    {"p1":10,
     "p2":24,
     "p3":72},
    {"p1":10,
     "p2":11,
     "p3":24},
    {"p1":35,
     "p2":71,
     "p3":72},
    {"p1":61,
     "p2":70,
     "p3":71},
    {"p1":35,
     "p2":61,
     "p3":71},
    {"p1":27,
     "p2":28,
     "p3":29},
    {"p1":26,
     "p2":27,
     "p3":29},
    {"p1":36,
     "p2":37,
     "p3":60},
    {"p1":37,
     "p2":38,
     "p3":60},
    {"p1":44,
     "p2":53,
     "p3":54},
    {"p1":43,
     "p2":44,
     "p3":54},
    {"p1":43,
     "p2":54,
     "p3":55},
    {"p1":101,
     "p2":105,
     "p3":106},
    {"p1":100,
     "p2":101,
     "p3":106},
    {"p1":100,
     "p2":106,
     "p3":107},
    {"p1":82,
     "p2":83,
     "p3":95},
    {"p1":83,
     "p2":94,
     "p3":95},
    {"p1":81,
     "p2":82,
     "p3":96},
    {"p1":2,
     "p2":3,
     "p3":98},
    {"p1":3,
     "p2":7,
     "p3":98},
    {"p1":8,
     "p2":9,
     "p3":97},
    {"p1":7,
     "p2":8,
     "p3":97},
    {"p1":85,
     "p2":86,
     "p3":91},
    {"p1":86,
     "p2":87,
     "p3":91},
    {"p1":102,
     "p2":103,
     "p3":104},
    {"p1":12,
     "p2":22,
     "p3":23},
    {"p1":11,
     "p2":12,
     "p3":23},
    {"p1":11,
     "p2":23,
     "p3":24},
    {"p1":44,
     "p2":45,
     "p3":53},
    {"p1":46,
     "p2":51,
     "p3":52},
    {"p1":45,
     "p2":52,
     "p3":53},
    {"p1":45,
     "p2":46,
     "p3":52},
    {"p1":46,
     "p2":47,
     "p3":51},
    {"p1":47,
     "p2":48,
     "p3":50},
    {"p1":47,
     "p2":50,
     "p3":51},
    {"p1":84,
     "p2":85,
     "p3":93},
    {"p1":84,
     "p2":93,
     "p3":94},
    {"p1":83,
     "p2":84,
     "p3":94},
    {"p1":80,
     "p2":81,
     "p3":96},
    {"p1":79,
     "p2":80,
     "p3":97},
    {"p1":80,
     "p2":96,
     "p3":97},
    {"p1":3,
     "p2":6,
     "p3":7},
    {"p1":3,
     "p2":4,
     "p3":6},
    {"p1":4,
     "p2":5,
     "p3":6}]
}