{"points":[
    {"x":0.038251,
     "y":0.36612},
    {"x":0.054645,
     "y":0.39891},
    {"x":0.071038,
     "y":0.43169},
    {"x":0.098361,
     "y":0.46448},
    {"x":0.13115,
     "y":0.4918},
    {"x":0.16393,
     "y":0.51366},
    {"x":0.19672,
     "y":0.54098},
    {"x":0.22951,
     "y":0.55191},
    {"x":0.2623,
     "y":0.55191},
    {"x":0.29508,
     "y":0.55191},
    {"x":0.32787,
     "y":0.55191},
    {"x":0.36066,
     "y":0.56284},
    {"x":0.39344,
     "y":0.57377},
    {"x":0.39891,
     "y":0.60656},
    {"x":0.37705,
     "y":0.63388},
    {"x":0.38251,
     "y":0.66667},
    {"x":0.35519,
     "y":0.6776},
    {"x":0.3224,
     "y":0.68852},
    {"x":0.34973,
     "y":0.71038},
    {"x":0.38251,
     "y":0.72678},
    {"x":0.4153,
     "y":0.73224},
    {"x":0.44809,
     "y":0.73224},
    {"x":0.45902,
     "y":0.69945},
    {"x":0.44262,
     "y":0.67213},
    {"x":0.42077,
     "y":0.65574},
    {"x":0.44809,
     "y":0.65027},
    {"x":0.45355,
     "y":0.61749},
    {"x":0.43716,
     "y":0.59563},
    {"x":0.45902,
     "y":0.56831},
    {"x":0.4918,
     "y":0.57377},
    {"x":0.52459,
     "y":0.57377},
    {"x":0.55738,
     "y":0.57377},
    {"x":0.59016,
     "y":0.57923},
    {"x":0.62295,
     "y":0.56831},
    {"x":0.62842,
     "y":0.53552},
    {"x":0.6612,
     "y":0.53005},
    {"x":0.68852,
     "y":0.51913},
    {"x":0.69399,
     "y":0.48634},
    {"x":0.66667,
     "y":0.46995},
    {"x":0.63934,
     "y":0.45355},
    {"x":0.67213,
     "y":0.43169},
    {"x":0.70492,
     "y":0.43716},
    {"x":0.7377,
     "y":0.43716},
    {"x":0.77049,
     "y":0.43716},
    {"x":0.80328,
     "y":0.43716},
    {"x":0.83607,
     "y":0.43716},
    {"x":0.86885,
     "y":0.43716},
    {"x":0.90164,
     "y":0.43716},
    {"x":0.93443,
     "y":0.44262},
    {"x":0.96721,
     "y":0.45355},
    {"x":1,
     "y":0.45355},
    {"x":0.99454,
     "y":0.42623},
    {"x":0.96175,
     "y":0.40984},
    {"x":0.92896,
     "y":0.39344},
    {"x":0.89617,
     "y":0.38251},
    {"x":0.86339,
     "y":0.36612},
    {"x":0.8306,
     "y":0.34973},
    {"x":0.79781,
     "y":0.32787},
    {"x":0.76503,
     "y":0.31148},
    {"x":0.73224,
     "y":0.28962},
    {"x":0.72678,
     "y":0.25683},
    {"x":0.74317,
     "y":0.23497},
    {"x":0.76503,
     "y":0.21858},
    {"x":0.78142,
     "y":0.18579},
    {"x":0.77049,
     "y":0.15301},
    {"x":0.7377,
     "y":0.14208},
    {"x":0.70492,
     "y":0.13661},
    {"x":0.67213,
     "y":0.13661},
    {"x":0.63934,
     "y":0.13115},
    {"x":0.60656,
     "y":0.12568},
    {"x":0.57377,
     "y":0.11475},
    {"x":0.54098,
     "y":0.11475},
    {"x":0.5082,
     "y":0.10929},
    {"x":0.47541,
     "y":0.10929},
    {"x":0.44262,
     "y":0.10383},
    {"x":0.43716,
     "y":0.071038},
    {"x":0.42077,
     "y":0.043716},
    {"x":0.38798,
     "y":0.032787},
    {"x":0.35519,
     "y":0.027322},
    {"x":0.3224,
     "y":0.021858},
    {"x":0.28962,
     "y":0.021858},
    {"x":0.25683,
     "y":0.021858},
    {"x":0.22404,
     "y":0.021858},
    {"x":0.19126,
     "y":0.010929},
    {"x":0.15847,
     "y":0},
    {"x":0.12568,
     "y":0},
    {"x":0.092896,
     "y":0},
    {"x":0.060109,
     "y":0.0054645},
    {"x":0.027322,
     "y":0.0054645},
    {"x":0,
     "y":0.027322},
    {"x":0.021858,
     "y":0.054645},
    {"x":0.043716,
     "y":0.027322},
    {"x":0.076503,
     "y":0.021858},
    {"x":0.10929,
     "y":0.021858},
    {"x":0.14208,
     "y":0.032787},
    {"x":0.17486,
     "y":0.04918},
    {"x":0.18579,
     "y":0.081967},
    {"x":0.18033,
     "y":0.11475},
    {"x":0.14754,
     "y":0.12022},
    {"x":0.11475,
     "y":0.13115},
    {"x":0.081967,
     "y":0.14208},
    {"x":0.04918,
     "y":0.15301},
    {"x":0.027322,
     "y":0.17486},
    {"x":0.021858,
     "y":0.20765},
    {"x":0.021858,
     "y":0.24044},
    {"x":0.021858,
     "y":0.27322},
    {"x":0.027322,
     "y":0.30601},
    {"x":0.032787,
     "y":0.3388},
    {"x":0.038251,
     "y":0.36612}],
 "triangles":[
    {"p1":88,
     "p2":89,
     "p3":91},
    {"p1":87,
     "p2":88,
     "p3":91},
    {"p1":35,
     "p2":36,
     "p3":38},
    {"p1":15,
     "p2":19,
     "p3":20},
    {"p1":10,
     "p2":74,
     "p3":97},
    {"p1":1,
     "p2":2,
     "p3":3},
    {"p1":1,
     "p2":3,
     "p3":4},
    {"p1":1,
     "p2":4,
     "p3":97},
    {"p1":63,
     "p2":64,
     "p3":65},
    {"p1":36,
     "p2":37,
     "p3":38},
    {"p1":60,
     "p2":67,
     "p3":68},
    {"p1":60,
     "p2":68,
     "p3":69},
    {"p1":97,
     "p2":98,
     "p3":106},
    {"p1":87,
     "p2":91,
     "p3":92},
    {"p1":86,
     "p2":87,
     "p3":92},
    {"p1":86,
     "p2":92,
     "p3":93},
    {"p1":85,
     "p2":86,
     "p3":93},
    {"p1":89,
     "p2":90,
     "p3":91},
    {"p1":100,
     "p2":101,
     "p3":103},
    {"p1":101,
     "p2":102,
     "p3":103},
    {"p1":100,
     "p2":103,
     "p3":104},
    {"p1":39,
     "p2":69,
     "p3":71},
    {"p1":39,
     "p2":60,
     "p3":69},
    {"p1":20,
     "p2":21,
     "p3":22},
    {"p1":16,
     "p2":18,
     "p3":19},
    {"p1":15,
     "p2":16,
     "p3":19},
    {"p1":16,
     "p2":17,
     "p3":18},
    {"p1":74,
     "p2":79,
     "p3":97},
    {"p1":69,
     "p2":70,
     "p3":71},
    {"p1":4,
     "p2":5,
     "p3":97},
    {"p1":97,
     "p2":106,
     "p3":107},
    {"p1":1,
     "p2":97,
     "p3":107},
    {"p1":0,
     "p2":1,
     "p3":107},
    {"p1":45,
     "p2":55,
     "p3":56},
    {"p1":45,
     "p2":46,
     "p3":55},
    {"p1":43,
     "p2":56,
     "p3":57},
    {"p1":42,
     "p2":43,
     "p3":57},
    {"p1":61,
     "p2":66,
     "p3":67},
    {"p1":60,
     "p2":61,
     "p3":67},
    {"p1":61,
     "p2":65,
     "p3":66},
    {"p1":84,
     "p2":94,
     "p3":95},
    {"p1":84,
     "p2":85,
     "p3":94},
    {"p1":85,
     "p2":93,
     "p3":94},
    {"p1":98,
     "p2":99,
     "p3":106},
    {"p1":99,
     "p2":100,
     "p3":104},
    {"p1":39,
     "p2":71,
     "p3":73},
    {"p1":28,
     "p2":29,
     "p3":39},
    {"p1":28,
     "p2":39,
     "p3":73},
    {"p1":40,
     "p2":59,
     "p3":60},
    {"p1":39,
     "p2":40,
     "p3":60},
    {"p1":40,
     "p2":41,
     "p3":59},
    {"p1":15,
     "p2":20,
     "p3":23},
    {"p1":20,
     "p2":22,
     "p3":23},
    {"p1":74,
     "p2":78,
     "p3":79},
    {"p1":9,
     "p2":10,
     "p3":97},
    {"p1":5,
     "p2":9,
     "p3":97},
    {"p1":46,
     "p2":54,
     "p3":55},
    {"p1":42,
     "p2":57,
     "p3":58},
    {"p1":41,
     "p2":42,
     "p3":58},
    {"p1":41,
     "p2":58,
     "p3":59},
    {"p1":48,
     "p2":52,
     "p3":53},
    {"p1":44,
     "p2":45,
     "p3":56},
    {"p1":43,
     "p2":44,
     "p3":56},
    {"p1":62,
     "p2":63,
     "p3":65},
    {"p1":61,
     "p2":62,
     "p3":65},
    {"p1":99,
     "p2":105,
     "p3":106},
    {"p1":99,
     "p2":104,
     "p3":105},
    {"p1":31,
     "p2":34,
     "p3":39},
    {"p1":34,
     "p2":35,
     "p3":38},
    {"p1":34,
     "p2":38,
     "p3":39},
    {"p1":29,
     "p2":30,
     "p3":39},
    {"p1":30,
     "p2":31,
     "p3":39},
    {"p1":32,
     "p2":33,
     "p3":34},
    {"p1":31,
     "p2":32,
     "p3":34},
    {"p1":71,
     "p2":72,
     "p3":73},
    {"p1":11,
     "p2":12,
     "p3":28},
    {"p1":11,
     "p2":28,
     "p3":73},
    {"p1":10,
     "p2":11,
     "p3":74},
    {"p1":11,
     "p2":73,
     "p3":74},
    {"p1":13,
     "p2":26,
     "p3":27},
    {"p1":12,
     "p2":27,
     "p3":28},
    {"p1":12,
     "p2":13,
     "p3":27},
    {"p1":74,
     "p2":75,
     "p3":77},
    {"p1":74,
     "p2":77,
     "p3":78},
    {"p1":75,
     "p2":76,
     "p3":77},
    {"p1":79,
     "p2":80,
     "p3":97},
    {"p1":80,
     "p2":96,
     "p3":97},
    {"p1":80,
     "p2":81,
     "p3":96},
    {"p1":83,
     "p2":84,
     "p3":95},
    {"p1":47,
     "p2":48,
     "p3":53},
    {"p1":47,
     "p2":53,
     "p3":54},
    {"p1":46,
     "p2":47,
     "p3":54},
    {"p1":49,
     "p2":51,
     "p3":52},
    {"p1":48,
     "p2":49,
     "p3":52},
    {"p1":49,
     "p2":50,
     "p3":51},
    {"p1":13,
     "p2":24,
     "p3":26},
    {"p1":24,
     "p2":25,
     "p3":26},
    {"p1":13,
     "p2":14,
     "p3":24},
    {"p1":14,
     "p2":15,
     "p3":24},
    {"p1":15,
     "p2":23,
     "p3":24},
    {"p1":82,
     "p2":95,
     "p3":96},
    {"p1":81,
     "p2":82,
     "p3":96},
    {"p1":82,
     "p2":83,
     "p3":95},
    {"p1":5,
     "p2":6,
     "p3":7},
    {"p1":5,
     "p2":8,
     "p3":9},
    {"p1":5,
     "p2":7,
     "p3":8}]
}