{"points":[
    {"x":0.03125,
     "y":0.36458},
    {"x":0.046875,
     "y":0.39583},
    {"x":0.072917,
     "y":0.42708},
    {"x":0.10417,
     "y":0.45833},
    {"x":0.13542,
     "y":0.48438},
    {"x":0.16667,
     "y":0.5},
    {"x":0.19792,
     "y":0.51562},
    {"x":0.22917,
     "y":0.52604},
    {"x":0.26042,
     "y":0.52604},
    {"x":0.29167,
     "y":0.52604},
    {"x":0.32292,
     "y":0.53125},
    {"x":0.35417,
     "y":0.53646},
    {"x":0.38542,
     "y":0.54167},
    {"x":0.39583,
     "y":0.56771},
    {"x":0.36979,
     "y":0.58854},
    {"x":0.38021,
     "y":0.61979},
    {"x":0.35417,
     "y":0.63542},
    {"x":0.32292,
     "y":0.64062},
    {"x":0.33333,
     "y":0.66667},
    {"x":0.36458,
     "y":0.67188},
    {"x":0.39583,
     "y":0.68229},
    {"x":0.42708,
     "y":0.6875},
    {"x":0.45833,
     "y":0.67708},
    {"x":0.43229,
     "y":0.65625},
    {"x":0.40625,
     "y":0.64062},
    {"x":0.41146,
     "y":0.60938},
    {"x":0.42708,
     "y":0.58854},
    {"x":0.4375,
     "y":0.55729},
    {"x":0.46875,
     "y":0.5625},
    {"x":0.5,
     "y":0.55729},
    {"x":0.53125,
     "y":0.55208},
    {"x":0.5625,
     "y":0.54688},
    {"x":0.59375,
     "y":0.54688},
    {"x":0.61979,
     "y":0.52604},
    {"x":0.65104,
     "y":0.52604},
    {"x":0.68229,
     "y":0.51562},
    {"x":0.69271,
     "y":0.48958},
    {"x":0.68229,
     "y":0.46354},
    {"x":0.65104,
     "y":0.45312},
    {"x":0.61979,
     "y":0.44271},
    {"x":0.625,
     "y":0.41146},
    {"x":0.65625,
     "y":0.40625},
    {"x":0.6875,
     "y":0.41146},
    {"x":0.71875,
     "y":0.41146},
    {"x":0.75,
     "y":0.41667},
    {"x":0.78125,
     "y":0.42708},
    {"x":0.8125,
     "y":0.4375},
    {"x":0.84375,
     "y":0.4375},
    {"x":0.875,
     "y":0.4375},
    {"x":0.90625,
     "y":0.4375},
    {"x":0.9375,
     "y":0.4375},
    {"x":0.96875,
     "y":0.4375},
    {"x":1,
     "y":0.43229},
    {"x":0.98958,
     "y":0.40104},
    {"x":0.95833,
     "y":0.38542},
    {"x":0.92708,
     "y":0.375},
    {"x":0.89583,
     "y":0.36458},
    {"x":0.86458,
     "y":0.34896},
    {"x":0.83333,
     "y":0.32812},
    {"x":0.80208,
     "y":0.30729},
    {"x":0.77083,
     "y":0.29167},
    {"x":0.73958,
     "y":0.27604},
    {"x":0.70833,
     "y":0.27083},
    {"x":0.6875,
     "y":0.25521},
    {"x":0.70312,
     "y":0.23438},
    {"x":0.73438,
     "y":0.22917},
    {"x":0.74479,
     "y":0.19792},
    {"x":0.75521,
     "y":0.16667},
    {"x":0.72917,
     "y":0.15625},
    {"x":0.69792,
     "y":0.15104},
    {"x":0.66667,
     "y":0.14062},
    {"x":0.63542,
     "y":0.13021},
    {"x":0.60417,
     "y":0.125},
    {"x":0.57292,
     "y":0.125},
    {"x":0.54167,
     "y":0.125},
    {"x":0.51042,
     "y":0.125},
    {"x":0.47917,
     "y":0.125},
    {"x":0.44792,
     "y":0.11979},
    {"x":0.4375,
     "y":0.088542},
    {"x":0.43229,
     "y":0.057292},
    {"x":0.40104,
     "y":0.041667},
    {"x":0.36979,
     "y":0.03125},
    {"x":0.33854,
     "y":0.026042},
    {"x":0.30729,
     "y":0.020833},
    {"x":0.27604,
     "y":0.010417},
    {"x":0.24479,
     "y":0.0052083},
    {"x":0.21354,
     "y":0},
    {"x":0.18229,
     "y":0},
    {"x":0.15104,
     "y":0},
    {"x":0.11979,
     "y":0},
    {"x":0.088542,
     "y":0},
    {"x":0.057292,
     "y":0},
    {"x":0.026042,
     "y":0},
    {"x":0,
     "y":0.020833},
    {"x":0.0052083,
     "y":0.052083},
    {"x":0.036458,
     "y":0.041667},
    {"x":0.067708,
     "y":0.03125},
    {"x":0.098958,
     "y":0.036458},
    {"x":0.13021,
     "y":0.036458},
    {"x":0.16146,
     "y":0.046875},
    {"x":0.19271,
     "y":0.057292},
    {"x":0.20833,
     "y":0.083333},
    {"x":0.19792,
     "y":0.10938},
    {"x":0.16667,
     "y":0.11458},
    {"x":0.13542,
     "y":0.125},
    {"x":0.10417,
     "y":0.13021},
    {"x":0.072917,
     "y":0.13542},
    {"x":0.041667,
     "y":0.13542},
    {"x":0.010417,
     "y":0.14062},
    {"x":0,
     "y":0.17188},
    {"x":0,
     "y":0.20312},
    {"x":0.0052083,
     "y":0.23438},
    {"x":0.010417,
     "y":0.26562},
    {"x":0.015625,
     "y":0.29688},
    {"x":0.020833,
     "y":0.32812},
    {"x":0.03125,
     "y":0.35938},
    {"x":0.03125,
     "y":0.36458}],
 "triangles":[
    {"p1":92,
     "p2":93,
     "p3":95},
    {"p1":91,
     "p2":92,
     "p3":95},
    {"p1":0,
     "p2":1,
     "p3":115},
    {"p1":1,
     "p2":2,
     "p3":115},
    {"p1":93,
     "p2":94,
     "p3":95},
    {"p1":63,
     "p2":71,
     "p3":72},
    {"p1":3,
     "p2":4,
     "p3":5},
    {"p1":3,
     "p2":5,
     "p3":102},
    {"p1":2,
     "p2":3,
     "p3":102},
    {"p1":85,
     "p2":86,
     "p3":100},
    {"p1":21,
     "p2":22,
     "p3":23},
    {"p1":20,
     "p2":21,
     "p3":23},
    {"p1":20,
     "p2":23,
     "p3":24},
    {"p1":91,
     "p2":95,
     "p3":96},
    {"p1":89,
     "p2":90,
     "p3":97},
    {"p1":90,
     "p2":96,
     "p3":97},
    {"p1":90,
     "p2":91,
     "p3":96},
    {"p1":106,
     "p2":107,
     "p3":110},
    {"p1":106,
     "p2":110,
     "p3":111},
    {"p1":105,
     "p2":111,
     "p3":112},
    {"p1":105,
     "p2":106,
     "p3":111},
    {"p1":46,
     "p2":57,
     "p3":58},
    {"p1":46,
     "p2":47,
     "p3":57},
    {"p1":63,
     "p2":72,
     "p3":73},
    {"p1":9,
     "p2":77,
     "p3":102},
    {"p1":2,
     "p2":104,
     "p3":115},
    {"p1":104,
     "p2":114,
     "p3":115},
    {"p1":104,
     "p2":113,
     "p3":114},
    {"p1":104,
     "p2":112,
     "p3":113},
    {"p1":104,
     "p2":105,
     "p3":112},
    {"p1":85,
     "p2":100,
     "p3":101},
    {"p1":6,
     "p2":7,
     "p3":8},
    {"p1":5,
     "p2":6,
     "p3":8},
    {"p1":5,
     "p2":8,
     "p3":102},
    {"p1":8,
     "p2":9,
     "p3":102},
    {"p1":10,
     "p2":11,
     "p3":77},
    {"p1":9,
     "p2":10,
     "p3":77},
    {"p1":15,
     "p2":24,
     "p3":25},
    {"p1":14,
     "p2":15,
     "p3":25},
    {"p1":27,
     "p2":28,
     "p3":29},
    {"p1":13,
     "p2":14,
     "p3":25},
    {"p1":27,
     "p2":39,
     "p3":40},
    {"p1":27,
     "p2":29,
     "p3":39},
    {"p1":107,
     "p2":109,
     "p3":110},
    {"p1":107,
     "p2":108,
     "p3":109},
    {"p1":44,
     "p2":59,
     "p3":60},
    {"p1":50,
     "p2":54,
     "p3":55},
    {"p1":41,
     "p2":42,
     "p3":62},
    {"p1":40,
     "p2":41,
     "p3":63},
    {"p1":41,
     "p2":62,
     "p3":63},
    {"p1":64,
     "p2":65,
     "p3":66},
    {"p1":64,
     "p2":66,
     "p3":69},
    {"p1":66,
     "p2":68,
     "p3":69},
    {"p1":66,
     "p2":67,
     "p3":68},
    {"p1":63,
     "p2":73,
     "p3":74},
    {"p1":40,
     "p2":63,
     "p3":74},
    {"p1":40,
     "p2":74,
     "p3":75},
    {"p1":40,
     "p2":75,
     "p3":76},
    {"p1":40,
     "p2":76,
     "p3":77},
    {"p1":77,
     "p2":82,
     "p3":102},
    {"p1":82,
     "p2":83,
     "p3":101},
    {"p1":82,
     "p2":101,
     "p3":102},
    {"p1":2,
     "p2":102,
     "p3":103},
    {"p1":2,
     "p2":103,
     "p3":104},
    {"p1":89,
     "p2":97,
     "p3":98},
    {"p1":88,
     "p2":89,
     "p3":98},
    {"p1":88,
     "p2":98,
     "p3":99},
    {"p1":83,
     "p2":84,
     "p3":101},
    {"p1":84,
     "p2":85,
     "p3":101},
    {"p1":16,
     "p2":17,
     "p3":18},
    {"p1":15,
     "p2":16,
     "p3":24},
    {"p1":87,
     "p2":88,
     "p3":99},
    {"p1":86,
     "p2":87,
     "p3":100},
    {"p1":87,
     "p2":99,
     "p3":100},
    {"p1":13,
     "p2":25,
     "p3":26},
    {"p1":13,
     "p2":26,
     "p3":27},
    {"p1":12,
     "p2":13,
     "p3":27},
    {"p1":12,
     "p2":27,
     "p3":40},
    {"p1":11,
     "p2":12,
     "p3":77},
    {"p1":12,
     "p2":40,
     "p3":77},
    {"p1":31,
     "p2":33,
     "p3":39},
    {"p1":34,
     "p2":35,
     "p3":36},
    {"p1":34,
     "p2":36,
     "p3":38},
    {"p1":33,
     "p2":38,
     "p3":39},
    {"p1":33,
     "p2":34,
     "p3":38},
    {"p1":47,
     "p2":48,
     "p3":57},
    {"p1":48,
     "p2":56,
     "p3":57},
    {"p1":45,
     "p2":46,
     "p3":58},
    {"p1":45,
     "p2":58,
     "p3":59},
    {"p1":44,
     "p2":45,
     "p3":59},
    {"p1":43,
     "p2":44,
     "p3":60},
    {"p1":43,
     "p2":60,
     "p3":61},
    {"p1":42,
     "p2":43,
     "p3":62},
    {"p1":43,
     "p2":61,
     "p3":62},
    {"p1":51,
     "p2":52,
     "p3":53},
    {"p1":51,
     "p2":53,
     "p3":54},
    {"p1":50,
     "p2":51,
     "p3":54},
    {"p1":64,
     "p2":69,
     "p3":70},
    {"p1":63,
     "p2":64,
     "p3":70},
    {"p1":63,
     "p2":70,
     "p3":71},
    {"p1":78,
     "p2":79,
     "p3":80},
    {"p1":19,
     "p2":20,
     "p3":24},
    {"p1":16,
     "p2":19,
     "p3":24},
    {"p1":16,
     "p2":18,
     "p3":19},
    {"p1":29,
     "p2":30,
     "p3":39},
    {"p1":30,
     "p2":31,
     "p3":39},
    {"p1":31,
     "p2":32,
     "p3":33},
    {"p1":36,
     "p2":37,
     "p3":38},
    {"p1":49,
     "p2":55,
     "p3":56},
    {"p1":48,
     "p2":49,
     "p3":56},
    {"p1":49,
     "p2":50,
     "p3":55},
    {"p1":78,
     "p2":80,
     "p3":81},
    {"p1":77,
     "p2":81,
     "p3":82},
    {"p1":77,
     "p2":78,
     "p3":81}]
}