{"points":[
    {"x":0.052632,
     "y":0.36842},
    {"x":0.063158,
     "y":0.4},
    {"x":0.084211,
     "y":0.43158},
    {"x":0.10526,
     "y":0.46316},
    {"x":0.13684,
     "y":0.48947},
    {"x":0.16842,
     "y":0.51053},
    {"x":0.2,
     "y":0.52105},
    {"x":0.23158,
     "y":0.53158},
    {"x":0.26316,
     "y":0.54211},
    {"x":0.29474,
     "y":0.54737},
    {"x":0.32632,
     "y":0.55263},
    {"x":0.35789,
     "y":0.56316},
    {"x":0.38947,
     "y":0.57368},
    {"x":0.37368,
     "y":0.59474},
    {"x":0.36316,
     "y":0.61579},
    {"x":0.36316,
     "y":0.64737},
    {"x":0.33158,
     "y":0.64737},
    {"x":0.32105,
     "y":0.66842},
    {"x":0.34211,
     "y":0.68947},
    {"x":0.37368,
     "y":0.68947},
    {"x":0.40526,
     "y":0.68947},
    {"x":0.43684,
     "y":0.68947},
    {"x":0.46316,
     "y":0.67895},
    {"x":0.43158,
     "y":0.66842},
    {"x":0.41579,
     "y":0.64211},
    {"x":0.44737,
     "y":0.63158},
    {"x":0.43684,
     "y":0.6},
    {"x":0.44737,
     "y":0.57368},
    {"x":0.47895,
     "y":0.56842},
    {"x":0.51053,
     "y":0.55789},
    {"x":0.54211,
     "y":0.55789},
    {"x":0.57368,
     "y":0.55789},
    {"x":0.60526,
     "y":0.55263},
    {"x":0.63158,
     "y":0.53158},
    {"x":0.66316,
     "y":0.53158},
    {"x":0.68947,
     "y":0.51579},
    {"x":0.68947,
     "y":0.48421},
    {"x":0.66316,
     "y":0.46316},
    {"x":0.63158,
     "y":0.44737},
    {"x":0.65263,
     "y":0.42105},
    {"x":0.68421,
     "y":0.41053},
    {"x":0.71579,
     "y":0.41053},
    {"x":0.74737,
     "y":0.41053},
    {"x":0.77895,
     "y":0.41579},
    {"x":0.81053,
     "y":0.41579},
    {"x":0.84211,
     "y":0.42105},
    {"x":0.87368,
     "y":0.43684},
    {"x":0.90526,
     "y":0.44737},
    {"x":0.93684,
     "y":0.46316},
    {"x":0.96842,
     "y":0.46316},
    {"x":1,
     "y":0.45263},
    {"x":0.98947,
     "y":0.42105},
    {"x":0.95789,
     "y":0.4},
    {"x":0.92632,
     "y":0.39474},
    {"x":0.89474,
     "y":0.37368},
    {"x":0.86316,
     "y":0.35789},
    {"x":0.83158,
     "y":0.34211},
    {"x":0.8,
     "y":0.32632},
    {"x":0.76842,
     "y":0.31053},
    {"x":0.73684,
     "y":0.3},
    {"x":0.70526,
     "y":0.28947},
    {"x":0.69474,
     "y":0.25789},
    {"x":0.70526,
     "y":0.23158},
    {"x":0.73684,
     "y":0.23158},
    {"x":0.74737,
     "y":0.2},
    {"x":0.76842,
     "y":0.17368},
    {"x":0.75263,
     "y":0.14737},
    {"x":0.72105,
     "y":0.14737},
    {"x":0.68947,
     "y":0.14737},
    {"x":0.65789,
     "y":0.14737},
    {"x":0.62632,
     "y":0.14737},
    {"x":0.59474,
     "y":0.14737},
    {"x":0.56316,
     "y":0.14737},
    {"x":0.53158,
     "y":0.14211},
    {"x":0.5,
     "y":0.14211},
    {"x":0.46842,
     "y":0.13684},
    {"x":0.44211,
     "y":0.11579},
    {"x":0.44737,
     "y":0.084211},
    {"x":0.44211,
     "y":0.052632},
    {"x":0.41053,
     "y":0.047368},
    {"x":0.37895,
     "y":0.047368},
    {"x":0.34737,
     "y":0.042105},
    {"x":0.31579,
     "y":0.042105},
    {"x":0.28421,
     "y":0.042105},
    {"x":0.25263,
     "y":0.036842},
    {"x":0.22105,
     "y":0.031579},
    {"x":0.18947,
     "y":0.021053},
    {"x":0.15789,
     "y":0.015789},
    {"x":0.12632,
     "y":0},
    {"x":0.094737,
     "y":0},
    {"x":0.063158,
     "y":0.0052632},
    {"x":0.031579,
     "y":0.010526},
    {"x":0,
     "y":0.026316},
    {"x":0.0052632,
     "y":0.057895},
    {"x":0.031579,
     "y":0.068421},
    {"x":0.047368,
     "y":0.042105},
    {"x":0.068421,
     "y":0.026316},
    {"x":0.1,
     "y":0.026316},
    {"x":0.13158,
     "y":0.031579},
    {"x":0.16316,
     "y":0.036842},
    {"x":0.18947,
     "y":0.057895},
    {"x":0.18947,
     "y":0.089474},
    {"x":0.17368,
     "y":0.11053},
    {"x":0.14211,
     "y":0.11053},
    {"x":0.11053,
     "y":0.11053},
    {"x":0.078947,
     "y":0.12105},
    {"x":0.047368,
     "y":0.12632},
    {"x":0.026316,
     "y":0.14737},
    {"x":0.021053,
     "y":0.17895},
    {"x":0.021053,
     "y":0.21053},
    {"x":0.026316,
     "y":0.24211},
    {"x":0.031579,
     "y":0.27368},
    {"x":0.036842,
     "y":0.30526},
    {"x":0.047368,
     "y":0.33684},
    {"x":0.052632,
     "y":0.36842},
    {"x":0.052632,
     "y":0.36842}],
 "triangles":[
    {"p1":61,
     "p2":71,
     "p3":72},
    {"p1":91,
     "p2":92,
     "p3":95},
    {"p1":15,
     "p2":16,
     "p3":18},
    {"p1":61,
     "p2":70,
     "p3":71},
    {"p1":31,
     "p2":33,
     "p3":38},
    {"p1":0,
     "p2":1,
     "p3":2},
    {"p1":92,
     "p2":93,
     "p3":95},
    {"p1":88,
     "p2":89,
     "p3":97},
    {"p1":88,
     "p2":97,
     "p3":98},
    {"p1":16,
     "p2":17,
     "p3":18},
    {"p1":2,
     "p2":3,
     "p3":4},
    {"p1":31,
     "p2":32,
     "p3":33},
    {"p1":49,
     "p2":50,
     "p3":51},
    {"p1":49,
     "p2":51,
     "p3":52},
    {"p1":48,
     "p2":49,
     "p3":52},
    {"p1":62,
     "p2":68,
     "p3":69},
    {"p1":62,
     "p2":69,
     "p3":70},
    {"p1":61,
     "p2":62,
     "p3":70},
    {"p1":42,
     "p2":43,
     "p3":57},
    {"p1":39,
     "p2":61,
     "p3":72},
    {"p1":29,
     "p2":30,
     "p3":38},
    {"p1":30,
     "p2":31,
     "p3":38},
    {"p1":2,
     "p2":4,
     "p3":6},
    {"p1":0,
     "p2":2,
     "p3":113},
    {"p1":102,
     "p2":111,
     "p3":112},
    {"p1":102,
     "p2":112,
     "p3":113},
    {"p1":6,
     "p2":7,
     "p3":102},
    {"p1":2,
     "p2":6,
     "p3":102},
    {"p1":2,
     "p2":102,
     "p3":113},
    {"p1":87,
     "p2":88,
     "p3":98},
    {"p1":62,
     "p2":67,
     "p3":68},
    {"p1":93,
     "p2":94,
     "p3":95},
    {"p1":105,
     "p2":109,
     "p3":110},
    {"p1":105,
     "p2":108,
     "p3":109},
    {"p1":91,
     "p2":95,
     "p3":96},
    {"p1":90,
     "p2":91,
     "p3":96},
    {"p1":89,
     "p2":90,
     "p3":96},
    {"p1":89,
     "p2":96,
     "p3":97},
    {"p1":7,
     "p2":8,
     "p3":9},
    {"p1":15,
     "p2":18,
     "p3":19},
    {"p1":15,
     "p2":19,
     "p3":20},
    {"p1":11,
     "p2":27,
     "p3":29},
    {"p1":48,
     "p2":52,
     "p3":53},
    {"p1":47,
     "p2":48,
     "p3":53},
    {"p1":45,
     "p2":54,
     "p3":55},
    {"p1":62,
     "p2":63,
     "p3":64},
    {"p1":62,
     "p2":64,
     "p3":67},
    {"p1":64,
     "p2":65,
     "p3":66},
    {"p1":64,
     "p2":66,
     "p3":67},
    {"p1":42,
     "p2":57,
     "p3":58},
    {"p1":42,
     "p2":58,
     "p3":59},
    {"p1":4,
     "p2":5,
     "p3":6},
    {"p1":7,
     "p2":9,
     "p3":75},
    {"p1":9,
     "p2":10,
     "p3":75},
    {"p1":10,
     "p2":11,
     "p3":75},
    {"p1":11,
     "p2":29,
     "p3":75},
    {"p1":29,
     "p2":38,
     "p3":75},
    {"p1":87,
     "p2":98,
     "p3":99},
    {"p1":15,
     "p2":20,
     "p3":24},
    {"p1":24,
     "p2":25,
     "p3":26},
    {"p1":13,
     "p2":24,
     "p3":26},
    {"p1":27,
     "p2":28,
     "p3":29},
    {"p1":12,
     "p2":26,
     "p3":27},
    {"p1":12,
     "p2":13,
     "p3":26},
    {"p1":11,
     "p2":12,
     "p3":27},
    {"p1":45,
     "p2":46,
     "p3":54},
    {"p1":46,
     "p2":53,
     "p3":54},
    {"p1":46,
     "p2":47,
     "p3":53},
    {"p1":44,
     "p2":55,
     "p3":56},
    {"p1":44,
     "p2":45,
     "p3":55},
    {"p1":44,
     "p2":56,
     "p3":57},
    {"p1":43,
     "p2":44,
     "p3":57},
    {"p1":41,
     "p2":42,
     "p3":59},
    {"p1":39,
     "p2":60,
     "p3":61},
    {"p1":39,
     "p2":40,
     "p3":60},
    {"p1":41,
     "p2":59,
     "p3":60},
    {"p1":40,
     "p2":41,
     "p3":60},
    {"p1":7,
     "p2":76,
     "p3":102},
    {"p1":7,
     "p2":75,
     "p3":76},
    {"p1":38,
     "p2":74,
     "p3":75},
    {"p1":38,
     "p2":39,
     "p3":74},
    {"p1":103,
     "p2":110,
     "p3":111},
    {"p1":102,
     "p2":103,
     "p3":111},
    {"p1":103,
     "p2":105,
     "p3":110},
    {"p1":103,
     "p2":104,
     "p3":105},
    {"p1":83,
     "p2":101,
     "p3":102},
    {"p1":20,
     "p2":21,
     "p3":23},
    {"p1":20,
     "p2":23,
     "p3":24},
    {"p1":21,
     "p2":22,
     "p3":23},
    {"p1":14,
     "p2":15,
     "p3":24},
    {"p1":13,
     "p2":14,
     "p3":24},
    {"p1":33,
     "p2":37,
     "p3":38},
    {"p1":33,
     "p2":34,
     "p3":37},
    {"p1":34,
     "p2":36,
     "p3":37},
    {"p1":34,
     "p2":35,
     "p3":36},
    {"p1":82,
     "p2":83,
     "p3":102},
    {"p1":76,
     "p2":82,
     "p3":102},
    {"p1":76,
     "p2":77,
     "p3":79},
    {"p1":86,
     "p2":87,
     "p3":99},
    {"p1":83,
     "p2":84,
     "p3":101},
    {"p1":84,
     "p2":85,
     "p3":101},
    {"p1":76,
     "p2":79,
     "p3":80},
    {"p1":39,
     "p2":72,
     "p3":73},
    {"p1":39,
     "p2":73,
     "p3":74},
    {"p1":77,
     "p2":78,
     "p3":79},
    {"p1":85,
     "p2":100,
     "p3":101},
    {"p1":85,
     "p2":86,
     "p3":100},
    {"p1":86,
     "p2":99,
     "p3":100},
    {"p1":76,
     "p2":81,
     "p3":82},
    {"p1":76,
     "p2":80,
     "p3":81},
    {"p1":106,
     "p2":107,
     "p3":108},
    {"p1":105,
     "p2":106,
     "p3":108}]
}