{"points":[
    {"x":0.079832,
     "y":0.30672},
    {"x":0.10924,
     "y":0.33193},
    {"x":0.13866,
     "y":0.35294},
    {"x":0.16807,
     "y":0.36975},
    {"x":0.19748,
     "y":0.38235},
    {"x":0.22689,
     "y":0.38655},
    {"x":0.2563,
     "y":0.39496},
    {"x":0.28571,
     "y":0.39916},
    {"x":0.31513,
     "y":0.39916},
    {"x":0.34454,
     "y":0.39916},
    {"x":0.36975,
     "y":0.41176},
    {"x":0.36975,
     "y":0.44118},
    {"x":0.37395,
     "y":0.47059},
    {"x":0.36134,
     "y":0.48739},
    {"x":0.33193,
     "y":0.4958},
    {"x":0.30672,
     "y":0.5084},
    {"x":0.33613,
     "y":0.51681},
    {"x":0.36555,
     "y":0.52941},
    {"x":0.39496,
     "y":0.52941},
    {"x":0.42437,
     "y":0.51681},
    {"x":0.42017,
     "y":0.4958},
    {"x":0.40756,
     "y":0.46639},
    {"x":0.39496,
     "y":0.44538},
    {"x":0.40336,
     "y":0.41597},
    {"x":0.43277,
     "y":0.41176},
    {"x":0.45798,
     "y":0.42437},
    {"x":0.48739,
     "y":0.42437},
    {"x":0.51681,
     "y":0.42017},
    {"x":0.54622,
     "y":0.40336},
    {"x":0.57563,
     "y":0.39916},
    {"x":0.60504,
     "y":0.39916},
    {"x":0.63445,
     "y":0.39916},
    {"x":0.65966,
     "y":0.37815},
    {"x":0.64286,
     "y":0.35294},
    {"x":0.61345,
     "y":0.34874},
    {"x":0.60504,
     "y":0.33193},
    {"x":0.63445,
     "y":0.31933},
    {"x":0.66387,
     "y":0.31933},
    {"x":0.69328,
     "y":0.32353},
    {"x":0.72269,
     "y":0.32773},
    {"x":0.7521,
     "y":0.32773},
    {"x":0.78151,
     "y":0.33613},
    {"x":0.81092,
     "y":0.34034},
    {"x":0.84034,
     "y":0.34454},
    {"x":0.86975,
     "y":0.34874},
    {"x":0.89916,
     "y":0.34874},
    {"x":0.92857,
     "y":0.34874},
    {"x":0.95798,
     "y":0.34874},
    {"x":0.98739,
     "y":0.34874},
    {"x":1,
     "y":0.33193},
    {"x":0.97479,
     "y":0.31092},
    {"x":0.94538,
     "y":0.29832},
    {"x":0.91597,
     "y":0.28151},
    {"x":0.88655,
     "y":0.27311},
    {"x":0.85714,
     "y":0.26471},
    {"x":0.82773,
     "y":0.2521},
    {"x":0.79832,
     "y":0.2437},
    {"x":0.76891,
     "y":0.23109},
    {"x":0.7395,
     "y":0.21849},
    {"x":0.71008,
     "y":0.21429},
    {"x":0.68067,
     "y":0.21008},
    {"x":0.65126,
     "y":0.20588},
    {"x":0.62185,
     "y":0.20168},
    {"x":0.59244,
     "y":0.19328},
    {"x":0.60084,
     "y":0.16807},
    {"x":0.63025,
     "y":0.17227},
    {"x":0.64706,
     "y":0.15126},
    {"x":0.64706,
     "y":0.12185},
    {"x":0.62185,
     "y":0.10924},
    {"x":0.59244,
     "y":0.10504},
    {"x":0.56303,
     "y":0.096639},
    {"x":0.53361,
     "y":0.092437},
    {"x":0.5042,
     "y":0.088235},
    {"x":0.47479,
     "y":0.084034},
    {"x":0.44538,
     "y":0.067227},
    {"x":0.44538,
     "y":0.037815},
    {"x":0.42017,
     "y":0.02521},
    {"x":0.39076,
     "y":0.021008},
    {"x":0.36134,
     "y":0.021008},
    {"x":0.33193,
     "y":0.016807},
    {"x":0.30252,
     "y":0.012605},
    {"x":0.27311,
     "y":0.0084034},
    {"x":0.2437,
     "y":0.0084034},
    {"x":0.21429,
     "y":0.0042017},
    {"x":0.18487,
     "y":0.0042017},
    {"x":0.15546,
     "y":0},
    {"x":0.12605,
     "y":0},
    {"x":0.096639,
     "y":0},
    {"x":0.067227,
     "y":0},
    {"x":0.046218,
     "y":0.012605},
    {"x":0.067227,
     "y":0.033613},
    {"x":0.092437,
     "y":0.021008},
    {"x":0.11345,
     "y":0},
    {"x":0.13866,
     "y":0.012605},
    {"x":0.16807,
     "y":0.016807},
    {"x":0.19748,
     "y":0.02521},
    {"x":0.21429,
     "y":0.046218},
    {"x":0.19748,
     "y":0.067227},
    {"x":0.16807,
     "y":0.067227},
    {"x":0.13866,
     "y":0.071429},
    {"x":0.10924,
     "y":0.071429},
    {"x":0.079832,
     "y":0.07563},
    {"x":0.05042,
     "y":0.079832},
    {"x":0.021008,
     "y":0.088235},
    {"x":0,
     "y":0.11345},
    {"x":0,
     "y":0.14286},
    {"x":0,
     "y":0.17227},
    {"x":0.0084034,
     "y":0.20168},
    {"x":0.016807,
     "y":0.23109},
    {"x":0.037815,
     "y":0.2605},
    {"x":0.063025,
     "y":0.28992},
    {"x":0.079832,
     "y":0.30672}],
 "triangles":[
    {"p1":88,
     "p2":89,
     "p3":90},
    {"p1":74,
     "p2":75,
     "p3":76},
    {"p1":88,
     "p2":90,
     "p3":91},
    {"p1":74,
     "p2":79,
     "p3":97},
    {"p1":8,
     "p2":74,
     "p3":97},
    {"p1":103,
     "p2":104,
     "p3":105},
    {"p1":102,
     "p2":103,
     "p3":105},
    {"p1":46,
     "p2":47,
     "p3":51},
    {"p1":87,
     "p2":88,
     "p3":91},
    {"p1":87,
     "p2":91,
     "p3":92},
    {"p1":47,
     "p2":50,
     "p3":51},
    {"p1":48,
     "p2":49,
     "p3":50},
    {"p1":47,
     "p2":48,
     "p3":50},
    {"p1":64,
     "p2":69,
     "p3":70},
    {"p1":74,
     "p2":78,
     "p3":79},
    {"p1":1,
     "p2":2,
     "p3":97},
    {"p1":5,
     "p2":6,
     "p3":97},
    {"p1":31,
     "p2":32,
     "p3":33},
    {"p1":100,
     "p2":101,
     "p3":107},
    {"p1":101,
     "p2":106,
     "p3":107},
    {"p1":101,
     "p2":105,
     "p3":106},
    {"p1":101,
     "p2":102,
     "p3":105},
    {"p1":63,
     "p2":71,
     "p3":72},
    {"p1":63,
     "p2":64,
     "p3":71},
    {"p1":64,
     "p2":70,
     "p3":71},
    {"p1":24,
     "p2":35,
     "p3":63},
    {"p1":81,
     "p2":82,
     "p3":96},
    {"p1":82,
     "p2":83,
     "p3":96},
    {"p1":80,
     "p2":81,
     "p3":96},
    {"p1":79,
     "p2":80,
     "p3":97},
    {"p1":80,
     "p2":96,
     "p3":97},
    {"p1":83,
     "p2":84,
     "p3":95},
    {"p1":83,
     "p2":95,
     "p3":96},
    {"p1":74,
     "p2":76,
     "p3":77},
    {"p1":74,
     "p2":77,
     "p3":78},
    {"p1":3,
     "p2":5,
     "p3":97},
    {"p1":2,
     "p2":3,
     "p3":97},
    {"p1":7,
     "p2":8,
     "p3":97},
    {"p1":6,
     "p2":7,
     "p3":97},
    {"p1":44,
     "p2":45,
     "p3":53},
    {"p1":28,
     "p2":29,
     "p3":35},
    {"p1":24,
     "p2":28,
     "p3":35},
    {"p1":29,
     "p2":34,
     "p3":35},
    {"p1":29,
     "p2":30,
     "p3":34},
    {"p1":31,
     "p2":33,
     "p3":34},
    {"p1":30,
     "p2":31,
     "p3":34},
    {"p1":0,
     "p2":1,
     "p3":97},
    {"p1":0,
     "p2":97,
     "p3":98},
    {"p1":85,
     "p2":86,
     "p3":93},
    {"p1":86,
     "p2":92,
     "p3":93},
    {"p1":64,
     "p2":68,
     "p3":69},
    {"p1":63,
     "p2":72,
     "p3":73},
    {"p1":24,
     "p2":63,
     "p3":73},
    {"p1":3,
     "p2":4,
     "p3":5},
    {"p1":18,
     "p2":19,
     "p3":20},
    {"p1":14,
     "p2":15,
     "p3":16},
    {"p1":85,
     "p2":93,
     "p3":94},
    {"p1":84,
     "p2":85,
     "p3":94},
    {"p1":84,
     "p2":94,
     "p3":95},
    {"p1":0,
     "p2":98,
     "p3":99},
    {"p1":0,
     "p2":99,
     "p3":110},
    {"p1":45,
     "p2":52,
     "p3":53},
    {"p1":45,
     "p2":46,
     "p3":52},
    {"p1":46,
     "p2":51,
     "p3":52},
    {"p1":36,
     "p2":37,
     "p3":61},
    {"p1":9,
     "p2":24,
     "p3":73},
    {"p1":8,
     "p2":9,
     "p3":74},
    {"p1":9,
     "p2":73,
     "p3":74},
    {"p1":13,
     "p2":16,
     "p3":17},
    {"p1":13,
     "p2":14,
     "p3":16},
    {"p1":13,
     "p2":17,
     "p3":18},
    {"p1":13,
     "p2":18,
     "p3":20},
    {"p1":99,
     "p2":109,
     "p3":110},
    {"p1":99,
     "p2":100,
     "p3":109},
    {"p1":107,
     "p2":108,
     "p3":109},
    {"p1":100,
     "p2":107,
     "p3":109},
    {"p1":39,
     "p2":40,
     "p3":57},
    {"p1":9,
     "p2":23,
     "p3":24},
    {"p1":11,
     "p2":22,
     "p3":23},
    {"p1":24,
     "p2":25,
     "p3":26},
    {"p1":26,
     "p2":27,
     "p3":28},
    {"p1":24,
     "p2":26,
     "p3":28},
    {"p1":11,
     "p2":12,
     "p3":22},
    {"p1":12,
     "p2":21,
     "p3":22},
    {"p1":12,
     "p2":20,
     "p3":21},
    {"p1":12,
     "p2":13,
     "p3":20},
    {"p1":36,
     "p2":61,
     "p3":62},
    {"p1":35,
     "p2":62,
     "p3":63},
    {"p1":35,
     "p2":36,
     "p3":62},
    {"p1":38,
     "p2":39,
     "p3":59},
    {"p1":10,
     "p2":11,
     "p3":23},
    {"p1":9,
     "p2":10,
     "p3":23},
    {"p1":41,
     "p2":42,
     "p3":55},
    {"p1":66,
     "p2":67,
     "p3":68},
    {"p1":64,
     "p2":66,
     "p3":68},
    {"p1":64,
     "p2":65,
     "p3":66},
    {"p1":37,
     "p2":38,
     "p3":60},
    {"p1":38,
     "p2":59,
     "p3":60},
    {"p1":37,
     "p2":60,
     "p3":61},
    {"p1":39,
     "p2":57,
     "p3":58},
    {"p1":39,
     "p2":58,
     "p3":59},
    {"p1":42,
     "p2":43,
     "p3":54},
    {"p1":42,
     "p2":54,
     "p3":55},
    {"p1":44,
     "p2":53,
     "p3":54},
    {"p1":43,
     "p2":44,
     "p3":54},
    {"p1":41,
     "p2":55,
     "p3":56},
    {"p1":40,
     "p2":41,
     "p3":56},
    {"p1":40,
     "p2":56,
     "p3":57}]
}