{"points":[
    {"x":0.052885,
     "y":0.34615},
    {"x":0.086538,
     "y":0.375},
    {"x":0.11538,
     "y":0.40865},
    {"x":0.14423,
     "y":0.4375},
    {"x":0.17788,
     "y":0.45673},
    {"x":0.21154,
     "y":0.46635},
    {"x":0.24519,
     "y":0.47115},
    {"x":0.27885,
     "y":0.47115},
    {"x":0.3125,
     "y":0.47115},
    {"x":0.34615,
     "y":0.48077},
    {"x":0.375,
     "y":0.49038},
    {"x":0.37981,
     "y":0.52404},
    {"x":0.35577,
     "y":0.54327},
    {"x":0.36538,
     "y":0.57212},
    {"x":0.33173,
     "y":0.58173},
    {"x":0.32692,
     "y":0.60096},
    {"x":0.36058,
     "y":0.62019},
    {"x":0.39423,
     "y":0.62981},
    {"x":0.42788,
     "y":0.64423},
    {"x":0.46154,
     "y":0.64423},
    {"x":0.44231,
     "y":0.61538},
    {"x":0.40865,
     "y":0.59615},
    {"x":0.41346,
     "y":0.57212},
    {"x":0.40385,
     "y":0.53846},
    {"x":0.42308,
     "y":0.50962},
    {"x":0.45673,
     "y":0.50962},
    {"x":0.49038,
     "y":0.51442},
    {"x":0.52404,
     "y":0.51442},
    {"x":0.55769,
     "y":0.50962},
    {"x":0.59135,
     "y":0.48558},
    {"x":0.625,
     "y":0.48558},
    {"x":0.65865,
     "y":0.48558},
    {"x":0.67308,
     "y":0.45673},
    {"x":0.66827,
     "y":0.42308},
    {"x":0.64423,
     "y":0.39423},
    {"x":0.61058,
     "y":0.39423},
    {"x":0.625,
     "y":0.37981},
    {"x":0.65865,
     "y":0.38462},
    {"x":0.69231,
     "y":0.38462},
    {"x":0.72596,
     "y":0.38462},
    {"x":0.75962,
     "y":0.38462},
    {"x":0.79327,
     "y":0.38462},
    {"x":0.82692,
     "y":0.38942},
    {"x":0.86058,
     "y":0.39423},
    {"x":0.89423,
     "y":0.39423},
    {"x":0.92788,
     "y":0.39904},
    {"x":0.96154,
     "y":0.40385},
    {"x":0.99519,
     "y":0.40385},
    {"x":1,
     "y":0.375},
    {"x":0.96635,
     "y":0.35096},
    {"x":0.93269,
     "y":0.33173},
    {"x":0.89904,
     "y":0.32212},
    {"x":0.86538,
     "y":0.30769},
    {"x":0.83173,
     "y":0.28846},
    {"x":0.79808,
     "y":0.27885},
    {"x":0.76442,
     "y":0.26923},
    {"x":0.73077,
     "y":0.25962},
    {"x":0.69712,
     "y":0.25},
    {"x":0.66346,
     "y":0.24038},
    {"x":0.66827,
     "y":0.21154},
    {"x":0.69712,
     "y":0.20192},
    {"x":0.70192,
     "y":0.16827},
    {"x":0.71154,
     "y":0.13942},
    {"x":0.67788,
     "y":0.13462},
    {"x":0.64423,
     "y":0.13462},
    {"x":0.61058,
     "y":0.12981},
    {"x":0.57692,
     "y":0.12981},
    {"x":0.54327,
     "y":0.125},
    {"x":0.50962,
     "y":0.11538},
    {"x":0.47596,
     "y":0.10577},
    {"x":0.44712,
     "y":0.096154},
    {"x":0.44712,
     "y":0.0625},
    {"x":0.42788,
     "y":0.038462},
    {"x":0.39423,
     "y":0.038462},
    {"x":0.36058,
     "y":0.038462},
    {"x":0.32692,
     "y":0.033654},
    {"x":0.29327,
     "y":0.028846},
    {"x":0.25962,
     "y":0.024038},
    {"x":0.22596,
     "y":0.014423},
    {"x":0.19231,
     "y":0.0096154},
    {"x":0.15865,
     "y":0},
    {"x":0.125,
     "y":0},
    {"x":0.091346,
     "y":0},
    {"x":0.057692,
     "y":0},
    {"x":0.024038,
     "y":0.0048077},
    {"x":0,
     "y":0.028846},
    {"x":0.019231,
     "y":0.057692},
    {"x":0.048077,
     "y":0.033654},
    {"x":0.076923,
     "y":0.014423},
    {"x":0.11058,
     "y":0.028846},
    {"x":0.14423,
     "y":0.043269},
    {"x":0.17788,
     "y":0.052885},
    {"x":0.20192,
     "y":0.067308},
    {"x":0.1875,
     "y":0.086538},
    {"x":0.15385,
     "y":0.086538},
    {"x":0.12019,
     "y":0.096154},
    {"x":0.086538,
     "y":0.10096},
    {"x":0.052885,
     "y":0.10096},
    {"x":0.019231,
     "y":0.12019},
    {"x":0.0096154,
     "y":0.15385},
    {"x":0.0096154,
     "y":0.1875},
    {"x":0.014423,
     "y":0.22115},
    {"x":0.019231,
     "y":0.25481},
    {"x":0.028846,
     "y":0.28846},
    {"x":0.038462,
     "y":0.32212},
    {"x":0.052885,
     "y":0.34615}],
 "triangles":[
    {"p1":80,
     "p2":81,
     "p3":90},
    {"p1":30,
     "p2":33,
     "p3":35},
    {"p1":46,
     "p2":47,
     "p3":48},
    {"p1":81,
     "p2":89,
     "p3":90},
    {"p1":70,
     "p2":74,
     "p3":75},
    {"p1":8,
     "p2":9,
     "p3":70},
    {"p1":70,
     "p2":75,
     "p3":93},
    {"p1":8,
     "p2":70,
     "p3":93},
    {"p1":7,
     "p2":8,
     "p3":93},
    {"p1":1,
     "p2":2,
     "p3":93},
    {"p1":58,
     "p2":66,
     "p3":67},
    {"p1":9,
     "p2":69,
     "p3":70},
    {"p1":30,
     "p2":32,
     "p3":33},
    {"p1":30,
     "p2":31,
     "p3":32},
    {"p1":42,
     "p2":43,
     "p3":52},
    {"p1":43,
     "p2":51,
     "p3":52},
    {"p1":81,
     "p2":82,
     "p3":89},
    {"p1":70,
     "p2":73,
     "p3":74},
    {"p1":70,
     "p2":71,
     "p3":73},
    {"p1":71,
     "p2":72,
     "p3":73},
    {"p1":83,
     "p2":84,
     "p3":87},
    {"p1":84,
     "p2":85,
     "p3":87},
    {"p1":85,
     "p2":86,
     "p3":87},
    {"p1":11,
     "p2":12,
     "p3":23},
    {"p1":75,
     "p2":76,
     "p3":93},
    {"p1":93,
     "p2":94,
     "p3":95},
    {"p1":1,
     "p2":93,
     "p3":103},
    {"p1":1,
     "p2":103,
     "p3":104},
    {"p1":95,
     "p2":102,
     "p3":103},
    {"p1":93,
     "p2":95,
     "p3":103},
    {"p1":2,
     "p2":3,
     "p3":4},
    {"p1":2,
     "p2":4,
     "p3":5},
    {"p1":2,
     "p2":5,
     "p3":6},
    {"p1":2,
     "p2":6,
     "p3":93},
    {"p1":6,
     "p2":7,
     "p3":93},
    {"p1":36,
     "p2":58,
     "p3":67},
    {"p1":35,
     "p2":36,
     "p3":67},
    {"p1":36,
     "p2":37,
     "p3":58},
    {"p1":9,
     "p2":10,
     "p3":69},
    {"p1":10,
     "p2":35,
     "p3":69},
    {"p1":35,
     "p2":67,
     "p3":68},
    {"p1":35,
     "p2":68,
     "p3":69},
    {"p1":16,
     "p2":17,
     "p3":21},
    {"p1":18,
     "p2":19,
     "p3":20},
    {"p1":17,
     "p2":18,
     "p3":20},
    {"p1":17,
     "p2":20,
     "p3":21},
    {"p1":29,
     "p2":30,
     "p3":35},
    {"p1":43,
     "p2":44,
     "p3":51},
    {"p1":44,
     "p2":50,
     "p3":51},
    {"p1":44,
     "p2":45,
     "p3":50},
    {"p1":42,
     "p2":52,
     "p3":53},
    {"p1":59,
     "p2":64,
     "p3":65},
    {"p1":58,
     "p2":59,
     "p3":66},
    {"p1":59,
     "p2":65,
     "p3":66},
    {"p1":59,
     "p2":63,
     "p3":64},
    {"p1":46,
     "p2":48,
     "p3":49},
    {"p1":45,
     "p2":46,
     "p3":49},
    {"p1":45,
     "p2":49,
     "p3":50},
    {"p1":38,
     "p2":56,
     "p3":57},
    {"p1":37,
     "p2":57,
     "p3":58},
    {"p1":37,
     "p2":38,
     "p3":57},
    {"p1":40,
     "p2":54,
     "p3":55},
    {"p1":40,
     "p2":41,
     "p3":54},
    {"p1":41,
     "p2":53,
     "p3":54},
    {"p1":41,
     "p2":42,
     "p3":53},
    {"p1":38,
     "p2":39,
     "p3":56},
    {"p1":39,
     "p2":55,
     "p3":56},
    {"p1":39,
     "p2":40,
     "p3":55},
    {"p1":33,
     "p2":34,
     "p3":35},
    {"p1":96,
     "p2":100,
     "p3":101},
    {"p1":95,
     "p2":101,
     "p3":102},
    {"p1":95,
     "p2":96,
     "p3":101},
    {"p1":0,
     "p2":1,
     "p3":104},
    {"p1":82,
     "p2":88,
     "p3":89},
    {"p1":82,
     "p2":83,
     "p3":88},
    {"p1":83,
     "p2":87,
     "p3":88},
    {"p1":97,
     "p2":98,
     "p3":99},
    {"p1":96,
     "p2":97,
     "p3":99},
    {"p1":96,
     "p2":99,
     "p3":100},
    {"p1":13,
     "p2":16,
     "p3":21},
    {"p1":12,
     "p2":13,
     "p3":23},
    {"p1":76,
     "p2":77,
     "p3":92},
    {"p1":76,
     "p2":92,
     "p3":93},
    {"p1":77,
     "p2":78,
     "p3":92},
    {"p1":25,
     "p2":26,
     "p3":35},
    {"p1":10,
     "p2":25,
     "p3":35},
    {"p1":26,
     "p2":27,
     "p3":35},
    {"p1":27,
     "p2":29,
     "p3":35},
    {"p1":61,
     "p2":62,
     "p3":63},
    {"p1":59,
     "p2":60,
     "p3":61},
    {"p1":59,
     "p2":61,
     "p3":63},
    {"p1":13,
     "p2":22,
     "p3":23},
    {"p1":13,
     "p2":21,
     "p3":22},
    {"p1":80,
     "p2":90,
     "p3":91},
    {"p1":13,
     "p2":14,
     "p3":16},
    {"p1":14,
     "p2":15,
     "p3":16},
    {"p1":10,
     "p2":24,
     "p3":25},
    {"p1":11,
     "p2":23,
     "p3":24},
    {"p1":10,
     "p2":11,
     "p3":24},
    {"p1":27,
     "p2":28,
     "p3":29},
    {"p1":79,
     "p2":80,
     "p3":91},
    {"p1":78,
     "p2":79,
     "p3":92},
    {"p1":79,
     "p2":91,
     "p3":92}]
}