{"points":[
    {"x":0.055556,
     "y":0.31197},
    {"x":0.08547,
     "y":0.33761},
    {"x":0.11538,
     "y":0.35897},
    {"x":0.1453,
     "y":0.37607},
    {"x":0.17521,
     "y":0.39744},
    {"x":0.20513,
     "y":0.41026},
    {"x":0.23504,
     "y":0.4188},
    {"x":0.26496,
     "y":0.4188},
    {"x":0.29487,
     "y":0.4188},
    {"x":0.32479,
     "y":0.4188},
    {"x":0.3547,
     "y":0.4188},
    {"x":0.38034,
     "y":0.4359},
    {"x":0.35897,
     "y":0.45726},
    {"x":0.35897,
     "y":0.48718},
    {"x":0.33761,
     "y":0.50855},
    {"x":0.31197,
     "y":0.52564},
    {"x":0.33333,
     "y":0.54274},
    {"x":0.36325,
     "y":0.54274},
    {"x":0.39316,
     "y":0.54274},
    {"x":0.42308,
     "y":0.53419},
    {"x":0.41453,
     "y":0.50855},
    {"x":0.41453,
     "y":0.48291},
    {"x":0.41453,
     "y":0.45299},
    {"x":0.41453,
     "y":0.42308},
    {"x":0.4359,
     "y":0.41026},
    {"x":0.46154,
     "y":0.43162},
    {"x":0.49145,
     "y":0.43162},
    {"x":0.52137,
     "y":0.43162},
    {"x":0.55128,
     "y":0.42735},
    {"x":0.5812,
     "y":0.4188},
    {"x":0.61111,
     "y":0.4188},
    {"x":0.64103,
     "y":0.41453},
    {"x":0.66667,
     "y":0.40598},
    {"x":0.66239,
     "y":0.37607},
    {"x":0.63248,
     "y":0.36752},
    {"x":0.60256,
     "y":0.36325},
    {"x":0.5812,
     "y":0.35043},
    {"x":0.61111,
     "y":0.33333},
    {"x":0.64103,
     "y":0.32906},
    {"x":0.67094,
     "y":0.33333},
    {"x":0.70085,
     "y":0.33333},
    {"x":0.73077,
     "y":0.33333},
    {"x":0.76068,
     "y":0.33761},
    {"x":0.7906,
     "y":0.34188},
    {"x":0.82051,
     "y":0.34615},
    {"x":0.85043,
     "y":0.35043},
    {"x":0.88034,
     "y":0.36325},
    {"x":0.91026,
     "y":0.36752},
    {"x":0.94017,
     "y":0.36752},
    {"x":0.97009,
     "y":0.36752},
    {"x":1,
     "y":0.3547},
    {"x":0.99145,
     "y":0.32479},
    {"x":0.96154,
     "y":0.32051},
    {"x":0.93162,
     "y":0.31197},
    {"x":0.90171,
     "y":0.30342},
    {"x":0.87179,
     "y":0.2906},
    {"x":0.84188,
     "y":0.27778},
    {"x":0.81197,
     "y":0.26923},
    {"x":0.78205,
     "y":0.26068},
    {"x":0.75214,
     "y":0.25214},
    {"x":0.72222,
     "y":0.24359},
    {"x":0.69231,
     "y":0.23077},
    {"x":0.66239,
     "y":0.21795},
    {"x":0.63248,
     "y":0.20085},
    {"x":0.60256,
     "y":0.18803},
    {"x":0.62821,
     "y":0.17949},
    {"x":0.64103,
     "y":0.14957},
    {"x":0.62821,
     "y":0.12393},
    {"x":0.59829,
     "y":0.11966},
    {"x":0.56838,
     "y":0.11538},
    {"x":0.53846,
     "y":0.11538},
    {"x":0.50855,
     "y":0.11111},
    {"x":0.47863,
     "y":0.10256},
    {"x":0.45726,
     "y":0.08547},
    {"x":0.45726,
     "y":0.055556},
    {"x":0.4359,
     "y":0.038462},
    {"x":0.40598,
     "y":0.034188},
    {"x":0.37607,
     "y":0.034188},
    {"x":0.34615,
     "y":0.029915},
    {"x":0.31624,
     "y":0.025641},
    {"x":0.28632,
     "y":0.021368},
    {"x":0.25641,
     "y":0.021368},
    {"x":0.2265,
     "y":0.021368},
    {"x":0.19658,
     "y":0.017094},
    {"x":0.16667,
     "y":0.008547},
    {"x":0.13675,
     "y":0},
    {"x":0.10684,
     "y":0},
    {"x":0.076923,
     "y":0},
    {"x":0.051282,
     "y":0.012821},
    {"x":0.081197,
     "y":0.017094},
    {"x":0.11111,
     "y":0.017094},
    {"x":0.14103,
     "y":0.021368},
    {"x":0.17094,
     "y":0.038462},
    {"x":0.20085,
     "y":0.047009},
    {"x":0.21795,
     "y":0.076923},
    {"x":0.18803,
     "y":0.081197},
    {"x":0.15812,
     "y":0.081197},
    {"x":0.12821,
     "y":0.081197},
    {"x":0.098291,
     "y":0.08547},
    {"x":0.068376,
     "y":0.089744},
    {"x":0.038462,
     "y":0.10256},
    {"x":0.008547,
     "y":0.12821},
    {"x":0,
     "y":0.15812},
    {"x":0,
     "y":0.18803},
    {"x":0.0042735,
     "y":0.21795},
    {"x":0.012821,
     "y":0.24786},
    {"x":0.029915,
     "y":0.27778},
    {"x":0.055556,
     "y":0.30769},
    {"x":0.055556,
     "y":0.31197}],
 "triangles":[
    {"p1":49,
     "p2":50,
     "p3":51},
    {"p1":85,
     "p2":86,
     "p3":90},
    {"p1":87,
     "p2":88,
     "p3":89},
    {"p1":86,
     "p2":89,
     "p3":90},
    {"p1":86,
     "p2":87,
     "p3":89},
    {"p1":14,
     "p2":15,
     "p3":16},
    {"p1":66,
     "p2":67,
     "p3":68},
    {"p1":14,
     "p2":16,
     "p3":17},
    {"p1":85,
     "p2":90,
     "p3":91},
    {"p1":98,
     "p2":103,
     "p3":104},
    {"p1":98,
     "p2":104,
     "p3":105},
    {"p1":65,
     "p2":66,
     "p3":68},
    {"p1":37,
     "p2":62,
     "p3":63},
    {"p1":44,
     "p2":56,
     "p3":57},
    {"p1":44,
     "p2":45,
     "p3":56},
    {"p1":1,
     "p2":95,
     "p3":96},
    {"p1":98,
     "p2":99,
     "p3":103},
    {"p1":13,
     "p2":14,
     "p3":17},
    {"p1":13,
     "p2":17,
     "p3":18},
    {"p1":40,
     "p2":60,
     "p3":61},
    {"p1":42,
     "p2":58,
     "p3":59},
    {"p1":37,
     "p2":63,
     "p3":64},
    {"p1":64,
     "p2":69,
     "p3":70},
    {"p1":64,
     "p2":68,
     "p3":69},
    {"p1":64,
     "p2":65,
     "p3":68},
    {"p1":37,
     "p2":38,
     "p3":62},
    {"p1":38,
     "p2":61,
     "p3":62},
    {"p1":43,
     "p2":44,
     "p3":57},
    {"p1":42,
     "p2":43,
     "p3":58},
    {"p1":43,
     "p2":57,
     "p3":58},
    {"p1":49,
     "p2":51,
     "p3":52},
    {"p1":48,
     "p2":49,
     "p3":52},
    {"p1":48,
     "p2":52,
     "p3":53},
    {"p1":45,
     "p2":46,
     "p3":54},
    {"p1":79,
     "p2":80,
     "p3":94},
    {"p1":78,
     "p2":79,
     "p3":94},
    {"p1":100,
     "p2":102,
     "p3":103},
    {"p1":99,
     "p2":100,
     "p3":103},
    {"p1":100,
     "p2":101,
     "p3":102},
    {"p1":1,
     "p2":2,
     "p3":95},
    {"p1":1,
     "p2":96,
     "p3":107},
    {"p1":0,
     "p2":1,
     "p3":107},
    {"p1":96,
     "p2":97,
     "p3":107},
    {"p1":18,
     "p2":19,
     "p3":20},
    {"p1":13,
     "p2":18,
     "p3":20},
    {"p1":13,
     "p2":20,
     "p3":21},
    {"p1":73,
     "p2":78,
     "p3":94},
    {"p1":73,
     "p2":75,
     "p3":76},
    {"p1":41,
     "p2":42,
     "p3":59},
    {"p1":40,
     "p2":41,
     "p3":60},
    {"p1":41,
     "p2":59,
     "p3":60},
    {"p1":36,
     "p2":37,
     "p3":64},
    {"p1":30,
     "p2":31,
     "p3":34},
    {"p1":39,
     "p2":40,
     "p3":61},
    {"p1":38,
     "p2":39,
     "p3":61},
    {"p1":47,
     "p2":48,
     "p3":53},
    {"p1":46,
     "p2":47,
     "p3":54},
    {"p1":47,
     "p2":53,
     "p3":54},
    {"p1":45,
     "p2":55,
     "p3":56},
    {"p1":45,
     "p2":54,
     "p3":55},
    {"p1":82,
     "p2":93,
     "p3":94},
    {"p1":82,
     "p2":83,
     "p3":93},
    {"p1":83,
     "p2":92,
     "p3":93},
    {"p1":80,
     "p2":81,
     "p3":94},
    {"p1":81,
     "p2":82,
     "p3":94},
    {"p1":84,
     "p2":91,
     "p3":92},
    {"p1":83,
     "p2":84,
     "p3":92},
    {"p1":84,
     "p2":85,
     "p3":91},
    {"p1":3,
     "p2":4,
     "p3":5},
    {"p1":3,
     "p2":94,
     "p3":95},
    {"p1":2,
     "p2":3,
     "p3":95},
    {"p1":97,
     "p2":106,
     "p3":107},
    {"p1":98,
     "p2":105,
     "p3":106},
    {"p1":97,
     "p2":98,
     "p3":106},
    {"p1":7,
     "p2":8,
     "p3":94},
    {"p1":3,
     "p2":7,
     "p3":94},
    {"p1":3,
     "p2":5,
     "p3":7},
    {"p1":8,
     "p2":9,
     "p3":94},
    {"p1":9,
     "p2":73,
     "p3":94},
    {"p1":9,
     "p2":10,
     "p3":73},
    {"p1":73,
     "p2":76,
     "p3":77},
    {"p1":73,
     "p2":77,
     "p3":78},
    {"p1":73,
     "p2":74,
     "p3":75},
    {"p1":24,
     "p2":25,
     "p3":26},
    {"p1":24,
     "p2":26,
     "p3":36},
    {"p1":28,
     "p2":29,
     "p3":36},
    {"p1":30,
     "p2":34,
     "p3":35},
    {"p1":29,
     "p2":35,
     "p3":36},
    {"p1":29,
     "p2":30,
     "p3":35},
    {"p1":31,
     "p2":32,
     "p3":33},
    {"p1":31,
     "p2":33,
     "p3":34},
    {"p1":5,
     "p2":6,
     "p3":7},
    {"p1":12,
     "p2":13,
     "p3":21},
    {"p1":12,
     "p2":21,
     "p3":22},
    {"p1":11,
     "p2":12,
     "p3":22},
    {"p1":24,
     "p2":36,
     "p3":71},
    {"p1":64,
     "p2":70,
     "p3":71},
    {"p1":36,
     "p2":64,
     "p3":71},
    {"p1":10,
     "p2":72,
     "p3":73},
    {"p1":10,
     "p2":24,
     "p3":72},
    {"p1":24,
     "p2":71,
     "p3":72},
    {"p1":10,
     "p2":11,
     "p3":23},
    {"p1":10,
     "p2":23,
     "p3":24},
    {"p1":11,
     "p2":22,
     "p3":23},
    {"p1":26,
     "p2":27,
     "p3":36},
    {"p1":27,
     "p2":28,
     "p3":36}]
}