{"points":[
    {"x":0.044248,
     "y":0.30973},
    {"x":0.070796,
     "y":0.34071},
    {"x":0.097345,
     "y":0.36726},
    {"x":0.12832,
     "y":0.38938},
    {"x":0.15929,
     "y":0.40708},
    {"x":0.19027,
     "y":0.42035},
    {"x":0.22124,
     "y":0.42478},
    {"x":0.25221,
     "y":0.42478},
    {"x":0.28319,
     "y":0.42478},
    {"x":0.31416,
     "y":0.42478},
    {"x":0.34513,
     "y":0.42478},
    {"x":0.37611,
     "y":0.4292},
    {"x":0.38496,
     "y":0.45575},
    {"x":0.35841,
     "y":0.46903},
    {"x":0.35841,
     "y":0.49558},
    {"x":0.33628,
     "y":0.50885},
    {"x":0.36283,
     "y":0.53097},
    {"x":0.39381,
     "y":0.5354},
    {"x":0.40265,
     "y":0.51327},
    {"x":0.41593,
     "y":0.48673},
    {"x":0.42035,
     "y":0.45575},
    {"x":0.44248,
     "y":0.43363},
    {"x":0.47345,
     "y":0.43363},
    {"x":0.50442,
     "y":0.43363},
    {"x":0.5354,
     "y":0.43363},
    {"x":0.56637,
     "y":0.4292},
    {"x":0.59735,
     "y":0.4115},
    {"x":0.62832,
     "y":0.4115},
    {"x":0.65929,
     "y":0.40708},
    {"x":0.65044,
     "y":0.38053},
    {"x":0.61947,
     "y":0.36726},
    {"x":0.5885,
     "y":0.35398},
    {"x":0.59292,
     "y":0.32743},
    {"x":0.62389,
     "y":0.30973},
    {"x":0.65487,
     "y":0.31416},
    {"x":0.68584,
     "y":0.32301},
    {"x":0.71681,
     "y":0.32301},
    {"x":0.74779,
     "y":0.32743},
    {"x":0.77876,
     "y":0.32743},
    {"x":0.80973,
     "y":0.33186},
    {"x":0.84071,
     "y":0.33186},
    {"x":0.87168,
     "y":0.33628},
    {"x":0.90265,
     "y":0.34956},
    {"x":0.93363,
     "y":0.35841},
    {"x":0.9646,
     "y":0.36726},
    {"x":0.99558,
     "y":0.36726},
    {"x":1,
     "y":0.33628},
    {"x":0.97345,
     "y":0.31416},
    {"x":0.94248,
     "y":0.30088},
    {"x":0.9115,
     "y":0.29646},
    {"x":0.88053,
     "y":0.27876},
    {"x":0.84956,
     "y":0.26991},
    {"x":0.81858,
     "y":0.26549},
    {"x":0.78761,
     "y":0.26106},
    {"x":0.75664,
     "y":0.24779},
    {"x":0.72566,
     "y":0.23451},
    {"x":0.69469,
     "y":0.22124},
    {"x":0.66372,
     "y":0.21239},
    {"x":0.63274,
     "y":0.20796},
    {"x":0.61062,
     "y":0.19027},
    {"x":0.61504,
     "y":0.15929},
    {"x":0.64602,
     "y":0.16372},
    {"x":0.67699,
     "y":0.15929},
    {"x":0.69469,
     "y":0.12832},
    {"x":0.67257,
     "y":0.11504},
    {"x":0.64159,
     "y":0.11062},
    {"x":0.61062,
     "y":0.10619},
    {"x":0.57965,
     "y":0.10177},
    {"x":0.54867,
     "y":0.10177},
    {"x":0.5177,
     "y":0.10177},
    {"x":0.48673,
     "y":0.10177},
    {"x":0.45575,
     "y":0.09292},
    {"x":0.45133,
     "y":0.061947},
    {"x":0.43805,
     "y":0.030973},
    {"x":0.40708,
     "y":0.022124},
    {"x":0.37611,
     "y":0.022124},
    {"x":0.34513,
     "y":0.017699},
    {"x":0.31416,
     "y":0.017699},
    {"x":0.28319,
     "y":0.017699},
    {"x":0.25221,
     "y":0.013274},
    {"x":0.22124,
     "y":0.0088496},
    {"x":0.19027,
     "y":0},
    {"x":0.15929,
     "y":0},
    {"x":0.12832,
     "y":0},
    {"x":0.097345,
     "y":0},
    {"x":0.066372,
     "y":0},
    {"x":0.035398,
     "y":0.0044248},
    {"x":0.026549,
     "y":0.030973},
    {"x":0.053097,
     "y":0.039823},
    {"x":0.084071,
     "y":0.022124},
    {"x":0.11504,
     "y":0.022124},
    {"x":0.14602,
     "y":0.022124},
    {"x":0.17699,
     "y":0.030973},
    {"x":0.20796,
     "y":0.039823},
    {"x":0.20354,
     "y":0.066372},
    {"x":0.17257,
     "y":0.061947},
    {"x":0.14159,
     "y":0.061947},
    {"x":0.11062,
     "y":0.066372},
    {"x":0.079646,
     "y":0.075221},
    {"x":0.048673,
     "y":0.09292},
    {"x":0.017699,
     "y":0.10177},
    {"x":0,
     "y":0.12832},
    {"x":0,
     "y":0.15929},
    {"x":0.0044248,
     "y":0.19027},
    {"x":0.0088496,
     "y":0.22124},
    {"x":0.022124,
     "y":0.25221},
    {"x":0.030973,
     "y":0.28319},
    {"x":0.044248,
     "y":0.30973}],
 "triangles":[
    {"p1":44,
     "p2":45,
     "p3":46},
    {"p1":85,
     "p2":86,
     "p3":88},
    {"p1":60,
     "p2":66,
     "p3":67},
    {"p1":44,
     "p2":46,
     "p3":47},
    {"p1":98,
     "p2":104,
     "p3":105},
    {"p1":86,
     "p2":87,
     "p3":88},
    {"p1":85,
     "p2":88,
     "p3":89},
    {"p1":21,
     "p2":70,
     "p3":71},
    {"p1":81,
     "p2":82,
     "p3":92},
    {"p1":79,
     "p2":93,
     "p3":94},
    {"p1":81,
     "p2":92,
     "p3":93},
    {"p1":9,
     "p2":71,
     "p3":94},
    {"p1":60,
     "p2":67,
     "p3":68},
    {"p1":98,
     "p2":103,
     "p3":104},
    {"p1":84,
     "p2":85,
     "p3":89},
    {"p1":83,
     "p2":84,
     "p3":90},
    {"p1":84,
     "p2":89,
     "p3":90},
    {"p1":97,
     "p2":98,
     "p3":105},
    {"p1":96,
     "p2":97,
     "p3":105},
    {"p1":61,
     "p2":64,
     "p3":65},
    {"p1":60,
     "p2":65,
     "p3":66},
    {"p1":60,
     "p2":61,
     "p3":65},
    {"p1":35,
     "p2":55,
     "p3":56},
    {"p1":61,
     "p2":62,
     "p3":64},
    {"p1":62,
     "p2":63,
     "p3":64},
    {"p1":36,
     "p2":54,
     "p3":55},
    {"p1":35,
     "p2":36,
     "p3":55},
    {"p1":43,
     "p2":44,
     "p3":47},
    {"p1":43,
     "p2":47,
     "p3":48},
    {"p1":40,
     "p2":51,
     "p3":52},
    {"p1":16,
     "p2":17,
     "p3":18},
    {"p1":59,
     "p2":69,
     "p3":70},
    {"p1":59,
     "p2":60,
     "p3":68},
    {"p1":59,
     "p2":68,
     "p3":69},
    {"p1":24,
     "p2":25,
     "p3":31},
    {"p1":12,
     "p2":19,
     "p3":20},
    {"p1":0,
     "p2":1,
     "p3":106},
    {"p1":1,
     "p2":94,
     "p3":105},
    {"p1":1,
     "p2":105,
     "p3":106},
    {"p1":3,
     "p2":4,
     "p3":94},
    {"p1":80,
     "p2":81,
     "p3":93},
    {"p1":79,
     "p2":80,
     "p3":93},
    {"p1":4,
     "p2":7,
     "p3":94},
    {"p1":4,
     "p2":6,
     "p3":7},
    {"p1":11,
     "p2":21,
     "p3":71},
    {"p1":11,
     "p2":12,
     "p3":20},
    {"p1":11,
     "p2":20,
     "p3":21},
    {"p1":40,
     "p2":50,
     "p3":51},
    {"p1":99,
     "p2":102,
     "p3":103},
    {"p1":98,
     "p2":99,
     "p3":103},
    {"p1":99,
     "p2":101,
     "p3":102},
    {"p1":99,
     "p2":100,
     "p3":101},
    {"p1":94,
     "p2":95,
     "p3":105},
    {"p1":95,
     "p2":96,
     "p3":105},
    {"p1":82,
     "p2":91,
     "p3":92},
    {"p1":82,
     "p2":83,
     "p3":91},
    {"p1":83,
     "p2":90,
     "p3":91},
    {"p1":38,
     "p2":52,
     "p3":53},
    {"p1":36,
     "p2":37,
     "p3":54},
    {"p1":37,
     "p2":53,
     "p3":54},
    {"p1":37,
     "p2":38,
     "p3":53},
    {"p1":42,
     "p2":48,
     "p3":49},
    {"p1":42,
     "p2":43,
     "p3":48},
    {"p1":38,
     "p2":39,
     "p3":52},
    {"p1":39,
     "p2":40,
     "p3":52},
    {"p1":33,
     "p2":58,
     "p3":59},
    {"p1":25,
     "p2":26,
     "p3":31},
    {"p1":26,
     "p2":30,
     "p3":31},
    {"p1":32,
     "p2":33,
     "p3":59},
    {"p1":32,
     "p2":59,
     "p3":70},
    {"p1":21,
     "p2":32,
     "p3":70},
    {"p1":21,
     "p2":22,
     "p3":32},
    {"p1":22,
     "p2":31,
     "p3":32},
    {"p1":2,
     "p2":3,
     "p3":94},
    {"p1":1,
     "p2":2,
     "p3":94},
    {"p1":4,
     "p2":5,
     "p3":6},
    {"p1":71,
     "p2":72,
     "p3":75},
    {"p1":71,
     "p2":75,
     "p3":76},
    {"p1":78,
     "p2":79,
     "p3":94},
    {"p1":71,
     "p2":77,
     "p3":94},
    {"p1":71,
     "p2":76,
     "p3":77},
    {"p1":77,
     "p2":78,
     "p3":94},
    {"p1":8,
     "p2":9,
     "p3":94},
    {"p1":7,
     "p2":8,
     "p3":94},
    {"p1":14,
     "p2":15,
     "p3":16},
    {"p1":14,
     "p2":16,
     "p3":18},
    {"p1":14,
     "p2":18,
     "p3":19},
    {"p1":12,
     "p2":14,
     "p3":19},
    {"p1":12,
     "p2":13,
     "p3":14},
    {"p1":9,
     "p2":10,
     "p3":71},
    {"p1":10,
     "p2":11,
     "p3":71},
    {"p1":40,
     "p2":41,
     "p3":50},
    {"p1":41,
     "p2":49,
     "p3":50},
    {"p1":41,
     "p2":42,
     "p3":49},
    {"p1":33,
     "p2":57,
     "p3":58},
    {"p1":26,
     "p2":27,
     "p3":30},
    {"p1":27,
     "p2":29,
     "p3":30},
    {"p1":27,
     "p2":28,
     "p3":29},
    {"p1":34,
     "p2":35,
     "p3":56},
    {"p1":34,
     "p2":56,
     "p3":57},
    {"p1":33,
     "p2":34,
     "p3":57},
    {"p1":23,
     "p2":24,
     "p3":31},
    {"p1":22,
     "p2":23,
     "p3":31},
    {"p1":72,
     "p2":73,
     "p3":74},
    {"p1":72,
     "p2":74,
     "p3":75}]
}