{"points":[
    {"x":0.070539,
     "y":0.3112},
    {"x":0.099585,
     "y":0.33195},
    {"x":0.12863,
     "y":0.34855},
    {"x":0.15768,
     "y":0.36515},
    {"x":0.18672,
     "y":0.38174},
    {"x":0.21577,
     "y":0.39834},
    {"x":0.24481,
     "y":0.40664},
    {"x":0.27386,
     "y":0.41079},
    {"x":0.3029,
     "y":0.41079},
    {"x":0.33195,
     "y":0.41079},
    {"x":0.3527,
     "y":0.42739},
    {"x":0.34025,
     "y":0.45228},
    {"x":0.3278,
     "y":0.47718},
    {"x":0.30705,
     "y":0.49378},
    {"x":0.3361,
     "y":0.51037},
    {"x":0.36515,
     "y":0.52282},
    {"x":0.39419,
     "y":0.51867},
    {"x":0.39004,
     "y":0.49378},
    {"x":0.38174,
     "y":0.46473},
    {"x":0.38589,
     "y":0.43568},
    {"x":0.39834,
     "y":0.41079},
    {"x":0.42739,
     "y":0.41494},
    {"x":0.45643,
     "y":0.42739},
    {"x":0.48548,
     "y":0.43154},
    {"x":0.51452,
     "y":0.43154},
    {"x":0.54357,
     "y":0.41909},
    {"x":0.57261,
     "y":0.40664},
    {"x":0.60166,
     "y":0.40664},
    {"x":0.63071,
     "y":0.40249},
    {"x":0.63485,
     "y":0.37344},
    {"x":0.60581,
     "y":0.36515},
    {"x":0.57676,
     "y":0.361},
    {"x":0.55187,
     "y":0.34855},
    {"x":0.56846,
     "y":0.33195},
    {"x":0.59751,
     "y":0.33195},
    {"x":0.62656,
     "y":0.33195},
    {"x":0.6556,
     "y":0.3361},
    {"x":0.68465,
     "y":0.34025},
    {"x":0.71369,
     "y":0.3527},
    {"x":0.74274,
     "y":0.361},
    {"x":0.77178,
     "y":0.36515},
    {"x":0.80083,
     "y":0.36929},
    {"x":0.82988,
     "y":0.37344},
    {"x":0.85892,
     "y":0.38174},
    {"x":0.88797,
     "y":0.38589},
    {"x":0.91701,
     "y":0.38589},
    {"x":0.94606,
     "y":0.38589},
    {"x":0.9751,
     "y":0.38589},
    {"x":1,
     "y":0.36929},
    {"x":0.9917,
     "y":0.34025},
    {"x":0.96266,
     "y":0.32365},
    {"x":0.93361,
     "y":0.3112},
    {"x":0.90456,
     "y":0.29876},
    {"x":0.87552,
     "y":0.29046},
    {"x":0.84647,
     "y":0.28216},
    {"x":0.81743,
     "y":0.27801},
    {"x":0.78838,
     "y":0.26971},
    {"x":0.75934,
     "y":0.25726},
    {"x":0.73029,
     "y":0.24481},
    {"x":0.70124,
     "y":0.23237},
    {"x":0.6722,
     "y":0.22407},
    {"x":0.64315,
     "y":0.21577},
    {"x":0.61411,
     "y":0.21162},
    {"x":0.60581,
     "y":0.18257},
    {"x":0.62241,
     "y":0.16183},
    {"x":0.62241,
     "y":0.13278},
    {"x":0.59336,
     "y":0.12033},
    {"x":0.56432,
     "y":0.11618},
    {"x":0.53527,
     "y":0.11618},
    {"x":0.50622,
     "y":0.11618},
    {"x":0.47718,
     "y":0.11203},
    {"x":0.46058,
     "y":0.095436},
    {"x":0.46058,
     "y":0.06639},
    {"x":0.43983,
     "y":0.045643},
    {"x":0.41079,
     "y":0.041494},
    {"x":0.38174,
     "y":0.033195},
    {"x":0.3527,
     "y":0.029046},
    {"x":0.32365,
     "y":0.020747},
    {"x":0.29461,
     "y":0.016598},
    {"x":0.26556,
     "y":0.0082988},
    {"x":0.23651,
     "y":0.0041494},
    {"x":0.20747,
     "y":0},
    {"x":0.17842,
     "y":0},
    {"x":0.14938,
     "y":0},
    {"x":0.12033,
     "y":0},
    {"x":0.091286,
     "y":0},
    {"x":0.062241,
     "y":0},
    {"x":0.037344,
     "y":0.012448},
    {"x":0.049793,
     "y":0.037344},
    {"x":0.078838,
     "y":0.029046},
    {"x":0.10788,
     "y":0.029046},
    {"x":0.13693,
     "y":0.029046},
    {"x":0.16598,
     "y":0.033195},
    {"x":0.19502,
     "y":0.041494},
    {"x":0.20747,
     "y":0.06639},
    {"x":0.19087,
     "y":0.082988},
    {"x":0.16183,
     "y":0.082988},
    {"x":0.13278,
     "y":0.082988},
    {"x":0.10373,
     "y":0.082988},
    {"x":0.074689,
     "y":0.082988},
    {"x":0.045643,
     "y":0.091286},
    {"x":0.016598,
     "y":0.10788},
    {"x":0,
     "y":0.13278},
    {"x":0,
     "y":0.16183},
    {"x":0.0041494,
     "y":0.19087},
    {"x":0.016598,
     "y":0.21992},
    {"x":0.024896,
     "y":0.24896},
    {"x":0.045643,
     "y":0.27801},
    {"x":0.06639,
     "y":0.30705},
    {"x":0.070539,
     "y":0.3112}],
 "triangles":[
    {"p1":86,
     "p2":87,
     "p3":88},
    {"p1":47,
     "p2":48,
     "p3":49},
    {"p1":27,
     "p2":28,
     "p3":30},
    {"p1":64,
     "p2":65,
     "p3":66},
    {"p1":100,
     "p2":103,
     "p3":104},
    {"p1":99,
     "p2":100,
     "p3":104},
    {"p1":84,
     "p2":90,
     "p3":91},
    {"p1":86,
     "p2":88,
     "p3":89},
    {"p1":44,
     "p2":45,
     "p3":52},
    {"p1":98,
     "p2":99,
     "p3":104},
    {"p1":98,
     "p2":104,
     "p3":105},
    {"p1":9,
     "p2":70,
     "p3":71},
    {"p1":9,
     "p2":71,
     "p3":95},
    {"p1":71,
     "p2":76,
     "p3":95},
    {"p1":71,
     "p2":72,
     "p3":73},
    {"p1":12,
     "p2":13,
     "p3":14},
    {"p1":101,
     "p2":102,
     "p3":103},
    {"p1":100,
     "p2":101,
     "p3":103},
    {"p1":85,
     "p2":86,
     "p3":89},
    {"p1":84,
     "p2":85,
     "p3":90},
    {"p1":85,
     "p2":89,
     "p3":90},
    {"p1":45,
     "p2":46,
     "p3":51},
    {"p1":45,
     "p2":51,
     "p3":52},
    {"p1":83,
     "p2":84,
     "p3":91},
    {"p1":83,
     "p2":91,
     "p3":92},
    {"p1":97,
     "p2":98,
     "p3":105},
    {"p1":1,
     "p2":2,
     "p3":95},
    {"p1":71,
     "p2":73,
     "p3":74},
    {"p1":9,
     "p2":20,
     "p3":70},
    {"p1":20,
     "p2":32,
     "p3":70},
    {"p1":4,
     "p2":5,
     "p3":6},
    {"p1":4,
     "p2":7,
     "p3":95},
    {"p1":4,
     "p2":6,
     "p3":7},
    {"p1":62,
     "p2":63,
     "p3":69},
    {"p1":63,
     "p2":64,
     "p3":66},
    {"p1":63,
     "p2":66,
     "p3":67},
    {"p1":33,
     "p2":62,
     "p3":69},
    {"p1":33,
     "p2":34,
     "p3":62},
    {"p1":32,
     "p2":33,
     "p3":70},
    {"p1":33,
     "p2":69,
     "p3":70},
    {"p1":43,
     "p2":44,
     "p3":52},
    {"p1":37,
     "p2":58,
     "p3":59},
    {"p1":46,
     "p2":50,
     "p3":51},
    {"p1":47,
     "p2":49,
     "p3":50},
    {"p1":46,
     "p2":47,
     "p3":50},
    {"p1":80,
     "p2":81,
     "p3":93},
    {"p1":78,
     "p2":79,
     "p3":94},
    {"p1":76,
     "p2":94,
     "p3":95},
    {"p1":79,
     "p2":80,
     "p3":94},
    {"p1":80,
     "p2":93,
     "p3":94},
    {"p1":76,
     "p2":77,
     "p3":94},
    {"p1":77,
     "p2":78,
     "p3":94},
    {"p1":82,
     "p2":83,
     "p3":92},
    {"p1":81,
     "p2":82,
     "p3":93},
    {"p1":82,
     "p2":92,
     "p3":93},
    {"p1":1,
     "p2":95,
     "p3":96},
    {"p1":3,
     "p2":4,
     "p3":95},
    {"p1":2,
     "p2":3,
     "p3":95},
    {"p1":71,
     "p2":75,
     "p3":76},
    {"p1":71,
     "p2":74,
     "p3":75},
    {"p1":9,
     "p2":10,
     "p3":20},
    {"p1":10,
     "p2":19,
     "p3":20},
    {"p1":8,
     "p2":9,
     "p3":95},
    {"p1":7,
     "p2":8,
     "p3":95},
    {"p1":63,
     "p2":67,
     "p3":68},
    {"p1":63,
     "p2":68,
     "p3":69},
    {"p1":26,
     "p2":31,
     "p3":32},
    {"p1":27,
     "p2":30,
     "p3":31},
    {"p1":26,
     "p2":27,
     "p3":31},
    {"p1":28,
     "p2":29,
     "p3":30},
    {"p1":37,
     "p2":38,
     "p3":58},
    {"p1":38,
     "p2":57,
     "p3":58},
    {"p1":35,
     "p2":60,
     "p3":61},
    {"p1":34,
     "p2":35,
     "p3":62},
    {"p1":35,
     "p2":61,
     "p3":62},
    {"p1":1,
     "p2":96,
     "p3":107},
    {"p1":96,
     "p2":97,
     "p3":107},
    {"p1":105,
     "p2":106,
     "p3":107},
    {"p1":97,
     "p2":105,
     "p3":107},
    {"p1":11,
     "p2":12,
     "p3":18},
    {"p1":10,
     "p2":18,
     "p3":19},
    {"p1":10,
     "p2":11,
     "p3":18},
    {"p1":40,
     "p2":55,
     "p3":56},
    {"p1":40,
     "p2":41,
     "p3":55},
    {"p1":38,
     "p2":39,
     "p3":57},
    {"p1":39,
     "p2":40,
     "p3":56},
    {"p1":39,
     "p2":56,
     "p3":57},
    {"p1":35,
     "p2":36,
     "p3":60},
    {"p1":36,
     "p2":59,
     "p3":60},
    {"p1":36,
     "p2":37,
     "p3":59},
    {"p1":15,
     "p2":16,
     "p3":17},
    {"p1":14,
     "p2":15,
     "p3":17},
    {"p1":12,
     "p2":14,
     "p3":17},
    {"p1":12,
     "p2":17,
     "p3":18},
    {"p1":43,
     "p2":52,
     "p3":53},
    {"p1":41,
     "p2":42,
     "p3":55},
    {"p1":42,
     "p2":54,
     "p3":55},
    {"p1":42,
     "p2":43,
     "p3":53},
    {"p1":42,
     "p2":53,
     "p3":54},
    {"p1":22,
     "p2":23,
     "p3":32},
    {"p1":23,
     "p2":24,
     "p3":32},
    {"p1":20,
     "p2":21,
     "p3":32},
    {"p1":21,
     "p2":22,
     "p3":32},
    {"p1":25,
     "p2":26,
     "p3":32},
    {"p1":24,
     "p2":25,
     "p3":32},
    {"p1":0,
     "p2":1,
     "p3":108},
    {"p1":1,
     "p2":107,
     "p3":108}]
}