{"points":[
    {"x":0.014946,
     "y":0.22418},
    {"x":0.017663,
     "y":0.25272},
    {"x":0.021739,
     "y":0.28125},
    {"x":0.021739,
     "y":0.30978},
    {"x":0.02038,
     "y":0.33832},
    {"x":0.02038,
     "y":0.36685},
    {"x":0.017663,
     "y":0.39538},
    {"x":0.02038,
     "y":0.42391},
    {"x":0.04212,
     "y":0.44158},
    {"x":0.070652,
     "y":0.44429},
    {"x":0.099185,
     "y":0.44429},
    {"x":0.12772,
     "y":0.44565},
    {"x":0.15625,
     "y":0.44701},
    {"x":0.18478,
     "y":0.44701},
    {"x":0.21332,
     "y":0.44701},
    {"x":0.24185,
     "y":0.44837},
    {"x":0.27038,
     "y":0.44837},
    {"x":0.29891,
     "y":0.44837},
    {"x":0.32745,
     "y":0.44701},
    {"x":0.35598,
     "y":0.44701},
    {"x":0.38451,
     "y":0.44701},
    {"x":0.41304,
     "y":0.44565},
    {"x":0.44158,
     "y":0.44429},
    {"x":0.47011,
     "y":0.44293},
    {"x":0.49864,
     "y":0.44022},
    {"x":0.52717,
     "y":0.4375},
    {"x":0.55571,
     "y":0.43478},
    {"x":0.58424,
     "y":0.42935},
    {"x":0.61277,
     "y":0.42391},
    {"x":0.6413,
     "y":0.41712},
    {"x":0.66984,
     "y":0.40489},
    {"x":0.64946,
     "y":0.39674},
    {"x":0.62228,
     "y":0.38995},
    {"x":0.62092,
     "y":0.36141},
    {"x":0.62092,
     "y":0.33288},
    {"x":0.6413,
     "y":0.33832},
    {"x":0.64946,
     "y":0.3288},
    {"x":0.67799,
     "y":0.32745},
    {"x":0.70652,
     "y":0.32745},
    {"x":0.73505,
     "y":0.32745},
    {"x":0.76359,
     "y":0.32745},
    {"x":0.79212,
     "y":0.32745},
    {"x":0.82065,
     "y":0.32609},
    {"x":0.83967,
     "y":0.33696},
    {"x":0.85598,
     "y":0.31929},
    {"x":0.87772,
     "y":0.2962},
    {"x":0.88451,
     "y":0.28125},
    {"x":0.91304,
     "y":0.28804},
    {"x":0.93207,
     "y":0.27038},
    {"x":0.94429,
     "y":0.24728},
    {"x":0.97147,
     "y":0.23505},
    {"x":0.99457,
     "y":0.2106},
    {"x":1,
     "y":0.18207},
    {"x":0.97554,
     "y":0.18207},
    {"x":0.99049,
     "y":0.15353},
    {"x":0.99592,
     "y":0.125},
    {"x":0.99321,
     "y":0.096467},
    {"x":0.98234,
     "y":0.067935},
    {"x":0.95788,
     "y":0.043478},
    {"x":0.93207,
     "y":0.028533},
    {"x":0.90353,
     "y":0.027174},
    {"x":0.875,
     "y":0.033967},
    {"x":0.84783,
     "y":0.054348},
    {"x":0.83016,
     "y":0.036685},
    {"x":0.80707,
     "y":0.014946},
    {"x":0.77853,
     "y":0.0013587},
    {"x":0.75,
     "y":0},
    {"x":0.72147,
     "y":0.01087},
    {"x":0.69429,
     "y":0.028533},
    {"x":0.67391,
     "y":0.054348},
    {"x":0.66304,
     "y":0.08288},
    {"x":0.63859,
     "y":0.092391},
    {"x":0.62364,
     "y":0.10462},
    {"x":0.59647,
     "y":0.097826},
    {"x":0.56793,
     "y":0.095109},
    {"x":0.5394,
     "y":0.09375},
    {"x":0.51087,
     "y":0.095109},
    {"x":0.48234,
     "y":0.096467},
    {"x":0.45788,
     "y":0.097826},
    {"x":0.42935,
     "y":0.097826},
    {"x":0.40082,
     "y":0.10054},
    {"x":0.37364,
     "y":0.097826},
    {"x":0.35462,
     "y":0.074728},
    {"x":0.33016,
     "y":0.059783},
    {"x":0.30163,
     "y":0.054348},
    {"x":0.2731,
     "y":0.058424},
    {"x":0.24592,
     "y":0.076087},
    {"x":0.22826,
     "y":0.10054},
    {"x":0.19973,
     "y":0.099185},
    {"x":0.1875,
     "y":0.07337},
    {"x":0.16576,
     "y":0.046196},
    {"x":0.14266,
     "y":0.033967},
    {"x":0.11413,
     "y":0.03125},
    {"x":0.085598,
     "y":0.038043},
    {"x":0.059783,
     "y":0.059783},
    {"x":0.044837,
     "y":0.088315},
    {"x":0.028533,
     "y":0.11005},
    {"x":0,
     "y":0.11549},
    {"x":0.0027174,
     "y":0.14402},
    {"x":0.0095109,
     "y":0.17255},
    {"x":0.013587,
     "y":0.20109},
    {"x":0.014946,
     "y":0.22418}],
 "triangles":[
    {"p1":56,
     "p2":57,
     "p3":58},
    {"p1":56,
     "p2":58,
     "p3":62},
    {"p1":55,
     "p2":56,
     "p3":62},
    {"p1":29,
     "p2":30,
     "p3":31},
    {"p1":29,
     "p2":31,
     "p3":32},
    {"p1":3,
     "p2":11,
     "p3":12},
    {"p1":2,
     "p2":3,
     "p3":13},
    {"p1":3,
     "p2":12,
     "p3":13},
    {"p1":46,
     "p2":49,
     "p3":62},
    {"p1":46,
     "p2":47,
     "p3":48},
    {"p1":46,
     "p2":48,
     "p3":49},
    {"p1":58,
     "p2":59,
     "p3":60},
    {"p1":58,
     "p2":60,
     "p3":62},
    {"p1":49,
     "p2":53,
     "p3":62},
    {"p1":49,
     "p2":50,
     "p3":53},
    {"p1":51,
     "p2":52,
     "p3":53},
    {"p1":50,
     "p2":51,
     "p3":53},
    {"p1":2,
     "p2":13,
     "p3":88},
    {"p1":13,
     "p2":14,
     "p3":88},
    {"p1":17,
     "p2":18,
     "p3":81},
    {"p1":18,
     "p2":19,
     "p3":81},
    {"p1":65,
     "p2":66,
     "p3":67},
    {"p1":64,
     "p2":65,
     "p3":67},
    {"p1":3,
     "p2":4,
     "p3":11},
    {"p1":4,
     "p2":10,
     "p3":11},
    {"p1":4,
     "p2":5,
     "p3":10},
    {"p1":5,
     "p2":9,
     "p3":10},
    {"p1":60,
     "p2":61,
     "p3":62},
    {"p1":54,
     "p2":55,
     "p3":62},
    {"p1":53,
     "p2":54,
     "p3":62},
    {"p1":34,
     "p2":75,
     "p3":76},
    {"p1":34,
     "p2":74,
     "p3":75},
    {"p1":38,
     "p2":39,
     "p3":70},
    {"p1":37,
     "p2":38,
     "p3":72},
    {"p1":38,
     "p2":70,
     "p3":72},
    {"p1":39,
     "p2":40,
     "p3":70},
    {"p1":40,
     "p2":62,
     "p3":70},
    {"p1":40,
     "p2":41,
     "p3":46},
    {"p1":40,
     "p2":46,
     "p3":62},
    {"p1":34,
     "p2":76,
     "p3":77},
    {"p1":21,
     "p2":22,
     "p3":80},
    {"p1":22,
     "p2":79,
     "p3":80},
    {"p1":20,
     "p2":21,
     "p3":80},
    {"p1":19,
     "p2":80,
     "p3":81},
    {"p1":19,
     "p2":20,
     "p3":80},
    {"p1":28,
     "p2":29,
     "p3":32},
    {"p1":27,
     "p2":28,
     "p3":32},
    {"p1":36,
     "p2":37,
     "p3":72},
    {"p1":34,
     "p2":36,
     "p3":72},
    {"p1":34,
     "p2":35,
     "p3":36},
    {"p1":34,
     "p2":72,
     "p3":73},
    {"p1":34,
     "p2":73,
     "p3":74},
    {"p1":24,
     "p2":25,
     "p3":34},
    {"p1":23,
     "p2":24,
     "p3":34},
    {"p1":5,
     "p2":6,
     "p3":9},
    {"p1":6,
     "p2":7,
     "p3":8},
    {"p1":6,
     "p2":8,
     "p3":9},
    {"p1":41,
     "p2":42,
     "p3":46},
    {"p1":42,
     "p2":45,
     "p3":46},
    {"p1":42,
     "p2":44,
     "p3":45},
    {"p1":42,
     "p2":43,
     "p3":44},
    {"p1":84,
     "p2":85,
     "p3":86},
    {"p1":88,
     "p2":89,
     "p3":95},
    {"p1":17,
     "p2":81,
     "p3":87},
    {"p1":81,
     "p2":82,
     "p3":87},
    {"p1":16,
     "p2":17,
     "p3":87},
    {"p1":84,
     "p2":86,
     "p3":87},
    {"p1":15,
     "p2":16,
     "p3":87},
    {"p1":83,
     "p2":84,
     "p3":87},
    {"p1":82,
     "p2":83,
     "p3":87},
    {"p1":14,
     "p2":15,
     "p3":87},
    {"p1":14,
     "p2":87,
     "p3":88},
    {"p1":0,
     "p2":88,
     "p3":100},
    {"p1":92,
     "p2":93,
     "p3":94},
    {"p1":89,
     "p2":92,
     "p3":94},
    {"p1":89,
     "p2":94,
     "p3":95},
    {"p1":88,
     "p2":95,
     "p3":96},
    {"p1":96,
     "p2":97,
     "p3":98},
    {"p1":63,
     "p2":68,
     "p3":69},
    {"p1":63,
     "p2":64,
     "p3":67},
    {"p1":63,
     "p2":67,
     "p3":68},
    {"p1":62,
     "p2":63,
     "p3":70},
    {"p1":63,
     "p2":69,
     "p3":70},
    {"p1":34,
     "p2":77,
     "p3":78},
    {"p1":23,
     "p2":34,
     "p3":78},
    {"p1":22,
     "p2":23,
     "p3":78},
    {"p1":22,
     "p2":78,
     "p3":79},
    {"p1":70,
     "p2":71,
     "p3":72},
    {"p1":25,
     "p2":33,
     "p3":34},
    {"p1":27,
     "p2":32,
     "p3":33},
    {"p1":26,
     "p2":27,
     "p3":33},
    {"p1":25,
     "p2":26,
     "p3":33},
    {"p1":90,
     "p2":91,
     "p3":92},
    {"p1":89,
     "p2":90,
     "p3":92},
    {"p1":1,
     "p2":2,
     "p3":88},
    {"p1":0,
     "p2":1,
     "p3":88},
    {"p1":88,
     "p2":99,
     "p3":100},
    {"p1":88,
     "p2":96,
     "p3":99},
    {"p1":96,
     "p2":98,
     "p3":99}]
}