{"points":[
    {"x":0.1746,
     "y":0.24868},
    {"x":0.19841,
     "y":0.25926},
    {"x":0.19577,
     "y":0.28307},
    {"x":0.19577,
     "y":0.30688},
    {"x":0.19841,
     "y":0.33069},
    {"x":0.20635,
     "y":0.3545},
    {"x":0.23016,
     "y":0.36772},
    {"x":0.25397,
     "y":0.37302},
    {"x":0.27778,
     "y":0.37566},
    {"x":0.30159,
     "y":0.37831},
    {"x":0.3254,
     "y":0.37831},
    {"x":0.34921,
     "y":0.38095},
    {"x":0.37302,
     "y":0.38095},
    {"x":0.39683,
     "y":0.38095},
    {"x":0.42063,
     "y":0.38095},
    {"x":0.44444,
     "y":0.38095},
    {"x":0.46825,
     "y":0.38095},
    {"x":0.49206,
     "y":0.38095},
    {"x":0.51587,
     "y":0.38095},
    {"x":0.53968,
     "y":0.38095},
    {"x":0.56349,
     "y":0.38095},
    {"x":0.5873,
     "y":0.38095},
    {"x":0.61111,
     "y":0.37831},
    {"x":0.62434,
     "y":0.37302},
    {"x":0.61905,
     "y":0.35185},
    {"x":0.61905,
     "y":0.32804},
    {"x":0.61905,
     "y":0.30423},
    {"x":0.62169,
     "y":0.28042},
    {"x":0.64021,
     "y":0.27513},
    {"x":0.66402,
     "y":0.27513},
    {"x":0.68783,
     "y":0.27513},
    {"x":0.71164,
     "y":0.27513},
    {"x":0.73545,
     "y":0.27249},
    {"x":0.75926,
     "y":0.27249},
    {"x":0.78307,
     "y":0.27249},
    {"x":0.80688,
     "y":0.27249},
    {"x":0.83069,
     "y":0.28042},
    {"x":0.8545,
     "y":0.26984},
    {"x":0.87566,
     "y":0.25132},
    {"x":0.89947,
     "y":0.2328},
    {"x":0.92063,
     "y":0.21429},
    {"x":0.93386,
     "y":0.19577},
    {"x":0.95767,
     "y":0.18254},
    {"x":0.96825,
     "y":0.15873},
    {"x":0.96825,
     "y":0.13492},
    {"x":0.99206,
     "y":0.12434},
    {"x":1,
     "y":0.10053},
    {"x":0.98413,
     "y":0.079365},
    {"x":0.96032,
     "y":0.074074},
    {"x":0.9418,
     "y":0.050265},
    {"x":0.92063,
     "y":0.039683},
    {"x":0.89683,
     "y":0.031746},
    {"x":0.87302,
     "y":0.029101},
    {"x":0.84921,
     "y":0.010582},
    {"x":0.8254,
     "y":0.0026455},
    {"x":0.80159,
     "y":0},
    {"x":0.77778,
     "y":0.005291},
    {"x":0.75397,
     "y":0.021164},
    {"x":0.73545,
     "y":0.042328},
    {"x":0.72751,
     "y":0.066138},
    {"x":0.7037,
     "y":0.068783},
    {"x":0.67989,
     "y":0.068783},
    {"x":0.65608,
     "y":0.066138},
    {"x":0.63228,
     "y":0.066138},
    {"x":0.60847,
     "y":0.066138},
    {"x":0.58466,
     "y":0.068783},
    {"x":0.56085,
     "y":0.068783},
    {"x":0.53704,
     "y":0.068783},
    {"x":0.51323,
     "y":0.068783},
    {"x":0.48942,
     "y":0.068783},
    {"x":0.46561,
     "y":0.068783},
    {"x":0.4418,
     "y":0.066138},
    {"x":0.41799,
     "y":0.066138},
    {"x":0.39418,
     "y":0.066138},
    {"x":0.37037,
     "y":0.066138},
    {"x":0.34656,
     "y":0.066138},
    {"x":0.32275,
     "y":0.066138},
    {"x":0.29894,
     "y":0.050265},
    {"x":0.27513,
     "y":0.042328},
    {"x":0.25132,
     "y":0.042328},
    {"x":0.22751,
     "y":0.044974},
    {"x":0.2037,
     "y":0.058201},
    {"x":0.18783,
     "y":0.039683},
    {"x":0.16931,
     "y":0.021164},
    {"x":0.1455,
     "y":0.010582},
    {"x":0.12169,
     "y":0.0079365},
    {"x":0.097884,
     "y":0.013228},
    {"x":0.074074,
     "y":0.029101},
    {"x":0.058201,
     "y":0.05291},
    {"x":0.050265,
     "y":0.07672},
    {"x":0.029101,
     "y":0.079365},
    {"x":0.005291,
     "y":0.087302},
    {"x":0,
     "y":0.11111},
    {"x":0.0026455,
     "y":0.13492},
    {"x":0.005291,
     "y":0.15873},
    {"x":0.013228,
     "y":0.18254},
    {"x":0.02381,
     "y":0.20635},
    {"x":0.042328,
     "y":0.22487},
    {"x":0.066138,
     "y":0.21958},
    {"x":0.084656,
     "y":0.2037},
    {"x":0.10847,
     "y":0.21429},
    {"x":0.13228,
     "y":0.22751},
    {"x":0.15608,
     "y":0.24074},
    {"x":0.1746,
     "y":0.24868}],
 "triangles":[
    {"p1":85,
     "p2":86,
     "p3":87},
    {"p1":4,
     "p2":6,
     "p3":7},
    {"p1":45,
     "p2":46,
     "p3":47},
    {"p1":89,
     "p2":93,
     "p3":94},
    {"p1":54,
     "p2":55,
     "p3":57},
    {"p1":54,
     "p2":57,
     "p3":59},
    {"p1":44,
     "p2":45,
     "p3":47},
    {"p1":11,
     "p2":74,
     "p3":75},
    {"p1":4,
     "p2":5,
     "p3":6},
    {"p1":84,
     "p2":85,
     "p3":88},
    {"p1":85,
     "p2":87,
     "p3":88},
    {"p1":90,
     "p2":92,
     "p3":93},
    {"p1":89,
     "p2":90,
     "p3":93},
    {"p1":90,
     "p2":91,
     "p3":92},
    {"p1":1,
     "p2":9,
     "p3":10},
    {"p1":10,
     "p2":11,
     "p3":75},
    {"p1":1,
     "p2":10,
     "p3":75},
    {"p1":13,
     "p2":72,
     "p3":73},
    {"p1":15,
     "p2":70,
     "p3":71},
    {"p1":27,
     "p2":67,
     "p3":68},
    {"p1":27,
     "p2":66,
     "p3":67},
    {"p1":55,
     "p2":56,
     "p3":57},
    {"p1":48,
     "p2":49,
     "p3":50},
    {"p1":44,
     "p2":48,
     "p3":50},
    {"p1":44,
     "p2":47,
     "p3":48},
    {"p1":41,
     "p2":42,
     "p3":43},
    {"p1":41,
     "p2":43,
     "p3":44},
    {"p1":35,
     "p2":38,
     "p3":59},
    {"p1":12,
     "p2":13,
     "p3":73},
    {"p1":12,
     "p2":73,
     "p3":74},
    {"p1":11,
     "p2":12,
     "p3":74},
    {"p1":1,
     "p2":75,
     "p3":76},
    {"p1":1,
     "p2":76,
     "p3":81},
    {"p1":1,
     "p2":8,
     "p3":9},
    {"p1":1,
     "p2":2,
     "p3":8},
    {"p1":0,
     "p2":1,
     "p3":81},
    {"p1":0,
     "p2":81,
     "p3":102},
    {"p1":3,
     "p2":4,
     "p3":7},
    {"p1":3,
     "p2":7,
     "p3":8},
    {"p1":2,
     "p2":3,
     "p3":8},
    {"p1":81,
     "p2":82,
     "p3":89},
    {"p1":82,
     "p2":88,
     "p3":89},
    {"p1":82,
     "p2":84,
     "p3":88},
    {"p1":52,
     "p2":54,
     "p3":59},
    {"p1":52,
     "p2":53,
     "p3":54},
    {"p1":14,
     "p2":15,
     "p3":71},
    {"p1":14,
     "p2":71,
     "p3":72},
    {"p1":13,
     "p2":14,
     "p3":72},
    {"p1":27,
     "p2":68,
     "p3":69},
    {"p1":27,
     "p2":69,
     "p3":70},
    {"p1":30,
     "p2":31,
     "p3":60},
    {"p1":30,
     "p2":60,
     "p3":61},
    {"p1":15,
     "p2":16,
     "p3":70},
    {"p1":16,
     "p2":27,
     "p3":70},
    {"p1":57,
     "p2":58,
     "p3":59},
    {"p1":27,
     "p2":65,
     "p3":66},
    {"p1":28,
     "p2":64,
     "p3":65},
    {"p1":27,
     "p2":28,
     "p3":65},
    {"p1":32,
     "p2":33,
     "p3":59},
    {"p1":31,
     "p2":32,
     "p3":60},
    {"p1":32,
     "p2":59,
     "p3":60},
    {"p1":34,
     "p2":35,
     "p3":59},
    {"p1":33,
     "p2":34,
     "p3":59},
    {"p1":38,
     "p2":39,
     "p3":59},
    {"p1":39,
     "p2":52,
     "p3":59},
    {"p1":39,
     "p2":40,
     "p3":41},
    {"p1":39,
     "p2":41,
     "p3":52},
    {"p1":79,
     "p2":80,
     "p3":81},
    {"p1":76,
     "p2":79,
     "p3":81},
    {"p1":96,
     "p2":97,
     "p3":98},
    {"p1":81,
     "p2":89,
     "p3":99},
    {"p1":81,
     "p2":99,
     "p3":100},
    {"p1":89,
     "p2":94,
     "p3":99},
    {"p1":94,
     "p2":95,
     "p3":99},
    {"p1":95,
     "p2":96,
     "p3":99},
    {"p1":96,
     "p2":98,
     "p3":99},
    {"p1":81,
     "p2":101,
     "p3":102},
    {"p1":81,
     "p2":100,
     "p3":101},
    {"p1":82,
     "p2":83,
     "p3":84},
    {"p1":44,
     "p2":50,
     "p3":51},
    {"p1":41,
     "p2":44,
     "p3":51},
    {"p1":41,
     "p2":51,
     "p3":52},
    {"p1":28,
     "p2":63,
     "p3":64},
    {"p1":29,
     "p2":30,
     "p3":61},
    {"p1":17,
     "p2":18,
     "p3":27},
    {"p1":16,
     "p2":17,
     "p3":27},
    {"p1":35,
     "p2":37,
     "p3":38},
    {"p1":35,
     "p2":36,
     "p3":37},
    {"p1":76,
     "p2":77,
     "p3":79},
    {"p1":28,
     "p2":62,
     "p3":63},
    {"p1":29,
     "p2":61,
     "p3":62},
    {"p1":28,
     "p2":29,
     "p3":62},
    {"p1":18,
     "p2":26,
     "p3":27},
    {"p1":22,
     "p2":23,
     "p3":24},
    {"p1":21,
     "p2":22,
     "p3":24},
    {"p1":21,
     "p2":24,
     "p3":25},
    {"p1":20,
     "p2":21,
     "p3":25},
    {"p1":20,
     "p2":25,
     "p3":26},
    {"p1":77,
     "p2":78,
     "p3":79},
    {"p1":18,
     "p2":19,
     "p3":26},
    {"p1":19,
     "p2":20,
     "p3":26}]
}