{"points":[
    {"x":0.1,
     "y":0.28966},
    {"x":0.12414,
     "y":0.29655},
    {"x":0.14828,
     "y":0.30345},
    {"x":0.16897,
     "y":0.2931},
    {"x":0.18966,
     "y":0.2931},
    {"x":0.20345,
     "y":0.31379},
    {"x":0.22759,
     "y":0.33448},
    {"x":0.25172,
     "y":0.34828},
    {"x":0.27586,
     "y":0.36207},
    {"x":0.3,
     "y":0.37241},
    {"x":0.32414,
     "y":0.38276},
    {"x":0.34828,
     "y":0.3931},
    {"x":0.37241,
     "y":0.40345},
    {"x":0.39655,
     "y":0.41724},
    {"x":0.42069,
     "y":0.43103},
    {"x":0.42069,
     "y":0.45517},
    {"x":0.42414,
     "y":0.47931},
    {"x":0.44138,
     "y":0.50345},
    {"x":0.46207,
     "y":0.51034},
    {"x":0.48621,
     "y":0.51724},
    {"x":0.51034,
     "y":0.52414},
    {"x":0.53448,
     "y":0.53103},
    {"x":0.55862,
     "y":0.53793},
    {"x":0.58276,
     "y":0.54483},
    {"x":0.6069,
     "y":0.55172},
    {"x":0.63103,
     "y":0.55517},
    {"x":0.65517,
     "y":0.55862},
    {"x":0.67931,
     "y":0.56207},
    {"x":0.70345,
     "y":0.56552},
    {"x":0.72759,
     "y":0.56897},
    {"x":0.75172,
     "y":0.56897},
    {"x":0.77586,
     "y":0.56897},
    {"x":0.8,
     "y":0.56897},
    {"x":0.82414,
     "y":0.56552},
    {"x":0.84828,
     "y":0.56207},
    {"x":0.87241,
     "y":0.55517},
    {"x":0.89655,
     "y":0.54828},
    {"x":0.91379,
     "y":0.52759},
    {"x":0.91724,
     "y":0.50345},
    {"x":0.91379,
     "y":0.47931},
    {"x":0.92759,
     "y":0.46207},
    {"x":0.94828,
     "y":0.44483},
    {"x":0.95172,
     "y":0.42069},
    {"x":0.95172,
     "y":0.39655},
    {"x":0.97241,
     "y":0.3931},
    {"x":0.98966,
     "y":0.37931},
    {"x":0.97931,
     "y":0.35517},
    {"x":0.95862,
     "y":0.34483},
    {"x":0.98276,
     "y":0.34138},
    {"x":1,
     "y":0.33103},
    {"x":0.99655,
     "y":0.3069},
    {"x":0.97586,
     "y":0.3069},
    {"x":0.95862,
     "y":0.3},
    {"x":0.98276,
     "y":0.28276},
    {"x":0.96897,
     "y":0.27241},
    {"x":0.94483,
     "y":0.28276},
    {"x":0.92759,
     "y":0.26897},
    {"x":0.92069,
     "y":0.24483},
    {"x":0.9069,
     "y":0.22069},
    {"x":0.88966,
     "y":0.20345},
    {"x":0.86552,
     "y":0.19655},
    {"x":0.84138,
     "y":0.2},
    {"x":0.81724,
     "y":0.21034},
    {"x":0.7931,
     "y":0.22414},
    {"x":0.76897,
     "y":0.21379},
    {"x":0.74483,
     "y":0.2069},
    {"x":0.72069,
     "y":0.19655},
    {"x":0.69655,
     "y":0.18621},
    {"x":0.67241,
     "y":0.17931},
    {"x":0.64828,
     "y":0.16897},
    {"x":0.62414,
     "y":0.16552},
    {"x":0.6,
     "y":0.16207},
    {"x":0.57586,
     "y":0.15517},
    {"x":0.55172,
     "y":0.14828},
    {"x":0.52759,
     "y":0.14828},
    {"x":0.50345,
     "y":0.15517},
    {"x":0.48621,
     "y":0.14828},
    {"x":0.48966,
     "y":0.12414},
    {"x":0.48621,
     "y":0.1},
    {"x":0.48276,
     "y":0.075862},
    {"x":0.47241,
     "y":0.051724},
    {"x":0.45862,
     "y":0.027586},
    {"x":0.43793,
     "y":0.0068966},
    {"x":0.41379,
     "y":0},
    {"x":0.38966,
     "y":0},
    {"x":0.36552,
     "y":0.0068966},
    {"x":0.34483,
     "y":0.024138},
    {"x":0.32759,
     "y":0.048276},
    {"x":0.3069,
     "y":0.058621},
    {"x":0.28276,
     "y":0.062069},
    {"x":0.25862,
     "y":0.072414},
    {"x":0.23448,
     "y":0.082759},
    {"x":0.21034,
     "y":0.093103},
    {"x":0.18621,
     "y":0.1},
    {"x":0.16207,
     "y":0.096552},
    {"x":0.13793,
     "y":0.096552},
    {"x":0.11379,
     "y":0.1069},
    {"x":0.089655,
     "y":0.12414},
    {"x":0.068966,
     "y":0.14828},
    {"x":0.048276,
     "y":0.16207},
    {"x":0.024138,
     "y":0.17586},
    {"x":0,
     "y":0.19655},
    {"x":0.0034483,
     "y":0.22069},
    {"x":0.024138,
     "y":0.22759},
    {"x":0.048276,
     "y":0.21034},
    {"x":0.072414,
     "y":0.2},
    {"x":0.062069,
     "y":0.22414},
    {"x":0.055172,
     "y":0.24483},
    {"x":0.068966,
     "y":0.26897},
    {"x":0.093103,
     "y":0.28621},
    {"x":0.1,
     "y":0.28966}],
 "triangles":[
    {"p1":101,
     "p2":102,
     "p3":103},
    {"p1":49,
     "p2":50,
     "p3":51},
    {"p1":81,
     "p2":83,
     "p3":84},
    {"p1":39,
     "p2":43,
     "p3":63},
    {"p1":0,
     "p2":105,
     "p3":109},
    {"p1":48,
     "p2":49,
     "p3":51},
    {"p1":47,
     "p2":48,
     "p3":51},
    {"p1":35,
     "p2":36,
     "p3":37},
    {"p1":44,
     "p2":45,
     "p3":46},
    {"p1":43,
     "p2":44,
     "p3":47},
    {"p1":44,
     "p2":46,
     "p3":47},
    {"p1":39,
     "p2":40,
     "p3":43},
    {"p1":81,
     "p2":82,
     "p3":83},
    {"p1":10,
     "p2":11,
     "p3":76},
    {"p1":21,
     "p2":68,
     "p3":70},
    {"p1":14,
     "p2":21,
     "p3":70},
    {"p1":11,
     "p2":12,
     "p3":76},
    {"p1":101,
     "p2":103,
     "p3":104},
    {"p1":100,
     "p2":101,
     "p3":104},
    {"p1":98,
     "p2":99,
     "p3":105},
    {"p1":99,
     "p2":100,
     "p3":104},
    {"p1":99,
     "p2":104,
     "p3":105},
    {"p1":47,
     "p2":51,
     "p3":52},
    {"p1":47,
     "p2":52,
     "p3":55},
    {"p1":47,
     "p2":55,
     "p3":56},
    {"p1":43,
     "p2":47,
     "p3":56},
    {"p1":43,
     "p2":56,
     "p3":63},
    {"p1":32,
     "p2":33,
     "p3":39},
    {"p1":31,
     "p2":32,
     "p3":39},
    {"p1":30,
     "p2":39,
     "p3":63},
    {"p1":30,
     "p2":31,
     "p3":39},
    {"p1":33,
     "p2":34,
     "p3":39},
    {"p1":34,
     "p2":35,
     "p3":39},
    {"p1":40,
     "p2":42,
     "p3":43},
    {"p1":40,
     "p2":41,
     "p3":42},
    {"p1":35,
     "p2":38,
     "p3":39},
    {"p1":35,
     "p2":37,
     "p3":38},
    {"p1":97,
     "p2":98,
     "p3":105},
    {"p1":7,
     "p2":8,
     "p3":76},
    {"p1":23,
     "p2":67,
     "p3":68},
    {"p1":21,
     "p2":22,
     "p3":68},
    {"p1":22,
     "p2":23,
     "p3":68},
    {"p1":23,
     "p2":24,
     "p3":25},
    {"p1":27,
     "p2":28,
     "p3":63},
    {"p1":28,
     "p2":29,
     "p3":30},
    {"p1":28,
     "p2":30,
     "p3":63},
    {"p1":14,
     "p2":72,
     "p3":75},
    {"p1":12,
     "p2":75,
     "p3":76},
    {"p1":14,
     "p2":71,
     "p3":72},
    {"p1":14,
     "p2":70,
     "p3":71},
    {"p1":68,
     "p2":69,
     "p3":70},
    {"p1":8,
     "p2":9,
     "p3":76},
    {"p1":9,
     "p2":10,
     "p3":76},
    {"p1":106,
     "p2":107,
     "p3":108},
    {"p1":106,
     "p2":108,
     "p3":109},
    {"p1":105,
     "p2":106,
     "p3":109},
    {"p1":0,
     "p2":1,
     "p3":105},
    {"p1":52,
     "p2":53,
     "p3":54},
    {"p1":52,
     "p2":54,
     "p3":55},
    {"p1":7,
     "p2":76,
     "p3":88},
    {"p1":14,
     "p2":20,
     "p3":21},
    {"p1":14,
     "p2":19,
     "p3":20},
    {"p1":13,
     "p2":14,
     "p3":75},
    {"p1":12,
     "p2":13,
     "p3":75},
    {"p1":3,
     "p2":93,
     "p3":105},
    {"p1":1,
     "p2":3,
     "p3":105},
    {"p1":1,
     "p2":2,
     "p3":3},
    {"p1":93,
     "p2":94,
     "p3":105},
    {"p1":56,
     "p2":62,
     "p3":63},
    {"p1":56,
     "p2":57,
     "p3":62},
    {"p1":57,
     "p2":61,
     "p3":62},
    {"p1":79,
     "p2":80,
     "p3":87},
    {"p1":78,
     "p2":79,
     "p3":87},
    {"p1":76,
     "p2":78,
     "p3":87},
    {"p1":76,
     "p2":87,
     "p3":88},
    {"p1":57,
     "p2":58,
     "p3":61},
    {"p1":58,
     "p2":59,
     "p3":60},
    {"p1":58,
     "p2":60,
     "p3":61},
    {"p1":14,
     "p2":18,
     "p3":19},
    {"p1":14,
     "p2":15,
     "p3":18},
    {"p1":15,
     "p2":16,
     "p3":18},
    {"p1":16,
     "p2":17,
     "p3":18},
    {"p1":96,
     "p2":97,
     "p3":105},
    {"p1":94,
     "p2":96,
     "p3":105},
    {"p1":3,
     "p2":4,
     "p3":93},
    {"p1":4,
     "p2":92,
     "p3":93},
    {"p1":4,
     "p2":91,
     "p3":92},
    {"p1":4,
     "p2":5,
     "p3":6},
    {"p1":4,
     "p2":6,
     "p3":7},
    {"p1":23,
     "p2":25,
     "p3":66},
    {"p1":23,
     "p2":66,
     "p3":67},
    {"p1":88,
     "p2":89,
     "p3":90},
    {"p1":4,
     "p2":90,
     "p3":91},
    {"p1":7,
     "p2":88,
     "p3":90},
    {"p1":4,
     "p2":7,
     "p3":90},
    {"p1":84,
     "p2":85,
     "p3":86},
    {"p1":81,
     "p2":84,
     "p3":86},
    {"p1":80,
     "p2":81,
     "p3":86},
    {"p1":80,
     "p2":86,
     "p3":87},
    {"p1":76,
     "p2":77,
     "p3":78},
    {"p1":94,
     "p2":95,
     "p3":96},
    {"p1":26,
     "p2":27,
     "p3":65},
    {"p1":25,
     "p2":26,
     "p3":65},
    {"p1":25,
     "p2":65,
     "p3":66},
    {"p1":27,
     "p2":63,
     "p3":64},
    {"p1":27,
     "p2":64,
     "p3":65},
    {"p1":72,
     "p2":73,
     "p3":74},
    {"p1":72,
     "p2":74,
     "p3":75}]
}