{"points":[
    {"x":0.39118,
     "y":0.27824},
    {"x":0.39394,
     "y":0.30303},
    {"x":0.39394,
     "y":0.32782},
    {"x":0.39394,
     "y":0.35262},
    {"x":0.38843,
     "y":0.36364},
    {"x":0.41322,
     "y":0.36915},
    {"x":0.43802,
     "y":0.37466},
    {"x":0.46281,
     "y":0.37741},
    {"x":0.4876,
     "y":0.38017},
    {"x":0.5124,
     "y":0.38292},
    {"x":0.53719,
     "y":0.38292},
    {"x":0.56198,
     "y":0.38567},
    {"x":0.58678,
     "y":0.38567},
    {"x":0.61157,
     "y":0.38567},
    {"x":0.63636,
     "y":0.38843},
    {"x":0.66116,
     "y":0.38843},
    {"x":0.68595,
     "y":0.38843},
    {"x":0.71074,
     "y":0.38843},
    {"x":0.73554,
     "y":0.38567},
    {"x":0.76033,
     "y":0.38292},
    {"x":0.78512,
     "y":0.38292},
    {"x":0.80992,
     "y":0.38292},
    {"x":0.83471,
     "y":0.38292},
    {"x":0.8595,
     "y":0.38292},
    {"x":0.8843,
     "y":0.38017},
    {"x":0.90909,
     "y":0.38017},
    {"x":0.93388,
     "y":0.37466},
    {"x":0.95868,
     "y":0.3719},
    {"x":0.97796,
     "y":0.35262},
    {"x":0.97796,
     "y":0.32782},
    {"x":0.97521,
     "y":0.30303},
    {"x":0.98072,
     "y":0.27824},
    {"x":0.97521,
     "y":0.25344},
    {"x":0.97521,
     "y":0.22865},
    {"x":0.99449,
     "y":0.20661},
    {"x":0.99725,
     "y":0.18182},
    {"x":0.99725,
     "y":0.15702},
    {"x":0.99174,
     "y":0.13223},
    {"x":1,
     "y":0.10744},
    {"x":0.98898,
     "y":0.099174},
    {"x":0.98072,
     "y":0.11846},
    {"x":0.96694,
     "y":0.11846},
    {"x":0.96694,
     "y":0.093664},
    {"x":0.95868,
     "y":0.068871},
    {"x":0.94215,
     "y":0.044077},
    {"x":0.91736,
     "y":0.030303},
    {"x":0.89256,
     "y":0.030303},
    {"x":0.86777,
     "y":0.041322},
    {"x":0.84573,
     "y":0.063361},
    {"x":0.8292,
     "y":0.077135},
    {"x":0.80441,
     "y":0.07989},
    {"x":0.77961,
     "y":0.07989},
    {"x":0.75482,
     "y":0.063361},
    {"x":0.73003,
     "y":0.052342},
    {"x":0.70523,
     "y":0.046832},
    {"x":0.68044,
     "y":0.052342},
    {"x":0.6584,
     "y":0.068871},
    {"x":0.63361,
     "y":0.071625},
    {"x":0.60882,
     "y":0.068871},
    {"x":0.58402,
     "y":0.068871},
    {"x":0.55923,
     "y":0.068871},
    {"x":0.53444,
     "y":0.068871},
    {"x":0.50964,
     "y":0.068871},
    {"x":0.48485,
     "y":0.068871},
    {"x":0.46006,
     "y":0.068871},
    {"x":0.43526,
     "y":0.068871},
    {"x":0.41047,
     "y":0.068871},
    {"x":0.38567,
     "y":0.068871},
    {"x":0.36088,
     "y":0.07438},
    {"x":0.33609,
     "y":0.07438},
    {"x":0.31129,
     "y":0.071625},
    {"x":0.29477,
     "y":0.060606},
    {"x":0.28375,
     "y":0.035813},
    {"x":0.26171,
     "y":0.013774},
    {"x":0.23691,
     "y":0.0027548},
    {"x":0.21212,
     "y":0},
    {"x":0.18733,
     "y":0.0055096},
    {"x":0.16529,
     "y":0.022039},
    {"x":0.14876,
     "y":0.044077},
    {"x":0.12397,
     "y":0.044077},
    {"x":0.10193,
     "y":0.027548},
    {"x":0.077135,
     "y":0.022039},
    {"x":0.052342,
     "y":0.024793},
    {"x":0.033058,
     "y":0.035813},
    {"x":0.013774,
     "y":0.055096},
    {"x":0.0027548,
     "y":0.07989},
    {"x":0,
     "y":0.10468},
    {"x":0.0027548,
     "y":0.12948},
    {"x":0.013774,
     "y":0.15427},
    {"x":0.0027548,
     "y":0.16529},
    {"x":0.024793,
     "y":0.17631},
    {"x":0.049587,
     "y":0.19008},
    {"x":0.052342,
     "y":0.21488},
    {"x":0.07438,
     "y":0.22865},
    {"x":0.099174,
     "y":0.22314},
    {"x":0.11295,
     "y":0.24242},
    {"x":0.13499,
     "y":0.26446},
    {"x":0.15978,
     "y":0.26722},
    {"x":0.18457,
     "y":0.26722},
    {"x":0.20937,
     "y":0.26722},
    {"x":0.23416,
     "y":0.26722},
    {"x":0.25895,
     "y":0.26722},
    {"x":0.28375,
     "y":0.26997},
    {"x":0.30854,
     "y":0.26997},
    {"x":0.33333,
     "y":0.26997},
    {"x":0.35813,
     "y":0.27273},
    {"x":0.38292,
     "y":0.27548},
    {"x":0.39118,
     "y":0.27824}],
 "triangles":[
    {"p1":44,
     "p2":45,
     "p3":46},
    {"p1":81,
     "p2":82,
     "p3":83},
    {"p1":70,
     "p2":101,
     "p3":102},
    {"p1":71,
     "p2":78,
     "p3":99},
    {"p1":71,
     "p2":72,
     "p3":78},
    {"p1":0,
     "p2":66,
     "p3":106},
    {"p1":10,
     "p2":11,
     "p3":60},
    {"p1":70,
     "p2":102,
     "p3":103},
    {"p1":91,
     "p2":92,
     "p3":93},
    {"p1":79,
     "p2":88,
     "p3":91},
    {"p1":79,
     "p2":85,
     "p3":86},
    {"p1":79,
     "p2":84,
     "p3":85},
    {"p1":79,
     "p2":83,
     "p3":84},
    {"p1":79,
     "p2":80,
     "p3":81},
    {"p1":79,
     "p2":81,
     "p3":83},
    {"p1":88,
     "p2":89,
     "p3":90},
    {"p1":88,
     "p2":90,
     "p3":91},
    {"p1":75,
     "p2":76,
     "p3":77},
    {"p1":74,
     "p2":75,
     "p3":77},
    {"p1":73,
     "p2":74,
     "p3":77},
    {"p1":72,
     "p2":77,
     "p3":78},
    {"p1":72,
     "p2":73,
     "p3":77},
    {"p1":12,
     "p2":13,
     "p3":58},
    {"p1":13,
     "p2":57,
     "p3":58},
    {"p1":13,
     "p2":14,
     "p3":57},
    {"p1":16,
     "p2":17,
     "p3":56},
    {"p1":51,
     "p2":52,
     "p3":56},
    {"p1":19,
     "p2":20,
     "p3":51},
    {"p1":78,
     "p2":98,
     "p3":99},
    {"p1":71,
     "p2":99,
     "p3":100},
    {"p1":70,
     "p2":100,
     "p3":101},
    {"p1":70,
     "p2":71,
     "p3":100},
    {"p1":2,
     "p2":3,
     "p3":5},
    {"p1":3,
     "p2":4,
     "p3":5},
    {"p1":2,
     "p2":5,
     "p3":6},
    {"p1":0,
     "p2":65,
     "p3":66},
    {"p1":0,
     "p2":64,
     "p3":65},
    {"p1":0,
     "p2":62,
     "p3":63},
    {"p1":0,
     "p2":63,
     "p3":64},
    {"p1":0,
     "p2":61,
     "p3":62},
    {"p1":0,
     "p2":10,
     "p3":61},
    {"p1":10,
     "p2":60,
     "p3":61},
    {"p1":12,
     "p2":58,
     "p3":59},
    {"p1":11,
     "p2":12,
     "p3":59},
    {"p1":11,
     "p2":59,
     "p3":60},
    {"p1":1,
     "p2":2,
     "p3":6},
    {"p1":1,
     "p2":6,
     "p3":7},
    {"p1":1,
     "p2":7,
     "p3":8},
    {"p1":0,
     "p2":1,
     "p3":8},
    {"p1":68,
     "p2":105,
     "p3":106},
    {"p1":68,
     "p2":104,
     "p3":105},
    {"p1":79,
     "p2":86,
     "p3":87},
    {"p1":79,
     "p2":87,
     "p3":88},
    {"p1":15,
     "p2":56,
     "p3":57},
    {"p1":15,
     "p2":16,
     "p3":56},
    {"p1":14,
     "p2":15,
     "p3":57},
    {"p1":52,
     "p2":53,
     "p3":56},
    {"p1":53,
     "p2":54,
     "p3":55},
    {"p1":53,
     "p2":55,
     "p3":56},
    {"p1":44,
     "p2":46,
     "p3":47},
    {"p1":18,
     "p2":19,
     "p3":51},
    {"p1":17,
     "p2":18,
     "p3":56},
    {"p1":18,
     "p2":51,
     "p3":56},
    {"p1":78,
     "p2":94,
     "p3":98},
    {"p1":91,
     "p2":93,
     "p3":94},
    {"p1":78,
     "p2":79,
     "p3":94},
    {"p1":79,
     "p2":91,
     "p3":94},
    {"p1":0,
     "p2":9,
     "p3":10},
    {"p1":0,
     "p2":8,
     "p3":9},
    {"p1":66,
     "p2":67,
     "p3":106},
    {"p1":67,
     "p2":68,
     "p3":106},
    {"p1":68,
     "p2":69,
     "p3":104},
    {"p1":69,
     "p2":70,
     "p3":103},
    {"p1":69,
     "p2":103,
     "p3":104},
    {"p1":22,
     "p2":23,
     "p3":32},
    {"p1":27,
     "p2":28,
     "p3":29},
    {"p1":26,
     "p2":27,
     "p3":29},
    {"p1":95,
     "p2":97,
     "p3":98},
    {"p1":94,
     "p2":95,
     "p3":98},
    {"p1":95,
     "p2":96,
     "p3":97},
    {"p1":21,
     "p2":22,
     "p3":50},
    {"p1":20,
     "p2":50,
     "p3":51},
    {"p1":20,
     "p2":21,
     "p3":50},
    {"p1":43,
     "p2":44,
     "p3":47},
    {"p1":43,
     "p2":47,
     "p3":48},
    {"p1":30,
     "p2":31,
     "p3":32},
    {"p1":25,
     "p2":26,
     "p3":30},
    {"p1":26,
     "p2":29,
     "p3":30},
    {"p1":22,
     "p2":32,
     "p3":33},
    {"p1":22,
     "p2":33,
     "p3":50},
    {"p1":33,
     "p2":35,
     "p3":41},
    {"p1":41,
     "p2":48,
     "p3":49},
    {"p1":33,
     "p2":41,
     "p3":49},
    {"p1":33,
     "p2":49,
     "p3":50},
    {"p1":41,
     "p2":42,
     "p3":48},
    {"p1":42,
     "p2":43,
     "p3":48},
    {"p1":23,
     "p2":24,
     "p3":32},
    {"p1":24,
     "p2":30,
     "p3":32},
    {"p1":24,
     "p2":25,
     "p3":30},
    {"p1":33,
     "p2":34,
     "p3":35},
    {"p1":35,
     "p2":36,
     "p3":41},
    {"p1":36,
     "p2":37,
     "p3":41},
    {"p1":37,
     "p2":40,
     "p3":41},
    {"p1":38,
     "p2":39,
     "p3":40},
    {"p1":37,
     "p2":38,
     "p3":40}]
}