{"points":[
    {"x":0.12169,
     "y":0.24868},
    {"x":0.14286,
     "y":0.2672},
    {"x":0.16667,
     "y":0.28042},
    {"x":0.19048,
     "y":0.27249},
    {"x":0.21429,
     "y":0.27249},
    {"x":0.2381,
     "y":0.27249},
    {"x":0.2619,
     "y":0.27249},
    {"x":0.28571,
     "y":0.27513},
    {"x":0.30952,
     "y":0.27513},
    {"x":0.33333,
     "y":0.27513},
    {"x":0.35714,
     "y":0.27513},
    {"x":0.37831,
     "y":0.27778},
    {"x":0.38095,
     "y":0.30159},
    {"x":0.38095,
     "y":0.3254},
    {"x":0.38095,
     "y":0.34921},
    {"x":0.37831,
     "y":0.37302},
    {"x":0.38624,
     "y":0.37831},
    {"x":0.41005,
     "y":0.38095},
    {"x":0.43386,
     "y":0.38095},
    {"x":0.45767,
     "y":0.38095},
    {"x":0.48148,
     "y":0.38095},
    {"x":0.50529,
     "y":0.38095},
    {"x":0.5291,
     "y":0.38095},
    {"x":0.55291,
     "y":0.38095},
    {"x":0.57672,
     "y":0.38095},
    {"x":0.60053,
     "y":0.38095},
    {"x":0.62434,
     "y":0.38095},
    {"x":0.64815,
     "y":0.38095},
    {"x":0.67196,
     "y":0.37831},
    {"x":0.69577,
     "y":0.37831},
    {"x":0.71958,
     "y":0.37566},
    {"x":0.74339,
     "y":0.37302},
    {"x":0.7672,
     "y":0.37037},
    {"x":0.79101,
     "y":0.35714},
    {"x":0.80159,
     "y":0.33333},
    {"x":0.80423,
     "y":0.30952},
    {"x":0.80423,
     "y":0.28571},
    {"x":0.79894,
     "y":0.2619},
    {"x":0.82275,
     "y":0.24868},
    {"x":0.84656,
     "y":0.2381},
    {"x":0.87037,
     "y":0.22751},
    {"x":0.89418,
     "y":0.21164},
    {"x":0.91799,
     "y":0.2037},
    {"x":0.93651,
     "y":0.21958},
    {"x":0.96032,
     "y":0.22487},
    {"x":0.97884,
     "y":0.2037},
    {"x":0.98677,
     "y":0.17989},
    {"x":0.99471,
     "y":0.15608},
    {"x":0.99735,
     "y":0.13228},
    {"x":1,
     "y":0.10847},
    {"x":0.99206,
     "y":0.084656},
    {"x":0.96825,
     "y":0.079365},
    {"x":0.94974,
     "y":0.074074},
    {"x":0.9418,
     "y":0.050265},
    {"x":0.92328,
     "y":0.026455},
    {"x":0.89947,
     "y":0.013228},
    {"x":0.87566,
     "y":0.0079365},
    {"x":0.85185,
     "y":0.013228},
    {"x":0.82804,
     "y":0.02381},
    {"x":0.80952,
     "y":0.042328},
    {"x":0.79365,
     "y":0.055556},
    {"x":0.76984,
     "y":0.044974},
    {"x":0.74603,
     "y":0.042328},
    {"x":0.72222,
     "y":0.042328},
    {"x":0.69841,
     "y":0.05291},
    {"x":0.6746,
     "y":0.066138},
    {"x":0.65079,
     "y":0.066138},
    {"x":0.62698,
     "y":0.066138},
    {"x":0.60317,
     "y":0.066138},
    {"x":0.57937,
     "y":0.066138},
    {"x":0.55556,
     "y":0.066138},
    {"x":0.53175,
     "y":0.068783},
    {"x":0.50794,
     "y":0.068783},
    {"x":0.48413,
     "y":0.068783},
    {"x":0.46032,
     "y":0.068783},
    {"x":0.43651,
     "y":0.068783},
    {"x":0.4127,
     "y":0.068783},
    {"x":0.38889,
     "y":0.066138},
    {"x":0.36508,
     "y":0.066138},
    {"x":0.34127,
     "y":0.066138},
    {"x":0.31746,
     "y":0.068783},
    {"x":0.29365,
     "y":0.068783},
    {"x":0.27249,
     "y":0.063492},
    {"x":0.2619,
     "y":0.039683},
    {"x":0.24339,
     "y":0.018519},
    {"x":0.21958,
     "y":0.005291},
    {"x":0.19577,
     "y":0},
    {"x":0.17196,
     "y":0.0026455},
    {"x":0.14815,
     "y":0.013228},
    {"x":0.12434,
     "y":0.029101},
    {"x":0.10053,
     "y":0.031746},
    {"x":0.07672,
     "y":0.039683},
    {"x":0.055556,
     "y":0.05291},
    {"x":0.037037,
     "y":0.07672},
    {"x":0.013228,
     "y":0.082011},
    {"x":0,
     "y":0.10317},
    {"x":0.010582,
     "y":0.12698},
    {"x":0.031746,
     "y":0.13757},
    {"x":0.031746,
     "y":0.16138},
    {"x":0.044974,
     "y":0.18519},
    {"x":0.068783,
     "y":0.19841},
    {"x":0.079365,
     "y":0.21693},
    {"x":0.10317,
     "y":0.2328},
    {"x":0.12169,
     "y":0.24868}],
 "triangles":[
    {"p1":55,
     "p2":56,
     "p3":57},
    {"p1":94,
     "p2":95,
     "p3":96},
    {"p1":47,
     "p2":48,
     "p3":52},
    {"p1":90,
     "p2":91,
     "p3":97},
    {"p1":1,
     "p2":2,
     "p3":3},
    {"p1":91,
     "p2":93,
     "p3":97},
    {"p1":93,
     "p2":94,
     "p3":96},
    {"p1":93,
     "p2":96,
     "p3":97},
    {"p1":25,
     "p2":26,
     "p3":68},
    {"p1":53,
     "p2":54,
     "p3":55},
    {"p1":53,
     "p2":55,
     "p3":57},
    {"p1":52,
     "p2":53,
     "p3":57},
    {"p1":48,
     "p2":49,
     "p3":51},
    {"p1":48,
     "p2":51,
     "p3":52},
    {"p1":49,
     "p2":50,
     "p3":51},
    {"p1":28,
     "p2":29,
     "p3":37},
    {"p1":29,
     "p2":30,
     "p3":37},
    {"p1":85,
     "p2":86,
     "p3":87},
    {"p1":82,
     "p2":89,
     "p3":102},
    {"p1":89,
     "p2":90,
     "p3":97},
    {"p1":3,
     "p2":4,
     "p3":82},
    {"p1":6,
     "p2":81,
     "p3":82},
    {"p1":91,
     "p2":92,
     "p3":93},
    {"p1":32,
     "p2":33,
     "p3":34},
    {"p1":42,
     "p2":47,
     "p3":52},
    {"p1":41,
     "p2":42,
     "p3":52},
    {"p1":42,
     "p2":46,
     "p3":47},
    {"p1":42,
     "p2":45,
     "p3":46},
    {"p1":28,
     "p2":37,
     "p3":66},
    {"p1":37,
     "p2":65,
     "p3":66},
    {"p1":27,
     "p2":28,
     "p3":66},
    {"p1":24,
     "p2":69,
     "p3":70},
    {"p1":24,
     "p2":25,
     "p3":69},
    {"p1":25,
     "p2":68,
     "p3":69},
    {"p1":30,
     "p2":36,
     "p3":37},
    {"p1":0,
     "p2":3,
     "p3":82},
    {"p1":0,
     "p2":82,
     "p3":102},
    {"p1":0,
     "p2":1,
     "p3":3},
    {"p1":82,
     "p2":88,
     "p3":89},
    {"p1":82,
     "p2":83,
     "p3":88},
    {"p1":85,
     "p2":87,
     "p3":88},
    {"p1":83,
     "p2":85,
     "p3":88},
    {"p1":89,
     "p2":97,
     "p3":100},
    {"p1":89,
     "p2":100,
     "p3":102},
    {"p1":98,
     "p2":99,
     "p3":100},
    {"p1":97,
     "p2":98,
     "p3":100},
    {"p1":5,
     "p2":6,
     "p3":82},
    {"p1":4,
     "p2":5,
     "p3":82},
    {"p1":9,
     "p2":79,
     "p3":80},
    {"p1":83,
     "p2":84,
     "p3":85},
    {"p1":8,
     "p2":9,
     "p3":80},
    {"p1":8,
     "p2":80,
     "p3":81},
    {"p1":23,
     "p2":24,
     "p3":70},
    {"p1":11,
     "p2":72,
     "p3":73},
    {"p1":11,
     "p2":21,
     "p3":22},
    {"p1":11,
     "p2":73,
     "p3":74},
    {"p1":11,
     "p2":74,
     "p3":75},
    {"p1":11,
     "p2":75,
     "p3":76},
    {"p1":11,
     "p2":76,
     "p3":77},
    {"p1":60,
     "p2":61,
     "p3":62},
    {"p1":41,
     "p2":52,
     "p3":59},
    {"p1":41,
     "p2":59,
     "p3":60},
    {"p1":52,
     "p2":57,
     "p3":59},
    {"p1":57,
     "p2":58,
     "p3":59},
    {"p1":43,
     "p2":44,
     "p3":45},
    {"p1":42,
     "p2":43,
     "p3":45},
    {"p1":26,
     "p2":27,
     "p3":67},
    {"p1":27,
     "p2":66,
     "p3":67},
    {"p1":26,
     "p2":67,
     "p3":68},
    {"p1":62,
     "p2":63,
     "p3":64},
    {"p1":60,
     "p2":62,
     "p3":64},
    {"p1":37,
     "p2":64,
     "p3":65},
    {"p1":37,
     "p2":60,
     "p3":64},
    {"p1":30,
     "p2":31,
     "p3":36},
    {"p1":31,
     "p2":35,
     "p3":36},
    {"p1":31,
     "p2":32,
     "p3":34},
    {"p1":31,
     "p2":34,
     "p3":35},
    {"p1":100,
     "p2":101,
     "p3":102},
    {"p1":12,
     "p2":13,
     "p3":19},
    {"p1":6,
     "p2":7,
     "p3":81},
    {"p1":7,
     "p2":8,
     "p3":81},
    {"p1":14,
     "p2":15,
     "p3":16},
    {"p1":14,
     "p2":16,
     "p3":17},
    {"p1":22,
     "p2":23,
     "p3":71},
    {"p1":23,
     "p2":70,
     "p3":71},
    {"p1":11,
     "p2":71,
     "p3":72},
    {"p1":11,
     "p2":22,
     "p3":71},
    {"p1":9,
     "p2":10,
     "p3":79},
    {"p1":10,
     "p2":78,
     "p3":79},
    {"p1":10,
     "p2":77,
     "p3":78},
    {"p1":10,
     "p2":11,
     "p3":77},
    {"p1":37,
     "p2":38,
     "p3":60},
    {"p1":38,
     "p2":39,
     "p3":60},
    {"p1":40,
     "p2":41,
     "p3":60},
    {"p1":39,
     "p2":40,
     "p3":60},
    {"p1":13,
     "p2":18,
     "p3":19},
    {"p1":14,
     "p2":17,
     "p3":18},
    {"p1":13,
     "p2":14,
     "p3":18},
    {"p1":12,
     "p2":19,
     "p3":20},
    {"p1":11,
     "p2":20,
     "p3":21},
    {"p1":11,
     "p2":12,
     "p3":20}]
}