{"points":[
    {"x":0.21327,
     "y":0.5},
    {"x":0.2109,
     "y":0.52607},
    {"x":0.2109,
     "y":0.55213},
    {"x":0.20853,
     "y":0.5782},
    {"x":0.20853,
     "y":0.60427},
    {"x":0.20853,
     "y":0.63033},
    {"x":0.20853,
     "y":0.6564},
    {"x":0.21327,
     "y":0.68246},
    {"x":0.22749,
     "y":0.70853},
    {"x":0.25118,
     "y":0.7346},
    {"x":0.27251,
     "y":0.75829},
    {"x":0.29147,
     "y":0.78436},
    {"x":0.30332,
     "y":0.81043},
    {"x":0.31517,
     "y":0.83649},
    {"x":0.33649,
     "y":0.86256},
    {"x":0.35545,
     "y":0.88152},
    {"x":0.38152,
     "y":0.8981},
    {"x":0.40758,
     "y":0.90995},
    {"x":0.43365,
     "y":0.91706},
    {"x":0.45972,
     "y":0.92654},
    {"x":0.48578,
     "y":0.93365},
    {"x":0.51185,
     "y":0.94313},
    {"x":0.53791,
     "y":0.95261},
    {"x":0.56398,
     "y":0.96209},
    {"x":0.59005,
     "y":0.97156},
    {"x":0.61611,
     "y":0.98104},
    {"x":0.64218,
     "y":0.99052},
    {"x":0.66825,
     "y":1},
    {"x":0.65403,
     "y":0.97393},
    {"x":0.64455,
     "y":0.94787},
    {"x":0.63744,
     "y":0.9218},
    {"x":0.6327,
     "y":0.89573},
    {"x":0.6327,
     "y":0.86967},
    {"x":0.63744,
     "y":0.8436},
    {"x":0.64218,
     "y":0.81754},
    {"x":0.64692,
     "y":0.79147},
    {"x":0.65166,
     "y":0.7654},
    {"x":0.65403,
     "y":0.73934},
    {"x":0.65403,
     "y":0.71327},
    {"x":0.65403,
     "y":0.6872},
    {"x":0.65403,
     "y":0.66114},
    {"x":0.65166,
     "y":0.63507},
    {"x":0.65166,
     "y":0.609},
    {"x":0.65166,
     "y":0.58294},
    {"x":0.65166,
     "y":0.55687},
    {"x":0.64929,
     "y":0.53081},
    {"x":0.64929,
     "y":0.50474},
    {"x":0.64929,
     "y":0.47867},
    {"x":0.64692,
     "y":0.45261},
    {"x":0.64692,
     "y":0.42654},
    {"x":0.64692,
     "y":0.40047},
    {"x":0.64455,
     "y":0.37441},
    {"x":0.64218,
     "y":0.34834},
    {"x":0.63507,
     "y":0.32227},
    {"x":0.62796,
     "y":0.29621},
    {"x":0.61611,
     "y":0.27014},
    {"x":0.6019,
     "y":0.24408},
    {"x":0.58531,
     "y":0.21801},
    {"x":0.56398,
     "y":0.19194},
    {"x":0.53791,
     "y":0.16588},
    {"x":0.51185,
     "y":0.14218},
    {"x":0.48578,
     "y":0.12559},
    {"x":0.45972,
     "y":0.109},
    {"x":0.43365,
     "y":0.094787},
    {"x":0.40758,
     "y":0.085308},
    {"x":0.38152,
     "y":0.075829},
    {"x":0.35545,
     "y":0.06872},
    {"x":0.32938,
     "y":0.056872},
    {"x":0.30332,
     "y":0.045024},
    {"x":0.27725,
     "y":0.037915},
    {"x":0.25118,
     "y":0.030806},
    {"x":0.22512,
     "y":0.026066},
    {"x":0.19905,
     "y":0.021327},
    {"x":0.17299,
     "y":0.016588},
    {"x":0.14692,
     "y":0.014218},
    {"x":0.12085,
     "y":0.0094787},
    {"x":0.094787,
     "y":0.007109},
    {"x":0.06872,
     "y":0.0047393},
    {"x":0.042654,
     "y":0.0023697},
    {"x":0.016588,
     "y":0},
    {"x":0,
     "y":0},
    {"x":0.026066,
     "y":0.016588},
    {"x":0.052133,
     "y":0.033175},
    {"x":0.078199,
     "y":0.049763},
    {"x":0.10427,
     "y":0.07109},
    {"x":0.13033,
     "y":0.092417},
    {"x":0.15403,
     "y":0.11848},
    {"x":0.17299,
     "y":0.14455},
    {"x":0.18957,
     "y":0.17062},
    {"x":0.20142,
     "y":0.19668},
    {"x":0.20853,
     "y":0.22275},
    {"x":0.21564,
     "y":0.24882},
    {"x":0.21801,
     "y":0.27488},
    {"x":0.22038,
     "y":0.30095},
    {"x":0.21801,
     "y":0.32701},
    {"x":0.21801,
     "y":0.35308},
    {"x":0.21801,
     "y":0.37915},
    {"x":0.21564,
     "y":0.40521},
    {"x":0.21564,
     "y":0.43128},
    {"x":0.21327,
     "y":0.45735},
    {"x":0.21327,
     "y":0.48341},
    {"x":0.21327,
     "y":0.5}],
 "triangles":[
    {"p1":60,
     "p2":61,
     "p3":93},
    {"p1":57,
     "p2":58,
     "p3":93},
    {"p1":61,
     "p2":62,
     "p3":92},
    {"p1":61,
     "p2":92,
     "p3":93},
    {"p1":59,
     "p2":60,
     "p3":93},
    {"p1":58,
     "p2":59,
     "p3":93},
    {"p1":49,
     "p2":97,
     "p3":98},
    {"p1":57,
     "p2":93,
     "p3":94},
    {"p1":57,
     "p2":94,
     "p3":95},
    {"p1":26,
     "p2":27,
     "p3":28},
    {"p1":12,
     "p2":13,
     "p3":14},
    {"p1":12,
     "p2":14,
     "p3":18},
    {"p1":67,
     "p2":68,
     "p3":88},
    {"p1":68,
     "p2":69,
     "p3":88},
    {"p1":67,
     "p2":88,
     "p3":89},
    {"p1":24,
     "p2":29,
     "p3":30},
    {"p1":23,
     "p2":30,
     "p3":31},
    {"p1":23,
     "p2":24,
     "p3":30},
    {"p1":24,
     "p2":25,
     "p3":29},
    {"p1":25,
     "p2":26,
     "p3":28},
    {"p1":25,
     "p2":28,
     "p3":29},
    {"p1":4,
     "p2":9,
     "p3":10},
    {"p1":4,
     "p2":5,
     "p3":9},
    {"p1":14,
     "p2":15,
     "p3":16},
    {"p1":14,
     "p2":16,
     "p3":18},
    {"p1":12,
     "p2":36,
     "p3":37},
    {"p1":12,
     "p2":18,
     "p3":36},
    {"p1":71,
     "p2":86,
     "p3":87},
    {"p1":70,
     "p2":71,
     "p3":87},
    {"p1":69,
     "p2":87,
     "p3":88},
    {"p1":69,
     "p2":70,
     "p3":87},
    {"p1":65,
     "p2":90,
     "p3":91},
    {"p1":62,
     "p2":63,
     "p3":91},
    {"p1":62,
     "p2":91,
     "p3":92},
    {"p1":66,
     "p2":89,
     "p3":90},
    {"p1":65,
     "p2":66,
     "p3":90},
    {"p1":66,
     "p2":67,
     "p3":89},
    {"p1":22,
     "p2":23,
     "p3":31},
    {"p1":22,
     "p2":31,
     "p3":32},
    {"p1":21,
     "p2":22,
     "p3":32},
    {"p1":20,
     "p2":21,
     "p3":32},
    {"p1":2,
     "p2":44,
     "p3":45},
    {"p1":1,
     "p2":2,
     "p3":45},
    {"p1":0,
     "p2":45,
     "p3":46},
    {"p1":0,
     "p2":1,
     "p3":45},
    {"p1":56,
     "p2":57,
     "p3":95},
    {"p1":55,
     "p2":56,
     "p3":95},
    {"p1":53,
     "p2":54,
     "p3":55},
    {"p1":49,
     "p2":50,
     "p3":97},
    {"p1":51,
     "p2":52,
     "p3":53},
    {"p1":6,
     "p2":7,
     "p3":8},
    {"p1":6,
     "p2":8,
     "p3":9},
    {"p1":5,
     "p2":6,
     "p3":9},
    {"p1":4,
     "p2":10,
     "p3":42},
    {"p1":10,
     "p2":41,
     "p3":42},
    {"p1":12,
     "p2":37,
     "p3":38},
    {"p1":10,
     "p2":11,
     "p3":41},
    {"p1":11,
     "p2":40,
     "p3":41},
    {"p1":11,
     "p2":12,
     "p3":38},
    {"p1":16,
     "p2":17,
     "p3":18},
    {"p1":18,
     "p2":34,
     "p3":35},
    {"p1":18,
     "p2":35,
     "p3":36},
    {"p1":75,
     "p2":83,
     "p3":84},
    {"p1":79,
     "p2":80,
     "p3":81},
    {"p1":78,
     "p2":79,
     "p3":81},
    {"p1":78,
     "p2":81,
     "p3":82},
    {"p1":71,
     "p2":72,
     "p3":86},
    {"p1":72,
     "p2":85,
     "p3":86},
    {"p1":72,
     "p2":73,
     "p3":85},
    {"p1":74,
     "p2":84,
     "p3":85},
    {"p1":73,
     "p2":74,
     "p3":85},
    {"p1":74,
     "p2":75,
     "p3":84},
    {"p1":63,
     "p2":64,
     "p3":91},
    {"p1":64,
     "p2":65,
     "p3":91},
    {"p1":18,
     "p2":19,
     "p3":34},
    {"p1":19,
     "p2":20,
     "p3":34},
    {"p1":20,
     "p2":33,
     "p3":34},
    {"p1":20,
     "p2":32,
     "p3":33},
    {"p1":47,
     "p2":48,
     "p3":100},
    {"p1":48,
     "p2":99,
     "p3":100},
    {"p1":48,
     "p2":98,
     "p3":99},
    {"p1":48,
     "p2":49,
     "p3":98},
    {"p1":50,
     "p2":96,
     "p3":97},
    {"p1":50,
     "p2":51,
     "p3":96},
    {"p1":51,
     "p2":53,
     "p3":96},
    {"p1":55,
     "p2":95,
     "p3":96},
    {"p1":53,
     "p2":55,
     "p3":96},
    {"p1":2,
     "p2":43,
     "p3":44},
    {"p1":2,
     "p2":3,
     "p3":43},
    {"p1":3,
     "p2":4,
     "p3":43},
    {"p1":4,
     "p2":42,
     "p3":43},
    {"p1":11,
     "p2":39,
     "p3":40},
    {"p1":11,
     "p2":38,
     "p3":39},
    {"p1":75,
     "p2":76,
     "p3":83},
    {"p1":77,
     "p2":82,
     "p3":83},
    {"p1":76,
     "p2":77,
     "p3":83},
    {"p1":77,
     "p2":78,
     "p3":82},
    {"p1":0,
     "p2":46,
     "p3":47},
    {"p1":0,
     "p2":47,
     "p3":100}]
}