{"points":[
    {"x":0.20993,
     "y":0.50113},
    {"x":0.20767,
     "y":0.52596},
    {"x":0.20767,
     "y":0.55079},
    {"x":0.20767,
     "y":0.57562},
    {"x":0.20767,
     "y":0.60045},
    {"x":0.20542,
     "y":0.62528},
    {"x":0.20542,
     "y":0.65011},
    {"x":0.20542,
     "y":0.67494},
    {"x":0.20542,
     "y":0.69977},
    {"x":0.20542,
     "y":0.7246},
    {"x":0.20316,
     "y":0.74944},
    {"x":0.20316,
     "y":0.77427},
    {"x":0.20316,
     "y":0.7991},
    {"x":0.20316,
     "y":0.82393},
    {"x":0.2009,
     "y":0.84876},
    {"x":0.20542,
     "y":0.87133},
    {"x":0.23025,
     "y":0.8781},
    {"x":0.25508,
     "y":0.88713},
    {"x":0.27991,
     "y":0.89391},
    {"x":0.30474,
     "y":0.90068},
    {"x":0.32957,
     "y":0.90971},
    {"x":0.3544,
     "y":0.91648},
    {"x":0.37923,
     "y":0.92325},
    {"x":0.40406,
     "y":0.93228},
    {"x":0.42889,
     "y":0.93905},
    {"x":0.45372,
     "y":0.94582},
    {"x":0.47856,
     "y":0.95485},
    {"x":0.50339,
     "y":0.96163},
    {"x":0.52822,
     "y":0.9684},
    {"x":0.55305,
     "y":0.97743},
    {"x":0.57788,
     "y":0.9842},
    {"x":0.60271,
     "y":0.99097},
    {"x":0.62754,
     "y":1},
    {"x":0.63657,
     "y":0.98194},
    {"x":0.63431,
     "y":0.95711},
    {"x":0.63431,
     "y":0.93228},
    {"x":0.63431,
     "y":0.90745},
    {"x":0.63205,
     "y":0.88262},
    {"x":0.63205,
     "y":0.85779},
    {"x":0.63205,
     "y":0.83296},
    {"x":0.63205,
     "y":0.80813},
    {"x":0.6298,
     "y":0.7833},
    {"x":0.6298,
     "y":0.75847},
    {"x":0.6298,
     "y":0.73363},
    {"x":0.62754,
     "y":0.7088},
    {"x":0.62754,
     "y":0.68397},
    {"x":0.62754,
     "y":0.65914},
    {"x":0.62754,
     "y":0.63431},
    {"x":0.62528,
     "y":0.60948},
    {"x":0.62528,
     "y":0.58465},
    {"x":0.62528,
     "y":0.55982},
    {"x":0.62302,
     "y":0.53499},
    {"x":0.62302,
     "y":0.51016},
    {"x":0.62302,
     "y":0.48533},
    {"x":0.62302,
     "y":0.4605},
    {"x":0.62077,
     "y":0.43567},
    {"x":0.62077,
     "y":0.41084},
    {"x":0.62077,
     "y":0.386},
    {"x":0.61851,
     "y":0.36117},
    {"x":0.61625,
     "y":0.33634},
    {"x":0.60948,
     "y":0.31151},
    {"x":0.60271,
     "y":0.28668},
    {"x":0.59142,
     "y":0.26185},
    {"x":0.57788,
     "y":0.23702},
    {"x":0.56208,
     "y":0.21219},
    {"x":0.54176,
     "y":0.18736},
    {"x":0.52144,
     "y":0.16479},
    {"x":0.49661,
     "y":0.14221},
    {"x":0.47178,
     "y":0.12415},
    {"x":0.44695,
     "y":0.10835},
    {"x":0.42212,
     "y":0.094808},
    {"x":0.39729,
     "y":0.085779},
    {"x":0.37246,
     "y":0.074492},
    {"x":0.34763,
     "y":0.06772},
    {"x":0.3228,
     "y":0.058691},
    {"x":0.29797,
     "y":0.047404},
    {"x":0.27314,
     "y":0.040632},
    {"x":0.24831,
     "y":0.03386},
    {"x":0.22348,
     "y":0.027088},
    {"x":0.19865,
     "y":0.022573},
    {"x":0.17381,
     "y":0.018059},
    {"x":0.14898,
     "y":0.015801},
    {"x":0.12415,
     "y":0.013544},
    {"x":0.099323,
     "y":0.011287},
    {"x":0.074492,
     "y":0.006772},
    {"x":0.049661,
     "y":0.0045147},
    {"x":0.024831,
     "y":0.0022573},
    {"x":0,
     "y":0},
    {"x":0.024831,
     "y":0.015801},
    {"x":0.049661,
     "y":0.031603},
    {"x":0.074492,
     "y":0.047404},
    {"x":0.099323,
     "y":0.06772},
    {"x":0.12415,
     "y":0.088036},
    {"x":0.14673,
     "y":0.11061},
    {"x":0.16704,
     "y":0.13544},
    {"x":0.18284,
     "y":0.16027},
    {"x":0.19413,
     "y":0.1851},
    {"x":0.2009,
     "y":0.20993},
    {"x":0.20767,
     "y":0.23476},
    {"x":0.21219,
     "y":0.25959},
    {"x":0.21445,
     "y":0.28442},
    {"x":0.21219,
     "y":0.30926},
    {"x":0.21219,
     "y":0.33409},
    {"x":0.21219,
     "y":0.35892},
    {"x":0.21219,
     "y":0.38375},
    {"x":0.20993,
     "y":0.40858},
    {"x":0.20993,
     "y":0.43341},
    {"x":0.20993,
     "y":0.45824},
    {"x":0.20993,
     "y":0.48307},
    {"x":0.20993,
     "y":0.50113}],
 "triangles":[
    {"p1":31,
     "p2":32,
     "p3":33},
    {"p1":31,
     "p2":33,
     "p3":34},
    {"p1":30,
     "p2":31,
     "p3":34},
    {"p1":60,
     "p2":61,
     "p3":62},
    {"p1":63,
     "p2":64,
     "p3":102},
    {"p1":62,
     "p2":63,
     "p3":102},
    {"p1":56,
     "p2":105,
     "p3":106},
    {"p1":6,
     "p2":46,
     "p3":47},
    {"p1":6,
     "p2":47,
     "p3":48},
    {"p1":64,
     "p2":65,
     "p3":101},
    {"p1":64,
     "p2":101,
     "p3":102},
    {"p1":60,
     "p2":62,
     "p3":103},
    {"p1":62,
     "p2":102,
     "p3":103},
    {"p1":75,
     "p2":76,
     "p3":95},
    {"p1":12,
     "p2":13,
     "p3":17},
    {"p1":6,
     "p2":7,
     "p3":46},
    {"p1":9,
     "p2":10,
     "p3":19},
    {"p1":9,
     "p2":19,
     "p3":20},
    {"p1":58,
     "p2":59,
     "p3":60},
    {"p1":5,
     "p2":6,
     "p3":48},
    {"p1":4,
     "p2":48,
     "p3":49},
    {"p1":3,
     "p2":4,
     "p3":49},
    {"p1":4,
     "p2":5,
     "p3":48},
    {"p1":30,
     "p2":34,
     "p3":35},
    {"p1":65,
     "p2":66,
     "p3":100},
    {"p1":65,
     "p2":100,
     "p3":101},
    {"p1":66,
     "p2":67,
     "p3":100},
    {"p1":75,
     "p2":95,
     "p3":96},
    {"p1":83,
     "p2":90,
     "p3":91},
    {"p1":13,
     "p2":16,
     "p3":17},
    {"p1":12,
     "p2":17,
     "p3":18},
    {"p1":10,
     "p2":11,
     "p3":19},
    {"p1":11,
     "p2":12,
     "p3":18},
    {"p1":11,
     "p2":18,
     "p3":19},
    {"p1":7,
     "p2":45,
     "p3":46},
    {"p1":7,
     "p2":8,
     "p3":45},
    {"p1":57,
     "p2":58,
     "p3":104},
    {"p1":58,
     "p2":60,
     "p3":104},
    {"p1":60,
     "p2":103,
     "p3":104},
    {"p1":56,
     "p2":104,
     "p3":105},
    {"p1":56,
     "p2":57,
     "p3":104},
    {"p1":53,
     "p2":54,
     "p3":108},
    {"p1":54,
     "p2":107,
     "p3":108},
    {"p1":0,
     "p2":53,
     "p3":108},
    {"p1":22,
     "p2":42,
     "p3":43},
    {"p1":23,
     "p2":41,
     "p3":42},
    {"p1":22,
     "p2":23,
     "p3":42},
    {"p1":9,
     "p2":20,
     "p3":21},
    {"p1":25,
     "p2":40,
     "p3":41},
    {"p1":29,
     "p2":30,
     "p3":35},
    {"p1":29,
     "p2":35,
     "p3":36},
    {"p1":71,
     "p2":98,
     "p3":99},
    {"p1":73,
     "p2":96,
     "p3":97},
    {"p1":73,
     "p2":97,
     "p3":98},
    {"p1":81,
     "p2":91,
     "p3":92},
    {"p1":85,
     "p2":88,
     "p3":89},
    {"p1":14,
     "p2":15,
     "p3":16},
    {"p1":13,
     "p2":14,
     "p3":16},
    {"p1":55,
     "p2":56,
     "p3":106},
    {"p1":55,
     "p2":106,
     "p3":107},
    {"p1":54,
     "p2":55,
     "p3":107},
    {"p1":2,
     "p2":3,
     "p3":51},
    {"p1":1,
     "p2":2,
     "p3":51},
    {"p1":0,
     "p2":1,
     "p3":51},
    {"p1":22,
     "p2":43,
     "p3":44},
    {"p1":21,
     "p2":22,
     "p3":44},
    {"p1":9,
     "p2":21,
     "p3":44},
    {"p1":8,
     "p2":9,
     "p3":44},
    {"p1":8,
     "p2":44,
     "p3":45},
    {"p1":26,
     "p2":38,
     "p3":39},
    {"p1":25,
     "p2":39,
     "p3":40},
    {"p1":25,
     "p2":26,
     "p3":39},
    {"p1":23,
     "p2":24,
     "p3":41},
    {"p1":24,
     "p2":25,
     "p3":41},
    {"p1":28,
     "p2":29,
     "p3":36},
    {"p1":71,
     "p2":72,
     "p3":98},
    {"p1":72,
     "p2":73,
     "p3":98},
    {"p1":74,
     "p2":75,
     "p3":96},
    {"p1":73,
     "p2":74,
     "p3":96},
    {"p1":82,
     "p2":83,
     "p3":91},
    {"p1":81,
     "p2":82,
     "p3":91},
    {"p1":78,
     "p2":93,
     "p3":94},
    {"p1":80,
     "p2":92,
     "p3":93},
    {"p1":80,
     "p2":81,
     "p3":92},
    {"p1":84,
     "p2":85,
     "p3":89},
    {"p1":83,
     "p2":84,
     "p3":90},
    {"p1":84,
     "p2":89,
     "p3":90},
    {"p1":86,
     "p2":87,
     "p3":88},
    {"p1":85,
     "p2":86,
     "p3":88},
    {"p1":3,
     "p2":49,
     "p3":50},
    {"p1":3,
     "p2":50,
     "p3":51},
    {"p1":28,
     "p2":36,
     "p3":37},
    {"p1":26,
     "p2":27,
     "p3":38},
    {"p1":27,
     "p2":37,
     "p3":38},
    {"p1":27,
     "p2":28,
     "p3":37},
    {"p1":70,
     "p2":71,
     "p3":99},
    {"p1":69,
     "p2":70,
     "p3":99},
    {"p1":68,
     "p2":99,
     "p3":100},
    {"p1":68,
     "p2":69,
     "p3":99},
    {"p1":67,
     "p2":68,
     "p3":100},
    {"p1":77,
     "p2":78,
     "p3":94},
    {"p1":76,
     "p2":77,
     "p3":95},
    {"p1":77,
     "p2":94,
     "p3":95},
    {"p1":78,
     "p2":79,
     "p3":93},
    {"p1":79,
     "p2":80,
     "p3":93},
    {"p1":0,
     "p2":52,
     "p3":53},
    {"p1":0,
     "p2":51,
     "p3":52}]
}