{"points":[
    {"x":0.07906,
     "y":0.50214},
    {"x":0.07906,
     "y":0.52564},
    {"x":0.07906,
     "y":0.54915},
    {"x":0.076923,
     "y":0.57265},
    {"x":0.076923,
     "y":0.59615},
    {"x":0.076923,
     "y":0.61966},
    {"x":0.076923,
     "y":0.64316},
    {"x":0.074786,
     "y":0.66667},
    {"x":0.074786,
     "y":0.69017},
    {"x":0.074786,
     "y":0.71368},
    {"x":0.074786,
     "y":0.73718},
    {"x":0.074786,
     "y":0.76068},
    {"x":0.07265,
     "y":0.78419},
    {"x":0.07265,
     "y":0.80769},
    {"x":0.07265,
     "y":0.8312},
    {"x":0.07265,
     "y":0.8547},
    {"x":0.070513,
     "y":0.87821},
    {"x":0.094017,
     "y":0.88675},
    {"x":0.11752,
     "y":0.89316},
    {"x":0.14103,
     "y":0.89957},
    {"x":0.16453,
     "y":0.90812},
    {"x":0.18803,
     "y":0.91453},
    {"x":0.21154,
     "y":0.92094},
    {"x":0.23504,
     "y":0.92949},
    {"x":0.25855,
     "y":0.9359},
    {"x":0.28205,
     "y":0.94231},
    {"x":0.30556,
     "y":0.95085},
    {"x":0.32906,
     "y":0.95726},
    {"x":0.35256,
     "y":0.96368},
    {"x":0.37607,
     "y":0.97222},
    {"x":0.39957,
     "y":0.97863},
    {"x":0.42308,
     "y":0.98504},
    {"x":0.44658,
     "y":0.99359},
    {"x":0.47009,
     "y":1},
    {"x":0.48291,
     "y":0.98932},
    {"x":0.48077,
     "y":0.96581},
    {"x":0.48077,
     "y":0.94231},
    {"x":0.48077,
     "y":0.9188},
    {"x":0.47863,
     "y":0.8953},
    {"x":0.47863,
     "y":0.87179},
    {"x":0.47863,
     "y":0.84829},
    {"x":0.47863,
     "y":0.82479},
    {"x":0.4765,
     "y":0.80128},
    {"x":0.4765,
     "y":0.77778},
    {"x":0.4765,
     "y":0.75427},
    {"x":0.47436,
     "y":0.73077},
    {"x":0.47436,
     "y":0.70726},
    {"x":0.47436,
     "y":0.68376},
    {"x":0.47436,
     "y":0.66026},
    {"x":0.47222,
     "y":0.63675},
    {"x":0.47222,
     "y":0.61325},
    {"x":0.47222,
     "y":0.58974},
    {"x":0.47009,
     "y":0.56624},
    {"x":0.47009,
     "y":0.54274},
    {"x":0.47009,
     "y":0.51923},
    {"x":0.47009,
     "y":0.49573},
    {"x":0.46795,
     "y":0.47222},
    {"x":0.46795,
     "y":0.44872},
    {"x":0.46795,
     "y":0.42521},
    {"x":0.46581,
     "y":0.40171},
    {"x":0.46368,
     "y":0.37821},
    {"x":0.4594,
     "y":0.3547},
    {"x":0.45085,
     "y":0.3312},
    {"x":0.44231,
     "y":0.30769},
    {"x":0.42949,
     "y":0.28419},
    {"x":0.41453,
     "y":0.26068},
    {"x":0.39744,
     "y":0.23718},
    {"x":0.37607,
     "y":0.21368},
    {"x":0.35256,
     "y":0.19231},
    {"x":0.32906,
     "y":0.17521},
    {"x":0.30556,
     "y":0.16026},
    {"x":0.28205,
     "y":0.14744},
    {"x":0.25855,
     "y":0.13675},
    {"x":0.23504,
     "y":0.12821},
    {"x":0.21154,
     "y":0.12179},
    {"x":0.18803,
     "y":0.11111},
    {"x":0.16453,
     "y":0.096154},
    {"x":0.14103,
     "y":0.076923},
    {"x":0.11752,
     "y":0.057692},
    {"x":0.094017,
     "y":0.036325},
    {"x":0.070513,
     "y":0.021368},
    {"x":0.047009,
     "y":0.010684},
    {"x":0.023504,
     "y":0.0042735},
    {"x":0,
     "y":0},
    {"x":0.010684,
     "y":0.010684},
    {"x":0.034188,
     "y":0.032051},
    {"x":0.049145,
     "y":0.055556},
    {"x":0.059829,
     "y":0.07906},
    {"x":0.066239,
     "y":0.10256},
    {"x":0.07265,
     "y":0.12607},
    {"x":0.074786,
     "y":0.14957},
    {"x":0.076923,
     "y":0.17308},
    {"x":0.07906,
     "y":0.19658},
    {"x":0.07906,
     "y":0.22009},
    {"x":0.07906,
     "y":0.24359},
    {"x":0.081197,
     "y":0.26709},
    {"x":0.081197,
     "y":0.2906},
    {"x":0.083333,
     "y":0.3141},
    {"x":0.083333,
     "y":0.33761},
    {"x":0.081197,
     "y":0.36111},
    {"x":0.081197,
     "y":0.38462},
    {"x":0.081197,
     "y":0.40812},
    {"x":0.081197,
     "y":0.43162},
    {"x":0.081197,
     "y":0.45513},
    {"x":0.07906,
     "y":0.47863},
    {"x":0.07906,
     "y":0.50214},
    {"x":0.07906,
     "y":0.50214}],
 "triangles":[
    {"p1":33,
     "p2":34,
     "p3":35},
    {"p1":32,
     "p2":33,
     "p3":35},
    {"p1":60,
     "p2":61,
     "p3":62},
    {"p1":62,
     "p2":63,
     "p3":64},
    {"p1":64,
     "p2":65,
     "p3":99},
    {"p1":7,
     "p2":8,
     "p3":47},
    {"p1":2,
     "p2":52,
     "p3":53},
    {"p1":59,
     "p2":60,
     "p3":101},
    {"p1":60,
     "p2":62,
     "p3":101},
    {"p1":23,
     "p2":24,
     "p3":45},
    {"p1":24,
     "p2":44,
     "p3":45},
    {"p1":22,
     "p2":23,
     "p3":45},
    {"p1":31,
     "p2":36,
     "p3":37},
    {"p1":31,
     "p2":32,
     "p3":35},
    {"p1":31,
     "p2":35,
     "p3":36},
    {"p1":15,
     "p2":16,
     "p3":17},
    {"p1":1,
     "p2":2,
     "p3":53},
    {"p1":6,
     "p2":7,
     "p3":47},
    {"p1":3,
     "p2":4,
     "p3":52},
    {"p1":2,
     "p2":3,
     "p3":52},
    {"p1":70,
     "p2":71,
     "p3":96},
    {"p1":64,
     "p2":99,
     "p3":100},
    {"p1":62,
     "p2":64,
     "p3":100},
    {"p1":62,
     "p2":100,
     "p3":101},
    {"p1":56,
     "p2":103,
     "p3":104},
    {"p1":73,
     "p2":94,
     "p3":95},
    {"p1":72,
     "p2":73,
     "p3":95},
    {"p1":71,
     "p2":72,
     "p3":95},
    {"p1":71,
     "p2":95,
     "p3":96},
    {"p1":68,
     "p2":69,
     "p3":97},
    {"p1":70,
     "p2":96,
     "p3":97},
    {"p1":69,
     "p2":70,
     "p3":97},
    {"p1":24,
     "p2":43,
     "p3":44},
    {"p1":10,
     "p2":22,
     "p3":45},
    {"p1":8,
     "p2":46,
     "p3":47},
    {"p1":56,
     "p2":57,
     "p3":103},
    {"p1":1,
     "p2":53,
     "p3":54},
    {"p1":6,
     "p2":47,
     "p3":48},
    {"p1":6,
     "p2":48,
     "p3":49},
    {"p1":26,
     "p2":41,
     "p3":42},
    {"p1":30,
     "p2":31,
     "p3":37},
    {"p1":12,
     "p2":19,
     "p3":20},
    {"p1":4,
     "p2":5,
     "p3":50},
    {"p1":5,
     "p2":6,
     "p3":49},
    {"p1":5,
     "p2":49,
     "p3":50},
    {"p1":82,
     "p2":83,
     "p3":84},
    {"p1":77,
     "p2":88,
     "p3":89},
    {"p1":75,
     "p2":91,
     "p3":92},
    {"p1":73,
     "p2":74,
     "p3":94},
    {"p1":74,
     "p2":93,
     "p3":94},
    {"p1":74,
     "p2":75,
     "p3":92},
    {"p1":74,
     "p2":92,
     "p3":93},
    {"p1":59,
     "p2":101,
     "p3":102},
    {"p1":58,
     "p2":59,
     "p3":102},
    {"p1":57,
     "p2":58,
     "p3":102},
    {"p1":57,
     "p2":102,
     "p3":103},
    {"p1":65,
     "p2":66,
     "p3":98},
    {"p1":65,
     "p2":98,
     "p3":99},
    {"p1":66,
     "p2":67,
     "p3":98},
    {"p1":67,
     "p2":68,
     "p3":98},
    {"p1":68,
     "p2":97,
     "p3":98},
    {"p1":11,
     "p2":21,
     "p3":22},
    {"p1":10,
     "p2":11,
     "p3":22},
    {"p1":11,
     "p2":12,
     "p3":20},
    {"p1":11,
     "p2":20,
     "p3":21},
    {"p1":8,
     "p2":9,
     "p3":46},
    {"p1":9,
     "p2":10,
     "p3":45},
    {"p1":9,
     "p2":45,
     "p3":46},
    {"p1":0,
     "p2":1,
     "p3":54},
    {"p1":0,
     "p2":56,
     "p3":104},
    {"p1":0,
     "p2":55,
     "p3":56},
    {"p1":0,
     "p2":54,
     "p3":55},
    {"p1":26,
     "p2":27,
     "p3":41},
    {"p1":25,
     "p2":26,
     "p3":42},
    {"p1":24,
     "p2":25,
     "p3":43},
    {"p1":25,
     "p2":42,
     "p3":43},
    {"p1":27,
     "p2":40,
     "p3":41},
    {"p1":28,
     "p2":39,
     "p3":40},
    {"p1":27,
     "p2":28,
     "p3":40},
    {"p1":15,
     "p2":17,
     "p3":18},
    {"p1":82,
     "p2":84,
     "p3":85},
    {"p1":78,
     "p2":87,
     "p3":88},
    {"p1":77,
     "p2":78,
     "p3":88},
    {"p1":76,
     "p2":89,
     "p3":90},
    {"p1":76,
     "p2":77,
     "p3":89},
    {"p1":75,
     "p2":76,
     "p3":91},
    {"p1":76,
     "p2":90,
     "p3":91},
    {"p1":4,
     "p2":51,
     "p3":52},
    {"p1":4,
     "p2":50,
     "p3":51},
    {"p1":28,
     "p2":38,
     "p3":39},
    {"p1":28,
     "p2":29,
     "p3":38},
    {"p1":30,
     "p2":37,
     "p3":38},
    {"p1":29,
     "p2":30,
     "p3":38},
    {"p1":14,
     "p2":15,
     "p3":18},
    {"p1":14,
     "p2":18,
     "p3":19},
    {"p1":80,
     "p2":85,
     "p3":86},
    {"p1":81,
     "p2":82,
     "p3":85},
    {"p1":80,
     "p2":81,
     "p3":85},
    {"p1":12,
     "p2":13,
     "p3":19},
    {"p1":13,
     "p2":14,
     "p3":19},
    {"p1":79,
     "p2":80,
     "p3":86},
    {"p1":78,
     "p2":79,
     "p3":87},
    {"p1":79,
     "p2":86,
     "p3":87}]
}