{"points":[
    {"x":0.20327,
     "y":0.5},
    {"x":0.20327,
     "y":0.5257},
    {"x":0.20327,
     "y":0.5514},
    {"x":0.20093,
     "y":0.5771},
    {"x":0.20093,
     "y":0.6028},
    {"x":0.20093,
     "y":0.6285},
    {"x":0.20093,
     "y":0.65421},
    {"x":0.20327,
     "y":0.67991},
    {"x":0.20794,
     "y":0.70561},
    {"x":0.21495,
     "y":0.73131},
    {"x":0.22664,
     "y":0.75701},
    {"x":0.23598,
     "y":0.78271},
    {"x":0.24766,
     "y":0.80841},
    {"x":0.25701,
     "y":0.83411},
    {"x":0.26869,
     "y":0.85981},
    {"x":0.28738,
     "y":0.88551},
    {"x":0.31075,
     "y":0.91121},
    {"x":0.33411,
     "y":0.92757},
    {"x":0.35981,
     "y":0.94159},
    {"x":0.38551,
     "y":0.95327},
    {"x":0.41121,
     "y":0.96028},
    {"x":0.43692,
     "y":0.96963},
    {"x":0.46262,
     "y":0.97664},
    {"x":0.48832,
     "y":0.98364},
    {"x":0.51402,
     "y":0.99065},
    {"x":0.53972,
     "y":0.99533},
    {"x":0.56542,
     "y":1},
    {"x":0.59112,
     "y":1},
    {"x":0.61682,
     "y":0.99299},
    {"x":0.63785,
     "y":0.9743},
    {"x":0.6472,
     "y":0.9486},
    {"x":0.65421,
     "y":0.9229},
    {"x":0.65654,
     "y":0.8972},
    {"x":0.65888,
     "y":0.8715},
    {"x":0.65654,
     "y":0.84579},
    {"x":0.65421,
     "y":0.82009},
    {"x":0.64953,
     "y":0.79439},
    {"x":0.6472,
     "y":0.76869},
    {"x":0.64252,
     "y":0.74299},
    {"x":0.64019,
     "y":0.71729},
    {"x":0.64019,
     "y":0.69159},
    {"x":0.64019,
     "y":0.66589},
    {"x":0.63785,
     "y":0.64019},
    {"x":0.63785,
     "y":0.61449},
    {"x":0.63785,
     "y":0.58879},
    {"x":0.63785,
     "y":0.56308},
    {"x":0.63551,
     "y":0.53738},
    {"x":0.63551,
     "y":0.51168},
    {"x":0.63551,
     "y":0.48598},
    {"x":0.63318,
     "y":0.46028},
    {"x":0.63318,
     "y":0.43458},
    {"x":0.63318,
     "y":0.40888},
    {"x":0.63318,
     "y":0.38318},
    {"x":0.63084,
     "y":0.35748},
    {"x":0.62383,
     "y":0.33178},
    {"x":0.61682,
     "y":0.30607},
    {"x":0.60748,
     "y":0.28037},
    {"x":0.59579,
     "y":0.25467},
    {"x":0.57944,
     "y":0.22897},
    {"x":0.56308,
     "y":0.20327},
    {"x":0.53972,
     "y":0.17757},
    {"x":0.51402,
     "y":0.15421},
    {"x":0.48832,
     "y":0.13318},
    {"x":0.46262,
     "y":0.11682},
    {"x":0.43692,
     "y":0.1028},
    {"x":0.41121,
     "y":0.088785},
    {"x":0.38551,
     "y":0.079439},
    {"x":0.35981,
     "y":0.070093},
    {"x":0.33411,
     "y":0.063084},
    {"x":0.30841,
     "y":0.051402},
    {"x":0.28271,
     "y":0.042056},
    {"x":0.25701,
     "y":0.035047},
    {"x":0.23131,
     "y":0.028037},
    {"x":0.20561,
     "y":0.023364},
    {"x":0.17991,
     "y":0.018692},
    {"x":0.15421,
     "y":0.014019},
    {"x":0.1285,
     "y":0.011682},
    {"x":0.1028,
     "y":0.0093458},
    {"x":0.077103,
     "y":0.0070093},
    {"x":0.051402,
     "y":0.0046729},
    {"x":0.025701,
     "y":0.0023364},
    {"x":0,
     "y":0},
    {"x":0.0070093,
     "y":0.0070093},
    {"x":0.03271,
     "y":0.023364},
    {"x":0.058411,
     "y":0.03972},
    {"x":0.084112,
     "y":0.058411},
    {"x":0.10981,
     "y":0.079439},
    {"x":0.13551,
     "y":0.1028},
    {"x":0.15654,
     "y":0.1285},
    {"x":0.1729,
     "y":0.15421},
    {"x":0.18692,
     "y":0.17991},
    {"x":0.19626,
     "y":0.20561},
    {"x":0.20327,
     "y":0.23131},
    {"x":0.20794,
     "y":0.25701},
    {"x":0.21028,
     "y":0.28271},
    {"x":0.21028,
     "y":0.30841},
    {"x":0.21028,
     "y":0.33411},
    {"x":0.21028,
     "y":0.35981},
    {"x":0.20794,
     "y":0.38551},
    {"x":0.20794,
     "y":0.41121},
    {"x":0.20794,
     "y":0.43692},
    {"x":0.20561,
     "y":0.46262},
    {"x":0.20561,
     "y":0.48832},
    {"x":0.20327,
     "y":0.5}],
 "triangles":[
    {"p1":27,
     "p2":28,
     "p3":30},
    {"p1":28,
     "p2":29,
     "p3":30},
    {"p1":25,
     "p2":30,
     "p3":31},
    {"p1":25,
     "p2":31,
     "p3":32},
    {"p1":23,
     "p2":34,
     "p3":35},
    {"p1":22,
     "p2":23,
     "p3":35},
    {"p1":49,
     "p2":100,
     "p3":101},
    {"p1":65,
     "p2":66,
     "p3":93},
    {"p1":66,
     "p2":92,
     "p3":93},
    {"p1":68,
     "p2":69,
     "p3":90},
    {"p1":26,
     "p2":27,
     "p3":30},
    {"p1":25,
     "p2":26,
     "p3":30},
    {"p1":60,
     "p2":95,
     "p3":96},
    {"p1":13,
     "p2":14,
     "p3":15},
    {"p1":24,
     "p2":25,
     "p3":32},
    {"p1":24,
     "p2":32,
     "p3":33},
    {"p1":24,
     "p2":33,
     "p3":34},
    {"p1":23,
     "p2":24,
     "p3":34},
    {"p1":8,
     "p2":9,
     "p3":10},
    {"p1":13,
     "p2":15,
     "p3":38},
    {"p1":15,
     "p2":18,
     "p3":38},
    {"p1":18,
     "p2":20,
     "p3":38},
    {"p1":49,
     "p2":101,
     "p3":102},
    {"p1":0,
     "p2":1,
     "p3":102},
    {"p1":68,
     "p2":90,
     "p3":91},
    {"p1":66,
     "p2":67,
     "p3":92},
    {"p1":67,
     "p2":91,
     "p3":92},
    {"p1":67,
     "p2":68,
     "p3":91},
    {"p1":78,
     "p2":79,
     "p3":84},
    {"p1":79,
     "p2":83,
     "p3":84},
    {"p1":54,
     "p2":97,
     "p3":98},
    {"p1":15,
     "p2":16,
     "p3":17},
    {"p1":15,
     "p2":17,
     "p3":18},
    {"p1":18,
     "p2":19,
     "p3":20},
    {"p1":22,
     "p2":35,
     "p3":36},
    {"p1":1,
     "p2":2,
     "p3":46},
    {"p1":2,
     "p2":45,
     "p3":46},
    {"p1":48,
     "p2":49,
     "p3":102},
    {"p1":1,
     "p2":46,
     "p3":47},
    {"p1":1,
     "p2":47,
     "p3":102},
    {"p1":47,
     "p2":48,
     "p3":102},
    {"p1":75,
     "p2":76,
     "p3":86},
    {"p1":75,
     "p2":86,
     "p3":87},
    {"p1":73,
     "p2":87,
     "p3":88},
    {"p1":72,
     "p2":73,
     "p3":88},
    {"p1":71,
     "p2":72,
     "p3":88},
    {"p1":69,
     "p2":70,
     "p3":90},
    {"p1":71,
     "p2":88,
     "p3":89},
    {"p1":70,
     "p2":89,
     "p3":90},
    {"p1":70,
     "p2":71,
     "p3":89},
    {"p1":80,
     "p2":81,
     "p3":82},
    {"p1":79,
     "p2":80,
     "p3":83},
    {"p1":80,
     "p2":82,
     "p3":83},
    {"p1":76,
     "p2":77,
     "p3":85},
    {"p1":76,
     "p2":85,
     "p3":86},
    {"p1":77,
     "p2":78,
     "p3":85},
    {"p1":78,
     "p2":84,
     "p3":85},
    {"p1":56,
     "p2":57,
     "p3":97},
    {"p1":58,
     "p2":96,
     "p3":97},
    {"p1":57,
     "p2":58,
     "p3":97},
    {"p1":58,
     "p2":60,
     "p3":96},
    {"p1":58,
     "p2":59,
     "p3":60},
    {"p1":63,
     "p2":93,
     "p3":94},
    {"p1":62,
     "p2":63,
     "p3":94},
    {"p1":61,
     "p2":62,
     "p3":94},
    {"p1":61,
     "p2":94,
     "p3":95},
    {"p1":60,
     "p2":61,
     "p3":95},
    {"p1":20,
     "p2":21,
     "p3":36},
    {"p1":21,
     "p2":22,
     "p3":36},
    {"p1":10,
     "p2":40,
     "p3":41},
    {"p1":12,
     "p2":13,
     "p3":38},
    {"p1":12,
     "p2":38,
     "p3":39},
    {"p1":20,
     "p2":37,
     "p3":38},
    {"p1":20,
     "p2":36,
     "p3":37},
    {"p1":4,
     "p2":5,
     "p3":43},
    {"p1":73,
     "p2":74,
     "p3":87},
    {"p1":74,
     "p2":75,
     "p3":87},
    {"p1":52,
     "p2":54,
     "p3":98},
    {"p1":51,
     "p2":52,
     "p3":98},
    {"p1":49,
     "p2":50,
     "p3":100},
    {"p1":51,
     "p2":98,
     "p3":99},
    {"p1":50,
     "p2":99,
     "p3":100},
    {"p1":50,
     "p2":51,
     "p3":99},
    {"p1":54,
     "p2":55,
     "p3":97},
    {"p1":55,
     "p2":56,
     "p3":97},
    {"p1":64,
     "p2":65,
     "p3":93},
    {"p1":63,
     "p2":64,
     "p3":93},
    {"p1":10,
     "p2":11,
     "p3":40},
    {"p1":11,
     "p2":39,
     "p3":40},
    {"p1":11,
     "p2":12,
     "p3":39},
    {"p1":3,
     "p2":4,
     "p3":44},
    {"p1":4,
     "p2":43,
     "p3":44},
    {"p1":2,
     "p2":3,
     "p3":44},
    {"p1":2,
     "p2":44,
     "p3":45},
    {"p1":5,
     "p2":6,
     "p3":42},
    {"p1":5,
     "p2":42,
     "p3":43},
    {"p1":6,
     "p2":7,
     "p3":42},
    {"p1":7,
     "p2":8,
     "p3":42},
    {"p1":8,
     "p2":10,
     "p3":42},
    {"p1":10,
     "p2":41,
     "p3":42},
    {"p1":52,
     "p2":53,
     "p3":54}]
}