{"points":[
    {"x":0.2176,
     "y":0.50122},
    {"x":0.21516,
     "y":0.52812},
    {"x":0.21516,
     "y":0.55501},
    {"x":0.21516,
     "y":0.58191},
    {"x":0.21271,
     "y":0.6088},
    {"x":0.21271,
     "y":0.6357},
    {"x":0.21271,
     "y":0.66259},
    {"x":0.21271,
     "y":0.68949},
    {"x":0.21027,
     "y":0.71638},
    {"x":0.21027,
     "y":0.74328},
    {"x":0.21027,
     "y":0.77017},
    {"x":0.21027,
     "y":0.79707},
    {"x":0.21027,
     "y":0.82396},
    {"x":0.21027,
     "y":0.85086},
    {"x":0.21027,
     "y":0.87775},
    {"x":0.21027,
     "y":0.90465},
    {"x":0.21027,
     "y":0.93154},
    {"x":0.23227,
     "y":0.94377},
    {"x":0.25917,
     "y":0.9511},
    {"x":0.28606,
     "y":0.96088},
    {"x":0.31296,
     "y":0.96822},
    {"x":0.33985,
     "y":0.97555},
    {"x":0.36675,
     "y":0.98533},
    {"x":0.39364,
     "y":0.99267},
    {"x":0.42054,
     "y":1},
    {"x":0.44743,
     "y":0.99511},
    {"x":0.47433,
     "y":0.98778},
    {"x":0.50122,
     "y":0.98044},
    {"x":0.52812,
     "y":0.97311},
    {"x":0.55501,
     "y":0.96577},
    {"x":0.58191,
     "y":0.95599},
    {"x":0.6088,
     "y":0.94866},
    {"x":0.6357,
     "y":0.94132},
    {"x":0.66259,
     "y":0.93399},
    {"x":0.68215,
     "y":0.91932},
    {"x":0.67971,
     "y":0.89242},
    {"x":0.67971,
     "y":0.86553},
    {"x":0.67726,
     "y":0.83863},
    {"x":0.67726,
     "y":0.81174},
    {"x":0.67482,
     "y":0.78484},
    {"x":0.67482,
     "y":0.75795},
    {"x":0.67237,
     "y":0.73105},
    {"x":0.67237,
     "y":0.70416},
    {"x":0.66993,
     "y":0.67726},
    {"x":0.66993,
     "y":0.65037},
    {"x":0.66993,
     "y":0.62347},
    {"x":0.66993,
     "y":0.59658},
    {"x":0.66748,
     "y":0.56968},
    {"x":0.66748,
     "y":0.54279},
    {"x":0.66748,
     "y":0.51589},
    {"x":0.66748,
     "y":0.489},
    {"x":0.66504,
     "y":0.4621},
    {"x":0.66504,
     "y":0.43521},
    {"x":0.66504,
     "y":0.40831},
    {"x":0.66259,
     "y":0.38142},
    {"x":0.6577,
     "y":0.35452},
    {"x":0.65037,
     "y":0.32763},
    {"x":0.64303,
     "y":0.30073},
    {"x":0.62836,
     "y":0.27384},
    {"x":0.61369,
     "y":0.24694},
    {"x":0.59658,
     "y":0.22005},
    {"x":0.57457,
     "y":0.1956},
    {"x":0.55012,
     "y":0.1687},
    {"x":0.52323,
     "y":0.1467},
    {"x":0.49633,
     "y":0.12714},
    {"x":0.46944,
     "y":0.11002},
    {"x":0.44254,
     "y":0.0978},
    {"x":0.41565,
     "y":0.085575},
    {"x":0.38875,
     "y":0.075795},
    {"x":0.36186,
     "y":0.06846},
    {"x":0.33496,
     "y":0.056235},
    {"x":0.30807,
     "y":0.046455},
    {"x":0.28117,
     "y":0.03912},
    {"x":0.25428,
     "y":0.031785},
    {"x":0.22738,
     "y":0.026895},
    {"x":0.20049,
     "y":0.022005},
    {"x":0.17359,
     "y":0.017115},
    {"x":0.1467,
     "y":0.01467},
    {"x":0.1198,
     "y":0.00978},
    {"x":0.09291,
     "y":0.007335},
    {"x":0.066015,
     "y":0.00489},
    {"x":0.03912,
     "y":0.002445},
    {"x":0.012225,
     "y":0},
    {"x":0,
     "y":0.002445},
    {"x":0.026895,
     "y":0.01956},
    {"x":0.05379,
     "y":0.036675},
    {"x":0.080685,
     "y":0.05379},
    {"x":0.10758,
     "y":0.075795},
    {"x":0.13203,
     "y":0.0978},
    {"x":0.15648,
     "y":0.12225},
    {"x":0.17604,
     "y":0.14914},
    {"x":0.19315,
     "y":0.17604},
    {"x":0.20538,
     "y":0.20293},
    {"x":0.21271,
     "y":0.22983},
    {"x":0.2176,
     "y":0.25672},
    {"x":0.22249,
     "y":0.28362},
    {"x":0.22494,
     "y":0.31051},
    {"x":0.22249,
     "y":0.33741},
    {"x":0.22249,
     "y":0.3643},
    {"x":0.22249,
     "y":0.3912},
    {"x":0.22005,
     "y":0.41809},
    {"x":0.22005,
     "y":0.44499},
    {"x":0.2176,
     "y":0.47188},
    {"x":0.2176,
     "y":0.49878},
    {"x":0.2176,
     "y":0.50122}],
 "triangles":[
    {"p1":15,
     "p2":16,
     "p3":17},
    {"p1":1,
     "p2":2,
     "p3":48},
    {"p1":0,
     "p2":1,
     "p3":48},
    {"p1":4,
     "p2":5,
     "p3":45},
    {"p1":9,
     "p2":10,
     "p3":27},
    {"p1":33,
     "p2":34,
     "p3":35},
    {"p1":11,
     "p2":12,
     "p3":21},
    {"p1":10,
     "p2":11,
     "p3":21},
    {"p1":2,
     "p2":47,
     "p3":48},
    {"p1":82,
     "p2":83,
     "p3":84},
    {"p1":59,
     "p2":97,
     "p3":98},
    {"p1":69,
     "p2":92,
     "p3":93},
    {"p1":67,
     "p2":93,
     "p3":94},
    {"p1":77,
     "p2":87,
     "p3":88},
    {"p1":58,
     "p2":59,
     "p3":98},
    {"p1":58,
     "p2":98,
     "p3":99},
    {"p1":51,
     "p2":101,
     "p3":102},
    {"p1":52,
     "p2":99,
     "p3":100},
    {"p1":52,
     "p2":100,
     "p3":101},
    {"p1":51,
     "p2":52,
     "p3":101},
    {"p1":51,
     "p2":102,
     "p3":103},
    {"p1":0,
     "p2":48,
     "p3":49},
    {"p1":32,
     "p2":33,
     "p3":35},
    {"p1":13,
     "p2":14,
     "p3":19},
    {"p1":10,
     "p2":26,
     "p3":27},
    {"p1":10,
     "p2":21,
     "p3":26},
    {"p1":3,
     "p2":4,
     "p3":45},
    {"p1":2,
     "p2":3,
     "p3":47},
    {"p1":63,
     "p2":64,
     "p3":96},
    {"p1":62,
     "p2":63,
     "p3":96},
    {"p1":66,
     "p2":67,
     "p3":94},
    {"p1":71,
     "p2":72,
     "p3":91},
    {"p1":70,
     "p2":91,
     "p3":92},
    {"p1":70,
     "p2":71,
     "p3":91},
    {"p1":69,
     "p2":70,
     "p3":92},
    {"p1":68,
     "p2":69,
     "p3":93},
    {"p1":67,
     "p2":68,
     "p3":93},
    {"p1":72,
     "p2":73,
     "p3":90},
    {"p1":72,
     "p2":90,
     "p3":91},
    {"p1":55,
     "p2":56,
     "p3":99},
    {"p1":56,
     "p2":58,
     "p3":99},
    {"p1":54,
     "p2":55,
     "p3":99},
    {"p1":50,
     "p2":51,
     "p3":103},
    {"p1":0,
     "p2":50,
     "p3":103},
    {"p1":0,
     "p2":49,
     "p3":50},
    {"p1":28,
     "p2":29,
     "p3":39},
    {"p1":9,
     "p2":27,
     "p3":41},
    {"p1":8,
     "p2":9,
     "p3":41},
    {"p1":7,
     "p2":8,
     "p3":41},
    {"p1":7,
     "p2":41,
     "p3":42},
    {"p1":7,
     "p2":42,
     "p3":43},
    {"p1":6,
     "p2":7,
     "p3":43},
    {"p1":12,
     "p2":13,
     "p3":20},
    {"p1":13,
     "p2":19,
     "p3":20},
    {"p1":12,
     "p2":20,
     "p3":21},
    {"p1":14,
     "p2":15,
     "p3":18},
    {"p1":14,
     "p2":18,
     "p3":19},
    {"p1":15,
     "p2":17,
     "p3":18},
    {"p1":21,
     "p2":22,
     "p3":26},
    {"p1":3,
     "p2":45,
     "p3":46},
    {"p1":3,
     "p2":46,
     "p3":47},
    {"p1":79,
     "p2":85,
     "p3":86},
    {"p1":77,
     "p2":78,
     "p3":87},
    {"p1":78,
     "p2":86,
     "p3":87},
    {"p1":78,
     "p2":79,
     "p3":86},
    {"p1":79,
     "p2":80,
     "p3":85},
    {"p1":65,
     "p2":66,
     "p3":95},
    {"p1":66,
     "p2":94,
     "p3":95},
    {"p1":64,
     "p2":65,
     "p3":95},
    {"p1":64,
     "p2":95,
     "p3":96},
    {"p1":59,
     "p2":61,
     "p3":97},
    {"p1":61,
     "p2":96,
     "p3":97},
    {"p1":61,
     "p2":62,
     "p3":96},
    {"p1":76,
     "p2":77,
     "p3":88},
    {"p1":75,
     "p2":76,
     "p3":88},
    {"p1":73,
     "p2":74,
     "p3":90},
    {"p1":75,
     "p2":88,
     "p3":89},
    {"p1":74,
     "p2":75,
     "p3":89},
    {"p1":74,
     "p2":89,
     "p3":90},
    {"p1":56,
     "p2":57,
     "p3":58},
    {"p1":52,
     "p2":53,
     "p3":99},
    {"p1":53,
     "p2":54,
     "p3":99},
    {"p1":27,
     "p2":28,
     "p3":40},
    {"p1":27,
     "p2":40,
     "p3":41},
    {"p1":28,
     "p2":39,
     "p3":40},
    {"p1":6,
     "p2":43,
     "p3":44},
    {"p1":5,
     "p2":44,
     "p3":45},
    {"p1":5,
     "p2":6,
     "p3":44},
    {"p1":32,
     "p2":35,
     "p3":36},
    {"p1":29,
     "p2":30,
     "p3":39},
    {"p1":23,
     "p2":25,
     "p3":26},
    {"p1":22,
     "p2":23,
     "p3":26},
    {"p1":23,
     "p2":24,
     "p3":25},
    {"p1":81,
     "p2":82,
     "p3":84},
    {"p1":81,
     "p2":84,
     "p3":85},
    {"p1":80,
     "p2":81,
     "p3":85},
    {"p1":59,
     "p2":60,
     "p3":61},
    {"p1":30,
     "p2":38,
     "p3":39},
    {"p1":30,
     "p2":37,
     "p3":38},
    {"p1":31,
     "p2":32,
     "p3":36},
    {"p1":31,
     "p2":36,
     "p3":37},
    {"p1":30,
     "p2":31,
     "p3":37}]
}