{"points":[
    {"x":0.26136,
     "y":0.50227},
    {"x":0.25455,
     "y":0.52955},
    {"x":0.25,
     "y":0.55682},
    {"x":0.24318,
     "y":0.58409},
    {"x":0.23636,
     "y":0.61136},
    {"x":0.22955,
     "y":0.63864},
    {"x":0.225,
     "y":0.66591},
    {"x":0.21818,
     "y":0.69318},
    {"x":0.21364,
     "y":0.72045},
    {"x":0.20909,
     "y":0.74773},
    {"x":0.20455,
     "y":0.775},
    {"x":0.2,
     "y":0.80227},
    {"x":0.19773,
     "y":0.82955},
    {"x":0.19545,
     "y":0.85682},
    {"x":0.20682,
     "y":0.87727},
    {"x":0.23409,
     "y":0.88409},
    {"x":0.26136,
     "y":0.89318},
    {"x":0.28864,
     "y":0.90227},
    {"x":0.31591,
     "y":0.90909},
    {"x":0.34318,
     "y":0.91818},
    {"x":0.37045,
     "y":0.92727},
    {"x":0.39773,
     "y":0.93409},
    {"x":0.425,
     "y":0.94318},
    {"x":0.45227,
     "y":0.95227},
    {"x":0.47955,
     "y":0.95909},
    {"x":0.50682,
     "y":0.96818},
    {"x":0.53409,
     "y":0.975},
    {"x":0.56136,
     "y":0.98409},
    {"x":0.58864,
     "y":0.99318},
    {"x":0.61591,
     "y":1},
    {"x":0.63409,
     "y":0.99318},
    {"x":0.63182,
     "y":0.96591},
    {"x":0.63182,
     "y":0.93864},
    {"x":0.63182,
     "y":0.91136},
    {"x":0.62955,
     "y":0.88409},
    {"x":0.62955,
     "y":0.85682},
    {"x":0.62955,
     "y":0.82955},
    {"x":0.62727,
     "y":0.80227},
    {"x":0.62727,
     "y":0.775},
    {"x":0.62727,
     "y":0.74773},
    {"x":0.62727,
     "y":0.72045},
    {"x":0.625,
     "y":0.69318},
    {"x":0.625,
     "y":0.66591},
    {"x":0.625,
     "y":0.63864},
    {"x":0.62273,
     "y":0.61136},
    {"x":0.62273,
     "y":0.58409},
    {"x":0.62273,
     "y":0.55682},
    {"x":0.62045,
     "y":0.52955},
    {"x":0.62045,
     "y":0.50227},
    {"x":0.62045,
     "y":0.475},
    {"x":0.61818,
     "y":0.44773},
    {"x":0.61818,
     "y":0.42045},
    {"x":0.61818,
     "y":0.39318},
    {"x":0.61591,
     "y":0.36591},
    {"x":0.61364,
     "y":0.33864},
    {"x":0.60682,
     "y":0.31136},
    {"x":0.59773,
     "y":0.28409},
    {"x":0.58636,
     "y":0.25682},
    {"x":0.57045,
     "y":0.22955},
    {"x":0.55227,
     "y":0.20227},
    {"x":0.52955,
     "y":0.17727},
    {"x":0.50455,
     "y":0.15},
    {"x":0.47727,
     "y":0.12955},
    {"x":0.45,
     "y":0.11136},
    {"x":0.42273,
     "y":0.095455},
    {"x":0.39545,
     "y":0.084091},
    {"x":0.36818,
     "y":0.072727},
    {"x":0.34091,
     "y":0.065909},
    {"x":0.31364,
     "y":0.054545},
    {"x":0.28636,
     "y":0.043182},
    {"x":0.25909,
     "y":0.036364},
    {"x":0.23182,
     "y":0.029545},
    {"x":0.20455,
     "y":0.022727},
    {"x":0.17727,
     "y":0.018182},
    {"x":0.15,
     "y":0.013636},
    {"x":0.12273,
     "y":0.011364},
    {"x":0.095455,
     "y":0.0090909},
    {"x":0.068182,
     "y":0.0045455},
    {"x":0.040909,
     "y":0.0022727},
    {"x":0.013636,
     "y":0},
    {"x":0,
     "y":0.0022727},
    {"x":0.027273,
     "y":0.018182},
    {"x":0.054545,
     "y":0.034091},
    {"x":0.081818,
     "y":0.047727},
    {"x":0.10909,
     "y":0.063636},
    {"x":0.13636,
     "y":0.081818},
    {"x":0.16364,
     "y":0.097727},
    {"x":0.19091,
     "y":0.11818},
    {"x":0.21818,
     "y":0.14318},
    {"x":0.24318,
     "y":0.17045},
    {"x":0.26136,
     "y":0.19773},
    {"x":0.275,
     "y":0.225},
    {"x":0.28409,
     "y":0.25227},
    {"x":0.29091,
     "y":0.27955},
    {"x":0.29091,
     "y":0.30682},
    {"x":0.28864,
     "y":0.33409},
    {"x":0.28636,
     "y":0.36136},
    {"x":0.28182,
     "y":0.38864},
    {"x":0.27955,
     "y":0.41591},
    {"x":0.27273,
     "y":0.44318},
    {"x":0.26818,
     "y":0.47045},
    {"x":0.26364,
     "y":0.49773},
    {"x":0.26136,
     "y":0.50227}],
 "triangles":[
    {"p1":63,
     "p2":64,
     "p3":91},
    {"p1":1,
     "p2":45,
     "p3":46},
    {"p1":56,
     "p2":57,
     "p3":94},
    {"p1":56,
     "p2":94,
     "p3":95},
    {"p1":55,
     "p2":56,
     "p3":95},
    {"p1":3,
     "p2":4,
     "p3":43},
    {"p1":63,
     "p2":91,
     "p3":92},
    {"p1":62,
     "p2":63,
     "p3":92},
    {"p1":79,
     "p2":80,
     "p3":81},
    {"p1":1,
     "p2":2,
     "p3":45},
    {"p1":57,
     "p2":58,
     "p3":94},
    {"p1":58,
     "p2":59,
     "p3":94},
    {"p1":49,
     "p2":99,
     "p3":100},
    {"p1":29,
     "p2":30,
     "p3":31},
    {"p1":3,
     "p2":43,
     "p3":44},
    {"p1":2,
     "p2":3,
     "p3":44},
    {"p1":2,
     "p2":44,
     "p3":45},
    {"p1":74,
     "p2":84,
     "p3":85},
    {"p1":67,
     "p2":89,
     "p3":90},
    {"p1":1,
     "p2":46,
     "p3":101},
    {"p1":0,
     "p2":1,
     "p3":101},
    {"p1":59,
     "p2":93,
     "p3":94},
    {"p1":59,
     "p2":60,
     "p3":93},
    {"p1":60,
     "p2":61,
     "p3":93},
    {"p1":61,
     "p2":62,
     "p3":93},
    {"p1":62,
     "p2":92,
     "p3":93},
    {"p1":50,
     "p2":98,
     "p3":99},
    {"p1":49,
     "p2":50,
     "p3":99},
    {"p1":70,
     "p2":71,
     "p3":87},
    {"p1":70,
     "p2":87,
     "p3":88},
    {"p1":55,
     "p2":95,
     "p3":96},
    {"p1":52,
     "p2":96,
     "p3":97},
    {"p1":52,
     "p2":53,
     "p3":96},
    {"p1":8,
     "p2":9,
     "p3":18},
    {"p1":28,
     "p2":29,
     "p3":31},
    {"p1":73,
     "p2":85,
     "p3":86},
    {"p1":73,
     "p2":74,
     "p3":85},
    {"p1":75,
     "p2":83,
     "p3":84},
    {"p1":74,
     "p2":75,
     "p3":84},
    {"p1":46,
     "p2":47,
     "p3":101},
    {"p1":50,
     "p2":51,
     "p3":98},
    {"p1":51,
     "p2":52,
     "p3":97},
    {"p1":51,
     "p2":97,
     "p3":98},
    {"p1":68,
     "p2":88,
     "p3":89},
    {"p1":67,
     "p2":68,
     "p3":89},
    {"p1":54,
     "p2":55,
     "p3":96},
    {"p1":53,
     "p2":54,
     "p3":96},
    {"p1":9,
     "p2":10,
     "p3":17},
    {"p1":9,
     "p2":17,
     "p3":18},
    {"p1":7,
     "p2":8,
     "p3":19},
    {"p1":8,
     "p2":18,
     "p3":19},
    {"p1":6,
     "p2":7,
     "p3":19},
    {"p1":6,
     "p2":19,
     "p3":40},
    {"p1":5,
     "p2":6,
     "p3":41},
    {"p1":6,
     "p2":40,
     "p3":41},
    {"p1":72,
     "p2":73,
     "p3":86},
    {"p1":71,
     "p2":72,
     "p3":87},
    {"p1":72,
     "p2":86,
     "p3":87},
    {"p1":75,
     "p2":76,
     "p3":83},
    {"p1":78,
     "p2":79,
     "p3":81},
    {"p1":78,
     "p2":81,
     "p3":82},
    {"p1":48,
     "p2":49,
     "p3":100},
    {"p1":48,
     "p2":100,
     "p3":101},
    {"p1":47,
     "p2":48,
     "p3":101},
    {"p1":69,
     "p2":70,
     "p3":88},
    {"p1":68,
     "p2":69,
     "p3":88},
    {"p1":10,
     "p2":11,
     "p3":16},
    {"p1":10,
     "p2":16,
     "p3":17},
    {"p1":19,
     "p2":20,
     "p3":40},
    {"p1":21,
     "p2":22,
     "p3":38},
    {"p1":21,
     "p2":38,
     "p3":39},
    {"p1":20,
     "p2":21,
     "p3":39},
    {"p1":20,
     "p2":39,
     "p3":40},
    {"p1":4,
     "p2":42,
     "p3":43},
    {"p1":4,
     "p2":5,
     "p3":42},
    {"p1":5,
     "p2":41,
     "p3":42},
    {"p1":77,
     "p2":82,
     "p3":83},
    {"p1":76,
     "p2":77,
     "p3":83},
    {"p1":77,
     "p2":78,
     "p3":82},
    {"p1":66,
     "p2":67,
     "p3":90},
    {"p1":11,
     "p2":12,
     "p3":15},
    {"p1":11,
     "p2":15,
     "p3":16},
    {"p1":13,
     "p2":14,
     "p3":15},
    {"p1":12,
     "p2":13,
     "p3":15},
    {"p1":23,
     "p2":24,
     "p3":36},
    {"p1":22,
     "p2":37,
     "p3":38},
    {"p1":23,
     "p2":36,
     "p3":37},
    {"p1":22,
     "p2":23,
     "p3":37},
    {"p1":24,
     "p2":35,
     "p3":36},
    {"p1":65,
     "p2":90,
     "p3":91},
    {"p1":65,
     "p2":66,
     "p3":90},
    {"p1":64,
     "p2":65,
     "p3":91},
    {"p1":25,
     "p2":26,
     "p3":34},
    {"p1":24,
     "p2":25,
     "p3":35},
    {"p1":25,
     "p2":34,
     "p3":35},
    {"p1":28,
     "p2":31,
     "p3":32},
    {"p1":27,
     "p2":28,
     "p3":32},
    {"p1":26,
     "p2":33,
     "p3":34},
    {"p1":26,
     "p2":27,
     "p3":33},
    {"p1":27,
     "p2":32,
     "p3":33}]
}