{"points":[
    {"x":0.17548,
     "y":0.5},
    {"x":0.17548,
     "y":0.52644},
    {"x":0.17308,
     "y":0.55288},
    {"x":0.17308,
     "y":0.57933},
    {"x":0.17308,
     "y":0.60577},
    {"x":0.17308,
     "y":0.63221},
    {"x":0.17308,
     "y":0.65865},
    {"x":0.17067,
     "y":0.6851},
    {"x":0.17067,
     "y":0.71154},
    {"x":0.17067,
     "y":0.73798},
    {"x":0.17067,
     "y":0.76442},
    {"x":0.16827,
     "y":0.79087},
    {"x":0.16827,
     "y":0.81731},
    {"x":0.16827,
     "y":0.84375},
    {"x":0.17548,
     "y":0.86298},
    {"x":0.20192,
     "y":0.8726},
    {"x":0.22837,
     "y":0.87981},
    {"x":0.25481,
     "y":0.88702},
    {"x":0.28125,
     "y":0.89663},
    {"x":0.30769,
     "y":0.90385},
    {"x":0.33413,
     "y":0.91106},
    {"x":0.36058,
     "y":0.92067},
    {"x":0.38702,
     "y":0.92788},
    {"x":0.41346,
     "y":0.9351},
    {"x":0.4399,
     "y":0.94471},
    {"x":0.46635,
     "y":0.95192},
    {"x":0.49279,
     "y":0.95913},
    {"x":0.51923,
     "y":0.96875},
    {"x":0.54567,
     "y":0.97596},
    {"x":0.57212,
     "y":0.98317},
    {"x":0.59856,
     "y":0.99279},
    {"x":0.625,
     "y":1},
    {"x":0.63221,
     "y":0.97837},
    {"x":0.62981,
     "y":0.95192},
    {"x":0.62981,
     "y":0.92548},
    {"x":0.62981,
     "y":0.89904},
    {"x":0.6274,
     "y":0.8726},
    {"x":0.6274,
     "y":0.84615},
    {"x":0.6274,
     "y":0.81971},
    {"x":0.6274,
     "y":0.79327},
    {"x":0.625,
     "y":0.76683},
    {"x":0.625,
     "y":0.74038},
    {"x":0.625,
     "y":0.71394},
    {"x":0.6226,
     "y":0.6875},
    {"x":0.6226,
     "y":0.66106},
    {"x":0.6226,
     "y":0.63462},
    {"x":0.6226,
     "y":0.60817},
    {"x":0.62019,
     "y":0.58173},
    {"x":0.62019,
     "y":0.55529},
    {"x":0.62019,
     "y":0.52885},
    {"x":0.61779,
     "y":0.5024},
    {"x":0.61779,
     "y":0.47596},
    {"x":0.61779,
     "y":0.44952},
    {"x":0.61779,
     "y":0.42308},
    {"x":0.61538,
     "y":0.39663},
    {"x":0.61538,
     "y":0.37019},
    {"x":0.61538,
     "y":0.34375},
    {"x":0.61298,
     "y":0.31731},
    {"x":0.60817,
     "y":0.29087},
    {"x":0.60337,
     "y":0.26442},
    {"x":0.59375,
     "y":0.23798},
    {"x":0.58173,
     "y":0.21154},
    {"x":0.56731,
     "y":0.1851},
    {"x":0.55048,
     "y":0.15865},
    {"x":0.52885,
     "y":0.13221},
    {"x":0.5024,
     "y":0.10577},
    {"x":0.47596,
     "y":0.084135},
    {"x":0.44952,
     "y":0.064904},
    {"x":0.42308,
     "y":0.050481},
    {"x":0.39663,
     "y":0.036058},
    {"x":0.37019,
     "y":0.024038},
    {"x":0.34375,
     "y":0.014423},
    {"x":0.31731,
     "y":0.0072115},
    {"x":0.29087,
     "y":0},
    {"x":0.26442,
     "y":0},
    {"x":0.23798,
     "y":0.0072115},
    {"x":0.21154,
     "y":0.019231},
    {"x":0.1851,
     "y":0.033654},
    {"x":0.15865,
     "y":0.052885},
    {"x":0.13221,
     "y":0.072115},
    {"x":0.10577,
     "y":0.088942},
    {"x":0.079327,
     "y":0.10337},
    {"x":0.052885,
     "y":0.11538},
    {"x":0.026442,
     "y":0.125},
    {"x":0,
     "y":0.1274},
    {"x":0.0024038,
     "y":0.13462},
    {"x":0.028846,
     "y":0.14423},
    {"x":0.055288,
     "y":0.14663},
    {"x":0.081731,
     "y":0.14663},
    {"x":0.10817,
     "y":0.14423},
    {"x":0.13462,
     "y":0.14183},
    {"x":0.16106,
     "y":0.15625},
    {"x":0.17308,
     "y":0.18269},
    {"x":0.17788,
     "y":0.20913},
    {"x":0.18029,
     "y":0.23558},
    {"x":0.18029,
     "y":0.26202},
    {"x":0.18029,
     "y":0.28846},
    {"x":0.18029,
     "y":0.3149},
    {"x":0.17788,
     "y":0.34135},
    {"x":0.17788,
     "y":0.36779},
    {"x":0.17788,
     "y":0.39423},
    {"x":0.17788,
     "y":0.42067},
    {"x":0.17548,
     "y":0.44712},
    {"x":0.17548,
     "y":0.47356},
    {"x":0.17548,
     "y":0.5},
    {"x":0.17548,
     "y":0.5}],
 "triangles":[
    {"p1":30,
     "p2":31,
     "p3":32},
    {"p1":30,
     "p2":32,
     "p3":33},
    {"p1":29,
     "p2":30,
     "p3":33},
    {"p1":70,
     "p2":71,
     "p3":92},
    {"p1":7,
     "p2":20,
     "p3":43},
    {"p1":20,
     "p2":42,
     "p3":43},
    {"p1":7,
     "p2":8,
     "p3":20},
    {"p1":52,
     "p2":102,
     "p3":103},
    {"p1":82,
     "p2":83,
     "p3":87},
    {"p1":83,
     "p2":84,
     "p3":85},
    {"p1":82,
     "p2":87,
     "p3":88},
    {"p1":66,
     "p2":67,
     "p3":94},
    {"p1":67,
     "p2":68,
     "p3":94},
    {"p1":52,
     "p2":101,
     "p3":102},
    {"p1":57,
     "p2":97,
     "p3":98},
    {"p1":56,
     "p2":57,
     "p3":98},
    {"p1":11,
     "p2":12,
     "p3":16},
    {"p1":4,
     "p2":5,
     "p3":46},
    {"p1":83,
     "p2":86,
     "p3":87},
    {"p1":83,
     "p2":85,
     "p3":86},
    {"p1":29,
     "p2":33,
     "p3":34},
    {"p1":68,
     "p2":93,
     "p3":94},
    {"p1":52,
     "p2":53,
     "p3":101},
    {"p1":53,
     "p2":54,
     "p3":101},
    {"p1":64,
     "p2":65,
     "p3":95},
    {"p1":65,
     "p2":66,
     "p3":94},
    {"p1":65,
     "p2":94,
     "p3":95},
    {"p1":57,
     "p2":58,
     "p3":97},
    {"p1":61,
     "p2":96,
     "p3":97},
    {"p1":56,
     "p2":98,
     "p3":99},
    {"p1":72,
     "p2":75,
     "p3":92},
    {"p1":71,
     "p2":72,
     "p3":92},
    {"p1":76,
     "p2":77,
     "p3":91},
    {"p1":75,
     "p2":91,
     "p3":92},
    {"p1":75,
     "p2":76,
     "p3":91},
    {"p1":77,
     "p2":78,
     "p3":91},
    {"p1":12,
     "p2":13,
     "p3":15},
    {"p1":12,
     "p2":15,
     "p3":16},
    {"p1":13,
     "p2":14,
     "p3":15},
    {"p1":5,
     "p2":45,
     "p3":46},
    {"p1":6,
     "p2":7,
     "p3":43},
    {"p1":6,
     "p2":43,
     "p3":44},
    {"p1":5,
     "p2":6,
     "p3":45},
    {"p1":6,
     "p2":44,
     "p3":45},
    {"p1":0,
     "p2":1,
     "p3":50},
    {"p1":1,
     "p2":49,
     "p3":50},
    {"p1":4,
     "p2":46,
     "p3":47},
    {"p1":3,
     "p2":4,
     "p3":47},
    {"p1":78,
     "p2":79,
     "p3":91},
    {"p1":81,
     "p2":82,
     "p3":88},
    {"p1":81,
     "p2":88,
     "p3":89},
    {"p1":68,
     "p2":69,
     "p3":93},
    {"p1":69,
     "p2":70,
     "p3":92},
    {"p1":69,
     "p2":92,
     "p3":93},
    {"p1":55,
     "p2":56,
     "p3":99},
    {"p1":60,
     "p2":61,
     "p3":97},
    {"p1":58,
     "p2":60,
     "p3":97},
    {"p1":61,
     "p2":62,
     "p3":96},
    {"p1":54,
     "p2":100,
     "p3":101},
    {"p1":54,
     "p2":55,
     "p3":100},
    {"p1":55,
     "p2":99,
     "p3":100},
    {"p1":79,
     "p2":90,
     "p3":91},
    {"p1":8,
     "p2":19,
     "p3":20},
    {"p1":51,
     "p2":52,
     "p3":103},
    {"p1":0,
     "p2":51,
     "p3":103},
    {"p1":0,
     "p2":50,
     "p3":51},
    {"p1":1,
     "p2":48,
     "p3":49},
    {"p1":1,
     "p2":2,
     "p3":48},
    {"p1":2,
     "p2":3,
     "p3":48},
    {"p1":3,
     "p2":47,
     "p3":48},
    {"p1":23,
     "p2":39,
     "p3":40},
    {"p1":28,
     "p2":29,
     "p3":34},
    {"p1":28,
     "p2":34,
     "p3":35},
    {"p1":27,
     "p2":28,
     "p3":35},
    {"p1":23,
     "p2":24,
     "p3":39},
    {"p1":25,
     "p2":37,
     "p3":38},
    {"p1":24,
     "p2":38,
     "p3":39},
    {"p1":24,
     "p2":25,
     "p3":38},
    {"p1":27,
     "p2":35,
     "p3":36},
    {"p1":80,
     "p2":81,
     "p3":89},
    {"p1":80,
     "p2":89,
     "p3":90},
    {"p1":79,
     "p2":80,
     "p3":90},
    {"p1":58,
     "p2":59,
     "p3":60},
    {"p1":62,
     "p2":63,
     "p3":96},
    {"p1":63,
     "p2":64,
     "p3":95},
    {"p1":63,
     "p2":95,
     "p3":96},
    {"p1":8,
     "p2":9,
     "p3":19},
    {"p1":9,
     "p2":18,
     "p3":19},
    {"p1":9,
     "p2":10,
     "p3":18},
    {"p1":10,
     "p2":17,
     "p3":18},
    {"p1":11,
     "p2":16,
     "p3":17},
    {"p1":10,
     "p2":11,
     "p3":17},
    {"p1":20,
     "p2":21,
     "p3":42},
    {"p1":21,
     "p2":41,
     "p3":42},
    {"p1":25,
     "p2":26,
     "p3":37},
    {"p1":26,
     "p2":36,
     "p3":37},
    {"p1":26,
     "p2":27,
     "p3":36},
    {"p1":21,
     "p2":22,
     "p3":41},
    {"p1":22,
     "p2":40,
     "p3":41},
    {"p1":22,
     "p2":23,
     "p3":40},
    {"p1":72,
     "p2":74,
     "p3":75},
    {"p1":72,
     "p2":73,
     "p3":74}]
}