{"points":[
    {"x":0,
     "y":0.27397},
    {"x":0,
     "y":0.30137},
    {"x":0,
     "y":0.32877},
    {"x":0,
     "y":0.35616},
    {"x":0.027397,
     "y":0.36986},
    {"x":0.054795,
     "y":0.36986},
    {"x":0.082192,
     "y":0.36986},
    {"x":0.10959,
     "y":0.35616},
    {"x":0.12329,
     "y":0.32877},
    {"x":0.13699,
     "y":0.35616},
    {"x":0.13699,
     "y":0.38356},
    {"x":0.15068,
     "y":0.41096},
    {"x":0.15068,
     "y":0.43836},
    {"x":0.16438,
     "y":0.45205},
    {"x":0.19178,
     "y":0.45205},
    {"x":0.21918,
     "y":0.43836},
    {"x":0.24658,
     "y":0.42466},
    {"x":0.27397,
     "y":0.42466},
    {"x":0.27397,
     "y":0.45205},
    {"x":0.30137,
     "y":0.47945},
    {"x":0.31507,
     "y":0.50685},
    {"x":0.34247,
     "y":0.50685},
    {"x":0.36986,
     "y":0.50685},
    {"x":0.38356,
     "y":0.47945},
    {"x":0.39726,
     "y":0.45205},
    {"x":0.39726,
     "y":0.42466},
    {"x":0.39726,
     "y":0.39726},
    {"x":0.39726,
     "y":0.36986},
    {"x":0.39726,
     "y":0.34247},
    {"x":0.42466,
     "y":0.31507},
    {"x":0.45205,
     "y":0.31507},
    {"x":0.46575,
     "y":0.34247},
    {"x":0.46575,
     "y":0.36986},
    {"x":0.45205,
     "y":0.39726},
    {"x":0.43836,
     "y":0.42466},
    {"x":0.43836,
     "y":0.45205},
    {"x":0.43836,
     "y":0.47945},
    {"x":0.46575,
     "y":0.50685},
    {"x":0.46575,
     "y":0.53425},
    {"x":0.49315,
     "y":0.53425},
    {"x":0.52055,
     "y":0.53425},
    {"x":0.53425,
     "y":0.50685},
    {"x":0.56164,
     "y":0.47945},
    {"x":0.56164,
     "y":0.45205},
    {"x":0.56164,
     "y":0.42466},
    {"x":0.56164,
     "y":0.39726},
    {"x":0.53425,
     "y":0.36986},
    {"x":0.54795,
     "y":0.34247},
    {"x":0.56164,
     "y":0.31507},
    {"x":0.58904,
     "y":0.32877},
    {"x":0.60274,
     "y":0.35616},
    {"x":0.60274,
     "y":0.38356},
    {"x":0.60274,
     "y":0.41096},
    {"x":0.60274,
     "y":0.43836},
    {"x":0.60274,
     "y":0.46575},
    {"x":0.61644,
     "y":0.47945},
    {"x":0.63014,
     "y":0.50685},
    {"x":0.65753,
     "y":0.52055},
    {"x":0.68493,
     "y":0.52055},
    {"x":0.69863,
     "y":0.49315},
    {"x":0.71233,
     "y":0.46575},
    {"x":0.71233,
     "y":0.43836},
    {"x":0.71233,
     "y":0.41096},
    {"x":0.71233,
     "y":0.38356},
    {"x":0.68493,
     "y":0.36986},
    {"x":0.67123,
     "y":0.34247},
    {"x":0.67123,
     "y":0.31507},
    {"x":0.69863,
     "y":0.30137},
    {"x":0.72603,
     "y":0.31507},
    {"x":0.73973,
     "y":0.34247},
    {"x":0.75342,
     "y":0.36986},
    {"x":0.75342,
     "y":0.39726},
    {"x":0.75342,
     "y":0.42466},
    {"x":0.78082,
     "y":0.43836},
    {"x":0.80822,
     "y":0.45205},
    {"x":0.83562,
     "y":0.45205},
    {"x":0.86301,
     "y":0.45205},
    {"x":0.87671,
     "y":0.43836},
    {"x":0.87671,
     "y":0.41096},
    {"x":0.87671,
     "y":0.38356},
    {"x":0.90411,
     "y":0.38356},
    {"x":0.93151,
     "y":0.38356},
    {"x":0.9589,
     "y":0.38356},
    {"x":0.9863,
     "y":0.38356},
    {"x":1,
     "y":0.36986},
    {"x":1,
     "y":0.34247},
    {"x":1,
     "y":0.31507},
    {"x":0.9863,
     "y":0.28767},
    {"x":0.9726,
     "y":0.26027},
    {"x":0.94521,
     "y":0.26027},
    {"x":0.91781,
     "y":0.24658},
    {"x":0.89041,
     "y":0.21918},
    {"x":0.86301,
     "y":0.20548},
    {"x":0.83562,
     "y":0.19178},
    {"x":0.82192,
     "y":0.16438},
    {"x":0.82192,
     "y":0.13699},
    {"x":0.82192,
     "y":0.10959},
    {"x":0.80822,
     "y":0.09589},
    {"x":0.79452,
     "y":0.068493},
    {"x":0.79452,
     "y":0.041096},
    {"x":0.78082,
     "y":0.013699},
    {"x":0.75342,
     "y":0.013699},
    {"x":0.72603,
     "y":0.013699},
    {"x":0.69863,
     "y":0.013699},
    {"x":0.67123,
     "y":0.013699},
    {"x":0.64384,
     "y":0},
    {"x":0.61644,
     "y":0},
    {"x":0.58904,
     "y":0},
    {"x":0.56164,
     "y":0},
    {"x":0.53425,
     "y":0},
    {"x":0.50685,
     "y":0},
    {"x":0.47945,
     "y":0},
    {"x":0.45205,
     "y":0},
    {"x":0.42466,
     "y":0},
    {"x":0.39726,
     "y":0},
    {"x":0.36986,
     "y":0},
    {"x":0.34247,
     "y":0},
    {"x":0.31507,
     "y":0},
    {"x":0.28767,
     "y":0},
    {"x":0.26027,
     "y":0},
    {"x":0.23288,
     "y":0.013699},
    {"x":0.20548,
     "y":0.013699},
    {"x":0.20548,
     "y":0.041096},
    {"x":0.19178,
     "y":0.068493},
    {"x":0.17808,
     "y":0.09589},
    {"x":0.17808,
     "y":0.12329},
    {"x":0.15068,
     "y":0.15068},
    {"x":0.15068,
     "y":0.17808},
    {"x":0.12329,
     "y":0.20548},
    {"x":0.09589,
     "y":0.21918},
    {"x":0.068493,
     "y":0.23288},
    {"x":0.041096,
     "y":0.24658},
    {"x":0.013699,
     "y":0.26027},
    {"x":0,
     "y":0.27397},
    {"x":0,
     "y":0.27397}],
 "triangles":[
    {"p1":29,
     "p2":116,
     "p3":125},
    {"p1":29,
     "p2":113,
     "p3":114},
    {"p1":116,
     "p2":117,
     "p3":125},
    {"p1":117,
     "p2":123,
     "p3":125},
    {"p1":50,
     "p2":65,
     "p3":66},
    {"p1":30,
     "p2":111,
     "p3":112},
    {"p1":49,
     "p2":50,
     "p3":66},
    {"p1":48,
     "p2":49,
     "p3":66},
    {"p1":8,
     "p2":127,
     "p3":128},
    {"p1":8,
     "p2":128,
     "p3":129},
    {"p1":8,
     "p2":129,
     "p3":130},
    {"p1":9,
     "p2":16,
     "p3":17},
    {"p1":11,
     "p2":15,
     "p3":16},
    {"p1":9,
     "p2":11,
     "p3":16},
    {"p1":125,
     "p2":126,
     "p3":127},
    {"p1":9,
     "p2":10,
     "p3":11},
    {"p1":29,
     "p2":115,
     "p3":116},
    {"p1":29,
     "p2":114,
     "p3":115},
    {"p1":123,
     "p2":124,
     "p3":125},
    {"p1":67,
     "p2":94,
     "p3":104},
    {"p1":48,
     "p2":66,
     "p3":67},
    {"p1":48,
     "p2":67,
     "p3":104},
    {"p1":48,
     "p2":108,
     "p3":109},
    {"p1":48,
     "p2":107,
     "p3":108},
    {"p1":39,
     "p2":40,
     "p3":41},
    {"p1":6,
     "p2":7,
     "p3":8},
    {"p1":8,
     "p2":130,
     "p3":131},
    {"p1":11,
     "p2":14,
     "p3":15},
    {"p1":17,
     "p2":27,
     "p3":28},
    {"p1":17,
     "p2":28,
     "p3":127},
    {"p1":120,
     "p2":121,
     "p3":122},
    {"p1":118,
     "p2":119,
     "p3":120},
    {"p1":118,
     "p2":120,
     "p3":122},
    {"p1":117,
     "p2":118,
     "p3":123},
    {"p1":118,
     "p2":122,
     "p3":123},
    {"p1":99,
     "p2":100,
     "p3":101},
    {"p1":98,
     "p2":99,
     "p3":101},
    {"p1":53,
     "p2":55,
     "p3":61},
    {"p1":55,
     "p2":60,
     "p3":61},
    {"p1":51,
     "p2":52,
     "p3":64},
    {"p1":51,
     "p2":64,
     "p3":65},
    {"p1":50,
     "p2":51,
     "p3":65},
    {"p1":30,
     "p2":48,
     "p3":110},
    {"p1":30,
     "p2":110,
     "p3":111},
    {"p1":48,
     "p2":109,
     "p3":110},
    {"p1":104,
     "p2":105,
     "p3":106},
    {"p1":48,
     "p2":104,
     "p3":106},
    {"p1":48,
     "p2":106,
     "p3":107},
    {"p1":44,
     "p2":45,
     "p3":46},
    {"p1":33,
     "p2":44,
     "p3":46},
    {"p1":57,
     "p2":58,
     "p3":59},
    {"p1":56,
     "p2":57,
     "p3":59},
    {"p1":55,
     "p2":59,
     "p3":60},
    {"p1":55,
     "p2":56,
     "p3":59},
    {"p1":52,
     "p2":62,
     "p3":64},
    {"p1":62,
     "p2":63,
     "p3":64},
    {"p1":5,
     "p2":6,
     "p3":8},
    {"p1":21,
     "p2":22,
     "p3":23},
    {"p1":19,
     "p2":20,
     "p3":21},
    {"p1":19,
     "p2":21,
     "p3":23},
    {"p1":17,
     "p2":18,
     "p3":19},
    {"p1":19,
     "p2":23,
     "p3":24},
    {"p1":19,
     "p2":24,
     "p3":25},
    {"p1":17,
     "p2":19,
     "p3":25},
    {"p1":32,
     "p2":33,
     "p3":46},
    {"p1":17,
     "p2":26,
     "p3":27},
    {"p1":17,
     "p2":25,
     "p3":26},
    {"p1":37,
     "p2":38,
     "p3":39},
    {"p1":37,
     "p2":39,
     "p3":41},
    {"p1":35,
     "p2":36,
     "p3":37},
    {"p1":67,
     "p2":93,
     "p3":94},
    {"p1":67,
     "p2":68,
     "p3":93},
    {"p1":98,
     "p2":101,
     "p3":102},
    {"p1":94,
     "p2":97,
     "p3":104},
    {"p1":94,
     "p2":95,
     "p3":97},
    {"p1":95,
     "p2":96,
     "p3":97},
    {"p1":53,
     "p2":54,
     "p3":55},
    {"p1":80,
     "p2":81,
     "p3":89},
    {"p1":1,
     "p2":8,
     "p3":131},
    {"p1":1,
     "p2":5,
     "p3":8},
    {"p1":1,
     "p2":131,
     "p3":132},
    {"p1":0,
     "p2":1,
     "p3":132},
    {"p1":31,
     "p2":46,
     "p3":47},
    {"p1":31,
     "p2":32,
     "p3":46},
    {"p1":68,
     "p2":69,
     "p3":92},
    {"p1":68,
     "p2":92,
     "p3":93},
    {"p1":69,
     "p2":79,
     "p3":92},
    {"p1":79,
     "p2":91,
     "p3":92},
    {"p1":98,
     "p2":102,
     "p3":103},
    {"p1":97,
     "p2":103,
     "p3":104},
    {"p1":97,
     "p2":98,
     "p3":103},
    {"p1":41,
     "p2":42,
     "p3":43},
    {"p1":71,
     "p2":72,
     "p3":73},
    {"p1":73,
     "p2":74,
     "p3":79},
    {"p1":71,
     "p2":73,
     "p3":79},
    {"p1":69,
     "p2":70,
     "p3":79},
    {"p1":70,
     "p2":71,
     "p3":79},
    {"p1":81,
     "p2":86,
     "p3":87},
    {"p1":81,
     "p2":87,
     "p3":89},
    {"p1":87,
     "p2":88,
     "p3":89},
    {"p1":79,
     "p2":90,
     "p3":91},
    {"p1":79,
     "p2":80,
     "p3":90},
    {"p1":80,
     "p2":89,
     "p3":90},
    {"p1":2,
     "p2":4,
     "p3":5},
    {"p1":1,
     "p2":2,
     "p3":5},
    {"p1":2,
     "p2":3,
     "p3":4},
    {"p1":30,
     "p2":112,
     "p3":113},
    {"p1":29,
     "p2":30,
     "p3":113},
    {"p1":8,
     "p2":17,
     "p3":127},
    {"p1":8,
     "p2":9,
     "p3":17},
    {"p1":11,
     "p2":12,
     "p3":14},
    {"p1":12,
     "p2":13,
     "p3":14},
    {"p1":28,
     "p2":29,
     "p3":125},
    {"p1":28,
     "p2":125,
     "p3":127},
    {"p1":53,
     "p2":61,
     "p3":62},
    {"p1":52,
     "p2":53,
     "p3":62},
    {"p1":34,
     "p2":35,
     "p3":43},
    {"p1":34,
     "p2":43,
     "p3":44},
    {"p1":33,
     "p2":34,
     "p3":44},
    {"p1":35,
     "p2":37,
     "p3":43},
    {"p1":37,
     "p2":41,
     "p3":43},
    {"p1":82,
     "p2":84,
     "p3":85},
    {"p1":82,
     "p2":83,
     "p3":84},
    {"p1":82,
     "p2":85,
     "p3":86},
    {"p1":81,
     "p2":82,
     "p3":86},
    {"p1":31,
     "p2":47,
     "p3":48},
    {"p1":30,
     "p2":31,
     "p3":48},
    {"p1":74,
     "p2":78,
     "p3":79},
    {"p1":74,
     "p2":75,
     "p3":78},
    {"p1":75,
     "p2":76,
     "p3":78},
    {"p1":76,
     "p2":77,
     "p3":78}]
}