{"points":[
    {"x":0.013699,
     "y":0.34932},
    {"x":0,
     "y":0.37671},
    {"x":0,
     "y":0.40411},
    {"x":0.027397,
     "y":0.40411},
    {"x":0.054795,
     "y":0.40411},
    {"x":0.082192,
     "y":0.39726},
    {"x":0.09589,
     "y":0.37671},
    {"x":0.12329,
     "y":0.36986},
    {"x":0.15068,
     "y":0.36301},
    {"x":0.17123,
     "y":0.34932},
    {"x":0.19178,
     "y":0.35616},
    {"x":0.19178,
     "y":0.38356},
    {"x":0.21233,
     "y":0.40411},
    {"x":0.23973,
     "y":0.41096},
    {"x":0.26712,
     "y":0.41781},
    {"x":0.29452,
     "y":0.42466},
    {"x":0.32192,
     "y":0.41781},
    {"x":0.33562,
     "y":0.39726},
    {"x":0.34247,
     "y":0.36986},
    {"x":0.33562,
     "y":0.34247},
    {"x":0.32877,
     "y":0.31507},
    {"x":0.35616,
     "y":0.30822},
    {"x":0.37671,
     "y":0.33562},
    {"x":0.40411,
     "y":0.34247},
    {"x":0.41096,
     "y":0.36301},
    {"x":0.39041,
     "y":0.38356},
    {"x":0.39726,
     "y":0.41096},
    {"x":0.40411,
     "y":0.43836},
    {"x":0.41781,
     "y":0.4589},
    {"x":0.43151,
     "y":0.47945},
    {"x":0.43836,
     "y":0.50685},
    {"x":0.46575,
     "y":0.5137},
    {"x":0.4863,
     "y":0.5411},
    {"x":0.5137,
     "y":0.5411},
    {"x":0.53425,
     "y":0.52055},
    {"x":0.56164,
     "y":0.50685},
    {"x":0.57534,
     "y":0.4863},
    {"x":0.58904,
     "y":0.4589},
    {"x":0.60274,
     "y":0.43836},
    {"x":0.62329,
     "y":0.41096},
    {"x":0.62329,
     "y":0.38356},
    {"x":0.59589,
     "y":0.36301},
    {"x":0.58904,
     "y":0.33562},
    {"x":0.56164,
     "y":0.34247},
    {"x":0.55479,
     "y":0.32192},
    {"x":0.58219,
     "y":0.31507},
    {"x":0.60959,
     "y":0.33562},
    {"x":0.63699,
     "y":0.34932},
    {"x":0.65753,
     "y":0.34247},
    {"x":0.67123,
     "y":0.31507},
    {"x":0.69863,
     "y":0.31507},
    {"x":0.68493,
     "y":0.33562},
    {"x":0.67808,
     "y":0.36301},
    {"x":0.67808,
     "y":0.39041},
    {"x":0.69178,
     "y":0.41096},
    {"x":0.71918,
     "y":0.42466},
    {"x":0.74658,
     "y":0.42466},
    {"x":0.77397,
     "y":0.41781},
    {"x":0.80137,
     "y":0.41096},
    {"x":0.82877,
     "y":0.40411},
    {"x":0.83562,
     "y":0.37671},
    {"x":0.84932,
     "y":0.35616},
    {"x":0.87671,
     "y":0.35616},
    {"x":0.88356,
     "y":0.38356},
    {"x":0.91096,
     "y":0.38356},
    {"x":0.92466,
     "y":0.41096},
    {"x":0.95205,
     "y":0.42466},
    {"x":0.97945,
     "y":0.41781},
    {"x":1,
     "y":0.41096},
    {"x":1,
     "y":0.38356},
    {"x":0.97945,
     "y":0.36301},
    {"x":0.96575,
     "y":0.33562},
    {"x":0.95205,
     "y":0.30822},
    {"x":0.93151,
     "y":0.28767},
    {"x":0.91096,
     "y":0.26027},
    {"x":0.89726,
     "y":0.23288},
    {"x":0.86986,
     "y":0.21233},
    {"x":0.86301,
     "y":0.18493},
    {"x":0.84247,
     "y":0.16438},
    {"x":0.84247,
     "y":0.13699},
    {"x":0.82877,
     "y":0.11644},
    {"x":0.83562,
     "y":0.089041},
    {"x":0.82877,
     "y":0.061644},
    {"x":0.80137,
     "y":0.047945},
    {"x":0.77397,
     "y":0.034247},
    {"x":0.74658,
     "y":0.034247},
    {"x":0.71918,
     "y":0.020548},
    {"x":0.69178,
     "y":0.013699},
    {"x":0.66438,
     "y":0.013699},
    {"x":0.63699,
     "y":0.013699},
    {"x":0.60959,
     "y":0.0068493},
    {"x":0.58219,
     "y":0.0068493},
    {"x":0.55479,
     "y":0.0068493},
    {"x":0.5274,
     "y":0.0068493},
    {"x":0.5,
     "y":0.0068493},
    {"x":0.4726,
     "y":0},
    {"x":0.44521,
     "y":0},
    {"x":0.41781,
     "y":0},
    {"x":0.39041,
     "y":0.0068493},
    {"x":0.36301,
     "y":0.0068493},
    {"x":0.33562,
     "y":0.0068493},
    {"x":0.30822,
     "y":0.013699},
    {"x":0.28082,
     "y":0.013699},
    {"x":0.25342,
     "y":0.020548},
    {"x":0.22603,
     "y":0.027397},
    {"x":0.19863,
     "y":0.034247},
    {"x":0.17808,
     "y":0.054795},
    {"x":0.17808,
     "y":0.082192},
    {"x":0.16438,
     "y":0.10959},
    {"x":0.15753,
     "y":0.13014},
    {"x":0.14384,
     "y":0.15068},
    {"x":0.13014,
     "y":0.17123},
    {"x":0.13699,
     "y":0.19863},
    {"x":0.10959,
     "y":0.22603},
    {"x":0.089041,
     "y":0.25342},
    {"x":0.061644,
     "y":0.26712},
    {"x":0.054795,
     "y":0.29452},
    {"x":0.047945,
     "y":0.32192},
    {"x":0.027397,
     "y":0.33562},
    {"x":0.013699,
     "y":0.34932}],
 "triangles":[
    {"p1":10,
     "p2":20,
     "p3":112},
    {"p1":20,
     "p2":101,
     "p3":108},
    {"p1":14,
     "p2":17,
     "p3":18},
    {"p1":1,
     "p2":2,
     "p3":3},
    {"p1":50,
     "p2":76,
     "p3":78},
    {"p1":50,
     "p2":61,
     "p3":76},
    {"p1":50,
     "p2":56,
     "p3":57},
    {"p1":96,
     "p2":97,
     "p3":98},
    {"p1":101,
     "p2":107,
     "p3":108},
    {"p1":105,
     "p2":106,
     "p3":107},
    {"p1":110,
     "p2":111,
     "p3":112},
    {"p1":14,
     "p2":15,
     "p3":17},
    {"p1":15,
     "p2":16,
     "p3":17},
    {"p1":21,
     "p2":96,
     "p3":98},
    {"p1":20,
     "p2":21,
     "p3":101},
    {"p1":24,
     "p2":43,
     "p3":44},
    {"p1":10,
     "p2":12,
     "p3":13},
    {"p1":10,
     "p2":13,
     "p3":20},
    {"p1":66,
     "p2":67,
     "p3":70},
    {"p1":38,
     "p2":39,
     "p3":41},
    {"p1":38,
     "p2":41,
     "p3":43},
    {"p1":49,
     "p2":50,
     "p3":85},
    {"p1":39,
     "p2":40,
     "p3":41},
    {"p1":21,
     "p2":44,
     "p3":94},
    {"p1":94,
     "p2":95,
     "p3":96},
    {"p1":21,
     "p2":94,
     "p3":96},
    {"p1":76,
     "p2":77,
     "p3":78},
    {"p1":50,
     "p2":78,
     "p3":80},
    {"p1":50,
     "p2":80,
     "p3":85},
    {"p1":78,
     "p2":79,
     "p3":80},
    {"p1":50,
     "p2":60,
     "p3":61},
    {"p1":50,
     "p2":57,
     "p3":60},
    {"p1":101,
     "p2":102,
     "p3":103},
    {"p1":101,
     "p2":103,
     "p3":107},
    {"p1":0,
     "p2":1,
     "p3":3},
    {"p1":0,
     "p2":3,
     "p3":4},
    {"p1":0,
     "p2":4,
     "p3":118},
    {"p1":20,
     "p2":108,
     "p3":109},
    {"p1":20,
     "p2":109,
     "p3":112},
    {"p1":109,
     "p2":110,
     "p3":112},
    {"p1":14,
     "p2":18,
     "p3":19},
    {"p1":13,
     "p2":19,
     "p3":20},
    {"p1":13,
     "p2":14,
     "p3":19},
    {"p1":99,
     "p2":100,
     "p3":101},
    {"p1":21,
     "p2":99,
     "p3":101},
    {"p1":21,
     "p2":98,
     "p3":99},
    {"p1":28,
     "p2":29,
     "p3":43},
    {"p1":24,
     "p2":28,
     "p3":43},
    {"p1":21,
     "p2":23,
     "p3":44},
    {"p1":23,
     "p2":24,
     "p3":44},
    {"p1":4,
     "p2":6,
     "p3":118},
    {"p1":10,
     "p2":11,
     "p3":12},
    {"p1":67,
     "p2":68,
     "p3":69},
    {"p1":67,
     "p2":69,
     "p3":70},
    {"p1":31,
     "p2":32,
     "p3":33},
    {"p1":29,
     "p2":31,
     "p3":36},
    {"p1":29,
     "p2":30,
     "p3":31},
    {"p1":37,
     "p2":38,
     "p3":43},
    {"p1":29,
     "p2":37,
     "p3":43},
    {"p1":29,
     "p2":36,
     "p3":37},
    {"p1":45,
     "p2":49,
     "p3":89},
    {"p1":45,
     "p2":89,
     "p3":91},
    {"p1":45,
     "p2":46,
     "p3":49},
    {"p1":45,
     "p2":91,
     "p3":92},
    {"p1":49,
     "p2":88,
     "p3":89},
    {"p1":49,
     "p2":85,
     "p3":88},
    {"p1":86,
     "p2":87,
     "p3":88},
    {"p1":85,
     "p2":86,
     "p3":88},
    {"p1":52,
     "p2":55,
     "p3":56},
    {"p1":52,
     "p2":54,
     "p3":55},
    {"p1":52,
     "p2":53,
     "p3":54},
    {"p1":41,
     "p2":42,
     "p3":43},
    {"p1":44,
     "p2":93,
     "p3":94},
    {"p1":44,
     "p2":45,
     "p3":93},
    {"p1":45,
     "p2":92,
     "p3":93},
    {"p1":81,
     "p2":82,
     "p3":83},
    {"p1":80,
     "p2":81,
     "p3":83},
    {"p1":83,
     "p2":84,
     "p3":85},
    {"p1":80,
     "p2":83,
     "p3":85},
    {"p1":104,
     "p2":105,
     "p3":107},
    {"p1":103,
     "p2":104,
     "p3":107},
    {"p1":21,
     "p2":22,
     "p3":23},
    {"p1":4,
     "p2":5,
     "p3":6},
    {"p1":6,
     "p2":117,
     "p3":118},
    {"p1":6,
     "p2":7,
     "p3":117},
    {"p1":7,
     "p2":8,
     "p3":114},
    {"p1":65,
     "p2":66,
     "p3":70},
    {"p1":62,
     "p2":73,
     "p3":74},
    {"p1":61,
     "p2":62,
     "p3":74},
    {"p1":74,
     "p2":75,
     "p3":76},
    {"p1":61,
     "p2":74,
     "p3":76},
    {"p1":31,
     "p2":33,
     "p3":34},
    {"p1":34,
     "p2":35,
     "p3":36},
    {"p1":31,
     "p2":34,
     "p3":36},
    {"p1":89,
     "p2":90,
     "p3":91},
    {"p1":57,
     "p2":58,
     "p3":60},
    {"p1":58,
     "p2":59,
     "p3":60},
    {"p1":24,
     "p2":27,
     "p3":28},
    {"p1":24,
     "p2":26,
     "p3":27},
    {"p1":24,
     "p2":25,
     "p3":26},
    {"p1":7,
     "p2":114,
     "p3":116},
    {"p1":7,
     "p2":116,
     "p3":117},
    {"p1":114,
     "p2":115,
     "p3":116},
    {"p1":8,
     "p2":9,
     "p3":114},
    {"p1":9,
     "p2":113,
     "p3":114},
    {"p1":9,
     "p2":10,
     "p3":112},
    {"p1":9,
     "p2":112,
     "p3":113},
    {"p1":62,
     "p2":72,
     "p3":73},
    {"p1":50,
     "p2":51,
     "p3":56},
    {"p1":51,
     "p2":52,
     "p3":56},
    {"p1":62,
     "p2":63,
     "p3":64},
    {"p1":62,
     "p2":64,
     "p3":72},
    {"p1":64,
     "p2":71,
     "p3":72},
    {"p1":64,
     "p2":65,
     "p3":70},
    {"p1":64,
     "p2":70,
     "p3":71},
    {"p1":46,
     "p2":48,
     "p3":49},
    {"p1":46,
     "p2":47,
     "p3":48}]
}