{"points":[
    {"x":0.010989,
     "y":0.27473},
    {"x":0,
     "y":0.30769},
    {"x":0,
     "y":0.34066},
    {"x":0,
     "y":0.37363},
    {"x":0.021978,
     "y":0.3956},
    {"x":0.054945,
     "y":0.3956},
    {"x":0.087912,
     "y":0.38462},
    {"x":0.12088,
     "y":0.37363},
    {"x":0.14286,
     "y":0.35165},
    {"x":0.15385,
     "y":0.31868},
    {"x":0.15385,
     "y":0.28571},
    {"x":0.15385,
     "y":0.25275},
    {"x":0.17582,
     "y":0.21978},
    {"x":0.20879,
     "y":0.25275},
    {"x":0.23077,
     "y":0.26374},
    {"x":0.26374,
     "y":0.25275},
    {"x":0.26374,
     "y":0.28571},
    {"x":0.25275,
     "y":0.30769},
    {"x":0.24176,
     "y":0.34066},
    {"x":0.25275,
     "y":0.37363},
    {"x":0.26374,
     "y":0.3956},
    {"x":0.2967,
     "y":0.3956},
    {"x":0.31868,
     "y":0.37363},
    {"x":0.34066,
     "y":0.35165},
    {"x":0.34066,
     "y":0.31868},
    {"x":0.34066,
     "y":0.28571},
    {"x":0.37363,
     "y":0.28571},
    {"x":0.3956,
     "y":0.30769},
    {"x":0.42857,
     "y":0.2967},
    {"x":0.46154,
     "y":0.2967},
    {"x":0.46154,
     "y":0.32967},
    {"x":0.45055,
     "y":0.36264},
    {"x":0.42857,
     "y":0.3956},
    {"x":0.41758,
     "y":0.42857},
    {"x":0.42857,
     "y":0.46154},
    {"x":0.43956,
     "y":0.49451},
    {"x":0.47253,
     "y":0.51648},
    {"x":0.49451,
     "y":0.52747},
    {"x":0.52747,
     "y":0.52747},
    {"x":0.54945,
     "y":0.49451},
    {"x":0.57143,
     "y":0.47253},
    {"x":0.57143,
     "y":0.43956},
    {"x":0.57143,
     "y":0.40659},
    {"x":0.56044,
     "y":0.37363},
    {"x":0.54945,
     "y":0.34066},
    {"x":0.53846,
     "y":0.30769},
    {"x":0.57143,
     "y":0.28571},
    {"x":0.6044,
     "y":0.30769},
    {"x":0.62637,
     "y":0.2967},
    {"x":0.65934,
     "y":0.28571},
    {"x":0.65934,
     "y":0.31868},
    {"x":0.65934,
     "y":0.35165},
    {"x":0.68132,
     "y":0.37363},
    {"x":0.7033,
     "y":0.3956},
    {"x":0.73626,
     "y":0.3956},
    {"x":0.74725,
     "y":0.37363},
    {"x":0.75824,
     "y":0.34066},
    {"x":0.75824,
     "y":0.30769},
    {"x":0.73626,
     "y":0.27473},
    {"x":0.75824,
     "y":0.26374},
    {"x":0.79121,
     "y":0.26374},
    {"x":0.8022,
     "y":0.24176},
    {"x":0.83516,
     "y":0.21978},
    {"x":0.84615,
     "y":0.25275},
    {"x":0.85714,
     "y":0.28571},
    {"x":0.85714,
     "y":0.31868},
    {"x":0.86813,
     "y":0.35165},
    {"x":0.9011,
     "y":0.36264},
    {"x":0.93407,
     "y":0.37363},
    {"x":0.96703,
     "y":0.38462},
    {"x":1,
     "y":0.37363},
    {"x":1,
     "y":0.34066},
    {"x":1,
     "y":0.30769},
    {"x":1,
     "y":0.27473},
    {"x":0.97802,
     "y":0.25275},
    {"x":0.96703,
     "y":0.21978},
    {"x":0.93407,
     "y":0.21978},
    {"x":0.9011,
     "y":0.1978},
    {"x":0.87912,
     "y":0.17582},
    {"x":0.84615,
     "y":0.15385},
    {"x":0.82418,
     "y":0.13187},
    {"x":0.81319,
     "y":0.10989},
    {"x":0.8022,
     "y":0.076923},
    {"x":0.8022,
     "y":0.043956},
    {"x":0.79121,
     "y":0.010989},
    {"x":0.75824,
     "y":0.010989},
    {"x":0.72527,
     "y":0},
    {"x":0.69231,
     "y":0},
    {"x":0.65934,
     "y":0},
    {"x":0.62637,
     "y":0},
    {"x":0.59341,
     "y":0},
    {"x":0.56044,
     "y":0},
    {"x":0.52747,
     "y":0},
    {"x":0.49451,
     "y":0},
    {"x":0.46154,
     "y":0},
    {"x":0.42857,
     "y":0},
    {"x":0.3956,
     "y":0},
    {"x":0.36264,
     "y":0},
    {"x":0.32967,
     "y":0},
    {"x":0.2967,
     "y":0},
    {"x":0.26374,
     "y":0},
    {"x":0.23077,
     "y":0.010989},
    {"x":0.1978,
     "y":0.010989},
    {"x":0.18681,
     "y":0.043956},
    {"x":0.18681,
     "y":0.076923},
    {"x":0.17582,
     "y":0.10989},
    {"x":0.17582,
     "y":0.14286},
    {"x":0.14286,
     "y":0.15385},
    {"x":0.10989,
     "y":0.18681},
    {"x":0.098901,
     "y":0.21978},
    {"x":0.065934,
     "y":0.23077},
    {"x":0.032967,
     "y":0.25275},
    {"x":0.010989,
     "y":0.27473},
    {"x":0.010989,
     "y":0.27473}],
 "triangles":[
    {"p1":34,
     "p2":35,
     "p3":36},
    {"p1":12,
     "p2":13,
     "p3":15},
    {"p1":26,
     "p2":96,
     "p3":97},
    {"p1":101,
     "p2":102,
     "p3":103},
    {"p1":100,
     "p2":101,
     "p3":104},
    {"p1":101,
     "p2":103,
     "p3":104},
    {"p1":46,
     "p2":92,
     "p3":93},
    {"p1":19,
     "p2":20,
     "p3":21},
    {"p1":15,
     "p2":25,
     "p3":97},
    {"p1":25,
     "p2":26,
     "p3":97},
    {"p1":29,
     "p2":45,
     "p3":46},
    {"p1":29,
     "p2":93,
     "p3":94},
    {"p1":29,
     "p2":46,
     "p3":93},
    {"p1":32,
     "p2":34,
     "p3":41},
    {"p1":32,
     "p2":41,
     "p3":42},
    {"p1":31,
     "p2":32,
     "p3":42},
    {"p1":34,
     "p2":39,
     "p3":41},
    {"p1":34,
     "p2":36,
     "p3":39},
    {"p1":36,
     "p2":37,
     "p3":39},
    {"p1":15,
     "p2":104,
     "p3":106},
    {"p1":12,
     "p2":15,
     "p3":106},
    {"p1":12,
     "p2":107,
     "p3":108},
    {"p1":12,
     "p2":106,
     "p3":107},
    {"p1":13,
     "p2":14,
     "p3":15},
    {"p1":26,
     "p2":95,
     "p3":96},
    {"p1":15,
     "p2":97,
     "p3":98},
    {"p1":49,
     "p2":88,
     "p3":89},
    {"p1":46,
     "p2":49,
     "p3":89},
    {"p1":46,
     "p2":89,
     "p3":90},
    {"p1":81,
     "p2":87,
     "p3":88},
    {"p1":49,
     "p2":81,
     "p3":88},
    {"p1":46,
     "p2":48,
     "p3":49},
    {"p1":46,
     "p2":47,
     "p3":48},
    {"p1":46,
     "p2":90,
     "p3":91},
    {"p1":46,
     "p2":91,
     "p3":92},
    {"p1":50,
     "p2":51,
     "p3":52},
    {"p1":15,
     "p2":16,
     "p3":25},
    {"p1":29,
     "p2":30,
     "p3":45},
    {"p1":30,
     "p2":44,
     "p3":45},
    {"p1":30,
     "p2":31,
     "p3":44},
    {"p1":32,
     "p2":33,
     "p3":34},
    {"p1":37,
     "p2":38,
     "p3":39},
    {"p1":2,
     "p2":5,
     "p3":6},
    {"p1":1,
     "p2":2,
     "p3":6},
    {"p1":104,
     "p2":105,
     "p3":106},
    {"p1":99,
     "p2":100,
     "p3":104},
    {"p1":15,
     "p2":99,
     "p3":104},
    {"p1":15,
     "p2":98,
     "p3":99},
    {"p1":12,
     "p2":108,
     "p3":109},
    {"p1":11,
     "p2":12,
     "p3":109},
    {"p1":10,
     "p2":11,
     "p3":109},
    {"p1":74,
     "p2":75,
     "p3":76},
    {"p1":83,
     "p2":84,
     "p3":85},
    {"p1":62,
     "p2":78,
     "p3":79},
    {"p1":82,
     "p2":86,
     "p3":87},
    {"p1":81,
     "p2":82,
     "p3":87},
    {"p1":82,
     "p2":85,
     "p3":86},
    {"p1":82,
     "p2":83,
     "p3":85},
    {"p1":49,
     "p2":58,
     "p3":81},
    {"p1":58,
     "p2":59,
     "p3":81},
    {"p1":49,
     "p2":50,
     "p3":58},
    {"p1":50,
     "p2":57,
     "p3":58},
    {"p1":31,
     "p2":43,
     "p3":44},
    {"p1":31,
     "p2":42,
     "p3":43},
    {"p1":16,
     "p2":24,
     "p3":25},
    {"p1":26,
     "p2":27,
     "p3":28},
    {"p1":26,
     "p2":28,
     "p3":95},
    {"p1":19,
     "p2":21,
     "p3":22},
    {"p1":18,
     "p2":19,
     "p3":22},
    {"p1":22,
     "p2":23,
     "p3":24},
    {"p1":69,
     "p2":70,
     "p3":71},
    {"p1":68,
     "p2":69,
     "p3":71},
    {"p1":52,
     "p2":53,
     "p3":55},
    {"p1":53,
     "p2":54,
     "p3":55},
    {"p1":10,
     "p2":109,
     "p3":110},
    {"p1":65,
     "p2":66,
     "p3":67},
    {"p1":62,
     "p2":77,
     "p3":78},
    {"p1":62,
     "p2":63,
     "p3":77},
    {"p1":63,
     "p2":76,
     "p3":77},
    {"p1":64,
     "p2":74,
     "p3":76},
    {"p1":64,
     "p2":65,
     "p3":67},
    {"p1":64,
     "p2":67,
     "p3":74},
    {"p1":63,
     "p2":64,
     "p3":76},
    {"p1":59,
     "p2":80,
     "p3":81},
    {"p1":59,
     "p2":61,
     "p3":80},
    {"p1":62,
     "p2":79,
     "p3":80},
    {"p1":61,
     "p2":62,
     "p3":80},
    {"p1":52,
     "p2":55,
     "p3":56},
    {"p1":50,
     "p2":52,
     "p3":56},
    {"p1":50,
     "p2":56,
     "p3":57},
    {"p1":68,
     "p2":71,
     "p3":72},
    {"p1":67,
     "p2":68,
     "p3":72},
    {"p1":67,
     "p2":72,
     "p3":74},
    {"p1":72,
     "p2":73,
     "p3":74},
    {"p1":39,
     "p2":40,
     "p3":41},
    {"p1":16,
     "p2":17,
     "p3":24},
    {"p1":17,
     "p2":18,
     "p3":22},
    {"p1":17,
     "p2":22,
     "p3":24},
    {"p1":9,
     "p2":10,
     "p3":111},
    {"p1":10,
     "p2":110,
     "p3":111},
    {"p1":6,
     "p2":9,
     "p3":111},
    {"p1":0,
     "p2":1,
     "p3":111},
    {"p1":1,
     "p2":6,
     "p3":111},
    {"p1":59,
     "p2":60,
     "p3":61},
    {"p1":2,
     "p2":3,
     "p3":5},
    {"p1":3,
     "p2":4,
     "p3":5},
    {"p1":28,
     "p2":94,
     "p3":95},
    {"p1":28,
     "p2":29,
     "p3":94},
    {"p1":6,
     "p2":7,
     "p3":9},
    {"p1":7,
     "p2":8,
     "p3":9}]
}