{"points":[
    {"x":0.027211,
     "y":0.2449},
    {"x":0.0068027,
     "y":0.27891},
    {"x":0,
     "y":0.31293},
    {"x":0.0068027,
     "y":0.34694},
    {"x":0.040816,
     "y":0.36735},
    {"x":0.07483,
     "y":0.36735},
    {"x":0.10884,
     "y":0.34014},
    {"x":0.12245,
     "y":0.30612},
    {"x":0.14286,
     "y":0.27211},
    {"x":0.17687,
     "y":0.2517},
    {"x":0.21088,
     "y":0.27211},
    {"x":0.19728,
     "y":0.30612},
    {"x":0.17007,
     "y":0.34014},
    {"x":0.15646,
     "y":0.37415},
    {"x":0.15646,
     "y":0.40816},
    {"x":0.18367,
     "y":0.43537},
    {"x":0.21769,
     "y":0.44218},
    {"x":0.2517,
     "y":0.43537},
    {"x":0.28571,
     "y":0.40816},
    {"x":0.29252,
     "y":0.37415},
    {"x":0.28571,
     "y":0.34014},
    {"x":0.27211,
     "y":0.30612},
    {"x":0.30612,
     "y":0.28571},
    {"x":0.34014,
     "y":0.28571},
    {"x":0.37415,
     "y":0.28571},
    {"x":0.40816,
     "y":0.30612},
    {"x":0.44218,
     "y":0.29932},
    {"x":0.46259,
     "y":0.33333},
    {"x":0.43537,
     "y":0.36735},
    {"x":0.42857,
     "y":0.40136},
    {"x":0.43537,
     "y":0.43537},
    {"x":0.45578,
     "y":0.46259},
    {"x":0.4898,
     "y":0.47619},
    {"x":0.52381,
     "y":0.47619},
    {"x":0.55782,
     "y":0.46259},
    {"x":0.57823,
     "y":0.42857},
    {"x":0.57143,
     "y":0.39456},
    {"x":0.56463,
     "y":0.36054},
    {"x":0.53741,
     "y":0.33333},
    {"x":0.56463,
     "y":0.30612},
    {"x":0.59864,
     "y":0.31293},
    {"x":0.63265,
     "y":0.29252},
    {"x":0.66667,
     "y":0.29252},
    {"x":0.70068,
     "y":0.27891},
    {"x":0.73469,
     "y":0.29932},
    {"x":0.72109,
     "y":0.33333},
    {"x":0.72109,
     "y":0.36735},
    {"x":0.72789,
     "y":0.40136},
    {"x":0.7483,
     "y":0.42857},
    {"x":0.78231,
     "y":0.43537},
    {"x":0.81633,
     "y":0.43537},
    {"x":0.84354,
     "y":0.40136},
    {"x":0.85034,
     "y":0.36735},
    {"x":0.84354,
     "y":0.33333},
    {"x":0.80952,
     "y":0.30612},
    {"x":0.78912,
     "y":0.27891},
    {"x":0.81633,
     "y":0.27211},
    {"x":0.85034,
     "y":0.27211},
    {"x":0.87755,
     "y":0.29252},
    {"x":0.88435,
     "y":0.31973},
    {"x":0.91156,
     "y":0.34694},
    {"x":0.94558,
     "y":0.35374},
    {"x":0.97959,
     "y":0.34694},
    {"x":1,
     "y":0.31973},
    {"x":1,
     "y":0.28571},
    {"x":0.9932,
     "y":0.2517},
    {"x":0.96599,
     "y":0.22449},
    {"x":0.93197,
     "y":0.21769},
    {"x":0.89796,
     "y":0.21088},
    {"x":0.86395,
     "y":0.19048},
    {"x":0.84354,
     "y":0.15646},
    {"x":0.84354,
     "y":0.12245},
    {"x":0.82313,
     "y":0.095238},
    {"x":0.82993,
     "y":0.061224},
    {"x":0.80272,
     "y":0.040816},
    {"x":0.76871,
     "y":0.027211},
    {"x":0.73469,
     "y":0.020408},
    {"x":0.70068,
     "y":0.013605},
    {"x":0.66667,
     "y":0.0068027},
    {"x":0.63265,
     "y":0},
    {"x":0.59864,
     "y":0},
    {"x":0.56463,
     "y":0},
    {"x":0.53061,
     "y":0},
    {"x":0.4966,
     "y":0},
    {"x":0.46259,
     "y":0},
    {"x":0.42857,
     "y":0},
    {"x":0.39456,
     "y":0.0068027},
    {"x":0.36054,
     "y":0.0068027},
    {"x":0.32653,
     "y":0.013605},
    {"x":0.29252,
     "y":0.020408},
    {"x":0.2585,
     "y":0.020408},
    {"x":0.22449,
     "y":0.034014},
    {"x":0.19048,
     "y":0.040816},
    {"x":0.17007,
     "y":0.068027},
    {"x":0.17687,
     "y":0.10204},
    {"x":0.14966,
     "y":0.12245},
    {"x":0.15646,
     "y":0.15646},
    {"x":0.14286,
     "y":0.19048},
    {"x":0.10884,
     "y":0.21769},
    {"x":0.07483,
     "y":0.23129},
    {"x":0.040816,
     "y":0.2381},
    {"x":0.027211,
     "y":0.2449}],
 "triangles":[
    {"p1":72,
     "p2":74,
     "p3":75},
    {"p1":28,
     "p2":36,
     "p3":38},
    {"p1":39,
     "p2":41,
     "p3":81},
    {"p1":36,
     "p2":37,
     "p3":38},
    {"p1":0,
     "p2":1,
     "p3":100},
    {"p1":43,
     "p2":70,
     "p3":72},
    {"p1":72,
     "p2":75,
     "p3":76},
    {"p1":43,
     "p2":76,
     "p3":77},
    {"p1":43,
     "p2":72,
     "p3":76},
    {"p1":26,
     "p2":38,
     "p3":39},
    {"p1":30,
     "p2":32,
     "p3":36},
    {"p1":32,
     "p2":33,
     "p3":36},
    {"p1":33,
     "p2":34,
     "p3":36},
    {"p1":34,
     "p2":35,
     "p3":36},
    {"p1":26,
     "p2":83,
     "p3":84},
    {"p1":26,
     "p2":39,
     "p3":83},
    {"p1":41,
     "p2":42,
     "p3":43},
    {"p1":41,
     "p2":79,
     "p3":80},
    {"p1":41,
     "p2":80,
     "p3":81},
    {"p1":43,
     "p2":77,
     "p3":78},
    {"p1":41,
     "p2":78,
     "p3":79},
    {"p1":41,
     "p2":43,
     "p3":78},
    {"p1":39,
     "p2":40,
     "p3":41},
    {"p1":70,
     "p2":71,
     "p3":72},
    {"p1":61,
     "p2":62,
     "p3":63},
    {"p1":26,
     "p2":85,
     "p3":86},
    {"p1":26,
     "p2":84,
     "p3":85},
    {"p1":89,
     "p2":90,
     "p3":91},
    {"p1":11,
     "p2":20,
     "p3":21},
    {"p1":9,
     "p2":96,
     "p3":97},
    {"p1":24,
     "p2":26,
     "p3":86},
    {"p1":24,
     "p2":86,
     "p3":87},
    {"p1":24,
     "p2":87,
     "p3":88},
    {"p1":17,
     "p2":18,
     "p3":19},
    {"p1":13,
     "p2":15,
     "p3":16},
    {"p1":13,
     "p2":14,
     "p3":15},
    {"p1":1,
     "p2":7,
     "p3":100},
    {"p1":7,
     "p2":99,
     "p3":100},
    {"p1":2,
     "p2":3,
     "p3":4},
    {"p1":2,
     "p2":4,
     "p3":5},
    {"p1":27,
     "p2":28,
     "p3":38},
    {"p1":26,
     "p2":27,
     "p3":38},
    {"p1":30,
     "p2":31,
     "p3":32},
    {"p1":44,
     "p2":54,
     "p3":55},
    {"p1":43,
     "p2":55,
     "p3":70},
    {"p1":43,
     "p2":44,
     "p3":55},
    {"p1":47,
     "p2":48,
     "p3":49},
    {"p1":39,
     "p2":81,
     "p3":82},
    {"p1":39,
     "p2":82,
     "p3":83},
    {"p1":44,
     "p2":45,
     "p3":54},
    {"p1":72,
     "p2":73,
     "p3":74},
    {"p1":49,
     "p2":50,
     "p3":51},
    {"p1":49,
     "p2":51,
     "p3":52},
    {"p1":60,
     "p2":61,
     "p3":64},
    {"p1":59,
     "p2":60,
     "p3":64},
    {"p1":58,
     "p2":59,
     "p3":64},
    {"p1":61,
     "p2":63,
     "p3":64},
    {"p1":10,
     "p2":22,
     "p3":96},
    {"p1":9,
     "p2":10,
     "p3":96},
    {"p1":10,
     "p2":21,
     "p3":22},
    {"p1":10,
     "p2":11,
     "p3":21},
    {"p1":94,
     "p2":95,
     "p3":96},
    {"p1":91,
     "p2":92,
     "p3":94},
    {"p1":92,
     "p2":93,
     "p3":94},
    {"p1":89,
     "p2":91,
     "p3":94},
    {"p1":22,
     "p2":89,
     "p3":94},
    {"p1":22,
     "p2":94,
     "p3":96},
    {"p1":23,
     "p2":24,
     "p3":88},
    {"p1":22,
     "p2":23,
     "p3":89},
    {"p1":23,
     "p2":88,
     "p3":89},
    {"p1":28,
     "p2":29,
     "p3":36},
    {"p1":29,
     "p2":30,
     "p3":36},
    {"p1":24,
     "p2":25,
     "p3":26},
    {"p1":9,
     "p2":97,
     "p3":98},
    {"p1":8,
     "p2":9,
     "p3":98},
    {"p1":7,
     "p2":8,
     "p3":99},
    {"p1":8,
     "p2":98,
     "p3":99},
    {"p1":11,
     "p2":12,
     "p3":20},
    {"p1":12,
     "p2":19,
     "p3":20},
    {"p1":12,
     "p2":17,
     "p3":19},
    {"p1":12,
     "p2":16,
     "p3":17},
    {"p1":12,
     "p2":13,
     "p3":16},
    {"p1":2,
     "p2":5,
     "p3":6},
    {"p1":1,
     "p2":2,
     "p3":6},
    {"p1":1,
     "p2":6,
     "p3":7},
    {"p1":56,
     "p2":69,
     "p3":70},
    {"p1":55,
     "p2":56,
     "p3":70},
    {"p1":45,
     "p2":46,
     "p3":54},
    {"p1":46,
     "p2":52,
     "p3":54},
    {"p1":46,
     "p2":47,
     "p3":49},
    {"p1":46,
     "p2":49,
     "p3":52},
    {"p1":58,
     "p2":66,
     "p3":67},
    {"p1":58,
     "p2":67,
     "p3":68},
    {"p1":52,
     "p2":53,
     "p3":54},
    {"p1":58,
     "p2":65,
     "p3":66},
    {"p1":58,
     "p2":64,
     "p3":65},
    {"p1":57,
     "p2":68,
     "p3":69},
    {"p1":56,
     "p2":57,
     "p3":69},
    {"p1":57,
     "p2":58,
     "p3":68}]
}