{"points":[
    {"x":0.076923,
     "y":0.26036},
    {"x":0.065089,
     "y":0.28994},
    {"x":0.047337,
     "y":0.31361},
    {"x":0.023669,
     "y":0.28994},
    {"x":0,
     "y":0.30178},
    {"x":0,
     "y":0.33136},
    {"x":0.017751,
     "y":0.34911},
    {"x":0.047337,
     "y":0.35503},
    {"x":0.076923,
     "y":0.36686},
    {"x":0.094675,
     "y":0.3432},
    {"x":0.11243,
     "y":0.33136},
    {"x":0.13609,
     "y":0.3432},
    {"x":0.14793,
     "y":0.31361},
    {"x":0.17751,
     "y":0.31361},
    {"x":0.19527,
     "y":0.33136},
    {"x":0.18935,
     "y":0.36095},
    {"x":0.19527,
     "y":0.38462},
    {"x":0.22485,
     "y":0.39053},
    {"x":0.23077,
     "y":0.40828},
    {"x":0.21302,
     "y":0.43195},
    {"x":0.21893,
     "y":0.46154},
    {"x":0.2426,
     "y":0.47337},
    {"x":0.27219,
     "y":0.47929},
    {"x":0.30178,
     "y":0.47929},
    {"x":0.30769,
     "y":0.4497},
    {"x":0.30769,
     "y":0.42012},
    {"x":0.33728,
     "y":0.43787},
    {"x":0.36095,
     "y":0.43195},
    {"x":0.35503,
     "y":0.40237},
    {"x":0.37278,
     "y":0.3787},
    {"x":0.39645,
     "y":0.36686},
    {"x":0.39053,
     "y":0.39645},
    {"x":0.40828,
     "y":0.42012},
    {"x":0.40237,
     "y":0.4497},
    {"x":0.43195,
     "y":0.44379},
    {"x":0.45562,
     "y":0.45562},
    {"x":0.4497,
     "y":0.48521},
    {"x":0.46746,
     "y":0.50296},
    {"x":0.49704,
     "y":0.49704},
    {"x":0.52663,
     "y":0.50296},
    {"x":0.55621,
     "y":0.50888},
    {"x":0.5503,
     "y":0.47929},
    {"x":0.54438,
     "y":0.4497},
    {"x":0.57396,
     "y":0.4497},
    {"x":0.60355,
     "y":0.4497},
    {"x":0.60355,
     "y":0.42012},
    {"x":0.61538,
     "y":0.39053},
    {"x":0.62722,
     "y":0.37278},
    {"x":0.63905,
     "y":0.39645},
    {"x":0.65089,
     "y":0.42012},
    {"x":0.66864,
     "y":0.43787},
    {"x":0.69822,
     "y":0.42604},
    {"x":0.71006,
     "y":0.4497},
    {"x":0.71006,
     "y":0.47929},
    {"x":0.73964,
     "y":0.48521},
    {"x":0.76923,
     "y":0.47929},
    {"x":0.7929,
     "y":0.46154},
    {"x":0.81065,
     "y":0.43787},
    {"x":0.7929,
     "y":0.42012},
    {"x":0.78698,
     "y":0.39645},
    {"x":0.81657,
     "y":0.38462},
    {"x":0.82249,
     "y":0.35503},
    {"x":0.81065,
     "y":0.33136},
    {"x":0.81065,
     "y":0.31361},
    {"x":0.84024,
     "y":0.31361},
    {"x":0.85799,
     "y":0.33728},
    {"x":0.88166,
     "y":0.34911},
    {"x":0.89941,
     "y":0.32544},
    {"x":0.91124,
     "y":0.3432},
    {"x":0.92899,
     "y":0.36095},
    {"x":0.95266,
     "y":0.35503},
    {"x":0.98225,
     "y":0.36095},
    {"x":1,
     "y":0.33136},
    {"x":0.99408,
     "y":0.30178},
    {"x":0.97041,
     "y":0.30178},
    {"x":0.94675,
     "y":0.29586},
    {"x":0.93491,
     "y":0.26627},
    {"x":0.91716,
     "y":0.2426},
    {"x":0.88757,
     "y":0.22485},
    {"x":0.86391,
     "y":0.2071},
    {"x":0.83432,
     "y":0.19527},
    {"x":0.84024,
     "y":0.17751},
    {"x":0.84024,
     "y":0.14793},
    {"x":0.82249,
     "y":0.13018},
    {"x":0.81065,
     "y":0.10059},
    {"x":0.79882,
     "y":0.071006},
    {"x":0.78698,
     "y":0.04142},
    {"x":0.7574,
     "y":0.029586},
    {"x":0.72781,
     "y":0.017751},
    {"x":0.69822,
     "y":0.011834},
    {"x":0.66864,
     "y":0.011834},
    {"x":0.63905,
     "y":0.0059172},
    {"x":0.60947,
     "y":0.0059172},
    {"x":0.57988,
     "y":0.0059172},
    {"x":0.5503,
     "y":0},
    {"x":0.52071,
     "y":0},
    {"x":0.49112,
     "y":0},
    {"x":0.46154,
     "y":0},
    {"x":0.43195,
     "y":0},
    {"x":0.40237,
     "y":0},
    {"x":0.37278,
     "y":0},
    {"x":0.3432,
     "y":0.0059172},
    {"x":0.31361,
     "y":0.0059172},
    {"x":0.28402,
     "y":0.011834},
    {"x":0.25444,
     "y":0.017751},
    {"x":0.22485,
     "y":0.029586},
    {"x":0.21302,
     "y":0.059172},
    {"x":0.20118,
     "y":0.088757},
    {"x":0.18935,
     "y":0.11834},
    {"x":0.1716,
     "y":0.14201},
    {"x":0.1716,
     "y":0.1716},
    {"x":0.15385,
     "y":0.19527},
    {"x":0.12426,
     "y":0.22485},
    {"x":0.094675,
     "y":0.23669},
    {"x":0.076923,
     "y":0.26036},
    {"x":0.076923,
     "y":0.26036}],
 "triangles":[
    {"p1":93,
     "p2":94,
     "p3":95},
    {"p1":2,
     "p2":4,
     "p3":5},
    {"p1":2,
     "p2":5,
     "p3":6},
    {"p1":30,
     "p2":47,
     "p3":95},
    {"p1":47,
     "p2":93,
     "p3":95},
    {"p1":30,
     "p2":96,
     "p3":97},
    {"p1":30,
     "p2":95,
     "p3":96},
    {"p1":30,
     "p2":108,
     "p3":110},
    {"p1":30,
     "p2":101,
     "p3":108},
    {"p1":101,
     "p2":107,
     "p3":108},
    {"p1":14,
     "p2":30,
     "p3":110},
    {"p1":13,
     "p2":14,
     "p3":110},
    {"p1":2,
     "p2":3,
     "p3":4},
    {"p1":70,
     "p2":71,
     "p3":72},
    {"p1":68,
     "p2":70,
     "p3":75},
    {"p1":47,
     "p2":90,
     "p3":92},
    {"p1":47,
     "p2":92,
     "p3":93},
    {"p1":2,
     "p2":6,
     "p3":7},
    {"p1":30,
     "p2":99,
     "p3":101},
    {"p1":12,
     "p2":13,
     "p3":112},
    {"p1":12,
     "p2":112,
     "p3":113},
    {"p1":108,
     "p2":109,
     "p3":110},
    {"p1":63,
     "p2":64,
     "p3":80},
    {"p1":64,
     "p2":79,
     "p3":80},
    {"p1":47,
     "p2":63,
     "p3":80},
    {"p1":68,
     "p2":69,
     "p3":70},
    {"p1":72,
     "p2":73,
     "p3":74},
    {"p1":70,
     "p2":72,
     "p3":74},
    {"p1":70,
     "p2":74,
     "p3":75},
    {"p1":84,
     "p2":89,
     "p3":90},
    {"p1":84,
     "p2":88,
     "p3":89},
    {"p1":30,
     "p2":46,
     "p3":47},
    {"p1":30,
     "p2":42,
     "p3":46},
    {"p1":30,
     "p2":31,
     "p3":32},
    {"p1":35,
     "p2":38,
     "p3":42},
    {"p1":30,
     "p2":35,
     "p3":42},
    {"p1":103,
     "p2":106,
     "p3":107},
    {"p1":101,
     "p2":102,
     "p3":107},
    {"p1":102,
     "p2":103,
     "p3":107},
    {"p1":30,
     "p2":97,
     "p3":98},
    {"p1":30,
     "p2":98,
     "p3":99},
    {"p1":19,
     "p2":20,
     "p3":21},
    {"p1":18,
     "p2":21,
     "p3":22},
    {"p1":18,
     "p2":19,
     "p3":21},
    {"p1":13,
     "p2":110,
     "p3":111},
    {"p1":13,
     "p2":111,
     "p3":112},
    {"p1":85,
     "p2":86,
     "p3":87},
    {"p1":81,
     "p2":82,
     "p3":83},
    {"p1":80,
     "p2":81,
     "p3":83},
    {"p1":83,
     "p2":84,
     "p3":90},
    {"p1":47,
     "p2":83,
     "p3":90},
    {"p1":47,
     "p2":80,
     "p3":83},
    {"p1":51,
     "p2":59,
     "p3":62},
    {"p1":47,
     "p2":62,
     "p3":63},
    {"p1":47,
     "p2":51,
     "p3":62},
    {"p1":64,
     "p2":78,
     "p3":79},
    {"p1":64,
     "p2":77,
     "p3":78},
    {"p1":64,
     "p2":67,
     "p3":77},
    {"p1":64,
     "p2":65,
     "p3":67},
    {"p1":67,
     "p2":68,
     "p3":75},
    {"p1":65,
     "p2":66,
     "p3":67},
    {"p1":90,
     "p2":91,
     "p3":92},
    {"p1":47,
     "p2":48,
     "p3":51},
    {"p1":48,
     "p2":49,
     "p3":51},
    {"p1":49,
     "p2":50,
     "p3":51},
    {"p1":42,
     "p2":45,
     "p3":46},
    {"p1":39,
     "p2":40,
     "p3":41},
    {"p1":32,
     "p2":33,
     "p3":34},
    {"p1":30,
     "p2":32,
     "p3":34},
    {"p1":30,
     "p2":34,
     "p3":35},
    {"p1":0,
     "p2":12,
     "p3":113},
    {"p1":0,
     "p2":10,
     "p3":12},
    {"p1":0,
     "p2":1,
     "p3":10},
    {"p1":2,
     "p2":7,
     "p3":9},
    {"p1":7,
     "p2":8,
     "p3":9},
    {"p1":1,
     "p2":2,
     "p3":9},
    {"p1":1,
     "p2":9,
     "p3":10},
    {"p1":104,
     "p2":105,
     "p3":106},
    {"p1":103,
     "p2":104,
     "p3":106},
    {"p1":99,
     "p2":100,
     "p3":101},
    {"p1":67,
     "p2":75,
     "p3":76},
    {"p1":67,
     "p2":76,
     "p3":77},
    {"p1":52,
     "p2":53,
     "p3":54},
    {"p1":52,
     "p2":54,
     "p3":55},
    {"p1":51,
     "p2":52,
     "p3":59},
    {"p1":43,
     "p2":44,
     "p3":45},
    {"p1":42,
     "p2":43,
     "p3":45},
    {"p1":26,
     "p2":27,
     "p3":28},
    {"p1":25,
     "p2":26,
     "p3":28},
    {"p1":17,
     "p2":18,
     "p3":25},
    {"p1":14,
     "p2":15,
     "p3":17},
    {"p1":15,
     "p2":16,
     "p3":17},
    {"p1":59,
     "p2":61,
     "p3":62},
    {"p1":59,
     "p2":60,
     "p3":61},
    {"p1":10,
     "p2":11,
     "p3":12},
    {"p1":22,
     "p2":23,
     "p3":24},
    {"p1":18,
     "p2":22,
     "p3":24},
    {"p1":18,
     "p2":24,
     "p3":25},
    {"p1":25,
     "p2":28,
     "p3":29},
    {"p1":17,
     "p2":25,
     "p3":29},
    {"p1":14,
     "p2":17,
     "p3":29},
    {"p1":14,
     "p2":29,
     "p3":30},
    {"p1":56,
     "p2":57,
     "p3":58},
    {"p1":52,
     "p2":58,
     "p3":59},
    {"p1":52,
     "p2":55,
     "p3":58},
    {"p1":55,
     "p2":56,
     "p3":58},
    {"p1":35,
     "p2":37,
     "p3":38},
    {"p1":35,
     "p2":36,
     "p3":37},
    {"p1":85,
     "p2":87,
     "p3":88},
    {"p1":84,
     "p2":85,
     "p3":88},
    {"p1":38,
     "p2":39,
     "p3":42},
    {"p1":39,
     "p2":41,
     "p3":42}]
}