{"points":[
    {"x":0.10615,
     "y":0.31285},
    {"x":0.078212,
     "y":0.32402},
    {"x":0.044693,
     "y":0.32961},
    {"x":0.01676,
     "y":0.34637},
    {"x":0.0055866,
     "y":0.37989},
    {"x":0.0055866,
     "y":0.41341},
    {"x":0,
     "y":0.44693},
    {"x":0.027933,
     "y":0.46369},
    {"x":0.061453,
     "y":0.4581},
    {"x":0.094972,
     "y":0.45251},
    {"x":0.12291,
     "y":0.43017},
    {"x":0.12849,
     "y":0.39665},
    {"x":0.12849,
     "y":0.36313},
    {"x":0.16201,
     "y":0.3352},
    {"x":0.19553,
     "y":0.31285},
    {"x":0.22905,
     "y":0.30726},
    {"x":0.26257,
     "y":0.31285},
    {"x":0.2905,
     "y":0.34078},
    {"x":0.2905,
     "y":0.3743},
    {"x":0.26257,
     "y":0.39106},
    {"x":0.25698,
     "y":0.42458},
    {"x":0.25698,
     "y":0.4581},
    {"x":0.2905,
     "y":0.46927},
    {"x":0.31844,
     "y":0.44693},
    {"x":0.3352,
     "y":0.41899},
    {"x":0.3352,
     "y":0.38547},
    {"x":0.36872,
     "y":0.35754},
    {"x":0.40223,
     "y":0.34637},
    {"x":0.43575,
     "y":0.35754},
    {"x":0.46369,
     "y":0.37989},
    {"x":0.48603,
     "y":0.41341},
    {"x":0.49721,
     "y":0.44693},
    {"x":0.47486,
     "y":0.46927},
    {"x":0.45251,
     "y":0.49721},
    {"x":0.44693,
     "y":0.53073},
    {"x":0.45251,
     "y":0.56425},
    {"x":0.48045,
     "y":0.58659},
    {"x":0.49162,
     "y":0.62011},
    {"x":0.52514,
     "y":0.62011},
    {"x":0.53631,
     "y":0.59218},
    {"x":0.56425,
     "y":0.56425},
    {"x":0.57542,
     "y":0.53073},
    {"x":0.56983,
     "y":0.49721},
    {"x":0.54749,
     "y":0.46927},
    {"x":0.54749,
     "y":0.43575},
    {"x":0.56425,
     "y":0.40223},
    {"x":0.58659,
     "y":0.3743},
    {"x":0.62011,
     "y":0.35196},
    {"x":0.65363,
     "y":0.35754},
    {"x":0.68715,
     "y":0.36872},
    {"x":0.69832,
     "y":0.40223},
    {"x":0.69274,
     "y":0.43017},
    {"x":0.7095,
     "y":0.4581},
    {"x":0.72626,
     "y":0.48603},
    {"x":0.75978,
     "y":0.48603},
    {"x":0.76536,
     "y":0.45251},
    {"x":0.77095,
     "y":0.41899},
    {"x":0.75419,
     "y":0.39106},
    {"x":0.74302,
     "y":0.36313},
    {"x":0.75978,
     "y":0.32961},
    {"x":0.7933,
     "y":0.30726},
    {"x":0.82682,
     "y":0.30726},
    {"x":0.86034,
     "y":0.32402},
    {"x":0.88827,
     "y":0.35196},
    {"x":0.87709,
     "y":0.38547},
    {"x":0.88268,
     "y":0.41899},
    {"x":0.90503,
     "y":0.44693},
    {"x":0.93855,
     "y":0.45251},
    {"x":0.97207,
     "y":0.46369},
    {"x":0.99441,
     "y":0.44693},
    {"x":1,
     "y":0.41341},
    {"x":1,
     "y":0.37989},
    {"x":0.98883,
     "y":0.34637},
    {"x":0.95531,
     "y":0.32961},
    {"x":0.92179,
     "y":0.32961},
    {"x":0.89944,
     "y":0.29609},
    {"x":0.87151,
     "y":0.26257},
    {"x":0.85475,
     "y":0.22905},
    {"x":0.84916,
     "y":0.19553},
    {"x":0.81564,
     "y":0.18436},
    {"x":0.82123,
     "y":0.15084},
    {"x":0.80447,
     "y":0.12849},
    {"x":0.7933,
     "y":0.094972},
    {"x":0.7933,
     "y":0.061453},
    {"x":0.76536,
     "y":0.039106},
    {"x":0.73184,
     "y":0.027933},
    {"x":0.69832,
     "y":0.022346},
    {"x":0.6648,
     "y":0.01676},
    {"x":0.63128,
     "y":0.011173},
    {"x":0.59777,
     "y":0.0055866},
    {"x":0.56425,
     "y":0},
    {"x":0.53073,
     "y":0},
    {"x":0.49721,
     "y":0},
    {"x":0.46369,
     "y":0},
    {"x":0.43017,
     "y":0},
    {"x":0.39665,
     "y":0},
    {"x":0.36313,
     "y":0.0055866},
    {"x":0.32961,
     "y":0.011173},
    {"x":0.29609,
     "y":0.01676},
    {"x":0.26257,
     "y":0.022346},
    {"x":0.22905,
     "y":0.03352},
    {"x":0.20112,
     "y":0.055866},
    {"x":0.2067,
     "y":0.089385},
    {"x":0.20112,
     "y":0.11732},
    {"x":0.17877,
     "y":0.14525},
    {"x":0.18994,
     "y":0.17877},
    {"x":0.15642,
     "y":0.19553},
    {"x":0.15642,
     "y":0.22905},
    {"x":0.13966,
     "y":0.26257},
    {"x":0.12291,
     "y":0.29609},
    {"x":0.10615,
     "y":0.31285}],
 "triangles":[
    {"p1":67,
     "p2":69,
     "p3":70},
    {"p1":67,
     "p2":68,
     "p3":69},
    {"p1":8,
     "p2":9,
     "p3":11},
    {"p1":100,
     "p2":101,
     "p3":102},
    {"p1":16,
     "p2":17,
     "p3":26},
    {"p1":15,
     "p2":16,
     "p3":105},
    {"p1":14,
     "p2":108,
     "p3":109},
    {"p1":13,
     "p2":14,
     "p3":109},
    {"p1":34,
     "p2":40,
     "p3":41},
    {"p1":53,
     "p2":54,
     "p3":55},
    {"p1":52,
     "p2":53,
     "p3":55},
    {"p1":9,
     "p2":10,
     "p3":11},
    {"p1":1,
     "p2":11,
     "p3":12},
    {"p1":4,
     "p2":8,
     "p3":11},
    {"p1":48,
     "p2":49,
     "p3":59},
    {"p1":28,
     "p2":46,
     "p3":47},
    {"p1":28,
     "p2":29,
     "p3":46},
    {"p1":30,
     "p2":31,
     "p3":44},
    {"p1":47,
     "p2":89,
     "p3":90},
    {"p1":47,
     "p2":88,
     "p3":89},
    {"p1":47,
     "p2":87,
     "p3":88},
    {"p1":81,
     "p2":86,
     "p3":87},
    {"p1":47,
     "p2":81,
     "p3":87},
    {"p1":52,
     "p2":55,
     "p3":56},
    {"p1":51,
     "p2":52,
     "p3":56},
    {"p1":16,
     "p2":103,
     "p3":105},
    {"p1":16,
     "p2":97,
     "p3":103},
    {"p1":97,
     "p2":98,
     "p3":103},
    {"p1":98,
     "p2":102,
     "p3":103},
    {"p1":105,
     "p2":106,
     "p3":107},
    {"p1":15,
     "p2":105,
     "p3":107},
    {"p1":14,
     "p2":107,
     "p3":108},
    {"p1":14,
     "p2":15,
     "p3":107},
    {"p1":16,
     "p2":26,
     "p3":27},
    {"p1":27,
     "p2":96,
     "p3":97},
    {"p1":16,
     "p2":27,
     "p3":97},
    {"p1":27,
     "p2":95,
     "p3":96},
    {"p1":37,
     "p2":38,
     "p3":39},
    {"p1":28,
     "p2":47,
     "p3":91},
    {"p1":28,
     "p2":91,
     "p3":92},
    {"p1":47,
     "p2":90,
     "p3":91},
    {"p1":0,
     "p2":1,
     "p3":12},
    {"p1":0,
     "p2":13,
     "p3":109},
    {"p1":0,
     "p2":12,
     "p3":13},
    {"p1":1,
     "p2":2,
     "p3":11},
    {"p1":2,
     "p2":4,
     "p3":11},
    {"p1":4,
     "p2":5,
     "p3":8},
    {"p1":5,
     "p2":6,
     "p3":7},
    {"p1":5,
     "p2":7,
     "p3":8},
    {"p1":30,
     "p2":44,
     "p3":45},
    {"p1":29,
     "p2":30,
     "p3":45},
    {"p1":29,
     "p2":45,
     "p3":46},
    {"p1":31,
     "p2":43,
     "p3":44},
    {"p1":31,
     "p2":32,
     "p3":43},
    {"p1":82,
     "p2":85,
     "p3":86},
    {"p1":81,
     "p2":82,
     "p3":86},
    {"p1":82,
     "p2":84,
     "p3":85},
    {"p1":82,
     "p2":83,
     "p3":84},
    {"p1":47,
     "p2":48,
     "p3":79},
    {"p1":47,
     "p2":79,
     "p3":81},
    {"p1":48,
     "p2":59,
     "p3":79},
    {"p1":59,
     "p2":60,
     "p3":79},
    {"p1":79,
     "p2":80,
     "p3":81},
    {"p1":67,
     "p2":70,
     "p3":71},
    {"p1":64,
     "p2":67,
     "p3":71},
    {"p1":50,
     "p2":51,
     "p3":57},
    {"p1":51,
     "p2":56,
     "p3":57},
    {"p1":20,
     "p2":21,
     "p3":22},
    {"p1":18,
     "p2":19,
     "p3":20},
    {"p1":18,
     "p2":20,
     "p3":24},
    {"p1":99,
     "p2":100,
     "p3":102},
    {"p1":98,
     "p2":99,
     "p3":102},
    {"p1":103,
     "p2":104,
     "p3":105},
    {"p1":28,
     "p2":92,
     "p3":93},
    {"p1":27,
     "p2":28,
     "p3":93},
    {"p1":36,
     "p2":37,
     "p3":39},
    {"p1":34,
     "p2":35,
     "p3":36},
    {"p1":34,
     "p2":36,
     "p3":40},
    {"p1":36,
     "p2":39,
     "p3":40},
    {"p1":20,
     "p2":22,
     "p3":23},
    {"p1":20,
     "p2":23,
     "p3":24},
    {"p1":18,
     "p2":24,
     "p3":25},
    {"p1":17,
     "p2":25,
     "p3":26},
    {"p1":17,
     "p2":18,
     "p3":25},
    {"p1":2,
     "p2":3,
     "p3":4},
    {"p1":60,
     "p2":77,
     "p3":79},
    {"p1":77,
     "p2":78,
     "p3":79},
    {"p1":63,
     "p2":64,
     "p3":74},
    {"p1":65,
     "p2":66,
     "p3":67},
    {"p1":64,
     "p2":65,
     "p3":67},
    {"p1":60,
     "p2":61,
     "p3":77},
    {"p1":61,
     "p2":76,
     "p3":77},
    {"p1":49,
     "p2":58,
     "p3":59},
    {"p1":49,
     "p2":50,
     "p3":58},
    {"p1":50,
     "p2":57,
     "p3":58},
    {"p1":27,
     "p2":94,
     "p3":95},
    {"p1":27,
     "p2":93,
     "p3":94},
    {"p1":71,
     "p2":72,
     "p3":73},
    {"p1":64,
     "p2":73,
     "p3":74},
    {"p1":64,
     "p2":71,
     "p3":73},
    {"p1":63,
     "p2":74,
     "p3":75},
    {"p1":62,
     "p2":63,
     "p3":75},
    {"p1":61,
     "p2":62,
     "p3":76},
    {"p1":62,
     "p2":75,
     "p3":76},
    {"p1":33,
     "p2":34,
     "p3":42},
    {"p1":34,
     "p2":41,
     "p3":42},
    {"p1":32,
     "p2":33,
     "p3":42},
    {"p1":32,
     "p2":42,
     "p3":43}]
}