{"points":[
    {"x":0.015504,
     "y":0.5969},
    {"x":0.015504,
     "y":0.63953},
    {"x":0.011628,
     "y":0.68217},
    {"x":0.0077519,
     "y":0.72481},
    {"x":0.0077519,
     "y":0.76744},
    {"x":0.0077519,
     "y":0.81008},
    {"x":0.003876,
     "y":0.85271},
    {"x":0,
     "y":0.89535},
    {"x":0.003876,
     "y":0.93798},
    {"x":0.03876,
     "y":0.97287},
    {"x":0.081395,
     "y":0.9845},
    {"x":0.12403,
     "y":0.99225},
    {"x":0.16667,
     "y":0.99612},
    {"x":0.2093,
     "y":0.99612},
    {"x":0.25194,
     "y":0.99225},
    {"x":0.29457,
     "y":1},
    {"x":0.33721,
     "y":1},
    {"x":0.37984,
     "y":0.99612},
    {"x":0.42248,
     "y":0.99612},
    {"x":0.46512,
     "y":0.99612},
    {"x":0.50775,
     "y":0.99225},
    {"x":0.55039,
     "y":0.99225},
    {"x":0.59302,
     "y":0.98062},
    {"x":0.63566,
     "y":0.97287},
    {"x":0.67829,
     "y":0.96899},
    {"x":0.72093,
     "y":0.95349},
    {"x":0.74031,
     "y":0.91473},
    {"x":0.74806,
     "y":0.87209},
    {"x":0.78295,
     "y":0.84496},
    {"x":0.82558,
     "y":0.85271},
    {"x":0.86822,
     "y":0.85271},
    {"x":0.91085,
     "y":0.82946},
    {"x":0.94186,
     "y":0.78682},
    {"x":0.96899,
     "y":0.74419},
    {"x":0.98062,
     "y":0.70155},
    {"x":0.9845,
     "y":0.65891},
    {"x":0.9845,
     "y":0.61628},
    {"x":0.98062,
     "y":0.57364},
    {"x":0.97287,
     "y":0.53101},
    {"x":0.96124,
     "y":0.48837},
    {"x":0.94961,
     "y":0.44574},
    {"x":0.92248,
     "y":0.4031},
    {"x":0.89147,
     "y":0.36047},
    {"x":0.84884,
     "y":0.32946},
    {"x":0.8062,
     "y":0.31008},
    {"x":0.76357,
     "y":0.3062},
    {"x":0.73256,
     "y":0.3062},
    {"x":0.74031,
     "y":0.34884},
    {"x":0.74419,
     "y":0.39147},
    {"x":0.77519,
     "y":0.3876},
    {"x":0.81783,
     "y":0.39922},
    {"x":0.86047,
     "y":0.43411},
    {"x":0.88372,
     "y":0.47674},
    {"x":0.89922,
     "y":0.51938},
    {"x":0.90698,
     "y":0.56202},
    {"x":0.91473,
     "y":0.60465},
    {"x":0.91473,
     "y":0.64729},
    {"x":0.91473,
     "y":0.68992},
    {"x":0.90698,
     "y":0.73256},
    {"x":0.89147,
     "y":0.77519},
    {"x":0.85659,
     "y":0.80233},
    {"x":0.81395,
     "y":0.80233},
    {"x":0.77519,
     "y":0.76357},
    {"x":0.75581,
     "y":0.72093},
    {"x":0.74031,
     "y":0.67829},
    {"x":0.73256,
     "y":0.63566},
    {"x":0.72481,
     "y":0.59302},
    {"x":0.72868,
     "y":0.55039},
    {"x":0.72868,
     "y":0.50775},
    {"x":0.72093,
     "y":0.46512},
    {"x":0.72093,
     "y":0.42248},
    {"x":0.71705,
     "y":0.37984},
    {"x":0.71318,
     "y":0.33721},
    {"x":0.7093,
     "y":0.29457},
    {"x":0.7093,
     "y":0.25194},
    {"x":0.70155,
     "y":0.2093},
    {"x":0.69767,
     "y":0.16667},
    {"x":0.68992,
     "y":0.12403},
    {"x":0.66667,
     "y":0.081395},
    {"x":0.62791,
     "y":0.050388},
    {"x":0.58527,
     "y":0.034884},
    {"x":0.54264,
     "y":0.01938},
    {"x":0.5,
     "y":0.011628},
    {"x":0.45736,
     "y":0.003876},
    {"x":0.41473,
     "y":0},
    {"x":0.37209,
     "y":0},
    {"x":0.32946,
     "y":0},
    {"x":0.28682,
     "y":0.003876},
    {"x":0.24419,
     "y":0.011628},
    {"x":0.20155,
     "y":0.023256},
    {"x":0.15891,
     "y":0.034884},
    {"x":0.11628,
     "y":0.054264},
    {"x":0.073643,
     "y":0.089147},
    {"x":0.054264,
     "y":0.13178},
    {"x":0.050388,
     "y":0.17442},
    {"x":0.042636,
     "y":0.21705},
    {"x":0.03876,
     "y":0.25969},
    {"x":0.034884,
     "y":0.30233},
    {"x":0.031008,
     "y":0.34496},
    {"x":0.027132,
     "y":0.3876},
    {"x":0.023256,
     "y":0.43023},
    {"x":0.023256,
     "y":0.47287},
    {"x":0.01938,
     "y":0.5155},
    {"x":0.01938,
     "y":0.55814},
    {"x":0.015504,
     "y":0.5969}],
 "triangles":[
    {"p1":91,
     "p2":92,
     "p3":93},
    {"p1":90,
     "p2":91,
     "p3":94},
    {"p1":91,
     "p2":93,
     "p3":94},
    {"p1":7,
     "p2":8,
     "p3":9},
    {"p1":69,
     "p2":101,
     "p3":102},
    {"p1":66,
     "p2":69,
     "p3":103},
    {"p1":69,
     "p2":102,
     "p3":103},
    {"p1":4,
     "p2":5,
     "p3":14},
    {"p1":32,
     "p2":33,
     "p3":58},
    {"p1":33,
     "p2":34,
     "p3":57},
    {"p1":33,
     "p2":57,
     "p3":58},
    {"p1":34,
     "p2":35,
     "p3":57},
    {"p1":7,
     "p2":9,
     "p3":10},
    {"p1":5,
     "p2":13,
     "p3":14},
    {"p1":1,
     "p2":17,
     "p3":66},
    {"p1":89,
     "p2":90,
     "p3":94},
    {"p1":0,
     "p2":66,
     "p3":103},
    {"p1":0,
     "p2":1,
     "p3":66},
    {"p1":73,
     "p2":84,
     "p3":85},
    {"p1":73,
     "p2":75,
     "p3":82},
    {"p1":2,
     "p2":3,
     "p3":14},
    {"p1":3,
     "p2":4,
     "p3":14},
    {"p1":5,
     "p2":6,
     "p3":11},
    {"p1":6,
     "p2":10,
     "p3":11},
    {"p1":6,
     "p2":7,
     "p3":10},
    {"p1":5,
     "p2":11,
     "p3":12},
    {"p1":5,
     "p2":12,
     "p3":13},
    {"p1":24,
     "p2":25,
     "p3":26},
    {"p1":1,
     "p2":16,
     "p3":17},
    {"p1":2,
     "p2":14,
     "p3":16},
    {"p1":1,
     "p2":2,
     "p3":16},
    {"p1":14,
     "p2":15,
     "p3":16},
    {"p1":36,
     "p2":37,
     "p3":55},
    {"p1":66,
     "p2":67,
     "p3":69},
    {"p1":67,
     "p2":68,
     "p3":69},
    {"p1":40,
     "p2":41,
     "p3":52},
    {"p1":39,
     "p2":52,
     "p3":53},
    {"p1":39,
     "p2":40,
     "p3":52},
    {"p1":41,
     "p2":51,
     "p3":52},
    {"p1":41,
     "p2":42,
     "p3":51},
    {"p1":42,
     "p2":50,
     "p3":51},
    {"p1":71,
     "p2":72,
     "p3":98},
    {"p1":71,
     "p2":98,
     "p3":99},
    {"p1":89,
     "p2":94,
     "p3":95},
    {"p1":87,
     "p2":88,
     "p3":96},
    {"p1":88,
     "p2":95,
     "p3":96},
    {"p1":88,
     "p2":89,
     "p3":95},
    {"p1":73,
     "p2":85,
     "p3":97},
    {"p1":72,
     "p2":97,
     "p3":98},
    {"p1":72,
     "p2":73,
     "p3":97},
    {"p1":86,
     "p2":87,
     "p3":96},
    {"p1":86,
     "p2":96,
     "p3":97},
    {"p1":85,
     "p2":86,
     "p3":97},
    {"p1":73,
     "p2":83,
     "p3":84},
    {"p1":73,
     "p2":82,
     "p3":83},
    {"p1":77,
     "p2":78,
     "p3":79},
    {"p1":76,
     "p2":77,
     "p3":79},
    {"p1":75,
     "p2":76,
     "p3":80},
    {"p1":76,
     "p2":79,
     "p3":80},
    {"p1":35,
     "p2":56,
     "p3":57},
    {"p1":35,
     "p2":36,
     "p3":56},
    {"p1":36,
     "p2":55,
     "p3":56},
    {"p1":32,
     "p2":58,
     "p3":59},
    {"p1":31,
     "p2":32,
     "p3":59},
    {"p1":31,
     "p2":59,
     "p3":60},
    {"p1":38,
     "p2":39,
     "p3":53},
    {"p1":38,
     "p2":53,
     "p3":54},
    {"p1":37,
     "p2":54,
     "p3":55},
    {"p1":37,
     "p2":38,
     "p3":54},
    {"p1":44,
     "p2":49,
     "p3":50},
    {"p1":70,
     "p2":71,
     "p3":99},
    {"p1":69,
     "p2":100,
     "p3":101},
    {"p1":69,
     "p2":70,
     "p3":100},
    {"p1":70,
     "p2":99,
     "p3":100},
    {"p1":73,
     "p2":74,
     "p3":75},
    {"p1":42,
     "p2":43,
     "p3":50},
    {"p1":43,
     "p2":44,
     "p3":50},
    {"p1":75,
     "p2":81,
     "p3":82},
    {"p1":75,
     "p2":80,
     "p3":81},
    {"p1":27,
     "p2":62,
     "p3":63},
    {"p1":24,
     "p2":26,
     "p3":27},
    {"p1":23,
     "p2":24,
     "p3":27},
    {"p1":17,
     "p2":18,
     "p3":66},
    {"p1":18,
     "p2":65,
     "p3":66},
    {"p1":19,
     "p2":20,
     "p3":64},
    {"p1":19,
     "p2":64,
     "p3":65},
    {"p1":18,
     "p2":19,
     "p3":65},
    {"p1":30,
     "p2":31,
     "p3":60},
    {"p1":29,
     "p2":30,
     "p3":60},
    {"p1":29,
     "p2":60,
     "p3":61},
    {"p1":44,
     "p2":47,
     "p3":49},
    {"p1":47,
     "p2":48,
     "p3":49},
    {"p1":44,
     "p2":45,
     "p3":47},
    {"p1":28,
     "p2":29,
     "p3":61},
    {"p1":27,
     "p2":28,
     "p3":62},
    {"p1":28,
     "p2":61,
     "p3":62},
    {"p1":45,
     "p2":46,
     "p3":47},
    {"p1":22,
     "p2":27,
     "p3":63},
    {"p1":22,
     "p2":23,
     "p3":27},
    {"p1":22,
     "p2":63,
     "p3":64},
    {"p1":20,
     "p2":22,
     "p3":64},
    {"p1":20,
     "p2":21,
     "p3":22}]
}