{"points":[
    {"x":0.013072,
     "y":0.49346},
    {"x":0.013072,
     "y":0.53268},
    {"x":0.0098039,
     "y":0.5719},
    {"x":0.0065359,
     "y":0.61111},
    {"x":0.0098039,
     "y":0.65033},
    {"x":0.0065359,
     "y":0.68954},
    {"x":0.0065359,
     "y":0.72876},
    {"x":0.0065359,
     "y":0.76797},
    {"x":0.0065359,
     "y":0.80719},
    {"x":0,
     "y":0.84641},
    {"x":0.026144,
     "y":0.87582},
    {"x":0.065359,
     "y":0.88562},
    {"x":0.10458,
     "y":0.89542},
    {"x":0.14379,
     "y":0.90196},
    {"x":0.18301,
     "y":0.90523},
    {"x":0.22222,
     "y":0.9085},
    {"x":0.26144,
     "y":0.91176},
    {"x":0.30065,
     "y":0.91503},
    {"x":0.33987,
     "y":0.9183},
    {"x":0.37908,
     "y":0.9183},
    {"x":0.4183,
     "y":0.9183},
    {"x":0.45752,
     "y":0.9183},
    {"x":0.49673,
     "y":0.9183},
    {"x":0.53595,
     "y":0.9183},
    {"x":0.57516,
     "y":0.91503},
    {"x":0.61438,
     "y":0.91176},
    {"x":0.65359,
     "y":0.90523},
    {"x":0.68954,
     "y":0.88235},
    {"x":0.68954,
     "y":0.84314},
    {"x":0.69281,
     "y":0.80392},
    {"x":0.69608,
     "y":0.76471},
    {"x":0.72549,
     "y":0.73529},
    {"x":0.76471,
     "y":0.74183},
    {"x":0.80392,
     "y":0.72876},
    {"x":0.84314,
     "y":0.71569},
    {"x":0.88235,
     "y":0.69935},
    {"x":0.92157,
     "y":0.6732},
    {"x":0.95425,
     "y":0.63399},
    {"x":0.97712,
     "y":0.59477},
    {"x":0.9902,
     "y":0.55556},
    {"x":1,
     "y":0.51634},
    {"x":1,
     "y":0.47712},
    {"x":0.9902,
     "y":0.43791},
    {"x":0.97712,
     "y":0.39869},
    {"x":0.95098,
     "y":0.35948},
    {"x":0.91503,
     "y":0.32026},
    {"x":0.87582,
     "y":0.29412},
    {"x":0.8366,
     "y":0.27451},
    {"x":0.79739,
     "y":0.26144},
    {"x":0.75817,
     "y":0.2549},
    {"x":0.71895,
     "y":0.26144},
    {"x":0.72222,
     "y":0.30065},
    {"x":0.72549,
     "y":0.33987},
    {"x":0.75163,
     "y":0.34967},
    {"x":0.79085,
     "y":0.33987},
    {"x":0.83007,
     "y":0.34641},
    {"x":0.86928,
     "y":0.37582},
    {"x":0.90196,
     "y":0.41503},
    {"x":0.92157,
     "y":0.45425},
    {"x":0.93137,
     "y":0.49346},
    {"x":0.9281,
     "y":0.53268},
    {"x":0.91503,
     "y":0.5719},
    {"x":0.88235,
     "y":0.61111},
    {"x":0.84314,
     "y":0.64379},
    {"x":0.80392,
     "y":0.66013},
    {"x":0.76471,
     "y":0.66013},
    {"x":0.72549,
     "y":0.64706},
    {"x":0.70261,
     "y":0.61438},
    {"x":0.70261,
     "y":0.57516},
    {"x":0.70261,
     "y":0.53595},
    {"x":0.70261,
     "y":0.49673},
    {"x":0.70261,
     "y":0.45752},
    {"x":0.70588,
     "y":0.4183},
    {"x":0.70588,
     "y":0.37908},
    {"x":0.70261,
     "y":0.33987},
    {"x":0.70261,
     "y":0.30065},
    {"x":0.69935,
     "y":0.26144},
    {"x":0.69281,
     "y":0.22222},
    {"x":0.68627,
     "y":0.18301},
    {"x":0.6732,
     "y":0.14379},
    {"x":0.64706,
     "y":0.10458},
    {"x":0.62418,
     "y":0.065359},
    {"x":0.58497,
     "y":0.039216},
    {"x":0.54575,
     "y":0.026144},
    {"x":0.50654,
     "y":0.01634},
    {"x":0.46732,
     "y":0.0098039},
    {"x":0.4281,
     "y":0.0065359},
    {"x":0.38889,
     "y":0.003268},
    {"x":0.34967,
     "y":0},
    {"x":0.31046,
     "y":0},
    {"x":0.27124,
     "y":0},
    {"x":0.23203,
     "y":0.003268},
    {"x":0.19281,
     "y":0.0065359},
    {"x":0.15359,
     "y":0.01634},
    {"x":0.11765,
     "y":0.042484},
    {"x":0.11438,
     "y":0.081699},
    {"x":0.084967,
     "y":0.12092},
    {"x":0.058824,
     "y":0.16013},
    {"x":0.039216,
     "y":0.19935},
    {"x":0.03268,
     "y":0.23856},
    {"x":0.029412,
     "y":0.27778},
    {"x":0.026144,
     "y":0.31699},
    {"x":0.022876,
     "y":0.35621},
    {"x":0.019608,
     "y":0.39542},
    {"x":0.019608,
     "y":0.43464},
    {"x":0.01634,
     "y":0.47386},
    {"x":0.013072,
     "y":0.49346}],
 "triangles":[
    {"p1":19,
     "p2":20,
     "p3":67},
    {"p1":20,
     "p2":21,
     "p3":67},
    {"p1":21,
     "p2":30,
     "p3":67},
    {"p1":21,
     "p2":22,
     "p3":30},
    {"p1":25,
     "p2":26,
     "p3":28},
    {"p1":4,
     "p2":5,
     "p3":15},
    {"p1":2,
     "p2":3,
     "p3":4},
    {"p1":92,
     "p2":93,
     "p3":95},
    {"p1":93,
     "p2":94,
     "p3":95},
    {"p1":38,
     "p2":39,
     "p3":61},
    {"p1":36,
     "p2":37,
     "p3":62},
    {"p1":37,
     "p2":38,
     "p3":61},
    {"p1":37,
     "p2":61,
     "p3":62},
    {"p1":26,
     "p2":27,
     "p3":28},
    {"p1":2,
     "p2":4,
     "p3":17},
    {"p1":30,
     "p2":66,
     "p3":67},
    {"p1":30,
     "p2":31,
     "p3":66},
    {"p1":31,
     "p2":65,
     "p3":66},
    {"p1":36,
     "p2":62,
     "p3":63},
    {"p1":74,
     "p2":86,
     "p3":87},
    {"p1":77,
     "p2":85,
     "p3":86},
    {"p1":76,
     "p2":77,
     "p3":86},
    {"p1":70,
     "p2":71,
     "p3":104},
    {"p1":74,
     "p2":87,
     "p3":101},
    {"p1":70,
     "p2":104,
     "p3":105},
    {"p1":0,
     "p2":1,
     "p3":105},
    {"p1":1,
     "p2":17,
     "p3":18},
    {"p1":1,
     "p2":2,
     "p3":17},
    {"p1":91,
     "p2":92,
     "p3":95},
    {"p1":90,
     "p2":91,
     "p3":95},
    {"p1":89,
     "p2":90,
     "p3":95},
    {"p1":80,
     "p2":81,
     "p3":82},
    {"p1":80,
     "p2":82,
     "p3":83},
    {"p1":77,
     "p2":78,
     "p3":80},
    {"p1":34,
     "p2":35,
     "p3":63},
    {"p1":35,
     "p2":36,
     "p3":63},
    {"p1":22,
     "p2":23,
     "p3":30},
    {"p1":23,
     "p2":24,
     "p3":30},
    {"p1":24,
     "p2":29,
     "p3":30},
    {"p1":25,
     "p2":28,
     "p3":29},
    {"p1":24,
     "p2":25,
     "p3":29},
    {"p1":4,
     "p2":15,
     "p3":16},
    {"p1":4,
     "p2":16,
     "p3":17},
    {"p1":34,
     "p2":63,
     "p3":64},
    {"p1":44,
     "p2":45,
     "p3":56},
    {"p1":45,
     "p2":46,
     "p3":56},
    {"p1":8,
     "p2":11,
     "p3":12},
    {"p1":7,
     "p2":8,
     "p3":12},
    {"p1":8,
     "p2":9,
     "p3":10},
    {"p1":8,
     "p2":10,
     "p3":11},
    {"p1":71,
     "p2":103,
     "p3":104},
    {"p1":71,
     "p2":72,
     "p3":103},
    {"p1":87,
     "p2":88,
     "p3":100},
    {"p1":87,
     "p2":100,
     "p3":101},
    {"p1":88,
     "p2":89,
     "p3":100},
    {"p1":69,
     "p2":70,
     "p3":105},
    {"p1":1,
     "p2":69,
     "p3":105},
    {"p1":89,
     "p2":95,
     "p3":96},
    {"p1":89,
     "p2":96,
     "p3":100},
    {"p1":78,
     "p2":79,
     "p3":80},
    {"p1":77,
     "p2":84,
     "p3":85},
    {"p1":77,
     "p2":80,
     "p3":84},
    {"p1":80,
     "p2":83,
     "p3":84},
    {"p1":7,
     "p2":12,
     "p3":13},
    {"p1":6,
     "p2":7,
     "p3":13},
    {"p1":31,
     "p2":32,
     "p3":65},
    {"p1":43,
     "p2":44,
     "p3":57},
    {"p1":44,
     "p2":56,
     "p3":57},
    {"p1":46,
     "p2":55,
     "p3":56},
    {"p1":46,
     "p2":47,
     "p3":55},
    {"p1":75,
     "p2":76,
     "p3":86},
    {"p1":74,
     "p2":75,
     "p3":86},
    {"p1":5,
     "p2":14,
     "p3":15},
    {"p1":5,
     "p2":6,
     "p3":14},
    {"p1":6,
     "p2":13,
     "p3":14},
    {"p1":72,
     "p2":73,
     "p3":102},
    {"p1":72,
     "p2":102,
     "p3":103},
    {"p1":73,
     "p2":74,
     "p3":102},
    {"p1":74,
     "p2":101,
     "p3":102},
    {"p1":97,
     "p2":98,
     "p3":99},
    {"p1":96,
     "p2":97,
     "p3":99},
    {"p1":96,
     "p2":99,
     "p3":100},
    {"p1":19,
     "p2":67,
     "p3":68},
    {"p1":18,
     "p2":19,
     "p3":68},
    {"p1":1,
     "p2":18,
     "p3":68},
    {"p1":1,
     "p2":68,
     "p3":69},
    {"p1":33,
     "p2":34,
     "p3":64},
    {"p1":33,
     "p2":64,
     "p3":65},
    {"p1":32,
     "p2":33,
     "p3":65},
    {"p1":42,
     "p2":43,
     "p3":58},
    {"p1":43,
     "p2":57,
     "p3":58},
    {"p1":47,
     "p2":48,
     "p3":54},
    {"p1":47,
     "p2":54,
     "p3":55},
    {"p1":48,
     "p2":49,
     "p3":54},
    {"p1":49,
     "p2":50,
     "p3":51},
    {"p1":51,
     "p2":52,
     "p3":53},
    {"p1":51,
     "p2":53,
     "p3":54},
    {"p1":49,
     "p2":51,
     "p3":54},
    {"p1":39,
     "p2":40,
     "p3":60},
    {"p1":39,
     "p2":60,
     "p3":61},
    {"p1":41,
     "p2":42,
     "p3":59},
    {"p1":42,
     "p2":58,
     "p3":59},
    {"p1":40,
     "p2":41,
     "p3":59},
    {"p1":40,
     "p2":59,
     "p3":60}]
}