{"points":[
    {"x":0.041199,
     "y":0.47191},
    {"x":0.037453,
     "y":0.50936},
    {"x":0.037453,
     "y":0.54682},
    {"x":0.033708,
     "y":0.58427},
    {"x":0.029963,
     "y":0.62172},
    {"x":0.022472,
     "y":0.65918},
    {"x":0.014981,
     "y":0.69663},
    {"x":0.011236,
     "y":0.73408},
    {"x":0.011236,
     "y":0.77154},
    {"x":0.011236,
     "y":0.80899},
    {"x":0.0037453,
     "y":0.84644},
    {"x":0,
     "y":0.8839},
    {"x":0,
     "y":0.92135},
    {"x":0.033708,
     "y":0.95131},
    {"x":0.071161,
     "y":0.96629},
    {"x":0.10861,
     "y":0.97753},
    {"x":0.14607,
     "y":0.98876},
    {"x":0.18352,
     "y":0.98502},
    {"x":0.22097,
     "y":0.98127},
    {"x":0.25843,
     "y":0.98502},
    {"x":0.29588,
     "y":0.99251},
    {"x":0.33333,
     "y":1},
    {"x":0.37079,
     "y":1},
    {"x":0.40824,
     "y":0.99625},
    {"x":0.44569,
     "y":1},
    {"x":0.48315,
     "y":0.99251},
    {"x":0.5206,
     "y":0.98876},
    {"x":0.55805,
     "y":0.98127},
    {"x":0.59551,
     "y":0.97004},
    {"x":0.63296,
     "y":0.95506},
    {"x":0.66667,
     "y":0.92135},
    {"x":0.67041,
     "y":0.8839},
    {"x":0.6779,
     "y":0.84644},
    {"x":0.67416,
     "y":0.80899},
    {"x":0.67041,
     "y":0.77154},
    {"x":0.66667,
     "y":0.73408},
    {"x":0.69288,
     "y":0.71536},
    {"x":0.73034,
     "y":0.73034},
    {"x":0.76779,
     "y":0.74157},
    {"x":0.80524,
     "y":0.73408},
    {"x":0.8427,
     "y":0.71536},
    {"x":0.8764,
     "y":0.6779},
    {"x":0.89139,
     "y":0.64045},
    {"x":0.90637,
     "y":0.603},
    {"x":0.92135,
     "y":0.56554},
    {"x":0.92884,
     "y":0.52809},
    {"x":0.93258,
     "y":0.49064},
    {"x":0.92884,
     "y":0.45318},
    {"x":0.91386,
     "y":0.41573},
    {"x":0.88015,
     "y":0.38202},
    {"x":0.8427,
     "y":0.36704},
    {"x":0.80524,
     "y":0.35206},
    {"x":0.76779,
     "y":0.34457},
    {"x":0.73034,
     "y":0.33708},
    {"x":0.69288,
     "y":0.33333},
    {"x":0.65543,
     "y":0.33708},
    {"x":0.65543,
     "y":0.37453},
    {"x":0.67416,
     "y":0.41199},
    {"x":0.71161,
     "y":0.41948},
    {"x":0.74906,
     "y":0.42697},
    {"x":0.78652,
     "y":0.43071},
    {"x":0.82397,
     "y":0.44944},
    {"x":0.85768,
     "y":0.48315},
    {"x":0.87266,
     "y":0.5206},
    {"x":0.86891,
     "y":0.55805},
    {"x":0.85768,
     "y":0.59551},
    {"x":0.8427,
     "y":0.63296},
    {"x":0.80524,
     "y":0.65918},
    {"x":0.76779,
     "y":0.65918},
    {"x":0.73034,
     "y":0.64419},
    {"x":0.69288,
     "y":0.61049},
    {"x":0.68539,
     "y":0.57303},
    {"x":0.66292,
     "y":0.53558},
    {"x":0.64794,
     "y":0.49813},
    {"x":0.64045,
     "y":0.46067},
    {"x":0.64045,
     "y":0.42322},
    {"x":0.64045,
     "y":0.38577},
    {"x":0.63296,
     "y":0.34831},
    {"x":0.63296,
     "y":0.31086},
    {"x":0.62921,
     "y":0.27341},
    {"x":0.62921,
     "y":0.23596},
    {"x":0.62547,
     "y":0.1985},
    {"x":0.62547,
     "y":0.16105},
    {"x":0.61798,
     "y":0.1236},
    {"x":0.58801,
     "y":0.086142},
    {"x":0.55056,
     "y":0.071161},
    {"x":0.51311,
     "y":0.048689},
    {"x":0.47566,
     "y":0.026217},
    {"x":0.4382,
     "y":0.018727},
    {"x":0.40075,
     "y":0.0074906},
    {"x":0.3633,
     "y":0},
    {"x":0.32584,
     "y":0},
    {"x":0.28839,
     "y":0.0037453},
    {"x":0.25094,
     "y":0.0074906},
    {"x":0.21348,
     "y":0.018727},
    {"x":0.17603,
     "y":0.033708},
    {"x":0.13858,
     "y":0.05618},
    {"x":0.10112,
     "y":0.089888},
    {"x":0.086142,
     "y":0.12734},
    {"x":0.078652,
     "y":0.16479},
    {"x":0.074906,
     "y":0.20225},
    {"x":0.059925,
     "y":0.2397},
    {"x":0.06367,
     "y":0.27715},
    {"x":0.059925,
     "y":0.31461},
    {"x":0.052434,
     "y":0.35206},
    {"x":0.048689,
     "y":0.38951},
    {"x":0.044944,
     "y":0.42697},
    {"x":0.041199,
     "y":0.46442},
    {"x":0.041199,
     "y":0.47191}],
 "triangles":[
    {"p1":11,
     "p2":12,
     "p3":13},
    {"p1":2,
     "p2":3,
     "p3":73},
    {"p1":86,
     "p2":87,
     "p3":88},
    {"p1":5,
     "p2":6,
     "p3":19},
    {"p1":9,
     "p2":17,
     "p3":18},
    {"p1":8,
     "p2":9,
     "p3":18},
    {"p1":6,
     "p2":18,
     "p3":19},
    {"p1":20,
     "p2":23,
     "p3":35},
    {"p1":83,
     "p2":84,
     "p3":85},
    {"p1":89,
     "p2":90,
     "p3":91},
    {"p1":89,
     "p2":91,
     "p3":100},
    {"p1":88,
     "p2":89,
     "p3":100},
    {"p1":91,
     "p2":92,
     "p3":100},
    {"p1":92,
     "p2":93,
     "p3":94},
    {"p1":92,
     "p2":94,
     "p3":100},
    {"p1":96,
     "p2":97,
     "p3":98},
    {"p1":4,
     "p2":20,
     "p3":35},
    {"p1":4,
     "p2":5,
     "p3":19},
    {"p1":4,
     "p2":19,
     "p3":20},
    {"p1":4,
     "p2":35,
     "p3":72},
    {"p1":3,
     "p2":4,
     "p3":73},
    {"p1":4,
     "p2":72,
     "p3":73},
    {"p1":7,
     "p2":8,
     "p3":18},
    {"p1":6,
     "p2":7,
     "p3":18},
    {"p1":9,
     "p2":15,
     "p3":17},
    {"p1":15,
     "p2":16,
     "p3":17},
    {"p1":94,
     "p2":95,
     "p3":99},
    {"p1":94,
     "p2":99,
     "p3":100},
    {"p1":95,
     "p2":96,
     "p3":99},
    {"p1":96,
     "p2":98,
     "p3":99},
    {"p1":11,
     "p2":13,
     "p3":14},
    {"p1":36,
     "p2":69,
     "p3":70},
    {"p1":35,
     "p2":70,
     "p3":72},
    {"p1":35,
     "p2":36,
     "p3":70},
    {"p1":38,
     "p2":39,
     "p3":68},
    {"p1":39,
     "p2":67,
     "p3":68},
    {"p1":41,
     "p2":66,
     "p3":67},
    {"p1":50,
     "p2":60,
     "p3":61},
    {"p1":82,
     "p2":83,
     "p3":85},
    {"p1":79,
     "p2":86,
     "p3":88},
    {"p1":79,
     "p2":80,
     "p3":86},
    {"p1":0,
     "p2":1,
     "p3":74},
    {"p1":2,
     "p2":73,
     "p3":74},
    {"p1":1,
     "p2":2,
     "p3":74},
    {"p1":53,
     "p2":54,
     "p3":58},
    {"p1":100,
     "p2":101,
     "p3":102},
    {"p1":88,
     "p2":100,
     "p3":102},
    {"p1":79,
     "p2":88,
     "p3":102},
    {"p1":78,
     "p2":102,
     "p3":103},
    {"p1":78,
     "p2":79,
     "p3":102},
    {"p1":10,
     "p2":11,
     "p3":14},
    {"p1":9,
     "p2":10,
     "p3":15},
    {"p1":10,
     "p2":14,
     "p3":15},
    {"p1":29,
     "p2":30,
     "p3":31},
    {"p1":28,
     "p2":29,
     "p3":31},
    {"p1":37,
     "p2":38,
     "p3":68},
    {"p1":36,
     "p2":37,
     "p3":69},
    {"p1":37,
     "p2":68,
     "p3":69},
    {"p1":27,
     "p2":28,
     "p3":31},
    {"p1":20,
     "p2":21,
     "p3":22},
    {"p1":20,
     "p2":22,
     "p3":23},
    {"p1":43,
     "p2":44,
     "p3":64},
    {"p1":39,
     "p2":40,
     "p3":67},
    {"p1":40,
     "p2":41,
     "p3":67},
    {"p1":48,
     "p2":49,
     "p3":61},
    {"p1":49,
     "p2":50,
     "p3":61},
    {"p1":46,
     "p2":47,
     "p3":62},
    {"p1":47,
     "p2":48,
     "p3":62},
    {"p1":48,
     "p2":61,
     "p3":62},
    {"p1":70,
     "p2":71,
     "p3":72},
    {"p1":81,
     "p2":82,
     "p3":85},
    {"p1":81,
     "p2":85,
     "p3":86},
    {"p1":80,
     "p2":81,
     "p3":86},
    {"p1":54,
     "p2":57,
     "p3":58},
    {"p1":23,
     "p2":24,
     "p3":25},
    {"p1":23,
     "p2":25,
     "p3":35},
    {"p1":25,
     "p2":34,
     "p3":35},
    {"p1":27,
     "p2":31,
     "p3":33},
    {"p1":41,
     "p2":42,
     "p3":66},
    {"p1":43,
     "p2":64,
     "p3":65},
    {"p1":42,
     "p2":43,
     "p3":65},
    {"p1":42,
     "p2":65,
     "p3":66},
    {"p1":50,
     "p2":51,
     "p3":60},
    {"p1":51,
     "p2":52,
     "p3":60},
    {"p1":52,
     "p2":59,
     "p3":60},
    {"p1":53,
     "p2":58,
     "p3":59},
    {"p1":52,
     "p2":53,
     "p3":59},
    {"p1":44,
     "p2":45,
     "p3":63},
    {"p1":44,
     "p2":63,
     "p3":64},
    {"p1":45,
     "p2":46,
     "p3":63},
    {"p1":46,
     "p2":62,
     "p3":63},
    {"p1":77,
     "p2":78,
     "p3":103},
    {"p1":77,
     "p2":103,
     "p3":104},
    {"p1":77,
     "p2":104,
     "p3":105},
    {"p1":54,
     "p2":55,
     "p3":56},
    {"p1":54,
     "p2":56,
     "p3":57},
    {"p1":75,
     "p2":76,
     "p3":77},
    {"p1":75,
     "p2":77,
     "p3":105},
    {"p1":0,
     "p2":106,
     "p3":107},
    {"p1":0,
     "p2":74,
     "p3":106},
    {"p1":74,
     "p2":75,
     "p3":106},
    {"p1":75,
     "p2":105,
     "p3":106},
    {"p1":26,
     "p2":27,
     "p3":33},
    {"p1":25,
     "p2":26,
     "p3":34},
    {"p1":26,
     "p2":33,
     "p3":34},
    {"p1":31,
     "p2":32,
     "p3":33}]
}