{"points":[
    {"x":0.010345,
     "y":0.5},
    {"x":0.0068966,
     "y":0.54483},
    {"x":0.0034483,
     "y":0.58966},
    {"x":0.0034483,
     "y":0.63448},
    {"x":0.0034483,
     "y":0.67931},
    {"x":0,
     "y":0.72414},
    {"x":0,
     "y":0.76897},
    {"x":0,
     "y":0.81379},
    {"x":0.017241,
     "y":0.85172},
    {"x":0.062069,
     "y":0.86552},
    {"x":0.1069,
     "y":0.86897},
    {"x":0.15172,
     "y":0.86897},
    {"x":0.19655,
     "y":0.86897},
    {"x":0.24138,
     "y":0.86897},
    {"x":0.28621,
     "y":0.86897},
    {"x":0.33103,
     "y":0.86897},
    {"x":0.37586,
     "y":0.86552},
    {"x":0.42069,
     "y":0.87241},
    {"x":0.46552,
     "y":0.86897},
    {"x":0.51034,
     "y":0.86897},
    {"x":0.55517,
     "y":0.86552},
    {"x":0.6,
     "y":0.86552},
    {"x":0.64483,
     "y":0.85862},
    {"x":0.68966,
     "y":0.84483},
    {"x":0.71034,
     "y":0.8069},
    {"x":0.7069,
     "y":0.76207},
    {"x":0.73448,
     "y":0.72759},
    {"x":0.77931,
     "y":0.73793},
    {"x":0.82414,
     "y":0.74138},
    {"x":0.86897,
     "y":0.73103},
    {"x":0.91379,
     "y":0.7069},
    {"x":0.95172,
     "y":0.66552},
    {"x":0.97586,
     "y":0.62069},
    {"x":0.98966,
     "y":0.57586},
    {"x":0.99655,
     "y":0.53103},
    {"x":1,
     "y":0.48621},
    {"x":0.99655,
     "y":0.44138},
    {"x":0.98621,
     "y":0.39655},
    {"x":0.97241,
     "y":0.35172},
    {"x":0.94828,
     "y":0.3069},
    {"x":0.91379,
     "y":0.26207},
    {"x":0.86897,
     "y":0.22759},
    {"x":0.82414,
     "y":0.21379},
    {"x":0.77931,
     "y":0.21379},
    {"x":0.73448,
     "y":0.22414},
    {"x":0.69655,
     "y":0.24138},
    {"x":0.7,
     "y":0.28621},
    {"x":0.70345,
     "y":0.33103},
    {"x":0.72069,
     "y":0.34483},
    {"x":0.72759,
     "y":0.3},
    {"x":0.77241,
     "y":0.26897},
    {"x":0.81724,
     "y":0.26552},
    {"x":0.86207,
     "y":0.28621},
    {"x":0.9,
     "y":0.33103},
    {"x":0.92414,
     "y":0.37586},
    {"x":0.93793,
     "y":0.42069},
    {"x":0.94483,
     "y":0.46552},
    {"x":0.94483,
     "y":0.51034},
    {"x":0.93793,
     "y":0.55517},
    {"x":0.92069,
     "y":0.6},
    {"x":0.9,
     "y":0.64483},
    {"x":0.85862,
     "y":0.68621},
    {"x":0.81379,
     "y":0.7},
    {"x":0.76897,
     "y":0.6931},
    {"x":0.73793,
     "y":0.64828},
    {"x":0.71379,
     "y":0.61379},
    {"x":0.7,
     "y":0.56897},
    {"x":0.69655,
     "y":0.52414},
    {"x":0.6931,
     "y":0.47931},
    {"x":0.68966,
     "y":0.43448},
    {"x":0.68276,
     "y":0.38966},
    {"x":0.68276,
     "y":0.34483},
    {"x":0.67931,
     "y":0.3},
    {"x":0.67586,
     "y":0.25517},
    {"x":0.67241,
     "y":0.21034},
    {"x":0.66897,
     "y":0.16552},
    {"x":0.68621,
     "y":0.12414},
    {"x":0.66207,
     "y":0.07931},
    {"x":0.61724,
     "y":0.051724},
    {"x":0.57241,
     "y":0.034483},
    {"x":0.52759,
     "y":0.02069},
    {"x":0.48276,
     "y":0.010345},
    {"x":0.43793,
     "y":0.0068966},
    {"x":0.3931,
     "y":0.0034483},
    {"x":0.34828,
     "y":0},
    {"x":0.30345,
     "y":0},
    {"x":0.25862,
     "y":0.0034483},
    {"x":0.21379,
     "y":0.010345},
    {"x":0.16897,
     "y":0.02069},
    {"x":0.12414,
     "y":0.034483},
    {"x":0.07931,
     "y":0.055172},
    {"x":0.041379,
     "y":0.093103},
    {"x":0.034483,
     "y":0.13793},
    {"x":0.044828,
     "y":0.18276},
    {"x":0.037931,
     "y":0.22759},
    {"x":0.027586,
     "y":0.27241},
    {"x":0.024138,
     "y":0.31724},
    {"x":0.02069,
     "y":0.36207},
    {"x":0.013793,
     "y":0.4069},
    {"x":0.013793,
     "y":0.45172},
    {"x":0.010345,
     "y":0.49655},
    {"x":0.010345,
     "y":0.5}],
 "triangles":[
    {"p1":70,
     "p2":97,
     "p3":99},
    {"p1":5,
     "p2":10,
     "p3":11},
    {"p1":2,
     "p2":13,
     "p3":14},
    {"p1":1,
     "p2":2,
     "p3":14},
    {"p1":4,
     "p2":5,
     "p3":11},
    {"p1":4,
     "p2":11,
     "p3":12},
    {"p1":30,
     "p2":31,
     "p3":60},
    {"p1":31,
     "p2":32,
     "p3":59},
    {"p1":31,
     "p2":59,
     "p3":60},
    {"p1":32,
     "p2":33,
     "p3":59},
    {"p1":97,
     "p2":98,
     "p3":99},
    {"p1":89,
     "p2":90,
     "p3":93},
    {"p1":88,
     "p2":89,
     "p3":93},
    {"p1":87,
     "p2":88,
     "p3":93},
    {"p1":86,
     "p2":87,
     "p3":93},
    {"p1":90,
     "p2":91,
     "p3":92},
    {"p1":90,
     "p2":92,
     "p3":93},
    {"p1":72,
     "p2":83,
     "p3":96},
    {"p1":83,
     "p2":84,
     "p3":96},
    {"p1":69,
     "p2":70,
     "p3":99},
    {"p1":68,
     "p2":69,
     "p3":99},
    {"p1":35,
     "p2":36,
     "p3":56},
    {"p1":2,
     "p2":3,
     "p3":13},
    {"p1":3,
     "p2":12,
     "p3":13},
    {"p1":3,
     "p2":4,
     "p3":12},
    {"p1":19,
     "p2":65,
     "p3":66},
    {"p1":7,
     "p2":8,
     "p3":9},
    {"p1":30,
     "p2":60,
     "p3":61},
    {"p1":40,
     "p2":41,
     "p3":52},
    {"p1":39,
     "p2":40,
     "p3":53},
    {"p1":40,
     "p2":52,
     "p3":53},
    {"p1":86,
     "p2":93,
     "p3":94},
    {"p1":85,
     "p2":86,
     "p3":94},
    {"p1":84,
     "p2":85,
     "p3":94},
    {"p1":84,
     "p2":94,
     "p3":96},
    {"p1":94,
     "p2":95,
     "p3":96},
    {"p1":71,
     "p2":72,
     "p3":96},
    {"p1":70,
     "p2":71,
     "p3":97},
    {"p1":71,
     "p2":96,
     "p3":97},
    {"p1":33,
     "p2":58,
     "p3":59},
    {"p1":36,
     "p2":55,
     "p3":56},
    {"p1":1,
     "p2":14,
     "p3":15},
    {"p1":0,
     "p2":68,
     "p3":99},
    {"p1":0,
     "p2":16,
     "p3":68},
    {"p1":16,
     "p2":67,
     "p3":68},
    {"p1":16,
     "p2":66,
     "p3":67},
    {"p1":19,
     "p2":20,
     "p3":65},
    {"p1":18,
     "p2":19,
     "p3":66},
    {"p1":16,
     "p2":17,
     "p3":18},
    {"p1":16,
     "p2":18,
     "p3":66},
    {"p1":6,
     "p2":7,
     "p3":9},
    {"p1":5,
     "p2":6,
     "p3":10},
    {"p1":6,
     "p2":9,
     "p3":10},
    {"p1":22,
     "p2":23,
     "p3":24},
    {"p1":26,
     "p2":64,
     "p3":65},
    {"p1":29,
     "p2":30,
     "p3":61},
    {"p1":26,
     "p2":63,
     "p3":64},
    {"p1":26,
     "p2":27,
     "p3":63},
    {"p1":43,
     "p2":44,
     "p3":50},
    {"p1":41,
     "p2":42,
     "p3":51},
    {"p1":41,
     "p2":51,
     "p3":52},
    {"p1":42,
     "p2":43,
     "p3":51},
    {"p1":43,
     "p2":50,
     "p3":51},
    {"p1":44,
     "p2":45,
     "p3":46},
    {"p1":72,
     "p2":73,
     "p3":83},
    {"p1":75,
     "p2":77,
     "p3":78},
    {"p1":75,
     "p2":76,
     "p3":77},
    {"p1":74,
     "p2":75,
     "p3":80},
    {"p1":33,
     "p2":34,
     "p3":58},
    {"p1":36,
     "p2":37,
     "p3":55},
    {"p1":0,
     "p2":99,
     "p3":100},
    {"p1":34,
     "p2":57,
     "p3":58},
    {"p1":35,
     "p2":56,
     "p3":57},
    {"p1":34,
     "p2":35,
     "p3":57},
    {"p1":21,
     "p2":22,
     "p3":25},
    {"p1":22,
     "p2":24,
     "p3":25},
    {"p1":20,
     "p2":21,
     "p3":25},
    {"p1":20,
     "p2":25,
     "p3":65},
    {"p1":25,
     "p2":26,
     "p3":65},
    {"p1":44,
     "p2":49,
     "p3":50},
    {"p1":44,
     "p2":46,
     "p3":49},
    {"p1":47,
     "p2":48,
     "p3":49},
    {"p1":46,
     "p2":47,
     "p3":49},
    {"p1":74,
     "p2":80,
     "p3":81},
    {"p1":75,
     "p2":78,
     "p3":79},
    {"p1":75,
     "p2":79,
     "p3":80},
    {"p1":37,
     "p2":54,
     "p3":55},
    {"p1":39,
     "p2":53,
     "p3":54},
    {"p1":29,
     "p2":61,
     "p3":62},
    {"p1":28,
     "p2":29,
     "p3":62},
    {"p1":27,
     "p2":62,
     "p3":63},
    {"p1":27,
     "p2":28,
     "p3":62},
    {"p1":73,
     "p2":74,
     "p3":82},
    {"p1":74,
     "p2":81,
     "p3":82},
    {"p1":73,
     "p2":82,
     "p3":83},
    {"p1":38,
     "p2":39,
     "p3":54},
    {"p1":37,
     "p2":38,
     "p3":54},
    {"p1":0,
     "p2":15,
     "p3":16},
    {"p1":0,
     "p2":1,
     "p3":15}]
}