{"points":[
    {"x":0.039007,
     "y":0.51064},
    {"x":0.014184,
     "y":0.54965},
    {"x":0.0035461,
     "y":0.58865},
    {"x":0,
     "y":0.62766},
    {"x":0.0070922,
     "y":0.66667},
    {"x":0.024823,
     "y":0.70567},
    {"x":0.056738,
     "y":0.74468},
    {"x":0.095745,
     "y":0.7695},
    {"x":0.13475,
     "y":0.78369},
    {"x":0.17376,
     "y":0.78723},
    {"x":0.21277,
     "y":0.78014},
    {"x":0.25177,
     "y":0.7766},
    {"x":0.29078,
     "y":0.79078},
    {"x":0.31915,
     "y":0.8227},
    {"x":0.35816,
     "y":0.83688},
    {"x":0.39716,
     "y":0.84397},
    {"x":0.43617,
     "y":0.84752},
    {"x":0.47518,
     "y":0.85461},
    {"x":0.51418,
     "y":0.85816},
    {"x":0.55319,
     "y":0.8617},
    {"x":0.5922,
     "y":0.86525},
    {"x":0.63121,
     "y":0.86879},
    {"x":0.67021,
     "y":0.86879},
    {"x":0.70922,
     "y":0.86879},
    {"x":0.74823,
     "y":0.86525},
    {"x":0.78723,
     "y":0.86525},
    {"x":0.82624,
     "y":0.8617},
    {"x":0.86525,
     "y":0.85461},
    {"x":0.90426,
     "y":0.85106},
    {"x":0.94326,
     "y":0.84397},
    {"x":0.98227,
     "y":0.83333},
    {"x":0.99291,
     "y":0.79787},
    {"x":0.98582,
     "y":0.75887},
    {"x":0.98582,
     "y":0.71986},
    {"x":0.98582,
     "y":0.68085},
    {"x":0.98582,
     "y":0.64184},
    {"x":0.98582,
     "y":0.60284},
    {"x":0.98582,
     "y":0.56383},
    {"x":0.98582,
     "y":0.52482},
    {"x":0.98936,
     "y":0.48582},
    {"x":0.98936,
     "y":0.44681},
    {"x":0.98936,
     "y":0.4078},
    {"x":0.98936,
     "y":0.36879},
    {"x":0.98936,
     "y":0.32979},
    {"x":0.98936,
     "y":0.29078},
    {"x":0.98936,
     "y":0.25177},
    {"x":0.98936,
     "y":0.21277},
    {"x":1,
     "y":0.17376},
    {"x":0.99645,
     "y":0.13475},
    {"x":0.97872,
     "y":0.095745},
    {"x":0.93972,
     "y":0.06383},
    {"x":0.90071,
     "y":0.046099},
    {"x":0.8617,
     "y":0.031915},
    {"x":0.8227,
     "y":0.01773},
    {"x":0.78369,
     "y":0.010638},
    {"x":0.74468,
     "y":0.0035461},
    {"x":0.70567,
     "y":0},
    {"x":0.66667,
     "y":0},
    {"x":0.62766,
     "y":0},
    {"x":0.58865,
     "y":0.0035461},
    {"x":0.54965,
     "y":0.0035461},
    {"x":0.51064,
     "y":0.010638},
    {"x":0.47163,
     "y":0.01773},
    {"x":0.43262,
     "y":0.031915},
    {"x":0.39362,
     "y":0.060284},
    {"x":0.35461,
     "y":0.092199},
    {"x":0.32624,
     "y":0.13121},
    {"x":0.32979,
     "y":0.17021},
    {"x":0.34043,
     "y":0.20922},
    {"x":0.34397,
     "y":0.24823},
    {"x":0.34397,
     "y":0.28723},
    {"x":0.34752,
     "y":0.32624},
    {"x":0.35461,
     "y":0.36525},
    {"x":0.35106,
     "y":0.40426},
    {"x":0.34397,
     "y":0.44326},
    {"x":0.34043,
     "y":0.48227},
    {"x":0.33333,
     "y":0.52128},
    {"x":0.32979,
     "y":0.56028},
    {"x":0.3227,
     "y":0.59929},
    {"x":0.31915,
     "y":0.6383},
    {"x":0.31206,
     "y":0.6773},
    {"x":0.30142,
     "y":0.71631},
    {"x":0.26241,
     "y":0.73404},
    {"x":0.2234,
     "y":0.74113},
    {"x":0.1844,
     "y":0.74113},
    {"x":0.14539,
     "y":0.73759},
    {"x":0.10638,
     "y":0.72695},
    {"x":0.067376,
     "y":0.69504},
    {"x":0.046099,
     "y":0.65603},
    {"x":0.039007,
     "y":0.61702},
    {"x":0.046099,
     "y":0.57801},
    {"x":0.067376,
     "y":0.53901},
    {"x":0.10284,
     "y":0.5},
    {"x":0.14184,
     "y":0.46809},
    {"x":0.18085,
     "y":0.43972},
    {"x":0.21986,
     "y":0.41489},
    {"x":0.25887,
     "y":0.39007},
    {"x":0.29787,
     "y":0.36525},
    {"x":0.32979,
     "y":0.33688},
    {"x":0.31915,
     "y":0.30142},
    {"x":0.28014,
     "y":0.32979},
    {"x":0.24113,
     "y":0.35461},
    {"x":0.20213,
     "y":0.37589},
    {"x":0.16312,
     "y":0.40426},
    {"x":0.12411,
     "y":0.43617},
    {"x":0.085106,
     "y":0.46454},
    {"x":0.046099,
     "y":0.5},
    {"x":0.039007,
     "y":0.51064}],
 "triangles":[
    {"p1":2,
     "p2":3,
     "p3":89},
    {"p1":48,
     "p2":49,
     "p3":50},
    {"p1":42,
     "p2":43,
     "p3":72},
    {"p1":44,
     "p2":45,
     "p3":54},
    {"p1":46,
     "p2":51,
     "p3":52},
    {"p1":45,
     "p2":46,
     "p3":52},
    {"p1":46,
     "p2":50,
     "p3":51},
    {"p1":46,
     "p2":47,
     "p3":48},
    {"p1":46,
     "p2":48,
     "p3":50},
    {"p1":38,
     "p2":39,
     "p3":73},
    {"p1":39,
     "p2":40,
     "p3":73},
    {"p1":41,
     "p2":72,
     "p3":73},
    {"p1":40,
     "p2":41,
     "p3":73},
    {"p1":41,
     "p2":42,
     "p3":72},
    {"p1":38,
     "p2":73,
     "p3":74},
    {"p1":38,
     "p2":74,
     "p3":75},
    {"p1":7,
     "p2":8,
     "p3":85},
    {"p1":19,
     "p2":20,
     "p3":77},
    {"p1":18,
     "p2":78,
     "p3":79},
    {"p1":18,
     "p2":19,
     "p3":78},
    {"p1":19,
     "p2":77,
     "p3":78},
    {"p1":16,
     "p2":79,
     "p3":80},
    {"p1":2,
     "p2":89,
     "p3":90},
    {"p1":65,
     "p2":66,
     "p3":67},
    {"p1":59,
     "p2":61,
     "p3":69},
    {"p1":59,
     "p2":60,
     "p3":61},
    {"p1":43,
     "p2":57,
     "p3":72},
    {"p1":44,
     "p2":56,
     "p3":57},
    {"p1":43,
     "p2":44,
     "p3":57},
    {"p1":45,
     "p2":52,
     "p3":53},
    {"p1":45,
     "p2":53,
     "p3":54},
    {"p1":44,
     "p2":55,
     "p3":56},
    {"p1":44,
     "p2":54,
     "p3":55},
    {"p1":20,
     "p2":76,
     "p3":77},
    {"p1":20,
     "p2":21,
     "p3":76},
    {"p1":21,
     "p2":75,
     "p3":76},
    {"p1":95,
     "p2":96,
     "p3":102},
    {"p1":21,
     "p2":22,
     "p3":75},
    {"p1":22,
     "p2":38,
     "p3":75},
    {"p1":5,
     "p2":6,
     "p3":87},
    {"p1":17,
     "p2":18,
     "p3":79},
    {"p1":16,
     "p2":17,
     "p3":79},
    {"p1":12,
     "p2":81,
     "p3":82},
    {"p1":11,
     "p2":12,
     "p3":82},
    {"p1":8,
     "p2":9,
     "p3":85},
    {"p1":9,
     "p2":84,
     "p3":85},
    {"p1":1,
     "p2":90,
     "p3":91},
    {"p1":1,
     "p2":2,
     "p3":90},
    {"p1":61,
     "p2":68,
     "p3":69},
    {"p1":61,
     "p2":62,
     "p3":68},
    {"p1":62,
     "p2":64,
     "p3":68},
    {"p1":65,
     "p2":67,
     "p3":68},
    {"p1":64,
     "p2":65,
     "p3":68},
    {"p1":59,
     "p2":69,
     "p3":70},
    {"p1":59,
     "p2":70,
     "p3":71},
    {"p1":98,
     "p2":99,
     "p3":100},
    {"p1":57,
     "p2":58,
     "p3":72},
    {"p1":58,
     "p2":71,
     "p3":72},
    {"p1":58,
     "p2":59,
     "p3":71},
    {"p1":93,
     "p2":94,
     "p3":104},
    {"p1":91,
     "p2":92,
     "p3":106},
    {"p1":96,
     "p2":101,
     "p3":102},
    {"p1":25,
     "p2":26,
     "p3":34},
    {"p1":26,
     "p2":27,
     "p3":34},
    {"p1":22,
     "p2":37,
     "p3":38},
    {"p1":22,
     "p2":23,
     "p3":37},
    {"p1":23,
     "p2":36,
     "p3":37},
    {"p1":25,
     "p2":34,
     "p3":35},
    {"p1":23,
     "p2":24,
     "p3":36},
    {"p1":24,
     "p2":25,
     "p3":35},
    {"p1":24,
     "p2":35,
     "p3":36},
    {"p1":6,
     "p2":7,
     "p3":86},
    {"p1":6,
     "p2":86,
     "p3":87},
    {"p1":7,
     "p2":85,
     "p3":86},
    {"p1":4,
     "p2":5,
     "p3":88},
    {"p1":5,
     "p2":87,
     "p3":88},
    {"p1":3,
     "p2":4,
     "p3":88},
    {"p1":3,
     "p2":88,
     "p3":89},
    {"p1":14,
     "p2":15,
     "p3":81},
    {"p1":15,
     "p2":80,
     "p3":81},
    {"p1":15,
     "p2":16,
     "p3":80},
    {"p1":11,
     "p2":82,
     "p3":83},
    {"p1":13,
     "p2":14,
     "p3":81},
    {"p1":12,
     "p2":13,
     "p3":81},
    {"p1":0,
     "p2":91,
     "p3":106},
    {"p1":0,
     "p2":1,
     "p3":91},
    {"p1":62,
     "p2":63,
     "p3":64},
    {"p1":97,
     "p2":98,
     "p3":100},
    {"p1":97,
     "p2":100,
     "p3":101},
    {"p1":96,
     "p2":97,
     "p3":101},
    {"p1":95,
     "p2":102,
     "p3":103},
    {"p1":94,
     "p2":95,
     "p3":103},
    {"p1":94,
     "p2":103,
     "p3":104},
    {"p1":92,
     "p2":105,
     "p3":106},
    {"p1":93,
     "p2":104,
     "p3":105},
    {"p1":92,
     "p2":93,
     "p3":105},
    {"p1":27,
     "p2":33,
     "p3":34},
    {"p1":10,
     "p2":11,
     "p3":83},
    {"p1":9,
     "p2":10,
     "p3":84},
    {"p1":10,
     "p2":83,
     "p3":84},
    {"p1":29,
     "p2":30,
     "p3":31},
    {"p1":27,
     "p2":28,
     "p3":32},
    {"p1":27,
     "p2":32,
     "p3":33},
    {"p1":28,
     "p2":29,
     "p3":32},
    {"p1":29,
     "p2":31,
     "p3":32}]
}