{"points":[
    {"x":0.17629,
     "y":0.36474},
    {"x":0.17325,
     "y":0.41033},
    {"x":0.15805,
     "y":0.45593},
    {"x":0.17325,
     "y":0.49848},
    {"x":0.21277,
     "y":0.48936},
    {"x":0.25836,
     "y":0.50152},
    {"x":0.30395,
     "y":0.50456},
    {"x":0.34954,
     "y":0.49848},
    {"x":0.39514,
     "y":0.48936},
    {"x":0.44073,
     "y":0.47416},
    {"x":0.48632,
     "y":0.45897},
    {"x":0.53191,
     "y":0.44681},
    {"x":0.57751,
     "y":0.43769},
    {"x":0.62006,
     "y":0.41945},
    {"x":0.65957,
     "y":0.41337},
    {"x":0.66869,
     "y":0.45593},
    {"x":0.66565,
     "y":0.50152},
    {"x":0.65957,
     "y":0.54407},
    {"x":0.64134,
     "y":0.58967},
    {"x":0.61094,
     "y":0.63222},
    {"x":0.57751,
     "y":0.66869},
    {"x":0.59878,
     "y":0.68693},
    {"x":0.60486,
     "y":0.7234},
    {"x":0.62006,
     "y":0.68085},
    {"x":0.64438,
     "y":0.63526},
    {"x":0.65046,
     "y":0.66869},
    {"x":0.67173,
     "y":0.66565},
    {"x":0.67477,
     "y":0.62006},
    {"x":0.70821,
     "y":0.59271},
    {"x":0.7234,
     "y":0.6231},
    {"x":0.69909,
     "y":0.66869},
    {"x":0.69301,
     "y":0.70517},
    {"x":0.71125,
     "y":0.7386},
    {"x":0.7234,
     "y":0.70213},
    {"x":0.7386,
     "y":0.69909},
    {"x":0.75684,
     "y":0.68997},
    {"x":0.7538,
     "y":0.64438},
    {"x":0.77812,
     "y":0.61094},
    {"x":0.79027,
     "y":0.56839},
    {"x":0.81763,
     "y":0.53191},
    {"x":0.86322,
     "y":0.50456},
    {"x":0.85714,
     "y":0.46201},
    {"x":0.81155,
     "y":0.45593},
    {"x":0.79027,
     "y":0.42553},
    {"x":0.80243,
     "y":0.38298},
    {"x":0.79635,
     "y":0.33739},
    {"x":0.76596,
     "y":0.30395},
    {"x":0.7386,
     "y":0.26444},
    {"x":0.78419,
     "y":0.2462},
    {"x":0.82979,
     "y":0.24316},
    {"x":0.8693,
     "y":0.21884},
    {"x":0.89666,
     "y":0.17629},
    {"x":0.93313,
     "y":0.14286},
    {"x":0.96657,
     "y":0.10334},
    {"x":1,
     "y":0.06383},
    {"x":0.9696,
     "y":0.051672},
    {"x":0.93009,
     "y":0.085106},
    {"x":0.89362,
     "y":0.11854},
    {"x":0.86626,
     "y":0.16413},
    {"x":0.82675,
     "y":0.20061},
    {"x":0.78116,
     "y":0.20365},
    {"x":0.80243,
     "y":0.17629},
    {"x":0.82675,
     "y":0.1307},
    {"x":0.8541,
     "y":0.085106},
    {"x":0.88754,
     "y":0.045593},
    {"x":0.91489,
     "y":0},
    {"x":0.87842,
     "y":0},
    {"x":0.84195,
     "y":0.030395},
    {"x":0.81763,
     "y":0.075988},
    {"x":0.79331,
     "y":0.12158},
    {"x":0.75684,
     "y":0.15502},
    {"x":0.71125,
     "y":0.16717},
    {"x":0.66565,
     "y":0.17325},
    {"x":0.62006,
     "y":0.17933},
    {"x":0.58055,
     "y":0.20973},
    {"x":0.53799,
     "y":0.22188},
    {"x":0.4924,
     "y":0.22188},
    {"x":0.44681,
     "y":0.21884},
    {"x":0.40426,
     "y":0.23708},
    {"x":0.36474,
     "y":0.23404},
    {"x":0.32523,
     "y":0.20973},
    {"x":0.27964,
     "y":0.20973},
    {"x":0.23404,
     "y":0.20365},
    {"x":0.20061,
     "y":0.17629},
    {"x":0.18237,
     "y":0.1307},
    {"x":0.16109,
     "y":0.085106},
    {"x":0.1155,
     "y":0.048632},
    {"x":0.091185,
     "y":0.06079},
    {"x":0.12462,
     "y":0.097264},
    {"x":0.15198,
     "y":0.13374},
    {"x":0.16717,
     "y":0.17629},
    {"x":0.15805,
     "y":0.20973},
    {"x":0.12462,
     "y":0.17021},
    {"x":0.1003,
     "y":0.12462},
    {"x":0.082067,
     "y":0.079027},
    {"x":0.036474,
     "y":0.048632},
    {"x":0,
     "y":0.030395},
    {"x":0.018237,
     "y":0.072948},
    {"x":0.051672,
     "y":0.10638},
    {"x":0.085106,
     "y":0.15198},
    {"x":0.1003,
     "y":0.19757},
    {"x":0.10638,
     "y":0.24316},
    {"x":0.1459,
     "y":0.2614},
    {"x":0.19149,
     "y":0.26444},
    {"x":0.19757,
     "y":0.30395},
    {"x":0.18541,
     "y":0.34954},
    {"x":0.17629,
     "y":0.36474}],
 "triangles":[
    {"p1":95,
     "p2":96,
     "p3":97},
    {"p1":53,
     "p2":54,
     "p3":55},
    {"p1":2,
     "p2":3,
     "p3":4},
    {"p1":91,
     "p2":101,
     "p3":102},
    {"p1":76,
     "p2":77,
     "p3":78},
    {"p1":95,
     "p2":97,
     "p3":98},
    {"p1":85,
     "p2":86,
     "p3":88},
    {"p1":85,
     "p2":88,
     "p3":89},
    {"p1":49,
     "p2":50,
     "p3":59},
    {"p1":47,
     "p2":60,
     "p3":71},
    {"p1":60,
     "p2":70,
     "p3":71},
    {"p1":47,
     "p2":73,
     "p3":74},
    {"p1":8,
     "p2":9,
     "p3":78},
    {"p1":8,
     "p2":78,
     "p3":79},
    {"p1":10,
     "p2":76,
     "p3":78},
    {"p1":9,
     "p2":10,
     "p3":78},
    {"p1":79,
     "p2":104,
     "p3":105},
    {"p1":1,
     "p2":2,
     "p3":4},
    {"p1":0,
     "p2":1,
     "p3":105},
    {"p1":91,
     "p2":100,
     "p3":101},
    {"p1":84,
     "p2":85,
     "p3":89},
    {"p1":93,
     "p2":98,
     "p3":99},
    {"p1":86,
     "p2":87,
     "p3":88},
    {"p1":62,
     "p2":68,
     "p3":69},
    {"p1":53,
     "p2":55,
     "p3":56},
    {"p1":52,
     "p2":53,
     "p3":56},
    {"p1":52,
     "p2":56,
     "p3":57},
    {"p1":51,
     "p2":52,
     "p3":57},
    {"p1":63,
     "p2":67,
     "p3":68},
    {"p1":62,
     "p2":63,
     "p3":68},
    {"p1":47,
     "p2":48,
     "p3":60},
    {"p1":48,
     "p2":49,
     "p3":59},
    {"p1":48,
     "p2":59,
     "p3":60},
    {"p1":47,
     "p2":72,
     "p3":73},
    {"p1":47,
     "p2":71,
     "p3":72},
    {"p1":7,
     "p2":8,
     "p3":79},
    {"p1":7,
     "p2":79,
     "p3":105},
    {"p1":6,
     "p2":7,
     "p3":105},
    {"p1":13,
     "p2":74,
     "p3":75},
    {"p1":82,
     "p2":91,
     "p3":103},
    {"p1":91,
     "p2":102,
     "p3":103},
    {"p1":40,
     "p2":41,
     "p3":42},
    {"p1":5,
     "p2":6,
     "p3":105},
    {"p1":1,
     "p2":5,
     "p3":105},
    {"p1":1,
     "p2":4,
     "p3":5},
    {"p1":91,
     "p2":92,
     "p3":100},
    {"p1":92,
     "p2":99,
     "p3":100},
    {"p1":92,
     "p2":93,
     "p3":99},
    {"p1":82,
     "p2":83,
     "p3":91},
    {"p1":81,
     "p2":82,
     "p3":103},
    {"p1":81,
     "p2":103,
     "p3":104},
    {"p1":79,
     "p2":80,
     "p3":81},
    {"p1":79,
     "p2":81,
     "p3":104},
    {"p1":93,
     "p2":94,
     "p3":98},
    {"p1":94,
     "p2":95,
     "p3":98},
    {"p1":61,
     "p2":62,
     "p3":69},
    {"p1":61,
     "p2":69,
     "p3":70},
    {"p1":60,
     "p2":61,
     "p3":70},
    {"p1":51,
     "p2":57,
     "p3":58},
    {"p1":50,
     "p2":58,
     "p3":59},
    {"p1":50,
     "p2":51,
     "p3":58},
    {"p1":64,
     "p2":65,
     "p3":66},
    {"p1":64,
     "p2":66,
     "p3":67},
    {"p1":63,
     "p2":64,
     "p3":67},
    {"p1":44,
     "p2":45,
     "p3":46},
    {"p1":20,
     "p2":21,
     "p3":23},
    {"p1":19,
     "p2":20,
     "p3":23},
    {"p1":21,
     "p2":22,
     "p3":23},
    {"p1":11,
     "p2":75,
     "p3":76},
    {"p1":10,
     "p2":11,
     "p3":76},
    {"p1":14,
     "p2":47,
     "p3":74},
    {"p1":13,
     "p2":14,
     "p3":74},
    {"p1":14,
     "p2":46,
     "p3":47},
    {"p1":14,
     "p2":43,
     "p3":44},
    {"p1":14,
     "p2":44,
     "p3":46},
    {"p1":39,
     "p2":40,
     "p3":42},
    {"p1":83,
     "p2":90,
     "p3":91},
    {"p1":84,
     "p2":89,
     "p3":90},
    {"p1":83,
     "p2":84,
     "p3":90},
    {"p1":12,
     "p2":13,
     "p3":75},
    {"p1":11,
     "p2":12,
     "p3":75},
    {"p1":14,
     "p2":15,
     "p3":43},
    {"p1":15,
     "p2":42,
     "p3":43},
    {"p1":17,
     "p2":18,
     "p3":28},
    {"p1":28,
     "p2":37,
     "p3":38},
    {"p1":28,
     "p2":29,
     "p3":37},
    {"p1":16,
     "p2":17,
     "p3":28},
    {"p1":16,
     "p2":28,
     "p3":38},
    {"p1":16,
     "p2":38,
     "p3":39},
    {"p1":16,
     "p2":39,
     "p3":42},
    {"p1":15,
     "p2":16,
     "p3":42},
    {"p1":29,
     "p2":36,
     "p3":37},
    {"p1":29,
     "p2":30,
     "p3":36},
    {"p1":19,
     "p2":23,
     "p3":24},
    {"p1":18,
     "p2":19,
     "p3":24},
    {"p1":30,
     "p2":31,
     "p3":33},
    {"p1":31,
     "p2":32,
     "p3":33},
    {"p1":18,
     "p2":27,
     "p3":28},
    {"p1":18,
     "p2":24,
     "p3":27},
    {"p1":30,
     "p2":33,
     "p3":34},
    {"p1":34,
     "p2":35,
     "p3":36},
    {"p1":30,
     "p2":34,
     "p3":36},
    {"p1":24,
     "p2":25,
     "p3":26},
    {"p1":24,
     "p2":26,
     "p3":27}]
}