{"points":[
    {"x":0.0028736,
     "y":0.50287},
    {"x":0.064655,
     "y":0.54454},
    {"x":0.13362,
     "y":0.57184},
    {"x":0.20259,
     "y":0.59052},
    {"x":0.27155,
     "y":0.58477},
    {"x":0.34052,
     "y":0.58764},
    {"x":0.40948,
     "y":0.58908},
    {"x":0.47845,
     "y":0.59483},
    {"x":0.54598,
     "y":0.61063},
    {"x":0.61351,
     "y":0.59339},
    {"x":0.68103,
     "y":0.60776},
    {"x":0.73851,
     "y":0.64799},
    {"x":0.71695,
     "y":0.71121},
    {"x":0.66092,
     "y":0.74282},
    {"x":0.59626,
     "y":0.79023},
    {"x":0.57184,
     "y":0.86063},
    {"x":0.54454,
     "y":0.92816},
    {"x":0.49282,
     "y":0.97989},
    {"x":0.55891,
     "y":0.9569},
    {"x":0.5819,
     "y":0.96121},
    {"x":0.59339,
     "y":0.8908},
    {"x":0.63649,
     "y":0.91523},
    {"x":0.61782,
     "y":0.98563},
    {"x":0.66379,
     "y":0.93103},
    {"x":0.68678,
     "y":0.97701},
    {"x":0.74282,
     "y":1},
    {"x":0.77299,
     "y":0.94253},
    {"x":0.80747,
     "y":0.9727},
    {"x":0.81897,
     "y":0.99856},
    {"x":0.83764,
     "y":0.94828},
    {"x":0.80891,
     "y":0.87787},
    {"x":0.83477,
     "y":0.85632},
    {"x":0.86638,
     "y":0.84339},
    {"x":0.87931,
     "y":0.84052},
    {"x":0.87069,
     "y":0.77155},
    {"x":0.91379,
     "y":0.78305},
    {"x":0.94828,
     "y":0.83477},
    {"x":0.95402,
     "y":0.88937},
    {"x":0.97557,
     "y":0.83046},
    {"x":0.96408,
     "y":0.77443},
    {"x":0.92385,
     "y":0.72989},
    {"x":0.89368,
     "y":0.68103},
    {"x":0.93822,
     "y":0.6523},
    {"x":0.97845,
     "y":0.5977},
    {"x":0.92098,
     "y":0.57328},
    {"x":0.85057,
     "y":0.55747},
    {"x":0.79598,
     "y":0.53017},
    {"x":0.79023,
     "y":0.47557},
    {"x":0.76437,
     "y":0.43247},
    {"x":0.72414,
     "y":0.39511},
    {"x":0.6796,
     "y":0.37931},
    {"x":0.63075,
     "y":0.35057},
    {"x":0.66236,
     "y":0.28592},
    {"x":0.69253,
     "y":0.22126},
    {"x":0.7069,
     "y":0.15086},
    {"x":0.75,
     "y":0.083333},
    {"x":0.7773,
     "y":0.04454},
    {"x":0.71264,
     "y":0.060345},
    {"x":0.67816,
     "y":0.061782},
    {"x":0.68247,
     "y":0.12787},
    {"x":0.65374,
     "y":0.19684},
    {"x":0.61782,
     "y":0.26006},
    {"x":0.60489,
     "y":0.19253},
    {"x":0.58046,
     "y":0.12356},
    {"x":0.61207,
     "y":0.057471},
    {"x":0.61207,
     "y":0.014368},
    {"x":0.55316,
     "y":0.047414},
    {"x":0.53017,
     "y":0.063218},
    {"x":0.55316,
     "y":0.13362},
    {"x":0.56178,
     "y":0.20402},
    {"x":0.56034,
     "y":0.27443},
    {"x":0.54741,
     "y":0.34339},
    {"x":0.47989,
     "y":0.32615},
    {"x":0.41092,
     "y":0.31178},
    {"x":0.34052,
     "y":0.32184},
    {"x":0.27443,
     "y":0.34626},
    {"x":0.2342,
     "y":0.30172},
    {"x":0.20259,
     "y":0.23276},
    {"x":0.20115,
     "y":0.16236},
    {"x":0.23276,
     "y":0.091954},
    {"x":0.28879,
     "y":0.031609},
    {"x":0.26006,
     "y":0},
    {"x":0.21408,
     "y":0.031609},
    {"x":0.1954,
     "y":0.056034},
    {"x":0.18103,
     "y":0.12644},
    {"x":0.1408,
     "y":0.19253},
    {"x":0.14368,
     "y":0.26149},
    {"x":0.11925,
     "y":0.27011},
    {"x":0.077586,
     "y":0.20546},
    {"x":0.08046,
     "y":0.13506},
    {"x":0.12356,
     "y":0.073276},
    {"x":0.11638,
     "y":0.041667},
    {"x":0.066092,
     "y":0.068966},
    {"x":0.04023,
     "y":0.086207},
    {"x":0.047414,
     "y":0.15517},
    {"x":0.041667,
     "y":0.22557},
    {"x":0.047414,
     "y":0.2931},
    {"x":0.1092,
     "y":0.34339},
    {"x":0.086207,
     "y":0.41092},
    {"x":0.061782,
     "y":0.47557},
    {"x":0.028736,
     "y":0.4727},
    {"x":0,
     "y":0.47845},
    {"x":0.0028736,
     "y":0.50287}],
 "triangles":[
    {"p1":8,
     "p2":9,
     "p3":71},
    {"p1":16,
     "p2":17,
     "p3":18},
    {"p1":0,
     "p2":1,
     "p3":99},
    {"p1":1,
     "p2":2,
     "p3":99},
    {"p1":2,
     "p2":98,
     "p3":99},
    {"p1":87,
     "p2":95,
     "p3":96},
    {"p1":9,
     "p2":49,
     "p3":50},
    {"p1":87,
     "p2":96,
     "p3":97},
    {"p1":36,
     "p2":37,
     "p3":38},
    {"p1":9,
     "p2":48,
     "p3":49},
    {"p1":9,
     "p2":10,
     "p3":48},
    {"p1":79,
     "p2":80,
     "p3":82},
    {"p1":80,
     "p2":81,
     "p3":82},
    {"p1":16,
     "p2":18,
     "p3":19},
    {"p1":0,
     "p2":100,
     "p3":101},
    {"p1":0,
     "p2":99,
     "p3":100},
    {"p1":88,
     "p2":94,
     "p3":95},
    {"p1":87,
     "p2":88,
     "p3":95},
    {"p1":88,
     "p2":89,
     "p3":94},
    {"p1":89,
     "p2":93,
     "p3":94},
    {"p1":9,
     "p2":51,
     "p3":71},
    {"p1":9,
     "p2":50,
     "p3":51},
    {"p1":7,
     "p2":8,
     "p3":71},
    {"p1":12,
     "p2":31,
     "p3":34},
    {"p1":10,
     "p2":46,
     "p3":47},
    {"p1":10,
     "p2":47,
     "p3":48},
    {"p1":79,
     "p2":82,
     "p3":83},
    {"p1":78,
     "p2":84,
     "p3":85},
    {"p1":78,
     "p2":79,
     "p3":84},
    {"p1":79,
     "p2":83,
     "p3":84},
    {"p1":89,
     "p2":92,
     "p3":93},
    {"p1":51,
     "p2":52,
     "p3":61},
    {"p1":21,
     "p2":22,
     "p3":23},
    {"p1":24,
     "p2":25,
     "p3":26},
    {"p1":23,
     "p2":24,
     "p3":26},
    {"p1":27,
     "p2":28,
     "p3":29},
    {"p1":26,
     "p2":27,
     "p3":29},
    {"p1":32,
     "p2":33,
     "p3":34},
    {"p1":31,
     "p2":32,
     "p3":34},
    {"p1":13,
     "p2":21,
     "p3":23},
    {"p1":13,
     "p2":14,
     "p3":21},
    {"p1":23,
     "p2":26,
     "p3":30},
    {"p1":26,
     "p2":29,
     "p3":30},
    {"p1":13,
     "p2":23,
     "p3":30},
    {"p1":12,
     "p2":30,
     "p3":31},
    {"p1":12,
     "p2":13,
     "p3":30},
    {"p1":10,
     "p2":11,
     "p3":46},
    {"p1":11,
     "p2":45,
     "p3":46},
    {"p1":36,
     "p2":38,
     "p3":39},
    {"p1":35,
     "p2":36,
     "p3":39},
    {"p1":41,
     "p2":44,
     "p3":45},
    {"p1":11,
     "p2":41,
     "p3":45},
    {"p1":12,
     "p2":34,
     "p3":41},
    {"p1":11,
     "p2":12,
     "p3":41},
    {"p1":90,
     "p2":91,
     "p3":92},
    {"p1":89,
     "p2":90,
     "p3":92},
    {"p1":51,
     "p2":70,
     "p3":71},
    {"p1":51,
     "p2":61,
     "p3":70},
    {"p1":7,
     "p2":71,
     "p3":72},
    {"p1":5,
     "p2":6,
     "p3":74},
    {"p1":6,
     "p2":73,
     "p3":74},
    {"p1":6,
     "p2":72,
     "p3":73},
    {"p1":6,
     "p2":7,
     "p3":72},
    {"p1":77,
     "p2":78,
     "p3":85},
    {"p1":16,
     "p2":19,
     "p3":20},
    {"p1":15,
     "p2":16,
     "p3":20},
    {"p1":14,
     "p2":15,
     "p3":20},
    {"p1":14,
     "p2":20,
     "p3":21},
    {"p1":42,
     "p2":43,
     "p3":44},
    {"p1":41,
     "p2":42,
     "p3":44},
    {"p1":35,
     "p2":39,
     "p3":40},
    {"p1":34,
     "p2":35,
     "p3":40},
    {"p1":34,
     "p2":40,
     "p3":41},
    {"p1":53,
     "p2":54,
     "p3":60},
    {"p1":52,
     "p2":53,
     "p3":61},
    {"p1":53,
     "p2":60,
     "p3":61},
    {"p1":64,
     "p2":65,
     "p3":66},
    {"p1":77,
     "p2":85,
     "p3":86},
    {"p1":76,
     "p2":77,
     "p3":86},
    {"p1":86,
     "p2":87,
     "p3":97},
    {"p1":76,
     "p2":86,
     "p3":97},
    {"p1":2,
     "p2":3,
     "p3":98},
    {"p1":5,
     "p2":74,
     "p3":75},
    {"p1":4,
     "p2":5,
     "p3":75},
    {"p1":75,
     "p2":97,
     "p3":98},
    {"p1":75,
     "p2":76,
     "p3":97},
    {"p1":3,
     "p2":75,
     "p3":98},
    {"p1":3,
     "p2":4,
     "p3":75},
    {"p1":54,
     "p2":59,
     "p3":60},
    {"p1":62,
     "p2":68,
     "p3":69},
    {"p1":61,
     "p2":62,
     "p3":69},
    {"p1":61,
     "p2":69,
     "p3":70},
    {"p1":55,
     "p2":56,
     "p3":57},
    {"p1":54,
     "p2":55,
     "p3":59},
    {"p1":55,
     "p2":57,
     "p3":59},
    {"p1":57,
     "p2":58,
     "p3":59},
    {"p1":62,
     "p2":63,
     "p3":68},
    {"p1":63,
     "p2":64,
     "p3":66},
    {"p1":63,
     "p2":66,
     "p3":67},
    {"p1":63,
     "p2":67,
     "p3":68}]
}