{"points":[
    {"x":0.090634,
     "y":0.55891},
    {"x":0.099698,
     "y":0.58912},
    {"x":0.14804,
     "y":0.58912},
    {"x":0.19033,
     "y":0.60725},
    {"x":0.23565,
     "y":0.63746},
    {"x":0.21752,
     "y":0.65861},
    {"x":0.17221,
     "y":0.6435},
    {"x":0.12991,
     "y":0.62538},
    {"x":0.090634,
     "y":0.60423},
    {"x":0.042296,
     "y":0.61027},
    {"x":0,
     "y":0.61934},
    {"x":0.036254,
     "y":0.64048},
    {"x":0.081571,
     "y":0.6435},
    {"x":0.12991,
     "y":0.65257},
    {"x":0.17221,
     "y":0.67674},
    {"x":0.21148,
     "y":0.70997},
    {"x":0.25076,
     "y":0.71299},
    {"x":0.29305,
     "y":0.67976},
    {"x":0.32628,
     "y":0.70091},
    {"x":0.34441,
     "y":0.7432},
    {"x":0.36254,
     "y":0.79154},
    {"x":0.38973,
     "y":0.83686},
    {"x":0.42296,
     "y":0.86707},
    {"x":0.45619,
     "y":0.83988},
    {"x":0.49547,
     "y":0.81571},
    {"x":0.54079,
     "y":0.77946},
    {"x":0.58006,
     "y":0.73716},
    {"x":0.61027,
     "y":0.69486},
    {"x":0.63142,
     "y":0.65257},
    {"x":0.65559,
     "y":0.61027},
    {"x":0.68882,
     "y":0.57402},
    {"x":0.71299,
     "y":0.53776},
    {"x":0.73112,
     "y":0.49547},
    {"x":0.77644,
     "y":0.50453},
    {"x":0.80665,
     "y":0.54985},
    {"x":0.83082,
     "y":0.59517},
    {"x":0.84894,
     "y":0.6435},
    {"x":0.84894,
     "y":0.69184},
    {"x":0.84894,
     "y":0.74018},
    {"x":0.87915,
     "y":0.74622},
    {"x":0.90634,
     "y":0.75227},
    {"x":0.88218,
     "y":0.70695},
    {"x":0.87915,
     "y":0.66465},
    {"x":0.90937,
     "y":0.69789},
    {"x":0.91239,
     "y":0.66767},
    {"x":0.88218,
     "y":0.63142},
    {"x":0.90332,
     "y":0.58912},
    {"x":0.93656,
     "y":0.61631},
    {"x":0.93958,
     "y":0.66465},
    {"x":0.96073,
     "y":0.68882},
    {"x":1,
     "y":0.70393},
    {"x":0.97583,
     "y":0.66163},
    {"x":0.99698,
     "y":0.66163},
    {"x":0.98489,
     "y":0.6284},
    {"x":0.97281,
     "y":0.59215},
    {"x":0.9577,
     "y":0.54985},
    {"x":0.95166,
     "y":0.51057},
    {"x":0.94864,
     "y":0.46224},
    {"x":0.9577,
     "y":0.41692},
    {"x":0.91541,
     "y":0.40785},
    {"x":0.87009,
     "y":0.429},
    {"x":0.8429,
     "y":0.39577},
    {"x":0.80967,
     "y":0.35045},
    {"x":0.76435,
     "y":0.33837},
    {"x":0.72508,
     "y":0.32931},
    {"x":0.73112,
     "y":0.29607},
    {"x":0.76133,
     "y":0.25982},
    {"x":0.78248,
     "y":0.22054},
    {"x":0.77946,
     "y":0.17523},
    {"x":0.78248,
     "y":0.12991},
    {"x":0.78248,
     "y":0.087613},
    {"x":0.78248,
     "y":0.042296},
    {"x":0.77341,
     "y":0},
    {"x":0.7432,
     "y":0.036254},
    {"x":0.74622,
     "y":0.081571},
    {"x":0.74018,
     "y":0.12991},
    {"x":0.74924,
     "y":0.17221},
    {"x":0.7432,
     "y":0.2145},
    {"x":0.70695,
     "y":0.25378},
    {"x":0.70091,
     "y":0.21148},
    {"x":0.69486,
     "y":0.16616},
    {"x":0.6858,
     "y":0.11782},
    {"x":0.68882,
     "y":0.072508},
    {"x":0.68278,
     "y":0.024169},
    {"x":0.65257,
     "y":0.030211},
    {"x":0.64955,
     "y":0.075529},
    {"x":0.64955,
     "y":0.12085},
    {"x":0.65861,
     "y":0.16918},
    {"x":0.66163,
     "y":0.21148},
    {"x":0.6435,
     "y":0.25378},
    {"x":0.61027,
     "y":0.29305},
    {"x":0.57704,
     "y":0.33233},
    {"x":0.55589,
     "y":0.3716},
    {"x":0.54079,
     "y":0.41692},
    {"x":0.49849,
     "y":0.45015},
    {"x":0.45921,
     "y":0.4864},
    {"x":0.44109,
     "y":0.5287},
    {"x":0.39879,
     "y":0.54079},
    {"x":0.3565,
     "y":0.55891},
    {"x":0.30816,
     "y":0.59517},
    {"x":0.26586,
     "y":0.61027},
    {"x":0.22054,
     "y":0.59215},
    {"x":0.17523,
     "y":0.56798},
    {"x":0.12991,
     "y":0.56193},
    {"x":0.090634,
     "y":0.55891}],
 "triangles":[
    {"p1":5,
     "p2":15,
     "p3":16},
    {"p1":9,
     "p2":10,
     "p3":11},
    {"p1":0,
     "p2":1,
     "p3":103},
    {"p1":32,
     "p2":64,
     "p3":92},
    {"p1":64,
     "p2":91,
     "p3":92},
    {"p1":18,
     "p2":19,
     "p3":25},
    {"p1":64,
     "p2":90,
     "p3":91},
    {"p1":64,
     "p2":89,
     "p3":90},
    {"p1":32,
     "p2":63,
     "p3":64},
    {"p1":32,
     "p2":61,
     "p3":63},
    {"p1":61,
     "p2":62,
     "p3":63},
    {"p1":2,
     "p2":102,
     "p3":103},
    {"p1":1,
     "p2":2,
     "p3":103},
    {"p1":39,
     "p2":40,
     "p3":41},
    {"p1":37,
     "p2":38,
     "p3":41},
    {"p1":38,
     "p2":39,
     "p3":41},
    {"p1":49,
     "p2":50,
     "p3":51},
    {"p1":29,
     "p2":94,
     "p3":95},
    {"p1":30,
     "p2":31,
     "p3":93},
    {"p1":29,
     "p2":30,
     "p3":93},
    {"p1":29,
     "p2":93,
     "p3":94},
    {"p1":31,
     "p2":32,
     "p3":93},
    {"p1":32,
     "p2":92,
     "p3":93},
    {"p1":19,
     "p2":24,
     "p3":25},
    {"p1":18,
     "p2":96,
     "p3":97},
    {"p1":28,
     "p2":29,
     "p3":96},
    {"p1":29,
     "p2":95,
     "p3":96},
    {"p1":18,
     "p2":25,
     "p3":96},
    {"p1":25,
     "p2":26,
     "p3":96},
    {"p1":66,
     "p2":77,
     "p3":78},
    {"p1":66,
     "p2":67,
     "p3":77},
    {"p1":67,
     "p2":68,
     "p3":77},
    {"p1":69,
     "p2":70,
     "p3":75},
    {"p1":78,
     "p2":88,
     "p3":89},
    {"p1":78,
     "p2":79,
     "p3":88},
    {"p1":65,
     "p2":66,
     "p3":78},
    {"p1":65,
     "p2":78,
     "p3":89},
    {"p1":64,
     "p2":65,
     "p3":89},
    {"p1":34,
     "p2":46,
     "p3":56},
    {"p1":34,
     "p2":56,
     "p3":60},
    {"p1":9,
     "p2":11,
     "p3":12},
    {"p1":8,
     "p2":9,
     "p3":12},
    {"p1":6,
     "p2":13,
     "p3":14},
    {"p1":5,
     "p2":14,
     "p3":15},
    {"p1":5,
     "p2":6,
     "p3":14},
    {"p1":6,
     "p2":7,
     "p3":13},
    {"p1":7,
     "p2":8,
     "p3":12},
    {"p1":7,
     "p2":12,
     "p3":13},
    {"p1":18,
     "p2":97,
     "p3":98},
    {"p1":18,
     "p2":98,
     "p3":99},
    {"p1":17,
     "p2":18,
     "p3":99},
    {"p1":5,
     "p2":16,
     "p3":17},
    {"p1":51,
     "p2":52,
     "p3":53},
    {"p1":19,
     "p2":20,
     "p3":24},
    {"p1":27,
     "p2":28,
     "p3":96},
    {"p1":26,
     "p2":27,
     "p3":96},
    {"p1":79,
     "p2":80,
     "p3":88},
    {"p1":70,
     "p2":74,
     "p3":75},
    {"p1":70,
     "p2":71,
     "p3":74},
    {"p1":46,
     "p2":55,
     "p3":56},
    {"p1":57,
     "p2":59,
     "p3":60},
    {"p1":56,
     "p2":57,
     "p3":60},
    {"p1":57,
     "p2":58,
     "p3":59},
    {"p1":33,
     "p2":34,
     "p3":60},
    {"p1":32,
     "p2":33,
     "p3":61},
    {"p1":33,
     "p2":60,
     "p3":61},
    {"p1":35,
     "p2":36,
     "p3":45},
    {"p1":34,
     "p2":35,
     "p3":46},
    {"p1":35,
     "p2":45,
     "p3":46},
    {"p1":17,
     "p2":99,
     "p3":100},
    {"p1":3,
     "p2":101,
     "p3":102},
    {"p1":2,
     "p2":3,
     "p3":102},
    {"p1":48,
     "p2":49,
     "p3":51},
    {"p1":42,
     "p2":44,
     "p3":45},
    {"p1":36,
     "p2":42,
     "p3":45},
    {"p1":36,
     "p2":37,
     "p3":42},
    {"p1":37,
     "p2":41,
     "p3":42},
    {"p1":42,
     "p2":43,
     "p3":44},
    {"p1":20,
     "p2":21,
     "p3":23},
    {"p1":20,
     "p2":23,
     "p3":24},
    {"p1":21,
     "p2":22,
     "p3":23},
    {"p1":68,
     "p2":76,
     "p3":77},
    {"p1":68,
     "p2":69,
     "p3":76},
    {"p1":69,
     "p2":75,
     "p3":76},
    {"p1":71,
     "p2":73,
     "p3":74},
    {"p1":71,
     "p2":72,
     "p3":73},
    {"p1":4,
     "p2":5,
     "p3":17},
    {"p1":4,
     "p2":17,
     "p3":100},
    {"p1":4,
     "p2":100,
     "p3":101},
    {"p1":3,
     "p2":4,
     "p3":101},
    {"p1":47,
     "p2":51,
     "p3":53},
    {"p1":47,
     "p2":48,
     "p3":51},
    {"p1":47,
     "p2":53,
     "p3":54},
    {"p1":46,
     "p2":47,
     "p3":55},
    {"p1":47,
     "p2":54,
     "p3":55},
    {"p1":80,
     "p2":87,
     "p3":88},
    {"p1":82,
     "p2":83,
     "p3":84},
    {"p1":82,
     "p2":84,
     "p3":85},
    {"p1":81,
     "p2":85,
     "p3":86},
    {"p1":81,
     "p2":82,
     "p3":85},
    {"p1":80,
     "p2":81,
     "p3":87},
    {"p1":81,
     "p2":86,
     "p3":87}]
}