{"points":[
    {"x":0.20755,
     "y":0.55031},
    {"x":0.1761,
     "y":0.59119},
    {"x":0.13679,
     "y":0.6195},
    {"x":0.08805,
     "y":0.62421},
    {"x":0.040881,
     "y":0.61635},
    {"x":0,
     "y":0.64623},
    {"x":0.028302,
     "y":0.68553},
    {"x":0.075472,
     "y":0.72013},
    {"x":0.12107,
     "y":0.75943},
    {"x":0.16824,
     "y":0.79245},
    {"x":0.21698,
     "y":0.79245},
    {"x":0.24214,
     "y":0.8239},
    {"x":0.22642,
     "y":0.87264},
    {"x":0.25943,
     "y":0.89308},
    {"x":0.26887,
     "y":0.84434},
    {"x":0.31289,
     "y":0.86635},
    {"x":0.33333,
     "y":0.91352},
    {"x":0.34277,
     "y":0.94969},
    {"x":0.36478,
     "y":0.91981},
    {"x":0.38679,
     "y":0.95597},
    {"x":0.39623,
     "y":1},
    {"x":0.41667,
     "y":0.97799},
    {"x":0.44811,
     "y":0.96226},
    {"x":0.41195,
     "y":0.93239},
    {"x":0.37107,
     "y":0.88679},
    {"x":0.33491,
     "y":0.83805},
    {"x":0.30346,
     "y":0.78931},
    {"x":0.2783,
     "y":0.74371},
    {"x":0.31132,
     "y":0.70597},
    {"x":0.36006,
     "y":0.69025},
    {"x":0.40881,
     "y":0.6934},
    {"x":0.45755,
     "y":0.69182},
    {"x":0.50629,
     "y":0.67453},
    {"x":0.55346,
     "y":0.65094},
    {"x":0.6022,
     "y":0.63208},
    {"x":0.65094,
     "y":0.62579},
    {"x":0.69969,
     "y":0.62736},
    {"x":0.74843,
     "y":0.63208},
    {"x":0.7956,
     "y":0.62421},
    {"x":0.84119,
     "y":0.60377},
    {"x":0.88836,
     "y":0.58491},
    {"x":0.92296,
     "y":0.54088},
    {"x":0.91509,
     "y":0.49214},
    {"x":0.91352,
     "y":0.4434},
    {"x":0.90409,
     "y":0.39465},
    {"x":0.89623,
     "y":0.34591},
    {"x":0.91509,
     "y":0.29717},
    {"x":0.94182,
     "y":0.25},
    {"x":0.94811,
     "y":0.20126},
    {"x":0.95126,
     "y":0.15252},
    {"x":0.96226,
     "y":0.10377},
    {"x":0.96698,
     "y":0.059748},
    {"x":0.96069,
     "y":0.02673},
    {"x":0.91195,
     "y":0.02044},
    {"x":0.92453,
     "y":0.066038},
    {"x":0.92767,
     "y":0.11478},
    {"x":0.91981,
     "y":0.16352},
    {"x":0.8978,
     "y":0.21226},
    {"x":0.87107,
     "y":0.25786},
    {"x":0.87579,
     "y":0.21226},
    {"x":0.87893,
     "y":0.16352},
    {"x":0.85377,
     "y":0.16195},
    {"x":0.83648,
     "y":0.11478},
    {"x":0.82075,
     "y":0.066038},
    {"x":0.78931,
     "y":0.031447},
    {"x":0.75472,
     "y":0.012579},
    {"x":0.72799,
     "y":0.031447},
    {"x":0.77044,
     "y":0.062893},
    {"x":0.80031,
     "y":0.11006},
    {"x":0.81289,
     "y":0.15881},
    {"x":0.80975,
     "y":0.20755},
    {"x":0.79088,
     "y":0.25472},
    {"x":0.76415,
     "y":0.30031},
    {"x":0.74843,
     "y":0.34906},
    {"x":0.71698,
     "y":0.37579},
    {"x":0.66981,
     "y":0.34591},
    {"x":0.62421,
     "y":0.34591},
    {"x":0.57547,
     "y":0.34591},
    {"x":0.52673,
     "y":0.36006},
    {"x":0.48428,
     "y":0.35535},
    {"x":0.49057,
     "y":0.3066},
    {"x":0.49214,
     "y":0.25786},
    {"x":0.49371,
     "y":0.20912},
    {"x":0.50314,
     "y":0.16038},
    {"x":0.51415,
     "y":0.11164},
    {"x":0.51887,
     "y":0.062893},
    {"x":0.51572,
     "y":0.02044},
    {"x":0.47484,
     "y":0},
    {"x":0.43868,
     "y":0.015723},
    {"x":0.4261,
     "y":0.042453},
    {"x":0.44182,
     "y":0.091195},
    {"x":0.44811,
     "y":0.13994},
    {"x":0.44811,
     "y":0.18868},
    {"x":0.43239,
     "y":0.23742},
    {"x":0.42296,
     "y":0.27673},
    {"x":0.41195,
     "y":0.32547},
    {"x":0.38208,
     "y":0.36321},
    {"x":0.34434,
     "y":0.39937},
    {"x":0.31289,
     "y":0.44497},
    {"x":0.26887,
     "y":0.4827},
    {"x":0.22956,
     "y":0.51887},
    {"x":0.20755,
     "y":0.55031}],
 "triangles":[
    {"p1":4,
     "p2":5,
     "p3":6},
    {"p1":79,
     "p2":96,
     "p3":97},
    {"p1":80,
     "p2":81,
     "p3":94},
    {"p1":81,
     "p2":93,
     "p3":94},
    {"p1":82,
     "p2":92,
     "p3":93},
    {"p1":81,
     "p2":82,
     "p3":93},
    {"p1":50,
     "p2":51,
     "p3":54},
    {"p1":50,
     "p2":54,
     "p3":55},
    {"p1":51,
     "p2":52,
     "p3":54},
    {"p1":52,
     "p2":53,
     "p3":54},
    {"p1":0,
     "p2":29,
     "p3":100},
    {"p1":29,
     "p2":99,
     "p3":100},
    {"p1":29,
     "p2":98,
     "p3":99},
    {"p1":79,
     "p2":97,
     "p3":98},
    {"p1":2,
     "p2":3,
     "p3":7},
    {"p1":3,
     "p2":4,
     "p3":6},
    {"p1":3,
     "p2":6,
     "p3":7},
    {"p1":0,
     "p2":28,
     "p3":29},
    {"p1":79,
     "p2":95,
     "p3":96},
    {"p1":79,
     "p2":80,
     "p3":95},
    {"p1":80,
     "p2":94,
     "p3":95},
    {"p1":33,
     "p2":79,
     "p3":98},
    {"p1":32,
     "p2":33,
     "p3":98},
    {"p1":34,
     "p2":35,
     "p3":76},
    {"p1":35,
     "p2":74,
     "p3":76},
    {"p1":16,
     "p2":18,
     "p3":24},
    {"p1":16,
     "p2":17,
     "p3":18},
    {"p1":15,
     "p2":16,
     "p3":24},
    {"p1":29,
     "p2":30,
     "p3":98},
    {"p1":2,
     "p2":7,
     "p3":8},
    {"p1":0,
     "p2":1,
     "p3":28},
    {"p1":34,
     "p2":76,
     "p3":77},
    {"p1":62,
     "p2":68,
     "p3":69},
    {"p1":62,
     "p2":63,
     "p3":68},
    {"p1":84,
     "p2":90,
     "p3":91},
    {"p1":83,
     "p2":84,
     "p3":91},
    {"p1":82,
     "p2":83,
     "p3":92},
    {"p1":83,
     "p2":91,
     "p3":92},
    {"p1":43,
     "p2":73,
     "p3":74},
    {"p1":37,
     "p2":38,
     "p3":74},
    {"p1":38,
     "p2":39,
     "p3":74},
    {"p1":42,
     "p2":43,
     "p3":74},
    {"p1":39,
     "p2":42,
     "p3":74},
    {"p1":39,
     "p2":40,
     "p3":42},
    {"p1":40,
     "p2":41,
     "p3":42},
    {"p1":36,
     "p2":37,
     "p3":74},
    {"p1":35,
     "p2":36,
     "p3":74},
    {"p1":15,
     "p2":24,
     "p3":25},
    {"p1":12,
     "p2":13,
     "p3":14},
    {"p1":14,
     "p2":25,
     "p3":26},
    {"p1":14,
     "p2":15,
     "p3":25},
    {"p1":31,
     "p2":32,
     "p3":98},
    {"p1":30,
     "p2":31,
     "p3":98},
    {"p1":2,
     "p2":8,
     "p3":27},
    {"p1":1,
     "p2":2,
     "p3":27},
    {"p1":1,
     "p2":27,
     "p3":28},
    {"p1":34,
     "p2":77,
     "p3":78},
    {"p1":33,
     "p2":78,
     "p3":79},
    {"p1":33,
     "p2":34,
     "p3":78},
    {"p1":65,
     "p2":66,
     "p3":67},
    {"p1":64,
     "p2":65,
     "p3":67},
    {"p1":63,
     "p2":64,
     "p3":67},
    {"p1":63,
     "p2":67,
     "p3":68},
    {"p1":84,
     "p2":85,
     "p3":90},
    {"p1":85,
     "p2":89,
     "p3":90},
    {"p1":85,
     "p2":86,
     "p3":87},
    {"p1":85,
     "p2":87,
     "p3":88},
    {"p1":85,
     "p2":88,
     "p3":89},
    {"p1":19,
     "p2":20,
     "p3":21},
    {"p1":74,
     "p2":75,
     "p3":76},
    {"p1":45,
     "p2":72,
     "p3":73},
    {"p1":49,
     "p2":50,
     "p3":55},
    {"p1":11,
     "p2":12,
     "p3":14},
    {"p1":11,
     "p2":14,
     "p3":26},
    {"p1":18,
     "p2":23,
     "p3":24},
    {"p1":18,
     "p2":19,
     "p3":23},
    {"p1":21,
     "p2":22,
     "p3":23},
    {"p1":19,
     "p2":21,
     "p3":23},
    {"p1":43,
     "p2":44,
     "p3":73},
    {"p1":44,
     "p2":45,
     "p3":73},
    {"p1":49,
     "p2":55,
     "p3":56},
    {"p1":8,
     "p2":10,
     "p3":27},
    {"p1":10,
     "p2":26,
     "p3":27},
    {"p1":10,
     "p2":11,
     "p3":26},
    {"p1":48,
     "p2":49,
     "p3":56},
    {"p1":8,
     "p2":9,
     "p3":10},
    {"p1":46,
     "p2":47,
     "p3":58},
    {"p1":45,
     "p2":46,
     "p3":58},
    {"p1":58,
     "p2":70,
     "p3":71},
    {"p1":58,
     "p2":59,
     "p3":70},
    {"p1":58,
     "p2":71,
     "p3":72},
    {"p1":45,
     "p2":58,
     "p3":72},
    {"p1":61,
     "p2":62,
     "p3":69},
    {"p1":61,
     "p2":69,
     "p3":70},
    {"p1":59,
     "p2":61,
     "p3":70},
    {"p1":48,
     "p2":56,
     "p3":57},
    {"p1":47,
     "p2":48,
     "p3":57},
    {"p1":47,
     "p2":57,
     "p3":58},
    {"p1":59,
     "p2":60,
     "p3":61}]
}