{"points":[
    {"x":0.022956,
     "y":0.50215},
    {"x":0.068867,
     "y":0.55954},
    {"x":0.13486,
     "y":0.58393},
    {"x":0.2023,
     "y":0.58824},
    {"x":0.27116,
     "y":0.58393},
    {"x":0.33716,
     "y":0.58824},
    {"x":0.40603,
     "y":0.58967},
    {"x":0.47202,
     "y":0.60689},
    {"x":0.53945,
     "y":0.60402},
    {"x":0.60402,
     "y":0.59541},
    {"x":0.67001,
     "y":0.61836},
    {"x":0.70301,
     "y":0.67001},
    {"x":0.66714,
     "y":0.73027},
    {"x":0.59828,
     "y":0.75466},
    {"x":0.54663,
     "y":0.81205},
    {"x":0.52941,
     "y":0.88092},
    {"x":0.48637,
     "y":0.93687},
    {"x":0.47059,
     "y":0.96844},
    {"x":0.52941,
     "y":0.97274},
    {"x":0.54232,
     "y":0.94405},
    {"x":0.56241,
     "y":0.87518},
    {"x":0.59684,
     "y":0.92683},
    {"x":0.5911,
     "y":0.98422},
    {"x":0.63558,
     "y":0.9297},
    {"x":0.6571,
     "y":0.97848},
    {"x":0.71162,
     "y":1},
    {"x":0.73888,
     "y":0.93544},
    {"x":0.76471,
     "y":0.97561},
    {"x":0.78049,
     "y":1},
    {"x":0.79914,
     "y":0.94548},
    {"x":0.77044,
     "y":0.87661},
    {"x":0.79627,
     "y":0.85653},
    {"x":0.82783,
     "y":0.83931},
    {"x":0.84218,
     "y":0.84362},
    {"x":0.8264,
     "y":0.77475},
    {"x":0.87231,
     "y":0.7891},
    {"x":0.91392,
     "y":0.82927},
    {"x":0.91248,
     "y":0.87948},
    {"x":0.93687,
     "y":0.84075},
    {"x":0.93831,
     "y":0.77762},
    {"x":0.87661,
     "y":0.73745},
    {"x":0.86944,
     "y":0.68436},
    {"x":0.88235,
     "y":0.6571},
    {"x":0.93974,
     "y":0.61549},
    {"x":0.901,
     "y":0.56671},
    {"x":0.83357,
     "y":0.56098},
    {"x":0.76901,
     "y":0.54232},
    {"x":0.75753,
     "y":0.49498},
    {"x":0.73601,
     "y":0.44907},
    {"x":0.70445,
     "y":0.41176},
    {"x":0.66714,
     "y":0.37303},
    {"x":0.61263,
     "y":0.3759},
    {"x":0.60689,
     "y":0.31564},
    {"x":0.64706,
     "y":0.25395},
    {"x":0.65854,
     "y":0.18508},
    {"x":0.68436,
     "y":0.11621},
    {"x":0.74175,
     "y":0.064562},
    {"x":0.70732,
     "y":0.040172},
    {"x":0.66141,
     "y":0.061693},
    {"x":0.64132,
     "y":0.088953},
    {"x":0.63702,
     "y":0.15495},
    {"x":0.60258,
     "y":0.22095},
    {"x":0.57389,
     "y":0.23816},
    {"x":0.5538,
     "y":0.17073},
    {"x":0.54376,
     "y":0.10187},
    {"x":0.59254,
     "y":0.044476},
    {"x":0.55524,
     "y":0.015782},
    {"x":0.50789,
     "y":0.047346},
    {"x":0.49785,
     "y":0.07891},
    {"x":0.51793,
     "y":0.14778},
    {"x":0.52367,
     "y":0.21664},
    {"x":0.5208,
     "y":0.28551},
    {"x":0.49928,
     "y":0.34146},
    {"x":0.43329,
     "y":0.32568},
    {"x":0.36585,
     "y":0.31133},
    {"x":0.29699,
     "y":0.32281},
    {"x":0.23386,
     "y":0.34864},
    {"x":0.19512,
     "y":0.29842},
    {"x":0.16356,
     "y":0.23099},
    {"x":0.16356,
     "y":0.16212},
    {"x":0.19369,
     "y":0.093257},
    {"x":0.24821,
     "y":0.032999},
    {"x":0.22669,
     "y":0},
    {"x":0.17934,
     "y":0.037303},
    {"x":0.15782,
     "y":0.04878},
    {"x":0.14921,
     "y":0.11765},
    {"x":0.10904,
     "y":0.18364},
    {"x":0.10187,
     "y":0.24964},
    {"x":0.093257,
     "y":0.27977},
    {"x":0.045911,
     "y":0.21951},
    {"x":0.041607,
     "y":0.15065},
    {"x":0.073171,
     "y":0.086083},
    {"x":0.097561,
     "y":0.043042},
    {"x":0.043042,
     "y":0.064562},
    {"x":0,
     "y":0.064562},
    {"x":0.0086083,
     "y":0.13199},
    {"x":0.0086083,
     "y":0.20086},
    {"x":0,
     "y":0.26973},
    {"x":0.050215,
     "y":0.32281},
    {"x":0.067432,
     "y":0.38451},
    {"x":0.032999,
     "y":0.4462},
    {"x":0.022956,
     "y":0.50215}],
 "triangles":[
    {"p1":1,
     "p2":2,
     "p3":100},
    {"p1":0,
     "p2":1,
     "p3":100},
    {"p1":27,
     "p2":28,
     "p3":29},
    {"p1":36,
     "p2":38,
     "p3":39},
    {"p1":35,
     "p2":36,
     "p3":39},
    {"p1":36,
     "p2":37,
     "p3":38},
    {"p1":35,
     "p2":39,
     "p3":40},
    {"p1":34,
     "p2":35,
     "p3":40},
    {"p1":2,
     "p2":99,
     "p3":100},
    {"p1":2,
     "p2":76,
     "p3":99},
    {"p1":15,
     "p2":16,
     "p3":19},
    {"p1":21,
     "p2":22,
     "p3":23},
    {"p1":42,
     "p2":43,
     "p3":44},
    {"p1":42,
     "p2":44,
     "p3":45},
    {"p1":4,
     "p2":5,
     "p3":76},
    {"p1":5,
     "p2":6,
     "p3":73},
    {"p1":2,
     "p2":3,
     "p3":76},
    {"p1":3,
     "p2":4,
     "p3":76},
    {"p1":14,
     "p2":15,
     "p3":20},
    {"p1":20,
     "p2":21,
     "p3":23},
    {"p1":15,
     "p2":19,
     "p3":20},
    {"p1":81,
     "p2":82,
     "p3":83},
    {"p1":13,
     "p2":14,
     "p3":20},
    {"p1":13,
     "p2":20,
     "p3":23},
    {"p1":6,
     "p2":72,
     "p3":73},
    {"p1":6,
     "p2":7,
     "p3":72},
    {"p1":63,
     "p2":69,
     "p3":70},
    {"p1":63,
     "p2":64,
     "p3":69},
    {"p1":64,
     "p2":66,
     "p3":67},
    {"p1":64,
     "p2":65,
     "p3":66},
    {"p1":16,
     "p2":17,
     "p3":18},
    {"p1":16,
     "p2":18,
     "p3":19},
    {"p1":23,
     "p2":26,
     "p3":30},
    {"p1":26,
     "p2":27,
     "p3":29},
    {"p1":26,
     "p2":29,
     "p3":30},
    {"p1":24,
     "p2":25,
     "p3":26},
    {"p1":23,
     "p2":24,
     "p3":26},
    {"p1":32,
     "p2":33,
     "p3":35},
    {"p1":31,
     "p2":32,
     "p3":34},
    {"p1":34,
     "p2":40,
     "p3":41},
    {"p1":11,
     "p2":34,
     "p3":41},
    {"p1":11,
     "p2":41,
     "p3":45},
    {"p1":41,
     "p2":42,
     "p3":45},
    {"p1":5,
     "p2":75,
     "p3":76},
    {"p1":88,
     "p2":98,
     "p3":99},
    {"p1":88,
     "p2":97,
     "p3":98},
    {"p1":49,
     "p2":50,
     "p3":51},
    {"p1":9,
     "p2":49,
     "p3":51},
    {"p1":11,
     "p2":45,
     "p3":46},
    {"p1":55,
     "p2":58,
     "p3":59},
    {"p1":55,
     "p2":57,
     "p3":58},
    {"p1":55,
     "p2":56,
     "p3":57},
    {"p1":11,
     "p2":12,
     "p3":34},
    {"p1":12,
     "p2":23,
     "p3":30},
    {"p1":12,
     "p2":13,
     "p3":23},
    {"p1":12,
     "p2":31,
     "p3":34},
    {"p1":12,
     "p2":30,
     "p3":31},
    {"p1":64,
     "p2":67,
     "p3":68},
    {"p1":64,
     "p2":68,
     "p3":69},
    {"p1":5,
     "p2":73,
     "p3":74},
    {"p1":5,
     "p2":74,
     "p3":75},
    {"p1":78,
     "p2":86,
     "p3":87},
    {"p1":78,
     "p2":87,
     "p3":88},
    {"p1":91,
     "p2":92,
     "p3":93},
    {"p1":93,
     "p2":94,
     "p3":95},
    {"p1":91,
     "p2":93,
     "p3":95},
    {"p1":89,
     "p2":96,
     "p3":97},
    {"p1":88,
     "p2":89,
     "p3":97},
    {"p1":53,
     "p2":54,
     "p3":61},
    {"p1":8,
     "p2":9,
     "p3":51},
    {"p1":8,
     "p2":51,
     "p3":72},
    {"p1":7,
     "p2":8,
     "p3":72},
    {"p1":9,
     "p2":47,
     "p3":48},
    {"p1":9,
     "p2":48,
     "p3":49},
    {"p1":9,
     "p2":10,
     "p3":47},
    {"p1":10,
     "p2":46,
     "p3":47},
    {"p1":10,
     "p2":11,
     "p3":46},
    {"p1":55,
     "p2":59,
     "p3":60},
    {"p1":54,
     "p2":55,
     "p3":60},
    {"p1":54,
     "p2":60,
     "p3":61},
    {"p1":62,
     "p2":70,
     "p3":71},
    {"p1":62,
     "p2":63,
     "p3":70},
    {"p1":53,
     "p2":61,
     "p3":62},
    {"p1":77,
     "p2":78,
     "p3":88},
    {"p1":76,
     "p2":77,
     "p3":99},
    {"p1":77,
     "p2":88,
     "p3":99},
    {"p1":80,
     "p2":81,
     "p3":83},
    {"p1":80,
     "p2":83,
     "p3":84},
    {"p1":90,
     "p2":95,
     "p3":96},
    {"p1":89,
     "p2":90,
     "p3":96},
    {"p1":90,
     "p2":91,
     "p3":95},
    {"p1":52,
     "p2":53,
     "p3":62},
    {"p1":52,
     "p2":62,
     "p3":71},
    {"p1":51,
     "p2":52,
     "p3":72},
    {"p1":52,
     "p2":71,
     "p3":72},
    {"p1":78,
     "p2":79,
     "p3":86},
    {"p1":80,
     "p2":84,
     "p3":85},
    {"p1":79,
     "p2":80,
     "p3":85},
    {"p1":79,
     "p2":85,
     "p3":86}]
}