{"points":[
    {"x":0.0059761,
     "y":0.47012},
    {"x":0.051793,
     "y":0.49801},
    {"x":0.10956,
     "y":0.5259},
    {"x":0.16534,
     "y":0.55578},
    {"x":0.22311,
     "y":0.57769},
    {"x":0.28088,
     "y":0.58566},
    {"x":0.33865,
     "y":0.58566},
    {"x":0.31673,
     "y":0.60558},
    {"x":0.25896,
     "y":0.62749},
    {"x":0.2012,
     "y":0.65936},
    {"x":0.15139,
     "y":0.70319},
    {"x":0.10757,
     "y":0.74104},
    {"x":0.11155,
     "y":0.77092},
    {"x":0.16932,
     "y":0.76295},
    {"x":0.22709,
     "y":0.76494},
    {"x":0.28486,
     "y":0.75896},
    {"x":0.34263,
     "y":0.73904},
    {"x":0.35657,
     "y":0.75697},
    {"x":0.33068,
     "y":0.80677},
    {"x":0.33865,
     "y":0.86255},
    {"x":0.33665,
     "y":0.92032},
    {"x":0.35458,
     "y":0.94422},
    {"x":0.39841,
     "y":0.89442},
    {"x":0.4502,
     "y":0.84064},
    {"x":0.49602,
     "y":0.79681},
    {"x":0.52988,
     "y":0.74303},
    {"x":0.55179,
     "y":0.68526},
    {"x":0.57171,
     "y":0.66534},
    {"x":0.57371,
     "y":0.72311},
    {"x":0.57769,
     "y":0.78088},
    {"x":0.59761,
     "y":0.83466},
    {"x":0.61952,
     "y":0.89243},
    {"x":0.64741,
     "y":0.94422},
    {"x":0.66733,
     "y":0.92032},
    {"x":0.67729,
     "y":0.86255},
    {"x":0.70518,
     "y":0.80478},
    {"x":0.70916,
     "y":0.74701},
    {"x":0.70518,
     "y":0.68924},
    {"x":0.73904,
     "y":0.70717},
    {"x":0.78884,
     "y":0.74303},
    {"x":0.84462,
     "y":0.75299},
    {"x":0.89841,
     "y":0.77092},
    {"x":0.89243,
     "y":0.73307},
    {"x":0.86056,
     "y":0.68127},
    {"x":0.83466,
     "y":0.6255},
    {"x":0.80478,
     "y":0.56773},
    {"x":0.76295,
     "y":0.51992},
    {"x":0.71116,
     "y":0.48207},
    {"x":0.71912,
     "y":0.46813},
    {"x":0.77689,
     "y":0.48406},
    {"x":0.83466,
     "y":0.49602},
    {"x":0.89243,
     "y":0.49004},
    {"x":0.9502,
     "y":0.48606},
    {"x":1,
     "y":0.47211},
    {"x":0.95618,
     "y":0.43825},
    {"x":0.90239,
     "y":0.4004},
    {"x":0.84462,
     "y":0.36255},
    {"x":0.78685,
     "y":0.34661},
    {"x":0.78287,
     "y":0.32072},
    {"x":0.84064,
     "y":0.29084},
    {"x":0.86853,
     "y":0.23705},
    {"x":0.90837,
     "y":0.18725},
    {"x":0.87649,
     "y":0.17928},
    {"x":0.81873,
     "y":0.19124},
    {"x":0.76096,
     "y":0.1992},
    {"x":0.70319,
     "y":0.20717},
    {"x":0.64741,
     "y":0.22908},
    {"x":0.59363,
     "y":0.26096},
    {"x":0.55378,
     "y":0.28088},
    {"x":0.58765,
     "y":0.22908},
    {"x":0.62151,
     "y":0.17331},
    {"x":0.63745,
     "y":0.11554},
    {"x":0.65139,
     "y":0.057769},
    {"x":0.66135,
     "y":0},
    {"x":0.62351,
     "y":0.015936},
    {"x":0.56972,
     "y":0.061753},
    {"x":0.51594,
     "y":0.095618},
    {"x":0.47809,
     "y":0.1494},
    {"x":0.44821,
     "y":0.1753},
    {"x":0.44422,
     "y":0.11753},
    {"x":0.40837,
     "y":0.069721},
    {"x":0.37251,
     "y":0.015936},
    {"x":0.34064,
     "y":0.0039841},
    {"x":0.33466,
     "y":0.061753},
    {"x":0.32669,
     "y":0.11952},
    {"x":0.31474,
     "y":0.17729},
    {"x":0.31474,
     "y":0.23506},
    {"x":0.32271,
     "y":0.29283},
    {"x":0.34064,
     "y":0.3506},
    {"x":0.31673,
     "y":0.33665},
    {"x":0.27888,
     "y":0.29084},
    {"x":0.23108,
     "y":0.24701},
    {"x":0.17928,
     "y":0.21315},
    {"x":0.1255,
     "y":0.18327},
    {"x":0.093625,
     "y":0.18725},
    {"x":0.12151,
     "y":0.24502},
    {"x":0.13546,
     "y":0.30279},
    {"x":0.16335,
     "y":0.36056},
    {"x":0.20916,
     "y":0.41633},
    {"x":0.17331,
     "y":0.42032},
    {"x":0.11554,
     "y":0.41633},
    {"x":0.057769,
     "y":0.44422},
    {"x":0,
     "y":0.46414},
    {"x":0.0059761,
     "y":0.47012}],
 "triangles":[
    {"p1":8,
     "p2":15,
     "p3":16},
    {"p1":71,
     "p2":72,
     "p3":75},
    {"p1":68,
     "p2":69,
     "p3":77},
    {"p1":52,
     "p2":53,
     "p3":54},
    {"p1":51,
     "p2":54,
     "p3":55},
    {"p1":51,
     "p2":52,
     "p3":54},
    {"p1":40,
     "p2":41,
     "p3":42},
    {"p1":11,
     "p2":12,
     "p3":13},
    {"p1":19,
     "p2":22,
     "p3":23},
    {"p1":2,
     "p2":100,
     "p3":101},
    {"p1":1,
     "p2":2,
     "p3":101},
    {"p1":0,
     "p2":1,
     "p3":101},
    {"p1":0,
     "p2":101,
     "p3":102},
    {"p1":4,
     "p2":5,
     "p3":98},
    {"p1":3,
     "p2":4,
     "p3":98},
    {"p1":7,
     "p2":8,
     "p3":16},
    {"p1":88,
     "p2":89,
     "p3":98},
    {"p1":89,
     "p2":90,
     "p3":98},
    {"p1":90,
     "p2":97,
     "p3":98},
    {"p1":90,
     "p2":91,
     "p3":97},
    {"p1":91,
     "p2":96,
     "p3":97},
    {"p1":91,
     "p2":92,
     "p3":96},
    {"p1":71,
     "p2":75,
     "p3":76},
    {"p1":72,
     "p2":73,
     "p3":74},
    {"p1":72,
     "p2":74,
     "p3":75},
    {"p1":58,
     "p2":64,
     "p3":65},
    {"p1":31,
     "p2":32,
     "p3":33},
    {"p1":10,
     "p2":11,
     "p3":13},
    {"p1":10,
     "p2":13,
     "p3":14},
    {"p1":18,
     "p2":19,
     "p3":23},
    {"p1":20,
     "p2":21,
     "p3":22},
    {"p1":19,
     "p2":20,
     "p3":22},
    {"p1":2,
     "p2":99,
     "p3":100},
    {"p1":3,
     "p2":98,
     "p3":99},
    {"p1":2,
     "p2":3,
     "p3":99},
    {"p1":92,
     "p2":95,
     "p3":96},
    {"p1":80,
     "p2":83,
     "p3":84},
    {"p1":79,
     "p2":80,
     "p3":84},
    {"p1":81,
     "p2":82,
     "p3":83},
    {"p1":80,
     "p2":81,
     "p3":83},
    {"p1":70,
     "p2":71,
     "p3":76},
    {"p1":69,
     "p2":70,
     "p3":77},
    {"p1":70,
     "p2":76,
     "p3":77},
    {"p1":57,
     "p2":58,
     "p3":67},
    {"p1":59,
     "p2":60,
     "p3":63},
    {"p1":58,
     "p2":59,
     "p3":64},
    {"p1":59,
     "p2":63,
     "p3":64},
    {"p1":40,
     "p2":42,
     "p3":43},
    {"p1":27,
     "p2":47,
     "p3":68},
    {"p1":6,
     "p2":68,
     "p3":88},
    {"p1":6,
     "p2":27,
     "p3":68},
    {"p1":6,
     "p2":88,
     "p3":98},
    {"p1":5,
     "p2":6,
     "p3":98},
    {"p1":6,
     "p2":7,
     "p3":16},
    {"p1":9,
     "p2":10,
     "p3":14},
    {"p1":8,
     "p2":9,
     "p3":15},
    {"p1":9,
     "p2":14,
     "p3":15},
    {"p1":17,
     "p2":18,
     "p3":23},
    {"p1":16,
     "p2":17,
     "p3":25},
    {"p1":93,
     "p2":94,
     "p3":95},
    {"p1":92,
     "p2":93,
     "p3":95},
    {"p1":78,
     "p2":85,
     "p3":86},
    {"p1":78,
     "p2":86,
     "p3":87},
    {"p1":68,
     "p2":77,
     "p3":78},
    {"p1":78,
     "p2":84,
     "p3":85},
    {"p1":78,
     "p2":79,
     "p3":84},
    {"p1":68,
     "p2":78,
     "p3":88},
    {"p1":78,
     "p2":87,
     "p3":88},
    {"p1":58,
     "p2":65,
     "p3":66},
    {"p1":58,
     "p2":66,
     "p3":67},
    {"p1":60,
     "p2":61,
     "p3":62},
    {"p1":60,
     "p2":62,
     "p3":63},
    {"p1":49,
     "p2":56,
     "p3":57},
    {"p1":27,
     "p2":37,
     "p3":47},
    {"p1":17,
     "p2":23,
     "p3":24},
    {"p1":17,
     "p2":24,
     "p3":25},
    {"p1":31,
     "p2":33,
     "p3":34},
    {"p1":6,
     "p2":26,
     "p3":27},
    {"p1":16,
     "p2":25,
     "p3":26},
    {"p1":6,
     "p2":16,
     "p3":26},
    {"p1":50,
     "p2":51,
     "p3":55},
    {"p1":50,
     "p2":55,
     "p3":56},
    {"p1":49,
     "p2":50,
     "p3":56},
    {"p1":48,
     "p2":49,
     "p3":57},
    {"p1":48,
     "p2":57,
     "p3":67},
    {"p1":48,
     "p2":67,
     "p3":68},
    {"p1":47,
     "p2":48,
     "p3":68},
    {"p1":27,
     "p2":28,
     "p3":37},
    {"p1":39,
     "p2":40,
     "p3":43},
    {"p1":37,
     "p2":44,
     "p3":45},
    {"p1":37,
     "p2":46,
     "p3":47},
    {"p1":37,
     "p2":45,
     "p3":46},
    {"p1":28,
     "p2":36,
     "p3":37},
    {"p1":30,
     "p2":34,
     "p3":35},
    {"p1":30,
     "p2":31,
     "p3":34},
    {"p1":37,
     "p2":38,
     "p3":44},
    {"p1":38,
     "p2":39,
     "p3":43},
    {"p1":38,
     "p2":43,
     "p3":44},
    {"p1":28,
     "p2":29,
     "p3":36},
    {"p1":29,
     "p2":35,
     "p3":36},
    {"p1":29,
     "p2":30,
     "p3":35}]
}