{"points":[
    {"x":0.40899,
     "y":0.48764},
    {"x":0.39326,
     "y":0.52135},
    {"x":0.37079,
     "y":0.55506},
    {"x":0.34607,
     "y":0.58202},
    {"x":0.31236,
     "y":0.60449},
    {"x":0.27865,
     "y":0.62022},
    {"x":0.24494,
     "y":0.63146},
    {"x":0.21124,
     "y":0.6382},
    {"x":0.17753,
     "y":0.6427},
    {"x":0.14382,
     "y":0.64494},
    {"x":0.11011,
     "y":0.6427},
    {"x":0.076404,
     "y":0.6382},
    {"x":0.042697,
     "y":0.62921},
    {"x":0.0089888,
     "y":0.61798},
    {"x":0.0022472,
     "y":0.64045},
    {"x":0.0022472,
     "y":0.67416},
    {"x":0.0022472,
     "y":0.70787},
    {"x":0.0022472,
     "y":0.74157},
    {"x":0,
     "y":0.77528},
    {"x":0.0022472,
     "y":0.80899},
    {"x":0.0022472,
     "y":0.8427},
    {"x":0.013483,
     "y":0.86292},
    {"x":0.047191,
     "y":0.85393},
    {"x":0.080899,
     "y":0.84719},
    {"x":0.11461,
     "y":0.84045},
    {"x":0.14831,
     "y":0.83371},
    {"x":0.18202,
     "y":0.82697},
    {"x":0.21573,
     "y":0.82247},
    {"x":0.24944,
     "y":0.81798},
    {"x":0.28315,
     "y":0.81348},
    {"x":0.31685,
     "y":0.81124},
    {"x":0.35056,
     "y":0.80899},
    {"x":0.38427,
     "y":0.80674},
    {"x":0.41798,
     "y":0.80449},
    {"x":0.45169,
     "y":0.80449},
    {"x":0.48539,
     "y":0.80449},
    {"x":0.5191,
     "y":0.80449},
    {"x":0.55281,
     "y":0.80449},
    {"x":0.58652,
     "y":0.80674},
    {"x":0.62022,
     "y":0.80899},
    {"x":0.65393,
     "y":0.81124},
    {"x":0.68764,
     "y":0.81348},
    {"x":0.72135,
     "y":0.81798},
    {"x":0.75506,
     "y":0.82022},
    {"x":0.78876,
     "y":0.82697},
    {"x":0.82247,
     "y":0.83146},
    {"x":0.85618,
     "y":0.83596},
    {"x":0.88989,
     "y":0.8427},
    {"x":0.9236,
     "y":0.84944},
    {"x":0.9573,
     "y":0.85618},
    {"x":0.99101,
     "y":0.86517},
    {"x":1,
     "y":0.84045},
    {"x":1,
     "y":0.80674},
    {"x":1,
     "y":0.77303},
    {"x":1,
     "y":0.73933},
    {"x":1,
     "y":0.70562},
    {"x":1,
     "y":0.67191},
    {"x":1,
     "y":0.6382},
    {"x":0.99101,
     "y":0.61798},
    {"x":0.9573,
     "y":0.63146},
    {"x":0.9236,
     "y":0.64045},
    {"x":0.88989,
     "y":0.64719},
    {"x":0.85618,
     "y":0.64719},
    {"x":0.82247,
     "y":0.64494},
    {"x":0.78876,
     "y":0.6382},
    {"x":0.75506,
     "y":0.62697},
    {"x":0.72135,
     "y":0.61124},
    {"x":0.68764,
     "y":0.59326},
    {"x":0.65393,
     "y":0.56404},
    {"x":0.62921,
     "y":0.53034},
    {"x":0.61124,
     "y":0.49663},
    {"x":0.59775,
     "y":0.46292},
    {"x":0.59101,
     "y":0.42921},
    {"x":0.58427,
     "y":0.39551},
    {"x":0.57978,
     "y":0.3618},
    {"x":0.57753,
     "y":0.32809},
    {"x":0.57528,
     "y":0.29438},
    {"x":0.57528,
     "y":0.26067},
    {"x":0.57753,
     "y":0.22697},
    {"x":0.58202,
     "y":0.19326},
    {"x":0.58427,
     "y":0.15955},
    {"x":0.58876,
     "y":0.12584},
    {"x":0.59326,
     "y":0.092135},
    {"x":0.59775,
     "y":0.058427},
    {"x":0.60449,
     "y":0.024719},
    {"x":0.6,
     "y":0},
    {"x":0.56629,
     "y":0},
    {"x":0.53258,
     "y":0},
    {"x":0.49888,
     "y":0},
    {"x":0.46517,
     "y":0},
    {"x":0.43146,
     "y":0},
    {"x":0.42697,
     "y":0.024719},
    {"x":0.42921,
     "y":0.058427},
    {"x":0.43371,
     "y":0.092135},
    {"x":0.43596,
     "y":0.12584},
    {"x":0.4382,
     "y":0.15955},
    {"x":0.44045,
     "y":0.19326},
    {"x":0.4427,
     "y":0.22697},
    {"x":0.44045,
     "y":0.26067},
    {"x":0.44045,
     "y":0.29438},
    {"x":0.4382,
     "y":0.32809},
    {"x":0.43596,
     "y":0.3618},
    {"x":0.43146,
     "y":0.39551},
    {"x":0.42472,
     "y":0.42921},
    {"x":0.41573,
     "y":0.46292},
    {"x":0.40899,
     "y":0.48764}],
 "triangles":[
    {"p1":0,
     "p2":1,
     "p3":70},
    {"p1":49,
     "p2":50,
     "p3":51},
    {"p1":55,
     "p2":60,
     "p3":61},
    {"p1":46,
     "p2":47,
     "p3":61},
    {"p1":46,
     "p2":61,
     "p3":62},
    {"p1":55,
     "p2":56,
     "p3":60},
    {"p1":38,
     "p2":39,
     "p3":67},
    {"p1":38,
     "p2":67,
     "p3":68},
    {"p1":1,
     "p2":69,
     "p3":70},
    {"p1":1,
     "p2":2,
     "p3":69},
    {"p1":2,
     "p2":36,
     "p3":69},
    {"p1":36,
     "p2":68,
     "p3":69},
    {"p1":12,
     "p2":13,
     "p3":14},
    {"p1":17,
     "p2":18,
     "p3":24},
    {"p1":82,
     "p2":83,
     "p3":87},
    {"p1":42,
     "p2":43,
     "p3":64},
    {"p1":43,
     "p2":63,
     "p3":64},
    {"p1":43,
     "p2":44,
     "p3":63},
    {"p1":49,
     "p2":51,
     "p3":52},
    {"p1":48,
     "p2":49,
     "p3":52},
    {"p1":45,
     "p2":46,
     "p3":62},
    {"p1":44,
     "p2":45,
     "p3":63},
    {"p1":45,
     "p2":62,
     "p3":63},
    {"p1":47,
     "p2":54,
     "p3":61},
    {"p1":54,
     "p2":55,
     "p3":61},
    {"p1":57,
     "p2":58,
     "p3":59},
    {"p1":56,
     "p2":57,
     "p3":59},
    {"p1":56,
     "p2":59,
     "p3":60},
    {"p1":42,
     "p2":64,
     "p3":65},
    {"p1":41,
     "p2":65,
     "p3":66},
    {"p1":41,
     "p2":42,
     "p3":65},
    {"p1":0,
     "p2":70,
     "p3":71},
    {"p1":71,
     "p2":72,
     "p3":103},
    {"p1":36,
     "p2":37,
     "p3":68},
    {"p1":37,
     "p2":38,
     "p3":68},
    {"p1":11,
     "p2":15,
     "p3":16},
    {"p1":11,
     "p2":12,
     "p3":15},
    {"p1":12,
     "p2":14,
     "p3":15},
    {"p1":20,
     "p2":21,
     "p3":22},
    {"p1":19,
     "p2":20,
     "p3":22},
    {"p1":0,
     "p2":71,
     "p3":104},
    {"p1":71,
     "p2":103,
     "p3":104},
    {"p1":78,
     "p2":79,
     "p3":96},
    {"p1":89,
     "p2":90,
     "p3":91},
    {"p1":80,
     "p2":94,
     "p3":95},
    {"p1":80,
     "p2":81,
     "p3":94},
    {"p1":83,
     "p2":84,
     "p3":86},
    {"p1":83,
     "p2":86,
     "p3":87},
    {"p1":84,
     "p2":85,
     "p3":86},
    {"p1":40,
     "p2":41,
     "p3":66},
    {"p1":39,
     "p2":40,
     "p3":67},
    {"p1":40,
     "p2":66,
     "p3":67},
    {"p1":47,
     "p2":48,
     "p3":53},
    {"p1":47,
     "p2":53,
     "p3":54},
    {"p1":48,
     "p2":52,
     "p3":53},
    {"p1":18,
     "p2":23,
     "p3":24},
    {"p1":18,
     "p2":19,
     "p3":23},
    {"p1":19,
     "p2":22,
     "p3":23},
    {"p1":2,
     "p2":35,
     "p3":36},
    {"p1":2,
     "p2":34,
     "p3":35},
    {"p1":5,
     "p2":6,
     "p3":29},
    {"p1":10,
     "p2":24,
     "p3":25},
    {"p1":10,
     "p2":17,
     "p3":24},
    {"p1":10,
     "p2":11,
     "p3":16},
    {"p1":10,
     "p2":16,
     "p3":17},
    {"p1":8,
     "p2":26,
     "p3":27},
    {"p1":4,
     "p2":5,
     "p3":31},
    {"p1":78,
     "p2":96,
     "p3":97},
    {"p1":77,
     "p2":97,
     "p3":98},
    {"p1":77,
     "p2":78,
     "p3":97},
    {"p1":81,
     "p2":82,
     "p3":93},
    {"p1":81,
     "p2":93,
     "p3":94},
    {"p1":4,
     "p2":32,
     "p3":33},
    {"p1":4,
     "p2":31,
     "p3":32},
    {"p1":6,
     "p2":28,
     "p3":29},
    {"p1":9,
     "p2":25,
     "p3":26},
    {"p1":8,
     "p2":9,
     "p3":26},
    {"p1":9,
     "p2":10,
     "p3":25},
    {"p1":3,
     "p2":4,
     "p3":33},
    {"p1":2,
     "p2":3,
     "p3":34},
    {"p1":3,
     "p2":33,
     "p3":34},
    {"p1":82,
     "p2":87,
     "p3":88},
    {"p1":82,
     "p2":88,
     "p3":93},
    {"p1":5,
     "p2":30,
     "p3":31},
    {"p1":5,
     "p2":29,
     "p3":30},
    {"p1":6,
     "p2":7,
     "p3":28},
    {"p1":7,
     "p2":8,
     "p3":27},
    {"p1":7,
     "p2":27,
     "p3":28},
    {"p1":88,
     "p2":89,
     "p3":92},
    {"p1":88,
     "p2":92,
     "p3":93},
    {"p1":89,
     "p2":91,
     "p3":92},
    {"p1":74,
     "p2":100,
     "p3":101},
    {"p1":74,
     "p2":75,
     "p3":100},
    {"p1":76,
     "p2":77,
     "p3":99},
    {"p1":77,
     "p2":98,
     "p3":99},
    {"p1":75,
     "p2":99,
     "p3":100},
    {"p1":75,
     "p2":76,
     "p3":99},
    {"p1":74,
     "p2":101,
     "p3":102},
    {"p1":73,
     "p2":74,
     "p3":102},
    {"p1":72,
     "p2":73,
     "p3":102},
    {"p1":72,
     "p2":102,
     "p3":103},
    {"p1":80,
     "p2":95,
     "p3":96},
    {"p1":79,
     "p2":80,
     "p3":96}]
}