{"points":[
    {"x":0.008,
     "y":0.53067},
    {"x":0.045333,
     "y":0.57333},
    {"x":0.11467,
     "y":0.58933},
    {"x":0.184,
     "y":0.59733},
    {"x":0.25333,
     "y":0.59733},
    {"x":0.32267,
     "y":0.58667},
    {"x":0.38667,
     "y":0.58667},
    {"x":0.34667,
     "y":0.624},
    {"x":0.27733,
     "y":0.63733},
    {"x":0.208,
     "y":0.63733},
    {"x":0.13867,
     "y":0.632},
    {"x":0.069333,
     "y":0.61867},
    {"x":0.018667,
     "y":0.62667},
    {"x":0.045333,
     "y":0.68},
    {"x":0.11467,
     "y":0.69067},
    {"x":0.184,
     "y":0.70133},
    {"x":0.25333,
     "y":0.70133},
    {"x":0.32267,
     "y":0.69333},
    {"x":0.392,
     "y":0.67733},
    {"x":0.44533,
     "y":0.68533},
    {"x":0.456,
     "y":0.75467},
    {"x":0.45867,
     "y":0.824},
    {"x":0.448,
     "y":0.89333},
    {"x":0.432,
     "y":0.96267},
    {"x":0.45067,
     "y":1},
    {"x":0.48533,
     "y":0.94933},
    {"x":0.49867,
     "y":0.88},
    {"x":0.50667,
     "y":0.81067},
    {"x":0.50667,
     "y":0.74133},
    {"x":0.496,
     "y":0.672},
    {"x":0.512,
     "y":0.632},
    {"x":0.53067,
     "y":0.70133},
    {"x":0.536,
     "y":0.77067},
    {"x":0.53333,
     "y":0.84},
    {"x":0.52,
     "y":0.90933},
    {"x":0.504,
     "y":0.97867},
    {"x":0.55467,
     "y":0.992},
    {"x":0.624,
     "y":0.984},
    {"x":0.66667,
     "y":0.94667},
    {"x":0.67733,
     "y":0.87733},
    {"x":0.68533,
     "y":0.808},
    {"x":0.68533,
     "y":0.73867},
    {"x":0.67733,
     "y":0.66933},
    {"x":0.664,
     "y":0.6},
    {"x":0.66933,
     "y":0.54667},
    {"x":0.73867,
     "y":0.544},
    {"x":0.808,
     "y":0.54933},
    {"x":0.87733,
     "y":0.56267},
    {"x":0.94667,
     "y":0.58133},
    {"x":0.98667,
     "y":0.56267},
    {"x":0.98133,
     "y":0.49333},
    {"x":0.97333,
     "y":0.42667},
    {"x":0.904,
     "y":0.41067},
    {"x":0.83467,
     "y":0.39733},
    {"x":0.76533,
     "y":0.38667},
    {"x":0.696,
     "y":0.384},
    {"x":0.62667,
     "y":0.38933},
    {"x":0.56533,
     "y":0.384},
    {"x":0.61067,
     "y":0.35467},
    {"x":0.68,
     "y":0.34933},
    {"x":0.74933,
     "y":0.34933},
    {"x":0.81867,
     "y":0.35733},
    {"x":0.888,
     "y":0.368},
    {"x":0.95733,
     "y":0.384},
    {"x":0.95733,
     "y":0.344},
    {"x":0.888,
     "y":0.33067},
    {"x":0.81867,
     "y":0.32},
    {"x":0.74933,
     "y":0.312},
    {"x":0.68,
     "y":0.312},
    {"x":0.61067,
     "y":0.31733},
    {"x":0.54667,
     "y":0.32267},
    {"x":0.54133,
     "y":0.25333},
    {"x":0.54667,
     "y":0.184},
    {"x":0.56,
     "y":0.11467},
    {"x":0.576,
     "y":0.045333},
    {"x":0.56267,
     "y":0},
    {"x":0.49333,
     "y":0.0053333},
    {"x":0.472,
     "y":0.069333},
    {"x":0.456,
     "y":0.13867},
    {"x":0.44267,
     "y":0.208},
    {"x":0.43733,
     "y":0.27733},
    {"x":0.44267,
     "y":0.34667},
    {"x":0.416,
     "y":0.36267},
    {"x":0.41067,
     "y":0.29333},
    {"x":0.41333,
     "y":0.224},
    {"x":0.424,
     "y":0.15467},
    {"x":0.44,
     "y":0.085333},
    {"x":0.456,
     "y":0.016},
    {"x":0.39733,
     "y":0.010667},
    {"x":0.336,
     "y":0.026667},
    {"x":0.32,
     "y":0.096},
    {"x":0.30933,
     "y":0.16533},
    {"x":0.30133,
     "y":0.23467},
    {"x":0.29867,
     "y":0.304},
    {"x":0.304,
     "y":0.37333},
    {"x":0.30667,
     "y":0.44},
    {"x":0.23733,
     "y":0.45333},
    {"x":0.168,
     "y":0.456},
    {"x":0.098667,
     "y":0.448},
    {"x":0.029333,
     "y":0.432},
    {"x":0,
     "y":0.46133},
    {"x":0.008,
     "y":0.53067},
    {"x":0.008,
     "y":0.53067}],
 "triangles":[
    {"p1":98,
     "p2":99,
     "p3":100},
    {"p1":6,
     "p2":30,
     "p3":57},
    {"p1":85,
     "p2":90,
     "p3":91},
    {"p1":57,
     "p2":58,
     "p3":70},
    {"p1":0,
     "p2":98,
     "p3":100},
    {"p1":83,
     "p2":84,
     "p3":92},
    {"p1":84,
     "p2":91,
     "p3":92},
    {"p1":84,
     "p2":85,
     "p3":91},
    {"p1":83,
     "p2":92,
     "p3":93},
    {"p1":57,
     "p2":70,
     "p3":81},
    {"p1":70,
     "p2":80,
     "p3":81},
    {"p1":34,
     "p2":38,
     "p3":39},
    {"p1":33,
     "p2":34,
     "p3":39},
    {"p1":34,
     "p2":35,
     "p3":36},
    {"p1":33,
     "p2":39,
     "p3":40},
    {"p1":31,
     "p2":32,
     "p3":41},
    {"p1":32,
     "p2":40,
     "p3":41},
    {"p1":32,
     "p2":33,
     "p3":40},
    {"p1":73,
     "p2":74,
     "p3":77},
    {"p1":74,
     "p2":75,
     "p3":76},
    {"p1":74,
     "p2":76,
     "p3":77},
    {"p1":50,
     "p2":51,
     "p3":52},
    {"p1":48,
     "p2":49,
     "p3":50},
    {"p1":62,
     "p2":64,
     "p3":65},
    {"p1":62,
     "p2":63,
     "p3":64},
    {"p1":61,
     "p2":65,
     "p3":66},
    {"p1":61,
     "p2":62,
     "p3":65},
    {"p1":30,
     "p2":31,
     "p3":43},
    {"p1":2,
     "p2":97,
     "p3":98},
    {"p1":6,
     "p2":57,
     "p3":82},
    {"p1":57,
     "p2":81,
     "p3":82},
    {"p1":6,
     "p2":82,
     "p3":95},
    {"p1":82,
     "p2":83,
     "p3":93},
    {"p1":5,
     "p2":6,
     "p3":95},
    {"p1":5,
     "p2":95,
     "p3":96},
    {"p1":4,
     "p2":5,
     "p3":96},
    {"p1":34,
     "p2":37,
     "p3":38},
    {"p1":34,
     "p2":36,
     "p3":37},
    {"p1":6,
     "p2":19,
     "p3":30},
    {"p1":19,
     "p2":20,
     "p3":28},
    {"p1":20,
     "p2":27,
     "p3":28},
    {"p1":85,
     "p2":86,
     "p3":90},
    {"p1":86,
     "p2":89,
     "p3":90},
    {"p1":86,
     "p2":88,
     "p3":89},
    {"p1":86,
     "p2":87,
     "p3":88},
    {"p1":58,
     "p2":69,
     "p3":70},
    {"p1":72,
     "p2":73,
     "p3":78},
    {"p1":73,
     "p2":77,
     "p3":78},
    {"p1":72,
     "p2":78,
     "p3":79},
    {"p1":46,
     "p2":47,
     "p3":52},
    {"p1":47,
     "p2":50,
     "p3":52},
    {"p1":47,
     "p2":48,
     "p3":50},
    {"p1":31,
     "p2":41,
     "p3":42},
    {"p1":31,
     "p2":42,
     "p3":43},
    {"p1":0,
     "p2":1,
     "p3":98},
    {"p1":1,
     "p2":2,
     "p3":98},
    {"p1":8,
     "p2":9,
     "p3":16},
    {"p1":9,
     "p2":15,
     "p3":16},
    {"p1":2,
     "p2":3,
     "p3":97},
    {"p1":3,
     "p2":4,
     "p3":96},
    {"p1":3,
     "p2":96,
     "p3":97},
    {"p1":82,
     "p2":94,
     "p3":95},
    {"p1":82,
     "p2":93,
     "p3":94},
    {"p1":6,
     "p2":7,
     "p3":18},
    {"p1":6,
     "p2":18,
     "p3":19},
    {"p1":19,
     "p2":28,
     "p3":29},
    {"p1":19,
     "p2":29,
     "p3":30},
    {"p1":70,
     "p2":71,
     "p3":80},
    {"p1":71,
     "p2":79,
     "p3":80},
    {"p1":71,
     "p2":72,
     "p3":79},
    {"p1":30,
     "p2":44,
     "p3":57},
    {"p1":30,
     "p2":43,
     "p3":44},
    {"p1":59,
     "p2":68,
     "p3":69},
    {"p1":58,
     "p2":59,
     "p3":69},
    {"p1":45,
     "p2":46,
     "p3":54},
    {"p1":45,
     "p2":54,
     "p3":55},
    {"p1":44,
     "p2":45,
     "p3":55},
    {"p1":11,
     "p2":12,
     "p3":13},
    {"p1":11,
     "p2":13,
     "p3":14},
    {"p1":10,
     "p2":14,
     "p3":15},
    {"p1":9,
     "p2":10,
     "p3":15},
    {"p1":10,
     "p2":11,
     "p3":14},
    {"p1":7,
     "p2":8,
     "p3":17},
    {"p1":7,
     "p2":17,
     "p3":18},
    {"p1":8,
     "p2":16,
     "p3":17},
    {"p1":20,
     "p2":21,
     "p3":27},
    {"p1":21,
     "p2":26,
     "p3":27},
    {"p1":46,
     "p2":52,
     "p3":53},
    {"p1":46,
     "p2":53,
     "p3":54},
    {"p1":60,
     "p2":66,
     "p3":67},
    {"p1":60,
     "p2":61,
     "p3":66},
    {"p1":44,
     "p2":56,
     "p3":57},
    {"p1":44,
     "p2":55,
     "p3":56},
    {"p1":22,
     "p2":25,
     "p3":26},
    {"p1":21,
     "p2":22,
     "p3":26},
    {"p1":23,
     "p2":24,
     "p3":25},
    {"p1":22,
     "p2":23,
     "p3":25},
    {"p1":59,
     "p2":60,
     "p3":68},
    {"p1":60,
     "p2":67,
     "p3":68}]
}