{"points":[
    {"x":0.42117,
     "y":0.38063},
    {"x":0.42342,
     "y":0.40991},
    {"x":0.42793,
     "y":0.43919},
    {"x":0.40991,
     "y":0.45045},
    {"x":0.38063,
     "y":0.44595},
    {"x":0.35135,
     "y":0.44595},
    {"x":0.32207,
     "y":0.4482},
    {"x":0.29279,
     "y":0.4527},
    {"x":0.26351,
     "y":0.45946},
    {"x":0.23423,
     "y":0.46847},
    {"x":0.20495,
     "y":0.47973},
    {"x":0.17568,
     "y":0.4955},
    {"x":0.1464,
     "y":0.51802},
    {"x":0.12162,
     "y":0.54054},
    {"x":0.094595,
     "y":0.56982},
    {"x":0.072072,
     "y":0.59459},
    {"x":0.047297,
     "y":0.62387},
    {"x":0.027027,
     "y":0.65315},
    {"x":0.011261,
     "y":0.68243},
    {"x":0.0045045,
     "y":0.71171},
    {"x":0,
     "y":0.74099},
    {"x":0.009009,
     "y":0.75901},
    {"x":0.038288,
     "y":0.75},
    {"x":0.067568,
     "y":0.73874},
    {"x":0.096847,
     "y":0.72523},
    {"x":0.12613,
     "y":0.70946},
    {"x":0.15541,
     "y":0.69369},
    {"x":0.18468,
     "y":0.68018},
    {"x":0.21396,
     "y":0.66441},
    {"x":0.24324,
     "y":0.6509},
    {"x":0.27252,
     "y":0.63964},
    {"x":0.3018,
     "y":0.62838},
    {"x":0.33108,
     "y":0.61937},
    {"x":0.36036,
     "y":0.61261},
    {"x":0.38964,
     "y":0.60811},
    {"x":0.41892,
     "y":0.60135},
    {"x":0.4482,
     "y":0.5991},
    {"x":0.47748,
     "y":0.5991},
    {"x":0.50676,
     "y":0.5991},
    {"x":0.53604,
     "y":0.60135},
    {"x":0.56532,
     "y":0.6036},
    {"x":0.59459,
     "y":0.61036},
    {"x":0.62387,
     "y":0.61486},
    {"x":0.65315,
     "y":0.62387},
    {"x":0.67793,
     "y":0.63288},
    {"x":0.70721,
     "y":0.64189},
    {"x":0.73649,
     "y":0.65315},
    {"x":0.76351,
     "y":0.66667},
    {"x":0.79279,
     "y":0.68243},
    {"x":0.82207,
     "y":0.69595},
    {"x":0.85135,
     "y":0.71396},
    {"x":0.88063,
     "y":0.72748},
    {"x":0.90991,
     "y":0.74099},
    {"x":0.93919,
     "y":0.75},
    {"x":0.96847,
     "y":0.75676},
    {"x":0.99775,
     "y":0.75901},
    {"x":1,
     "y":0.72973},
    {"x":0.99775,
     "y":0.70045},
    {"x":0.99099,
     "y":0.67117},
    {"x":0.97973,
     "y":0.64189},
    {"x":0.96396,
     "y":0.61261},
    {"x":0.94144,
     "y":0.58333},
    {"x":0.91441,
     "y":0.55405},
    {"x":0.88514,
     "y":0.52928},
    {"x":0.85586,
     "y":0.50676},
    {"x":0.82658,
     "y":0.48874},
    {"x":0.7973,
     "y":0.47523},
    {"x":0.76802,
     "y":0.46622},
    {"x":0.73874,
     "y":0.45946},
    {"x":0.70946,
     "y":0.45045},
    {"x":0.68018,
     "y":0.44595},
    {"x":0.6509,
     "y":0.44595},
    {"x":0.62162,
     "y":0.44595},
    {"x":0.59234,
     "y":0.4482},
    {"x":0.56306,
     "y":0.4527},
    {"x":0.55631,
     "y":0.43018},
    {"x":0.55631,
     "y":0.4009},
    {"x":0.55856,
     "y":0.37162},
    {"x":0.56081,
     "y":0.34234},
    {"x":0.56306,
     "y":0.31306},
    {"x":0.56532,
     "y":0.28378},
    {"x":0.56757,
     "y":0.2545},
    {"x":0.56982,
     "y":0.22523},
    {"x":0.57207,
     "y":0.19595},
    {"x":0.57207,
     "y":0.16667},
    {"x":0.57432,
     "y":0.13739},
    {"x":0.57432,
     "y":0.10811},
    {"x":0.57432,
     "y":0.078829},
    {"x":0.57207,
     "y":0.04955},
    {"x":0.56757,
     "y":0.02027},
    {"x":0.54955,
     "y":0},
    {"x":0.52703,
     "y":0.018018},
    {"x":0.5,
     "y":0.036036},
    {"x":0.47072,
     "y":0.029279},
    {"x":0.44144,
     "y":0.011261},
    {"x":0.42117,
     "y":0.033784},
    {"x":0.41441,
     "y":0.063063},
    {"x":0.40991,
     "y":0.092342},
    {"x":0.40991,
     "y":0.12162},
    {"x":0.40991,
     "y":0.1509},
    {"x":0.40991,
     "y":0.18018},
    {"x":0.40991,
     "y":0.20946},
    {"x":0.40991,
     "y":0.23874},
    {"x":0.41216,
     "y":0.26802},
    {"x":0.41441,
     "y":0.2973},
    {"x":0.41667,
     "y":0.32658},
    {"x":0.41892,
     "y":0.35586},
    {"x":0.42117,
     "y":0.38063}],
 "triangles":[
    {"p1":89,
     "p2":90,
     "p3":91},
    {"p1":88,
     "p2":89,
     "p3":91},
    {"p1":20,
     "p2":21,
     "p3":22},
    {"p1":88,
     "p2":91,
     "p3":92},
    {"p1":87,
     "p2":88,
     "p3":92},
    {"p1":19,
     "p2":22,
     "p3":23},
    {"p1":18,
     "p2":19,
     "p3":23},
    {"p1":19,
     "p2":20,
     "p3":22},
    {"p1":16,
     "p2":24,
     "p3":25},
    {"p1":14,
     "p2":26,
     "p3":27},
    {"p1":12,
     "p2":28,
     "p3":29},
    {"p1":3,
     "p2":36,
     "p3":37},
    {"p1":3,
     "p2":35,
     "p3":36},
    {"p1":82,
     "p2":101,
     "p3":102},
    {"p1":81,
     "p2":82,
     "p3":102},
    {"p1":54,
     "p2":55,
     "p3":56},
    {"p1":51,
     "p2":52,
     "p3":59},
    {"p1":50,
     "p2":51,
     "p3":60},
    {"p1":51,
     "p2":59,
     "p3":60},
    {"p1":14,
     "p2":15,
     "p3":26},
    {"p1":15,
     "p2":16,
     "p3":25},
    {"p1":15,
     "p2":25,
     "p3":26},
    {"p1":16,
     "p2":17,
     "p3":24},
    {"p1":17,
     "p2":18,
     "p3":23},
    {"p1":17,
     "p2":23,
     "p3":24},
    {"p1":2,
     "p2":3,
     "p3":37},
    {"p1":2,
     "p2":37,
     "p3":74},
    {"p1":1,
     "p2":2,
     "p3":76},
    {"p1":11,
     "p2":12,
     "p3":29},
    {"p1":12,
     "p2":13,
     "p3":28},
    {"p1":13,
     "p2":14,
     "p3":27},
    {"p1":13,
     "p2":27,
     "p3":28},
    {"p1":5,
     "p2":6,
     "p3":33},
    {"p1":3,
     "p2":34,
     "p3":35},
    {"p1":5,
     "p2":33,
     "p3":34},
    {"p1":83,
     "p2":100,
     "p3":101},
    {"p1":82,
     "p2":83,
     "p3":101},
    {"p1":78,
     "p2":79,
     "p3":105},
    {"p1":92,
     "p2":93,
     "p3":97},
    {"p1":93,
     "p2":94,
     "p3":95},
    {"p1":92,
     "p2":97,
     "p3":98},
    {"p1":85,
     "p2":98,
     "p3":99},
    {"p1":52,
     "p2":53,
     "p3":58},
    {"p1":52,
     "p2":58,
     "p3":59},
    {"p1":0,
     "p2":1,
     "p3":76},
    {"p1":0,
     "p2":76,
     "p3":77},
    {"p1":78,
     "p2":105,
     "p3":106},
    {"p1":77,
     "p2":78,
     "p3":106},
    {"p1":0,
     "p2":77,
     "p3":106},
    {"p1":6,
     "p2":32,
     "p3":33},
    {"p1":6,
     "p2":7,
     "p3":32},
    {"p1":8,
     "p2":9,
     "p3":31},
    {"p1":8,
     "p2":31,
     "p3":32},
    {"p1":7,
     "p2":8,
     "p3":32},
    {"p1":79,
     "p2":104,
     "p3":105},
    {"p1":79,
     "p2":80,
     "p3":104},
    {"p1":37,
     "p2":38,
     "p3":74},
    {"p1":38,
     "p2":39,
     "p3":74},
    {"p1":39,
     "p2":40,
     "p3":74},
    {"p1":40,
     "p2":73,
     "p3":74},
    {"p1":40,
     "p2":41,
     "p3":73},
    {"p1":11,
     "p2":29,
     "p3":30},
    {"p1":10,
     "p2":11,
     "p3":30},
    {"p1":9,
     "p2":30,
     "p3":31},
    {"p1":9,
     "p2":10,
     "p3":30},
    {"p1":3,
     "p2":4,
     "p3":34},
    {"p1":4,
     "p2":5,
     "p3":34},
    {"p1":47,
     "p2":64,
     "p3":65},
    {"p1":46,
     "p2":47,
     "p3":65},
    {"p1":50,
     "p2":60,
     "p3":61},
    {"p1":48,
     "p2":49,
     "p3":62},
    {"p1":49,
     "p2":50,
     "p3":61},
    {"p1":49,
     "p2":61,
     "p3":62},
    {"p1":48,
     "p2":62,
     "p3":63},
    {"p1":47,
     "p2":63,
     "p3":64},
    {"p1":47,
     "p2":48,
     "p3":63},
    {"p1":84,
     "p2":99,
     "p3":100},
    {"p1":83,
     "p2":84,
     "p3":100},
    {"p1":84,
     "p2":85,
     "p3":99},
    {"p1":43,
     "p2":44,
     "p3":69},
    {"p1":43,
     "p2":69,
     "p3":70},
    {"p1":42,
     "p2":43,
     "p3":71},
    {"p1":43,
     "p2":70,
     "p3":71},
    {"p1":93,
     "p2":95,
     "p3":96},
    {"p1":93,
     "p2":96,
     "p3":97},
    {"p1":85,
     "p2":86,
     "p3":98},
    {"p1":86,
     "p2":92,
     "p3":98},
    {"p1":86,
     "p2":87,
     "p3":92},
    {"p1":53,
     "p2":57,
     "p3":58},
    {"p1":54,
     "p2":56,
     "p3":57},
    {"p1":53,
     "p2":54,
     "p3":57},
    {"p1":2,
     "p2":74,
     "p3":75},
    {"p1":2,
     "p2":75,
     "p3":76},
    {"p1":41,
     "p2":42,
     "p3":72},
    {"p1":41,
     "p2":72,
     "p3":73},
    {"p1":42,
     "p2":71,
     "p3":72},
    {"p1":81,
     "p2":102,
     "p3":103},
    {"p1":80,
     "p2":81,
     "p3":103},
    {"p1":80,
     "p2":103,
     "p3":104},
    {"p1":44,
     "p2":68,
     "p3":69},
    {"p1":44,
     "p2":45,
     "p3":68},
    {"p1":45,
     "p2":67,
     "p3":68},
    {"p1":46,
     "p2":65,
     "p3":66},
    {"p1":45,
     "p2":46,
     "p3":66},
    {"p1":45,
     "p2":66,
     "p3":67}]
}