{"points":[
    {"x":0,
     "y":0.47379},
    {"x":0.054435,
     "y":0.49798},
    {"x":0.11895,
     "y":0.5121},
    {"x":0.17339,
     "y":0.52823},
    {"x":0.23185,
     "y":0.53226},
    {"x":0.28629,
     "y":0.54032},
    {"x":0.26008,
     "y":0.57863},
    {"x":0.20968,
     "y":0.62702},
    {"x":0.16532,
     "y":0.6754},
    {"x":0.12298,
     "y":0.73387},
    {"x":0.090726,
     "y":0.77823},
    {"x":0.1371,
     "y":0.76613},
    {"x":0.20363,
     "y":0.7379},
    {"x":0.26613,
     "y":0.71169},
    {"x":0.3246,
     "y":0.67742},
    {"x":0.37903,
     "y":0.65726},
    {"x":0.35887,
     "y":0.72379},
    {"x":0.34677,
     "y":0.78831},
    {"x":0.34476,
     "y":0.85282},
    {"x":0.33669,
     "y":0.91935},
    {"x":0.35081,
     "y":0.95766},
    {"x":0.39113,
     "y":0.90726},
    {"x":0.42944,
     "y":0.84274},
    {"x":0.46573,
     "y":0.77823},
    {"x":0.49395,
     "y":0.72782},
    {"x":0.51008,
     "y":0.70565},
    {"x":0.53226,
     "y":0.75605},
    {"x":0.56452,
     "y":0.81855},
    {"x":0.59274,
     "y":0.86694},
    {"x":0.61694,
     "y":0.91734},
    {"x":0.65726,
     "y":0.95363},
    {"x":0.67137,
     "y":0.90726},
    {"x":0.66532,
     "y":0.84677},
    {"x":0.65726,
     "y":0.78629},
    {"x":0.64516,
     "y":0.73387},
    {"x":0.6371,
     "y":0.66935},
    {"x":0.65323,
     "y":0.65927},
    {"x":0.69556,
     "y":0.68548},
    {"x":0.74194,
     "y":0.70363},
    {"x":0.80444,
     "y":0.73589},
    {"x":0.86089,
     "y":0.7621},
    {"x":0.90927,
     "y":0.78427},
    {"x":0.89919,
     "y":0.73589},
    {"x":0.85685,
     "y":0.68952},
    {"x":0.81048,
     "y":0.63105},
    {"x":0.75605,
     "y":0.58669},
    {"x":0.71169,
     "y":0.53831},
    {"x":0.76613,
     "y":0.54234},
    {"x":0.83065,
     "y":0.52823},
    {"x":0.89718,
     "y":0.51613},
    {"x":0.96371,
     "y":0.49597},
    {"x":1,
     "y":0.45968},
    {"x":0.94556,
     "y":0.4496},
    {"x":0.8871,
     "y":0.43145},
    {"x":0.83065,
     "y":0.42137},
    {"x":0.76613,
     "y":0.41331},
    {"x":0.71976,
     "y":0.39919},
    {"x":0.75403,
     "y":0.37298},
    {"x":0.8004,
     "y":0.31855},
    {"x":0.85887,
     "y":0.27218},
    {"x":0.90121,
     "y":0.20968},
    {"x":0.89315,
     "y":0.17339},
    {"x":0.82661,
     "y":0.19355},
    {"x":0.7621,
     "y":0.22581},
    {"x":0.69758,
     "y":0.2621},
    {"x":0.63508,
     "y":0.30444},
    {"x":0.65121,
     "y":0.24798},
    {"x":0.65524,
     "y":0.18952},
    {"x":0.66532,
     "y":0.125},
    {"x":0.67137,
     "y":0.068548},
    {"x":0.65927,
     "y":0.0080645},
    {"x":0.62903,
     "y":0.016129},
    {"x":0.60081,
     "y":0.070565},
    {"x":0.55645,
     "y":0.13306},
    {"x":0.51815,
     "y":0.19355},
    {"x":0.51411,
     "y":0.23992},
    {"x":0.49395,
     "y":0.21774},
    {"x":0.45766,
     "y":0.16129},
    {"x":0.42944,
     "y":0.11895},
    {"x":0.40726,
     "y":0.068548},
    {"x":0.37298,
     "y":0.016129},
    {"x":0.34274,
     "y":0},
    {"x":0.34476,
     "y":0.058468},
    {"x":0.34879,
     "y":0.1129},
    {"x":0.35282,
     "y":0.17742},
    {"x":0.35685,
     "y":0.2379},
    {"x":0.37298,
     "y":0.28831},
    {"x":0.33871,
     "y":0.28427},
    {"x":0.28427,
     "y":0.24798},
    {"x":0.23992,
     "y":0.21976},
    {"x":0.19758,
     "y":0.20363},
    {"x":0.13306,
     "y":0.17944},
    {"x":0.086694,
     "y":0.1754},
    {"x":0.1129,
     "y":0.22177},
    {"x":0.15927,
     "y":0.27016},
    {"x":0.19153,
     "y":0.31855},
    {"x":0.23589,
     "y":0.35484},
    {"x":0.28831,
     "y":0.39919},
    {"x":0.25403,
     "y":0.41331},
    {"x":0.19355,
     "y":0.41331},
    {"x":0.1371,
     "y":0.42339},
    {"x":0.070565,
     "y":0.43952},
    {"x":0.0060484,
     "y":0.46573},
    {"x":0,
     "y":0.47379}],
 "triangles":[
    {"p1":7,
     "p2":13,
     "p3":14},
    {"p1":0,
     "p2":1,
     "p3":102},
    {"p1":7,
     "p2":8,
     "p3":13},
    {"p1":8,
     "p2":12,
     "p3":13},
    {"p1":8,
     "p2":9,
     "p3":12},
    {"p1":5,
     "p2":15,
     "p3":97},
    {"p1":15,
     "p2":25,
     "p3":46},
    {"p1":40,
     "p2":41,
     "p3":42},
    {"p1":39,
     "p2":40,
     "p3":43},
    {"p1":40,
     "p2":42,
     "p3":43},
    {"p1":9,
     "p2":10,
     "p3":11},
    {"p1":9,
     "p2":11,
     "p3":12},
    {"p1":19,
     "p2":20,
     "p3":21},
    {"p1":6,
     "p2":14,
     "p3":15},
    {"p1":5,
     "p2":6,
     "p3":15},
    {"p1":6,
     "p2":7,
     "p3":14},
    {"p1":17,
     "p2":22,
     "p3":23},
    {"p1":35,
     "p2":36,
     "p3":46},
    {"p1":25,
     "p2":35,
     "p3":46},
    {"p1":15,
     "p2":46,
     "p3":65},
    {"p1":15,
     "p2":65,
     "p3":97},
    {"p1":65,
     "p2":86,
     "p3":97},
    {"p1":18,
     "p2":19,
     "p3":21},
    {"p1":17,
     "p2":18,
     "p3":22},
    {"p1":18,
     "p2":21,
     "p3":22},
    {"p1":68,
     "p2":69,
     "p3":72},
    {"p1":69,
     "p2":70,
     "p3":71},
    {"p1":69,
     "p2":71,
     "p3":72},
    {"p1":5,
     "p2":97,
     "p3":98},
    {"p1":1,
     "p2":101,
     "p3":102},
    {"p1":15,
     "p2":24,
     "p3":25},
    {"p1":16,
     "p2":17,
     "p3":23},
    {"p1":15,
     "p2":16,
     "p3":24},
    {"p1":16,
     "p2":23,
     "p3":24},
    {"p1":27,
     "p2":33,
     "p3":34},
    {"p1":65,
     "p2":75,
     "p3":86},
    {"p1":46,
     "p2":56,
     "p3":65},
    {"p1":28,
     "p2":29,
     "p3":32},
    {"p1":27,
     "p2":28,
     "p3":33},
    {"p1":28,
     "p2":32,
     "p3":33},
    {"p1":29,
     "p2":30,
     "p3":31},
    {"p1":29,
     "p2":31,
     "p3":32},
    {"p1":60,
     "p2":61,
     "p3":62},
    {"p1":59,
     "p2":62,
     "p3":63},
    {"p1":59,
     "p2":60,
     "p3":62},
    {"p1":80,
     "p2":81,
     "p3":82},
    {"p1":79,
     "p2":80,
     "p3":82},
    {"p1":4,
     "p2":5,
     "p3":98},
    {"p1":4,
     "p2":98,
     "p3":99},
    {"p1":3,
     "p2":4,
     "p3":99},
    {"p1":3,
     "p2":99,
     "p3":100},
    {"p1":26,
     "p2":27,
     "p3":34},
    {"p1":25,
     "p2":26,
     "p3":35},
    {"p1":26,
     "p2":34,
     "p3":35},
    {"p1":65,
     "p2":66,
     "p3":75},
    {"p1":66,
     "p2":67,
     "p3":74},
    {"p1":66,
     "p2":74,
     "p3":75},
    {"p1":68,
     "p2":72,
     "p3":73},
    {"p1":67,
     "p2":68,
     "p3":73},
    {"p1":67,
     "p2":73,
     "p3":74},
    {"p1":75,
     "p2":76,
     "p3":86},
    {"p1":39,
     "p2":43,
     "p3":44},
    {"p1":38,
     "p2":39,
     "p3":44},
    {"p1":48,
     "p2":53,
     "p3":54},
    {"p1":48,
     "p2":49,
     "p3":53},
    {"p1":58,
     "p2":59,
     "p3":63},
    {"p1":58,
     "p2":63,
     "p3":64},
    {"p1":46,
     "p2":55,
     "p3":56},
    {"p1":48,
     "p2":54,
     "p3":55},
    {"p1":78,
     "p2":83,
     "p3":84},
    {"p1":79,
     "p2":82,
     "p3":83},
    {"p1":78,
     "p2":79,
     "p3":83},
    {"p1":89,
     "p2":94,
     "p3":95},
    {"p1":2,
     "p2":3,
     "p3":100},
    {"p1":1,
     "p2":2,
     "p3":101},
    {"p1":2,
     "p2":100,
     "p3":101},
    {"p1":88,
     "p2":95,
     "p3":96},
    {"p1":88,
     "p2":89,
     "p3":95},
    {"p1":91,
     "p2":92,
     "p3":93},
    {"p1":77,
     "p2":78,
     "p3":84},
    {"p1":49,
     "p2":52,
     "p3":53},
    {"p1":36,
     "p2":45,
     "p3":46},
    {"p1":36,
     "p2":37,
     "p3":45},
    {"p1":37,
     "p2":38,
     "p3":45},
    {"p1":38,
     "p2":44,
     "p3":45},
    {"p1":46,
     "p2":47,
     "p3":55},
    {"p1":47,
     "p2":48,
     "p3":55},
    {"p1":57,
     "p2":58,
     "p3":64},
    {"p1":56,
     "p2":57,
     "p3":65},
    {"p1":57,
     "p2":64,
     "p3":65},
    {"p1":87,
     "p2":88,
     "p3":96},
    {"p1":86,
     "p2":87,
     "p3":97},
    {"p1":87,
     "p2":96,
     "p3":97},
    {"p1":89,
     "p2":90,
     "p3":94},
    {"p1":90,
     "p2":93,
     "p3":94},
    {"p1":90,
     "p2":91,
     "p3":93},
    {"p1":76,
     "p2":85,
     "p3":86},
    {"p1":76,
     "p2":77,
     "p3":85},
    {"p1":77,
     "p2":84,
     "p3":85},
    {"p1":50,
     "p2":51,
     "p3":52},
    {"p1":49,
     "p2":50,
     "p3":52}]
}