{"points":[
    {"x":0.010444,
     "y":0.49086},
    {"x":0.0052219,
     "y":0.53525},
    {"x":0.02611,
     "y":0.56397},
    {"x":0.041775,
     "y":0.60313},
    {"x":0.049608,
     "y":0.64491},
    {"x":0.044386,
     "y":0.68668},
    {"x":0.046997,
     "y":0.72324},
    {"x":0.044386,
     "y":0.76762},
    {"x":0.031332,
     "y":0.81201},
    {"x":0.031332,
     "y":0.8564},
    {"x":0.020888,
     "y":0.89295},
    {"x":0.0078329,
     "y":0.92167},
    {"x":0.002611,
     "y":0.953},
    {"x":0.0078329,
     "y":0.99478},
    {"x":0.046997,
     "y":0.97911},
    {"x":0.091384,
     "y":0.96345},
    {"x":0.13577,
     "y":0.95822},
    {"x":0.18016,
     "y":0.94256},
    {"x":0.20366,
     "y":0.95822},
    {"x":0.24804,
     "y":0.9295},
    {"x":0.29243,
     "y":0.91645},
    {"x":0.31593,
     "y":0.92689},
    {"x":0.36031,
     "y":0.91645},
    {"x":0.4047,
     "y":0.92689},
    {"x":0.44386,
     "y":0.93995},
    {"x":0.46214,
     "y":0.96345},
    {"x":0.50653,
     "y":0.95039},
    {"x":0.55091,
     "y":0.953},
    {"x":0.5953,
     "y":0.93995},
    {"x":0.61358,
     "y":0.94517},
    {"x":0.65535,
     "y":0.91645},
    {"x":0.69974,
     "y":0.91384},
    {"x":0.73107,
     "y":0.9295},
    {"x":0.76762,
     "y":0.93473},
    {"x":0.81201,
     "y":0.94778},
    {"x":0.84334,
     "y":0.95561},
    {"x":0.87728,
     "y":0.953},
    {"x":0.92167,
     "y":0.98172},
    {"x":0.96606,
     "y":0.98433},
    {"x":1,
     "y":0.98172},
    {"x":0.9765,
     "y":0.95822},
    {"x":0.96606,
     "y":0.92689},
    {"x":0.95822,
     "y":0.88251},
    {"x":0.94517,
     "y":0.84334},
    {"x":0.94517,
     "y":0.79896},
    {"x":0.9295,
     "y":0.77285},
    {"x":0.92428,
     "y":0.73107},
    {"x":0.91645,
     "y":0.69452},
    {"x":0.91906,
     "y":0.65013},
    {"x":0.93211,
     "y":0.60574},
    {"x":0.93995,
     "y":0.56136},
    {"x":0.9295,
     "y":0.53003},
    {"x":0.93995,
     "y":0.48564},
    {"x":0.91906,
     "y":0.44125},
    {"x":0.91384,
     "y":0.39687},
    {"x":0.90339,
     "y":0.36554},
    {"x":0.90862,
     "y":0.32115},
    {"x":0.91906,
     "y":0.27676},
    {"x":0.93473,
     "y":0.23238},
    {"x":0.94256,
     "y":0.18799},
    {"x":0.953,
     "y":0.1436},
    {"x":0.96084,
     "y":0.10444},
    {"x":0.97128,
     "y":0.060052},
    {"x":0.98695,
     "y":0.015666},
    {"x":0.953,
     "y":0.018277},
    {"x":0.90862,
     "y":0.031332},
    {"x":0.86423,
     "y":0.036554},
    {"x":0.81984,
     "y":0.057441},
    {"x":0.78851,
     "y":0.046997},
    {"x":0.74413,
     "y":0.065274},
    {"x":0.7154,
     "y":0.049608},
    {"x":0.67102,
     "y":0.062663},
    {"x":0.62663,
     "y":0.073107},
    {"x":0.58747,
     "y":0.057441},
    {"x":0.55091,
     "y":0.046997},
    {"x":0.52219,
     "y":0.039164},
    {"x":0.47781,
     "y":0.036554},
    {"x":0.43342,
     "y":0.057441},
    {"x":0.39164,
     "y":0.067885},
    {"x":0.34726,
     "y":0.073107},
    {"x":0.31854,
     "y":0.057441},
    {"x":0.27415,
     "y":0.057441},
    {"x":0.22977,
     "y":0.065274},
    {"x":0.19582,
     "y":0.044386},
    {"x":0.1671,
     "y":0.036554},
    {"x":0.12533,
     "y":0.039164},
    {"x":0.08094,
     "y":0.028721},
    {"x":0.044386,
     "y":0.018277},
    {"x":0.020888,
     "y":0},
    {"x":0,
     "y":0.02611},
    {"x":0.015666,
     "y":0.062663},
    {"x":0.010444,
     "y":0.10705},
    {"x":0.020888,
     "y":0.13838},
    {"x":0.02611,
     "y":0.18277},
    {"x":0.02611,
     "y":0.22715},
    {"x":0.039164,
     "y":0.2611},
    {"x":0.036554,
     "y":0.30287},
    {"x":0.046997,
     "y":0.33943},
    {"x":0.05483,
     "y":0.38381},
    {"x":0.046997,
     "y":0.42298},
    {"x":0.041775,
     "y":0.45431},
    {"x":0.010444,
     "y":0.49086}],
 "triangles":[
    {"p1":87,
     "p2":88,
     "p3":89},
    {"p1":93,
     "p2":94,
     "p3":95},
    {"p1":95,
     "p2":96,
     "p3":97},
    {"p1":23,
     "p2":24,
     "p3":30},
    {"p1":23,
     "p2":30,
     "p3":53},
    {"p1":24,
     "p2":28,
     "p3":30},
    {"p1":0,
     "p2":2,
     "p3":100},
    {"p1":3,
     "p2":22,
     "p3":100},
    {"p1":3,
     "p2":4,
     "p3":22},
    {"p1":2,
     "p2":3,
     "p3":100},
    {"p1":86,
     "p2":87,
     "p3":90},
    {"p1":86,
     "p2":90,
     "p3":91},
    {"p1":87,
     "p2":89,
     "p3":90},
    {"p1":86,
     "p2":91,
     "p3":92},
    {"p1":30,
     "p2":51,
     "p3":53},
    {"p1":30,
     "p2":48,
     "p3":51},
    {"p1":51,
     "p2":52,
     "p3":53},
    {"p1":30,
     "p2":31,
     "p3":47},
    {"p1":30,
     "p2":47,
     "p3":48},
    {"p1":31,
     "p2":46,
     "p3":47},
    {"p1":24,
     "p2":26,
     "p3":28},
    {"p1":26,
     "p2":27,
     "p3":28},
    {"p1":24,
     "p2":25,
     "p3":26},
    {"p1":0,
     "p2":1,
     "p3":2},
    {"p1":4,
     "p2":20,
     "p3":22},
    {"p1":9,
     "p2":16,
     "p3":17},
    {"p1":85,
     "p2":86,
     "p3":92},
    {"p1":85,
     "p2":92,
     "p3":93},
    {"p1":8,
     "p2":9,
     "p3":17},
    {"p1":20,
     "p2":21,
     "p3":22},
    {"p1":82,
     "p2":95,
     "p3":97},
    {"p1":79,
     "p2":82,
     "p3":97},
    {"p1":82,
     "p2":93,
     "p3":95},
    {"p1":82,
     "p2":85,
     "p3":93},
    {"p1":79,
     "p2":97,
     "p3":98},
    {"p1":61,
     "p2":65,
     "p3":66},
    {"p1":58,
     "p2":67,
     "p3":69},
    {"p1":69,
     "p2":70,
     "p3":71},
    {"p1":36,
     "p2":42,
     "p3":43},
    {"p1":31,
     "p2":32,
     "p3":33},
    {"p1":28,
     "p2":29,
     "p3":30},
    {"p1":48,
     "p2":49,
     "p3":51},
    {"p1":49,
     "p2":50,
     "p3":51},
    {"p1":36,
     "p2":37,
     "p3":41},
    {"p1":36,
     "p2":41,
     "p3":42},
    {"p1":9,
     "p2":15,
     "p3":16},
    {"p1":22,
     "p2":99,
     "p3":100},
    {"p1":53,
     "p2":54,
     "p3":55},
    {"p1":57,
     "p2":58,
     "p3":69},
    {"p1":61,
     "p2":62,
     "p3":65},
    {"p1":62,
     "p2":64,
     "p3":65},
    {"p1":62,
     "p2":63,
     "p3":64},
    {"p1":58,
     "p2":59,
     "p3":67},
    {"p1":67,
     "p2":68,
     "p3":69},
    {"p1":43,
     "p2":44,
     "p3":45},
    {"p1":33,
     "p2":34,
     "p3":45},
    {"p1":34,
     "p2":43,
     "p3":45},
    {"p1":31,
     "p2":45,
     "p3":46},
    {"p1":31,
     "p2":33,
     "p3":45},
    {"p1":37,
     "p2":38,
     "p3":40},
    {"p1":37,
     "p2":40,
     "p3":41},
    {"p1":38,
     "p2":39,
     "p3":40},
    {"p1":9,
     "p2":10,
     "p3":15},
    {"p1":10,
     "p2":11,
     "p3":15},
    {"p1":11,
     "p2":12,
     "p3":14},
    {"p1":11,
     "p2":14,
     "p3":15},
    {"p1":12,
     "p2":13,
     "p3":14},
    {"p1":7,
     "p2":8,
     "p3":17},
    {"p1":7,
     "p2":17,
     "p3":19},
    {"p1":17,
     "p2":18,
     "p3":19},
    {"p1":82,
     "p2":83,
     "p3":85},
    {"p1":83,
     "p2":84,
     "p3":85},
    {"p1":22,
     "p2":78,
     "p3":99},
    {"p1":23,
     "p2":53,
     "p3":78},
    {"p1":22,
     "p2":23,
     "p3":78},
    {"p1":53,
     "p2":55,
     "p3":78},
    {"p1":78,
     "p2":79,
     "p3":98},
    {"p1":78,
     "p2":98,
     "p3":99},
    {"p1":55,
     "p2":72,
     "p3":78},
    {"p1":56,
     "p2":69,
     "p3":71},
    {"p1":56,
     "p2":57,
     "p3":69},
    {"p1":56,
     "p2":71,
     "p3":72},
    {"p1":55,
     "p2":56,
     "p3":72},
    {"p1":59,
     "p2":60,
     "p3":67},
    {"p1":60,
     "p2":61,
     "p3":66},
    {"p1":60,
     "p2":66,
     "p3":67},
    {"p1":35,
     "p2":36,
     "p3":43},
    {"p1":34,
     "p2":35,
     "p3":43},
    {"p1":4,
     "p2":6,
     "p3":20},
    {"p1":4,
     "p2":5,
     "p3":6},
    {"p1":6,
     "p2":19,
     "p3":20},
    {"p1":6,
     "p2":7,
     "p3":19},
    {"p1":72,
     "p2":73,
     "p3":77},
    {"p1":72,
     "p2":77,
     "p3":78},
    {"p1":73,
     "p2":74,
     "p3":77},
    {"p1":74,
     "p2":75,
     "p3":77},
    {"p1":75,
     "p2":76,
     "p3":77},
    {"p1":79,
     "p2":81,
     "p3":82},
    {"p1":79,
     "p2":80,
     "p3":81}]
}