{"points":[
    {"x":0,
     "y":0.50135},
    {"x":0,
     "y":0.53908},
    {"x":0,
     "y":0.57682},
    {"x":0,
     "y":0.61456},
    {"x":0.026954,
     "y":0.62534},
    {"x":0.06469,
     "y":0.62534},
    {"x":0.10243,
     "y":0.62534},
    {"x":0.14016,
     "y":0.62534},
    {"x":0.1779,
     "y":0.62534},
    {"x":0.21563,
     "y":0.59299},
    {"x":0.25337,
     "y":0.57682},
    {"x":0.29111,
     "y":0.57951},
    {"x":0.32884,
     "y":0.59569},
    {"x":0.36658,
     "y":0.62264},
    {"x":0.36927,
     "y":0.66038},
    {"x":0.36927,
     "y":0.69811},
    {"x":0.36927,
     "y":0.73585},
    {"x":0.37466,
     "y":0.77358},
    {"x":0.39084,
     "y":0.81132},
    {"x":0.39623,
     "y":0.84906},
    {"x":0.39084,
     "y":0.88679},
    {"x":0.37736,
     "y":0.92453},
    {"x":0.36927,
     "y":0.96226},
    {"x":0.36927,
     "y":1},
    {"x":0.40701,
     "y":1},
    {"x":0.44474,
     "y":1},
    {"x":0.48248,
     "y":1},
    {"x":0.52022,
     "y":1},
    {"x":0.55795,
     "y":1},
    {"x":0.59569,
     "y":1},
    {"x":0.60647,
     "y":0.98113},
    {"x":0.59299,
     "y":0.9434},
    {"x":0.58491,
     "y":0.90566},
    {"x":0.58491,
     "y":0.86792},
    {"x":0.5903,
     "y":0.83019},
    {"x":0.60108,
     "y":0.79245},
    {"x":0.61456,
     "y":0.75472},
    {"x":0.61456,
     "y":0.71698},
    {"x":0.61456,
     "y":0.67925},
    {"x":0.61456,
     "y":0.64151},
    {"x":0.63881,
     "y":0.62534},
    {"x":0.67655,
     "y":0.62534},
    {"x":0.71429,
     "y":0.62534},
    {"x":0.75202,
     "y":0.62534},
    {"x":0.78976,
     "y":0.62534},
    {"x":0.82749,
     "y":0.62534},
    {"x":0.86523,
     "y":0.6496},
    {"x":0.90296,
     "y":0.66038},
    {"x":0.9407,
     "y":0.65499},
    {"x":0.97844,
     "y":0.63073},
    {"x":0.98383,
     "y":0.59299},
    {"x":0.98383,
     "y":0.55526},
    {"x":0.98383,
     "y":0.51752},
    {"x":0.98383,
     "y":0.47978},
    {"x":0.98383,
     "y":0.44205},
    {"x":0.98383,
     "y":0.40431},
    {"x":0.97574,
     "y":0.36658},
    {"x":0.9407,
     "y":0.33962},
    {"x":0.90296,
     "y":0.33423},
    {"x":0.86523,
     "y":0.3504},
    {"x":0.82749,
     "y":0.37466},
    {"x":0.78976,
     "y":0.37466},
    {"x":0.75202,
     "y":0.37466},
    {"x":0.71429,
     "y":0.37466},
    {"x":0.67655,
     "y":0.37466},
    {"x":0.63881,
     "y":0.37466},
    {"x":0.60916,
     "y":0.35849},
    {"x":0.59838,
     "y":0.32075},
    {"x":0.59569,
     "y":0.28302},
    {"x":0.60108,
     "y":0.24528},
    {"x":0.61725,
     "y":0.20755},
    {"x":0.63612,
     "y":0.16981},
    {"x":0.63881,
     "y":0.13208},
    {"x":0.63073,
     "y":0.09434},
    {"x":0.60916,
     "y":0.059299},
    {"x":0.58491,
     "y":0.026954},
    {"x":0.60916,
     "y":0},
    {"x":0.57143,
     "y":0},
    {"x":0.53369,
     "y":0},
    {"x":0.49596,
     "y":0},
    {"x":0.45822,
     "y":0},
    {"x":0.42049,
     "y":0},
    {"x":0.38275,
     "y":0},
    {"x":0.39353,
     "y":0.018868},
    {"x":0.37466,
     "y":0.056604},
    {"x":0.3531,
     "y":0.09434},
    {"x":0.34501,
     "y":0.13208},
    {"x":0.3504,
     "y":0.16981},
    {"x":0.36658,
     "y":0.20755},
    {"x":0.38544,
     "y":0.24528},
    {"x":0.38814,
     "y":0.28302},
    {"x":0.37197,
     "y":0.32075},
    {"x":0.36927,
     "y":0.35849},
    {"x":0.34771,
     "y":0.39084},
    {"x":0.30997,
     "y":0.4097},
    {"x":0.27224,
     "y":0.4124},
    {"x":0.2345,
     "y":0.40701},
    {"x":0.19677,
     "y":0.38814},
    {"x":0.15903,
     "y":0.37466},
    {"x":0.12129,
     "y":0.37466},
    {"x":0.083558,
     "y":0.37466},
    {"x":0.045822,
     "y":0.37466},
    {"x":0.0080863,
     "y":0.37466},
    {"x":0,
     "y":0.40431},
    {"x":0,
     "y":0.44205},
    {"x":0,
     "y":0.47978},
    {"x":0,
     "y":0.50135}],
 "triangles":[
    {"p1":75,
     "p2":76,
     "p3":77},
    {"p1":100,
     "p2":104,
     "p3":105},
    {"p1":85,
     "p2":86,
     "p3":87},
    {"p1":0,
     "p2":99,
     "p3":105},
    {"p1":99,
     "p2":100,
     "p3":105},
    {"p1":101,
     "p2":102,
     "p3":103},
    {"p1":101,
     "p2":103,
     "p3":104},
    {"p1":100,
     "p2":101,
     "p3":104},
    {"p1":84,
     "p2":85,
     "p3":87},
    {"p1":84,
     "p2":87,
     "p3":88},
    {"p1":75,
     "p2":77,
     "p3":78},
    {"p1":0,
     "p2":7,
     "p3":99},
    {"p1":66,
     "p2":92,
     "p3":93},
    {"p1":48,
     "p2":49,
     "p3":50},
    {"p1":55,
     "p2":56,
     "p3":57},
    {"p1":55,
     "p2":57,
     "p3":58},
    {"p1":80,
     "p2":83,
     "p3":84},
    {"p1":79,
     "p2":80,
     "p3":84},
    {"p1":75,
     "p2":78,
     "p3":79},
    {"p1":74,
     "p2":75,
     "p3":79},
    {"p1":79,
     "p2":84,
     "p3":88},
    {"p1":1,
     "p2":5,
     "p3":6},
    {"p1":0,
     "p2":1,
     "p3":6},
    {"p1":0,
     "p2":6,
     "p3":7},
    {"p1":7,
     "p2":9,
     "p3":99},
    {"p1":9,
     "p2":10,
     "p3":96},
    {"p1":7,
     "p2":8,
     "p3":9},
    {"p1":46,
     "p2":50,
     "p3":51},
    {"p1":13,
     "p2":39,
     "p3":66},
    {"p1":13,
     "p2":66,
     "p3":93},
    {"p1":13,
     "p2":14,
     "p3":39},
    {"p1":54,
     "p2":55,
     "p3":59},
    {"p1":55,
     "p2":58,
     "p3":59},
    {"p1":81,
     "p2":82,
     "p3":83},
    {"p1":80,
     "p2":81,
     "p3":83},
    {"p1":2,
     "p2":3,
     "p3":4},
    {"p1":2,
     "p2":4,
     "p3":5},
    {"p1":1,
     "p2":2,
     "p3":5},
    {"p1":22,
     "p2":23,
     "p3":24},
    {"p1":21,
     "p2":22,
     "p3":24},
    {"p1":9,
     "p2":97,
     "p3":99},
    {"p1":9,
     "p2":96,
     "p3":97},
    {"p1":10,
     "p2":11,
     "p3":95},
    {"p1":10,
     "p2":95,
     "p3":96},
    {"p1":47,
     "p2":48,
     "p3":50},
    {"p1":46,
     "p2":47,
     "p3":50},
    {"p1":45,
     "p2":51,
     "p3":52},
    {"p1":45,
     "p2":46,
     "p3":51},
    {"p1":12,
     "p2":13,
     "p3":93},
    {"p1":14,
     "p2":38,
     "p3":39},
    {"p1":18,
     "p2":19,
     "p3":34},
    {"p1":70,
     "p2":88,
     "p3":89},
    {"p1":69,
     "p2":70,
     "p3":89},
    {"p1":70,
     "p2":79,
     "p3":88},
    {"p1":70,
     "p2":74,
     "p3":79},
    {"p1":53,
     "p2":54,
     "p3":60},
    {"p1":54,
     "p2":59,
     "p3":60},
    {"p1":52,
     "p2":53,
     "p3":60},
    {"p1":45,
     "p2":52,
     "p3":60},
    {"p1":70,
     "p2":71,
     "p3":72},
    {"p1":72,
     "p2":73,
     "p3":74},
    {"p1":70,
     "p2":72,
     "p3":74},
    {"p1":19,
     "p2":33,
     "p3":34},
    {"p1":19,
     "p2":20,
     "p3":33},
    {"p1":97,
     "p2":98,
     "p3":99},
    {"p1":11,
     "p2":94,
     "p3":95},
    {"p1":11,
     "p2":12,
     "p3":94},
    {"p1":12,
     "p2":93,
     "p3":94},
    {"p1":15,
     "p2":16,
     "p3":37},
    {"p1":15,
     "p2":37,
     "p3":38},
    {"p1":14,
     "p2":15,
     "p3":38},
    {"p1":18,
     "p2":34,
     "p3":35},
    {"p1":17,
     "p2":18,
     "p3":35},
    {"p1":16,
     "p2":17,
     "p3":35},
    {"p1":16,
     "p2":35,
     "p3":37},
    {"p1":35,
     "p2":36,
     "p3":37},
    {"p1":66,
     "p2":67,
     "p3":92},
    {"p1":67,
     "p2":91,
     "p3":92},
    {"p1":67,
     "p2":90,
     "p3":91},
    {"p1":39,
     "p2":40,
     "p3":66},
    {"p1":40,
     "p2":65,
     "p3":66},
    {"p1":67,
     "p2":68,
     "p3":90},
    {"p1":68,
     "p2":89,
     "p3":90},
    {"p1":68,
     "p2":69,
     "p3":89},
    {"p1":20,
     "p2":21,
     "p3":25},
    {"p1":20,
     "p2":25,
     "p3":26},
    {"p1":21,
     "p2":24,
     "p3":25},
    {"p1":20,
     "p2":32,
     "p3":33},
    {"p1":20,
     "p2":26,
     "p3":32},
    {"p1":28,
     "p2":29,
     "p3":30},
    {"p1":28,
     "p2":30,
     "p3":31},
    {"p1":26,
     "p2":27,
     "p3":32},
    {"p1":27,
     "p2":31,
     "p3":32},
    {"p1":27,
     "p2":28,
     "p3":31},
    {"p1":44,
     "p2":45,
     "p3":60},
    {"p1":44,
     "p2":60,
     "p3":61},
    {"p1":44,
     "p2":61,
     "p3":62},
    {"p1":43,
     "p2":44,
     "p3":62},
    {"p1":42,
     "p2":43,
     "p3":62},
    {"p1":42,
     "p2":62,
     "p3":63},
    {"p1":40,
     "p2":41,
     "p3":65},
    {"p1":41,
     "p2":64,
     "p3":65},
    {"p1":41,
     "p2":42,
     "p3":63},
    {"p1":41,
     "p2":63,
     "p3":64}]
}