{"points":[
    {"x":0.017766,
     "y":0.52538},
    {"x":0.022843,
     "y":0.56091},
    {"x":0.032995,
     "y":0.59645},
    {"x":0.040609,
     "y":0.63198},
    {"x":0.048223,
     "y":0.66751},
    {"x":0.053299,
     "y":0.70305},
    {"x":0.060914,
     "y":0.73858},
    {"x":0.063452,
     "y":0.77411},
    {"x":0.063452,
     "y":0.80964},
    {"x":0.060914,
     "y":0.84518},
    {"x":0.055838,
     "y":0.88071},
    {"x":0.048223,
     "y":0.91624},
    {"x":0.040609,
     "y":0.95178},
    {"x":0.040609,
     "y":0.98477},
    {"x":0.076142,
     "y":0.98731},
    {"x":0.11168,
     "y":0.99239},
    {"x":0.14721,
     "y":0.99492},
    {"x":0.18274,
     "y":0.99746},
    {"x":0.21827,
     "y":1},
    {"x":0.25381,
     "y":1},
    {"x":0.28934,
     "y":1},
    {"x":0.32487,
     "y":1},
    {"x":0.36041,
     "y":0.99746},
    {"x":0.39594,
     "y":0.99239},
    {"x":0.43147,
     "y":0.98985},
    {"x":0.46701,
     "y":0.98477},
    {"x":0.50254,
     "y":0.97716},
    {"x":0.53807,
     "y":0.96954},
    {"x":0.5736,
     "y":0.96447},
    {"x":0.60914,
     "y":0.95685},
    {"x":0.64467,
     "y":0.94924},
    {"x":0.6802,
     "y":0.94416},
    {"x":0.71574,
     "y":0.94162},
    {"x":0.75127,
     "y":0.94162},
    {"x":0.7868,
     "y":0.9467},
    {"x":0.82234,
     "y":0.94924},
    {"x":0.85787,
     "y":0.95685},
    {"x":0.8934,
     "y":0.96447},
    {"x":0.92893,
     "y":0.96954},
    {"x":0.96447,
     "y":0.97208},
    {"x":0.97208,
     "y":0.94162},
    {"x":0.97462,
     "y":0.90609},
    {"x":0.97716,
     "y":0.87056},
    {"x":0.9797,
     "y":0.83503},
    {"x":0.98223,
     "y":0.79949},
    {"x":0.98477,
     "y":0.76396},
    {"x":0.98477,
     "y":0.72843},
    {"x":0.98477,
     "y":0.69289},
    {"x":0.98223,
     "y":0.65736},
    {"x":0.98223,
     "y":0.62183},
    {"x":0.9797,
     "y":0.58629},
    {"x":0.97462,
     "y":0.55076},
    {"x":0.97208,
     "y":0.51523},
    {"x":0.96701,
     "y":0.4797},
    {"x":0.96193,
     "y":0.44416},
    {"x":0.95685,
     "y":0.40863},
    {"x":0.95178,
     "y":0.3731},
    {"x":0.94924,
     "y":0.33756},
    {"x":0.9467,
     "y":0.30203},
    {"x":0.94924,
     "y":0.2665},
    {"x":0.94924,
     "y":0.23096},
    {"x":0.95178,
     "y":0.19543},
    {"x":0.95685,
     "y":0.1599},
    {"x":0.96193,
     "y":0.12437},
    {"x":0.96447,
     "y":0.088832},
    {"x":0.96701,
     "y":0.053299},
    {"x":0.96701,
     "y":0.017766},
    {"x":0.93401,
     "y":0.015228},
    {"x":0.89848,
     "y":0.01269},
    {"x":0.86294,
     "y":0.010152},
    {"x":0.82741,
     "y":0.0076142},
    {"x":0.79188,
     "y":0.0050761},
    {"x":0.75635,
     "y":0.0025381},
    {"x":0.72081,
     "y":0.0025381},
    {"x":0.68528,
     "y":0},
    {"x":0.64975,
     "y":0},
    {"x":0.61421,
     "y":0},
    {"x":0.57868,
     "y":0.0025381},
    {"x":0.54315,
     "y":0.0050761},
    {"x":0.50761,
     "y":0.0076142},
    {"x":0.47208,
     "y":0.010152},
    {"x":0.43655,
     "y":0.015228},
    {"x":0.40102,
     "y":0.020305},
    {"x":0.36548,
     "y":0.022843},
    {"x":0.32995,
     "y":0.027919},
    {"x":0.29442,
     "y":0.030457},
    {"x":0.25888,
     "y":0.032995},
    {"x":0.22335,
     "y":0.032995},
    {"x":0.18782,
     "y":0.030457},
    {"x":0.15228,
     "y":0.027919},
    {"x":0.11675,
     "y":0.025381},
    {"x":0.081218,
     "y":0.022843},
    {"x":0.045685,
     "y":0.017766},
    {"x":0.022843,
     "y":0.032995},
    {"x":0.020305,
     "y":0.068528},
    {"x":0.015228,
     "y":0.10406},
    {"x":0.01269,
     "y":0.13959},
    {"x":0.0076142,
     "y":0.17513},
    {"x":0.0050761,
     "y":0.21066},
    {"x":0.0025381,
     "y":0.24619},
    {"x":0,
     "y":0.28173},
    {"x":0,
     "y":0.31726},
    {"x":0,
     "y":0.35279},
    {"x":0,
     "y":0.38832},
    {"x":0.0025381,
     "y":0.42386},
    {"x":0.0076142,
     "y":0.45939},
    {"x":0.01269,
     "y":0.49492},
    {"x":0.017766,
     "y":0.52538}],
 "triangles":[
    {"p1":33,
     "p2":45,
     "p3":46},
    {"p1":33,
     "p2":46,
     "p3":47},
    {"p1":60,
     "p2":72,
     "p3":73},
    {"p1":60,
     "p2":61,
     "p3":72},
    {"p1":56,
     "p2":79,
     "p3":80},
    {"p1":2,
     "p2":81,
     "p3":82},
    {"p1":56,
     "p2":80,
     "p3":81},
    {"p1":0,
     "p2":2,
     "p3":82},
    {"p1":84,
     "p2":85,
     "p3":102},
    {"p1":86,
     "p2":99,
     "p3":100},
    {"p1":88,
     "p2":97,
     "p3":98},
    {"p1":88,
     "p2":89,
     "p3":97},
    {"p1":89,
     "p2":96,
     "p3":97},
    {"p1":36,
     "p2":37,
     "p3":42},
    {"p1":10,
     "p2":16,
     "p3":17},
    {"p1":4,
     "p2":26,
     "p3":27},
    {"p1":4,
     "p2":25,
     "p3":26},
    {"p1":4,
     "p2":5,
     "p3":25},
    {"p1":5,
     "p2":24,
     "p3":25},
    {"p1":5,
     "p2":6,
     "p3":24},
    {"p1":6,
     "p2":23,
     "p3":24},
    {"p1":6,
     "p2":7,
     "p3":21},
    {"p1":33,
     "p2":47,
     "p3":48},
    {"p1":2,
     "p2":27,
     "p3":28},
    {"p1":2,
     "p2":28,
     "p3":29},
    {"p1":31,
     "p2":49,
     "p3":50},
    {"p1":58,
     "p2":76,
     "p3":77},
    {"p1":2,
     "p2":29,
     "p3":54},
    {"p1":56,
     "p2":78,
     "p3":79},
    {"p1":87,
     "p2":88,
     "p3":98},
    {"p1":87,
     "p2":98,
     "p3":99},
    {"p1":86,
     "p2":87,
     "p3":99},
    {"p1":89,
     "p2":90,
     "p3":96},
    {"p1":92,
     "p2":93,
     "p3":94},
    {"p1":91,
     "p2":92,
     "p3":94},
    {"p1":85,
     "p2":86,
     "p3":101},
    {"p1":85,
     "p2":101,
     "p3":102},
    {"p1":86,
     "p2":100,
     "p3":101},
    {"p1":0,
     "p2":82,
     "p3":106},
    {"p1":0,
     "p2":1,
     "p3":2},
    {"p1":84,
     "p2":104,
     "p3":105},
    {"p1":38,
     "p2":39,
     "p3":40},
    {"p1":37,
     "p2":41,
     "p3":42},
    {"p1":38,
     "p2":40,
     "p3":41},
    {"p1":37,
     "p2":38,
     "p3":41},
    {"p1":36,
     "p2":42,
     "p3":43},
    {"p1":35,
     "p2":36,
     "p3":43},
    {"p1":35,
     "p2":43,
     "p3":44},
    {"p1":34,
     "p2":35,
     "p3":44},
    {"p1":34,
     "p2":44,
     "p3":45},
    {"p1":33,
     "p2":34,
     "p3":45},
    {"p1":8,
     "p2":18,
     "p3":19},
    {"p1":6,
     "p2":22,
     "p3":23},
    {"p1":6,
     "p2":21,
     "p3":22},
    {"p1":7,
     "p2":20,
     "p3":21},
    {"p1":31,
     "p2":50,
     "p3":51},
    {"p1":30,
     "p2":51,
     "p3":52},
    {"p1":30,
     "p2":31,
     "p3":51},
    {"p1":32,
     "p2":48,
     "p3":49},
    {"p1":31,
     "p2":32,
     "p3":49},
    {"p1":32,
     "p2":33,
     "p3":48},
    {"p1":58,
     "p2":75,
     "p3":76},
    {"p1":59,
     "p2":60,
     "p3":73},
    {"p1":57,
     "p2":58,
     "p3":77},
    {"p1":56,
     "p2":57,
     "p3":78},
    {"p1":57,
     "p2":77,
     "p3":78},
    {"p1":30,
     "p2":52,
     "p3":53},
    {"p1":29,
     "p2":53,
     "p3":54},
    {"p1":29,
     "p2":30,
     "p3":53},
    {"p1":61,
     "p2":71,
     "p3":72},
    {"p1":61,
     "p2":70,
     "p3":71},
    {"p1":90,
     "p2":91,
     "p3":95},
    {"p1":91,
     "p2":94,
     "p3":95},
    {"p1":90,
     "p2":95,
     "p3":96},
    {"p1":83,
     "p2":84,
     "p3":105},
    {"p1":83,
     "p2":105,
     "p3":106},
    {"p1":82,
     "p2":83,
     "p3":106},
    {"p1":12,
     "p2":13,
     "p3":14},
    {"p1":84,
     "p2":102,
     "p3":103},
    {"p1":84,
     "p2":103,
     "p3":104},
    {"p1":10,
     "p2":15,
     "p3":16},
    {"p1":9,
     "p2":17,
     "p3":18},
    {"p1":8,
     "p2":9,
     "p3":18},
    {"p1":9,
     "p2":10,
     "p3":17},
    {"p1":58,
     "p2":74,
     "p3":75},
    {"p1":59,
     "p2":73,
     "p3":74},
    {"p1":58,
     "p2":59,
     "p3":74},
    {"p1":61,
     "p2":62,
     "p3":70},
    {"p1":62,
     "p2":63,
     "p3":69},
    {"p1":62,
     "p2":69,
     "p3":70},
    {"p1":65,
     "p2":66,
     "p3":67},
    {"p1":11,
     "p2":12,
     "p3":14},
    {"p1":10,
     "p2":11,
     "p3":15},
    {"p1":11,
     "p2":14,
     "p3":15},
    {"p1":2,
     "p2":3,
     "p3":27},
    {"p1":3,
     "p2":4,
     "p3":27},
    {"p1":55,
     "p2":56,
     "p3":81},
    {"p1":2,
     "p2":55,
     "p3":81},
    {"p1":2,
     "p2":54,
     "p3":55},
    {"p1":7,
     "p2":8,
     "p3":20},
    {"p1":8,
     "p2":19,
     "p3":20},
    {"p1":63,
     "p2":68,
     "p3":69},
    {"p1":63,
     "p2":64,
     "p3":68},
    {"p1":64,
     "p2":67,
     "p3":68},
    {"p1":64,
     "p2":65,
     "p3":67}]
}