{"points":[
    {"x":0.0020243,
     "y":0.42713},
    {"x":0.052632,
     "y":0.45749},
    {"x":0.10931,
     "y":0.48988},
    {"x":0.16397,
     "y":0.51619},
    {"x":0.22065,
     "y":0.53644},
    {"x":0.27733,
     "y":0.54656},
    {"x":0.33401,
     "y":0.55061},
    {"x":0.39069,
     "y":0.54049},
    {"x":0.44332,
     "y":0.51417},
    {"x":0.48988,
     "y":0.47773},
    {"x":0.45749,
     "y":0.53036},
    {"x":0.41498,
     "y":0.583},
    {"x":0.3664,
     "y":0.63158},
    {"x":0.32186,
     "y":0.68016},
    {"x":0.2834,
     "y":0.73279},
    {"x":0.25709,
     "y":0.7834},
    {"x":0.24291,
     "y":0.84008},
    {"x":0.27126,
     "y":0.84818},
    {"x":0.32794,
     "y":0.81579},
    {"x":0.38462,
     "y":0.77935},
    {"x":0.43927,
     "y":0.73684},
    {"x":0.48988,
     "y":0.68421},
    {"x":0.52429,
     "y":0.62955},
    {"x":0.54453,
     "y":0.57287},
    {"x":0.54656,
     "y":0.51619},
    {"x":0.54049,
     "y":0.46964},
    {"x":0.56883,
     "y":0.52429},
    {"x":0.58907,
     "y":0.58097},
    {"x":0.60729,
     "y":0.63765},
    {"x":0.62146,
     "y":0.69433},
    {"x":0.64575,
     "y":0.75101},
    {"x":0.67814,
     "y":0.80567},
    {"x":0.71862,
     "y":0.85425},
    {"x":0.74696,
     "y":0.84211},
    {"x":0.74899,
     "y":0.78543},
    {"x":0.74696,
     "y":0.72874},
    {"x":0.74494,
     "y":0.67206},
    {"x":0.73279,
     "y":0.61538},
    {"x":0.71255,
     "y":0.5587},
    {"x":0.68219,
     "y":0.50202},
    {"x":0.63158,
     "y":0.45344},
    {"x":0.5749,
     "y":0.42713},
    {"x":0.58097,
     "y":0.417},
    {"x":0.63765,
     "y":0.42105},
    {"x":0.69433,
     "y":0.43117},
    {"x":0.74899,
     "y":0.44534},
    {"x":0.80567,
     "y":0.45749},
    {"x":0.86235,
     "y":0.46559},
    {"x":0.91903,
     "y":0.46559},
    {"x":0.97571,
     "y":0.45547},
    {"x":1,
     "y":0.42308},
    {"x":0.94534,
     "y":0.38866},
    {"x":0.88866,
     "y":0.3583},
    {"x":0.83401,
     "y":0.33198},
    {"x":0.77935,
     "y":0.31377},
    {"x":0.72267,
     "y":0.30364},
    {"x":0.66599,
     "y":0.30364},
    {"x":0.60931,
     "y":0.31579},
    {"x":0.55668,
     "y":0.34413},
    {"x":0.51619,
     "y":0.38057},
    {"x":0.54453,
     "y":0.32591},
    {"x":0.58907,
     "y":0.27126},
    {"x":0.6336,
     "y":0.22065},
    {"x":0.67409,
     "y":0.17409},
    {"x":0.71053,
     "y":0.12348},
    {"x":0.73887,
     "y":0.07085},
    {"x":0.75304,
     "y":0.01417},
    {"x":0.7247,
     "y":0.0060729},
    {"x":0.66802,
     "y":0.038462},
    {"x":0.61134,
     "y":0.074899},
    {"x":0.5587,
     "y":0.11538},
    {"x":0.51215,
     "y":0.16599},
    {"x":0.47773,
     "y":0.22267},
    {"x":0.45749,
     "y":0.27935},
    {"x":0.45547,
     "y":0.33603},
    {"x":0.47368,
     "y":0.39271},
    {"x":0.43927,
     "y":0.34615},
    {"x":0.41498,
     "y":0.2915},
    {"x":0.39676,
     "y":0.23482},
    {"x":0.38057,
     "y":0.17814},
    {"x":0.3583,
     "y":0.12146},
    {"x":0.32794,
     "y":0.064777},
    {"x":0.28947,
     "y":0.016194},
    {"x":0.25101,
     "y":0},
    {"x":0.24899,
     "y":0.05668},
    {"x":0.24899,
     "y":0.11336},
    {"x":0.25304,
     "y":0.17004},
    {"x":0.26316,
     "y":0.22672},
    {"x":0.27935,
     "y":0.2834},
    {"x":0.30972,
     "y":0.34008},
    {"x":0.35425,
     "y":0.39474},
    {"x":0.41093,
     "y":0.4251},
    {"x":0.45142,
     "y":0.44332},
    {"x":0.39474,
     "y":0.4413},
    {"x":0.33806,
     "y":0.4332},
    {"x":0.28138,
     "y":0.42105},
    {"x":0.2247,
     "y":0.40688},
    {"x":0.16802,
     "y":0.39676},
    {"x":0.11134,
     "y":0.39271},
    {"x":0.054656,
     "y":0.39879},
    {"x":0,
     "y":0.417},
    {"x":0.0020243,
     "y":0.42713}],
 "triangles":[
    {"p1":31,
     "p2":32,
     "p3":33},
    {"p1":31,
     "p2":33,
     "p3":34},
    {"p1":31,
     "p2":34,
     "p3":35},
    {"p1":65,
     "p2":66,
     "p3":67},
    {"p1":45,
     "p2":46,
     "p3":53},
    {"p1":27,
     "p2":38,
     "p3":39},
    {"p1":49,
     "p2":50,
     "p3":51},
    {"p1":48,
     "p2":49,
     "p3":51},
    {"p1":0,
     "p2":99,
     "p3":100},
    {"p1":0,
     "p2":1,
     "p3":99},
    {"p1":64,
     "p2":65,
     "p3":68},
    {"p1":64,
     "p2":68,
     "p3":69},
    {"p1":65,
     "p2":67,
     "p3":68},
    {"p1":46,
     "p2":52,
     "p3":53},
    {"p1":48,
     "p2":51,
     "p3":52},
    {"p1":30,
     "p2":31,
     "p3":35},
    {"p1":26,
     "p2":27,
     "p3":39},
    {"p1":62,
     "p2":70,
     "p3":71},
    {"p1":63,
     "p2":64,
     "p3":69},
    {"p1":63,
     "p2":69,
     "p3":70},
    {"p1":62,
     "p2":63,
     "p3":70},
    {"p1":78,
     "p2":87,
     "p3":88},
    {"p1":77,
     "p2":78,
     "p3":88},
    {"p1":13,
     "p2":14,
     "p3":19},
    {"p1":13,
     "p2":19,
     "p3":20},
    {"p1":41,
     "p2":42,
     "p3":59},
    {"p1":42,
     "p2":43,
     "p3":57},
    {"p1":61,
     "p2":62,
     "p3":71},
    {"p1":59,
     "p2":74,
     "p3":75},
    {"p1":80,
     "p2":81,
     "p3":85},
    {"p1":80,
     "p2":85,
     "p3":86},
    {"p1":78,
     "p2":79,
     "p3":87},
    {"p1":79,
     "p2":86,
     "p3":87},
    {"p1":79,
     "p2":80,
     "p3":86},
    {"p1":61,
     "p2":71,
     "p3":72},
    {"p1":47,
     "p2":48,
     "p3":52},
    {"p1":46,
     "p2":47,
     "p3":52},
    {"p1":30,
     "p2":35,
     "p3":36},
    {"p1":28,
     "p2":37,
     "p3":38},
    {"p1":27,
     "p2":28,
     "p3":38},
    {"p1":26,
     "p2":39,
     "p3":40},
    {"p1":43,
     "p2":56,
     "p3":57},
    {"p1":45,
     "p2":53,
     "p3":54},
    {"p1":45,
     "p2":54,
     "p3":55},
    {"p1":44,
     "p2":45,
     "p3":55},
    {"p1":43,
     "p2":44,
     "p3":56},
    {"p1":44,
     "p2":55,
     "p3":56},
    {"p1":3,
     "p2":4,
     "p3":96},
    {"p1":14,
     "p2":18,
     "p3":19},
    {"p1":59,
     "p2":60,
     "p3":74},
    {"p1":60,
     "p2":73,
     "p3":74},
    {"p1":60,
     "p2":72,
     "p3":73},
    {"p1":60,
     "p2":61,
     "p3":72},
    {"p1":76,
     "p2":77,
     "p3":90},
    {"p1":81,
     "p2":84,
     "p3":85},
    {"p1":29,
     "p2":30,
     "p3":36},
    {"p1":29,
     "p2":36,
     "p3":37},
    {"p1":28,
     "p2":29,
     "p3":37},
    {"p1":77,
     "p2":89,
     "p3":90},
    {"p1":77,
     "p2":88,
     "p3":89},
    {"p1":1,
     "p2":2,
     "p3":98},
    {"p1":1,
     "p2":98,
     "p3":99},
    {"p1":12,
     "p2":13,
     "p3":20},
    {"p1":12,
     "p2":20,
     "p3":21},
    {"p1":11,
     "p2":12,
     "p3":21},
    {"p1":11,
     "p2":21,
     "p3":22},
    {"p1":14,
     "p2":15,
     "p3":18},
    {"p1":42,
     "p2":58,
     "p3":59},
    {"p1":42,
     "p2":57,
     "p3":58},
    {"p1":82,
     "p2":83,
     "p3":84},
    {"p1":81,
     "p2":82,
     "p3":84},
    {"p1":4,
     "p2":95,
     "p3":96},
    {"p1":2,
     "p2":97,
     "p3":98},
    {"p1":2,
     "p2":3,
     "p3":97},
    {"p1":3,
     "p2":96,
     "p3":97},
    {"p1":15,
     "p2":16,
     "p3":17},
    {"p1":15,
     "p2":17,
     "p3":18},
    {"p1":5,
     "p2":6,
     "p3":94},
    {"p1":5,
     "p2":94,
     "p3":95},
    {"p1":4,
     "p2":5,
     "p3":95},
    {"p1":25,
     "p2":40,
     "p3":41},
    {"p1":25,
     "p2":26,
     "p3":40},
    {"p1":25,
     "p2":41,
     "p3":59},
    {"p1":9,
     "p2":75,
     "p3":92},
    {"p1":9,
     "p2":59,
     "p3":75},
    {"p1":9,
     "p2":25,
     "p3":59},
    {"p1":8,
     "p2":92,
     "p3":93},
    {"p1":8,
     "p2":9,
     "p3":92},
    {"p1":6,
     "p2":7,
     "p3":94},
    {"p1":7,
     "p2":93,
     "p3":94},
    {"p1":7,
     "p2":8,
     "p3":93},
    {"p1":75,
     "p2":91,
     "p3":92},
    {"p1":75,
     "p2":76,
     "p3":91},
    {"p1":76,
     "p2":90,
     "p3":91},
    {"p1":9,
     "p2":24,
     "p3":25},
    {"p1":10,
     "p2":11,
     "p3":22},
    {"p1":10,
     "p2":22,
     "p3":23},
    {"p1":10,
     "p2":23,
     "p3":24},
    {"p1":9,
     "p2":10,
     "p3":24}]
}