{"points":[
    {"x":0.386,
     "y":0.37923},
    {"x":0.37923,
     "y":0.41084},
    {"x":0.37246,
     "y":0.44244},
    {"x":0.34763,
     "y":0.45598},
    {"x":0.31603,
     "y":0.45598},
    {"x":0.28442,
     "y":0.45824},
    {"x":0.25282,
     "y":0.4605},
    {"x":0.22122,
     "y":0.46275},
    {"x":0.18962,
     "y":0.46727},
    {"x":0.15801,
     "y":0.46953},
    {"x":0.12641,
     "y":0.47404},
    {"x":0.099323,
     "y":0.48533},
    {"x":0.088036,
     "y":0.51693},
    {"x":0.072235,
     "y":0.54853},
    {"x":0.058691,
     "y":0.58014},
    {"x":0.040632,
     "y":0.61174},
    {"x":0.024831,
     "y":0.64334},
    {"x":0.013544,
     "y":0.67494},
    {"x":0.0045147,
     "y":0.70655},
    {"x":0,
     "y":0.73815},
    {"x":0.0090293,
     "y":0.75847},
    {"x":0.040632,
     "y":0.75395},
    {"x":0.072235,
     "y":0.74492},
    {"x":0.10384,
     "y":0.73363},
    {"x":0.13318,
     "y":0.72235},
    {"x":0.16479,
     "y":0.70655},
    {"x":0.19413,
     "y":0.69074},
    {"x":0.22348,
     "y":0.67946},
    {"x":0.25508,
     "y":0.66591},
    {"x":0.28668,
     "y":0.65688},
    {"x":0.31377,
     "y":0.65011},
    {"x":0.34537,
     "y":0.64108},
    {"x":0.37698,
     "y":0.63431},
    {"x":0.40858,
     "y":0.63205},
    {"x":0.44018,
     "y":0.6298},
    {"x":0.47178,
     "y":0.62754},
    {"x":0.50339,
     "y":0.62754},
    {"x":0.53499,
     "y":0.6298},
    {"x":0.56659,
     "y":0.63205},
    {"x":0.59819,
     "y":0.63657},
    {"x":0.6298,
     "y":0.64334},
    {"x":0.6614,
     "y":0.65011},
    {"x":0.693,
     "y":0.65914},
    {"x":0.7246,
     "y":0.67043},
    {"x":0.75621,
     "y":0.68397},
    {"x":0.7833,
     "y":0.69526},
    {"x":0.8149,
     "y":0.71106},
    {"x":0.84199,
     "y":0.7246},
    {"x":0.87133,
     "y":0.73589},
    {"x":0.90293,
     "y":0.74718},
    {"x":0.93454,
     "y":0.75395},
    {"x":0.96614,
     "y":0.76072},
    {"x":0.99774,
     "y":0.76072},
    {"x":1,
     "y":0.72912},
    {"x":0.99774,
     "y":0.69752},
    {"x":0.99323,
     "y":0.66591},
    {"x":0.9842,
     "y":0.63431},
    {"x":0.97291,
     "y":0.60271},
    {"x":0.95937,
     "y":0.57111},
    {"x":0.94582,
     "y":0.5395},
    {"x":0.93002,
     "y":0.5079},
    {"x":0.91196,
     "y":0.48307},
    {"x":0.88036,
     "y":0.48081},
    {"x":0.84876,
     "y":0.4763},
    {"x":0.81716,
     "y":0.47178},
    {"x":0.78555,
     "y":0.46727},
    {"x":0.75395,
     "y":0.46501},
    {"x":0.72235,
     "y":0.4605},
    {"x":0.69074,
     "y":0.45824},
    {"x":0.65914,
     "y":0.45598},
    {"x":0.6298,
     "y":0.44921},
    {"x":0.62302,
     "y":0.41761},
    {"x":0.61625,
     "y":0.386},
    {"x":0.60948,
     "y":0.3544},
    {"x":0.60271,
     "y":0.3228},
    {"x":0.59819,
     "y":0.2912},
    {"x":0.59368,
     "y":0.25959},
    {"x":0.58916,
     "y":0.22799},
    {"x":0.58465,
     "y":0.19639},
    {"x":0.58239,
     "y":0.16479},
    {"x":0.58014,
     "y":0.13318},
    {"x":0.58014,
     "y":0.10158},
    {"x":0.58014,
     "y":0.069977},
    {"x":0.57788,
     "y":0.038375},
    {"x":0.58014,
     "y":0.006772},
    {"x":0.55982,
     "y":0},
    {"x":0.52822,
     "y":0.006772},
    {"x":0.49661,
     "y":0.006772},
    {"x":0.46501,
     "y":0.0090293},
    {"x":0.43567,
     "y":0.006772},
    {"x":0.43567,
     "y":0.038375},
    {"x":0.43341,
     "y":0.069977},
    {"x":0.43115,
     "y":0.10158},
    {"x":0.42664,
     "y":0.13318},
    {"x":0.42438,
     "y":0.16479},
    {"x":0.41986,
     "y":0.19639},
    {"x":0.41535,
     "y":0.22799},
    {"x":0.41084,
     "y":0.25959},
    {"x":0.40406,
     "y":0.2912},
    {"x":0.39955,
     "y":0.3228},
    {"x":0.39278,
     "y":0.3544},
    {"x":0.386,
     "y":0.37923}],
 "triangles":[
    {"p1":51,
     "p2":52,
     "p3":53},
    {"p1":19,
     "p2":20,
     "p3":21},
    {"p1":50,
     "p2":51,
     "p3":53},
    {"p1":16,
     "p2":17,
     "p3":23},
    {"p1":18,
     "p2":19,
     "p3":21},
    {"p1":16,
     "p2":23,
     "p3":24},
    {"p1":3,
     "p2":31,
     "p3":32},
    {"p1":2,
     "p2":36,
     "p3":70},
    {"p1":2,
     "p2":70,
     "p3":71},
    {"p1":17,
     "p2":22,
     "p3":23},
    {"p1":18,
     "p2":21,
     "p3":22},
    {"p1":17,
     "p2":18,
     "p3":22},
    {"p1":7,
     "p2":8,
     "p3":28},
    {"p1":7,
     "p2":28,
     "p3":29},
    {"p1":14,
     "p2":25,
     "p3":26},
    {"p1":5,
     "p2":6,
     "p3":29},
    {"p1":6,
     "p2":7,
     "p3":29},
    {"p1":2,
     "p2":35,
     "p3":36},
    {"p1":2,
     "p2":34,
     "p3":35},
    {"p1":8,
     "p2":27,
     "p3":28},
    {"p1":8,
     "p2":9,
     "p3":27},
    {"p1":5,
     "p2":29,
     "p3":30},
    {"p1":5,
     "p2":30,
     "p3":31},
    {"p1":4,
     "p2":5,
     "p3":31},
    {"p1":3,
     "p2":4,
     "p3":31},
    {"p1":3,
     "p2":32,
     "p3":33},
    {"p1":2,
     "p2":33,
     "p3":34},
    {"p1":2,
     "p2":3,
     "p3":33},
    {"p1":42,
     "p2":43,
     "p3":66},
    {"p1":43,
     "p2":65,
     "p3":66},
    {"p1":44,
     "p2":64,
     "p3":65},
    {"p1":43,
     "p2":44,
     "p3":65},
    {"p1":60,
     "p2":61,
     "p3":62},
    {"p1":59,
     "p2":60,
     "p3":62},
    {"p1":59,
     "p2":62,
     "p3":63},
    {"p1":83,
     "p2":84,
     "p3":85},
    {"p1":82,
     "p2":87,
     "p3":91},
    {"p1":81,
     "p2":82,
     "p3":91},
    {"p1":81,
     "p2":91,
     "p3":92},
    {"p1":48,
     "p2":49,
     "p3":56},
    {"p1":45,
     "p2":59,
     "p3":63},
    {"p1":44,
     "p2":45,
     "p3":64},
    {"p1":45,
     "p2":63,
     "p3":64},
    {"p1":15,
     "p2":24,
     "p3":25},
    {"p1":14,
     "p2":15,
     "p3":25},
    {"p1":15,
     "p2":16,
     "p3":24},
    {"p1":36,
     "p2":37,
     "p3":70},
    {"p1":13,
     "p2":14,
     "p3":26},
    {"p1":13,
     "p2":26,
     "p3":27},
    {"p1":1,
     "p2":2,
     "p3":71},
    {"p1":78,
     "p2":79,
     "p3":94},
    {"p1":1,
     "p2":71,
     "p3":72},
    {"p1":0,
     "p2":1,
     "p3":72},
    {"p1":42,
     "p2":66,
     "p3":67},
    {"p1":41,
     "p2":42,
     "p3":67},
    {"p1":41,
     "p2":67,
     "p3":68},
    {"p1":40,
     "p2":41,
     "p3":69},
    {"p1":41,
     "p2":68,
     "p3":69},
    {"p1":80,
     "p2":81,
     "p3":92},
    {"p1":80,
     "p2":92,
     "p3":93},
    {"p1":82,
     "p2":86,
     "p3":87},
    {"p1":82,
     "p2":83,
     "p3":86},
    {"p1":83,
     "p2":85,
     "p3":86},
    {"p1":88,
     "p2":89,
     "p3":90},
    {"p1":45,
     "p2":58,
     "p3":59},
    {"p1":45,
     "p2":46,
     "p3":58},
    {"p1":47,
     "p2":48,
     "p3":57},
    {"p1":48,
     "p2":56,
     "p3":57},
    {"p1":46,
     "p2":47,
     "p3":57},
    {"p1":46,
     "p2":57,
     "p3":58},
    {"p1":49,
     "p2":50,
     "p3":55},
    {"p1":49,
     "p2":55,
     "p3":56},
    {"p1":39,
     "p2":69,
     "p3":70},
    {"p1":39,
     "p2":40,
     "p3":69},
    {"p1":9,
     "p2":12,
     "p3":27},
    {"p1":12,
     "p2":13,
     "p3":27},
    {"p1":9,
     "p2":10,
     "p3":12},
    {"p1":10,
     "p2":11,
     "p3":12},
    {"p1":78,
     "p2":94,
     "p3":95},
    {"p1":0,
     "p2":72,
     "p3":100},
    {"p1":72,
     "p2":73,
     "p3":100},
    {"p1":50,
     "p2":53,
     "p3":54},
    {"p1":50,
     "p2":54,
     "p3":55},
    {"p1":37,
     "p2":38,
     "p3":70},
    {"p1":38,
     "p2":39,
     "p3":70},
    {"p1":75,
     "p2":97,
     "p3":98},
    {"p1":75,
     "p2":76,
     "p3":97},
    {"p1":80,
     "p2":93,
     "p3":94},
    {"p1":79,
     "p2":80,
     "p3":94},
    {"p1":87,
     "p2":90,
     "p3":91},
    {"p1":87,
     "p2":88,
     "p3":90},
    {"p1":77,
     "p2":78,
     "p3":95},
    {"p1":77,
     "p2":95,
     "p3":96},
    {"p1":77,
     "p2":96,
     "p3":97},
    {"p1":76,
     "p2":77,
     "p3":97},
    {"p1":74,
     "p2":75,
     "p3":99},
    {"p1":75,
     "p2":98,
     "p3":99},
    {"p1":73,
     "p2":74,
     "p3":99},
    {"p1":73,
     "p2":99,
     "p3":100}]
}