{"points":[
    {"x":0,
     "y":0.468},
    {"x":0.05,
     "y":0.492},
    {"x":0.1,
     "y":0.508},
    {"x":0.15,
     "y":0.52},
    {"x":0.2,
     "y":0.528},
    {"x":0.25,
     "y":0.53},
    {"x":0.3,
     "y":0.528},
    {"x":0.274,
     "y":0.558},
    {"x":0.224,
     "y":0.596},
    {"x":0.18,
     "y":0.64},
    {"x":0.142,
     "y":0.688},
    {"x":0.11,
     "y":0.738},
    {"x":0.12,
     "y":0.764},
    {"x":0.17,
     "y":0.76},
    {"x":0.22,
     "y":0.752},
    {"x":0.27,
     "y":0.736},
    {"x":0.32,
     "y":0.712},
    {"x":0.32,
     "y":0.758},
    {"x":0.318,
     "y":0.808},
    {"x":0.322,
     "y":0.858},
    {"x":0.334,
     "y":0.908},
    {"x":0.354,
     "y":0.938},
    {"x":0.394,
     "y":0.892},
    {"x":0.428,
     "y":0.842},
    {"x":0.456,
     "y":0.792},
    {"x":0.478,
     "y":0.742},
    {"x":0.492,
     "y":0.692},
    {"x":0.51,
     "y":0.69},
    {"x":0.524,
     "y":0.74},
    {"x":0.546,
     "y":0.79},
    {"x":0.572,
     "y":0.84},
    {"x":0.606,
     "y":0.89},
    {"x":0.646,
     "y":0.936},
    {"x":0.668,
     "y":0.91},
    {"x":0.678,
     "y":0.86},
    {"x":0.684,
     "y":0.81},
    {"x":0.682,
     "y":0.76},
    {"x":0.68,
     "y":0.712},
    {"x":0.73,
     "y":0.734},
    {"x":0.78,
     "y":0.75},
    {"x":0.83,
     "y":0.76},
    {"x":0.88,
     "y":0.764},
    {"x":0.894,
     "y":0.74},
    {"x":0.86,
     "y":0.69},
    {"x":0.824,
     "y":0.642},
    {"x":0.78,
     "y":0.598},
    {"x":0.73,
     "y":0.56},
    {"x":0.7,
     "y":0.528},
    {"x":0.75,
     "y":0.532},
    {"x":0.8,
     "y":0.528},
    {"x":0.85,
     "y":0.522},
    {"x":0.9,
     "y":0.51},
    {"x":0.95,
     "y":0.492},
    {"x":1,
     "y":0.47},
    {"x":0.954,
     "y":0.436},
    {"x":0.904,
     "y":0.41},
    {"x":0.854,
     "y":0.392},
    {"x":0.804,
     "y":0.38},
    {"x":0.816,
     "y":0.342},
    {"x":0.852,
     "y":0.294},
    {"x":0.882,
     "y":0.244},
    {"x":0.902,
     "y":0.194},
    {"x":0.878,
     "y":0.18},
    {"x":0.828,
     "y":0.192},
    {"x":0.778,
     "y":0.21},
    {"x":0.728,
     "y":0.234},
    {"x":0.678,
     "y":0.266},
    {"x":0.628,
     "y":0.304},
    {"x":0.632,
     "y":0.268},
    {"x":0.646,
     "y":0.218},
    {"x":0.656,
     "y":0.168},
    {"x":0.662,
     "y":0.118},
    {"x":0.662,
     "y":0.068},
    {"x":0.66,
     "y":0.018},
    {"x":0.634,
     "y":0.008},
    {"x":0.586,
     "y":0.05},
    {"x":0.546,
     "y":0.098},
    {"x":0.514,
     "y":0.148},
    {"x":0.484,
     "y":0.138},
    {"x":0.45,
     "y":0.088},
    {"x":0.408,
     "y":0.042},
    {"x":0.358,
     "y":0},
    {"x":0.342,
     "y":0.028},
    {"x":0.338,
     "y":0.078},
    {"x":0.34,
     "y":0.128},
    {"x":0.348,
     "y":0.178},
    {"x":0.358,
     "y":0.228},
    {"x":0.376,
     "y":0.278},
    {"x":0.364,
     "y":0.296},
    {"x":0.314,
     "y":0.258},
    {"x":0.264,
     "y":0.23},
    {"x":0.214,
     "y":0.206},
    {"x":0.164,
     "y":0.19},
    {"x":0.114,
     "y":0.178},
    {"x":0.104,
     "y":0.204},
    {"x":0.126,
     "y":0.254},
    {"x":0.156,
     "y":0.304},
    {"x":0.194,
     "y":0.352},
    {"x":0.188,
     "y":0.382},
    {"x":0.138,
     "y":0.394},
    {"x":0.088,
     "y":0.414},
    {"x":0.038,
     "y":0.44},
    {"x":0,
     "y":0.468}],
 "triangles":[
    {"p1":6,
     "p2":67,
     "p3":88},
    {"p1":6,
     "p2":88,
     "p3":98},
    {"p1":6,
     "p2":16,
     "p3":26},
    {"p1":6,
     "p2":26,
     "p3":27},
    {"p1":6,
     "p2":47,
     "p3":67},
    {"p1":6,
     "p2":27,
     "p3":47},
    {"p1":27,
     "p2":37,
     "p3":47},
    {"p1":6,
     "p2":7,
     "p3":16},
    {"p1":7,
     "p2":8,
     "p3":16},
    {"p1":88,
     "p2":97,
     "p3":98},
    {"p1":91,
     "p2":95,
     "p3":96},
    {"p1":91,
     "p2":92,
     "p3":95},
    {"p1":8,
     "p2":15,
     "p3":16},
    {"p1":10,
     "p2":13,
     "p3":14},
    {"p1":11,
     "p2":12,
     "p3":13},
    {"p1":10,
     "p2":11,
     "p3":13},
    {"p1":9,
     "p2":10,
     "p3":14},
    {"p1":8,
     "p2":9,
     "p3":15},
    {"p1":9,
     "p2":14,
     "p3":15},
    {"p1":0,
     "p2":1,
     "p3":101},
    {"p1":88,
     "p2":89,
     "p3":97},
    {"p1":67,
     "p2":87,
     "p3":88},
    {"p1":30,
     "p2":35,
     "p3":36},
    {"p1":92,
     "p2":93,
     "p3":94},
    {"p1":92,
     "p2":94,
     "p3":95},
    {"p1":16,
     "p2":25,
     "p3":26},
    {"p1":16,
     "p2":17,
     "p3":25},
    {"p1":17,
     "p2":24,
     "p3":25},
    {"p1":18,
     "p2":19,
     "p3":23},
    {"p1":17,
     "p2":18,
     "p3":23},
    {"p1":17,
     "p2":23,
     "p3":24},
    {"p1":5,
     "p2":6,
     "p3":98},
    {"p1":4,
     "p2":5,
     "p3":98},
    {"p1":3,
     "p2":4,
     "p3":98},
    {"p1":3,
     "p2":98,
     "p3":99},
    {"p1":89,
     "p2":90,
     "p3":97},
    {"p1":90,
     "p2":91,
     "p3":96},
    {"p1":90,
     "p2":96,
     "p3":97},
    {"p1":78,
     "p2":85,
     "p3":86},
    {"p1":78,
     "p2":86,
     "p3":87},
    {"p1":38,
     "p2":39,
     "p3":44},
    {"p1":37,
     "p2":38,
     "p3":45},
    {"p1":38,
     "p2":44,
     "p3":45},
    {"p1":39,
     "p2":43,
     "p3":44},
    {"p1":30,
     "p2":34,
     "p3":35},
    {"p1":47,
     "p2":48,
     "p3":57},
    {"p1":47,
     "p2":57,
     "p3":67},
    {"p1":37,
     "p2":46,
     "p3":47},
    {"p1":37,
     "p2":45,
     "p3":46},
    {"p1":72,
     "p2":73,
     "p3":74},
    {"p1":58,
     "p2":59,
     "p3":64},
    {"p1":27,
     "p2":28,
     "p3":37},
    {"p1":19,
     "p2":20,
     "p3":22},
    {"p1":19,
     "p2":22,
     "p3":23},
    {"p1":20,
     "p2":21,
     "p3":22},
    {"p1":2,
     "p2":3,
     "p3":99},
    {"p1":79,
     "p2":84,
     "p3":85},
    {"p1":78,
     "p2":79,
     "p3":85},
    {"p1":79,
     "p2":83,
     "p3":84},
    {"p1":72,
     "p2":74,
     "p3":75},
    {"p1":30,
     "p2":31,
     "p3":34},
    {"p1":31,
     "p2":33,
     "p3":34},
    {"p1":31,
     "p2":32,
     "p3":33},
    {"p1":39,
     "p2":40,
     "p3":43},
    {"p1":40,
     "p2":41,
     "p3":42},
    {"p1":40,
     "p2":42,
     "p3":43},
    {"p1":60,
     "p2":61,
     "p3":62},
    {"p1":77,
     "p2":78,
     "p3":87},
    {"p1":67,
     "p2":77,
     "p3":87},
    {"p1":67,
     "p2":68,
     "p3":77},
    {"p1":48,
     "p2":49,
     "p3":57},
    {"p1":49,
     "p2":56,
     "p3":57},
    {"p1":49,
     "p2":50,
     "p3":56},
    {"p1":60,
     "p2":62,
     "p3":63},
    {"p1":59,
     "p2":63,
     "p3":64},
    {"p1":59,
     "p2":60,
     "p3":63},
    {"p1":71,
     "p2":72,
     "p3":75},
    {"p1":69,
     "p2":70,
     "p3":77},
    {"p1":68,
     "p2":69,
     "p3":77},
    {"p1":57,
     "p2":66,
     "p3":67},
    {"p1":57,
     "p2":58,
     "p3":66},
    {"p1":29,
     "p2":36,
     "p3":37},
    {"p1":28,
     "p2":29,
     "p3":37},
    {"p1":29,
     "p2":30,
     "p3":36},
    {"p1":2,
     "p2":99,
     "p3":100},
    {"p1":1,
     "p2":100,
     "p3":101},
    {"p1":1,
     "p2":2,
     "p3":100},
    {"p1":80,
     "p2":82,
     "p3":83},
    {"p1":79,
     "p2":80,
     "p3":83},
    {"p1":80,
     "p2":81,
     "p3":82},
    {"p1":71,
     "p2":75,
     "p3":76},
    {"p1":70,
     "p2":76,
     "p3":77},
    {"p1":70,
     "p2":71,
     "p3":76},
    {"p1":52,
     "p2":53,
     "p3":54},
    {"p1":51,
     "p2":52,
     "p3":54},
    {"p1":58,
     "p2":64,
     "p3":65},
    {"p1":58,
     "p2":65,
     "p3":66},
    {"p1":51,
     "p2":54,
     "p3":55},
    {"p1":50,
     "p2":51,
     "p3":55},
    {"p1":50,
     "p2":55,
     "p3":56}]
}