{"points":[
    {"x":0,
     "y":0.49524},
    {"x":0.02381,
     "y":0.50714},
    {"x":0.040476,
     "y":0.54524},
    {"x":0.069048,
     "y":0.57381},
    {"x":0.1,
     "y":0.59762},
    {"x":0.13095,
     "y":0.61429},
    {"x":0.15714,
     "y":0.63571},
    {"x":0.14048,
     "y":0.67143},
    {"x":0.11667,
     "y":0.70952},
    {"x":0.1,
     "y":0.75476},
    {"x":0.085714,
     "y":0.8},
    {"x":0.083333,
     "y":0.84524},
    {"x":0.064286,
     "y":0.88571},
    {"x":0.080952,
     "y":0.9119},
    {"x":0.10238,
     "y":0.9119},
    {"x":0.14762,
     "y":0.90952},
    {"x":0.19286,
     "y":0.9},
    {"x":0.23095,
     "y":0.89048},
    {"x":0.27381,
     "y":0.87143},
    {"x":0.31905,
     "y":0.85476},
    {"x":0.35952,
     "y":0.84762},
    {"x":0.37619,
     "y":0.88095},
    {"x":0.3881,
     "y":0.90238},
    {"x":0.41667,
     "y":0.92381},
    {"x":0.44286,
     "y":0.94048},
    {"x":0.46667,
     "y":0.95952},
    {"x":0.4881,
     "y":0.98095},
    {"x":0.50952,
     "y":0.99286},
    {"x":0.54286,
     "y":0.9619},
    {"x":0.57381,
     "y":0.93333},
    {"x":0.59286,
     "y":0.89524},
    {"x":0.61905,
     "y":0.87857},
    {"x":0.62381,
     "y":0.85238},
    {"x":0.64286,
     "y":0.83571},
    {"x":0.68333,
     "y":0.86429},
    {"x":0.72143,
     "y":0.87857},
    {"x":0.75714,
     "y":0.8881},
    {"x":0.79048,
     "y":0.90714},
    {"x":0.82381,
     "y":0.90952},
    {"x":0.86905,
     "y":0.91429},
    {"x":0.90476,
     "y":0.92619},
    {"x":0.91429,
     "y":0.89524},
    {"x":0.91429,
     "y":0.85476},
    {"x":0.91667,
     "y":0.80952},
    {"x":0.89762,
     "y":0.78333},
    {"x":0.88333,
     "y":0.74524},
    {"x":0.86905,
     "y":0.70238},
    {"x":0.85,
     "y":0.66429},
    {"x":0.83571,
     "y":0.63571},
    {"x":0.87619,
     "y":0.61905},
    {"x":0.91905,
     "y":0.58571},
    {"x":0.95714,
     "y":0.55},
    {"x":1,
     "y":0.53095},
    {"x":0.98571,
     "y":0.50476},
    {"x":0.97857,
     "y":0.46905},
    {"x":0.95238,
     "y":0.43333},
    {"x":0.9119,
     "y":0.41429},
    {"x":0.88095,
     "y":0.37619},
    {"x":0.84286,
     "y":0.35714},
    {"x":0.85,
     "y":0.32381},
    {"x":0.87857,
     "y":0.28095},
    {"x":0.89762,
     "y":0.23571},
    {"x":0.90238,
     "y":0.20238},
    {"x":0.90952,
     "y":0.15714},
    {"x":0.91905,
     "y":0.1119},
    {"x":0.91905,
     "y":0.071429},
    {"x":0.88095,
     "y":0.07619},
    {"x":0.84524,
     "y":0.07619},
    {"x":0.8119,
     "y":0.080952},
    {"x":0.76667,
     "y":0.092857},
    {"x":0.72143,
     "y":0.10476},
    {"x":0.67857,
     "y":0.12857},
    {"x":0.64048,
     "y":0.15476},
    {"x":0.61667,
     "y":0.12381},
    {"x":0.59286,
     "y":0.090476},
    {"x":0.57143,
     "y":0.05},
    {"x":0.5381,
     "y":0.02619},
    {"x":0.49524,
     "y":0},
    {"x":0.45,
     "y":0.02619},
    {"x":0.40952,
     "y":0.064286},
    {"x":0.40714,
     "y":0.088095},
    {"x":0.37619,
     "y":0.12381},
    {"x":0.34048,
     "y":0.15476},
    {"x":0.30714,
     "y":0.13095},
    {"x":0.26667,
     "y":0.10952},
    {"x":0.22381,
     "y":0.10952},
    {"x":0.19524,
     "y":0.090476},
    {"x":0.15476,
     "y":0.080952},
    {"x":0.1119,
     "y":0.083333},
    {"x":0.07381,
     "y":0.064286},
    {"x":0.059524,
     "y":0.083333},
    {"x":0.07619,
     "y":0.12619},
    {"x":0.083333,
     "y":0.16667},
    {"x":0.085714,
     "y":0.20952},
    {"x":0.097619,
     "y":0.24048},
    {"x":0.1119,
     "y":0.27857},
    {"x":0.12381,
     "y":0.31667},
    {"x":0.15476,
     "y":0.35},
    {"x":0.11905,
     "y":0.38095},
    {"x":0.083333,
     "y":0.4119},
    {"x":0.040476,
     "y":0.44286},
    {"x":0.0095238,
     "y":0.48095},
    {"x":0,
     "y":0.49524}],
 "triangles":[
    {"p1":88,
     "p2":89,
     "p3":90},
    {"p1":51,
     "p2":52,
     "p3":53},
    {"p1":48,
     "p2":58,
     "p3":72},
    {"p1":72,
     "p2":82,
     "p3":97},
    {"p1":39,
     "p2":40,
     "p3":41},
    {"p1":58,
     "p2":59,
     "p3":72},
    {"p1":59,
     "p2":60,
     "p3":71},
    {"p1":59,
     "p2":71,
     "p3":72},
    {"p1":50,
     "p2":51,
     "p3":56},
    {"p1":48,
     "p2":56,
     "p3":58},
    {"p1":60,
     "p2":69,
     "p3":70},
    {"p1":60,
     "p2":70,
     "p3":71},
    {"p1":39,
     "p2":41,
     "p3":42},
    {"p1":36,
     "p2":44,
     "p3":45},
    {"p1":42,
     "p2":43,
     "p3":44},
    {"p1":48,
     "p2":49,
     "p3":56},
    {"p1":49,
     "p2":50,
     "p3":56},
    {"p1":85,
     "p2":94,
     "p3":95},
    {"p1":85,
     "p2":86,
     "p3":92},
    {"p1":5,
     "p2":97,
     "p3":98},
    {"p1":1,
     "p2":2,
     "p3":100},
    {"p1":88,
     "p2":90,
     "p3":91},
    {"p1":88,
     "p2":91,
     "p3":92},
    {"p1":87,
     "p2":88,
     "p3":92},
    {"p1":86,
     "p2":87,
     "p3":92},
    {"p1":63,
     "p2":67,
     "p3":68},
    {"p1":62,
     "p2":68,
     "p3":69},
    {"p1":62,
     "p2":63,
     "p3":68},
    {"p1":60,
     "p2":61,
     "p3":69},
    {"p1":61,
     "p2":62,
     "p3":69},
    {"p1":51,
     "p2":55,
     "p3":56},
    {"p1":56,
     "p2":57,
     "p3":58},
    {"p1":72,
     "p2":81,
     "p3":82},
    {"p1":36,
     "p2":37,
     "p3":38},
    {"p1":36,
     "p2":38,
     "p3":44},
    {"p1":38,
     "p2":42,
     "p3":44},
    {"p1":38,
     "p2":39,
     "p3":42},
    {"p1":9,
     "p2":10,
     "p3":16},
    {"p1":6,
     "p2":20,
     "p3":33},
    {"p1":5,
     "p2":6,
     "p3":97},
    {"p1":6,
     "p2":33,
     "p3":48},
    {"p1":6,
     "p2":48,
     "p3":72},
    {"p1":6,
     "p2":72,
     "p3":97},
    {"p1":33,
     "p2":47,
     "p3":48},
    {"p1":83,
     "p2":85,
     "p3":95},
    {"p1":82,
     "p2":83,
     "p3":97},
    {"p1":83,
     "p2":95,
     "p3":97},
    {"p1":83,
     "p2":84,
     "p3":85},
    {"p1":85,
     "p2":93,
     "p3":94},
    {"p1":85,
     "p2":92,
     "p3":93},
    {"p1":95,
     "p2":96,
     "p3":97},
    {"p1":63,
     "p2":66,
     "p3":67},
    {"p1":63,
     "p2":64,
     "p3":66},
    {"p1":64,
     "p2":65,
     "p3":66},
    {"p1":51,
     "p2":53,
     "p3":54},
    {"p1":51,
     "p2":54,
     "p3":55},
    {"p1":11,
     "p2":15,
     "p3":16},
    {"p1":10,
     "p2":11,
     "p3":16},
    {"p1":11,
     "p2":14,
     "p3":15},
    {"p1":9,
     "p2":16,
     "p3":17},
    {"p1":9,
     "p2":17,
     "p3":18},
    {"p1":6,
     "p2":19,
     "p3":20},
    {"p1":7,
     "p2":18,
     "p3":19},
    {"p1":6,
     "p2":7,
     "p3":19},
    {"p1":34,
     "p2":46,
     "p3":47},
    {"p1":33,
     "p2":34,
     "p3":47},
    {"p1":0,
     "p2":1,
     "p3":101},
    {"p1":1,
     "p2":100,
     "p3":101},
    {"p1":3,
     "p2":4,
     "p3":99},
    {"p1":2,
     "p2":3,
     "p3":99},
    {"p1":2,
     "p2":99,
     "p3":100},
    {"p1":4,
     "p2":5,
     "p3":99},
    {"p1":5,
     "p2":98,
     "p3":99},
    {"p1":74,
     "p2":75,
     "p3":76},
    {"p1":76,
     "p2":77,
     "p3":78},
    {"p1":72,
     "p2":73,
     "p3":81},
    {"p1":74,
     "p2":76,
     "p3":80},
    {"p1":73,
     "p2":80,
     "p3":81},
    {"p1":73,
     "p2":74,
     "p3":80},
    {"p1":78,
     "p2":79,
     "p3":80},
    {"p1":76,
     "p2":78,
     "p3":80},
    {"p1":12,
     "p2":13,
     "p3":14},
    {"p1":11,
     "p2":12,
     "p3":14},
    {"p1":8,
     "p2":9,
     "p3":18},
    {"p1":7,
     "p2":8,
     "p3":18},
    {"p1":34,
     "p2":35,
     "p3":46},
    {"p1":35,
     "p2":36,
     "p3":45},
    {"p1":35,
     "p2":45,
     "p3":46},
    {"p1":20,
     "p2":32,
     "p3":33},
    {"p1":20,
     "p2":30,
     "p3":32},
    {"p1":20,
     "p2":21,
     "p3":30},
    {"p1":23,
     "p2":24,
     "p3":30},
    {"p1":21,
     "p2":23,
     "p3":30},
    {"p1":24,
     "p2":29,
     "p3":30},
    {"p1":25,
     "p2":28,
     "p3":29},
    {"p1":24,
     "p2":25,
     "p3":29},
    {"p1":30,
     "p2":31,
     "p3":32},
    {"p1":26,
     "p2":27,
     "p3":28},
    {"p1":25,
     "p2":26,
     "p3":28},
    {"p1":21,
     "p2":22,
     "p3":23}]
}