{"points":[
    {"x":0.005305,
     "y":0.50133},
    {"x":0.01061,
     "y":0.54111},
    {"x":0.013263,
     "y":0.5809},
    {"x":0.015915,
     "y":0.62069},
    {"x":0.018568,
     "y":0.66048},
    {"x":0.058355,
     "y":0.67109},
    {"x":0.098143,
     "y":0.67905},
    {"x":0.13793,
     "y":0.68435},
    {"x":0.17772,
     "y":0.68966},
    {"x":0.21751,
     "y":0.69231},
    {"x":0.25729,
     "y":0.66578},
    {"x":0.29708,
     "y":0.65252},
    {"x":0.33687,
     "y":0.64987},
    {"x":0.37666,
     "y":0.65252},
    {"x":0.41645,
     "y":0.65782},
    {"x":0.44297,
     "y":0.68435},
    {"x":0.45093,
     "y":0.72414},
    {"x":0.45358,
     "y":0.76393},
    {"x":0.46419,
     "y":0.80371},
    {"x":0.4748,
     "y":0.8435},
    {"x":0.46419,
     "y":0.88329},
    {"x":0.43767,
     "y":0.92308},
    {"x":0.42175,
     "y":0.96286},
    {"x":0.41379,
     "y":1},
    {"x":0.45358,
     "y":0.99735},
    {"x":0.49337,
     "y":0.99469},
    {"x":0.53316,
     "y":0.98939},
    {"x":0.57294,
     "y":0.98674},
    {"x":0.61273,
     "y":0.98408},
    {"x":0.65252,
     "y":0.97878},
    {"x":0.64456,
     "y":0.93899},
    {"x":0.64456,
     "y":0.8992},
    {"x":0.64987,
     "y":0.85942},
    {"x":0.65517,
     "y":0.81963},
    {"x":0.66578,
     "y":0.77984},
    {"x":0.67639,
     "y":0.74005},
    {"x":0.6817,
     "y":0.70027},
    {"x":0.67905,
     "y":0.66048},
    {"x":0.67374,
     "y":0.62069},
    {"x":0.66313,
     "y":0.5809},
    {"x":0.67374,
     "y":0.55172},
    {"x":0.71353,
     "y":0.54377},
    {"x":0.75332,
     "y":0.54377},
    {"x":0.7931,
     "y":0.54377},
    {"x":0.83289,
     "y":0.54907},
    {"x":0.87003,
     "y":0.57294},
    {"x":0.90981,
     "y":0.60212},
    {"x":0.9496,
     "y":0.60477},
    {"x":0.98408,
     "y":0.57825},
    {"x":0.98143,
     "y":0.53846},
    {"x":0.97878,
     "y":0.49867},
    {"x":0.97347,
     "y":0.45889},
    {"x":0.97082,
     "y":0.4191},
    {"x":0.96552,
     "y":0.37931},
    {"x":0.96552,
     "y":0.33952},
    {"x":0.92838,
     "y":0.30504},
    {"x":0.88859,
     "y":0.28647},
    {"x":0.84881,
     "y":0.28647},
    {"x":0.80902,
     "y":0.30239},
    {"x":0.76923,
     "y":0.30769},
    {"x":0.72944,
     "y":0.30504},
    {"x":0.68966,
     "y":0.30769},
    {"x":0.64987,
     "y":0.31034},
    {"x":0.61008,
     "y":0.3183},
    {"x":0.57029,
     "y":0.32891},
    {"x":0.5305,
     "y":0.32095},
    {"x":0.51194,
     "y":0.28117},
    {"x":0.51459,
     "y":0.24138},
    {"x":0.52785,
     "y":0.20159},
    {"x":0.55703,
     "y":0.1618},
    {"x":0.57029,
     "y":0.12202},
    {"x":0.56764,
     "y":0.082228},
    {"x":0.54377,
     "y":0.050398},
    {"x":0.55172,
     "y":0.013263},
    {"x":0.55438,
     "y":0},
    {"x":0.51459,
     "y":0.0026525},
    {"x":0.4748,
     "y":0.0079576},
    {"x":0.43501,
     "y":0.01061},
    {"x":0.39523,
     "y":0.013263},
    {"x":0.35544,
     "y":0.015915},
    {"x":0.34748,
     "y":0.03183},
    {"x":0.33422,
     "y":0.071618},
    {"x":0.30504,
     "y":0.11141},
    {"x":0.28912,
     "y":0.15119},
    {"x":0.28382,
     "y":0.19098},
    {"x":0.28912,
     "y":0.23077},
    {"x":0.30769,
     "y":0.27056},
    {"x":0.3183,
     "y":0.31034},
    {"x":0.32095,
     "y":0.35013},
    {"x":0.313,
     "y":0.38992},
    {"x":0.32361,
     "y":0.42971},
    {"x":0.31565,
     "y":0.4695},
    {"x":0.27586,
     "y":0.49602},
    {"x":0.23607,
     "y":0.49602},
    {"x":0.19629,
     "y":0.48011},
    {"x":0.1565,
     "y":0.45358},
    {"x":0.11671,
     "y":0.44562},
    {"x":0.076923,
     "y":0.43767},
    {"x":0.037135,
     "y":0.42706},
    {"x":0,
     "y":0.42175},
    {"x":0.0026525,
     "y":0.46154},
    {"x":0.005305,
     "y":0.50133},
    {"x":0.005305,
     "y":0.50133}],
 "triangles":[
    {"p1":18,
     "p2":19,
     "p3":33},
    {"p1":14,
     "p2":15,
     "p3":39},
    {"p1":19,
     "p2":32,
     "p3":33},
    {"p1":19,
     "p2":31,
     "p3":32},
    {"p1":55,
     "p2":56,
     "p3":57},
    {"p1":14,
     "p2":39,
     "p3":40},
    {"p1":67,
     "p2":68,
     "p3":83},
    {"p1":98,
     "p2":99,
     "p3":100},
    {"p1":15,
     "p2":38,
     "p3":39},
    {"p1":15,
     "p2":16,
     "p3":37},
    {"p1":16,
     "p2":36,
     "p3":37},
    {"p1":15,
     "p2":37,
     "p3":38},
    {"p1":21,
     "p2":22,
     "p3":24},
    {"p1":22,
     "p2":23,
     "p3":24},
    {"p1":40,
     "p2":62,
     "p3":63},
    {"p1":40,
     "p2":63,
     "p3":64},
    {"p1":13,
     "p2":14,
     "p3":91},
    {"p1":12,
     "p2":13,
     "p3":91},
    {"p1":1,
     "p2":95,
     "p3":96},
    {"p1":1,
     "p2":2,
     "p3":95},
    {"p1":47,
     "p2":48,
     "p3":49},
    {"p1":46,
     "p2":47,
     "p3":49},
    {"p1":45,
     "p2":46,
     "p3":49},
    {"p1":45,
     "p2":49,
     "p3":50},
    {"p1":69,
     "p2":70,
     "p3":72},
    {"p1":70,
     "p2":71,
     "p3":72},
    {"p1":68,
     "p2":81,
     "p3":82},
    {"p1":68,
     "p2":82,
     "p3":83},
    {"p1":67,
     "p2":84,
     "p3":85},
    {"p1":67,
     "p2":83,
     "p3":84},
    {"p1":3,
     "p2":5,
     "p3":6},
    {"p1":2,
     "p2":3,
     "p3":6},
    {"p1":3,
     "p2":4,
     "p3":5},
    {"p1":0,
     "p2":1,
     "p3":97},
    {"p1":1,
     "p2":96,
     "p3":97},
    {"p1":0,
     "p2":97,
     "p3":100},
    {"p1":97,
     "p2":98,
     "p3":100},
    {"p1":16,
     "p2":17,
     "p3":34},
    {"p1":18,
     "p2":33,
     "p3":34},
    {"p1":17,
     "p2":18,
     "p3":34},
    {"p1":10,
     "p2":11,
     "p3":93},
    {"p1":8,
     "p2":9,
     "p3":10},
    {"p1":8,
     "p2":10,
     "p3":93},
    {"p1":44,
     "p2":52,
     "p3":58},
    {"p1":44,
     "p2":45,
     "p3":50},
    {"p1":19,
     "p2":20,
     "p3":31},
    {"p1":27,
     "p2":30,
     "p3":31},
    {"p1":20,
     "p2":27,
     "p3":31},
    {"p1":20,
     "p2":26,
     "p3":27},
    {"p1":21,
     "p2":24,
     "p3":25},
    {"p1":20,
     "p2":21,
     "p3":25},
    {"p1":20,
     "p2":25,
     "p3":26},
    {"p1":11,
     "p2":92,
     "p3":93},
    {"p1":11,
     "p2":12,
     "p3":92},
    {"p1":12,
     "p2":91,
     "p3":92},
    {"p1":7,
     "p2":8,
     "p3":94},
    {"p1":8,
     "p2":93,
     "p3":94},
    {"p1":6,
     "p2":7,
     "p3":94},
    {"p1":2,
     "p2":6,
     "p3":94},
    {"p1":2,
     "p2":94,
     "p3":95},
    {"p1":67,
     "p2":85,
     "p3":86},
    {"p1":65,
     "p2":90,
     "p3":91},
    {"p1":14,
     "p2":65,
     "p3":91},
    {"p1":14,
     "p2":40,
     "p3":65},
    {"p1":40,
     "p2":64,
     "p3":65},
    {"p1":53,
     "p2":54,
     "p3":55},
    {"p1":52,
     "p2":53,
     "p3":58},
    {"p1":53,
     "p2":55,
     "p3":57},
    {"p1":53,
     "p2":57,
     "p3":58},
    {"p1":16,
     "p2":35,
     "p3":36},
    {"p1":16,
     "p2":34,
     "p3":35},
    {"p1":44,
     "p2":50,
     "p3":51},
    {"p1":44,
     "p2":51,
     "p3":52},
    {"p1":28,
     "p2":29,
     "p3":30},
    {"p1":27,
     "p2":28,
     "p3":30},
    {"p1":88,
     "p2":89,
     "p3":90},
    {"p1":65,
     "p2":88,
     "p3":90},
    {"p1":66,
     "p2":67,
     "p3":86},
    {"p1":66,
     "p2":86,
     "p3":87},
    {"p1":66,
     "p2":87,
     "p3":88},
    {"p1":65,
     "p2":66,
     "p3":88},
    {"p1":73,
     "p2":74,
     "p3":75},
    {"p1":72,
     "p2":75,
     "p3":76},
    {"p1":72,
     "p2":73,
     "p3":75},
    {"p1":43,
     "p2":44,
     "p3":58},
    {"p1":43,
     "p2":58,
     "p3":59},
    {"p1":78,
     "p2":79,
     "p3":80},
    {"p1":78,
     "p2":80,
     "p3":81},
    {"p1":42,
     "p2":59,
     "p3":60},
    {"p1":42,
     "p2":43,
     "p3":59},
    {"p1":68,
     "p2":69,
     "p3":77},
    {"p1":68,
     "p2":77,
     "p3":81},
    {"p1":77,
     "p2":78,
     "p3":81},
    {"p1":69,
     "p2":72,
     "p3":77},
    {"p1":72,
     "p2":76,
     "p3":77},
    {"p1":41,
     "p2":60,
     "p3":61},
    {"p1":41,
     "p2":42,
     "p3":60},
    {"p1":40,
     "p2":41,
     "p3":62},
    {"p1":41,
     "p2":61,
     "p3":62}]
}