{"points":[
    {"x":0,
     "y":0.49855},
    {"x":0.031884,
     "y":0.51884},
    {"x":0.066667,
     "y":0.53623},
    {"x":0.10435,
     "y":0.55652},
    {"x":0.14203,
     "y":0.57681},
    {"x":0.17971,
     "y":0.5913},
    {"x":0.21739,
     "y":0.6029},
    {"x":0.23188,
     "y":0.62609},
    {"x":0.21449,
     "y":0.66377},
    {"x":0.1971,
     "y":0.70145},
    {"x":0.18261,
     "y":0.73913},
    {"x":0.17391,
     "y":0.77681},
    {"x":0.15942,
     "y":0.81449},
    {"x":0.15072,
     "y":0.85217},
    {"x":0.17391,
     "y":0.85507},
    {"x":0.21159,
     "y":0.84348},
    {"x":0.24928,
     "y":0.83188},
    {"x":0.28696,
     "y":0.81739},
    {"x":0.32464,
     "y":0.8058},
    {"x":0.36232,
     "y":0.78551},
    {"x":0.4,
     "y":0.77101},
    {"x":0.4087,
     "y":0.8087},
    {"x":0.42609,
     "y":0.84638},
    {"x":0.44058,
     "y":0.88406},
    {"x":0.45797,
     "y":0.91884},
    {"x":0.48116,
     "y":0.95652},
    {"x":0.49855,
     "y":0.9913},
    {"x":0.51884,
     "y":0.9942},
    {"x":0.53913,
     "y":0.95652},
    {"x":0.55942,
     "y":0.91884},
    {"x":0.57681,
     "y":0.88116},
    {"x":0.5942,
     "y":0.84348},
    {"x":0.6087,
     "y":0.8058},
    {"x":0.62609,
     "y":0.77101},
    {"x":0.66377,
     "y":0.7913},
    {"x":0.69855,
     "y":0.8058},
    {"x":0.73623,
     "y":0.82029},
    {"x":0.77391,
     "y":0.83188},
    {"x":0.81159,
     "y":0.84348},
    {"x":0.84928,
     "y":0.85507},
    {"x":0.86377,
     "y":0.84348},
    {"x":0.85217,
     "y":0.8058},
    {"x":0.84348,
     "y":0.76812},
    {"x":0.82899,
     "y":0.73043},
    {"x":0.81739,
     "y":0.69275},
    {"x":0.8029,
     "y":0.65507},
    {"x":0.78261,
     "y":0.61739},
    {"x":0.81159,
     "y":0.6029},
    {"x":0.84928,
     "y":0.58841},
    {"x":0.88696,
     "y":0.57101},
    {"x":0.92464,
     "y":0.55072},
    {"x":0.95942,
     "y":0.53043},
    {"x":0.9942,
     "y":0.51014},
    {"x":1,
     "y":0.48986},
    {"x":0.96522,
     "y":0.47246},
    {"x":0.92754,
     "y":0.44928},
    {"x":0.88986,
     "y":0.42899},
    {"x":0.85217,
     "y":0.41159},
    {"x":0.81449,
     "y":0.3971},
    {"x":0.78261,
     "y":0.38261},
    {"x":0.8,
     "y":0.34493},
    {"x":0.81739,
     "y":0.30725},
    {"x":0.82899,
     "y":0.26957},
    {"x":0.84058,
     "y":0.23188},
    {"x":0.85217,
     "y":0.1942},
    {"x":0.86377,
     "y":0.15652},
    {"x":0.84348,
     "y":0.15072},
    {"x":0.8058,
     "y":0.16232},
    {"x":0.76812,
     "y":0.17101},
    {"x":0.73043,
     "y":0.18261},
    {"x":0.69275,
     "y":0.1942},
    {"x":0.65507,
     "y":0.21159},
    {"x":0.62029,
     "y":0.22319},
    {"x":0.6087,
     "y":0.18551},
    {"x":0.5913,
     "y":0.14783},
    {"x":0.57391,
     "y":0.11014},
    {"x":0.55362,
     "y":0.072464},
    {"x":0.53333,
     "y":0.037681},
    {"x":0.51304,
     "y":0},
    {"x":0.49275,
     "y":0.023188},
    {"x":0.47536,
     "y":0.057971},
    {"x":0.45217,
     "y":0.095652},
    {"x":0.43188,
     "y":0.13333},
    {"x":0.41739,
     "y":0.17101},
    {"x":0.4029,
     "y":0.2087},
    {"x":0.37971,
     "y":0.21739},
    {"x":0.34203,
     "y":0.2},
    {"x":0.30435,
     "y":0.18551},
    {"x":0.26667,
     "y":0.17391},
    {"x":0.22899,
     "y":0.16232},
    {"x":0.1913,
     "y":0.15072},
    {"x":0.15362,
     "y":0.14203},
    {"x":0.15942,
     "y":0.17101},
    {"x":0.17101,
     "y":0.2087},
    {"x":0.17971,
     "y":0.24638},
    {"x":0.1942,
     "y":0.28406},
    {"x":0.2087,
     "y":0.32174},
    {"x":0.22609,
     "y":0.35942},
    {"x":0.22609,
     "y":0.3913},
    {"x":0.18841,
     "y":0.4058},
    {"x":0.15072,
     "y":0.42029},
    {"x":0.11304,
     "y":0.43768},
    {"x":0.075362,
     "y":0.45797},
    {"x":0.037681,
     "y":0.47826},
    {"x":0,
     "y":0.49855},
    {"x":0,
     "y":0.49855}],
 "triangles":[
    {"p1":10,
     "p2":11,
     "p3":16},
    {"p1":10,
     "p2":16,
     "p3":17},
    {"p1":11,
     "p2":15,
     "p3":16},
    {"p1":7,
     "p2":20,
     "p3":98},
    {"p1":20,
     "p2":72,
     "p3":98},
    {"p1":25,
     "p2":28,
     "p3":29},
    {"p1":26,
     "p2":27,
     "p3":28},
    {"p1":25,
     "p2":26,
     "p3":28},
    {"p1":24,
     "p2":25,
     "p3":29},
    {"p1":39,
     "p2":40,
     "p3":41},
    {"p1":2,
     "p2":102,
     "p3":103},
    {"p1":2,
     "p2":3,
     "p3":102},
    {"p1":9,
     "p2":10,
     "p3":17},
    {"p1":9,
     "p2":17,
     "p3":18},
    {"p1":11,
     "p2":12,
     "p3":15},
    {"p1":4,
     "p2":5,
     "p3":100},
    {"p1":20,
     "p2":59,
     "p3":72},
    {"p1":20,
     "p2":33,
     "p3":59},
    {"p1":33,
     "p2":46,
     "p3":59},
    {"p1":23,
     "p2":24,
     "p3":30},
    {"p1":24,
     "p2":29,
     "p3":30},
    {"p1":37,
     "p2":38,
     "p3":42},
    {"p1":38,
     "p2":41,
     "p3":42},
    {"p1":38,
     "p2":39,
     "p3":41},
    {"p1":0,
     "p2":1,
     "p3":103},
    {"p1":1,
     "p2":2,
     "p3":103},
    {"p1":6,
     "p2":7,
     "p3":98},
    {"p1":7,
     "p2":19,
     "p3":20},
    {"p1":22,
     "p2":30,
     "p3":31},
    {"p1":22,
     "p2":23,
     "p3":30},
    {"p1":12,
     "p2":13,
     "p3":14},
    {"p1":12,
     "p2":14,
     "p3":15},
    {"p1":77,
     "p2":78,
     "p3":79},
    {"p1":3,
     "p2":4,
     "p3":101},
    {"p1":4,
     "p2":100,
     "p3":101},
    {"p1":3,
     "p2":101,
     "p3":102},
    {"p1":5,
     "p2":99,
     "p3":100},
    {"p1":6,
     "p2":98,
     "p3":99},
    {"p1":5,
     "p2":6,
     "p3":99},
    {"p1":20,
     "p2":32,
     "p3":33},
    {"p1":20,
     "p2":21,
     "p3":32},
    {"p1":22,
     "p2":31,
     "p3":32},
    {"p1":21,
     "p2":22,
     "p3":32},
    {"p1":61,
     "p2":69,
     "p3":70},
    {"p1":63,
     "p2":64,
     "p3":67},
    {"p1":63,
     "p2":67,
     "p3":68},
    {"p1":37,
     "p2":42,
     "p3":43},
    {"p1":36,
     "p2":37,
     "p3":43},
    {"p1":35,
     "p2":36,
     "p3":43},
    {"p1":35,
     "p2":43,
     "p3":44},
    {"p1":35,
     "p2":44,
     "p3":45},
    {"p1":8,
     "p2":9,
     "p3":18},
    {"p1":8,
     "p2":18,
     "p3":19},
    {"p1":7,
     "p2":8,
     "p3":19},
    {"p1":74,
     "p2":75,
     "p3":82},
    {"p1":59,
     "p2":71,
     "p3":72},
    {"p1":61,
     "p2":62,
     "p3":69},
    {"p1":62,
     "p2":63,
     "p3":68},
    {"p1":62,
     "p2":68,
     "p3":69},
    {"p1":49,
     "p2":56,
     "p3":57},
    {"p1":64,
     "p2":65,
     "p3":66},
    {"p1":64,
     "p2":66,
     "p3":67},
    {"p1":34,
     "p2":35,
     "p3":45},
    {"p1":33,
     "p2":34,
     "p3":46},
    {"p1":34,
     "p2":45,
     "p3":46},
    {"p1":90,
     "p2":91,
     "p3":92},
    {"p1":90,
     "p2":92,
     "p3":93},
    {"p1":75,
     "p2":76,
     "p3":81},
    {"p1":75,
     "p2":81,
     "p3":82},
    {"p1":73,
     "p2":74,
     "p3":83},
    {"p1":74,
     "p2":82,
     "p3":83},
    {"p1":88,
     "p2":94,
     "p3":95},
    {"p1":86,
     "p2":96,
     "p3":97},
    {"p1":51,
     "p2":54,
     "p3":55},
    {"p1":52,
     "p2":53,
     "p3":54},
    {"p1":51,
     "p2":52,
     "p3":54},
    {"p1":48,
     "p2":49,
     "p3":57},
    {"p1":50,
     "p2":55,
     "p3":56},
    {"p1":49,
     "p2":50,
     "p3":56},
    {"p1":50,
     "p2":51,
     "p3":55},
    {"p1":60,
     "p2":61,
     "p3":70},
    {"p1":60,
     "p2":70,
     "p3":71},
    {"p1":59,
     "p2":60,
     "p3":71},
    {"p1":76,
     "p2":77,
     "p3":80},
    {"p1":76,
     "p2":80,
     "p3":81},
    {"p1":77,
     "p2":79,
     "p3":80},
    {"p1":72,
     "p2":73,
     "p3":84},
    {"p1":73,
     "p2":83,
     "p3":84},
    {"p1":72,
     "p2":84,
     "p3":98},
    {"p1":87,
     "p2":88,
     "p3":95},
    {"p1":86,
     "p2":87,
     "p3":96},
    {"p1":87,
     "p2":95,
     "p3":96},
    {"p1":89,
     "p2":93,
     "p3":94},
    {"p1":88,
     "p2":89,
     "p3":94},
    {"p1":89,
     "p2":90,
     "p3":93},
    {"p1":46,
     "p2":47,
     "p3":59},
    {"p1":85,
     "p2":97,
     "p3":98},
    {"p1":84,
     "p2":85,
     "p3":98},
    {"p1":85,
     "p2":86,
     "p3":97},
    {"p1":48,
     "p2":57,
     "p3":58},
    {"p1":47,
     "p2":48,
     "p3":58},
    {"p1":47,
     "p2":58,
     "p3":59}]
}