{"points":[
    {"x":0,
     "y":0.505},
    {"x":0.0375,
     "y":0.545},
    {"x":0.1125,
     "y":0.545},
    {"x":0.1875,
     "y":0.545},
    {"x":0.2625,
     "y":0.545},
    {"x":0.3375,
     "y":0.545},
    {"x":0.4125,
     "y":0.545},
    {"x":0.4875,
     "y":0.545},
    {"x":0.5625,
     "y":0.545},
    {"x":0.6375,
     "y":0.545},
    {"x":0.7125,
     "y":0.545},
    {"x":0.7875,
     "y":0.545},
    {"x":0.86,
     "y":0.55},
    {"x":0.805,
     "y":0.5725},
    {"x":0.73,
     "y":0.5725},
    {"x":0.655,
     "y":0.5725},
    {"x":0.58,
     "y":0.5725},
    {"x":0.505,
     "y":0.5725},
    {"x":0.43,
     "y":0.5725},
    {"x":0.355,
     "y":0.5725},
    {"x":0.28,
     "y":0.5725},
    {"x":0.205,
     "y":0.5725},
    {"x":0.13,
     "y":0.5725},
    {"x":0.055,
     "y":0.5725},
    {"x":0.01,
     "y":0.6},
    {"x":0.0325,
     "y":0.675},
    {"x":0.065,
     "y":0.75},
    {"x":0.1175,
     "y":0.825},
    {"x":0.1825,
     "y":0.89},
    {"x":0.2575,
     "y":0.9425},
    {"x":0.3325,
     "y":0.9775},
    {"x":0.4075,
     "y":0.9975},
    {"x":0.475,
     "y":0.995},
    {"x":0.475,
     "y":0.92},
    {"x":0.475,
     "y":0.845},
    {"x":0.475,
     "y":0.77},
    {"x":0.475,
     "y":0.695},
    {"x":0.4775,
     "y":0.62},
    {"x":0.4975,
     "y":0.6775},
    {"x":0.4975,
     "y":0.7525},
    {"x":0.4975,
     "y":0.8275},
    {"x":0.4975,
     "y":0.9025},
    {"x":0.4975,
     "y":0.9775},
    {"x":0.545,
     "y":1},
    {"x":0.62,
     "y":0.9875},
    {"x":0.695,
     "y":0.96},
    {"x":0.77,
     "y":0.92},
    {"x":0.845,
     "y":0.855},
    {"x":0.905,
     "y":0.78},
    {"x":0.945,
     "y":0.705},
    {"x":0.9725,
     "y":0.63},
    {"x":0.985,
     "y":0.555},
    {"x":0.9875,
     "y":0.48},
    {"x":0.9225,
     "y":0.47},
    {"x":0.8475,
     "y":0.47},
    {"x":0.7725,
     "y":0.47},
    {"x":0.6975,
     "y":0.47},
    {"x":0.6225,
     "y":0.47},
    {"x":0.5475,
     "y":0.47},
    {"x":0.4725,
     "y":0.47},
    {"x":0.3975,
     "y":0.47},
    {"x":0.3225,
     "y":0.47},
    {"x":0.2475,
     "y":0.47},
    {"x":0.1725,
     "y":0.47},
    {"x":0.1825,
     "y":0.44},
    {"x":0.2575,
     "y":0.44},
    {"x":0.3325,
     "y":0.44},
    {"x":0.4075,
     "y":0.44},
    {"x":0.4825,
     "y":0.44},
    {"x":0.5575,
     "y":0.44},
    {"x":0.6325,
     "y":0.44},
    {"x":0.7075,
     "y":0.44},
    {"x":0.7825,
     "y":0.44},
    {"x":0.8575,
     "y":0.44},
    {"x":0.9325,
     "y":0.44},
    {"x":0.98,
     "y":0.4175},
    {"x":0.9625,
     "y":0.3425},
    {"x":0.93,
     "y":0.2675},
    {"x":0.8825,
     "y":0.1925},
    {"x":0.8125,
     "y":0.12},
    {"x":0.7375,
     "y":0.065},
    {"x":0.6625,
     "y":0.03},
    {"x":0.5875,
     "y":0.01},
    {"x":0.5125,
     "y":0},
    {"x":0.505,
     "y":0.0675},
    {"x":0.505,
     "y":0.1425},
    {"x":0.505,
     "y":0.2175},
    {"x":0.505,
     "y":0.2925},
    {"x":0.505,
     "y":0.3675},
    {"x":0.48,
     "y":0.3525},
    {"x":0.48,
     "y":0.2775},
    {"x":0.48,
     "y":0.2025},
    {"x":0.48,
     "y":0.1275},
    {"x":0.48,
     "y":0.0525},
    {"x":0.4575,
     "y":0.0025},
    {"x":0.3825,
     "y":0.015},
    {"x":0.3075,
     "y":0.0375},
    {"x":0.2325,
     "y":0.0775},
    {"x":0.1575,
     "y":0.1375},
    {"x":0.0975,
     "y":0.205},
    {"x":0.0525,
     "y":0.28},
    {"x":0.0225,
     "y":0.355},
    {"x":0.0075,
     "y":0.43},
    {"x":0,
     "y":0.505},
    {"x":0,
     "y":0.505}],
 "triangles":[
    {"p1":30,
     "p2":31,
     "p3":33},
    {"p1":31,
     "p2":32,
     "p3":33},
    {"p1":65,
     "p2":66,
     "p3":98},
    {"p1":65,
     "p2":98,
     "p3":99},
    {"p1":64,
     "p2":65,
     "p3":99},
    {"p1":40,
     "p2":44,
     "p3":45},
    {"p1":39,
     "p2":40,
     "p3":46},
    {"p1":40,
     "p2":45,
     "p3":46},
    {"p1":64,
     "p2":101,
     "p3":102},
    {"p1":0,
     "p2":1,
     "p3":102},
    {"p1":64,
     "p2":99,
     "p3":100},
    {"p1":64,
     "p2":100,
     "p3":101},
    {"p1":79,
     "p2":86,
     "p3":87},
    {"p1":12,
     "p2":13,
     "p3":49},
    {"p1":12,
     "p2":49,
     "p3":50},
    {"p1":15,
     "p2":39,
     "p3":46},
    {"p1":15,
     "p2":46,
     "p3":47},
    {"p1":14,
     "p2":15,
     "p3":47},
    {"p1":15,
     "p2":38,
     "p3":39},
    {"p1":15,
     "p2":16,
     "p3":38},
    {"p1":68,
     "p2":88,
     "p3":89},
    {"p1":71,
     "p2":79,
     "p3":87},
    {"p1":71,
     "p2":78,
     "p3":79},
    {"p1":28,
     "p2":29,
     "p3":35},
    {"p1":13,
     "p2":48,
     "p3":49},
    {"p1":13,
     "p2":14,
     "p3":48},
    {"p1":14,
     "p2":47,
     "p3":48},
    {"p1":40,
     "p2":41,
     "p3":44},
    {"p1":41,
     "p2":43,
     "p3":44},
    {"p1":41,
     "p2":42,
     "p3":43},
    {"p1":30,
     "p2":33,
     "p3":34},
    {"p1":29,
     "p2":30,
     "p3":34},
    {"p1":29,
     "p2":34,
     "p3":35},
    {"p1":23,
     "p2":24,
     "p3":25},
    {"p1":1,
     "p2":2,
     "p3":102},
    {"p1":21,
     "p2":26,
     "p3":27},
    {"p1":81,
     "p2":82,
     "p3":85},
    {"p1":79,
     "p2":80,
     "p3":86},
    {"p1":80,
     "p2":81,
     "p3":85},
    {"p1":80,
     "p2":85,
     "p3":86},
    {"p1":12,
     "p2":50,
     "p3":51},
    {"p1":74,
     "p2":75,
     "p3":76},
    {"p1":71,
     "p2":72,
     "p3":78},
    {"p1":70,
     "p2":87,
     "p3":88},
    {"p1":70,
     "p2":71,
     "p3":87},
    {"p1":67,
     "p2":68,
     "p3":89},
    {"p1":66,
     "p2":67,
     "p3":89},
    {"p1":22,
     "p2":25,
     "p3":26},
    {"p1":21,
     "p2":22,
     "p3":26},
    {"p1":22,
     "p2":23,
     "p3":25},
    {"p1":91,
     "p2":96,
     "p3":97},
    {"p1":66,
     "p2":89,
     "p3":90},
    {"p1":66,
     "p2":90,
     "p3":98},
    {"p1":90,
     "p2":97,
     "p3":98},
    {"p1":90,
     "p2":91,
     "p3":97},
    {"p1":93,
     "p2":94,
     "p3":95},
    {"p1":82,
     "p2":84,
     "p3":85},
    {"p1":82,
     "p2":83,
     "p3":84},
    {"p1":18,
     "p2":36,
     "p3":37},
    {"p1":17,
     "p2":18,
     "p3":37},
    {"p1":16,
     "p2":37,
     "p3":38},
    {"p1":16,
     "p2":17,
     "p3":37},
    {"p1":72,
     "p2":77,
     "p3":78},
    {"p1":68,
     "p2":69,
     "p3":88},
    {"p1":69,
     "p2":70,
     "p3":88},
    {"p1":3,
     "p2":62,
     "p3":63},
    {"p1":2,
     "p2":3,
     "p3":63},
    {"p1":63,
     "p2":64,
     "p3":102},
    {"p1":2,
     "p2":63,
     "p3":102},
    {"p1":3,
     "p2":4,
     "p3":62},
    {"p1":18,
     "p2":19,
     "p3":36},
    {"p1":5,
     "p2":6,
     "p3":60},
    {"p1":6,
     "p2":59,
     "p3":60},
    {"p1":6,
     "p2":7,
     "p3":59},
    {"p1":5,
     "p2":60,
     "p3":61},
    {"p1":4,
     "p2":61,
     "p3":62},
    {"p1":4,
     "p2":5,
     "p3":61},
    {"p1":92,
     "p2":95,
     "p3":96},
    {"p1":91,
     "p2":92,
     "p3":96},
    {"p1":92,
     "p2":93,
     "p3":95},
    {"p1":73,
     "p2":76,
     "p3":77},
    {"p1":72,
     "p2":73,
     "p3":77},
    {"p1":73,
     "p2":74,
     "p3":76},
    {"p1":12,
     "p2":53,
     "p3":54},
    {"p1":51,
     "p2":52,
     "p3":53},
    {"p1":12,
     "p2":51,
     "p3":53},
    {"p1":11,
     "p2":12,
     "p3":54},
    {"p1":7,
     "p2":58,
     "p3":59},
    {"p1":7,
     "p2":8,
     "p3":58},
    {"p1":9,
     "p2":10,
     "p3":56},
    {"p1":20,
     "p2":27,
     "p3":28},
    {"p1":20,
     "p2":21,
     "p3":27},
    {"p1":20,
     "p2":28,
     "p3":35},
    {"p1":20,
     "p2":35,
     "p3":36},
    {"p1":19,
     "p2":20,
     "p3":36},
    {"p1":11,
     "p2":54,
     "p3":55},
    {"p1":10,
     "p2":55,
     "p3":56},
    {"p1":10,
     "p2":11,
     "p3":55},
    {"p1":8,
     "p2":57,
     "p3":58},
    {"p1":8,
     "p2":9,
     "p3":57},
    {"p1":9,
     "p2":56,
     "p3":57}]
}