{"points":[
    {"x":0.010582,
     "y":0.48677},
    {"x":0.010582,
     "y":0.52646},
    {"x":0.031746,
     "y":0.56614},
    {"x":0.050265,
     "y":0.60582},
    {"x":0.05291,
     "y":0.6455},
    {"x":0.050265,
     "y":0.68519},
    {"x":0.047619,
     "y":0.72487},
    {"x":0.042328,
     "y":0.76455},
    {"x":0.037037,
     "y":0.80423},
    {"x":0.031746,
     "y":0.84392},
    {"x":0.02381,
     "y":0.8836},
    {"x":0.015873,
     "y":0.92328},
    {"x":0.0079365,
     "y":0.96296},
    {"x":0.0079365,
     "y":0.99471},
    {"x":0.047619,
     "y":0.98148},
    {"x":0.087302,
     "y":0.9709},
    {"x":0.12698,
     "y":0.96032},
    {"x":0.16667,
     "y":0.95238},
    {"x":0.20635,
     "y":0.94444},
    {"x":0.24603,
     "y":0.93651},
    {"x":0.28571,
     "y":0.92857},
    {"x":0.3254,
     "y":0.92063},
    {"x":0.36508,
     "y":0.91799},
    {"x":0.40476,
     "y":0.92328},
    {"x":0.44444,
     "y":0.94444},
    {"x":0.48413,
     "y":0.95238},
    {"x":0.52381,
     "y":0.95767},
    {"x":0.56349,
     "y":0.95767},
    {"x":0.60317,
     "y":0.94709},
    {"x":0.64286,
     "y":0.93122},
    {"x":0.68254,
     "y":0.9127},
    {"x":0.72222,
     "y":0.92593},
    {"x":0.7619,
     "y":0.93651},
    {"x":0.80159,
     "y":0.94444},
    {"x":0.84127,
     "y":0.95238},
    {"x":0.88095,
     "y":0.96296},
    {"x":0.92063,
     "y":0.97354},
    {"x":0.96032,
     "y":0.98677},
    {"x":1,
     "y":0.99735},
    {"x":0.99206,
     "y":0.96032},
    {"x":0.97884,
     "y":0.92063},
    {"x":0.96825,
     "y":0.88095},
    {"x":0.95767,
     "y":0.84127},
    {"x":0.94974,
     "y":0.80159},
    {"x":0.9418,
     "y":0.7619},
    {"x":0.93386,
     "y":0.72222},
    {"x":0.93122,
     "y":0.68254},
    {"x":0.93122,
     "y":0.64286},
    {"x":0.9418,
     "y":0.60317},
    {"x":0.95238,
     "y":0.56349},
    {"x":0.95503,
     "y":0.52381},
    {"x":0.94974,
     "y":0.48413},
    {"x":0.93915,
     "y":0.44444},
    {"x":0.92593,
     "y":0.40476},
    {"x":0.92063,
     "y":0.36508},
    {"x":0.92063,
     "y":0.3254},
    {"x":0.93386,
     "y":0.28571},
    {"x":0.9418,
     "y":0.24603},
    {"x":0.94974,
     "y":0.20635},
    {"x":0.95767,
     "y":0.16667},
    {"x":0.96561,
     "y":0.12698},
    {"x":0.97619,
     "y":0.087302},
    {"x":0.98677,
     "y":0.047619},
    {"x":0.99735,
     "y":0.0079365},
    {"x":0.97619,
     "y":0.0026455},
    {"x":0.93651,
     "y":0.013228},
    {"x":0.89683,
     "y":0.021164},
    {"x":0.85714,
     "y":0.029101},
    {"x":0.81746,
     "y":0.037037},
    {"x":0.77778,
     "y":0.044974},
    {"x":0.7381,
     "y":0.050265},
    {"x":0.69841,
     "y":0.055556},
    {"x":0.65873,
     "y":0.060847},
    {"x":0.61905,
     "y":0.063492},
    {"x":0.57937,
     "y":0.042328},
    {"x":0.53968,
     "y":0.026455},
    {"x":0.5,
     "y":0.02381},
    {"x":0.46032,
     "y":0.029101},
    {"x":0.42063,
     "y":0.047619},
    {"x":0.38095,
     "y":0.063492},
    {"x":0.34127,
     "y":0.058201},
    {"x":0.30159,
     "y":0.055556},
    {"x":0.2619,
     "y":0.050265},
    {"x":0.22222,
     "y":0.044974},
    {"x":0.18254,
     "y":0.037037},
    {"x":0.14286,
     "y":0.029101},
    {"x":0.10317,
     "y":0.018519},
    {"x":0.063492,
     "y":0.010582},
    {"x":0.02381,
     "y":0},
    {"x":0,
     "y":0.0079365},
    {"x":0.0079365,
     "y":0.047619},
    {"x":0.018519,
     "y":0.087302},
    {"x":0.02381,
     "y":0.12698},
    {"x":0.031746,
     "y":0.16667},
    {"x":0.037037,
     "y":0.20635},
    {"x":0.042328,
     "y":0.24603},
    {"x":0.044974,
     "y":0.28571},
    {"x":0.050265,
     "y":0.3254},
    {"x":0.055556,
     "y":0.36508},
    {"x":0.05291,
     "y":0.40476},
    {"x":0.034392,
     "y":0.44444},
    {"x":0.013228,
     "y":0.48413},
    {"x":0.010582,
     "y":0.48677}],
 "triangles":[
    {"p1":7,
     "p2":18,
     "p3":19},
    {"p1":62,
     "p2":63,
     "p3":64},
    {"p1":86,
     "p2":91,
     "p3":92},
    {"p1":0,
     "p2":1,
     "p3":101},
    {"p1":86,
     "p2":87,
     "p3":91},
    {"p1":79,
     "p2":98,
     "p3":99},
    {"p1":3,
     "p2":99,
     "p3":100},
    {"p1":8,
     "p2":17,
     "p3":18},
    {"p1":7,
     "p2":8,
     "p3":18},
    {"p1":6,
     "p2":19,
     "p3":20},
    {"p1":6,
     "p2":7,
     "p3":19},
    {"p1":35,
     "p2":36,
     "p3":41},
    {"p1":33,
     "p2":34,
     "p3":43},
    {"p1":34,
     "p2":42,
     "p3":43},
    {"p1":35,
     "p2":41,
     "p3":42},
    {"p1":34,
     "p2":35,
     "p3":42},
    {"p1":88,
     "p2":89,
     "p3":90},
    {"p1":87,
     "p2":88,
     "p3":90},
    {"p1":87,
     "p2":90,
     "p3":91},
    {"p1":79,
     "p2":80,
     "p3":98},
    {"p1":57,
     "p2":69,
     "p3":70},
    {"p1":53,
     "p2":73,
     "p3":79},
    {"p1":1,
     "p2":2,
     "p3":101},
    {"p1":2,
     "p2":100,
     "p3":101},
    {"p1":2,
     "p2":3,
     "p3":100},
    {"p1":5,
     "p2":20,
     "p3":21},
    {"p1":5,
     "p2":6,
     "p3":20},
    {"p1":62,
     "p2":64,
     "p3":65},
    {"p1":33,
     "p2":43,
     "p3":44},
    {"p1":32,
     "p2":33,
     "p3":44},
    {"p1":61,
     "p2":62,
     "p3":65},
    {"p1":60,
     "p2":61,
     "p3":66},
    {"p1":61,
     "p2":65,
     "p3":66},
    {"p1":30,
     "p2":47,
     "p3":53},
    {"p1":55,
     "p2":56,
     "p3":70},
    {"p1":56,
     "p2":57,
     "p3":70},
    {"p1":57,
     "p2":58,
     "p3":69},
    {"p1":84,
     "p2":93,
     "p3":94},
    {"p1":85,
     "p2":86,
     "p3":92},
    {"p1":85,
     "p2":92,
     "p3":93},
    {"p1":84,
     "p2":85,
     "p3":93},
    {"p1":80,
     "p2":97,
     "p3":98},
    {"p1":60,
     "p2":66,
     "p3":67},
    {"p1":59,
     "p2":60,
     "p3":67},
    {"p1":53,
     "p2":54,
     "p3":73},
    {"p1":54,
     "p2":55,
     "p3":73},
    {"p1":55,
     "p2":72,
     "p3":73},
    {"p1":8,
     "p2":9,
     "p3":17},
    {"p1":4,
     "p2":5,
     "p3":21},
    {"p1":36,
     "p2":40,
     "p3":41},
    {"p1":49,
     "p2":50,
     "p3":51},
    {"p1":48,
     "p2":49,
     "p3":51},
    {"p1":47,
     "p2":48,
     "p3":53},
    {"p1":37,
     "p2":38,
     "p3":39},
    {"p1":36,
     "p2":37,
     "p3":40},
    {"p1":37,
     "p2":39,
     "p3":40},
    {"p1":30,
     "p2":46,
     "p3":47},
    {"p1":30,
     "p2":45,
     "p3":46},
    {"p1":30,
     "p2":31,
     "p3":45},
    {"p1":31,
     "p2":32,
     "p3":44},
    {"p1":31,
     "p2":44,
     "p3":45},
    {"p1":23,
     "p2":30,
     "p3":53},
    {"p1":3,
     "p2":23,
     "p3":99},
    {"p1":23,
     "p2":79,
     "p3":99},
    {"p1":23,
     "p2":53,
     "p3":79},
    {"p1":23,
     "p2":29,
     "p3":30},
    {"p1":82,
     "p2":95,
     "p3":96},
    {"p1":83,
     "p2":84,
     "p3":94},
    {"p1":83,
     "p2":94,
     "p3":95},
    {"p1":82,
     "p2":83,
     "p3":95},
    {"p1":80,
     "p2":81,
     "p3":97},
    {"p1":81,
     "p2":82,
     "p3":96},
    {"p1":81,
     "p2":96,
     "p3":97},
    {"p1":73,
     "p2":78,
     "p3":79},
    {"p1":55,
     "p2":70,
     "p3":71},
    {"p1":55,
     "p2":71,
     "p3":72},
    {"p1":10,
     "p2":11,
     "p3":15},
    {"p1":9,
     "p2":16,
     "p3":17},
    {"p1":9,
     "p2":10,
     "p3":16},
    {"p1":10,
     "p2":15,
     "p3":16},
    {"p1":48,
     "p2":52,
     "p3":53},
    {"p1":48,
     "p2":51,
     "p3":52},
    {"p1":26,
     "p2":27,
     "p3":28},
    {"p1":3,
     "p2":22,
     "p3":23},
    {"p1":3,
     "p2":4,
     "p3":22},
    {"p1":4,
     "p2":21,
     "p3":22},
    {"p1":23,
     "p2":25,
     "p3":29},
    {"p1":25,
     "p2":28,
     "p3":29},
    {"p1":25,
     "p2":26,
     "p3":28},
    {"p1":23,
     "p2":24,
     "p3":25},
    {"p1":76,
     "p2":77,
     "p3":78},
    {"p1":74,
     "p2":76,
     "p3":78},
    {"p1":74,
     "p2":75,
     "p3":76},
    {"p1":73,
     "p2":74,
     "p3":78},
    {"p1":59,
     "p2":67,
     "p3":68},
    {"p1":58,
     "p2":68,
     "p3":69},
    {"p1":58,
     "p2":59,
     "p3":68},
    {"p1":11,
     "p2":14,
     "p3":15},
    {"p1":12,
     "p2":13,
     "p3":14},
    {"p1":11,
     "p2":12,
     "p3":14}]
}