{"points":[
    {"x":0.35417,
     "y":0.51875},
    {"x":0.31667,
     "y":0.54792},
    {"x":0.25208,
     "y":0.54792},
    {"x":0.1875,
     "y":0.54583},
    {"x":0.12292,
     "y":0.54583},
    {"x":0.058333,
     "y":0.54583},
    {"x":0,
     "y":0.55},
    {"x":0.0020833,
     "y":0.61458},
    {"x":0.064583,
     "y":0.625},
    {"x":0.12917,
     "y":0.62917},
    {"x":0.19375,
     "y":0.63125},
    {"x":0.25833,
     "y":0.63333},
    {"x":0.32292,
     "y":0.63542},
    {"x":0.3625,
     "y":0.6625},
    {"x":0.36458,
     "y":0.72708},
    {"x":0.36667,
     "y":0.79167},
    {"x":0.36875,
     "y":0.85625},
    {"x":0.37292,
     "y":0.92083},
    {"x":0.37917,
     "y":0.98542},
    {"x":0.42917,
     "y":0.99583},
    {"x":0.42708,
     "y":0.93125},
    {"x":0.425,
     "y":0.86667},
    {"x":0.42292,
     "y":0.80208},
    {"x":0.42083,
     "y":0.7375},
    {"x":0.42083,
     "y":0.67292},
    {"x":0.45208,
     "y":0.6375},
    {"x":0.45417,
     "y":0.70208},
    {"x":0.45417,
     "y":0.76667},
    {"x":0.45625,
     "y":0.83125},
    {"x":0.45625,
     "y":0.89583},
    {"x":0.45625,
     "y":0.96042},
    {"x":0.48333,
     "y":1},
    {"x":0.54792,
     "y":1},
    {"x":0.6125,
     "y":0.99375},
    {"x":0.63542,
     "y":0.94375},
    {"x":0.64375,
     "y":0.87917},
    {"x":0.65,
     "y":0.81458},
    {"x":0.65208,
     "y":0.75},
    {"x":0.65417,
     "y":0.68542},
    {"x":0.67292,
     "y":0.63542},
    {"x":0.7375,
     "y":0.63333},
    {"x":0.80208,
     "y":0.62917},
    {"x":0.86667,
     "y":0.62708},
    {"x":0.93125,
     "y":0.62083},
    {"x":0.98542,
     "y":0.60208},
    {"x":0.9875,
     "y":0.5375},
    {"x":0.9875,
     "y":0.47292},
    {"x":0.94167,
     "y":0.45},
    {"x":0.87708,
     "y":0.44583},
    {"x":0.8125,
     "y":0.44375},
    {"x":0.74792,
     "y":0.44167},
    {"x":0.68333,
     "y":0.43958},
    {"x":0.65417,
     "y":0.39792},
    {"x":0.71458,
     "y":0.39167},
    {"x":0.77917,
     "y":0.39583},
    {"x":0.84375,
     "y":0.39792},
    {"x":0.90833,
     "y":0.40417},
    {"x":0.97292,
     "y":0.41042},
    {"x":0.96667,
     "y":0.36667},
    {"x":0.90208,
     "y":0.35625},
    {"x":0.8375,
     "y":0.35},
    {"x":0.77292,
     "y":0.34583},
    {"x":0.70833,
     "y":0.34167},
    {"x":0.65417,
     "y":0.32708},
    {"x":0.65208,
     "y":0.2625},
    {"x":0.64583,
     "y":0.19792},
    {"x":0.64167,
     "y":0.13333},
    {"x":0.63333,
     "y":0.06875},
    {"x":0.61667,
     "y":0.010417},
    {"x":0.55208,
     "y":0.0041667},
    {"x":0.53542,
     "y":0.047917},
    {"x":0.53958,
     "y":0.1125},
    {"x":0.54167,
     "y":0.17708},
    {"x":0.54167,
     "y":0.24167},
    {"x":0.54375,
     "y":0.30625},
    {"x":0.51042,
     "y":0.3375},
    {"x":0.51042,
     "y":0.27292},
    {"x":0.51042,
     "y":0.20833},
    {"x":0.50833,
     "y":0.14375},
    {"x":0.50833,
     "y":0.079167},
    {"x":0.50625,
     "y":0.014583},
    {"x":0.45208,
     "y":0},
    {"x":0.3875,
     "y":0.0041667},
    {"x":0.375,
     "y":0.064583},
    {"x":0.37292,
     "y":0.12917},
    {"x":0.36875,
     "y":0.19375},
    {"x":0.36458,
     "y":0.25833},
    {"x":0.36458,
     "y":0.32292},
    {"x":0.3125,
     "y":0.33958},
    {"x":0.24792,
     "y":0.34167},
    {"x":0.18333,
     "y":0.34583},
    {"x":0.11875,
     "y":0.35},
    {"x":0.054167,
     "y":0.35625},
    {"x":0.00625,
     "y":0.38125},
    {"x":0.0020833,
     "y":0.44583},
    {"x":0.010417,
     "y":0.5},
    {"x":0.075,
     "y":0.5},
    {"x":0.13958,
     "y":0.5},
    {"x":0.20417,
     "y":0.49792},
    {"x":0.26875,
     "y":0.5},
    {"x":0.33333,
     "y":0.49792},
    {"x":0.35417,
     "y":0.51875}],
 "triangles":[
    {"p1":5,
     "p2":6,
     "p3":7},
    {"p1":0,
     "p2":25,
     "p3":75},
    {"p1":28,
     "p2":35,
     "p3":36},
    {"p1":89,
     "p2":90,
     "p3":98},
    {"p1":89,
     "p2":98,
     "p3":99},
    {"p1":91,
     "p2":92,
     "p3":96},
    {"p1":5,
     "p2":7,
     "p3":8},
    {"p1":4,
     "p2":5,
     "p3":8},
    {"p1":0,
     "p2":75,
     "p3":87},
    {"p1":81,
     "p2":82,
     "p3":83},
    {"p1":28,
     "p2":29,
     "p3":35},
    {"p1":29,
     "p2":34,
     "p3":35},
    {"p1":26,
     "p2":37,
     "p3":38},
    {"p1":25,
     "p2":26,
     "p3":38},
    {"p1":52,
     "p2":63,
     "p3":74},
    {"p1":52,
     "p2":74,
     "p3":75},
    {"p1":25,
     "p2":52,
     "p3":75},
    {"p1":92,
     "p2":93,
     "p3":94},
    {"p1":92,
     "p2":94,
     "p3":96},
    {"p1":94,
     "p2":95,
     "p3":96},
    {"p1":91,
     "p2":96,
     "p3":97},
    {"p1":90,
     "p2":97,
     "p3":98},
    {"p1":90,
     "p2":91,
     "p3":97},
    {"p1":4,
     "p2":8,
     "p3":9},
    {"p1":2,
     "p2":3,
     "p3":10},
    {"p1":3,
     "p2":9,
     "p3":10},
    {"p1":3,
     "p2":4,
     "p3":9},
    {"p1":78,
     "p2":84,
     "p3":85},
    {"p1":88,
     "p2":89,
     "p3":99},
    {"p1":17,
     "p2":18,
     "p3":20},
    {"p1":18,
     "p2":19,
     "p3":20},
    {"p1":17,
     "p2":20,
     "p3":21},
    {"p1":29,
     "p2":32,
     "p3":34},
    {"p1":32,
     "p2":33,
     "p3":34},
    {"p1":26,
     "p2":27,
     "p3":37},
    {"p1":27,
     "p2":36,
     "p3":37},
    {"p1":27,
     "p2":28,
     "p3":36},
    {"p1":15,
     "p2":22,
     "p3":23},
    {"p1":40,
     "p2":41,
     "p3":50},
    {"p1":43,
     "p2":44,
     "p3":45},
    {"p1":25,
     "p2":38,
     "p3":39},
    {"p1":16,
     "p2":17,
     "p3":21},
    {"p1":15,
     "p2":16,
     "p3":22},
    {"p1":16,
     "p2":21,
     "p3":22},
    {"p1":2,
     "p2":10,
     "p3":11},
    {"p1":1,
     "p2":2,
     "p3":11},
    {"p1":43,
     "p2":45,
     "p3":48},
    {"p1":42,
     "p2":43,
     "p3":48},
    {"p1":54,
     "p2":60,
     "p3":61},
    {"p1":63,
     "p2":64,
     "p3":74},
    {"p1":67,
     "p2":68,
     "p3":70},
    {"p1":68,
     "p2":69,
     "p3":70},
    {"p1":64,
     "p2":73,
     "p3":74},
    {"p1":64,
     "p2":65,
     "p3":73},
    {"p1":88,
     "p2":99,
     "p3":100},
    {"p1":0,
     "p2":87,
     "p3":100},
    {"p1":87,
     "p2":88,
     "p3":100},
    {"p1":30,
     "p2":31,
     "p3":32},
    {"p1":29,
     "p2":30,
     "p3":32},
    {"p1":25,
     "p2":51,
     "p3":52},
    {"p1":25,
     "p2":39,
     "p3":51},
    {"p1":40,
     "p2":50,
     "p3":51},
    {"p1":39,
     "p2":40,
     "p3":51},
    {"p1":0,
     "p2":13,
     "p3":25},
    {"p1":66,
     "p2":67,
     "p3":71},
    {"p1":67,
     "p2":70,
     "p3":71},
    {"p1":55,
     "p2":59,
     "p3":60},
    {"p1":54,
     "p2":55,
     "p3":60},
    {"p1":45,
     "p2":46,
     "p3":47},
    {"p1":45,
     "p2":47,
     "p3":48},
    {"p1":53,
     "p2":54,
     "p3":61},
    {"p1":76,
     "p2":86,
     "p3":87},
    {"p1":75,
     "p2":76,
     "p3":87},
    {"p1":13,
     "p2":24,
     "p3":25},
    {"p1":14,
     "p2":15,
     "p3":23},
    {"p1":14,
     "p2":23,
     "p3":24},
    {"p1":13,
     "p2":14,
     "p3":24},
    {"p1":0,
     "p2":1,
     "p3":12},
    {"p1":0,
     "p2":12,
     "p3":13},
    {"p1":1,
     "p2":11,
     "p3":12},
    {"p1":65,
     "p2":72,
     "p3":73},
    {"p1":65,
     "p2":66,
     "p3":72},
    {"p1":66,
     "p2":71,
     "p3":72},
    {"p1":79,
     "p2":80,
     "p3":81},
    {"p1":79,
     "p2":81,
     "p3":83},
    {"p1":79,
     "p2":83,
     "p3":84},
    {"p1":78,
     "p2":79,
     "p3":84},
    {"p1":55,
     "p2":56,
     "p3":59},
    {"p1":56,
     "p2":58,
     "p3":59},
    {"p1":41,
     "p2":49,
     "p3":50},
    {"p1":41,
     "p2":42,
     "p3":49},
    {"p1":42,
     "p2":48,
     "p3":49},
    {"p1":56,
     "p2":57,
     "p3":58},
    {"p1":53,
     "p2":61,
     "p3":62},
    {"p1":52,
     "p2":62,
     "p3":63},
    {"p1":52,
     "p2":53,
     "p3":62},
    {"p1":77,
     "p2":78,
     "p3":85},
    {"p1":77,
     "p2":85,
     "p3":86},
    {"p1":76,
     "p2":77,
     "p3":86}]
}