{"points":[
    {"x":0.1851,
     "y":0.47837},
    {"x":0.20913,
     "y":0.50721},
    {"x":0.23317,
     "y":0.53606},
    {"x":0.26202,
     "y":0.5649},
    {"x":0.28846,
     "y":0.58894},
    {"x":0.3125,
     "y":0.61058},
    {"x":0.33894,
     "y":0.625},
    {"x":0.36779,
     "y":0.62019},
    {"x":0.39663,
     "y":0.62019},
    {"x":0.42548,
     "y":0.62981},
    {"x":0.45192,
     "y":0.65385},
    {"x":0.45913,
     "y":0.68269},
    {"x":0.45673,
     "y":0.71154},
    {"x":0.44952,
     "y":0.74038},
    {"x":0.45913,
     "y":0.76923},
    {"x":0.46635,
     "y":0.79808},
    {"x":0.47115,
     "y":0.82692},
    {"x":0.47596,
     "y":0.85577},
    {"x":0.47837,
     "y":0.88462},
    {"x":0.48077,
     "y":0.91346},
    {"x":0.48558,
     "y":0.94231},
    {"x":0.48798,
     "y":0.97115},
    {"x":0.49038,
     "y":1},
    {"x":0.5,
     "y":1},
    {"x":0.51442,
     "y":0.97115},
    {"x":0.52644,
     "y":0.94231},
    {"x":0.54087,
     "y":0.91346},
    {"x":0.55288,
     "y":0.88462},
    {"x":0.5649,
     "y":0.85577},
    {"x":0.57692,
     "y":0.82692},
    {"x":0.58654,
     "y":0.79808},
    {"x":0.57933,
     "y":0.76923},
    {"x":0.57692,
     "y":0.74038},
    {"x":0.57933,
     "y":0.71154},
    {"x":0.58173,
     "y":0.68269},
    {"x":0.58654,
     "y":0.65385},
    {"x":0.59375,
     "y":0.625},
    {"x":0.60577,
     "y":0.59615},
    {"x":0.62019,
     "y":0.56731},
    {"x":0.64183,
     "y":0.54327},
    {"x":0.67067,
     "y":0.53125},
    {"x":0.68029,
     "y":0.50721},
    {"x":0.6851,
     "y":0.47837},
    {"x":0.69231,
     "y":0.44952},
    {"x":0.69952,
     "y":0.42067},
    {"x":0.70673,
     "y":0.39183},
    {"x":0.71875,
     "y":0.36298},
    {"x":0.73317,
     "y":0.33413},
    {"x":0.75,
     "y":0.30529},
    {"x":0.77163,
     "y":0.27644},
    {"x":0.79567,
     "y":0.2476},
    {"x":0.81731,
     "y":0.22115},
    {"x":0.83894,
     "y":0.19712},
    {"x":0.86298,
     "y":0.17067},
    {"x":0.88942,
     "y":0.14183},
    {"x":0.91346,
     "y":0.11298},
    {"x":0.9351,
     "y":0.084135},
    {"x":0.95433,
     "y":0.055288},
    {"x":0.9351,
     "y":0.048077},
    {"x":0.90625,
     "y":0.045673},
    {"x":0.8774,
     "y":0.043269},
    {"x":0.84856,
     "y":0.043269},
    {"x":0.81971,
     "y":0.040865},
    {"x":0.79087,
     "y":0.038462},
    {"x":0.76202,
     "y":0.038462},
    {"x":0.73317,
     "y":0.036058},
    {"x":0.70433,
     "y":0.036058},
    {"x":0.67548,
     "y":0.036058},
    {"x":0.64663,
     "y":0.036058},
    {"x":0.61779,
     "y":0.036058},
    {"x":0.58894,
     "y":0.033654},
    {"x":0.5601,
     "y":0.016827},
    {"x":0.53125,
     "y":0.0072115},
    {"x":0.5024,
     "y":0.0024038},
    {"x":0.47356,
     "y":0},
    {"x":0.44471,
     "y":0.0024038},
    {"x":0.41587,
     "y":0.0072115},
    {"x":0.38702,
     "y":0.014423},
    {"x":0.35817,
     "y":0.026442},
    {"x":0.32933,
     "y":0.045673},
    {"x":0.30048,
     "y":0.060096},
    {"x":0.27163,
     "y":0.0625},
    {"x":0.24279,
     "y":0.0625},
    {"x":0.21394,
     "y":0.0625},
    {"x":0.1851,
     "y":0.0625},
    {"x":0.15625,
     "y":0.060096},
    {"x":0.1274,
     "y":0.060096},
    {"x":0.098558,
     "y":0.055288},
    {"x":0.069712,
     "y":0.055288},
    {"x":0.040865,
     "y":0.052885},
    {"x":0.012019,
     "y":0.050481},
    {"x":0,
     "y":0.0625},
    {"x":0.012019,
     "y":0.091346},
    {"x":0.024038,
     "y":0.12019},
    {"x":0.033654,
     "y":0.14904},
    {"x":0.043269,
     "y":0.17788},
    {"x":0.055288,
     "y":0.20673},
    {"x":0.064904,
     "y":0.23558},
    {"x":0.076923,
     "y":0.26442},
    {"x":0.086538,
     "y":0.29327},
    {"x":0.098558,
     "y":0.32212},
    {"x":0.11298,
     "y":0.35096},
    {"x":0.125,
     "y":0.37981},
    {"x":0.14183,
     "y":0.40865},
    {"x":0.15865,
     "y":0.4375},
    {"x":0.17788,
     "y":0.46635},
    {"x":0.1851,
     "y":0.47837}],
 "triangles":[
    {"p1":76,
     "p2":77,
     "p3":79},
    {"p1":70,
     "p2":76,
     "p3":79},
    {"p1":21,
     "p2":22,
     "p3":23},
    {"p1":17,
     "p2":18,
     "p3":27},
    {"p1":17,
     "p2":27,
     "p3":28},
    {"p1":45,
     "p2":46,
     "p3":79},
    {"p1":46,
     "p2":70,
     "p3":79},
    {"p1":70,
     "p2":75,
     "p3":76},
    {"p1":80,
     "p2":81,
     "p3":101},
    {"p1":1,
     "p2":45,
     "p3":80},
    {"p1":45,
     "p2":79,
     "p3":80},
    {"p1":20,
     "p2":21,
     "p3":24},
    {"p1":21,
     "p2":23,
     "p3":24},
    {"p1":18,
     "p2":19,
     "p3":26},
    {"p1":18,
     "p2":26,
     "p3":27},
    {"p1":16,
     "p2":17,
     "p3":28},
    {"p1":70,
     "p2":71,
     "p3":72},
    {"p1":70,
     "p2":72,
     "p3":73},
    {"p1":73,
     "p2":74,
     "p3":75},
    {"p1":70,
     "p2":73,
     "p3":75},
    {"p1":50,
     "p2":51,
     "p3":66},
    {"p1":48,
     "p2":49,
     "p3":68},
    {"p1":87,
     "p2":93,
     "p3":94},
    {"p1":83,
     "p2":84,
     "p3":98},
    {"p1":4,
     "p2":5,
     "p3":7},
    {"p1":5,
     "p2":6,
     "p3":7},
    {"p1":19,
     "p2":20,
     "p3":25},
    {"p1":19,
     "p2":25,
     "p3":26},
    {"p1":20,
     "p2":24,
     "p3":25},
    {"p1":53,
     "p2":54,
     "p3":62},
    {"p1":51,
     "p2":65,
     "p3":66},
    {"p1":51,
     "p2":64,
     "p3":65},
    {"p1":49,
     "p2":67,
     "p3":68},
    {"p1":50,
     "p2":66,
     "p3":67},
    {"p1":49,
     "p2":50,
     "p3":67},
    {"p1":46,
     "p2":47,
     "p3":70},
    {"p1":47,
     "p2":48,
     "p3":70},
    {"p1":48,
     "p2":69,
     "p3":70},
    {"p1":48,
     "p2":68,
     "p3":69},
    {"p1":87,
     "p2":88,
     "p3":93},
    {"p1":90,
     "p2":91,
     "p3":92},
    {"p1":89,
     "p2":90,
     "p3":92},
    {"p1":88,
     "p2":89,
     "p3":92},
    {"p1":88,
     "p2":92,
     "p3":93},
    {"p1":86,
     "p2":87,
     "p3":94},
    {"p1":82,
     "p2":83,
     "p3":98},
    {"p1":77,
     "p2":78,
     "p3":79},
    {"p1":84,
     "p2":97,
     "p3":98},
    {"p1":1,
     "p2":80,
     "p3":105},
    {"p1":80,
     "p2":104,
     "p3":105},
    {"p1":80,
     "p2":103,
     "p3":104},
    {"p1":12,
     "p2":32,
     "p3":33},
    {"p1":12,
     "p2":13,
     "p3":14},
    {"p1":12,
     "p2":14,
     "p3":32},
    {"p1":54,
     "p2":61,
     "p3":62},
    {"p1":51,
     "p2":52,
     "p3":64},
    {"p1":53,
     "p2":62,
     "p3":63},
    {"p1":52,
     "p2":63,
     "p3":64},
    {"p1":52,
     "p2":53,
     "p3":63},
    {"p1":39,
     "p2":40,
     "p3":41},
    {"p1":39,
     "p2":41,
     "p3":42},
    {"p1":39,
     "p2":42,
     "p3":43},
    {"p1":86,
     "p2":94,
     "p3":95},
    {"p1":82,
     "p2":98,
     "p3":99},
    {"p1":0,
     "p2":1,
     "p3":105},
    {"p1":80,
     "p2":101,
     "p3":102},
    {"p1":80,
     "p2":102,
     "p3":103},
    {"p1":14,
     "p2":15,
     "p3":31},
    {"p1":14,
     "p2":31,
     "p3":32},
    {"p1":10,
     "p2":36,
     "p3":37},
    {"p1":10,
     "p2":35,
     "p3":36},
    {"p1":8,
     "p2":38,
     "p3":39},
    {"p1":8,
     "p2":39,
     "p3":43},
    {"p1":2,
     "p2":3,
     "p3":8},
    {"p1":3,
     "p2":4,
     "p3":8},
    {"p1":4,
     "p2":7,
     "p3":8},
    {"p1":55,
     "p2":59,
     "p3":60},
    {"p1":54,
     "p2":55,
     "p3":61},
    {"p1":55,
     "p2":60,
     "p3":61},
    {"p1":8,
     "p2":43,
     "p3":44},
    {"p1":2,
     "p2":8,
     "p3":44},
    {"p1":1,
     "p2":44,
     "p3":45},
    {"p1":1,
     "p2":2,
     "p3":44},
    {"p1":85,
     "p2":86,
     "p3":96},
    {"p1":86,
     "p2":95,
     "p3":96},
    {"p1":84,
     "p2":85,
     "p3":96},
    {"p1":84,
     "p2":96,
     "p3":97},
    {"p1":81,
     "p2":100,
     "p3":101},
    {"p1":81,
     "p2":82,
     "p3":100},
    {"p1":82,
     "p2":99,
     "p3":100},
    {"p1":15,
     "p2":16,
     "p3":29},
    {"p1":15,
     "p2":29,
     "p3":31},
    {"p1":16,
     "p2":28,
     "p3":29},
    {"p1":10,
     "p2":11,
     "p3":35},
    {"p1":11,
     "p2":34,
     "p3":35},
    {"p1":11,
     "p2":12,
     "p3":33},
    {"p1":11,
     "p2":33,
     "p3":34},
    {"p1":56,
     "p2":58,
     "p3":59},
    {"p1":55,
     "p2":56,
     "p3":59},
    {"p1":56,
     "p2":57,
     "p3":58},
    {"p1":29,
     "p2":30,
     "p3":31},
    {"p1":9,
     "p2":10,
     "p3":37},
    {"p1":9,
     "p2":37,
     "p3":38},
    {"p1":8,
     "p2":9,
     "p3":38}]
}