{"points":[
    {"x":0.23113,
     "y":0.49528},
    {"x":0.28302,
     "y":0.51887},
    {"x":0.33726,
     "y":0.53066},
    {"x":0.39151,
     "y":0.53302},
    {"x":0.44575,
     "y":0.5283},
    {"x":0.5,
     "y":0.51415},
    {"x":0.55425,
     "y":0.5},
    {"x":0.60849,
     "y":0.48113},
    {"x":0.66274,
     "y":0.46698},
    {"x":0.69575,
     "y":0.48585},
    {"x":0.66274,
     "y":0.51415},
    {"x":0.60849,
     "y":0.53066},
    {"x":0.55425,
     "y":0.54717},
    {"x":0.5,
     "y":0.56132},
    {"x":0.44575,
     "y":0.57311},
    {"x":0.39151,
     "y":0.57783},
    {"x":0.33726,
     "y":0.57311},
    {"x":0.28302,
     "y":0.56132},
    {"x":0.28774,
     "y":0.59198},
    {"x":0.32075,
     "y":0.64623},
    {"x":0.35613,
     "y":0.70047},
    {"x":0.39387,
     "y":0.75472},
    {"x":0.4316,
     "y":0.80896},
    {"x":0.46698,
     "y":0.86321},
    {"x":0.50236,
     "y":0.91745},
    {"x":0.53302,
     "y":0.9717},
    {"x":0.56368,
     "y":0.97642},
    {"x":0.59434,
     "y":0.92217},
    {"x":0.62264,
     "y":0.86792},
    {"x":0.64623,
     "y":0.81368},
    {"x":0.66745,
     "y":0.75943},
    {"x":0.67689,
     "y":0.71226},
    {"x":0.62264,
     "y":0.72877},
    {"x":0.5684,
     "y":0.74528},
    {"x":0.51415,
     "y":0.76179},
    {"x":0.51887,
     "y":0.7217},
    {"x":0.57311,
     "y":0.70519},
    {"x":0.62736,
     "y":0.69104},
    {"x":0.6816,
     "y":0.67453},
    {"x":0.71462,
     "y":0.63679},
    {"x":0.73585,
     "y":0.58255},
    {"x":0.75943,
     "y":0.5283},
    {"x":0.78066,
     "y":0.47406},
    {"x":0.80425,
     "y":0.41981},
    {"x":0.82783,
     "y":0.36557},
    {"x":0.85377,
     "y":0.31132},
    {"x":0.87972,
     "y":0.25708},
    {"x":0.85613,
     "y":0.23349},
    {"x":0.80189,
     "y":0.23585},
    {"x":0.74764,
     "y":0.24057},
    {"x":0.6934,
     "y":0.25},
    {"x":0.63915,
     "y":0.26179},
    {"x":0.58491,
     "y":0.2783},
    {"x":0.53066,
     "y":0.29481},
    {"x":0.47642,
     "y":0.31132},
    {"x":0.42217,
     "y":0.3184},
    {"x":0.36792,
     "y":0.3184},
    {"x":0.31368,
     "y":0.31132},
    {"x":0.26651,
     "y":0.29009},
    {"x":0.28538,
     "y":0.26415},
    {"x":0.33962,
     "y":0.27594},
    {"x":0.39387,
     "y":0.28066},
    {"x":0.44811,
     "y":0.27594},
    {"x":0.50236,
     "y":0.26415},
    {"x":0.5566,
     "y":0.25},
    {"x":0.61085,
     "y":0.23349},
    {"x":0.66509,
     "y":0.21934},
    {"x":0.71934,
     "y":0.20755},
    {"x":0.77358,
     "y":0.20047},
    {"x":0.82783,
     "y":0.20047},
    {"x":0.88208,
     "y":0.20047},
    {"x":0.92453,
     "y":0.17689},
    {"x":0.95991,
     "y":0.12264},
    {"x":1,
     "y":0.068396},
    {"x":0.96462,
     "y":0.051887},
    {"x":0.91038,
     "y":0.04717},
    {"x":0.85613,
     "y":0.044811},
    {"x":0.80189,
     "y":0.044811},
    {"x":0.74764,
     "y":0.049528},
    {"x":0.6934,
     "y":0.056604},
    {"x":0.63915,
     "y":0.070755},
    {"x":0.58491,
     "y":0.087264},
    {"x":0.53066,
     "y":0.10377},
    {"x":0.47642,
     "y":0.11792},
    {"x":0.42217,
     "y":0.125},
    {"x":0.36792,
     "y":0.12736},
    {"x":0.31368,
     "y":0.11792},
    {"x":0.25943,
     "y":0.10142},
    {"x":0.20519,
     "y":0.07783},
    {"x":0.15094,
     "y":0.051887},
    {"x":0.096698,
     "y":0.023585},
    {"x":0.042453,
     "y":0.0023585},
    {"x":0,
     "y":0},
    {"x":0.018868,
     "y":0.054245},
    {"x":0.037736,
     "y":0.10849},
    {"x":0.061321,
     "y":0.16274},
    {"x":0.084906,
     "y":0.21698},
    {"x":0.11321,
     "y":0.27123},
    {"x":0.14151,
     "y":0.32547},
    {"x":0.16981,
     "y":0.37972},
    {"x":0.19811,
     "y":0.43396},
    {"x":0.22877,
     "y":0.48821},
    {"x":0.23113,
     "y":0.49528}],
 "triangles":[
    {"p1":23,
     "p2":24,
     "p3":28},
    {"p1":61,
     "p2":84,
     "p3":85},
    {"p1":64,
     "p2":65,
     "p3":82},
    {"p1":63,
     "p2":64,
     "p3":83},
    {"p1":64,
     "p2":82,
     "p3":83},
    {"p1":24,
     "p2":27,
     "p3":28},
    {"p1":25,
     "p2":26,
     "p3":27},
    {"p1":24,
     "p2":25,
     "p3":27},
    {"p1":87,
     "p2":88,
     "p3":96},
    {"p1":58,
     "p2":98,
     "p3":99},
    {"p1":59,
     "p2":60,
     "p3":85},
    {"p1":60,
     "p2":61,
     "p3":85},
    {"p1":58,
     "p2":99,
     "p3":100},
    {"p1":57,
     "p2":58,
     "p3":100},
    {"p1":15,
     "p2":19,
     "p3":20},
    {"p1":21,
     "p2":22,
     "p3":34},
    {"p1":22,
     "p2":23,
     "p3":34},
    {"p1":23,
     "p2":28,
     "p3":34},
    {"p1":71,
     "p2":75,
     "p3":76},
    {"p1":70,
     "p2":71,
     "p3":76},
    {"p1":8,
     "p2":50,
     "p3":51},
    {"p1":67,
     "p2":79,
     "p3":80},
    {"p1":67,
     "p2":78,
     "p3":79},
    {"p1":68,
     "p2":77,
     "p3":78},
    {"p1":67,
     "p2":68,
     "p3":78},
    {"p1":65,
     "p2":81,
     "p3":82},
    {"p1":7,
     "p2":8,
     "p3":52},
    {"p1":8,
     "p2":51,
     "p3":52},
    {"p1":88,
     "p2":95,
     "p3":96},
    {"p1":59,
     "p2":85,
     "p3":86},
    {"p1":59,
     "p2":86,
     "p3":87},
    {"p1":58,
     "p2":97,
     "p3":98},
    {"p1":58,
     "p2":59,
     "p3":97},
    {"p1":59,
     "p2":87,
     "p3":97},
    {"p1":87,
     "p2":96,
     "p3":97},
    {"p1":3,
     "p2":55,
     "p3":56},
    {"p1":2,
     "p2":3,
     "p3":56},
    {"p1":3,
     "p2":4,
     "p3":55},
    {"p1":4,
     "p2":5,
     "p3":55},
    {"p1":61,
     "p2":62,
     "p3":84},
    {"p1":62,
     "p2":63,
     "p3":83},
    {"p1":62,
     "p2":83,
     "p3":84},
    {"p1":5,
     "p2":54,
     "p3":55},
    {"p1":1,
     "p2":56,
     "p3":57},
    {"p1":1,
     "p2":2,
     "p3":56},
    {"p1":16,
     "p2":17,
     "p3":18},
    {"p1":16,
     "p2":18,
     "p3":19},
    {"p1":15,
     "p2":16,
     "p3":19},
    {"p1":71,
     "p2":72,
     "p3":75},
    {"p1":45,
     "p2":47,
     "p3":48},
    {"p1":45,
     "p2":46,
     "p3":47},
    {"p1":44,
     "p2":49,
     "p3":50},
    {"p1":45,
     "p2":48,
     "p3":49},
    {"p1":44,
     "p2":45,
     "p3":49},
    {"p1":66,
     "p2":67,
     "p3":80},
    {"p1":66,
     "p2":80,
     "p3":81},
    {"p1":65,
     "p2":66,
     "p3":81},
    {"p1":43,
     "p2":44,
     "p3":50},
    {"p1":8,
     "p2":43,
     "p3":50},
    {"p1":10,
     "p2":39,
     "p3":40},
    {"p1":10,
     "p2":40,
     "p3":41},
    {"p1":9,
     "p2":10,
     "p3":41},
    {"p1":9,
     "p2":41,
     "p3":42},
    {"p1":9,
     "p2":42,
     "p3":43},
    {"p1":8,
     "p2":9,
     "p3":43},
    {"p1":90,
     "p2":93,
     "p3":94},
    {"p1":88,
     "p2":89,
     "p3":95},
    {"p1":89,
     "p2":90,
     "p3":94},
    {"p1":89,
     "p2":94,
     "p3":95},
    {"p1":14,
     "p2":15,
     "p3":20},
    {"p1":5,
     "p2":6,
     "p3":54},
    {"p1":7,
     "p2":52,
     "p3":53},
    {"p1":6,
     "p2":7,
     "p3":53},
    {"p1":6,
     "p2":53,
     "p3":54},
    {"p1":57,
     "p2":100,
     "p3":101},
    {"p1":1,
     "p2":57,
     "p3":101},
    {"p1":0,
     "p2":1,
     "p3":101},
    {"p1":28,
     "p2":29,
     "p3":33},
    {"p1":28,
     "p2":33,
     "p3":34},
    {"p1":11,
     "p2":12,
     "p3":37},
    {"p1":10,
     "p2":11,
     "p3":39},
    {"p1":72,
     "p2":73,
     "p3":74},
    {"p1":72,
     "p2":74,
     "p3":75},
    {"p1":68,
     "p2":69,
     "p3":77},
    {"p1":69,
     "p2":76,
     "p3":77},
    {"p1":69,
     "p2":70,
     "p3":76},
    {"p1":91,
     "p2":92,
     "p3":93},
    {"p1":90,
     "p2":91,
     "p3":93},
    {"p1":11,
     "p2":38,
     "p3":39},
    {"p1":11,
     "p2":37,
     "p3":38},
    {"p1":30,
     "p2":31,
     "p3":32},
    {"p1":29,
     "p2":30,
     "p3":32},
    {"p1":29,
     "p2":32,
     "p3":33},
    {"p1":12,
     "p2":36,
     "p3":37},
    {"p1":12,
     "p2":13,
     "p3":36},
    {"p1":21,
     "p2":34,
     "p3":35},
    {"p1":13,
     "p2":14,
     "p3":35},
    {"p1":13,
     "p2":35,
     "p3":36},
    {"p1":20,
     "p2":21,
     "p3":35},
    {"p1":14,
     "p2":20,
     "p3":35}]
}