{"points":[
    {"x":0,
     "y":0.48497},
    {"x":0.056112,
     "y":0.50902},
    {"x":0.12826,
     "y":0.51102},
    {"x":0.2004,
     "y":0.51503},
    {"x":0.27255,
     "y":0.52104},
    {"x":0.34469,
     "y":0.52505},
    {"x":0.33868,
     "y":0.55311},
    {"x":0.27455,
     "y":0.60721},
    {"x":0.21042,
     "y":0.65932},
    {"x":0.14028,
     "y":0.71743},
    {"x":0.086172,
     "y":0.78357},
    {"x":0.14629,
     "y":0.76553},
    {"x":0.21643,
     "y":0.72144},
    {"x":0.28657,
     "y":0.67735},
    {"x":0.35671,
     "y":0.63327},
    {"x":0.42485,
     "y":0.58918},
    {"x":0.4008,
     "y":0.66132},
    {"x":0.38477,
     "y":0.73347},
    {"x":0.36473,
     "y":0.80561},
    {"x":0.34669,
     "y":0.87776},
    {"x":0.33868,
     "y":0.9499},
    {"x":0.37074,
     "y":0.93587},
    {"x":0.4008,
     "y":0.86774},
    {"x":0.42485,
     "y":0.7976},
    {"x":0.45691,
     "y":0.72545},
    {"x":0.48497,
     "y":0.65331},
    {"x":0.50902,
     "y":0.64529},
    {"x":0.54108,
     "y":0.71743},
    {"x":0.56513,
     "y":0.78958},
    {"x":0.59519,
     "y":0.86172},
    {"x":0.62725,
     "y":0.93186},
    {"x":0.66132,
     "y":0.9479},
    {"x":0.6493,
     "y":0.87575},
    {"x":0.62926,
     "y":0.80361},
    {"x":0.61122,
     "y":0.73146},
    {"x":0.59519,
     "y":0.65932},
    {"x":0.57515,
     "y":0.58717},
    {"x":0.64729,
     "y":0.63527},
    {"x":0.71743,
     "y":0.68337},
    {"x":0.78758,
     "y":0.72745},
    {"x":0.85772,
     "y":0.76553},
    {"x":0.90982,
     "y":0.77555},
    {"x":0.8517,
     "y":0.71543},
    {"x":0.78758,
     "y":0.66333},
    {"x":0.72144,
     "y":0.60721},
    {"x":0.65331,
     "y":0.5491},
    {"x":0.65932,
     "y":0.52505},
    {"x":0.73146,
     "y":0.51703},
    {"x":0.80361,
     "y":0.51503},
    {"x":0.87575,
     "y":0.51102},
    {"x":0.9479,
     "y":0.50301},
    {"x":1,
     "y":0.47695},
    {"x":0.92786,
     "y":0.46493},
    {"x":0.85571,
     "y":0.46092},
    {"x":0.78357,
     "y":0.45691},
    {"x":0.71142,
     "y":0.4489},
    {"x":0.63928,
     "y":0.44489},
    {"x":0.67335,
     "y":0.40681},
    {"x":0.73547,
     "y":0.3507},
    {"x":0.8016,
     "y":0.2986},
    {"x":0.86774,
     "y":0.23848},
    {"x":0.90782,
     "y":0.18236},
    {"x":0.83567,
     "y":0.21443},
    {"x":0.76553,
     "y":0.26052},
    {"x":0.69339,
     "y":0.30461},
    {"x":0.62124,
     "y":0.3507},
    {"x":0.57916,
     "y":0.36072},
    {"x":0.59719,
     "y":0.28858},
    {"x":0.61723,
     "y":0.21643},
    {"x":0.63727,
     "y":0.14429},
    {"x":0.6513,
     "y":0.072144},
    {"x":0.65731,
     "y":0},
    {"x":0.61523,
     "y":0.06012},
    {"x":0.58918,
     "y":0.13026},
    {"x":0.56112,
     "y":0.2024},
    {"x":0.53106,
     "y":0.27455},
    {"x":0.50301,
     "y":0.34669},
    {"x":0.47896,
     "y":0.29659},
    {"x":0.44689,
     "y":0.22445},
    {"x":0.42084,
     "y":0.1523},
    {"x":0.38878,
     "y":0.08016},
    {"x":0.3487,
     "y":0.012024},
    {"x":0.33868,
     "y":0.052104},
    {"x":0.35671,
     "y":0.12425},
    {"x":0.37475,
     "y":0.19639},
    {"x":0.39279,
     "y":0.26854},
    {"x":0.41082,
     "y":0.34068},
    {"x":0.39279,
     "y":0.36072},
    {"x":0.32064,
     "y":0.31463},
    {"x":0.2485,
     "y":0.26854},
    {"x":0.17836,
     "y":0.22445},
    {"x":0.10621,
     "y":0.19238},
    {"x":0.11022,
     "y":0.22645},
    {"x":0.17234,
     "y":0.27856},
    {"x":0.23848,
     "y":0.33066},
    {"x":0.30862,
     "y":0.39078},
    {"x":0.37675,
     "y":0.44289},
    {"x":0.30661,
     "y":0.44689},
    {"x":0.23447,
     "y":0.45491},
    {"x":0.16232,
     "y":0.45691},
    {"x":0.09018,
     "y":0.46293},
    {"x":0.018036,
     "y":0.47495},
    {"x":0,
     "y":0.48497}],
 "triangles":[
    {"p1":8,
     "p2":9,
     "p3":12},
    {"p1":1,
     "p2":2,
     "p3":100},
    {"p1":80,
     "p2":81,
     "p3":82},
    {"p1":60,
     "p2":61,
     "p3":62},
    {"p1":67,
     "p2":68,
     "p3":74},
    {"p1":58,
     "p2":63,
     "p3":64},
    {"p1":56,
     "p2":65,
     "p3":66},
    {"p1":30,
     "p2":31,
     "p3":32},
    {"p1":29,
     "p2":30,
     "p3":32},
    {"p1":9,
     "p2":10,
     "p3":11},
    {"p1":9,
     "p2":11,
     "p3":12},
    {"p1":3,
     "p2":4,
     "p3":98},
    {"p1":4,
     "p2":97,
     "p3":98},
    {"p1":8,
     "p2":12,
     "p3":13},
    {"p1":7,
     "p2":8,
     "p3":13},
    {"p1":0,
     "p2":1,
     "p3":101},
    {"p1":1,
     "p2":100,
     "p3":101},
    {"p1":90,
     "p2":91,
     "p3":92},
    {"p1":87,
     "p2":95,
     "p3":96},
    {"p1":2,
     "p2":99,
     "p3":100},
    {"p1":3,
     "p2":98,
     "p3":99},
    {"p1":2,
     "p2":3,
     "p3":99},
    {"p1":67,
     "p2":74,
     "p3":75},
    {"p1":66,
     "p2":67,
     "p3":75},
    {"p1":77,
     "p2":85,
     "p3":86},
    {"p1":78,
     "p2":84,
     "p3":85},
    {"p1":77,
     "p2":78,
     "p3":85},
    {"p1":69,
     "p2":70,
     "p3":73},
    {"p1":68,
     "p2":69,
     "p3":73},
    {"p1":68,
     "p2":73,
     "p3":74},
    {"p1":80,
     "p2":82,
     "p3":83},
    {"p1":49,
     "p2":52,
     "p3":53},
    {"p1":50,
     "p2":51,
     "p3":52},
    {"p1":49,
     "p2":50,
     "p3":52},
    {"p1":58,
     "p2":59,
     "p3":63},
    {"p1":59,
     "p2":60,
     "p3":62},
    {"p1":59,
     "p2":62,
     "p3":63},
    {"p1":36,
     "p2":46,
     "p3":56},
    {"p1":36,
     "p2":45,
     "p3":46},
    {"p1":46,
     "p2":55,
     "p3":56},
    {"p1":76,
     "p2":77,
     "p3":86},
    {"p1":66,
     "p2":75,
     "p3":76},
    {"p1":76,
     "p2":87,
     "p3":96},
    {"p1":76,
     "p2":86,
     "p3":87},
    {"p1":36,
     "p2":76,
     "p3":96},
    {"p1":36,
     "p2":56,
     "p3":76},
    {"p1":56,
     "p2":66,
     "p3":76},
    {"p1":16,
     "p2":17,
     "p3":24},
    {"p1":16,
     "p2":24,
     "p3":25},
    {"p1":18,
     "p2":22,
     "p3":23},
    {"p1":17,
     "p2":18,
     "p3":23},
    {"p1":17,
     "p2":23,
     "p3":24},
    {"p1":37,
     "p2":44,
     "p3":45},
    {"p1":36,
     "p2":37,
     "p3":45},
    {"p1":38,
     "p2":39,
     "p3":43},
    {"p1":38,
     "p2":43,
     "p3":44},
    {"p1":37,
     "p2":38,
     "p3":44},
    {"p1":5,
     "p2":96,
     "p3":97},
    {"p1":4,
     "p2":5,
     "p3":97},
    {"p1":90,
     "p2":92,
     "p3":93},
    {"p1":89,
     "p2":90,
     "p3":93},
    {"p1":89,
     "p2":93,
     "p3":94},
    {"p1":88,
     "p2":94,
     "p3":95},
    {"p1":88,
     "p2":89,
     "p3":94},
    {"p1":87,
     "p2":88,
     "p3":95},
    {"p1":70,
     "p2":71,
     "p3":72},
    {"p1":70,
     "p2":72,
     "p3":73},
    {"p1":78,
     "p2":79,
     "p3":84},
    {"p1":79,
     "p2":83,
     "p3":84},
    {"p1":79,
     "p2":80,
     "p3":83},
    {"p1":39,
     "p2":40,
     "p3":42},
    {"p1":39,
     "p2":42,
     "p3":43},
    {"p1":40,
     "p2":41,
     "p3":42},
    {"p1":48,
     "p2":49,
     "p3":53},
    {"p1":48,
     "p2":53,
     "p3":54},
    {"p1":56,
     "p2":57,
     "p3":65},
    {"p1":57,
     "p2":58,
     "p3":64},
    {"p1":57,
     "p2":64,
     "p3":65},
    {"p1":18,
     "p2":19,
     "p3":22},
    {"p1":19,
     "p2":20,
     "p3":21},
    {"p1":19,
     "p2":21,
     "p3":22},
    {"p1":28,
     "p2":29,
     "p3":33},
    {"p1":29,
     "p2":32,
     "p3":33},
    {"p1":7,
     "p2":13,
     "p3":14},
    {"p1":46,
     "p2":47,
     "p3":55},
    {"p1":47,
     "p2":54,
     "p3":55},
    {"p1":47,
     "p2":48,
     "p3":54},
    {"p1":27,
     "p2":28,
     "p3":34},
    {"p1":28,
     "p2":33,
     "p3":34},
    {"p1":15,
     "p2":16,
     "p3":25},
    {"p1":15,
     "p2":25,
     "p3":26},
    {"p1":15,
     "p2":26,
     "p3":36},
    {"p1":15,
     "p2":36,
     "p3":96},
    {"p1":5,
     "p2":15,
     "p3":96},
    {"p1":27,
     "p2":34,
     "p3":35},
    {"p1":26,
     "p2":35,
     "p3":36},
    {"p1":26,
     "p2":27,
     "p3":35},
    {"p1":5,
     "p2":6,
     "p3":15},
    {"p1":6,
     "p2":14,
     "p3":15},
    {"p1":6,
     "p2":7,
     "p3":14}]
}