{"points":[
    {"x":0,
     "y":0.50119},
    {"x":0.026253,
     "y":0.53699},
    {"x":0.052506,
     "y":0.56802},
    {"x":0.083532,
     "y":0.59427},
    {"x":0.11933,
     "y":0.62053},
    {"x":0.15513,
     "y":0.63962},
    {"x":0.15036,
     "y":0.66826},
    {"x":0.13126,
     "y":0.69928},
    {"x":0.11695,
     "y":0.73508},
    {"x":0.10263,
     "y":0.77088},
    {"x":0.095465,
     "y":0.80668},
    {"x":0.088305,
     "y":0.84248},
    {"x":0.083532,
     "y":0.87828},
    {"x":0.078759,
     "y":0.91408},
    {"x":0.10263,
     "y":0.92601},
    {"x":0.13842,
     "y":0.91885},
    {"x":0.17422,
     "y":0.91408},
    {"x":0.21002,
     "y":0.90692},
    {"x":0.24582,
     "y":0.89737},
    {"x":0.28162,
     "y":0.88305},
    {"x":0.31504,
     "y":0.86635},
    {"x":0.34606,
     "y":0.84964},
    {"x":0.36993,
     "y":0.85919},
    {"x":0.39141,
     "y":0.89499},
    {"x":0.41766,
     "y":0.9284},
    {"x":0.44869,
     "y":0.96181},
    {"x":0.4821,
     "y":0.99045},
    {"x":0.5179,
     "y":0.99284},
    {"x":0.55131,
     "y":0.96659},
    {"x":0.58473,
     "y":0.93317},
    {"x":0.60621,
     "y":0.90453},
    {"x":0.6253,
     "y":0.87351},
    {"x":0.642,
     "y":0.84248},
    {"x":0.67303,
     "y":0.86158},
    {"x":0.70883,
     "y":0.88067},
    {"x":0.74463,
     "y":0.8926},
    {"x":0.78043,
     "y":0.90453},
    {"x":0.81623,
     "y":0.91408},
    {"x":0.85203,
     "y":0.91885},
    {"x":0.88783,
     "y":0.92363},
    {"x":0.92363,
     "y":0.92601},
    {"x":0.92363,
     "y":0.8926},
    {"x":0.91885,
     "y":0.8568},
    {"x":0.91408,
     "y":0.821},
    {"x":0.90453,
     "y":0.7852},
    {"x":0.89499,
     "y":0.7494},
    {"x":0.88067,
     "y":0.7136},
    {"x":0.86158,
     "y":0.68019},
    {"x":0.84248,
     "y":0.64678},
    {"x":0.87351,
     "y":0.62768},
    {"x":0.90931,
     "y":0.60382},
    {"x":0.94272,
     "y":0.57995},
    {"x":0.97375,
     "y":0.54654},
    {"x":1,
     "y":0.51074},
    {"x":0.98807,
     "y":0.47494},
    {"x":0.95704,
     "y":0.44153},
    {"x":0.92363,
     "y":0.41289},
    {"x":0.89021,
     "y":0.38902},
    {"x":0.8568,
     "y":0.36993},
    {"x":0.85203,
     "y":0.34129},
    {"x":0.87112,
     "y":0.31026},
    {"x":0.88783,
     "y":0.27446},
    {"x":0.89976,
     "y":0.23866},
    {"x":0.90931,
     "y":0.20286},
    {"x":0.91647,
     "y":0.16706},
    {"x":0.92124,
     "y":0.13126},
    {"x":0.92601,
     "y":0.095465},
    {"x":0.90692,
     "y":0.078759},
    {"x":0.87112,
     "y":0.081146},
    {"x":0.83532,
     "y":0.088305},
    {"x":0.79952,
     "y":0.093079},
    {"x":0.76372,
     "y":0.10501},
    {"x":0.72792,
     "y":0.11695},
    {"x":0.69451,
     "y":0.13365},
    {"x":0.66348,
     "y":0.15274},
    {"x":0.63484,
     "y":0.14797},
    {"x":0.61575,
     "y":0.11456},
    {"x":0.59427,
     "y":0.081146},
    {"x":0.56563,
     "y":0.050119},
    {"x":0.52983,
     "y":0.019093},
    {"x":0.49881,
     "y":0},
    {"x":0.46301,
     "y":0.02864},
    {"x":0.42721,
     "y":0.062053},
    {"x":0.40095,
     "y":0.095465},
    {"x":0.37709,
     "y":0.13126},
    {"x":0.358,
     "y":0.16229},
    {"x":0.32458,
     "y":0.1432},
    {"x":0.29117,
     "y":0.12411},
    {"x":0.25537,
     "y":0.10979},
    {"x":0.21957,
     "y":0.10024},
    {"x":0.18377,
     "y":0.090692},
    {"x":0.14797,
     "y":0.085919},
    {"x":0.11217,
     "y":0.081146},
    {"x":0.078759,
     "y":0.081146},
    {"x":0.081146,
     "y":0.11695},
    {"x":0.085919,
     "y":0.15274},
    {"x":0.090692,
     "y":0.18854},
    {"x":0.10024,
     "y":0.22434},
    {"x":0.11217,
     "y":0.26014},
    {"x":0.12411,
     "y":0.29594},
    {"x":0.1432,
     "y":0.33174},
    {"x":0.16229,
     "y":0.36277},
    {"x":0.13126,
     "y":0.37947},
    {"x":0.10024,
     "y":0.39857},
    {"x":0.071599,
     "y":0.42243},
    {"x":0.0358,
     "y":0.45585},
    {"x":0.0071599,
     "y":0.49165},
    {"x":0,
     "y":0.50119}],
 "triangles":[
    {"p1":87,
     "p2":88,
     "p3":98},
    {"p1":63,
     "p2":69,
     "p3":70},
    {"p1":5,
     "p2":101,
     "p3":102},
    {"p1":1,
     "p2":2,
     "p3":105},
    {"p1":2,
     "p2":104,
     "p3":105},
    {"p1":0,
     "p2":1,
     "p3":106},
    {"p1":1,
     "p2":105,
     "p3":106},
    {"p1":88,
     "p2":89,
     "p3":98},
    {"p1":89,
     "p2":97,
     "p3":98},
    {"p1":79,
     "p2":80,
     "p3":81},
    {"p1":87,
     "p2":98,
     "p3":99},
    {"p1":65,
     "p2":66,
     "p3":67},
    {"p1":4,
     "p2":5,
     "p3":102},
    {"p1":34,
     "p2":46,
     "p3":47},
    {"p1":90,
     "p2":91,
     "p3":95},
    {"p1":90,
     "p2":95,
     "p3":96},
    {"p1":89,
     "p2":96,
     "p3":97},
    {"p1":89,
     "p2":90,
     "p3":96},
    {"p1":63,
     "p2":64,
     "p3":69},
    {"p1":64,
     "p2":65,
     "p3":69},
    {"p1":65,
     "p2":68,
     "p3":69},
    {"p1":65,
     "p2":67,
     "p3":68},
    {"p1":52,
     "p2":53,
     "p3":54},
    {"p1":52,
     "p2":54,
     "p3":55},
    {"p1":51,
     "p2":52,
     "p3":55},
    {"p1":63,
     "p2":70,
     "p3":71},
    {"p1":61,
     "p2":71,
     "p3":72},
    {"p1":86,
     "p2":100,
     "p3":101},
    {"p1":86,
     "p2":87,
     "p3":99},
    {"p1":86,
     "p2":99,
     "p3":100},
    {"p1":4,
     "p2":102,
     "p3":103},
    {"p1":25,
     "p2":26,
     "p3":28},
    {"p1":26,
     "p2":27,
     "p3":28},
    {"p1":91,
     "p2":94,
     "p3":95},
    {"p1":92,
     "p2":93,
     "p3":94},
    {"p1":91,
     "p2":92,
     "p3":94},
    {"p1":76,
     "p2":83,
     "p3":84},
    {"p1":76,
     "p2":77,
     "p3":83},
    {"p1":78,
     "p2":79,
     "p3":81},
    {"p1":62,
     "p2":63,
     "p3":71},
    {"p1":61,
     "p2":62,
     "p3":71},
    {"p1":61,
     "p2":72,
     "p3":73},
    {"p1":85,
     "p2":86,
     "p3":101},
    {"p1":3,
     "p2":103,
     "p3":104},
    {"p1":3,
     "p2":4,
     "p3":103},
    {"p1":2,
     "p2":3,
     "p3":104},
    {"p1":37,
     "p2":43,
     "p3":44},
    {"p1":32,
     "p2":47,
     "p3":48},
    {"p1":5,
     "p2":21,
     "p3":32},
    {"p1":5,
     "p2":32,
     "p3":101},
    {"p1":36,
     "p2":37,
     "p3":44},
    {"p1":77,
     "p2":82,
     "p3":83},
    {"p1":77,
     "p2":78,
     "p3":82},
    {"p1":78,
     "p2":81,
     "p3":82},
    {"p1":60,
     "p2":61,
     "p3":73},
    {"p1":50,
     "p2":56,
     "p3":57},
    {"p1":51,
     "p2":55,
     "p3":56},
    {"p1":50,
     "p2":51,
     "p3":56},
    {"p1":48,
     "p2":49,
     "p3":58},
    {"p1":49,
     "p2":50,
     "p3":57},
    {"p1":49,
     "p2":57,
     "p3":58},
    {"p1":75,
     "p2":76,
     "p3":84},
    {"p1":75,
     "p2":84,
     "p3":85},
    {"p1":37,
     "p2":38,
     "p3":43},
    {"p1":39,
     "p2":40,
     "p3":41},
    {"p1":24,
     "p2":29,
     "p3":30},
    {"p1":25,
     "p2":28,
     "p3":29},
    {"p1":24,
     "p2":25,
     "p3":29},
    {"p1":8,
     "p2":18,
     "p3":19},
    {"p1":21,
     "p2":22,
     "p3":32},
    {"p1":9,
     "p2":17,
     "p3":18},
    {"p1":8,
     "p2":9,
     "p3":18},
    {"p1":5,
     "p2":6,
     "p3":21},
    {"p1":6,
     "p2":20,
     "p3":21},
    {"p1":38,
     "p2":39,
     "p3":42},
    {"p1":39,
     "p2":41,
     "p3":42},
    {"p1":38,
     "p2":42,
     "p3":43},
    {"p1":35,
     "p2":36,
     "p3":44},
    {"p1":35,
     "p2":44,
     "p3":45},
    {"p1":34,
     "p2":35,
     "p3":46},
    {"p1":35,
     "p2":45,
     "p3":46},
    {"p1":33,
     "p2":34,
     "p3":47},
    {"p1":32,
     "p2":33,
     "p3":47},
    {"p1":23,
     "p2":24,
     "p3":30},
    {"p1":10,
     "p2":16,
     "p3":17},
    {"p1":9,
     "p2":10,
     "p3":17},
    {"p1":6,
     "p2":7,
     "p3":20},
    {"p1":7,
     "p2":19,
     "p3":20},
    {"p1":7,
     "p2":8,
     "p3":19},
    {"p1":23,
     "p2":30,
     "p3":31},
    {"p1":22,
     "p2":31,
     "p3":32},
    {"p1":22,
     "p2":23,
     "p3":31},
    {"p1":11,
     "p2":15,
     "p3":16},
    {"p1":10,
     "p2":11,
     "p3":16},
    {"p1":12,
     "p2":14,
     "p3":15},
    {"p1":11,
     "p2":12,
     "p3":15},
    {"p1":12,
     "p2":13,
     "p3":14},
    {"p1":32,
     "p2":48,
     "p3":85},
    {"p1":32,
     "p2":85,
     "p3":101},
    {"p1":60,
     "p2":73,
     "p3":74},
    {"p1":59,
     "p2":60,
     "p3":74},
    {"p1":59,
     "p2":74,
     "p3":75},
    {"p1":58,
     "p2":59,
     "p3":75},
    {"p1":48,
     "p2":75,
     "p3":85},
    {"p1":48,
     "p2":58,
     "p3":75}]
}