{"points":[
    {"x":0,
     "y":0.47047},
    {"x":0.050916,
     "y":0.49287},
    {"x":0.11609,
     "y":0.5112},
    {"x":0.17108,
     "y":0.52749},
    {"x":0.23218,
     "y":0.52953},
    {"x":0.28513,
     "y":0.53768},
    {"x":0.27699,
     "y":0.55193},
    {"x":0.22403,
     "y":0.59674},
    {"x":0.17312,
     "y":0.66191},
    {"x":0.12627,
     "y":0.72709},
    {"x":0.10591,
     "y":0.76578},
    {"x":0.15682,
     "y":0.7556},
    {"x":0.22607,
     "y":0.73727},
    {"x":0.28513,
     "y":0.70876},
    {"x":0.34216,
     "y":0.67006},
    {"x":0.39308,
     "y":0.63951},
    {"x":0.36864,
     "y":0.70468},
    {"x":0.35031,
     "y":0.77393},
    {"x":0.34827,
     "y":0.83299},
    {"x":0.3442,
     "y":0.90224},
    {"x":0.35438,
     "y":0.95316},
    {"x":0.39511,
     "y":0.89817},
    {"x":0.43585,
     "y":0.84318},
    {"x":0.47251,
     "y":0.78004},
    {"x":0.49491,
     "y":0.72505},
    {"x":0.5112,
     "y":0.69246},
    {"x":0.52953,
     "y":0.74949},
    {"x":0.56415,
     "y":0.81059},
    {"x":0.58656,
     "y":0.85743},
    {"x":0.62525,
     "y":0.90631},
    {"x":0.66191,
     "y":0.94094},
    {"x":0.67006,
     "y":0.90224},
    {"x":0.67617,
     "y":0.83707},
    {"x":0.66802,
     "y":0.77189},
    {"x":0.64969,
     "y":0.7169},
    {"x":0.62933,
     "y":0.65377},
    {"x":0.65988,
     "y":0.65784},
    {"x":0.70672,
     "y":0.68024},
    {"x":0.74745,
     "y":0.71283},
    {"x":0.81059,
     "y":0.73727},
    {"x":0.87169,
     "y":0.76171},
    {"x":0.9165,
     "y":0.78411},
    {"x":0.89613,
     "y":0.72301},
    {"x":0.84929,
     "y":0.66395},
    {"x":0.80041,
     "y":0.61711},
    {"x":0.74542,
     "y":0.56415},
    {"x":0.71487,
     "y":0.53157},
    {"x":0.77393,
     "y":0.53768},
    {"x":0.8391,
     "y":0.52749},
    {"x":0.9002,
     "y":0.51731},
    {"x":0.96741,
     "y":0.49491},
    {"x":1,
     "y":0.46232},
    {"x":0.94501,
     "y":0.44196},
    {"x":0.87984,
     "y":0.41752},
    {"x":0.82077,
     "y":0.41141},
    {"x":0.75764,
     "y":0.41141},
    {"x":0.71283,
     "y":0.39715},
    {"x":0.77189,
     "y":0.36049},
    {"x":0.82281,
     "y":0.3055},
    {"x":0.86965,
     "y":0.24644},
    {"x":0.91039,
     "y":0.18126},
    {"x":0.85947,
     "y":0.18534},
    {"x":0.79022,
     "y":0.20367},
    {"x":0.72912,
     "y":0.23625},
    {"x":0.66395,
     "y":0.27902},
    {"x":0.63544,
     "y":0.27495},
    {"x":0.65377,
     "y":0.222},
    {"x":0.66191,
     "y":0.15479},
    {"x":0.67006,
     "y":0.08554},
    {"x":0.67413,
     "y":0.022403},
    {"x":0.63747,
     "y":0.01833},
    {"x":0.5947,
     "y":0.08554},
    {"x":0.55193,
     "y":0.14868},
    {"x":0.53971,
     "y":0.19756},
    {"x":0.52138,
     "y":0.26477},
    {"x":0.49491,
     "y":0.222},
    {"x":0.47454,
     "y":0.1609},
    {"x":0.44807,
     "y":0.11609},
    {"x":0.41548,
     "y":0.069246},
    {"x":0.37882,
     "y":0.020367},
    {"x":0.34623,
     "y":0},
    {"x":0.3442,
     "y":0.057026},
    {"x":0.3442,
     "y":0.11609},
    {"x":0.34827,
     "y":0.17923},
    {"x":0.37067,
     "y":0.23422},
    {"x":0.39104,
     "y":0.29124},
    {"x":0.34827,
     "y":0.28717},
    {"x":0.29124,
     "y":0.24644},
    {"x":0.24644,
     "y":0.21589},
    {"x":0.20367,
     "y":0.19959},
    {"x":0.13646,
     "y":0.17515},
    {"x":0.1222,
     "y":0.19959},
    {"x":0.15275,
     "y":0.26477},
    {"x":0.19552,
     "y":0.31568},
    {"x":0.25051,
     "y":0.36049},
    {"x":0.30754,
     "y":0.40122},
    {"x":0.25662,
     "y":0.41344},
    {"x":0.20367,
     "y":0.41344},
    {"x":0.1446,
     "y":0.41548},
    {"x":0.075356,
     "y":0.43585},
    {"x":0.00611,
     "y":0.46232},
    {"x":0,
     "y":0.47047}],
 "triangles":[
    {"p1":50,
     "p2":51,
     "p3":52},
    {"p1":74,
     "p2":85,
     "p3":95},
    {"p1":68,
     "p2":69,
     "p3":70},
    {"p1":58,
     "p2":62,
     "p3":63},
    {"p1":2,
     "p2":3,
     "p3":98},
    {"p1":7,
     "p2":8,
     "p3":13},
    {"p1":9,
     "p2":10,
     "p3":11},
    {"p1":8,
     "p2":9,
     "p3":11},
    {"p1":74,
     "p2":75,
     "p3":85},
    {"p1":1,
     "p2":2,
     "p3":99},
    {"p1":2,
     "p2":98,
     "p3":99},
    {"p1":49,
     "p2":52,
     "p3":53},
    {"p1":49,
     "p2":50,
     "p3":52},
    {"p1":77,
     "p2":78,
     "p3":82},
    {"p1":68,
     "p2":70,
     "p3":71},
    {"p1":67,
     "p2":68,
     "p3":71},
    {"p1":75,
     "p2":84,
     "p3":85},
    {"p1":58,
     "p2":59,
     "p3":62},
    {"p1":57,
     "p2":58,
     "p3":63},
    {"p1":57,
     "p2":63,
     "p3":64},
    {"p1":5,
     "p2":95,
     "p3":96},
    {"p1":4,
     "p2":5,
     "p3":96},
    {"p1":8,
     "p2":11,
     "p3":12},
    {"p1":8,
     "p2":12,
     "p3":13},
    {"p1":5,
     "p2":6,
     "p3":15},
    {"p1":5,
     "p2":15,
     "p3":95},
    {"p1":15,
     "p2":74,
     "p3":95},
    {"p1":15,
     "p2":46,
     "p3":74},
    {"p1":17,
     "p2":18,
     "p3":22},
    {"p1":85,
     "p2":86,
     "p3":95},
    {"p1":0,
     "p2":1,
     "p3":100},
    {"p1":1,
     "p2":99,
     "p3":100},
    {"p1":88,
     "p2":89,
     "p3":92},
    {"p1":48,
     "p2":49,
     "p3":53},
    {"p1":78,
     "p2":81,
     "p3":82},
    {"p1":67,
     "p2":71,
     "p3":72},
    {"p1":66,
     "p2":67,
     "p3":72},
    {"p1":77,
     "p2":82,
     "p3":83},
    {"p1":75,
     "p2":76,
     "p3":84},
    {"p1":76,
     "p2":77,
     "p3":83},
    {"p1":76,
     "p2":83,
     "p3":84},
    {"p1":59,
     "p2":60,
     "p3":61},
    {"p1":59,
     "p2":61,
     "p3":62},
    {"p1":56,
     "p2":57,
     "p3":64},
    {"p1":56,
     "p2":64,
     "p3":65},
    {"p1":46,
     "p2":56,
     "p3":74},
    {"p1":56,
     "p2":65,
     "p3":74},
    {"p1":7,
     "p2":13,
     "p3":14},
    {"p1":6,
     "p2":7,
     "p3":14},
    {"p1":6,
     "p2":14,
     "p3":15},
    {"p1":3,
     "p2":4,
     "p3":97},
    {"p1":4,
     "p2":96,
     "p3":97},
    {"p1":3,
     "p2":97,
     "p3":98},
    {"p1":18,
     "p2":19,
     "p3":21},
    {"p1":18,
     "p2":21,
     "p3":22},
    {"p1":19,
     "p2":20,
     "p3":21},
    {"p1":89,
     "p2":91,
     "p3":92},
    {"p1":87,
     "p2":88,
     "p3":93},
    {"p1":88,
     "p2":92,
     "p3":93},
    {"p1":15,
     "p2":35,
     "p3":46},
    {"p1":15,
     "p2":25,
     "p3":35},
    {"p1":25,
     "p2":26,
     "p3":35},
    {"p1":26,
     "p2":34,
     "p3":35},
    {"p1":29,
     "p2":30,
     "p3":31},
    {"p1":28,
     "p2":29,
     "p3":32},
    {"p1":29,
     "p2":31,
     "p3":32},
    {"p1":37,
     "p2":38,
     "p3":44},
    {"p1":37,
     "p2":44,
     "p3":45},
    {"p1":79,
     "p2":80,
     "p3":81},
    {"p1":78,
     "p2":79,
     "p3":81},
    {"p1":66,
     "p2":72,
     "p3":73},
    {"p1":65,
     "p2":73,
     "p3":74},
    {"p1":65,
     "p2":66,
     "p3":73},
    {"p1":46,
     "p2":47,
     "p3":55},
    {"p1":46,
     "p2":55,
     "p3":56},
    {"p1":26,
     "p2":27,
     "p3":34},
    {"p1":27,
     "p2":28,
     "p3":32},
    {"p1":89,
     "p2":90,
     "p3":91},
    {"p1":87,
     "p2":93,
     "p3":94},
    {"p1":86,
     "p2":94,
     "p3":95},
    {"p1":86,
     "p2":87,
     "p3":94},
    {"p1":36,
     "p2":45,
     "p3":46},
    {"p1":35,
     "p2":36,
     "p3":46},
    {"p1":36,
     "p2":37,
     "p3":45},
    {"p1":27,
     "p2":33,
     "p3":34},
    {"p1":27,
     "p2":32,
     "p3":33},
    {"p1":39,
     "p2":42,
     "p3":43},
    {"p1":38,
     "p2":43,
     "p3":44},
    {"p1":38,
     "p2":39,
     "p3":43},
    {"p1":48,
     "p2":53,
     "p3":54},
    {"p1":47,
     "p2":48,
     "p3":54},
    {"p1":47,
     "p2":54,
     "p3":55},
    {"p1":15,
     "p2":24,
     "p3":25},
    {"p1":15,
     "p2":16,
     "p3":24},
    {"p1":17,
     "p2":22,
     "p3":23},
    {"p1":16,
     "p2":17,
     "p3":23},
    {"p1":16,
     "p2":23,
     "p3":24},
    {"p1":40,
     "p2":41,
     "p3":42},
    {"p1":39,
     "p2":40,
     "p3":42}]
}