{"points":[
    {"x":0.017199,
     "y":0.47912},
    {"x":0.022113,
     "y":0.51106},
    {"x":0.029484,
     "y":0.543},
    {"x":0.034398,
     "y":0.57494},
    {"x":0.041769,
     "y":0.60688},
    {"x":0.046683,
     "y":0.63882},
    {"x":0.051597,
     "y":0.67076},
    {"x":0.054054,
     "y":0.7027},
    {"x":0.056511,
     "y":0.73464},
    {"x":0.054054,
     "y":0.76658},
    {"x":0.051597,
     "y":0.79853},
    {"x":0.046683,
     "y":0.83047},
    {"x":0.046683,
     "y":0.86241},
    {"x":0.054054,
     "y":0.89435},
    {"x":0.071253,
     "y":0.92629},
    {"x":0.09828,
     "y":0.95332},
    {"x":0.13022,
     "y":0.97543},
    {"x":0.16216,
     "y":0.98771},
    {"x":0.1941,
     "y":0.99509},
    {"x":0.22604,
     "y":0.99754},
    {"x":0.25799,
     "y":1},
    {"x":0.28993,
     "y":1},
    {"x":0.32187,
     "y":1},
    {"x":0.35381,
     "y":1},
    {"x":0.38575,
     "y":0.99754},
    {"x":0.41769,
     "y":0.99509},
    {"x":0.44963,
     "y":0.99263},
    {"x":0.48157,
     "y":0.99017},
    {"x":0.51351,
     "y":0.98771},
    {"x":0.54545,
     "y":0.9828},
    {"x":0.5774,
     "y":0.98034},
    {"x":0.60934,
     "y":0.97789},
    {"x":0.64128,
     "y":0.97543},
    {"x":0.67322,
     "y":0.97543},
    {"x":0.70516,
     "y":0.97543},
    {"x":0.7371,
     "y":0.97789},
    {"x":0.76904,
     "y":0.97789},
    {"x":0.80098,
     "y":0.9828},
    {"x":0.83292,
     "y":0.98034},
    {"x":0.86486,
     "y":0.97297},
    {"x":0.89681,
     "y":0.95577},
    {"x":0.92875,
     "y":0.92875},
    {"x":0.95332,
     "y":0.89681},
    {"x":0.9656,
     "y":0.86486},
    {"x":0.97543,
     "y":0.83292},
    {"x":0.98034,
     "y":0.80098},
    {"x":0.9828,
     "y":0.76904},
    {"x":0.9828,
     "y":0.7371},
    {"x":0.98526,
     "y":0.70516},
    {"x":0.98526,
     "y":0.67322},
    {"x":0.98526,
     "y":0.64128},
    {"x":0.98526,
     "y":0.60934},
    {"x":0.98526,
     "y":0.5774},
    {"x":0.9828,
     "y":0.54545},
    {"x":0.98034,
     "y":0.51351},
    {"x":0.97543,
     "y":0.48157},
    {"x":0.97543,
     "y":0.44963},
    {"x":0.97052,
     "y":0.41769},
    {"x":0.96806,
     "y":0.38575},
    {"x":0.96314,
     "y":0.35381},
    {"x":0.96069,
     "y":0.32187},
    {"x":0.96069,
     "y":0.28993},
    {"x":0.96069,
     "y":0.25799},
    {"x":0.96069,
     "y":0.22604},
    {"x":0.96314,
     "y":0.1941},
    {"x":0.96314,
     "y":0.16216},
    {"x":0.95577,
     "y":0.13022},
    {"x":0.93857,
     "y":0.09828},
    {"x":0.914,
     "y":0.066339},
    {"x":0.88206,
     "y":0.041769},
    {"x":0.85012,
     "y":0.02457},
    {"x":0.81818,
     "y":0.014742},
    {"x":0.78624,
     "y":0.007371},
    {"x":0.7543,
     "y":0.004914},
    {"x":0.72236,
     "y":0.002457},
    {"x":0.69042,
     "y":0},
    {"x":0.65848,
     "y":0},
    {"x":0.62654,
     "y":0.002457},
    {"x":0.59459,
     "y":0.002457},
    {"x":0.56265,
     "y":0.004914},
    {"x":0.53071,
     "y":0.007371},
    {"x":0.49877,
     "y":0.009828},
    {"x":0.46683,
     "y":0.014742},
    {"x":0.43489,
     "y":0.019656},
    {"x":0.40295,
     "y":0.02457},
    {"x":0.37101,
     "y":0.031941},
    {"x":0.33907,
     "y":0.036855},
    {"x":0.30713,
     "y":0.041769},
    {"x":0.27518,
     "y":0.046683},
    {"x":0.24324,
     "y":0.04914},
    {"x":0.2113,
     "y":0.04914},
    {"x":0.17936,
     "y":0.04914},
    {"x":0.14742,
     "y":0.04914},
    {"x":0.11548,
     "y":0.054054},
    {"x":0.083538,
     "y":0.071253},
    {"x":0.056511,
     "y":0.09828},
    {"x":0.034398,
     "y":0.12776},
    {"x":0.019656,
     "y":0.15971},
    {"x":0.009828,
     "y":0.19165},
    {"x":0.002457,
     "y":0.22359},
    {"x":0,
     "y":0.25553},
    {"x":0,
     "y":0.28747},
    {"x":0,
     "y":0.31941},
    {"x":0.002457,
     "y":0.35135},
    {"x":0.004914,
     "y":0.38329},
    {"x":0.007371,
     "y":0.41523},
    {"x":0.012285,
     "y":0.44717},
    {"x":0.017199,
     "y":0.47912},
    {"x":0.017199,
     "y":0.47912}],
 "triangles":[
    {"p1":92,
     "p2":94,
     "p3":95},
    {"p1":92,
     "p2":93,
     "p3":94},
    {"p1":41,
     "p2":42,
     "p3":43},
    {"p1":13,
     "p2":14,
     "p3":15},
    {"p1":12,
     "p2":13,
     "p3":15},
    {"p1":4,
     "p2":55,
     "p3":83},
    {"p1":2,
     "p2":4,
     "p3":83},
    {"p1":2,
     "p2":83,
     "p3":85},
    {"p1":86,
     "p2":87,
     "p3":106},
    {"p1":91,
     "p2":96,
     "p3":97},
    {"p1":91,
     "p2":92,
     "p3":95},
    {"p1":91,
     "p2":95,
     "p3":96},
    {"p1":91,
     "p2":97,
     "p3":98},
    {"p1":11,
     "p2":12,
     "p3":15},
    {"p1":15,
     "p2":16,
     "p3":17},
    {"p1":83,
     "p2":84,
     "p3":85},
    {"p1":0,
     "p2":85,
     "p3":86},
    {"p1":0,
     "p2":86,
     "p3":106},
    {"p1":90,
     "p2":99,
     "p3":100},
    {"p1":90,
     "p2":98,
     "p3":99},
    {"p1":90,
     "p2":91,
     "p3":98},
    {"p1":89,
     "p2":101,
     "p3":102},
    {"p1":90,
     "p2":100,
     "p3":101},
    {"p1":89,
     "p2":90,
     "p3":101},
    {"p1":87,
     "p2":105,
     "p3":106},
    {"p1":87,
     "p2":88,
     "p3":105},
    {"p1":88,
     "p2":104,
     "p3":105},
    {"p1":2,
     "p2":3,
     "p3":4},
    {"p1":38,
     "p2":39,
     "p3":40},
    {"p1":34,
     "p2":47,
     "p3":48},
    {"p1":34,
     "p2":48,
     "p3":49},
    {"p1":59,
     "p2":81,
     "p3":82},
    {"p1":59,
     "p2":80,
     "p3":81},
    {"p1":59,
     "p2":79,
     "p3":80},
    {"p1":59,
     "p2":60,
     "p3":79},
    {"p1":67,
     "p2":68,
     "p3":69},
    {"p1":64,
     "p2":67,
     "p3":69},
    {"p1":62,
     "p2":73,
     "p3":74},
    {"p1":65,
     "p2":66,
     "p3":67},
    {"p1":64,
     "p2":65,
     "p3":67},
    {"p1":61,
     "p2":62,
     "p3":74},
    {"p1":61,
     "p2":74,
     "p3":75},
    {"p1":60,
     "p2":61,
     "p3":77},
    {"p1":55,
     "p2":56,
     "p3":57},
    {"p1":55,
     "p2":57,
     "p3":83},
    {"p1":57,
     "p2":82,
     "p3":83},
    {"p1":57,
     "p2":59,
     "p3":82},
    {"p1":57,
     "p2":58,
     "p3":59},
    {"p1":1,
     "p2":2,
     "p3":85},
    {"p1":0,
     "p2":1,
     "p3":85},
    {"p1":88,
     "p2":103,
     "p3":104},
    {"p1":89,
     "p2":102,
     "p3":103},
    {"p1":88,
     "p2":89,
     "p3":103},
    {"p1":10,
     "p2":11,
     "p3":15},
    {"p1":10,
     "p2":15,
     "p3":17},
    {"p1":10,
     "p2":17,
     "p3":18},
    {"p1":34,
     "p2":35,
     "p3":47},
    {"p1":32,
     "p2":50,
     "p3":51},
    {"p1":32,
     "p2":51,
     "p3":52},
    {"p1":32,
     "p2":52,
     "p3":53},
    {"p1":60,
     "p2":77,
     "p3":78},
    {"p1":60,
     "p2":78,
     "p3":79},
    {"p1":69,
     "p2":70,
     "p3":71},
    {"p1":64,
     "p2":69,
     "p3":71},
    {"p1":61,
     "p2":76,
     "p3":77},
    {"p1":61,
     "p2":75,
     "p3":76},
    {"p1":8,
     "p2":21,
     "p3":22},
    {"p1":8,
     "p2":22,
     "p3":23},
    {"p1":8,
     "p2":23,
     "p3":24},
    {"p1":7,
     "p2":8,
     "p3":24},
    {"p1":36,
     "p2":44,
     "p3":45},
    {"p1":36,
     "p2":45,
     "p3":46},
    {"p1":36,
     "p2":43,
     "p3":44},
    {"p1":36,
     "p2":46,
     "p3":47},
    {"p1":35,
     "p2":36,
     "p3":47},
    {"p1":36,
     "p2":37,
     "p3":38},
    {"p1":36,
     "p2":41,
     "p3":43},
    {"p1":36,
     "p2":40,
     "p3":41},
    {"p1":36,
     "p2":38,
     "p3":40},
    {"p1":33,
     "p2":49,
     "p3":50},
    {"p1":32,
     "p2":33,
     "p3":50},
    {"p1":33,
     "p2":34,
     "p3":49},
    {"p1":31,
     "p2":32,
     "p3":53},
    {"p1":31,
     "p2":53,
     "p3":54},
    {"p1":30,
     "p2":31,
     "p3":55},
    {"p1":31,
     "p2":54,
     "p3":55},
    {"p1":63,
     "p2":64,
     "p3":71},
    {"p1":62,
     "p2":63,
     "p3":73},
    {"p1":6,
     "p2":26,
     "p3":27},
    {"p1":4,
     "p2":29,
     "p3":55},
    {"p1":29,
     "p2":30,
     "p3":55},
    {"p1":27,
     "p2":28,
     "p3":29},
    {"p1":5,
     "p2":6,
     "p3":27},
    {"p1":4,
     "p2":5,
     "p3":29},
    {"p1":5,
     "p2":27,
     "p3":29},
    {"p1":6,
     "p2":25,
     "p3":26},
    {"p1":7,
     "p2":24,
     "p3":25},
    {"p1":6,
     "p2":7,
     "p3":25},
    {"p1":10,
     "p2":18,
     "p3":19},
    {"p1":9,
     "p2":10,
     "p3":19},
    {"p1":9,
     "p2":19,
     "p3":20},
    {"p1":9,
     "p2":20,
     "p3":21},
    {"p1":8,
     "p2":9,
     "p3":21},
    {"p1":63,
     "p2":72,
     "p3":73},
    {"p1":63,
     "p2":71,
     "p3":72}]
}