{"points":[
    {"x":0,
     "y":0.5297},
    {"x":0,
     "y":0.56683},
    {"x":0,
     "y":0.60396},
    {"x":0.017327,
     "y":0.62624},
    {"x":0.054455,
     "y":0.62624},
    {"x":0.091584,
     "y":0.62624},
    {"x":0.12871,
     "y":0.62624},
    {"x":0.16584,
     "y":0.62624},
    {"x":0.20297,
     "y":0.62624},
    {"x":0.2401,
     "y":0.62624},
    {"x":0.27723,
     "y":0.62624},
    {"x":0.31436,
     "y":0.62624},
    {"x":0.35149,
     "y":0.62624},
    {"x":0.36634,
     "y":0.65099},
    {"x":0.36634,
     "y":0.68812},
    {"x":0.36634,
     "y":0.72525},
    {"x":0.36634,
     "y":0.76238},
    {"x":0.36634,
     "y":0.7995},
    {"x":0.36634,
     "y":0.83663},
    {"x":0.36881,
     "y":0.87376},
    {"x":0.36881,
     "y":0.91089},
    {"x":0.36881,
     "y":0.94802},
    {"x":0.36881,
     "y":0.98515},
    {"x":0.39109,
     "y":1},
    {"x":0.42822,
     "y":1},
    {"x":0.46535,
     "y":1},
    {"x":0.50248,
     "y":1},
    {"x":0.5396,
     "y":1},
    {"x":0.57673,
     "y":1},
    {"x":0.61386,
     "y":1},
    {"x":0.61386,
     "y":0.96287},
    {"x":0.61386,
     "y":0.92574},
    {"x":0.61386,
     "y":0.88861},
    {"x":0.61386,
     "y":0.85149},
    {"x":0.61386,
     "y":0.81436},
    {"x":0.61386,
     "y":0.77723},
    {"x":0.61386,
     "y":0.7401},
    {"x":0.61386,
     "y":0.70297},
    {"x":0.61386,
     "y":0.66584},
    {"x":0.61386,
     "y":0.62871},
    {"x":0.65099,
     "y":0.62376},
    {"x":0.68812,
     "y":0.62376},
    {"x":0.72525,
     "y":0.62376},
    {"x":0.76238,
     "y":0.62376},
    {"x":0.7995,
     "y":0.62376},
    {"x":0.83663,
     "y":0.62376},
    {"x":0.87376,
     "y":0.62376},
    {"x":0.91089,
     "y":0.62376},
    {"x":0.94802,
     "y":0.62376},
    {"x":0.9802,
     "y":0.62129},
    {"x":0.98267,
     "y":0.58416},
    {"x":0.9802,
     "y":0.54703},
    {"x":0.98267,
     "y":0.5099},
    {"x":0.98267,
     "y":0.47277},
    {"x":0.98267,
     "y":0.43564},
    {"x":0.9802,
     "y":0.39851},
    {"x":0.96782,
     "y":0.37376},
    {"x":0.93069,
     "y":0.37376},
    {"x":0.89356,
     "y":0.37376},
    {"x":0.85644,
     "y":0.37376},
    {"x":0.81931,
     "y":0.37376},
    {"x":0.78218,
     "y":0.37376},
    {"x":0.74505,
     "y":0.37376},
    {"x":0.70792,
     "y":0.37376},
    {"x":0.67079,
     "y":0.37376},
    {"x":0.63366,
     "y":0.37376},
    {"x":0.61386,
     "y":0.35396},
    {"x":0.61386,
     "y":0.31683},
    {"x":0.61386,
     "y":0.2797},
    {"x":0.61386,
     "y":0.24257},
    {"x":0.61386,
     "y":0.20545},
    {"x":0.61386,
     "y":0.16832},
    {"x":0.61386,
     "y":0.13119},
    {"x":0.61386,
     "y":0.094059},
    {"x":0.61386,
     "y":0.056931},
    {"x":0.61386,
     "y":0.019802},
    {"x":0.59653,
     "y":0},
    {"x":0.55941,
     "y":0},
    {"x":0.52228,
     "y":0},
    {"x":0.48515,
     "y":0},
    {"x":0.44802,
     "y":0},
    {"x":0.41089,
     "y":0},
    {"x":0.37376,
     "y":0},
    {"x":0.36634,
     "y":0.032178},
    {"x":0.36634,
     "y":0.069307},
    {"x":0.36634,
     "y":0.10644},
    {"x":0.36634,
     "y":0.14356},
    {"x":0.36634,
     "y":0.18069},
    {"x":0.36634,
     "y":0.21782},
    {"x":0.36634,
     "y":0.25495},
    {"x":0.36881,
     "y":0.29208},
    {"x":0.36881,
     "y":0.32921},
    {"x":0.36881,
     "y":0.36634},
    {"x":0.33663,
     "y":0.37376},
    {"x":0.2995,
     "y":0.37376},
    {"x":0.26238,
     "y":0.37376},
    {"x":0.22525,
     "y":0.37376},
    {"x":0.18812,
     "y":0.37376},
    {"x":0.15099,
     "y":0.37376},
    {"x":0.11386,
     "y":0.37624},
    {"x":0.076733,
     "y":0.37376},
    {"x":0.039604,
     "y":0.37624},
    {"x":0.0024752,
     "y":0.37376},
    {"x":0,
     "y":0.41089},
    {"x":0,
     "y":0.44802},
    {"x":0,
     "y":0.48515},
    {"x":0,
     "y":0.52228},
    {"x":0,
     "y":0.5297}],
 "triangles":[
    {"p1":1,
     "p2":2,
     "p3":4},
    {"p1":81,
     "p2":82,
     "p3":83},
    {"p1":66,
     "p2":91,
     "p3":92},
    {"p1":100,
     "p2":101,
     "p3":104},
    {"p1":12,
     "p2":92,
     "p3":93},
    {"p1":2,
     "p2":3,
     "p3":4},
    {"p1":6,
     "p2":105,
     "p3":106},
    {"p1":75,
     "p2":76,
     "p3":77},
    {"p1":74,
     "p2":75,
     "p3":77},
    {"p1":41,
     "p2":63,
     "p3":64},
    {"p1":8,
     "p2":96,
     "p3":97},
    {"p1":101,
     "p2":102,
     "p3":103},
    {"p1":101,
     "p2":103,
     "p3":104},
    {"p1":41,
     "p2":42,
     "p3":63},
    {"p1":42,
     "p2":62,
     "p3":63},
    {"p1":12,
     "p2":39,
     "p3":92},
    {"p1":7,
     "p2":8,
     "p3":97},
    {"p1":0,
     "p2":1,
     "p3":5},
    {"p1":1,
     "p2":4,
     "p3":5},
    {"p1":0,
     "p2":5,
     "p3":106},
    {"p1":5,
     "p2":6,
     "p3":106},
    {"p1":52,
     "p2":53,
     "p3":59},
    {"p1":66,
     "p2":67,
     "p3":91},
    {"p1":7,
     "p2":97,
     "p3":98},
    {"p1":6,
     "p2":7,
     "p3":98},
    {"p1":70,
     "p2":87,
     "p3":88},
    {"p1":81,
     "p2":83,
     "p3":84},
    {"p1":68,
     "p2":89,
     "p3":90},
    {"p1":67,
     "p2":68,
     "p3":90},
    {"p1":67,
     "p2":90,
     "p3":91},
    {"p1":68,
     "p2":69,
     "p3":89},
    {"p1":69,
     "p2":70,
     "p3":88},
    {"p1":69,
     "p2":88,
     "p3":89},
    {"p1":28,
     "p2":29,
     "p3":30},
    {"p1":19,
     "p2":25,
     "p3":26},
    {"p1":19,
     "p2":32,
     "p3":33},
    {"p1":19,
     "p2":26,
     "p3":32},
    {"p1":16,
     "p2":35,
     "p3":36},
    {"p1":47,
     "p2":50,
     "p3":51},
    {"p1":44,
     "p2":60,
     "p3":61},
    {"p1":10,
     "p2":94,
     "p3":95},
    {"p1":40,
     "p2":41,
     "p3":64},
    {"p1":14,
     "p2":37,
     "p3":38},
    {"p1":12,
     "p2":13,
     "p3":39},
    {"p1":13,
     "p2":14,
     "p3":38},
    {"p1":13,
     "p2":38,
     "p3":39},
    {"p1":53,
     "p2":54,
     "p3":58},
    {"p1":53,
     "p2":58,
     "p3":59},
    {"p1":99,
     "p2":104,
     "p3":105},
    {"p1":99,
     "p2":100,
     "p3":104},
    {"p1":6,
     "p2":99,
     "p3":105},
    {"p1":6,
     "p2":98,
     "p3":99},
    {"p1":71,
     "p2":72,
     "p3":86},
    {"p1":71,
     "p2":86,
     "p3":87},
    {"p1":70,
     "p2":71,
     "p3":87},
    {"p1":72,
     "p2":85,
     "p3":86},
    {"p1":19,
     "p2":20,
     "p3":25},
    {"p1":18,
     "p2":33,
     "p3":34},
    {"p1":18,
     "p2":19,
     "p3":33},
    {"p1":15,
     "p2":16,
     "p3":36},
    {"p1":14,
     "p2":15,
     "p3":37},
    {"p1":15,
     "p2":36,
     "p3":37},
    {"p1":48,
     "p2":49,
     "p3":50},
    {"p1":47,
     "p2":48,
     "p3":50},
    {"p1":42,
     "p2":43,
     "p3":62},
    {"p1":43,
     "p2":61,
     "p3":62},
    {"p1":43,
     "p2":44,
     "p3":61},
    {"p1":45,
     "p2":59,
     "p3":60},
    {"p1":44,
     "p2":45,
     "p3":60},
    {"p1":9,
     "p2":95,
     "p3":96},
    {"p1":9,
     "p2":10,
     "p3":95},
    {"p1":8,
     "p2":9,
     "p3":96},
    {"p1":40,
     "p2":64,
     "p3":65},
    {"p1":39,
     "p2":40,
     "p3":65},
    {"p1":65,
     "p2":66,
     "p3":92},
    {"p1":39,
     "p2":65,
     "p3":92},
    {"p1":10,
     "p2":11,
     "p3":94},
    {"p1":11,
     "p2":93,
     "p3":94},
    {"p1":11,
     "p2":12,
     "p3":93},
    {"p1":55,
     "p2":56,
     "p3":57},
    {"p1":54,
     "p2":55,
     "p3":57},
    {"p1":54,
     "p2":57,
     "p3":58},
    {"p1":72,
     "p2":73,
     "p3":79},
    {"p1":72,
     "p2":79,
     "p3":85},
    {"p1":20,
     "p2":24,
     "p3":25},
    {"p1":17,
     "p2":18,
     "p3":34},
    {"p1":16,
     "p2":17,
     "p3":35},
    {"p1":17,
     "p2":34,
     "p3":35},
    {"p1":46,
     "p2":51,
     "p3":52},
    {"p1":46,
     "p2":47,
     "p3":51},
    {"p1":46,
     "p2":52,
     "p3":59},
    {"p1":45,
     "p2":46,
     "p3":59},
    {"p1":80,
     "p2":81,
     "p3":84},
    {"p1":80,
     "p2":84,
     "p3":85},
    {"p1":79,
     "p2":80,
     "p3":85},
    {"p1":73,
     "p2":78,
     "p3":79},
    {"p1":73,
     "p2":74,
     "p3":78},
    {"p1":74,
     "p2":77,
     "p3":78},
    {"p1":21,
     "p2":23,
     "p3":24},
    {"p1":21,
     "p2":22,
     "p3":23},
    {"p1":20,
     "p2":21,
     "p3":24},
    {"p1":26,
     "p2":27,
     "p3":32},
    {"p1":27,
     "p2":31,
     "p3":32},
    {"p1":27,
     "p2":30,
     "p3":31},
    {"p1":27,
     "p2":28,
     "p3":30}]
}