{"points":[
    {"x":0.3114,
     "y":0.51535},
    {"x":0.33772,
     "y":0.53728},
    {"x":0.3136,
     "y":0.58114},
    {"x":0.27193,
     "y":0.59868},
    {"x":0.23246,
     "y":0.63596},
    {"x":0.19079,
     "y":0.67763},
    {"x":0.15789,
     "y":0.71711},
    {"x":0.11842,
     "y":0.75439},
    {"x":0.087719,
     "y":0.79825},
    {"x":0.098684,
     "y":0.83333},
    {"x":0.13816,
     "y":0.85746},
    {"x":0.16886,
     "y":0.88596},
    {"x":0.1864,
     "y":0.92105},
    {"x":0.23246,
     "y":0.89693},
    {"x":0.2807,
     "y":0.85965},
    {"x":0.32675,
     "y":0.82018},
    {"x":0.33772,
     "y":0.79605},
    {"x":0.36623,
     "y":0.77193},
    {"x":0.38816,
     "y":0.75219},
    {"x":0.40351,
     "y":0.73026},
    {"x":0.43202,
     "y":0.69298},
    {"x":0.47588,
     "y":0.66228},
    {"x":0.49123,
     "y":0.70614},
    {"x":0.49561,
     "y":0.75658},
    {"x":0.51535,
     "y":0.78947},
    {"x":0.53947,
     "y":0.83114},
    {"x":0.56579,
     "y":0.875},
    {"x":0.58333,
     "y":0.92105},
    {"x":0.61184,
     "y":0.95175},
    {"x":0.63816,
     "y":0.98684},
    {"x":0.67105,
     "y":0.98465},
    {"x":0.71711,
     "y":0.95175},
    {"x":0.76754,
     "y":0.94518},
    {"x":0.78289,
     "y":0.9057},
    {"x":0.76974,
     "y":0.86623},
    {"x":0.74781,
     "y":0.82018},
    {"x":0.72807,
     "y":0.7807},
    {"x":0.71272,
     "y":0.74781},
    {"x":0.69298,
     "y":0.71491},
    {"x":0.67105,
     "y":0.66886},
    {"x":0.63816,
     "y":0.63158},
    {"x":0.62061,
     "y":0.58991},
    {"x":0.66667,
     "y":0.5636},
    {"x":0.71272,
     "y":0.56798},
    {"x":0.76096,
     "y":0.57018},
    {"x":0.8136,
     "y":0.55702},
    {"x":0.86623,
     "y":0.55263},
    {"x":0.91447,
     "y":0.53509},
    {"x":0.94737,
     "y":0.54386},
    {"x":1,
     "y":0.50877},
    {"x":0.98026,
     "y":0.48026},
    {"x":0.97588,
     "y":0.4364},
    {"x":0.97149,
     "y":0.38816},
    {"x":0.95175,
     "y":0.35965},
    {"x":0.90132,
     "y":0.36623},
    {"x":0.85965,
     "y":0.35965},
    {"x":0.80702,
     "y":0.36623},
    {"x":0.75439,
     "y":0.38377},
    {"x":0.71053,
     "y":0.38816},
    {"x":0.67763,
     "y":0.40132},
    {"x":0.63158,
     "y":0.40789},
    {"x":0.59649,
     "y":0.41228},
    {"x":0.5943,
     "y":0.36404},
    {"x":0.61404,
     "y":0.3136},
    {"x":0.62281,
     "y":0.26316},
    {"x":0.625,
     "y":0.22588},
    {"x":0.63816,
     "y":0.17763},
    {"x":0.63816,
     "y":0.14474},
    {"x":0.64912,
     "y":0.092105},
    {"x":0.64912,
     "y":0.046053},
    {"x":0.62061,
     "y":0.024123},
    {"x":0.57237,
     "y":0.035088},
    {"x":0.53289,
     "y":0.026316},
    {"x":0.50439,
     "y":0},
    {"x":0.47588,
     "y":0.041667},
    {"x":0.46053,
     "y":0.092105},
    {"x":0.45395,
     "y":0.14474},
    {"x":0.44298,
     "y":0.19737},
    {"x":0.43421,
     "y":0.25},
    {"x":0.43202,
     "y":0.29167},
    {"x":0.42982,
     "y":0.3443},
    {"x":0.4386,
     "y":0.37719},
    {"x":0.40132,
     "y":0.38816},
    {"x":0.36184,
     "y":0.36184},
    {"x":0.32456,
     "y":0.32456},
    {"x":0.28509,
     "y":0.30263},
    {"x":0.25,
     "y":0.28728},
    {"x":0.22368,
     "y":0.26096},
    {"x":0.18421,
     "y":0.25},
    {"x":0.13596,
     "y":0.23246},
    {"x":0.085526,
     "y":0.22149},
    {"x":0.059211,
     "y":0.23904},
    {"x":0.054825,
     "y":0.28289},
    {"x":0.048246,
     "y":0.3136},
    {"x":0,
     "y":0.33991},
    {"x":0.017544,
     "y":0.36842},
    {"x":0.048246,
     "y":0.39474},
    {"x":0.072368,
     "y":0.42105},
    {"x":0.12061,
     "y":0.4364},
    {"x":0.16886,
     "y":0.46053},
    {"x":0.20395,
     "y":0.48465},
    {"x":0.23246,
     "y":0.5},
    {"x":0.28509,
     "y":0.50439},
    {"x":0.3114,
     "y":0.51535}],
 "triangles":[
    {"p1":68,
     "p2":69,
     "p3":70},
    {"p1":1,
     "p2":81,
     "p3":82},
    {"p1":48,
     "p2":49,
     "p3":50},
    {"p1":47,
     "p2":48,
     "p3":50},
    {"p1":47,
     "p2":50,
     "p3":51},
    {"p1":72,
     "p2":73,
     "p3":74},
    {"p1":72,
     "p2":74,
     "p3":75},
    {"p1":71,
     "p2":72,
     "p3":75},
    {"p1":68,
     "p2":70,
     "p3":71},
    {"p1":88,
     "p2":89,
     "p3":93},
    {"p1":88,
     "p2":93,
     "p3":98},
    {"p1":89,
     "p2":92,
     "p3":93},
    {"p1":90,
     "p2":91,
     "p3":92},
    {"p1":89,
     "p2":90,
     "p3":92},
    {"p1":52,
     "p2":53,
     "p3":54},
    {"p1":51,
     "p2":52,
     "p3":54},
    {"p1":47,
     "p2":51,
     "p3":54},
    {"p1":47,
     "p2":54,
     "p3":55},
    {"p1":65,
     "p2":76,
     "p3":77},
    {"p1":85,
     "p2":86,
     "p3":99},
    {"p1":86,
     "p2":98,
     "p3":99},
    {"p1":86,
     "p2":87,
     "p3":88},
    {"p1":86,
     "p2":88,
     "p3":98},
    {"p1":93,
     "p2":94,
     "p3":95},
    {"p1":93,
     "p2":95,
     "p3":96},
    {"p1":93,
     "p2":96,
     "p3":97},
    {"p1":93,
     "p2":97,
     "p3":98},
    {"p1":85,
     "p2":99,
     "p3":100},
    {"p1":84,
     "p2":85,
     "p3":100},
    {"p1":84,
     "p2":100,
     "p3":101},
    {"p1":44,
     "p2":57,
     "p3":58},
    {"p1":62,
     "p2":80,
     "p3":81},
    {"p1":62,
     "p2":63,
     "p3":79},
    {"p1":62,
     "p2":79,
     "p3":80},
    {"p1":28,
     "p2":29,
     "p3":30},
    {"p1":21,
     "p2":40,
     "p3":41},
    {"p1":21,
     "p2":22,
     "p3":40},
    {"p1":1,
     "p2":21,
     "p3":81},
    {"p1":44,
     "p2":45,
     "p3":57},
    {"p1":45,
     "p2":56,
     "p3":57},
    {"p1":67,
     "p2":68,
     "p3":71},
    {"p1":67,
     "p2":75,
     "p3":76},
    {"p1":67,
     "p2":71,
     "p3":75},
    {"p1":84,
     "p2":101,
     "p3":102},
    {"p1":83,
     "p2":84,
     "p3":102},
    {"p1":4,
     "p2":16,
     "p3":17},
    {"p1":6,
     "p2":15,
     "p3":16},
    {"p1":6,
     "p2":14,
     "p3":15},
    {"p1":6,
     "p2":10,
     "p3":14},
    {"p1":26,
     "p2":35,
     "p3":36},
    {"p1":26,
     "p2":27,
     "p3":35},
    {"p1":22,
     "p2":39,
     "p3":40},
    {"p1":22,
     "p2":23,
     "p3":39},
    {"p1":42,
     "p2":59,
     "p3":60},
    {"p1":61,
     "p2":62,
     "p3":81},
    {"p1":21,
     "p2":61,
     "p3":81},
    {"p1":21,
     "p2":41,
     "p3":61},
    {"p1":42,
     "p2":60,
     "p3":61},
    {"p1":41,
     "p2":42,
     "p3":61},
    {"p1":10,
     "p2":11,
     "p3":14},
    {"p1":11,
     "p2":13,
     "p3":14},
    {"p1":11,
     "p2":12,
     "p3":13},
    {"p1":24,
     "p2":25,
     "p3":38},
    {"p1":24,
     "p2":38,
     "p3":39},
    {"p1":23,
     "p2":24,
     "p3":39},
    {"p1":45,
     "p2":46,
     "p3":56},
    {"p1":46,
     "p2":47,
     "p3":55},
    {"p1":46,
     "p2":55,
     "p3":56},
    {"p1":25,
     "p2":37,
     "p3":38},
    {"p1":25,
     "p2":26,
     "p3":37},
    {"p1":26,
     "p2":36,
     "p3":37},
    {"p1":65,
     "p2":66,
     "p3":76},
    {"p1":66,
     "p2":67,
     "p3":76},
    {"p1":63,
     "p2":78,
     "p3":79},
    {"p1":63,
     "p2":64,
     "p3":78},
    {"p1":65,
     "p2":77,
     "p3":78},
    {"p1":64,
     "p2":65,
     "p3":78},
    {"p1":0,
     "p2":1,
     "p3":82},
    {"p1":0,
     "p2":82,
     "p3":83},
    {"p1":0,
     "p2":83,
     "p3":102},
    {"p1":3,
     "p2":4,
     "p3":19},
    {"p1":4,
     "p2":18,
     "p3":19},
    {"p1":4,
     "p2":17,
     "p3":18},
    {"p1":4,
     "p2":5,
     "p3":16},
    {"p1":5,
     "p2":6,
     "p3":16},
    {"p1":6,
     "p2":7,
     "p3":10},
    {"p1":7,
     "p2":9,
     "p3":10},
    {"p1":7,
     "p2":8,
     "p3":9},
    {"p1":31,
     "p2":34,
     "p3":35},
    {"p1":28,
     "p2":30,
     "p3":31},
    {"p1":27,
     "p2":28,
     "p3":31},
    {"p1":27,
     "p2":31,
     "p3":35},
    {"p1":31,
     "p2":32,
     "p3":33},
    {"p1":31,
     "p2":33,
     "p3":34},
    {"p1":42,
     "p2":43,
     "p3":59},
    {"p1":43,
     "p2":44,
     "p3":58},
    {"p1":43,
     "p2":58,
     "p3":59},
    {"p1":2,
     "p2":20,
     "p3":21},
    {"p1":1,
     "p2":2,
     "p3":21},
    {"p1":2,
     "p2":19,
     "p3":20},
    {"p1":2,
     "p2":3,
     "p3":19}]
}