{"points":[
    {"x":0.31461,
     "y":0.49213},
    {"x":0.3236,
     "y":0.52584},
    {"x":0.33258,
     "y":0.55955},
    {"x":0.34157,
     "y":0.59326},
    {"x":0.34607,
     "y":0.62697},
    {"x":0.34607,
     "y":0.66067},
    {"x":0.32584,
     "y":0.67865},
    {"x":0.29213,
     "y":0.67865},
    {"x":0.25843,
     "y":0.67865},
    {"x":0.22472,
     "y":0.6764},
    {"x":0.19101,
     "y":0.67191},
    {"x":0.1573,
     "y":0.66742},
    {"x":0.1236,
     "y":0.66067},
    {"x":0.089888,
     "y":0.65393},
    {"x":0.05618,
     "y":0.64719},
    {"x":0.022472,
     "y":0.6382},
    {"x":0.0044944,
     "y":0.64944},
    {"x":0.0044944,
     "y":0.68315},
    {"x":0.0022472,
     "y":0.71685},
    {"x":0.0022472,
     "y":0.75056},
    {"x":0.0022472,
     "y":0.78427},
    {"x":0,
     "y":0.81798},
    {"x":0,
     "y":0.85169},
    {"x":0.013483,
     "y":0.87191},
    {"x":0.047191,
     "y":0.87416},
    {"x":0.080899,
     "y":0.87416},
    {"x":0.11461,
     "y":0.8764},
    {"x":0.14831,
     "y":0.8809},
    {"x":0.18202,
     "y":0.88315},
    {"x":0.21573,
     "y":0.88539},
    {"x":0.24944,
     "y":0.88764},
    {"x":0.28315,
     "y":0.88539},
    {"x":0.31685,
     "y":0.88539},
    {"x":0.35056,
     "y":0.88539},
    {"x":0.38427,
     "y":0.88315},
    {"x":0.41798,
     "y":0.88315},
    {"x":0.45169,
     "y":0.87865},
    {"x":0.48539,
     "y":0.87416},
    {"x":0.5191,
     "y":0.86966},
    {"x":0.55281,
     "y":0.86517},
    {"x":0.58652,
     "y":0.86067},
    {"x":0.62022,
     "y":0.85843},
    {"x":0.65393,
     "y":0.85618},
    {"x":0.68764,
     "y":0.85393},
    {"x":0.72135,
     "y":0.85393},
    {"x":0.75506,
     "y":0.85393},
    {"x":0.78876,
     "y":0.85618},
    {"x":0.82247,
     "y":0.86067},
    {"x":0.85618,
     "y":0.86292},
    {"x":0.88989,
     "y":0.86742},
    {"x":0.9236,
     "y":0.86966},
    {"x":0.9573,
     "y":0.86966},
    {"x":0.99101,
     "y":0.87191},
    {"x":0.99775,
     "y":0.8427},
    {"x":0.99775,
     "y":0.80899},
    {"x":1,
     "y":0.77528},
    {"x":1,
     "y":0.74157},
    {"x":1,
     "y":0.70787},
    {"x":1,
     "y":0.67416},
    {"x":1,
     "y":0.64045},
    {"x":1,
     "y":0.60674},
    {"x":0.96629,
     "y":0.59775},
    {"x":0.93258,
     "y":0.58876},
    {"x":0.89888,
     "y":0.57978},
    {"x":0.86517,
     "y":0.57079},
    {"x":0.83146,
     "y":0.5618},
    {"x":0.79775,
     "y":0.55281},
    {"x":0.76404,
     "y":0.54607},
    {"x":0.74382,
     "y":0.5236},
    {"x":0.73034,
     "y":0.48989},
    {"x":0.71236,
     "y":0.45618},
    {"x":0.69438,
     "y":0.42247},
    {"x":0.67191,
     "y":0.38876},
    {"x":0.65169,
     "y":0.35506},
    {"x":0.63146,
     "y":0.32135},
    {"x":0.61348,
     "y":0.28764},
    {"x":0.6,
     "y":0.25393},
    {"x":0.59326,
     "y":0.22022},
    {"x":0.58652,
     "y":0.18652},
    {"x":0.58427,
     "y":0.15281},
    {"x":0.58427,
     "y":0.1191},
    {"x":0.58652,
     "y":0.085393},
    {"x":0.58876,
     "y":0.051685},
    {"x":0.58876,
     "y":0.017978},
    {"x":0.57303,
     "y":0},
    {"x":0.53933,
     "y":0.0022472},
    {"x":0.50562,
     "y":0.0022472},
    {"x":0.47191,
     "y":0.0044944},
    {"x":0.4382,
     "y":0.0067416},
    {"x":0.40449,
     "y":0.0067416},
    {"x":0.38652,
     "y":0.035955},
    {"x":0.37303,
     "y":0.069663},
    {"x":0.35955,
     "y":0.10337},
    {"x":0.34607,
     "y":0.13708},
    {"x":0.33483,
     "y":0.17079},
    {"x":0.3236,
     "y":0.20449},
    {"x":0.31461,
     "y":0.2382},
    {"x":0.30787,
     "y":0.27191},
    {"x":0.30337,
     "y":0.30562},
    {"x":0.30112,
     "y":0.33933},
    {"x":0.29888,
     "y":0.37303},
    {"x":0.30112,
     "y":0.40674},
    {"x":0.30562,
     "y":0.44045},
    {"x":0.31236,
     "y":0.47416},
    {"x":0.31461,
     "y":0.49213}],
 "triangles":[
    {"p1":49,
     "p2":50,
     "p3":55},
    {"p1":12,
     "p2":13,
     "p3":19},
    {"p1":15,
     "p2":16,
     "p3":17},
    {"p1":77,
     "p2":78,
     "p3":94},
    {"p1":77,
     "p2":94,
     "p3":95},
    {"p1":20,
     "p2":25,
     "p3":26},
    {"p1":12,
     "p2":20,
     "p3":26},
    {"p1":12,
     "p2":19,
     "p3":20},
    {"p1":20,
     "p2":21,
     "p3":25},
    {"p1":21,
     "p2":24,
     "p3":25},
    {"p1":21,
     "p2":22,
     "p3":24},
    {"p1":22,
     "p2":23,
     "p3":24},
    {"p1":51,
     "p2":52,
     "p3":53},
    {"p1":75,
     "p2":99,
     "p3":100},
    {"p1":13,
     "p2":18,
     "p3":19},
    {"p1":14,
     "p2":15,
     "p3":17},
    {"p1":13,
     "p2":14,
     "p3":18},
    {"p1":14,
     "p2":17,
     "p3":18},
    {"p1":79,
     "p2":92,
     "p3":93},
    {"p1":78,
     "p2":79,
     "p3":93},
    {"p1":78,
     "p2":93,
     "p3":94},
    {"p1":83,
     "p2":84,
     "p3":85},
    {"p1":81,
     "p2":85,
     "p3":86},
    {"p1":77,
     "p2":95,
     "p3":96},
    {"p1":10,
     "p2":27,
     "p3":28},
    {"p1":9,
     "p2":28,
     "p3":29},
    {"p1":9,
     "p2":10,
     "p3":28},
    {"p1":50,
     "p2":54,
     "p3":55},
    {"p1":50,
     "p2":51,
     "p3":54},
    {"p1":51,
     "p2":53,
     "p3":54},
    {"p1":48,
     "p2":56,
     "p3":57},
    {"p1":49,
     "p2":55,
     "p3":56},
    {"p1":48,
     "p2":49,
     "p3":56},
    {"p1":1,
     "p2":72,
     "p3":73},
    {"p1":0,
     "p2":1,
     "p3":73},
    {"p1":76,
     "p2":77,
     "p3":96},
    {"p1":76,
     "p2":96,
     "p3":97},
    {"p1":5,
     "p2":40,
     "p3":68},
    {"p1":81,
     "p2":86,
     "p3":87},
    {"p1":82,
     "p2":83,
     "p3":85},
    {"p1":81,
     "p2":82,
     "p3":85},
    {"p1":59,
     "p2":60,
     "p3":61},
    {"p1":58,
     "p2":59,
     "p3":61},
    {"p1":6,
     "p2":7,
     "p3":32},
    {"p1":6,
     "p2":32,
     "p3":33},
    {"p1":5,
     "p2":37,
     "p3":38},
    {"p1":5,
     "p2":36,
     "p3":37},
    {"p1":5,
     "p2":6,
     "p3":35},
    {"p1":5,
     "p2":35,
     "p3":36},
    {"p1":4,
     "p2":5,
     "p3":68},
    {"p1":3,
     "p2":4,
     "p3":68},
    {"p1":8,
     "p2":29,
     "p3":30},
    {"p1":8,
     "p2":9,
     "p3":29},
    {"p1":1,
     "p2":2,
     "p3":72},
    {"p1":11,
     "p2":12,
     "p3":26},
    {"p1":10,
     "p2":11,
     "p3":27},
    {"p1":11,
     "p2":26,
     "p3":27},
    {"p1":0,
     "p2":73,
     "p3":103},
    {"p1":73,
     "p2":74,
     "p3":103},
    {"p1":75,
     "p2":98,
     "p3":99},
    {"p1":75,
     "p2":76,
     "p3":98},
    {"p1":76,
     "p2":97,
     "p3":98},
    {"p1":5,
     "p2":38,
     "p3":39},
    {"p1":5,
     "p2":39,
     "p3":40},
    {"p1":47,
     "p2":48,
     "p3":63},
    {"p1":48,
     "p2":57,
     "p3":63},
    {"p1":80,
     "p2":81,
     "p3":87},
    {"p1":80,
     "p2":87,
     "p3":91},
    {"p1":79,
     "p2":80,
     "p3":92},
    {"p1":80,
     "p2":91,
     "p3":92},
    {"p1":88,
     "p2":89,
     "p3":90},
    {"p1":88,
     "p2":90,
     "p3":91},
    {"p1":87,
     "p2":88,
     "p3":91},
    {"p1":7,
     "p2":31,
     "p3":32},
    {"p1":8,
     "p2":30,
     "p3":31},
    {"p1":7,
     "p2":8,
     "p3":31},
    {"p1":6,
     "p2":33,
     "p3":34},
    {"p1":6,
     "p2":34,
     "p3":35},
    {"p1":3,
     "p2":68,
     "p3":69},
    {"p1":3,
     "p2":69,
     "p3":70},
    {"p1":2,
     "p2":3,
     "p3":71},
    {"p1":3,
     "p2":70,
     "p3":71},
    {"p1":2,
     "p2":71,
     "p3":72},
    {"p1":75,
     "p2":100,
     "p3":101},
    {"p1":74,
     "p2":75,
     "p3":101},
    {"p1":47,
     "p2":63,
     "p3":64},
    {"p1":46,
     "p2":47,
     "p3":64},
    {"p1":46,
     "p2":64,
     "p3":65},
    {"p1":57,
     "p2":58,
     "p3":62},
    {"p1":57,
     "p2":62,
     "p3":63},
    {"p1":58,
     "p2":61,
     "p3":62},
    {"p1":74,
     "p2":102,
     "p3":103},
    {"p1":74,
     "p2":101,
     "p3":102},
    {"p1":40,
     "p2":41,
     "p3":68},
    {"p1":41,
     "p2":67,
     "p3":68},
    {"p1":41,
     "p2":42,
     "p3":67},
    {"p1":44,
     "p2":45,
     "p3":67},
    {"p1":45,
     "p2":66,
     "p3":67},
    {"p1":45,
     "p2":46,
     "p3":65},
    {"p1":45,
     "p2":65,
     "p3":66},
    {"p1":43,
     "p2":44,
     "p3":67},
    {"p1":42,
     "p2":43,
     "p3":67}]
}