{"points":[
    {"x":0,
     "y":0.47746},
    {"x":0.043033,
     "y":0.49795},
    {"x":0.098361,
     "y":0.51844},
    {"x":0.14754,
     "y":0.52869},
    {"x":0.19672,
     "y":0.53689},
    {"x":0.2541,
     "y":0.54303},
    {"x":0.29918,
     "y":0.53689},
    {"x":0.27869,
     "y":0.55943},
    {"x":0.23361,
     "y":0.59426},
    {"x":0.18852,
     "y":0.64754},
    {"x":0.14549,
     "y":0.70082},
    {"x":0.10451,
     "y":0.75205},
    {"x":0.11066,
     "y":0.79098},
    {"x":0.16393,
     "y":0.77869},
    {"x":0.22336,
     "y":0.77049},
    {"x":0.28279,
     "y":0.75205},
    {"x":0.33197,
     "y":0.73566},
    {"x":0.31967,
     "y":0.79508},
    {"x":0.32787,
     "y":0.83811},
    {"x":0.32172,
     "y":0.89754},
    {"x":0.34016,
     "y":0.93648},
    {"x":0.36066,
     "y":0.94672},
    {"x":0.39959,
     "y":0.90369},
    {"x":0.43852,
     "y":0.85041},
    {"x":0.47131,
     "y":0.79098},
    {"x":0.4877,
     "y":0.75},
    {"x":0.5123,
     "y":0.69262},
    {"x":0.53279,
     "y":0.71926},
    {"x":0.54508,
     "y":0.77459},
    {"x":0.56762,
     "y":0.82787},
    {"x":0.59016,
     "y":0.8668},
    {"x":0.62295,
     "y":0.90779},
    {"x":0.65164,
     "y":0.94672},
    {"x":0.68443,
     "y":0.94262},
    {"x":0.69262,
     "y":0.8832},
    {"x":0.70492,
     "y":0.82377},
    {"x":0.69672,
     "y":0.76434},
    {"x":0.71926,
     "y":0.7377},
    {"x":0.76844,
     "y":0.76025},
    {"x":0.81967,
     "y":0.77254},
    {"x":0.86885,
     "y":0.77869},
    {"x":0.92213,
     "y":0.78484},
    {"x":0.91189,
     "y":0.7541},
    {"x":0.8791,
     "y":0.70287},
    {"x":0.83811,
     "y":0.64959},
    {"x":0.79508,
     "y":0.60656},
    {"x":0.7418,
     "y":0.56762},
    {"x":0.71721,
     "y":0.53689},
    {"x":0.77459,
     "y":0.53279},
    {"x":0.82172,
     "y":0.53893},
    {"x":0.88115,
     "y":0.52664},
    {"x":0.93238,
     "y":0.51639},
    {"x":0.9877,
     "y":0.49385},
    {"x":1,
     "y":0.46311},
    {"x":0.95492,
     "y":0.43443},
    {"x":0.90574,
     "y":0.40779},
    {"x":0.84836,
     "y":0.3873},
    {"x":0.80738,
     "y":0.37705},
    {"x":0.85451,
     "y":0.32377},
    {"x":0.89139,
     "y":0.27254},
    {"x":0.91803,
     "y":0.21311},
    {"x":0.90369,
     "y":0.17623},
    {"x":0.84426,
     "y":0.18648},
    {"x":0.78484,
     "y":0.21516},
    {"x":0.73361,
     "y":0.24385},
    {"x":0.67418,
     "y":0.27869},
    {"x":0.6373,
     "y":0.29713},
    {"x":0.65164,
     "y":0.2459},
    {"x":0.66598,
     "y":0.18648},
    {"x":0.67828,
     "y":0.12705},
    {"x":0.68443,
     "y":0.067623},
    {"x":0.67828,
     "y":0.014344},
    {"x":0.63525,
     "y":0.012295},
    {"x":0.59221,
     "y":0.057377},
    {"x":0.54508,
     "y":0.10861},
    {"x":0.52459,
     "y":0.16803},
    {"x":0.4959,
     "y":0.14549},
    {"x":0.46107,
     "y":0.094262},
    {"x":0.41393,
     "y":0.038934},
    {"x":0.36885,
     "y":0},
    {"x":0.34836,
     "y":0.014344},
    {"x":0.34631,
     "y":0.057377},
    {"x":0.34016,
     "y":0.11475},
    {"x":0.35041,
     "y":0.16189},
    {"x":0.36475,
     "y":0.21926},
    {"x":0.37705,
     "y":0.2623},
    {"x":0.39139,
     "y":0.31352},
    {"x":0.34426,
     "y":0.29098},
    {"x":0.29918,
     "y":0.25615},
    {"x":0.24795,
     "y":0.23566},
    {"x":0.22746,
     "y":0.20082},
    {"x":0.17213,
     "y":0.19262},
    {"x":0.1127,
     "y":0.19467},
    {"x":0.10861,
     "y":0.22746},
    {"x":0.1373,
     "y":0.27869},
    {"x":0.16393,
     "y":0.32582},
    {"x":0.20082,
     "y":0.37295},
    {"x":0.15164,
     "y":0.40164},
    {"x":0.125,
     "y":0.39549},
    {"x":0.069672,
     "y":0.43033},
    {"x":0.014344,
     "y":0.45902},
    {"x":0,
     "y":0.47746}],
 "triangles":[
    {"p1":78,
     "p2":79,
     "p3":80},
    {"p1":6,
     "p2":86,
     "p3":96},
    {"p1":75,
     "p2":85,
     "p3":86},
    {"p1":66,
     "p2":75,
     "p3":86},
    {"p1":77,
     "p2":82,
     "p3":83},
    {"p1":77,
     "p2":78,
     "p3":82},
    {"p1":75,
     "p2":76,
     "p3":85},
    {"p1":76,
     "p2":77,
     "p3":83},
    {"p1":76,
     "p2":83,
     "p3":84},
    {"p1":76,
     "p2":84,
     "p3":85},
    {"p1":86,
     "p2":87,
     "p3":96},
    {"p1":7,
     "p2":8,
     "p3":16},
    {"p1":6,
     "p2":7,
     "p3":16},
    {"p1":4,
     "p2":96,
     "p3":97},
    {"p1":3,
     "p2":4,
     "p3":97},
    {"p1":97,
     "p2":98,
     "p3":99},
    {"p1":58,
     "p2":63,
     "p3":64},
    {"p1":59,
     "p2":62,
     "p3":63},
    {"p1":58,
     "p2":59,
     "p3":63},
    {"p1":16,
     "p2":24,
     "p3":25},
    {"p1":6,
     "p2":26,
     "p3":86},
    {"p1":6,
     "p2":16,
     "p3":26},
    {"p1":16,
     "p2":25,
     "p3":26},
    {"p1":57,
     "p2":58,
     "p3":64},
    {"p1":78,
     "p2":80,
     "p3":81},
    {"p1":78,
     "p2":81,
     "p3":82},
    {"p1":69,
     "p2":70,
     "p3":73},
    {"p1":89,
     "p2":95,
     "p3":96},
    {"p1":89,
     "p2":94,
     "p3":95},
    {"p1":88,
     "p2":89,
     "p3":96},
    {"p1":87,
     "p2":88,
     "p3":96},
    {"p1":5,
     "p2":6,
     "p3":96},
    {"p1":4,
     "p2":5,
     "p3":96},
    {"p1":2,
     "p2":3,
     "p3":97},
    {"p1":2,
     "p2":97,
     "p3":99},
    {"p1":1,
     "p2":2,
     "p3":99},
    {"p1":51,
     "p2":54,
     "p3":55},
    {"p1":52,
     "p2":53,
     "p3":54},
    {"p1":51,
     "p2":52,
     "p3":54},
    {"p1":60,
     "p2":61,
     "p3":62},
    {"p1":59,
     "p2":60,
     "p3":62},
    {"p1":18,
     "p2":22,
     "p3":23},
    {"p1":18,
     "p2":19,
     "p3":22},
    {"p1":20,
     "p2":21,
     "p3":22},
    {"p1":19,
     "p2":20,
     "p3":22},
    {"p1":17,
     "p2":18,
     "p3":23},
    {"p1":16,
     "p2":17,
     "p3":24},
    {"p1":17,
     "p2":23,
     "p3":24},
    {"p1":9,
     "p2":10,
     "p3":14},
    {"p1":10,
     "p2":11,
     "p3":13},
    {"p1":10,
     "p2":13,
     "p3":14},
    {"p1":11,
     "p2":12,
     "p3":13},
    {"p1":47,
     "p2":57,
     "p3":66},
    {"p1":27,
     "p2":46,
     "p3":47},
    {"p1":26,
     "p2":27,
     "p3":47},
    {"p1":47,
     "p2":66,
     "p3":86},
    {"p1":26,
     "p2":47,
     "p3":86},
    {"p1":66,
     "p2":67,
     "p3":75},
    {"p1":67,
     "p2":68,
     "p3":75},
    {"p1":89,
     "p2":91,
     "p3":94},
    {"p1":89,
     "p2":90,
     "p3":91},
    {"p1":91,
     "p2":93,
     "p3":94},
    {"p1":91,
     "p2":92,
     "p3":93},
    {"p1":70,
     "p2":71,
     "p3":72},
    {"p1":70,
     "p2":72,
     "p3":73},
    {"p1":69,
     "p2":73,
     "p3":74},
    {"p1":68,
     "p2":69,
     "p3":74},
    {"p1":68,
     "p2":74,
     "p3":75},
    {"p1":0,
     "p2":1,
     "p3":100},
    {"p1":1,
     "p2":99,
     "p3":100},
    {"p1":50,
     "p2":51,
     "p3":55},
    {"p1":9,
     "p2":14,
     "p3":15},
    {"p1":8,
     "p2":15,
     "p3":16},
    {"p1":8,
     "p2":9,
     "p3":15},
    {"p1":48,
     "p2":49,
     "p3":57},
    {"p1":47,
     "p2":48,
     "p3":57},
    {"p1":57,
     "p2":64,
     "p3":65},
    {"p1":57,
     "p2":65,
     "p3":66},
    {"p1":49,
     "p2":56,
     "p3":57},
    {"p1":49,
     "p2":50,
     "p3":56},
    {"p1":50,
     "p2":55,
     "p3":56},
    {"p1":27,
     "p2":28,
     "p3":36},
    {"p1":28,
     "p2":29,
     "p3":36},
    {"p1":39,
     "p2":43,
     "p3":44},
    {"p1":38,
     "p2":39,
     "p3":44},
    {"p1":37,
     "p2":44,
     "p3":45},
    {"p1":37,
     "p2":38,
     "p3":44},
    {"p1":37,
     "p2":45,
     "p3":46},
    {"p1":27,
     "p2":37,
     "p3":46},
    {"p1":27,
     "p2":36,
     "p3":37},
    {"p1":32,
     "p2":33,
     "p3":34},
    {"p1":31,
     "p2":32,
     "p3":34},
    {"p1":40,
     "p2":42,
     "p3":43},
    {"p1":39,
     "p2":40,
     "p3":43},
    {"p1":40,
     "p2":41,
     "p3":42},
    {"p1":29,
     "p2":35,
     "p3":36},
    {"p1":30,
     "p2":31,
     "p3":34},
    {"p1":30,
     "p2":34,
     "p3":35},
    {"p1":29,
     "p2":30,
     "p3":35}]
}