{"points":[
    {"x":0.20052,
     "y":0.46615},
    {"x":0.21875,
     "y":0.49219},
    {"x":0.23958,
     "y":0.51823},
    {"x":0.26042,
     "y":0.54167},
    {"x":0.28125,
     "y":0.5651},
    {"x":0.30729,
     "y":0.59115},
    {"x":0.33073,
     "y":0.61198},
    {"x":0.35417,
     "y":0.63281},
    {"x":0.3776,
     "y":0.65365},
    {"x":0.40104,
     "y":0.67448},
    {"x":0.42708,
     "y":0.69531},
    {"x":0.44792,
     "y":0.71615},
    {"x":0.46875,
     "y":0.73958},
    {"x":0.48698,
     "y":0.76302},
    {"x":0.5026,
     "y":0.78906},
    {"x":0.51823,
     "y":0.8151},
    {"x":0.53125,
     "y":0.84115},
    {"x":0.54167,
     "y":0.86719},
    {"x":0.55208,
     "y":0.89323},
    {"x":0.5651,
     "y":0.89583},
    {"x":0.58333,
     "y":0.86979},
    {"x":0.60156,
     "y":0.84375},
    {"x":0.61979,
     "y":0.81771},
    {"x":0.63542,
     "y":0.79167},
    {"x":0.64844,
     "y":0.76562},
    {"x":0.66146,
     "y":0.73958},
    {"x":0.67188,
     "y":0.71354},
    {"x":0.68229,
     "y":0.6875},
    {"x":0.69271,
     "y":0.66146},
    {"x":0.70052,
     "y":0.63542},
    {"x":0.70573,
     "y":0.60938},
    {"x":0.71094,
     "y":0.58333},
    {"x":0.71615,
     "y":0.55729},
    {"x":0.71875,
     "y":0.53125},
    {"x":0.72396,
     "y":0.50521},
    {"x":0.72656,
     "y":0.47917},
    {"x":0.72917,
     "y":0.45312},
    {"x":0.73177,
     "y":0.42708},
    {"x":0.73438,
     "y":0.40104},
    {"x":0.73958,
     "y":0.375},
    {"x":0.7474,
     "y":0.34896},
    {"x":0.75781,
     "y":0.32292},
    {"x":0.77083,
     "y":0.29688},
    {"x":0.78646,
     "y":0.27083},
    {"x":0.80469,
     "y":0.24479},
    {"x":0.82292,
     "y":0.21875},
    {"x":0.84635,
     "y":0.19271},
    {"x":0.86979,
     "y":0.16667},
    {"x":0.89062,
     "y":0.14323},
    {"x":0.91406,
     "y":0.11719},
    {"x":0.9375,
     "y":0.09375},
    {"x":0.95833,
     "y":0.070312},
    {"x":0.98177,
     "y":0.044271},
    {"x":1,
     "y":0.018229},
    {"x":0.98438,
     "y":0.010417},
    {"x":0.95833,
     "y":0.0078125},
    {"x":0.93229,
     "y":0.0052083},
    {"x":0.90625,
     "y":0.0052083},
    {"x":0.88021,
     "y":0.0026042},
    {"x":0.85417,
     "y":0.0026042},
    {"x":0.82812,
     "y":0},
    {"x":0.80208,
     "y":0},
    {"x":0.77604,
     "y":0},
    {"x":0.75,
     "y":0},
    {"x":0.72396,
     "y":0},
    {"x":0.69792,
     "y":0},
    {"x":0.67188,
     "y":0},
    {"x":0.64583,
     "y":0.0026042},
    {"x":0.61979,
     "y":0.0052083},
    {"x":0.59375,
     "y":0.0052083},
    {"x":0.56771,
     "y":0.0078125},
    {"x":0.54167,
     "y":0.010417},
    {"x":0.51562,
     "y":0.013021},
    {"x":0.48958,
     "y":0.018229},
    {"x":0.46354,
     "y":0.018229},
    {"x":0.4375,
     "y":0.023438},
    {"x":0.41146,
     "y":0.026042},
    {"x":0.38542,
     "y":0.028646},
    {"x":0.35938,
     "y":0.028646},
    {"x":0.33333,
     "y":0.03125},
    {"x":0.30729,
     "y":0.033854},
    {"x":0.28125,
     "y":0.033854},
    {"x":0.25521,
     "y":0.033854},
    {"x":0.22917,
     "y":0.033854},
    {"x":0.20312,
     "y":0.03125},
    {"x":0.17708,
     "y":0.028646},
    {"x":0.15104,
     "y":0.028646},
    {"x":0.125,
     "y":0.026042},
    {"x":0.098958,
     "y":0.023438},
    {"x":0.072917,
     "y":0.020833},
    {"x":0.046875,
     "y":0.018229},
    {"x":0.020833,
     "y":0.015625},
    {"x":0,
     "y":0.020833},
    {"x":0.013021,
     "y":0.046875},
    {"x":0.023438,
     "y":0.072917},
    {"x":0.033854,
     "y":0.098958},
    {"x":0.044271,
     "y":0.125},
    {"x":0.052083,
     "y":0.15104},
    {"x":0.0625,
     "y":0.17708},
    {"x":0.072917,
     "y":0.20312},
    {"x":0.083333,
     "y":0.22917},
    {"x":0.09375,
     "y":0.25521},
    {"x":0.10417,
     "y":0.28125},
    {"x":0.11458,
     "y":0.30729},
    {"x":0.1276,
     "y":0.33333},
    {"x":0.13802,
     "y":0.35938},
    {"x":0.15104,
     "y":0.38542},
    {"x":0.16667,
     "y":0.41146},
    {"x":0.18229,
     "y":0.4375},
    {"x":0.20052,
     "y":0.46354},
    {"x":0.20052,
     "y":0.46615}],
 "triangles":[
    {"p1":18,
     "p2":19,
     "p3":20},
    {"p1":41,
     "p2":72,
     "p3":73},
    {"p1":15,
     "p2":22,
     "p3":23},
    {"p1":10,
     "p2":29,
     "p3":30},
    {"p1":52,
     "p2":53,
     "p3":54},
    {"p1":6,
     "p2":35,
     "p3":36},
    {"p1":40,
     "p2":41,
     "p3":73},
    {"p1":42,
     "p2":43,
     "p3":68},
    {"p1":41,
     "p2":42,
     "p3":70},
    {"p1":17,
     "p2":18,
     "p3":20},
    {"p1":15,
     "p2":21,
     "p3":22},
    {"p1":11,
     "p2":27,
     "p3":28},
    {"p1":11,
     "p2":28,
     "p3":29},
    {"p1":10,
     "p2":11,
     "p3":29},
    {"p1":10,
     "p2":30,
     "p3":31},
    {"p1":45,
     "p2":46,
     "p3":63},
    {"p1":52,
     "p2":54,
     "p3":55},
    {"p1":51,
     "p2":55,
     "p3":56},
    {"p1":51,
     "p2":52,
     "p3":55},
    {"p1":46,
     "p2":62,
     "p3":63},
    {"p1":46,
     "p2":47,
     "p3":62},
    {"p1":4,
     "p2":37,
     "p3":38},
    {"p1":2,
     "p2":38,
     "p3":39},
    {"p1":45,
     "p2":63,
     "p3":64},
    {"p1":45,
     "p2":64,
     "p3":65},
    {"p1":43,
     "p2":67,
     "p3":68},
    {"p1":43,
     "p2":44,
     "p3":67},
    {"p1":44,
     "p2":45,
     "p3":65},
    {"p1":42,
     "p2":68,
     "p3":69},
    {"p1":42,
     "p2":69,
     "p3":70},
    {"p1":41,
     "p2":71,
     "p3":72},
    {"p1":41,
     "p2":70,
     "p3":71},
    {"p1":80,
     "p2":103,
     "p3":104},
    {"p1":80,
     "p2":81,
     "p3":103},
    {"p1":81,
     "p2":82,
     "p3":102},
    {"p1":82,
     "p2":101,
     "p3":102},
    {"p1":81,
     "p2":102,
     "p3":103},
    {"p1":16,
     "p2":20,
     "p3":21},
    {"p1":16,
     "p2":17,
     "p3":20},
    {"p1":15,
     "p2":16,
     "p3":21},
    {"p1":12,
     "p2":26,
     "p3":27},
    {"p1":11,
     "p2":12,
     "p3":27},
    {"p1":8,
     "p2":9,
     "p3":33},
    {"p1":9,
     "p2":10,
     "p3":31},
    {"p1":7,
     "p2":33,
     "p3":34},
    {"p1":7,
     "p2":8,
     "p3":33},
    {"p1":7,
     "p2":34,
     "p3":35},
    {"p1":6,
     "p2":7,
     "p3":35},
    {"p1":49,
     "p2":50,
     "p3":58},
    {"p1":49,
     "p2":58,
     "p3":59},
    {"p1":48,
     "p2":49,
     "p3":59},
    {"p1":48,
     "p2":59,
     "p3":60},
    {"p1":47,
     "p2":61,
     "p3":62},
    {"p1":47,
     "p2":48,
     "p3":61},
    {"p1":48,
     "p2":60,
     "p3":61},
    {"p1":4,
     "p2":5,
     "p3":37},
    {"p1":5,
     "p2":6,
     "p3":36},
    {"p1":5,
     "p2":36,
     "p3":37},
    {"p1":1,
     "p2":39,
     "p3":109},
    {"p1":1,
     "p2":2,
     "p3":39},
    {"p1":0,
     "p2":1,
     "p3":109},
    {"p1":3,
     "p2":4,
     "p3":38},
    {"p1":2,
     "p2":3,
     "p3":38},
    {"p1":44,
     "p2":65,
     "p3":66},
    {"p1":44,
     "p2":66,
     "p3":67},
    {"p1":77,
     "p2":108,
     "p3":109},
    {"p1":77,
     "p2":107,
     "p3":108},
    {"p1":73,
     "p2":74,
     "p3":75},
    {"p1":40,
     "p2":73,
     "p3":75},
    {"p1":39,
     "p2":40,
     "p3":75},
    {"p1":91,
     "p2":92,
     "p3":93},
    {"p1":85,
     "p2":86,
     "p3":98},
    {"p1":82,
     "p2":83,
     "p3":101},
    {"p1":85,
     "p2":98,
     "p3":99},
    {"p1":84,
     "p2":85,
     "p3":99},
    {"p1":83,
     "p2":84,
     "p3":99},
    {"p1":90,
     "p2":91,
     "p3":93},
    {"p1":13,
     "p2":25,
     "p3":26},
    {"p1":12,
     "p2":13,
     "p3":26},
    {"p1":13,
     "p2":24,
     "p3":25},
    {"p1":9,
     "p2":32,
     "p3":33},
    {"p1":9,
     "p2":31,
     "p3":32},
    {"p1":50,
     "p2":57,
     "p3":58},
    {"p1":51,
     "p2":56,
     "p3":57},
    {"p1":50,
     "p2":51,
     "p3":57},
    {"p1":76,
     "p2":77,
     "p3":109},
    {"p1":39,
     "p2":76,
     "p3":109},
    {"p1":39,
     "p2":75,
     "p3":76},
    {"p1":86,
     "p2":97,
     "p3":98},
    {"p1":86,
     "p2":96,
     "p3":97},
    {"p1":90,
     "p2":93,
     "p3":94},
    {"p1":89,
     "p2":94,
     "p3":95},
    {"p1":89,
     "p2":90,
     "p3":94},
    {"p1":86,
     "p2":87,
     "p3":96},
    {"p1":77,
     "p2":78,
     "p3":107},
    {"p1":83,
     "p2":100,
     "p3":101},
    {"p1":83,
     "p2":99,
     "p3":100},
    {"p1":14,
     "p2":15,
     "p3":23},
    {"p1":14,
     "p2":23,
     "p3":24},
    {"p1":13,
     "p2":14,
     "p3":24},
    {"p1":88,
     "p2":89,
     "p3":95},
    {"p1":88,
     "p2":95,
     "p3":96},
    {"p1":87,
     "p2":88,
     "p3":96},
    {"p1":79,
     "p2":105,
     "p3":106},
    {"p1":79,
     "p2":106,
     "p3":107},
    {"p1":78,
     "p2":79,
     "p3":107},
    {"p1":79,
     "p2":80,
     "p3":104},
    {"p1":79,
     "p2":104,
     "p3":105}]
}