{"points":[
    {"x":0.002,
     "y":0.434},
    {"x":0.054,
     "y":0.458},
    {"x":0.106,
     "y":0.478},
    {"x":0.158,
     "y":0.492},
    {"x":0.21,
     "y":0.498},
    {"x":0.262,
     "y":0.5},
    {"x":0.314,
     "y":0.496},
    {"x":0.366,
     "y":0.486},
    {"x":0.418,
     "y":0.47},
    {"x":0.442,
     "y":0.47},
    {"x":0.39,
     "y":0.512},
    {"x":0.344,
     "y":0.562},
    {"x":0.308,
     "y":0.614},
    {"x":0.28,
     "y":0.666},
    {"x":0.262,
     "y":0.718},
    {"x":0.248,
     "y":0.77},
    {"x":0.24,
     "y":0.822},
    {"x":0.244,
     "y":0.86},
    {"x":0.296,
     "y":0.826},
    {"x":0.348,
     "y":0.782},
    {"x":0.394,
     "y":0.73},
    {"x":0.428,
     "y":0.678},
    {"x":0.456,
     "y":0.626},
    {"x":0.474,
     "y":0.574},
    {"x":0.486,
     "y":0.522},
    {"x":0.498,
     "y":0.49},
    {"x":0.504,
     "y":0.542},
    {"x":0.516,
     "y":0.594},
    {"x":0.536,
     "y":0.646},
    {"x":0.562,
     "y":0.698},
    {"x":0.596,
     "y":0.75},
    {"x":0.642,
     "y":0.8},
    {"x":0.694,
     "y":0.844},
    {"x":0.736,
     "y":0.864},
    {"x":0.734,
     "y":0.812},
    {"x":0.726,
     "y":0.76},
    {"x":0.712,
     "y":0.708},
    {"x":0.692,
     "y":0.656},
    {"x":0.666,
     "y":0.604},
    {"x":0.63,
     "y":0.552},
    {"x":0.58,
     "y":0.5},
    {"x":0.536,
     "y":0.458},
    {"x":0.588,
     "y":0.48},
    {"x":0.64,
     "y":0.496},
    {"x":0.692,
     "y":0.506},
    {"x":0.744,
     "y":0.51},
    {"x":0.796,
     "y":0.508},
    {"x":0.848,
     "y":0.5},
    {"x":0.9,
     "y":0.488},
    {"x":0.952,
     "y":0.468},
    {"x":1,
     "y":0.442},
    {"x":0.952,
     "y":0.412},
    {"x":0.9,
     "y":0.392},
    {"x":0.848,
     "y":0.378},
    {"x":0.796,
     "y":0.37},
    {"x":0.744,
     "y":0.366},
    {"x":0.692,
     "y":0.368},
    {"x":0.64,
     "y":0.378},
    {"x":0.588,
     "y":0.394},
    {"x":0.536,
     "y":0.412},
    {"x":0.584,
     "y":0.37},
    {"x":0.632,
     "y":0.32},
    {"x":0.672,
     "y":0.268},
    {"x":0.7,
     "y":0.216},
    {"x":0.72,
     "y":0.164},
    {"x":0.734,
     "y":0.112},
    {"x":0.744,
     "y":0.06},
    {"x":0.748,
     "y":0.008},
    {"x":0.702,
     "y":0.03},
    {"x":0.65,
     "y":0.074},
    {"x":0.602,
     "y":0.126},
    {"x":0.566,
     "y":0.178},
    {"x":0.538,
     "y":0.23},
    {"x":0.518,
     "y":0.282},
    {"x":0.506,
     "y":0.334},
    {"x":0.5,
     "y":0.386},
    {"x":0.486,
     "y":0.342},
    {"x":0.476,
     "y":0.29},
    {"x":0.458,
     "y":0.238},
    {"x":0.432,
     "y":0.186},
    {"x":0.398,
     "y":0.134},
    {"x":0.354,
     "y":0.082},
    {"x":0.302,
     "y":0.036},
    {"x":0.25,
     "y":0},
    {"x":0.25,
     "y":0.048},
    {"x":0.258,
     "y":0.1},
    {"x":0.27,
     "y":0.152},
    {"x":0.29,
     "y":0.204},
    {"x":0.314,
     "y":0.256},
    {"x":0.35,
     "y":0.308},
    {"x":0.396,
     "y":0.36},
    {"x":0.448,
     "y":0.402},
    {"x":0.416,
     "y":0.398},
    {"x":0.364,
     "y":0.38},
    {"x":0.312,
     "y":0.368},
    {"x":0.26,
     "y":0.364},
    {"x":0.208,
     "y":0.364},
    {"x":0.156,
     "y":0.37},
    {"x":0.104,
     "y":0.384},
    {"x":0.052,
     "y":0.402},
    {"x":0,
     "y":0.424},
    {"x":0.002,
     "y":0.434}],
 "triangles":[
    {"p1":1,
     "p2":2,
     "p3":98},
    {"p1":49,
     "p2":50,
     "p3":51},
    {"p1":63,
     "p2":70,
     "p3":71},
    {"p1":65,
     "p2":68,
     "p3":69},
    {"p1":1,
     "p2":98,
     "p3":99},
    {"p1":0,
     "p2":99,
     "p3":100},
    {"p1":0,
     "p2":1,
     "p3":99},
    {"p1":13,
     "p2":14,
     "p3":20},
    {"p1":14,
     "p2":19,
     "p3":20},
    {"p1":14,
     "p2":15,
     "p3":19},
    {"p1":11,
     "p2":12,
     "p3":21},
    {"p1":12,
     "p2":20,
     "p3":21},
    {"p1":12,
     "p2":13,
     "p3":20},
    {"p1":47,
     "p2":52,
     "p3":53},
    {"p1":11,
     "p2":21,
     "p3":22},
    {"p1":29,
     "p2":30,
     "p3":37},
    {"p1":45,
     "p2":54,
     "p3":55},
    {"p1":44,
     "p2":55,
     "p3":56},
    {"p1":44,
     "p2":45,
     "p3":55},
    {"p1":63,
     "p2":64,
     "p3":70},
    {"p1":64,
     "p2":69,
     "p3":70},
    {"p1":64,
     "p2":65,
     "p3":69},
    {"p1":66,
     "p2":67,
     "p3":68},
    {"p1":65,
     "p2":66,
     "p3":68},
    {"p1":62,
     "p2":63,
     "p3":71},
    {"p1":60,
     "p2":61,
     "p3":73},
    {"p1":60,
     "p2":73,
     "p3":74},
    {"p1":61,
     "p2":72,
     "p3":73},
    {"p1":62,
     "p2":71,
     "p3":72},
    {"p1":61,
     "p2":62,
     "p3":72},
    {"p1":80,
     "p2":81,
     "p3":86},
    {"p1":78,
     "p2":79,
     "p3":88},
    {"p1":81,
     "p2":82,
     "p3":85},
    {"p1":81,
     "p2":85,
     "p3":86},
    {"p1":15,
     "p2":18,
     "p3":19},
    {"p1":15,
     "p2":16,
     "p3":18},
    {"p1":16,
     "p2":17,
     "p3":18},
    {"p1":6,
     "p2":7,
     "p3":93},
    {"p1":7,
     "p2":92,
     "p3":93},
    {"p1":7,
     "p2":8,
     "p3":92},
    {"p1":45,
     "p2":46,
     "p3":54},
    {"p1":47,
     "p2":48,
     "p3":52},
    {"p1":30,
     "p2":36,
     "p3":37},
    {"p1":30,
     "p2":31,
     "p3":36},
    {"p1":31,
     "p2":35,
     "p3":36},
    {"p1":29,
     "p2":37,
     "p3":38},
    {"p1":27,
     "p2":39,
     "p3":40},
    {"p1":76,
     "p2":77,
     "p3":90},
    {"p1":78,
     "p2":88,
     "p3":89},
    {"p1":77,
     "p2":89,
     "p3":90},
    {"p1":77,
     "p2":78,
     "p3":89},
    {"p1":80,
     "p2":86,
     "p3":87},
    {"p1":79,
     "p2":80,
     "p3":87},
    {"p1":79,
     "p2":87,
     "p3":88},
    {"p1":82,
     "p2":83,
     "p3":84},
    {"p1":82,
     "p2":84,
     "p3":85},
    {"p1":76,
     "p2":90,
     "p3":91},
    {"p1":8,
     "p2":91,
     "p3":92},
    {"p1":9,
     "p2":10,
     "p3":24},
    {"p1":8,
     "p2":9,
     "p3":91},
    {"p1":10,
     "p2":23,
     "p3":24},
    {"p1":10,
     "p2":11,
     "p3":23},
    {"p1":11,
     "p2":22,
     "p3":23},
    {"p1":27,
     "p2":28,
     "p3":39},
    {"p1":28,
     "p2":38,
     "p3":39},
    {"p1":28,
     "p2":29,
     "p3":38},
    {"p1":41,
     "p2":42,
     "p3":58},
    {"p1":41,
     "p2":58,
     "p3":59},
    {"p1":3,
     "p2":4,
     "p3":96},
    {"p1":75,
     "p2":76,
     "p3":91},
    {"p1":41,
     "p2":59,
     "p3":75},
    {"p1":41,
     "p2":75,
     "p3":91},
    {"p1":59,
     "p2":60,
     "p3":75},
    {"p1":60,
     "p2":74,
     "p3":75},
    {"p1":26,
     "p2":27,
     "p3":40},
    {"p1":31,
     "p2":34,
     "p3":35},
    {"p1":31,
     "p2":32,
     "p3":34},
    {"p1":32,
     "p2":33,
     "p3":34},
    {"p1":4,
     "p2":5,
     "p3":95},
    {"p1":4,
     "p2":95,
     "p3":96},
    {"p1":3,
     "p2":96,
     "p3":97},
    {"p1":2,
     "p2":3,
     "p3":97},
    {"p1":2,
     "p2":97,
     "p3":98},
    {"p1":25,
     "p2":40,
     "p3":41},
    {"p1":25,
     "p2":26,
     "p3":40},
    {"p1":9,
     "p2":24,
     "p3":25},
    {"p1":9,
     "p2":25,
     "p3":91},
    {"p1":25,
     "p2":41,
     "p3":91},
    {"p1":6,
     "p2":93,
     "p3":94},
    {"p1":5,
     "p2":6,
     "p3":94},
    {"p1":5,
     "p2":94,
     "p3":95},
    {"p1":42,
     "p2":43,
     "p3":58},
    {"p1":43,
     "p2":57,
     "p3":58},
    {"p1":43,
     "p2":44,
     "p3":57},
    {"p1":44,
     "p2":56,
     "p3":57},
    {"p1":46,
     "p2":47,
     "p3":53},
    {"p1":46,
     "p2":53,
     "p3":54},
    {"p1":48,
     "p2":49,
     "p3":51},
    {"p1":48,
     "p2":51,
     "p3":52}]
}