{"points":[
    {"x":0,
     "y":0.48479},
    {"x":0.046653,
     "y":0.5071},
    {"x":0.10751,
     "y":0.52333},
    {"x":0.16227,
     "y":0.54158},
    {"x":0.21907,
     "y":0.5497},
    {"x":0.27586,
     "y":0.54767},
    {"x":0.33266,
     "y":0.54767},
    {"x":0.27586,
     "y":0.57606},
    {"x":0.22718,
     "y":0.61258},
    {"x":0.18256,
     "y":0.67343},
    {"x":0.13387,
     "y":0.73428},
    {"x":0.093306,
     "y":0.78702},
    {"x":0.12982,
     "y":0.79108},
    {"x":0.1927,
     "y":0.76673},
    {"x":0.24544,
     "y":0.77282},
    {"x":0.30426,
     "y":0.73631},
    {"x":0.33266,
     "y":0.75051},
    {"x":0.3144,
     "y":0.81542},
    {"x":0.33266,
     "y":0.86004},
    {"x":0.3428,
     "y":0.90669},
    {"x":0.34888,
     "y":0.96552},
    {"x":0.38742,
     "y":0.94726},
    {"x":0.39554,
     "y":0.92292},
    {"x":0.43408,
     "y":0.85801},
    {"x":0.47465,
     "y":0.79716},
    {"x":0.49493,
     "y":0.74848},
    {"x":0.51724,
     "y":0.6856},
    {"x":0.51927,
     "y":0.70183},
    {"x":0.53144,
     "y":0.75254},
    {"x":0.55578,
     "y":0.81744},
    {"x":0.59026,
     "y":0.85801},
    {"x":0.62475,
     "y":0.90872},
    {"x":0.64706,
     "y":0.95335},
    {"x":0.67343,
     "y":0.96349},
    {"x":0.68357,
     "y":0.89858},
    {"x":0.6998,
     "y":0.84381},
    {"x":0.69777,
     "y":0.7931},
    {"x":0.68357,
     "y":0.73834},
    {"x":0.73225,
     "y":0.75254},
    {"x":0.78702,
     "y":0.76876},
    {"x":0.83976,
     "y":0.77282},
    {"x":0.90264,
     "y":0.78702},
    {"x":0.92901,
     "y":0.7789},
    {"x":0.88641,
     "y":0.72617},
    {"x":0.84178,
     "y":0.6714},
    {"x":0.80325,
     "y":0.61866},
    {"x":0.75051,
     "y":0.57809},
    {"x":0.69168,
     "y":0.55172},
    {"x":0.75456,
     "y":0.54767},
    {"x":0.8073,
     "y":0.54564},
    {"x":0.87221,
     "y":0.53347},
    {"x":0.93509,
     "y":0.5213},
    {"x":1,
     "y":0.50101},
    {"x":0.98986,
     "y":0.46653},
    {"x":0.9432,
     "y":0.44016},
    {"x":0.88235,
     "y":0.40771},
    {"x":0.81947,
     "y":0.40771},
    {"x":0.7931,
     "y":0.38742},
    {"x":0.85396,
     "y":0.33671},
    {"x":0.88235,
     "y":0.27383},
    {"x":0.91481,
     "y":0.21095},
    {"x":0.89452,
     "y":0.19067},
    {"x":0.83367,
     "y":0.20284},
    {"x":0.77688,
     "y":0.22921},
    {"x":0.72617,
     "y":0.25355},
    {"x":0.66329,
     "y":0.3002},
    {"x":0.63692,
     "y":0.30629},
    {"x":0.65517,
     "y":0.24544},
    {"x":0.67546,
     "y":0.18458},
    {"x":0.6714,
     "y":0.1217},
    {"x":0.66937,
     "y":0.06288},
    {"x":0.66937,
     "y":0},
    {"x":0.62475,
     "y":0.034483},
    {"x":0.57809,
     "y":0.081136},
    {"x":0.5355,
     "y":0.13793},
    {"x":0.51521,
     "y":0.20081},
    {"x":0.49087,
     "y":0.15619},
    {"x":0.4645,
     "y":0.095335},
    {"x":0.40771,
     "y":0.052738},
    {"x":0.36308,
     "y":0.0020284},
    {"x":0.34483,
     "y":0.030426},
    {"x":0.35091,
     "y":0.085193},
    {"x":0.35903,
     "y":0.1359},
    {"x":0.35091,
     "y":0.20081},
    {"x":0.37525,
     "y":0.25152},
    {"x":0.39757,
     "y":0.30426},
    {"x":0.37931,
     "y":0.31034},
    {"x":0.3286,
     "y":0.26978},
    {"x":0.27383,
     "y":0.23732},
    {"x":0.22312,
     "y":0.23124},
    {"x":0.1785,
     "y":0.20892},
    {"x":0.11359,
     "y":0.19878},
    {"x":0.10751,
     "y":0.1927},
    {"x":0.12982,
     "y":0.25152},
    {"x":0.1501,
     "y":0.31034},
    {"x":0.19067,
     "y":0.35497},
    {"x":0.23327,
     "y":0.38945},
    {"x":0.1927,
     "y":0.39757},
    {"x":0.12779,
     "y":0.40162},
    {"x":0.068966,
     "y":0.44828},
    {"x":0.0060852,
     "y":0.47667},
    {"x":0,
     "y":0.48479}],
 "triangles":[
    {"p1":9,
     "p2":13,
     "p3":14},
    {"p1":6,
     "p2":47,
     "p3":85},
    {"p1":47,
     "p2":66,
     "p3":85},
    {"p1":66,
     "p2":75,
     "p3":85},
    {"p1":6,
     "p2":85,
     "p3":86},
    {"p1":6,
     "p2":86,
     "p3":96},
    {"p1":9,
     "p2":10,
     "p3":13},
    {"p1":10,
     "p2":11,
     "p3":12},
    {"p1":10,
     "p2":12,
     "p3":13},
    {"p1":41,
     "p2":42,
     "p3":43},
    {"p1":6,
     "p2":26,
     "p3":47},
    {"p1":6,
     "p2":16,
     "p3":26},
    {"p1":16,
     "p2":25,
     "p3":26},
    {"p1":58,
     "p2":63,
     "p3":64},
    {"p1":68,
     "p2":69,
     "p3":74},
    {"p1":69,
     "p2":73,
     "p3":74},
    {"p1":69,
     "p2":70,
     "p3":73},
    {"p1":78,
     "p2":80,
     "p3":81},
    {"p1":78,
     "p2":79,
     "p3":80},
    {"p1":78,
     "p2":81,
     "p3":82},
    {"p1":77,
     "p2":78,
     "p3":82},
    {"p1":88,
     "p2":95,
     "p3":96},
    {"p1":76,
     "p2":77,
     "p3":82},
    {"p1":17,
     "p2":18,
     "p3":23},
    {"p1":16,
     "p2":17,
     "p3":23},
    {"p1":5,
     "p2":6,
     "p3":96},
    {"p1":9,
     "p2":14,
     "p3":15},
    {"p1":8,
     "p2":9,
     "p3":15},
    {"p1":7,
     "p2":8,
     "p3":15},
    {"p1":6,
     "p2":7,
     "p3":15},
    {"p1":6,
     "p2":15,
     "p3":16},
    {"p1":16,
     "p2":24,
     "p3":25},
    {"p1":16,
     "p2":23,
     "p3":24},
    {"p1":19,
     "p2":20,
     "p3":21},
    {"p1":18,
     "p2":22,
     "p3":23},
    {"p1":18,
     "p2":19,
     "p3":22},
    {"p1":19,
     "p2":21,
     "p3":22},
    {"p1":51,
     "p2":52,
     "p3":53},
    {"p1":51,
     "p2":53,
     "p3":54},
    {"p1":50,
     "p2":51,
     "p3":54},
    {"p1":47,
     "p2":57,
     "p3":66},
    {"p1":47,
     "p2":48,
     "p3":57},
    {"p1":48,
     "p2":56,
     "p3":57},
    {"p1":57,
     "p2":58,
     "p3":64},
    {"p1":66,
     "p2":67,
     "p3":75},
    {"p1":67,
     "p2":68,
     "p3":74},
    {"p1":67,
     "p2":74,
     "p3":75},
    {"p1":58,
     "p2":59,
     "p3":63},
    {"p1":59,
     "p2":62,
     "p3":63},
    {"p1":59,
     "p2":60,
     "p3":61},
    {"p1":59,
     "p2":61,
     "p3":62},
    {"p1":70,
     "p2":71,
     "p3":72},
    {"p1":70,
     "p2":72,
     "p3":73},
    {"p1":86,
     "p2":87,
     "p3":96},
    {"p1":87,
     "p2":88,
     "p3":96},
    {"p1":89,
     "p2":93,
     "p3":94},
    {"p1":89,
     "p2":90,
     "p3":93},
    {"p1":89,
     "p2":94,
     "p3":95},
    {"p1":88,
     "p2":89,
     "p3":95},
    {"p1":75,
     "p2":84,
     "p3":85},
    {"p1":75,
     "p2":76,
     "p3":84},
    {"p1":4,
     "p2":5,
     "p3":96},
    {"p1":37,
     "p2":46,
     "p3":47},
    {"p1":26,
     "p2":37,
     "p3":47},
    {"p1":49,
     "p2":50,
     "p3":56},
    {"p1":48,
     "p2":49,
     "p3":56},
    {"p1":50,
     "p2":55,
     "p3":56},
    {"p1":50,
     "p2":54,
     "p3":55},
    {"p1":57,
     "p2":65,
     "p3":66},
    {"p1":57,
     "p2":64,
     "p3":65},
    {"p1":91,
     "p2":92,
     "p3":93},
    {"p1":90,
     "p2":91,
     "p3":93},
    {"p1":76,
     "p2":82,
     "p3":83},
    {"p1":76,
     "p2":83,
     "p3":84},
    {"p1":32,
     "p2":33,
     "p3":34},
    {"p1":37,
     "p2":45,
     "p3":46},
    {"p1":26,
     "p2":27,
     "p3":37},
    {"p1":27,
     "p2":28,
     "p3":37},
    {"p1":40,
     "p2":43,
     "p3":44},
    {"p1":39,
     "p2":40,
     "p3":44},
    {"p1":40,
     "p2":41,
     "p3":43},
    {"p1":4,
     "p2":96,
     "p3":97},
    {"p1":3,
     "p2":4,
     "p3":97},
    {"p1":30,
     "p2":35,
     "p3":36},
    {"p1":37,
     "p2":38,
     "p3":45},
    {"p1":38,
     "p2":39,
     "p3":44},
    {"p1":38,
     "p2":44,
     "p3":45},
    {"p1":0,
     "p2":1,
     "p3":100},
    {"p1":1,
     "p2":99,
     "p3":100},
    {"p1":1,
     "p2":2,
     "p3":99},
    {"p1":2,
     "p2":3,
     "p3":98},
    {"p1":3,
     "p2":97,
     "p3":98},
    {"p1":2,
     "p2":98,
     "p3":99},
    {"p1":31,
     "p2":32,
     "p3":34},
    {"p1":31,
     "p2":34,
     "p3":35},
    {"p1":30,
     "p2":31,
     "p3":35},
    {"p1":28,
     "p2":29,
     "p3":37},
    {"p1":29,
     "p2":36,
     "p3":37},
    {"p1":29,
     "p2":30,
     "p3":36}]
}