{"points":[
    {"x":0,
     "y":0.4938},
    {"x":0.029777,
     "y":0.52357},
    {"x":0.064516,
     "y":0.55087},
    {"x":0.099256,
     "y":0.5732},
    {"x":0.134,
     "y":0.59057},
    {"x":0.16873,
     "y":0.60298},
    {"x":0.20347,
     "y":0.6129},
    {"x":0.19851,
     "y":0.6402},
    {"x":0.18114,
     "y":0.67494},
    {"x":0.16625,
     "y":0.70968},
    {"x":0.15881,
     "y":0.74442},
    {"x":0.15136,
     "y":0.77916},
    {"x":0.14888,
     "y":0.8139},
    {"x":0.1464,
     "y":0.84864},
    {"x":0.17866,
     "y":0.85112},
    {"x":0.2134,
     "y":0.84615},
    {"x":0.24814,
     "y":0.84119},
    {"x":0.28288,
     "y":0.83127},
    {"x":0.31762,
     "y":0.81886},
    {"x":0.35236,
     "y":0.80149},
    {"x":0.38462,
     "y":0.78908},
    {"x":0.39206,
     "y":0.82382},
    {"x":0.40447,
     "y":0.85856},
    {"x":0.42184,
     "y":0.8933},
    {"x":0.44417,
     "y":0.92804},
    {"x":0.46898,
     "y":0.96278},
    {"x":0.49876,
     "y":0.99504},
    {"x":0.53102,
     "y":0.97022},
    {"x":0.55583,
     "y":0.93548},
    {"x":0.57816,
     "y":0.90074},
    {"x":0.59553,
     "y":0.866},
    {"x":0.61042,
     "y":0.83127},
    {"x":0.62035,
     "y":0.79653},
    {"x":0.64516,
     "y":0.79901},
    {"x":0.6799,
     "y":0.81638},
    {"x":0.71464,
     "y":0.82878},
    {"x":0.74938,
     "y":0.83871},
    {"x":0.78412,
     "y":0.84615},
    {"x":0.81886,
     "y":0.84864},
    {"x":0.8536,
     "y":0.85112},
    {"x":0.85856,
     "y":0.82134},
    {"x":0.8536,
     "y":0.7866},
    {"x":0.84864,
     "y":0.75186},
    {"x":0.84119,
     "y":0.71712},
    {"x":0.82878,
     "y":0.68238},
    {"x":0.81141,
     "y":0.64764},
    {"x":0.79404,
     "y":0.6129},
    {"x":0.82878,
     "y":0.60546},
    {"x":0.86352,
     "y":0.59305},
    {"x":0.89826,
     "y":0.57816},
    {"x":0.933,
     "y":0.55583},
    {"x":0.96774,
     "y":0.53102},
    {"x":1,
     "y":0.50124},
    {"x":0.97767,
     "y":0.46898},
    {"x":0.94541,
     "y":0.44169},
    {"x":0.91067,
     "y":0.41935},
    {"x":0.87593,
     "y":0.40199},
    {"x":0.84119,
     "y":0.38958},
    {"x":0.80645,
     "y":0.37965},
    {"x":0.80397,
     "y":0.35484},
    {"x":0.82134,
     "y":0.3201},
    {"x":0.83623,
     "y":0.28536},
    {"x":0.84615,
     "y":0.25062},
    {"x":0.8536,
     "y":0.21588},
    {"x":0.85608,
     "y":0.18114},
    {"x":0.85856,
     "y":0.1464},
    {"x":0.83127,
     "y":0.13896},
    {"x":0.79653,
     "y":0.14144},
    {"x":0.76179,
     "y":0.14888},
    {"x":0.72705,
     "y":0.15633},
    {"x":0.69231,
     "y":0.16873},
    {"x":0.65757,
     "y":0.1861},
    {"x":0.62283,
     "y":0.20596},
    {"x":0.6129,
     "y":0.17122},
    {"x":0.6005,
     "y":0.13648},
    {"x":0.58561,
     "y":0.10174},
    {"x":0.56576,
     "y":0.066998},
    {"x":0.53846,
     "y":0.032258},
    {"x":0.51117,
     "y":0},
    {"x":0.47891,
     "y":0.01737},
    {"x":0.45161,
     "y":0.049628},
    {"x":0.42928,
     "y":0.084367},
    {"x":0.41191,
     "y":0.11911},
    {"x":0.39702,
     "y":0.15385},
    {"x":0.3871,
     "y":0.18859},
    {"x":0.36476,
     "y":0.19355},
    {"x":0.33002,
     "y":0.17618},
    {"x":0.29529,
     "y":0.16129},
    {"x":0.26055,
     "y":0.15136},
    {"x":0.22581,
     "y":0.14392},
    {"x":0.19107,
     "y":0.14144},
    {"x":0.15633,
     "y":0.13896},
    {"x":0.1464,
     "y":0.16377},
    {"x":0.14888,
     "y":0.19851},
    {"x":0.15633,
     "y":0.23325},
    {"x":0.16377,
     "y":0.26799},
    {"x":0.17618,
     "y":0.30273},
    {"x":0.19107,
     "y":0.33747},
    {"x":0.21092,
     "y":0.37221},
    {"x":0.18114,
     "y":0.38213},
    {"x":0.1464,
     "y":0.39454},
    {"x":0.11166,
     "y":0.41191},
    {"x":0.076923,
     "y":0.43176},
    {"x":0.042184,
     "y":0.45658},
    {"x":0.0099256,
     "y":0.48387},
    {"x":0,
     "y":0.4938}],
 "triangles":[
    {"p1":20,
     "p2":72,
     "p3":98},
    {"p1":6,
     "p2":20,
     "p3":98},
    {"p1":72,
     "p2":84,
     "p3":98},
    {"p1":36,
     "p2":37,
     "p3":42},
    {"p1":22,
     "p2":23,
     "p3":30},
    {"p1":6,
     "p2":98,
     "p3":99},
    {"p1":38,
     "p2":39,
     "p3":40},
    {"p1":37,
     "p2":41,
     "p3":42},
    {"p1":37,
     "p2":38,
     "p3":41},
    {"p1":38,
     "p2":40,
     "p3":41},
    {"p1":3,
     "p2":4,
     "p3":101},
    {"p1":22,
     "p2":30,
     "p3":31},
    {"p1":20,
     "p2":31,
     "p3":32},
    {"p1":90,
     "p2":91,
     "p3":92},
    {"p1":75,
     "p2":81,
     "p3":82},
    {"p1":46,
     "p2":58,
     "p3":72},
    {"p1":20,
     "p2":46,
     "p3":72},
    {"p1":20,
     "p2":32,
     "p3":46},
    {"p1":32,
     "p2":33,
     "p3":46},
    {"p1":4,
     "p2":100,
     "p3":101},
    {"p1":1,
     "p2":103,
     "p3":104},
    {"p1":0,
     "p2":1,
     "p3":104},
    {"p1":3,
     "p2":101,
     "p3":102},
    {"p1":72,
     "p2":73,
     "p3":84},
    {"p1":63,
     "p2":67,
     "p3":68},
    {"p1":75,
     "p2":76,
     "p3":81},
    {"p1":23,
     "p2":29,
     "p3":30},
    {"p1":20,
     "p2":21,
     "p3":31},
    {"p1":21,
     "p2":22,
     "p3":31},
    {"p1":10,
     "p2":16,
     "p3":17},
    {"p1":9,
     "p2":10,
     "p3":17},
    {"p1":6,
     "p2":7,
     "p3":20},
    {"p1":7,
     "p2":19,
     "p3":20},
    {"p1":8,
     "p2":9,
     "p3":17},
    {"p1":7,
     "p2":8,
     "p3":19},
    {"p1":87,
     "p2":88,
     "p3":95},
    {"p1":84,
     "p2":85,
     "p3":98},
    {"p1":85,
     "p2":97,
     "p3":98},
    {"p1":85,
     "p2":86,
     "p3":97},
    {"p1":2,
     "p2":3,
     "p3":102},
    {"p1":2,
     "p2":102,
     "p3":103},
    {"p1":1,
     "p2":2,
     "p3":103},
    {"p1":73,
     "p2":83,
     "p3":84},
    {"p1":60,
     "p2":70,
     "p3":71},
    {"p1":74,
     "p2":75,
     "p3":82},
    {"p1":74,
     "p2":82,
     "p3":83},
    {"p1":73,
     "p2":74,
     "p3":83},
    {"p1":64,
     "p2":66,
     "p3":67},
    {"p1":63,
     "p2":64,
     "p3":67},
    {"p1":64,
     "p2":65,
     "p3":66},
    {"p1":51,
     "p2":52,
     "p3":53},
    {"p1":76,
     "p2":80,
     "p3":81},
    {"p1":25,
     "p2":26,
     "p3":27},
    {"p1":25,
     "p2":27,
     "p3":28},
    {"p1":24,
     "p2":25,
     "p3":28},
    {"p1":23,
     "p2":24,
     "p3":29},
    {"p1":24,
     "p2":28,
     "p3":29},
    {"p1":11,
     "p2":15,
     "p3":16},
    {"p1":10,
     "p2":11,
     "p3":16},
    {"p1":8,
     "p2":17,
     "p3":18},
    {"p1":8,
     "p2":18,
     "p3":19},
    {"p1":5,
     "p2":6,
     "p3":99},
    {"p1":5,
     "p2":99,
     "p3":100},
    {"p1":4,
     "p2":5,
     "p3":100},
    {"p1":88,
     "p2":94,
     "p3":95},
    {"p1":88,
     "p2":89,
     "p3":94},
    {"p1":87,
     "p2":95,
     "p3":96},
    {"p1":86,
     "p2":87,
     "p3":96},
    {"p1":86,
     "p2":96,
     "p3":97},
    {"p1":34,
     "p2":35,
     "p3":44},
    {"p1":59,
     "p2":71,
     "p3":72},
    {"p1":59,
     "p2":60,
     "p3":71},
    {"p1":58,
     "p2":59,
     "p3":72},
    {"p1":48,
     "p2":56,
     "p3":57},
    {"p1":61,
     "p2":69,
     "p3":70},
    {"p1":60,
     "p2":61,
     "p3":70},
    {"p1":50,
     "p2":54,
     "p3":55},
    {"p1":51,
     "p2":53,
     "p3":54},
    {"p1":50,
     "p2":51,
     "p3":54},
    {"p1":77,
     "p2":79,
     "p3":80},
    {"p1":76,
     "p2":77,
     "p3":80},
    {"p1":77,
     "p2":78,
     "p3":79},
    {"p1":12,
     "p2":14,
     "p3":15},
    {"p1":11,
     "p2":12,
     "p3":15},
    {"p1":12,
     "p2":13,
     "p3":14},
    {"p1":89,
     "p2":90,
     "p3":93},
    {"p1":89,
     "p2":93,
     "p3":94},
    {"p1":90,
     "p2":92,
     "p3":93},
    {"p1":33,
     "p2":45,
     "p3":46},
    {"p1":33,
     "p2":34,
     "p3":45},
    {"p1":34,
     "p2":44,
     "p3":45},
    {"p1":35,
     "p2":43,
     "p3":44},
    {"p1":35,
     "p2":36,
     "p3":43},
    {"p1":36,
     "p2":42,
     "p3":43},
    {"p1":49,
     "p2":50,
     "p3":55},
    {"p1":49,
     "p2":55,
     "p3":56},
    {"p1":48,
     "p2":49,
     "p3":56},
    {"p1":62,
     "p2":68,
     "p3":69},
    {"p1":61,
     "p2":62,
     "p3":69},
    {"p1":62,
     "p2":63,
     "p3":68},
    {"p1":47,
     "p2":48,
     "p3":57},
    {"p1":46,
     "p2":47,
     "p3":58},
    {"p1":47,
     "p2":57,
     "p3":58}]
}