{"points":[
    {"x":0,
     "y":0.50131},
    {"x":0.05483,
     "y":0.53003},
    {"x":0.11227,
     "y":0.55352},
    {"x":0.15927,
     "y":0.58747},
    {"x":0.2141,
     "y":0.58747},
    {"x":0.29504,
     "y":0.57963},
    {"x":0.25587,
     "y":0.63446},
    {"x":0.22193,
     "y":0.63185},
    {"x":0.17755,
     "y":0.67885},
    {"x":0.13316,
     "y":0.72846},
    {"x":0.086162,
     "y":0.80418},
    {"x":0.062663,
     "y":0.86945},
    {"x":0.041775,
     "y":0.94517},
    {"x":0.088773,
     "y":0.93734},
    {"x":0.13838,
     "y":0.93211},
    {"x":0.20366,
     "y":0.90078},
    {"x":0.26632,
     "y":0.86162},
    {"x":0.31332,
     "y":0.81723},
    {"x":0.36292,
     "y":0.75196},
    {"x":0.41514,
     "y":0.68668},
    {"x":0.40992,
     "y":0.75718},
    {"x":0.41514,
     "y":0.82768},
    {"x":0.4282,
     "y":0.88251},
    {"x":0.4517,
     "y":0.93211},
    {"x":0.48825,
     "y":1},
    {"x":0.5248,
     "y":0.94517},
    {"x":0.55875,
     "y":0.88251},
    {"x":0.58486,
     "y":0.84334},
    {"x":0.57702,
     "y":0.76501},
    {"x":0.56397,
     "y":0.69974},
    {"x":0.60836,
     "y":0.74151},
    {"x":0.65013,
     "y":0.78851},
    {"x":0.69452,
     "y":0.82507},
    {"x":0.73368,
     "y":0.87728},
    {"x":0.77546,
     "y":0.90862},
    {"x":0.84856,
     "y":0.9295},
    {"x":0.90078,
     "y":0.953},
    {"x":0.96084,
     "y":0.94778},
    {"x":0.92428,
     "y":0.88251},
    {"x":0.89556,
     "y":0.82768},
    {"x":0.86162,
     "y":0.76762},
    {"x":0.83812,
     "y":0.71018},
    {"x":0.79634,
     "y":0.67102},
    {"x":0.75979,
     "y":0.62924},
    {"x":0.69713,
     "y":0.60836},
    {"x":0.70757,
     "y":0.57702},
    {"x":0.76762,
     "y":0.59008},
    {"x":0.81984,
     "y":0.57441},
    {"x":0.86684,
     "y":0.57702},
    {"x":0.91906,
     "y":0.55352},
    {"x":0.96867,
     "y":0.52742},
    {"x":0.99478,
     "y":0.51436},
    {"x":0.96084,
     "y":0.46214},
    {"x":0.91123,
     "y":0.44648},
    {"x":0.84334,
     "y":0.4282},
    {"x":0.78068,
     "y":0.43081},
    {"x":0.7389,
     "y":0.42037},
    {"x":0.68407,
     "y":0.41514},
    {"x":0.7389,
     "y":0.37598},
    {"x":0.77285,
     "y":0.36815},
    {"x":0.81723,
     "y":0.31593},
    {"x":0.86684,
     "y":0.25065},
    {"x":0.90601,
     "y":0.18799},
    {"x":0.93734,
     "y":0.13577},
    {"x":0.96606,
     "y":0.065274},
    {"x":0.91906,
     "y":0.05483},
    {"x":0.83812,
     "y":0.086162},
    {"x":0.77023,
     "y":0.12794},
    {"x":0.72585,
     "y":0.1436},
    {"x":0.67885,
     "y":0.17232},
    {"x":0.62141,
     "y":0.2376},
    {"x":0.56919,
     "y":0.3107},
    {"x":0.58225,
     "y":0.23238},
    {"x":0.5718,
     "y":0.17232},
    {"x":0.5483,
     "y":0.11227},
    {"x":0.52219,
     "y":0.052219},
    {"x":0.50131,
     "y":0},
    {"x":0.46475,
     "y":0.036554},
    {"x":0.44125,
     "y":0.10966},
    {"x":0.41253,
     "y":0.17232},
    {"x":0.40992,
     "y":0.24282},
    {"x":0.41253,
     "y":0.31332},
    {"x":0.37859,
     "y":0.25587},
    {"x":0.3342,
     "y":0.20366},
    {"x":0.29243,
     "y":0.1671},
    {"x":0.23238,
     "y":0.14099},
    {"x":0.20104,
     "y":0.093995},
    {"x":0.13577,
     "y":0.065274},
    {"x":0.060052,
     "y":0.041775},
    {"x":0.049608,
     "y":0.096606},
    {"x":0.073107,
     "y":0.16188},
    {"x":0.10444,
     "y":0.21932},
    {"x":0.13577,
     "y":0.28198},
    {"x":0.16971,
     "y":0.32115},
    {"x":0.21671,
     "y":0.3577},
    {"x":0.25326,
     "y":0.39687},
    {"x":0.30548,
     "y":0.43342},
    {"x":0.25326,
     "y":0.41775},
    {"x":0.17493,
     "y":0.4282},
    {"x":0.11227,
     "y":0.44648},
    {"x":0.073107,
     "y":0.4517},
    {"x":0.018277,
     "y":0.49347},
    {"x":0,
     "y":0.50131}],
 "triangles":[
    {"p1":50,
     "p2":51,
     "p3":52},
    {"p1":73,
     "p2":74,
     "p3":78},
    {"p1":72,
     "p2":73,
     "p3":80},
    {"p1":71,
     "p2":80,
     "p3":81},
    {"p1":71,
     "p2":72,
     "p3":80},
    {"p1":1,
     "p2":2,
     "p3":99},
    {"p1":82,
     "p2":83,
     "p3":94},
    {"p1":81,
     "p2":82,
     "p3":95},
    {"p1":82,
     "p2":94,
     "p3":95},
    {"p1":86,
     "p2":87,
     "p3":90},
    {"p1":58,
     "p2":70,
     "p3":71},
    {"p1":57,
     "p2":58,
     "p3":71},
    {"p1":61,
     "p2":62,
     "p3":67},
    {"p1":58,
     "p2":59,
     "p3":60},
    {"p1":60,
     "p2":69,
     "p3":70},
    {"p1":58,
     "p2":60,
     "p3":70},
    {"p1":74,
     "p2":75,
     "p3":78},
    {"p1":60,
     "p2":68,
     "p3":69},
    {"p1":61,
     "p2":67,
     "p3":68},
    {"p1":60,
     "p2":61,
     "p3":68},
    {"p1":73,
     "p2":78,
     "p3":79},
    {"p1":73,
     "p2":79,
     "p3":80},
    {"p1":1,
     "p2":99,
     "p3":100},
    {"p1":2,
     "p2":98,
     "p3":99},
    {"p1":2,
     "p2":3,
     "p3":98},
    {"p1":19,
     "p2":57,
     "p3":71},
    {"p1":9,
     "p2":10,
     "p3":15},
    {"p1":10,
     "p2":11,
     "p3":14},
    {"p1":10,
     "p2":14,
     "p3":15},
    {"p1":9,
     "p2":16,
     "p3":17},
    {"p1":9,
     "p2":15,
     "p3":16},
    {"p1":83,
     "p2":93,
     "p3":94},
    {"p1":83,
     "p2":84,
     "p3":93},
    {"p1":87,
     "p2":88,
     "p3":89},
    {"p1":87,
     "p2":89,
     "p3":90},
    {"p1":62,
     "p2":66,
     "p3":67},
    {"p1":75,
     "p2":76,
     "p3":77},
    {"p1":75,
     "p2":77,
     "p3":78},
    {"p1":0,
     "p2":1,
     "p3":101},
    {"p1":1,
     "p2":100,
     "p3":101},
    {"p1":19,
     "p2":29,
     "p3":57},
    {"p1":71,
     "p2":81,
     "p3":96},
    {"p1":19,
     "p2":71,
     "p3":96},
    {"p1":5,
     "p2":19,
     "p3":96},
    {"p1":81,
     "p2":95,
     "p3":96},
    {"p1":36,
     "p2":37,
     "p3":38},
    {"p1":34,
     "p2":39,
     "p3":40},
    {"p1":33,
     "p2":34,
     "p3":40},
    {"p1":32,
     "p2":33,
     "p3":40},
    {"p1":29,
     "p2":30,
     "p3":44},
    {"p1":11,
     "p2":12,
     "p3":13},
    {"p1":11,
     "p2":13,
     "p3":14},
    {"p1":86,
     "p2":90,
     "p3":91},
    {"p1":49,
     "p2":50,
     "p3":52},
    {"p1":63,
     "p2":65,
     "p3":66},
    {"p1":62,
     "p2":63,
     "p3":66},
    {"p1":63,
     "p2":64,
     "p3":65},
    {"p1":3,
     "p2":4,
     "p3":98},
    {"p1":4,
     "p2":97,
     "p3":98},
    {"p1":5,
     "p2":96,
     "p3":97},
    {"p1":4,
     "p2":5,
     "p3":97},
    {"p1":34,
     "p2":35,
     "p3":39},
    {"p1":35,
     "p2":38,
     "p3":39},
    {"p1":35,
     "p2":36,
     "p3":38},
    {"p1":21,
     "p2":27,
     "p3":28},
    {"p1":32,
     "p2":40,
     "p3":41},
    {"p1":32,
     "p2":41,
     "p3":42},
    {"p1":31,
     "p2":32,
     "p3":42},
    {"p1":31,
     "p2":42,
     "p3":43},
    {"p1":30,
     "p2":31,
     "p3":44},
    {"p1":31,
     "p2":43,
     "p3":44},
    {"p1":84,
     "p2":85,
     "p3":93},
    {"p1":85,
     "p2":86,
     "p3":91},
    {"p1":85,
     "p2":92,
     "p3":93},
    {"p1":85,
     "p2":91,
     "p3":92},
    {"p1":48,
     "p2":49,
     "p3":53},
    {"p1":48,
     "p2":53,
     "p3":54},
    {"p1":49,
     "p2":52,
     "p3":53},
    {"p1":20,
     "p2":21,
     "p3":28},
    {"p1":20,
     "p2":28,
     "p3":29},
    {"p1":19,
     "p2":20,
     "p3":29},
    {"p1":5,
     "p2":6,
     "p3":19},
    {"p1":6,
     "p2":18,
     "p3":19},
    {"p1":6,
     "p2":17,
     "p3":18},
    {"p1":23,
     "p2":24,
     "p3":25},
    {"p1":21,
     "p2":26,
     "p3":27},
    {"p1":23,
     "p2":25,
     "p3":26},
    {"p1":47,
     "p2":48,
     "p3":54},
    {"p1":8,
     "p2":9,
     "p3":17},
    {"p1":6,
     "p2":8,
     "p3":17},
    {"p1":21,
     "p2":22,
     "p3":26},
    {"p1":22,
     "p2":23,
     "p3":26},
    {"p1":45,
     "p2":56,
     "p3":57},
    {"p1":29,
     "p2":45,
     "p3":57},
    {"p1":29,
     "p2":44,
     "p3":45},
    {"p1":46,
     "p2":47,
     "p3":55},
    {"p1":45,
     "p2":46,
     "p3":55},
    {"p1":45,
     "p2":55,
     "p3":56},
    {"p1":47,
     "p2":54,
     "p3":55},
    {"p1":6,
     "p2":7,
     "p3":8}]
}