{"points":[
    {"x":0.22018,
     "y":0.46789},
    {"x":0.23624,
     "y":0.49541},
    {"x":0.25229,
     "y":0.52294},
    {"x":0.26835,
     "y":0.55046},
    {"x":0.2867,
     "y":0.57798},
    {"x":0.30505,
     "y":0.6055},
    {"x":0.33257,
     "y":0.6078},
    {"x":0.36009,
     "y":0.61927},
    {"x":0.38761,
     "y":0.6422},
    {"x":0.40367,
     "y":0.66972},
    {"x":0.41055,
     "y":0.69725},
    {"x":0.41055,
     "y":0.72477},
    {"x":0.40826,
     "y":0.75229},
    {"x":0.42202,
     "y":0.77982},
    {"x":0.43349,
     "y":0.80734},
    {"x":0.44495,
     "y":0.83486},
    {"x":0.45642,
     "y":0.86239},
    {"x":0.4633,
     "y":0.88991},
    {"x":0.47018,
     "y":0.91743},
    {"x":0.47706,
     "y":0.94495},
    {"x":0.48165,
     "y":0.97248},
    {"x":0.48394,
     "y":1},
    {"x":0.49541,
     "y":0.99541},
    {"x":0.50688,
     "y":0.96789},
    {"x":0.51835,
     "y":0.94037},
    {"x":0.52752,
     "y":0.91284},
    {"x":0.5367,
     "y":0.88532},
    {"x":0.54358,
     "y":0.8578},
    {"x":0.54817,
     "y":0.83028},
    {"x":0.55505,
     "y":0.80275},
    {"x":0.54128,
     "y":0.77523},
    {"x":0.53211,
     "y":0.74771},
    {"x":0.52982,
     "y":0.72018},
    {"x":0.53211,
     "y":0.69266},
    {"x":0.53899,
     "y":0.66514},
    {"x":0.55275,
     "y":0.63761},
    {"x":0.57569,
     "y":0.61009},
    {"x":0.60321,
     "y":0.58716},
    {"x":0.63073,
     "y":0.57569},
    {"x":0.64908,
     "y":0.55734},
    {"x":0.66055,
     "y":0.52982},
    {"x":0.66972,
     "y":0.50229},
    {"x":0.68119,
     "y":0.47477},
    {"x":0.69266,
     "y":0.44725},
    {"x":0.70413,
     "y":0.41972},
    {"x":0.7156,
     "y":0.3922},
    {"x":0.72706,
     "y":0.36468},
    {"x":0.74083,
     "y":0.33716},
    {"x":0.75229,
     "y":0.30963},
    {"x":0.76376,
     "y":0.28211},
    {"x":0.77752,
     "y":0.25459},
    {"x":0.79128,
     "y":0.22706},
    {"x":0.80734,
     "y":0.19954},
    {"x":0.82339,
     "y":0.17202},
    {"x":0.83945,
     "y":0.1445},
    {"x":0.8555,
     "y":0.11697},
    {"x":0.87615,
     "y":0.08945},
    {"x":0.8945,
     "y":0.061927},
    {"x":0.89908,
     "y":0.041284},
    {"x":0.87156,
     "y":0.038991},
    {"x":0.84404,
     "y":0.036697},
    {"x":0.81651,
     "y":0.034404},
    {"x":0.78899,
     "y":0.034404},
    {"x":0.76147,
     "y":0.034404},
    {"x":0.73394,
     "y":0.034404},
    {"x":0.70642,
     "y":0.036697},
    {"x":0.6789,
     "y":0.038991},
    {"x":0.65138,
     "y":0.043578},
    {"x":0.62385,
     "y":0.048165},
    {"x":0.59633,
     "y":0.057339},
    {"x":0.56881,
     "y":0.045872},
    {"x":0.54128,
     "y":0.041284},
    {"x":0.51376,
     "y":0.041284},
    {"x":0.48624,
     "y":0.045872},
    {"x":0.45872,
     "y":0.052752},
    {"x":0.43119,
     "y":0.059633},
    {"x":0.40367,
     "y":0.068807},
    {"x":0.37615,
     "y":0.080275},
    {"x":0.34862,
     "y":0.094037},
    {"x":0.3211,
     "y":0.11239},
    {"x":0.29358,
     "y":0.11009},
    {"x":0.26606,
     "y":0.1055},
    {"x":0.23853,
     "y":0.098624},
    {"x":0.21101,
     "y":0.08945},
    {"x":0.18349,
     "y":0.077982},
    {"x":0.15596,
     "y":0.066514},
    {"x":0.12844,
     "y":0.052752},
    {"x":0.10092,
     "y":0.038991},
    {"x":0.073394,
     "y":0.025229},
    {"x":0.045872,
     "y":0.011468},
    {"x":0.018349,
     "y":0},
    {"x":0,
     "y":0.0022936},
    {"x":0.0091743,
     "y":0.029817},
    {"x":0.020642,
     "y":0.057339},
    {"x":0.029817,
     "y":0.084862},
    {"x":0.038991,
     "y":0.11239},
    {"x":0.050459,
     "y":0.13991},
    {"x":0.061927,
     "y":0.16743},
    {"x":0.075688,
     "y":0.19495},
    {"x":0.08945,
     "y":0.22248},
    {"x":0.10321,
     "y":0.25},
    {"x":0.11697,
     "y":0.27752},
    {"x":0.13073,
     "y":0.30505},
    {"x":0.1445,
     "y":0.33257},
    {"x":0.16055,
     "y":0.36009},
    {"x":0.17431,
     "y":0.38761},
    {"x":0.19037,
     "y":0.41514},
    {"x":0.20413,
     "y":0.44266},
    {"x":0.22018,
     "y":0.46789}],
 "triangles":[
    {"p1":79,
     "p2":80,
     "p3":104},
    {"p1":90,
     "p2":91,
     "p3":92},
    {"p1":1,
     "p2":2,
     "p3":42},
    {"p1":2,
     "p2":7,
     "p3":37},
    {"p1":55,
     "p2":60,
     "p3":61},
    {"p1":55,
     "p2":56,
     "p3":60},
    {"p1":56,
     "p2":59,
     "p3":60},
    {"p1":82,
     "p2":83,
     "p3":100},
    {"p1":86,
     "p2":95,
     "p3":96},
    {"p1":0,
     "p2":79,
     "p3":107},
    {"p1":43,
     "p2":44,
     "p3":79},
    {"p1":0,
     "p2":43,
     "p3":79},
    {"p1":1,
     "p2":42,
     "p3":43},
    {"p1":0,
     "p2":1,
     "p3":43},
    {"p1":7,
     "p2":36,
     "p3":37},
    {"p1":37,
     "p2":40,
     "p3":41},
    {"p1":2,
     "p2":41,
     "p3":42},
    {"p1":2,
     "p2":37,
     "p3":41},
    {"p1":8,
     "p2":9,
     "p3":35},
    {"p1":7,
     "p2":8,
     "p3":36},
    {"p1":8,
     "p2":35,
     "p3":36},
    {"p1":9,
     "p2":10,
     "p3":33},
    {"p1":57,
     "p2":58,
     "p3":59},
    {"p1":56,
     "p2":57,
     "p3":59},
    {"p1":80,
     "p2":103,
     "p3":104},
    {"p1":80,
     "p2":102,
     "p3":103},
    {"p1":79,
     "p2":106,
     "p3":107},
    {"p1":83,
     "p2":99,
     "p3":100},
    {"p1":83,
     "p2":98,
     "p3":99},
    {"p1":80,
     "p2":81,
     "p3":102},
    {"p1":87,
     "p2":94,
     "p3":95},
    {"p1":86,
     "p2":87,
     "p3":95},
    {"p1":85,
     "p2":86,
     "p3":96},
    {"p1":44,
     "p2":78,
     "p3":79},
    {"p1":44,
     "p2":77,
     "p3":78},
    {"p1":2,
     "p2":3,
     "p3":7},
    {"p1":4,
     "p2":5,
     "p3":6},
    {"p1":3,
     "p2":6,
     "p3":7},
    {"p1":3,
     "p2":4,
     "p3":6},
    {"p1":9,
     "p2":34,
     "p3":35},
    {"p1":9,
     "p2":33,
     "p3":34},
    {"p1":18,
     "p2":19,
     "p3":24},
    {"p1":55,
     "p2":61,
     "p3":62},
    {"p1":69,
     "p2":72,
     "p3":73},
    {"p1":69,
     "p2":71,
     "p3":72},
    {"p1":79,
     "p2":104,
     "p3":105},
    {"p1":79,
     "p2":105,
     "p3":106},
    {"p1":81,
     "p2":101,
     "p3":102},
    {"p1":82,
     "p2":100,
     "p3":101},
    {"p1":81,
     "p2":82,
     "p3":101},
    {"p1":88,
     "p2":93,
     "p3":94},
    {"p1":87,
     "p2":88,
     "p3":94},
    {"p1":83,
     "p2":84,
     "p3":98},
    {"p1":85,
     "p2":96,
     "p3":97},
    {"p1":84,
     "p2":97,
     "p3":98},
    {"p1":84,
     "p2":85,
     "p3":97},
    {"p1":16,
     "p2":17,
     "p3":26},
    {"p1":15,
     "p2":16,
     "p3":28},
    {"p1":14,
     "p2":15,
     "p3":30},
    {"p1":14,
     "p2":30,
     "p3":31},
    {"p1":28,
     "p2":29,
     "p3":30},
    {"p1":15,
     "p2":28,
     "p3":30},
    {"p1":18,
     "p2":24,
     "p3":25},
    {"p1":17,
     "p2":18,
     "p3":25},
    {"p1":17,
     "p2":25,
     "p3":26},
    {"p1":13,
     "p2":14,
     "p3":31},
    {"p1":11,
     "p2":12,
     "p3":13},
    {"p1":11,
     "p2":13,
     "p3":31},
    {"p1":19,
     "p2":23,
     "p3":24},
    {"p1":54,
     "p2":55,
     "p3":62},
    {"p1":54,
     "p2":62,
     "p3":63},
    {"p1":53,
     "p2":54,
     "p3":63},
    {"p1":49,
     "p2":50,
     "p3":69},
    {"p1":50,
     "p2":68,
     "p3":69},
    {"p1":50,
     "p2":67,
     "p3":68},
    {"p1":52,
     "p2":65,
     "p3":66},
    {"p1":50,
     "p2":51,
     "p3":67},
    {"p1":51,
     "p2":52,
     "p3":66},
    {"p1":51,
     "p2":66,
     "p3":67},
    {"p1":46,
     "p2":47,
     "p3":69},
    {"p1":89,
     "p2":92,
     "p3":93},
    {"p1":88,
     "p2":89,
     "p3":93},
    {"p1":89,
     "p2":90,
     "p3":92},
    {"p1":16,
     "p2":26,
     "p3":27},
    {"p1":16,
     "p2":27,
     "p3":28},
    {"p1":11,
     "p2":31,
     "p3":32},
    {"p1":10,
     "p2":11,
     "p3":32},
    {"p1":10,
     "p2":32,
     "p3":33},
    {"p1":19,
     "p2":20,
     "p3":23},
    {"p1":20,
     "p2":21,
     "p3":22},
    {"p1":20,
     "p2":22,
     "p3":23},
    {"p1":52,
     "p2":64,
     "p3":65},
    {"p1":52,
     "p2":53,
     "p3":64},
    {"p1":53,
     "p2":63,
     "p3":64},
    {"p1":47,
     "p2":48,
     "p3":69},
    {"p1":48,
     "p2":49,
     "p3":69},
    {"p1":69,
     "p2":70,
     "p3":71},
    {"p1":45,
     "p2":75,
     "p3":76},
    {"p1":45,
     "p2":46,
     "p3":75},
    {"p1":44,
     "p2":45,
     "p3":77},
    {"p1":45,
     "p2":76,
     "p3":77},
    {"p1":46,
     "p2":74,
     "p3":75},
    {"p1":69,
     "p2":73,
     "p3":74},
    {"p1":46,
     "p2":69,
     "p3":74},
    {"p1":37,
     "p2":38,
     "p3":39},
    {"p1":37,
     "p2":39,
     "p3":40}]
}