{"points":[
    {"x":0.0039841,
     "y":0.47012},
    {"x":0.045817,
     "y":0.49402},
    {"x":0.10359,
     "y":0.50797},
    {"x":0.16135,
     "y":0.52191},
    {"x":0.21912,
     "y":0.52988},
    {"x":0.27689,
     "y":0.53586},
    {"x":0.26295,
     "y":0.56574},
    {"x":0.21116,
     "y":0.61554},
    {"x":0.16733,
     "y":0.66135},
    {"x":0.1255,
     "y":0.70916},
    {"x":0.089641,
     "y":0.76693},
    {"x":0.13546,
     "y":0.75896},
    {"x":0.19323,
     "y":0.73705},
    {"x":0.251,
     "y":0.71315},
    {"x":0.30876,
     "y":0.68127},
    {"x":0.36454,
     "y":0.64741},
    {"x":0.36255,
     "y":0.68924},
    {"x":0.3506,
     "y":0.74701},
    {"x":0.34462,
     "y":0.80478},
    {"x":0.33665,
     "y":0.86255},
    {"x":0.33865,
     "y":0.92032},
    {"x":0.35857,
     "y":0.94024},
    {"x":0.39243,
     "y":0.89044},
    {"x":0.42829,
     "y":0.83466},
    {"x":0.45817,
     "y":0.77689},
    {"x":0.48805,
     "y":0.71912},
    {"x":0.50797,
     "y":0.7012},
    {"x":0.52789,
     "y":0.75896},
    {"x":0.56175,
     "y":0.81673},
    {"x":0.59163,
     "y":0.8745},
    {"x":0.63347,
     "y":0.92829},
    {"x":0.66135,
     "y":0.93227},
    {"x":0.65936,
     "y":0.8745},
    {"x":0.65538,
     "y":0.81673},
    {"x":0.6494,
     "y":0.75896},
    {"x":0.63944,
     "y":0.7012},
    {"x":0.62151,
     "y":0.64343},
    {"x":0.67928,
     "y":0.67928},
    {"x":0.73705,
     "y":0.70518},
    {"x":0.79482,
     "y":0.73506},
    {"x":0.85259,
     "y":0.75498},
    {"x":0.91036,
     "y":0.77092},
    {"x":0.88247,
     "y":0.72112},
    {"x":0.84263,
     "y":0.67729},
    {"x":0.79482,
     "y":0.62151},
    {"x":0.74502,
     "y":0.57171},
    {"x":0.71116,
     "y":0.53386},
    {"x":0.76892,
     "y":0.53386},
    {"x":0.82669,
     "y":0.51992},
    {"x":0.88446,
     "y":0.51195},
    {"x":0.94223,
     "y":0.49801},
    {"x":1,
     "y":0.4741},
    {"x":0.95418,
     "y":0.44821},
    {"x":0.89641,
     "y":0.43426},
    {"x":0.83865,
     "y":0.42032},
    {"x":0.78088,
     "y":0.41434},
    {"x":0.72311,
     "y":0.40637},
    {"x":0.73307,
     "y":0.37849},
    {"x":0.78486,
     "y":0.32869},
    {"x":0.83068,
     "y":0.28287},
    {"x":0.87052,
     "y":0.23506},
    {"x":0.90637,
     "y":0.17729},
    {"x":0.86454,
     "y":0.18127},
    {"x":0.80677,
     "y":0.20518},
    {"x":0.749,
     "y":0.22709},
    {"x":0.69124,
     "y":0.25896},
    {"x":0.63546,
     "y":0.29283},
    {"x":0.63546,
     "y":0.25498},
    {"x":0.64741,
     "y":0.19721},
    {"x":0.65339,
     "y":0.13944},
    {"x":0.66135,
     "y":0.081673},
    {"x":0.65936,
     "y":0.023904},
    {"x":0.64143,
     "y":0},
    {"x":0.60558,
     "y":0.049801},
    {"x":0.57171,
     "y":0.10558},
    {"x":0.54183,
     "y":0.16335},
    {"x":0.51195,
     "y":0.22112},
    {"x":0.49004,
     "y":0.24303},
    {"x":0.47012,
     "y":0.18526},
    {"x":0.43625,
     "y":0.12749},
    {"x":0.40637,
     "y":0.069721},
    {"x":0.36454,
     "y":0.015936},
    {"x":0.33665,
     "y":0.0079681},
    {"x":0.33865,
     "y":0.065737},
    {"x":0.34263,
     "y":0.12351},
    {"x":0.34861,
     "y":0.18127},
    {"x":0.35857,
     "y":0.23904},
    {"x":0.37649,
     "y":0.29681},
    {"x":0.32072,
     "y":0.26494},
    {"x":0.26295,
     "y":0.23904},
    {"x":0.20518,
     "y":0.20717},
    {"x":0.14741,
     "y":0.18725},
    {"x":0.089641,
     "y":0.17131},
    {"x":0.11355,
     "y":0.21912},
    {"x":0.15339,
     "y":0.26295},
    {"x":0.2012,
     "y":0.31873},
    {"x":0.25299,
     "y":0.36853},
    {"x":0.28884,
     "y":0.40837},
    {"x":0.23108,
     "y":0.40837},
    {"x":0.17331,
     "y":0.42032},
    {"x":0.11554,
     "y":0.43028},
    {"x":0.057769,
     "y":0.44422},
    {"x":0,
     "y":0.46813},
    {"x":0.0039841,
     "y":0.47012}],
 "triangles":[
    {"p1":60,
     "p2":61,
     "p3":62},
    {"p1":69,
     "p2":74,
     "p3":75},
    {"p1":9,
     "p2":10,
     "p3":11},
    {"p1":5,
     "p2":97,
     "p3":98},
    {"p1":91,
     "p2":93,
     "p3":94},
    {"p1":91,
     "p2":92,
     "p3":93},
    {"p1":60,
     "p2":62,
     "p3":63},
    {"p1":68,
     "p2":69,
     "p3":75},
    {"p1":71,
     "p2":72,
     "p3":73},
    {"p1":59,
     "p2":63,
     "p3":64},
    {"p1":59,
     "p2":60,
     "p3":63},
    {"p1":0,
     "p2":101,
     "p3":102},
    {"p1":2,
     "p2":100,
     "p3":101},
    {"p1":4,
     "p2":5,
     "p3":98},
    {"p1":5,
     "p2":15,
     "p3":97},
    {"p1":5,
     "p2":6,
     "p3":15},
    {"p1":15,
     "p2":36,
     "p3":87},
    {"p1":15,
     "p2":87,
     "p3":97},
    {"p1":89,
     "p2":95,
     "p3":96},
    {"p1":87,
     "p2":96,
     "p3":97},
    {"p1":90,
     "p2":91,
     "p3":94},
    {"p1":90,
     "p2":94,
     "p3":95},
    {"p1":89,
     "p2":90,
     "p3":95},
    {"p1":70,
     "p2":71,
     "p3":73},
    {"p1":69,
     "p2":70,
     "p3":74},
    {"p1":70,
     "p2":73,
     "p3":74},
    {"p1":77,
     "p2":86,
     "p3":87},
    {"p1":81,
     "p2":82,
     "p3":83},
    {"p1":80,
     "p2":81,
     "p3":83},
    {"p1":79,
     "p2":80,
     "p3":84},
    {"p1":80,
     "p2":83,
     "p3":84},
    {"p1":36,
     "p2":66,
     "p3":87},
    {"p1":66,
     "p2":77,
     "p3":87},
    {"p1":66,
     "p2":76,
     "p3":77},
    {"p1":58,
     "p2":59,
     "p3":64},
    {"p1":1,
     "p2":2,
     "p3":101},
    {"p1":0,
     "p2":1,
     "p3":101},
    {"p1":9,
     "p2":11,
     "p3":12},
    {"p1":4,
     "p2":98,
     "p3":99},
    {"p1":7,
     "p2":13,
     "p3":14},
    {"p1":6,
     "p2":14,
     "p3":15},
    {"p1":6,
     "p2":7,
     "p3":14},
    {"p1":77,
     "p2":78,
     "p3":86},
    {"p1":79,
     "p2":84,
     "p3":85},
    {"p1":78,
     "p2":79,
     "p3":85},
    {"p1":78,
     "p2":85,
     "p3":86},
    {"p1":87,
     "p2":88,
     "p3":96},
    {"p1":88,
     "p2":89,
     "p3":96},
    {"p1":15,
     "p2":16,
     "p3":25},
    {"p1":27,
     "p2":34,
     "p3":35},
    {"p1":29,
     "p2":32,
     "p3":33},
    {"p1":36,
     "p2":46,
     "p3":66},
    {"p1":46,
     "p2":56,
     "p3":66},
    {"p1":36,
     "p2":45,
     "p3":46},
    {"p1":66,
     "p2":67,
     "p3":76},
    {"p1":67,
     "p2":68,
     "p3":75},
    {"p1":67,
     "p2":75,
     "p3":76},
    {"p1":36,
     "p2":37,
     "p3":45},
    {"p1":56,
     "p2":57,
     "p3":66},
    {"p1":8,
     "p2":12,
     "p3":13},
    {"p1":7,
     "p2":8,
     "p3":13},
    {"p1":8,
     "p2":9,
     "p3":12},
    {"p1":3,
     "p2":4,
     "p3":99},
    {"p1":2,
     "p2":3,
     "p3":100},
    {"p1":3,
     "p2":99,
     "p3":100},
    {"p1":30,
     "p2":31,
     "p3":32},
    {"p1":29,
     "p2":30,
     "p3":32},
    {"p1":26,
     "p2":35,
     "p3":36},
    {"p1":26,
     "p2":27,
     "p3":35},
    {"p1":15,
     "p2":26,
     "p3":36},
    {"p1":15,
     "p2":25,
     "p3":26},
    {"p1":28,
     "p2":29,
     "p3":33},
    {"p1":28,
     "p2":33,
     "p3":34},
    {"p1":27,
     "p2":28,
     "p3":34},
    {"p1":17,
     "p2":18,
     "p3":24},
    {"p1":16,
     "p2":17,
     "p3":24},
    {"p1":16,
     "p2":24,
     "p3":25},
    {"p1":58,
     "p2":64,
     "p3":65},
    {"p1":57,
     "p2":65,
     "p3":66},
    {"p1":57,
     "p2":58,
     "p3":65},
    {"p1":49,
     "p2":53,
     "p3":54},
    {"p1":48,
     "p2":49,
     "p3":54},
    {"p1":46,
     "p2":47,
     "p3":56},
    {"p1":37,
     "p2":38,
     "p3":44},
    {"p1":37,
     "p2":44,
     "p3":45},
    {"p1":47,
     "p2":55,
     "p3":56},
    {"p1":48,
     "p2":54,
     "p3":55},
    {"p1":47,
     "p2":48,
     "p3":55},
    {"p1":18,
     "p2":19,
     "p3":23},
    {"p1":18,
     "p2":23,
     "p3":24},
    {"p1":50,
     "p2":52,
     "p3":53},
    {"p1":49,
     "p2":50,
     "p3":53},
    {"p1":50,
     "p2":51,
     "p3":52},
    {"p1":38,
     "p2":43,
     "p3":44},
    {"p1":38,
     "p2":39,
     "p3":43},
    {"p1":19,
     "p2":22,
     "p3":23},
    {"p1":20,
     "p2":21,
     "p3":22},
    {"p1":19,
     "p2":20,
     "p3":22},
    {"p1":39,
     "p2":40,
     "p3":43},
    {"p1":40,
     "p2":42,
     "p3":43},
    {"p1":40,
     "p2":41,
     "p3":42}]
}