{"points":[
    {"x":0.42247,
     "y":0.37528},
    {"x":0.42472,
     "y":0.40674},
    {"x":0.42921,
     "y":0.4382},
    {"x":0.40449,
     "y":0.44494},
    {"x":0.37303,
     "y":0.44045},
    {"x":0.34157,
     "y":0.4427},
    {"x":0.31011,
     "y":0.44719},
    {"x":0.27865,
     "y":0.45618},
    {"x":0.24719,
     "y":0.47191},
    {"x":0.21573,
     "y":0.48315},
    {"x":0.18427,
     "y":0.48315},
    {"x":0.15281,
     "y":0.48315},
    {"x":0.12135,
     "y":0.49438},
    {"x":0.094382,
     "y":0.51685},
    {"x":0.092135,
     "y":0.54607},
    {"x":0.094382,
     "y":0.56629},
    {"x":0.069663,
     "y":0.59326},
    {"x":0.044944,
     "y":0.62472},
    {"x":0.024719,
     "y":0.65618},
    {"x":0.011236,
     "y":0.68764},
    {"x":0.0022472,
     "y":0.7191},
    {"x":0,
     "y":0.75056},
    {"x":0.029213,
     "y":0.74607},
    {"x":0.060674,
     "y":0.73483},
    {"x":0.092135,
     "y":0.72135},
    {"x":0.1236,
     "y":0.70562},
    {"x":0.15506,
     "y":0.68989},
    {"x":0.18652,
     "y":0.67416},
    {"x":0.21798,
     "y":0.65618},
    {"x":0.24944,
     "y":0.6427},
    {"x":0.2809,
     "y":0.62921},
    {"x":0.31236,
     "y":0.62022},
    {"x":0.34382,
     "y":0.62022},
    {"x":0.37528,
     "y":0.62472},
    {"x":0.40674,
     "y":0.62697},
    {"x":0.4382,
     "y":0.62921},
    {"x":0.46966,
     "y":0.62921},
    {"x":0.50112,
     "y":0.62921},
    {"x":0.53258,
     "y":0.62921},
    {"x":0.56404,
     "y":0.62921},
    {"x":0.59551,
     "y":0.63146},
    {"x":0.62697,
     "y":0.63371},
    {"x":0.65843,
     "y":0.63596},
    {"x":0.68989,
     "y":0.64045},
    {"x":0.72135,
     "y":0.64494},
    {"x":0.75281,
     "y":0.65393},
    {"x":0.78427,
     "y":0.67191},
    {"x":0.81573,
     "y":0.68764},
    {"x":0.84719,
     "y":0.70337},
    {"x":0.87865,
     "y":0.7191},
    {"x":0.91011,
     "y":0.73258},
    {"x":0.94157,
     "y":0.74382},
    {"x":0.97303,
     "y":0.75056},
    {"x":1,
     "y":0.74607},
    {"x":1,
     "y":0.71461},
    {"x":0.99551,
     "y":0.68315},
    {"x":0.98876,
     "y":0.65169},
    {"x":0.97303,
     "y":0.62022},
    {"x":0.95281,
     "y":0.58876},
    {"x":0.92809,
     "y":0.55955},
    {"x":0.93483,
     "y":0.53708},
    {"x":0.92584,
     "y":0.51236},
    {"x":0.89438,
     "y":0.48989},
    {"x":0.86292,
     "y":0.4764},
    {"x":0.83146,
     "y":0.46966},
    {"x":0.8,
     "y":0.47865},
    {"x":0.76854,
     "y":0.47191},
    {"x":0.73933,
     "y":0.45393},
    {"x":0.70787,
     "y":0.44494},
    {"x":0.6764,
     "y":0.44045},
    {"x":0.64494,
     "y":0.44045},
    {"x":0.61348,
     "y":0.44045},
    {"x":0.58202,
     "y":0.4427},
    {"x":0.55506,
     "y":0.44045},
    {"x":0.5573,
     "y":0.40899},
    {"x":0.55955,
     "y":0.37753},
    {"x":0.5618,
     "y":0.34607},
    {"x":0.56404,
     "y":0.31461},
    {"x":0.56629,
     "y":0.28315},
    {"x":0.56854,
     "y":0.25169},
    {"x":0.57079,
     "y":0.22022},
    {"x":0.57303,
     "y":0.18876},
    {"x":0.57303,
     "y":0.1573},
    {"x":0.57528,
     "y":0.12584},
    {"x":0.57528,
     "y":0.094382},
    {"x":0.57303,
     "y":0.062921},
    {"x":0.57079,
     "y":0.031461},
    {"x":0.5618,
     "y":0},
    {"x":0.53708,
     "y":0.0067416},
    {"x":0.51011,
     "y":0.026966},
    {"x":0.47865,
     "y":0.029213},
    {"x":0.44719,
     "y":0.0044944},
    {"x":0.42247,
     "y":0.024719},
    {"x":0.41348,
     "y":0.05618},
    {"x":0.41124,
     "y":0.08764},
    {"x":0.40899,
     "y":0.1191},
    {"x":0.40899,
     "y":0.15056},
    {"x":0.40899,
     "y":0.18202},
    {"x":0.40899,
     "y":0.21348},
    {"x":0.41124,
     "y":0.24494},
    {"x":0.41348,
     "y":0.2764},
    {"x":0.41573,
     "y":0.30787},
    {"x":0.42022,
     "y":0.33933},
    {"x":0.42247,
     "y":0.37079},
    {"x":0.42247,
     "y":0.37528}],
 "triangles":[
    {"p1":52,
     "p2":53,
     "p3":54},
    {"p1":51,
     "p2":52,
     "p3":54},
    {"p1":11,
     "p2":12,
     "p3":15},
    {"p1":12,
     "p2":13,
     "p3":14},
    {"p1":12,
     "p2":14,
     "p3":15},
    {"p1":15,
     "p2":27,
     "p3":28},
    {"p1":15,
     "p2":26,
     "p3":27},
    {"p1":9,
     "p2":29,
     "p3":30},
    {"p1":6,
     "p2":31,
     "p3":32},
    {"p1":20,
     "p2":21,
     "p3":22},
    {"p1":19,
     "p2":20,
     "p3":23},
    {"p1":20,
     "p2":22,
     "p3":23},
    {"p1":86,
     "p2":87,
     "p3":88},
    {"p1":49,
     "p2":50,
     "p3":57},
    {"p1":15,
     "p2":16,
     "p3":26},
    {"p1":16,
     "p2":25,
     "p3":26},
    {"p1":8,
     "p2":30,
     "p3":31},
    {"p1":8,
     "p2":9,
     "p3":30},
    {"p1":78,
     "p2":100,
     "p3":101},
    {"p1":81,
     "p2":97,
     "p3":98},
    {"p1":37,
     "p2":38,
     "p3":73},
    {"p1":38,
     "p2":39,
     "p3":73},
    {"p1":43,
     "p2":67,
     "p3":68},
    {"p1":39,
     "p2":72,
     "p3":73},
    {"p1":50,
     "p2":51,
     "p3":55},
    {"p1":51,
     "p2":54,
     "p3":55},
    {"p1":17,
     "p2":24,
     "p3":25},
    {"p1":16,
     "p2":17,
     "p3":25},
    {"p1":3,
     "p2":33,
     "p3":34},
    {"p1":5,
     "p2":6,
     "p3":32},
    {"p1":3,
     "p2":34,
     "p3":35},
    {"p1":2,
     "p2":37,
     "p3":73},
    {"p1":2,
     "p2":36,
     "p3":37},
    {"p1":2,
     "p2":3,
     "p3":35},
    {"p1":2,
     "p2":35,
     "p3":36},
    {"p1":10,
     "p2":11,
     "p3":15},
    {"p1":10,
     "p2":15,
     "p3":28},
    {"p1":10,
     "p2":28,
     "p3":29},
    {"p1":9,
     "p2":10,
     "p3":29},
    {"p1":6,
     "p2":7,
     "p3":31},
    {"p1":7,
     "p2":8,
     "p3":31},
    {"p1":77,
     "p2":78,
     "p3":101},
    {"p1":2,
     "p2":73,
     "p3":74},
    {"p1":1,
     "p2":2,
     "p3":74},
    {"p1":83,
     "p2":95,
     "p3":96},
    {"p1":42,
     "p2":43,
     "p3":68},
    {"p1":41,
     "p2":42,
     "p3":70},
    {"p1":78,
     "p2":79,
     "p3":100},
    {"p1":41,
     "p2":70,
     "p3":71},
    {"p1":50,
     "p2":56,
     "p3":57},
    {"p1":50,
     "p2":55,
     "p3":56},
    {"p1":59,
     "p2":60,
     "p3":61},
    {"p1":46,
     "p2":59,
     "p3":65},
    {"p1":17,
     "p2":18,
     "p3":24},
    {"p1":18,
     "p2":23,
     "p3":24},
    {"p1":18,
     "p2":19,
     "p3":23},
    {"p1":4,
     "p2":5,
     "p3":32},
    {"p1":4,
     "p2":32,
     "p3":33},
    {"p1":3,
     "p2":4,
     "p3":33},
    {"p1":79,
     "p2":99,
     "p3":100},
    {"p1":90,
     "p2":93,
     "p3":94},
    {"p1":90,
     "p2":94,
     "p3":95},
    {"p1":83,
     "p2":90,
     "p3":95},
    {"p1":90,
     "p2":91,
     "p3":92},
    {"p1":90,
     "p2":92,
     "p3":93},
    {"p1":76,
     "p2":102,
     "p3":103},
    {"p1":77,
     "p2":101,
     "p3":102},
    {"p1":76,
     "p2":77,
     "p3":102},
    {"p1":83,
     "p2":84,
     "p3":90},
    {"p1":42,
     "p2":69,
     "p3":70},
    {"p1":42,
     "p2":68,
     "p3":69},
    {"p1":80,
     "p2":81,
     "p3":98},
    {"p1":80,
     "p2":98,
     "p3":99},
    {"p1":79,
     "p2":80,
     "p3":99},
    {"p1":75,
     "p2":76,
     "p3":103},
    {"p1":0,
     "p2":75,
     "p3":103},
    {"p1":1,
     "p2":74,
     "p3":75},
    {"p1":0,
     "p2":1,
     "p3":75},
    {"p1":46,
     "p2":47,
     "p3":59},
    {"p1":47,
     "p2":48,
     "p3":59},
    {"p1":39,
     "p2":40,
     "p3":72},
    {"p1":40,
     "p2":71,
     "p3":72},
    {"p1":40,
     "p2":41,
     "p3":71},
    {"p1":48,
     "p2":58,
     "p3":59},
    {"p1":49,
     "p2":57,
     "p3":58},
    {"p1":48,
     "p2":49,
     "p3":58},
    {"p1":43,
     "p2":66,
     "p3":67},
    {"p1":43,
     "p2":44,
     "p3":66},
    {"p1":45,
     "p2":46,
     "p3":65},
    {"p1":44,
     "p2":45,
     "p3":66},
    {"p1":45,
     "p2":65,
     "p3":66},
    {"p1":59,
     "p2":63,
     "p3":65},
    {"p1":84,
     "p2":85,
     "p3":89},
    {"p1":84,
     "p2":89,
     "p3":90},
    {"p1":85,
     "p2":86,
     "p3":89},
    {"p1":86,
     "p2":88,
     "p3":89},
    {"p1":59,
     "p2":61,
     "p3":62},
    {"p1":59,
     "p2":62,
     "p3":63},
    {"p1":82,
     "p2":83,
     "p3":96},
    {"p1":82,
     "p2":96,
     "p3":97},
    {"p1":81,
     "p2":82,
     "p3":97},
    {"p1":63,
     "p2":64,
     "p3":65}]
}