{"points":[
    {"x":0,
     "y":0.50374},
    {"x":0.0024938,
     "y":0.54863},
    {"x":0.0074813,
     "y":0.59352},
    {"x":0.017456,
     "y":0.6384},
    {"x":0.032419,
     "y":0.68329},
    {"x":0.052369,
     "y":0.72818},
    {"x":0.077307,
     "y":0.77307},
    {"x":0.10973,
     "y":0.81796},
    {"x":0.14713,
     "y":0.85786},
    {"x":0.18953,
     "y":0.89776},
    {"x":0.23441,
     "y":0.92768},
    {"x":0.2793,
     "y":0.95262},
    {"x":0.32419,
     "y":0.97257},
    {"x":0.36908,
     "y":0.98753},
    {"x":0.41397,
     "y":0.99501},
    {"x":0.45885,
     "y":1},
    {"x":0.46633,
     "y":0.96259},
    {"x":0.46633,
     "y":0.91771},
    {"x":0.46633,
     "y":0.87282},
    {"x":0.46633,
     "y":0.82793},
    {"x":0.46633,
     "y":0.78304},
    {"x":0.46633,
     "y":0.73815},
    {"x":0.46633,
     "y":0.69327},
    {"x":0.46633,
     "y":0.64838},
    {"x":0.46633,
     "y":0.60349},
    {"x":0.46633,
     "y":0.5586},
    {"x":0.46633,
     "y":0.51372},
    {"x":0.46633,
     "y":0.46883},
    {"x":0.46633,
     "y":0.42394},
    {"x":0.46633,
     "y":0.37905},
    {"x":0.46633,
     "y":0.33416},
    {"x":0.46633,
     "y":0.28928},
    {"x":0.46633,
     "y":0.24439},
    {"x":0.46633,
     "y":0.1995},
    {"x":0.46633,
     "y":0.15461},
    {"x":0.46633,
     "y":0.10973},
    {"x":0.46633,
     "y":0.064838},
    {"x":0.49377,
     "y":0.044888},
    {"x":0.50125,
     "y":0.084788},
    {"x":0.50125,
     "y":0.12968},
    {"x":0.50125,
     "y":0.17456},
    {"x":0.50125,
     "y":0.21945},
    {"x":0.50125,
     "y":0.26434},
    {"x":0.50125,
     "y":0.30923},
    {"x":0.50125,
     "y":0.35411},
    {"x":0.50125,
     "y":0.399},
    {"x":0.50125,
     "y":0.44389},
    {"x":0.50125,
     "y":0.48878},
    {"x":0.50125,
     "y":0.53367},
    {"x":0.50125,
     "y":0.57855},
    {"x":0.50125,
     "y":0.62344},
    {"x":0.50125,
     "y":0.66833},
    {"x":0.50125,
     "y":0.71322},
    {"x":0.50125,
     "y":0.7581},
    {"x":0.50125,
     "y":0.80299},
    {"x":0.50125,
     "y":0.84788},
    {"x":0.50125,
     "y":0.89277},
    {"x":0.50125,
     "y":0.93766},
    {"x":0.50125,
     "y":0.98254},
    {"x":0.52618,
     "y":1},
    {"x":0.57107,
     "y":0.99501},
    {"x":0.61596,
     "y":0.98504},
    {"x":0.66085,
     "y":0.97007},
    {"x":0.70574,
     "y":0.95262},
    {"x":0.75062,
     "y":0.92519},
    {"x":0.79551,
     "y":0.89526},
    {"x":0.8404,
     "y":0.85287},
    {"x":0.8803,
     "y":0.80798},
    {"x":0.91022,
     "y":0.76309},
    {"x":0.93516,
     "y":0.7182},
    {"x":0.95262,
     "y":0.67332},
    {"x":0.96758,
     "y":0.62843},
    {"x":0.97506,
     "y":0.58354},
    {"x":0.98254,
     "y":0.53865},
    {"x":0.98254,
     "y":0.49377},
    {"x":0.98005,
     "y":0.44888},
    {"x":0.97257,
     "y":0.40399},
    {"x":0.96259,
     "y":0.3591},
    {"x":0.94763,
     "y":0.31421},
    {"x":0.92768,
     "y":0.26933},
    {"x":0.90025,
     "y":0.22444},
    {"x":0.86783,
     "y":0.17955},
    {"x":0.82544,
     "y":0.13466},
    {"x":0.78055,
     "y":0.097257},
    {"x":0.73566,
     "y":0.067332},
    {"x":0.69077,
     "y":0.044888},
    {"x":0.64589,
     "y":0.024938},
    {"x":0.601,
     "y":0.012469},
    {"x":0.55611,
     "y":0.0049875},
    {"x":0.51122,
     "y":0.0024938},
    {"x":0.46633,
     "y":0},
    {"x":0.42145,
     "y":0.0074813},
    {"x":0.37656,
     "y":0.014963},
    {"x":0.33167,
     "y":0.027431},
    {"x":0.28678,
     "y":0.044888},
    {"x":0.2419,
     "y":0.069825},
    {"x":0.19701,
     "y":0.099751},
    {"x":0.15212,
     "y":0.13965},
    {"x":0.11471,
     "y":0.17706},
    {"x":0.082294,
     "y":0.22195},
    {"x":0.057357,
     "y":0.26683},
    {"x":0.034913,
     "y":0.31172},
    {"x":0.01995,
     "y":0.35661},
    {"x":0.0074813,
     "y":0.4015},
    {"x":0.0024938,
     "y":0.44638},
    {"x":0,
     "y":0.49127},
    {"x":0,
     "y":0.50374}],
 "triangles":[
    {"p1":0,
     "p2":1,
     "p3":26},
    {"p1":51,
     "p2":67,
     "p3":68},
    {"p1":31,
     "p2":97,
     "p3":98},
    {"p1":55,
     "p2":62,
     "p3":63},
    {"p1":57,
     "p2":59,
     "p3":60},
    {"p1":9,
     "p2":10,
     "p3":20},
    {"p1":53,
     "p2":54,
     "p3":64},
    {"p1":54,
     "p2":55,
     "p3":63},
    {"p1":54,
     "p2":63,
     "p3":64},
    {"p1":53,
     "p2":65,
     "p3":66},
    {"p1":53,
     "p2":64,
     "p3":65},
    {"p1":3,
     "p2":4,
     "p3":24},
    {"p1":4,
     "p2":5,
     "p3":24},
    {"p1":7,
     "p2":8,
     "p3":22},
    {"p1":6,
     "p2":7,
     "p3":22},
    {"p1":52,
     "p2":53,
     "p3":66},
    {"p1":52,
     "p2":66,
     "p3":67},
    {"p1":51,
     "p2":52,
     "p3":67},
    {"p1":47,
     "p2":74,
     "p3":75},
    {"p1":41,
     "p2":83,
     "p3":84},
    {"p1":40,
     "p2":41,
     "p3":84},
    {"p1":36,
     "p2":91,
     "p3":92},
    {"p1":36,
     "p2":90,
     "p3":91},
    {"p1":33,
     "p2":95,
     "p3":96},
    {"p1":30,
     "p2":31,
     "p3":98},
    {"p1":32,
     "p2":33,
     "p3":96},
    {"p1":32,
     "p2":96,
     "p3":97},
    {"p1":31,
     "p2":32,
     "p3":97},
    {"p1":55,
     "p2":56,
     "p3":62},
    {"p1":57,
     "p2":58,
     "p3":59},
    {"p1":13,
     "p2":14,
     "p3":17},
    {"p1":8,
     "p2":21,
     "p3":22},
    {"p1":9,
     "p2":20,
     "p3":21},
    {"p1":8,
     "p2":9,
     "p3":21},
    {"p1":6,
     "p2":22,
     "p3":23},
    {"p1":5,
     "p2":23,
     "p3":24},
    {"p1":5,
     "p2":6,
     "p3":23},
    {"p1":49,
     "p2":70,
     "p3":71},
    {"p1":49,
     "p2":71,
     "p3":72},
    {"p1":0,
     "p2":26,
     "p3":105},
    {"p1":40,
     "p2":84,
     "p3":85},
    {"p1":38,
     "p2":87,
     "p3":88},
    {"p1":35,
     "p2":92,
     "p3":93},
    {"p1":35,
     "p2":36,
     "p3":92},
    {"p1":30,
     "p2":99,
     "p3":100},
    {"p1":30,
     "p2":98,
     "p3":99},
    {"p1":29,
     "p2":100,
     "p3":101},
    {"p1":29,
     "p2":30,
     "p3":100},
    {"p1":43,
     "p2":80,
     "p3":81},
    {"p1":43,
     "p2":81,
     "p3":82},
    {"p1":56,
     "p2":61,
     "p3":62},
    {"p1":57,
     "p2":60,
     "p3":61},
    {"p1":56,
     "p2":57,
     "p3":61},
    {"p1":14,
     "p2":15,
     "p3":16},
    {"p1":14,
     "p2":16,
     "p3":17},
    {"p1":11,
     "p2":12,
     "p3":18},
    {"p1":12,
     "p2":13,
     "p3":18},
    {"p1":13,
     "p2":17,
     "p3":18},
    {"p1":50,
     "p2":68,
     "p3":69},
    {"p1":50,
     "p2":51,
     "p3":68},
    {"p1":50,
     "p2":69,
     "p3":70},
    {"p1":49,
     "p2":50,
     "p3":70},
    {"p1":1,
     "p2":25,
     "p3":26},
    {"p1":1,
     "p2":2,
     "p3":25},
    {"p1":3,
     "p2":24,
     "p3":25},
    {"p1":2,
     "p2":3,
     "p3":25},
    {"p1":48,
     "p2":49,
     "p3":72},
    {"p1":48,
     "p2":72,
     "p3":73},
    {"p1":48,
     "p2":73,
     "p3":74},
    {"p1":47,
     "p2":48,
     "p3":74},
    {"p1":37,
     "p2":38,
     "p3":88},
    {"p1":37,
     "p2":88,
     "p3":89},
    {"p1":36,
     "p2":37,
     "p3":90},
    {"p1":37,
     "p2":89,
     "p3":90},
    {"p1":39,
     "p2":86,
     "p3":87},
    {"p1":38,
     "p2":39,
     "p3":87},
    {"p1":39,
     "p2":85,
     "p3":86},
    {"p1":39,
     "p2":40,
     "p3":85},
    {"p1":34,
     "p2":94,
     "p3":95},
    {"p1":33,
     "p2":34,
     "p3":95},
    {"p1":34,
     "p2":93,
     "p3":94},
    {"p1":34,
     "p2":35,
     "p3":93},
    {"p1":28,
     "p2":101,
     "p3":102},
    {"p1":28,
     "p2":29,
     "p3":101},
    {"p1":28,
     "p2":102,
     "p3":103},
    {"p1":42,
     "p2":43,
     "p3":82},
    {"p1":42,
     "p2":82,
     "p3":83},
    {"p1":41,
     "p2":42,
     "p3":83},
    {"p1":44,
     "p2":79,
     "p3":80},
    {"p1":43,
     "p2":44,
     "p3":80},
    {"p1":11,
     "p2":18,
     "p3":19},
    {"p1":10,
     "p2":11,
     "p3":19},
    {"p1":10,
     "p2":19,
     "p3":20},
    {"p1":27,
     "p2":103,
     "p3":104},
    {"p1":27,
     "p2":28,
     "p3":103},
    {"p1":26,
     "p2":27,
     "p3":105},
    {"p1":27,
     "p2":104,
     "p3":105},
    {"p1":45,
     "p2":77,
     "p3":78},
    {"p1":45,
     "p2":78,
     "p3":79},
    {"p1":44,
     "p2":45,
     "p3":79},
    {"p1":46,
     "p2":47,
     "p3":75},
    {"p1":46,
     "p2":75,
     "p3":76},
    {"p1":46,
     "p2":76,
     "p3":77},
    {"p1":45,
     "p2":46,
     "p3":77}]
}