{"points":[
    {"x":0,
     "y":0.51587},
    {"x":0.0019841,
     "y":0.55159},
    {"x":0.0039683,
     "y":0.5873},
    {"x":0.015873,
     "y":0.61508},
    {"x":0.051587,
     "y":0.62103},
    {"x":0.087302,
     "y":0.62302},
    {"x":0.12302,
     "y":0.62698},
    {"x":0.15873,
     "y":0.62897},
    {"x":0.19444,
     "y":0.63095},
    {"x":0.23016,
     "y":0.63095},
    {"x":0.26587,
     "y":0.63294},
    {"x":0.30159,
     "y":0.63492},
    {"x":0.3373,
     "y":0.63492},
    {"x":0.35119,
     "y":0.65476},
    {"x":0.35119,
     "y":0.69048},
    {"x":0.35317,
     "y":0.72619},
    {"x":0.35516,
     "y":0.7619},
    {"x":0.35516,
     "y":0.79762},
    {"x":0.35913,
     "y":0.83333},
    {"x":0.36111,
     "y":0.86905},
    {"x":0.36508,
     "y":0.90476},
    {"x":0.36905,
     "y":0.94048},
    {"x":0.37302,
     "y":0.97619},
    {"x":0.39484,
     "y":0.99405},
    {"x":0.43056,
     "y":0.99802},
    {"x":0.46627,
     "y":0.99802},
    {"x":0.50198,
     "y":1},
    {"x":0.5377,
     "y":0.99802},
    {"x":0.57341,
     "y":0.99603},
    {"x":0.60913,
     "y":0.99405},
    {"x":0.62897,
     "y":0.97222},
    {"x":0.63492,
     "y":0.93651},
    {"x":0.63889,
     "y":0.90079},
    {"x":0.64286,
     "y":0.86508},
    {"x":0.64484,
     "y":0.82937},
    {"x":0.64683,
     "y":0.79365},
    {"x":0.64881,
     "y":0.75794},
    {"x":0.65079,
     "y":0.72222},
    {"x":0.65278,
     "y":0.68651},
    {"x":0.65278,
     "y":0.65079},
    {"x":0.67659,
     "y":0.63294},
    {"x":0.7123,
     "y":0.63294},
    {"x":0.74802,
     "y":0.63294},
    {"x":0.78373,
     "y":0.63095},
    {"x":0.81944,
     "y":0.62897},
    {"x":0.85516,
     "y":0.62698},
    {"x":0.89087,
     "y":0.62302},
    {"x":0.92659,
     "y":0.62103},
    {"x":0.9623,
     "y":0.61508},
    {"x":0.9881,
     "y":0.60119},
    {"x":0.99008,
     "y":0.56548},
    {"x":0.99206,
     "y":0.52976},
    {"x":0.99206,
     "y":0.49405},
    {"x":0.99008,
     "y":0.45833},
    {"x":0.9881,
     "y":0.42262},
    {"x":0.98413,
     "y":0.3869},
    {"x":0.96825,
     "y":0.36111},
    {"x":0.93254,
     "y":0.35317},
    {"x":0.89683,
     "y":0.34722},
    {"x":0.86111,
     "y":0.34325},
    {"x":0.8254,
     "y":0.33929},
    {"x":0.78968,
     "y":0.3373},
    {"x":0.75397,
     "y":0.33333},
    {"x":0.71825,
     "y":0.33135},
    {"x":0.68254,
     "y":0.32937},
    {"x":0.65079,
     "y":0.32143},
    {"x":0.65079,
     "y":0.28571},
    {"x":0.64683,
     "y":0.25},
    {"x":0.64683,
     "y":0.21429},
    {"x":0.64286,
     "y":0.17857},
    {"x":0.64087,
     "y":0.14286},
    {"x":0.63492,
     "y":0.10714},
    {"x":0.63095,
     "y":0.071429},
    {"x":0.625,
     "y":0.035714},
    {"x":0.60913,
     "y":0.0079365},
    {"x":0.57341,
     "y":0.0039683},
    {"x":0.5377,
     "y":0},
    {"x":0.50198,
     "y":0},
    {"x":0.46627,
     "y":0},
    {"x":0.43056,
     "y":0.0019841},
    {"x":0.39484,
     "y":0.0039683},
    {"x":0.37698,
     "y":0.029762},
    {"x":0.37103,
     "y":0.065476},
    {"x":0.36508,
     "y":0.10119},
    {"x":0.3631,
     "y":0.1369},
    {"x":0.35913,
     "y":0.17262},
    {"x":0.35714,
     "y":0.20833},
    {"x":0.35516,
     "y":0.24405},
    {"x":0.35317,
     "y":0.27976},
    {"x":0.35317,
     "y":0.31548},
    {"x":0.32738,
     "y":0.32937},
    {"x":0.29167,
     "y":0.33135},
    {"x":0.25595,
     "y":0.33135},
    {"x":0.22024,
     "y":0.33532},
    {"x":0.18452,
     "y":0.3373},
    {"x":0.14881,
     "y":0.34127},
    {"x":0.1131,
     "y":0.34325},
    {"x":0.077381,
     "y":0.34921},
    {"x":0.041667,
     "y":0.35516},
    {"x":0.0099206,
     "y":0.36706},
    {"x":0.0059524,
     "y":0.40278},
    {"x":0.0039683,
     "y":0.43849},
    {"x":0.0019841,
     "y":0.47421},
    {"x":0.0019841,
     "y":0.50992},
    {"x":0,
     "y":0.51587}],
 "triangles":[
    {"p1":12,
     "p2":39,
     "p3":65},
    {"p1":12,
     "p2":65,
     "p3":89},
    {"p1":0,
     "p2":1,
     "p3":103},
    {"p1":1,
     "p2":5,
     "p3":103},
    {"p1":27,
     "p2":28,
     "p3":31},
    {"p1":28,
     "p2":29,
     "p3":30},
    {"p1":28,
     "p2":30,
     "p3":31},
    {"p1":19,
     "p2":26,
     "p3":33},
    {"p1":18,
     "p2":19,
     "p3":33},
    {"p1":2,
     "p2":3,
     "p3":4},
    {"p1":1,
     "p2":2,
     "p3":4},
    {"p1":1,
     "p2":4,
     "p3":5},
    {"p1":12,
     "p2":13,
     "p3":39},
    {"p1":6,
     "p2":102,
     "p3":103},
    {"p1":5,
     "p2":6,
     "p3":103},
    {"p1":69,
     "p2":85,
     "p3":86},
    {"p1":55,
     "p2":56,
     "p3":57},
    {"p1":73,
     "p2":74,
     "p3":75},
    {"p1":39,
     "p2":40,
     "p3":65},
    {"p1":19,
     "p2":25,
     "p3":26},
    {"p1":19,
     "p2":20,
     "p3":25},
    {"p1":21,
     "p2":22,
     "p3":23},
    {"p1":21,
     "p2":23,
     "p3":24},
    {"p1":20,
     "p2":21,
     "p3":25},
    {"p1":21,
     "p2":24,
     "p3":25},
    {"p1":47,
     "p2":50,
     "p3":51},
    {"p1":46,
     "p2":47,
     "p3":51},
    {"p1":46,
     "p2":51,
     "p3":52},
    {"p1":45,
     "p2":46,
     "p3":52},
    {"p1":48,
     "p2":49,
     "p3":50},
    {"p1":47,
     "p2":48,
     "p3":50},
    {"p1":45,
     "p2":52,
     "p3":59},
    {"p1":44,
     "p2":59,
     "p3":60},
    {"p1":44,
     "p2":45,
     "p3":59},
    {"p1":44,
     "p2":60,
     "p3":61},
    {"p1":43,
     "p2":44,
     "p3":61},
    {"p1":42,
     "p2":43,
     "p3":61},
    {"p1":18,
     "p2":34,
     "p3":35},
    {"p1":18,
     "p2":33,
     "p3":34},
    {"p1":26,
     "p2":27,
     "p3":32},
    {"p1":26,
     "p2":32,
     "p3":33},
    {"p1":27,
     "p2":31,
     "p3":32},
    {"p1":16,
     "p2":35,
     "p3":36},
    {"p1":15,
     "p2":36,
     "p3":37},
    {"p1":15,
     "p2":16,
     "p3":36},
    {"p1":12,
     "p2":89,
     "p3":90},
    {"p1":17,
     "p2":18,
     "p3":35},
    {"p1":16,
     "p2":17,
     "p3":35},
    {"p1":67,
     "p2":86,
     "p3":87},
    {"p1":67,
     "p2":87,
     "p3":88},
    {"p1":40,
     "p2":41,
     "p3":63},
    {"p1":40,
     "p2":64,
     "p3":65},
    {"p1":40,
     "p2":63,
     "p3":64},
    {"p1":52,
     "p2":53,
     "p3":59},
    {"p1":72,
     "p2":73,
     "p3":75},
    {"p1":72,
     "p2":75,
     "p3":76},
    {"p1":10,
     "p2":11,
     "p3":91},
    {"p1":11,
     "p2":12,
     "p3":90},
    {"p1":11,
     "p2":90,
     "p3":91},
    {"p1":7,
     "p2":94,
     "p3":95},
    {"p1":6,
     "p2":95,
     "p3":102},
    {"p1":6,
     "p2":7,
     "p3":95},
    {"p1":7,
     "p2":8,
     "p3":94},
    {"p1":8,
     "p2":9,
     "p3":93},
    {"p1":8,
     "p2":93,
     "p3":94},
    {"p1":69,
     "p2":84,
     "p3":85},
    {"p1":69,
     "p2":70,
     "p3":84},
    {"p1":78,
     "p2":79,
     "p3":82},
    {"p1":79,
     "p2":81,
     "p3":82},
    {"p1":79,
     "p2":80,
     "p3":81},
    {"p1":68,
     "p2":69,
     "p3":86},
    {"p1":67,
     "p2":68,
     "p3":86},
    {"p1":66,
     "p2":67,
     "p3":88},
    {"p1":65,
     "p2":66,
     "p3":89},
    {"p1":66,
     "p2":88,
     "p3":89},
    {"p1":13,
     "p2":38,
     "p3":39},
    {"p1":53,
     "p2":58,
     "p3":59},
    {"p1":54,
     "p2":55,
     "p3":57},
    {"p1":54,
     "p2":57,
     "p3":58},
    {"p1":53,
     "p2":54,
     "p3":58},
    {"p1":70,
     "p2":71,
     "p3":84},
    {"p1":71,
     "p2":77,
     "p3":84},
    {"p1":71,
     "p2":76,
     "p3":77},
    {"p1":71,
     "p2":72,
     "p3":76},
    {"p1":13,
     "p2":14,
     "p3":38},
    {"p1":14,
     "p2":15,
     "p3":37},
    {"p1":14,
     "p2":37,
     "p3":38},
    {"p1":9,
     "p2":10,
     "p3":92},
    {"p1":9,
     "p2":92,
     "p3":93},
    {"p1":10,
     "p2":91,
     "p3":92},
    {"p1":96,
     "p2":101,
     "p3":102},
    {"p1":95,
     "p2":96,
     "p3":102},
    {"p1":42,
     "p2":61,
     "p3":62},
    {"p1":41,
     "p2":42,
     "p3":62},
    {"p1":41,
     "p2":62,
     "p3":63},
    {"p1":96,
     "p2":97,
     "p3":101},
    {"p1":78,
     "p2":82,
     "p3":83},
    {"p1":77,
     "p2":78,
     "p3":83},
    {"p1":77,
     "p2":83,
     "p3":84},
    {"p1":97,
     "p2":100,
     "p3":101},
    {"p1":98,
     "p2":99,
     "p3":100},
    {"p1":97,
     "p2":98,
     "p3":100}]
}