{"points":[
    {"x":0,
     "y":0.47287},
    {"x":0.05168,
     "y":0.50646},
    {"x":0.10594,
     "y":0.52972},
    {"x":0.16279,
     "y":0.54264},
    {"x":0.22222,
     "y":0.55814},
    {"x":0.29457,
     "y":0.55297},
    {"x":0.27649,
     "y":0.57881},
    {"x":0.22739,
     "y":0.62016},
    {"x":0.17571,
     "y":0.65633},
    {"x":0.13953,
     "y":0.70543},
    {"x":0.10594,
     "y":0.75711},
    {"x":0.085271,
     "y":0.81395},
    {"x":0.062016,
     "y":0.87597},
    {"x":0.067183,
     "y":0.93023},
    {"x":0.13178,
     "y":0.90181},
    {"x":0.18605,
     "y":0.87339},
    {"x":0.24289,
     "y":0.84238},
    {"x":0.29199,
     "y":0.80879},
    {"x":0.34109,
     "y":0.77261},
    {"x":0.37726,
     "y":0.72093},
    {"x":0.40568,
     "y":0.66667},
    {"x":0.42119,
     "y":0.71576},
    {"x":0.42119,
     "y":0.78036},
    {"x":0.42636,
     "y":0.83979},
    {"x":0.44703,
     "y":0.89922},
    {"x":0.4832,
     "y":0.93798},
    {"x":0.51163,
     "y":0.94057},
    {"x":0.55039,
     "y":0.89922},
    {"x":0.56848,
     "y":0.83979},
    {"x":0.57623,
     "y":0.77778},
    {"x":0.57364,
     "y":0.71318},
    {"x":0.58915,
     "y":0.66925},
    {"x":0.62016,
     "y":0.72351},
    {"x":0.66408,
     "y":0.77519},
    {"x":0.70801,
     "y":0.81395},
    {"x":0.75969,
     "y":0.84238},
    {"x":0.81395,
     "y":0.87339},
    {"x":0.86822,
     "y":0.90439},
    {"x":0.92765,
     "y":0.92765},
    {"x":0.94315,
     "y":0.88114},
    {"x":0.9199,
     "y":0.81912},
    {"x":0.89147,
     "y":0.75969},
    {"x":0.86047,
     "y":0.70543},
    {"x":0.81912,
     "y":0.65633},
    {"x":0.76486,
     "y":0.61499},
    {"x":0.71059,
     "y":0.57881},
    {"x":0.71576,
     "y":0.55297},
    {"x":0.78036,
     "y":0.55297},
    {"x":0.84238,
     "y":0.54264},
    {"x":0.90181,
     "y":0.52713},
    {"x":0.95866,
     "y":0.50388},
    {"x":1,
     "y":0.47287},
    {"x":0.94315,
     "y":0.44186},
    {"x":0.8863,
     "y":0.42119},
    {"x":0.82946,
     "y":0.39793},
    {"x":0.77003,
     "y":0.39276},
    {"x":0.70026,
     "y":0.40052},
    {"x":0.72351,
     "y":0.36693},
    {"x":0.77261,
     "y":0.33075},
    {"x":0.81654,
     "y":0.29716},
    {"x":0.85788,
     "y":0.24806},
    {"x":0.89664,
     "y":0.18863},
    {"x":0.9199,
     "y":0.13178},
    {"x":0.94057,
     "y":0.074935},
    {"x":0.93798,
     "y":0.015504},
    {"x":0.87597,
     "y":0.046512},
    {"x":0.81912,
     "y":0.069767},
    {"x":0.76744,
     "y":0.098191},
    {"x":0.71059,
     "y":0.1292},
    {"x":0.66667,
     "y":0.17313},
    {"x":0.62274,
     "y":0.21964},
    {"x":0.59173,
     "y":0.2739},
    {"x":0.57364,
     "y":0.24289},
    {"x":0.57623,
     "y":0.17571},
    {"x":0.56848,
     "y":0.1137},
    {"x":0.55039,
     "y":0.054264},
    {"x":0.51938,
     "y":0.0077519},
    {"x":0.49096,
     "y":0},
    {"x":0.45736,
     "y":0.05168},
    {"x":0.42894,
     "y":0.095607},
    {"x":0.4186,
     "y":0.15762},
    {"x":0.4186,
     "y":0.22481},
    {"x":0.41602,
     "y":0.28941},
    {"x":0.38243,
     "y":0.23514},
    {"x":0.34367,
     "y":0.18863},
    {"x":0.29457,
     "y":0.1447},
    {"x":0.24806,
     "y":0.10853},
    {"x":0.19638,
     "y":0.072351},
    {"x":0.13437,
     "y":0.041344},
    {"x":0.072351,
     "y":0.020672},
    {"x":0.056848,
     "y":0.069767},
    {"x":0.077519,
     "y":0.12661},
    {"x":0.10336,
     "y":0.18863},
    {"x":0.13437,
     "y":0.23773},
    {"x":0.17571,
     "y":0.27907},
    {"x":0.20672,
     "y":0.32041},
    {"x":0.25581,
     "y":0.35659},
    {"x":0.31266,
     "y":0.39276},
    {"x":0.25065,
     "y":0.39535},
    {"x":0.18346,
     "y":0.39535},
    {"x":0.12403,
     "y":0.40568},
    {"x":0.074935,
     "y":0.43669},
    {"x":0.020672,
     "y":0.47028},
    {"x":0,
     "y":0.47287}],
 "triangles":[
    {"p1":63,
     "p2":64,
     "p3":65},
    {"p1":88,
     "p2":89,
     "p3":90},
    {"p1":50,
     "p2":51,
     "p3":52},
    {"p1":49,
     "p2":50,
     "p3":52},
    {"p1":0,
     "p2":1,
     "p3":102},
    {"p1":61,
     "p2":62,
     "p3":66},
    {"p1":62,
     "p2":65,
     "p3":66},
    {"p1":62,
     "p2":63,
     "p3":65},
    {"p1":61,
     "p2":66,
     "p3":67},
    {"p1":87,
     "p2":91,
     "p3":92},
    {"p1":87,
     "p2":88,
     "p3":91},
    {"p1":88,
     "p2":90,
     "p3":91},
    {"p1":31,
     "p2":32,
     "p3":45},
    {"p1":60,
     "p2":61,
     "p3":67},
    {"p1":60,
     "p2":67,
     "p3":68},
    {"p1":74,
     "p2":75,
     "p3":78},
    {"p1":86,
     "p2":87,
     "p3":92},
    {"p1":86,
     "p2":92,
     "p3":93},
    {"p1":85,
     "p2":86,
     "p3":93},
    {"p1":83,
     "p2":84,
     "p3":96},
    {"p1":37,
     "p2":38,
     "p3":39},
    {"p1":32,
     "p2":44,
     "p3":45},
    {"p1":34,
     "p2":35,
     "p3":42},
    {"p1":8,
     "p2":9,
     "p3":17},
    {"p1":59,
     "p2":60,
     "p3":68},
    {"p1":56,
     "p2":57,
     "p3":71},
    {"p1":57,
     "p2":70,
     "p3":71},
    {"p1":57,
     "p2":58,
     "p3":70},
    {"p1":31,
     "p2":45,
     "p3":46},
    {"p1":31,
     "p2":46,
     "p3":56},
    {"p1":58,
     "p2":69,
     "p3":70},
    {"p1":59,
     "p2":68,
     "p3":69},
    {"p1":58,
     "p2":59,
     "p3":69},
    {"p1":76,
     "p2":77,
     "p3":78},
    {"p1":75,
     "p2":76,
     "p3":78},
    {"p1":1,
     "p2":101,
     "p3":102},
    {"p1":31,
     "p2":56,
     "p3":82},
    {"p1":56,
     "p2":71,
     "p3":82},
    {"p1":71,
     "p2":72,
     "p3":82},
    {"p1":72,
     "p2":81,
     "p3":82},
    {"p1":84,
     "p2":85,
     "p3":94},
    {"p1":85,
     "p2":93,
     "p3":94},
    {"p1":37,
     "p2":39,
     "p3":40},
    {"p1":36,
     "p2":37,
     "p3":40},
    {"p1":32,
     "p2":33,
     "p3":44},
    {"p1":34,
     "p2":42,
     "p3":43},
    {"p1":33,
     "p2":34,
     "p3":43},
    {"p1":33,
     "p2":43,
     "p3":44},
    {"p1":35,
     "p2":36,
     "p3":41},
    {"p1":35,
     "p2":41,
     "p3":42},
    {"p1":36,
     "p2":40,
     "p3":41},
    {"p1":10,
     "p2":11,
     "p3":15},
    {"p1":9,
     "p2":10,
     "p3":16},
    {"p1":10,
     "p2":15,
     "p3":16},
    {"p1":9,
     "p2":16,
     "p3":17},
    {"p1":22,
     "p2":29,
     "p3":30},
    {"p1":21,
     "p2":22,
     "p3":30},
    {"p1":73,
     "p2":74,
     "p3":80},
    {"p1":72,
     "p2":73,
     "p3":81},
    {"p1":73,
     "p2":80,
     "p3":81},
    {"p1":1,
     "p2":2,
     "p3":101},
    {"p1":83,
     "p2":96,
     "p3":97},
    {"p1":82,
     "p2":83,
     "p3":97},
    {"p1":31,
     "p2":82,
     "p3":97},
    {"p1":84,
     "p2":95,
     "p3":96},
    {"p1":84,
     "p2":94,
     "p3":95},
    {"p1":74,
     "p2":78,
     "p3":79},
    {"p1":74,
     "p2":79,
     "p3":80},
    {"p1":11,
     "p2":12,
     "p3":14},
    {"p1":11,
     "p2":14,
     "p3":15},
    {"p1":12,
     "p2":13,
     "p3":14},
    {"p1":22,
     "p2":28,
     "p3":29},
    {"p1":24,
     "p2":27,
     "p3":28},
    {"p1":46,
     "p2":55,
     "p3":56},
    {"p1":49,
     "p2":52,
     "p3":53},
    {"p1":48,
     "p2":49,
     "p3":53},
    {"p1":48,
     "p2":53,
     "p3":54},
    {"p1":6,
     "p2":7,
     "p3":19},
    {"p1":7,
     "p2":18,
     "p3":19},
    {"p1":7,
     "p2":8,
     "p3":17},
    {"p1":7,
     "p2":17,
     "p3":18},
    {"p1":5,
     "p2":97,
     "p3":98},
    {"p1":2,
     "p2":3,
     "p3":100},
    {"p1":3,
     "p2":99,
     "p3":100},
    {"p1":2,
     "p2":100,
     "p3":101},
    {"p1":25,
     "p2":26,
     "p3":27},
    {"p1":24,
     "p2":25,
     "p3":27},
    {"p1":22,
     "p2":23,
     "p3":28},
    {"p1":23,
     "p2":24,
     "p3":28},
    {"p1":47,
     "p2":54,
     "p3":55},
    {"p1":47,
     "p2":48,
     "p3":54},
    {"p1":46,
     "p2":47,
     "p3":55},
    {"p1":4,
     "p2":5,
     "p3":98},
    {"p1":4,
     "p2":98,
     "p3":99},
    {"p1":3,
     "p2":4,
     "p3":99},
    {"p1":20,
     "p2":31,
     "p3":97},
    {"p1":5,
     "p2":20,
     "p3":97},
    {"p1":20,
     "p2":30,
     "p3":31},
    {"p1":20,
     "p2":21,
     "p3":30},
    {"p1":6,
     "p2":19,
     "p3":20},
    {"p1":5,
     "p2":6,
     "p3":20}]
}