{"points":[
    {"x":0,
     "y":0.50374},
    {"x":0.0024938,
     "y":0.56608},
    {"x":0.014963,
     "y":0.62843},
    {"x":0.034913,
     "y":0.69077},
    {"x":0.064838,
     "y":0.75312},
    {"x":0.10723,
     "y":0.81546},
    {"x":0.1596,
     "y":0.87032},
    {"x":0.22195,
     "y":0.9202},
    {"x":0.28429,
     "y":0.95511},
    {"x":0.34663,
     "y":0.98005},
    {"x":0.40898,
     "y":0.99501},
    {"x":0.46633,
     "y":0.99501},
    {"x":0.46633,
     "y":0.93267},
    {"x":0.46633,
     "y":0.87032},
    {"x":0.46633,
     "y":0.80798},
    {"x":0.46633,
     "y":0.74564},
    {"x":0.46633,
     "y":0.68329},
    {"x":0.46633,
     "y":0.62095},
    {"x":0.46633,
     "y":0.5586},
    {"x":0.42893,
     "y":0.53367},
    {"x":0.36658,
     "y":0.53367},
    {"x":0.30424,
     "y":0.53367},
    {"x":0.2419,
     "y":0.53367},
    {"x":0.17955,
     "y":0.53367},
    {"x":0.11721,
     "y":0.53367},
    {"x":0.054863,
     "y":0.53367},
    {"x":0.069825,
     "y":0.50125},
    {"x":0.13217,
     "y":0.50125},
    {"x":0.19451,
     "y":0.50125},
    {"x":0.25686,
     "y":0.50125},
    {"x":0.3192,
     "y":0.50125},
    {"x":0.38155,
     "y":0.50125},
    {"x":0.44389,
     "y":0.50125},
    {"x":0.46633,
     "y":0.46135},
    {"x":0.46633,
     "y":0.399},
    {"x":0.46633,
     "y":0.33666},
    {"x":0.46633,
     "y":0.27431},
    {"x":0.46633,
     "y":0.21197},
    {"x":0.46633,
     "y":0.14963},
    {"x":0.46633,
     "y":0.087282},
    {"x":0.48878,
     "y":0.044888},
    {"x":0.50125,
     "y":0.097257},
    {"x":0.50125,
     "y":0.1596},
    {"x":0.50125,
     "y":0.22195},
    {"x":0.50125,
     "y":0.28429},
    {"x":0.50125,
     "y":0.34663},
    {"x":0.50125,
     "y":0.40898},
    {"x":0.50125,
     "y":0.47132},
    {"x":0.53367,
     "y":0.50125},
    {"x":0.59601,
     "y":0.50125},
    {"x":0.65835,
     "y":0.50125},
    {"x":0.7207,
     "y":0.50125},
    {"x":0.78304,
     "y":0.50125},
    {"x":0.84539,
     "y":0.50125},
    {"x":0.90773,
     "y":0.50125},
    {"x":0.94763,
     "y":0.52618},
    {"x":0.89027,
     "y":0.53367},
    {"x":0.82793,
     "y":0.53367},
    {"x":0.76559,
     "y":0.53367},
    {"x":0.70324,
     "y":0.53367},
    {"x":0.6409,
     "y":0.53367},
    {"x":0.57855,
     "y":0.53367},
    {"x":0.51621,
     "y":0.53367},
    {"x":0.50125,
     "y":0.58105},
    {"x":0.50125,
     "y":0.64339},
    {"x":0.50125,
     "y":0.70574},
    {"x":0.50125,
     "y":0.76808},
    {"x":0.50125,
     "y":0.83042},
    {"x":0.50125,
     "y":0.89277},
    {"x":0.50125,
     "y":0.95511},
    {"x":0.51621,
     "y":1},
    {"x":0.57855,
     "y":0.99501},
    {"x":0.6409,
     "y":0.97756},
    {"x":0.70324,
     "y":0.95262},
    {"x":0.76559,
     "y":0.91771},
    {"x":0.82793,
     "y":0.86534},
    {"x":0.88529,
     "y":0.80299},
    {"x":0.92269,
     "y":0.74065},
    {"x":0.95012,
     "y":0.6783},
    {"x":0.97007,
     "y":0.61596},
    {"x":0.98005,
     "y":0.55362},
    {"x":0.98254,
     "y":0.49127},
    {"x":0.97756,
     "y":0.42893},
    {"x":0.96509,
     "y":0.36658},
    {"x":0.94264,
     "y":0.30424},
    {"x":0.91272,
     "y":0.2419},
    {"x":0.86783,
     "y":0.17955},
    {"x":0.80798,
     "y":0.1197},
    {"x":0.74564,
     "y":0.072319},
    {"x":0.68329,
     "y":0.0399},
    {"x":0.62095,
     "y":0.017456},
    {"x":0.5586,
     "y":0.0049875},
    {"x":0.49626,
     "y":0},
    {"x":0.43392,
     "y":0.0049875},
    {"x":0.37157,
     "y":0.014963},
    {"x":0.30923,
     "y":0.034913},
    {"x":0.24688,
     "y":0.067332},
    {"x":0.18454,
     "y":0.10973},
    {"x":0.12968,
     "y":0.16209},
    {"x":0.082294,
     "y":0.22444},
    {"x":0.047382,
     "y":0.28678},
    {"x":0.022444,
     "y":0.34913},
    {"x":0.0074813,
     "y":0.41147},
    {"x":0,
     "y":0.47382},
    {"x":0,
     "y":0.50374}],
 "triangles":[
    {"p1":9,
     "p2":10,
     "p3":12},
    {"p1":10,
     "p2":11,
     "p3":12},
    {"p1":66,
     "p2":73,
     "p3":74},
    {"p1":69,
     "p2":70,
     "p3":71},
    {"p1":0,
     "p2":26,
     "p3":103},
    {"p1":43,
     "p2":44,
     "p3":87},
    {"p1":51,
     "p2":85,
     "p3":86},
    {"p1":44,
     "p2":86,
     "p3":87},
    {"p1":44,
     "p2":51,
     "p3":86},
    {"p1":31,
     "p2":32,
     "p3":33},
    {"p1":29,
     "p2":98,
     "p3":99},
    {"p1":28,
     "p2":29,
     "p3":99},
    {"p1":31,
     "p2":33,
     "p3":34},
    {"p1":51,
     "p2":52,
     "p3":85},
    {"p1":0,
     "p2":1,
     "p3":25},
    {"p1":0,
     "p2":25,
     "p3":26},
    {"p1":45,
     "p2":46,
     "p3":49},
    {"p1":58,
     "p2":76,
     "p3":77},
    {"p1":58,
     "p2":59,
     "p3":76},
    {"p1":66,
     "p2":67,
     "p3":73},
    {"p1":7,
     "p2":8,
     "p3":14},
    {"p1":57,
     "p2":58,
     "p3":77},
    {"p1":28,
     "p2":99,
     "p3":100},
    {"p1":26,
     "p2":102,
     "p3":103},
    {"p1":43,
     "p2":87,
     "p3":88},
    {"p1":42,
     "p2":89,
     "p3":90},
    {"p1":41,
     "p2":42,
     "p3":90},
    {"p1":42,
     "p2":88,
     "p3":89},
    {"p1":42,
     "p2":43,
     "p3":88},
    {"p1":29,
     "p2":36,
     "p3":98},
    {"p1":29,
     "p2":35,
     "p3":36},
    {"p1":29,
     "p2":30,
     "p3":35},
    {"p1":30,
     "p2":31,
     "p3":34},
    {"p1":30,
     "p2":34,
     "p3":35},
    {"p1":53,
     "p2":83,
     "p3":84},
    {"p1":52,
     "p2":84,
     "p3":85},
    {"p1":52,
     "p2":53,
     "p3":84},
    {"p1":1,
     "p2":2,
     "p3":25},
    {"p1":2,
     "p2":3,
     "p3":24},
    {"p1":2,
     "p2":24,
     "p3":25},
    {"p1":46,
     "p2":47,
     "p3":48},
    {"p1":46,
     "p2":48,
     "p3":49},
    {"p1":45,
     "p2":49,
     "p3":50},
    {"p1":44,
     "p2":50,
     "p3":51},
    {"p1":44,
     "p2":45,
     "p3":50},
    {"p1":59,
     "p2":75,
     "p3":76},
    {"p1":59,
     "p2":65,
     "p3":75},
    {"p1":66,
     "p2":74,
     "p3":75},
    {"p1":65,
     "p2":66,
     "p3":75},
    {"p1":59,
     "p2":60,
     "p3":65},
    {"p1":61,
     "p2":62,
     "p3":63},
    {"p1":17,
     "p2":19,
     "p3":20},
    {"p1":67,
     "p2":72,
     "p3":73},
    {"p1":6,
     "p2":15,
     "p3":21},
    {"p1":7,
     "p2":14,
     "p3":15},
    {"p1":6,
     "p2":7,
     "p3":15},
    {"p1":8,
     "p2":9,
     "p3":13},
    {"p1":8,
     "p2":13,
     "p3":14},
    {"p1":9,
     "p2":12,
     "p3":13},
    {"p1":55,
     "p2":80,
     "p3":81},
    {"p1":55,
     "p2":79,
     "p3":80},
    {"p1":57,
     "p2":77,
     "p3":78},
    {"p1":55,
     "p2":56,
     "p3":79},
    {"p1":56,
     "p2":78,
     "p3":79},
    {"p1":56,
     "p2":57,
     "p3":78},
    {"p1":41,
     "p2":90,
     "p3":91},
    {"p1":39,
     "p2":94,
     "p3":95},
    {"p1":39,
     "p2":93,
     "p3":94},
    {"p1":4,
     "p2":5,
     "p3":22},
    {"p1":5,
     "p2":6,
     "p3":22},
    {"p1":6,
     "p2":21,
     "p3":22},
    {"p1":3,
     "p2":4,
     "p3":23},
    {"p1":3,
     "p2":23,
     "p3":24},
    {"p1":4,
     "p2":22,
     "p3":23},
    {"p1":27,
     "p2":28,
     "p3":100},
    {"p1":27,
     "p2":100,
     "p3":101},
    {"p1":27,
     "p2":101,
     "p3":102},
    {"p1":26,
     "p2":27,
     "p3":102},
    {"p1":60,
     "p2":61,
     "p3":64},
    {"p1":60,
     "p2":64,
     "p3":65},
    {"p1":61,
     "p2":63,
     "p3":64},
    {"p1":17,
     "p2":18,
     "p3":19},
    {"p1":68,
     "p2":71,
     "p3":72},
    {"p1":67,
     "p2":68,
     "p3":72},
    {"p1":68,
     "p2":69,
     "p3":71},
    {"p1":15,
     "p2":16,
     "p3":21},
    {"p1":16,
     "p2":20,
     "p3":21},
    {"p1":16,
     "p2":17,
     "p3":20},
    {"p1":53,
     "p2":54,
     "p3":83},
    {"p1":54,
     "p2":82,
     "p3":83},
    {"p1":54,
     "p2":55,
     "p3":81},
    {"p1":54,
     "p2":81,
     "p3":82},
    {"p1":40,
     "p2":92,
     "p3":93},
    {"p1":39,
     "p2":40,
     "p3":93},
    {"p1":40,
     "p2":91,
     "p3":92},
    {"p1":40,
     "p2":41,
     "p3":91},
    {"p1":37,
     "p2":96,
     "p3":97},
    {"p1":36,
     "p2":97,
     "p3":98},
    {"p1":36,
     "p2":37,
     "p3":97},
    {"p1":38,
     "p2":39,
     "p3":95},
    {"p1":38,
     "p2":95,
     "p3":96},
    {"p1":37,
     "p2":38,
     "p3":96}]
}