{"points":[
    {"x":0,
     "y":0.5025},
    {"x":0,
     "y":0.535},
    {"x":0.0025,
     "y":0.5675},
    {"x":0.0075,
     "y":0.6},
    {"x":0.0175,
     "y":0.6325},
    {"x":0.0275,
     "y":0.665},
    {"x":0.04,
     "y":0.6975},
    {"x":0.055,
     "y":0.73},
    {"x":0.0725,
     "y":0.7625},
    {"x":0.0925,
     "y":0.795},
    {"x":0.1175,
     "y":0.8275},
    {"x":0.145,
     "y":0.8575},
    {"x":0.175,
     "y":0.885},
    {"x":0.2075,
     "y":0.91},
    {"x":0.24,
     "y":0.93},
    {"x":0.2725,
     "y":0.95},
    {"x":0.305,
     "y":0.965},
    {"x":0.3375,
     "y":0.9775},
    {"x":0.37,
     "y":0.9875},
    {"x":0.4025,
     "y":0.9925},
    {"x":0.435,
     "y":0.9975},
    {"x":0.46,
     "y":0.9925},
    {"x":0.465,
     "y":0.96},
    {"x":0.47,
     "y":0.9275},
    {"x":0.475,
     "y":0.895},
    {"x":0.48,
     "y":0.8625},
    {"x":0.485,
     "y":0.83},
    {"x":0.495,
     "y":0.8375},
    {"x":0.5,
     "y":0.87},
    {"x":0.5075,
     "y":0.9025},
    {"x":0.5125,
     "y":0.935},
    {"x":0.52,
     "y":0.9675},
    {"x":0.525,
     "y":1},
    {"x":0.5575,
     "y":0.9975},
    {"x":0.59,
     "y":0.9925},
    {"x":0.6225,
     "y":0.985},
    {"x":0.655,
     "y":0.975},
    {"x":0.6875,
     "y":0.96},
    {"x":0.72,
     "y":0.945},
    {"x":0.7525,
     "y":0.925},
    {"x":0.785,
     "y":0.905},
    {"x":0.8175,
     "y":0.8775},
    {"x":0.85,
     "y":0.845},
    {"x":0.8775,
     "y":0.8125},
    {"x":0.9025,
     "y":0.78},
    {"x":0.9225,
     "y":0.7475},
    {"x":0.9375,
     "y":0.715},
    {"x":0.9525,
     "y":0.6825},
    {"x":0.9625,
     "y":0.65},
    {"x":0.9725,
     "y":0.6175},
    {"x":0.9775,
     "y":0.585},
    {"x":0.9825,
     "y":0.5525},
    {"x":0.985,
     "y":0.52},
    {"x":0.985,
     "y":0.4875},
    {"x":0.9825,
     "y":0.455},
    {"x":0.98,
     "y":0.4225},
    {"x":0.9725,
     "y":0.39},
    {"x":0.965,
     "y":0.3575},
    {"x":0.955,
     "y":0.325},
    {"x":0.94,
     "y":0.2925},
    {"x":0.925,
     "y":0.26},
    {"x":0.9075,
     "y":0.2275},
    {"x":0.885,
     "y":0.195},
    {"x":0.8575,
     "y":0.1625},
    {"x":0.825,
     "y":0.13},
    {"x":0.7925,
     "y":0.1025},
    {"x":0.76,
     "y":0.0775},
    {"x":0.7275,
     "y":0.06},
    {"x":0.695,
     "y":0.0425},
    {"x":0.6625,
     "y":0.03},
    {"x":0.63,
     "y":0.0175},
    {"x":0.5975,
     "y":0.01},
    {"x":0.565,
     "y":0.005},
    {"x":0.5325,
     "y":0},
    {"x":0.52,
     "y":0.025},
    {"x":0.51,
     "y":0.0575},
    {"x":0.5025,
     "y":0.09},
    {"x":0.495,
     "y":0.1225},
    {"x":0.485,
     "y":0.13},
    {"x":0.48,
     "y":0.0975},
    {"x":0.4725,
     "y":0.065},
    {"x":0.465,
     "y":0.0325},
    {"x":0.46,
     "y":0},
    {"x":0.4275,
     "y":0.0025},
    {"x":0.395,
     "y":0.0075},
    {"x":0.3625,
     "y":0.015},
    {"x":0.33,
     "y":0.025},
    {"x":0.2975,
     "y":0.0375},
    {"x":0.265,
     "y":0.055},
    {"x":0.2325,
     "y":0.0725},
    {"x":0.2,
     "y":0.095},
    {"x":0.1675,
     "y":0.1225},
    {"x":0.14,
     "y":0.1475},
    {"x":0.1125,
     "y":0.18},
    {"x":0.0875,
     "y":0.2125},
    {"x":0.0675,
     "y":0.245},
    {"x":0.05,
     "y":0.2775},
    {"x":0.035,
     "y":0.31},
    {"x":0.025,
     "y":0.3425},
    {"x":0.015,
     "y":0.375},
    {"x":0.0075,
     "y":0.4075},
    {"x":0.0025,
     "y":0.44},
    {"x":0,
     "y":0.4725},
    {"x":0,
     "y":0.5025}],
 "triangles":[
    {"p1":26,
     "p2":54,
     "p3":78},
    {"p1":29,
     "p2":35,
     "p3":36},
    {"p1":26,
     "p2":52,
     "p3":53},
    {"p1":26,
     "p2":53,
     "p3":54},
    {"p1":0,
     "p2":1,
     "p3":26},
    {"p1":26,
     "p2":48,
     "p3":50},
    {"p1":28,
     "p2":29,
     "p3":36},
    {"p1":27,
     "p2":40,
     "p3":41},
    {"p1":26,
     "p2":46,
     "p3":48},
    {"p1":26,
     "p2":27,
     "p3":46},
    {"p1":78,
     "p2":86,
     "p3":87},
    {"p1":80,
     "p2":84,
     "p3":85},
    {"p1":29,
     "p2":30,
     "p3":35},
    {"p1":30,
     "p2":34,
     "p3":35},
    {"p1":78,
     "p2":87,
     "p3":88},
    {"p1":5,
     "p2":6,
     "p3":26},
    {"p1":1,
     "p2":4,
     "p3":26},
    {"p1":4,
     "p2":5,
     "p3":26},
    {"p1":10,
     "p2":11,
     "p3":26},
    {"p1":6,
     "p2":7,
     "p3":26},
    {"p1":7,
     "p2":8,
     "p3":26},
    {"p1":71,
     "p2":72,
     "p3":75},
    {"p1":70,
     "p2":71,
     "p3":76},
    {"p1":71,
     "p2":75,
     "p3":76},
    {"p1":72,
     "p2":73,
     "p3":74},
    {"p1":72,
     "p2":74,
     "p3":75},
    {"p1":26,
     "p2":51,
     "p3":52},
    {"p1":26,
     "p2":50,
     "p3":51},
    {"p1":16,
     "p2":24,
     "p3":25},
    {"p1":15,
     "p2":25,
     "p3":26},
    {"p1":15,
     "p2":16,
     "p3":25},
    {"p1":27,
     "p2":39,
     "p3":40},
    {"p1":27,
     "p2":38,
     "p3":39},
    {"p1":27,
     "p2":28,
     "p3":37},
    {"p1":27,
     "p2":37,
     "p3":38},
    {"p1":28,
     "p2":36,
     "p3":37},
    {"p1":27,
     "p2":42,
     "p3":43},
    {"p1":27,
     "p2":41,
     "p3":42},
    {"p1":27,
     "p2":43,
     "p3":44},
    {"p1":14,
     "p2":15,
     "p3":26},
    {"p1":13,
     "p2":14,
     "p3":26},
    {"p1":11,
     "p2":12,
     "p3":26},
    {"p1":12,
     "p2":13,
     "p3":26},
    {"p1":79,
     "p2":80,
     "p3":85},
    {"p1":78,
     "p2":79,
     "p3":86},
    {"p1":79,
     "p2":85,
     "p3":86},
    {"p1":81,
     "p2":82,
     "p3":83},
    {"p1":81,
     "p2":83,
     "p3":84},
    {"p1":80,
     "p2":81,
     "p3":84},
    {"p1":31,
     "p2":32,
     "p3":33},
    {"p1":31,
     "p2":33,
     "p3":34},
    {"p1":30,
     "p2":31,
     "p3":34},
    {"p1":17,
     "p2":18,
     "p3":24},
    {"p1":16,
     "p2":17,
     "p3":24},
    {"p1":69,
     "p2":70,
     "p3":76},
    {"p1":54,
     "p2":56,
     "p3":78},
    {"p1":78,
     "p2":98,
     "p3":99},
    {"p1":78,
     "p2":99,
     "p3":100},
    {"p1":0,
     "p2":26,
     "p3":102},
    {"p1":78,
     "p2":90,
     "p3":91},
    {"p1":78,
     "p2":94,
     "p3":95},
    {"p1":78,
     "p2":93,
     "p3":94},
    {"p1":78,
     "p2":91,
     "p3":92},
    {"p1":78,
     "p2":92,
     "p3":93},
    {"p1":8,
     "p2":9,
     "p3":26},
    {"p1":9,
     "p2":10,
     "p3":26},
    {"p1":48,
     "p2":49,
     "p3":50},
    {"p1":27,
     "p2":45,
     "p3":46},
    {"p1":27,
     "p2":44,
     "p3":45},
    {"p1":19,
     "p2":22,
     "p3":23},
    {"p1":18,
     "p2":23,
     "p3":24},
    {"p1":18,
     "p2":19,
     "p3":23},
    {"p1":20,
     "p2":21,
     "p3":22},
    {"p1":19,
     "p2":20,
     "p3":22},
    {"p1":69,
     "p2":76,
     "p3":77},
    {"p1":68,
     "p2":69,
     "p3":77},
    {"p1":67,
     "p2":68,
     "p3":77},
    {"p1":66,
     "p2":67,
     "p3":77},
    {"p1":65,
     "p2":66,
     "p3":77},
    {"p1":63,
     "p2":77,
     "p3":78},
    {"p1":57,
     "p2":59,
     "p3":78},
    {"p1":56,
     "p2":57,
     "p3":78},
    {"p1":62,
     "p2":63,
     "p3":78},
    {"p1":61,
     "p2":62,
     "p3":78},
    {"p1":59,
     "p2":60,
     "p3":78},
    {"p1":60,
     "p2":61,
     "p3":78},
    {"p1":1,
     "p2":2,
     "p3":4},
    {"p1":2,
     "p2":3,
     "p3":4},
    {"p1":78,
     "p2":88,
     "p3":89},
    {"p1":78,
     "p2":89,
     "p3":90},
    {"p1":46,
     "p2":47,
     "p3":48},
    {"p1":63,
     "p2":64,
     "p3":77},
    {"p1":64,
     "p2":65,
     "p3":77},
    {"p1":54,
     "p2":55,
     "p3":56},
    {"p1":57,
     "p2":58,
     "p3":59},
    {"p1":26,
     "p2":101,
     "p3":102},
    {"p1":26,
     "p2":78,
     "p3":101},
    {"p1":78,
     "p2":100,
     "p3":101},
    {"p1":96,
     "p2":97,
     "p3":98},
    {"p1":78,
     "p2":95,
     "p3":96},
    {"p1":78,
     "p2":96,
     "p3":98}]
}