{"points":[
    {"x":0,
     "y":0.4214},
    {"x":0.030568,
     "y":0.44323},
    {"x":0.061135,
     "y":0.46288},
    {"x":0.091703,
     "y":0.48472},
    {"x":0.11572,
     "y":0.50437},
    {"x":0.14192,
     "y":0.53057},
    {"x":0.17467,
     "y":0.53057},
    {"x":0.19214,
     "y":0.54803},
    {"x":0.22926,
     "y":0.54367},
    {"x":0.26638,
     "y":0.5524},
    {"x":0.25109,
     "y":0.58297},
    {"x":0.23144,
     "y":0.62009},
    {"x":0.23144,
     "y":0.65721},
    {"x":0.24017,
     "y":0.69214},
    {"x":0.23581,
     "y":0.72489},
    {"x":0.22926,
     "y":0.76201},
    {"x":0.22489,
     "y":0.79913},
    {"x":0.24017,
     "y":0.81441},
    {"x":0.24454,
     "y":0.84498},
    {"x":0.28166,
     "y":0.83188},
    {"x":0.31878,
     "y":0.82096},
    {"x":0.3559,
     "y":0.81441},
    {"x":0.39083,
     "y":0.80349},
    {"x":0.41703,
     "y":0.76638},
    {"x":0.4476,
     "y":0.74454},
    {"x":0.4738,
     "y":0.71834},
    {"x":0.50437,
     "y":0.71834},
    {"x":0.53712,
     "y":0.73581},
    {"x":0.5655,
     "y":0.76201},
    {"x":0.5917,
     "y":0.79039},
    {"x":0.6179,
     "y":0.81659},
    {"x":0.65066,
     "y":0.83624},
    {"x":0.68341,
     "y":0.84061},
    {"x":0.72052,
     "y":0.83624},
    {"x":0.74672,
     "y":0.82969},
    {"x":0.77293,
     "y":0.80131},
    {"x":0.76856,
     "y":0.76856},
    {"x":0.76419,
     "y":0.73144},
    {"x":0.76638,
     "y":0.69432},
    {"x":0.75764,
     "y":0.66812},
    {"x":0.76419,
     "y":0.631},
    {"x":0.75764,
     "y":0.59389},
    {"x":0.74891,
     "y":0.56332},
    {"x":0.78384,
     "y":0.5524},
    {"x":0.82096,
     "y":0.5524},
    {"x":0.85808,
     "y":0.53712},
    {"x":0.89301,
     "y":0.5262},
    {"x":0.91266,
     "y":0.49563},
    {"x":0.94541,
     "y":0.46943},
    {"x":0.96725,
     "y":0.4607},
    {"x":1,
     "y":0.43668},
    {"x":1,
     "y":0.41266},
    {"x":0.97598,
     "y":0.39738},
    {"x":0.94105,
     "y":0.37555},
    {"x":0.91048,
     "y":0.35371},
    {"x":0.88428,
     "y":0.32751},
    {"x":0.85371,
     "y":0.30568},
    {"x":0.81659,
     "y":0.30349},
    {"x":0.79258,
     "y":0.29694},
    {"x":0.75546,
     "y":0.29913},
    {"x":0.73799,
     "y":0.27948},
    {"x":0.75764,
     "y":0.24236},
    {"x":0.76638,
     "y":0.22052},
    {"x":0.76638,
     "y":0.19214},
    {"x":0.76856,
     "y":0.15502},
    {"x":0.77074,
     "y":0.12009},
    {"x":0.78166,
     "y":0.091703},
    {"x":0.77293,
     "y":0.058952},
    {"x":0.77729,
     "y":0.021834},
    {"x":0.74454,
     "y":0},
    {"x":0.71179,
     "y":0.0065502},
    {"x":0.67467,
     "y":0.0131},
    {"x":0.63755,
     "y":0.024017},
    {"x":0.60262,
     "y":0.045852},
    {"x":0.57424,
     "y":0.080786},
    {"x":0.55022,
     "y":0.1048},
    {"x":0.5131,
     "y":0.12227},
    {"x":0.4869,
     "y":0.1179},
    {"x":0.45415,
     "y":0.10262},
    {"x":0.42358,
     "y":0.074236},
    {"x":0.40393,
     "y":0.050218},
    {"x":0.37991,
     "y":0.034934},
    {"x":0.35808,
     "y":0.010917},
    {"x":0.32096,
     "y":0.017467},
    {"x":0.29258,
     "y":0.0065502},
    {"x":0.25983,
     "y":0.0087336},
    {"x":0.23144,
     "y":0.032751},
    {"x":0.23362,
     "y":0.056769},
    {"x":0.23362,
     "y":0.08952},
    {"x":0.23362,
     "y":0.12664},
    {"x":0.24672,
     "y":0.15284},
    {"x":0.23799,
     "y":0.18996},
    {"x":0.23799,
     "y":0.22707},
    {"x":0.25328,
     "y":0.25328},
    {"x":0.26419,
     "y":0.28603},
    {"x":0.22707,
     "y":0.29694},
    {"x":0.18996,
     "y":0.30131},
    {"x":0.15721,
     "y":0.30349},
    {"x":0.1441,
     "y":0.30349},
    {"x":0.11354,
     "y":0.32314},
    {"x":0.093886,
     "y":0.33624},
    {"x":0.09607,
     "y":0.35808},
    {"x":0.058952,
     "y":0.37555},
    {"x":0.021834,
     "y":0.39301},
    {"x":0,
     "y":0.4214}],
 "triangles":[
    {"p1":0,
     "p2":1,
     "p3":103},
    {"p1":9,
     "p2":60,
     "p3":94},
    {"p1":9,
     "p2":25,
     "p3":26},
    {"p1":67,
     "p2":68,
     "p3":69},
    {"p1":60,
     "p2":76,
     "p3":94},
    {"p1":9,
     "p2":94,
     "p3":95},
    {"p1":85,
     "p2":86,
     "p3":87},
    {"p1":88,
     "p2":89,
     "p3":90},
    {"p1":2,
     "p2":3,
     "p3":101},
    {"p1":3,
     "p2":4,
     "p3":101},
    {"p1":10,
     "p2":11,
     "p3":12},
    {"p1":9,
     "p2":10,
     "p3":25},
    {"p1":10,
     "p2":24,
     "p3":25},
    {"p1":10,
     "p2":12,
     "p3":13},
    {"p1":10,
     "p2":13,
     "p3":24},
    {"p1":4,
     "p2":5,
     "p3":6},
    {"p1":6,
     "p2":96,
     "p3":101},
    {"p1":4,
     "p2":6,
     "p3":101},
    {"p1":6,
     "p2":95,
     "p3":96},
    {"p1":2,
     "p2":101,
     "p3":102},
    {"p1":1,
     "p2":2,
     "p3":102},
    {"p1":1,
     "p2":102,
     "p3":103},
    {"p1":63,
     "p2":64,
     "p3":74},
    {"p1":67,
     "p2":69,
     "p3":70},
    {"p1":67,
     "p2":70,
     "p3":71},
    {"p1":60,
     "p2":75,
     "p3":76},
    {"p1":63,
     "p2":74,
     "p3":75},
    {"p1":33,
     "p2":34,
     "p3":36},
    {"p1":26,
     "p2":27,
     "p3":42},
    {"p1":42,
     "p2":59,
     "p3":60},
    {"p1":9,
     "p2":42,
     "p3":60},
    {"p1":9,
     "p2":26,
     "p3":42},
    {"p1":83,
     "p2":87,
     "p3":88},
    {"p1":83,
     "p2":88,
     "p3":90},
    {"p1":6,
     "p2":7,
     "p3":8},
    {"p1":8,
     "p2":9,
     "p3":95},
    {"p1":6,
     "p2":8,
     "p3":95},
    {"p1":65,
     "p2":66,
     "p3":67},
    {"p1":65,
     "p2":67,
     "p3":71},
    {"p1":65,
     "p2":71,
     "p3":72},
    {"p1":65,
     "p2":72,
     "p3":73},
    {"p1":65,
     "p2":73,
     "p3":74},
    {"p1":64,
     "p2":65,
     "p3":74},
    {"p1":50,
     "p2":51,
     "p3":52},
    {"p1":47,
     "p2":53,
     "p3":54},
    {"p1":47,
     "p2":48,
     "p3":53},
    {"p1":48,
     "p2":52,
     "p3":53},
    {"p1":49,
     "p2":50,
     "p3":52},
    {"p1":48,
     "p2":49,
     "p3":52},
    {"p1":78,
     "p2":90,
     "p3":93},
    {"p1":78,
     "p2":93,
     "p3":94},
    {"p1":76,
     "p2":77,
     "p3":94},
    {"p1":77,
     "p2":78,
     "p3":94},
    {"p1":78,
     "p2":79,
     "p3":90},
    {"p1":13,
     "p2":23,
     "p3":24},
    {"p1":30,
     "p2":31,
     "p3":32},
    {"p1":32,
     "p2":33,
     "p3":36},
    {"p1":81,
     "p2":82,
     "p3":83},
    {"p1":81,
     "p2":83,
     "p3":90},
    {"p1":79,
     "p2":81,
     "p3":90},
    {"p1":79,
     "p2":80,
     "p3":81},
    {"p1":84,
     "p2":85,
     "p3":87},
    {"p1":83,
     "p2":84,
     "p3":87},
    {"p1":34,
     "p2":35,
     "p3":36},
    {"p1":90,
     "p2":91,
     "p3":93},
    {"p1":91,
     "p2":92,
     "p3":93},
    {"p1":13,
     "p2":14,
     "p3":23},
    {"p1":14,
     "p2":21,
     "p3":23},
    {"p1":14,
     "p2":20,
     "p3":21},
    {"p1":14,
     "p2":15,
     "p3":20},
    {"p1":21,
     "p2":22,
     "p3":23},
    {"p1":30,
     "p2":32,
     "p3":37},
    {"p1":32,
     "p2":36,
     "p3":37},
    {"p1":29,
     "p2":30,
     "p3":37},
    {"p1":27,
     "p2":28,
     "p3":39},
    {"p1":28,
     "p2":29,
     "p3":39},
    {"p1":29,
     "p2":37,
     "p3":39},
    {"p1":37,
     "p2":38,
     "p3":39},
    {"p1":55,
     "p2":56,
     "p3":57},
    {"p1":57,
     "p2":58,
     "p3":59},
    {"p1":61,
     "p2":62,
     "p3":63},
    {"p1":60,
     "p2":61,
     "p3":75},
    {"p1":61,
     "p2":63,
     "p3":75},
    {"p1":39,
     "p2":40,
     "p3":41},
    {"p1":27,
     "p2":41,
     "p3":42},
    {"p1":27,
     "p2":39,
     "p3":41},
    {"p1":45,
     "p2":46,
     "p3":47},
    {"p1":45,
     "p2":55,
     "p3":57},
    {"p1":45,
     "p2":47,
     "p3":54},
    {"p1":45,
     "p2":54,
     "p3":55},
    {"p1":96,
     "p2":97,
     "p3":101},
    {"p1":99,
     "p2":100,
     "p3":101},
    {"p1":97,
     "p2":99,
     "p3":101},
    {"p1":97,
     "p2":98,
     "p3":99},
    {"p1":15,
     "p2":19,
     "p3":20},
    {"p1":42,
     "p2":43,
     "p3":59},
    {"p1":43,
     "p2":57,
     "p3":59},
    {"p1":43,
     "p2":44,
     "p3":45},
    {"p1":43,
     "p2":45,
     "p3":57},
    {"p1":15,
     "p2":16,
     "p3":17},
    {"p1":15,
     "p2":17,
     "p3":19},
    {"p1":17,
     "p2":18,
     "p3":19}]
}