{"points":[
    {"x":0.002079,
     "y":0.50104},
    {"x":0.002079,
     "y":0.54262},
    {"x":0.004158,
     "y":0.5842},
    {"x":0.008316,
     "y":0.62578},
    {"x":0.049896,
     "y":0.61331},
    {"x":0.091476,
     "y":0.60499},
    {"x":0.13098,
     "y":0.59459},
    {"x":0.17048,
     "y":0.5842},
    {"x":0.21206,
     "y":0.5738},
    {"x":0.25364,
     "y":0.56341},
    {"x":0.29522,
     "y":0.55301},
    {"x":0.33056,
     "y":0.55509},
    {"x":0.35551,
     "y":0.59667},
    {"x":0.39085,
     "y":0.62786},
    {"x":0.42827,
     "y":0.64241},
    {"x":0.43867,
     "y":0.67568},
    {"x":0.43035,
     "y":0.71726},
    {"x":0.42204,
     "y":0.75884},
    {"x":0.41164,
     "y":0.80042},
    {"x":0.40333,
     "y":0.842},
    {"x":0.39501,
     "y":0.88358},
    {"x":0.38669,
     "y":0.92516},
    {"x":0.37838,
     "y":0.96674},
    {"x":0.38877,
     "y":0.99584},
    {"x":0.43035,
     "y":0.99792},
    {"x":0.47193,
     "y":1},
    {"x":0.51351,
     "y":1},
    {"x":0.55509,
     "y":0.99792},
    {"x":0.59667,
     "y":0.99584},
    {"x":0.61123,
     "y":0.97297},
    {"x":0.59875,
     "y":0.93139},
    {"x":0.58628,
     "y":0.88981},
    {"x":0.5738,
     "y":0.84823},
    {"x":0.56133,
     "y":0.80665},
    {"x":0.54886,
     "y":0.76507},
    {"x":0.53846,
     "y":0.72349},
    {"x":0.52599,
     "y":0.68191},
    {"x":0.51975,
     "y":0.64033},
    {"x":0.55925,
     "y":0.62162},
    {"x":0.59459,
     "y":0.5842},
    {"x":0.61538,
     "y":0.54262},
    {"x":0.65696,
     "y":0.55094},
    {"x":0.69854,
     "y":0.55925},
    {"x":0.74012,
     "y":0.56965},
    {"x":0.7817,
     "y":0.58004},
    {"x":0.82328,
     "y":0.58836},
    {"x":0.86279,
     "y":0.59875},
    {"x":0.90437,
     "y":0.60707},
    {"x":0.94595,
     "y":0.61746},
    {"x":0.98545,
     "y":0.62162},
    {"x":0.98753,
     "y":0.58004},
    {"x":0.9896,
     "y":0.53846},
    {"x":0.9896,
     "y":0.49688},
    {"x":0.9896,
     "y":0.4553},
    {"x":0.98753,
     "y":0.41372},
    {"x":0.98129,
     "y":0.3763},
    {"x":0.93971,
     "y":0.38669},
    {"x":0.89813,
     "y":0.39709},
    {"x":0.85655,
     "y":0.40748},
    {"x":0.81497,
     "y":0.41788},
    {"x":0.77339,
     "y":0.42827},
    {"x":0.73181,
     "y":0.43867},
    {"x":0.69023,
     "y":0.44906},
    {"x":0.64865,
     "y":0.45946},
    {"x":0.61538,
     "y":0.4553},
    {"x":0.59459,
     "y":0.41372},
    {"x":0.55717,
     "y":0.37422},
    {"x":0.51975,
     "y":0.34927},
    {"x":0.53222,
     "y":0.30769},
    {"x":0.54262,
     "y":0.26611},
    {"x":0.55301,
     "y":0.22453},
    {"x":0.56549,
     "y":0.18295},
    {"x":0.57796,
     "y":0.14137},
    {"x":0.59044,
     "y":0.099792},
    {"x":0.60291,
     "y":0.058212},
    {"x":0.61538,
     "y":0.016632},
    {"x":0.58628,
     "y":0.004158},
    {"x":0.5447,
     "y":0},
    {"x":0.50312,
     "y":0},
    {"x":0.46154,
     "y":0},
    {"x":0.41996,
     "y":0.002079},
    {"x":0.37838,
     "y":0.006237},
    {"x":0.38046,
     "y":0.043659},
    {"x":0.38877,
     "y":0.085239},
    {"x":0.39501,
     "y":0.12682},
    {"x":0.40541,
     "y":0.1684},
    {"x":0.41372,
     "y":0.20998},
    {"x":0.41996,
     "y":0.25156},
    {"x":0.43035,
     "y":0.29314},
    {"x":0.43867,
     "y":0.33472},
    {"x":0.41164,
     "y":0.35967},
    {"x":0.37006,
     "y":0.38462},
    {"x":0.33888,
     "y":0.42204},
    {"x":0.32017,
     "y":0.46154},
    {"x":0.27859,
     "y":0.45114},
    {"x":0.23701,
     "y":0.43867},
    {"x":0.19543,
     "y":0.42827},
    {"x":0.15385,
     "y":0.4158},
    {"x":0.11227,
     "y":0.40541},
    {"x":0.070686,
     "y":0.39293},
    {"x":0.029106,
     "y":0.38254},
    {"x":0.006237,
     "y":0.39709},
    {"x":0.002079,
     "y":0.43867},
    {"x":0,
     "y":0.48025},
    {"x":0.002079,
     "y":0.50104}],
 "triangles":[
    {"p1":20,
     "p2":21,
     "p3":25},
    {"p1":27,
     "p2":28,
     "p3":29},
    {"p1":14,
     "p2":65,
     "p3":90},
    {"p1":90,
     "p2":91,
     "p3":92},
    {"p1":67,
     "p2":89,
     "p3":90},
    {"p1":21,
     "p2":24,
     "p3":25},
    {"p1":99,
     "p2":102,
     "p3":103},
    {"p1":99,
     "p2":100,
     "p3":102},
    {"p1":100,
     "p2":101,
     "p3":102},
    {"p1":98,
     "p2":99,
     "p3":103},
    {"p1":45,
     "p2":46,
     "p3":58},
    {"p1":27,
     "p2":29,
     "p3":30},
    {"p1":26,
     "p2":27,
     "p3":30},
    {"p1":48,
     "p2":49,
     "p3":50},
    {"p1":53,
     "p2":54,
     "p3":56},
    {"p1":54,
     "p2":55,
     "p3":56},
    {"p1":46,
     "p2":52,
     "p3":58},
    {"p1":67,
     "p2":68,
     "p3":89},
    {"p1":45,
     "p2":58,
     "p3":59},
    {"p1":44,
     "p2":59,
     "p3":60},
    {"p1":44,
     "p2":45,
     "p3":59},
    {"p1":71,
     "p2":85,
     "p3":86},
    {"p1":74,
     "p2":76,
     "p3":77},
    {"p1":74,
     "p2":75,
     "p3":76},
    {"p1":72,
     "p2":84,
     "p3":85},
    {"p1":71,
     "p2":72,
     "p3":85},
    {"p1":22,
     "p2":23,
     "p3":24},
    {"p1":21,
     "p2":22,
     "p3":24},
    {"p1":79,
     "p2":80,
     "p3":83},
    {"p1":80,
     "p2":81,
     "p3":82},
    {"p1":80,
     "p2":82,
     "p3":83},
    {"p1":0,
     "p2":98,
     "p3":103},
    {"p1":26,
     "p2":30,
     "p3":31},
    {"p1":25,
     "p2":26,
     "p3":31},
    {"p1":20,
     "p2":25,
     "p3":31},
    {"p1":20,
     "p2":31,
     "p3":32},
    {"p1":47,
     "p2":50,
     "p3":51},
    {"p1":47,
     "p2":48,
     "p3":50},
    {"p1":47,
     "p2":51,
     "p3":52},
    {"p1":46,
     "p2":47,
     "p3":52},
    {"p1":43,
     "p2":44,
     "p3":60},
    {"p1":19,
     "p2":20,
     "p3":32},
    {"p1":7,
     "p2":96,
     "p3":97},
    {"p1":66,
     "p2":67,
     "p3":90},
    {"p1":65,
     "p2":66,
     "p3":90},
    {"p1":68,
     "p2":88,
     "p3":89},
    {"p1":69,
     "p2":87,
     "p3":88},
    {"p1":68,
     "p2":69,
     "p3":88},
    {"p1":70,
     "p2":71,
     "p3":86},
    {"p1":69,
     "p2":70,
     "p3":87},
    {"p1":70,
     "p2":86,
     "p3":87},
    {"p1":43,
     "p2":60,
     "p3":61},
    {"p1":53,
     "p2":56,
     "p3":57},
    {"p1":52,
     "p2":53,
     "p3":57},
    {"p1":52,
     "p2":57,
     "p3":58},
    {"p1":72,
     "p2":78,
     "p3":84},
    {"p1":78,
     "p2":83,
     "p3":84},
    {"p1":78,
     "p2":79,
     "p3":83},
    {"p1":17,
     "p2":34,
     "p3":35},
    {"p1":16,
     "p2":17,
     "p3":35},
    {"p1":15,
     "p2":16,
     "p3":36},
    {"p1":16,
     "p2":35,
     "p3":36},
    {"p1":2,
     "p2":3,
     "p3":4},
    {"p1":1,
     "p2":2,
     "p3":4},
    {"p1":0,
     "p2":6,
     "p3":98},
    {"p1":6,
     "p2":97,
     "p3":98},
    {"p1":6,
     "p2":7,
     "p3":97},
    {"p1":7,
     "p2":8,
     "p3":96},
    {"p1":8,
     "p2":95,
     "p3":96},
    {"p1":41,
     "p2":62,
     "p3":63},
    {"p1":73,
     "p2":74,
     "p3":77},
    {"p1":73,
     "p2":77,
     "p3":78},
    {"p1":72,
     "p2":73,
     "p3":78},
    {"p1":14,
     "p2":37,
     "p3":65},
    {"p1":14,
     "p2":15,
     "p3":37},
    {"p1":15,
     "p2":36,
     "p3":37},
    {"p1":17,
     "p2":18,
     "p3":34},
    {"p1":1,
     "p2":4,
     "p3":5},
    {"p1":0,
     "p2":1,
     "p3":5},
    {"p1":0,
     "p2":5,
     "p3":6},
    {"p1":12,
     "p2":13,
     "p3":14},
    {"p1":41,
     "p2":42,
     "p3":62},
    {"p1":42,
     "p2":61,
     "p3":62},
    {"p1":42,
     "p2":43,
     "p3":61},
    {"p1":40,
     "p2":63,
     "p3":64},
    {"p1":40,
     "p2":41,
     "p3":63},
    {"p1":18,
     "p2":33,
     "p3":34},
    {"p1":19,
     "p2":32,
     "p3":33},
    {"p1":18,
     "p2":19,
     "p3":33},
    {"p1":10,
     "p2":93,
     "p3":94},
    {"p1":37,
     "p2":38,
     "p3":39},
    {"p1":37,
     "p2":39,
     "p3":65},
    {"p1":10,
     "p2":11,
     "p3":93},
    {"p1":11,
     "p2":92,
     "p3":93},
    {"p1":11,
     "p2":90,
     "p3":92},
    {"p1":11,
     "p2":14,
     "p3":90},
    {"p1":11,
     "p2":12,
     "p3":14},
    {"p1":9,
     "p2":10,
     "p3":94},
    {"p1":9,
     "p2":94,
     "p3":95},
    {"p1":8,
     "p2":9,
     "p3":95},
    {"p1":39,
     "p2":40,
     "p3":64},
    {"p1":39,
     "p2":64,
     "p3":65}]
}