{"points":[
    {"x":0.004902,
     "y":0.52941},
    {"x":0.0098039,
     "y":0.56863},
    {"x":0.012255,
     "y":0.60784},
    {"x":0.014706,
     "y":0.64706},
    {"x":0.046569,
     "y":0.66176},
    {"x":0.085784,
     "y":0.67157},
    {"x":0.125,
     "y":0.67892},
    {"x":0.16422,
     "y":0.68382},
    {"x":0.20343,
     "y":0.68873},
    {"x":0.24265,
     "y":0.69118},
    {"x":0.28186,
     "y":0.69363},
    {"x":0.32108,
     "y":0.69118},
    {"x":0.36029,
     "y":0.68627},
    {"x":0.39951,
     "y":0.67647},
    {"x":0.43382,
     "y":0.67647},
    {"x":0.44118,
     "y":0.71569},
    {"x":0.44608,
     "y":0.7549},
    {"x":0.44608,
     "y":0.79412},
    {"x":0.44363,
     "y":0.83333},
    {"x":0.43627,
     "y":0.87255},
    {"x":0.42647,
     "y":0.91176},
    {"x":0.41667,
     "y":0.95098},
    {"x":0.40686,
     "y":0.9902},
    {"x":0.43137,
     "y":1},
    {"x":0.47059,
     "y":0.99755},
    {"x":0.5098,
     "y":0.9951},
    {"x":0.54902,
     "y":0.99265},
    {"x":0.58824,
     "y":0.98775},
    {"x":0.62745,
     "y":0.98529},
    {"x":0.64951,
     "y":0.96569},
    {"x":0.65931,
     "y":0.92647},
    {"x":0.66422,
     "y":0.88725},
    {"x":0.67157,
     "y":0.84804},
    {"x":0.67402,
     "y":0.80882},
    {"x":0.67892,
     "y":0.76961},
    {"x":0.67892,
     "y":0.73039},
    {"x":0.67647,
     "y":0.69118},
    {"x":0.67157,
     "y":0.65196},
    {"x":0.66176,
     "y":0.61275},
    {"x":0.65196,
     "y":0.57353},
    {"x":0.66912,
     "y":0.55147},
    {"x":0.70833,
     "y":0.54902},
    {"x":0.74755,
     "y":0.54902},
    {"x":0.78676,
     "y":0.55147},
    {"x":0.82598,
     "y":0.55882},
    {"x":0.8652,
     "y":0.56618},
    {"x":0.90441,
     "y":0.57598},
    {"x":0.94363,
     "y":0.58824},
    {"x":0.98284,
     "y":0.59804},
    {"x":0.98039,
     "y":0.55882},
    {"x":0.98039,
     "y":0.51961},
    {"x":0.97794,
     "y":0.48039},
    {"x":0.97549,
     "y":0.44118},
    {"x":0.97304,
     "y":0.40196},
    {"x":0.97059,
     "y":0.36275},
    {"x":0.94118,
     "y":0.34559},
    {"x":0.90196,
     "y":0.33824},
    {"x":0.86275,
     "y":0.33333},
    {"x":0.82353,
     "y":0.32598},
    {"x":0.78431,
     "y":0.32108},
    {"x":0.7451,
     "y":0.31863},
    {"x":0.70588,
     "y":0.31618},
    {"x":0.66667,
     "y":0.31618},
    {"x":0.62745,
     "y":0.32108},
    {"x":0.58824,
     "y":0.32843},
    {"x":0.54902,
     "y":0.33578},
    {"x":0.54167,
     "y":0.29657},
    {"x":0.54412,
     "y":0.25735},
    {"x":0.54657,
     "y":0.21814},
    {"x":0.55392,
     "y":0.17892},
    {"x":0.56127,
     "y":0.13971},
    {"x":0.57108,
     "y":0.10049},
    {"x":0.58088,
     "y":0.061275},
    {"x":0.59069,
     "y":0.022059},
    {"x":0.57598,
     "y":0},
    {"x":0.53676,
     "y":0.002451},
    {"x":0.49755,
     "y":0.004902},
    {"x":0.45833,
     "y":0.004902},
    {"x":0.41912,
     "y":0.0073529},
    {"x":0.3799,
     "y":0.0073529},
    {"x":0.35049,
     "y":0.022059},
    {"x":0.34069,
     "y":0.061275},
    {"x":0.33333,
     "y":0.10049},
    {"x":0.32598,
     "y":0.13971},
    {"x":0.31863,
     "y":0.17892},
    {"x":0.31373,
     "y":0.21814},
    {"x":0.30882,
     "y":0.25735},
    {"x":0.30637,
     "y":0.29657},
    {"x":0.30637,
     "y":0.33578},
    {"x":0.31127,
     "y":0.375},
    {"x":0.31618,
     "y":0.41422},
    {"x":0.29902,
     "y":0.43873},
    {"x":0.2598,
     "y":0.44363},
    {"x":0.22059,
     "y":0.44608},
    {"x":0.18137,
     "y":0.44363},
    {"x":0.14216,
     "y":0.43627},
    {"x":0.10294,
     "y":0.42892},
    {"x":0.063725,
     "y":0.41912},
    {"x":0.02451,
     "y":0.40931},
    {"x":0,
     "y":0.41912},
    {"x":0.002451,
     "y":0.45833},
    {"x":0.004902,
     "y":0.49755},
    {"x":0.004902,
     "y":0.52941}],
 "triangles":[
    {"p1":68,
     "p2":69,
     "p3":83},
    {"p1":68,
     "p2":83,
     "p3":84},
    {"p1":69,
     "p2":82,
     "p3":83},
    {"p1":73,
     "p2":74,
     "p3":75},
    {"p1":72,
     "p2":73,
     "p3":75},
    {"p1":2,
     "p2":3,
     "p3":4},
    {"p1":68,
     "p2":84,
     "p3":85},
    {"p1":67,
     "p2":68,
     "p3":85},
    {"p1":2,
     "p2":4,
     "p3":5},
    {"p1":1,
     "p2":2,
     "p3":5},
    {"p1":11,
     "p2":91,
     "p3":92},
    {"p1":13,
     "p2":14,
     "p3":91},
    {"p1":45,
     "p2":51,
     "p3":52},
    {"p1":41,
     "p2":61,
     "p3":62},
    {"p1":41,
     "p2":42,
     "p3":60},
    {"p1":41,
     "p2":60,
     "p3":61},
    {"p1":70,
     "p2":71,
     "p3":77},
    {"p1":69,
     "p2":70,
     "p3":82},
    {"p1":70,
     "p2":77,
     "p3":82},
    {"p1":79,
     "p2":80,
     "p3":81},
    {"p1":77,
     "p2":78,
     "p3":82},
    {"p1":78,
     "p2":81,
     "p3":82},
    {"p1":78,
     "p2":79,
     "p3":81},
    {"p1":71,
     "p2":76,
     "p3":77},
    {"p1":71,
     "p2":72,
     "p3":76},
    {"p1":72,
     "p2":75,
     "p3":76},
    {"p1":0,
     "p2":1,
     "p3":95},
    {"p1":97,
     "p2":98,
     "p3":100},
    {"p1":97,
     "p2":100,
     "p3":101},
    {"p1":98,
     "p2":99,
     "p3":100},
    {"p1":65,
     "p2":66,
     "p3":88},
    {"p1":66,
     "p2":87,
     "p3":88},
    {"p1":14,
     "p2":65,
     "p3":90},
    {"p1":14,
     "p2":90,
     "p3":91},
    {"p1":67,
     "p2":85,
     "p3":86},
    {"p1":66,
     "p2":67,
     "p3":86},
    {"p1":66,
     "p2":86,
     "p3":87},
    {"p1":10,
     "p2":11,
     "p3":92},
    {"p1":7,
     "p2":8,
     "p3":93},
    {"p1":7,
     "p2":93,
     "p3":94},
    {"p1":11,
     "p2":12,
     "p3":91},
    {"p1":12,
     "p2":13,
     "p3":91},
    {"p1":53,
     "p2":54,
     "p3":55},
    {"p1":53,
     "p2":55,
     "p3":56},
    {"p1":52,
     "p2":53,
     "p3":56},
    {"p1":52,
     "p2":56,
     "p3":57},
    {"p1":44,
     "p2":45,
     "p3":52},
    {"p1":44,
     "p2":52,
     "p3":57},
    {"p1":47,
     "p2":48,
     "p3":49},
    {"p1":42,
     "p2":59,
     "p3":60},
    {"p1":0,
     "p2":95,
     "p3":96},
    {"p1":0,
     "p2":96,
     "p3":101},
    {"p1":96,
     "p2":97,
     "p3":101},
    {"p1":65,
     "p2":88,
     "p3":89},
    {"p1":65,
     "p2":89,
     "p3":90},
    {"p1":9,
     "p2":10,
     "p3":92},
    {"p1":8,
     "p2":9,
     "p3":93},
    {"p1":9,
     "p2":92,
     "p3":93},
    {"p1":20,
     "p2":24,
     "p3":25},
    {"p1":6,
     "p2":7,
     "p3":94},
    {"p1":6,
     "p2":94,
     "p3":95},
    {"p1":1,
     "p2":6,
     "p3":95},
    {"p1":1,
     "p2":5,
     "p3":6},
    {"p1":26,
     "p2":27,
     "p3":31},
    {"p1":27,
     "p2":30,
     "p3":31},
    {"p1":27,
     "p2":28,
     "p3":29},
    {"p1":27,
     "p2":29,
     "p3":30},
    {"p1":15,
     "p2":16,
     "p3":35},
    {"p1":16,
     "p2":17,
     "p3":34},
    {"p1":17,
     "p2":33,
     "p3":34},
    {"p1":16,
     "p2":34,
     "p3":35},
    {"p1":14,
     "p2":39,
     "p3":65},
    {"p1":14,
     "p2":38,
     "p3":39},
    {"p1":43,
     "p2":57,
     "p3":58},
    {"p1":43,
     "p2":44,
     "p3":57},
    {"p1":42,
     "p2":43,
     "p3":59},
    {"p1":43,
     "p2":58,
     "p3":59},
    {"p1":46,
     "p2":50,
     "p3":51},
    {"p1":45,
     "p2":46,
     "p3":51},
    {"p1":46,
     "p2":49,
     "p3":50},
    {"p1":46,
     "p2":47,
     "p3":49},
    {"p1":19,
     "p2":26,
     "p3":31},
    {"p1":19,
     "p2":25,
     "p3":26},
    {"p1":19,
     "p2":20,
     "p3":25},
    {"p1":21,
     "p2":22,
     "p3":23},
    {"p1":21,
     "p2":23,
     "p3":24},
    {"p1":20,
     "p2":21,
     "p3":24},
    {"p1":15,
     "p2":35,
     "p3":36},
    {"p1":40,
     "p2":64,
     "p3":65},
    {"p1":39,
     "p2":40,
     "p3":65},
    {"p1":40,
     "p2":63,
     "p3":64},
    {"p1":40,
     "p2":41,
     "p3":62},
    {"p1":40,
     "p2":62,
     "p3":63},
    {"p1":18,
     "p2":19,
     "p3":31},
    {"p1":18,
     "p2":31,
     "p3":32},
    {"p1":17,
     "p2":18,
     "p3":33},
    {"p1":18,
     "p2":32,
     "p3":33},
    {"p1":14,
     "p2":15,
     "p3":37},
    {"p1":15,
     "p2":36,
     "p3":37},
    {"p1":14,
     "p2":37,
     "p3":38}]
}