{"points":[
    {"x":0.0024691,
     "y":0.50123},
    {"x":0,
     "y":0.53333},
    {"x":0.0098765,
     "y":0.56049},
    {"x":0.012346,
     "y":0.58272},
    {"x":0.012346,
     "y":0.61481},
    {"x":0.024691,
     "y":0.63704},
    {"x":0.034568,
     "y":0.66914},
    {"x":0.041975,
     "y":0.69383},
    {"x":0.051852,
     "y":0.72346},
    {"x":0.074074,
     "y":0.75309},
    {"x":0.08642,
     "y":0.78519},
    {"x":0.10617,
     "y":0.81235},
    {"x":0.1284,
     "y":0.83704},
    {"x":0.15062,
     "y":0.85432},
    {"x":0.17531,
     "y":0.87654},
    {"x":0.19753,
     "y":0.9037},
    {"x":0.22963,
     "y":0.91605},
    {"x":0.25926,
     "y":0.93827},
    {"x":0.29136,
     "y":0.95062},
    {"x":0.32346,
     "y":0.95309},
    {"x":0.3284,
     "y":0.97284},
    {"x":0.35802,
     "y":0.97531},
    {"x":0.37531,
     "y":0.98519},
    {"x":0.40741,
     "y":0.98765},
    {"x":0.43951,
     "y":0.99012},
    {"x":0.4716,
     "y":0.98519},
    {"x":0.49136,
     "y":1},
    {"x":0.52346,
     "y":0.99259},
    {"x":0.55556,
     "y":0.99012},
    {"x":0.58765,
     "y":0.98025},
    {"x":0.61481,
     "y":0.98765},
    {"x":0.64444,
     "y":0.9679},
    {"x":0.67654,
     "y":0.95802},
    {"x":0.70864,
     "y":0.93333},
    {"x":0.74074,
     "y":0.92593},
    {"x":0.76296,
     "y":0.90123},
    {"x":0.79506,
     "y":0.88148},
    {"x":0.82716,
     "y":0.86914},
    {"x":0.81235,
     "y":0.85432},
    {"x":0.84444,
     "y":0.83704},
    {"x":0.8716,
     "y":0.80494},
    {"x":0.88148,
     "y":0.77778},
    {"x":0.90617,
     "y":0.75062},
    {"x":0.92099,
     "y":0.71852},
    {"x":0.94074,
     "y":0.68642},
    {"x":0.95062,
     "y":0.65432},
    {"x":0.95802,
     "y":0.62222},
    {"x":0.96543,
     "y":0.59012},
    {"x":0.97284,
     "y":0.55802},
    {"x":0.97531,
     "y":0.52593},
    {"x":0.98025,
     "y":0.49383},
    {"x":0.97531,
     "y":0.46667},
    {"x":0.97037,
     "y":0.43457},
    {"x":0.9679,
     "y":0.40247},
    {"x":0.96049,
     "y":0.37778},
    {"x":0.95802,
     "y":0.34815},
    {"x":0.93086,
     "y":0.33827},
    {"x":0.94321,
     "y":0.30617},
    {"x":0.91852,
     "y":0.27654},
    {"x":0.91111,
     "y":0.24444},
    {"x":0.88889,
     "y":0.22222},
    {"x":0.87407,
     "y":0.19259},
    {"x":0.84938,
     "y":0.16543},
    {"x":0.83704,
     "y":0.14074},
    {"x":0.80741,
     "y":0.13086},
    {"x":0.79259,
     "y":0.11358},
    {"x":0.77778,
     "y":0.093827},
    {"x":0.75556,
     "y":0.076543},
    {"x":0.7284,
     "y":0.071605},
    {"x":0.69877,
     "y":0.046914},
    {"x":0.66667,
     "y":0.046914},
    {"x":0.64444,
     "y":0.024691},
    {"x":0.61235,
     "y":0.02716},
    {"x":0.59753,
     "y":0.0074074},
    {"x":0.56543,
     "y":0.0098765},
    {"x":0.53333,
     "y":0.0049383},
    {"x":0.50123,
     "y":0.0049383},
    {"x":0.47407,
     "y":0},
    {"x":0.44198,
     "y":0.0074074},
    {"x":0.40988,
     "y":0.012346},
    {"x":0.37778,
     "y":0.017284},
    {"x":0.34568,
     "y":0.022222},
    {"x":0.31358,
     "y":0.039506},
    {"x":0.28148,
     "y":0.051852},
    {"x":0.24938,
     "y":0.074074},
    {"x":0.22222,
     "y":0.079012},
    {"x":0.19012,
     "y":0.096296},
    {"x":0.17284,
     "y":0.12593},
    {"x":0.14815,
     "y":0.15556},
    {"x":0.11605,
     "y":0.17778},
    {"x":0.091358,
     "y":0.20988},
    {"x":0.074074,
     "y":0.24198},
    {"x":0.061728,
     "y":0.27407},
    {"x":0.044444,
     "y":0.30617},
    {"x":0.022222,
     "y":0.33333},
    {"x":0.022222,
     "y":0.36049},
    {"x":0.0049383,
     "y":0.39259},
    {"x":0.0024691,
     "y":0.42222},
    {"x":0.0024691,
     "y":0.44444},
    {"x":0.0098765,
     "y":0.46914},
    {"x":0.0024691,
     "y":0.50123},
    {"x":0.0024691,
     "y":0.50123}],
 "triangles":[
    {"p1":56,
     "p2":70,
     "p3":88},
    {"p1":19,
     "p2":38,
     "p3":56},
    {"p1":56,
     "p2":88,
     "p3":92},
    {"p1":38,
     "p2":41,
     "p3":56},
    {"p1":19,
     "p2":25,
     "p3":38},
    {"p1":70,
     "p2":84,
     "p3":88},
    {"p1":79,
     "p2":82,
     "p3":84},
    {"p1":19,
     "p2":56,
     "p3":99},
    {"p1":56,
     "p2":92,
     "p3":99},
    {"p1":97,
     "p2":98,
     "p3":99},
    {"p1":52,
     "p2":53,
     "p3":56},
    {"p1":56,
     "p2":57,
     "p3":58},
    {"p1":56,
     "p2":58,
     "p3":60},
    {"p1":56,
     "p2":64,
     "p3":70},
    {"p1":56,
     "p2":60,
     "p3":64},
    {"p1":41,
     "p2":46,
     "p3":56},
    {"p1":38,
     "p2":39,
     "p3":41},
    {"p1":36,
     "p2":37,
     "p3":38},
    {"p1":25,
     "p2":26,
     "p3":27},
    {"p1":25,
     "p2":33,
     "p3":38},
    {"p1":16,
     "p2":17,
     "p3":19},
    {"p1":19,
     "p2":20,
     "p3":21},
    {"p1":17,
     "p2":18,
     "p3":19},
    {"p1":84,
     "p2":87,
     "p3":88},
    {"p1":85,
     "p2":86,
     "p3":87},
    {"p1":84,
     "p2":85,
     "p3":87},
    {"p1":80,
     "p2":81,
     "p3":82},
    {"p1":79,
     "p2":80,
     "p3":82},
    {"p1":70,
     "p2":72,
     "p3":84},
    {"p1":72,
     "p2":79,
     "p3":84},
    {"p1":72,
     "p2":73,
     "p3":74},
    {"p1":9,
     "p2":13,
     "p3":19},
    {"p1":9,
     "p2":11,
     "p3":13},
    {"p1":9,
     "p2":10,
     "p3":11},
    {"p1":92,
     "p2":93,
     "p3":99},
    {"p1":95,
     "p2":96,
     "p3":97},
    {"p1":95,
     "p2":97,
     "p3":99},
    {"p1":93,
     "p2":95,
     "p3":99},
    {"p1":88,
     "p2":89,
     "p3":90},
    {"p1":88,
     "p2":91,
     "p3":92},
    {"p1":88,
     "p2":90,
     "p3":91},
    {"p1":70,
     "p2":71,
     "p3":72},
    {"p1":58,
     "p2":59,
     "p3":60},
    {"p1":49,
     "p2":51,
     "p3":56},
    {"p1":51,
     "p2":52,
     "p3":56},
    {"p1":49,
     "p2":50,
     "p3":51},
    {"p1":53,
     "p2":54,
     "p3":56},
    {"p1":54,
     "p2":55,
     "p3":56},
    {"p1":60,
     "p2":62,
     "p3":64},
    {"p1":62,
     "p2":63,
     "p3":64},
    {"p1":47,
     "p2":49,
     "p3":56},
    {"p1":46,
     "p2":47,
     "p3":56},
    {"p1":47,
     "p2":48,
     "p3":49},
    {"p1":39,
     "p2":40,
     "p3":41},
    {"p1":19,
     "p2":23,
     "p3":25},
    {"p1":23,
     "p2":24,
     "p3":25},
    {"p1":19,
     "p2":21,
     "p3":23},
    {"p1":21,
     "p2":22,
     "p3":23},
    {"p1":35,
     "p2":36,
     "p3":38},
    {"p1":33,
     "p2":35,
     "p3":38},
    {"p1":33,
     "p2":34,
     "p3":35},
    {"p1":25,
     "p2":27,
     "p3":29},
    {"p1":25,
     "p2":29,
     "p3":33},
    {"p1":11,
     "p2":12,
     "p3":13},
    {"p1":14,
     "p2":15,
     "p3":16},
    {"p1":13,
     "p2":14,
     "p3":19},
    {"p1":14,
     "p2":16,
     "p3":19},
    {"p1":82,
     "p2":83,
     "p3":84},
    {"p1":5,
     "p2":19,
     "p3":99},
    {"p1":5,
     "p2":9,
     "p3":19},
    {"p1":93,
     "p2":94,
     "p3":95},
    {"p1":64,
     "p2":68,
     "p3":70},
    {"p1":68,
     "p2":69,
     "p3":70},
    {"p1":66,
     "p2":67,
     "p3":68},
    {"p1":60,
     "p2":61,
     "p3":62},
    {"p1":41,
     "p2":43,
     "p3":46},
    {"p1":27,
     "p2":28,
     "p3":29},
    {"p1":29,
     "p2":31,
     "p3":33},
    {"p1":31,
     "p2":32,
     "p3":33},
    {"p1":29,
     "p2":30,
     "p3":31},
    {"p1":72,
     "p2":78,
     "p3":79},
    {"p1":72,
     "p2":76,
     "p3":78},
    {"p1":76,
     "p2":77,
     "p3":78},
    {"p1":72,
     "p2":74,
     "p3":75},
    {"p1":72,
     "p2":75,
     "p3":76},
    {"p1":2,
     "p2":5,
     "p3":99},
    {"p1":0,
     "p2":1,
     "p3":2},
    {"p1":0,
     "p2":2,
     "p3":99},
    {"p1":5,
     "p2":6,
     "p3":9},
    {"p1":65,
     "p2":66,
     "p3":68},
    {"p1":64,
     "p2":65,
     "p3":68},
    {"p1":43,
     "p2":45,
     "p3":46},
    {"p1":43,
     "p2":44,
     "p3":45},
    {"p1":41,
     "p2":42,
     "p3":43},
    {"p1":3,
     "p2":4,
     "p3":5},
    {"p1":2,
     "p2":3,
     "p3":5},
    {"p1":7,
     "p2":8,
     "p3":9},
    {"p1":6,
     "p2":7,
     "p3":9}]
}