{"points":[
    {"x":0.028662,
     "y":0.59554},
    {"x":0.015924,
     "y":0.6242},
    {"x":0,
     "y":0.65287},
    {"x":0.0063694,
     "y":0.67516},
    {"x":0.035032,
     "y":0.69108},
    {"x":0.063694,
     "y":0.70382},
    {"x":0.092357,
     "y":0.71975},
    {"x":0.12102,
     "y":0.73567},
    {"x":0.14968,
     "y":0.75159},
    {"x":0.17834,
     "y":0.7707},
    {"x":0.20701,
     "y":0.78981},
    {"x":0.23567,
     "y":0.80892},
    {"x":0.26433,
     "y":0.82803},
    {"x":0.29299,
     "y":0.85032},
    {"x":0.32166,
     "y":0.87261},
    {"x":0.35032,
     "y":0.8949},
    {"x":0.37898,
     "y":0.92038},
    {"x":0.40764,
     "y":0.94586},
    {"x":0.43631,
     "y":0.97452},
    {"x":0.46178,
     "y":1},
    {"x":0.49045,
     "y":0.99682},
    {"x":0.50955,
     "y":0.97771},
    {"x":0.53503,
     "y":0.95541},
    {"x":0.56369,
     "y":0.92994},
    {"x":0.59236,
     "y":0.90446},
    {"x":0.62102,
     "y":0.88217},
    {"x":0.64968,
     "y":0.85987},
    {"x":0.67834,
     "y":0.83758},
    {"x":0.70701,
     "y":0.81847},
    {"x":0.73567,
     "y":0.79936},
    {"x":0.76433,
     "y":0.78344},
    {"x":0.79299,
     "y":0.76433},
    {"x":0.82166,
     "y":0.74841},
    {"x":0.85032,
     "y":0.73248},
    {"x":0.87898,
     "y":0.71975},
    {"x":0.90764,
     "y":0.70382},
    {"x":0.93631,
     "y":0.69108},
    {"x":0.96497,
     "y":0.67834},
    {"x":0.97452,
     "y":0.65924},
    {"x":0.9586,
     "y":0.63057},
    {"x":0.94268,
     "y":0.60191},
    {"x":0.92994,
     "y":0.57325},
    {"x":0.9172,
     "y":0.54459},
    {"x":0.90446,
     "y":0.51592},
    {"x":0.8949,
     "y":0.48726},
    {"x":0.88535,
     "y":0.4586},
    {"x":0.8758,
     "y":0.42994},
    {"x":0.86624,
     "y":0.40127},
    {"x":0.85987,
     "y":0.37261},
    {"x":0.85669,
     "y":0.34395},
    {"x":0.85032,
     "y":0.31529},
    {"x":0.84395,
     "y":0.28662},
    {"x":0.84076,
     "y":0.25796},
    {"x":0.83758,
     "y":0.2293},
    {"x":0.83758,
     "y":0.20064},
    {"x":0.83758,
     "y":0.17197},
    {"x":0.83439,
     "y":0.14331},
    {"x":0.83439,
     "y":0.11465},
    {"x":0.83439,
     "y":0.085987},
    {"x":0.83439,
     "y":0.057325},
    {"x":0.83439,
     "y":0.028662},
    {"x":0.83439,
     "y":0},
    {"x":0.80892,
     "y":0.0031847},
    {"x":0.78025,
     "y":0.012739},
    {"x":0.75159,
     "y":0.022293},
    {"x":0.72293,
     "y":0.031847},
    {"x":0.69427,
     "y":0.038217},
    {"x":0.66561,
     "y":0.044586},
    {"x":0.63694,
     "y":0.050955},
    {"x":0.60828,
     "y":0.057325},
    {"x":0.57962,
     "y":0.06051},
    {"x":0.55096,
     "y":0.063694},
    {"x":0.52229,
     "y":0.066879},
    {"x":0.49363,
     "y":0.070064},
    {"x":0.46497,
     "y":0.070064},
    {"x":0.43631,
     "y":0.070064},
    {"x":0.40764,
     "y":0.066879},
    {"x":0.37898,
     "y":0.063694},
    {"x":0.35032,
     "y":0.063694},
    {"x":0.32166,
     "y":0.057325},
    {"x":0.29299,
     "y":0.05414},
    {"x":0.26433,
     "y":0.047771},
    {"x":0.23567,
     "y":0.038217},
    {"x":0.20701,
     "y":0.031847},
    {"x":0.17834,
     "y":0.022293},
    {"x":0.14968,
     "y":0.015924},
    {"x":0.13057,
     "y":0.019108},
    {"x":0.13057,
     "y":0.047771},
    {"x":0.13057,
     "y":0.076433},
    {"x":0.13057,
     "y":0.1051},
    {"x":0.13057,
     "y":0.13376},
    {"x":0.13057,
     "y":0.16242},
    {"x":0.12739,
     "y":0.19108},
    {"x":0.12739,
     "y":0.21975},
    {"x":0.1242,
     "y":0.24841},
    {"x":0.11783,
     "y":0.27707},
    {"x":0.11465,
     "y":0.30573},
    {"x":0.11146,
     "y":0.33439},
    {"x":0.1051,
     "y":0.36306},
    {"x":0.098726,
     "y":0.39172},
    {"x":0.089172,
     "y":0.42038},
    {"x":0.082803,
     "y":0.44904},
    {"x":0.073248,
     "y":0.47771},
    {"x":0.063694,
     "y":0.50637},
    {"x":0.05414,
     "y":0.53503},
    {"x":0.041401,
     "y":0.56369},
    {"x":0.028662,
     "y":0.59236},
    {"x":0.028662,
     "y":0.59554}],
 "triangles":[
    {"p1":85,
     "p2":86,
     "p3":87},
    {"p1":84,
     "p2":85,
     "p3":87},
    {"p1":51,
     "p2":52,
     "p3":70},
    {"p1":54,
     "p2":55,
     "p3":67},
    {"p1":18,
     "p2":19,
     "p3":20},
    {"p1":84,
     "p2":87,
     "p3":88},
    {"p1":83,
     "p2":84,
     "p3":88},
    {"p1":83,
     "p2":88,
     "p3":89},
    {"p1":81,
     "p2":90,
     "p3":91},
    {"p1":60,
     "p2":61,
     "p3":62},
    {"p1":60,
     "p2":62,
     "p3":63},
    {"p1":59,
     "p2":60,
     "p3":63},
    {"p1":50,
     "p2":72,
     "p3":73},
    {"p1":50,
     "p2":51,
     "p3":72},
    {"p1":51,
     "p2":70,
     "p3":71},
    {"p1":51,
     "p2":71,
     "p3":72},
    {"p1":52,
     "p2":69,
     "p3":70},
    {"p1":78,
     "p2":79,
     "p3":93},
    {"p1":77,
     "p2":78,
     "p3":94},
    {"p1":78,
     "p2":93,
     "p3":94},
    {"p1":82,
     "p2":83,
     "p3":89},
    {"p1":82,
     "p2":89,
     "p3":90},
    {"p1":81,
     "p2":82,
     "p3":90},
    {"p1":80,
     "p2":91,
     "p3":92},
    {"p1":80,
     "p2":92,
     "p3":93},
    {"p1":79,
     "p2":80,
     "p3":93},
    {"p1":80,
     "p2":81,
     "p3":91},
    {"p1":55,
     "p2":56,
     "p3":67},
    {"p1":59,
     "p2":63,
     "p3":64},
    {"p1":58,
     "p2":59,
     "p3":64},
    {"p1":58,
     "p2":64,
     "p3":65},
    {"p1":52,
     "p2":53,
     "p3":69},
    {"p1":54,
     "p2":67,
     "p3":68},
    {"p1":53,
     "p2":54,
     "p3":68},
    {"p1":53,
     "p2":68,
     "p3":69},
    {"p1":31,
     "p2":32,
     "p3":43},
    {"p1":29,
     "p2":45,
     "p3":46},
    {"p1":18,
     "p2":20,
     "p3":21},
    {"p1":75,
     "p2":76,
     "p3":96},
    {"p1":76,
     "p2":77,
     "p3":94},
    {"p1":28,
     "p2":47,
     "p3":99},
    {"p1":28,
     "p2":29,
     "p3":47},
    {"p1":29,
     "p2":46,
     "p3":47},
    {"p1":12,
     "p2":27,
     "p3":28},
    {"p1":12,
     "p2":28,
     "p3":99},
    {"p1":75,
     "p2":96,
     "p3":97},
    {"p1":57,
     "p2":58,
     "p3":65},
    {"p1":56,
     "p2":57,
     "p3":65},
    {"p1":56,
     "p2":66,
     "p3":67},
    {"p1":56,
     "p2":65,
     "p3":66},
    {"p1":33,
     "p2":42,
     "p3":43},
    {"p1":32,
     "p2":33,
     "p3":43},
    {"p1":33,
     "p2":41,
     "p3":42},
    {"p1":31,
     "p2":43,
     "p3":44},
    {"p1":31,
     "p2":44,
     "p3":45},
    {"p1":30,
     "p2":31,
     "p3":45},
    {"p1":29,
     "p2":30,
     "p3":45},
    {"p1":76,
     "p2":95,
     "p3":96},
    {"p1":76,
     "p2":94,
     "p3":95},
    {"p1":74,
     "p2":75,
     "p3":97},
    {"p1":9,
     "p2":10,
     "p3":101},
    {"p1":1,
     "p2":4,
     "p3":5},
    {"p1":7,
     "p2":8,
     "p3":104},
    {"p1":8,
     "p2":103,
     "p3":104},
    {"p1":47,
     "p2":48,
     "p3":99},
    {"p1":48,
     "p2":50,
     "p3":73},
    {"p1":48,
     "p2":49,
     "p3":50},
    {"p1":11,
     "p2":12,
     "p3":99},
    {"p1":10,
     "p2":11,
     "p3":101},
    {"p1":11,
     "p2":99,
     "p3":101},
    {"p1":12,
     "p2":13,
     "p3":27},
    {"p1":74,
     "p2":97,
     "p3":98},
    {"p1":73,
     "p2":74,
     "p3":98},
    {"p1":48,
     "p2":73,
     "p3":98},
    {"p1":48,
     "p2":98,
     "p3":99},
    {"p1":18,
     "p2":21,
     "p3":22},
    {"p1":17,
     "p2":18,
     "p3":22},
    {"p1":99,
     "p2":100,
     "p3":101},
    {"p1":9,
     "p2":101,
     "p3":102},
    {"p1":8,
     "p2":102,
     "p3":103},
    {"p1":8,
     "p2":9,
     "p3":102},
    {"p1":0,
     "p2":1,
     "p3":5},
    {"p1":0,
     "p2":105,
     "p3":106},
    {"p1":7,
     "p2":104,
     "p3":105},
    {"p1":35,
     "p2":40,
     "p3":41},
    {"p1":33,
     "p2":34,
     "p3":41},
    {"p1":34,
     "p2":35,
     "p3":41},
    {"p1":36,
     "p2":39,
     "p3":40},
    {"p1":35,
     "p2":36,
     "p3":40},
    {"p1":14,
     "p2":15,
     "p3":25},
    {"p1":13,
     "p2":14,
     "p3":26},
    {"p1":14,
     "p2":25,
     "p3":26},
    {"p1":13,
     "p2":26,
     "p3":27},
    {"p1":16,
     "p2":17,
     "p3":23},
    {"p1":17,
     "p2":22,
     "p3":23},
    {"p1":6,
     "p2":7,
     "p3":105},
    {"p1":0,
     "p2":5,
     "p3":6},
    {"p1":0,
     "p2":6,
     "p3":105},
    {"p1":37,
     "p2":38,
     "p3":39},
    {"p1":36,
     "p2":37,
     "p3":39},
    {"p1":15,
     "p2":24,
     "p3":25},
    {"p1":15,
     "p2":16,
     "p3":24},
    {"p1":16,
     "p2":23,
     "p3":24},
    {"p1":1,
     "p2":3,
     "p3":4},
    {"p1":1,
     "p2":2,
     "p3":3}]
}