{"points":[
    {"x":0.67674,
     "y":0.42093},
    {"x":0.64651,
     "y":0.44419},
    {"x":0.59535,
     "y":0.44419},
    {"x":0.54419,
     "y":0.44419},
    {"x":0.49302,
     "y":0.44419},
    {"x":0.44186,
     "y":0.44419},
    {"x":0.3907,
     "y":0.44419},
    {"x":0.33953,
     "y":0.44419},
    {"x":0.28837,
     "y":0.44419},
    {"x":0.24651,
     "y":0.45116},
    {"x":0.27674,
     "y":0.50233},
    {"x":0.30465,
     "y":0.55349},
    {"x":0.33488,
     "y":0.60465},
    {"x":0.36279,
     "y":0.65581},
    {"x":0.39302,
     "y":0.70698},
    {"x":0.42093,
     "y":0.75814},
    {"x":0.45116,
     "y":0.8093},
    {"x":0.47907,
     "y":0.86047},
    {"x":0.5093,
     "y":0.86744},
    {"x":0.53953,
     "y":0.81628},
    {"x":0.56744,
     "y":0.76512},
    {"x":0.59767,
     "y":0.71395},
    {"x":0.62558,
     "y":0.66279},
    {"x":0.60465,
     "y":0.64186},
    {"x":0.55349,
     "y":0.64419},
    {"x":0.50233,
     "y":0.64419},
    {"x":0.45349,
     "y":0.63953},
    {"x":0.47442,
     "y":0.60698},
    {"x":0.52558,
     "y":0.60698},
    {"x":0.57674,
     "y":0.60698},
    {"x":0.62791,
     "y":0.60698},
    {"x":0.66977,
     "y":0.58372},
    {"x":0.7,
     "y":0.53256},
    {"x":0.72791,
     "y":0.4814},
    {"x":0.75814,
     "y":0.43023},
    {"x":0.78605,
     "y":0.37907},
    {"x":0.81628,
     "y":0.32791},
    {"x":0.84419,
     "y":0.27674},
    {"x":0.87442,
     "y":0.22558},
    {"x":0.8814,
     "y":0.18837},
    {"x":0.83023,
     "y":0.18837},
    {"x":0.77907,
     "y":0.18837},
    {"x":0.72791,
     "y":0.18837},
    {"x":0.67674,
     "y":0.18837},
    {"x":0.62558,
     "y":0.18837},
    {"x":0.57442,
     "y":0.1907},
    {"x":0.52326,
     "y":0.1907},
    {"x":0.47209,
     "y":0.1907},
    {"x":0.42093,
     "y":0.1907},
    {"x":0.36977,
     "y":0.1907},
    {"x":0.3186,
     "y":0.1907},
    {"x":0.27442,
     "y":0.1814},
    {"x":0.29767,
     "y":0.15116},
    {"x":0.34884,
     "y":0.15116},
    {"x":0.4,
     "y":0.15116},
    {"x":0.45116,
     "y":0.15116},
    {"x":0.50233,
     "y":0.15349},
    {"x":0.55349,
     "y":0.15349},
    {"x":0.60465,
     "y":0.15116},
    {"x":0.65581,
     "y":0.15116},
    {"x":0.70698,
     "y":0.15349},
    {"x":0.75814,
     "y":0.15349},
    {"x":0.8093,
     "y":0.15349},
    {"x":0.86047,
     "y":0.15349},
    {"x":0.91163,
     "y":0.15349},
    {"x":0.94186,
     "y":0.10465},
    {"x":0.97209,
     "y":0.053488},
    {"x":1,
     "y":0.0023256},
    {"x":0.95116,
     "y":0},
    {"x":0.9,
     "y":0},
    {"x":0.84884,
     "y":0},
    {"x":0.79767,
     "y":0},
    {"x":0.74651,
     "y":0},
    {"x":0.69535,
     "y":0},
    {"x":0.64419,
     "y":0},
    {"x":0.59302,
     "y":0},
    {"x":0.54186,
     "y":0},
    {"x":0.4907,
     "y":0},
    {"x":0.43953,
     "y":0},
    {"x":0.38837,
     "y":0},
    {"x":0.33721,
     "y":0},
    {"x":0.28605,
     "y":0},
    {"x":0.23488,
     "y":0},
    {"x":0.18372,
     "y":0},
    {"x":0.13256,
     "y":0},
    {"x":0.081395,
     "y":0},
    {"x":0.030233,
     "y":0},
    {"x":0,
     "y":0.013953},
    {"x":0.027907,
     "y":0.065116},
    {"x":0.05814,
     "y":0.11628},
    {"x":0.086047,
     "y":0.16744},
    {"x":0.11628,
     "y":0.2186},
    {"x":0.14419,
     "y":0.26977},
    {"x":0.17442,
     "y":0.32093},
    {"x":0.20233,
     "y":0.37209},
    {"x":0.23953,
     "y":0.40233},
    {"x":0.2907,
     "y":0.40233},
    {"x":0.34186,
     "y":0.4},
    {"x":0.39302,
     "y":0.4},
    {"x":0.44419,
     "y":0.4},
    {"x":0.49535,
     "y":0.39767},
    {"x":0.54651,
     "y":0.39767},
    {"x":0.59767,
     "y":0.39535},
    {"x":0.64884,
     "y":0.39535},
    {"x":0.67674,
     "y":0.42093},
    {"x":0.67674,
     "y":0.42093}],
 "triangles":[
    {"p1":86,
     "p2":87,
     "p3":88},
    {"p1":57,
     "p2":58,
     "p3":75},
    {"p1":58,
     "p2":74,
     "p3":75},
    {"p1":66,
     "p2":67,
     "p3":68},
    {"p1":60,
     "p2":61,
     "p3":72},
    {"p1":61,
     "p2":71,
     "p3":72},
    {"p1":12,
     "p2":13,
     "p3":26},
    {"p1":53,
     "p2":54,
     "p3":79},
    {"p1":52,
     "p2":81,
     "p3":82},
    {"p1":85,
     "p2":86,
     "p3":88},
    {"p1":84,
     "p2":89,
     "p3":90},
    {"p1":84,
     "p2":85,
     "p3":89},
    {"p1":85,
     "p2":88,
     "p3":89},
    {"p1":83,
     "p2":84,
     "p3":90},
    {"p1":52,
     "p2":82,
     "p3":83},
    {"p1":55,
     "p2":56,
     "p3":77},
    {"p1":55,
     "p2":77,
     "p3":78},
    {"p1":54,
     "p2":78,
     "p3":79},
    {"p1":54,
     "p2":55,
     "p3":78},
    {"p1":57,
     "p2":75,
     "p3":76},
    {"p1":56,
     "p2":76,
     "p3":77},
    {"p1":56,
     "p2":57,
     "p3":76},
    {"p1":63,
     "p2":64,
     "p3":65},
    {"p1":63,
     "p2":65,
     "p3":70},
    {"p1":60,
     "p2":72,
     "p3":73},
    {"p1":58,
     "p2":59,
     "p3":74},
    {"p1":59,
     "p2":73,
     "p3":74},
    {"p1":59,
     "p2":60,
     "p3":73},
    {"p1":62,
     "p2":70,
     "p3":71},
    {"p1":62,
     "p2":63,
     "p3":70},
    {"p1":61,
     "p2":62,
     "p3":71},
    {"p1":14,
     "p2":15,
     "p3":26},
    {"p1":13,
     "p2":14,
     "p3":26},
    {"p1":51,
     "p2":91,
     "p3":92},
    {"p1":50,
     "p2":51,
     "p3":93},
    {"p1":51,
     "p2":92,
     "p3":93},
    {"p1":51,
     "p2":90,
     "p3":91},
    {"p1":51,
     "p2":52,
     "p3":83},
    {"p1":51,
     "p2":83,
     "p3":90},
    {"p1":17,
     "p2":18,
     "p3":19},
    {"p1":16,
     "p2":17,
     "p3":19},
    {"p1":35,
     "p2":36,
     "p3":42},
    {"p1":35,
     "p2":42,
     "p3":103},
    {"p1":4,
     "p2":27,
     "p3":28},
    {"p1":12,
     "p2":26,
     "p3":27},
    {"p1":15,
     "p2":25,
     "p3":26},
    {"p1":3,
     "p2":4,
     "p3":28},
    {"p1":0,
     "p2":35,
     "p3":103},
    {"p1":0,
     "p2":34,
     "p3":35},
    {"p1":0,
     "p2":33,
     "p3":34},
    {"p1":0,
     "p2":1,
     "p3":33},
    {"p1":46,
     "p2":100,
     "p3":101},
    {"p1":4,
     "p2":5,
     "p3":27},
    {"p1":49,
     "p2":50,
     "p3":97},
    {"p1":52,
     "p2":53,
     "p3":80},
    {"p1":52,
     "p2":80,
     "p3":81},
    {"p1":53,
     "p2":79,
     "p3":80},
    {"p1":65,
     "p2":69,
     "p3":70},
    {"p1":66,
     "p2":68,
     "p3":69},
    {"p1":65,
     "p2":66,
     "p3":69},
    {"p1":45,
     "p2":46,
     "p3":101},
    {"p1":45,
     "p2":101,
     "p3":102},
    {"p1":42,
     "p2":43,
     "p3":103},
    {"p1":37,
     "p2":38,
     "p3":40},
    {"p1":37,
     "p2":40,
     "p3":41},
    {"p1":36,
     "p2":41,
     "p3":42},
    {"p1":36,
     "p2":37,
     "p3":41},
    {"p1":15,
     "p2":20,
     "p3":25},
    {"p1":15,
     "p2":16,
     "p3":20},
    {"p1":16,
     "p2":19,
     "p3":20},
    {"p1":21,
     "p2":22,
     "p3":23},
    {"p1":21,
     "p2":23,
     "p3":24},
    {"p1":20,
     "p2":21,
     "p3":24},
    {"p1":20,
     "p2":24,
     "p3":25},
    {"p1":3,
     "p2":28,
     "p3":29},
    {"p1":1,
     "p2":32,
     "p3":33},
    {"p1":50,
     "p2":96,
     "p3":97},
    {"p1":93,
     "p2":94,
     "p3":96},
    {"p1":50,
     "p2":93,
     "p3":96},
    {"p1":49,
     "p2":97,
     "p3":98},
    {"p1":48,
     "p2":98,
     "p3":99},
    {"p1":48,
     "p2":49,
     "p3":98},
    {"p1":6,
     "p2":11,
     "p3":12},
    {"p1":6,
     "p2":12,
     "p3":27},
    {"p1":5,
     "p2":6,
     "p3":27},
    {"p1":46,
     "p2":47,
     "p3":100},
    {"p1":47,
     "p2":99,
     "p3":100},
    {"p1":47,
     "p2":48,
     "p3":99},
    {"p1":43,
     "p2":44,
     "p3":103},
    {"p1":44,
     "p2":102,
     "p3":103},
    {"p1":44,
     "p2":45,
     "p3":102},
    {"p1":38,
     "p2":39,
     "p3":40},
    {"p1":2,
     "p2":3,
     "p3":29},
    {"p1":2,
     "p2":29,
     "p3":30},
    {"p1":2,
     "p2":30,
     "p3":31},
    {"p1":2,
     "p2":31,
     "p3":32},
    {"p1":1,
     "p2":2,
     "p3":32},
    {"p1":94,
     "p2":95,
     "p3":96},
    {"p1":8,
     "p2":9,
     "p3":10},
    {"p1":7,
     "p2":8,
     "p3":10},
    {"p1":7,
     "p2":10,
     "p3":11},
    {"p1":6,
     "p2":7,
     "p3":11}]
}