{"points":[
    {"x":0.35056,
     "y":0.48764},
    {"x":0.37528,
     "y":0.5236},
    {"x":0.40225,
     "y":0.55955},
    {"x":0.43146,
     "y":0.59551},
    {"x":0.45393,
     "y":0.63146},
    {"x":0.43371,
     "y":0.64944},
    {"x":0.39775,
     "y":0.65618},
    {"x":0.3618,
     "y":0.66067},
    {"x":0.32584,
     "y":0.66292},
    {"x":0.28989,
     "y":0.66292},
    {"x":0.25393,
     "y":0.66517},
    {"x":0.21798,
     "y":0.66517},
    {"x":0.18202,
     "y":0.66742},
    {"x":0.14831,
     "y":0.6764},
    {"x":0.11236,
     "y":0.68315},
    {"x":0.076404,
     "y":0.67191},
    {"x":0.040449,
     "y":0.65618},
    {"x":0.0089888,
     "y":0.67416},
    {"x":0.017978,
     "y":0.71011},
    {"x":0.01573,
     "y":0.74382},
    {"x":0.0044944,
     "y":0.77978},
    {"x":0.0022472,
     "y":0.81573},
    {"x":0,
     "y":0.85169},
    {"x":0.022472,
     "y":0.86517},
    {"x":0.058427,
     "y":0.86292},
    {"x":0.094382,
     "y":0.86067},
    {"x":0.13034,
     "y":0.86067},
    {"x":0.16629,
     "y":0.86067},
    {"x":0.20225,
     "y":0.86067},
    {"x":0.2382,
     "y":0.86067},
    {"x":0.27416,
     "y":0.86067},
    {"x":0.31011,
     "y":0.86742},
    {"x":0.34607,
     "y":0.87191},
    {"x":0.38202,
     "y":0.8764},
    {"x":0.41798,
     "y":0.87865},
    {"x":0.45393,
     "y":0.87865},
    {"x":0.48989,
     "y":0.8764},
    {"x":0.52584,
     "y":0.87416},
    {"x":0.5618,
     "y":0.86966},
    {"x":0.59775,
     "y":0.86292},
    {"x":0.63371,
     "y":0.85618},
    {"x":0.66966,
     "y":0.85169},
    {"x":0.70562,
     "y":0.84719},
    {"x":0.74157,
     "y":0.8427},
    {"x":0.77753,
     "y":0.8382},
    {"x":0.81348,
     "y":0.83371},
    {"x":0.84944,
     "y":0.83596},
    {"x":0.88539,
     "y":0.84494},
    {"x":0.92135,
     "y":0.85393},
    {"x":0.9573,
     "y":0.86067},
    {"x":0.99326,
     "y":0.86517},
    {"x":1,
     "y":0.83371},
    {"x":1,
     "y":0.79775},
    {"x":0.99775,
     "y":0.7618},
    {"x":0.99551,
     "y":0.72584},
    {"x":0.98876,
     "y":0.68989},
    {"x":1,
     "y":0.65393},
    {"x":0.98876,
     "y":0.61798},
    {"x":0.95506,
     "y":0.59326},
    {"x":0.9191,
     "y":0.60449},
    {"x":0.89213,
     "y":0.57303},
    {"x":0.85618,
     "y":0.54831},
    {"x":0.82022,
     "y":0.53258},
    {"x":0.78427,
     "y":0.5236},
    {"x":0.74831,
     "y":0.52135},
    {"x":0.71236,
     "y":0.5236},
    {"x":0.6764,
     "y":0.53483},
    {"x":0.64494,
     "y":0.53708},
    {"x":0.63371,
     "y":0.50112},
    {"x":0.62022,
     "y":0.46517},
    {"x":0.60225,
     "y":0.42921},
    {"x":0.58202,
     "y":0.39326},
    {"x":0.56854,
     "y":0.3573},
    {"x":0.55955,
     "y":0.32135},
    {"x":0.55281,
     "y":0.28539},
    {"x":0.55281,
     "y":0.24944},
    {"x":0.5573,
     "y":0.21348},
    {"x":0.5618,
     "y":0.17753},
    {"x":0.56854,
     "y":0.14157},
    {"x":0.57528,
     "y":0.10562},
    {"x":0.57978,
     "y":0.069663},
    {"x":0.57978,
     "y":0.033708},
    {"x":0.56854,
     "y":0},
    {"x":0.53258,
     "y":0},
    {"x":0.49663,
     "y":0.013483},
    {"x":0.46067,
     "y":0.017978},
    {"x":0.42472,
     "y":0.0067416},
    {"x":0.38876,
     "y":0.011236},
    {"x":0.3573,
     "y":0.044944},
    {"x":0.33933,
     "y":0.080899},
    {"x":0.32809,
     "y":0.11685},
    {"x":0.31685,
     "y":0.15281},
    {"x":0.30787,
     "y":0.18876},
    {"x":0.30337,
     "y":0.22472},
    {"x":0.30112,
     "y":0.26067},
    {"x":0.29888,
     "y":0.29663},
    {"x":0.30112,
     "y":0.33258},
    {"x":0.30787,
     "y":0.36854},
    {"x":0.31685,
     "y":0.40449},
    {"x":0.32809,
     "y":0.44045},
    {"x":0.34382,
     "y":0.4764},
    {"x":0.35056,
     "y":0.48764}],
 "triangles":[
    {"p1":86,
     "p2":87,
     "p3":88},
    {"p1":85,
     "p2":86,
     "p3":88},
    {"p1":80,
     "p2":81,
     "p3":84},
    {"p1":85,
     "p2":88,
     "p3":89},
    {"p1":85,
     "p2":89,
     "p3":90},
    {"p1":49,
     "p2":50,
     "p3":51},
    {"p1":74,
     "p2":94,
     "p3":95},
    {"p1":74,
     "p2":75,
     "p3":94},
    {"p1":4,
     "p2":40,
     "p3":67},
    {"p1":11,
     "p2":28,
     "p3":29},
    {"p1":81,
     "p2":82,
     "p3":83},
    {"p1":81,
     "p2":83,
     "p3":84},
    {"p1":79,
     "p2":80,
     "p3":84},
    {"p1":78,
     "p2":79,
     "p3":85},
    {"p1":79,
     "p2":84,
     "p3":85},
    {"p1":75,
     "p2":76,
     "p3":92},
    {"p1":76,
     "p2":91,
     "p3":92},
    {"p1":49,
     "p2":51,
     "p3":52},
    {"p1":48,
     "p2":49,
     "p3":52},
    {"p1":42,
     "p2":43,
     "p3":66},
    {"p1":42,
     "p2":66,
     "p3":67},
    {"p1":75,
     "p2":92,
     "p3":93},
    {"p1":75,
     "p2":93,
     "p3":94},
    {"p1":74,
     "p2":95,
     "p3":96},
    {"p1":72,
     "p2":99,
     "p3":100},
    {"p1":4,
     "p2":38,
     "p3":39},
    {"p1":4,
     "p2":39,
     "p3":40},
    {"p1":3,
     "p2":67,
     "p3":68},
    {"p1":3,
     "p2":4,
     "p3":67},
    {"p1":11,
     "p2":12,
     "p3":28},
    {"p1":16,
     "p2":17,
     "p3":18},
    {"p1":44,
     "p2":61,
     "p3":62},
    {"p1":43,
     "p2":44,
     "p3":66},
    {"p1":44,
     "p2":64,
     "p3":66},
    {"p1":77,
     "p2":78,
     "p3":85},
    {"p1":77,
     "p2":85,
     "p3":90},
    {"p1":77,
     "p2":90,
     "p3":91},
    {"p1":76,
     "p2":77,
     "p3":91},
    {"p1":44,
     "p2":62,
     "p3":63},
    {"p1":44,
     "p2":63,
     "p3":64},
    {"p1":57,
     "p2":58,
     "p3":59},
    {"p1":56,
     "p2":57,
     "p3":59},
    {"p1":47,
     "p2":53,
     "p3":54},
    {"p1":47,
     "p2":48,
     "p3":53},
    {"p1":48,
     "p2":52,
     "p3":53},
    {"p1":40,
     "p2":41,
     "p3":67},
    {"p1":41,
     "p2":42,
     "p3":67},
    {"p1":73,
     "p2":97,
     "p3":98},
    {"p1":72,
     "p2":98,
     "p3":99},
    {"p1":72,
     "p2":73,
     "p3":98},
    {"p1":9,
     "p2":10,
     "p3":30},
    {"p1":10,
     "p2":11,
     "p3":29},
    {"p1":10,
     "p2":29,
     "p3":30},
    {"p1":8,
     "p2":30,
     "p3":31},
    {"p1":8,
     "p2":9,
     "p3":30},
    {"p1":15,
     "p2":16,
     "p3":18},
    {"p1":3,
     "p2":68,
     "p3":69},
    {"p1":2,
     "p2":3,
     "p3":69},
    {"p1":2,
     "p2":69,
     "p3":70},
    {"p1":46,
     "p2":47,
     "p3":54},
    {"p1":0,
     "p2":72,
     "p3":100},
    {"p1":2,
     "p2":70,
     "p3":71},
    {"p1":1,
     "p2":2,
     "p3":71},
    {"p1":0,
     "p2":71,
     "p3":72},
    {"p1":0,
     "p2":1,
     "p3":71},
    {"p1":8,
     "p2":31,
     "p3":32},
    {"p1":6,
     "p2":34,
     "p3":35},
    {"p1":13,
     "p2":14,
     "p3":26},
    {"p1":13,
     "p2":26,
     "p3":27},
    {"p1":12,
     "p2":13,
     "p3":28},
    {"p1":13,
     "p2":27,
     "p3":28},
    {"p1":21,
     "p2":22,
     "p3":23},
    {"p1":14,
     "p2":15,
     "p3":19},
    {"p1":15,
     "p2":18,
     "p3":19},
    {"p1":64,
     "p2":65,
     "p3":66},
    {"p1":46,
     "p2":54,
     "p3":55},
    {"p1":46,
     "p2":55,
     "p3":59},
    {"p1":55,
     "p2":56,
     "p3":59},
    {"p1":45,
     "p2":46,
     "p3":59},
    {"p1":45,
     "p2":59,
     "p3":60},
    {"p1":44,
     "p2":45,
     "p3":61},
    {"p1":45,
     "p2":60,
     "p3":61},
    {"p1":6,
     "p2":33,
     "p3":34},
    {"p1":5,
     "p2":36,
     "p3":37},
    {"p1":5,
     "p2":35,
     "p3":36},
    {"p1":5,
     "p2":6,
     "p3":35},
    {"p1":4,
     "p2":5,
     "p3":38},
    {"p1":5,
     "p2":37,
     "p3":38},
    {"p1":7,
     "p2":8,
     "p3":32},
    {"p1":7,
     "p2":32,
     "p3":33},
    {"p1":6,
     "p2":7,
     "p3":33},
    {"p1":19,
     "p2":20,
     "p3":25},
    {"p1":14,
     "p2":25,
     "p3":26},
    {"p1":14,
     "p2":19,
     "p3":25},
    {"p1":20,
     "p2":21,
     "p3":24},
    {"p1":20,
     "p2":24,
     "p3":25},
    {"p1":21,
     "p2":23,
     "p3":24},
    {"p1":73,
     "p2":74,
     "p3":96},
    {"p1":73,
     "p2":96,
     "p3":97}]
}