{"points":[
    {"x":0,
     "y":0.50135},
    {"x":0,
     "y":0.54447},
    {"x":0,
     "y":0.5876},
    {"x":0.0053908,
     "y":0.62264},
    {"x":0.048518,
     "y":0.61456},
    {"x":0.091644,
     "y":0.60108},
    {"x":0.13477,
     "y":0.5903},
    {"x":0.1779,
     "y":0.57951},
    {"x":0.22102,
     "y":0.56873},
    {"x":0.26415,
     "y":0.55795},
    {"x":0.30728,
     "y":0.54717},
    {"x":0.3504,
     "y":0.53908},
    {"x":0.37736,
     "y":0.58221},
    {"x":0.41779,
     "y":0.61186},
    {"x":0.44744,
     "y":0.63612},
    {"x":0.43666,
     "y":0.67925},
    {"x":0.42857,
     "y":0.72237},
    {"x":0.41779,
     "y":0.7655},
    {"x":0.4097,
     "y":0.80863},
    {"x":0.40162,
     "y":0.85175},
    {"x":0.39084,
     "y":0.89488},
    {"x":0.38275,
     "y":0.93801},
    {"x":0.37197,
     "y":0.98113},
    {"x":0.39353,
     "y":1},
    {"x":0.43666,
     "y":1},
    {"x":0.47978,
     "y":1},
    {"x":0.52291,
     "y":1},
    {"x":0.56604,
     "y":1},
    {"x":0.60916,
     "y":1},
    {"x":0.60377,
     "y":0.96226},
    {"x":0.59299,
     "y":0.91914},
    {"x":0.57951,
     "y":0.87601},
    {"x":0.56873,
     "y":0.83288},
    {"x":0.55526,
     "y":0.78976},
    {"x":0.54447,
     "y":0.74663},
    {"x":0.531,
     "y":0.7035},
    {"x":0.52022,
     "y":0.66038},
    {"x":0.50943,
     "y":0.61725},
    {"x":0.55256,
     "y":0.59299},
    {"x":0.58491,
     "y":0.55256},
    {"x":0.61725,
     "y":0.53908},
    {"x":0.66038,
     "y":0.54987},
    {"x":0.7035,
     "y":0.56065},
    {"x":0.74663,
     "y":0.56873},
    {"x":0.78976,
     "y":0.57951},
    {"x":0.83288,
     "y":0.5903},
    {"x":0.87601,
     "y":0.60108},
    {"x":0.91914,
     "y":0.60916},
    {"x":0.96226,
     "y":0.61995},
    {"x":0.98383,
     "y":0.60377},
    {"x":0.98383,
     "y":0.56065},
    {"x":0.98383,
     "y":0.51752},
    {"x":0.98383,
     "y":0.47439},
    {"x":0.98383,
     "y":0.43127},
    {"x":0.98383,
     "y":0.38814},
    {"x":0.95148,
     "y":0.38275},
    {"x":0.90836,
     "y":0.39353},
    {"x":0.86523,
     "y":0.40431},
    {"x":0.8221,
     "y":0.41509},
    {"x":0.77898,
     "y":0.42588},
    {"x":0.73585,
     "y":0.43666},
    {"x":0.69272,
     "y":0.44744},
    {"x":0.6496,
     "y":0.46092},
    {"x":0.60647,
     "y":0.4717},
    {"x":0.58221,
     "y":0.43935},
    {"x":0.54717,
     "y":0.39892},
    {"x":0.51213,
     "y":0.36927},
    {"x":0.52561,
     "y":0.32615},
    {"x":0.53639,
     "y":0.28302},
    {"x":0.54987,
     "y":0.23989},
    {"x":0.56065,
     "y":0.19677},
    {"x":0.57143,
     "y":0.15364},
    {"x":0.58491,
     "y":0.11051},
    {"x":0.59569,
     "y":0.067385},
    {"x":0.60916,
     "y":0.024259},
    {"x":0.59569,
     "y":0},
    {"x":0.55256,
     "y":0},
    {"x":0.50943,
     "y":0},
    {"x":0.46631,
     "y":0},
    {"x":0.42318,
     "y":0},
    {"x":0.38005,
     "y":0},
    {"x":0.37466,
     "y":0.032345},
    {"x":0.38544,
     "y":0.075472},
    {"x":0.39353,
     "y":0.1186},
    {"x":0.40162,
     "y":0.16173},
    {"x":0.4124,
     "y":0.20485},
    {"x":0.42049,
     "y":0.24798},
    {"x":0.42857,
     "y":0.29111},
    {"x":0.43935,
     "y":0.33423},
    {"x":0.44205,
     "y":0.37466},
    {"x":0.39892,
     "y":0.39353},
    {"x":0.36119,
     "y":0.43396},
    {"x":0.33693,
     "y":0.46631},
    {"x":0.2938,
     "y":0.45553},
    {"x":0.25067,
     "y":0.44205},
    {"x":0.20755,
     "y":0.43127},
    {"x":0.16442,
     "y":0.41779},
    {"x":0.12129,
     "y":0.40701},
    {"x":0.078167,
     "y":0.39623},
    {"x":0.03504,
     "y":0.38275},
    {"x":0,
     "y":0.38544},
    {"x":0,
     "y":0.42857},
    {"x":0,
     "y":0.4717},
    {"x":0,
     "y":0.50135}],
 "triangles":[
    {"p1":38,
     "p2":64,
     "p3":65},
    {"p1":65,
     "p2":89,
     "p3":90},
    {"p1":51,
     "p2":52,
     "p3":57},
    {"p1":70,
     "p2":84,
     "p3":85},
    {"p1":20,
     "p2":25,
     "p3":31},
    {"p1":25,
     "p2":26,
     "p3":31},
    {"p1":7,
     "p2":95,
     "p3":96},
    {"p1":65,
     "p2":66,
     "p3":89},
    {"p1":69,
     "p2":70,
     "p3":85},
    {"p1":26,
     "p2":27,
     "p3":30},
    {"p1":26,
     "p2":30,
     "p3":31},
    {"p1":53,
     "p2":54,
     "p3":55},
    {"p1":43,
     "p2":44,
     "p3":59},
    {"p1":79,
     "p2":81,
     "p3":82},
    {"p1":78,
     "p2":79,
     "p3":82},
    {"p1":79,
     "p2":80,
     "p3":81},
    {"p1":73,
     "p2":76,
     "p3":77},
    {"p1":74,
     "p2":75,
     "p3":76},
    {"p1":73,
     "p2":74,
     "p3":76},
    {"p1":72,
     "p2":73,
     "p3":77},
    {"p1":45,
     "p2":57,
     "p3":58},
    {"p1":44,
     "p2":58,
     "p3":59},
    {"p1":44,
     "p2":45,
     "p3":58},
    {"p1":53,
     "p2":55,
     "p3":56},
    {"p1":52,
     "p2":53,
     "p3":56},
    {"p1":52,
     "p2":56,
     "p3":57},
    {"p1":0,
     "p2":97,
     "p3":102},
    {"p1":97,
     "p2":98,
     "p3":102},
    {"p1":98,
     "p2":101,
     "p3":102},
    {"p1":20,
     "p2":24,
     "p3":25},
    {"p1":2,
     "p2":3,
     "p3":4},
    {"p1":6,
     "p2":96,
     "p3":97},
    {"p1":6,
     "p2":7,
     "p3":96},
    {"p1":0,
     "p2":6,
     "p3":97},
    {"p1":0,
     "p2":5,
     "p3":6},
    {"p1":0,
     "p2":1,
     "p3":5},
    {"p1":1,
     "p2":2,
     "p3":4},
    {"p1":1,
     "p2":4,
     "p3":5},
    {"p1":7,
     "p2":8,
     "p3":95},
    {"p1":16,
     "p2":17,
     "p3":34},
    {"p1":67,
     "p2":87,
     "p3":88},
    {"p1":66,
     "p2":88,
     "p3":89},
    {"p1":66,
     "p2":67,
     "p3":88},
    {"p1":69,
     "p2":85,
     "p3":86},
    {"p1":67,
     "p2":68,
     "p3":87},
    {"p1":68,
     "p2":86,
     "p3":87},
    {"p1":68,
     "p2":69,
     "p3":86},
    {"p1":43,
     "p2":59,
     "p3":60},
    {"p1":42,
     "p2":43,
     "p3":60},
    {"p1":42,
     "p2":60,
     "p3":61},
    {"p1":40,
     "p2":62,
     "p3":63},
    {"p1":11,
     "p2":12,
     "p3":91},
    {"p1":12,
     "p2":65,
     "p3":91},
    {"p1":65,
     "p2":90,
     "p3":91},
    {"p1":9,
     "p2":93,
     "p3":94},
    {"p1":8,
     "p2":9,
     "p3":94},
    {"p1":8,
     "p2":94,
     "p3":95},
    {"p1":9,
     "p2":10,
     "p3":93},
    {"p1":17,
     "p2":33,
     "p3":34},
    {"p1":19,
     "p2":20,
     "p3":31},
    {"p1":19,
     "p2":31,
     "p3":32},
    {"p1":27,
     "p2":28,
     "p3":29},
    {"p1":27,
     "p2":29,
     "p3":30},
    {"p1":46,
     "p2":47,
     "p3":51},
    {"p1":46,
     "p2":51,
     "p3":57},
    {"p1":45,
     "p2":46,
     "p3":57},
    {"p1":47,
     "p2":50,
     "p3":51},
    {"p1":48,
     "p2":49,
     "p3":50},
    {"p1":47,
     "p2":48,
     "p3":50},
    {"p1":78,
     "p2":82,
     "p3":83},
    {"p1":77,
     "p2":78,
     "p3":83},
    {"p1":72,
     "p2":77,
     "p3":83},
    {"p1":70,
     "p2":71,
     "p3":84},
    {"p1":71,
     "p2":83,
     "p3":84},
    {"p1":71,
     "p2":72,
     "p3":83},
    {"p1":99,
     "p2":100,
     "p3":101},
    {"p1":98,
     "p2":99,
     "p3":101},
    {"p1":21,
     "p2":23,
     "p3":24},
    {"p1":21,
     "p2":22,
     "p3":23},
    {"p1":20,
     "p2":21,
     "p3":24},
    {"p1":39,
     "p2":40,
     "p3":63},
    {"p1":38,
     "p2":39,
     "p3":64},
    {"p1":39,
     "p2":63,
     "p3":64},
    {"p1":40,
     "p2":41,
     "p3":62},
    {"p1":41,
     "p2":42,
     "p3":61},
    {"p1":41,
     "p2":61,
     "p3":62},
    {"p1":37,
     "p2":38,
     "p3":65},
    {"p1":16,
     "p2":34,
     "p3":35},
    {"p1":15,
     "p2":35,
     "p3":36},
    {"p1":15,
     "p2":16,
     "p3":35},
    {"p1":11,
     "p2":91,
     "p3":92},
    {"p1":10,
     "p2":11,
     "p3":92},
    {"p1":10,
     "p2":92,
     "p3":93},
    {"p1":18,
     "p2":32,
     "p3":33},
    {"p1":18,
     "p2":19,
     "p3":32},
    {"p1":17,
     "p2":18,
     "p3":33},
    {"p1":12,
     "p2":13,
     "p3":65},
    {"p1":13,
     "p2":37,
     "p3":65},
    {"p1":14,
     "p2":15,
     "p3":36},
    {"p1":14,
     "p2":36,
     "p3":37},
    {"p1":13,
     "p2":14,
     "p3":37}]
}