{"points":[
    {"x":0,
     "y":0.44313},
    {"x":0.026066,
     "y":0.46682},
    {"x":0.049763,
     "y":0.49289},
    {"x":0.06872,
     "y":0.51659},
    {"x":0.087678,
     "y":0.54028},
    {"x":0.109,
     "y":0.55687},
    {"x":0.1327,
     "y":0.57583},
    {"x":0.15403,
     "y":0.59005},
    {"x":0.18483,
     "y":0.609},
    {"x":0.19431,
     "y":0.63981},
    {"x":0.19668,
     "y":0.66588},
    {"x":0.19905,
     "y":0.69194},
    {"x":0.19905,
     "y":0.72512},
    {"x":0.20616,
     "y":0.75829},
    {"x":0.21801,
     "y":0.78673},
    {"x":0.22986,
     "y":0.8128},
    {"x":0.24408,
     "y":0.83886},
    {"x":0.25592,
     "y":0.86256},
    {"x":0.28673,
     "y":0.8673},
    {"x":0.31754,
     "y":0.8673},
    {"x":0.34834,
     "y":0.86256},
    {"x":0.37678,
     "y":0.85782},
    {"x":0.40995,
     "y":0.84597},
    {"x":0.43602,
     "y":0.83649},
    {"x":0.46209,
     "y":0.82701},
    {"x":0.48578,
     "y":0.81043},
    {"x":0.50948,
     "y":0.81754},
    {"x":0.53555,
     "y":0.83412},
    {"x":0.55924,
     "y":0.85071},
    {"x":0.58531,
     "y":0.86019},
    {"x":0.61374,
     "y":0.86967},
    {"x":0.64692,
     "y":0.87678},
    {"x":0.68009,
     "y":0.88152},
    {"x":0.71564,
     "y":0.88863},
    {"x":0.75118,
     "y":0.88863},
    {"x":0.7654,
     "y":0.86019},
    {"x":0.77725,
     "y":0.82701},
    {"x":0.7891,
     "y":0.79858},
    {"x":0.79858,
     "y":0.76777},
    {"x":0.80095,
     "y":0.74408},
    {"x":0.80806,
     "y":0.7109},
    {"x":0.81043,
     "y":0.6872},
    {"x":0.81043,
     "y":0.65877},
    {"x":0.81517,
     "y":0.62559},
    {"x":0.84597,
     "y":0.61137},
    {"x":0.87204,
     "y":0.59716},
    {"x":0.89573,
     "y":0.58057},
    {"x":0.91943,
     "y":0.55924},
    {"x":0.93839,
     "y":0.53791},
    {"x":0.95972,
     "y":0.51896},
    {"x":0.98104,
     "y":0.49526},
    {"x":1,
     "y":0.46919},
    {"x":1,
     "y":0.43839},
    {"x":0.98578,
     "y":0.40995},
    {"x":0.97393,
     "y":0.38389},
    {"x":0.95498,
     "y":0.35782},
    {"x":0.92891,
     "y":0.33412},
    {"x":0.90284,
     "y":0.3128},
    {"x":0.87915,
     "y":0.29384},
    {"x":0.85071,
     "y":0.27962},
    {"x":0.81991,
     "y":0.2654},
    {"x":0.82227,
     "y":0.23697},
    {"x":0.81754,
     "y":0.20379},
    {"x":0.82227,
     "y":0.17536},
    {"x":0.81991,
     "y":0.14455},
    {"x":0.80806,
     "y":0.11611},
    {"x":0.80095,
     "y":0.082938},
    {"x":0.7891,
     "y":0.052133},
    {"x":0.77488,
     "y":0.018957},
    {"x":0.74408,
     "y":0.007109},
    {"x":0.7109,
     "y":0.007109},
    {"x":0.68246,
     "y":0.007109},
    {"x":0.64929,
     "y":0.011848},
    {"x":0.61848,
     "y":0.018957},
    {"x":0.58768,
     "y":0.030806},
    {"x":0.55924,
     "y":0.045024},
    {"x":0.53081,
     "y":0.063981},
    {"x":0.50474,
     "y":0.07109},
    {"x":0.48104,
     "y":0.059242},
    {"x":0.45261,
     "y":0.045024},
    {"x":0.4218,
     "y":0.037915},
    {"x":0.39336,
     "y":0.026066},
    {"x":0.36256,
     "y":0.014218},
    {"x":0.32938,
     "y":0.007109},
    {"x":0.29858,
     "y":0},
    {"x":0.2654,
     "y":0.0023697},
    {"x":0.24645,
     "y":0.026066},
    {"x":0.23223,
     "y":0.056872},
    {"x":0.22038,
     "y":0.090047},
    {"x":0.2109,
     "y":0.12085},
    {"x":0.20616,
     "y":0.14929},
    {"x":0.20616,
     "y":0.17536},
    {"x":0.20142,
     "y":0.20142},
    {"x":0.20379,
     "y":0.23223},
    {"x":0.20379,
     "y":0.25829},
    {"x":0.18009,
     "y":0.27488},
    {"x":0.14929,
     "y":0.29384},
    {"x":0.12085,
     "y":0.31043},
    {"x":0.094787,
     "y":0.33412},
    {"x":0.07346,
     "y":0.35545},
    {"x":0.056872,
     "y":0.37915},
    {"x":0.042654,
     "y":0.40047},
    {"x":0.023697,
     "y":0.42417},
    {"x":0,
     "y":0.44313}],
 "triangles":[
    {"p1":60,
     "p2":77,
     "p3":94},
    {"p1":84,
     "p2":85,
     "p3":86},
    {"p1":77,
     "p2":93,
     "p3":94},
    {"p1":8,
     "p2":94,
     "p3":95},
    {"p1":50,
     "p2":51,
     "p3":52},
    {"p1":81,
     "p2":82,
     "p3":88},
    {"p1":81,
     "p2":88,
     "p3":89},
    {"p1":91,
     "p2":92,
     "p3":93},
    {"p1":6,
     "p2":7,
     "p3":96},
    {"p1":7,
     "p2":8,
     "p3":95},
    {"p1":7,
     "p2":95,
     "p3":96},
    {"p1":10,
     "p2":11,
     "p3":25},
    {"p1":5,
     "p2":96,
     "p3":97},
    {"p1":5,
     "p2":6,
     "p3":96},
    {"p1":5,
     "p2":97,
     "p3":98},
    {"p1":3,
     "p2":5,
     "p3":98},
    {"p1":3,
     "p2":4,
     "p3":5},
    {"p1":60,
     "p2":76,
     "p3":77},
    {"p1":60,
     "p2":62,
     "p3":76},
    {"p1":62,
     "p2":75,
     "p3":76},
    {"p1":50,
     "p2":52,
     "p3":53},
    {"p1":49,
     "p2":50,
     "p3":53},
    {"p1":49,
     "p2":53,
     "p3":54},
    {"p1":60,
     "p2":61,
     "p3":62},
    {"p1":46,
     "p2":47,
     "p3":57},
    {"p1":83,
     "p2":87,
     "p3":88},
    {"p1":82,
     "p2":83,
     "p3":88},
    {"p1":83,
     "p2":84,
     "p3":86},
    {"p1":83,
     "p2":86,
     "p3":87},
    {"p1":80,
     "p2":81,
     "p3":91},
    {"p1":80,
     "p2":91,
     "p3":93},
    {"p1":81,
     "p2":90,
     "p3":91},
    {"p1":81,
     "p2":89,
     "p3":90},
    {"p1":0,
     "p2":1,
     "p3":102},
    {"p1":1,
     "p2":101,
     "p3":102},
    {"p1":1,
     "p2":2,
     "p3":101},
    {"p1":2,
     "p2":3,
     "p3":100},
    {"p1":2,
     "p2":100,
     "p3":101},
    {"p1":3,
     "p2":98,
     "p3":99},
    {"p1":3,
     "p2":99,
     "p3":100},
    {"p1":8,
     "p2":9,
     "p3":25},
    {"p1":9,
     "p2":10,
     "p3":25},
    {"p1":8,
     "p2":43,
     "p3":94},
    {"p1":8,
     "p2":25,
     "p3":43},
    {"p1":43,
     "p2":60,
     "p3":94},
    {"p1":15,
     "p2":16,
     "p3":19},
    {"p1":33,
     "p2":34,
     "p3":35},
    {"p1":12,
     "p2":13,
     "p3":22},
    {"p1":11,
     "p2":12,
     "p3":22},
    {"p1":67,
     "p2":69,
     "p3":70},
    {"p1":66,
     "p2":67,
     "p3":70},
    {"p1":67,
     "p2":68,
     "p3":69},
    {"p1":65,
     "p2":71,
     "p3":72},
    {"p1":66,
     "p2":70,
     "p3":71},
    {"p1":65,
     "p2":66,
     "p3":71},
    {"p1":78,
     "p2":79,
     "p3":80},
    {"p1":77,
     "p2":78,
     "p3":93},
    {"p1":78,
     "p2":80,
     "p3":93},
    {"p1":62,
     "p2":74,
     "p3":75},
    {"p1":62,
     "p2":65,
     "p3":74},
    {"p1":47,
     "p2":48,
     "p3":57},
    {"p1":48,
     "p2":49,
     "p3":54},
    {"p1":45,
     "p2":46,
     "p3":59},
    {"p1":46,
     "p2":57,
     "p3":59},
    {"p1":57,
     "p2":58,
     "p3":59},
    {"p1":44,
     "p2":45,
     "p3":59},
    {"p1":43,
     "p2":44,
     "p3":60},
    {"p1":44,
     "p2":59,
     "p3":60},
    {"p1":16,
     "p2":17,
     "p3":18},
    {"p1":16,
     "p2":18,
     "p3":19},
    {"p1":11,
     "p2":23,
     "p3":25},
    {"p1":11,
     "p2":22,
     "p3":23},
    {"p1":13,
     "p2":14,
     "p3":21},
    {"p1":13,
     "p2":21,
     "p3":22},
    {"p1":65,
     "p2":72,
     "p3":73},
    {"p1":65,
     "p2":73,
     "p3":74},
    {"p1":48,
     "p2":56,
     "p3":57},
    {"p1":62,
     "p2":63,
     "p3":65},
    {"p1":63,
     "p2":64,
     "p3":65},
    {"p1":14,
     "p2":20,
     "p3":21},
    {"p1":14,
     "p2":15,
     "p3":20},
    {"p1":15,
     "p2":19,
     "p3":20},
    {"p1":48,
     "p2":54,
     "p3":55},
    {"p1":48,
     "p2":55,
     "p3":56},
    {"p1":27,
     "p2":41,
     "p3":42},
    {"p1":23,
     "p2":24,
     "p3":25},
    {"p1":27,
     "p2":28,
     "p3":29},
    {"p1":27,
     "p2":29,
     "p3":39},
    {"p1":31,
     "p2":38,
     "p3":39},
    {"p1":26,
     "p2":27,
     "p3":42},
    {"p1":25,
     "p2":26,
     "p3":43},
    {"p1":26,
     "p2":42,
     "p3":43},
    {"p1":27,
     "p2":40,
     "p3":41},
    {"p1":27,
     "p2":39,
     "p3":40},
    {"p1":29,
     "p2":30,
     "p3":39},
    {"p1":30,
     "p2":31,
     "p3":39},
    {"p1":31,
     "p2":37,
     "p3":38},
    {"p1":32,
     "p2":36,
     "p3":37},
    {"p1":31,
     "p2":32,
     "p3":37},
    {"p1":32,
     "p2":33,
     "p3":36},
    {"p1":33,
     "p2":35,
     "p3":36}]
}