{"points":[
    {"x":0.069588,
     "y":0.43814},
    {"x":0.033505,
     "y":0.48196},
    {"x":0.018041,
     "y":0.54124},
    {"x":0,
     "y":0.60052},
    {"x":0.033505,
     "y":0.62629},
    {"x":0.074742,
     "y":0.64948},
    {"x":0.10052,
     "y":0.6933},
    {"x":0.15206,
     "y":0.69588},
    {"x":0.21134,
     "y":0.67526},
    {"x":0.27062,
     "y":0.64948},
    {"x":0.30928,
     "y":0.6366},
    {"x":0.35825,
     "y":0.59278},
    {"x":0.39175,
     "y":0.58505},
    {"x":0.42784,
     "y":0.54124},
    {"x":0.46134,
     "y":0.52577},
    {"x":0.42268,
     "y":0.57732},
    {"x":0.39433,
     "y":0.62887},
    {"x":0.38402,
     "y":0.67784},
    {"x":0.37887,
     "y":0.72423},
    {"x":0.37629,
     "y":0.77062},
    {"x":0.3634,
     "y":0.8299},
    {"x":0.37371,
     "y":0.88402},
    {"x":0.41753,
     "y":0.91753},
    {"x":0.45103,
     "y":0.94072},
    {"x":0.48711,
     "y":0.96134},
    {"x":0.54639,
     "y":0.94072},
    {"x":0.59536,
     "y":0.90979},
    {"x":0.64691,
     "y":0.86598},
    {"x":0.63402,
     "y":0.81186},
    {"x":0.63402,
     "y":0.75258},
    {"x":0.62371,
     "y":0.70876},
    {"x":0.61082,
     "y":0.65722},
    {"x":0.59794,
     "y":0.60052},
    {"x":0.56959,
     "y":0.55412},
    {"x":0.54639,
     "y":0.50515},
    {"x":0.56186,
     "y":0.50258},
    {"x":0.60309,
     "y":0.54639},
    {"x":0.62887,
     "y":0.58505},
    {"x":0.66495,
     "y":0.60825},
    {"x":0.70619,
     "y":0.62887},
    {"x":0.75,
     "y":0.66495},
    {"x":0.8067,
     "y":0.68041},
    {"x":0.85309,
     "y":0.70103},
    {"x":0.90206,
     "y":0.67784},
    {"x":0.95361,
     "y":0.64948},
    {"x":1,
     "y":0.59278},
    {"x":0.99485,
     "y":0.55412},
    {"x":0.97938,
     "y":0.50258},
    {"x":0.96134,
     "y":0.44588},
    {"x":0.90979,
     "y":0.42784},
    {"x":0.85052,
     "y":0.41753},
    {"x":0.81186,
     "y":0.40979},
    {"x":0.75258,
     "y":0.40979},
    {"x":0.70103,
     "y":0.39691},
    {"x":0.64175,
     "y":0.40979},
    {"x":0.62887,
     "y":0.39175},
    {"x":0.67784,
     "y":0.35567},
    {"x":0.73454,
     "y":0.31443},
    {"x":0.78093,
     "y":0.2732},
    {"x":0.8299,
     "y":0.22938},
    {"x":0.86082,
     "y":0.17784},
    {"x":0.86598,
     "y":0.13918},
    {"x":0.84536,
     "y":0.085052},
    {"x":0.81443,
     "y":0.036082},
    {"x":0.7732,
     "y":0.012887},
    {"x":0.71392,
     "y":0.015464},
    {"x":0.67268,
     "y":0},
    {"x":0.62371,
     "y":0.046392},
    {"x":0.60567,
     "y":0.087629},
    {"x":0.56443,
     "y":0.14433},
    {"x":0.52835,
     "y":0.19845},
    {"x":0.53608,
     "y":0.23196},
    {"x":0.5232,
     "y":0.29124},
    {"x":0.50773,
     "y":0.35052},
    {"x":0.49742,
     "y":0.35052},
    {"x":0.48711,
     "y":0.31186},
    {"x":0.48454,
     "y":0.25258},
    {"x":0.46392,
     "y":0.19845},
    {"x":0.44845,
     "y":0.15464},
    {"x":0.42784,
     "y":0.12371},
    {"x":0.40979,
     "y":0.072165},
    {"x":0.37887,
     "y":0.028351},
    {"x":0.33247,
     "y":0.012887},
    {"x":0.28608,
     "y":0},
    {"x":0.2268,
     "y":0.012887},
    {"x":0.18041,
     "y":0.054124},
    {"x":0.15464,
     "y":0.097938},
    {"x":0.14691,
     "y":0.14175},
    {"x":0.15464,
     "y":0.18299},
    {"x":0.18041,
     "y":0.22938},
    {"x":0.20876,
     "y":0.2732},
    {"x":0.25515,
     "y":0.29897},
    {"x":0.28351,
     "y":0.32216},
    {"x":0.34021,
     "y":0.3634},
    {"x":0.39175,
     "y":0.39433},
    {"x":0.42268,
     "y":0.4201},
    {"x":0.36598,
     "y":0.41495},
    {"x":0.31186,
     "y":0.40206},
    {"x":0.25258,
     "y":0.40722},
    {"x":0.19845,
     "y":0.39691},
    {"x":0.13918,
     "y":0.41237},
    {"x":0.079897,
     "y":0.43041},
    {"x":0.069588,
     "y":0.43814}],
 "triangles":[
    {"p1":1,
     "p2":5,
     "p3":100},
    {"p1":57,
     "p2":58,
     "p3":69},
    {"p1":58,
     "p2":68,
     "p3":69},
    {"p1":77,
     "p2":92,
     "p3":93},
    {"p1":82,
     "p2":83,
     "p3":84},
    {"p1":82,
     "p2":84,
     "p3":85},
    {"p1":79,
     "p2":80,
     "p3":82},
    {"p1":80,
     "p2":81,
     "p3":82},
    {"p1":1,
     "p2":2,
     "p3":5},
    {"p1":77,
     "p2":91,
     "p3":92},
    {"p1":58,
     "p2":59,
     "p3":68},
    {"p1":47,
     "p2":48,
     "p3":49},
    {"p1":9,
     "p2":98,
     "p3":100},
    {"p1":44,
     "p2":45,
     "p3":46},
    {"p1":44,
     "p2":46,
     "p3":47},
    {"p1":57,
     "p2":69,
     "p3":71},
    {"p1":86,
     "p2":87,
     "p3":88},
    {"p1":85,
     "p2":86,
     "p3":88},
    {"p1":2,
     "p2":3,
     "p3":4},
    {"p1":2,
     "p2":4,
     "p3":5},
    {"p1":0,
     "p2":1,
     "p3":100},
    {"p1":0,
     "p2":100,
     "p3":101},
    {"p1":79,
     "p2":89,
     "p3":91},
    {"p1":79,
     "p2":82,
     "p3":89},
    {"p1":82,
     "p2":85,
     "p3":89},
    {"p1":85,
     "p2":88,
     "p3":89},
    {"p1":78,
     "p2":79,
     "p3":91},
    {"p1":77,
     "p2":78,
     "p3":91},
    {"p1":98,
     "p2":99,
     "p3":100},
    {"p1":59,
     "p2":65,
     "p3":68},
    {"p1":63,
     "p2":64,
     "p3":65},
    {"p1":65,
     "p2":67,
     "p3":68},
    {"p1":65,
     "p2":66,
     "p3":67},
    {"p1":60,
     "p2":61,
     "p3":62},
    {"p1":59,
     "p2":60,
     "p3":62},
    {"p1":59,
     "p2":62,
     "p3":65},
    {"p1":62,
     "p2":63,
     "p3":65},
    {"p1":11,
     "p2":97,
     "p3":98},
    {"p1":11,
     "p2":96,
     "p3":97},
    {"p1":10,
     "p2":11,
     "p3":98},
    {"p1":9,
     "p2":10,
     "p3":98},
    {"p1":5,
     "p2":6,
     "p3":7},
    {"p1":5,
     "p2":8,
     "p3":100},
    {"p1":8,
     "p2":9,
     "p3":100},
    {"p1":5,
     "p2":7,
     "p3":8},
    {"p1":26,
     "p2":27,
     "p3":28},
    {"p1":19,
     "p2":28,
     "p3":29},
    {"p1":19,
     "p2":20,
     "p3":22},
    {"p1":19,
     "p2":22,
     "p3":28},
    {"p1":22,
     "p2":26,
     "p3":28},
    {"p1":20,
     "p2":21,
     "p3":22},
    {"p1":11,
     "p2":13,
     "p3":96},
    {"p1":16,
     "p2":17,
     "p3":31},
    {"p1":17,
     "p2":18,
     "p3":30},
    {"p1":17,
     "p2":30,
     "p3":31},
    {"p1":19,
     "p2":29,
     "p3":30},
    {"p1":18,
     "p2":19,
     "p3":30},
    {"p1":55,
     "p2":56,
     "p3":72},
    {"p1":56,
     "p2":57,
     "p3":71},
    {"p1":56,
     "p2":71,
     "p3":72},
    {"p1":14,
     "p2":33,
     "p3":34},
    {"p1":76,
     "p2":77,
     "p3":93},
    {"p1":75,
     "p2":76,
     "p3":93},
    {"p1":13,
     "p2":95,
     "p3":96},
    {"p1":13,
     "p2":14,
     "p3":95},
    {"p1":14,
     "p2":34,
     "p3":95},
    {"p1":69,
     "p2":70,
     "p3":71},
    {"p1":89,
     "p2":90,
     "p3":91},
    {"p1":40,
     "p2":41,
     "p3":50},
    {"p1":47,
     "p2":49,
     "p3":50},
    {"p1":22,
     "p2":23,
     "p3":25},
    {"p1":22,
     "p2":25,
     "p3":26},
    {"p1":23,
     "p2":24,
     "p3":25},
    {"p1":11,
     "p2":12,
     "p3":13},
    {"p1":75,
     "p2":93,
     "p3":94},
    {"p1":34,
     "p2":73,
     "p3":95},
    {"p1":55,
     "p2":72,
     "p3":73},
    {"p1":35,
     "p2":55,
     "p3":73},
    {"p1":34,
     "p2":35,
     "p3":73},
    {"p1":41,
     "p2":42,
     "p3":43},
    {"p1":43,
     "p2":44,
     "p3":47},
    {"p1":43,
     "p2":47,
     "p3":50},
    {"p1":41,
     "p2":43,
     "p3":50},
    {"p1":39,
     "p2":40,
     "p3":50},
    {"p1":38,
     "p2":39,
     "p3":52},
    {"p1":37,
     "p2":38,
     "p3":52},
    {"p1":36,
     "p2":37,
     "p3":52},
    {"p1":14,
     "p2":15,
     "p3":33},
    {"p1":15,
     "p2":32,
     "p3":33},
    {"p1":15,
     "p2":16,
     "p3":31},
    {"p1":15,
     "p2":31,
     "p3":32},
    {"p1":74,
     "p2":94,
     "p3":95},
    {"p1":73,
     "p2":74,
     "p3":95},
    {"p1":74,
     "p2":75,
     "p3":94},
    {"p1":36,
     "p2":52,
     "p3":53},
    {"p1":39,
     "p2":50,
     "p3":51},
    {"p1":39,
     "p2":51,
     "p3":52},
    {"p1":36,
     "p2":53,
     "p3":54},
    {"p1":35,
     "p2":54,
     "p3":55},
    {"p1":35,
     "p2":36,
     "p3":54}]
}