{"points":[
    {"x":0.047859,
     "y":0.52645},
    {"x":0.030227,
     "y":0.56927},
    {"x":0,
     "y":0.61209},
    {"x":0.02267,
     "y":0.61965},
    {"x":0.065491,
     "y":0.61461},
    {"x":0.10831,
     "y":0.61209},
    {"x":0.15113,
     "y":0.60705},
    {"x":0.19395,
     "y":0.60202},
    {"x":0.23678,
     "y":0.5995},
    {"x":0.2796,
     "y":0.59446},
    {"x":0.32242,
     "y":0.58942},
    {"x":0.36524,
     "y":0.58438},
    {"x":0.40806,
     "y":0.58186},
    {"x":0.42065,
     "y":0.60957},
    {"x":0.41562,
     "y":0.65239},
    {"x":0.40806,
     "y":0.69521},
    {"x":0.40302,
     "y":0.73804},
    {"x":0.39547,
     "y":0.78086},
    {"x":0.39043,
     "y":0.82368},
    {"x":0.38287,
     "y":0.8665},
    {"x":0.37783,
     "y":0.90932},
    {"x":0.3728,
     "y":0.95214},
    {"x":0.36524,
     "y":0.99496},
    {"x":0.39798,
     "y":0.97481},
    {"x":0.44081,
     "y":0.94962},
    {"x":0.48363,
     "y":0.93451},
    {"x":0.52645,
     "y":0.93703},
    {"x":0.56927,
     "y":0.9597},
    {"x":0.60957,
     "y":1},
    {"x":0.60957,
     "y":0.96725},
    {"x":0.60202,
     "y":0.92443},
    {"x":0.59446,
     "y":0.88161},
    {"x":0.58942,
     "y":0.83879},
    {"x":0.58186,
     "y":0.79597},
    {"x":0.57431,
     "y":0.75315},
    {"x":0.56927,
     "y":0.71033},
    {"x":0.56171,
     "y":0.66751},
    {"x":0.55416,
     "y":0.62469},
    {"x":0.55164,
     "y":0.58186},
    {"x":0.59446,
     "y":0.5869},
    {"x":0.63728,
     "y":0.59194},
    {"x":0.6801,
     "y":0.59446},
    {"x":0.72292,
     "y":0.5995},
    {"x":0.76574,
     "y":0.60202},
    {"x":0.80856,
     "y":0.60705},
    {"x":0.85139,
     "y":0.61209},
    {"x":0.89421,
     "y":0.61461},
    {"x":0.93703,
     "y":0.61965},
    {"x":0.97985,
     "y":0.62217},
    {"x":0.96474,
     "y":0.58942},
    {"x":0.93955,
     "y":0.5466},
    {"x":0.92443,
     "y":0.50378},
    {"x":0.92443,
     "y":0.46096},
    {"x":0.93955,
     "y":0.41814},
    {"x":0.97733,
     "y":0.37783},
    {"x":0.95718,
     "y":0.37028},
    {"x":0.91436,
     "y":0.37531},
    {"x":0.87154,
     "y":0.38035},
    {"x":0.82872,
     "y":0.38287},
    {"x":0.78589,
     "y":0.38791},
    {"x":0.74307,
     "y":0.39043},
    {"x":0.70025,
     "y":0.39547},
    {"x":0.65743,
     "y":0.4005},
    {"x":0.61461,
     "y":0.40302},
    {"x":0.57179,
     "y":0.40806},
    {"x":0.55416,
     "y":0.38539},
    {"x":0.56171,
     "y":0.34257},
    {"x":0.56675,
     "y":0.29975},
    {"x":0.57431,
     "y":0.25693},
    {"x":0.58186,
     "y":0.21411},
    {"x":0.5869,
     "y":0.17128},
    {"x":0.59446,
     "y":0.12846},
    {"x":0.5995,
     "y":0.085642},
    {"x":0.60705,
     "y":0.042821},
    {"x":0.61209,
     "y":0},
    {"x":0.59194,
     "y":0.017632},
    {"x":0.54912,
     "y":0.050378},
    {"x":0.5063,
     "y":0.062972},
    {"x":0.46348,
     "y":0.055416},
    {"x":0.42065,
     "y":0.035264},
    {"x":0.37783,
     "y":0},
    {"x":0.36776,
     "y":0.017632},
    {"x":0.37531,
     "y":0.060453},
    {"x":0.38035,
     "y":0.10327},
    {"x":0.38539,
     "y":0.1461},
    {"x":0.39043,
     "y":0.18892},
    {"x":0.39798,
     "y":0.23174},
    {"x":0.40302,
     "y":0.27456},
    {"x":0.40806,
     "y":0.31738},
    {"x":0.41562,
     "y":0.3602},
    {"x":0.42065,
     "y":0.40302},
    {"x":0.38539,
     "y":0.40806},
    {"x":0.34257,
     "y":0.40302},
    {"x":0.29975,
     "y":0.4005},
    {"x":0.25693,
     "y":0.39547},
    {"x":0.21411,
     "y":0.39043},
    {"x":0.17128,
     "y":0.38791},
    {"x":0.12846,
     "y":0.38287},
    {"x":0.085642,
     "y":0.37783},
    {"x":0.042821,
     "y":0.3728},
    {"x":0,
     "y":0.37028},
    {"x":0.017632,
     "y":0.40302},
    {"x":0.040302,
     "y":0.44584},
    {"x":0.050378,
     "y":0.48866},
    {"x":0.047859,
     "y":0.52645}],
 "triangles":[
    {"p1":43,
     "p2":44,
     "p3":59},
    {"p1":44,
     "p2":51,
     "p3":59},
    {"p1":15,
     "p2":35,
     "p3":36},
    {"p1":17,
     "p2":33,
     "p3":34},
    {"p1":26,
     "p2":27,
     "p3":30},
    {"p1":27,
     "p2":28,
     "p3":29},
    {"p1":27,
     "p2":29,
     "p3":30},
    {"p1":19,
     "p2":24,
     "p3":25},
    {"p1":18,
     "p2":19,
     "p3":25},
    {"p1":17,
     "p2":18,
     "p3":33},
    {"p1":97,
     "p2":102,
     "p3":103},
    {"p1":96,
     "p2":97,
     "p3":103},
    {"p1":70,
     "p2":71,
     "p3":77},
    {"p1":71,
     "p2":76,
     "p3":77},
    {"p1":70,
     "p2":77,
     "p3":85},
    {"p1":77,
     "p2":84,
     "p3":85},
    {"p1":44,
     "p2":45,
     "p3":51},
    {"p1":45,
     "p2":50,
     "p3":51},
    {"p1":45,
     "p2":46,
     "p3":50},
    {"p1":25,
     "p2":26,
     "p3":32},
    {"p1":18,
     "p2":32,
     "p3":33},
    {"p1":18,
     "p2":25,
     "p3":32},
    {"p1":53,
     "p2":55,
     "p3":56},
    {"p1":53,
     "p2":54,
     "p3":55},
    {"p1":73,
     "p2":74,
     "p3":75},
    {"p1":73,
     "p2":75,
     "p3":76},
    {"p1":51,
     "p2":58,
     "p3":59},
    {"p1":72,
     "p2":73,
     "p3":76},
    {"p1":71,
     "p2":72,
     "p3":76},
    {"p1":16,
     "p2":17,
     "p3":34},
    {"p1":15,
     "p2":16,
     "p3":35},
    {"p1":16,
     "p2":34,
     "p3":35},
    {"p1":1,
     "p2":2,
     "p3":3},
    {"p1":1,
     "p2":3,
     "p3":4},
    {"p1":0,
     "p2":1,
     "p3":4},
    {"p1":13,
     "p2":37,
     "p3":38},
    {"p1":40,
     "p2":62,
     "p3":63},
    {"p1":43,
     "p2":59,
     "p3":60},
    {"p1":40,
     "p2":41,
     "p3":62},
    {"p1":41,
     "p2":61,
     "p3":62},
    {"p1":99,
     "p2":100,
     "p3":101},
    {"p1":99,
     "p2":101,
     "p3":102},
    {"p1":97,
     "p2":98,
     "p3":102},
    {"p1":98,
     "p2":99,
     "p3":102},
    {"p1":68,
     "p2":86,
     "p3":87},
    {"p1":77,
     "p2":78,
     "p3":84},
    {"p1":14,
     "p2":15,
     "p3":36},
    {"p1":14,
     "p2":36,
     "p3":37},
    {"p1":13,
     "p2":14,
     "p3":37},
    {"p1":0,
     "p2":6,
     "p3":103},
    {"p1":7,
     "p2":95,
     "p3":96},
    {"p1":7,
     "p2":8,
     "p3":95},
    {"p1":7,
     "p2":96,
     "p3":103},
    {"p1":6,
     "p2":7,
     "p3":103},
    {"p1":8,
     "p2":94,
     "p3":95},
    {"p1":8,
     "p2":9,
     "p3":94},
    {"p1":46,
     "p2":47,
     "p3":50},
    {"p1":47,
     "p2":48,
     "p3":49},
    {"p1":47,
     "p2":49,
     "p3":50},
    {"p1":26,
     "p2":30,
     "p3":31},
    {"p1":26,
     "p2":31,
     "p3":32},
    {"p1":51,
     "p2":52,
     "p3":58},
    {"p1":52,
     "p2":57,
     "p3":58},
    {"p1":53,
     "p2":56,
     "p3":57},
    {"p1":52,
     "p2":53,
     "p3":57},
    {"p1":21,
     "p2":22,
     "p3":23},
    {"p1":21,
     "p2":23,
     "p3":24},
    {"p1":19,
     "p2":20,
     "p3":24},
    {"p1":20,
     "p2":21,
     "p3":24},
    {"p1":67,
     "p2":68,
     "p3":87},
    {"p1":39,
     "p2":40,
     "p3":63},
    {"p1":38,
     "p2":39,
     "p3":64},
    {"p1":39,
     "p2":63,
     "p3":64},
    {"p1":68,
     "p2":69,
     "p3":86},
    {"p1":69,
     "p2":70,
     "p3":85},
    {"p1":69,
     "p2":85,
     "p3":86},
    {"p1":41,
     "p2":42,
     "p3":61},
    {"p1":42,
     "p2":43,
     "p3":60},
    {"p1":42,
     "p2":60,
     "p3":61},
    {"p1":79,
     "p2":80,
     "p3":81},
    {"p1":79,
     "p2":81,
     "p3":82},
    {"p1":79,
     "p2":82,
     "p3":83},
    {"p1":78,
     "p2":79,
     "p3":83},
    {"p1":78,
     "p2":83,
     "p3":84},
    {"p1":10,
     "p2":11,
     "p3":92},
    {"p1":0,
     "p2":4,
     "p3":5},
    {"p1":0,
     "p2":5,
     "p3":6},
    {"p1":67,
     "p2":87,
     "p3":88},
    {"p1":38,
     "p2":64,
     "p3":90},
    {"p1":64,
     "p2":65,
     "p3":90},
    {"p1":65,
     "p2":89,
     "p3":90},
    {"p1":65,
     "p2":66,
     "p3":89},
    {"p1":66,
     "p2":88,
     "p3":89},
    {"p1":66,
     "p2":67,
     "p3":88},
    {"p1":10,
     "p2":92,
     "p3":93},
    {"p1":9,
     "p2":93,
     "p3":94},
    {"p1":9,
     "p2":10,
     "p3":93},
    {"p1":12,
     "p2":13,
     "p3":38},
    {"p1":12,
     "p2":38,
     "p3":90},
    {"p1":12,
     "p2":90,
     "p3":91},
    {"p1":11,
     "p2":91,
     "p3":92},
    {"p1":11,
     "p2":12,
     "p3":91}]
}