{"points":[
    {"x":0.0026738,
     "y":0.5},
    {"x":0.0080214,
     "y":0.54278},
    {"x":0.010695,
     "y":0.58021},
    {"x":0,
     "y":0.62567},
    {"x":0.042781,
     "y":0.61497},
    {"x":0.080214,
     "y":0.62032},
    {"x":0.12567,
     "y":0.62299},
    {"x":0.17112,
     "y":0.61765},
    {"x":0.20053,
     "y":0.6123},
    {"x":0.24332,
     "y":0.57487},
    {"x":0.2754,
     "y":0.58289},
    {"x":0.31818,
     "y":0.58021},
    {"x":0.35561,
     "y":0.60428},
    {"x":0.37968,
     "y":0.63636},
    {"x":0.36898,
     "y":0.68182},
    {"x":0.36898,
     "y":0.72727},
    {"x":0.38235,
     "y":0.76203},
    {"x":0.37968,
     "y":0.80749},
    {"x":0.40107,
     "y":0.83155},
    {"x":0.3984,
     "y":0.87701},
    {"x":0.38503,
     "y":0.92246},
    {"x":0.37433,
     "y":0.96524},
    {"x":0.37701,
     "y":0.99733},
    {"x":0.42246,
     "y":0.99465},
    {"x":0.46791,
     "y":0.98128},
    {"x":0.49733,
     "y":1},
    {"x":0.54278,
     "y":0.99465},
    {"x":0.58824,
     "y":0.98396},
    {"x":0.61765,
     "y":0.99733},
    {"x":0.60428,
     "y":0.95455},
    {"x":0.59626,
     "y":0.91176},
    {"x":0.57754,
     "y":0.88503},
    {"x":0.59358,
     "y":0.83957},
    {"x":0.59626,
     "y":0.79412},
    {"x":0.61497,
     "y":0.74866},
    {"x":0.62299,
     "y":0.70321},
    {"x":0.63102,
     "y":0.65775},
    {"x":0.61765,
     "y":0.63102},
    {"x":0.66043,
     "y":0.62834},
    {"x":0.70588,
     "y":0.61497},
    {"x":0.74332,
     "y":0.62032},
    {"x":0.78877,
     "y":0.62299},
    {"x":0.83155,
     "y":0.61765},
    {"x":0.86631,
     "y":0.63636},
    {"x":0.8984,
     "y":0.65508},
    {"x":0.94385,
     "y":0.64706},
    {"x":0.97594,
     "y":0.63904},
    {"x":0.99465,
     "y":0.59626},
    {"x":0.97861,
     "y":0.57487},
    {"x":0.98128,
     "y":0.52941},
    {"x":0.98663,
     "y":0.48396},
    {"x":0.97059,
     "y":0.46257},
    {"x":0.9893,
     "y":0.41711},
    {"x":0.97861,
     "y":0.37166},
    {"x":0.94385,
     "y":0.34225},
    {"x":0.8984,
     "y":0.33155},
    {"x":0.85294,
     "y":0.35027},
    {"x":0.86096,
     "y":0.36631},
    {"x":0.81818,
     "y":0.36898},
    {"x":0.78342,
     "y":0.37433},
    {"x":0.74332,
     "y":0.36898},
    {"x":0.70053,
     "y":0.36898},
    {"x":0.65508,
     "y":0.3877},
    {"x":0.62567,
     "y":0.37433},
    {"x":0.60963,
     "y":0.3369},
    {"x":0.6016,
     "y":0.29144},
    {"x":0.60428,
     "y":0.24599},
    {"x":0.62567,
     "y":0.20053},
    {"x":0.63904,
     "y":0.15508},
    {"x":0.64706,
     "y":0.10963},
    {"x":0.62032,
     "y":0.074866},
    {"x":0.59626,
     "y":0.050802},
    {"x":0.59626,
     "y":0.010695},
    {"x":0.61497,
     "y":0.0053476},
    {"x":0.56952,
     "y":0.0026738},
    {"x":0.52406,
     "y":0.0080214},
    {"x":0.49198,
     "y":0},
    {"x":0.44652,
     "y":0.0026738},
    {"x":0.40107,
     "y":0.0053476},
    {"x":0.37701,
     "y":0.0053476},
    {"x":0.40642,
     "y":0.02139},
    {"x":0.37166,
     "y":0.058824},
    {"x":0.35294,
     "y":0.10428},
    {"x":0.35027,
     "y":0.14973},
    {"x":0.36364,
     "y":0.19519},
    {"x":0.3877,
     "y":0.2246},
    {"x":0.38235,
     "y":0.27005},
    {"x":0.37968,
     "y":0.30749},
    {"x":0.36631,
     "y":0.35027},
    {"x":0.36631,
     "y":0.39037},
    {"x":0.3369,
     "y":0.39037},
    {"x":0.29679,
     "y":0.41176},
    {"x":0.2754,
     "y":0.40107},
    {"x":0.22995,
     "y":0.40642},
    {"x":0.19786,
     "y":0.38235},
    {"x":0.15508,
     "y":0.37166},
    {"x":0.12299,
     "y":0.37166},
    {"x":0.080214,
     "y":0.36898},
    {"x":0.034759,
     "y":0.36898},
    {"x":0.0053476,
     "y":0.40374},
    {"x":0.0026738,
     "y":0.44652},
    {"x":0.0053476,
     "y":0.48396},
    {"x":0.0026738,
     "y":0.5}],
 "triangles":[
    {"p1":0,
     "p2":1,
     "p3":101},
    {"p1":1,
     "p2":6,
     "p3":101},
    {"p1":24,
     "p2":25,
     "p3":26},
    {"p1":18,
     "p2":31,
     "p3":32},
    {"p1":18,
     "p2":19,
     "p3":31},
    {"p1":19,
     "p2":24,
     "p3":31},
    {"p1":26,
     "p2":30,
     "p3":31},
    {"p1":24,
     "p2":26,
     "p3":31},
    {"p1":12,
     "p2":37,
     "p3":89},
    {"p1":6,
     "p2":96,
     "p3":101},
    {"p1":55,
     "p2":56,
     "p3":57},
    {"p1":52,
     "p2":53,
     "p3":57},
    {"p1":51,
     "p2":52,
     "p3":57},
    {"p1":53,
     "p2":54,
     "p3":57},
    {"p1":54,
     "p2":55,
     "p3":57},
    {"p1":19,
     "p2":20,
     "p3":24},
    {"p1":14,
     "p2":15,
     "p3":16},
    {"p1":26,
     "p2":29,
     "p3":30},
    {"p1":97,
     "p2":98,
     "p3":99},
    {"p1":97,
     "p2":99,
     "p3":100},
    {"p1":97,
     "p2":100,
     "p3":101},
    {"p1":96,
     "p2":97,
     "p3":101},
    {"p1":9,
     "p2":91,
     "p3":93},
    {"p1":93,
     "p2":94,
     "p3":95},
    {"p1":89,
     "p2":90,
     "p3":91},
    {"p1":76,
     "p2":77,
     "p3":80},
    {"p1":76,
     "p2":80,
     "p3":81},
    {"p1":71,
     "p2":74,
     "p3":75},
    {"p1":75,
     "p2":76,
     "p3":81},
    {"p1":75,
     "p2":81,
     "p3":82},
    {"p1":72,
     "p2":73,
     "p3":74},
    {"p1":71,
     "p2":72,
     "p3":74},
    {"p1":68,
     "p2":70,
     "p3":71},
    {"p1":67,
     "p2":68,
     "p3":71},
    {"p1":68,
     "p2":69,
     "p3":70},
    {"p1":39,
     "p2":60,
     "p3":62},
    {"p1":20,
     "p2":23,
     "p3":24},
    {"p1":16,
     "p2":17,
     "p3":18},
    {"p1":9,
     "p2":10,
     "p3":91},
    {"p1":12,
     "p2":13,
     "p3":37},
    {"p1":2,
     "p2":3,
     "p3":4},
    {"p1":1,
     "p2":5,
     "p3":6},
    {"p1":1,
     "p2":2,
     "p3":5},
    {"p1":2,
     "p2":4,
     "p3":5},
    {"p1":27,
     "p2":28,
     "p3":29},
    {"p1":26,
     "p2":27,
     "p3":29},
    {"p1":49,
     "p2":50,
     "p3":51},
    {"p1":42,
     "p2":49,
     "p3":51},
    {"p1":42,
     "p2":51,
     "p3":57},
    {"p1":63,
     "p2":64,
     "p3":89},
    {"p1":37,
     "p2":63,
     "p3":89},
    {"p1":37,
     "p2":62,
     "p3":63},
    {"p1":13,
     "p2":35,
     "p3":37},
    {"p1":13,
     "p2":14,
     "p3":35},
    {"p1":14,
     "p2":16,
     "p3":35},
    {"p1":16,
     "p2":34,
     "p3":35},
    {"p1":18,
     "p2":32,
     "p3":33},
    {"p1":16,
     "p2":18,
     "p3":33},
    {"p1":16,
     "p2":33,
     "p3":34},
    {"p1":66,
     "p2":85,
     "p3":86},
    {"p1":66,
     "p2":67,
     "p3":85},
    {"p1":67,
     "p2":71,
     "p3":85},
    {"p1":71,
     "p2":75,
     "p3":85},
    {"p1":83,
     "p2":84,
     "p3":85},
    {"p1":82,
     "p2":83,
     "p3":85},
    {"p1":75,
     "p2":82,
     "p3":85},
    {"p1":6,
     "p2":7,
     "p3":96},
    {"p1":7,
     "p2":95,
     "p3":96},
    {"p1":7,
     "p2":93,
     "p3":95},
    {"p1":7,
     "p2":9,
     "p3":93},
    {"p1":7,
     "p2":8,
     "p3":9},
    {"p1":91,
     "p2":92,
     "p3":93},
    {"p1":78,
     "p2":79,
     "p3":80},
    {"p1":77,
     "p2":78,
     "p3":80},
    {"p1":60,
     "p2":61,
     "p3":62},
    {"p1":21,
     "p2":22,
     "p3":23},
    {"p1":20,
     "p2":21,
     "p3":23},
    {"p1":10,
     "p2":11,
     "p3":91},
    {"p1":11,
     "p2":12,
     "p3":89},
    {"p1":11,
     "p2":89,
     "p3":91},
    {"p1":42,
     "p2":48,
     "p3":49},
    {"p1":46,
     "p2":47,
     "p3":48},
    {"p1":45,
     "p2":46,
     "p3":48},
    {"p1":41,
     "p2":42,
     "p3":59},
    {"p1":38,
     "p2":39,
     "p3":62},
    {"p1":37,
     "p2":38,
     "p3":62},
    {"p1":40,
     "p2":41,
     "p3":59},
    {"p1":39,
     "p2":40,
     "p3":60},
    {"p1":40,
     "p2":59,
     "p3":60},
    {"p1":64,
     "p2":88,
     "p3":89},
    {"p1":65,
     "p2":66,
     "p3":86},
    {"p1":42,
     "p2":43,
     "p3":48},
    {"p1":43,
     "p2":44,
     "p3":45},
    {"p1":43,
     "p2":45,
     "p3":48},
    {"p1":42,
     "p2":57,
     "p3":58},
    {"p1":42,
     "p2":58,
     "p3":59},
    {"p1":35,
     "p2":36,
     "p3":37},
    {"p1":65,
     "p2":86,
     "p3":87},
    {"p1":64,
     "p2":87,
     "p3":88},
    {"p1":64,
     "p2":65,
     "p3":87}]
}