{"points":[
    {"x":0,
     "y":0.41566},
    {"x":0.048193,
     "y":0.43574},
    {"x":0.10442,
     "y":0.45582},
    {"x":0.15663,
     "y":0.47189},
    {"x":0.21084,
     "y":0.47791},
    {"x":0.26506,
     "y":0.47992},
    {"x":0.32129,
     "y":0.48193},
    {"x":0.37751,
     "y":0.46988},
    {"x":0.42169,
     "y":0.45181},
    {"x":0.43976,
     "y":0.45582},
    {"x":0.38956,
     "y":0.49197},
    {"x":0.36345,
     "y":0.53012},
    {"x":0.32932,
     "y":0.57631},
    {"x":0.3012,
     "y":0.63052},
    {"x":0.2751,
     "y":0.68675},
    {"x":0.25301,
     "y":0.74498},
    {"x":0.251,
     "y":0.79518},
    {"x":0.26104,
     "y":0.83534},
    {"x":0.31727,
     "y":0.80522},
    {"x":0.35944,
     "y":0.76506},
    {"x":0.40361,
     "y":0.70683},
    {"x":0.44378,
     "y":0.64659},
    {"x":0.47189,
     "y":0.58434},
    {"x":0.48795,
     "y":0.5261},
    {"x":0.5,
     "y":0.46386},
    {"x":0.52008,
     "y":0.51205},
    {"x":0.52811,
     "y":0.55221},
    {"x":0.54016,
     "y":0.61446},
    {"x":0.56024,
     "y":0.66867},
    {"x":0.59036,
     "y":0.71285},
    {"x":0.62651,
     "y":0.74096},
    {"x":0.64257,
     "y":0.78313},
    {"x":0.67871,
     "y":0.8012},
    {"x":0.70884,
     "y":0.82932},
    {"x":0.75301,
     "y":0.85743},
    {"x":0.74498,
     "y":0.79719},
    {"x":0.73695,
     "y":0.74498},
    {"x":0.72691,
     "y":0.6988},
    {"x":0.70482,
     "y":0.64859},
    {"x":0.68876,
     "y":0.61044},
    {"x":0.66667,
     "y":0.56225},
    {"x":0.6245,
     "y":0.51606},
    {"x":0.58233,
     "y":0.47791},
    {"x":0.55422,
     "y":0.43775},
    {"x":0.60843,
     "y":0.45984},
    {"x":0.66064,
     "y":0.4739},
    {"x":0.70884,
     "y":0.48795},
    {"x":0.76104,
     "y":0.49398},
    {"x":0.82129,
     "y":0.49197},
    {"x":0.87149,
     "y":0.48795},
    {"x":0.9257,
     "y":0.46787},
    {"x":0.9759,
     "y":0.44779},
    {"x":1,
     "y":0.41365},
    {"x":0.95582,
     "y":0.38554},
    {"x":0.89759,
     "y":0.36948},
    {"x":0.83534,
     "y":0.35542},
    {"x":0.79116,
     "y":0.34538},
    {"x":0.72892,
     "y":0.35341},
    {"x":0.68675,
     "y":0.34739},
    {"x":0.6245,
     "y":0.36546},
    {"x":0.56225,
     "y":0.38153},
    {"x":0.58434,
     "y":0.35542},
    {"x":0.63454,
     "y":0.31124},
    {"x":0.67068,
     "y":0.26707},
    {"x":0.70884,
     "y":0.21285},
    {"x":0.72691,
     "y":0.15863},
    {"x":0.73896,
     "y":0.11446},
    {"x":0.75904,
     "y":0.052209},
    {"x":0.75301,
     "y":0},
    {"x":0.71687,
     "y":0.0080321},
    {"x":0.66265,
     "y":0.046185},
    {"x":0.62048,
     "y":0.098394},
    {"x":0.57831,
     "y":0.15462},
    {"x":0.54819,
     "y":0.21486},
    {"x":0.5261,
     "y":0.27309},
    {"x":0.51004,
     "y":0.33534},
    {"x":0.5,
     "y":0.34337},
    {"x":0.48996,
     "y":0.29518},
    {"x":0.4739,
     "y":0.23494},
    {"x":0.46386,
     "y":0.18474},
    {"x":0.4257,
     "y":0.16265},
    {"x":0.40763,
     "y":0.12048},
    {"x":0.36546,
     "y":0.070281},
    {"x":0.31928,
     "y":0.036145},
    {"x":0.27711,
     "y":0.002008},
    {"x":0.25502,
     "y":0.0040161},
    {"x":0.26305,
     "y":0.060241},
    {"x":0.27912,
     "y":0.11245},
    {"x":0.29518,
     "y":0.17068},
    {"x":0.31928,
     "y":0.22691},
    {"x":0.33936,
     "y":0.26506},
    {"x":0.37952,
     "y":0.30924},
    {"x":0.41365,
     "y":0.34137},
    {"x":0.44378,
     "y":0.37149},
    {"x":0.45181,
     "y":0.38755},
    {"x":0.3996,
     "y":0.36948},
    {"x":0.34137,
     "y":0.35341},
    {"x":0.29317,
     "y":0.34538},
    {"x":0.23494,
     "y":0.34337},
    {"x":0.18072,
     "y":0.3494},
    {"x":0.12048,
     "y":0.36345},
    {"x":0.058233,
     "y":0.38353},
    {"x":0,
     "y":0.41566},
    {"x":0,
     "y":0.41566}],
 "triangles":[
    {"p1":4,
     "p2":5,
     "p3":98},
    {"p1":14,
     "p2":15,
     "p3":19},
    {"p1":14,
     "p2":19,
     "p3":20},
    {"p1":3,
     "p2":4,
     "p3":99},
    {"p1":4,
     "p2":98,
     "p3":99},
    {"p1":3,
     "p2":99,
     "p3":100},
    {"p1":2,
     "p2":3,
     "p3":100},
    {"p1":10,
     "p2":22,
     "p3":23},
    {"p1":26,
     "p2":41,
     "p3":42},
    {"p1":26,
     "p2":27,
     "p3":41},
    {"p1":76,
     "p2":93,
     "p3":94},
    {"p1":63,
     "p2":72,
     "p3":73},
    {"p1":48,
     "p2":49,
     "p3":55},
    {"p1":45,
     "p2":57,
     "p3":58},
    {"p1":2,
     "p2":100,
     "p3":101},
    {"p1":15,
     "p2":18,
     "p3":19},
    {"p1":15,
     "p2":16,
     "p3":18},
    {"p1":16,
     "p2":17,
     "p3":18},
    {"p1":9,
     "p2":10,
     "p3":23},
    {"p1":10,
     "p2":11,
     "p3":22},
    {"p1":13,
     "p2":14,
     "p3":20},
    {"p1":11,
     "p2":21,
     "p3":22},
    {"p1":11,
     "p2":12,
     "p3":21},
    {"p1":13,
     "p2":20,
     "p3":21},
    {"p1":12,
     "p2":13,
     "p3":21},
    {"p1":5,
     "p2":97,
     "p3":98},
    {"p1":5,
     "p2":6,
     "p3":97},
    {"p1":6,
     "p2":96,
     "p3":97},
    {"p1":78,
     "p2":79,
     "p3":80},
    {"p1":81,
     "p2":82,
     "p3":88},
    {"p1":80,
     "p2":88,
     "p3":89},
    {"p1":80,
     "p2":81,
     "p3":88},
    {"p1":28,
     "p2":29,
     "p3":39},
    {"p1":29,
     "p2":38,
     "p3":39},
    {"p1":27,
     "p2":28,
     "p3":39},
    {"p1":25,
     "p2":26,
     "p3":42},
    {"p1":61,
     "p2":74,
     "p3":75},
    {"p1":64,
     "p2":65,
     "p3":71},
    {"p1":64,
     "p2":71,
     "p3":72},
    {"p1":63,
     "p2":64,
     "p3":72},
    {"p1":49,
     "p2":50,
     "p3":54},
    {"p1":49,
     "p2":54,
     "p3":55},
    {"p1":47,
     "p2":48,
     "p3":56},
    {"p1":48,
     "p2":55,
     "p3":56},
    {"p1":47,
     "p2":56,
     "p3":57},
    {"p1":61,
     "p2":62,
     "p3":74},
    {"p1":62,
     "p2":63,
     "p3":73},
    {"p1":62,
     "p2":73,
     "p3":74},
    {"p1":25,
     "p2":42,
     "p3":43},
    {"p1":0,
     "p2":1,
     "p3":101},
    {"p1":1,
     "p2":2,
     "p3":101},
    {"p1":65,
     "p2":66,
     "p3":71},
    {"p1":66,
     "p2":70,
     "p3":71},
    {"p1":66,
     "p2":67,
     "p3":70},
    {"p1":78,
     "p2":90,
     "p3":91},
    {"p1":78,
     "p2":80,
     "p3":90},
    {"p1":80,
     "p2":89,
     "p3":90},
    {"p1":82,
     "p2":83,
     "p3":87},
    {"p1":82,
     "p2":87,
     "p3":88},
    {"p1":31,
     "p2":32,
     "p3":36},
    {"p1":27,
     "p2":40,
     "p3":41},
    {"p1":27,
     "p2":39,
     "p3":40},
    {"p1":9,
     "p2":23,
     "p3":24},
    {"p1":24,
     "p2":25,
     "p3":43},
    {"p1":9,
     "p2":24,
     "p3":94},
    {"p1":24,
     "p2":43,
     "p3":94},
    {"p1":76,
     "p2":92,
     "p3":93},
    {"p1":6,
     "p2":7,
     "p3":96},
    {"p1":7,
     "p2":95,
     "p3":96},
    {"p1":76,
     "p2":77,
     "p3":92},
    {"p1":77,
     "p2":78,
     "p3":91},
    {"p1":77,
     "p2":91,
     "p3":92},
    {"p1":50,
     "p2":51,
     "p3":53},
    {"p1":50,
     "p2":53,
     "p3":54},
    {"p1":51,
     "p2":52,
     "p3":53},
    {"p1":45,
     "p2":58,
     "p3":59},
    {"p1":44,
     "p2":45,
     "p3":59},
    {"p1":67,
     "p2":68,
     "p3":69},
    {"p1":67,
     "p2":69,
     "p3":70},
    {"p1":83,
     "p2":86,
     "p3":87},
    {"p1":84,
     "p2":85,
     "p3":86},
    {"p1":83,
     "p2":84,
     "p3":86},
    {"p1":30,
     "p2":31,
     "p3":36},
    {"p1":30,
     "p2":36,
     "p3":37},
    {"p1":29,
     "p2":30,
     "p3":38},
    {"p1":30,
     "p2":37,
     "p3":38},
    {"p1":32,
     "p2":33,
     "p3":35},
    {"p1":32,
     "p2":35,
     "p3":36},
    {"p1":33,
     "p2":34,
     "p3":35},
    {"p1":46,
     "p2":47,
     "p3":57},
    {"p1":45,
     "p2":46,
     "p3":57},
    {"p1":7,
     "p2":8,
     "p3":95},
    {"p1":8,
     "p2":9,
     "p3":94},
    {"p1":8,
     "p2":94,
     "p3":95},
    {"p1":43,
     "p2":44,
     "p3":60},
    {"p1":44,
     "p2":59,
     "p3":60},
    {"p1":60,
     "p2":75,
     "p3":76},
    {"p1":60,
     "p2":61,
     "p3":75},
    {"p1":60,
     "p2":76,
     "p3":94},
    {"p1":43,
     "p2":60,
     "p3":94}]
}