{"points":[
    {"x":0.028646,
     "y":0.48958},
    {"x":0.013021,
     "y":0.53906},
    {"x":0,
     "y":0.58854},
    {"x":0.028646,
     "y":0.63021},
    {"x":0.078125,
     "y":0.66667},
    {"x":0.1276,
     "y":0.70312},
    {"x":0.17708,
     "y":0.73958},
    {"x":0.22656,
     "y":0.77604},
    {"x":0.27604,
     "y":0.8125},
    {"x":0.32552,
     "y":0.84896},
    {"x":0.375,
     "y":0.88542},
    {"x":0.42448,
     "y":0.92188},
    {"x":0.47396,
     "y":0.95833},
    {"x":0.52344,
     "y":0.95833},
    {"x":0.57292,
     "y":0.92188},
    {"x":0.6224,
     "y":0.88542},
    {"x":0.67188,
     "y":0.84896},
    {"x":0.72135,
     "y":0.8125},
    {"x":0.73177,
     "y":0.77604},
    {"x":0.68229,
     "y":0.73698},
    {"x":0.63281,
     "y":0.70052},
    {"x":0.58333,
     "y":0.66146},
    {"x":0.53385,
     "y":0.625},
    {"x":0.48438,
     "y":0.58594},
    {"x":0.4349,
     "y":0.54948},
    {"x":0.38542,
     "y":0.51302},
    {"x":0.33594,
     "y":0.47396},
    {"x":0.28646,
     "y":0.4375},
    {"x":0.26042,
     "y":0.39844},
    {"x":0.30729,
     "y":0.3776},
    {"x":0.35677,
     "y":0.41667},
    {"x":0.40625,
     "y":0.45312},
    {"x":0.45573,
     "y":0.49219},
    {"x":0.50521,
     "y":0.53125},
    {"x":0.55469,
     "y":0.57031},
    {"x":0.60417,
     "y":0.60938},
    {"x":0.65365,
     "y":0.64583},
    {"x":0.70312,
     "y":0.6849},
    {"x":0.7526,
     "y":0.72396},
    {"x":0.80208,
     "y":0.7526},
    {"x":0.85156,
     "y":0.71615},
    {"x":0.90104,
     "y":0.67969},
    {"x":0.95052,
     "y":0.64323},
    {"x":1,
     "y":0.60677},
    {"x":0.98698,
     "y":0.55729},
    {"x":0.97135,
     "y":0.50781},
    {"x":0.95573,
     "y":0.45833},
    {"x":0.9401,
     "y":0.40885},
    {"x":0.92448,
     "y":0.35938},
    {"x":0.90885,
     "y":0.3099},
    {"x":0.89323,
     "y":0.26042},
    {"x":0.8776,
     "y":0.21094},
    {"x":0.86198,
     "y":0.16146},
    {"x":0.84635,
     "y":0.11198},
    {"x":0.83073,
     "y":0.0625},
    {"x":0.8151,
     "y":0.013021},
    {"x":0.77344,
     "y":0},
    {"x":0.72396,
     "y":0},
    {"x":0.67448,
     "y":0},
    {"x":0.625,
     "y":0},
    {"x":0.57552,
     "y":0},
    {"x":0.52604,
     "y":0},
    {"x":0.47656,
     "y":0},
    {"x":0.42708,
     "y":0},
    {"x":0.3776,
     "y":0},
    {"x":0.32812,
     "y":0},
    {"x":0.27865,
     "y":0},
    {"x":0.22917,
     "y":0},
    {"x":0.17969,
     "y":0},
    {"x":0.19792,
     "y":0.026042},
    {"x":0.2474,
     "y":0.0625},
    {"x":0.29688,
     "y":0.10156},
    {"x":0.34635,
     "y":0.13802},
    {"x":0.39583,
     "y":0.17708},
    {"x":0.44531,
     "y":0.21354},
    {"x":0.49479,
     "y":0.25},
    {"x":0.54427,
     "y":0.28906},
    {"x":0.59375,
     "y":0.32552},
    {"x":0.64323,
     "y":0.36458},
    {"x":0.69271,
     "y":0.40104},
    {"x":0.74219,
     "y":0.4401},
    {"x":0.79167,
     "y":0.47656},
    {"x":0.77604,
     "y":0.52604},
    {"x":0.73698,
     "y":0.52083},
    {"x":0.6875,
     "y":0.47917},
    {"x":0.63802,
     "y":0.4401},
    {"x":0.58854,
     "y":0.39844},
    {"x":0.53906,
     "y":0.35677},
    {"x":0.48958,
     "y":0.31771},
    {"x":0.4401,
     "y":0.27604},
    {"x":0.39062,
     "y":0.23438},
    {"x":0.34115,
     "y":0.19531},
    {"x":0.29167,
     "y":0.15365},
    {"x":0.24219,
     "y":0.11198},
    {"x":0.19271,
     "y":0.070312},
    {"x":0.15885,
     "y":0.070312},
    {"x":0.14323,
     "y":0.11979},
    {"x":0.1276,
     "y":0.16927},
    {"x":0.11198,
     "y":0.21875},
    {"x":0.096354,
     "y":0.26823},
    {"x":0.080729,
     "y":0.31771},
    {"x":0.067708,
     "y":0.36719},
    {"x":0.052083,
     "y":0.41667},
    {"x":0.036458,
     "y":0.46615},
    {"x":0.028646,
     "y":0.48958}],
 "triangles":[
    {"p1":4,
     "p2":5,
     "p3":27},
    {"p1":0,
     "p2":4,
     "p3":27},
    {"p1":0,
     "p2":27,
     "p3":103},
    {"p1":27,
     "p2":28,
     "p3":103},
    {"p1":28,
     "p2":102,
     "p3":103},
    {"p1":5,
     "p2":26,
     "p3":27},
    {"p1":29,
     "p2":89,
     "p3":90},
    {"p1":62,
     "p2":73,
     "p3":74},
    {"p1":64,
     "p2":65,
     "p3":71},
    {"p1":64,
     "p2":71,
     "p3":72},
    {"p1":28,
     "p2":100,
     "p3":101},
    {"p1":28,
     "p2":101,
     "p3":102},
    {"p1":1,
     "p2":3,
     "p3":4},
    {"p1":0,
     "p2":1,
     "p3":4},
    {"p1":1,
     "p2":2,
     "p3":3},
    {"p1":6,
     "p2":7,
     "p3":25},
    {"p1":5,
     "p2":6,
     "p3":26},
    {"p1":6,
     "p2":25,
     "p3":26},
    {"p1":8,
     "p2":9,
     "p3":23},
    {"p1":9,
     "p2":10,
     "p3":22},
    {"p1":9,
     "p2":22,
     "p3":23},
    {"p1":61,
     "p2":62,
     "p3":74},
    {"p1":60,
     "p2":61,
     "p3":75},
    {"p1":61,
     "p2":74,
     "p3":75},
    {"p1":59,
     "p2":60,
     "p3":75},
    {"p1":59,
     "p2":75,
     "p3":76},
    {"p1":65,
     "p2":66,
     "p3":71},
    {"p1":66,
     "p2":70,
     "p3":71},
    {"p1":29,
     "p2":90,
     "p3":91},
    {"p1":29,
     "p2":91,
     "p3":92},
    {"p1":63,
     "p2":64,
     "p3":72},
    {"p1":62,
     "p2":63,
     "p3":73},
    {"p1":63,
     "p2":72,
     "p3":73},
    {"p1":28,
     "p2":29,
     "p3":98},
    {"p1":29,
     "p2":92,
     "p3":98},
    {"p1":8,
     "p2":23,
     "p3":24},
    {"p1":7,
     "p2":8,
     "p3":24},
    {"p1":7,
     "p2":24,
     "p3":25},
    {"p1":15,
     "p2":16,
     "p3":20},
    {"p1":54,
     "p2":56,
     "p3":57},
    {"p1":53,
     "p2":54,
     "p3":57},
    {"p1":54,
     "p2":55,
     "p3":56},
    {"p1":53,
     "p2":57,
     "p3":58},
    {"p1":58,
     "p2":59,
     "p3":76},
    {"p1":29,
     "p2":30,
     "p3":89},
    {"p1":30,
     "p2":88,
     "p3":89},
    {"p1":30,
     "p2":31,
     "p3":88},
    {"p1":66,
     "p2":67,
     "p3":70},
    {"p1":94,
     "p2":95,
     "p3":96},
    {"p1":93,
     "p2":94,
     "p3":96},
    {"p1":28,
     "p2":99,
     "p3":100},
    {"p1":28,
     "p2":98,
     "p3":99},
    {"p1":16,
     "p2":19,
     "p3":20},
    {"p1":15,
     "p2":20,
     "p3":21},
    {"p1":10,
     "p2":11,
     "p3":21},
    {"p1":10,
     "p2":21,
     "p3":22},
    {"p1":14,
     "p2":15,
     "p3":21},
    {"p1":11,
     "p2":14,
     "p3":21},
    {"p1":67,
     "p2":68,
     "p3":69},
    {"p1":67,
     "p2":69,
     "p3":70},
    {"p1":92,
     "p2":97,
     "p3":98},
    {"p1":92,
     "p2":93,
     "p3":97},
    {"p1":93,
     "p2":96,
     "p3":97},
    {"p1":17,
     "p2":18,
     "p3":19},
    {"p1":16,
     "p2":17,
     "p3":19},
    {"p1":49,
     "p2":50,
     "p3":79},
    {"p1":49,
     "p2":79,
     "p3":80},
    {"p1":50,
     "p2":51,
     "p3":79},
    {"p1":48,
     "p2":49,
     "p3":80},
    {"p1":37,
     "p2":38,
     "p3":82},
    {"p1":51,
     "p2":52,
     "p3":78},
    {"p1":51,
     "p2":78,
     "p3":79},
    {"p1":34,
     "p2":35,
     "p3":84},
    {"p1":48,
     "p2":80,
     "p3":81},
    {"p1":45,
     "p2":46,
     "p3":81},
    {"p1":45,
     "p2":81,
     "p3":82},
    {"p1":52,
     "p2":77,
     "p3":78},
    {"p1":52,
     "p2":53,
     "p3":77},
    {"p1":58,
     "p2":76,
     "p3":77},
    {"p1":53,
     "p2":58,
     "p3":77},
    {"p1":37,
     "p2":82,
     "p3":83},
    {"p1":36,
     "p2":37,
     "p3":83},
    {"p1":35,
     "p2":36,
     "p3":83},
    {"p1":35,
     "p2":83,
     "p3":84},
    {"p1":33,
     "p2":34,
     "p3":85},
    {"p1":34,
     "p2":84,
     "p3":85},
    {"p1":46,
     "p2":47,
     "p3":81},
    {"p1":47,
     "p2":48,
     "p3":81},
    {"p1":41,
     "p2":42,
     "p3":82},
    {"p1":42,
     "p2":44,
     "p3":45},
    {"p1":42,
     "p2":45,
     "p3":82},
    {"p1":42,
     "p2":43,
     "p3":44},
    {"p1":38,
     "p2":40,
     "p3":82},
    {"p1":40,
     "p2":41,
     "p3":82},
    {"p1":38,
     "p2":39,
     "p3":40},
    {"p1":31,
     "p2":32,
     "p3":87},
    {"p1":31,
     "p2":87,
     "p3":88},
    {"p1":33,
     "p2":85,
     "p3":86},
    {"p1":32,
     "p2":33,
     "p3":86},
    {"p1":32,
     "p2":86,
     "p3":87},
    {"p1":11,
     "p2":12,
     "p3":14},
    {"p1":12,
     "p2":13,
     "p3":14}]
}