{"points":[
    {"x":0.0071599,
     "y":0.45823},
    {"x":0,
     "y":0.52506},
    {"x":0.0095465,
     "y":0.57757},
    {"x":0.050119,
     "y":0.60621},
    {"x":0.11933,
     "y":0.5895},
    {"x":0.17422,
     "y":0.59905},
    {"x":0.24344,
     "y":0.57995},
    {"x":0.29594,
     "y":0.59189},
    {"x":0.28162,
     "y":0.61337},
    {"x":0.21718,
     "y":0.6611},
    {"x":0.15752,
     "y":0.7136},
    {"x":0.088305,
     "y":0.76134},
    {"x":0.1074,
     "y":0.81384},
    {"x":0.15036,
     "y":0.84964},
    {"x":0.21002,
     "y":0.90692},
    {"x":0.25776,
     "y":0.8926},
    {"x":0.3031,
     "y":0.83532},
    {"x":0.36038,
     "y":0.77804},
    {"x":0.40334,
     "y":0.7136},
    {"x":0.42959,
     "y":0.72792},
    {"x":0.42243,
     "y":0.79714},
    {"x":0.42243,
     "y":0.85203},
    {"x":0.4105,
     "y":0.92124},
    {"x":0.40811,
     "y":0.98568},
    {"x":0.45585,
     "y":0.99761},
    {"x":0.51551,
     "y":0.99761},
    {"x":0.58234,
     "y":0.99761},
    {"x":0.60859,
     "y":0.97613},
    {"x":0.59427,
     "y":0.91647},
    {"x":0.59666,
     "y":0.85442},
    {"x":0.57757,
     "y":0.80191},
    {"x":0.57757,
     "y":0.73986},
    {"x":0.58711,
     "y":0.69212},
    {"x":0.61814,
     "y":0.7327},
    {"x":0.65632,
     "y":0.79236},
    {"x":0.69928,
     "y":0.84726},
    {"x":0.75179,
     "y":0.90215},
    {"x":0.78759,
     "y":0.91647},
    {"x":0.84248,
     "y":0.86158},
    {"x":0.90215,
     "y":0.80907},
    {"x":0.90692,
     "y":0.76134},
    {"x":0.86396,
     "y":0.7327},
    {"x":0.8401,
     "y":0.69928},
    {"x":0.81384,
     "y":0.66348},
    {"x":0.75656,
     "y":0.63246},
    {"x":0.70406,
     "y":0.59427},
    {"x":0.75656,
     "y":0.57757},
    {"x":0.81384,
     "y":0.5895},
    {"x":0.86874,
     "y":0.59189},
    {"x":0.93079,
     "y":0.60382},
    {"x":0.99284,
     "y":0.60621},
    {"x":1,
     "y":0.55609},
    {"x":0.99523,
     "y":0.48687},
    {"x":1,
     "y":0.43437},
    {"x":0.95227,
     "y":0.40095},
    {"x":0.90215,
     "y":0.40334},
    {"x":0.83294,
     "y":0.40811},
    {"x":0.76372,
     "y":0.42721},
    {"x":0.70644,
     "y":0.41527},
    {"x":0.71838,
     "y":0.39141},
    {"x":0.78043,
     "y":0.34845},
    {"x":0.8401,
     "y":0.30072},
    {"x":0.89499,
     "y":0.23866},
    {"x":0.88544,
     "y":0.19093},
    {"x":0.83294,
     "y":0.13604},
    {"x":0.79236,
     "y":0.093079},
    {"x":0.74702,
     "y":0.097852},
    {"x":0.70406,
     "y":0.16468},
    {"x":0.64916,
     "y":0.22673},
    {"x":0.59905,
     "y":0.28878},
    {"x":0.56086,
     "y":0.29594},
    {"x":0.57041,
     "y":0.22673},
    {"x":0.56086,
     "y":0.16945},
    {"x":0.56563,
     "y":0.10024},
    {"x":0.56086,
     "y":0.042959},
    {"x":0.54177,
     "y":0},
    {"x":0.47255,
     "y":0.0023866},
    {"x":0.45107,
     "y":0.0358},
    {"x":0.43914,
     "y":0.10501},
    {"x":0.45585,
     "y":0.1599},
    {"x":0.43914,
     "y":0.22912},
    {"x":0.45585,
     "y":0.28401},
    {"x":0.41766,
     "y":0.31026},
    {"x":0.38186,
     "y":0.26253},
    {"x":0.36038,
     "y":0.21957},
    {"x":0.32697,
     "y":0.19332},
    {"x":0.29356,
     "y":0.14558},
    {"x":0.24582,
     "y":0.10024},
    {"x":0.19809,
     "y":0.10263},
    {"x":0.1432,
     "y":0.16229},
    {"x":0.085919,
     "y":0.21718},
    {"x":0.13126,
     "y":0.26253},
    {"x":0.18377,
     "y":0.31265},
    {"x":0.24105,
     "y":0.34845},
    {"x":0.29117,
     "y":0.39379},
    {"x":0.30072,
     "y":0.42959},
    {"x":0.23628,
     "y":0.41289},
    {"x":0.18616,
     "y":0.42005},
    {"x":0.11933,
     "y":0.40573},
    {"x":0.069212,
     "y":0.40573},
    {"x":0,
     "y":0.40573},
    {"x":0.0047733,
     "y":0.45346},
    {"x":0.0071599,
     "y":0.45823}],
 "triangles":[
    {"p1":4,
     "p2":97,
     "p3":98},
    {"p1":61,
     "p2":62,
     "p3":63},
    {"p1":1,
     "p2":3,
     "p3":4},
    {"p1":4,
     "p2":5,
     "p3":97},
    {"p1":74,
     "p2":75,
     "p3":76},
    {"p1":0,
     "p2":1,
     "p3":4},
    {"p1":4,
     "p2":98,
     "p3":99},
    {"p1":0,
     "p2":4,
     "p3":99},
    {"p1":32,
     "p2":82,
     "p3":95},
    {"p1":32,
     "p2":45,
     "p3":58},
    {"p1":82,
     "p2":94,
     "p3":95},
    {"p1":60,
     "p2":61,
     "p3":67},
    {"p1":60,
     "p2":67,
     "p3":68},
    {"p1":61,
     "p2":63,
     "p3":64},
    {"p1":61,
     "p2":64,
     "p3":67},
    {"p1":1,
     "p2":2,
     "p3":3},
    {"p1":5,
     "p2":6,
     "p3":97},
    {"p1":9,
     "p2":10,
     "p3":16},
    {"p1":10,
     "p2":12,
     "p3":13},
    {"p1":10,
     "p2":13,
     "p3":16},
    {"p1":13,
     "p2":15,
     "p3":16},
    {"p1":13,
     "p2":14,
     "p3":15},
    {"p1":10,
     "p2":11,
     "p3":12},
    {"p1":34,
     "p2":43,
     "p3":44},
    {"p1":71,
     "p2":80,
     "p3":81},
    {"p1":99,
     "p2":100,
     "p3":101},
    {"p1":0,
     "p2":99,
     "p3":101},
    {"p1":32,
     "p2":70,
     "p3":82},
    {"p1":32,
     "p2":58,
     "p3":70},
    {"p1":58,
     "p2":69,
     "p3":70},
    {"p1":70,
     "p2":81,
     "p3":82},
    {"p1":70,
     "p2":71,
     "p3":81},
    {"p1":82,
     "p2":83,
     "p3":94},
    {"p1":73,
     "p2":78,
     "p3":79},
    {"p1":86,
     "p2":87,
     "p3":88},
    {"p1":85,
     "p2":86,
     "p3":92},
    {"p1":74,
     "p2":76,
     "p3":77},
    {"p1":73,
     "p2":77,
     "p3":78},
    {"p1":73,
     "p2":74,
     "p3":77},
    {"p1":83,
     "p2":93,
     "p3":94},
    {"p1":85,
     "p2":92,
     "p3":93},
    {"p1":6,
     "p2":96,
     "p3":97},
    {"p1":6,
     "p2":95,
     "p3":96},
    {"p1":6,
     "p2":7,
     "p3":95},
    {"p1":7,
     "p2":8,
     "p3":18},
    {"p1":7,
     "p2":32,
     "p3":95},
    {"p1":7,
     "p2":18,
     "p3":32},
    {"p1":22,
     "p2":23,
     "p3":24},
    {"p1":34,
     "p2":42,
     "p3":43},
    {"p1":36,
     "p2":37,
     "p3":38},
    {"p1":33,
     "p2":34,
     "p3":44},
    {"p1":32,
     "p2":33,
     "p3":45},
    {"p1":33,
     "p2":44,
     "p3":45},
    {"p1":58,
     "p2":59,
     "p3":69},
    {"p1":59,
     "p2":60,
     "p3":68},
    {"p1":59,
     "p2":68,
     "p3":69},
    {"p1":18,
     "p2":19,
     "p3":32},
    {"p1":84,
     "p2":85,
     "p3":93},
    {"p1":83,
     "p2":84,
     "p3":93},
    {"p1":71,
     "p2":72,
     "p3":80},
    {"p1":72,
     "p2":79,
     "p3":80},
    {"p1":72,
     "p2":73,
     "p3":79},
    {"p1":52,
     "p2":53,
     "p3":54},
    {"p1":52,
     "p2":54,
     "p3":55},
    {"p1":64,
     "p2":66,
     "p3":67},
    {"p1":64,
     "p2":65,
     "p3":66},
    {"p1":39,
     "p2":40,
     "p3":41},
    {"p1":38,
     "p2":39,
     "p3":41},
    {"p1":22,
     "p2":24,
     "p3":25},
    {"p1":35,
     "p2":36,
     "p3":38},
    {"p1":35,
     "p2":38,
     "p3":41},
    {"p1":34,
     "p2":35,
     "p3":42},
    {"p1":35,
     "p2":41,
     "p3":42},
    {"p1":19,
     "p2":31,
     "p3":32},
    {"p1":21,
     "p2":29,
     "p3":30},
    {"p1":89,
     "p2":90,
     "p3":91},
    {"p1":86,
     "p2":88,
     "p3":89},
    {"p1":86,
     "p2":89,
     "p3":92},
    {"p1":89,
     "p2":91,
     "p3":92},
    {"p1":49,
     "p2":50,
     "p3":51},
    {"p1":49,
     "p2":51,
     "p3":52},
    {"p1":20,
     "p2":21,
     "p3":30},
    {"p1":20,
     "p2":30,
     "p3":31},
    {"p1":19,
     "p2":20,
     "p3":31},
    {"p1":21,
     "p2":28,
     "p3":29},
    {"p1":22,
     "p2":25,
     "p3":28},
    {"p1":21,
     "p2":22,
     "p3":28},
    {"p1":26,
     "p2":27,
     "p3":28},
    {"p1":25,
     "p2":26,
     "p3":28},
    {"p1":45,
     "p2":46,
     "p3":58},
    {"p1":46,
     "p2":57,
     "p3":58},
    {"p1":47,
     "p2":56,
     "p3":57},
    {"p1":46,
     "p2":47,
     "p3":57},
    {"p1":48,
     "p2":52,
     "p3":55},
    {"p1":48,
     "p2":49,
     "p3":52},
    {"p1":48,
     "p2":55,
     "p3":56},
    {"p1":47,
     "p2":48,
     "p3":56},
    {"p1":9,
     "p2":16,
     "p3":17},
    {"p1":8,
     "p2":9,
     "p3":17},
    {"p1":8,
     "p2":17,
     "p3":18}]
}