{"points":[
    {"x":0.15493,
     "y":0.42254},
    {"x":0.095775,
     "y":0.43662},
    {"x":0.12113,
     "y":0.45352},
    {"x":0.10986,
     "y":0.48732},
    {"x":0.050704,
     "y":0.51268},
    {"x":0.053521,
     "y":0.55775},
    {"x":0,
     "y":0.59718},
    {"x":0.050704,
     "y":0.6},
    {"x":0.10986,
     "y":0.58873},
    {"x":0.13803,
     "y":0.61127},
    {"x":0.16056,
     "y":0.62535},
    {"x":0.21127,
     "y":0.62817},
    {"x":0.21972,
     "y":0.64507},
    {"x":0.27324,
     "y":0.61408},
    {"x":0.31831,
     "y":0.60563},
    {"x":0.33521,
     "y":0.60563},
    {"x":0.36901,
     "y":0.60563},
    {"x":0.36338,
     "y":0.63099},
    {"x":0.38873,
     "y":0.64225},
    {"x":0.36901,
     "y":0.70141},
    {"x":0.39155,
     "y":0.72958},
    {"x":0.38592,
     "y":0.78873},
    {"x":0.40282,
     "y":0.80282},
    {"x":0.43662,
     "y":0.79718},
    {"x":0.43944,
     "y":0.85634},
    {"x":0.47042,
     "y":0.87324},
    {"x":0.49859,
     "y":0.92676},
    {"x":0.52113,
     "y":0.92676},
    {"x":0.52958,
     "y":0.86761},
    {"x":0.54648,
     "y":0.81127},
    {"x":0.5831,
     "y":0.83099},
    {"x":0.58592,
     "y":0.77183},
    {"x":0.62535,
     "y":0.77746},
    {"x":0.61408,
     "y":0.71831},
    {"x":0.6,
     "y":0.65915},
    {"x":0.63099,
     "y":0.65915},
    {"x":0.60845,
     "y":0.6},
    {"x":0.65634,
     "y":0.62535},
    {"x":0.63944,
     "y":0.58592},
    {"x":0.69296,
     "y":0.61127},
    {"x":0.73521,
     "y":0.6338},
    {"x":0.77746,
     "y":0.62817},
    {"x":0.83662,
     "y":0.65352},
    {"x":0.80845,
     "y":0.60563},
    {"x":0.86197,
     "y":0.60563},
    {"x":0.92113,
     "y":0.6169},
    {"x":0.94085,
     "y":0.57746},
    {"x":1,
     "y":0.57746},
    {"x":0.95775,
     "y":0.54085},
    {"x":0.89859,
     "y":0.51549},
    {"x":0.91268,
     "y":0.48169},
    {"x":0.87606,
     "y":0.45634},
    {"x":0.86197,
     "y":0.42254},
    {"x":0.84225,
     "y":0.40563},
    {"x":0.7831,
     "y":0.40282},
    {"x":0.75211,
     "y":0.38028},
    {"x":0.73521,
     "y":0.37183},
    {"x":0.70141,
     "y":0.35493},
    {"x":0.73803,
     "y":0.33239},
    {"x":0.69859,
     "y":0.32113},
    {"x":0.75211,
     "y":0.28451},
    {"x":0.75493,
     "y":0.2507},
    {"x":0.79718,
     "y":0.2},
    {"x":0.80563,
     "y":0.17183},
    {"x":0.76056,
     "y":0.1662},
    {"x":0.79718,
     "y":0.10986},
    {"x":0.78873,
     "y":0.076056},
    {"x":0.78873,
     "y":0.022535},
    {"x":0.77746,
     "y":0},
    {"x":0.73521,
     "y":0.042254},
    {"x":0.68732,
     "y":0.08169},
    {"x":0.67042,
     "y":0.039437},
    {"x":0.62535,
     "y":0.095775},
    {"x":0.60282,
     "y":0.061972},
    {"x":0.57183,
     "y":0.12113},
    {"x":0.5493,
     "y":0.18028},
    {"x":0.52676,
     "y":0.15775},
    {"x":0.51268,
     "y":0.2169},
    {"x":0.48732,
     "y":0.17183},
    {"x":0.48169,
     "y":0.19718},
    {"x":0.45352,
     "y":0.17465},
    {"x":0.4338,
     "y":0.11549},
    {"x":0.39718,
     "y":0.10704},
    {"x":0.36338,
     "y":0.047887},
    {"x":0.35493,
     "y":0.078873},
    {"x":0.31549,
     "y":0.070423},
    {"x":0.27042,
     "y":0.022535},
    {"x":0.23099,
     "y":0.042254},
    {"x":0.17746,
     "y":0.0028169},
    {"x":0.19437,
     "y":0.056338},
    {"x":0.22535,
     "y":0.11268},
    {"x":0.2,
     "y":0.13521},
    {"x":0.20845,
     "y":0.17465},
    {"x":0.2,
     "y":0.21127},
    {"x":0.20845,
     "y":0.23662},
    {"x":0.25352,
     "y":0.27606},
    {"x":0.25915,
     "y":0.30986},
    {"x":0.27887,
     "y":0.32958},
    {"x":0.28169,
     "y":0.35775},
    {"x":0.2507,
     "y":0.35775},
    {"x":0.27042,
     "y":0.38873},
    {"x":0.21127,
     "y":0.38873},
    {"x":0.19155,
     "y":0.40845},
    {"x":0.15493,
     "y":0.42254}],
 "triangles":[
    {"p1":16,
     "p2":77,
     "p3":98},
    {"p1":64,
     "p2":65,
     "p3":70},
    {"p1":16,
     "p2":98,
     "p3":100},
    {"p1":98,
     "p2":99,
     "p3":100},
    {"p1":61,
     "p2":62,
     "p3":64},
    {"p1":62,
     "p2":63,
     "p3":64},
    {"p1":67,
     "p2":68,
     "p3":69},
    {"p1":65,
     "p2":66,
     "p3":70},
    {"p1":66,
     "p2":69,
     "p3":70},
    {"p1":66,
     "p2":67,
     "p3":69},
    {"p1":61,
     "p2":64,
     "p3":75},
    {"p1":11,
     "p2":12,
     "p3":13},
    {"p1":87,
     "p2":89,
     "p3":90},
    {"p1":87,
     "p2":88,
     "p3":89},
    {"p1":90,
     "p2":91,
     "p3":92},
    {"p1":85,
     "p2":86,
     "p3":87},
    {"p1":85,
     "p2":87,
     "p3":90},
    {"p1":85,
     "p2":90,
     "p3":92},
    {"p1":84,
     "p2":85,
     "p3":92},
    {"p1":25,
     "p2":28,
     "p3":29},
    {"p1":26,
     "p2":27,
     "p3":28},
    {"p1":25,
     "p2":26,
     "p3":28},
    {"p1":38,
     "p2":39,
     "p3":54},
    {"p1":52,
     "p2":53,
     "p3":54},
    {"p1":51,
     "p2":52,
     "p3":54},
    {"p1":82,
     "p2":83,
     "p3":84},
    {"p1":82,
     "p2":84,
     "p3":92},
    {"p1":70,
     "p2":71,
     "p3":72},
    {"p1":64,
     "p2":70,
     "p3":72},
    {"p1":64,
     "p2":72,
     "p3":75},
    {"p1":75,
     "p2":76,
     "p3":77},
    {"p1":100,
     "p2":101,
     "p3":102},
    {"p1":13,
     "p2":100,
     "p3":102},
    {"p1":3,
     "p2":11,
     "p3":102},
    {"p1":11,
     "p2":13,
     "p3":102},
    {"p1":18,
     "p2":34,
     "p3":36},
    {"p1":16,
     "p2":18,
     "p3":36},
    {"p1":16,
     "p2":36,
     "p3":77},
    {"p1":16,
     "p2":17,
     "p3":18},
    {"p1":18,
     "p2":19,
     "p3":20},
    {"p1":18,
     "p2":20,
     "p3":34},
    {"p1":3,
     "p2":9,
     "p3":11},
    {"p1":3,
     "p2":8,
     "p3":9},
    {"p1":92,
     "p2":93,
     "p3":94},
    {"p1":41,
     "p2":42,
     "p3":43},
    {"p1":43,
     "p2":51,
     "p3":54},
    {"p1":39,
     "p2":41,
     "p3":43},
    {"p1":39,
     "p2":43,
     "p3":54},
    {"p1":49,
     "p2":50,
     "p3":51},
    {"p1":43,
     "p2":49,
     "p3":51},
    {"p1":43,
     "p2":44,
     "p3":49},
    {"p1":36,
     "p2":37,
     "p3":38},
    {"p1":77,
     "p2":97,
     "p3":98},
    {"p1":80,
     "p2":81,
     "p3":82},
    {"p1":72,
     "p2":74,
     "p3":75},
    {"p1":72,
     "p2":73,
     "p3":74},
    {"p1":0,
     "p2":1,
     "p3":2},
    {"p1":0,
     "p2":3,
     "p3":102},
    {"p1":0,
     "p2":2,
     "p3":3},
    {"p1":15,
     "p2":16,
     "p3":100},
    {"p1":13,
     "p2":14,
     "p3":100},
    {"p1":14,
     "p2":15,
     "p3":100},
    {"p1":20,
     "p2":31,
     "p3":34},
    {"p1":31,
     "p2":33,
     "p3":34},
    {"p1":31,
     "p2":32,
     "p3":33},
    {"p1":29,
     "p2":30,
     "p3":31},
    {"p1":21,
     "p2":22,
     "p3":23},
    {"p1":20,
     "p2":21,
     "p3":23},
    {"p1":23,
     "p2":29,
     "p3":31},
    {"p1":20,
     "p2":23,
     "p3":31},
    {"p1":23,
     "p2":24,
     "p3":25},
    {"p1":23,
     "p2":25,
     "p3":29},
    {"p1":3,
     "p2":5,
     "p3":8},
    {"p1":3,
     "p2":4,
     "p3":5},
    {"p1":5,
     "p2":7,
     "p3":8},
    {"p1":5,
     "p2":6,
     "p3":7},
    {"p1":9,
     "p2":10,
     "p3":11},
    {"p1":46,
     "p2":48,
     "p3":49},
    {"p1":46,
     "p2":47,
     "p3":48},
    {"p1":44,
     "p2":45,
     "p3":46},
    {"p1":44,
     "p2":46,
     "p3":49},
    {"p1":39,
     "p2":40,
     "p3":41},
    {"p1":38,
     "p2":54,
     "p3":55},
    {"p1":38,
     "p2":55,
     "p3":56},
    {"p1":36,
     "p2":38,
     "p3":57},
    {"p1":38,
     "p2":56,
     "p3":57},
    {"p1":36,
     "p2":57,
     "p3":77},
    {"p1":34,
     "p2":35,
     "p3":36},
    {"p1":77,
     "p2":79,
     "p3":97},
    {"p1":79,
     "p2":80,
     "p3":97},
    {"p1":77,
     "p2":78,
     "p3":79},
    {"p1":57,
     "p2":58,
     "p3":59},
    {"p1":59,
     "p2":60,
     "p3":61},
    {"p1":59,
     "p2":61,
     "p3":75},
    {"p1":59,
     "p2":75,
     "p3":77},
    {"p1":57,
     "p2":59,
     "p3":77},
    {"p1":80,
     "p2":95,
     "p3":97},
    {"p1":95,
     "p2":96,
     "p3":97},
    {"p1":80,
     "p2":82,
     "p3":95},
    {"p1":92,
     "p2":94,
     "p3":95},
    {"p1":82,
     "p2":92,
     "p3":95}]
}