{"points":[
    {"x":0,
     "y":0.49292},
    {"x":0.014151,
     "y":0.51179},
    {"x":0.028302,
     "y":0.53774},
    {"x":0.054245,
     "y":0.56604},
    {"x":0.07783,
     "y":0.58962},
    {"x":0.10849,
     "y":0.60613},
    {"x":0.13679,
     "y":0.61321},
    {"x":0.1533,
     "y":0.63443},
    {"x":0.15094,
     "y":0.65802},
    {"x":0.14387,
     "y":0.6934},
    {"x":0.13443,
     "y":0.72877},
    {"x":0.12972,
     "y":0.76415},
    {"x":0.13915,
     "y":0.79953},
    {"x":0.14151,
     "y":0.83491},
    {"x":0.14858,
     "y":0.86321},
    {"x":0.18396,
     "y":0.84906},
    {"x":0.21934,
     "y":0.85377},
    {"x":0.25472,
     "y":0.84198},
    {"x":0.26887,
     "y":0.86557},
    {"x":0.30425,
     "y":0.84198},
    {"x":0.33962,
     "y":0.8467},
    {"x":0.37028,
     "y":0.85849},
    {"x":0.38915,
     "y":0.87264},
    {"x":0.38915,
     "y":0.9033},
    {"x":0.41274,
     "y":0.91509},
    {"x":0.43396,
     "y":0.92925},
    {"x":0.44811,
     "y":0.95755},
    {"x":0.46462,
     "y":0.97642},
    {"x":0.49528,
     "y":0.97642},
    {"x":0.50472,
     "y":1},
    {"x":0.53066,
     "y":0.98585},
    {"x":0.5566,
     "y":0.95755},
    {"x":0.58019,
     "y":0.92925},
    {"x":0.58962,
     "y":0.89387},
    {"x":0.61792,
     "y":0.87972},
    {"x":0.63443,
     "y":0.84434},
    {"x":0.66745,
     "y":0.84198},
    {"x":0.70283,
     "y":0.85142},
    {"x":0.72642,
     "y":0.85613},
    {"x":0.75236,
     "y":0.85377},
    {"x":0.78774,
     "y":0.85613},
    {"x":0.82311,
     "y":0.85142},
    {"x":0.85142,
     "y":0.82311},
    {"x":0.85377,
     "y":0.79009},
    {"x":0.86321,
     "y":0.75472},
    {"x":0.8467,
     "y":0.72877},
    {"x":0.84906,
     "y":0.6934},
    {"x":0.84198,
     "y":0.65802},
    {"x":0.83255,
     "y":0.64387},
    {"x":0.85849,
     "y":0.62972},
    {"x":0.89387,
     "y":0.5967},
    {"x":0.92925,
     "y":0.57547},
    {"x":0.95755,
     "y":0.54245},
    {"x":0.98821,
     "y":0.52594},
    {"x":0.96462,
     "y":0.51887},
    {"x":0.99764,
     "y":0.49292},
    {"x":0.96934,
     "y":0.46226},
    {"x":0.94811,
     "y":0.4316},
    {"x":0.91981,
     "y":0.41038},
    {"x":0.89387,
     "y":0.38443},
    {"x":0.85849,
     "y":0.375},
    {"x":0.83726,
     "y":0.34198},
    {"x":0.84906,
     "y":0.3066},
    {"x":0.85613,
     "y":0.27123},
    {"x":0.85142,
     "y":0.24528},
    {"x":0.86085,
     "y":0.21226},
    {"x":0.86085,
     "y":0.17925},
    {"x":0.84434,
     "y":0.15802},
    {"x":0.83255,
     "y":0.13679},
    {"x":0.8066,
     "y":0.12736},
    {"x":0.77123,
     "y":0.12972},
    {"x":0.73585,
     "y":0.13208},
    {"x":0.70047,
     "y":0.14151},
    {"x":0.66509,
     "y":0.14623},
    {"x":0.62972,
     "y":0.14623},
    {"x":0.61557,
     "y":0.12264},
    {"x":0.59906,
     "y":0.091981},
    {"x":0.58019,
     "y":0.066038},
    {"x":0.54953,
     "y":0.044811},
    {"x":0.5283,
     "y":0.016509},
    {"x":0.49528,
     "y":0},
    {"x":0.46226,
     "y":0.016509},
    {"x":0.4316,
     "y":0.04717},
    {"x":0.39623,
     "y":0.070755},
    {"x":0.40094,
     "y":0.09434},
    {"x":0.37028,
     "y":0.11792},
    {"x":0.35142,
     "y":0.14858},
    {"x":0.3184,
     "y":0.14387},
    {"x":0.28302,
     "y":0.13915},
    {"x":0.25,
     "y":0.13443},
    {"x":0.22877,
     "y":0.125},
    {"x":0.1934,
     "y":0.12972},
    {"x":0.16274,
     "y":0.14623},
    {"x":0.14387,
     "y":0.13443},
    {"x":0.13443,
     "y":0.16745},
    {"x":0.12736,
     "y":0.20283},
    {"x":0.13208,
     "y":0.23821},
    {"x":0.13208,
     "y":0.26887},
    {"x":0.13679,
     "y":0.30189},
    {"x":0.14387,
     "y":0.32075},
    {"x":0.1533,
     "y":0.35613},
    {"x":0.12028,
     "y":0.37736},
    {"x":0.084906,
     "y":0.39387},
    {"x":0.058962,
     "y":0.42217},
    {"x":0.028302,
     "y":0.4434},
    {"x":0.011792,
     "y":0.47642},
    {"x":0,
     "y":0.49292}],
 "triangles":[
    {"p1":48,
     "p2":74,
     "p3":100},
    {"p1":48,
     "p2":61,
     "p3":74},
    {"p1":35,
     "p2":36,
     "p3":48},
    {"p1":3,
     "p2":4,
     "p3":103},
    {"p1":2,
     "p2":3,
     "p3":103},
    {"p1":48,
     "p2":60,
     "p3":61},
    {"p1":48,
     "p2":49,
     "p3":60},
    {"p1":46,
     "p2":47,
     "p3":48},
    {"p1":49,
     "p2":50,
     "p3":60},
    {"p1":61,
     "p2":73,
     "p3":74},
    {"p1":36,
     "p2":45,
     "p3":48},
    {"p1":45,
     "p2":46,
     "p3":48},
    {"p1":13,
     "p2":14,
     "p3":15},
    {"p1":17,
     "p2":18,
     "p3":19},
    {"p1":10,
     "p2":11,
     "p3":17},
    {"p1":7,
     "p2":48,
     "p3":100},
    {"p1":7,
     "p2":35,
     "p3":48},
    {"p1":7,
     "p2":8,
     "p3":19},
    {"p1":7,
     "p2":19,
     "p3":20},
    {"p1":6,
     "p2":7,
     "p3":100},
    {"p1":1,
     "p2":103,
     "p3":104},
    {"p1":1,
     "p2":2,
     "p3":103},
    {"p1":74,
     "p2":86,
     "p3":100},
    {"p1":97,
     "p2":98,
     "p3":99},
    {"p1":50,
     "p2":58,
     "p3":60},
    {"p1":50,
     "p2":51,
     "p3":58},
    {"p1":51,
     "p2":54,
     "p3":58},
    {"p1":54,
     "p2":57,
     "p3":58},
    {"p1":51,
     "p2":52,
     "p3":54},
    {"p1":52,
     "p2":53,
     "p3":54},
    {"p1":54,
     "p2":55,
     "p3":56},
    {"p1":54,
     "p2":56,
     "p3":57},
    {"p1":36,
     "p2":37,
     "p3":45},
    {"p1":37,
     "p2":39,
     "p3":45},
    {"p1":43,
     "p2":44,
     "p3":45},
    {"p1":39,
     "p2":43,
     "p3":45},
    {"p1":41,
     "p2":42,
     "p3":43},
    {"p1":11,
     "p2":12,
     "p3":17},
    {"p1":12,
     "p2":13,
     "p3":15},
    {"p1":12,
     "p2":16,
     "p3":17},
    {"p1":12,
     "p2":15,
     "p3":16},
    {"p1":4,
     "p2":5,
     "p3":103},
    {"p1":5,
     "p2":6,
     "p3":103},
    {"p1":9,
     "p2":10,
     "p3":17},
    {"p1":8,
     "p2":9,
     "p3":19},
    {"p1":9,
     "p2":17,
     "p3":19},
    {"p1":6,
     "p2":101,
     "p3":103},
    {"p1":6,
     "p2":100,
     "p3":101},
    {"p1":0,
     "p2":1,
     "p3":105},
    {"p1":1,
     "p2":104,
     "p3":105},
    {"p1":67,
     "p2":68,
     "p3":69},
    {"p1":92,
     "p2":93,
     "p3":94},
    {"p1":92,
     "p2":95,
     "p3":96},
    {"p1":92,
     "p2":94,
     "p3":95},
    {"p1":58,
     "p2":59,
     "p3":60},
    {"p1":65,
     "p2":66,
     "p3":67},
    {"p1":64,
     "p2":71,
     "p3":72},
    {"p1":61,
     "p2":72,
     "p3":73},
    {"p1":40,
     "p2":41,
     "p3":43},
    {"p1":39,
     "p2":40,
     "p3":43},
    {"p1":37,
     "p2":38,
     "p3":39},
    {"p1":21,
     "p2":22,
     "p3":35},
    {"p1":7,
     "p2":21,
     "p3":35},
    {"p1":7,
     "p2":20,
     "p3":21},
    {"p1":22,
     "p2":33,
     "p3":35},
    {"p1":25,
     "p2":32,
     "p3":33},
    {"p1":22,
     "p2":25,
     "p3":33},
    {"p1":101,
     "p2":102,
     "p3":103},
    {"p1":67,
     "p2":69,
     "p3":70},
    {"p1":64,
     "p2":70,
     "p3":71},
    {"p1":64,
     "p2":65,
     "p3":70},
    {"p1":65,
     "p2":67,
     "p3":70},
    {"p1":79,
     "p2":80,
     "p3":81},
    {"p1":74,
     "p2":84,
     "p3":86},
    {"p1":74,
     "p2":75,
     "p3":84},
    {"p1":75,
     "p2":76,
     "p3":84},
    {"p1":62,
     "p2":63,
     "p3":64},
    {"p1":61,
     "p2":62,
     "p3":72},
    {"p1":62,
     "p2":64,
     "p3":72},
    {"p1":28,
     "p2":29,
     "p3":30},
    {"p1":25,
     "p2":31,
     "p3":32},
    {"p1":25,
     "p2":28,
     "p3":31},
    {"p1":28,
     "p2":30,
     "p3":31},
    {"p1":33,
     "p2":34,
     "p3":35},
    {"p1":22,
     "p2":24,
     "p3":25},
    {"p1":22,
     "p2":23,
     "p3":24},
    {"p1":78,
     "p2":79,
     "p3":81},
    {"p1":76,
     "p2":77,
     "p3":78},
    {"p1":76,
     "p2":78,
     "p3":84},
    {"p1":82,
     "p2":83,
     "p3":84},
    {"p1":78,
     "p2":81,
     "p3":82},
    {"p1":78,
     "p2":82,
     "p3":84},
    {"p1":88,
     "p2":97,
     "p3":99},
    {"p1":88,
     "p2":96,
     "p3":97},
    {"p1":25,
     "p2":26,
     "p3":28},
    {"p1":26,
     "p2":27,
     "p3":28},
    {"p1":84,
     "p2":85,
     "p3":86},
    {"p1":88,
     "p2":89,
     "p3":96},
    {"p1":89,
     "p2":90,
     "p3":91},
    {"p1":89,
     "p2":92,
     "p3":96},
    {"p1":89,
     "p2":91,
     "p3":92},
    {"p1":87,
     "p2":88,
     "p3":99},
    {"p1":86,
     "p2":87,
     "p3":100},
    {"p1":87,
     "p2":99,
     "p3":100}]
}