{"points":[
    {"x":0,
     "y":0.5025},
    {"x":0,
     "y":0.5375},
    {"x":0.005,
     "y":0.5725},
    {"x":0.01,
     "y":0.6075},
    {"x":0.02,
     "y":0.6425},
    {"x":0.0325,
     "y":0.6775},
    {"x":0.045,
     "y":0.7125},
    {"x":0.0625,
     "y":0.7475},
    {"x":0.085,
     "y":0.7825},
    {"x":0.11,
     "y":0.8175},
    {"x":0.14,
     "y":0.8525},
    {"x":0.17,
     "y":0.88},
    {"x":0.205,
     "y":0.9075},
    {"x":0.24,
     "y":0.93},
    {"x":0.275,
     "y":0.95},
    {"x":0.31,
     "y":0.9675},
    {"x":0.345,
     "y":0.98},
    {"x":0.38,
     "y":0.9875},
    {"x":0.415,
     "y":0.995},
    {"x":0.45,
     "y":1},
    {"x":0.4625,
     "y":0.975},
    {"x":0.47,
     "y":0.94},
    {"x":0.475,
     "y":0.905},
    {"x":0.48,
     "y":0.87},
    {"x":0.485,
     "y":0.835},
    {"x":0.495,
     "y":0.835},
    {"x":0.5,
     "y":0.87},
    {"x":0.5075,
     "y":0.905},
    {"x":0.5125,
     "y":0.94},
    {"x":0.52,
     "y":0.975},
    {"x":0.535,
     "y":1},
    {"x":0.57,
     "y":0.995},
    {"x":0.605,
     "y":0.9875},
    {"x":0.64,
     "y":0.98},
    {"x":0.675,
     "y":0.9675},
    {"x":0.71,
     "y":0.95},
    {"x":0.745,
     "y":0.93},
    {"x":0.78,
     "y":0.9075},
    {"x":0.815,
     "y":0.88},
    {"x":0.85,
     "y":0.845},
    {"x":0.88,
     "y":0.81},
    {"x":0.905,
     "y":0.775},
    {"x":0.925,
     "y":0.74},
    {"x":0.9425,
     "y":0.705},
    {"x":0.955,
     "y":0.67},
    {"x":0.9675,
     "y":0.635},
    {"x":0.975,
     "y":0.6},
    {"x":0.98,
     "y":0.565},
    {"x":0.945,
     "y":0.5525},
    {"x":0.91,
     "y":0.54},
    {"x":0.875,
     "y":0.5275},
    {"x":0.9,
     "y":0.5175},
    {"x":0.935,
     "y":0.51},
    {"x":0.97,
     "y":0.5025},
    {"x":0.985,
     "y":0.48},
    {"x":0.9825,
     "y":0.445},
    {"x":0.9775,
     "y":0.41},
    {"x":0.97,
     "y":0.375},
    {"x":0.96,
     "y":0.34},
    {"x":0.9475,
     "y":0.305},
    {"x":0.93,
     "y":0.27},
    {"x":0.91,
     "y":0.235},
    {"x":0.8875,
     "y":0.2},
    {"x":0.86,
     "y":0.165},
    {"x":0.825,
     "y":0.13},
    {"x":0.79,
     "y":0.1},
    {"x":0.755,
     "y":0.075},
    {"x":0.72,
     "y":0.055},
    {"x":0.685,
     "y":0.0375},
    {"x":0.65,
     "y":0.025},
    {"x":0.615,
     "y":0.015},
    {"x":0.58,
     "y":0.0075},
    {"x":0.545,
     "y":0.0025},
    {"x":0.5225,
     "y":0.015},
    {"x":0.5125,
     "y":0.05},
    {"x":0.505,
     "y":0.085},
    {"x":0.495,
     "y":0.12},
    {"x":0.485,
     "y":0.13},
    {"x":0.4775,
     "y":0.095},
    {"x":0.4725,
     "y":0.06},
    {"x":0.465,
     "y":0.025},
    {"x":0.45,
     "y":0},
    {"x":0.415,
     "y":0.005},
    {"x":0.38,
     "y":0.0125},
    {"x":0.345,
     "y":0.02},
    {"x":0.31,
     "y":0.0325},
    {"x":0.275,
     "y":0.05},
    {"x":0.24,
     "y":0.0675},
    {"x":0.205,
     "y":0.0925},
    {"x":0.17,
     "y":0.12},
    {"x":0.14,
     "y":0.1475},
    {"x":0.11,
     "y":0.1825},
    {"x":0.085,
     "y":0.2175},
    {"x":0.0625,
     "y":0.2525},
    {"x":0.045,
     "y":0.2875},
    {"x":0.0325,
     "y":0.3225},
    {"x":0.02,
     "y":0.3575},
    {"x":0.01,
     "y":0.3925},
    {"x":0.005,
     "y":0.4275},
    {"x":0.03,
     "y":0.4425},
    {"x":0.065,
     "y":0.455},
    {"x":0.1,
     "y":0.4675},
    {"x":0.13,
     "y":0.4825},
    {"x":0.095,
     "y":0.4875},
    {"x":0.06,
     "y":0.4925},
    {"x":0.025,
     "y":0.4975},
    {"x":0,
     "y":0.5025}],
 "triangles":[
    {"p1":24,
     "p2":25,
     "p3":77},
    {"p1":24,
     "p2":77,
     "p3":102},
    {"p1":77,
     "p2":86,
     "p3":87},
    {"p1":25,
     "p2":50,
     "p3":77},
    {"p1":77,
     "p2":90,
     "p3":102},
    {"p1":9,
     "p2":10,
     "p3":24},
    {"p1":9,
     "p2":24,
     "p3":102},
    {"p1":27,
     "p2":33,
     "p3":34},
    {"p1":25,
     "p2":39,
     "p3":50},
    {"p1":25,
     "p2":38,
     "p3":39},
    {"p1":10,
     "p2":11,
     "p3":24},
    {"p1":11,
     "p2":12,
     "p3":24},
    {"p1":13,
     "p2":14,
     "p3":24},
    {"p1":12,
     "p2":13,
     "p3":24},
    {"p1":18,
     "p2":19,
     "p3":20},
    {"p1":18,
     "p2":20,
     "p3":21},
    {"p1":77,
     "p2":87,
     "p3":88},
    {"p1":92,
     "p2":93,
     "p3":102},
    {"p1":4,
     "p2":5,
     "p3":102},
    {"p1":5,
     "p2":6,
     "p3":102},
    {"p1":6,
     "p2":7,
     "p3":102},
    {"p1":7,
     "p2":8,
     "p3":102},
    {"p1":8,
     "p2":9,
     "p3":102},
    {"p1":77,
     "p2":85,
     "p3":86},
    {"p1":15,
     "p2":16,
     "p3":23},
    {"p1":16,
     "p2":22,
     "p3":23},
    {"p1":14,
     "p2":23,
     "p3":24},
    {"p1":14,
     "p2":15,
     "p3":23},
    {"p1":27,
     "p2":28,
     "p3":32},
    {"p1":27,
     "p2":32,
     "p3":33},
    {"p1":25,
     "p2":35,
     "p3":36},
    {"p1":25,
     "p2":37,
     "p3":38},
    {"p1":25,
     "p2":36,
     "p3":37},
    {"p1":40,
     "p2":41,
     "p3":50},
    {"p1":39,
     "p2":40,
     "p3":50},
    {"p1":79,
     "p2":82,
     "p3":83},
    {"p1":64,
     "p2":65,
     "p3":77},
    {"p1":63,
     "p2":64,
     "p3":77},
    {"p1":50,
     "p2":63,
     "p3":77},
    {"p1":50,
     "p2":62,
     "p3":63},
    {"p1":17,
     "p2":18,
     "p3":21},
    {"p1":17,
     "p2":21,
     "p3":22},
    {"p1":16,
     "p2":17,
     "p3":22},
    {"p1":77,
     "p2":89,
     "p3":90},
    {"p1":77,
     "p2":88,
     "p3":89},
    {"p1":90,
     "p2":91,
     "p3":102},
    {"p1":91,
     "p2":92,
     "p3":102},
    {"p1":26,
     "p2":27,
     "p3":34},
    {"p1":25,
     "p2":26,
     "p3":35},
    {"p1":26,
     "p2":34,
     "p3":35},
    {"p1":28,
     "p2":31,
     "p3":32},
    {"p1":52,
     "p2":54,
     "p3":55},
    {"p1":45,
     "p2":48,
     "p3":49},
    {"p1":41,
     "p2":42,
     "p3":50},
    {"p1":42,
     "p2":43,
     "p3":50},
    {"p1":50,
     "p2":60,
     "p3":61},
    {"p1":50,
     "p2":61,
     "p3":62},
    {"p1":50,
     "p2":57,
     "p3":58},
    {"p1":50,
     "p2":59,
     "p3":60},
    {"p1":50,
     "p2":58,
     "p3":59},
    {"p1":80,
     "p2":81,
     "p3":82},
    {"p1":79,
     "p2":80,
     "p3":82},
    {"p1":71,
     "p2":72,
     "p3":74},
    {"p1":71,
     "p2":74,
     "p3":75},
    {"p1":78,
     "p2":79,
     "p3":83},
    {"p1":78,
     "p2":83,
     "p3":84},
    {"p1":78,
     "p2":84,
     "p3":85},
    {"p1":77,
     "p2":78,
     "p3":85},
    {"p1":69,
     "p2":75,
     "p3":76},
    {"p1":66,
     "p2":67,
     "p3":76},
    {"p1":65,
     "p2":76,
     "p3":77},
    {"p1":65,
     "p2":66,
     "p3":76},
    {"p1":68,
     "p2":69,
     "p3":76},
    {"p1":67,
     "p2":68,
     "p3":76},
    {"p1":1,
     "p2":2,
     "p3":104},
    {"p1":96,
     "p2":100,
     "p3":101},
    {"p1":95,
     "p2":96,
     "p3":101},
    {"p1":94,
     "p2":95,
     "p3":101},
    {"p1":93,
     "p2":94,
     "p3":102},
    {"p1":94,
     "p2":101,
     "p3":102},
    {"p1":28,
     "p2":29,
     "p3":31},
    {"p1":29,
     "p2":30,
     "p3":31},
    {"p1":45,
     "p2":46,
     "p3":48},
    {"p1":46,
     "p2":47,
     "p3":48},
    {"p1":52,
     "p2":53,
     "p3":54},
    {"p1":44,
     "p2":45,
     "p3":49},
    {"p1":43,
     "p2":44,
     "p3":50},
    {"p1":44,
     "p2":49,
     "p3":50},
    {"p1":50,
     "p2":51,
     "p3":57},
    {"p1":72,
     "p2":73,
     "p3":74},
    {"p1":69,
     "p2":70,
     "p3":75},
    {"p1":70,
     "p2":71,
     "p3":75},
    {"p1":96,
     "p2":97,
     "p3":100},
    {"p1":0,
     "p2":1,
     "p3":105},
    {"p1":1,
     "p2":104,
     "p3":105},
    {"p1":4,
     "p2":102,
     "p3":103},
    {"p1":3,
     "p2":4,
     "p3":103},
    {"p1":2,
     "p2":3,
     "p3":103},
    {"p1":2,
     "p2":103,
     "p3":104},
    {"p1":51,
     "p2":56,
     "p3":57},
    {"p1":52,
     "p2":55,
     "p3":56},
    {"p1":51,
     "p2":52,
     "p3":56},
    {"p1":97,
     "p2":99,
     "p3":100},
    {"p1":97,
     "p2":98,
     "p3":99}]
}