{"points":[
    {"x":0.11022,
     "y":0.4328},
    {"x":0.14516,
     "y":0.46237},
    {"x":0.16667,
     "y":0.5},
    {"x":0.11022,
     "y":0.52688},
    {"x":0.053763,
     "y":0.55645},
    {"x":0,
     "y":0.59409},
    {"x":0.045699,
     "y":0.60484},
    {"x":0.10215,
     "y":0.59946},
    {"x":0.1586,
     "y":0.58871},
    {"x":0.21505,
     "y":0.58871},
    {"x":0.18548,
     "y":0.64516},
    {"x":0.2043,
     "y":0.66398},
    {"x":0.26075,
     "y":0.6371},
    {"x":0.31452,
     "y":0.60215},
    {"x":0.37097,
     "y":0.57258},
    {"x":0.35484,
     "y":0.62903},
    {"x":0.37903,
     "y":0.63441},
    {"x":0.42204,
     "y":0.61559},
    {"x":0.4086,
     "y":0.67204},
    {"x":0.39516,
     "y":0.72849},
    {"x":0.38441,
     "y":0.78495},
    {"x":0.40591,
     "y":0.81183},
    {"x":0.45161,
     "y":0.76344},
    {"x":0.47043,
     "y":0.81452},
    {"x":0.47849,
     "y":0.87097},
    {"x":0.48925,
     "y":0.92742},
    {"x":0.51613,
     "y":0.96505},
    {"x":0.53226,
     "y":0.9086},
    {"x":0.54301,
     "y":0.85215},
    {"x":0.55108,
     "y":0.7957},
    {"x":0.58602,
     "y":0.77419},
    {"x":0.63172,
     "y":0.82258},
    {"x":0.63172,
     "y":0.76613},
    {"x":0.61828,
     "y":0.70968},
    {"x":0.60484,
     "y":0.65323},
    {"x":0.61022,
     "y":0.60753},
    {"x":0.6586,
     "y":0.65054},
    {"x":0.65591,
     "y":0.61022},
    {"x":0.66667,
     "y":0.57796},
    {"x":0.72312,
     "y":0.6129},
    {"x":0.77688,
     "y":0.64516},
    {"x":0.83333,
     "y":0.66935},
    {"x":0.81989,
     "y":0.62634},
    {"x":0.82258,
     "y":0.58333},
    {"x":0.87903,
     "y":0.5914},
    {"x":0.93548,
     "y":0.60215},
    {"x":0.99194,
     "y":0.60484},
    {"x":1,
     "y":0.58065},
    {"x":0.94624,
     "y":0.5457},
    {"x":0.88978,
     "y":0.51882},
    {"x":0.83871,
     "y":0.48118},
    {"x":0.89247,
     "y":0.4543},
    {"x":0.88978,
     "y":0.42742},
    {"x":0.83333,
     "y":0.41667},
    {"x":0.77688,
     "y":0.41129},
    {"x":0.72043,
     "y":0.4086},
    {"x":0.73387,
     "y":0.37634},
    {"x":0.75,
     "y":0.34677},
    {"x":0.69355,
     "y":0.35215},
    {"x":0.72312,
     "y":0.30645},
    {"x":0.77151,
     "y":0.26882},
    {"x":0.81452,
     "y":0.22581},
    {"x":0.8172,
     "y":0.18817},
    {"x":0.76075,
     "y":0.2043},
    {"x":0.75806,
     "y":0.1586},
    {"x":0.78763,
     "y":0.10215},
    {"x":0.81452,
     "y":0.045699},
    {"x":0.81989,
     "y":0},
    {"x":0.76882,
     "y":0.037634},
    {"x":0.72581,
     "y":0.080645},
    {"x":0.67742,
     "y":0.12634},
    {"x":0.64785,
     "y":0.10215},
    {"x":0.63978,
     "y":0.048387},
    {"x":0.60215,
     "y":0.10215},
    {"x":0.57796,
     "y":0.1586},
    {"x":0.55645,
     "y":0.21505},
    {"x":0.52688,
     "y":0.21774},
    {"x":0.51075,
     "y":0.16398},
    {"x":0.49194,
     "y":0.21505},
    {"x":0.46505,
     "y":0.21774},
    {"x":0.44355,
     "y":0.16129},
    {"x":0.41667,
     "y":0.10484},
    {"x":0.38172,
     "y":0.048387},
    {"x":0.37097,
     "y":0.099462},
    {"x":0.34409,
     "y":0.12903},
    {"x":0.2957,
     "y":0.080645},
    {"x":0.25269,
     "y":0.040323},
    {"x":0.20161,
     "y":0},
    {"x":0.20161,
     "y":0.043011},
    {"x":0.22849,
     "y":0.099462},
    {"x":0.25806,
     "y":0.15591},
    {"x":0.26075,
     "y":0.2043},
    {"x":0.2043,
     "y":0.19086},
    {"x":0.20161,
     "y":0.22312},
    {"x":0.24731,
     "y":0.26613},
    {"x":0.29301,
     "y":0.30645},
    {"x":0.32796,
     "y":0.35215},
    {"x":0.27151,
     "y":0.34677},
    {"x":0.28226,
     "y":0.37366},
    {"x":0.30108,
     "y":0.4086},
    {"x":0.24462,
     "y":0.41129},
    {"x":0.18817,
     "y":0.41667},
    {"x":0.13172,
     "y":0.42742},
    {"x":0.11022,
     "y":0.4328}],
 "triangles":[
    {"p1":58,
     "p2":76,
     "p3":96},
    {"p1":14,
     "p2":58,
     "p3":96},
    {"p1":14,
     "p2":35,
     "p3":58},
    {"p1":9,
     "p2":10,
     "p3":11},
    {"p1":9,
     "p2":11,
     "p3":12},
    {"p1":58,
     "p2":75,
     "p3":76},
    {"p1":58,
     "p2":59,
     "p3":75},
    {"p1":59,
     "p2":70,
     "p3":75},
    {"p1":91,
     "p2":93,
     "p3":94},
    {"p1":84,
     "p2":91,
     "p3":95},
    {"p1":91,
     "p2":94,
     "p3":95},
    {"p1":79,
     "p2":95,
     "p3":96},
    {"p1":79,
     "p2":80,
     "p3":84},
    {"p1":79,
     "p2":84,
     "p3":95},
    {"p1":80,
     "p2":81,
     "p3":84},
    {"p1":66,
     "p2":67,
     "p3":68},
    {"p1":65,
     "p2":66,
     "p3":68},
    {"p1":65,
     "p2":68,
     "p3":69},
    {"p1":59,
     "p2":63,
     "p3":70},
    {"p1":61,
     "p2":62,
     "p3":63},
    {"p1":3,
     "p2":7,
     "p3":8},
    {"p1":4,
     "p2":6,
     "p3":7},
    {"p1":3,
     "p2":4,
     "p3":7},
    {"p1":4,
     "p2":5,
     "p3":6},
    {"p1":0,
     "p2":1,
     "p3":102},
    {"p1":2,
     "p2":9,
     "p3":100},
    {"p1":2,
     "p2":8,
     "p3":9},
    {"p1":2,
     "p2":3,
     "p3":8},
    {"p1":1,
     "p2":101,
     "p3":102},
    {"p1":1,
     "p2":2,
     "p3":101},
    {"p1":2,
     "p2":100,
     "p3":101},
    {"p1":9,
     "p2":13,
     "p3":100},
    {"p1":9,
     "p2":12,
     "p3":13},
    {"p1":96,
     "p2":97,
     "p3":98},
    {"p1":35,
     "p2":55,
     "p3":58},
    {"p1":35,
     "p2":38,
     "p3":55},
    {"p1":45,
     "p2":46,
     "p3":47},
    {"p1":45,
     "p2":47,
     "p3":48},
    {"p1":14,
     "p2":17,
     "p3":35},
    {"p1":17,
     "p2":34,
     "p3":35},
    {"p1":17,
     "p2":18,
     "p3":34},
    {"p1":22,
     "p2":33,
     "p3":34},
    {"p1":18,
     "p2":22,
     "p3":34},
    {"p1":70,
     "p2":74,
     "p3":75},
    {"p1":84,
     "p2":90,
     "p3":91},
    {"p1":86,
     "p2":88,
     "p3":89},
    {"p1":86,
     "p2":87,
     "p3":88},
    {"p1":76,
     "p2":77,
     "p3":78},
    {"p1":76,
     "p2":78,
     "p3":96},
    {"p1":78,
     "p2":79,
     "p3":96},
    {"p1":81,
     "p2":83,
     "p3":84},
    {"p1":81,
     "p2":82,
     "p3":83},
    {"p1":60,
     "p2":61,
     "p3":63},
    {"p1":59,
     "p2":60,
     "p3":63},
    {"p1":63,
     "p2":64,
     "p3":70},
    {"p1":64,
     "p2":65,
     "p3":69},
    {"p1":64,
     "p2":69,
     "p3":70},
    {"p1":13,
     "p2":14,
     "p3":99},
    {"p1":13,
     "p2":99,
     "p3":100},
    {"p1":14,
     "p2":96,
     "p3":99},
    {"p1":96,
     "p2":98,
     "p3":99},
    {"p1":38,
     "p2":50,
     "p3":55},
    {"p1":35,
     "p2":36,
     "p3":37},
    {"p1":35,
     "p2":37,
     "p3":38},
    {"p1":50,
     "p2":53,
     "p3":54},
    {"p1":50,
     "p2":54,
     "p3":55},
    {"p1":23,
     "p2":24,
     "p3":28},
    {"p1":84,
     "p2":85,
     "p3":90},
    {"p1":85,
     "p2":89,
     "p3":90},
    {"p1":85,
     "p2":86,
     "p3":89},
    {"p1":91,
     "p2":92,
     "p3":93},
    {"p1":14,
     "p2":16,
     "p3":17},
    {"p1":14,
     "p2":15,
     "p3":16},
    {"p1":51,
     "p2":52,
     "p3":53},
    {"p1":50,
     "p2":51,
     "p3":53},
    {"p1":56,
     "p2":57,
     "p3":58},
    {"p1":55,
     "p2":56,
     "p3":58},
    {"p1":23,
     "p2":28,
     "p3":29},
    {"p1":22,
     "p2":23,
     "p3":29},
    {"p1":24,
     "p2":25,
     "p3":27},
    {"p1":24,
     "p2":27,
     "p3":28},
    {"p1":25,
     "p2":26,
     "p3":27},
    {"p1":20,
     "p2":21,
     "p3":22},
    {"p1":18,
     "p2":19,
     "p3":22},
    {"p1":19,
     "p2":20,
     "p3":22},
    {"p1":43,
     "p2":49,
     "p3":50},
    {"p1":38,
     "p2":39,
     "p3":50},
    {"p1":39,
     "p2":43,
     "p3":50},
    {"p1":39,
     "p2":40,
     "p3":43},
    {"p1":40,
     "p2":41,
     "p3":42},
    {"p1":40,
     "p2":42,
     "p3":43},
    {"p1":22,
     "p2":30,
     "p3":33},
    {"p1":22,
     "p2":29,
     "p3":30},
    {"p1":30,
     "p2":32,
     "p3":33},
    {"p1":30,
     "p2":31,
     "p3":32},
    {"p1":71,
     "p2":72,
     "p3":73},
    {"p1":70,
     "p2":71,
     "p3":74},
    {"p1":71,
     "p2":73,
     "p3":74},
    {"p1":43,
     "p2":44,
     "p3":49},
    {"p1":44,
     "p2":45,
     "p3":48},
    {"p1":44,
     "p2":48,
     "p3":49}]
}