{"points":[
    {"x":0,
     "y":0.47835},
    {"x":0.068041,
     "y":0.49897},
    {"x":0.13608,
     "y":0.50722},
    {"x":0.20412,
     "y":0.51134},
    {"x":0.27216,
     "y":0.51546},
    {"x":0.34021,
     "y":0.51753},
    {"x":0.39381,
     "y":0.52165},
    {"x":0.32784,
     "y":0.56907},
    {"x":0.26186,
     "y":0.62268},
    {"x":0.2,
     "y":0.67629},
    {"x":0.13814,
     "y":0.73196},
    {"x":0.10928,
     "y":0.78557},
    {"x":0.17526,
     "y":0.76495},
    {"x":0.2433,
     "y":0.73196},
    {"x":0.31134,
     "y":0.69278},
    {"x":0.37526,
     "y":0.65361},
    {"x":0.38969,
     "y":0.6866},
    {"x":0.37526,
     "y":0.75464},
    {"x":0.36082,
     "y":0.82268},
    {"x":0.35052,
     "y":0.89072},
    {"x":0.35258,
     "y":0.95876},
    {"x":0.39175,
     "y":0.92165},
    {"x":0.42268,
     "y":0.85567},
    {"x":0.45155,
     "y":0.78763},
    {"x":0.48041,
     "y":0.71959},
    {"x":0.50309,
     "y":0.65155},
    {"x":0.52371,
     "y":0.61649},
    {"x":0.54433,
     "y":0.68454},
    {"x":0.56907,
     "y":0.75258},
    {"x":0.59794,
     "y":0.82062},
    {"x":0.62474,
     "y":0.88866},
    {"x":0.66392,
     "y":0.95464},
    {"x":0.68454,
     "y":0.92371},
    {"x":0.67835,
     "y":0.85567},
    {"x":0.66392,
     "y":0.78763},
    {"x":0.65361,
     "y":0.71959},
    {"x":0.63711,
     "y":0.65155},
    {"x":0.69072,
     "y":0.67216},
    {"x":0.75876,
     "y":0.71134},
    {"x":0.82268,
     "y":0.74845},
    {"x":0.89072,
     "y":0.77732},
    {"x":0.91959,
     "y":0.76289},
    {"x":0.86392,
     "y":0.70309},
    {"x":0.8,
     "y":0.64536},
    {"x":0.73814,
     "y":0.59381},
    {"x":0.67423,
     "y":0.54227},
    {"x":0.65979,
     "y":0.51546},
    {"x":0.72784,
     "y":0.51753},
    {"x":0.79588,
     "y":0.5134},
    {"x":0.86392,
     "y":0.50722},
    {"x":0.93196,
     "y":0.50103},
    {"x":1,
     "y":0.49072},
    {"x":0.99794,
     "y":0.46186},
    {"x":0.9299,
     "y":0.44536},
    {"x":0.86186,
     "y":0.43505},
    {"x":0.79381,
     "y":0.4268},
    {"x":0.72577,
     "y":0.42062},
    {"x":0.75258,
     "y":0.37526},
    {"x":0.81237,
     "y":0.32165},
    {"x":0.86598,
     "y":0.26804},
    {"x":0.91546,
     "y":0.21237},
    {"x":0.90309,
     "y":0.18557},
    {"x":0.83505,
     "y":0.21856},
    {"x":0.76907,
     "y":0.25979},
    {"x":0.70309,
     "y":0.29897},
    {"x":0.63711,
     "y":0.34227},
    {"x":0.59588,
     "y":0.35876},
    {"x":0.61856,
     "y":0.29072},
    {"x":0.63711,
     "y":0.22268},
    {"x":0.65361,
     "y":0.15464},
    {"x":0.66598,
     "y":0.086598},
    {"x":0.67629,
     "y":0.018557},
    {"x":0.64948,
     "y":0.016495},
    {"x":0.60825,
     "y":0.082474},
    {"x":0.57526,
     "y":0.15052},
    {"x":0.54639,
     "y":0.21649},
    {"x":0.5134,
     "y":0.2701},
    {"x":0.48247,
     "y":0.20206},
    {"x":0.44948,
     "y":0.13402},
    {"x":0.41856,
     "y":0.065979},
    {"x":0.37113,
     "y":0},
    {"x":0.35876,
     "y":0.037113},
    {"x":0.37113,
     "y":0.10515},
    {"x":0.38557,
     "y":0.1732},
    {"x":0.40206,
     "y":0.24124},
    {"x":0.42062,
     "y":0.30928},
    {"x":0.44742,
     "y":0.37732},
    {"x":0.38351,
     "y":0.33196},
    {"x":0.31546,
     "y":0.28866},
    {"x":0.24742,
     "y":0.24742},
    {"x":0.18144,
     "y":0.21031},
    {"x":0.1134,
     "y":0.17938},
    {"x":0.12371,
     "y":0.2268},
    {"x":0.17938,
     "y":0.28247},
    {"x":0.23505,
     "y":0.33402},
    {"x":0.29897,
     "y":0.39175},
    {"x":0.2866,
     "y":0.42062},
    {"x":0.21856,
     "y":0.42887},
    {"x":0.15052,
     "y":0.43711},
    {"x":0.082474,
     "y":0.44536},
    {"x":0.014433,
     "y":0.4701},
    {"x":0,
     "y":0.47835}],
 "triangles":[
    {"p1":89,
     "p2":90,
     "p3":93},
    {"p1":2,
     "p2":3,
     "p3":98},
    {"p1":6,
     "p2":7,
     "p3":15},
    {"p1":8,
     "p2":13,
     "p3":14},
    {"p1":8,
     "p2":9,
     "p3":13},
    {"p1":8,
     "p2":14,
     "p3":15},
    {"p1":7,
     "p2":8,
     "p3":15},
    {"p1":46,
     "p2":47,
     "p3":56},
    {"p1":46,
     "p2":56,
     "p3":66},
    {"p1":50,
     "p2":51,
     "p3":52},
    {"p1":90,
     "p2":91,
     "p3":92},
    {"p1":90,
     "p2":92,
     "p3":93},
    {"p1":3,
     "p2":97,
     "p3":98},
    {"p1":1,
     "p2":2,
     "p3":99},
    {"p1":2,
     "p2":98,
     "p3":99},
    {"p1":9,
     "p2":12,
     "p3":13},
    {"p1":9,
     "p2":10,
     "p3":12},
    {"p1":10,
     "p2":11,
     "p3":12},
    {"p1":4,
     "p2":5,
     "p3":96},
    {"p1":3,
     "p2":4,
     "p3":97},
    {"p1":4,
     "p2":96,
     "p3":97},
    {"p1":46,
     "p2":66,
     "p3":86},
    {"p1":66,
     "p2":67,
     "p3":76},
    {"p1":66,
     "p2":76,
     "p3":86},
    {"p1":47,
     "p2":55,
     "p3":56},
    {"p1":56,
     "p2":65,
     "p3":66},
    {"p1":40,
     "p2":41,
     "p3":42},
    {"p1":39,
     "p2":40,
     "p3":42},
    {"p1":68,
     "p2":69,
     "p3":74},
    {"p1":60,
     "p2":61,
     "p3":62},
    {"p1":89,
     "p2":93,
     "p3":94},
    {"p1":0,
     "p2":1,
     "p3":100},
    {"p1":1,
     "p2":99,
     "p3":100},
    {"p1":6,
     "p2":86,
     "p3":95},
    {"p1":5,
     "p2":6,
     "p3":95},
    {"p1":5,
     "p2":95,
     "p3":96},
    {"p1":67,
     "p2":68,
     "p3":75},
    {"p1":67,
     "p2":75,
     "p3":76},
    {"p1":68,
     "p2":74,
     "p3":75},
    {"p1":76,
     "p2":85,
     "p3":86},
    {"p1":47,
     "p2":48,
     "p3":55},
    {"p1":48,
     "p2":54,
     "p3":55},
    {"p1":56,
     "p2":57,
     "p3":65},
    {"p1":57,
     "p2":64,
     "p3":65},
    {"p1":58,
     "p2":63,
     "p3":64},
    {"p1":57,
     "p2":58,
     "p3":64},
    {"p1":26,
     "p2":45,
     "p3":46},
    {"p1":6,
     "p2":26,
     "p3":86},
    {"p1":26,
     "p2":46,
     "p3":86},
    {"p1":69,
     "p2":70,
     "p3":73},
    {"p1":69,
     "p2":73,
     "p3":74},
    {"p1":59,
     "p2":60,
     "p3":62},
    {"p1":58,
     "p2":59,
     "p3":63},
    {"p1":59,
     "p2":62,
     "p3":63},
    {"p1":86,
     "p2":87,
     "p3":95},
    {"p1":76,
     "p2":77,
     "p3":84},
    {"p1":76,
     "p2":84,
     "p3":85},
    {"p1":77,
     "p2":83,
     "p3":84},
    {"p1":39,
     "p2":42,
     "p3":43},
    {"p1":48,
     "p2":49,
     "p3":54},
    {"p1":36,
     "p2":44,
     "p3":45},
    {"p1":26,
     "p2":36,
     "p3":45},
    {"p1":19,
     "p2":20,
     "p3":21},
    {"p1":17,
     "p2":23,
     "p3":24},
    {"p1":16,
     "p2":17,
     "p3":24},
    {"p1":70,
     "p2":71,
     "p3":72},
    {"p1":70,
     "p2":72,
     "p3":73},
    {"p1":79,
     "p2":80,
     "p3":81},
    {"p1":79,
     "p2":81,
     "p3":82},
    {"p1":50,
     "p2":52,
     "p3":53},
    {"p1":49,
     "p2":50,
     "p3":53},
    {"p1":49,
     "p2":53,
     "p3":54},
    {"p1":88,
     "p2":89,
     "p3":94},
    {"p1":88,
     "p2":94,
     "p3":95},
    {"p1":87,
     "p2":88,
     "p3":95},
    {"p1":38,
     "p2":39,
     "p3":43},
    {"p1":26,
     "p2":27,
     "p3":36},
    {"p1":27,
     "p2":28,
     "p3":35},
    {"p1":27,
     "p2":35,
     "p3":36},
    {"p1":17,
     "p2":18,
     "p3":23},
    {"p1":28,
     "p2":34,
     "p3":35},
    {"p1":78,
     "p2":82,
     "p3":83},
    {"p1":78,
     "p2":79,
     "p3":82},
    {"p1":77,
     "p2":78,
     "p3":83},
    {"p1":37,
     "p2":43,
     "p3":44},
    {"p1":37,
     "p2":38,
     "p3":43},
    {"p1":36,
     "p2":37,
     "p3":44},
    {"p1":16,
     "p2":24,
     "p3":25},
    {"p1":15,
     "p2":16,
     "p3":25},
    {"p1":6,
     "p2":15,
     "p3":25},
    {"p1":6,
     "p2":25,
     "p3":26},
    {"p1":18,
     "p2":22,
     "p3":23},
    {"p1":19,
     "p2":21,
     "p3":22},
    {"p1":18,
     "p2":19,
     "p3":22},
    {"p1":30,
     "p2":31,
     "p3":32},
    {"p1":30,
     "p2":32,
     "p3":33},
    {"p1":28,
     "p2":29,
     "p3":34},
    {"p1":29,
     "p2":33,
     "p3":34},
    {"p1":29,
     "p2":30,
     "p3":33}]
}