{"points":[
    {"x":0,
     "y":0.47485},
    {"x":0.044266,
     "y":0.49698},
    {"x":0.1006,
     "y":0.51308},
    {"x":0.15694,
     "y":0.53119},
    {"x":0.21328,
     "y":0.53924},
    {"x":0.26962,
     "y":0.53722},
    {"x":0.32193,
     "y":0.53722},
    {"x":0.26559,
     "y":0.56942},
    {"x":0.21529,
     "y":0.60563},
    {"x":0.17103,
     "y":0.65996},
    {"x":0.13078,
     "y":0.71026},
    {"x":0.094567,
     "y":0.75855},
    {"x":0.11469,
     "y":0.77666},
    {"x":0.17103,
     "y":0.76258},
    {"x":0.22736,
     "y":0.76258},
    {"x":0.2837,
     "y":0.73642},
    {"x":0.32998,
     "y":0.72233},
    {"x":0.31388,
     "y":0.77867},
    {"x":0.3159,
     "y":0.83501},
    {"x":0.32998,
     "y":0.89135},
    {"x":0.33602,
     "y":0.94769},
    {"x":0.36419,
     "y":0.93964},
    {"x":0.39638,
     "y":0.88934},
    {"x":0.43461,
     "y":0.833},
    {"x":0.46881,
     "y":0.78068},
    {"x":0.48491,
     "y":0.72435},
    {"x":0.49497,
     "y":0.66801},
    {"x":0.51308,
     "y":0.71227},
    {"x":0.52716,
     "y":0.76861},
    {"x":0.55533,
     "y":0.82294},
    {"x":0.59557,
     "y":0.87726},
    {"x":0.62978,
     "y":0.92958},
    {"x":0.66197,
     "y":0.95976},
    {"x":0.66801,
     "y":0.90342},
    {"x":0.67807,
     "y":0.84708},
    {"x":0.68813,
     "y":0.79074},
    {"x":0.67404,
     "y":0.73441},
    {"x":0.70423,
     "y":0.72837},
    {"x":0.76056,
     "y":0.76056},
    {"x":0.8169,
     "y":0.76056},
    {"x":0.87324,
     "y":0.77264},
    {"x":0.91348,
     "y":0.76861},
    {"x":0.87726,
     "y":0.72032},
    {"x":0.83702,
     "y":0.67203},
    {"x":0.79678,
     "y":0.61569},
    {"x":0.74447,
     "y":0.57545},
    {"x":0.69014,
     "y":0.54326},
    {"x":0.71831,
     "y":0.53521},
    {"x":0.77465,
     "y":0.53924},
    {"x":0.83099,
     "y":0.53521},
    {"x":0.88732,
     "y":0.51509},
    {"x":0.94366,
     "y":0.49899},
    {"x":1,
     "y":0.4829},
    {"x":0.97183,
     "y":0.45272},
    {"x":0.91549,
     "y":0.42656},
    {"x":0.85915,
     "y":0.39437},
    {"x":0.80282,
     "y":0.39034},
    {"x":0.80282,
     "y":0.36016},
    {"x":0.85312,
     "y":0.31187},
    {"x":0.87123,
     "y":0.25553},
    {"x":0.90543,
     "y":0.1992},
    {"x":0.89135,
     "y":0.17907},
    {"x":0.83501,
     "y":0.1992},
    {"x":0.77867,
     "y":0.21932},
    {"x":0.72233,
     "y":0.23742},
    {"x":0.67002,
     "y":0.27364},
    {"x":0.62575,
     "y":0.3159},
    {"x":0.62575,
     "y":0.28169},
    {"x":0.64789,
     "y":0.22535},
    {"x":0.65996,
     "y":0.16901},
    {"x":0.65795,
     "y":0.11268},
    {"x":0.66197,
     "y":0.056338},
    {"x":0.66197,
     "y":0},
    {"x":0.62777,
     "y":0.016097},
    {"x":0.57948,
     "y":0.06841},
    {"x":0.5332,
     "y":0.11066},
    {"x":0.50905,
     "y":0.167},
    {"x":0.4829,
     "y":0.15091},
    {"x":0.45674,
     "y":0.094567},
    {"x":0.40644,
     "y":0.054326},
    {"x":0.36016,
     "y":0.0020121},
    {"x":0.33803,
     "y":0.016097},
    {"x":0.34004,
     "y":0.072435},
    {"x":0.34205,
     "y":0.12877},
    {"x":0.34205,
     "y":0.18511},
    {"x":0.35815,
     "y":0.24145},
    {"x":0.38028,
     "y":0.29779},
    {"x":0.36217,
     "y":0.30181},
    {"x":0.3159,
     "y":0.26358},
    {"x":0.26157,
     "y":0.23139},
    {"x":0.20523,
     "y":0.21529},
    {"x":0.14889,
     "y":0.19316},
    {"x":0.092555,
     "y":0.17505},
    {"x":0.10262,
     "y":0.21529},
    {"x":0.13481,
     "y":0.27163},
    {"x":0.15895,
     "y":0.32797},
    {"x":0.21328,
     "y":0.37425},
    {"x":0.18109,
     "y":0.39034},
    {"x":0.12475,
     "y":0.39839},
    {"x":0.06841,
     "y":0.43662},
    {"x":0.012072,
     "y":0.46076},
    {"x":0,
     "y":0.47485}],
 "triangles":[
    {"p1":2,
     "p2":3,
     "p3":98},
    {"p1":2,
     "p2":98,
     "p3":99},
    {"p1":6,
     "p2":66,
     "p3":86},
    {"p1":1,
     "p2":99,
     "p3":100},
    {"p1":1,
     "p2":2,
     "p3":99},
    {"p1":0,
     "p2":1,
     "p3":100},
    {"p1":10,
     "p2":11,
     "p3":12},
    {"p1":16,
     "p2":23,
     "p3":24},
    {"p1":16,
     "p2":24,
     "p3":25},
    {"p1":37,
     "p2":44,
     "p3":45},
    {"p1":37,
     "p2":43,
     "p3":44},
    {"p1":51,
     "p2":52,
     "p3":53},
    {"p1":6,
     "p2":26,
     "p3":66},
    {"p1":6,
     "p2":16,
     "p3":26},
    {"p1":16,
     "p2":25,
     "p3":26},
    {"p1":37,
     "p2":45,
     "p3":46},
    {"p1":46,
     "p2":47,
     "p3":66},
    {"p1":26,
     "p2":46,
     "p3":66},
    {"p1":76,
     "p2":85,
     "p3":86},
    {"p1":90,
     "p2":91,
     "p3":94},
    {"p1":91,
     "p2":92,
     "p3":93},
    {"p1":91,
     "p2":93,
     "p3":94},
    {"p1":79,
     "p2":82,
     "p3":83},
    {"p1":79,
     "p2":80,
     "p3":81},
    {"p1":79,
     "p2":81,
     "p3":82},
    {"p1":90,
     "p2":94,
     "p3":95},
    {"p1":89,
     "p2":90,
     "p3":95},
    {"p1":19,
     "p2":20,
     "p3":21},
    {"p1":19,
     "p2":21,
     "p3":22},
    {"p1":10,
     "p2":12,
     "p3":13},
    {"p1":9,
     "p2":13,
     "p3":14},
    {"p1":9,
     "p2":10,
     "p3":13},
    {"p1":6,
     "p2":7,
     "p3":16},
    {"p1":7,
     "p2":8,
     "p3":16},
    {"p1":66,
     "p2":67,
     "p3":86},
    {"p1":67,
     "p2":76,
     "p3":86},
    {"p1":47,
     "p2":56,
     "p3":66},
    {"p1":47,
     "p2":48,
     "p3":56},
    {"p1":48,
     "p2":49,
     "p3":56},
    {"p1":29,
     "p2":30,
     "p3":34},
    {"p1":39,
     "p2":42,
     "p3":43},
    {"p1":37,
     "p2":38,
     "p3":43},
    {"p1":38,
     "p2":39,
     "p3":43},
    {"p1":30,
     "p2":33,
     "p3":34},
    {"p1":77,
     "p2":84,
     "p3":85},
    {"p1":76,
     "p2":77,
     "p3":85},
    {"p1":77,
     "p2":83,
     "p3":84},
    {"p1":6,
     "p2":86,
     "p3":87},
    {"p1":88,
     "p2":89,
     "p3":96},
    {"p1":89,
     "p2":95,
     "p3":96},
    {"p1":87,
     "p2":88,
     "p3":96},
    {"p1":5,
     "p2":6,
     "p3":96},
    {"p1":6,
     "p2":87,
     "p3":96},
    {"p1":4,
     "p2":5,
     "p3":96},
    {"p1":8,
     "p2":15,
     "p3":16},
    {"p1":9,
     "p2":14,
     "p3":15},
    {"p1":8,
     "p2":9,
     "p3":15},
    {"p1":18,
     "p2":22,
     "p3":23},
    {"p1":18,
     "p2":19,
     "p3":22},
    {"p1":68,
     "p2":69,
     "p3":76},
    {"p1":67,
     "p2":68,
     "p3":76},
    {"p1":57,
     "p2":65,
     "p3":66},
    {"p1":56,
     "p2":57,
     "p3":66},
    {"p1":57,
     "p2":64,
     "p3":65},
    {"p1":57,
     "p2":63,
     "p3":64},
    {"p1":50,
     "p2":51,
     "p3":54},
    {"p1":51,
     "p2":53,
     "p3":54},
    {"p1":28,
     "p2":29,
     "p3":36},
    {"p1":27,
     "p2":28,
     "p3":36},
    {"p1":26,
     "p2":27,
     "p3":36},
    {"p1":36,
     "p2":37,
     "p3":46},
    {"p1":26,
     "p2":36,
     "p3":46},
    {"p1":40,
     "p2":41,
     "p3":42},
    {"p1":39,
     "p2":40,
     "p3":42},
    {"p1":29,
     "p2":34,
     "p3":35},
    {"p1":29,
     "p2":35,
     "p3":36},
    {"p1":31,
     "p2":32,
     "p3":33},
    {"p1":30,
     "p2":31,
     "p3":33},
    {"p1":69,
     "p2":75,
     "p3":76},
    {"p1":71,
     "p2":72,
     "p3":73},
    {"p1":71,
     "p2":73,
     "p3":74},
    {"p1":3,
     "p2":97,
     "p3":98},
    {"p1":3,
     "p2":4,
     "p3":97},
    {"p1":4,
     "p2":96,
     "p3":97},
    {"p1":16,
     "p2":17,
     "p3":23},
    {"p1":17,
     "p2":18,
     "p3":23},
    {"p1":70,
     "p2":71,
     "p3":74},
    {"p1":69,
     "p2":70,
     "p3":75},
    {"p1":70,
     "p2":74,
     "p3":75},
    {"p1":78,
     "p2":79,
     "p3":83},
    {"p1":77,
     "p2":78,
     "p3":83},
    {"p1":57,
     "p2":58,
     "p3":63},
    {"p1":58,
     "p2":59,
     "p3":63},
    {"p1":59,
     "p2":62,
     "p3":63},
    {"p1":60,
     "p2":61,
     "p3":62},
    {"p1":59,
     "p2":60,
     "p3":62},
    {"p1":50,
     "p2":54,
     "p3":55},
    {"p1":49,
     "p2":50,
     "p3":55},
    {"p1":49,
     "p2":55,
     "p3":56}]
}