{"points":[
    {"x":0.014085,
     "y":0.49859},
    {"x":0.059155,
     "y":0.52676},
    {"x":0.10986,
     "y":0.55493},
    {"x":0.15493,
     "y":0.57465},
    {"x":0.20563,
     "y":0.59437},
    {"x":0.23099,
     "y":0.61972},
    {"x":0.19155,
     "y":0.66761},
    {"x":0.15493,
     "y":0.71831},
    {"x":0.11831,
     "y":0.76901},
    {"x":0.087324,
     "y":0.81408},
    {"x":0.053521,
     "y":0.86197},
    {"x":0.025352,
     "y":0.91268},
    {"x":0.0056338,
     "y":0.96056},
    {"x":0.011268,
     "y":1},
    {"x":0.061972,
     "y":0.98592},
    {"x":0.10986,
     "y":0.96056},
    {"x":0.15775,
     "y":0.93239},
    {"x":0.20282,
     "y":0.90141},
    {"x":0.24789,
     "y":0.87042},
    {"x":0.29859,
     "y":0.83099},
    {"x":0.3493,
     "y":0.79437},
    {"x":0.39718,
     "y":0.7662},
    {"x":0.41408,
     "y":0.8169},
    {"x":0.4338,
     "y":0.86761},
    {"x":0.46197,
     "y":0.91831},
    {"x":0.49014,
     "y":0.96901},
    {"x":0.51831,
     "y":0.95775},
    {"x":0.54366,
     "y":0.90986},
    {"x":0.56901,
     "y":0.85915},
    {"x":0.59155,
     "y":0.80845},
    {"x":0.61127,
     "y":0.76056},
    {"x":0.65915,
     "y":0.8},
    {"x":0.70704,
     "y":0.83662},
    {"x":0.75493,
     "y":0.87042},
    {"x":0.80563,
     "y":0.90423},
    {"x":0.85634,
     "y":0.94085},
    {"x":0.90423,
     "y":0.96901},
    {"x":0.95211,
     "y":0.99155},
    {"x":1,
     "y":0.99718},
    {"x":0.98873,
     "y":0.94648},
    {"x":0.96338,
     "y":0.89577},
    {"x":0.93521,
     "y":0.84507},
    {"x":0.89859,
     "y":0.79718},
    {"x":0.86761,
     "y":0.7493},
    {"x":0.83099,
     "y":0.69859},
    {"x":0.79718,
     "y":0.6507},
    {"x":0.7662,
     "y":0.60282},
    {"x":0.8169,
     "y":0.58873},
    {"x":0.86479,
     "y":0.5662},
    {"x":0.91268,
     "y":0.54085},
    {"x":0.95775,
     "y":0.51549},
    {"x":0.95775,
     "y":0.48451},
    {"x":0.90704,
     "y":0.45634},
    {"x":0.85915,
     "y":0.43099},
    {"x":0.80845,
     "y":0.40845},
    {"x":0.76056,
     "y":0.38873},
    {"x":0.8,
     "y":0.34085},
    {"x":0.83662,
     "y":0.29296},
    {"x":0.87042,
     "y":0.24507},
    {"x":0.90141,
     "y":0.19718},
    {"x":0.93521,
     "y":0.1493},
    {"x":0.96338,
     "y":0.10141},
    {"x":0.98873,
     "y":0.050704},
    {"x":0.99718,
     "y":0},
    {"x":0.94648,
     "y":0.011268},
    {"x":0.89577,
     "y":0.03662},
    {"x":0.84789,
     "y":0.067606},
    {"x":0.79718,
     "y":0.10141},
    {"x":0.7493,
     "y":0.13521},
    {"x":0.70141,
     "y":0.16901},
    {"x":0.65352,
     "y":0.20282},
    {"x":0.60563,
     "y":0.23662},
    {"x":0.59155,
     "y":0.18592},
    {"x":0.5662,
     "y":0.13521},
    {"x":0.54085,
     "y":0.084507},
    {"x":0.50986,
     "y":0.033803},
    {"x":0.48169,
     "y":0.050704},
    {"x":0.45352,
     "y":0.098592},
    {"x":0.42817,
     "y":0.1493},
    {"x":0.40563,
     "y":0.2},
    {"x":0.3831,
     "y":0.2338},
    {"x":0.33521,
     "y":0.19437},
    {"x":0.28732,
     "y":0.15775},
    {"x":0.23662,
     "y":0.12394},
    {"x":0.18873,
     "y":0.090141},
    {"x":0.14085,
     "y":0.056338},
    {"x":0.090141,
     "y":0.028169},
    {"x":0.039437,
     "y":0.0084507},
    {"x":0,
     "y":0.011268},
    {"x":0.014085,
     "y":0.061972},
    {"x":0.039437,
     "y":0.10986},
    {"x":0.067606,
     "y":0.15775},
    {"x":0.098592,
     "y":0.20282},
    {"x":0.13521,
     "y":0.25352},
    {"x":0.16901,
     "y":0.30141},
    {"x":0.20563,
     "y":0.34648},
    {"x":0.23662,
     "y":0.39437},
    {"x":0.18592,
     "y":0.41127},
    {"x":0.13521,
     "y":0.4338},
    {"x":0.084507,
     "y":0.45915},
    {"x":0.03662,
     "y":0.48451},
    {"x":0.014085,
     "y":0.49859}],
 "triangles":[
    {"p1":55,
     "p2":70,
     "p3":71},
    {"p1":62,
     "p2":63,
     "p3":64},
    {"p1":57,
     "p2":68,
     "p3":69},
    {"p1":57,
     "p2":58,
     "p3":68},
    {"p1":55,
     "p2":56,
     "p3":70},
    {"p1":56,
     "p2":69,
     "p3":70},
    {"p1":56,
     "p2":57,
     "p3":69},
    {"p1":59,
     "p2":66,
     "p3":67},
    {"p1":58,
     "p2":67,
     "p3":68},
    {"p1":58,
     "p2":59,
     "p3":67},
    {"p1":59,
     "p2":60,
     "p3":66},
    {"p1":87,
     "p2":88,
     "p3":89},
    {"p1":86,
     "p2":87,
     "p3":89},
    {"p1":86,
     "p2":89,
     "p3":90},
    {"p1":7,
     "p2":18,
     "p3":19},
    {"p1":30,
     "p2":46,
     "p3":55},
    {"p1":46,
     "p2":54,
     "p3":55},
    {"p1":60,
     "p2":65,
     "p3":66},
    {"p1":9,
     "p2":10,
     "p3":16},
    {"p1":7,
     "p2":8,
     "p3":18},
    {"p1":74,
     "p2":75,
     "p3":76},
    {"p1":71,
     "p2":72,
     "p3":79},
    {"p1":74,
     "p2":76,
     "p3":77},
    {"p1":73,
     "p2":74,
     "p3":77},
    {"p1":21,
     "p2":29,
     "p3":30},
    {"p1":21,
     "p2":22,
     "p3":29},
    {"p1":34,
     "p2":41,
     "p3":42},
    {"p1":48,
     "p2":52,
     "p3":53},
    {"p1":60,
     "p2":61,
     "p3":65},
    {"p1":61,
     "p2":62,
     "p3":64},
    {"p1":61,
     "p2":64,
     "p3":65},
    {"p1":10,
     "p2":11,
     "p3":15},
    {"p1":10,
     "p2":15,
     "p3":16},
    {"p1":9,
     "p2":16,
     "p3":17},
    {"p1":8,
     "p2":17,
     "p3":18},
    {"p1":8,
     "p2":9,
     "p3":17},
    {"p1":6,
     "p2":7,
     "p3":19},
    {"p1":2,
     "p2":3,
     "p3":98},
    {"p1":71,
     "p2":79,
     "p3":80},
    {"p1":80,
     "p2":81,
     "p3":95},
    {"p1":73,
     "p2":77,
     "p3":78},
    {"p1":72,
     "p2":78,
     "p3":79},
    {"p1":72,
     "p2":73,
     "p3":78},
    {"p1":6,
     "p2":19,
     "p3":20},
    {"p1":5,
     "p2":20,
     "p3":21},
    {"p1":5,
     "p2":6,
     "p3":20},
    {"p1":36,
     "p2":39,
     "p3":40},
    {"p1":33,
     "p2":34,
     "p3":42},
    {"p1":31,
     "p2":32,
     "p3":44},
    {"p1":23,
     "p2":24,
     "p3":27},
    {"p1":11,
     "p2":12,
     "p3":14},
    {"p1":11,
     "p2":14,
     "p3":15},
    {"p1":12,
     "p2":13,
     "p3":14},
    {"p1":84,
     "p2":85,
     "p3":91},
    {"p1":85,
     "p2":90,
     "p3":91},
    {"p1":85,
     "p2":86,
     "p3":90},
    {"p1":1,
     "p2":2,
     "p3":99},
    {"p1":2,
     "p2":98,
     "p3":99},
    {"p1":3,
     "p2":4,
     "p3":97},
    {"p1":3,
     "p2":97,
     "p3":98},
    {"p1":82,
     "p2":83,
     "p3":93},
    {"p1":34,
     "p2":35,
     "p3":41},
    {"p1":35,
     "p2":40,
     "p3":41},
    {"p1":35,
     "p2":36,
     "p3":40},
    {"p1":37,
     "p2":38,
     "p3":39},
    {"p1":36,
     "p2":37,
     "p3":39},
    {"p1":31,
     "p2":44,
     "p3":45},
    {"p1":30,
     "p2":45,
     "p3":46},
    {"p1":30,
     "p2":31,
     "p3":45},
    {"p1":33,
     "p2":42,
     "p3":43},
    {"p1":32,
     "p2":33,
     "p3":43},
    {"p1":32,
     "p2":43,
     "p3":44},
    {"p1":23,
     "p2":27,
     "p3":28},
    {"p1":22,
     "p2":23,
     "p3":28},
    {"p1":22,
     "p2":28,
     "p3":29},
    {"p1":24,
     "p2":25,
     "p3":26},
    {"p1":24,
     "p2":26,
     "p3":27},
    {"p1":0,
     "p2":1,
     "p3":100},
    {"p1":1,
     "p2":99,
     "p3":100},
    {"p1":80,
     "p2":95,
     "p3":96},
    {"p1":5,
     "p2":21,
     "p3":96},
    {"p1":4,
     "p2":5,
     "p3":96},
    {"p1":4,
     "p2":96,
     "p3":97},
    {"p1":71,
     "p2":80,
     "p3":96},
    {"p1":21,
     "p2":30,
     "p3":96},
    {"p1":55,
     "p2":71,
     "p3":96},
    {"p1":30,
     "p2":55,
     "p3":96},
    {"p1":82,
     "p2":93,
     "p3":94},
    {"p1":81,
     "p2":82,
     "p3":94},
    {"p1":81,
     "p2":94,
     "p3":95},
    {"p1":83,
     "p2":84,
     "p3":92},
    {"p1":83,
     "p2":92,
     "p3":93},
    {"p1":84,
     "p2":91,
     "p3":92},
    {"p1":46,
     "p2":47,
     "p3":54},
    {"p1":47,
     "p2":53,
     "p3":54},
    {"p1":47,
     "p2":48,
     "p3":53},
    {"p1":48,
     "p2":49,
     "p3":52},
    {"p1":49,
     "p2":50,
     "p3":51},
    {"p1":49,
     "p2":51,
     "p3":52}]
}