{"points":[
    {"x":0,
     "y":0.48485},
    {"x":0.037879,
     "y":0.5202},
    {"x":0.080808,
     "y":0.55303},
    {"x":0.12374,
     "y":0.57576},
    {"x":0.16667,
     "y":0.59343},
    {"x":0.2096,
     "y":0.60354},
    {"x":0.18687,
     "y":0.64141},
    {"x":0.15404,
     "y":0.67929},
    {"x":0.12879,
     "y":0.72222},
    {"x":0.10606,
     "y":0.76515},
    {"x":0.088384,
     "y":0.80808},
    {"x":0.075758,
     "y":0.85101},
    {"x":0.063131,
     "y":0.89394},
    {"x":0.060606,
     "y":0.93434},
    {"x":0.10354,
     "y":0.92677},
    {"x":0.14646,
     "y":0.91667},
    {"x":0.18939,
     "y":0.90152},
    {"x":0.23232,
     "y":0.88384},
    {"x":0.27525,
     "y":0.86111},
    {"x":0.31818,
     "y":0.83333},
    {"x":0.35606,
     "y":0.80051},
    {"x":0.38889,
     "y":0.78788},
    {"x":0.40152,
     "y":0.83081},
    {"x":0.41919,
     "y":0.87374},
    {"x":0.44444,
     "y":0.91667},
    {"x":0.47475,
     "y":0.9596},
    {"x":0.51263,
     "y":0.98737},
    {"x":0.54798,
     "y":0.94697},
    {"x":0.57828,
     "y":0.90404},
    {"x":0.59848,
     "y":0.86111},
    {"x":0.61616,
     "y":0.81818},
    {"x":0.62879,
     "y":0.77778},
    {"x":0.66667,
     "y":0.81061},
    {"x":0.70707,
     "y":0.84343},
    {"x":0.75,
     "y":0.86869},
    {"x":0.79293,
     "y":0.88889},
    {"x":0.83586,
     "y":0.90657},
    {"x":0.87879,
     "y":0.91919},
    {"x":0.92172,
     "y":0.92929},
    {"x":0.95455,
     "y":0.92424},
    {"x":0.94444,
     "y":0.88131},
    {"x":0.93434,
     "y":0.83838},
    {"x":0.91919,
     "y":0.79545},
    {"x":0.90152,
     "y":0.75253},
    {"x":0.87626,
     "y":0.7096},
    {"x":0.84848,
     "y":0.66667},
    {"x":0.81566,
     "y":0.63131},
    {"x":0.81566,
     "y":0.60101},
    {"x":0.85859,
     "y":0.58838},
    {"x":0.90152,
     "y":0.56818},
    {"x":0.94444,
     "y":0.54293},
    {"x":0.98737,
     "y":0.51263},
    {"x":1,
     "y":0.47222},
    {"x":0.9596,
     "y":0.43939},
    {"x":0.91667,
     "y":0.41162},
    {"x":0.87374,
     "y":0.38889},
    {"x":0.83081,
     "y":0.37374},
    {"x":0.80303,
     "y":0.35606},
    {"x":0.83586,
     "y":0.31818},
    {"x":0.86616,
     "y":0.27778},
    {"x":0.89394,
     "y":0.23485},
    {"x":0.91414,
     "y":0.19192},
    {"x":0.92929,
     "y":0.14899},
    {"x":0.94192,
     "y":0.10606},
    {"x":0.95202,
     "y":0.063131},
    {"x":0.93687,
     "y":0.040404},
    {"x":0.89394,
     "y":0.04798},
    {"x":0.85101,
     "y":0.060606},
    {"x":0.80808,
     "y":0.075758},
    {"x":0.76515,
     "y":0.09596},
    {"x":0.72222,
     "y":0.12121},
    {"x":0.67929,
     "y":0.15152},
    {"x":0.64394,
     "y":0.18182},
    {"x":0.61869,
     "y":0.16919},
    {"x":0.60606,
     "y":0.12626},
    {"x":0.58586,
     "y":0.083333},
    {"x":0.55808,
     "y":0.040404},
    {"x":0.52525,
     "y":0},
    {"x":0.48737,
     "y":0},
    {"x":0.45455,
     "y":0.040404},
    {"x":0.42677,
     "y":0.083333},
    {"x":0.40657,
     "y":0.12626},
    {"x":0.39394,
     "y":0.16919},
    {"x":0.36869,
     "y":0.18182},
    {"x":0.33333,
     "y":0.15152},
    {"x":0.2904,
     "y":0.12121},
    {"x":0.24747,
     "y":0.09596},
    {"x":0.20455,
     "y":0.075758},
    {"x":0.16162,
     "y":0.060606},
    {"x":0.11869,
     "y":0.04798},
    {"x":0.075758,
     "y":0.040404},
    {"x":0.060606,
     "y":0.063131},
    {"x":0.070707,
     "y":0.10606},
    {"x":0.083333,
     "y":0.14899},
    {"x":0.098485,
     "y":0.19192},
    {"x":0.11869,
     "y":0.23485},
    {"x":0.14646,
     "y":0.27778},
    {"x":0.17677,
     "y":0.31818},
    {"x":0.2096,
     "y":0.35606},
    {"x":0.18182,
     "y":0.37374},
    {"x":0.13889,
     "y":0.38889},
    {"x":0.09596,
     "y":0.41162},
    {"x":0.05303,
     "y":0.43939},
    {"x":0.012626,
     "y":0.47222},
    {"x":0,
     "y":0.48485}],
 "triangles":[
    {"p1":5,
     "p2":21,
     "p3":31},
    {"p1":89,
     "p2":90,
     "p3":91},
    {"p1":89,
     "p2":91,
     "p3":92},
    {"p1":5,
     "p2":20,
     "p3":21},
    {"p1":88,
     "p2":89,
     "p3":92},
    {"p1":5,
     "p2":31,
     "p3":57},
    {"p1":12,
     "p2":13,
     "p3":14},
    {"p1":7,
     "p2":8,
     "p3":18},
    {"p1":24,
     "p2":27,
     "p3":28},
    {"p1":23,
     "p2":24,
     "p3":28},
    {"p1":23,
     "p2":28,
     "p3":29},
    {"p1":31,
     "p2":47,
     "p3":57},
    {"p1":57,
     "p2":58,
     "p3":72},
    {"p1":5,
     "p2":57,
     "p3":98},
    {"p1":5,
     "p2":6,
     "p3":20},
    {"p1":7,
     "p2":18,
     "p3":19},
    {"p1":6,
     "p2":19,
     "p3":20},
    {"p1":6,
     "p2":7,
     "p3":19},
    {"p1":25,
     "p2":26,
     "p3":27},
    {"p1":24,
     "p2":25,
     "p3":27},
    {"p1":33,
     "p2":34,
     "p3":44},
    {"p1":21,
     "p2":30,
     "p3":31},
    {"p1":21,
     "p2":22,
     "p3":30},
    {"p1":22,
     "p2":23,
     "p3":29},
    {"p1":22,
     "p2":29,
     "p3":30},
    {"p1":61,
     "p2":62,
     "p3":68},
    {"p1":61,
     "p2":68,
     "p3":69},
    {"p1":4,
     "p2":5,
     "p3":99},
    {"p1":5,
     "p2":98,
     "p3":99},
    {"p1":35,
     "p2":36,
     "p3":42},
    {"p1":11,
     "p2":12,
     "p3":14},
    {"p1":31,
     "p2":46,
     "p3":47},
    {"p1":31,
     "p2":32,
     "p3":46},
    {"p1":62,
     "p2":63,
     "p3":67},
    {"p1":62,
     "p2":67,
     "p3":68},
    {"p1":47,
     "p2":56,
     "p3":57},
    {"p1":3,
     "p2":4,
     "p3":100},
    {"p1":4,
     "p2":99,
     "p3":100},
    {"p1":85,
     "p2":86,
     "p3":95},
    {"p1":58,
     "p2":71,
     "p3":72},
    {"p1":58,
     "p2":59,
     "p3":71},
    {"p1":59,
     "p2":70,
     "p3":71},
    {"p1":36,
     "p2":37,
     "p3":41},
    {"p1":36,
     "p2":41,
     "p3":42},
    {"p1":35,
     "p2":42,
     "p3":43},
    {"p1":34,
     "p2":43,
     "p3":44},
    {"p1":34,
     "p2":35,
     "p3":43},
    {"p1":11,
     "p2":14,
     "p3":15},
    {"p1":10,
     "p2":11,
     "p3":15},
    {"p1":33,
     "p2":44,
     "p3":45},
    {"p1":32,
     "p2":33,
     "p3":45},
    {"p1":32,
     "p2":45,
     "p3":46},
    {"p1":60,
     "p2":69,
     "p3":70},
    {"p1":59,
     "p2":60,
     "p3":70},
    {"p1":60,
     "p2":61,
     "p3":69},
    {"p1":63,
     "p2":66,
     "p3":67},
    {"p1":64,
     "p2":65,
     "p3":66},
    {"p1":63,
     "p2":64,
     "p3":66},
    {"p1":2,
     "p2":3,
     "p3":101},
    {"p1":3,
     "p2":100,
     "p3":101},
    {"p1":84,
     "p2":85,
     "p3":96},
    {"p1":85,
     "p2":95,
     "p3":96},
    {"p1":86,
     "p2":87,
     "p3":94},
    {"p1":86,
     "p2":94,
     "p3":95},
    {"p1":37,
     "p2":38,
     "p3":40},
    {"p1":37,
     "p2":40,
     "p3":41},
    {"p1":38,
     "p2":39,
     "p3":40},
    {"p1":8,
     "p2":17,
     "p3":18},
    {"p1":8,
     "p2":9,
     "p3":17},
    {"p1":48,
     "p2":49,
     "p3":55},
    {"p1":47,
     "p2":48,
     "p3":56},
    {"p1":48,
     "p2":55,
     "p3":56},
    {"p1":51,
     "p2":52,
     "p3":53},
    {"p1":50,
     "p2":51,
     "p3":53},
    {"p1":49,
     "p2":54,
     "p3":55},
    {"p1":49,
     "p2":50,
     "p3":54},
    {"p1":50,
     "p2":53,
     "p3":54},
    {"p1":1,
     "p2":2,
     "p3":102},
    {"p1":2,
     "p2":101,
     "p3":102},
    {"p1":84,
     "p2":96,
     "p3":97},
    {"p1":83,
     "p2":97,
     "p3":98},
    {"p1":83,
     "p2":84,
     "p3":97},
    {"p1":87,
     "p2":88,
     "p3":93},
    {"p1":87,
     "p2":93,
     "p3":94},
    {"p1":88,
     "p2":92,
     "p3":93},
    {"p1":10,
     "p2":15,
     "p3":16},
    {"p1":9,
     "p2":10,
     "p3":16},
    {"p1":9,
     "p2":16,
     "p3":17},
    {"p1":0,
     "p2":1,
     "p3":103},
    {"p1":1,
     "p2":102,
     "p3":103},
    {"p1":72,
     "p2":83,
     "p3":98},
    {"p1":57,
     "p2":72,
     "p3":98},
    {"p1":72,
     "p2":73,
     "p3":83},
    {"p1":73,
     "p2":82,
     "p3":83},
    {"p1":76,
     "p2":77,
     "p3":78},
    {"p1":76,
     "p2":78,
     "p3":79},
    {"p1":75,
     "p2":76,
     "p3":80},
    {"p1":76,
     "p2":79,
     "p3":80},
    {"p1":74,
     "p2":75,
     "p3":80},
    {"p1":74,
     "p2":80,
     "p3":81},
    {"p1":73,
     "p2":74,
     "p3":82},
    {"p1":74,
     "p2":81,
     "p3":82}]
}