{"points":[
    {"x":0.37528,
     "y":0.48539},
    {"x":0.37978,
     "y":0.52135},
    {"x":0.38202,
     "y":0.5573},
    {"x":0.38652,
     "y":0.59326},
    {"x":0.36854,
     "y":0.60674},
    {"x":0.33258,
     "y":0.60225},
    {"x":0.29663,
     "y":0.59775},
    {"x":0.26067,
     "y":0.59775},
    {"x":0.22472,
     "y":0.59775},
    {"x":0.18876,
     "y":0.60449},
    {"x":0.15281,
     "y":0.61573},
    {"x":0.1191,
     "y":0.63596},
    {"x":0.083146,
     "y":0.64719},
    {"x":0.047191,
     "y":0.63146},
    {"x":0.011236,
     "y":0.64494},
    {"x":0.0022472,
     "y":0.6809},
    {"x":0.01573,
     "y":0.71461},
    {"x":0.0067416,
     "y":0.75056},
    {"x":0.0022472,
     "y":0.78652},
    {"x":0,
     "y":0.82247},
    {"x":0,
     "y":0.85843},
    {"x":0.031461,
     "y":0.86067},
    {"x":0.067416,
     "y":0.85618},
    {"x":0.10337,
     "y":0.85169},
    {"x":0.13933,
     "y":0.84719},
    {"x":0.17528,
     "y":0.8427},
    {"x":0.21124,
     "y":0.84045},
    {"x":0.24719,
     "y":0.8382},
    {"x":0.28315,
     "y":0.84719},
    {"x":0.3191,
     "y":0.85618},
    {"x":0.35506,
     "y":0.86292},
    {"x":0.39101,
     "y":0.86966},
    {"x":0.42697,
     "y":0.87191},
    {"x":0.46292,
     "y":0.87191},
    {"x":0.49888,
     "y":0.87191},
    {"x":0.53483,
     "y":0.87191},
    {"x":0.57079,
     "y":0.86966},
    {"x":0.60674,
     "y":0.86742},
    {"x":0.6427,
     "y":0.86517},
    {"x":0.67865,
     "y":0.86292},
    {"x":0.71461,
     "y":0.85843},
    {"x":0.75056,
     "y":0.85393},
    {"x":0.78652,
     "y":0.84944},
    {"x":0.82247,
     "y":0.84494},
    {"x":0.85843,
     "y":0.84719},
    {"x":0.89438,
     "y":0.85169},
    {"x":0.93034,
     "y":0.85618},
    {"x":0.96629,
     "y":0.86067},
    {"x":0.99775,
     "y":0.85843},
    {"x":1,
     "y":0.82247},
    {"x":0.99775,
     "y":0.78652},
    {"x":0.99551,
     "y":0.75056},
    {"x":0.98876,
     "y":0.71461},
    {"x":0.98876,
     "y":0.67865},
    {"x":0.99326,
     "y":0.6427},
    {"x":0.96404,
     "y":0.61348},
    {"x":0.92809,
     "y":0.62472},
    {"x":0.89213,
     "y":0.62472},
    {"x":0.85843,
     "y":0.60225},
    {"x":0.82247,
     "y":0.59326},
    {"x":0.78652,
     "y":0.59101},
    {"x":0.75056,
     "y":0.59101},
    {"x":0.71461,
     "y":0.59551},
    {"x":0.67865,
     "y":0.59775},
    {"x":0.6427,
     "y":0.60449},
    {"x":0.60674,
     "y":0.61124},
    {"x":0.60674,
     "y":0.57528},
    {"x":0.61124,
     "y":0.53933},
    {"x":0.61348,
     "y":0.50337},
    {"x":0.61573,
     "y":0.46742},
    {"x":0.61798,
     "y":0.43146},
    {"x":0.62022,
     "y":0.39551},
    {"x":0.62247,
     "y":0.35955},
    {"x":0.62472,
     "y":0.3236},
    {"x":0.62472,
     "y":0.28764},
    {"x":0.62472,
     "y":0.25169},
    {"x":0.62472,
     "y":0.21573},
    {"x":0.62472,
     "y":0.17978},
    {"x":0.62472,
     "y":0.14382},
    {"x":0.62022,
     "y":0.10787},
    {"x":0.61573,
     "y":0.07191},
    {"x":0.60674,
     "y":0.035955},
    {"x":0.58876,
     "y":0},
    {"x":0.55281,
     "y":0},
    {"x":0.51685,
     "y":0.013483},
    {"x":0.4809,
     "y":0.01573},
    {"x":0.44494,
     "y":0},
    {"x":0.40899,
     "y":0.0044944},
    {"x":0.38427,
     "y":0.040449},
    {"x":0.37528,
     "y":0.076404},
    {"x":0.36854,
     "y":0.11236},
    {"x":0.36404,
     "y":0.14831},
    {"x":0.3618,
     "y":0.18427},
    {"x":0.3618,
     "y":0.22022},
    {"x":0.3618,
     "y":0.25618},
    {"x":0.36404,
     "y":0.29213},
    {"x":0.36404,
     "y":0.32809},
    {"x":0.36629,
     "y":0.36404},
    {"x":0.36854,
     "y":0.4},
    {"x":0.37079,
     "y":0.43596},
    {"x":0.37528,
     "y":0.47191},
    {"x":0.37528,
     "y":0.48539}],
 "triangles":[
    {"p1":47,
     "p2":48,
     "p3":49},
    {"p1":19,
     "p2":20,
     "p3":21},
    {"p1":86,
     "p2":87,
     "p3":88},
    {"p1":19,
     "p2":21,
     "p3":22},
    {"p1":18,
     "p2":19,
     "p3":22},
    {"p1":76,
     "p2":92,
     "p3":93},
    {"p1":80,
     "p2":81,
     "p3":84},
    {"p1":79,
     "p2":80,
     "p3":84},
    {"p1":75,
     "p2":94,
     "p3":95},
    {"p1":75,
     "p2":76,
     "p3":93},
    {"p1":75,
     "p2":93,
     "p3":94},
    {"p1":71,
     "p2":97,
     "p3":98},
    {"p1":40,
     "p2":63,
     "p3":64},
    {"p1":13,
     "p2":14,
     "p3":15},
    {"p1":11,
     "p2":12,
     "p3":24},
    {"p1":12,
     "p2":16,
     "p3":24},
    {"p1":12,
     "p2":15,
     "p3":16},
    {"p1":12,
     "p2":13,
     "p3":15},
    {"p1":77,
     "p2":78,
     "p3":91},
    {"p1":77,
     "p2":91,
     "p3":92},
    {"p1":76,
     "p2":77,
     "p3":92},
    {"p1":78,
     "p2":79,
     "p3":85},
    {"p1":79,
     "p2":84,
     "p3":85},
    {"p1":85,
     "p2":86,
     "p3":88},
    {"p1":81,
     "p2":82,
     "p3":83},
    {"p1":81,
     "p2":83,
     "p3":84},
    {"p1":73,
     "p2":74,
     "p3":95},
    {"p1":74,
     "p2":75,
     "p3":95},
    {"p1":73,
     "p2":95,
     "p3":96},
    {"p1":71,
     "p2":72,
     "p3":97},
    {"p1":72,
     "p2":73,
     "p3":96},
    {"p1":72,
     "p2":96,
     "p3":97},
    {"p1":70,
     "p2":71,
     "p3":98},
    {"p1":69,
     "p2":70,
     "p3":100},
    {"p1":57,
     "p2":58,
     "p3":59},
    {"p1":40,
     "p2":62,
     "p3":63},
    {"p1":38,
     "p2":64,
     "p3":65},
    {"p1":5,
     "p2":6,
     "p3":28},
    {"p1":5,
     "p2":28,
     "p3":29},
    {"p1":1,
     "p2":2,
     "p3":67},
    {"p1":11,
     "p2":24,
     "p3":25},
    {"p1":11,
     "p2":25,
     "p3":26},
    {"p1":10,
     "p2":11,
     "p3":26},
    {"p1":9,
     "p2":10,
     "p3":26},
    {"p1":8,
     "p2":9,
     "p3":27},
    {"p1":9,
     "p2":26,
     "p3":27},
    {"p1":6,
     "p2":27,
     "p3":28},
    {"p1":78,
     "p2":90,
     "p3":91},
    {"p1":78,
     "p2":85,
     "p3":90},
    {"p1":70,
     "p2":98,
     "p3":99},
    {"p1":70,
     "p2":99,
     "p3":100},
    {"p1":42,
     "p2":60,
     "p3":61},
    {"p1":44,
     "p2":52,
     "p3":57},
    {"p1":45,
     "p2":51,
     "p3":52},
    {"p1":44,
     "p2":45,
     "p3":52},
    {"p1":1,
     "p2":67,
     "p3":68},
    {"p1":0,
     "p2":1,
     "p3":68},
    {"p1":68,
     "p2":69,
     "p3":100},
    {"p1":0,
     "p2":68,
     "p3":100},
    {"p1":45,
     "p2":50,
     "p3":51},
    {"p1":3,
     "p2":34,
     "p3":65},
    {"p1":39,
     "p2":40,
     "p3":64},
    {"p1":38,
     "p2":39,
     "p3":64},
    {"p1":36,
     "p2":37,
     "p3":65},
    {"p1":37,
     "p2":38,
     "p3":65},
    {"p1":16,
     "p2":23,
     "p3":24},
    {"p1":16,
     "p2":17,
     "p3":23},
    {"p1":18,
     "p2":22,
     "p3":23},
    {"p1":17,
     "p2":18,
     "p3":23},
    {"p1":7,
     "p2":8,
     "p3":27},
    {"p1":6,
     "p2":7,
     "p3":27},
    {"p1":4,
     "p2":30,
     "p3":31},
    {"p1":4,
     "p2":29,
     "p3":30},
    {"p1":4,
     "p2":5,
     "p3":29},
    {"p1":4,
     "p2":31,
     "p3":32},
    {"p1":2,
     "p2":66,
     "p3":67},
    {"p1":2,
     "p2":3,
     "p3":66},
    {"p1":3,
     "p2":65,
     "p3":66},
    {"p1":85,
     "p2":88,
     "p3":89},
    {"p1":85,
     "p2":89,
     "p3":90},
    {"p1":40,
     "p2":41,
     "p3":62},
    {"p1":41,
     "p2":61,
     "p3":62},
    {"p1":41,
     "p2":42,
     "p3":61},
    {"p1":43,
     "p2":59,
     "p3":60},
    {"p1":42,
     "p2":43,
     "p3":60},
    {"p1":43,
     "p2":57,
     "p3":59},
    {"p1":43,
     "p2":44,
     "p3":57},
    {"p1":52,
     "p2":56,
     "p3":57},
    {"p1":54,
     "p2":55,
     "p3":56},
    {"p1":53,
     "p2":54,
     "p3":56},
    {"p1":52,
     "p2":53,
     "p3":56},
    {"p1":45,
     "p2":46,
     "p3":50},
    {"p1":46,
     "p2":47,
     "p3":49},
    {"p1":46,
     "p2":49,
     "p3":50},
    {"p1":35,
     "p2":36,
     "p3":65},
    {"p1":34,
     "p2":35,
     "p3":65},
    {"p1":3,
     "p2":33,
     "p3":34},
    {"p1":3,
     "p2":4,
     "p3":33},
    {"p1":4,
     "p2":32,
     "p3":33}]
}