{"points":[
    {"x":0.40449,
     "y":0.49213},
    {"x":0.41798,
     "y":0.52584},
    {"x":0.42697,
     "y":0.55955},
    {"x":0.42697,
     "y":0.59326},
    {"x":0.41348,
     "y":0.62697},
    {"x":0.38427,
     "y":0.65618},
    {"x":0.35056,
     "y":0.67416},
    {"x":0.31685,
     "y":0.68764},
    {"x":0.28315,
     "y":0.69663},
    {"x":0.24944,
     "y":0.69888},
    {"x":0.21573,
     "y":0.69888},
    {"x":0.18202,
     "y":0.69663},
    {"x":0.14831,
     "y":0.69213},
    {"x":0.11461,
     "y":0.68315},
    {"x":0.080899,
     "y":0.67191},
    {"x":0.047191,
     "y":0.65843},
    {"x":0.013483,
     "y":0.64045},
    {"x":0.0044944,
     "y":0.66067},
    {"x":0.0044944,
     "y":0.69438},
    {"x":0.0044944,
     "y":0.72809},
    {"x":0.0022472,
     "y":0.7618},
    {"x":0.0022472,
     "y":0.79551},
    {"x":0,
     "y":0.82921},
    {"x":0,
     "y":0.86292},
    {"x":0.026966,
     "y":0.86517},
    {"x":0.060674,
     "y":0.86067},
    {"x":0.094382,
     "y":0.85618},
    {"x":0.12809,
     "y":0.85393},
    {"x":0.1618,
     "y":0.85393},
    {"x":0.19551,
     "y":0.85169},
    {"x":0.22921,
     "y":0.84944},
    {"x":0.26292,
     "y":0.84719},
    {"x":0.29663,
     "y":0.84494},
    {"x":0.33034,
     "y":0.8427},
    {"x":0.36404,
     "y":0.8382},
    {"x":0.39775,
     "y":0.83146},
    {"x":0.43146,
     "y":0.82697},
    {"x":0.46517,
     "y":0.82022},
    {"x":0.49888,
     "y":0.81348},
    {"x":0.53258,
     "y":0.80674},
    {"x":0.56629,
     "y":0.79775},
    {"x":0.6,
     "y":0.79326},
    {"x":0.63371,
     "y":0.78876},
    {"x":0.66742,
     "y":0.78652},
    {"x":0.70112,
     "y":0.78652},
    {"x":0.73483,
     "y":0.79101},
    {"x":0.76854,
     "y":0.79775},
    {"x":0.80225,
     "y":0.80899},
    {"x":0.83371,
     "y":0.82022},
    {"x":0.86742,
     "y":0.83146},
    {"x":0.90112,
     "y":0.8427},
    {"x":0.93483,
     "y":0.85393},
    {"x":0.96854,
     "y":0.86517},
    {"x":0.99775,
     "y":0.86517},
    {"x":0.99775,
     "y":0.83146},
    {"x":0.99775,
     "y":0.79775},
    {"x":1,
     "y":0.76404},
    {"x":1,
     "y":0.73034},
    {"x":1,
     "y":0.69663},
    {"x":1,
     "y":0.66292},
    {"x":1,
     "y":0.62921},
    {"x":0.98876,
     "y":0.61124},
    {"x":0.95506,
     "y":0.61798},
    {"x":0.92135,
     "y":0.62022},
    {"x":0.88764,
     "y":0.61348},
    {"x":0.85393,
     "y":0.60449},
    {"x":0.82022,
     "y":0.58876},
    {"x":0.78652,
     "y":0.56854},
    {"x":0.75281,
     "y":0.54607},
    {"x":0.7191,
     "y":0.52584},
    {"x":0.68539,
     "y":0.50337},
    {"x":0.65169,
     "y":0.4764},
    {"x":0.61798,
     "y":0.44944},
    {"x":0.58427,
     "y":0.42472},
    {"x":0.55056,
     "y":0.39551},
    {"x":0.5236,
     "y":0.36854},
    {"x":0.50562,
     "y":0.33483},
    {"x":0.49663,
     "y":0.30112},
    {"x":0.49438,
     "y":0.26742},
    {"x":0.49888,
     "y":0.23371},
    {"x":0.50562,
     "y":0.2},
    {"x":0.51461,
     "y":0.16629},
    {"x":0.52809,
     "y":0.13258},
    {"x":0.54382,
     "y":0.098876},
    {"x":0.55955,
     "y":0.065169},
    {"x":0.57528,
     "y":0.031461},
    {"x":0.58652,
     "y":0},
    {"x":0.55281,
     "y":0.0022472},
    {"x":0.5191,
     "y":0.0022472},
    {"x":0.48539,
     "y":0.0044944},
    {"x":0.45169,
     "y":0.0044944},
    {"x":0.41798,
     "y":0.0067416},
    {"x":0.39775,
     "y":0.022472},
    {"x":0.39326,
     "y":0.05618},
    {"x":0.38652,
     "y":0.089888},
    {"x":0.38202,
     "y":0.1236},
    {"x":0.37528,
     "y":0.1573},
    {"x":0.37079,
     "y":0.19101},
    {"x":0.36629,
     "y":0.22472},
    {"x":0.36629,
     "y":0.25843},
    {"x":0.36404,
     "y":0.29213},
    {"x":0.36404,
     "y":0.32584},
    {"x":0.36854,
     "y":0.35955},
    {"x":0.37303,
     "y":0.39326},
    {"x":0.37978,
     "y":0.42697},
    {"x":0.39101,
     "y":0.46067},
    {"x":0.40449,
     "y":0.49213}],
 "triangles":[
    {"p1":50,
     "p2":55,
     "p3":56},
    {"p1":22,
     "p2":23,
     "p3":24},
    {"p1":4,
     "p2":38,
     "p3":39},
    {"p1":5,
     "p2":37,
     "p3":38},
    {"p1":4,
     "p2":5,
     "p3":38},
    {"p1":78,
     "p2":99,
     "p3":100},
    {"p1":83,
     "p2":84,
     "p3":89},
    {"p1":84,
     "p2":88,
     "p3":89},
    {"p1":76,
     "p2":102,
     "p3":103},
    {"p1":75,
     "p2":76,
     "p3":103},
    {"p1":81,
     "p2":95,
     "p3":96},
    {"p1":2,
     "p2":72,
     "p3":73},
    {"p1":1,
     "p2":2,
     "p3":73},
    {"p1":14,
     "p2":15,
     "p3":18},
    {"p1":50,
     "p2":51,
     "p3":55},
    {"p1":44,
     "p2":67,
     "p3":68},
    {"p1":46,
     "p2":65,
     "p3":66},
    {"p1":42,
     "p2":69,
     "p3":70},
    {"p1":41,
     "p2":42,
     "p3":70},
    {"p1":48,
     "p2":63,
     "p3":64},
    {"p1":4,
     "p2":39,
     "p3":40},
    {"p1":3,
     "p2":41,
     "p3":70},
    {"p1":3,
     "p2":4,
     "p3":40},
    {"p1":3,
     "p2":40,
     "p3":41},
    {"p1":85,
     "p2":86,
     "p3":87},
    {"p1":84,
     "p2":85,
     "p3":87},
    {"p1":84,
     "p2":87,
     "p3":88},
    {"p1":83,
     "p2":89,
     "p3":90},
    {"p1":83,
     "p2":90,
     "p3":93},
    {"p1":90,
     "p2":91,
     "p3":93},
    {"p1":91,
     "p2":92,
     "p3":93},
    {"p1":3,
     "p2":70,
     "p3":71},
    {"p1":2,
     "p2":71,
     "p3":72},
    {"p1":2,
     "p2":3,
     "p3":71},
    {"p1":75,
     "p2":104,
     "p3":105},
    {"p1":75,
     "p2":103,
     "p3":104},
    {"p1":10,
     "p2":11,
     "p3":29},
    {"p1":82,
     "p2":83,
     "p3":93},
    {"p1":82,
     "p2":93,
     "p3":94},
    {"p1":82,
     "p2":94,
     "p3":95},
    {"p1":81,
     "p2":82,
     "p3":95},
    {"p1":74,
     "p2":75,
     "p3":105},
    {"p1":0,
     "p2":74,
     "p3":105},
    {"p1":1,
     "p2":73,
     "p3":74},
    {"p1":0,
     "p2":1,
     "p3":74},
    {"p1":15,
     "p2":16,
     "p3":17},
    {"p1":15,
     "p2":17,
     "p3":18},
    {"p1":14,
     "p2":18,
     "p3":19},
    {"p1":13,
     "p2":14,
     "p3":19},
    {"p1":13,
     "p2":19,
     "p3":20},
    {"p1":7,
     "p2":33,
     "p3":34},
    {"p1":6,
     "p2":7,
     "p3":34},
    {"p1":51,
     "p2":54,
     "p3":55},
    {"p1":51,
     "p2":52,
     "p3":54},
    {"p1":52,
     "p2":53,
     "p3":54},
    {"p1":45,
     "p2":46,
     "p3":66},
    {"p1":44,
     "p2":45,
     "p3":67},
    {"p1":45,
     "p2":66,
     "p3":67},
    {"p1":60,
     "p2":61,
     "p3":62},
    {"p1":59,
     "p2":60,
     "p3":62},
    {"p1":59,
     "p2":62,
     "p3":63},
    {"p1":57,
     "p2":58,
     "p3":63},
    {"p1":58,
     "p2":59,
     "p3":63},
    {"p1":49,
     "p2":56,
     "p3":57},
    {"p1":49,
     "p2":50,
     "p3":56},
    {"p1":49,
     "p2":57,
     "p3":63},
    {"p1":48,
     "p2":49,
     "p3":63},
    {"p1":46,
     "p2":47,
     "p3":65},
    {"p1":47,
     "p2":64,
     "p3":65},
    {"p1":47,
     "p2":48,
     "p3":64},
    {"p1":76,
     "p2":77,
     "p3":102},
    {"p1":77,
     "p2":101,
     "p3":102},
    {"p1":77,
     "p2":78,
     "p3":100},
    {"p1":77,
     "p2":100,
     "p3":101},
    {"p1":7,
     "p2":8,
     "p3":33},
    {"p1":8,
     "p2":32,
     "p3":33},
    {"p1":8,
     "p2":31,
     "p3":32},
    {"p1":8,
     "p2":9,
     "p3":31},
    {"p1":10,
     "p2":29,
     "p3":30},
    {"p1":9,
     "p2":10,
     "p3":30},
    {"p1":9,
     "p2":30,
     "p3":31},
    {"p1":79,
     "p2":97,
     "p3":98},
    {"p1":78,
     "p2":79,
     "p3":99},
    {"p1":79,
     "p2":98,
     "p3":99},
    {"p1":6,
     "p2":34,
     "p3":35},
    {"p1":42,
     "p2":43,
     "p3":69},
    {"p1":43,
     "p2":68,
     "p3":69},
    {"p1":43,
     "p2":44,
     "p3":68},
    {"p1":11,
     "p2":28,
     "p3":29},
    {"p1":11,
     "p2":12,
     "p3":28},
    {"p1":79,
     "p2":80,
     "p3":97},
    {"p1":80,
     "p2":96,
     "p3":97},
    {"p1":80,
     "p2":81,
     "p3":96},
    {"p1":5,
     "p2":36,
     "p3":37},
    {"p1":5,
     "p2":6,
     "p3":36},
    {"p1":6,
     "p2":35,
     "p3":36},
    {"p1":21,
     "p2":22,
     "p3":25},
    {"p1":22,
     "p2":24,
     "p3":25},
    {"p1":12,
     "p2":13,
     "p3":27},
    {"p1":12,
     "p2":27,
     "p3":28},
    {"p1":13,
     "p2":20,
     "p3":26},
    {"p1":13,
     "p2":26,
     "p3":27},
    {"p1":20,
     "p2":21,
     "p3":26},
    {"p1":21,
     "p2":25,
     "p3":26}]
}