{"points":[
    {"x":0.014354,
     "y":0.45215},
    {"x":0,
     "y":0.51914},
    {"x":0.026316,
     "y":0.5622},
    {"x":0.093301,
     "y":0.55502},
    {"x":0.15311,
     "y":0.55742},
    {"x":0.2201,
     "y":0.55981},
    {"x":0.2799,
     "y":0.55742},
    {"x":0.33254,
     "y":0.56699},
    {"x":0.30383,
     "y":0.59569},
    {"x":0.27033,
     "y":0.63876},
    {"x":0.21531,
     "y":0.69856},
    {"x":0.1555,
     "y":0.7512},
    {"x":0.10287,
     "y":0.79904},
    {"x":0.14593,
     "y":0.83732},
    {"x":0.19139,
     "y":0.88517},
    {"x":0.2512,
     "y":0.83971},
    {"x":0.29904,
     "y":0.78947},
    {"x":0.34689,
     "y":0.73923},
    {"x":0.40431,
     "y":0.67703},
    {"x":0.43301,
     "y":0.689},
    {"x":0.44737,
     "y":0.74163},
    {"x":0.43301,
     "y":0.80861},
    {"x":0.44976,
     "y":0.86124},
    {"x":0.43301,
     "y":0.92823},
    {"x":0.44976,
     "y":0.98086},
    {"x":0.49522,
     "y":1},
    {"x":0.55502,
     "y":0.98565},
    {"x":0.55981,
     "y":0.91866},
    {"x":0.55502,
     "y":0.86364},
    {"x":0.5622,
     "y":0.79665},
    {"x":0.55502,
     "y":0.74163},
    {"x":0.56459,
     "y":0.67464},
    {"x":0.57895,
     "y":0.67943},
    {"x":0.6244,
     "y":0.69856},
    {"x":0.6555,
     "y":0.73684},
    {"x":0.67943,
     "y":0.76794},
    {"x":0.7177,
     "y":0.80144},
    {"x":0.76794,
     "y":0.84928},
    {"x":0.79665,
     "y":0.89234},
    {"x":0.86124,
     "y":0.83493},
    {"x":0.8756,
     "y":0.78469},
    {"x":0.82057,
     "y":0.73445},
    {"x":0.76794,
     "y":0.68182},
    {"x":0.7201,
     "y":0.62679},
    {"x":0.66746,
     "y":0.57416},
    {"x":0.71053,
     "y":0.55981},
    {"x":0.77751,
     "y":0.5622},
    {"x":0.83732,
     "y":0.55742},
    {"x":0.90431,
     "y":0.55981},
    {"x":0.96411,
     "y":0.5622},
    {"x":0.98804,
     "y":0.51435},
    {"x":0.98565,
     "y":0.45933},
    {"x":0.95215,
     "y":0.43541},
    {"x":0.90431,
     "y":0.43301},
    {"x":0.83732,
     "y":0.43541},
    {"x":0.78708,
     "y":0.43301},
    {"x":0.7201,
     "y":0.43541},
    {"x":0.67225,
     "y":0.4378},
    {"x":0.69139,
     "y":0.39952},
    {"x":0.73445,
     "y":0.33732},
    {"x":0.78469,
     "y":0.28469},
    {"x":0.83732,
     "y":0.24163},
    {"x":0.88278,
     "y":0.18421},
    {"x":0.83014,
     "y":0.12679},
    {"x":0.79904,
     "y":0.10287},
    {"x":0.7488,
     "y":0.15789},
    {"x":0.69617,
     "y":0.20813},
    {"x":0.64115,
     "y":0.26077},
    {"x":0.57895,
     "y":0.31579},
    {"x":0.56459,
     "y":0.29426},
    {"x":0.56459,
     "y":0.23445},
    {"x":0.5622,
     "y":0.17703},
    {"x":0.56699,
     "y":0.11244},
    {"x":0.55742,
     "y":0.057416},
    {"x":0.55263,
     "y":0.0047847},
    {"x":0.49282,
     "y":0},
    {"x":0.43541,
     "y":0.014354},
    {"x":0.43541,
     "y":0.066986},
    {"x":0.43541,
     "y":0.13397},
    {"x":0.43541,
     "y":0.1866},
    {"x":0.43541,
     "y":0.25359},
    {"x":0.4378,
     "y":0.30622},
    {"x":0.40191,
     "y":0.30383},
    {"x":0.34211,
     "y":0.24402},
    {"x":0.29426,
     "y":0.19139},
    {"x":0.23923,
     "y":0.13876},
    {"x":0.1866,
     "y":0.10526},
    {"x":0.13636,
     "y":0.16029},
    {"x":0.11722,
     "y":0.20096},
    {"x":0.16268,
     "y":0.22488},
    {"x":0.18421,
     "y":0.27033},
    {"x":0.20813,
     "y":0.30144},
    {"x":0.25598,
     "y":0.33254},
    {"x":0.29665,
     "y":0.38038},
    {"x":0.33493,
     "y":0.41148},
    {"x":0.32775,
     "y":0.43301},
    {"x":0.26077,
     "y":0.4378},
    {"x":0.21292,
     "y":0.42823},
    {"x":0.14593,
     "y":0.44019},
    {"x":0.095694,
     "y":0.42823},
    {"x":0.028708,
     "y":0.44019},
    {"x":0.014354,
     "y":0.45215}],
 "triangles":[
    {"p1":11,
     "p2":12,
     "p3":13},
    {"p1":85,
     "p2":86,
     "p3":87},
    {"p1":61,
     "p2":62,
     "p3":63},
    {"p1":61,
     "p2":63,
     "p3":65},
    {"p1":4,
     "p2":5,
     "p3":98},
    {"p1":13,
     "p2":14,
     "p3":15},
    {"p1":11,
     "p2":13,
     "p3":15},
    {"p1":23,
     "p2":25,
     "p3":27},
    {"p1":23,
     "p2":24,
     "p3":25},
    {"p1":39,
     "p2":40,
     "p3":41},
    {"p1":63,
     "p2":64,
     "p3":65},
    {"p1":75,
     "p2":76,
     "p3":77},
    {"p1":71,
     "p2":78,
     "p3":79},
    {"p1":84,
     "p2":85,
     "p3":89},
    {"p1":87,
     "p2":88,
     "p3":89},
    {"p1":85,
     "p2":87,
     "p3":89},
    {"p1":5,
     "p2":6,
     "p3":96},
    {"p1":6,
     "p2":7,
     "p3":95},
    {"p1":6,
     "p2":95,
     "p3":96},
    {"p1":5,
     "p2":97,
     "p3":98},
    {"p1":5,
     "p2":96,
     "p3":97},
    {"p1":25,
     "p2":26,
     "p3":27},
    {"p1":7,
     "p2":18,
     "p3":19},
    {"p1":10,
     "p2":16,
     "p3":17},
    {"p1":10,
     "p2":15,
     "p3":16},
    {"p1":10,
     "p2":11,
     "p3":15},
    {"p1":7,
     "p2":19,
     "p3":31},
    {"p1":7,
     "p2":31,
     "p3":44},
    {"p1":36,
     "p2":41,
     "p3":42},
    {"p1":3,
     "p2":4,
     "p3":98},
    {"p1":1,
     "p2":2,
     "p3":3},
    {"p1":0,
     "p2":1,
     "p3":3},
    {"p1":0,
     "p2":3,
     "p3":100},
    {"p1":72,
     "p2":77,
     "p3":78},
    {"p1":71,
     "p2":72,
     "p3":78},
    {"p1":70,
     "p2":71,
     "p3":79},
    {"p1":84,
     "p2":90,
     "p3":91},
    {"p1":84,
     "p2":89,
     "p3":90},
    {"p1":70,
     "p2":79,
     "p3":80},
    {"p1":82,
     "p2":83,
     "p3":93},
    {"p1":37,
     "p2":38,
     "p3":39},
    {"p1":37,
     "p2":39,
     "p3":41},
    {"p1":36,
     "p2":37,
     "p3":41},
    {"p1":34,
     "p2":35,
     "p3":42},
    {"p1":35,
     "p2":36,
     "p3":42},
    {"p1":9,
     "p2":10,
     "p3":17},
    {"p1":9,
     "p2":17,
     "p3":18},
    {"p1":50,
     "p2":52,
     "p3":53},
    {"p1":58,
     "p2":67,
     "p3":68},
    {"p1":73,
     "p2":75,
     "p3":77},
    {"p1":72,
     "p2":73,
     "p3":77},
    {"p1":73,
     "p2":74,
     "p3":75},
    {"p1":3,
     "p2":98,
     "p3":99},
    {"p1":3,
     "p2":99,
     "p3":100},
    {"p1":69,
     "p2":70,
     "p3":80},
    {"p1":83,
     "p2":92,
     "p3":93},
    {"p1":84,
     "p2":91,
     "p3":92},
    {"p1":83,
     "p2":84,
     "p3":92},
    {"p1":82,
     "p2":93,
     "p3":94},
    {"p1":20,
     "p2":21,
     "p3":29},
    {"p1":19,
     "p2":20,
     "p3":31},
    {"p1":22,
     "p2":28,
     "p3":29},
    {"p1":21,
     "p2":22,
     "p3":29},
    {"p1":22,
     "p2":23,
     "p3":27},
    {"p1":22,
     "p2":27,
     "p3":28},
    {"p1":7,
     "p2":8,
     "p3":18},
    {"p1":8,
     "p2":9,
     "p3":18},
    {"p1":31,
     "p2":32,
     "p3":44},
    {"p1":32,
     "p2":33,
     "p3":44},
    {"p1":33,
     "p2":43,
     "p3":44},
    {"p1":34,
     "p2":42,
     "p3":43},
    {"p1":33,
     "p2":34,
     "p3":43},
    {"p1":50,
     "p2":51,
     "p3":52},
    {"p1":60,
     "p2":61,
     "p3":65},
    {"p1":60,
     "p2":65,
     "p3":66},
    {"p1":45,
     "p2":46,
     "p3":56},
    {"p1":44,
     "p2":45,
     "p3":57},
    {"p1":45,
     "p2":56,
     "p3":57},
    {"p1":57,
     "p2":58,
     "p3":68},
    {"p1":57,
     "p2":68,
     "p3":94},
    {"p1":57,
     "p2":94,
     "p3":95},
    {"p1":7,
     "p2":44,
     "p3":57},
    {"p1":7,
     "p2":57,
     "p3":95},
    {"p1":69,
     "p2":80,
     "p3":81},
    {"p1":68,
     "p2":69,
     "p3":81},
    {"p1":68,
     "p2":81,
     "p3":94},
    {"p1":81,
     "p2":82,
     "p3":94},
    {"p1":20,
     "p2":29,
     "p3":30},
    {"p1":20,
     "p2":30,
     "p3":31},
    {"p1":58,
     "p2":59,
     "p3":67},
    {"p1":59,
     "p2":66,
     "p3":67},
    {"p1":59,
     "p2":60,
     "p3":66},
    {"p1":48,
     "p2":50,
     "p3":53},
    {"p1":48,
     "p2":49,
     "p3":50},
    {"p1":46,
     "p2":55,
     "p3":56},
    {"p1":46,
     "p2":47,
     "p3":55},
    {"p1":47,
     "p2":54,
     "p3":55},
    {"p1":47,
     "p2":48,
     "p3":53},
    {"p1":47,
     "p2":53,
     "p3":54}]
}