{"points":[
    {"x":0.31466,
     "y":0.40086},
    {"x":0.32974,
     "y":0.44612},
    {"x":0.37284,
     "y":0.48276},
    {"x":0.36638,
     "y":0.51293},
    {"x":0.32759,
     "y":0.52155},
    {"x":0.35129,
     "y":0.56466},
    {"x":0.39655,
     "y":0.59052},
    {"x":0.39871,
     "y":0.62716},
    {"x":0.35991,
     "y":0.63793},
    {"x":0.39009,
     "y":0.67888},
    {"x":0.43103,
     "y":0.70043},
    {"x":0.40948,
     "y":0.72845},
    {"x":0.44828,
     "y":0.76293},
    {"x":0.45043,
     "y":0.79957},
    {"x":0.48707,
     "y":0.82112},
    {"x":0.51293,
     "y":0.85991},
    {"x":0.54526,
     "y":0.90517},
    {"x":0.57328,
     "y":0.95043},
    {"x":0.61638,
     "y":0.98707},
    {"x":0.66164,
     "y":1},
    {"x":0.7069,
     "y":0.97845},
    {"x":0.74353,
     "y":0.9569},
    {"x":0.76293,
     "y":0.91379},
    {"x":0.72198,
     "y":0.89655},
    {"x":0.69181,
     "y":0.875},
    {"x":0.71983,
     "y":0.84052},
    {"x":0.68534,
     "y":0.8319},
    {"x":0.6444,
     "y":0.82759},
    {"x":0.625,
     "y":0.78233},
    {"x":0.61638,
     "y":0.73707},
    {"x":0.66164,
     "y":0.76293},
    {"x":0.7069,
     "y":0.75216},
    {"x":0.71552,
     "y":0.7069},
    {"x":0.70474,
     "y":0.68534},
    {"x":0.66164,
     "y":0.67888},
    {"x":0.63362,
     "y":0.65948},
    {"x":0.63362,
     "y":0.61422},
    {"x":0.64009,
     "y":0.56897},
    {"x":0.67457,
     "y":0.53233},
    {"x":0.71983,
     "y":0.51078},
    {"x":0.75647,
     "y":0.5},
    {"x":0.78448,
     "y":0.47198},
    {"x":0.78017,
     "y":0.43103},
    {"x":0.76293,
     "y":0.40086},
    {"x":0.71983,
     "y":0.43966},
    {"x":0.67457,
     "y":0.46336},
    {"x":0.62931,
     "y":0.48491},
    {"x":0.625,
     "y":0.45043},
    {"x":0.64871,
     "y":0.40517},
    {"x":0.66164,
     "y":0.35991},
    {"x":0.66595,
     "y":0.31466},
    {"x":0.66379,
     "y":0.2694},
    {"x":0.68319,
     "y":0.22845},
    {"x":0.66379,
     "y":0.18319},
    {"x":0.66164,
     "y":0.13793},
    {"x":0.67026,
     "y":0.1056},
    {"x":0.71552,
     "y":0.079741},
    {"x":0.72629,
     "y":0.036638},
    {"x":0.68103,
     "y":0.023707},
    {"x":0.63578,
     "y":0.017241},
    {"x":0.59052,
     "y":0.019397},
    {"x":0.55172,
     "y":0.043103},
    {"x":0.55603,
     "y":0.088362},
    {"x":0.55172,
     "y":0.13362},
    {"x":0.52371,
     "y":0.17026},
    {"x":0.5,
     "y":0.20043},
    {"x":0.47414,
     "y":0.15948},
    {"x":0.45043,
     "y":0.11422},
    {"x":0.41595,
     "y":0.077586},
    {"x":0.37931,
     "y":0.043103},
    {"x":0.33621,
     "y":0.015086},
    {"x":0.29095,
     "y":0.0043103},
    {"x":0.24569,
     "y":0},
    {"x":0.20043,
     "y":0.017241},
    {"x":0.15733,
     "y":0.043103},
    {"x":0.125,
     "y":0.086207},
    {"x":0.10776,
     "y":0.13147},
    {"x":0.092672,
     "y":0.17672},
    {"x":0.081897,
     "y":0.22198},
    {"x":0.049569,
     "y":0.26078},
    {"x":0.0086207,
     "y":0.29095},
    {"x":0,
     "y":0.33621},
    {"x":0.043103,
     "y":0.34914},
    {"x":0.086207,
     "y":0.33405},
    {"x":0.11638,
     "y":0.30819},
    {"x":0.14655,
     "y":0.28879},
    {"x":0.16595,
     "y":0.25862},
    {"x":0.17888,
     "y":0.22414},
    {"x":0.20043,
     "y":0.1875},
    {"x":0.22198,
     "y":0.15086},
    {"x":0.25862,
     "y":0.12931},
    {"x":0.29095,
     "y":0.13578},
    {"x":0.32112,
     "y":0.15733},
    {"x":0.32974,
     "y":0.19397},
    {"x":0.34698,
     "y":0.22198},
    {"x":0.34914,
     "y":0.26293},
    {"x":0.37931,
     "y":0.30172},
    {"x":0.34483,
     "y":0.31466},
    {"x":0.3556,
     "y":0.35991},
    {"x":0.36638,
     "y":0.40086},
    {"x":0.32112,
     "y":0.39655},
    {"x":0.31466,
     "y":0.40086}],
 "triangles":[
    {"p1":29,
     "p2":30,
     "p3":34},
    {"p1":30,
     "p2":32,
     "p3":34},
    {"p1":30,
     "p2":31,
     "p3":32},
    {"p1":32,
     "p2":33,
     "p3":34},
    {"p1":78,
     "p2":86,
     "p3":87},
    {"p1":78,
     "p2":85,
     "p3":86},
    {"p1":78,
     "p2":84,
     "p3":85},
    {"p1":15,
     "p2":16,
     "p3":27},
    {"p1":16,
     "p2":17,
     "p3":27},
    {"p1":17,
     "p2":24,
     "p3":27},
    {"p1":10,
     "p2":12,
     "p3":29},
    {"p1":10,
     "p2":11,
     "p3":12},
    {"p1":67,
     "p2":92,
     "p3":93},
    {"p1":66,
     "p2":67,
     "p3":93},
    {"p1":66,
     "p2":93,
     "p3":94},
    {"p1":15,
     "p2":27,
     "p3":28},
    {"p1":51,
     "p2":53,
     "p3":64},
    {"p1":51,
     "p2":64,
     "p3":65},
    {"p1":50,
     "p2":51,
     "p3":65},
    {"p1":47,
     "p2":96,
     "p3":99},
    {"p1":96,
     "p2":98,
     "p3":99},
    {"p1":96,
     "p2":97,
     "p3":98},
    {"p1":77,
     "p2":78,
     "p3":87},
    {"p1":77,
     "p2":87,
     "p3":88},
    {"p1":76,
     "p2":77,
     "p3":88},
    {"p1":65,
     "p2":66,
     "p3":94},
    {"p1":65,
     "p2":94,
     "p3":96},
    {"p1":94,
     "p2":95,
     "p3":96},
    {"p1":48,
     "p2":65,
     "p3":96},
    {"p1":79,
     "p2":82,
     "p3":83},
    {"p1":79,
     "p2":80,
     "p3":82},
    {"p1":80,
     "p2":81,
     "p3":82},
    {"p1":12,
     "p2":14,
     "p3":29},
    {"p1":12,
     "p2":13,
     "p3":14},
    {"p1":14,
     "p2":28,
     "p3":29},
    {"p1":10,
     "p2":29,
     "p3":35},
    {"p1":6,
     "p2":7,
     "p3":36},
    {"p1":7,
     "p2":10,
     "p3":36},
    {"p1":7,
     "p2":9,
     "p3":10},
    {"p1":10,
     "p2":35,
     "p3":36},
    {"p1":19,
     "p2":20,
     "p3":24},
    {"p1":18,
     "p2":19,
     "p3":24},
    {"p1":17,
     "p2":18,
     "p3":24},
    {"p1":20,
     "p2":23,
     "p3":24},
    {"p1":24,
     "p2":26,
     "p3":27},
    {"p1":24,
     "p2":25,
     "p3":26},
    {"p1":72,
     "p2":73,
     "p3":90},
    {"p1":71,
     "p2":72,
     "p3":90},
    {"p1":71,
     "p2":90,
     "p3":91},
    {"p1":37,
     "p2":38,
     "p3":46},
    {"p1":38,
     "p2":45,
     "p3":46},
    {"p1":38,
     "p2":39,
     "p3":45},
    {"p1":53,
     "p2":63,
     "p3":64},
    {"p1":51,
     "p2":52,
     "p3":53},
    {"p1":39,
     "p2":44,
     "p3":45},
    {"p1":39,
     "p2":40,
     "p3":44},
    {"p1":40,
     "p2":41,
     "p3":44},
    {"p1":73,
     "p2":74,
     "p3":90},
    {"p1":74,
     "p2":89,
     "p3":90},
    {"p1":70,
     "p2":71,
     "p3":91},
    {"p1":69,
     "p2":70,
     "p3":91},
    {"p1":69,
     "p2":91,
     "p3":92},
    {"p1":68,
     "p2":69,
     "p3":92},
    {"p1":67,
     "p2":68,
     "p3":92},
    {"p1":74,
     "p2":75,
     "p3":89},
    {"p1":75,
     "p2":76,
     "p3":89},
    {"p1":76,
     "p2":88,
     "p3":89},
    {"p1":79,
     "p2":83,
     "p3":84},
    {"p1":78,
     "p2":79,
     "p3":84},
    {"p1":2,
     "p2":47,
     "p3":99},
    {"p1":2,
     "p2":46,
     "p3":47},
    {"p1":2,
     "p2":6,
     "p3":46},
    {"p1":1,
     "p2":99,
     "p3":100},
    {"p1":0,
     "p2":1,
     "p3":100},
    {"p1":47,
     "p2":48,
     "p3":96},
    {"p1":29,
     "p2":34,
     "p3":35},
    {"p1":6,
     "p2":36,
     "p3":37},
    {"p1":7,
     "p2":8,
     "p3":9},
    {"p1":6,
     "p2":37,
     "p3":46},
    {"p1":3,
     "p2":5,
     "p3":6},
    {"p1":2,
     "p2":3,
     "p3":6},
    {"p1":3,
     "p2":4,
     "p3":5},
    {"p1":1,
     "p2":2,
     "p3":99},
    {"p1":49,
     "p2":50,
     "p3":65},
    {"p1":48,
     "p2":49,
     "p3":65},
    {"p1":14,
     "p2":15,
     "p3":28},
    {"p1":20,
     "p2":21,
     "p3":23},
    {"p1":21,
     "p2":22,
     "p3":23},
    {"p1":41,
     "p2":42,
     "p3":44},
    {"p1":42,
     "p2":43,
     "p3":44},
    {"p1":53,
     "p2":54,
     "p3":63},
    {"p1":54,
     "p2":62,
     "p3":63},
    {"p1":54,
     "p2":55,
     "p3":62},
    {"p1":59,
     "p2":60,
     "p3":62},
    {"p1":60,
     "p2":61,
     "p3":62},
    {"p1":55,
     "p2":59,
     "p3":62},
    {"p1":55,
     "p2":58,
     "p3":59},
    {"p1":55,
     "p2":56,
     "p3":58},
    {"p1":56,
     "p2":57,
     "p3":58}]
}