{"points":[
    {"x":0.2214,
     "y":0.25461},
    {"x":0.20664,
     "y":0.28413},
    {"x":0.18819,
     "y":0.30996},
    {"x":0.16974,
     "y":0.30258},
    {"x":0.15129,
     "y":0.31734},
    {"x":0.13653,
     "y":0.33948},
    {"x":0.14391,
     "y":0.36162},
    {"x":0.12915,
     "y":0.39114},
    {"x":0.1107,
     "y":0.42066},
    {"x":0.077491,
     "y":0.43173},
    {"x":0.04797,
     "y":0.4428},
    {"x":0.01476,
     "y":0.46125},
    {"x":0,
     "y":0.49446},
    {"x":0.01845,
     "y":0.5203},
    {"x":0.051661,
     "y":0.53137},
    {"x":0.084871,
     "y":0.54244},
    {"x":0.11808,
     "y":0.5572},
    {"x":0.15129,
     "y":0.56827},
    {"x":0.1845,
     "y":0.56827},
    {"x":0.21771,
     "y":0.5572},
    {"x":0.25092,
     "y":0.53506},
    {"x":0.28044,
     "y":0.50923},
    {"x":0.30996,
     "y":0.48708},
    {"x":0.33948,
     "y":0.45756},
    {"x":0.37269,
     "y":0.44649},
    {"x":0.4059,
     "y":0.43911},
    {"x":0.43911,
     "y":0.43542},
    {"x":0.47232,
     "y":0.43911},
    {"x":0.50554,
     "y":0.4428},
    {"x":0.53875,
     "y":0.4428},
    {"x":0.57196,
     "y":0.4428},
    {"x":0.60517,
     "y":0.44649},
    {"x":0.63838,
     "y":0.45018},
    {"x":0.67159,
     "y":0.45018},
    {"x":0.7048,
     "y":0.4428},
    {"x":0.73801,
     "y":0.43173},
    {"x":0.77122,
     "y":0.42435},
    {"x":0.80443,
     "y":0.42435},
    {"x":0.83764,
     "y":0.42435},
    {"x":0.87085,
     "y":0.42066},
    {"x":0.90406,
     "y":0.4059},
    {"x":0.93727,
     "y":0.38745},
    {"x":0.97048,
     "y":0.37269},
    {"x":0.99631,
     "y":0.34686},
    {"x":1,
     "y":0.31365},
    {"x":0.97786,
     "y":0.28413},
    {"x":0.95203,
     "y":0.26568},
    {"x":0.91882,
     "y":0.26937},
    {"x":0.88561,
     "y":0.28413},
    {"x":0.86716,
     "y":0.31365},
    {"x":0.84502,
     "y":0.3321},
    {"x":0.82657,
     "y":0.35424},
    {"x":0.79336,
     "y":0.36531},
    {"x":0.80074,
     "y":0.3321},
    {"x":0.80074,
     "y":0.29889},
    {"x":0.80074,
     "y":0.26568},
    {"x":0.80443,
     "y":0.23247},
    {"x":0.81181,
     "y":0.20295},
    {"x":0.81919,
     "y":0.17343},
    {"x":0.81919,
     "y":0.14022},
    {"x":0.82657,
     "y":0.10701},
    {"x":0.82657,
     "y":0.073801},
    {"x":0.81181,
     "y":0.04059},
    {"x":0.79705,
     "y":0.01476},
    {"x":0.76753,
     "y":0.01845},
    {"x":0.76015,
     "y":0.051661},
    {"x":0.7786,
     "y":0.073801},
    {"x":0.77122,
     "y":0.10701},
    {"x":0.75646,
     "y":0.14022},
    {"x":0.72694,
     "y":0.16974},
    {"x":0.70111,
     "y":0.16974},
    {"x":0.69742,
     "y":0.13653},
    {"x":0.67897,
     "y":0.11808},
    {"x":0.6679,
     "y":0.084871},
    {"x":0.64945,
     "y":0.051661},
    {"x":0.62731,
     "y":0.02583},
    {"x":0.5941,
     "y":0.04059},
    {"x":0.58672,
     "y":0.062731},
    {"x":0.61993,
     "y":0.092251},
    {"x":0.62362,
     "y":0.12546},
    {"x":0.61255,
     "y":0.15867},
    {"x":0.5941,
     "y":0.19188},
    {"x":0.57565,
     "y":0.21771},
    {"x":0.54613,
     "y":0.21033},
    {"x":0.51661,
     "y":0.20295},
    {"x":0.49077,
     "y":0.20295},
    {"x":0.45756,
     "y":0.19557},
    {"x":0.42435,
     "y":0.19557},
    {"x":0.39483,
     "y":0.1845},
    {"x":0.37638,
     "y":0.17343},
    {"x":0.35793,
     "y":0.15129},
    {"x":0.35793,
     "y":0.11808},
    {"x":0.34686,
     "y":0.084871},
    {"x":0.34317,
     "y":0.051661},
    {"x":0.31734,
     "y":0.02952},
    {"x":0.29889,
     "y":0.00369},
    {"x":0.26568,
     "y":0},
    {"x":0.23247,
     "y":0.01107},
    {"x":0.20295,
     "y":0.02952},
    {"x":0.21771,
     "y":0.062731},
    {"x":0.22509,
     "y":0.095941},
    {"x":0.23247,
     "y":0.12915},
    {"x":0.23247,
     "y":0.16236},
    {"x":0.23616,
     "y":0.19557},
    {"x":0.22878,
     "y":0.22509},
    {"x":0.21771,
     "y":0.25092},
    {"x":0.2214,
     "y":0.25461}],
 "triangles":[
    {"p1":11,
     "p2":12,
     "p3":13},
    {"p1":97,
     "p2":98,
     "p3":99},
    {"p1":96,
     "p2":97,
     "p3":99},
    {"p1":43,
     "p2":44,
     "p3":45},
    {"p1":42,
     "p2":43,
     "p3":45},
    {"p1":11,
     "p2":13,
     "p3":14},
    {"p1":8,
     "p2":16,
     "p3":17},
    {"p1":8,
     "p2":15,
     "p3":16},
    {"p1":8,
     "p2":17,
     "p3":18},
    {"p1":1,
     "p2":2,
     "p3":23},
    {"p1":7,
     "p2":8,
     "p3":20},
    {"p1":2,
     "p2":22,
     "p3":23},
    {"p1":2,
     "p2":6,
     "p3":22},
    {"p1":55,
     "p2":69,
     "p3":70},
    {"p1":8,
     "p2":9,
     "p3":15},
    {"p1":9,
     "p2":14,
     "p3":15},
    {"p1":2,
     "p2":4,
     "p3":6},
    {"p1":4,
     "p2":5,
     "p3":6},
    {"p1":1,
     "p2":23,
     "p3":24},
    {"p1":6,
     "p2":7,
     "p3":21},
    {"p1":6,
     "p2":21,
     "p3":22},
    {"p1":7,
     "p2":20,
     "p3":21},
    {"p1":55,
     "p2":56,
     "p3":69},
    {"p1":60,
     "p2":61,
     "p3":66},
    {"p1":60,
     "p2":66,
     "p3":67},
    {"p1":61,
     "p2":62,
     "p3":66},
    {"p1":40,
     "p2":41,
     "p3":49},
    {"p1":42,
     "p2":45,
     "p3":47},
    {"p1":41,
     "p2":42,
     "p3":47},
    {"p1":34,
     "p2":52,
     "p3":53},
    {"p1":37,
     "p2":51,
     "p3":52},
    {"p1":39,
     "p2":40,
     "p3":51},
    {"p1":38,
     "p2":39,
     "p3":51},
    {"p1":37,
     "p2":38,
     "p3":51},
    {"p1":34,
     "p2":35,
     "p3":52},
    {"p1":8,
     "p2":19,
     "p3":20},
    {"p1":8,
     "p2":18,
     "p3":19},
    {"p1":10,
     "p2":11,
     "p3":14},
    {"p1":9,
     "p2":10,
     "p3":14},
    {"p1":24,
     "p2":25,
     "p3":88},
    {"p1":0,
     "p2":1,
     "p3":24},
    {"p1":0,
     "p2":24,
     "p3":88},
    {"p1":26,
     "p2":27,
     "p3":85},
    {"p1":27,
     "p2":28,
     "p3":85},
    {"p1":2,
     "p2":3,
     "p3":4},
    {"p1":76,
     "p2":77,
     "p3":78},
    {"p1":73,
     "p2":74,
     "p3":78},
    {"p1":74,
     "p2":75,
     "p3":76},
    {"p1":74,
     "p2":76,
     "p3":78},
    {"p1":56,
     "p2":57,
     "p3":69},
    {"p1":57,
     "p2":68,
     "p3":69},
    {"p1":57,
     "p2":58,
     "p3":68},
    {"p1":62,
     "p2":65,
     "p3":66},
    {"p1":58,
     "p2":59,
     "p3":68},
    {"p1":59,
     "p2":67,
     "p3":68},
    {"p1":59,
     "p2":60,
     "p3":67},
    {"p1":41,
     "p2":48,
     "p3":49},
    {"p1":41,
     "p2":47,
     "p3":48},
    {"p1":45,
     "p2":46,
     "p3":47},
    {"p1":34,
     "p2":53,
     "p3":54},
    {"p1":54,
     "p2":55,
     "p3":70},
    {"p1":40,
     "p2":49,
     "p3":50},
    {"p1":40,
     "p2":50,
     "p3":51},
    {"p1":36,
     "p2":37,
     "p3":52},
    {"p1":35,
     "p2":36,
     "p3":52},
    {"p1":25,
     "p2":26,
     "p3":87},
    {"p1":25,
     "p2":87,
     "p3":88},
    {"p1":28,
     "p2":29,
     "p3":83},
    {"p1":28,
     "p2":83,
     "p3":85},
    {"p1":90,
     "p2":102,
     "p3":103},
    {"p1":0,
     "p2":88,
     "p3":89},
    {"p1":0,
     "p2":89,
     "p3":104},
    {"p1":89,
     "p2":103,
     "p3":104},
    {"p1":89,
     "p2":90,
     "p3":103},
    {"p1":90,
     "p2":101,
     "p3":102},
    {"p1":0,
     "p2":104,
     "p3":105},
    {"p1":94,
     "p2":99,
     "p3":100},
    {"p1":94,
     "p2":96,
     "p3":99},
    {"p1":94,
     "p2":95,
     "p3":96},
    {"p1":70,
     "p2":80,
     "p3":81},
    {"p1":62,
     "p2":63,
     "p3":64},
    {"p1":62,
     "p2":64,
     "p3":65},
    {"p1":26,
     "p2":85,
     "p3":86},
    {"p1":26,
     "p2":86,
     "p3":87},
    {"p1":29,
     "p2":30,
     "p3":82},
    {"p1":29,
     "p2":82,
     "p3":83},
    {"p1":30,
     "p2":31,
     "p3":82},
    {"p1":31,
     "p2":32,
     "p3":82},
    {"p1":32,
     "p2":33,
     "p3":82},
    {"p1":33,
     "p2":34,
     "p3":82},
    {"p1":34,
     "p2":54,
     "p3":82},
    {"p1":70,
     "p2":81,
     "p3":82},
    {"p1":54,
     "p2":70,
     "p3":82},
    {"p1":83,
     "p2":84,
     "p3":85},
    {"p1":73,
     "p2":78,
     "p3":79},
    {"p1":90,
     "p2":91,
     "p3":101},
    {"p1":70,
     "p2":72,
     "p3":80},
    {"p1":72,
     "p2":79,
     "p3":80},
    {"p1":72,
     "p2":73,
     "p3":79},
    {"p1":92,
     "p2":100,
     "p3":101},
    {"p1":91,
     "p2":92,
     "p3":101},
    {"p1":92,
     "p2":93,
     "p3":94},
    {"p1":92,
     "p2":94,
     "p3":100},
    {"p1":70,
     "p2":71,
     "p3":72}]
}