{"points":[
    {"x":0.14634,
     "y":0.36585},
    {"x":0.14228,
     "y":0.39837},
    {"x":0.14228,
     "y":0.43089},
    {"x":0.13821,
     "y":0.46341},
    {"x":0.14634,
     "y":0.49593},
    {"x":0.1748,
     "y":0.49593},
    {"x":0.19919,
     "y":0.46748},
    {"x":0.23171,
     "y":0.45935},
    {"x":0.26423,
     "y":0.46341},
    {"x":0.29675,
     "y":0.46748},
    {"x":0.32927,
     "y":0.46748},
    {"x":0.36179,
     "y":0.46748},
    {"x":0.39431,
     "y":0.46748},
    {"x":0.42683,
     "y":0.47154},
    {"x":0.45935,
     "y":0.47561},
    {"x":0.49187,
     "y":0.48374},
    {"x":0.52439,
     "y":0.49187},
    {"x":0.55691,
     "y":0.50813},
    {"x":0.58943,
     "y":0.53659},
    {"x":0.62195,
     "y":0.56098},
    {"x":0.64228,
     "y":0.5935},
    {"x":0.65854,
     "y":0.62602},
    {"x":0.67073,
     "y":0.65854},
    {"x":0.69512,
     "y":0.68699},
    {"x":0.72358,
     "y":0.71138},
    {"x":0.75203,
     "y":0.73577},
    {"x":0.78455,
     "y":0.7439},
    {"x":0.81707,
     "y":0.73984},
    {"x":0.84959,
     "y":0.73171},
    {"x":0.88211,
     "y":0.71951},
    {"x":0.9065,
     "y":0.69106},
    {"x":0.93089,
     "y":0.6626},
    {"x":0.96341,
     "y":0.64228},
    {"x":0.99593,
     "y":0.62602},
    {"x":1,
     "y":0.5935},
    {"x":0.97967,
     "y":0.56098},
    {"x":0.94715,
     "y":0.55285},
    {"x":0.91463,
     "y":0.55285},
    {"x":0.88211,
     "y":0.55691},
    {"x":0.84959,
     "y":0.55285},
    {"x":0.82114,
     "y":0.52033},
    {"x":0.81301,
     "y":0.4878},
    {"x":0.80894,
     "y":0.45528},
    {"x":0.79675,
     "y":0.42276},
    {"x":0.79268,
     "y":0.39024},
    {"x":0.78455,
     "y":0.35772},
    {"x":0.78862,
     "y":0.3252},
    {"x":0.82114,
     "y":0.30081},
    {"x":0.83333,
     "y":0.27236},
    {"x":0.82114,
     "y":0.23984},
    {"x":0.81301,
     "y":0.20732},
    {"x":0.80081,
     "y":0.1748},
    {"x":0.77236,
     "y":0.15041},
    {"x":0.7561,
     "y":0.1748},
    {"x":0.7439,
     "y":0.20325},
    {"x":0.73984,
     "y":0.17073},
    {"x":0.75203,
     "y":0.13821},
    {"x":0.7561,
     "y":0.10569},
    {"x":0.76423,
     "y":0.073171},
    {"x":0.77236,
     "y":0.04065},
    {"x":0.79268,
     "y":0.012195},
    {"x":0.77642,
     "y":0},
    {"x":0.7439,
     "y":0.01626},
    {"x":0.73171,
     "y":0.036585},
    {"x":0.71951,
     "y":0.069106},
    {"x":0.70325,
     "y":0.10163},
    {"x":0.67886,
     "y":0.13415},
    {"x":0.65854,
     "y":0.16667},
    {"x":0.64634,
     "y":0.19919},
    {"x":0.61382,
     "y":0.21951},
    {"x":0.5813,
     "y":0.22358},
    {"x":0.54878,
     "y":0.22358},
    {"x":0.51626,
     "y":0.22358},
    {"x":0.48374,
     "y":0.22764},
    {"x":0.45122,
     "y":0.22764},
    {"x":0.4187,
     "y":0.22764},
    {"x":0.38618,
     "y":0.23171},
    {"x":0.35366,
     "y":0.23171},
    {"x":0.32114,
     "y":0.21138},
    {"x":0.30894,
     "y":0.17886},
    {"x":0.28862,
     "y":0.14634},
    {"x":0.27236,
     "y":0.11382},
    {"x":0.26423,
     "y":0.081301},
    {"x":0.26829,
     "y":0.04878},
    {"x":0.29268,
     "y":0.02439},
    {"x":0.26423,
     "y":0.012195},
    {"x":0.23577,
     "y":0.028455},
    {"x":0.20732,
     "y":0.052846},
    {"x":0.18699,
     "y":0.081301},
    {"x":0.20732,
     "y":0.11382},
    {"x":0.21545,
     "y":0.14634},
    {"x":0.18699,
     "y":0.12602},
    {"x":0.1626,
     "y":0.097561},
    {"x":0.13008,
     "y":0.085366},
    {"x":0.097561,
     "y":0.069106},
    {"x":0.065041,
     "y":0.056911},
    {"x":0.044715,
     "y":0.02439},
    {"x":0.02439,
     "y":0.0081301},
    {"x":0,
     "y":0.020325},
    {"x":0,
     "y":0.052846},
    {"x":0.012195,
     "y":0.081301},
    {"x":0.04065,
     "y":0.097561},
    {"x":0.073171,
     "y":0.11789},
    {"x":0.097561,
     "y":0.15041},
    {"x":0.10569,
     "y":0.18293},
    {"x":0.10976,
     "y":0.21545},
    {"x":0.11789,
     "y":0.24797},
    {"x":0.11789,
     "y":0.28049},
    {"x":0.11789,
     "y":0.31301},
    {"x":0.13821,
     "y":0.34553},
    {"x":0.14634,
     "y":0.36585}],
 "triangles":[
    {"p1":27,
     "p2":28,
     "p3":39},
    {"p1":11,
     "p2":76,
     "p3":77},
    {"p1":0,
     "p2":8,
     "p3":77},
    {"p1":3,
     "p2":4,
     "p3":5},
    {"p1":32,
     "p2":33,
     "p3":34},
    {"p1":28,
     "p2":29,
     "p3":30},
    {"p1":28,
     "p2":30,
     "p3":39},
    {"p1":83,
     "p2":84,
     "p3":85},
    {"p1":90,
     "p2":105,
     "p3":106},
    {"p1":90,
     "p2":104,
     "p3":105},
    {"p1":80,
     "p2":81,
     "p3":90},
    {"p1":0,
     "p2":77,
     "p3":78},
    {"p1":78,
     "p2":90,
     "p3":106},
    {"p1":8,
     "p2":9,
     "p3":77},
    {"p1":3,
     "p2":5,
     "p3":6},
    {"p1":59,
     "p2":62,
     "p3":63},
    {"p1":59,
     "p2":60,
     "p3":61},
    {"p1":59,
     "p2":61,
     "p3":62},
    {"p1":32,
     "p2":34,
     "p3":35},
    {"p1":45,
     "p2":46,
     "p3":69},
    {"p1":46,
     "p2":68,
     "p3":69},
    {"p1":17,
     "p2":69,
     "p3":70},
    {"p1":17,
     "p2":45,
     "p3":69},
    {"p1":17,
     "p2":18,
     "p3":44},
    {"p1":17,
     "p2":44,
     "p3":45},
    {"p1":11,
     "p2":12,
     "p3":76},
    {"p1":12,
     "p2":75,
     "p3":76},
    {"p1":12,
     "p2":13,
     "p3":75},
    {"p1":14,
     "p2":15,
     "p3":73},
    {"p1":13,
     "p2":74,
     "p3":75},
    {"p1":14,
     "p2":73,
     "p3":74},
    {"p1":13,
     "p2":14,
     "p3":74},
    {"p1":19,
     "p2":41,
     "p3":42},
    {"p1":19,
     "p2":42,
     "p3":43},
    {"p1":18,
     "p2":43,
     "p3":44},
    {"p1":18,
     "p2":19,
     "p3":43},
    {"p1":32,
     "p2":36,
     "p3":37},
    {"p1":32,
     "p2":35,
     "p3":36},
    {"p1":20,
     "p2":40,
     "p3":41},
    {"p1":19,
     "p2":20,
     "p3":41},
    {"p1":20,
     "p2":21,
     "p3":40},
    {"p1":21,
     "p2":39,
     "p3":40},
    {"p1":21,
     "p2":23,
     "p3":39},
    {"p1":31,
     "p2":32,
     "p3":37},
    {"p1":95,
     "p2":99,
     "p3":100},
    {"p1":90,
     "p2":91,
     "p3":104},
    {"p1":79,
     "p2":80,
     "p3":90},
    {"p1":78,
     "p2":79,
     "p3":90},
    {"p1":21,
     "p2":22,
     "p3":23},
    {"p1":0,
     "p2":7,
     "p3":8},
    {"p1":2,
     "p2":3,
     "p3":6},
    {"p1":0,
     "p2":78,
     "p3":109},
    {"p1":58,
     "p2":63,
     "p3":64},
    {"p1":58,
     "p2":59,
     "p3":63},
    {"p1":46,
     "p2":54,
     "p3":68},
    {"p1":50,
     "p2":51,
     "p3":54},
    {"p1":16,
     "p2":17,
     "p3":70},
    {"p1":16,
     "p2":70,
     "p3":71},
    {"p1":15,
     "p2":16,
     "p3":71},
    {"p1":15,
     "p2":72,
     "p3":73},
    {"p1":15,
     "p2":71,
     "p3":72},
    {"p1":23,
     "p2":24,
     "p3":39},
    {"p1":24,
     "p2":27,
     "p3":39},
    {"p1":24,
     "p2":26,
     "p3":27},
    {"p1":24,
     "p2":25,
     "p3":26},
    {"p1":31,
     "p2":37,
     "p3":38},
    {"p1":30,
     "p2":38,
     "p3":39},
    {"p1":30,
     "p2":31,
     "p3":38},
    {"p1":95,
     "p2":96,
     "p3":99},
    {"p1":96,
     "p2":98,
     "p3":99},
    {"p1":96,
     "p2":97,
     "p3":98},
    {"p1":10,
     "p2":11,
     "p3":77},
    {"p1":9,
     "p2":10,
     "p3":77},
    {"p1":0,
     "p2":1,
     "p3":7},
    {"p1":1,
     "p2":6,
     "p3":7},
    {"p1":1,
     "p2":2,
     "p3":6},
    {"p1":78,
     "p2":106,
     "p3":107},
    {"p1":78,
     "p2":107,
     "p3":109},
    {"p1":107,
     "p2":108,
     "p3":109},
    {"p1":55,
     "p2":66,
     "p3":67},
    {"p1":54,
     "p2":67,
     "p3":68},
    {"p1":54,
     "p2":55,
     "p3":67},
    {"p1":49,
     "p2":50,
     "p3":54},
    {"p1":47,
     "p2":48,
     "p3":49},
    {"p1":46,
     "p2":47,
     "p3":49},
    {"p1":46,
     "p2":49,
     "p3":54},
    {"p1":95,
     "p2":100,
     "p3":101},
    {"p1":95,
     "p2":101,
     "p3":102},
    {"p1":93,
     "p2":102,
     "p3":103},
    {"p1":92,
     "p2":93,
     "p3":103},
    {"p1":91,
     "p2":103,
     "p3":104},
    {"p1":91,
     "p2":92,
     "p3":103},
    {"p1":93,
     "p2":94,
     "p3":102},
    {"p1":94,
     "p2":95,
     "p3":102},
    {"p1":83,
     "p2":85,
     "p3":86},
    {"p1":51,
     "p2":52,
     "p3":53},
    {"p1":51,
     "p2":53,
     "p3":54},
    {"p1":57,
     "p2":64,
     "p3":65},
    {"p1":57,
     "p2":58,
     "p3":64},
    {"p1":81,
     "p2":89,
     "p3":90},
    {"p1":81,
     "p2":82,
     "p3":89},
    {"p1":82,
     "p2":83,
     "p3":87},
    {"p1":83,
     "p2":86,
     "p3":87},
    {"p1":82,
     "p2":87,
     "p3":89},
    {"p1":87,
     "p2":88,
     "p3":89},
    {"p1":56,
     "p2":57,
     "p3":65},
    {"p1":56,
     "p2":65,
     "p3":66},
    {"p1":55,
     "p2":56,
     "p3":66}]
}