{"points":[
    {"x":0.18952,
     "y":0.36694},
    {"x":0.18145,
     "y":0.40323},
    {"x":0.16935,
     "y":0.43952},
    {"x":0.16935,
     "y":0.47581},
    {"x":0.16129,
     "y":0.50806},
    {"x":0.14516,
     "y":0.54435},
    {"x":0.10887,
     "y":0.54839},
    {"x":0.072581,
     "y":0.55242},
    {"x":0.03629,
     "y":0.55645},
    {"x":0.0080645,
     "y":0.58065},
    {"x":0,
     "y":0.61694},
    {"x":0.032258,
     "y":0.64113},
    {"x":0.068548,
     "y":0.66129},
    {"x":0.096774,
     "y":0.69355},
    {"x":0.125,
     "y":0.72177},
    {"x":0.16129,
     "y":0.73387},
    {"x":0.19758,
     "y":0.74194},
    {"x":0.23387,
     "y":0.7379},
    {"x":0.26613,
     "y":0.71371},
    {"x":0.29839,
     "y":0.68952},
    {"x":0.32661,
     "y":0.65726},
    {"x":0.33871,
     "y":0.62097},
    {"x":0.35887,
     "y":0.58468},
    {"x":0.39113,
     "y":0.56855},
    {"x":0.42742,
     "y":0.54435},
    {"x":0.46371,
     "y":0.52016},
    {"x":0.5,
     "y":0.50403},
    {"x":0.53629,
     "y":0.49597},
    {"x":0.57258,
     "y":0.4879},
    {"x":0.60887,
     "y":0.48387},
    {"x":0.64516,
     "y":0.48387},
    {"x":0.68145,
     "y":0.47581},
    {"x":0.71774,
     "y":0.47581},
    {"x":0.75403,
     "y":0.47177},
    {"x":0.78629,
     "y":0.47581},
    {"x":0.82258,
     "y":0.5},
    {"x":0.85484,
     "y":0.52823},
    {"x":0.87903,
     "y":0.56452},
    {"x":0.90323,
     "y":0.59274},
    {"x":0.93145,
     "y":0.61694},
    {"x":0.96774,
     "y":0.6129},
    {"x":0.99194,
     "y":0.59677},
    {"x":1,
     "y":0.56048},
    {"x":0.9879,
     "y":0.52419},
    {"x":0.95565,
     "y":0.53629},
    {"x":0.93145,
     "y":0.50806},
    {"x":0.91129,
     "y":0.47581},
    {"x":0.87903,
     "y":0.45968},
    {"x":0.8629,
     "y":0.42742},
    {"x":0.85081,
     "y":0.39516},
    {"x":0.87097,
     "y":0.3629},
    {"x":0.90323,
     "y":0.33065},
    {"x":0.90323,
     "y":0.29435},
    {"x":0.89516,
     "y":0.26613},
    {"x":0.91129,
     "y":0.24597},
    {"x":0.91935,
     "y":0.20968},
    {"x":0.93548,
     "y":0.17742},
    {"x":0.93548,
     "y":0.15323},
    {"x":0.93548,
     "y":0.11694},
    {"x":0.96371,
     "y":0.092742},
    {"x":0.99194,
     "y":0.068548},
    {"x":0.99597,
     "y":0.032258},
    {"x":0.97177,
     "y":0.012097},
    {"x":0.94758,
     "y":0.028226},
    {"x":0.92339,
     "y":0.060484},
    {"x":0.8871,
     "y":0.076613},
    {"x":0.85081,
     "y":0.092742},
    {"x":0.81855,
     "y":0.11694},
    {"x":0.79032,
     "y":0.14113},
    {"x":0.78226,
     "y":0.125},
    {"x":0.80645,
     "y":0.08871},
    {"x":0.78629,
     "y":0.056452},
    {"x":0.75403,
     "y":0.028226},
    {"x":0.72581,
     "y":0.016129},
    {"x":0.70565,
     "y":0.040323},
    {"x":0.72984,
     "y":0.064516},
    {"x":0.71371,
     "y":0.10081},
    {"x":0.68952,
     "y":0.12903},
    {"x":0.65726,
     "y":0.16129},
    {"x":0.62903,
     "y":0.18952},
    {"x":0.60887,
     "y":0.21774},
    {"x":0.57258,
     "y":0.21774},
    {"x":0.53629,
     "y":0.22177},
    {"x":0.5,
     "y":0.22177},
    {"x":0.46774,
     "y":0.21371},
    {"x":0.44355,
     "y":0.21774},
    {"x":0.41129,
     "y":0.21774},
    {"x":0.375,
     "y":0.21371},
    {"x":0.35081,
     "y":0.19355},
    {"x":0.34677,
     "y":0.16129},
    {"x":0.33468,
     "y":0.12903},
    {"x":0.31452,
     "y":0.096774},
    {"x":0.28629,
     "y":0.064516},
    {"x":0.27419,
     "y":0.028226},
    {"x":0.24194,
     "y":0.012097},
    {"x":0.20565,
     "y":0},
    {"x":0.21371,
     "y":0.032258},
    {"x":0.23387,
     "y":0.068548},
    {"x":0.24194,
     "y":0.10484},
    {"x":0.24597,
     "y":0.14113},
    {"x":0.25806,
     "y":0.17742},
    {"x":0.24597,
     "y":0.20161},
    {"x":0.24194,
     "y":0.16532},
    {"x":0.20968,
     "y":0.16129},
    {"x":0.18952,
     "y":0.19758},
    {"x":0.18145,
     "y":0.23387},
    {"x":0.16532,
     "y":0.27016},
    {"x":0.17742,
     "y":0.30242},
    {"x":0.19758,
     "y":0.33065},
    {"x":0.18952,
     "y":0.36694},
    {"x":0.18952,
     "y":0.36694}],
 "triangles":[
    {"p1":9,
     "p2":10,
     "p3":11},
    {"p1":87,
     "p2":101,
     "p3":108},
    {"p1":25,
     "p2":87,
     "p3":108},
    {"p1":25,
     "p2":86,
     "p3":87},
    {"p1":25,
     "p2":26,
     "p3":86},
    {"p1":5,
     "p2":12,
     "p3":13},
    {"p1":26,
     "p2":85,
     "p3":86},
    {"p1":26,
     "p2":83,
     "p3":85},
    {"p1":83,
     "p2":84,
     "p3":85},
    {"p1":26,
     "p2":27,
     "p3":83},
    {"p1":27,
     "p2":82,
     "p3":83},
    {"p1":29,
     "p2":80,
     "p3":81},
    {"p1":50,
     "p2":53,
     "p3":68},
    {"p1":50,
     "p2":79,
     "p3":80},
    {"p1":50,
     "p2":68,
     "p3":79},
    {"p1":34,
     "p2":35,
     "p3":48},
    {"p1":5,
     "p2":18,
     "p3":19},
    {"p1":42,
     "p2":43,
     "p3":44},
    {"p1":39,
     "p2":40,
     "p3":44},
    {"p1":41,
     "p2":42,
     "p3":44},
    {"p1":40,
     "p2":41,
     "p3":44},
    {"p1":0,
     "p2":1,
     "p3":24},
    {"p1":0,
     "p2":25,
     "p3":108},
    {"p1":0,
     "p2":24,
     "p3":25},
    {"p1":1,
     "p2":22,
     "p3":23},
    {"p1":1,
     "p2":23,
     "p3":24},
    {"p1":3,
     "p2":4,
     "p3":22},
    {"p1":1,
     "p2":3,
     "p3":22},
    {"p1":7,
     "p2":11,
     "p3":12},
    {"p1":29,
     "p2":30,
     "p3":80},
    {"p1":28,
     "p2":81,
     "p3":82},
    {"p1":28,
     "p2":29,
     "p3":81},
    {"p1":27,
     "p2":28,
     "p3":82},
    {"p1":50,
     "p2":51,
     "p3":52},
    {"p1":50,
     "p2":52,
     "p3":53},
    {"p1":35,
     "p2":47,
     "p3":48},
    {"p1":34,
     "p2":48,
     "p3":49},
    {"p1":33,
     "p2":34,
     "p3":49},
    {"p1":49,
     "p2":50,
     "p3":80},
    {"p1":32,
     "p2":49,
     "p3":80},
    {"p1":32,
     "p2":33,
     "p3":49},
    {"p1":5,
     "p2":15,
     "p3":18},
    {"p1":13,
     "p2":14,
     "p3":15},
    {"p1":5,
     "p2":13,
     "p3":15},
    {"p1":105,
     "p2":106,
     "p3":107},
    {"p1":101,
     "p2":107,
     "p3":108},
    {"p1":101,
     "p2":105,
     "p3":107},
    {"p1":4,
     "p2":21,
     "p3":22},
    {"p1":4,
     "p2":5,
     "p3":21},
    {"p1":19,
     "p2":20,
     "p3":21},
    {"p1":5,
     "p2":19,
     "p3":21},
    {"p1":8,
     "p2":9,
     "p3":11},
    {"p1":7,
     "p2":8,
     "p3":11},
    {"p1":1,
     "p2":2,
     "p3":3},
    {"p1":5,
     "p2":6,
     "p3":12},
    {"p1":6,
     "p2":7,
     "p3":12},
    {"p1":101,
     "p2":104,
     "p3":105},
    {"p1":101,
     "p2":103,
     "p3":104},
    {"p1":87,
     "p2":88,
     "p3":101},
    {"p1":31,
     "p2":32,
     "p3":80},
    {"p1":30,
     "p2":31,
     "p3":80},
    {"p1":38,
     "p2":39,
     "p3":44},
    {"p1":53,
     "p2":55,
     "p3":68},
    {"p1":16,
     "p2":17,
     "p3":18},
    {"p1":15,
     "p2":16,
     "p3":18},
    {"p1":36,
     "p2":45,
     "p3":46},
    {"p1":35,
     "p2":36,
     "p3":47},
    {"p1":36,
     "p2":46,
     "p3":47},
    {"p1":88,
     "p2":100,
     "p3":101},
    {"p1":90,
     "p2":99,
     "p3":100},
    {"p1":90,
     "p2":91,
     "p3":99},
    {"p1":53,
     "p2":54,
     "p3":55},
    {"p1":55,
     "p2":56,
     "p3":57},
    {"p1":68,
     "p2":78,
     "p3":79},
    {"p1":68,
     "p2":77,
     "p3":78},
    {"p1":36,
     "p2":37,
     "p3":45},
    {"p1":37,
     "p2":44,
     "p3":45},
    {"p1":37,
     "p2":38,
     "p3":44},
    {"p1":89,
     "p2":90,
     "p3":100},
    {"p1":88,
     "p2":89,
     "p3":100},
    {"p1":101,
     "p2":102,
     "p3":103},
    {"p1":94,
     "p2":95,
     "p3":96},
    {"p1":94,
     "p2":96,
     "p3":97},
    {"p1":92,
     "p2":97,
     "p3":98},
    {"p1":91,
     "p2":92,
     "p3":98},
    {"p1":91,
     "p2":98,
     "p3":99},
    {"p1":57,
     "p2":58,
     "p3":66},
    {"p1":58,
     "p2":65,
     "p3":66},
    {"p1":55,
     "p2":57,
     "p3":67},
    {"p1":57,
     "p2":66,
     "p3":67},
    {"p1":55,
     "p2":67,
     "p3":68},
    {"p1":92,
     "p2":93,
     "p3":97},
    {"p1":93,
     "p2":94,
     "p3":97},
    {"p1":58,
     "p2":64,
     "p3":65},
    {"p1":58,
     "p2":59,
     "p3":64},
    {"p1":73,
     "p2":74,
     "p3":75},
    {"p1":61,
     "p2":62,
     "p3":63},
    {"p1":60,
     "p2":61,
     "p3":63},
    {"p1":59,
     "p2":60,
     "p3":63},
    {"p1":59,
     "p2":63,
     "p3":64},
    {"p1":69,
     "p2":71,
     "p3":75},
    {"p1":69,
     "p2":75,
     "p3":76},
    {"p1":68,
     "p2":69,
     "p3":77},
    {"p1":69,
     "p2":76,
     "p3":77},
    {"p1":69,
     "p2":70,
     "p3":71},
    {"p1":72,
     "p2":73,
     "p3":75},
    {"p1":71,
     "p2":72,
     "p3":75}]
}