{"points":[
    {"x":0.090278,
     "y":0.36806},
    {"x":0.090278,
     "y":0.40972},
    {"x":0.10417,
     "y":0.45139},
    {"x":0.090278,
     "y":0.48611},
    {"x":0.055556,
     "y":0.52083},
    {"x":0.027778,
     "y":0.5625},
    {"x":0.013889,
     "y":0.60417},
    {"x":0,
     "y":0.64583},
    {"x":0,
     "y":0.6875},
    {"x":0.0069444,
     "y":0.72917},
    {"x":0.0069444,
     "y":0.77083},
    {"x":0.027778,
     "y":0.80556},
    {"x":0.069444,
     "y":0.80556},
    {"x":0.097222,
     "y":0.77778},
    {"x":0.10417,
     "y":0.73611},
    {"x":0.10417,
     "y":0.69444},
    {"x":0.097222,
     "y":0.65278},
    {"x":0.097222,
     "y":0.61111},
    {"x":0.11806,
     "y":0.56944},
    {"x":0.15972,
     "y":0.54167},
    {"x":0.20139,
     "y":0.5625},
    {"x":0.24306,
     "y":0.56944},
    {"x":0.28472,
     "y":0.56944},
    {"x":0.32639,
     "y":0.56944},
    {"x":0.36806,
     "y":0.5625},
    {"x":0.40972,
     "y":0.55556},
    {"x":0.45139,
     "y":0.54167},
    {"x":0.49306,
     "y":0.53472},
    {"x":0.53472,
     "y":0.54167},
    {"x":0.57639,
     "y":0.54167},
    {"x":0.61806,
     "y":0.54861},
    {"x":0.65278,
     "y":0.5625},
    {"x":0.69444,
     "y":0.59722},
    {"x":0.73611,
     "y":0.61806},
    {"x":0.77778,
     "y":0.64583},
    {"x":0.81944,
     "y":0.65972},
    {"x":0.86111,
     "y":0.65278},
    {"x":0.89583,
     "y":0.625},
    {"x":0.93056,
     "y":0.59028},
    {"x":0.97222,
     "y":0.57639},
    {"x":1,
     "y":0.54861},
    {"x":0.99306,
     "y":0.50694},
    {"x":0.97222,
     "y":0.47222},
    {"x":0.93056,
     "y":0.45833},
    {"x":0.88889,
     "y":0.46528},
    {"x":0.84722,
     "y":0.45833},
    {"x":0.81944,
     "y":0.4375},
    {"x":0.79167,
     "y":0.40278},
    {"x":0.77083,
     "y":0.36111},
    {"x":0.75694,
     "y":0.31944},
    {"x":0.73611,
     "y":0.27778},
    {"x":0.75,
     "y":0.23611},
    {"x":0.76389,
     "y":0.19444},
    {"x":0.77778,
     "y":0.15278},
    {"x":0.80556,
     "y":0.11111},
    {"x":0.84028,
     "y":0.090278},
    {"x":0.88194,
     "y":0.076389},
    {"x":0.875,
     "y":0.034722},
    {"x":0.83333,
     "y":0.027778},
    {"x":0.79167,
     "y":0},
    {"x":0.75,
     "y":0.0069444},
    {"x":0.71528,
     "y":0.034722},
    {"x":0.67361,
     "y":0.076389},
    {"x":0.63194,
     "y":0.11806},
    {"x":0.61111,
     "y":0.15972},
    {"x":0.58333,
     "y":0.19444},
    {"x":0.5625,
     "y":0.23611},
    {"x":0.52083,
     "y":0.26389},
    {"x":0.47917,
     "y":0.26389},
    {"x":0.4375,
     "y":0.27083},
    {"x":0.39583,
     "y":0.29861},
    {"x":0.35417,
     "y":0.3125},
    {"x":0.34028,
     "y":0.27083},
    {"x":0.32639,
     "y":0.22917},
    {"x":0.30556,
     "y":0.1875},
    {"x":0.28472,
     "y":0.14583},
    {"x":0.30556,
     "y":0.10417},
    {"x":0.34028,
     "y":0.0625},
    {"x":0.36806,
     "y":0.027778},
    {"x":0.32639,
     "y":0.034722},
    {"x":0.28472,
     "y":0.048611},
    {"x":0.25,
     "y":0.069444},
    {"x":0.21528,
     "y":0.10417},
    {"x":0.19444,
     "y":0.13889},
    {"x":0.20833,
     "y":0.18056},
    {"x":0.22222,
     "y":0.22222},
    {"x":0.19444,
     "y":0.21528},
    {"x":0.15972,
     "y":0.17361},
    {"x":0.125,
     "y":0.13194},
    {"x":0.13194,
     "y":0.090278},
    {"x":0.16667,
     "y":0.0625},
    {"x":0.19444,
     "y":0.020833},
    {"x":0.1875,
     "y":0},
    {"x":0.14583,
     "y":0.0069444},
    {"x":0.11111,
     "y":0.027778},
    {"x":0.083333,
     "y":0.055556},
    {"x":0.0625,
     "y":0.097222},
    {"x":0.048611,
     "y":0.13889},
    {"x":0.0625,
     "y":0.18056},
    {"x":0.090278,
     "y":0.22222},
    {"x":0.10417,
     "y":0.26389},
    {"x":0.097222,
     "y":0.30556},
    {"x":0.090278,
     "y":0.34722},
    {"x":0.090278,
     "y":0.36806}],
 "triangles":[
    {"p1":55,
     "p2":56,
     "p3":57},
    {"p1":8,
     "p2":9,
     "p3":15},
    {"p1":9,
     "p2":10,
     "p3":13},
    {"p1":26,
     "p2":27,
     "p3":70},
    {"p1":89,
     "p2":94,
     "p3":95},
    {"p1":89,
     "p2":95,
     "p3":96},
    {"p1":55,
     "p2":57,
     "p3":58},
    {"p1":10,
     "p2":11,
     "p3":12},
    {"p1":10,
     "p2":12,
     "p3":13},
    {"p1":9,
     "p2":14,
     "p3":15},
    {"p1":9,
     "p2":13,
     "p3":14},
    {"p1":3,
     "p2":18,
     "p3":19},
    {"p1":35,
     "p2":36,
     "p3":37},
    {"p1":39,
     "p2":40,
     "p3":41},
    {"p1":38,
     "p2":39,
     "p3":41},
    {"p1":38,
     "p2":41,
     "p3":43},
    {"p1":6,
     "p2":7,
     "p3":16},
    {"p1":7,
     "p2":8,
     "p3":16},
    {"p1":8,
     "p2":15,
     "p3":16},
    {"p1":74,
     "p2":75,
     "p3":84},
    {"p1":77,
     "p2":78,
     "p3":79},
    {"p1":21,
     "p2":22,
     "p3":71},
    {"p1":22,
     "p2":23,
     "p3":71},
    {"p1":23,
     "p2":24,
     "p3":71},
    {"p1":24,
     "p2":25,
     "p3":71},
    {"p1":25,
     "p2":26,
     "p3":71},
    {"p1":26,
     "p2":70,
     "p3":71},
    {"p1":3,
     "p2":4,
     "p3":18},
    {"p1":4,
     "p2":5,
     "p3":18},
    {"p1":27,
     "p2":68,
     "p3":70},
    {"p1":27,
     "p2":67,
     "p3":68},
    {"p1":53,
     "p2":54,
     "p3":61},
    {"p1":54,
     "p2":60,
     "p3":61},
    {"p1":54,
     "p2":55,
     "p3":58},
    {"p1":54,
     "p2":58,
     "p3":59},
    {"p1":54,
     "p2":59,
     "p3":60},
    {"p1":41,
     "p2":42,
     "p3":43},
    {"p1":34,
     "p2":35,
     "p3":37},
    {"p1":6,
     "p2":16,
     "p3":17},
    {"p1":5,
     "p2":6,
     "p3":17},
    {"p1":5,
     "p2":17,
     "p3":18},
    {"p1":75,
     "p2":76,
     "p3":81},
    {"p1":75,
     "p2":81,
     "p3":82},
    {"p1":89,
     "p2":90,
     "p3":94},
    {"p1":90,
     "p2":93,
     "p3":94},
    {"p1":75,
     "p2":83,
     "p3":84},
    {"p1":75,
     "p2":82,
     "p3":83},
    {"p1":73,
     "p2":74,
     "p3":85},
    {"p1":74,
     "p2":84,
     "p3":85},
    {"p1":85,
     "p2":101,
     "p3":102},
    {"p1":0,
     "p2":85,
     "p3":102},
    {"p1":0,
     "p2":71,
     "p3":85},
    {"p1":86,
     "p2":87,
     "p3":99},
    {"p1":86,
     "p2":99,
     "p3":100},
    {"p1":86,
     "p2":100,
     "p3":101},
    {"p1":85,
     "p2":86,
     "p3":101},
    {"p1":72,
     "p2":73,
     "p3":85},
    {"p1":71,
     "p2":72,
     "p3":85},
    {"p1":0,
     "p2":2,
     "p3":71},
    {"p1":2,
     "p2":3,
     "p3":19},
    {"p1":2,
     "p2":21,
     "p3":71},
    {"p1":2,
     "p2":19,
     "p3":20},
    {"p1":2,
     "p2":20,
     "p3":21},
    {"p1":88,
     "p2":97,
     "p3":98},
    {"p1":88,
     "p2":89,
     "p3":96},
    {"p1":88,
     "p2":96,
     "p3":97},
    {"p1":87,
     "p2":88,
     "p3":99},
    {"p1":88,
     "p2":98,
     "p3":99},
    {"p1":68,
     "p2":69,
     "p3":70},
    {"p1":53,
     "p2":61,
     "p3":62},
    {"p1":27,
     "p2":28,
     "p3":67},
    {"p1":28,
     "p2":29,
     "p3":67},
    {"p1":30,
     "p2":31,
     "p3":47},
    {"p1":37,
     "p2":38,
     "p3":45},
    {"p1":34,
     "p2":37,
     "p3":45},
    {"p1":33,
     "p2":34,
     "p3":45},
    {"p1":76,
     "p2":80,
     "p3":81},
    {"p1":76,
     "p2":77,
     "p3":80},
    {"p1":77,
     "p2":79,
     "p3":80},
    {"p1":0,
     "p2":1,
     "p3":2},
    {"p1":50,
     "p2":65,
     "p3":66},
    {"p1":50,
     "p2":51,
     "p3":65},
    {"p1":51,
     "p2":64,
     "p3":65},
    {"p1":51,
     "p2":52,
     "p3":64},
    {"p1":30,
     "p2":47,
     "p3":48},
    {"p1":29,
     "p2":30,
     "p3":48},
    {"p1":31,
     "p2":32,
     "p3":46},
    {"p1":31,
     "p2":46,
     "p3":47},
    {"p1":32,
     "p2":33,
     "p3":46},
    {"p1":33,
     "p2":45,
     "p3":46},
    {"p1":91,
     "p2":92,
     "p3":93},
    {"p1":90,
     "p2":91,
     "p3":93},
    {"p1":52,
     "p2":63,
     "p3":64},
    {"p1":52,
     "p2":53,
     "p3":63},
    {"p1":53,
     "p2":62,
     "p3":63},
    {"p1":49,
     "p2":50,
     "p3":66},
    {"p1":49,
     "p2":66,
     "p3":67},
    {"p1":29,
     "p2":49,
     "p3":67},
    {"p1":29,
     "p2":48,
     "p3":49},
    {"p1":38,
     "p2":43,
     "p3":44},
    {"p1":38,
     "p2":44,
     "p3":45}]
}