{"points":[
    {"x":0.088561,
     "y":0.40959},
    {"x":0.088561,
     "y":0.45756},
    {"x":0.084871,
     "y":0.50554},
    {"x":0.084871,
     "y":0.55351},
    {"x":0.099631,
     "y":0.60148},
    {"x":0.13653,
     "y":0.64945},
    {"x":0.1845,
     "y":0.69373},
    {"x":0.23247,
     "y":0.73063},
    {"x":0.28044,
     "y":0.75646},
    {"x":0.32841,
     "y":0.76753},
    {"x":0.37638,
     "y":0.76015},
    {"x":0.42435,
     "y":0.74908},
    {"x":0.46494,
     "y":0.77122},
    {"x":0.51292,
     "y":0.79336},
    {"x":0.56089,
     "y":0.79705},
    {"x":0.60886,
     "y":0.80074},
    {"x":0.65683,
     "y":0.80074},
    {"x":0.7048,
     "y":0.80074},
    {"x":0.7417,
     "y":0.81919},
    {"x":0.78598,
     "y":0.80443},
    {"x":0.83026,
     "y":0.77122},
    {"x":0.8524,
     "y":0.72325},
    {"x":0.87454,
     "y":0.67897},
    {"x":0.88192,
     "y":0.631},
    {"x":0.87454,
     "y":0.58303},
    {"x":0.88192,
     "y":0.53506},
    {"x":0.89299,
     "y":0.48708},
    {"x":0.91144,
     "y":0.43911},
    {"x":0.94465,
     "y":0.39114},
    {"x":0.98155,
     "y":0.34686},
    {"x":1,
     "y":0.30627},
    {"x":0.95203,
     "y":0.33579},
    {"x":0.90775,
     "y":0.38007},
    {"x":0.88561,
     "y":0.36531},
    {"x":0.90775,
     "y":0.33579},
    {"x":0.87823,
     "y":0.30627},
    {"x":0.87823,
     "y":0.2583},
    {"x":0.87454,
     "y":0.21033},
    {"x":0.86716,
     "y":0.16236},
    {"x":0.86716,
     "y":0.11439},
    {"x":0.85978,
     "y":0.066421},
    {"x":0.84133,
     "y":0.01845},
    {"x":0.79336,
     "y":0},
    {"x":0.77491,
     "y":0.02214},
    {"x":0.80443,
     "y":0.055351},
    {"x":0.81181,
     "y":0.10332},
    {"x":0.80074,
     "y":0.15129},
    {"x":0.80074,
     "y":0.19926},
    {"x":0.79705,
     "y":0.24723},
    {"x":0.79336,
     "y":0.2952},
    {"x":0.78598,
     "y":0.34317},
    {"x":0.74539,
     "y":0.38376},
    {"x":0.71587,
     "y":0.42066},
    {"x":0.71587,
     "y":0.37269},
    {"x":0.71218,
     "y":0.32472},
    {"x":0.69742,
     "y":0.27675},
    {"x":0.68266,
     "y":0.22878},
    {"x":0.66421,
     "y":0.18081},
    {"x":0.65314,
     "y":0.13284},
    {"x":0.64207,
     "y":0.084871},
    {"x":0.65683,
     "y":0.0369},
    {"x":0.61993,
     "y":0.02952},
    {"x":0.57196,
     "y":0.02952},
    {"x":0.52399,
     "y":0.0369},
    {"x":0.48708,
     "y":0.073801},
    {"x":0.48339,
     "y":0.12177},
    {"x":0.51292,
     "y":0.15867},
    {"x":0.52768,
     "y":0.18819},
    {"x":0.49077,
     "y":0.23616},
    {"x":0.45018,
     "y":0.27306},
    {"x":0.40959,
     "y":0.29889},
    {"x":0.36162,
     "y":0.29889},
    {"x":0.31365,
     "y":0.30258},
    {"x":0.30627,
     "y":0.25461},
    {"x":0.30627,
     "y":0.20664},
    {"x":0.31734,
     "y":0.15867},
    {"x":0.33579,
     "y":0.1107},
    {"x":0.32841,
     "y":0.073801},
    {"x":0.28413,
     "y":0.077491},
    {"x":0.23616,
     "y":0.092251},
    {"x":0.23616,
     "y":0.14022},
    {"x":0.23247,
     "y":0.18819},
    {"x":0.2214,
     "y":0.23616},
    {"x":0.19188,
     "y":0.25092},
    {"x":0.16974,
     "y":0.20664},
    {"x":0.15498,
     "y":0.15867},
    {"x":0.15129,
     "y":0.1107},
    {"x":0.11439,
     "y":0.081181},
    {"x":0.066421,
     "y":0.099631},
    {"x":0.066421,
     "y":0.1476},
    {"x":0.073801,
     "y":0.19557},
    {"x":0.095941,
     "y":0.24354},
    {"x":0.10701,
     "y":0.29151},
    {"x":0.1107,
     "y":0.33948},
    {"x":0.099631,
     "y":0.35793},
    {"x":0.062731,
     "y":0.31365},
    {"x":0.04059,
     "y":0.26568},
    {"x":0.04428,
     "y":0.21771},
    {"x":0.03321,
     "y":0.16974},
    {"x":0.01107,
     "y":0.18819},
    {"x":0,
     "y":0.22878},
    {"x":0.01476,
     "y":0.27675},
    {"x":0.04059,
     "y":0.32472},
    {"x":0.077491,
     "y":0.37269},
    {"x":0.088561,
     "y":0.40959}],
 "triangles":[
    {"p1":52,
     "p2":69,
     "p3":70},
    {"p1":11,
     "p2":52,
     "p3":70},
    {"p1":2,
     "p2":5,
     "p3":72},
    {"p1":5,
     "p2":6,
     "p3":72},
    {"p1":11,
     "p2":71,
     "p3":72},
    {"p1":11,
     "p2":70,
     "p3":71},
    {"p1":3,
     "p2":4,
     "p3":5},
    {"p1":2,
     "p2":3,
     "p3":5},
    {"p1":1,
     "p2":2,
     "p3":72},
    {"p1":6,
     "p2":7,
     "p3":72},
    {"p1":52,
     "p2":53,
     "p3":69},
    {"p1":72,
     "p2":83,
     "p3":93},
    {"p1":87,
     "p2":88,
     "p3":89},
    {"p1":83,
     "p2":84,
     "p3":91},
    {"p1":29,
     "p2":30,
     "p3":31},
    {"p1":28,
     "p2":29,
     "p3":31},
    {"p1":28,
     "p2":31,
     "p3":32},
    {"p1":0,
     "p2":72,
     "p3":93},
    {"p1":0,
     "p2":1,
     "p3":72},
    {"p1":12,
     "p2":13,
     "p3":14},
    {"p1":11,
     "p2":12,
     "p3":52},
    {"p1":12,
     "p2":14,
     "p3":52},
    {"p1":17,
     "p2":24,
     "p3":52},
    {"p1":16,
     "p2":17,
     "p3":52},
    {"p1":17,
     "p2":19,
     "p3":20},
    {"p1":17,
     "p2":18,
     "p3":19},
    {"p1":15,
     "p2":16,
     "p3":52},
    {"p1":14,
     "p2":15,
     "p3":52},
    {"p1":33,
     "p2":35,
     "p3":50},
    {"p1":41,
     "p2":42,
     "p3":44},
    {"p1":83,
     "p2":92,
     "p3":93},
    {"p1":83,
     "p2":91,
     "p3":92},
    {"p1":85,
     "p2":89,
     "p3":90},
    {"p1":84,
     "p2":90,
     "p3":91},
    {"p1":84,
     "p2":85,
     "p3":90},
    {"p1":33,
     "p2":34,
     "p3":35},
    {"p1":24,
     "p2":25,
     "p3":52},
    {"p1":25,
     "p2":26,
     "p3":52},
    {"p1":27,
     "p2":32,
     "p3":33},
    {"p1":27,
     "p2":28,
     "p3":32},
    {"p1":95,
     "p2":102,
     "p3":103},
    {"p1":8,
     "p2":9,
     "p3":10},
    {"p1":7,
     "p2":8,
     "p3":10},
    {"p1":10,
     "p2":11,
     "p3":72},
    {"p1":7,
     "p2":10,
     "p3":72},
    {"p1":17,
     "p2":20,
     "p3":21},
    {"p1":17,
     "p2":21,
     "p3":24},
    {"p1":26,
     "p2":51,
     "p3":52},
    {"p1":26,
     "p2":27,
     "p3":51},
    {"p1":33,
     "p2":50,
     "p3":51},
    {"p1":27,
     "p2":33,
     "p3":51},
    {"p1":35,
     "p2":49,
     "p3":50},
    {"p1":40,
     "p2":41,
     "p3":44},
    {"p1":42,
     "p2":43,
     "p3":44},
    {"p1":95,
     "p2":96,
     "p3":102},
    {"p1":74,
     "p2":75,
     "p3":81},
    {"p1":94,
     "p2":95,
     "p3":103},
    {"p1":0,
     "p2":93,
     "p3":94},
    {"p1":0,
     "p2":94,
     "p3":103},
    {"p1":38,
     "p2":39,
     "p3":46},
    {"p1":62,
     "p2":63,
     "p3":66},
    {"p1":59,
     "p2":60,
     "p3":61},
    {"p1":59,
     "p2":61,
     "p3":62},
    {"p1":59,
     "p2":62,
     "p3":66},
    {"p1":58,
     "p2":59,
     "p3":66},
    {"p1":86,
     "p2":87,
     "p3":89},
    {"p1":85,
     "p2":86,
     "p3":89},
    {"p1":75,
     "p2":76,
     "p3":78},
    {"p1":96,
     "p2":97,
     "p3":100},
    {"p1":97,
     "p2":99,
     "p3":100},
    {"p1":97,
     "p2":98,
     "p3":99},
    {"p1":96,
     "p2":100,
     "p3":101},
    {"p1":96,
     "p2":101,
     "p3":102},
    {"p1":72,
     "p2":82,
     "p3":83},
    {"p1":72,
     "p2":73,
     "p3":82},
    {"p1":73,
     "p2":74,
     "p3":82},
    {"p1":74,
     "p2":81,
     "p3":82},
    {"p1":75,
     "p2":80,
     "p3":81},
    {"p1":78,
     "p2":79,
     "p3":80},
    {"p1":75,
     "p2":78,
     "p3":80},
    {"p1":21,
     "p2":23,
     "p3":24},
    {"p1":21,
     "p2":22,
     "p3":23},
    {"p1":35,
     "p2":36,
     "p3":49},
    {"p1":36,
     "p2":48,
     "p3":49},
    {"p1":36,
     "p2":37,
     "p3":48},
    {"p1":40,
     "p2":44,
     "p3":45},
    {"p1":39,
     "p2":40,
     "p3":45},
    {"p1":39,
     "p2":45,
     "p3":46},
    {"p1":63,
     "p2":64,
     "p3":66},
    {"p1":57,
     "p2":58,
     "p3":67},
    {"p1":58,
     "p2":66,
     "p3":67},
    {"p1":37,
     "p2":47,
     "p3":48},
    {"p1":38,
     "p2":46,
     "p3":47},
    {"p1":37,
     "p2":38,
     "p3":47},
    {"p1":64,
     "p2":65,
     "p3":66},
    {"p1":76,
     "p2":77,
     "p3":78},
    {"p1":54,
     "p2":55,
     "p3":68},
    {"p1":53,
     "p2":68,
     "p3":69},
    {"p1":53,
     "p2":54,
     "p3":68},
    {"p1":56,
     "p2":57,
     "p3":67},
    {"p1":55,
     "p2":56,
     "p3":68},
    {"p1":56,
     "p2":67,
     "p3":68}]
}