{"points":[
    {"x":0.10119,
     "y":0.51786},
    {"x":0.10119,
     "y":0.5625},
    {"x":0.050595,
     "y":0.59524},
    {"x":0.020833,
     "y":0.64286},
    {"x":0.071429,
     "y":0.61905},
    {"x":0.11905,
     "y":0.60714},
    {"x":0.12202,
     "y":0.65774},
    {"x":0.11905,
     "y":0.70833},
    {"x":0.13988,
     "y":0.75893},
    {"x":0.1875,
     "y":0.80952},
    {"x":0.2381,
     "y":0.84226},
    {"x":0.28869,
     "y":0.84226},
    {"x":0.33929,
     "y":0.84524},
    {"x":0.37798,
     "y":0.82143},
    {"x":0.41369,
     "y":0.79167},
    {"x":0.46131,
     "y":0.78571},
    {"x":0.50893,
     "y":0.77976},
    {"x":0.55655,
     "y":0.76488},
    {"x":0.59524,
     "y":0.74107},
    {"x":0.61905,
     "y":0.70536},
    {"x":0.66964,
     "y":0.70536},
    {"x":0.71726,
     "y":0.69643},
    {"x":0.76488,
     "y":0.68452},
    {"x":0.80357,
     "y":0.65179},
    {"x":0.83631,
     "y":0.61607},
    {"x":0.87202,
     "y":0.57738},
    {"x":0.90476,
     "y":0.53571},
    {"x":0.9256,
     "y":0.49405},
    {"x":0.92857,
     "y":0.44345},
    {"x":0.91667,
     "y":0.39583},
    {"x":0.88095,
     "y":0.36012},
    {"x":0.89583,
     "y":0.32143},
    {"x":0.9256,
     "y":0.28274},
    {"x":0.95536,
     "y":0.24107},
    {"x":0.97917,
     "y":0.20238},
    {"x":0.98512,
     "y":0.15179},
    {"x":1,
     "y":0.11012},
    {"x":0.97917,
     "y":0.068452},
    {"x":0.93155,
     "y":0.056548},
    {"x":0.88095,
     "y":0.056548},
    {"x":0.83631,
     "y":0.071429},
    {"x":0.83631,
     "y":0.11607},
    {"x":0.86012,
     "y":0.16667},
    {"x":0.81845,
     "y":0.19643},
    {"x":0.76786,
     "y":0.22619},
    {"x":0.72917,
     "y":0.21131},
    {"x":0.72024,
     "y":0.16369},
    {"x":0.70536,
     "y":0.11905},
    {"x":0.69048,
     "y":0.074405},
    {"x":0.64286,
     "y":0.065476},
    {"x":0.59226,
     "y":0.065476},
    {"x":0.56548,
     "y":0.095238},
    {"x":0.58631,
     "y":0.14583},
    {"x":0.59226,
     "y":0.19643},
    {"x":0.61012,
     "y":0.24405},
    {"x":0.61905,
     "y":0.29167},
    {"x":0.5744,
     "y":0.30357},
    {"x":0.52679,
     "y":0.3125},
    {"x":0.50595,
     "y":0.29167},
    {"x":0.51488,
     "y":0.24405},
    {"x":0.52976,
     "y":0.19643},
    {"x":0.54167,
     "y":0.15179},
    {"x":0.5506,
     "y":0.10417},
    {"x":0.55655,
     "y":0.053571},
    {"x":0.53571,
     "y":0.011905},
    {"x":0.49107,
     "y":0},
    {"x":0.44048,
     "y":0},
    {"x":0.39881,
     "y":0.017857},
    {"x":0.38988,
     "y":0.059524},
    {"x":0.41964,
     "y":0.10714},
    {"x":0.40476,
     "y":0.15179},
    {"x":0.39286,
     "y":0.1994},
    {"x":0.38095,
     "y":0.23512},
    {"x":0.36012,
     "y":0.18452},
    {"x":0.33929,
     "y":0.1369},
    {"x":0.34821,
     "y":0.089286},
    {"x":0.32738,
     "y":0.047619},
    {"x":0.27976,
     "y":0.035714},
    {"x":0.22917,
     "y":0.035714},
    {"x":0.1875,
     "y":0.050595},
    {"x":0.1875,
     "y":0.095238},
    {"x":0.21726,
     "y":0.14286},
    {"x":0.22619,
     "y":0.19345},
    {"x":0.24107,
     "y":0.24107},
    {"x":0.25595,
     "y":0.28571},
    {"x":0.27083,
     "y":0.33333},
    {"x":0.28571,
     "y":0.38393},
    {"x":0.28571,
     "y":0.43452},
    {"x":0.28571,
     "y":0.48214},
    {"x":0.29464,
     "y":0.52976},
    {"x":0.25595,
     "y":0.54762},
    {"x":0.20536,
     "y":0.54762},
    {"x":0.16071,
     "y":0.5},
    {"x":0.13393,
     "y":0.4494},
    {"x":0.1131,
     "y":0.39881},
    {"x":0.092262,
     "y":0.34821},
    {"x":0.065476,
     "y":0.29762},
    {"x":0.020833,
     "y":0.25},
    {"x":0,
     "y":0.29167},
    {"x":0.032738,
     "y":0.33929},
    {"x":0.059524,
     "y":0.38988},
    {"x":0.074405,
     "y":0.44048},
    {"x":0.098214,
     "y":0.49107},
    {"x":0.10119,
     "y":0.51786}],
 "triangles":[
    {"p1":78,
     "p2":79,
     "p3":80},
    {"p1":96,
     "p2":98,
     "p3":99},
    {"p1":96,
     "p2":97,
     "p3":98},
    {"p1":11,
     "p2":12,
     "p3":13},
    {"p1":11,
     "p2":13,
     "p3":14},
    {"p1":25,
     "p2":26,
     "p3":30},
    {"p1":9,
     "p2":10,
     "p3":11},
    {"p1":6,
     "p2":7,
     "p3":8},
    {"p1":94,
     "p2":100,
     "p3":101},
    {"p1":19,
     "p2":57,
     "p3":89},
    {"p1":2,
     "p2":3,
     "p3":4},
    {"p1":57,
     "p2":86,
     "p3":87},
    {"p1":57,
     "p2":58,
     "p3":86},
    {"p1":73,
     "p2":82,
     "p3":83},
    {"p1":21,
     "p2":22,
     "p3":23},
    {"p1":19,
     "p2":56,
     "p3":57},
    {"p1":17,
     "p2":18,
     "p3":19},
    {"p1":26,
     "p2":28,
     "p3":30},
    {"p1":31,
     "p2":32,
     "p3":43},
    {"p1":36,
     "p2":37,
     "p3":38},
    {"p1":35,
     "p2":36,
     "p3":38},
    {"p1":58,
     "p2":72,
     "p3":86},
    {"p1":72,
     "p2":85,
     "p3":86},
    {"p1":72,
     "p2":84,
     "p3":85},
    {"p1":72,
     "p2":73,
     "p3":83},
    {"p1":72,
     "p2":83,
     "p3":84},
    {"p1":94,
     "p2":95,
     "p3":100},
    {"p1":95,
     "p2":96,
     "p3":99},
    {"p1":95,
     "p2":99,
     "p3":100},
    {"p1":93,
     "p2":94,
     "p3":101},
    {"p1":57,
     "p2":87,
     "p3":88},
    {"p1":57,
     "p2":88,
     "p3":89},
    {"p1":14,
     "p2":15,
     "p3":89},
    {"p1":78,
     "p2":80,
     "p3":81},
    {"p1":50,
     "p2":51,
     "p3":52},
    {"p1":46,
     "p2":47,
     "p3":52},
    {"p1":46,
     "p2":52,
     "p3":53},
    {"p1":19,
     "p2":20,
     "p3":56},
    {"p1":23,
     "p2":24,
     "p3":55},
    {"p1":21,
     "p2":23,
     "p3":55},
    {"p1":20,
     "p2":21,
     "p3":55},
    {"p1":20,
     "p2":55,
     "p3":56},
    {"p1":24,
     "p2":25,
     "p3":55},
    {"p1":25,
     "p2":30,
     "p3":55},
    {"p1":33,
     "p2":34,
     "p3":42},
    {"p1":32,
     "p2":42,
     "p3":43},
    {"p1":32,
     "p2":33,
     "p3":42},
    {"p1":34,
     "p2":35,
     "p3":42},
    {"p1":35,
     "p2":38,
     "p3":42},
    {"p1":39,
     "p2":41,
     "p3":42},
    {"p1":38,
     "p2":39,
     "p3":42},
    {"p1":26,
     "p2":27,
     "p3":28},
    {"p1":28,
     "p2":29,
     "p3":30},
    {"p1":58,
     "p2":59,
     "p3":72},
    {"p1":92,
     "p2":93,
     "p3":102},
    {"p1":0,
     "p2":92,
     "p3":102},
    {"p1":93,
     "p2":101,
     "p3":102},
    {"p1":1,
     "p2":91,
     "p3":92},
    {"p1":0,
     "p2":1,
     "p3":92},
    {"p1":1,
     "p2":2,
     "p3":4},
    {"p1":6,
     "p2":90,
     "p3":91},
    {"p1":9,
     "p2":11,
     "p3":90},
    {"p1":6,
     "p2":8,
     "p3":90},
    {"p1":8,
     "p2":9,
     "p3":90},
    {"p1":11,
     "p2":14,
     "p3":90},
    {"p1":14,
     "p2":89,
     "p3":90},
    {"p1":16,
     "p2":19,
     "p3":89},
    {"p1":15,
     "p2":16,
     "p3":89},
    {"p1":16,
     "p2":17,
     "p3":19},
    {"p1":73,
     "p2":74,
     "p3":82},
    {"p1":74,
     "p2":81,
     "p3":82},
    {"p1":65,
     "p2":66,
     "p3":69},
    {"p1":63,
     "p2":64,
     "p3":65},
    {"p1":39,
     "p2":40,
     "p3":41},
    {"p1":47,
     "p2":49,
     "p3":52},
    {"p1":47,
     "p2":48,
     "p3":49},
    {"p1":49,
     "p2":50,
     "p3":52},
    {"p1":30,
     "p2":44,
     "p3":55},
    {"p1":31,
     "p2":43,
     "p3":44},
    {"p1":30,
     "p2":31,
     "p3":44},
    {"p1":46,
     "p2":53,
     "p3":54},
    {"p1":77,
     "p2":78,
     "p3":81},
    {"p1":75,
     "p2":76,
     "p3":77},
    {"p1":74,
     "p2":75,
     "p3":77},
    {"p1":74,
     "p2":77,
     "p3":81},
    {"p1":66,
     "p2":68,
     "p3":69},
    {"p1":5,
     "p2":6,
     "p3":91},
    {"p1":1,
     "p2":5,
     "p3":91},
    {"p1":1,
     "p2":4,
     "p3":5},
    {"p1":61,
     "p2":69,
     "p3":70},
    {"p1":61,
     "p2":62,
     "p3":69},
    {"p1":62,
     "p2":65,
     "p3":69},
    {"p1":62,
     "p2":63,
     "p3":65},
    {"p1":44,
     "p2":45,
     "p3":55},
    {"p1":45,
     "p2":54,
     "p3":55},
    {"p1":45,
     "p2":46,
     "p3":54},
    {"p1":66,
     "p2":67,
     "p3":68},
    {"p1":59,
     "p2":71,
     "p3":72},
    {"p1":60,
     "p2":61,
     "p3":70},
    {"p1":59,
     "p2":60,
     "p3":71},
    {"p1":60,
     "p2":70,
     "p3":71}]
}