{"points":[
    {"x":0,
     "y":0.49601},
    {"x":0.0047847,
     "y":0.54864},
    {"x":0.022329,
     "y":0.60128},
    {"x":0.043062,
     "y":0.65391},
    {"x":0.076555,
     "y":0.70494},
    {"x":0.1244,
     "y":0.75439},
    {"x":0.17703,
     "y":0.79904},
    {"x":0.22967,
     "y":0.82297},
    {"x":0.2823,
     "y":0.83732},
    {"x":0.33174,
     "y":0.8453},
    {"x":0.37002,
     "y":0.88676},
    {"x":0.42265,
     "y":0.91707},
    {"x":0.47528,
     "y":0.93461},
    {"x":0.52632,
     "y":0.95215},
    {"x":0.56938,
     "y":0.99203},
    {"x":0.62201,
     "y":0.99043},
    {"x":0.67464,
     "y":0.98086},
    {"x":0.7177,
     "y":0.94577},
    {"x":0.74641,
     "y":0.90431},
    {"x":0.76236,
     "y":0.85167},
    {"x":0.79266,
     "y":0.80542},
    {"x":0.82616,
     "y":0.76077},
    {"x":0.84848,
     "y":0.70813},
    {"x":0.88198,
     "y":0.65869},
    {"x":0.93142,
     "y":0.61563},
    {"x":0.97767,
     "y":0.58373},
    {"x":1,
     "y":0.55183},
    {"x":0.94737,
     "y":0.56619},
    {"x":0.89474,
     "y":0.59011},
    {"x":0.85327,
     "y":0.60766},
    {"x":0.874,
     "y":0.56938},
    {"x":0.90431,
     "y":0.55343},
    {"x":0.86762,
     "y":0.52951},
    {"x":0.88676,
     "y":0.48006},
    {"x":0.89633,
     "y":0.42743},
    {"x":0.91069,
     "y":0.3748},
    {"x":0.92982,
     "y":0.32536},
    {"x":0.96172,
     "y":0.27911},
    {"x":0.99522,
     "y":0.26954},
    {"x":0.97608,
     "y":0.22807},
    {"x":0.92663,
     "y":0.2201},
    {"x":0.89474,
     "y":0.26156},
    {"x":0.86443,
     "y":0.30622},
    {"x":0.8437,
     "y":0.35247},
    {"x":0.82456,
     "y":0.39713},
    {"x":0.80702,
     "y":0.44498},
    {"x":0.78469,
     "y":0.49761},
    {"x":0.73365,
     "y":0.5311},
    {"x":0.70016,
     "y":0.57097},
    {"x":0.67624,
     "y":0.62201},
    {"x":0.66986,
     "y":0.60447},
    {"x":0.6874,
     "y":0.55183},
    {"x":0.70335,
     "y":0.4992},
    {"x":0.71451,
     "y":0.44657},
    {"x":0.71611,
     "y":0.39394},
    {"x":0.71451,
     "y":0.34131},
    {"x":0.75439,
     "y":0.30941},
    {"x":0.77033,
     "y":0.25997},
    {"x":0.75598,
     "y":0.20734},
    {"x":0.72249,
     "y":0.21212},
    {"x":0.75439,
     "y":0.17384},
    {"x":0.72568,
     "y":0.14195},
    {"x":0.67943,
     "y":0.14354},
    {"x":0.64593,
     "y":0.18979},
    {"x":0.61085,
     "y":0.23604},
    {"x":0.5614,
     "y":0.27592},
    {"x":0.51675,
     "y":0.311},
    {"x":0.46571,
     "y":0.33333},
    {"x":0.42105,
     "y":0.33174},
    {"x":0.36842,
     "y":0.30781},
    {"x":0.38596,
     "y":0.25518},
    {"x":0.42265,
     "y":0.20255},
    {"x":0.47049,
     "y":0.17863},
    {"x":0.45614,
     "y":0.12919},
    {"x":0.41786,
     "y":0.095694},
    {"x":0.36523,
     "y":0.082935},
    {"x":0.33014,
     "y":0.13557},
    {"x":0.29187,
     "y":0.1866},
    {"x":0.2504,
     "y":0.21053},
    {"x":0.24402,
     "y":0.15789},
    {"x":0.25518,
     "y":0.10526},
    {"x":0.27592,
     "y":0.055821},
    {"x":0.27592,
     "y":0.012759},
    {"x":0.22329,
     "y":0},
    {"x":0.17225,
     "y":0.011164},
    {"x":0.15789,
     "y":0.060606},
    {"x":0.15311,
     "y":0.11005},
    {"x":0.15789,
     "y":0.16268},
    {"x":0.14992,
     "y":0.21531},
    {"x":0.12919,
     "y":0.26794},
    {"x":0.10686,
     "y":0.32057},
    {"x":0.07496,
     "y":0.33812},
    {"x":0.057416,
     "y":0.28549},
    {"x":0.046252,
     "y":0.23285},
    {"x":0.041467,
     "y":0.18022},
    {"x":0.017544,
     "y":0.22169},
    {"x":0.022329,
     "y":0.27432},
    {"x":0.039872,
     "y":0.32695},
    {"x":0.041467,
     "y":0.37161},
    {"x":0.019139,
     "y":0.42424},
    {"x":0,
     "y":0.47687},
    {"x":0,
     "y":0.49601}],
 "triangles":[
    {"p1":9,
     "p2":49,
     "p3":50},
    {"p1":19,
     "p2":20,
     "p3":49},
    {"p1":11,
     "p2":12,
     "p3":49},
    {"p1":9,
     "p2":11,
     "p3":49},
    {"p1":83,
     "p2":84,
     "p3":85},
    {"p1":0,
     "p2":99,
     "p3":100},
    {"p1":0,
     "p2":1,
     "p3":99},
    {"p1":80,
     "p2":85,
     "p3":86},
    {"p1":22,
     "p2":29,
     "p3":49},
    {"p1":12,
     "p2":13,
     "p3":49},
    {"p1":13,
     "p2":19,
     "p3":49},
    {"p1":13,
     "p2":14,
     "p3":15},
    {"p1":9,
     "p2":10,
     "p3":11},
    {"p1":15,
     "p2":16,
     "p3":17},
    {"p1":13,
     "p2":15,
     "p3":17},
    {"p1":91,
     "p2":98,
     "p3":99},
    {"p1":90,
     "p2":91,
     "p3":99},
    {"p1":3,
     "p2":4,
     "p3":69},
    {"p1":4,
     "p2":5,
     "p3":69},
    {"p1":52,
     "p2":66,
     "p3":67},
    {"p1":2,
     "p2":90,
     "p3":99},
    {"p1":1,
     "p2":2,
     "p3":99},
    {"p1":2,
     "p2":69,
     "p3":90},
    {"p1":2,
     "p2":3,
     "p3":69},
    {"p1":20,
     "p2":21,
     "p3":49},
    {"p1":21,
     "p2":22,
     "p3":49},
    {"p1":22,
     "p2":23,
     "p3":29},
    {"p1":23,
     "p2":28,
     "p3":29},
    {"p1":23,
     "p2":24,
     "p3":28},
    {"p1":51,
     "p2":52,
     "p3":67},
    {"p1":50,
     "p2":51,
     "p3":67},
    {"p1":5,
     "p2":6,
     "p3":7},
    {"p1":13,
     "p2":18,
     "p3":19},
    {"p1":13,
     "p2":17,
     "p3":18},
    {"p1":91,
     "p2":97,
     "p3":98},
    {"p1":91,
     "p2":92,
     "p3":97},
    {"p1":92,
     "p2":96,
     "p3":97},
    {"p1":78,
     "p2":88,
     "p3":89},
    {"p1":69,
     "p2":78,
     "p3":89},
    {"p1":69,
     "p2":89,
     "p3":90},
    {"p1":78,
     "p2":87,
     "p3":88},
    {"p1":78,
     "p2":79,
     "p3":87},
    {"p1":79,
     "p2":80,
     "p3":86},
    {"p1":79,
     "p2":86,
     "p3":87},
    {"p1":69,
     "p2":77,
     "p3":78},
    {"p1":69,
     "p2":70,
     "p3":77},
    {"p1":81,
     "p2":82,
     "p3":83},
    {"p1":81,
     "p2":83,
     "p3":85},
    {"p1":80,
     "p2":81,
     "p3":85},
    {"p1":59,
     "p2":61,
     "p3":62},
    {"p1":59,
     "p2":62,
     "p3":63},
    {"p1":52,
     "p2":53,
     "p3":66},
    {"p1":54,
     "p2":55,
     "p3":65},
    {"p1":54,
     "p2":65,
     "p3":66},
    {"p1":53,
     "p2":54,
     "p3":66},
    {"p1":70,
     "p2":71,
     "p3":77},
    {"p1":71,
     "p2":76,
     "p3":77},
    {"p1":71,
     "p2":72,
     "p3":73},
    {"p1":71,
     "p2":74,
     "p3":76},
    {"p1":71,
     "p2":73,
     "p3":74},
    {"p1":55,
     "p2":64,
     "p3":65},
    {"p1":55,
     "p2":59,
     "p3":64},
    {"p1":59,
     "p2":63,
     "p3":64},
    {"p1":29,
     "p2":30,
     "p3":32},
    {"p1":30,
     "p2":31,
     "p3":32},
    {"p1":29,
     "p2":48,
     "p3":49},
    {"p1":29,
     "p2":47,
     "p3":48},
    {"p1":34,
     "p2":35,
     "p3":44},
    {"p1":5,
     "p2":68,
     "p3":69},
    {"p1":5,
     "p2":7,
     "p3":68},
    {"p1":7,
     "p2":8,
     "p3":68},
    {"p1":8,
     "p2":9,
     "p3":68},
    {"p1":50,
     "p2":67,
     "p3":68},
    {"p1":9,
     "p2":50,
     "p3":68},
    {"p1":93,
     "p2":95,
     "p3":96},
    {"p1":92,
     "p2":93,
     "p3":96},
    {"p1":59,
     "p2":60,
     "p3":61},
    {"p1":55,
     "p2":56,
     "p3":59},
    {"p1":56,
     "p2":57,
     "p3":59},
    {"p1":32,
     "p2":33,
     "p3":46},
    {"p1":29,
     "p2":32,
     "p3":46},
    {"p1":29,
     "p2":46,
     "p3":47},
    {"p1":74,
     "p2":75,
     "p3":76},
    {"p1":25,
     "p2":26,
     "p3":27},
    {"p1":24,
     "p2":25,
     "p3":27},
    {"p1":24,
     "p2":27,
     "p3":28},
    {"p1":93,
     "p2":94,
     "p3":95},
    {"p1":57,
     "p2":58,
     "p3":59},
    {"p1":35,
     "p2":43,
     "p3":44},
    {"p1":35,
     "p2":42,
     "p3":43},
    {"p1":33,
     "p2":45,
     "p3":46},
    {"p1":33,
     "p2":34,
     "p3":45},
    {"p1":34,
     "p2":44,
     "p3":45},
    {"p1":35,
     "p2":36,
     "p3":42},
    {"p1":36,
     "p2":41,
     "p3":42},
    {"p1":36,
     "p2":37,
     "p3":41},
    {"p1":37,
     "p2":38,
     "p3":39},
    {"p1":37,
     "p2":39,
     "p3":40},
    {"p1":37,
     "p2":40,
     "p3":41}]
}