{"points":[
    {"x":0.0199,
     "y":0.39552},
    {"x":0.0199,
     "y":0.45025},
    {"x":0.022388,
     "y":0.50498},
    {"x":0.022388,
     "y":0.5597},
    {"x":0.037313,
     "y":0.60945},
    {"x":0.084577,
     "y":0.66169},
    {"x":0.1393,
     "y":0.699},
    {"x":0.19403,
     "y":0.72388},
    {"x":0.24876,
     "y":0.74378},
    {"x":0.30348,
     "y":0.75124},
    {"x":0.35821,
     "y":0.75373},
    {"x":0.41294,
     "y":0.73632},
    {"x":0.46766,
     "y":0.73881},
    {"x":0.50498,
     "y":0.78856},
    {"x":0.55721,
     "y":0.78856},
    {"x":0.60945,
     "y":0.79353},
    {"x":0.66169,
     "y":0.79353},
    {"x":0.71642,
     "y":0.78856},
    {"x":0.77114,
     "y":0.77612},
    {"x":0.82338,
     "y":0.73383},
    {"x":0.85075,
     "y":0.6791},
    {"x":0.85821,
     "y":0.62438},
    {"x":0.86816,
     "y":0.56965},
    {"x":0.88806,
     "y":0.52239},
    {"x":0.89303,
     "y":0.46766},
    {"x":0.90547,
     "y":0.41294},
    {"x":0.93284,
     "y":0.36318},
    {"x":0.96766,
     "y":0.3209},
    {"x":1,
     "y":0.28358},
    {"x":0.9602,
     "y":0.29602},
    {"x":0.91045,
     "y":0.33582},
    {"x":0.87065,
     "y":0.3806},
    {"x":0.86816,
     "y":0.33333},
    {"x":0.90299,
     "y":0.31343},
    {"x":0.85572,
     "y":0.30597},
    {"x":0.85572,
     "y":0.25124},
    {"x":0.85075,
     "y":0.19652},
    {"x":0.84328,
     "y":0.14428},
    {"x":0.85075,
     "y":0.089552},
    {"x":0.87313,
     "y":0.052239},
    {"x":0.89552,
     "y":0.017413},
    {"x":0.84577,
     "y":0},
    {"x":0.80846,
     "y":0.027363},
    {"x":0.79104,
     "y":0.077114},
    {"x":0.77861,
     "y":0.12935},
    {"x":0.77612,
     "y":0.18408},
    {"x":0.77114,
     "y":0.23632},
    {"x":0.76866,
     "y":0.29104},
    {"x":0.74627,
     "y":0.3408},
    {"x":0.71144,
     "y":0.38308},
    {"x":0.70896,
     "y":0.43781},
    {"x":0.6791,
     "y":0.45025},
    {"x":0.68657,
     "y":0.39552},
    {"x":0.68905,
     "y":0.3408},
    {"x":0.70398,
     "y":0.28607},
    {"x":0.71642,
     "y":0.23134},
    {"x":0.72886,
     "y":0.17662},
    {"x":0.74378,
     "y":0.12189},
    {"x":0.75871,
     "y":0.072139},
    {"x":0.70398,
     "y":0.049751},
    {"x":0.65672,
     "y":0.077114},
    {"x":0.64677,
     "y":0.13184},
    {"x":0.62687,
     "y":0.15174},
    {"x":0.62935,
     "y":0.097015},
    {"x":0.62189,
     "y":0.044776},
    {"x":0.56716,
     "y":0.039801},
    {"x":0.5199,
     "y":0.057214},
    {"x":0.52239,
     "y":0.11194},
    {"x":0.51741,
     "y":0.16418},
    {"x":0.49005,
     "y":0.21891},
    {"x":0.45274,
     "y":0.27363},
    {"x":0.39801,
     "y":0.28358},
    {"x":0.34328,
     "y":0.28358},
    {"x":0.30348,
     "y":0.26368},
    {"x":0.31095,
     "y":0.21393},
    {"x":0.32587,
     "y":0.16169},
    {"x":0.36318,
     "y":0.1194},
    {"x":0.3209,
     "y":0.09204},
    {"x":0.26866,
     "y":0.077114},
    {"x":0.22637,
     "y":0.10199},
    {"x":0.21393,
     "y":0.15672},
    {"x":0.19403,
     "y":0.21144},
    {"x":0.15672,
     "y":0.18657},
    {"x":0.13184,
     "y":0.13184},
    {"x":0.14179,
     "y":0.084577},
    {"x":0.10697,
     "y":0.057214},
    {"x":0.054726,
     "y":0.064677},
    {"x":0.024876,
     "y":0.10448},
    {"x":0.032338,
     "y":0.15672},
    {"x":0.054726,
     "y":0.20896},
    {"x":0.069652,
     "y":0.25871},
    {"x":0.069652,
     "y":0.31095},
    {"x":0.067164,
     "y":0.36567},
    {"x":0.052239,
     "y":0.4204},
    {"x":0.047264,
     "y":0.37313},
    {"x":0.054726,
     "y":0.31841},
    {"x":0.049751,
     "y":0.26368},
    {"x":0.029851,
     "y":0.20896},
    {"x":0,
     "y":0.20896},
    {"x":0.022388,
     "y":0.26368},
    {"x":0.029851,
     "y":0.31841},
    {"x":0.022388,
     "y":0.37313},
    {"x":0.0199,
     "y":0.39552}],
 "triangles":[
    {"p1":3,
     "p2":4,
     "p3":5},
    {"p1":2,
     "p2":3,
     "p3":5},
    {"p1":2,
     "p2":5,
     "p3":93},
    {"p1":5,
     "p2":6,
     "p3":93},
    {"p1":72,
     "p2":92,
     "p3":93},
    {"p1":12,
     "p2":13,
     "p3":14},
    {"p1":16,
     "p2":17,
     "p3":51},
    {"p1":15,
     "p2":16,
     "p3":51},
    {"p1":14,
     "p2":15,
     "p3":51},
    {"p1":12,
     "p2":14,
     "p3":51},
    {"p1":0,
     "p2":1,
     "p3":93},
    {"p1":1,
     "p2":2,
     "p3":93},
    {"p1":11,
     "p2":71,
     "p3":72},
    {"p1":11,
     "p2":12,
     "p3":71},
    {"p1":51,
     "p2":70,
     "p3":71},
    {"p1":12,
     "p2":51,
     "p3":71},
    {"p1":7,
     "p2":8,
     "p3":72},
    {"p1":6,
     "p2":7,
     "p3":93},
    {"p1":7,
     "p2":72,
     "p3":93},
    {"p1":72,
     "p2":73,
     "p3":92},
    {"p1":73,
     "p2":91,
     "p3":92},
    {"p1":73,
     "p2":81,
     "p3":91},
    {"p1":96,
     "p2":99,
     "p3":100},
    {"p1":97,
     "p2":98,
     "p3":99},
    {"p1":96,
     "p2":97,
     "p3":99},
    {"p1":27,
     "p2":28,
     "p3":29},
    {"p1":95,
     "p2":96,
     "p3":100},
    {"p1":81,
     "p2":90,
     "p3":91},
    {"p1":81,
     "p2":82,
     "p3":90},
    {"p1":82,
     "p2":89,
     "p3":90},
    {"p1":9,
     "p2":10,
     "p3":11},
    {"p1":9,
     "p2":11,
     "p3":72},
    {"p1":8,
     "p2":9,
     "p3":72},
    {"p1":94,
     "p2":100,
     "p3":101},
    {"p1":94,
     "p2":95,
     "p3":100},
    {"p1":0,
     "p2":94,
     "p3":101},
    {"p1":0,
     "p2":93,
     "p3":94},
    {"p1":39,
     "p2":40,
     "p3":41},
    {"p1":39,
     "p2":41,
     "p3":42},
    {"p1":38,
     "p2":39,
     "p3":42},
    {"p1":73,
     "p2":74,
     "p3":81},
    {"p1":26,
     "p2":30,
     "p3":31},
    {"p1":26,
     "p2":27,
     "p3":30},
    {"p1":27,
     "p2":29,
     "p3":30},
    {"p1":37,
     "p2":38,
     "p3":44},
    {"p1":36,
     "p2":37,
     "p3":45},
    {"p1":37,
     "p2":44,
     "p3":45},
    {"p1":38,
     "p2":42,
     "p3":43},
    {"p1":38,
     "p2":43,
     "p3":44},
    {"p1":63,
     "p2":64,
     "p3":65},
    {"p1":35,
     "p2":46,
     "p3":47},
    {"p1":36,
     "p2":45,
     "p3":46},
    {"p1":35,
     "p2":36,
     "p3":46},
    {"p1":25,
     "p2":26,
     "p3":31},
    {"p1":24,
     "p2":25,
     "p3":31},
    {"p1":17,
     "p2":21,
     "p3":51},
    {"p1":65,
     "p2":66,
     "p3":67},
    {"p1":63,
     "p2":65,
     "p3":67},
    {"p1":62,
     "p2":67,
     "p3":68},
    {"p1":62,
     "p2":63,
     "p3":67},
    {"p1":75,
     "p2":76,
     "p3":77},
    {"p1":75,
     "p2":77,
     "p3":78},
    {"p1":75,
     "p2":78,
     "p3":79},
    {"p1":62,
     "p2":68,
     "p3":69},
    {"p1":56,
     "p2":61,
     "p3":62},
    {"p1":83,
     "p2":87,
     "p3":88},
    {"p1":83,
     "p2":86,
     "p3":87},
    {"p1":83,
     "p2":85,
     "p3":86},
    {"p1":83,
     "p2":88,
     "p3":89},
    {"p1":82,
     "p2":83,
     "p3":89},
    {"p1":83,
     "p2":84,
     "p3":85},
    {"p1":74,
     "p2":80,
     "p3":81},
    {"p1":74,
     "p2":75,
     "p3":80},
    {"p1":75,
     "p2":79,
     "p3":80},
    {"p1":34,
     "p2":35,
     "p3":47},
    {"p1":32,
     "p2":33,
     "p3":34},
    {"p1":31,
     "p2":48,
     "p3":49},
    {"p1":31,
     "p2":32,
     "p3":48},
    {"p1":34,
     "p2":47,
     "p3":48},
    {"p1":32,
     "p2":34,
     "p3":48},
    {"p1":24,
     "p2":31,
     "p3":50},
    {"p1":31,
     "p2":49,
     "p3":50},
    {"p1":51,
     "p2":52,
     "p3":70},
    {"p1":17,
     "p2":20,
     "p3":21},
    {"p1":57,
     "p2":58,
     "p3":59},
    {"p1":57,
     "p2":59,
     "p3":60},
    {"p1":57,
     "p2":60,
     "p3":61},
    {"p1":56,
     "p2":57,
     "p3":61},
    {"p1":21,
     "p2":22,
     "p3":51},
    {"p1":22,
     "p2":50,
     "p3":51},
    {"p1":54,
     "p2":62,
     "p3":69},
    {"p1":17,
     "p2":18,
     "p3":19},
    {"p1":17,
     "p2":19,
     "p3":20},
    {"p1":23,
     "p2":24,
     "p3":50},
    {"p1":22,
     "p2":23,
     "p3":50},
    {"p1":52,
     "p2":53,
     "p3":70},
    {"p1":53,
     "p2":69,
     "p3":70},
    {"p1":53,
     "p2":54,
     "p3":69},
    {"p1":55,
     "p2":56,
     "p3":62},
    {"p1":54,
     "p2":55,
     "p3":62}]
}