{"points":[
    {"x":0,
     "y":0.50333},
    {"x":0,
     "y":0.52667},
    {"x":0.013333,
     "y":0.55},
    {"x":0.036667,
     "y":0.55667},
    {"x":0.056667,
     "y":0.56333},
    {"x":0.05,
     "y":0.58667},
    {"x":0.046667,
     "y":0.61},
    {"x":0.046667,
     "y":0.63333},
    {"x":0.046667,
     "y":0.65667},
    {"x":0.046667,
     "y":0.68},
    {"x":0.046667,
     "y":0.70333},
    {"x":0.05,
     "y":0.72667},
    {"x":0.06,
     "y":0.75},
    {"x":0.066667,
     "y":0.77333},
    {"x":0.07,
     "y":0.79667},
    {"x":0.073333,
     "y":0.82},
    {"x":0.08,
     "y":0.84333},
    {"x":0.093333,
     "y":0.86667},
    {"x":0.11333,
     "y":0.89},
    {"x":0.13,
     "y":0.91333},
    {"x":0.15333,
     "y":0.93667},
    {"x":0.17667,
     "y":0.96},
    {"x":0.2,
     "y":0.98},
    {"x":0.22333,
     "y":0.99333},
    {"x":0.24667,
     "y":0.99667},
    {"x":0.27,
     "y":1},
    {"x":0.29333,
     "y":1},
    {"x":0.31667,
     "y":0.99667},
    {"x":0.34,
     "y":0.98667},
    {"x":0.36333,
     "y":0.98},
    {"x":0.38667,
     "y":0.96667},
    {"x":0.40667,
     "y":0.94667},
    {"x":0.43,
     "y":0.95667},
    {"x":0.45333,
     "y":0.96667},
    {"x":0.47667,
     "y":0.96667},
    {"x":0.5,
     "y":0.96333},
    {"x":0.52333,
     "y":0.94667},
    {"x":0.54333,
     "y":0.92667},
    {"x":0.56,
     "y":0.90333},
    {"x":0.57333,
     "y":0.88},
    {"x":0.57667,
     "y":0.85667},
    {"x":0.58,
     "y":0.83333},
    {"x":0.58333,
     "y":0.81},
    {"x":0.58333,
     "y":0.78667},
    {"x":0.58333,
     "y":0.76333},
    {"x":0.58,
     "y":0.74},
    {"x":0.58,
     "y":0.71667},
    {"x":0.58,
     "y":0.69333},
    {"x":0.58333,
     "y":0.67},
    {"x":0.58333,
     "y":0.64667},
    {"x":0.58333,
     "y":0.62333},
    {"x":0.59,
     "y":0.6},
    {"x":0.61,
     "y":0.59333},
    {"x":0.61333,
     "y":0.57},
    {"x":0.61,
     "y":0.54667},
    {"x":0.60667,
     "y":0.52333},
    {"x":0.60667,
     "y":0.5},
    {"x":0.60667,
     "y":0.47667},
    {"x":0.60333,
     "y":0.45333},
    {"x":0.6,
     "y":0.43},
    {"x":0.59,
     "y":0.40667},
    {"x":0.57333,
     "y":0.39333},
    {"x":0.55667,
     "y":0.38333},
    {"x":0.55667,
     "y":0.36},
    {"x":0.55,
     "y":0.33667},
    {"x":0.54667,
     "y":0.31333},
    {"x":0.53333,
     "y":0.29},
    {"x":0.52333,
     "y":0.26667},
    {"x":0.52,
     "y":0.24333},
    {"x":0.52,
     "y":0.22},
    {"x":0.52,
     "y":0.19667},
    {"x":0.51333,
     "y":0.17333},
    {"x":0.50667,
     "y":0.15},
    {"x":0.49333,
     "y":0.12667},
    {"x":0.47667,
     "y":0.10333},
    {"x":0.46,
     "y":0.08},
    {"x":0.44,
     "y":0.06},
    {"x":0.42,
     "y":0.043333},
    {"x":0.39667,
     "y":0.026667},
    {"x":0.37333,
     "y":0.016667},
    {"x":0.35,
     "y":0.0066667},
    {"x":0.32667,
     "y":0},
    {"x":0.30333,
     "y":0.0066667},
    {"x":0.28,
     "y":0.02},
    {"x":0.26,
     "y":0.036667},
    {"x":0.23667,
     "y":0.053333},
    {"x":0.21333,
     "y":0.073333},
    {"x":0.19,
     "y":0.096667},
    {"x":0.16667,
     "y":0.12},
    {"x":0.15667,
     "y":0.14333},
    {"x":0.15333,
     "y":0.16667},
    {"x":0.15333,
     "y":0.19},
    {"x":0.16,
     "y":0.21333},
    {"x":0.14667,
     "y":0.23333},
    {"x":0.13,
     "y":0.25333},
    {"x":0.11667,
     "y":0.27667},
    {"x":0.10667,
     "y":0.3},
    {"x":0.10667,
     "y":0.32333},
    {"x":0.10667,
     "y":0.34667},
    {"x":0.086667,
     "y":0.36333},
    {"x":0.066667,
     "y":0.38667},
    {"x":0.053333,
     "y":0.41},
    {"x":0.046667,
     "y":0.43333},
    {"x":0.03,
     "y":0.45667},
    {"x":0.013333,
     "y":0.48},
    {"x":0,
     "y":0.50333},
    {"x":0,
     "y":0.50333}],
 "triangles":[
    {"p1":8,
     "p2":47,
     "p3":49},
    {"p1":67,
     "p2":92,
     "p3":93},
    {"p1":67,
     "p2":93,
     "p3":98},
    {"p1":66,
     "p2":67,
     "p3":98},
    {"p1":74,
     "p2":86,
     "p3":92},
    {"p1":86,
     "p2":87,
     "p3":92},
    {"p1":87,
     "p2":88,
     "p3":89},
    {"p1":75,
     "p2":76,
     "p3":85},
    {"p1":74,
     "p2":75,
     "p3":85},
    {"p1":74,
     "p2":85,
     "p3":86},
    {"p1":22,
     "p2":23,
     "p3":24},
    {"p1":67,
     "p2":68,
     "p3":92},
    {"p1":64,
     "p2":66,
     "p3":98},
    {"p1":87,
     "p2":90,
     "p3":92},
    {"p1":87,
     "p2":89,
     "p3":90},
    {"p1":47,
     "p2":48,
     "p3":49},
    {"p1":5,
     "p2":6,
     "p3":7},
    {"p1":4,
     "p2":5,
     "p3":7},
    {"p1":7,
     "p2":8,
     "p3":49},
    {"p1":4,
     "p2":7,
     "p3":49},
    {"p1":4,
     "p2":98,
     "p3":102},
    {"p1":4,
     "p2":62,
     "p3":98},
    {"p1":62,
     "p2":64,
     "p3":98},
    {"p1":3,
     "p2":4,
     "p3":104},
    {"p1":0,
     "p2":3,
     "p3":104},
    {"p1":0,
     "p2":1,
     "p3":3},
    {"p1":1,
     "p2":2,
     "p3":3},
    {"p1":21,
     "p2":22,
     "p3":24},
    {"p1":13,
     "p2":31,
     "p3":47},
    {"p1":31,
     "p2":41,
     "p3":42},
    {"p1":32,
     "p2":36,
     "p3":37},
    {"p1":32,
     "p2":37,
     "p3":38},
    {"p1":31,
     "p2":32,
     "p3":38},
    {"p1":34,
     "p2":35,
     "p3":36},
    {"p1":32,
     "p2":34,
     "p3":36},
    {"p1":32,
     "p2":33,
     "p3":34},
    {"p1":73,
     "p2":74,
     "p3":92},
    {"p1":76,
     "p2":84,
     "p3":85},
    {"p1":78,
     "p2":79,
     "p3":84},
    {"p1":15,
     "p2":16,
     "p3":17},
    {"p1":71,
     "p2":72,
     "p3":73},
    {"p1":71,
     "p2":73,
     "p3":92},
    {"p1":69,
     "p2":70,
     "p3":71},
    {"p1":68,
     "p2":69,
     "p3":92},
    {"p1":69,
     "p2":71,
     "p3":92},
    {"p1":95,
     "p2":96,
     "p3":97},
    {"p1":93,
     "p2":97,
     "p3":98},
    {"p1":64,
     "p2":65,
     "p3":66},
    {"p1":94,
     "p2":95,
     "p3":97},
    {"p1":93,
     "p2":94,
     "p3":97},
    {"p1":31,
     "p2":42,
     "p3":43},
    {"p1":31,
     "p2":43,
     "p3":45},
    {"p1":43,
     "p2":44,
     "p3":45},
    {"p1":4,
     "p2":103,
     "p3":104},
    {"p1":4,
     "p2":102,
     "p3":103},
    {"p1":4,
     "p2":49,
     "p3":50},
    {"p1":20,
     "p2":28,
     "p3":31},
    {"p1":20,
     "p2":21,
     "p3":28},
    {"p1":24,
     "p2":25,
     "p3":28},
    {"p1":21,
     "p2":24,
     "p3":28},
    {"p1":12,
     "p2":13,
     "p3":47},
    {"p1":8,
     "p2":12,
     "p3":47},
    {"p1":8,
     "p2":9,
     "p3":12},
    {"p1":10,
     "p2":11,
     "p3":12},
    {"p1":9,
     "p2":10,
     "p3":12},
    {"p1":31,
     "p2":38,
     "p3":40},
    {"p1":31,
     "p2":40,
     "p3":41},
    {"p1":38,
     "p2":39,
     "p3":40},
    {"p1":13,
     "p2":18,
     "p3":31},
    {"p1":18,
     "p2":20,
     "p3":31},
    {"p1":18,
     "p2":19,
     "p3":20},
    {"p1":15,
     "p2":17,
     "p3":18},
    {"p1":76,
     "p2":77,
     "p3":84},
    {"p1":77,
     "p2":78,
     "p3":84},
    {"p1":79,
     "p2":80,
     "p3":83},
    {"p1":79,
     "p2":83,
     "p3":84},
    {"p1":13,
     "p2":14,
     "p3":18},
    {"p1":14,
     "p2":15,
     "p3":18},
    {"p1":62,
     "p2":63,
     "p3":64},
    {"p1":90,
     "p2":91,
     "p3":92},
    {"p1":31,
     "p2":46,
     "p3":47},
    {"p1":31,
     "p2":45,
     "p3":46},
    {"p1":4,
     "p2":51,
     "p3":62},
    {"p1":4,
     "p2":50,
     "p3":51},
    {"p1":51,
     "p2":52,
     "p3":53},
    {"p1":29,
     "p2":30,
     "p3":31},
    {"p1":28,
     "p2":29,
     "p3":31},
    {"p1":25,
     "p2":26,
     "p3":28},
    {"p1":26,
     "p2":27,
     "p3":28},
    {"p1":80,
     "p2":81,
     "p3":82},
    {"p1":80,
     "p2":82,
     "p3":83},
    {"p1":98,
     "p2":99,
     "p3":102},
    {"p1":99,
     "p2":100,
     "p3":102},
    {"p1":100,
     "p2":101,
     "p3":102},
    {"p1":59,
     "p2":60,
     "p3":61},
    {"p1":58,
     "p2":59,
     "p3":61},
    {"p1":58,
     "p2":61,
     "p3":62},
    {"p1":51,
     "p2":55,
     "p3":62},
    {"p1":55,
     "p2":56,
     "p3":62},
    {"p1":51,
     "p2":53,
     "p3":54},
    {"p1":51,
     "p2":54,
     "p3":55},
    {"p1":57,
     "p2":58,
     "p3":62},
    {"p1":56,
     "p2":57,
     "p3":62}]
}