{"points":[
    {"x":0,
     "y":0.50164},
    {"x":0,
     "y":0.52459},
    {"x":0.0032787,
     "y":0.54754},
    {"x":0.013115,
     "y":0.57049},
    {"x":0.032787,
     "y":0.58689},
    {"x":0.039344,
     "y":0.60328},
    {"x":0.036066,
     "y":0.62623},
    {"x":0.032787,
     "y":0.64918},
    {"x":0.029508,
     "y":0.67213},
    {"x":0.02623,
     "y":0.69508},
    {"x":0.02623,
     "y":0.71803},
    {"x":0.022951,
     "y":0.74098},
    {"x":0.022951,
     "y":0.76393},
    {"x":0.022951,
     "y":0.78689},
    {"x":0.029508,
     "y":0.80984},
    {"x":0.042623,
     "y":0.83279},
    {"x":0.055738,
     "y":0.85574},
    {"x":0.068852,
     "y":0.87869},
    {"x":0.088525,
     "y":0.90164},
    {"x":0.1082,
     "y":0.92459},
    {"x":0.13115,
     "y":0.94426},
    {"x":0.1541,
     "y":0.96066},
    {"x":0.17705,
     "y":0.97049},
    {"x":0.2,
     "y":0.98033},
    {"x":0.22295,
     "y":0.99016},
    {"x":0.2459,
     "y":0.99672},
    {"x":0.26885,
     "y":1},
    {"x":0.2918,
     "y":1},
    {"x":0.31475,
     "y":0.99672},
    {"x":0.3377,
     "y":0.99672},
    {"x":0.36066,
     "y":0.98689},
    {"x":0.38361,
     "y":0.97049},
    {"x":0.40656,
     "y":0.9541},
    {"x":0.42295,
     "y":0.9377},
    {"x":0.4459,
     "y":0.9377},
    {"x":0.46885,
     "y":0.93115},
    {"x":0.4918,
     "y":0.91803},
    {"x":0.51475,
     "y":0.89836},
    {"x":0.5377,
     "y":0.88197},
    {"x":0.55082,
     "y":0.85902},
    {"x":0.56066,
     "y":0.83607},
    {"x":0.56393,
     "y":0.81311},
    {"x":0.56721,
     "y":0.79016},
    {"x":0.56721,
     "y":0.76721},
    {"x":0.56721,
     "y":0.74426},
    {"x":0.56721,
     "y":0.72131},
    {"x":0.56721,
     "y":0.69836},
    {"x":0.57049,
     "y":0.67541},
    {"x":0.57049,
     "y":0.65246},
    {"x":0.57049,
     "y":0.62951},
    {"x":0.57049,
     "y":0.60656},
    {"x":0.58361,
     "y":0.58689},
    {"x":0.59672,
     "y":0.56393},
    {"x":0.6,
     "y":0.54098},
    {"x":0.6,
     "y":0.51803},
    {"x":0.6,
     "y":0.49508},
    {"x":0.59344,
     "y":0.47213},
    {"x":0.58689,
     "y":0.44918},
    {"x":0.58033,
     "y":0.42623},
    {"x":0.55738,
     "y":0.40328},
    {"x":0.5377,
     "y":0.38361},
    {"x":0.53115,
     "y":0.36066},
    {"x":0.53115,
     "y":0.3377},
    {"x":0.52787,
     "y":0.31475},
    {"x":0.51803,
     "y":0.2918},
    {"x":0.50492,
     "y":0.26885},
    {"x":0.48852,
     "y":0.2459},
    {"x":0.48852,
     "y":0.22295},
    {"x":0.48197,
     "y":0.2},
    {"x":0.47869,
     "y":0.17705},
    {"x":0.47541,
     "y":0.1541},
    {"x":0.46557,
     "y":0.13115},
    {"x":0.45574,
     "y":0.1082},
    {"x":0.43607,
     "y":0.085246},
    {"x":0.41311,
     "y":0.072131},
    {"x":0.39016,
     "y":0.059016},
    {"x":0.36721,
     "y":0.042623},
    {"x":0.34426,
     "y":0.02623},
    {"x":0.32131,
     "y":0.013115},
    {"x":0.29836,
     "y":0},
    {"x":0.27541,
     "y":0.0065574},
    {"x":0.25246,
     "y":0.016393},
    {"x":0.22951,
     "y":0.02623},
    {"x":0.20656,
     "y":0.042623},
    {"x":0.18689,
     "y":0.062295},
    {"x":0.16393,
     "y":0.085246},
    {"x":0.15082,
     "y":0.1082},
    {"x":0.1377,
     "y":0.13115},
    {"x":0.12787,
     "y":0.1541},
    {"x":0.12131,
     "y":0.17705},
    {"x":0.12787,
     "y":0.2},
    {"x":0.12787,
     "y":0.22295},
    {"x":0.12787,
     "y":0.2459},
    {"x":0.12787,
     "y":0.26885},
    {"x":0.12787,
     "y":0.2918},
    {"x":0.12459,
     "y":0.31475},
    {"x":0.11148,
     "y":0.3377},
    {"x":0.098361,
     "y":0.36066},
    {"x":0.078689,
     "y":0.37705},
    {"x":0.055738,
     "y":0.39016},
    {"x":0.042623,
     "y":0.41311},
    {"x":0.032787,
     "y":0.43607},
    {"x":0.016393,
     "y":0.45902},
    {"x":0.0065574,
     "y":0.48197},
    {"x":0,
     "y":0.50164}],
 "triangles":[
    {"p1":66,
     "p2":94,
     "p3":95},
    {"p1":6,
     "p2":46,
     "p3":48},
    {"p1":5,
     "p2":50,
     "p3":97},
    {"p1":5,
     "p2":6,
     "p3":48},
    {"p1":8,
     "p2":33,
     "p3":46},
    {"p1":8,
     "p2":10,
     "p3":33},
    {"p1":66,
     "p2":92,
     "p3":93},
    {"p1":66,
     "p2":93,
     "p3":94},
    {"p1":46,
     "p2":47,
     "p3":48},
    {"p1":51,
     "p2":52,
     "p3":53},
    {"p1":4,
     "p2":97,
     "p3":98},
    {"p1":4,
     "p2":5,
     "p3":97},
    {"p1":4,
     "p2":98,
     "p3":101},
    {"p1":4,
     "p2":101,
     "p3":102},
    {"p1":2,
     "p2":3,
     "p3":4},
    {"p1":5,
     "p2":49,
     "p3":50},
    {"p1":5,
     "p2":48,
     "p3":49},
    {"p1":50,
     "p2":60,
     "p3":97},
    {"p1":60,
     "p2":96,
     "p3":97},
    {"p1":60,
     "p2":95,
     "p3":96},
    {"p1":6,
     "p2":7,
     "p3":46},
    {"p1":7,
     "p2":8,
     "p3":46},
    {"p1":10,
     "p2":12,
     "p3":15},
    {"p1":12,
     "p2":13,
     "p3":14},
    {"p1":12,
     "p2":14,
     "p3":15},
    {"p1":20,
     "p2":21,
     "p3":22},
    {"p1":1,
     "p2":2,
     "p3":4},
    {"p1":8,
     "p2":9,
     "p3":10},
    {"p1":22,
     "p2":23,
     "p3":33},
    {"p1":10,
     "p2":15,
     "p3":16},
    {"p1":39,
     "p2":40,
     "p3":41},
    {"p1":87,
     "p2":88,
     "p3":90},
    {"p1":88,
     "p2":89,
     "p3":90},
    {"p1":86,
     "p2":87,
     "p3":90},
    {"p1":98,
     "p2":100,
     "p3":101},
    {"p1":98,
     "p2":99,
     "p3":100},
    {"p1":60,
     "p2":61,
     "p3":95},
    {"p1":61,
     "p2":66,
     "p3":95},
    {"p1":61,
     "p2":65,
     "p3":66},
    {"p1":18,
     "p2":22,
     "p3":33},
    {"p1":18,
     "p2":20,
     "p3":22},
    {"p1":16,
     "p2":17,
     "p3":18},
    {"p1":10,
     "p2":18,
     "p3":33},
    {"p1":10,
     "p2":16,
     "p3":18},
    {"p1":4,
     "p2":102,
     "p3":103},
    {"p1":1,
     "p2":4,
     "p3":103},
    {"p1":0,
     "p2":1,
     "p3":103},
    {"p1":10,
     "p2":11,
     "p3":12},
    {"p1":33,
     "p2":41,
     "p3":42},
    {"p1":24,
     "p2":25,
     "p3":28},
    {"p1":23,
     "p2":24,
     "p3":28},
    {"p1":23,
     "p2":31,
     "p3":33},
    {"p1":23,
     "p2":28,
     "p3":31},
    {"p1":33,
     "p2":37,
     "p3":41},
    {"p1":37,
     "p2":39,
     "p3":41},
    {"p1":37,
     "p2":38,
     "p3":39},
    {"p1":66,
     "p2":67,
     "p3":68},
    {"p1":66,
     "p2":68,
     "p3":92},
    {"p1":68,
     "p2":91,
     "p3":92},
    {"p1":76,
     "p2":83,
     "p3":84},
    {"p1":84,
     "p2":85,
     "p3":86},
    {"p1":77,
     "p2":81,
     "p3":82},
    {"p1":50,
     "p2":59,
     "p3":60},
    {"p1":50,
     "p2":56,
     "p3":59},
    {"p1":50,
     "p2":51,
     "p3":54},
    {"p1":50,
     "p2":54,
     "p3":56},
    {"p1":51,
     "p2":53,
     "p3":54},
    {"p1":18,
     "p2":19,
     "p3":20},
    {"p1":33,
     "p2":34,
     "p3":35},
    {"p1":28,
     "p2":29,
     "p3":30},
    {"p1":28,
     "p2":30,
     "p3":31},
    {"p1":33,
     "p2":35,
     "p3":36},
    {"p1":33,
     "p2":36,
     "p3":37},
    {"p1":69,
     "p2":70,
     "p3":71},
    {"p1":77,
     "p2":78,
     "p3":81},
    {"p1":78,
     "p2":80,
     "p3":81},
    {"p1":78,
     "p2":79,
     "p3":80},
    {"p1":56,
     "p2":57,
     "p3":59},
    {"p1":54,
     "p2":55,
     "p3":56},
    {"p1":33,
     "p2":42,
     "p3":43},
    {"p1":33,
     "p2":43,
     "p3":44},
    {"p1":33,
     "p2":45,
     "p3":46},
    {"p1":33,
     "p2":44,
     "p3":45},
    {"p1":31,
     "p2":32,
     "p3":33},
    {"p1":69,
     "p2":71,
     "p3":74},
    {"p1":71,
     "p2":72,
     "p3":74},
    {"p1":72,
     "p2":73,
     "p3":74},
    {"p1":68,
     "p2":75,
     "p3":91},
    {"p1":68,
     "p2":69,
     "p3":75},
    {"p1":69,
     "p2":74,
     "p3":75},
    {"p1":75,
     "p2":90,
     "p3":91},
    {"p1":75,
     "p2":86,
     "p3":90},
    {"p1":75,
     "p2":84,
     "p3":86},
    {"p1":75,
     "p2":76,
     "p3":84},
    {"p1":61,
     "p2":64,
     "p3":65},
    {"p1":61,
     "p2":62,
     "p3":64},
    {"p1":62,
     "p2":63,
     "p3":64},
    {"p1":57,
     "p2":58,
     "p3":59},
    {"p1":76,
     "p2":82,
     "p3":83},
    {"p1":76,
     "p2":77,
     "p3":82},
    {"p1":25,
     "p2":27,
     "p3":28},
    {"p1":25,
     "p2":26,
     "p3":27}]
}