{"points":[
    {"x":0,
     "y":0.50836},
    {"x":0,
     "y":0.53177},
    {"x":0.0033445,
     "y":0.55518},
    {"x":0.013378,
     "y":0.5786},
    {"x":0.033445,
     "y":0.59532},
    {"x":0.043478,
     "y":0.61204},
    {"x":0.043478,
     "y":0.63545},
    {"x":0.043478,
     "y":0.65886},
    {"x":0.043478,
     "y":0.68227},
    {"x":0.043478,
     "y":0.70569},
    {"x":0.043478,
     "y":0.7291},
    {"x":0.043478,
     "y":0.75251},
    {"x":0.046823,
     "y":0.77592},
    {"x":0.056856,
     "y":0.79933},
    {"x":0.06689,
     "y":0.82274},
    {"x":0.076923,
     "y":0.84615},
    {"x":0.090301,
     "y":0.86957},
    {"x":0.10702,
     "y":0.89298},
    {"x":0.12709,
     "y":0.91304},
    {"x":0.1505,
     "y":0.92642},
    {"x":0.17391,
     "y":0.94314},
    {"x":0.19732,
     "y":0.95987},
    {"x":0.22074,
     "y":0.96656},
    {"x":0.24415,
     "y":0.97659},
    {"x":0.26756,
     "y":0.98662},
    {"x":0.29097,
     "y":0.99666},
    {"x":0.31438,
     "y":1},
    {"x":0.33779,
     "y":1},
    {"x":0.3612,
     "y":0.99331},
    {"x":0.38462,
     "y":0.98997},
    {"x":0.40803,
     "y":0.97659},
    {"x":0.42475,
     "y":0.95318},
    {"x":0.44816,
     "y":0.95318},
    {"x":0.47157,
     "y":0.94983},
    {"x":0.49498,
     "y":0.9398},
    {"x":0.51839,
     "y":0.91973},
    {"x":0.54181,
     "y":0.90301},
    {"x":0.55518,
     "y":0.8796},
    {"x":0.56856,
     "y":0.85619},
    {"x":0.57525,
     "y":0.83278},
    {"x":0.5786,
     "y":0.80936},
    {"x":0.5786,
     "y":0.78595},
    {"x":0.5786,
     "y":0.76254},
    {"x":0.5786,
     "y":0.73913},
    {"x":0.5786,
     "y":0.71572},
    {"x":0.58194,
     "y":0.69231},
    {"x":0.58194,
     "y":0.6689},
    {"x":0.58194,
     "y":0.64548},
    {"x":0.58194,
     "y":0.62207},
    {"x":0.59197,
     "y":0.60201},
    {"x":0.60535,
     "y":0.5786},
    {"x":0.6087,
     "y":0.55518},
    {"x":0.6087,
     "y":0.53177},
    {"x":0.60535,
     "y":0.50836},
    {"x":0.59532,
     "y":0.48495},
    {"x":0.58863,
     "y":0.46154},
    {"x":0.58194,
     "y":0.43813},
    {"x":0.57525,
     "y":0.41472},
    {"x":0.55184,
     "y":0.39465},
    {"x":0.54181,
     "y":0.37124},
    {"x":0.54181,
     "y":0.34783},
    {"x":0.53846,
     "y":0.32441},
    {"x":0.53177,
     "y":0.301},
    {"x":0.51839,
     "y":0.27759},
    {"x":0.49833,
     "y":0.25418},
    {"x":0.49833,
     "y":0.23077},
    {"x":0.49498,
     "y":0.20736},
    {"x":0.49164,
     "y":0.18395},
    {"x":0.48495,
     "y":0.16054},
    {"x":0.47826,
     "y":0.13712},
    {"x":0.46823,
     "y":0.11371},
    {"x":0.45151,
     "y":0.090301},
    {"x":0.42809,
     "y":0.076923},
    {"x":0.40468,
     "y":0.060201},
    {"x":0.38127,
     "y":0.043478},
    {"x":0.35786,
     "y":0.026756},
    {"x":0.33445,
     "y":0.013378},
    {"x":0.31104,
     "y":0},
    {"x":0.28763,
     "y":0},
    {"x":0.26421,
     "y":0.010033},
    {"x":0.2408,
     "y":0.020067},
    {"x":0.21739,
     "y":0.033445},
    {"x":0.19732,
     "y":0.053512},
    {"x":0.17391,
     "y":0.076923},
    {"x":0.15385,
     "y":0.10033},
    {"x":0.14716,
     "y":0.12375},
    {"x":0.13378,
     "y":0.14716},
    {"x":0.12375,
     "y":0.17057},
    {"x":0.12709,
     "y":0.19398},
    {"x":0.13043,
     "y":0.21739},
    {"x":0.13043,
     "y":0.2408},
    {"x":0.13043,
     "y":0.26421},
    {"x":0.13043,
     "y":0.28763},
    {"x":0.12709,
     "y":0.31104},
    {"x":0.11706,
     "y":0.33445},
    {"x":0.10368,
     "y":0.35786},
    {"x":0.086957,
     "y":0.37793},
    {"x":0.063545,
     "y":0.3913},
    {"x":0.046823,
     "y":0.41137},
    {"x":0.036789,
     "y":0.43478},
    {"x":0.023411,
     "y":0.45819},
    {"x":0.006689,
     "y":0.48161},
    {"x":0.0033445,
     "y":0.50502},
    {"x":0,
     "y":0.50836}],
 "triangles":[
    {"p1":59,
     "p2":64,
     "p3":93},
    {"p1":6,
     "p2":7,
     "p3":47},
    {"p1":5,
     "p2":95,
     "p3":96},
    {"p1":96,
     "p2":97,
     "p3":98},
    {"p1":64,
     "p2":92,
     "p3":93},
    {"p1":64,
     "p2":91,
     "p3":92},
    {"p1":64,
     "p2":90,
     "p3":91},
    {"p1":49,
     "p2":50,
     "p3":51},
    {"p1":5,
     "p2":48,
     "p3":95},
    {"p1":5,
     "p2":6,
     "p3":48},
    {"p1":6,
     "p2":47,
     "p3":48},
    {"p1":59,
     "p2":93,
     "p3":94},
    {"p1":59,
     "p2":94,
     "p3":95},
    {"p1":59,
     "p2":60,
     "p3":64},
    {"p1":1,
     "p2":2,
     "p3":4},
    {"p1":26,
     "p2":27,
     "p3":28},
    {"p1":28,
     "p2":29,
     "p3":31},
    {"p1":35,
     "p2":36,
     "p3":37},
    {"p1":33,
     "p2":34,
     "p3":35},
    {"p1":96,
     "p2":98,
     "p3":99},
    {"p1":4,
     "p2":5,
     "p3":99},
    {"p1":5,
     "p2":96,
     "p3":99},
    {"p1":64,
     "p2":66,
     "p3":90},
    {"p1":66,
     "p2":89,
     "p3":90},
    {"p1":73,
     "p2":85,
     "p3":89},
    {"p1":73,
     "p2":74,
     "p3":85},
    {"p1":37,
     "p2":39,
     "p3":40},
    {"p1":37,
     "p2":38,
     "p3":39},
    {"p1":49,
     "p2":51,
     "p3":52},
    {"p1":31,
     "p2":43,
     "p3":44},
    {"p1":31,
     "p2":42,
     "p3":43},
    {"p1":31,
     "p2":41,
     "p3":42},
    {"p1":31,
     "p2":35,
     "p3":41},
    {"p1":37,
     "p2":40,
     "p3":41},
    {"p1":35,
     "p2":37,
     "p3":41},
    {"p1":58,
     "p2":59,
     "p3":95},
    {"p1":48,
     "p2":58,
     "p3":95},
    {"p1":61,
     "p2":63,
     "p3":64},
    {"p1":60,
     "p2":61,
     "p3":64},
    {"p1":61,
     "p2":62,
     "p3":63},
    {"p1":2,
     "p2":3,
     "p3":4},
    {"p1":29,
     "p2":30,
     "p3":31},
    {"p1":23,
     "p2":24,
     "p3":31},
    {"p1":24,
     "p2":28,
     "p3":31},
    {"p1":24,
     "p2":25,
     "p3":26},
    {"p1":24,
     "p2":26,
     "p3":28},
    {"p1":31,
     "p2":32,
     "p3":35},
    {"p1":32,
     "p2":33,
     "p3":35},
    {"p1":0,
     "p2":1,
     "p3":102},
    {"p1":1,
     "p2":4,
     "p3":102},
    {"p1":100,
     "p2":101,
     "p3":102},
    {"p1":4,
     "p2":99,
     "p3":100},
    {"p1":4,
     "p2":100,
     "p3":102},
    {"p1":66,
     "p2":68,
     "p3":89},
    {"p1":64,
     "p2":65,
     "p3":66},
    {"p1":85,
     "p2":88,
     "p3":89},
    {"p1":74,
     "p2":75,
     "p3":82},
    {"p1":74,
     "p2":82,
     "p3":83},
    {"p1":74,
     "p2":83,
     "p3":85},
    {"p1":83,
     "p2":84,
     "p3":85},
    {"p1":44,
     "p2":45,
     "p3":46},
    {"p1":7,
     "p2":46,
     "p3":47},
    {"p1":7,
     "p2":8,
     "p3":46},
    {"p1":8,
     "p2":44,
     "p3":46},
    {"p1":48,
     "p2":55,
     "p3":58},
    {"p1":10,
     "p2":11,
     "p3":13},
    {"p1":10,
     "p2":13,
     "p3":14},
    {"p1":11,
     "p2":12,
     "p3":13},
    {"p1":9,
     "p2":10,
     "p3":14},
    {"p1":9,
     "p2":31,
     "p3":44},
    {"p1":8,
     "p2":9,
     "p3":44},
    {"p1":72,
     "p2":73,
     "p3":89},
    {"p1":68,
     "p2":72,
     "p3":89},
    {"p1":66,
     "p2":67,
     "p3":68},
    {"p1":86,
     "p2":87,
     "p3":88},
    {"p1":85,
     "p2":86,
     "p3":88},
    {"p1":75,
     "p2":79,
     "p3":80},
    {"p1":80,
     "p2":81,
     "p3":82},
    {"p1":75,
     "p2":80,
     "p3":82},
    {"p1":75,
     "p2":76,
     "p3":79},
    {"p1":76,
     "p2":77,
     "p3":78},
    {"p1":76,
     "p2":78,
     "p3":79},
    {"p1":48,
     "p2":49,
     "p3":54},
    {"p1":48,
     "p2":54,
     "p3":55},
    {"p1":49,
     "p2":52,
     "p3":54},
    {"p1":52,
     "p2":53,
     "p3":54},
    {"p1":14,
     "p2":15,
     "p3":19},
    {"p1":15,
     "p2":16,
     "p3":19},
    {"p1":19,
     "p2":20,
     "p3":31},
    {"p1":16,
     "p2":17,
     "p3":19},
    {"p1":9,
     "p2":19,
     "p3":31},
    {"p1":9,
     "p2":14,
     "p3":19},
    {"p1":22,
     "p2":23,
     "p3":31},
    {"p1":20,
     "p2":22,
     "p3":31},
    {"p1":20,
     "p2":21,
     "p3":22},
    {"p1":55,
     "p2":56,
     "p3":58},
    {"p1":56,
     "p2":57,
     "p3":58},
    {"p1":17,
     "p2":18,
     "p3":19},
    {"p1":70,
     "p2":71,
     "p3":72},
    {"p1":68,
     "p2":69,
     "p3":72},
    {"p1":69,
     "p2":70,
     "p3":72}]
}