{"points":[
    {"x":0,
     "y":0.50836},
    {"x":0,
     "y":0.53177},
    {"x":0.0033445,
     "y":0.55518},
    {"x":0.013378,
     "y":0.5786},
    {"x":0.033445,
     "y":0.59532},
    {"x":0.040134,
     "y":0.61204},
    {"x":0.036789,
     "y":0.63545},
    {"x":0.033445,
     "y":0.65886},
    {"x":0.0301,
     "y":0.68227},
    {"x":0.026756,
     "y":0.70569},
    {"x":0.026756,
     "y":0.7291},
    {"x":0.023411,
     "y":0.75251},
    {"x":0.023411,
     "y":0.77592},
    {"x":0.023411,
     "y":0.79933},
    {"x":0.0301,
     "y":0.82274},
    {"x":0.043478,
     "y":0.84615},
    {"x":0.056856,
     "y":0.86957},
    {"x":0.070234,
     "y":0.89298},
    {"x":0.093645,
     "y":0.91639},
    {"x":0.11706,
     "y":0.92977},
    {"x":0.14047,
     "y":0.94314},
    {"x":0.16388,
     "y":0.94983},
    {"x":0.18729,
     "y":0.95652},
    {"x":0.2107,
     "y":0.96321},
    {"x":0.23411,
     "y":0.97324},
    {"x":0.25753,
     "y":0.98662},
    {"x":0.28094,
     "y":0.99331},
    {"x":0.30435,
     "y":1},
    {"x":0.32776,
     "y":1},
    {"x":0.35117,
     "y":1},
    {"x":0.37458,
     "y":0.99331},
    {"x":0.39799,
     "y":0.98328},
    {"x":0.41806,
     "y":0.96321},
    {"x":0.43813,
     "y":0.95318},
    {"x":0.46154,
     "y":0.95318},
    {"x":0.48495,
     "y":0.94314},
    {"x":0.50836,
     "y":0.92642},
    {"x":0.53177,
     "y":0.91304},
    {"x":0.55184,
     "y":0.88963},
    {"x":0.56522,
     "y":0.86622},
    {"x":0.57191,
     "y":0.84281},
    {"x":0.5786,
     "y":0.8194},
    {"x":0.5786,
     "y":0.79599},
    {"x":0.5786,
     "y":0.77258},
    {"x":0.5786,
     "y":0.74916},
    {"x":0.5786,
     "y":0.72575},
    {"x":0.5786,
     "y":0.70234},
    {"x":0.58194,
     "y":0.67893},
    {"x":0.58194,
     "y":0.65552},
    {"x":0.58194,
     "y":0.63211},
    {"x":0.58194,
     "y":0.6087},
    {"x":0.59866,
     "y":0.58863},
    {"x":0.6087,
     "y":0.56522},
    {"x":0.61204,
     "y":0.54181},
    {"x":0.61204,
     "y":0.51839},
    {"x":0.61204,
     "y":0.49498},
    {"x":0.60201,
     "y":0.47157},
    {"x":0.59866,
     "y":0.44816},
    {"x":0.58528,
     "y":0.42475},
    {"x":0.56187,
     "y":0.40468},
    {"x":0.54515,
     "y":0.38127},
    {"x":0.54181,
     "y":0.35786},
    {"x":0.54181,
     "y":0.33445},
    {"x":0.53512,
     "y":0.31104},
    {"x":0.52174,
     "y":0.28763},
    {"x":0.50836,
     "y":0.26421},
    {"x":0.49833,
     "y":0.2408},
    {"x":0.49498,
     "y":0.21739},
    {"x":0.49164,
     "y":0.19398},
    {"x":0.48829,
     "y":0.17057},
    {"x":0.48161,
     "y":0.14716},
    {"x":0.47157,
     "y":0.12375},
    {"x":0.46154,
     "y":0.10033},
    {"x":0.43813,
     "y":0.080268},
    {"x":0.41472,
     "y":0.06689},
    {"x":0.3913,
     "y":0.050167},
    {"x":0.36789,
     "y":0.033445},
    {"x":0.34448,
     "y":0.020067},
    {"x":0.32107,
     "y":0.006689},
    {"x":0.29766,
     "y":0},
    {"x":0.27425,
     "y":0.006689},
    {"x":0.25084,
     "y":0.016722},
    {"x":0.22742,
     "y":0.026756},
    {"x":0.20736,
     "y":0.046823},
    {"x":0.18395,
     "y":0.06689},
    {"x":0.16054,
     "y":0.090301},
    {"x":0.1505,
     "y":0.11371},
    {"x":0.14047,
     "y":0.13712},
    {"x":0.12375,
     "y":0.16054},
    {"x":0.12709,
     "y":0.18395},
    {"x":0.13043,
     "y":0.20736},
    {"x":0.13043,
     "y":0.23077},
    {"x":0.13043,
     "y":0.25418},
    {"x":0.13043,
     "y":0.27759},
    {"x":0.13043,
     "y":0.301},
    {"x":0.12375,
     "y":0.32441},
    {"x":0.11037,
     "y":0.34783},
    {"x":0.09699,
     "y":0.37124},
    {"x":0.073579,
     "y":0.38462},
    {"x":0.053512,
     "y":0.40134},
    {"x":0.040134,
     "y":0.42475},
    {"x":0.0301,
     "y":0.44816},
    {"x":0.013378,
     "y":0.47157},
    {"x":0.0033445,
     "y":0.49498},
    {"x":0,
     "y":0.50836}],
 "triangles":[
    {"p1":50,
     "p2":60,
     "p3":97},
    {"p1":5,
     "p2":50,
     "p3":97},
    {"p1":5,
     "p2":6,
     "p3":46},
    {"p1":6,
     "p2":7,
     "p3":46},
    {"p1":7,
     "p2":23,
     "p3":46},
    {"p1":65,
     "p2":66,
     "p3":94},
    {"p1":65,
     "p2":94,
     "p3":95},
    {"p1":50,
     "p2":59,
     "p3":60},
    {"p1":4,
     "p2":97,
     "p3":101},
    {"p1":4,
     "p2":5,
     "p3":97},
    {"p1":4,
     "p2":101,
     "p3":102},
    {"p1":4,
     "p2":102,
     "p3":103},
    {"p1":5,
     "p2":46,
     "p3":48},
    {"p1":66,
     "p2":93,
     "p3":94},
    {"p1":66,
     "p2":92,
     "p3":93},
    {"p1":2,
     "p2":3,
     "p3":4},
    {"p1":50,
     "p2":52,
     "p3":53},
    {"p1":50,
     "p2":51,
     "p3":52},
    {"p1":66,
     "p2":67,
     "p3":92},
    {"p1":67,
     "p2":91,
     "p3":92},
    {"p1":60,
     "p2":96,
     "p3":97},
    {"p1":60,
     "p2":95,
     "p3":96},
    {"p1":60,
     "p2":61,
     "p3":95},
    {"p1":61,
     "p2":65,
     "p3":95},
    {"p1":50,
     "p2":56,
     "p3":59},
    {"p1":0,
     "p2":1,
     "p3":103},
    {"p1":1,
     "p2":4,
     "p3":103},
    {"p1":1,
     "p2":2,
     "p3":4},
    {"p1":5,
     "p2":49,
     "p3":50},
    {"p1":5,
     "p2":48,
     "p3":49},
    {"p1":69,
     "p2":70,
     "p3":74},
    {"p1":81,
     "p2":82,
     "p3":83},
    {"p1":28,
     "p2":29,
     "p3":30},
    {"p1":46,
     "p2":47,
     "p3":48},
    {"p1":67,
     "p2":68,
     "p3":91},
    {"p1":68,
     "p2":90,
     "p3":91},
    {"p1":68,
     "p2":74,
     "p3":90},
    {"p1":68,
     "p2":69,
     "p3":74},
    {"p1":61,
     "p2":64,
     "p3":65},
    {"p1":50,
     "p2":53,
     "p3":54},
    {"p1":50,
     "p2":54,
     "p3":56},
    {"p1":56,
     "p2":58,
     "p3":59},
    {"p1":38,
     "p2":39,
     "p3":40},
    {"p1":36,
     "p2":38,
     "p3":40},
    {"p1":36,
     "p2":37,
     "p3":38},
    {"p1":74,
     "p2":75,
     "p3":90},
    {"p1":75,
     "p2":76,
     "p3":83},
    {"p1":70,
     "p2":71,
     "p3":74},
    {"p1":97,
     "p2":100,
     "p3":101},
    {"p1":97,
     "p2":98,
     "p3":100},
    {"p1":98,
     "p2":99,
     "p3":100},
    {"p1":84,
     "p2":85,
     "p3":86},
    {"p1":75,
     "p2":84,
     "p3":86},
    {"p1":75,
     "p2":83,
     "p3":84},
    {"p1":77,
     "p2":80,
     "p3":81},
    {"p1":76,
     "p2":77,
     "p3":83},
    {"p1":77,
     "p2":81,
     "p3":83},
    {"p1":24,
     "p2":25,
     "p3":26},
    {"p1":26,
     "p2":27,
     "p3":28},
    {"p1":40,
     "p2":41,
     "p3":42},
    {"p1":36,
     "p2":40,
     "p3":42},
    {"p1":33,
     "p2":36,
     "p3":42},
    {"p1":33,
     "p2":42,
     "p3":43},
    {"p1":33,
     "p2":43,
     "p3":44},
    {"p1":54,
     "p2":55,
     "p3":56},
    {"p1":61,
     "p2":63,
     "p3":64},
    {"p1":33,
     "p2":35,
     "p3":36},
    {"p1":33,
     "p2":34,
     "p3":35},
    {"p1":75,
     "p2":87,
     "p3":90},
    {"p1":75,
     "p2":86,
     "p3":87},
    {"p1":87,
     "p2":89,
     "p3":90},
    {"p1":87,
     "p2":88,
     "p3":89},
    {"p1":71,
     "p2":72,
     "p3":73},
    {"p1":71,
     "p2":73,
     "p3":74},
    {"p1":78,
     "p2":79,
     "p3":80},
    {"p1":77,
     "p2":78,
     "p3":80},
    {"p1":10,
     "p2":21,
     "p3":22},
    {"p1":10,
     "p2":15,
     "p3":16},
    {"p1":10,
     "p2":16,
     "p3":21},
    {"p1":10,
     "p2":22,
     "p3":23},
    {"p1":19,
     "p2":20,
     "p3":21},
    {"p1":16,
     "p2":19,
     "p3":21},
    {"p1":24,
     "p2":26,
     "p3":32},
    {"p1":23,
     "p2":32,
     "p3":33},
    {"p1":23,
     "p2":24,
     "p3":32},
    {"p1":26,
     "p2":28,
     "p3":32},
    {"p1":28,
     "p2":30,
     "p3":32},
    {"p1":30,
     "p2":31,
     "p3":32},
    {"p1":33,
     "p2":44,
     "p3":45},
    {"p1":23,
     "p2":45,
     "p3":46},
    {"p1":23,
     "p2":33,
     "p3":45},
    {"p1":56,
     "p2":57,
     "p3":58},
    {"p1":61,
     "p2":62,
     "p3":63},
    {"p1":10,
     "p2":12,
     "p3":15},
    {"p1":12,
     "p2":14,
     "p3":15},
    {"p1":12,
     "p2":13,
     "p3":14},
    {"p1":7,
     "p2":8,
     "p3":23},
    {"p1":8,
     "p2":10,
     "p3":23},
    {"p1":10,
     "p2":11,
     "p3":12},
    {"p1":8,
     "p2":9,
     "p3":10},
    {"p1":16,
     "p2":17,
     "p3":19},
    {"p1":17,
     "p2":18,
     "p3":19}]
}