{"points":[
    {"x":0,
     "y":0.5},
    {"x":0,
     "y":0.52303},
    {"x":0.0032895,
     "y":0.54605},
    {"x":0.013158,
     "y":0.56908},
    {"x":0.032895,
     "y":0.58553},
    {"x":0.039474,
     "y":0.60197},
    {"x":0.036184,
     "y":0.625},
    {"x":0.032895,
     "y":0.64803},
    {"x":0.029605,
     "y":0.67105},
    {"x":0.026316,
     "y":0.69408},
    {"x":0.026316,
     "y":0.71711},
    {"x":0.023026,
     "y":0.74013},
    {"x":0.023026,
     "y":0.76316},
    {"x":0.023026,
     "y":0.78618},
    {"x":0.029605,
     "y":0.80921},
    {"x":0.042763,
     "y":0.83224},
    {"x":0.055921,
     "y":0.85526},
    {"x":0.069079,
     "y":0.87829},
    {"x":0.088816,
     "y":0.90132},
    {"x":0.10855,
     "y":0.92434},
    {"x":0.13158,
     "y":0.94408},
    {"x":0.15461,
     "y":0.96053},
    {"x":0.17763,
     "y":0.97039},
    {"x":0.20066,
     "y":0.98026},
    {"x":0.22368,
     "y":0.99013},
    {"x":0.24671,
     "y":0.99671},
    {"x":0.26974,
     "y":1},
    {"x":0.29276,
     "y":1},
    {"x":0.31579,
     "y":0.99671},
    {"x":0.33882,
     "y":0.99671},
    {"x":0.36184,
     "y":0.98684},
    {"x":0.38487,
     "y":0.97039},
    {"x":0.40789,
     "y":0.95395},
    {"x":0.42434,
     "y":0.94079},
    {"x":0.44737,
     "y":0.94737},
    {"x":0.47039,
     "y":0.94408},
    {"x":0.49342,
     "y":0.94079},
    {"x":0.51645,
     "y":0.93092},
    {"x":0.53947,
     "y":0.91447},
    {"x":0.55921,
     "y":0.89474},
    {"x":0.57895,
     "y":0.87171},
    {"x":0.58553,
     "y":0.84868},
    {"x":0.58882,
     "y":0.82566},
    {"x":0.58882,
     "y":0.80263},
    {"x":0.58882,
     "y":0.77961},
    {"x":0.58882,
     "y":0.75658},
    {"x":0.58882,
     "y":0.73355},
    {"x":0.58553,
     "y":0.71053},
    {"x":0.58224,
     "y":0.6875},
    {"x":0.57895,
     "y":0.66447},
    {"x":0.57566,
     "y":0.64145},
    {"x":0.57237,
     "y":0.61842},
    {"x":0.57566,
     "y":0.59539},
    {"x":0.59211,
     "y":0.57566},
    {"x":0.59868,
     "y":0.55263},
    {"x":0.60197,
     "y":0.52961},
    {"x":0.60197,
     "y":0.50658},
    {"x":0.60197,
     "y":0.48355},
    {"x":0.59211,
     "y":0.46053},
    {"x":0.58553,
     "y":0.4375},
    {"x":0.57237,
     "y":0.41447},
    {"x":0.54934,
     "y":0.39474},
    {"x":0.53618,
     "y":0.37171},
    {"x":0.53289,
     "y":0.34868},
    {"x":0.52961,
     "y":0.32566},
    {"x":0.52632,
     "y":0.30263},
    {"x":0.51316,
     "y":0.27961},
    {"x":0.49671,
     "y":0.25658},
    {"x":0.49013,
     "y":0.23355},
    {"x":0.48684,
     "y":0.21053},
    {"x":0.48355,
     "y":0.1875},
    {"x":0.48026,
     "y":0.16447},
    {"x":0.47039,
     "y":0.14145},
    {"x":0.46382,
     "y":0.11842},
    {"x":0.45066,
     "y":0.095395},
    {"x":0.42763,
     "y":0.078947},
    {"x":0.40461,
     "y":0.0625},
    {"x":0.38158,
     "y":0.046053},
    {"x":0.35855,
     "y":0.029605},
    {"x":0.33553,
     "y":0.016447},
    {"x":0.3125,
     "y":0.0065789},
    {"x":0.28947,
     "y":0},
    {"x":0.26645,
     "y":0.0098684},
    {"x":0.24342,
     "y":0.016447},
    {"x":0.22039,
     "y":0.029605},
    {"x":0.20066,
     "y":0.049342},
    {"x":0.17763,
     "y":0.069079},
    {"x":0.15461,
     "y":0.092105},
    {"x":0.14474,
     "y":0.11513},
    {"x":0.13816,
     "y":0.13816},
    {"x":0.12171,
     "y":0.16118},
    {"x":0.125,
     "y":0.18421},
    {"x":0.12829,
     "y":0.20724},
    {"x":0.12829,
     "y":0.23026},
    {"x":0.12829,
     "y":0.25329},
    {"x":0.12829,
     "y":0.27632},
    {"x":0.12829,
     "y":0.29934},
    {"x":0.11842,
     "y":0.32237},
    {"x":0.10855,
     "y":0.34539},
    {"x":0.092105,
     "y":0.36842},
    {"x":0.069079,
     "y":0.37829},
    {"x":0.052632,
     "y":0.39803},
    {"x":0.039474,
     "y":0.42105},
    {"x":0.026316,
     "y":0.44408},
    {"x":0.0098684,
     "y":0.46711},
    {"x":0.0032895,
     "y":0.49013},
    {"x":0,
     "y":0.5}],
 "triangles":[
    {"p1":4,
     "p2":103,
     "p3":105},
    {"p1":39,
     "p2":40,
     "p3":41},
    {"p1":103,
     "p2":104,
     "p3":105},
    {"p1":63,
     "p2":67,
     "p3":96},
    {"p1":62,
     "p2":63,
     "p3":96},
    {"p1":62,
     "p2":98,
     "p3":99},
    {"p1":4,
     "p2":102,
     "p3":103},
    {"p1":4,
     "p2":99,
     "p3":102},
    {"p1":4,
     "p2":5,
     "p3":99},
    {"p1":39,
     "p2":41,
     "p3":42},
    {"p1":12,
     "p2":13,
     "p3":14},
    {"p1":56,
     "p2":57,
     "p3":58},
    {"p1":67,
     "p2":68,
     "p3":96},
    {"p1":68,
     "p2":95,
     "p3":96},
    {"p1":99,
     "p2":101,
     "p3":102},
    {"p1":61,
     "p2":62,
     "p3":99},
    {"p1":0,
     "p2":1,
     "p3":105},
    {"p1":1,
     "p2":4,
     "p3":105},
    {"p1":1,
     "p2":2,
     "p3":4},
    {"p1":8,
     "p2":9,
     "p3":10},
    {"p1":78,
     "p2":82,
     "p3":85},
    {"p1":68,
     "p2":94,
     "p3":95},
    {"p1":58,
     "p2":59,
     "p3":61},
    {"p1":59,
     "p2":60,
     "p3":61},
    {"p1":69,
     "p2":70,
     "p3":93},
    {"p1":69,
     "p2":93,
     "p3":94},
    {"p1":68,
     "p2":69,
     "p3":94},
    {"p1":70,
     "p2":92,
     "p3":93},
    {"p1":76,
     "p2":89,
     "p3":92},
    {"p1":99,
     "p2":100,
     "p3":101},
    {"p1":5,
     "p2":52,
     "p3":99},
    {"p1":52,
     "p2":61,
     "p3":99},
    {"p1":52,
     "p2":58,
     "p3":61},
    {"p1":52,
     "p2":55,
     "p3":56},
    {"p1":52,
     "p2":56,
     "p3":58},
    {"p1":45,
     "p2":46,
     "p3":47},
    {"p1":38,
     "p2":39,
     "p3":43},
    {"p1":39,
     "p2":42,
     "p3":43},
    {"p1":2,
     "p2":3,
     "p3":4},
    {"p1":12,
     "p2":14,
     "p3":15},
    {"p1":10,
     "p2":12,
     "p3":15},
    {"p1":10,
     "p2":15,
     "p3":16},
    {"p1":10,
     "p2":11,
     "p3":12},
    {"p1":78,
     "p2":79,
     "p3":82},
    {"p1":76,
     "p2":77,
     "p3":89},
    {"p1":77,
     "p2":78,
     "p3":85},
    {"p1":77,
     "p2":85,
     "p3":86},
    {"p1":77,
     "p2":86,
     "p3":89},
    {"p1":73,
     "p2":74,
     "p3":75},
    {"p1":72,
     "p2":75,
     "p3":76},
    {"p1":72,
     "p2":76,
     "p3":92},
    {"p1":70,
     "p2":72,
     "p3":92},
    {"p1":70,
     "p2":71,
     "p3":72},
    {"p1":72,
     "p2":73,
     "p3":75},
    {"p1":63,
     "p2":64,
     "p3":67},
    {"p1":89,
     "p2":90,
     "p3":91},
    {"p1":89,
     "p2":91,
     "p3":92},
    {"p1":62,
     "p2":96,
     "p3":97},
    {"p1":62,
     "p2":97,
     "p3":98},
    {"p1":5,
     "p2":51,
     "p3":52},
    {"p1":5,
     "p2":6,
     "p3":51},
    {"p1":20,
     "p2":21,
     "p3":22},
    {"p1":16,
     "p2":17,
     "p3":18},
    {"p1":10,
     "p2":16,
     "p3":18},
    {"p1":18,
     "p2":19,
     "p3":20},
    {"p1":18,
     "p2":20,
     "p3":22},
    {"p1":23,
     "p2":24,
     "p3":28},
    {"p1":23,
     "p2":28,
     "p3":31},
    {"p1":24,
     "p2":25,
     "p3":28},
    {"p1":33,
     "p2":44,
     "p3":45},
    {"p1":33,
     "p2":45,
     "p3":47},
    {"p1":33,
     "p2":43,
     "p3":44},
    {"p1":33,
     "p2":47,
     "p3":48},
    {"p1":33,
     "p2":38,
     "p3":43},
    {"p1":33,
     "p2":48,
     "p3":49},
    {"p1":7,
     "p2":33,
     "p3":49},
    {"p1":7,
     "p2":8,
     "p3":33},
    {"p1":8,
     "p2":10,
     "p3":33},
    {"p1":10,
     "p2":18,
     "p3":33},
    {"p1":18,
     "p2":22,
     "p3":33},
    {"p1":22,
     "p2":23,
     "p3":33},
    {"p1":80,
     "p2":81,
     "p3":82},
    {"p1":79,
     "p2":80,
     "p3":82},
    {"p1":82,
     "p2":83,
     "p3":85},
    {"p1":83,
     "p2":84,
     "p3":85},
    {"p1":86,
     "p2":87,
     "p3":88},
    {"p1":86,
     "p2":88,
     "p3":89},
    {"p1":64,
     "p2":66,
     "p3":67},
    {"p1":64,
     "p2":65,
     "p3":66},
    {"p1":6,
     "p2":7,
     "p3":50},
    {"p1":6,
     "p2":50,
     "p3":51},
    {"p1":7,
     "p2":49,
     "p3":50},
    {"p1":52,
     "p2":54,
     "p3":55},
    {"p1":52,
     "p2":53,
     "p3":54},
    {"p1":35,
     "p2":37,
     "p3":38},
    {"p1":33,
     "p2":35,
     "p3":38},
    {"p1":35,
     "p2":36,
     "p3":37},
    {"p1":33,
     "p2":34,
     "p3":35},
    {"p1":23,
     "p2":31,
     "p3":32},
    {"p1":23,
     "p2":32,
     "p3":33},
    {"p1":28,
     "p2":30,
     "p3":31},
    {"p1":28,
     "p2":29,
     "p3":30},
    {"p1":25,
     "p2":27,
     "p3":28},
    {"p1":25,
     "p2":26,
     "p3":27}]
}