{"points":[
    {"x":0.0032895,
     "y":0.49671},
    {"x":0,
     "y":0.51974},
    {"x":0.013158,
     "y":0.54276},
    {"x":0.036184,
     "y":0.53289},
    {"x":0.046053,
     "y":0.54276},
    {"x":0.036184,
     "y":0.56579},
    {"x":0.032895,
     "y":0.58882},
    {"x":0.029605,
     "y":0.61184},
    {"x":0.029605,
     "y":0.63487},
    {"x":0.029605,
     "y":0.65789},
    {"x":0.029605,
     "y":0.68092},
    {"x":0.029605,
     "y":0.70395},
    {"x":0.036184,
     "y":0.72697},
    {"x":0.039474,
     "y":0.75},
    {"x":0.042763,
     "y":0.77303},
    {"x":0.049342,
     "y":0.79605},
    {"x":0.059211,
     "y":0.81908},
    {"x":0.069079,
     "y":0.84211},
    {"x":0.082237,
     "y":0.86513},
    {"x":0.098684,
     "y":0.88816},
    {"x":0.11842,
     "y":0.91118},
    {"x":0.14145,
     "y":0.93421},
    {"x":0.16447,
     "y":0.95395},
    {"x":0.1875,
     "y":0.97368},
    {"x":0.21053,
     "y":0.99013},
    {"x":0.23355,
     "y":1},
    {"x":0.25658,
     "y":1},
    {"x":0.27961,
     "y":1},
    {"x":0.30263,
     "y":0.99342},
    {"x":0.32566,
     "y":0.98684},
    {"x":0.34868,
     "y":0.97697},
    {"x":0.36842,
     "y":0.95724},
    {"x":0.38487,
     "y":0.93421},
    {"x":0.40789,
     "y":0.9375},
    {"x":0.43092,
     "y":0.9375},
    {"x":0.45395,
     "y":0.93092},
    {"x":0.47697,
     "y":0.91447},
    {"x":0.5,
     "y":0.89803},
    {"x":0.51316,
     "y":0.875},
    {"x":0.52632,
     "y":0.85197},
    {"x":0.53947,
     "y":0.82895},
    {"x":0.54934,
     "y":0.80592},
    {"x":0.55592,
     "y":0.78289},
    {"x":0.55592,
     "y":0.75987},
    {"x":0.55592,
     "y":0.73684},
    {"x":0.55592,
     "y":0.71382},
    {"x":0.55592,
     "y":0.69079},
    {"x":0.55921,
     "y":0.66776},
    {"x":0.55921,
     "y":0.64474},
    {"x":0.55921,
     "y":0.62171},
    {"x":0.5625,
     "y":0.59868},
    {"x":0.57895,
     "y":0.58553},
    {"x":0.59211,
     "y":0.56908},
    {"x":0.58882,
     "y":0.54605},
    {"x":0.58553,
     "y":0.52303},
    {"x":0.58224,
     "y":0.5},
    {"x":0.58224,
     "y":0.47697},
    {"x":0.57895,
     "y":0.45395},
    {"x":0.57566,
     "y":0.43092},
    {"x":0.56908,
     "y":0.40789},
    {"x":0.55592,
     "y":0.38816},
    {"x":0.53289,
     "y":0.38487},
    {"x":0.53289,
     "y":0.36184},
    {"x":0.52961,
     "y":0.33882},
    {"x":0.52303,
     "y":0.31579},
    {"x":0.51316,
     "y":0.29276},
    {"x":0.5,
     "y":0.26974},
    {"x":0.49671,
     "y":0.24671},
    {"x":0.49671,
     "y":0.22368},
    {"x":0.49671,
     "y":0.20066},
    {"x":0.49342,
     "y":0.17763},
    {"x":0.48355,
     "y":0.15461},
    {"x":0.47368,
     "y":0.13158},
    {"x":0.45724,
     "y":0.10855},
    {"x":0.44079,
     "y":0.085526},
    {"x":0.42105,
     "y":0.0625},
    {"x":0.40461,
     "y":0.046053},
    {"x":0.38158,
     "y":0.032895},
    {"x":0.35855,
     "y":0.019737},
    {"x":0.33553,
     "y":0.0065789},
    {"x":0.3125,
     "y":0},
    {"x":0.28947,
     "y":0.0032895},
    {"x":0.26645,
     "y":0.016447},
    {"x":0.24671,
     "y":0.029605},
    {"x":0.22368,
     "y":0.046053},
    {"x":0.20066,
     "y":0.069079},
    {"x":0.17763,
     "y":0.088816},
    {"x":0.15461,
     "y":0.11184},
    {"x":0.13816,
     "y":0.13487},
    {"x":0.13487,
     "y":0.15789},
    {"x":0.13487,
     "y":0.18092},
    {"x":0.13816,
     "y":0.20395},
    {"x":0.13487,
     "y":0.22697},
    {"x":0.11513,
     "y":0.24342},
    {"x":0.10197,
     "y":0.26645},
    {"x":0.088816,
     "y":0.28947},
    {"x":0.088816,
     "y":0.3125},
    {"x":0.088816,
     "y":0.33553},
    {"x":0.075658,
     "y":0.35526},
    {"x":0.055921,
     "y":0.375},
    {"x":0.042763,
     "y":0.39474},
    {"x":0.032895,
     "y":0.41776},
    {"x":0.026316,
     "y":0.44079},
    {"x":0.016447,
     "y":0.46382},
    {"x":0.0098684,
     "y":0.48684},
    {"x":0.0032895,
     "y":0.49671}],
 "triangles":[
    {"p1":61,
     "p2":66,
     "p3":97},
    {"p1":66,
     "p2":92,
     "p3":97},
    {"p1":58,
     "p2":59,
     "p3":61},
    {"p1":10,
     "p2":11,
     "p3":12},
    {"p1":9,
     "p2":10,
     "p3":12},
    {"p1":4,
     "p2":50,
     "p3":61},
    {"p1":4,
     "p2":61,
     "p3":97},
    {"p1":4,
     "p2":97,
     "p3":98},
    {"p1":9,
     "p2":12,
     "p3":46},
    {"p1":12,
     "p2":32,
     "p3":46},
    {"p1":61,
     "p2":65,
     "p3":66},
    {"p1":61,
     "p2":64,
     "p3":65},
    {"p1":59,
     "p2":60,
     "p3":61},
    {"p1":9,
     "p2":46,
     "p3":48},
    {"p1":21,
     "p2":22,
     "p3":32},
    {"p1":12,
     "p2":13,
     "p3":32},
    {"p1":13,
     "p2":16,
     "p3":32},
    {"p1":18,
     "p2":19,
     "p3":32},
    {"p1":50,
     "p2":55,
     "p3":61},
    {"p1":55,
     "p2":56,
     "p3":61},
    {"p1":50,
     "p2":54,
     "p3":55},
    {"p1":57,
     "p2":58,
     "p3":61},
    {"p1":56,
     "p2":57,
     "p3":61},
    {"p1":61,
     "p2":63,
     "p3":64},
    {"p1":86,
     "p2":90,
     "p3":91},
    {"p1":86,
     "p2":87,
     "p3":90},
    {"p1":87,
     "p2":88,
     "p3":89},
    {"p1":87,
     "p2":89,
     "p3":90},
    {"p1":92,
     "p2":96,
     "p3":97},
    {"p1":4,
     "p2":5,
     "p3":6},
    {"p1":4,
     "p2":98,
     "p3":101},
    {"p1":4,
     "p2":101,
     "p3":102},
    {"p1":8,
     "p2":9,
     "p3":48},
    {"p1":4,
     "p2":8,
     "p3":48},
    {"p1":4,
     "p2":6,
     "p3":8},
    {"p1":6,
     "p2":7,
     "p3":8},
    {"p1":4,
     "p2":49,
     "p3":50},
    {"p1":4,
     "p2":48,
     "p3":49},
    {"p1":46,
     "p2":47,
     "p3":48},
    {"p1":19,
     "p2":20,
     "p3":32},
    {"p1":20,
     "p2":21,
     "p3":32},
    {"p1":16,
     "p2":17,
     "p3":32},
    {"p1":17,
     "p2":18,
     "p3":32},
    {"p1":22,
     "p2":28,
     "p3":32},
    {"p1":22,
     "p2":23,
     "p3":28},
    {"p1":23,
     "p2":26,
     "p3":28},
    {"p1":75,
     "p2":76,
     "p3":77},
    {"p1":79,
     "p2":80,
     "p3":81},
    {"p1":79,
     "p2":81,
     "p3":82},
    {"p1":77,
     "p2":78,
     "p3":83},
    {"p1":78,
     "p2":82,
     "p3":83},
    {"p1":78,
     "p2":79,
     "p3":82},
    {"p1":50,
     "p2":51,
     "p3":53},
    {"p1":50,
     "p2":53,
     "p3":54},
    {"p1":51,
     "p2":52,
     "p3":53},
    {"p1":61,
     "p2":62,
     "p3":63},
    {"p1":69,
     "p2":70,
     "p3":71},
    {"p1":68,
     "p2":69,
     "p3":71},
    {"p1":71,
     "p2":72,
     "p3":73},
    {"p1":71,
     "p2":73,
     "p3":91},
    {"p1":68,
     "p2":71,
     "p3":91},
    {"p1":94,
     "p2":95,
     "p3":96},
    {"p1":92,
     "p2":93,
     "p3":94},
    {"p1":92,
     "p2":94,
     "p3":96},
    {"p1":13,
     "p2":15,
     "p3":16},
    {"p1":13,
     "p2":14,
     "p3":15},
    {"p1":26,
     "p2":27,
     "p3":28},
    {"p1":32,
     "p2":45,
     "p3":46},
    {"p1":32,
     "p2":44,
     "p3":45},
    {"p1":32,
     "p2":43,
     "p3":44},
    {"p1":32,
     "p2":38,
     "p3":39},
    {"p1":32,
     "p2":39,
     "p3":43},
    {"p1":39,
     "p2":40,
     "p3":43},
    {"p1":36,
     "p2":37,
     "p3":38},
    {"p1":32,
     "p2":36,
     "p3":38},
    {"p1":75,
     "p2":77,
     "p3":85},
    {"p1":74,
     "p2":75,
     "p3":85},
    {"p1":73,
     "p2":74,
     "p3":85},
    {"p1":73,
     "p2":85,
     "p3":91},
    {"p1":85,
     "p2":86,
     "p3":91},
    {"p1":24,
     "p2":25,
     "p3":26},
    {"p1":23,
     "p2":24,
     "p3":26},
    {"p1":66,
     "p2":67,
     "p3":92},
    {"p1":67,
     "p2":91,
     "p3":92},
    {"p1":67,
     "p2":68,
     "p3":91},
    {"p1":3,
     "p2":103,
     "p3":104},
    {"p1":0,
     "p2":3,
     "p3":104},
    {"p1":3,
     "p2":4,
     "p3":102},
    {"p1":3,
     "p2":102,
     "p3":103},
    {"p1":0,
     "p2":1,
     "p3":3},
    {"p1":1,
     "p2":2,
     "p3":3},
    {"p1":98,
     "p2":100,
     "p3":101},
    {"p1":98,
     "p2":99,
     "p3":100},
    {"p1":29,
     "p2":30,
     "p3":31},
    {"p1":28,
     "p2":31,
     "p3":32},
    {"p1":28,
     "p2":29,
     "p3":31},
    {"p1":77,
     "p2":83,
     "p3":84},
    {"p1":77,
     "p2":84,
     "p3":85},
    {"p1":34,
     "p2":35,
     "p3":36},
    {"p1":40,
     "p2":41,
     "p3":43},
    {"p1":41,
     "p2":42,
     "p3":43},
    {"p1":32,
     "p2":33,
     "p3":36},
    {"p1":33,
     "p2":34,
     "p3":36}]
}