{"points":[
    {"x":0,
     "y":0.4932},
    {"x":0,
     "y":0.51701},
    {"x":0.013605,
     "y":0.54082},
    {"x":0.037415,
     "y":0.54762},
    {"x":0.057823,
     "y":0.55442},
    {"x":0.05102,
     "y":0.57823},
    {"x":0.047619,
     "y":0.60204},
    {"x":0.047619,
     "y":0.62585},
    {"x":0.047619,
     "y":0.64966},
    {"x":0.047619,
     "y":0.67347},
    {"x":0.047619,
     "y":0.69728},
    {"x":0.05102,
     "y":0.72109},
    {"x":0.061224,
     "y":0.7449},
    {"x":0.068027,
     "y":0.76871},
    {"x":0.071429,
     "y":0.79252},
    {"x":0.07483,
     "y":0.81633},
    {"x":0.081633,
     "y":0.84014},
    {"x":0.095238,
     "y":0.86395},
    {"x":0.11565,
     "y":0.88776},
    {"x":0.13265,
     "y":0.91156},
    {"x":0.15646,
     "y":0.93537},
    {"x":0.18027,
     "y":0.95918},
    {"x":0.20408,
     "y":0.97959},
    {"x":0.22789,
     "y":0.9932},
    {"x":0.2517,
     "y":0.9966},
    {"x":0.27551,
     "y":1},
    {"x":0.29932,
     "y":1},
    {"x":0.32313,
     "y":0.9966},
    {"x":0.34694,
     "y":0.98639},
    {"x":0.37075,
     "y":0.97959},
    {"x":0.39456,
     "y":0.96599},
    {"x":0.41497,
     "y":0.94558},
    {"x":0.43878,
     "y":0.95578},
    {"x":0.46259,
     "y":0.96599},
    {"x":0.48639,
     "y":0.96599},
    {"x":0.5102,
     "y":0.96259},
    {"x":0.53401,
     "y":0.94558},
    {"x":0.55442,
     "y":0.92517},
    {"x":0.57143,
     "y":0.90136},
    {"x":0.58503,
     "y":0.87755},
    {"x":0.58844,
     "y":0.85374},
    {"x":0.59184,
     "y":0.82993},
    {"x":0.59524,
     "y":0.80612},
    {"x":0.59524,
     "y":0.78231},
    {"x":0.59524,
     "y":0.7585},
    {"x":0.59184,
     "y":0.73469},
    {"x":0.59184,
     "y":0.71088},
    {"x":0.59184,
     "y":0.68707},
    {"x":0.59524,
     "y":0.66327},
    {"x":0.59524,
     "y":0.63946},
    {"x":0.59524,
     "y":0.61565},
    {"x":0.60204,
     "y":0.59184},
    {"x":0.62245,
     "y":0.58503},
    {"x":0.63946,
     "y":0.56463},
    {"x":0.64626,
     "y":0.54082},
    {"x":0.64286,
     "y":0.51701},
    {"x":0.63265,
     "y":0.4932},
    {"x":0.62245,
     "y":0.46939},
    {"x":0.61565,
     "y":0.44558},
    {"x":0.61224,
     "y":0.42177},
    {"x":0.60204,
     "y":0.39796},
    {"x":0.58844,
     "y":0.38095},
    {"x":0.56803,
     "y":0.37415},
    {"x":0.56803,
     "y":0.35034},
    {"x":0.56463,
     "y":0.32653},
    {"x":0.55782,
     "y":0.30272},
    {"x":0.54762,
     "y":0.27891},
    {"x":0.53401,
     "y":0.2551},
    {"x":0.53061,
     "y":0.23129},
    {"x":0.53061,
     "y":0.20748},
    {"x":0.53061,
     "y":0.18367},
    {"x":0.52721,
     "y":0.15986},
    {"x":0.51361,
     "y":0.13605},
    {"x":0.4932,
     "y":0.11565},
    {"x":0.47279,
     "y":0.095238},
    {"x":0.44898,
     "y":0.07483},
    {"x":0.42517,
     "y":0.057823},
    {"x":0.40136,
     "y":0.040816},
    {"x":0.38095,
     "y":0.020408},
    {"x":0.35714,
     "y":0.010204},
    {"x":0.33333,
     "y":0},
    {"x":0.31293,
     "y":0.0034014},
    {"x":0.29592,
     "y":0.020408},
    {"x":0.27891,
     "y":0.044218},
    {"x":0.2619,
     "y":0.068027},
    {"x":0.2415,
     "y":0.091837},
    {"x":0.21769,
     "y":0.10544},
    {"x":0.19728,
     "y":0.12245},
    {"x":0.17347,
     "y":0.14286},
    {"x":0.15986,
     "y":0.16667},
    {"x":0.15986,
     "y":0.19048},
    {"x":0.15646,
     "y":0.21429},
    {"x":0.13605,
     "y":0.23129},
    {"x":0.12245,
     "y":0.2551},
    {"x":0.10884,
     "y":0.27891},
    {"x":0.10884,
     "y":0.30272},
    {"x":0.10884,
     "y":0.32653},
    {"x":0.095238,
     "y":0.34694},
    {"x":0.07483,
     "y":0.36735},
    {"x":0.057823,
     "y":0.39116},
    {"x":0.047619,
     "y":0.41497},
    {"x":0.037415,
     "y":0.43878},
    {"x":0.017007,
     "y":0.46259},
    {"x":0.0034014,
     "y":0.48639},
    {"x":0,
     "y":0.4932}],
 "triangles":[
    {"p1":70,
     "p2":71,
     "p3":72},
    {"p1":62,
     "p2":66,
     "p3":67},
    {"p1":62,
     "p2":65,
     "p3":66},
    {"p1":59,
     "p2":60,
     "p3":62},
    {"p1":60,
     "p2":61,
     "p3":62},
    {"p1":77,
     "p2":83,
     "p3":84},
    {"p1":13,
     "p2":18,
     "p3":31},
    {"p1":18,
     "p2":20,
     "p3":31},
    {"p1":58,
     "p2":59,
     "p3":62},
    {"p1":51,
     "p2":58,
     "p3":62},
    {"p1":51,
     "p2":57,
     "p3":58},
    {"p1":51,
     "p2":54,
     "p3":55},
    {"p1":1,
     "p2":2,
     "p3":3},
    {"p1":4,
     "p2":62,
     "p3":97},
    {"p1":4,
     "p2":51,
     "p3":62},
    {"p1":4,
     "p2":50,
     "p3":51},
    {"p1":4,
     "p2":49,
     "p3":50},
    {"p1":67,
     "p2":91,
     "p3":96},
    {"p1":62,
     "p2":67,
     "p3":96},
    {"p1":62,
     "p2":96,
     "p3":97},
    {"p1":8,
     "p2":9,
     "p3":12},
    {"p1":10,
     "p2":11,
     "p3":12},
    {"p1":9,
     "p2":10,
     "p3":12},
    {"p1":15,
     "p2":16,
     "p3":17},
    {"p1":15,
     "p2":17,
     "p3":18},
    {"p1":70,
     "p2":72,
     "p3":73},
    {"p1":76,
     "p2":84,
     "p3":85},
    {"p1":76,
     "p2":77,
     "p3":84},
    {"p1":62,
     "p2":64,
     "p3":65},
    {"p1":77,
     "p2":78,
     "p3":83},
    {"p1":78,
     "p2":79,
     "p3":83},
    {"p1":85,
     "p2":86,
     "p3":91},
    {"p1":87,
     "p2":88,
     "p3":90},
    {"p1":88,
     "p2":89,
     "p3":90},
    {"p1":86,
     "p2":90,
     "p3":91},
    {"p1":86,
     "p2":87,
     "p3":90},
    {"p1":79,
     "p2":82,
     "p3":83},
    {"p1":80,
     "p2":81,
     "p3":82},
    {"p1":79,
     "p2":80,
     "p3":82},
    {"p1":32,
     "p2":37,
     "p3":38},
    {"p1":31,
     "p2":32,
     "p3":38},
    {"p1":32,
     "p2":36,
     "p3":37},
    {"p1":31,
     "p2":42,
     "p3":43},
    {"p1":51,
     "p2":53,
     "p3":54},
    {"p1":51,
     "p2":52,
     "p3":53},
    {"p1":51,
     "p2":55,
     "p3":56},
    {"p1":51,
     "p2":56,
     "p3":57},
    {"p1":3,
     "p2":4,
     "p3":102},
    {"p1":4,
     "p2":101,
     "p3":102},
    {"p1":91,
     "p2":95,
     "p3":96},
    {"p1":20,
     "p2":28,
     "p3":31},
    {"p1":20,
     "p2":21,
     "p3":28},
    {"p1":24,
     "p2":25,
     "p3":28},
    {"p1":21,
     "p2":24,
     "p3":28},
    {"p1":18,
     "p2":19,
     "p3":20},
    {"p1":13,
     "p2":14,
     "p3":18},
    {"p1":14,
     "p2":15,
     "p3":18},
    {"p1":69,
     "p2":70,
     "p3":73},
    {"p1":74,
     "p2":75,
     "p3":85},
    {"p1":75,
     "p2":76,
     "p3":85},
    {"p1":62,
     "p2":63,
     "p3":64},
    {"p1":34,
     "p2":35,
     "p3":36},
    {"p1":32,
     "p2":34,
     "p3":36},
    {"p1":32,
     "p2":33,
     "p3":34},
    {"p1":38,
     "p2":39,
     "p3":40},
    {"p1":31,
     "p2":38,
     "p3":40},
    {"p1":3,
     "p2":102,
     "p3":103},
    {"p1":0,
     "p2":1,
     "p3":103},
    {"p1":1,
     "p2":3,
     "p3":103},
    {"p1":4,
     "p2":100,
     "p3":101},
    {"p1":98,
     "p2":99,
     "p3":100},
    {"p1":4,
     "p2":97,
     "p3":100},
    {"p1":97,
     "p2":98,
     "p3":100},
    {"p1":7,
     "p2":8,
     "p3":49},
    {"p1":4,
     "p2":7,
     "p3":49},
    {"p1":4,
     "p2":5,
     "p3":7},
    {"p1":5,
     "p2":6,
     "p3":7},
    {"p1":93,
     "p2":94,
     "p3":95},
    {"p1":91,
     "p2":92,
     "p3":93},
    {"p1":91,
     "p2":93,
     "p3":95},
    {"p1":22,
     "p2":23,
     "p3":24},
    {"p1":21,
     "p2":22,
     "p3":24},
    {"p1":29,
     "p2":30,
     "p3":31},
    {"p1":28,
     "p2":29,
     "p3":31},
    {"p1":25,
     "p2":26,
     "p3":28},
    {"p1":26,
     "p2":27,
     "p3":28},
    {"p1":68,
     "p2":73,
     "p3":74},
    {"p1":68,
     "p2":69,
     "p3":73},
    {"p1":68,
     "p2":74,
     "p3":85},
    {"p1":67,
     "p2":68,
     "p3":91},
    {"p1":68,
     "p2":85,
     "p3":91},
    {"p1":31,
     "p2":41,
     "p3":42},
    {"p1":31,
     "p2":40,
     "p3":41},
    {"p1":31,
     "p2":43,
     "p3":45},
    {"p1":43,
     "p2":44,
     "p3":45},
    {"p1":31,
     "p2":45,
     "p3":46},
    {"p1":13,
     "p2":31,
     "p3":47},
    {"p1":31,
     "p2":46,
     "p3":47},
    {"p1":12,
     "p2":13,
     "p3":47},
    {"p1":8,
     "p2":12,
     "p3":47},
    {"p1":8,
     "p2":47,
     "p3":49},
    {"p1":47,
     "p2":48,
     "p3":49}]
}