{"points":[
    {"x":0.003367,
     "y":0.50842},
    {"x":0,
     "y":0.53199},
    {"x":0,
     "y":0.55556},
    {"x":0.023569,
     "y":0.56902},
    {"x":0.037037,
     "y":0.58586},
    {"x":0.030303,
     "y":0.60943},
    {"x":0.030303,
     "y":0.633},
    {"x":0.030303,
     "y":0.65657},
    {"x":0.030303,
     "y":0.68013},
    {"x":0.030303,
     "y":0.7037},
    {"x":0.03367,
     "y":0.72727},
    {"x":0.037037,
     "y":0.75084},
    {"x":0.043771,
     "y":0.77441},
    {"x":0.047138,
     "y":0.79798},
    {"x":0.050505,
     "y":0.82155},
    {"x":0.060606,
     "y":0.84512},
    {"x":0.070707,
     "y":0.86869},
    {"x":0.087542,
     "y":0.89226},
    {"x":0.10438,
     "y":0.91582},
    {"x":0.12121,
     "y":0.93603},
    {"x":0.14478,
     "y":0.95623},
    {"x":0.16835,
     "y":0.97306},
    {"x":0.19192,
     "y":0.98316},
    {"x":0.21549,
     "y":0.99327},
    {"x":0.23906,
     "y":0.99663},
    {"x":0.26263,
     "y":0.99663},
    {"x":0.2862,
     "y":1},
    {"x":0.30976,
     "y":0.99663},
    {"x":0.33333,
     "y":0.99327},
    {"x":0.3569,
     "y":0.98653},
    {"x":0.38047,
     "y":0.97306},
    {"x":0.40067,
     "y":0.95286},
    {"x":0.42424,
     "y":0.9596},
    {"x":0.44781,
     "y":0.95623},
    {"x":0.47138,
     "y":0.94613},
    {"x":0.49495,
     "y":0.93266},
    {"x":0.51515,
     "y":0.91246},
    {"x":0.53199,
     "y":0.88889},
    {"x":0.54209,
     "y":0.86532},
    {"x":0.55556,
     "y":0.84175},
    {"x":0.56566,
     "y":0.81818},
    {"x":0.56902,
     "y":0.79461},
    {"x":0.56902,
     "y":0.77104},
    {"x":0.56902,
     "y":0.74747},
    {"x":0.56902,
     "y":0.72391},
    {"x":0.56902,
     "y":0.70034},
    {"x":0.57239,
     "y":0.67677},
    {"x":0.57239,
     "y":0.6532},
    {"x":0.57239,
     "y":0.62963},
    {"x":0.57912,
     "y":0.60606},
    {"x":0.60269,
     "y":0.60606},
    {"x":0.61279,
     "y":0.58586},
    {"x":0.61616,
     "y":0.56229},
    {"x":0.61279,
     "y":0.53872},
    {"x":0.60606,
     "y":0.51515},
    {"x":0.60269,
     "y":0.49158},
    {"x":0.60269,
     "y":0.46801},
    {"x":0.59933,
     "y":0.44444},
    {"x":0.58586,
     "y":0.42088},
    {"x":0.57239,
     "y":0.39731},
    {"x":0.54882,
     "y":0.39057},
    {"x":0.54545,
     "y":0.367},
    {"x":0.54209,
     "y":0.34343},
    {"x":0.53535,
     "y":0.31987},
    {"x":0.52525,
     "y":0.2963},
    {"x":0.51178,
     "y":0.27273},
    {"x":0.50842,
     "y":0.24916},
    {"x":0.50842,
     "y":0.22559},
    {"x":0.50842,
     "y":0.20202},
    {"x":0.50505,
     "y":0.17845},
    {"x":0.49495,
     "y":0.15488},
    {"x":0.48148,
     "y":0.13131},
    {"x":0.46801,
     "y":0.10774},
    {"x":0.44781,
     "y":0.084175},
    {"x":0.43098,
     "y":0.060606},
    {"x":0.41077,
     "y":0.043771},
    {"x":0.38721,
     "y":0.030303},
    {"x":0.36364,
     "y":0.016835},
    {"x":0.34007,
     "y":0.006734},
    {"x":0.3165,
     "y":0},
    {"x":0.29293,
     "y":0.003367},
    {"x":0.26936,
     "y":0.020202},
    {"x":0.24916,
     "y":0.03367},
    {"x":0.22559,
     "y":0.050505},
    {"x":0.20202,
     "y":0.070707},
    {"x":0.17845,
     "y":0.094276},
    {"x":0.15488,
     "y":0.11785},
    {"x":0.14141,
     "y":0.14141},
    {"x":0.13805,
     "y":0.16498},
    {"x":0.13805,
     "y":0.18855},
    {"x":0.14141,
     "y":0.21212},
    {"x":0.13468,
     "y":0.23569},
    {"x":0.11448,
     "y":0.25253},
    {"x":0.10101,
     "y":0.27609},
    {"x":0.090909,
     "y":0.29966},
    {"x":0.090909,
     "y":0.32323},
    {"x":0.090909,
     "y":0.3468},
    {"x":0.074074,
     "y":0.367},
    {"x":0.053872,
     "y":0.38721},
    {"x":0.040404,
     "y":0.40741},
    {"x":0.03367,
     "y":0.43098},
    {"x":0.023569,
     "y":0.45455},
    {"x":0.016835,
     "y":0.47811},
    {"x":0.006734,
     "y":0.50168},
    {"x":0.003367,
     "y":0.50842}],
 "triangles":[
    {"p1":91,
     "p2":93,
     "p3":95},
    {"p1":12,
     "p2":31,
     "p3":45},
    {"p1":4,
     "p2":49,
     "p3":60},
    {"p1":73,
     "p2":84,
     "p3":90},
    {"p1":22,
     "p2":23,
     "p3":24},
    {"p1":49,
     "p2":55,
     "p3":60},
    {"p1":61,
     "p2":64,
     "p3":65},
    {"p1":49,
     "p2":51,
     "p3":52},
    {"p1":49,
     "p2":50,
     "p3":51},
    {"p1":10,
     "p2":12,
     "p3":45},
    {"p1":8,
     "p2":10,
     "p3":45},
    {"p1":4,
     "p2":60,
     "p3":96},
    {"p1":60,
     "p2":61,
     "p3":96},
    {"p1":61,
     "p2":65,
     "p3":96},
    {"p1":65,
     "p2":91,
     "p3":96},
    {"p1":91,
     "p2":95,
     "p3":96},
    {"p1":93,
     "p2":94,
     "p3":95},
    {"p1":91,
     "p2":92,
     "p3":93},
    {"p1":84,
     "p2":85,
     "p3":90},
    {"p1":31,
     "p2":34,
     "p3":36},
    {"p1":31,
     "p2":33,
     "p3":34},
    {"p1":31,
     "p2":44,
     "p3":45},
    {"p1":31,
     "p2":43,
     "p3":44},
    {"p1":31,
     "p2":36,
     "p3":38},
    {"p1":36,
     "p2":37,
     "p3":38},
    {"p1":73,
     "p2":74,
     "p3":75},
    {"p1":12,
     "p2":13,
     "p3":31},
    {"p1":13,
     "p2":17,
     "p3":31},
    {"p1":73,
     "p2":75,
     "p3":76},
    {"p1":76,
     "p2":77,
     "p3":82},
    {"p1":22,
     "p2":24,
     "p3":25},
    {"p1":55,
     "p2":56,
     "p3":60},
    {"p1":49,
     "p2":54,
     "p3":55},
    {"p1":61,
     "p2":62,
     "p3":63},
    {"p1":61,
     "p2":63,
     "p3":64},
    {"p1":71,
     "p2":72,
     "p3":73},
    {"p1":71,
     "p2":73,
     "p3":90},
    {"p1":67,
     "p2":71,
     "p3":90},
    {"p1":67,
     "p2":70,
     "p3":71},
    {"p1":45,
     "p2":46,
     "p3":47},
    {"p1":4,
     "p2":48,
     "p3":49},
    {"p1":4,
     "p2":47,
     "p3":48},
    {"p1":4,
     "p2":7,
     "p3":47},
    {"p1":7,
     "p2":8,
     "p3":45},
    {"p1":7,
     "p2":45,
     "p3":47},
    {"p1":8,
     "p2":9,
     "p3":10},
    {"p1":98,
     "p2":99,
     "p3":100},
    {"p1":3,
     "p2":4,
     "p3":102},
    {"p1":1,
     "p2":2,
     "p3":3},
    {"p1":85,
     "p2":89,
     "p3":90},
    {"p1":25,
     "p2":26,
     "p3":27},
    {"p1":25,
     "p2":27,
     "p3":31},
    {"p1":29,
     "p2":30,
     "p3":31},
    {"p1":31,
     "p2":42,
     "p3":43},
    {"p1":31,
     "p2":38,
     "p3":42},
    {"p1":10,
     "p2":11,
     "p3":12},
    {"p1":34,
     "p2":35,
     "p3":36},
    {"p1":77,
     "p2":78,
     "p3":81},
    {"p1":77,
     "p2":81,
     "p3":82},
    {"p1":79,
     "p2":80,
     "p3":81},
    {"p1":78,
     "p2":79,
     "p3":81},
    {"p1":73,
     "p2":76,
     "p3":83},
    {"p1":76,
     "p2":82,
     "p3":83},
    {"p1":73,
     "p2":83,
     "p3":84},
    {"p1":17,
     "p2":18,
     "p3":31},
    {"p1":18,
     "p2":25,
     "p3":31},
    {"p1":49,
     "p2":52,
     "p3":53},
    {"p1":49,
     "p2":53,
     "p3":54},
    {"p1":66,
     "p2":67,
     "p3":90},
    {"p1":65,
     "p2":66,
     "p3":91},
    {"p1":66,
     "p2":90,
     "p3":91},
    {"p1":68,
     "p2":69,
     "p3":70},
    {"p1":67,
     "p2":68,
     "p3":70},
    {"p1":4,
     "p2":5,
     "p3":6},
    {"p1":4,
     "p2":6,
     "p3":7},
    {"p1":4,
     "p2":101,
     "p3":102},
    {"p1":4,
     "p2":100,
     "p3":101},
    {"p1":97,
     "p2":98,
     "p3":100},
    {"p1":4,
     "p2":96,
     "p3":97},
    {"p1":4,
     "p2":97,
     "p3":100},
    {"p1":3,
     "p2":102,
     "p3":103},
    {"p1":85,
     "p2":88,
     "p3":89},
    {"p1":28,
     "p2":29,
     "p3":31},
    {"p1":27,
     "p2":28,
     "p3":31},
    {"p1":31,
     "p2":32,
     "p3":33},
    {"p1":39,
     "p2":40,
     "p3":41},
    {"p1":38,
     "p2":39,
     "p3":42},
    {"p1":39,
     "p2":41,
     "p3":42},
    {"p1":13,
     "p2":15,
     "p3":17},
    {"p1":13,
     "p2":14,
     "p3":15},
    {"p1":20,
     "p2":22,
     "p3":25},
    {"p1":18,
     "p2":20,
     "p3":25},
    {"p1":20,
     "p2":21,
     "p3":22},
    {"p1":58,
     "p2":59,
     "p3":60},
    {"p1":56,
     "p2":57,
     "p3":58},
    {"p1":56,
     "p2":58,
     "p3":60},
    {"p1":86,
     "p2":87,
     "p3":88},
    {"p1":85,
     "p2":86,
     "p3":88},
    {"p1":15,
     "p2":16,
     "p3":17},
    {"p1":18,
     "p2":19,
     "p3":20},
    {"p1":0,
     "p2":3,
     "p3":103},
    {"p1":0,
     "p2":1,
     "p3":3}]
}