{"points":[
    {"x":0.0030769,
     "y":0.16923},
    {"x":0.015385,
     "y":0.19385},
    {"x":0.030769,
     "y":0.21538},
    {"x":0.052308,
     "y":0.23077},
    {"x":0.076923,
     "y":0.23692},
    {"x":0.10154,
     "y":0.23385},
    {"x":0.12615,
     "y":0.21846},
    {"x":0.15077,
     "y":0.2},
    {"x":0.17538,
     "y":0.18154},
    {"x":0.2,
     "y":0.16308},
    {"x":0.22462,
     "y":0.15692},
    {"x":0.22462,
     "y":0.18154},
    {"x":0.24,
     "y":0.19692},
    {"x":0.26462,
     "y":0.20615},
    {"x":0.28615,
     "y":0.21846},
    {"x":0.31077,
     "y":0.23077},
    {"x":0.32923,
     "y":0.24308},
    {"x":0.34769,
     "y":0.25846},
    {"x":0.36615,
     "y":0.27385},
    {"x":0.39077,
     "y":0.28308},
    {"x":0.41538,
     "y":0.28308},
    {"x":0.44,
     "y":0.28308},
    {"x":0.46462,
     "y":0.28},
    {"x":0.48923,
     "y":0.27692},
    {"x":0.51385,
     "y":0.27385},
    {"x":0.53846,
     "y":0.26462},
    {"x":0.56,
     "y":0.26154},
    {"x":0.57538,
     "y":0.28},
    {"x":0.58769,
     "y":0.30462},
    {"x":0.6,
     "y":0.31692},
    {"x":0.61846,
     "y":0.32923},
    {"x":0.63692,
     "y":0.32923},
    {"x":0.65846,
     "y":0.33538},
    {"x":0.68308,
     "y":0.33538},
    {"x":0.70769,
     "y":0.32615},
    {"x":0.73231,
     "y":0.31077},
    {"x":0.75692,
     "y":0.31385},
    {"x":0.78154,
     "y":0.32},
    {"x":0.80615,
     "y":0.32308},
    {"x":0.83077,
     "y":0.32308},
    {"x":0.85538,
     "y":0.32615},
    {"x":0.88,
     "y":0.32615},
    {"x":0.90462,
     "y":0.33538},
    {"x":0.92923,
     "y":0.33846},
    {"x":0.95077,
     "y":0.32},
    {"x":0.96923,
     "y":0.31692},
    {"x":0.99385,
     "y":0.30154},
    {"x":0.99692,
     "y":0.28},
    {"x":1,
     "y":0.25846},
    {"x":0.98462,
     "y":0.23692},
    {"x":0.96308,
     "y":0.22154},
    {"x":0.93846,
     "y":0.20615},
    {"x":0.91385,
     "y":0.19385},
    {"x":0.88923,
     "y":0.18462},
    {"x":0.86462,
     "y":0.18154},
    {"x":0.85846,
     "y":0.16},
    {"x":0.84923,
     "y":0.14154},
    {"x":0.83077,
     "y":0.12308},
    {"x":0.82769,
     "y":0.098462},
    {"x":0.82462,
     "y":0.073846},
    {"x":0.80923,
     "y":0.058462},
    {"x":0.79692,
     "y":0.033846},
    {"x":0.79077,
     "y":0.046154},
    {"x":0.79692,
     "y":0.058462},
    {"x":0.78769,
     "y":0.061538},
    {"x":0.78769,
     "y":0.083077},
    {"x":0.78769,
     "y":0.098462},
    {"x":0.76308,
     "y":0.086154},
    {"x":0.73846,
     "y":0.067692},
    {"x":0.73231,
     "y":0.08},
    {"x":0.70769,
     "y":0.067692},
    {"x":0.69231,
     "y":0.08},
    {"x":0.66769,
     "y":0.073846},
    {"x":0.66154,
     "y":0.089231},
    {"x":0.64923,
     "y":0.095385},
    {"x":0.63077,
     "y":0.10462},
    {"x":0.62154,
     "y":0.10769},
    {"x":0.59692,
     "y":0.10462},
    {"x":0.57231,
     "y":0.10462},
    {"x":0.54769,
     "y":0.098462},
    {"x":0.53538,
     "y":0.073846},
    {"x":0.52,
     "y":0.049231},
    {"x":0.49538,
     "y":0.036923},
    {"x":0.47077,
     "y":0.021538},
    {"x":0.44615,
     "y":0.012308},
    {"x":0.42154,
     "y":0.0030769},
    {"x":0.39692,
     "y":0},
    {"x":0.37231,
     "y":0},
    {"x":0.34769,
     "y":0.0030769},
    {"x":0.32308,
     "y":0.0092308},
    {"x":0.30462,
     "y":0.018462},
    {"x":0.28923,
     "y":0.033846},
    {"x":0.27692,
     "y":0.049231},
    {"x":0.28615,
     "y":0.073846},
    {"x":0.26154,
     "y":0.076923},
    {"x":0.23692,
     "y":0.076923},
    {"x":0.21231,
     "y":0.08},
    {"x":0.18769,
     "y":0.076923},
    {"x":0.16615,
     "y":0.070769},
    {"x":0.14154,
     "y":0.067692},
    {"x":0.11692,
     "y":0.058462},
    {"x":0.092308,
     "y":0.052308},
    {"x":0.067692,
     "y":0.049231},
    {"x":0.043077,
     "y":0.049231},
    {"x":0.018462,
     "y":0.067692},
    {"x":0.012308,
     "y":0.089231},
    {"x":0,
     "y":0.11385},
    {"x":0,
     "y":0.13846},
    {"x":0.0030769,
     "y":0.16308},
    {"x":0.0030769,
     "y":0.16923}],
 "triangles":[
    {"p1":86,
     "p2":87,
     "p3":93},
    {"p1":84,
     "p2":86,
     "p3":93},
    {"p1":89,
     "p2":90,
     "p3":93},
    {"p1":7,
     "p2":8,
     "p3":99},
    {"p1":44,
     "p2":49,
     "p3":50},
    {"p1":84,
     "p2":85,
     "p3":86},
    {"p1":31,
     "p2":32,
     "p3":34},
    {"p1":32,
     "p2":33,
     "p3":34},
    {"p1":44,
     "p2":50,
     "p3":51},
    {"p1":41,
     "p2":44,
     "p3":51},
    {"p1":36,
     "p2":37,
     "p3":54},
    {"p1":41,
     "p2":53,
     "p3":54},
    {"p1":0,
     "p2":1,
     "p3":108},
    {"p1":1,
     "p2":2,
     "p3":6},
    {"p1":2,
     "p2":3,
     "p3":6},
    {"p1":6,
     "p2":7,
     "p3":108},
    {"p1":1,
     "p2":6,
     "p3":108},
    {"p1":87,
     "p2":88,
     "p3":93},
    {"p1":88,
     "p2":89,
     "p3":93},
    {"p1":90,
     "p2":91,
     "p3":93},
    {"p1":91,
     "p2":92,
     "p3":93},
    {"p1":10,
     "p2":95,
     "p3":96},
    {"p1":7,
     "p2":99,
     "p3":100},
    {"p1":7,
     "p2":100,
     "p3":108},
    {"p1":3,
     "p2":4,
     "p3":6},
    {"p1":4,
     "p2":5,
     "p3":6},
    {"p1":44,
     "p2":45,
     "p3":47},
    {"p1":44,
     "p2":47,
     "p3":49},
    {"p1":47,
     "p2":48,
     "p3":49},
    {"p1":45,
     "p2":46,
     "p3":47},
    {"p1":42,
     "p2":43,
     "p3":44},
    {"p1":41,
     "p2":42,
     "p3":44},
    {"p1":80,
     "p2":81,
     "p3":82},
    {"p1":35,
     "p2":36,
     "p3":54},
    {"p1":31,
     "p2":34,
     "p3":35},
    {"p1":27,
     "p2":31,
     "p3":35},
    {"p1":67,
     "p2":68,
     "p3":69},
    {"p1":69,
     "p2":70,
     "p3":71},
    {"p1":35,
     "p2":69,
     "p3":71},
    {"p1":60,
     "p2":63,
     "p3":65},
    {"p1":41,
     "p2":52,
     "p3":53},
    {"p1":41,
     "p2":51,
     "p3":52},
    {"p1":101,
     "p2":102,
     "p3":105},
    {"p1":103,
     "p2":104,
     "p3":105},
    {"p1":102,
     "p2":103,
     "p3":105},
    {"p1":10,
     "p2":93,
     "p3":94},
    {"p1":10,
     "p2":94,
     "p3":95},
    {"p1":8,
     "p2":98,
     "p3":99},
    {"p1":10,
     "p2":11,
     "p3":12},
    {"p1":100,
     "p2":101,
     "p3":107},
    {"p1":100,
     "p2":107,
     "p3":108},
    {"p1":101,
     "p2":105,
     "p3":107},
    {"p1":105,
     "p2":106,
     "p3":107},
    {"p1":10,
     "p2":13,
     "p3":93},
    {"p1":10,
     "p2":12,
     "p3":13},
    {"p1":16,
     "p2":84,
     "p3":93},
    {"p1":15,
     "p2":16,
     "p3":93},
    {"p1":16,
     "p2":83,
     "p3":84},
    {"p1":16,
     "p2":82,
     "p3":83},
    {"p1":29,
     "p2":30,
     "p3":31},
    {"p1":37,
     "p2":38,
     "p3":54},
    {"p1":38,
     "p2":39,
     "p3":54},
    {"p1":79,
     "p2":80,
     "p3":82},
    {"p1":60,
     "p2":61,
     "p3":62},
    {"p1":60,
     "p2":62,
     "p3":63},
    {"p1":66,
     "p2":67,
     "p3":69},
    {"p1":35,
     "p2":66,
     "p3":69},
    {"p1":58,
     "p2":65,
     "p3":66},
    {"p1":71,
     "p2":72,
     "p3":73},
    {"p1":35,
     "p2":73,
     "p3":74},
    {"p1":35,
     "p2":71,
     "p3":73},
    {"p1":63,
     "p2":64,
     "p3":65},
    {"p1":58,
     "p2":59,
     "p3":65},
    {"p1":59,
     "p2":60,
     "p3":65},
    {"p1":8,
     "p2":9,
     "p3":98},
    {"p1":9,
     "p2":97,
     "p3":98},
    {"p1":9,
     "p2":96,
     "p3":97},
    {"p1":9,
     "p2":10,
     "p3":96},
    {"p1":14,
     "p2":15,
     "p3":93},
    {"p1":13,
     "p2":14,
     "p3":93},
    {"p1":27,
     "p2":28,
     "p3":31},
    {"p1":28,
     "p2":29,
     "p3":31},
    {"p1":35,
     "p2":74,
     "p3":75},
    {"p1":27,
     "p2":35,
     "p3":75},
    {"p1":27,
     "p2":75,
     "p3":76},
    {"p1":40,
     "p2":41,
     "p3":54},
    {"p1":39,
     "p2":40,
     "p3":54},
    {"p1":26,
     "p2":76,
     "p3":77},
    {"p1":26,
     "p2":27,
     "p3":76},
    {"p1":25,
     "p2":26,
     "p3":79},
    {"p1":17,
     "p2":20,
     "p3":79},
    {"p1":17,
     "p2":18,
     "p3":20},
    {"p1":16,
     "p2":17,
     "p3":82},
    {"p1":17,
     "p2":79,
     "p3":82},
    {"p1":35,
     "p2":54,
     "p3":57},
    {"p1":35,
     "p2":57,
     "p3":66},
    {"p1":57,
     "p2":58,
     "p3":66},
    {"p1":18,
     "p2":19,
     "p3":20},
    {"p1":26,
     "p2":77,
     "p3":78},
    {"p1":26,
     "p2":78,
     "p3":79},
    {"p1":20,
     "p2":21,
     "p3":79},
    {"p1":21,
     "p2":22,
     "p3":79},
    {"p1":22,
     "p2":23,
     "p3":79},
    {"p1":24,
     "p2":25,
     "p3":79},
    {"p1":23,
     "p2":24,
     "p3":79},
    {"p1":54,
     "p2":55,
     "p3":57},
    {"p1":55,
     "p2":56,
     "p3":57}]
}