{"points":[
    {"x":0,
     "y":0.13592},
    {"x":0.0097087,
     "y":0.15534},
    {"x":0.029126,
     "y":0.1699},
    {"x":0.048544,
     "y":0.17961},
    {"x":0.067961,
     "y":0.17961},
    {"x":0.087379,
     "y":0.17476},
    {"x":0.1068,
     "y":0.16505},
    {"x":0.12621,
     "y":0.16019},
    {"x":0.14563,
     "y":0.16019},
    {"x":0.16505,
     "y":0.16505},
    {"x":0.1699,
     "y":0.18447},
    {"x":0.18447,
     "y":0.19903},
    {"x":0.20388,
     "y":0.20388},
    {"x":0.2233,
     "y":0.20874},
    {"x":0.24272,
     "y":0.21845},
    {"x":0.26214,
     "y":0.2233},
    {"x":0.28155,
     "y":0.23301},
    {"x":0.30097,
     "y":0.23301},
    {"x":0.32039,
     "y":0.23786},
    {"x":0.33981,
     "y":0.24272},
    {"x":0.35922,
     "y":0.24757},
    {"x":0.37864,
     "y":0.24757},
    {"x":0.39806,
     "y":0.25243},
    {"x":0.41748,
     "y":0.25243},
    {"x":0.43689,
     "y":0.25728},
    {"x":0.45631,
     "y":0.26214},
    {"x":0.47573,
     "y":0.26699},
    {"x":0.49515,
     "y":0.26214},
    {"x":0.51456,
     "y":0.26699},
    {"x":0.53398,
     "y":0.26699},
    {"x":0.5534,
     "y":0.26699},
    {"x":0.57282,
     "y":0.27184},
    {"x":0.59223,
     "y":0.27184},
    {"x":0.61165,
     "y":0.27184},
    {"x":0.63107,
     "y":0.26214},
    {"x":0.65049,
     "y":0.24272},
    {"x":0.66505,
     "y":0.23301},
    {"x":0.68447,
     "y":0.23301},
    {"x":0.70388,
     "y":0.23301},
    {"x":0.7233,
     "y":0.23301},
    {"x":0.74272,
     "y":0.23301},
    {"x":0.76214,
     "y":0.23301},
    {"x":0.78155,
     "y":0.22816},
    {"x":0.80097,
     "y":0.2233},
    {"x":0.81553,
     "y":0.23301},
    {"x":0.81068,
     "y":0.25243},
    {"x":0.81553,
     "y":0.25728},
    {"x":0.82524,
     "y":0.23786},
    {"x":0.8301,
     "y":0.21845},
    {"x":0.84951,
     "y":0.21359},
    {"x":0.86893,
     "y":0.20874},
    {"x":0.88835,
     "y":0.20874},
    {"x":0.90777,
     "y":0.20388},
    {"x":0.92718,
     "y":0.20388},
    {"x":0.9466,
     "y":0.19903},
    {"x":0.96117,
     "y":0.20388},
    {"x":0.97573,
     "y":0.20874},
    {"x":0.99515,
     "y":0.21359},
    {"x":0.98058,
     "y":0.19417},
    {"x":0.98058,
     "y":0.17476},
    {"x":0.98058,
     "y":0.15534},
    {"x":0.98058,
     "y":0.13592},
    {"x":1,
     "y":0.12136},
    {"x":0.98544,
     "y":0.12136},
    {"x":0.96602,
     "y":0.12621},
    {"x":0.9466,
     "y":0.12136},
    {"x":0.92718,
     "y":0.1165},
    {"x":0.90777,
     "y":0.11165},
    {"x":0.88835,
     "y":0.1068},
    {"x":0.86893,
     "y":0.097087},
    {"x":0.84951,
     "y":0.092233},
    {"x":0.8301,
     "y":0.087379},
    {"x":0.81553,
     "y":0.072816},
    {"x":0.80583,
     "y":0.053398},
    {"x":0.79612,
     "y":0.033981},
    {"x":0.78155,
     "y":0.019417},
    {"x":0.76699,
     "y":0.019417},
    {"x":0.75243,
     "y":0},
    {"x":0.75728,
     "y":0.019417},
    {"x":0.77184,
     "y":0.038835},
    {"x":0.76699,
     "y":0.058252},
    {"x":0.75728,
     "y":0.07767},
    {"x":0.73786,
     "y":0.07767},
    {"x":0.71845,
     "y":0.072816},
    {"x":0.69903,
     "y":0.072816},
    {"x":0.67961,
     "y":0.072816},
    {"x":0.66019,
     "y":0.072816},
    {"x":0.64078,
     "y":0.072816},
    {"x":0.62136,
     "y":0.07767},
    {"x":0.60194,
     "y":0.07767},
    {"x":0.58252,
     "y":0.07767},
    {"x":0.56796,
     "y":0.063107},
    {"x":0.56311,
     "y":0.048544},
    {"x":0.54369,
     "y":0.043689},
    {"x":0.52427,
     "y":0.043689},
    {"x":0.50485,
     "y":0.043689},
    {"x":0.48544,
     "y":0.043689},
    {"x":0.46602,
     "y":0.043689},
    {"x":0.4466,
     "y":0.043689},
    {"x":0.42718,
     "y":0.048544},
    {"x":0.40777,
     "y":0.048544},
    {"x":0.38835,
     "y":0.048544},
    {"x":0.36893,
     "y":0.048544},
    {"x":0.34951,
     "y":0.048544},
    {"x":0.3301,
     "y":0.053398},
    {"x":0.31068,
     "y":0.053398},
    {"x":0.29126,
     "y":0.053398},
    {"x":0.27184,
     "y":0.053398},
    {"x":0.25243,
     "y":0.058252},
    {"x":0.23301,
     "y":0.063107},
    {"x":0.21359,
     "y":0.067961},
    {"x":0.19417,
     "y":0.072816},
    {"x":0.17476,
     "y":0.07767},
    {"x":0.16505,
     "y":0.092233},
    {"x":0.15049,
     "y":0.097087},
    {"x":0.13107,
     "y":0.092233},
    {"x":0.11165,
     "y":0.087379},
    {"x":0.092233,
     "y":0.082524},
    {"x":0.072816,
     "y":0.07767},
    {"x":0.053398,
     "y":0.072816},
    {"x":0.033981,
     "y":0.072816},
    {"x":0.014563,
     "y":0.087379},
    {"x":0.0048544,
     "y":0.1068},
    {"x":0,
     "y":0.12621},
    {"x":0,
     "y":0.13592}],
 "triangles":[
    {"p1":119,
     "p2":120,
     "p3":121},
    {"p1":119,
     "p2":121,
     "p3":122},
    {"p1":1,
     "p2":2,
     "p3":122},
    {"p1":61,
     "p2":62,
     "p3":63},
    {"p1":0,
     "p2":1,
     "p3":123},
    {"p1":1,
     "p2":122,
     "p3":123},
    {"p1":90,
     "p2":91,
     "p3":95},
    {"p1":27,
     "p2":95,
     "p3":96},
    {"p1":27,
     "p2":90,
     "p3":95},
    {"p1":91,
     "p2":92,
     "p3":93},
    {"p1":56,
     "p2":57,
     "p3":58},
    {"p1":19,
     "p2":21,
     "p3":102},
    {"p1":15,
     "p2":16,
     "p3":17},
    {"p1":17,
     "p2":18,
     "p3":104},
    {"p1":18,
     "p2":19,
     "p3":104},
    {"p1":102,
     "p2":103,
     "p3":104},
    {"p1":19,
     "p2":102,
     "p3":104},
    {"p1":37,
     "p2":84,
     "p3":85},
    {"p1":36,
     "p2":37,
     "p3":85},
    {"p1":36,
     "p2":85,
     "p3":86},
    {"p1":91,
     "p2":93,
     "p3":94},
    {"p1":91,
     "p2":94,
     "p3":95},
    {"p1":36,
     "p2":88,
     "p3":89},
    {"p1":86,
     "p2":87,
     "p3":88},
    {"p1":36,
     "p2":86,
     "p3":88},
    {"p1":37,
     "p2":38,
     "p3":84},
    {"p1":50,
     "p2":68,
     "p3":69},
    {"p1":50,
     "p2":51,
     "p3":68},
    {"p1":55,
     "p2":58,
     "p3":59},
    {"p1":55,
     "p2":56,
     "p3":58},
    {"p1":21,
     "p2":23,
     "p3":100},
    {"p1":19,
     "p2":20,
     "p3":21},
    {"p1":13,
     "p2":109,
     "p3":110},
    {"p1":9,
     "p2":13,
     "p3":110},
    {"p1":9,
     "p2":110,
     "p3":111},
    {"p1":2,
     "p2":3,
     "p3":4},
    {"p1":9,
     "p2":12,
     "p3":13},
    {"p1":17,
     "p2":104,
     "p3":105},
    {"p1":15,
     "p2":105,
     "p3":106},
    {"p1":15,
     "p2":17,
     "p3":105},
    {"p1":2,
     "p2":4,
     "p3":118},
    {"p1":118,
     "p2":119,
     "p3":122},
    {"p1":2,
     "p2":118,
     "p3":122},
    {"p1":35,
     "p2":89,
     "p3":90},
    {"p1":35,
     "p2":36,
     "p3":89},
    {"p1":30,
     "p2":35,
     "p3":90},
    {"p1":45,
     "p2":46,
     "p3":47},
    {"p1":44,
     "p2":45,
     "p3":47},
    {"p1":76,
     "p2":77,
     "p3":78},
    {"p1":61,
     "p2":63,
     "p3":64},
    {"p1":60,
     "p2":61,
     "p3":64},
    {"p1":60,
     "p2":64,
     "p3":65},
    {"p1":54,
     "p2":55,
     "p3":59},
    {"p1":54,
     "p2":59,
     "p3":60},
    {"p1":54,
     "p2":60,
     "p3":65},
    {"p1":21,
     "p2":101,
     "p3":102},
    {"p1":21,
     "p2":100,
     "p3":101},
    {"p1":23,
     "p2":99,
     "p3":100},
    {"p1":23,
     "p2":24,
     "p3":99},
    {"p1":97,
     "p2":98,
     "p3":99},
    {"p1":24,
     "p2":97,
     "p3":99},
    {"p1":25,
     "p2":26,
     "p3":27},
    {"p1":24,
     "p2":25,
     "p3":97},
    {"p1":21,
     "p2":22,
     "p3":23},
    {"p1":27,
     "p2":29,
     "p3":90},
    {"p1":27,
     "p2":28,
     "p3":29},
    {"p1":29,
     "p2":30,
     "p3":90},
    {"p1":13,
     "p2":108,
     "p3":109},
    {"p1":13,
     "p2":14,
     "p3":108},
    {"p1":14,
     "p2":15,
     "p3":108},
    {"p1":15,
     "p2":106,
     "p3":108},
    {"p1":106,
     "p2":107,
     "p3":108},
    {"p1":9,
     "p2":111,
     "p3":113},
    {"p1":5,
     "p2":6,
     "p3":117},
    {"p1":5,
     "p2":117,
     "p3":118},
    {"p1":4,
     "p2":5,
     "p3":118},
    {"p1":30,
     "p2":31,
     "p3":32},
    {"p1":30,
     "p2":32,
     "p3":35},
    {"p1":32,
     "p2":33,
     "p3":34},
    {"p1":32,
     "p2":34,
     "p3":35},
    {"p1":44,
     "p2":47,
     "p3":48},
    {"p1":52,
     "p2":66,
     "p3":67},
    {"p1":52,
     "p2":53,
     "p3":66},
    {"p1":111,
     "p2":112,
     "p3":113},
    {"p1":6,
     "p2":116,
     "p3":117},
    {"p1":6,
     "p2":7,
     "p3":116},
    {"p1":7,
     "p2":8,
     "p3":114},
    {"p1":8,
     "p2":9,
     "p3":114},
    {"p1":9,
     "p2":113,
     "p3":114},
    {"p1":38,
     "p2":83,
     "p3":84},
    {"p1":74,
     "p2":75,
     "p3":79},
    {"p1":73,
     "p2":74,
     "p3":79},
    {"p1":73,
     "p2":79,
     "p3":80},
    {"p1":75,
     "p2":76,
     "p3":79},
    {"p1":76,
     "p2":78,
     "p3":79},
    {"p1":43,
     "p2":44,
     "p3":48},
    {"p1":43,
     "p2":48,
     "p3":71},
    {"p1":7,
     "p2":115,
     "p3":116},
    {"p1":7,
     "p2":114,
     "p3":115},
    {"p1":43,
     "p2":71,
     "p3":81},
    {"p1":42,
     "p2":43,
     "p3":81},
    {"p1":40,
     "p2":41,
     "p3":81},
    {"p1":41,
     "p2":42,
     "p3":81},
    {"p1":71,
     "p2":72,
     "p3":81},
    {"p1":72,
     "p2":73,
     "p3":80},
    {"p1":72,
     "p2":80,
     "p3":81},
    {"p1":39,
     "p2":40,
     "p3":82},
    {"p1":40,
     "p2":81,
     "p3":82},
    {"p1":38,
     "p2":39,
     "p3":82},
    {"p1":38,
     "p2":82,
     "p3":83},
    {"p1":10,
     "p2":11,
     "p3":12},
    {"p1":9,
     "p2":10,
     "p3":12},
    {"p1":25,
     "p2":96,
     "p3":97},
    {"p1":25,
     "p2":27,
     "p3":96},
    {"p1":51,
     "p2":52,
     "p3":67},
    {"p1":51,
     "p2":67,
     "p3":68},
    {"p1":53,
     "p2":54,
     "p3":65},
    {"p1":53,
     "p2":65,
     "p3":66},
    {"p1":49,
     "p2":69,
     "p3":70},
    {"p1":49,
     "p2":50,
     "p3":69},
    {"p1":48,
     "p2":49,
     "p3":71},
    {"p1":49,
     "p2":70,
     "p3":71}]
}