{"points":[
    {"x":0.19728,
     "y":0.31973},
    {"x":0.21542,
     "y":0.3424},
    {"x":0.24036,
     "y":0.36735},
    {"x":0.26531,
     "y":0.39229},
    {"x":0.29252,
     "y":0.4127},
    {"x":0.31746,
     "y":0.4263},
    {"x":0.34467,
     "y":0.43991},
    {"x":0.37188,
     "y":0.45125},
    {"x":0.39909,
     "y":0.45351},
    {"x":0.4263,
     "y":0.44898},
    {"x":0.45351,
     "y":0.44898},
    {"x":0.47392,
     "y":0.46712},
    {"x":0.49887,
     "y":0.48073},
    {"x":0.51701,
     "y":0.49887},
    {"x":0.53968,
     "y":0.52154},
    {"x":0.56236,
     "y":0.54422},
    {"x":0.5873,
     "y":0.56463},
    {"x":0.60771,
     "y":0.57823},
    {"x":0.62812,
     "y":0.60544},
    {"x":0.65306,
     "y":0.62585},
    {"x":0.68027,
     "y":0.64853},
    {"x":0.69161,
     "y":0.6712},
    {"x":0.71882,
     "y":0.678},
    {"x":0.74603,
     "y":0.6644},
    {"x":0.7619,
     "y":0.63719},
    {"x":0.77551,
     "y":0.60998},
    {"x":0.79592,
     "y":0.61905},
    {"x":0.81633,
     "y":0.64172},
    {"x":0.8322,
     "y":0.66667},
    {"x":0.85714,
     "y":0.68934},
    {"x":0.88435,
     "y":0.69161},
    {"x":0.91156,
     "y":0.69388},
    {"x":0.93878,
     "y":0.68707},
    {"x":0.96599,
     "y":0.67347},
    {"x":0.98639,
     "y":0.6576},
    {"x":1,
     "y":0.63265},
    {"x":0.98639,
     "y":0.60544},
    {"x":0.97959,
     "y":0.57823},
    {"x":0.96599,
     "y":0.55102},
    {"x":0.95011,
     "y":0.52608},
    {"x":0.93197,
     "y":0.5034},
    {"x":0.9161,
     "y":0.47619},
    {"x":0.89796,
     "y":0.45351},
    {"x":0.87982,
     "y":0.42857},
    {"x":0.88209,
     "y":0.40136},
    {"x":0.87755,
     "y":0.37415},
    {"x":0.87075,
     "y":0.34694},
    {"x":0.86621,
     "y":0.31973},
    {"x":0.85034,
     "y":0.30159},
    {"x":0.84127,
     "y":0.31519},
    {"x":0.8254,
     "y":0.28798},
    {"x":0.81406,
     "y":0.26531},
    {"x":0.79592,
     "y":0.2517},
    {"x":0.80045,
     "y":0.27891},
    {"x":0.81406,
     "y":0.30385},
    {"x":0.82993,
     "y":0.33107},
    {"x":0.839,
     "y":0.35828},
    {"x":0.839,
     "y":0.38549},
    {"x":0.82993,
     "y":0.36054},
    {"x":0.80499,
     "y":0.3424},
    {"x":0.77778,
     "y":0.31973},
    {"x":0.75057,
     "y":0.29705},
    {"x":0.72336,
     "y":0.29252},
    {"x":0.69841,
     "y":0.28118},
    {"x":0.6712,
     "y":0.26531},
    {"x":0.64399,
     "y":0.25624},
    {"x":0.61678,
     "y":0.24263},
    {"x":0.60544,
     "y":0.21542},
    {"x":0.59864,
     "y":0.18821},
    {"x":0.58277,
     "y":0.161},
    {"x":0.56236,
     "y":0.13379},
    {"x":0.53515,
     "y":0.12472},
    {"x":0.50794,
     "y":0.11338},
    {"x":0.48073,
     "y":0.10658},
    {"x":0.45578,
     "y":0.092971},
    {"x":0.42857,
     "y":0.081633},
    {"x":0.40136,
     "y":0.070295},
    {"x":0.37415,
     "y":0.068027},
    {"x":0.34921,
     "y":0.058957},
    {"x":0.322,
     "y":0.047619},
    {"x":0.29478,
     "y":0.045351},
    {"x":0.26757,
     "y":0.036281},
    {"x":0.24036,
     "y":0.034014},
    {"x":0.21315,
     "y":0.038549},
    {"x":0.20862,
     "y":0.056689},
    {"x":0.19048,
     "y":0.061224},
    {"x":0.16553,
     "y":0.040816},
    {"x":0.13832,
     "y":0.027211},
    {"x":0.11111,
     "y":0.011338},
    {"x":0.0839,
     "y":0},
    {"x":0.056689,
     "y":0.0022676},
    {"x":0.031746,
     "y":0.020408},
    {"x":0.018141,
     "y":0.043084},
    {"x":0.0045351,
     "y":0.070295},
    {"x":0,
     "y":0.097506},
    {"x":0.0090703,
     "y":0.12472},
    {"x":0.024943,
     "y":0.14966},
    {"x":0.052154,
     "y":0.15646},
    {"x":0.079365,
     "y":0.1678},
    {"x":0.10658,
     "y":0.17687},
    {"x":0.13379,
     "y":0.17234},
    {"x":0.14739,
     "y":0.19048},
    {"x":0.1542,
     "y":0.21769},
    {"x":0.15646,
     "y":0.2449},
    {"x":0.1678,
     "y":0.27211},
    {"x":0.17914,
     "y":0.29932},
    {"x":0.19728,
     "y":0.31973}],
 "triangles":[
    {"p1":89,
     "p2":90,
     "p3":91},
    {"p1":93,
     "p2":94,
     "p3":95},
    {"p1":20,
     "p2":21,
     "p3":22},
    {"p1":88,
     "p2":89,
     "p3":91},
    {"p1":88,
     "p2":91,
     "p3":92},
    {"p1":2,
     "p2":3,
     "p3":74},
    {"p1":87,
     "p2":98,
     "p3":100},
    {"p1":80,
     "p2":101,
     "p3":102},
    {"p1":102,
     "p2":103,
     "p3":104},
    {"p1":87,
     "p2":97,
     "p3":98},
    {"p1":87,
     "p2":88,
     "p3":97},
    {"p1":88,
     "p2":92,
     "p3":97},
    {"p1":92,
     "p2":93,
     "p3":97},
    {"p1":93,
     "p2":95,
     "p3":97},
    {"p1":95,
     "p2":96,
     "p3":97},
    {"p1":27,
     "p2":30,
     "p3":37},
    {"p1":12,
     "p2":65,
     "p3":66},
    {"p1":67,
     "p2":69,
     "p3":71},
    {"p1":67,
     "p2":68,
     "p3":69},
    {"p1":69,
     "p2":70,
     "p3":71},
    {"p1":3,
     "p2":73,
     "p3":74},
    {"p1":5,
     "p2":9,
     "p3":73},
    {"p1":50,
     "p2":53,
     "p3":54},
    {"p1":26,
     "p2":27,
     "p3":39},
    {"p1":25,
     "p2":43,
     "p3":57},
    {"p1":20,
     "p2":22,
     "p3":23},
    {"p1":98,
     "p2":99,
     "p3":100},
    {"p1":85,
     "p2":100,
     "p3":101},
    {"p1":46,
     "p2":47,
     "p3":55},
    {"p1":27,
     "p2":38,
     "p3":39},
    {"p1":27,
     "p2":37,
     "p3":38},
    {"p1":31,
     "p2":32,
     "p3":36},
    {"p1":30,
     "p2":31,
     "p3":36},
    {"p1":30,
     "p2":36,
     "p3":37},
    {"p1":32,
     "p2":33,
     "p3":36},
    {"p1":33,
     "p2":34,
     "p3":36},
    {"p1":34,
     "p2":35,
     "p3":36},
    {"p1":51,
     "p2":52,
     "p3":53},
    {"p1":50,
     "p2":51,
     "p3":53},
    {"p1":27,
     "p2":28,
     "p3":30},
    {"p1":28,
     "p2":29,
     "p3":30},
    {"p1":10,
     "p2":66,
     "p3":67},
    {"p1":10,
     "p2":67,
     "p3":73},
    {"p1":9,
     "p2":10,
     "p3":73},
    {"p1":10,
     "p2":12,
     "p3":66},
    {"p1":10,
     "p2":11,
     "p3":12},
    {"p1":67,
     "p2":71,
     "p3":72},
    {"p1":67,
     "p2":72,
     "p3":73},
    {"p1":5,
     "p2":6,
     "p3":9},
    {"p1":6,
     "p2":7,
     "p3":8},
    {"p1":6,
     "p2":8,
     "p3":9},
    {"p1":3,
     "p2":4,
     "p3":73},
    {"p1":4,
     "p2":5,
     "p3":73},
    {"p1":49,
     "p2":54,
     "p3":55},
    {"p1":47,
     "p2":49,
     "p3":55},
    {"p1":47,
     "p2":48,
     "p3":49},
    {"p1":49,
     "p2":50,
     "p3":54},
    {"p1":19,
     "p2":20,
     "p3":25},
    {"p1":18,
     "p2":19,
     "p3":25},
    {"p1":60,
     "p2":61,
     "p3":62},
    {"p1":14,
     "p2":15,
     "p3":62},
    {"p1":14,
     "p2":62,
     "p3":63},
    {"p1":43,
     "p2":44,
     "p3":57},
    {"p1":44,
     "p2":45,
     "p3":57},
    {"p1":17,
     "p2":18,
     "p3":25},
    {"p1":17,
     "p2":25,
     "p3":57},
    {"p1":17,
     "p2":57,
     "p3":59},
    {"p1":17,
     "p2":59,
     "p3":60},
    {"p1":20,
     "p2":24,
     "p3":25},
    {"p1":20,
     "p2":23,
     "p3":24},
    {"p1":0,
     "p2":104,
     "p3":105},
    {"p1":0,
     "p2":77,
     "p3":104},
    {"p1":0,
     "p2":1,
     "p3":77},
    {"p1":1,
     "p2":2,
     "p3":77},
    {"p1":86,
     "p2":87,
     "p3":100},
    {"p1":85,
     "p2":86,
     "p3":100},
    {"p1":26,
     "p2":39,
     "p3":40},
    {"p1":26,
     "p2":40,
     "p3":41},
    {"p1":25,
     "p2":26,
     "p3":42},
    {"p1":26,
     "p2":41,
     "p3":42},
    {"p1":25,
     "p2":42,
     "p3":43},
    {"p1":45,
     "p2":56,
     "p3":57},
    {"p1":45,
     "p2":46,
     "p3":56},
    {"p1":46,
     "p2":55,
     "p3":56},
    {"p1":13,
     "p2":14,
     "p3":63},
    {"p1":13,
     "p2":63,
     "p3":64},
    {"p1":12,
     "p2":13,
     "p3":65},
    {"p1":13,
     "p2":64,
     "p3":65},
    {"p1":16,
     "p2":60,
     "p3":62},
    {"p1":16,
     "p2":17,
     "p3":60},
    {"p1":15,
     "p2":16,
     "p3":62},
    {"p1":78,
     "p2":102,
     "p3":104},
    {"p1":77,
     "p2":78,
     "p3":104},
    {"p1":78,
     "p2":80,
     "p3":102},
    {"p1":75,
     "p2":76,
     "p3":77},
    {"p1":2,
     "p2":74,
     "p3":75},
    {"p1":2,
     "p2":75,
     "p3":77},
    {"p1":80,
     "p2":84,
     "p3":101},
    {"p1":84,
     "p2":85,
     "p3":101},
    {"p1":57,
     "p2":58,
     "p3":59},
    {"p1":78,
     "p2":79,
     "p3":80},
    {"p1":80,
     "p2":81,
     "p3":84},
    {"p1":81,
     "p2":82,
     "p3":84},
    {"p1":82,
     "p2":83,
     "p3":84}]
}