{"points":[
    {"x":0,
     "y":0.1875},
    {"x":0.016667,
     "y":0.2125},
    {"x":0.0375,
     "y":0.22917},
    {"x":0.0625,
     "y":0.22917},
    {"x":0.0875,
     "y":0.225},
    {"x":0.1125,
     "y":0.2125},
    {"x":0.1375,
     "y":0.20417},
    {"x":0.1625,
     "y":0.19583},
    {"x":0.1875,
     "y":0.19167},
    {"x":0.17917,
     "y":0.21667},
    {"x":0.16667,
     "y":0.2375},
    {"x":0.17083,
     "y":0.2625},
    {"x":0.19167,
     "y":0.275},
    {"x":0.21667,
     "y":0.2875},
    {"x":0.24167,
     "y":0.29167},
    {"x":0.26667,
     "y":0.29583},
    {"x":0.29167,
     "y":0.3},
    {"x":0.31667,
     "y":0.30833},
    {"x":0.34167,
     "y":0.30833},
    {"x":0.36667,
     "y":0.30833},
    {"x":0.39167,
     "y":0.30833},
    {"x":0.41667,
     "y":0.30833},
    {"x":0.44167,
     "y":0.30833},
    {"x":0.46667,
     "y":0.30833},
    {"x":0.49167,
     "y":0.30417},
    {"x":0.51667,
     "y":0.30417},
    {"x":0.54167,
     "y":0.30833},
    {"x":0.56667,
     "y":0.325},
    {"x":0.5875,
     "y":0.3375},
    {"x":0.6125,
     "y":0.35},
    {"x":0.6375,
     "y":0.35417},
    {"x":0.6625,
     "y":0.35833},
    {"x":0.6875,
     "y":0.36667},
    {"x":0.7125,
     "y":0.37083},
    {"x":0.7375,
     "y":0.375},
    {"x":0.7625,
     "y":0.37083},
    {"x":0.7875,
     "y":0.37083},
    {"x":0.8125,
     "y":0.35833},
    {"x":0.83333,
     "y":0.3375},
    {"x":0.84583,
     "y":0.3125},
    {"x":0.86667,
     "y":0.29583},
    {"x":0.89167,
     "y":0.29583},
    {"x":0.91667,
     "y":0.2875},
    {"x":0.94167,
     "y":0.275},
    {"x":0.9625,
     "y":0.25417},
    {"x":0.98333,
     "y":0.23333},
    {"x":1,
     "y":0.20833},
    {"x":1,
     "y":0.18333},
    {"x":0.97917,
     "y":0.16667},
    {"x":0.96667,
     "y":0.14583},
    {"x":0.99167,
     "y":0.14583},
    {"x":0.99167,
     "y":0.12917},
    {"x":0.96667,
     "y":0.1125},
    {"x":0.94167,
     "y":0.1},
    {"x":0.91667,
     "y":0.091667},
    {"x":0.89167,
     "y":0.0875},
    {"x":0.86667,
     "y":0.075},
    {"x":0.84583,
     "y":0.0625},
    {"x":0.82917,
     "y":0.0375},
    {"x":0.8125,
     "y":0.016667},
    {"x":0.7875,
     "y":0},
    {"x":0.7875,
     "y":0.020833},
    {"x":0.8,
     "y":0.041667},
    {"x":0.81667,
     "y":0.0625},
    {"x":0.79167,
     "y":0.066667},
    {"x":0.76667,
     "y":0.066667},
    {"x":0.74167,
     "y":0.066667},
    {"x":0.71667,
     "y":0.066667},
    {"x":0.69167,
     "y":0.066667},
    {"x":0.66667,
     "y":0.070833},
    {"x":0.64167,
     "y":0.079167},
    {"x":0.61667,
     "y":0.091667},
    {"x":0.59583,
     "y":0.075},
    {"x":0.57083,
     "y":0.066667},
    {"x":0.55,
     "y":0.070833},
    {"x":0.52917,
     "y":0.054167},
    {"x":0.50417,
     "y":0.05},
    {"x":0.47917,
     "y":0.05},
    {"x":0.45417,
     "y":0.05},
    {"x":0.42917,
     "y":0.045833},
    {"x":0.40417,
     "y":0.045833},
    {"x":0.37917,
     "y":0.045833},
    {"x":0.35417,
     "y":0.05},
    {"x":0.32917,
     "y":0.05},
    {"x":0.30417,
     "y":0.054167},
    {"x":0.27917,
     "y":0.0625},
    {"x":0.25417,
     "y":0.066667},
    {"x":0.22917,
     "y":0.075},
    {"x":0.20417,
     "y":0.0875},
    {"x":0.17917,
     "y":0.1},
    {"x":0.17917,
     "y":0.125},
    {"x":0.17917,
     "y":0.1375},
    {"x":0.15417,
     "y":0.12917},
    {"x":0.12917,
     "y":0.12083},
    {"x":0.10417,
     "y":0.1125},
    {"x":0.079167,
     "y":0.10417},
    {"x":0.054167,
     "y":0.095833},
    {"x":0.029167,
     "y":0.095833},
    {"x":0.0083333,
     "y":0.11667},
    {"x":0.0041667,
     "y":0.14167},
    {"x":0,
     "y":0.16667},
    {"x":0,
     "y":0.1875}],
 "triangles":[
    {"p1":0,
     "p2":1,
     "p3":100},
    {"p1":26,
     "p2":71,
     "p3":74},
    {"p1":74,
     "p2":75,
     "p3":76},
    {"p1":95,
     "p2":99,
     "p3":100},
    {"p1":21,
     "p2":79,
     "p3":80},
    {"p1":35,
     "p2":36,
     "p3":37},
    {"p1":40,
     "p2":41,
     "p3":42},
    {"p1":39,
     "p2":40,
     "p3":65},
    {"p1":96,
     "p2":97,
     "p3":98},
    {"p1":95,
     "p2":96,
     "p3":99},
    {"p1":96,
     "p2":98,
     "p3":99},
    {"p1":39,
     "p2":65,
     "p3":66},
    {"p1":39,
     "p2":66,
     "p3":67},
    {"p1":31,
     "p2":68,
     "p3":69},
    {"p1":31,
     "p2":67,
     "p3":68},
    {"p1":31,
     "p2":32,
     "p3":67},
    {"p1":35,
     "p2":38,
     "p3":39},
    {"p1":35,
     "p2":37,
     "p3":38},
    {"p1":49,
     "p2":52,
     "p3":53},
    {"p1":49,
     "p2":51,
     "p3":52},
    {"p1":40,
     "p2":49,
     "p3":55},
    {"p1":40,
     "p2":42,
     "p3":49},
    {"p1":49,
     "p2":54,
     "p3":55},
    {"p1":49,
     "p2":53,
     "p3":54},
    {"p1":26,
     "p2":27,
     "p3":71},
    {"p1":27,
     "p2":28,
     "p3":71},
    {"p1":30,
     "p2":31,
     "p3":71},
    {"p1":28,
     "p2":30,
     "p3":71},
    {"p1":31,
     "p2":70,
     "p3":71},
    {"p1":31,
     "p2":69,
     "p3":70},
    {"p1":71,
     "p2":72,
     "p3":74},
    {"p1":72,
     "p2":73,
     "p3":74},
    {"p1":21,
     "p2":78,
     "p3":79},
    {"p1":25,
     "p2":26,
     "p3":74},
    {"p1":24,
     "p2":25,
     "p3":74},
    {"p1":23,
     "p2":24,
     "p3":78},
    {"p1":1,
     "p2":2,
     "p3":3},
    {"p1":1,
     "p2":3,
     "p3":100},
    {"p1":3,
     "p2":95,
     "p3":100},
    {"p1":3,
     "p2":4,
     "p3":95},
    {"p1":8,
     "p2":14,
     "p3":15},
    {"p1":8,
     "p2":16,
     "p3":85},
    {"p1":8,
     "p2":15,
     "p3":16},
    {"p1":4,
     "p2":94,
     "p3":95},
    {"p1":33,
     "p2":35,
     "p3":39},
    {"p1":33,
     "p2":39,
     "p3":67},
    {"p1":32,
     "p2":33,
     "p3":67},
    {"p1":33,
     "p2":34,
     "p3":35},
    {"p1":45,
     "p2":46,
     "p3":48},
    {"p1":46,
     "p2":47,
     "p3":48},
    {"p1":42,
     "p2":43,
     "p3":44},
    {"p1":42,
     "p2":44,
     "p3":49},
    {"p1":44,
     "p2":48,
     "p3":49},
    {"p1":44,
     "p2":45,
     "p3":48},
    {"p1":59,
     "p2":60,
     "p3":61},
    {"p1":57,
     "p2":58,
     "p3":63},
    {"p1":40,
     "p2":64,
     "p3":65},
    {"p1":16,
     "p2":17,
     "p3":18},
    {"p1":18,
     "p2":82,
     "p3":83},
    {"p1":24,
     "p2":74,
     "p3":77},
    {"p1":24,
     "p2":77,
     "p3":78},
    {"p1":74,
     "p2":76,
     "p3":77},
    {"p1":21,
     "p2":22,
     "p3":78},
    {"p1":22,
     "p2":23,
     "p3":78},
    {"p1":4,
     "p2":5,
     "p3":94},
    {"p1":9,
     "p2":12,
     "p3":13},
    {"p1":9,
     "p2":13,
     "p3":14},
    {"p1":8,
     "p2":9,
     "p3":14},
    {"p1":8,
     "p2":87,
     "p3":91},
    {"p1":8,
     "p2":85,
     "p3":86},
    {"p1":8,
     "p2":86,
     "p3":87},
    {"p1":6,
     "p2":92,
     "p3":93},
    {"p1":5,
     "p2":6,
     "p3":93},
    {"p1":5,
     "p2":93,
     "p3":94},
    {"p1":49,
     "p2":50,
     "p3":51},
    {"p1":59,
     "p2":61,
     "p3":62},
    {"p1":58,
     "p2":62,
     "p3":63},
    {"p1":58,
     "p2":59,
     "p3":62},
    {"p1":56,
     "p2":57,
     "p3":63},
    {"p1":56,
     "p2":63,
     "p3":64},
    {"p1":40,
     "p2":55,
     "p3":56},
    {"p1":40,
     "p2":56,
     "p3":64},
    {"p1":28,
     "p2":29,
     "p3":30},
    {"p1":7,
     "p2":8,
     "p3":91},
    {"p1":6,
     "p2":7,
     "p3":92},
    {"p1":7,
     "p2":91,
     "p3":92},
    {"p1":10,
     "p2":11,
     "p3":12},
    {"p1":9,
     "p2":10,
     "p3":12},
    {"p1":87,
     "p2":88,
     "p3":91},
    {"p1":16,
     "p2":84,
     "p3":85},
    {"p1":18,
     "p2":83,
     "p3":84},
    {"p1":16,
     "p2":18,
     "p3":84},
    {"p1":20,
     "p2":81,
     "p3":82},
    {"p1":20,
     "p2":80,
     "p3":81},
    {"p1":20,
     "p2":21,
     "p3":80},
    {"p1":88,
     "p2":89,
     "p3":90},
    {"p1":88,
     "p2":90,
     "p3":91},
    {"p1":18,
     "p2":19,
     "p3":82},
    {"p1":19,
     "p2":20,
     "p3":82}]
}