{"points":[
    {"x":0,
     "y":0.058282},
    {"x":0.021472,
     "y":0.058282},
    {"x":0.042945,
     "y":0.058282},
    {"x":0.064417,
     "y":0.058282},
    {"x":0.08589,
     "y":0.06135},
    {"x":0.10736,
     "y":0.06135},
    {"x":0.12883,
     "y":0.06135},
    {"x":0.15031,
     "y":0.06135},
    {"x":0.17178,
     "y":0.064417},
    {"x":0.19325,
     "y":0.067485},
    {"x":0.21472,
     "y":0.070552},
    {"x":0.2362,
     "y":0.070552},
    {"x":0.25767,
     "y":0.07362},
    {"x":0.27914,
     "y":0.07362},
    {"x":0.30061,
     "y":0.070552},
    {"x":0.32209,
     "y":0.070552},
    {"x":0.34356,
     "y":0.070552},
    {"x":0.36503,
     "y":0.067485},
    {"x":0.3865,
     "y":0.067485},
    {"x":0.40798,
     "y":0.070552},
    {"x":0.42945,
     "y":0.070552},
    {"x":0.45092,
     "y":0.070552},
    {"x":0.47239,
     "y":0.070552},
    {"x":0.49387,
     "y":0.070552},
    {"x":0.51534,
     "y":0.07362},
    {"x":0.53681,
     "y":0.07362},
    {"x":0.55828,
     "y":0.07362},
    {"x":0.57975,
     "y":0.07362},
    {"x":0.60123,
     "y":0.076687},
    {"x":0.6227,
     "y":0.076687},
    {"x":0.64417,
     "y":0.079755},
    {"x":0.66564,
     "y":0.08589},
    {"x":0.68098,
     "y":0.07362},
    {"x":0.70245,
     "y":0.07362},
    {"x":0.72393,
     "y":0.079755},
    {"x":0.74233,
     "y":0.07362},
    {"x":0.76074,
     "y":0.08589},
    {"x":0.78221,
     "y":0.10123},
    {"x":0.80368,
     "y":0.11043},
    {"x":0.81595,
     "y":0.10429},
    {"x":0.81288,
     "y":0.082822},
    {"x":0.82515,
     "y":0.067485},
    {"x":0.84663,
     "y":0.070552},
    {"x":0.86503,
     "y":0.064417},
    {"x":0.8865,
     "y":0.06135},
    {"x":0.90798,
     "y":0.06135},
    {"x":0.92945,
     "y":0.064417},
    {"x":0.95092,
     "y":0.079755},
    {"x":0.97239,
     "y":0.092025},
    {"x":0.99387,
     "y":0.09816},
    {"x":0.99693,
     "y":0.082822},
    {"x":0.9816,
     "y":0.064417},
    {"x":0.9908,
     "y":0.046012},
    {"x":1,
     "y":0.02454},
    {"x":0.9816,
     "y":0.021472},
    {"x":0.96012,
     "y":0.02454},
    {"x":0.93865,
     "y":0.039877},
    {"x":0.91718,
     "y":0.042945},
    {"x":0.89571,
     "y":0.042945},
    {"x":0.8773,
     "y":0.039877},
    {"x":0.85583,
     "y":0.03681},
    {"x":0.83436,
     "y":0.033742},
    {"x":0.81902,
     "y":0.021472},
    {"x":0.81288,
     "y":0},
    {"x":0.79141,
     "y":0.006135},
    {"x":0.77301,
     "y":0.02454},
    {"x":0.7546,
     "y":0.033742},
    {"x":0.73313,
     "y":0.030675},
    {"x":0.71166,
     "y":0.030675},
    {"x":0.69018,
     "y":0.033742},
    {"x":0.66871,
     "y":0.033742},
    {"x":0.64724,
     "y":0.030675},
    {"x":0.62577,
     "y":0.030675},
    {"x":0.60429,
     "y":0.030675},
    {"x":0.58282,
     "y":0.027607},
    {"x":0.56135,
     "y":0.027607},
    {"x":0.53988,
     "y":0.02454},
    {"x":0.5184,
     "y":0.02454},
    {"x":0.49693,
     "y":0.021472},
    {"x":0.47546,
     "y":0.021472},
    {"x":0.45399,
     "y":0.021472},
    {"x":0.43252,
     "y":0.018405},
    {"x":0.41104,
     "y":0.018405},
    {"x":0.38957,
     "y":0.018405},
    {"x":0.3681,
     "y":0.018405},
    {"x":0.34663,
     "y":0.021472},
    {"x":0.32515,
     "y":0.021472},
    {"x":0.30368,
     "y":0.02454},
    {"x":0.28221,
     "y":0.02454},
    {"x":0.26074,
     "y":0.027607},
    {"x":0.23926,
     "y":0.027607},
    {"x":0.21779,
     "y":0.030675},
    {"x":0.19632,
     "y":0.033742},
    {"x":0.17485,
     "y":0.03681},
    {"x":0.15337,
     "y":0.039877},
    {"x":0.1319,
     "y":0.039877},
    {"x":0.11043,
     "y":0.042945},
    {"x":0.088957,
     "y":0.042945},
    {"x":0.067485,
     "y":0.042945},
    {"x":0.046012,
     "y":0.039877},
    {"x":0.027607,
     "y":0.04908},
    {"x":0.006135,
     "y":0.052147},
    {"x":0,
     "y":0.058282}],
 "triangles":[
    {"p1":52,
     "p2":53,
     "p3":54},
    {"p1":12,
     "p2":13,
     "p3":89},
    {"p1":13,
     "p2":88,
     "p3":89},
    {"p1":20,
     "p2":81,
     "p3":82},
    {"p1":18,
     "p2":82,
     "p3":83},
    {"p1":46,
     "p2":47,
     "p3":56},
    {"p1":2,
     "p2":3,
     "p3":99},
    {"p1":2,
     "p2":99,
     "p3":100},
    {"p1":11,
     "p2":12,
     "p3":89},
    {"p1":24,
     "p2":25,
     "p3":77},
    {"p1":25,
     "p2":76,
     "p3":77},
    {"p1":28,
     "p2":29,
     "p3":73},
    {"p1":36,
     "p2":65,
     "p3":66},
    {"p1":18,
     "p2":19,
     "p3":82},
    {"p1":19,
     "p2":20,
     "p3":82},
    {"p1":48,
     "p2":49,
     "p3":50},
    {"p1":52,
     "p2":54,
     "p3":55},
    {"p1":47,
     "p2":51,
     "p3":56},
    {"p1":47,
     "p2":48,
     "p3":51},
    {"p1":51,
     "p2":52,
     "p3":55},
    {"p1":51,
     "p2":55,
     "p3":56},
    {"p1":48,
     "p2":50,
     "p3":51},
    {"p1":1,
     "p2":2,
     "p3":100},
    {"p1":0,
     "p2":1,
     "p3":101},
    {"p1":1,
     "p2":100,
     "p3":101},
    {"p1":10,
     "p2":11,
     "p3":91},
    {"p1":34,
     "p2":67,
     "p3":68},
    {"p1":29,
     "p2":30,
     "p3":71},
    {"p1":30,
     "p2":70,
     "p3":71},
    {"p1":30,
     "p2":31,
     "p3":32},
    {"p1":30,
     "p2":32,
     "p3":70},
    {"p1":25,
     "p2":75,
     "p3":76},
    {"p1":29,
     "p2":72,
     "p3":73},
    {"p1":29,
     "p2":71,
     "p3":72},
    {"p1":32,
     "p2":69,
     "p3":70},
    {"p1":23,
     "p2":77,
     "p3":78},
    {"p1":23,
     "p2":24,
     "p3":77},
    {"p1":23,
     "p2":78,
     "p3":79},
    {"p1":22,
     "p2":23,
     "p3":79},
    {"p1":16,
     "p2":85,
     "p3":86},
    {"p1":15,
     "p2":16,
     "p3":86},
    {"p1":15,
     "p2":86,
     "p3":87},
    {"p1":43,
     "p2":44,
     "p3":59},
    {"p1":46,
     "p2":56,
     "p3":57},
    {"p1":8,
     "p2":9,
     "p3":93},
    {"p1":11,
     "p2":89,
     "p3":90},
    {"p1":11,
     "p2":90,
     "p3":91},
    {"p1":4,
     "p2":5,
     "p3":97},
    {"p1":5,
     "p2":96,
     "p3":97},
    {"p1":33,
     "p2":34,
     "p3":68},
    {"p1":33,
     "p2":68,
     "p3":69},
    {"p1":32,
     "p2":33,
     "p3":69},
    {"p1":35,
     "p2":66,
     "p3":67},
    {"p1":34,
     "p2":35,
     "p3":67},
    {"p1":35,
     "p2":36,
     "p3":66},
    {"p1":27,
     "p2":74,
     "p3":75},
    {"p1":27,
     "p2":28,
     "p3":73},
    {"p1":27,
     "p2":73,
     "p3":74},
    {"p1":36,
     "p2":40,
     "p3":65},
    {"p1":40,
     "p2":41,
     "p3":65},
    {"p1":36,
     "p2":37,
     "p3":40},
    {"p1":37,
     "p2":38,
     "p3":40},
    {"p1":38,
     "p2":39,
     "p3":40},
    {"p1":21,
     "p2":22,
     "p3":80},
    {"p1":22,
     "p2":79,
     "p3":80},
    {"p1":20,
     "p2":80,
     "p3":81},
    {"p1":20,
     "p2":21,
     "p3":80},
    {"p1":18,
     "p2":83,
     "p3":84},
    {"p1":14,
     "p2":15,
     "p3":87},
    {"p1":13,
     "p2":14,
     "p3":88},
    {"p1":14,
     "p2":87,
     "p3":88},
    {"p1":45,
     "p2":46,
     "p3":57},
    {"p1":44,
     "p2":58,
     "p3":59},
    {"p1":44,
     "p2":45,
     "p3":58},
    {"p1":45,
     "p2":57,
     "p3":58},
    {"p1":9,
     "p2":92,
     "p3":93},
    {"p1":10,
     "p2":91,
     "p3":92},
    {"p1":9,
     "p2":10,
     "p3":92},
    {"p1":8,
     "p2":93,
     "p3":94},
    {"p1":5,
     "p2":6,
     "p3":96},
    {"p1":6,
     "p2":95,
     "p3":96},
    {"p1":3,
     "p2":98,
     "p3":99},
    {"p1":3,
     "p2":4,
     "p3":98},
    {"p1":4,
     "p2":97,
     "p3":98},
    {"p1":25,
     "p2":26,
     "p3":75},
    {"p1":26,
     "p2":27,
     "p3":75},
    {"p1":16,
     "p2":17,
     "p3":85},
    {"p1":17,
     "p2":84,
     "p3":85},
    {"p1":17,
     "p2":18,
     "p3":84},
    {"p1":41,
     "p2":42,
     "p3":61},
    {"p1":43,
     "p2":59,
     "p3":60},
    {"p1":42,
     "p2":43,
     "p3":60},
    {"p1":42,
     "p2":60,
     "p3":61},
    {"p1":41,
     "p2":62,
     "p3":65},
    {"p1":41,
     "p2":61,
     "p3":62},
    {"p1":62,
     "p2":64,
     "p3":65},
    {"p1":62,
     "p2":63,
     "p3":64},
    {"p1":7,
     "p2":94,
     "p3":95},
    {"p1":6,
     "p2":7,
     "p3":95},
    {"p1":7,
     "p2":8,
     "p3":94}]
}