{"points":[
    {"x":0,
     "y":0.16017},
    {"x":0.012987,
     "y":0.18182},
    {"x":0.030303,
     "y":0.19048},
    {"x":0.051948,
     "y":0.18615},
    {"x":0.073593,
     "y":0.18182},
    {"x":0.095238,
     "y":0.17316},
    {"x":0.11688,
     "y":0.16883},
    {"x":0.13853,
     "y":0.16017},
    {"x":0.15152,
     "y":0.16883},
    {"x":0.16017,
     "y":0.19048},
    {"x":0.18182,
     "y":0.20346},
    {"x":0.20346,
     "y":0.21212},
    {"x":0.22511,
     "y":0.21645},
    {"x":0.24675,
     "y":0.22511},
    {"x":0.2684,
     "y":0.23377},
    {"x":0.29004,
     "y":0.2381},
    {"x":0.31169,
     "y":0.24675},
    {"x":0.33333,
     "y":0.25541},
    {"x":0.35498,
     "y":0.26407},
    {"x":0.37662,
     "y":0.27273},
    {"x":0.39827,
     "y":0.27706},
    {"x":0.41991,
     "y":0.27273},
    {"x":0.44156,
     "y":0.25541},
    {"x":0.45887,
     "y":0.24242},
    {"x":0.48052,
     "y":0.23377},
    {"x":0.49784,
     "y":0.25108},
    {"x":0.51948,
     "y":0.25974},
    {"x":0.54113,
     "y":0.2684},
    {"x":0.56277,
     "y":0.27706},
    {"x":0.58442,
     "y":0.28139},
    {"x":0.60606,
     "y":0.28571},
    {"x":0.62771,
     "y":0.29437},
    {"x":0.64935,
     "y":0.2987},
    {"x":0.671,
     "y":0.30736},
    {"x":0.69264,
     "y":0.32035},
    {"x":0.70996,
     "y":0.31169},
    {"x":0.72727,
     "y":0.29437},
    {"x":0.74892,
     "y":0.27273},
    {"x":0.7619,
     "y":0.25541},
    {"x":0.78355,
     "y":0.25108},
    {"x":0.80519,
     "y":0.25541},
    {"x":0.82684,
     "y":0.25974},
    {"x":0.84848,
     "y":0.25974},
    {"x":0.87013,
     "y":0.25974},
    {"x":0.89177,
     "y":0.25974},
    {"x":0.91342,
     "y":0.25974},
    {"x":0.93074,
     "y":0.24675},
    {"x":0.94372,
     "y":0.22511},
    {"x":0.96104,
     "y":0.20779},
    {"x":0.97403,
     "y":0.18615},
    {"x":0.99134,
     "y":0.1645},
    {"x":1,
     "y":0.14286},
    {"x":0.98701,
     "y":0.12121},
    {"x":0.96537,
     "y":0.11688},
    {"x":0.94372,
     "y":0.11255},
    {"x":0.92208,
     "y":0.10823},
    {"x":0.90043,
     "y":0.099567},
    {"x":0.87879,
     "y":0.095238},
    {"x":0.85714,
     "y":0.095238},
    {"x":0.8355,
     "y":0.090909},
    {"x":0.81385,
     "y":0.095238},
    {"x":0.80087,
     "y":0.077922},
    {"x":0.79654,
     "y":0.056277},
    {"x":0.78355,
     "y":0.034632},
    {"x":0.76623,
     "y":0.017316},
    {"x":0.77489,
     "y":0.030303},
    {"x":0.7619,
     "y":0.034632},
    {"x":0.75758,
     "y":0.038961},
    {"x":0.77489,
     "y":0.060606},
    {"x":0.78788,
     "y":0.077922},
    {"x":0.77922,
     "y":0.090909},
    {"x":0.75758,
     "y":0.077922},
    {"x":0.73593,
     "y":0.073593},
    {"x":0.71429,
     "y":0.069264},
    {"x":0.69264,
     "y":0.064935},
    {"x":0.671,
     "y":0.060606},
    {"x":0.64935,
     "y":0.060606},
    {"x":0.62771,
     "y":0.060606},
    {"x":0.60606,
     "y":0.056277},
    {"x":0.58442,
     "y":0.060606},
    {"x":0.56277,
     "y":0.064935},
    {"x":0.54545,
     "y":0.051948},
    {"x":0.53247,
     "y":0.030303},
    {"x":0.51082,
     "y":0.012987},
    {"x":0.48918,
     "y":0.004329},
    {"x":0.46753,
     "y":0},
    {"x":0.44589,
     "y":0},
    {"x":0.42424,
     "y":0},
    {"x":0.4026,
     "y":0},
    {"x":0.38095,
     "y":0},
    {"x":0.35931,
     "y":0},
    {"x":0.33766,
     "y":0.004329},
    {"x":0.31602,
     "y":0.004329},
    {"x":0.29437,
     "y":0.008658},
    {"x":0.27273,
     "y":0.012987},
    {"x":0.25108,
     "y":0.021645},
    {"x":0.22944,
     "y":0.030303},
    {"x":0.20779,
     "y":0.04329},
    {"x":0.18615,
     "y":0.056277},
    {"x":0.1645,
     "y":0.077922},
    {"x":0.18182,
     "y":0.090909},
    {"x":0.16017,
     "y":0.099567},
    {"x":0.13853,
     "y":0.095238},
    {"x":0.11688,
     "y":0.090909},
    {"x":0.095238,
     "y":0.077922},
    {"x":0.073593,
     "y":0.069264},
    {"x":0.051948,
     "y":0.064935},
    {"x":0.030303,
     "y":0.069264},
    {"x":0.012987,
     "y":0.08658},
    {"x":0.004329,
     "y":0.10823},
    {"x":0.004329,
     "y":0.12987},
    {"x":0,
     "y":0.15152},
    {"x":0,
     "y":0.16017}],
 "triangles":[
    {"p1":1,
     "p2":2,
     "p3":3},
    {"p1":0,
     "p2":1,
     "p3":111},
    {"p1":1,
     "p2":3,
     "p3":111},
    {"p1":50,
     "p2":51,
     "p3":52},
    {"p1":3,
     "p2":110,
     "p3":111},
    {"p1":106,
     "p2":107,
     "p3":108},
    {"p1":24,
     "p2":25,
     "p3":26},
    {"p1":50,
     "p2":52,
     "p3":53},
    {"p1":24,
     "p2":26,
     "p3":80},
    {"p1":30,
     "p2":76,
     "p3":77},
    {"p1":77,
     "p2":78,
     "p3":79},
    {"p1":44,
     "p2":45,
     "p3":46},
    {"p1":44,
     "p2":46,
     "p3":47},
    {"p1":32,
     "p2":36,
     "p3":37},
    {"p1":30,
     "p2":74,
     "p3":76},
    {"p1":105,
     "p2":109,
     "p3":110},
    {"p1":105,
     "p2":108,
     "p3":109},
    {"p1":105,
     "p2":106,
     "p3":108},
    {"p1":95,
     "p2":96,
     "p3":100},
    {"p1":15,
     "p2":94,
     "p3":95},
    {"p1":14,
     "p2":15,
     "p3":95},
    {"p1":3,
     "p2":4,
     "p3":110},
    {"p1":4,
     "p2":105,
     "p3":110},
    {"p1":11,
     "p2":12,
     "p3":100},
    {"p1":20,
     "p2":21,
     "p3":22},
    {"p1":49,
     "p2":50,
     "p3":53},
    {"p1":24,
     "p2":86,
     "p3":87},
    {"p1":24,
     "p2":80,
     "p3":81},
    {"p1":81,
     "p2":83,
     "p3":84},
    {"p1":24,
     "p2":81,
     "p3":86},
    {"p1":81,
     "p2":85,
     "p3":86},
    {"p1":81,
     "p2":84,
     "p3":85},
    {"p1":81,
     "p2":82,
     "p3":83},
    {"p1":42,
     "p2":43,
     "p3":58},
    {"p1":43,
     "p2":57,
     "p3":58},
    {"p1":43,
     "p2":56,
     "p3":57},
    {"p1":43,
     "p2":44,
     "p3":47},
    {"p1":43,
     "p2":47,
     "p3":56},
    {"p1":39,
     "p2":40,
     "p3":60},
    {"p1":39,
     "p2":60,
     "p3":70},
    {"p1":33,
     "p2":35,
     "p3":36},
    {"p1":32,
     "p2":33,
     "p3":36},
    {"p1":33,
     "p2":34,
     "p3":35},
    {"p1":74,
     "p2":75,
     "p3":76},
    {"p1":30,
     "p2":31,
     "p3":74},
    {"p1":31,
     "p2":32,
     "p3":74},
    {"p1":61,
     "p2":62,
     "p3":69},
    {"p1":60,
     "p2":61,
     "p3":70},
    {"p1":61,
     "p2":69,
     "p3":70},
    {"p1":62,
     "p2":68,
     "p3":69},
    {"p1":62,
     "p2":63,
     "p3":68},
    {"p1":15,
     "p2":93,
     "p3":94},
    {"p1":91,
     "p2":92,
     "p3":93},
    {"p1":15,
     "p2":91,
     "p3":93},
    {"p1":98,
     "p2":99,
     "p3":100},
    {"p1":96,
     "p2":97,
     "p3":100},
    {"p1":97,
     "p2":98,
     "p3":100},
    {"p1":13,
     "p2":14,
     "p3":95},
    {"p1":13,
     "p2":95,
     "p3":100},
    {"p1":12,
     "p2":13,
     "p3":100},
    {"p1":10,
     "p2":11,
     "p3":100},
    {"p1":8,
     "p2":10,
     "p3":100},
    {"p1":8,
     "p2":9,
     "p3":10},
    {"p1":23,
     "p2":87,
     "p3":88},
    {"p1":23,
     "p2":24,
     "p3":87},
    {"p1":18,
     "p2":22,
     "p3":23},
    {"p1":17,
     "p2":18,
     "p3":23},
    {"p1":18,
     "p2":19,
     "p3":22},
    {"p1":19,
     "p2":20,
     "p3":22},
    {"p1":29,
     "p2":30,
     "p3":77},
    {"p1":29,
     "p2":77,
     "p3":79},
    {"p1":27,
     "p2":28,
     "p3":80},
    {"p1":26,
     "p2":27,
     "p3":80},
    {"p1":48,
     "p2":49,
     "p3":55},
    {"p1":47,
     "p2":48,
     "p3":55},
    {"p1":47,
     "p2":55,
     "p3":56},
    {"p1":40,
     "p2":41,
     "p3":60},
    {"p1":41,
     "p2":58,
     "p3":60},
    {"p1":41,
     "p2":42,
     "p3":58},
    {"p1":38,
     "p2":70,
     "p3":72},
    {"p1":38,
     "p2":39,
     "p3":70},
    {"p1":38,
     "p2":72,
     "p3":73},
    {"p1":38,
     "p2":73,
     "p3":74},
    {"p1":32,
     "p2":37,
     "p3":38},
    {"p1":32,
     "p2":38,
     "p3":74},
    {"p1":58,
     "p2":59,
     "p3":60},
    {"p1":63,
     "p2":64,
     "p3":65},
    {"p1":70,
     "p2":71,
     "p3":72},
    {"p1":15,
     "p2":16,
     "p3":91},
    {"p1":16,
     "p2":17,
     "p3":91},
    {"p1":89,
     "p2":90,
     "p3":91},
    {"p1":17,
     "p2":89,
     "p3":91},
    {"p1":23,
     "p2":88,
     "p3":89},
    {"p1":17,
     "p2":23,
     "p3":89},
    {"p1":5,
     "p2":103,
     "p3":104},
    {"p1":49,
     "p2":53,
     "p3":54},
    {"p1":49,
     "p2":54,
     "p3":55},
    {"p1":66,
     "p2":67,
     "p3":68},
    {"p1":5,
     "p2":6,
     "p3":103},
    {"p1":6,
     "p2":7,
     "p3":103},
    {"p1":8,
     "p2":100,
     "p3":101},
    {"p1":7,
     "p2":8,
     "p3":101},
    {"p1":7,
     "p2":102,
     "p3":103},
    {"p1":7,
     "p2":101,
     "p3":102},
    {"p1":4,
     "p2":104,
     "p3":105},
    {"p1":4,
     "p2":5,
     "p3":104},
    {"p1":28,
     "p2":29,
     "p3":80},
    {"p1":29,
     "p2":79,
     "p3":80},
    {"p1":63,
     "p2":65,
     "p3":66},
    {"p1":63,
     "p2":66,
     "p3":68}]
}