{"points":[
    {"x":0,
     "y":0.1617},
    {"x":0.0042553,
     "y":0.18298},
    {"x":0.012766,
     "y":0.20426},
    {"x":0.021277,
     "y":0.22553},
    {"x":0.042553,
     "y":0.22553},
    {"x":0.06383,
     "y":0.21702},
    {"x":0.085106,
     "y":0.20851},
    {"x":0.10638,
     "y":0.2},
    {"x":0.12766,
     "y":0.19149},
    {"x":0.14894,
     "y":0.18298},
    {"x":0.17021,
     "y":0.17872},
    {"x":0.19149,
     "y":0.17447},
    {"x":0.21277,
     "y":0.17447},
    {"x":0.22979,
     "y":0.18298},
    {"x":0.24681,
     "y":0.19574},
    {"x":0.26809,
     "y":0.20851},
    {"x":0.28936,
     "y":0.21702},
    {"x":0.31064,
     "y":0.22553},
    {"x":0.33191,
     "y":0.23404},
    {"x":0.35319,
     "y":0.24255},
    {"x":0.37447,
     "y":0.24681},
    {"x":0.39574,
     "y":0.25532},
    {"x":0.41702,
     "y":0.25957},
    {"x":0.4383,
     "y":0.26809},
    {"x":0.45957,
     "y":0.2766},
    {"x":0.48085,
     "y":0.2766},
    {"x":0.50213,
     "y":0.26809},
    {"x":0.5234,
     "y":0.25957},
    {"x":0.54468,
     "y":0.24255},
    {"x":0.56596,
     "y":0.25106},
    {"x":0.58723,
     "y":0.26383},
    {"x":0.60851,
     "y":0.26809},
    {"x":0.62979,
     "y":0.28085},
    {"x":0.65106,
     "y":0.28936},
    {"x":0.67234,
     "y":0.30213},
    {"x":0.69362,
     "y":0.31064},
    {"x":0.71489,
     "y":0.3234},
    {"x":0.73617,
     "y":0.3234},
    {"x":0.75745,
     "y":0.31489},
    {"x":0.77872,
     "y":0.29787},
    {"x":0.8,
     "y":0.2766},
    {"x":0.81702,
     "y":0.25532},
    {"x":0.8383,
     "y":0.25106},
    {"x":0.85532,
     "y":0.25957},
    {"x":0.8766,
     "y":0.25957},
    {"x":0.89787,
     "y":0.25957},
    {"x":0.91489,
     "y":0.25106},
    {"x":0.93617,
     "y":0.23404},
    {"x":0.95319,
     "y":0.21277},
    {"x":0.96596,
     "y":0.19149},
    {"x":0.98298,
     "y":0.17021},
    {"x":0.99574,
     "y":0.14894},
    {"x":1,
     "y":0.12766},
    {"x":0.98723,
     "y":0.10638},
    {"x":0.96596,
     "y":0.10213},
    {"x":0.94468,
     "y":0.097872},
    {"x":0.9234,
     "y":0.097872},
    {"x":0.90213,
     "y":0.089362},
    {"x":0.88085,
     "y":0.085106},
    {"x":0.85957,
     "y":0.085106},
    {"x":0.8383,
     "y":0.080851},
    {"x":0.82979,
     "y":0.059574},
    {"x":0.82553,
     "y":0.038298},
    {"x":0.81702,
     "y":0.017021},
    {"x":0.80426,
     "y":0},
    {"x":0.79574,
     "y":0.0042553},
    {"x":0.81277,
     "y":0.025532},
    {"x":0.80851,
     "y":0.038298},
    {"x":0.78723,
     "y":0.029787},
    {"x":0.80426,
     "y":0.046809},
    {"x":0.82128,
     "y":0.06383},
    {"x":0.8,
     "y":0.06383},
    {"x":0.77872,
     "y":0.059574},
    {"x":0.75745,
     "y":0.051064},
    {"x":0.73617,
     "y":0.042553},
    {"x":0.71489,
     "y":0.042553},
    {"x":0.69362,
     "y":0.038298},
    {"x":0.67234,
     "y":0.038298},
    {"x":0.65106,
     "y":0.042553},
    {"x":0.62979,
     "y":0.046809},
    {"x":0.60851,
     "y":0.051064},
    {"x":0.58723,
     "y":0.055319},
    {"x":0.57872,
     "y":0.034043},
    {"x":0.56596,
     "y":0.017021},
    {"x":0.54468,
     "y":0.0085106},
    {"x":0.5234,
     "y":0.0042553},
    {"x":0.50213,
     "y":0.0042553},
    {"x":0.48085,
     "y":0},
    {"x":0.45957,
     "y":0},
    {"x":0.4383,
     "y":0},
    {"x":0.41702,
     "y":0},
    {"x":0.39574,
     "y":0.0042553},
    {"x":0.37447,
     "y":0.0085106},
    {"x":0.35319,
     "y":0.012766},
    {"x":0.33191,
     "y":0.017021},
    {"x":0.31064,
     "y":0.021277},
    {"x":0.28936,
     "y":0.034043},
    {"x":0.26809,
     "y":0.038298},
    {"x":0.24681,
     "y":0.046809},
    {"x":0.22553,
     "y":0.059574},
    {"x":0.20426,
     "y":0.059574},
    {"x":0.20426,
     "y":0.07234},
    {"x":0.19574,
     "y":0.085106},
    {"x":0.17447,
     "y":0.085106},
    {"x":0.15319,
     "y":0.085106},
    {"x":0.13191,
     "y":0.076596},
    {"x":0.11064,
     "y":0.068085},
    {"x":0.089362,
     "y":0.059574},
    {"x":0.068085,
     "y":0.051064},
    {"x":0.046809,
     "y":0.042553},
    {"x":0.025532,
     "y":0.038298},
    {"x":0.012766,
     "y":0.051064},
    {"x":0.0042553,
     "y":0.07234},
    {"x":0,
     "y":0.093617},
    {"x":0,
     "y":0.11489},
    {"x":0,
     "y":0.13617},
    {"x":0,
     "y":0.15745},
    {"x":0,
     "y":0.1617}],
 "triangles":[
    {"p1":33,
     "p2":41,
     "p3":73},
    {"p1":108,
     "p2":112,
     "p3":113},
    {"p1":42,
     "p2":47,
     "p3":57},
    {"p1":35,
     "p2":36,
     "p3":37},
    {"p1":107,
     "p2":114,
     "p3":115},
    {"p1":107,
     "p2":108,
     "p3":114},
    {"p1":108,
     "p2":113,
     "p3":114},
    {"p1":109,
     "p2":111,
     "p3":112},
    {"p1":108,
     "p2":109,
     "p3":112},
    {"p1":109,
     "p2":110,
     "p3":111},
    {"p1":0,
     "p2":1,
     "p3":6},
    {"p1":81,
     "p2":85,
     "p3":86},
    {"p1":86,
     "p2":87,
     "p3":88},
    {"p1":89,
     "p2":90,
     "p3":91},
    {"p1":81,
     "p2":84,
     "p3":85},
    {"p1":33,
     "p2":73,
     "p3":75},
    {"p1":42,
     "p2":58,
     "p3":59},
    {"p1":42,
     "p2":57,
     "p3":58},
    {"p1":35,
     "p2":37,
     "p3":38},
    {"p1":35,
     "p2":38,
     "p3":39},
    {"p1":42,
     "p2":43,
     "p3":44},
    {"p1":44,
     "p2":45,
     "p3":46},
    {"p1":42,
     "p2":44,
     "p3":47},
    {"p1":44,
     "p2":46,
     "p3":47},
    {"p1":20,
     "p2":89,
     "p3":91},
    {"p1":0,
     "p2":6,
     "p3":116},
    {"p1":6,
     "p2":115,
     "p3":116},
    {"p1":106,
     "p2":107,
     "p3":115},
    {"p1":13,
     "p2":98,
     "p3":99},
    {"p1":42,
     "p2":59,
     "p3":60},
    {"p1":41,
     "p2":42,
     "p3":60},
    {"p1":81,
     "p2":82,
     "p3":84},
    {"p1":82,
     "p2":83,
     "p3":84},
    {"p1":32,
     "p2":33,
     "p3":75},
    {"p1":29,
     "p2":30,
     "p3":31},
    {"p1":31,
     "p2":78,
     "p3":79},
    {"p1":31,
     "p2":75,
     "p3":78},
    {"p1":31,
     "p2":32,
     "p3":75},
    {"p1":28,
     "p2":81,
     "p3":86},
    {"p1":28,
     "p2":29,
     "p3":81},
    {"p1":28,
     "p2":86,
     "p3":88},
    {"p1":47,
     "p2":48,
     "p3":57},
    {"p1":35,
     "p2":39,
     "p3":40},
    {"p1":34,
     "p2":35,
     "p3":40},
    {"p1":33,
     "p2":40,
     "p3":41},
    {"p1":33,
     "p2":34,
     "p3":40},
    {"p1":13,
     "p2":97,
     "p3":98},
    {"p1":13,
     "p2":14,
     "p3":97},
    {"p1":2,
     "p2":3,
     "p3":4},
    {"p1":20,
     "p2":91,
     "p3":92},
    {"p1":17,
     "p2":18,
     "p3":94},
    {"p1":8,
     "p2":105,
     "p3":106},
    {"p1":41,
     "p2":72,
     "p3":73},
    {"p1":73,
     "p2":74,
     "p3":75},
    {"p1":31,
     "p2":79,
     "p3":80},
    {"p1":29,
     "p2":80,
     "p3":81},
    {"p1":29,
     "p2":31,
     "p3":80},
    {"p1":49,
     "p2":50,
     "p3":55},
    {"p1":49,
     "p2":55,
     "p3":56},
    {"p1":48,
     "p2":56,
     "p3":57},
    {"p1":48,
     "p2":49,
     "p3":56},
    {"p1":52,
     "p2":53,
     "p3":54},
    {"p1":51,
     "p2":52,
     "p3":54},
    {"p1":50,
     "p2":51,
     "p3":54},
    {"p1":50,
     "p2":54,
     "p3":55},
    {"p1":17,
     "p2":94,
     "p3":96},
    {"p1":94,
     "p2":95,
     "p3":96},
    {"p1":14,
     "p2":15,
     "p3":96},
    {"p1":14,
     "p2":96,
     "p3":97},
    {"p1":2,
     "p2":4,
     "p3":5},
    {"p1":1,
     "p2":2,
     "p3":5},
    {"p1":1,
     "p2":5,
     "p3":6},
    {"p1":18,
     "p2":93,
     "p3":94},
    {"p1":18,
     "p2":19,
     "p3":93},
    {"p1":10,
     "p2":11,
     "p3":103},
    {"p1":7,
     "p2":8,
     "p3":106},
    {"p1":6,
     "p2":7,
     "p3":115},
    {"p1":7,
     "p2":106,
     "p3":115},
    {"p1":8,
     "p2":9,
     "p3":105},
    {"p1":62,
     "p2":69,
     "p3":70},
    {"p1":23,
     "p2":26,
     "p3":28},
    {"p1":22,
     "p2":28,
     "p3":88},
    {"p1":22,
     "p2":23,
     "p3":28},
    {"p1":22,
     "p2":88,
     "p3":89},
    {"p1":20,
     "p2":21,
     "p3":22},
    {"p1":20,
     "p2":22,
     "p3":89},
    {"p1":16,
     "p2":17,
     "p3":96},
    {"p1":15,
     "p2":16,
     "p3":96},
    {"p1":9,
     "p2":104,
     "p3":105},
    {"p1":10,
     "p2":103,
     "p3":104},
    {"p1":9,
     "p2":10,
     "p3":104},
    {"p1":13,
     "p2":99,
     "p3":102},
    {"p1":12,
     "p2":13,
     "p3":102},
    {"p1":11,
     "p2":12,
     "p3":102},
    {"p1":11,
     "p2":102,
     "p3":103},
    {"p1":60,
     "p2":70,
     "p3":71},
    {"p1":41,
     "p2":60,
     "p3":71},
    {"p1":41,
     "p2":71,
     "p3":72},
    {"p1":67,
     "p2":68,
     "p3":69},
    {"p1":62,
     "p2":66,
     "p3":67},
    {"p1":62,
     "p2":67,
     "p3":69},
    {"p1":60,
     "p2":61,
     "p3":70},
    {"p1":61,
     "p2":62,
     "p3":70},
    {"p1":62,
     "p2":63,
     "p3":66},
    {"p1":63,
     "p2":64,
     "p3":65},
    {"p1":63,
     "p2":65,
     "p3":66},
    {"p1":26,
     "p2":27,
     "p3":28},
    {"p1":99,
     "p2":100,
     "p3":101},
    {"p1":99,
     "p2":101,
     "p3":102},
    {"p1":75,
     "p2":76,
     "p3":78},
    {"p1":76,
     "p2":77,
     "p3":78},
    {"p1":20,
     "p2":92,
     "p3":93},
    {"p1":19,
     "p2":20,
     "p3":93},
    {"p1":23,
     "p2":24,
     "p3":26},
    {"p1":24,
     "p2":25,
     "p3":26}]
}