{"points":[
    {"x":0,
     "y":0.13974},
    {"x":0.0043668,
     "y":0.16157},
    {"x":0.0087336,
     "y":0.18341},
    {"x":0.017467,
     "y":0.20524},
    {"x":0.030568,
     "y":0.22271},
    {"x":0.052402,
     "y":0.22271},
    {"x":0.074236,
     "y":0.21397},
    {"x":0.09607,
     "y":0.20524},
    {"x":0.1179,
     "y":0.19651},
    {"x":0.13974,
     "y":0.18341},
    {"x":0.16157,
     "y":0.17904},
    {"x":0.18341,
     "y":0.17467},
    {"x":0.20524,
     "y":0.17904},
    {"x":0.21834,
     "y":0.18777},
    {"x":0.20961,
     "y":0.20961},
    {"x":0.22271,
     "y":0.22271},
    {"x":0.24454,
     "y":0.22707},
    {"x":0.26638,
     "y":0.24017},
    {"x":0.28821,
     "y":0.24017},
    {"x":0.31004,
     "y":0.24454},
    {"x":0.33188,
     "y":0.24454},
    {"x":0.35371,
     "y":0.24454},
    {"x":0.37555,
     "y":0.24454},
    {"x":0.39738,
     "y":0.24891},
    {"x":0.41921,
     "y":0.25328},
    {"x":0.44105,
     "y":0.26201},
    {"x":0.46288,
     "y":0.26201},
    {"x":0.48472,
     "y":0.26201},
    {"x":0.50218,
     "y":0.25328},
    {"x":0.51528,
     "y":0.23144},
    {"x":0.53275,
     "y":0.23581},
    {"x":0.55459,
     "y":0.24891},
    {"x":0.57642,
     "y":0.25328},
    {"x":0.59825,
     "y":0.25764},
    {"x":0.62009,
     "y":0.26201},
    {"x":0.64192,
     "y":0.26201},
    {"x":0.66376,
     "y":0.26638},
    {"x":0.68559,
     "y":0.27074},
    {"x":0.70742,
     "y":0.27074},
    {"x":0.72926,
     "y":0.27511},
    {"x":0.75109,
     "y":0.27948},
    {"x":0.77293,
     "y":0.27511},
    {"x":0.79039,
     "y":0.25764},
    {"x":0.80349,
     "y":0.23581},
    {"x":0.82533,
     "y":0.22707},
    {"x":0.84716,
     "y":0.23144},
    {"x":0.869,
     "y":0.24017},
    {"x":0.89083,
     "y":0.24017},
    {"x":0.91266,
     "y":0.24454},
    {"x":0.9345,
     "y":0.24017},
    {"x":0.95633,
     "y":0.22271},
    {"x":0.9738,
     "y":0.20087},
    {"x":0.9869,
     "y":0.17904},
    {"x":0.99563,
     "y":0.15721},
    {"x":1,
     "y":0.13537},
    {"x":0.9869,
     "y":0.11354},
    {"x":0.96507,
     "y":0.09607},
    {"x":0.94323,
     "y":0.087336},
    {"x":0.9214,
     "y":0.078603},
    {"x":0.89956,
     "y":0.074236},
    {"x":0.87773,
     "y":0.069869},
    {"x":0.8559,
     "y":0.065502},
    {"x":0.85153,
     "y":0.043668},
    {"x":0.84279,
     "y":0.021834},
    {"x":0.83406,
     "y":0},
    {"x":0.82969,
     "y":0.017467},
    {"x":0.82096,
     "y":0.021834},
    {"x":0.84279,
     "y":0.039301},
    {"x":0.84279,
     "y":0.061135},
    {"x":0.82096,
     "y":0.052402},
    {"x":0.79913,
     "y":0.048035},
    {"x":0.77729,
     "y":0.043668},
    {"x":0.75546,
     "y":0.039301},
    {"x":0.73362,
     "y":0.034934},
    {"x":0.71179,
     "y":0.034934},
    {"x":0.68996,
     "y":0.034934},
    {"x":0.66812,
     "y":0.034934},
    {"x":0.64629,
     "y":0.034934},
    {"x":0.62445,
     "y":0.034934},
    {"x":0.60262,
     "y":0.034934},
    {"x":0.58079,
     "y":0.034934},
    {"x":0.55895,
     "y":0.039301},
    {"x":0.53712,
     "y":0.039301},
    {"x":0.51528,
     "y":0.034934},
    {"x":0.51092,
     "y":0.017467},
    {"x":0.49345,
     "y":0.021834},
    {"x":0.47598,
     "y":0.021834},
    {"x":0.45415,
     "y":0.0131},
    {"x":0.43231,
     "y":0.0087336},
    {"x":0.41048,
     "y":0.0043668},
    {"x":0.38865,
     "y":0.0043668},
    {"x":0.36681,
     "y":0.0043668},
    {"x":0.34498,
     "y":0},
    {"x":0.32314,
     "y":0.0043668},
    {"x":0.30131,
     "y":0.0087336},
    {"x":0.27948,
     "y":0.0131},
    {"x":0.25764,
     "y":0.021834},
    {"x":0.23581,
     "y":0.034934},
    {"x":0.21397,
     "y":0.048035},
    {"x":0.19214,
     "y":0.061135},
    {"x":0.20524,
     "y":0.069869},
    {"x":0.19214,
     "y":0.078603},
    {"x":0.17031,
     "y":0.091703},
    {"x":0.14847,
     "y":0.091703},
    {"x":0.12664,
     "y":0.091703},
    {"x":0.1048,
     "y":0.087336},
    {"x":0.082969,
     "y":0.082969},
    {"x":0.061135,
     "y":0.082969},
    {"x":0.039301,
     "y":0.082969},
    {"x":0.017467,
     "y":0.087336},
    {"x":0.0043668,
     "y":0.10917},
    {"x":0,
     "y":0.131},
    {"x":0,
     "y":0.13974}],
 "triangles":[
    {"p1":53,
     "p2":54,
     "p3":55},
    {"p1":40,
     "p2":41,
     "p3":42},
    {"p1":39,
     "p2":40,
     "p3":42},
    {"p1":38,
     "p2":39,
     "p3":43},
    {"p1":39,
     "p2":42,
     "p3":43},
    {"p1":44,
     "p2":45,
     "p3":60},
    {"p1":53,
     "p2":55,
     "p3":56},
    {"p1":52,
     "p2":53,
     "p3":56},
    {"p1":52,
     "p2":56,
     "p3":57},
    {"p1":44,
     "p2":60,
     "p3":61},
    {"p1":43,
     "p2":44,
     "p3":70},
    {"p1":44,
     "p2":69,
     "p3":70},
    {"p1":0,
     "p2":1,
     "p3":107},
    {"p1":0,
     "p2":107,
     "p3":111},
    {"p1":30,
     "p2":32,
     "p3":79},
    {"p1":38,
     "p2":74,
     "p3":75},
    {"p1":38,
     "p2":43,
     "p3":74},
    {"p1":43,
     "p2":72,
     "p3":74},
    {"p1":72,
     "p2":73,
     "p3":74},
    {"p1":47,
     "p2":57,
     "p3":58},
    {"p1":45,
     "p2":46,
     "p3":47},
    {"p1":45,
     "p2":59,
     "p3":60},
    {"p1":45,
     "p2":47,
     "p3":59},
    {"p1":47,
     "p2":58,
     "p3":59},
    {"p1":44,
     "p2":68,
     "p3":69},
    {"p1":44,
     "p2":61,
     "p3":68},
    {"p1":62,
     "p2":67,
     "p3":68},
    {"p1":61,
     "p2":62,
     "p3":68},
    {"p1":43,
     "p2":71,
     "p3":72},
    {"p1":43,
     "p2":70,
     "p3":71},
    {"p1":62,
     "p2":63,
     "p3":67},
    {"p1":108,
     "p2":110,
     "p3":111},
    {"p1":107,
     "p2":108,
     "p3":111},
    {"p1":108,
     "p2":109,
     "p3":110},
    {"p1":88,
     "p2":89,
     "p3":90},
    {"p1":22,
     "p2":88,
     "p3":90},
    {"p1":24,
     "p2":25,
     "p3":26},
    {"p1":7,
     "p2":106,
     "p3":107},
    {"p1":1,
     "p2":7,
     "p3":107},
    {"p1":9,
     "p2":104,
     "p3":105},
    {"p1":8,
     "p2":9,
     "p3":105},
    {"p1":7,
     "p2":105,
     "p3":106},
    {"p1":7,
     "p2":8,
     "p3":105},
    {"p1":83,
     "p2":84,
     "p3":85},
    {"p1":83,
     "p2":85,
     "p3":86},
    {"p1":30,
     "p2":81,
     "p3":82},
    {"p1":30,
     "p2":80,
     "p3":81},
    {"p1":30,
     "p2":79,
     "p3":80},
    {"p1":30,
     "p2":31,
     "p3":32},
    {"p1":36,
     "p2":38,
     "p3":75},
    {"p1":36,
     "p2":75,
     "p3":76},
    {"p1":51,
     "p2":52,
     "p3":57},
    {"p1":47,
     "p2":51,
     "p3":57},
    {"p1":65,
     "p2":66,
     "p3":67},
    {"p1":63,
     "p2":65,
     "p3":67},
    {"p1":63,
     "p2":64,
     "p3":65},
    {"p1":16,
     "p2":17,
     "p3":18},
    {"p1":23,
     "p2":24,
     "p3":86},
    {"p1":23,
     "p2":86,
     "p3":87},
    {"p1":22,
     "p2":23,
     "p3":88},
    {"p1":23,
     "p2":87,
     "p3":88},
    {"p1":1,
     "p2":2,
     "p3":6},
    {"p1":1,
     "p2":6,
     "p3":7},
    {"p1":2,
     "p2":3,
     "p3":6},
    {"p1":97,
     "p2":98,
     "p3":100},
    {"p1":98,
     "p2":99,
     "p3":100},
    {"p1":9,
     "p2":103,
     "p3":104},
    {"p1":12,
     "p2":100,
     "p3":101},
    {"p1":12,
     "p2":101,
     "p3":102},
    {"p1":11,
     "p2":12,
     "p3":102},
    {"p1":13,
     "p2":97,
     "p3":100},
    {"p1":12,
     "p2":13,
     "p3":100},
    {"p1":13,
     "p2":16,
     "p3":18},
    {"p1":29,
     "p2":30,
     "p3":82},
    {"p1":29,
     "p2":82,
     "p3":83},
    {"p1":29,
     "p2":83,
     "p3":86},
    {"p1":24,
     "p2":29,
     "p3":86},
    {"p1":24,
     "p2":26,
     "p3":29},
    {"p1":26,
     "p2":27,
     "p3":29},
    {"p1":27,
     "p2":28,
     "p3":29},
    {"p1":33,
     "p2":78,
     "p3":79},
    {"p1":32,
     "p2":33,
     "p3":79},
    {"p1":36,
     "p2":37,
     "p3":38},
    {"p1":35,
     "p2":77,
     "p3":78},
    {"p1":35,
     "p2":76,
     "p3":77},
    {"p1":35,
     "p2":36,
     "p3":76},
    {"p1":33,
     "p2":35,
     "p3":78},
    {"p1":33,
     "p2":34,
     "p3":35},
    {"p1":47,
     "p2":50,
     "p3":51},
    {"p1":48,
     "p2":49,
     "p3":50},
    {"p1":47,
     "p2":48,
     "p3":50},
    {"p1":18,
     "p2":19,
     "p3":20},
    {"p1":20,
     "p2":21,
     "p3":93},
    {"p1":22,
     "p2":90,
     "p3":91},
    {"p1":21,
     "p2":22,
     "p3":91},
    {"p1":21,
     "p2":91,
     "p3":93},
    {"p1":91,
     "p2":92,
     "p3":93},
    {"p1":3,
     "p2":4,
     "p3":5},
    {"p1":3,
     "p2":5,
     "p3":6},
    {"p1":13,
     "p2":15,
     "p3":16},
    {"p1":13,
     "p2":14,
     "p3":15},
    {"p1":10,
     "p2":102,
     "p3":103},
    {"p1":10,
     "p2":11,
     "p3":102},
    {"p1":9,
     "p2":10,
     "p3":103},
    {"p1":13,
     "p2":95,
     "p3":96},
    {"p1":13,
     "p2":96,
     "p3":97},
    {"p1":20,
     "p2":93,
     "p3":94},
    {"p1":18,
     "p2":20,
     "p3":94},
    {"p1":13,
     "p2":94,
     "p3":95},
    {"p1":13,
     "p2":18,
     "p3":94}]
}