{"points":[
    {"x":0.0024213,
     "y":0.27845},
    {"x":0,
     "y":0.30024},
    {"x":0.0048426,
     "y":0.32203},
    {"x":0.0048426,
     "y":0.34383},
    {"x":0.012107,
     "y":0.36077},
    {"x":0.033898,
     "y":0.36562},
    {"x":0.05569,
     "y":0.36562},
    {"x":0.077482,
     "y":0.36562},
    {"x":0.096852,
     "y":0.36077},
    {"x":0.11864,
     "y":0.36077},
    {"x":0.14044,
     "y":0.35835},
    {"x":0.16223,
     "y":0.35351},
    {"x":0.18402,
     "y":0.34867},
    {"x":0.20581,
     "y":0.34867},
    {"x":0.2276,
     "y":0.35351},
    {"x":0.24455,
     "y":0.37288},
    {"x":0.2615,
     "y":0.39467},
    {"x":0.28329,
     "y":0.41646},
    {"x":0.30266,
     "y":0.42857},
    {"x":0.31477,
     "y":0.45036},
    {"x":0.33656,
     "y":0.46005},
    {"x":0.35351,
     "y":0.47215},
    {"x":0.37046,
     "y":0.48668},
    {"x":0.38741,
     "y":0.50847},
    {"x":0.40436,
     "y":0.52058},
    {"x":0.42615,
     "y":0.53269},
    {"x":0.44552,
     "y":0.54237},
    {"x":0.46731,
     "y":0.54722},
    {"x":0.4891,
     "y":0.54722},
    {"x":0.5109,
     "y":0.54722},
    {"x":0.53269,
     "y":0.54722},
    {"x":0.55448,
     "y":0.54237},
    {"x":0.57627,
     "y":0.53995},
    {"x":0.59806,
     "y":0.53511},
    {"x":0.61985,
     "y":0.52785},
    {"x":0.64165,
     "y":0.52542},
    {"x":0.66344,
     "y":0.51332},
    {"x":0.68523,
     "y":0.50363},
    {"x":0.70702,
     "y":0.49395},
    {"x":0.72639,
     "y":0.48184},
    {"x":0.74576,
     "y":0.46731},
    {"x":0.76755,
     "y":0.45521},
    {"x":0.78692,
     "y":0.44794},
    {"x":0.80872,
     "y":0.44068},
    {"x":0.82809,
     "y":0.42857},
    {"x":0.84746,
     "y":0.41646},
    {"x":0.86683,
     "y":0.40194},
    {"x":0.88862,
     "y":0.38015},
    {"x":0.91041,
     "y":0.35835},
    {"x":0.92978,
     "y":0.33656},
    {"x":0.94189,
     "y":0.31719},
    {"x":0.95642,
     "y":0.30024},
    {"x":0.97821,
     "y":0.28814},
    {"x":0.99516,
     "y":0.26634},
    {"x":1,
     "y":0.24697},
    {"x":0.97821,
     "y":0.23002},
    {"x":0.95642,
     "y":0.21065},
    {"x":0.93462,
     "y":0.19855},
    {"x":0.91525,
     "y":0.18644},
    {"x":0.89588,
     "y":0.17433},
    {"x":0.87409,
     "y":0.16223},
    {"x":0.85472,
     "y":0.1477},
    {"x":0.83535,
     "y":0.13559},
    {"x":0.82324,
     "y":0.11622},
    {"x":0.80872,
     "y":0.099274},
    {"x":0.79419,
     "y":0.096852},
    {"x":0.77482,
     "y":0.10169},
    {"x":0.75303,
     "y":0.087167},
    {"x":0.73366,
     "y":0.067797},
    {"x":0.71186,
     "y":0.048426},
    {"x":0.69007,
     "y":0.048426},
    {"x":0.66828,
     "y":0.038741},
    {"x":0.65133,
     "y":0.026634},
    {"x":0.62954,
     "y":0.01937},
    {"x":0.61017,
     "y":0.014528},
    {"x":0.58838,
     "y":0.012107},
    {"x":0.56901,
     "y":0.0072639},
    {"x":0.54722,
     "y":0},
    {"x":0.52542,
     "y":0},
    {"x":0.50605,
     "y":0.0072639},
    {"x":0.48426,
     "y":0.0072639},
    {"x":0.46489,
     "y":0.014528},
    {"x":0.4431,
     "y":0.01937},
    {"x":0.42373,
     "y":0.029056},
    {"x":0.40194,
     "y":0.043584},
    {"x":0.39225,
     "y":0.065375},
    {"x":0.37288,
     "y":0.087167},
    {"x":0.35109,
     "y":0.10896},
    {"x":0.33172,
     "y":0.12107},
    {"x":0.30993,
     "y":0.13801},
    {"x":0.28814,
     "y":0.15981},
    {"x":0.26877,
     "y":0.17433},
    {"x":0.24697,
     "y":0.1937},
    {"x":0.23729,
     "y":0.2155},
    {"x":0.22276,
     "y":0.23729},
    {"x":0.20097,
     "y":0.24697},
    {"x":0.17918,
     "y":0.24697},
    {"x":0.15738,
     "y":0.24455},
    {"x":0.13801,
     "y":0.23487},
    {"x":0.11622,
     "y":0.2276},
    {"x":0.096852,
     "y":0.22276},
    {"x":0.075061,
     "y":0.21792},
    {"x":0.053269,
     "y":0.2155},
    {"x":0.031477,
     "y":0.21308},
    {"x":0.012107,
     "y":0.22276},
    {"x":0.012107,
     "y":0.24455},
    {"x":0.0072639,
     "y":0.26634},
    {"x":0.0024213,
     "y":0.27845}],
 "triangles":[
    {"p1":1,
     "p2":2,
     "p3":106},
    {"p1":0,
     "p2":1,
     "p3":106},
    {"p1":16,
     "p2":18,
     "p3":90},
    {"p1":18,
     "p2":89,
     "p3":90},
    {"p1":8,
     "p2":100,
     "p3":106},
    {"p1":83,
     "p2":84,
     "p3":85},
    {"p1":45,
     "p2":46,
     "p3":61},
    {"p1":82,
     "p2":83,
     "p3":85},
    {"p1":100,
     "p2":101,
     "p3":106},
    {"p1":101,
     "p2":102,
     "p3":106},
    {"p1":102,
     "p2":105,
     "p3":106},
    {"p1":102,
     "p2":103,
     "p3":105},
    {"p1":103,
     "p2":104,
     "p3":105},
    {"p1":18,
     "p2":87,
     "p3":88},
    {"p1":18,
     "p2":88,
     "p3":89},
    {"p1":22,
     "p2":31,
     "p3":87},
    {"p1":21,
     "p2":22,
     "p3":87},
    {"p1":18,
     "p2":20,
     "p3":87},
    {"p1":20,
     "p2":21,
     "p3":87},
    {"p1":16,
     "p2":17,
     "p3":18},
    {"p1":8,
     "p2":99,
     "p3":100},
    {"p1":8,
     "p2":98,
     "p3":99},
    {"p1":90,
     "p2":91,
     "p3":93},
    {"p1":31,
     "p2":34,
     "p3":87},
    {"p1":45,
     "p2":61,
     "p3":62},
    {"p1":63,
     "p2":64,
     "p3":65},
    {"p1":63,
     "p2":65,
     "p3":66},
    {"p1":62,
     "p2":63,
     "p3":66},
    {"p1":81,
     "p2":82,
     "p3":85},
    {"p1":29,
     "p2":30,
     "p3":31},
    {"p1":22,
     "p2":29,
     "p3":31},
    {"p1":3,
     "p2":4,
     "p3":5},
    {"p1":2,
     "p2":3,
     "p3":5},
    {"p1":8,
     "p2":9,
     "p3":98},
    {"p1":18,
     "p2":19,
     "p3":20},
    {"p1":12,
     "p2":13,
     "p3":95},
    {"p1":91,
     "p2":92,
     "p3":93},
    {"p1":12,
     "p2":95,
     "p3":96},
    {"p1":34,
     "p2":86,
     "p3":87},
    {"p1":34,
     "p2":71,
     "p3":86},
    {"p1":71,
     "p2":75,
     "p3":86},
    {"p1":75,
     "p2":85,
     "p3":86},
    {"p1":40,
     "p2":41,
     "p3":66},
    {"p1":37,
     "p2":70,
     "p3":71},
    {"p1":37,
     "p2":40,
     "p3":70},
    {"p1":40,
     "p2":66,
     "p3":67},
    {"p1":40,
     "p2":67,
     "p3":70},
    {"p1":48,
     "p2":59,
     "p3":60},
    {"p1":51,
     "p2":56,
     "p3":57},
    {"p1":41,
     "p2":42,
     "p3":66},
    {"p1":42,
     "p2":62,
     "p3":66},
    {"p1":75,
     "p2":79,
     "p3":85},
    {"p1":79,
     "p2":81,
     "p3":85},
    {"p1":79,
     "p2":80,
     "p3":81},
    {"p1":77,
     "p2":78,
     "p3":79},
    {"p1":22,
     "p2":28,
     "p3":29},
    {"p1":2,
     "p2":7,
     "p3":106},
    {"p1":7,
     "p2":8,
     "p3":106},
    {"p1":22,
     "p2":23,
     "p3":24},
    {"p1":15,
     "p2":93,
     "p3":94},
    {"p1":15,
     "p2":16,
     "p3":90},
    {"p1":15,
     "p2":90,
     "p3":93},
    {"p1":14,
     "p2":94,
     "p3":95},
    {"p1":13,
     "p2":14,
     "p3":95},
    {"p1":14,
     "p2":15,
     "p3":94},
    {"p1":31,
     "p2":33,
     "p3":34},
    {"p1":71,
     "p2":72,
     "p3":73},
    {"p1":71,
     "p2":74,
     "p3":75},
    {"p1":71,
     "p2":73,
     "p3":74},
    {"p1":34,
     "p2":36,
     "p3":71},
    {"p1":36,
     "p2":37,
     "p3":71},
    {"p1":34,
     "p2":35,
     "p3":36},
    {"p1":68,
     "p2":69,
     "p3":70},
    {"p1":67,
     "p2":68,
     "p3":70},
    {"p1":51,
     "p2":55,
     "p3":56},
    {"p1":51,
     "p2":52,
     "p3":55},
    {"p1":52,
     "p2":53,
     "p3":55},
    {"p1":53,
     "p2":54,
     "p3":55},
    {"p1":47,
     "p2":48,
     "p3":60},
    {"p1":46,
     "p2":47,
     "p3":61},
    {"p1":47,
     "p2":60,
     "p3":61},
    {"p1":50,
     "p2":58,
     "p3":59},
    {"p1":50,
     "p2":57,
     "p3":58},
    {"p1":50,
     "p2":51,
     "p3":57},
    {"p1":44,
     "p2":45,
     "p3":62},
    {"p1":42,
     "p2":44,
     "p3":62},
    {"p1":42,
     "p2":43,
     "p3":44},
    {"p1":76,
     "p2":77,
     "p3":79},
    {"p1":75,
     "p2":76,
     "p3":79},
    {"p1":22,
     "p2":24,
     "p3":25},
    {"p1":22,
     "p2":25,
     "p3":28},
    {"p1":25,
     "p2":27,
     "p3":28},
    {"p1":25,
     "p2":26,
     "p3":27},
    {"p1":9,
     "p2":97,
     "p3":98},
    {"p1":9,
     "p2":10,
     "p3":97},
    {"p1":10,
     "p2":11,
     "p3":97},
    {"p1":12,
     "p2":96,
     "p3":97},
    {"p1":11,
     "p2":12,
     "p3":97},
    {"p1":2,
     "p2":5,
     "p3":6},
    {"p1":2,
     "p2":6,
     "p3":7},
    {"p1":31,
     "p2":32,
     "p3":33},
    {"p1":37,
     "p2":39,
     "p3":40},
    {"p1":37,
     "p2":38,
     "p3":39},
    {"p1":48,
     "p2":49,
     "p3":59},
    {"p1":49,
     "p2":50,
     "p3":59}]
}