{"points":[
    {"x":0.10597,
     "y":0.2948},
    {"x":0.12139,
     "y":0.31599},
    {"x":0.14258,
     "y":0.34104},
    {"x":0.158,
     "y":0.36609},
    {"x":0.16378,
     "y":0.39114},
    {"x":0.17919,
     "y":0.41233},
    {"x":0.19461,
     "y":0.43353},
    {"x":0.21965,
     "y":0.44509},
    {"x":0.2447,
     "y":0.45665},
    {"x":0.26975,
     "y":0.47399},
    {"x":0.29094,
     "y":0.49711},
    {"x":0.31407,
     "y":0.51252},
    {"x":0.33911,
     "y":0.52794},
    {"x":0.36031,
     "y":0.54528},
    {"x":0.37958,
     "y":0.55877},
    {"x":0.40462,
     "y":0.57225},
    {"x":0.42967,
     "y":0.58382},
    {"x":0.45279,
     "y":0.59923},
    {"x":0.47784,
     "y":0.60886},
    {"x":0.50289,
     "y":0.60694},
    {"x":0.52794,
     "y":0.60116},
    {"x":0.55299,
     "y":0.59538},
    {"x":0.57803,
     "y":0.58189},
    {"x":0.60308,
     "y":0.56647},
    {"x":0.62428,
     "y":0.55299},
    {"x":0.64933,
     "y":0.54528},
    {"x":0.67245,
     "y":0.52987},
    {"x":0.69557,
     "y":0.51252},
    {"x":0.72062,
     "y":0.49711},
    {"x":0.74374,
     "y":0.48362},
    {"x":0.76108,
     "y":0.46435},
    {"x":0.78613,
     "y":0.46821},
    {"x":0.80925,
     "y":0.48362},
    {"x":0.83237,
     "y":0.50482},
    {"x":0.85549,
     "y":0.52216},
    {"x":0.87669,
     "y":0.5395},
    {"x":0.89981,
     "y":0.55299},
    {"x":0.92486,
     "y":0.56262},
    {"x":0.9422,
     "y":0.54913},
    {"x":0.95183,
     "y":0.52408},
    {"x":0.96532,
     "y":0.49904},
    {"x":0.97881,
     "y":0.47592},
    {"x":0.98459,
     "y":0.45087},
    {"x":0.99422,
     "y":0.42582},
    {"x":1,
     "y":0.40077},
    {"x":0.99229,
     "y":0.37765},
    {"x":0.99615,
     "y":0.3526},
    {"x":0.99807,
     "y":0.32755},
    {"x":0.97495,
     "y":0.31985},
    {"x":0.9499,
     "y":0.31985},
    {"x":0.92486,
     "y":0.32177},
    {"x":0.89981,
     "y":0.32563},
    {"x":0.87476,
     "y":0.32755},
    {"x":0.84971,
     "y":0.33333},
    {"x":0.82466,
     "y":0.33333},
    {"x":0.79961,
     "y":0.33526},
    {"x":0.77649,
     "y":0.3237},
    {"x":0.76686,
     "y":0.29865},
    {"x":0.75915,
     "y":0.27553},
    {"x":0.74566,
     "y":0.25241},
    {"x":0.73603,
     "y":0.22736},
    {"x":0.7264,
     "y":0.20231},
    {"x":0.71676,
     "y":0.17919},
    {"x":0.70135,
     "y":0.15607},
    {"x":0.68593,
     "y":0.13102},
    {"x":0.66859,
     "y":0.1079},
    {"x":0.65125,
     "y":0.084778},
    {"x":0.63006,
     "y":0.065511},
    {"x":0.60694,
     "y":0.046243},
    {"x":0.58767,
     "y":0.032755},
    {"x":0.5684,
     "y":0.013487},
    {"x":0.54335,
     "y":0.0057803},
    {"x":0.5183,
     "y":0.0019268},
    {"x":0.49326,
     "y":0},
    {"x":0.46821,
     "y":0},
    {"x":0.44316,
     "y":0.0038536},
    {"x":0.41811,
     "y":0.0096339},
    {"x":0.39306,
     "y":0.013487},
    {"x":0.36802,
     "y":0.017341},
    {"x":0.34297,
     "y":0.021195},
    {"x":0.31792,
     "y":0.023121},
    {"x":0.29287,
     "y":0.019268},
    {"x":0.26782,
     "y":0.023121},
    {"x":0.24277,
     "y":0.032755},
    {"x":0.21773,
     "y":0.034682},
    {"x":0.19268,
     "y":0.036609},
    {"x":0.16763,
     "y":0.040462},
    {"x":0.14258,
     "y":0.046243},
    {"x":0.11753,
     "y":0.052023},
    {"x":0.092486,
     "y":0.061657},
    {"x":0.067437,
     "y":0.067437},
    {"x":0.042389,
     "y":0.078998},
    {"x":0.017341,
     "y":0.090559},
    {"x":0,
     "y":0.11368},
    {"x":0.011561,
     "y":0.1368},
    {"x":0.011561,
     "y":0.16185},
    {"x":0.025048,
     "y":0.1869},
    {"x":0.046243,
     "y":0.21002},
    {"x":0.05973,
     "y":0.23314},
    {"x":0.080925,
     "y":0.25626},
    {"x":0.098266,
     "y":0.27938},
    {"x":0.10597,
     "y":0.2948}],
 "triangles":[
    {"p1":3,
     "p2":4,
     "p3":5},
    {"p1":9,
     "p2":11,
     "p3":12},
    {"p1":80,
     "p2":82,
     "p3":83},
    {"p1":80,
     "p2":81,
     "p3":82},
    {"p1":9,
     "p2":10,
     "p3":11},
    {"p1":9,
     "p2":76,
     "p3":77},
    {"p1":92,
     "p2":93,
     "p3":94},
    {"p1":94,
     "p2":95,
     "p3":96},
    {"p1":90,
     "p2":94,
     "p3":96},
    {"p1":88,
     "p2":97,
     "p3":98},
    {"p1":90,
     "p2":96,
     "p3":97},
    {"p1":13,
     "p2":15,
     "p3":24},
    {"p1":12,
     "p2":13,
     "p3":24},
    {"p1":34,
     "p2":35,
     "p3":39},
    {"p1":34,
     "p2":39,
     "p3":40},
    {"p1":24,
     "p2":27,
     "p3":59},
    {"p1":32,
     "p2":52,
     "p3":53},
    {"p1":85,
     "p2":86,
     "p3":99},
    {"p1":73,
     "p2":74,
     "p3":75},
    {"p1":5,
     "p2":6,
     "p3":7},
    {"p1":3,
     "p2":5,
     "p3":7},
    {"p1":3,
     "p2":7,
     "p3":8},
    {"p1":8,
     "p2":9,
     "p3":78},
    {"p1":9,
     "p2":77,
     "p3":78},
    {"p1":91,
     "p2":92,
     "p3":94},
    {"p1":90,
     "p2":91,
     "p3":94},
    {"p1":88,
     "p2":89,
     "p3":97},
    {"p1":89,
     "p2":90,
     "p3":97},
    {"p1":15,
     "p2":23,
     "p3":24},
    {"p1":13,
     "p2":14,
     "p3":15},
    {"p1":45,
     "p2":50,
     "p3":51},
    {"p1":46,
     "p2":47,
     "p3":48},
    {"p1":46,
     "p2":48,
     "p3":49},
    {"p1":45,
     "p2":49,
     "p3":50},
    {"p1":45,
     "p2":46,
     "p3":49},
    {"p1":30,
     "p2":55,
     "p3":56},
    {"p1":28,
     "p2":30,
     "p3":56},
    {"p1":27,
     "p2":28,
     "p3":56},
    {"p1":32,
     "p2":33,
     "p3":52},
    {"p1":33,
     "p2":34,
     "p3":40},
    {"p1":1,
     "p2":2,
     "p3":83},
    {"p1":2,
     "p2":3,
     "p3":80},
    {"p1":2,
     "p2":80,
     "p3":83},
    {"p1":85,
     "p2":99,
     "p3":100},
    {"p1":1,
     "p2":83,
     "p3":100},
    {"p1":0,
     "p2":1,
     "p3":100},
    {"p1":86,
     "p2":87,
     "p3":99},
    {"p1":87,
     "p2":88,
     "p3":98},
    {"p1":87,
     "p2":98,
     "p3":99},
    {"p1":8,
     "p2":78,
     "p3":79},
    {"p1":3,
     "p2":79,
     "p3":80},
    {"p1":3,
     "p2":8,
     "p3":79},
    {"p1":69,
     "p2":70,
     "p3":71},
    {"p1":69,
     "p2":71,
     "p3":72},
    {"p1":69,
     "p2":72,
     "p3":73},
    {"p1":69,
     "p2":73,
     "p3":75},
    {"p1":69,
     "p2":75,
     "p3":76},
    {"p1":68,
     "p2":69,
     "p3":76},
    {"p1":67,
     "p2":68,
     "p3":76},
    {"p1":20,
     "p2":21,
     "p3":22},
    {"p1":15,
     "p2":16,
     "p3":23},
    {"p1":16,
     "p2":22,
     "p3":23},
    {"p1":16,
     "p2":20,
     "p3":22},
    {"p1":42,
     "p2":51,
     "p3":52},
    {"p1":33,
     "p2":42,
     "p3":52},
    {"p1":40,
     "p2":41,
     "p3":42},
    {"p1":33,
     "p2":40,
     "p3":42},
    {"p1":12,
     "p2":60,
     "p3":61},
    {"p1":24,
     "p2":59,
     "p3":60},
    {"p1":12,
     "p2":24,
     "p3":60},
    {"p1":61,
     "p2":62,
     "p3":63},
    {"p1":12,
     "p2":61,
     "p3":63},
    {"p1":9,
     "p2":12,
     "p3":63},
    {"p1":9,
     "p2":63,
     "p3":64},
    {"p1":9,
     "p2":65,
     "p3":76},
    {"p1":9,
     "p2":64,
     "p3":65},
    {"p1":65,
     "p2":67,
     "p3":76},
    {"p1":65,
     "p2":66,
     "p3":67},
    {"p1":24,
     "p2":26,
     "p3":27},
    {"p1":24,
     "p2":25,
     "p3":26},
    {"p1":36,
     "p2":37,
     "p3":38},
    {"p1":36,
     "p2":38,
     "p3":39},
    {"p1":35,
     "p2":36,
     "p3":39},
    {"p1":30,
     "p2":31,
     "p3":55},
    {"p1":31,
     "p2":54,
     "p3":55},
    {"p1":31,
     "p2":32,
     "p3":53},
    {"p1":31,
     "p2":53,
     "p3":54},
    {"p1":83,
     "p2":84,
     "p3":100},
    {"p1":84,
     "p2":85,
     "p3":100},
    {"p1":17,
     "p2":18,
     "p3":19},
    {"p1":16,
     "p2":19,
     "p3":20},
    {"p1":16,
     "p2":17,
     "p3":19},
    {"p1":43,
     "p2":45,
     "p3":51},
    {"p1":42,
     "p2":43,
     "p3":51},
    {"p1":43,
     "p2":44,
     "p3":45},
    {"p1":27,
     "p2":56,
     "p3":57},
    {"p1":27,
     "p2":57,
     "p3":59},
    {"p1":57,
     "p2":58,
     "p3":59},
    {"p1":28,
     "p2":29,
     "p3":30}]
}