{"points":[
    {"x":0.0071599,
     "y":0.22434},
    {"x":0.0071599,
     "y":0.24582},
    {"x":0.0095465,
     "y":0.2673},
    {"x":0.01432,
     "y":0.28878},
    {"x":0.023866,
     "y":0.30788},
    {"x":0.045346,
     "y":0.30549},
    {"x":0.066826,
     "y":0.3031},
    {"x":0.088305,
     "y":0.29833},
    {"x":0.10979,
     "y":0.29356},
    {"x":0.13126,
     "y":0.2864},
    {"x":0.15274,
     "y":0.27924},
    {"x":0.17422,
     "y":0.27685},
    {"x":0.1957,
     "y":0.27446},
    {"x":0.21718,
     "y":0.27208},
    {"x":0.23866,
     "y":0.27446},
    {"x":0.26014,
     "y":0.28878},
    {"x":0.27446,
     "y":0.30788},
    {"x":0.29594,
     "y":0.3222},
    {"x":0.31742,
     "y":0.3389},
    {"x":0.3389,
     "y":0.35322},
    {"x":0.36038,
     "y":0.3747},
    {"x":0.38186,
     "y":0.39141},
    {"x":0.40334,
     "y":0.40573},
    {"x":0.42482,
     "y":0.42005},
    {"x":0.4463,
     "y":0.42721},
    {"x":0.46778,
     "y":0.43437},
    {"x":0.48926,
     "y":0.44153},
    {"x":0.51074,
     "y":0.4463},
    {"x":0.53222,
     "y":0.4463},
    {"x":0.5537,
     "y":0.4463},
    {"x":0.57518,
     "y":0.4463},
    {"x":0.59666,
     "y":0.44153},
    {"x":0.61814,
     "y":0.43914},
    {"x":0.63962,
     "y":0.43914},
    {"x":0.6611,
     "y":0.43198},
    {"x":0.68258,
     "y":0.42482},
    {"x":0.70406,
     "y":0.41766},
    {"x":0.72554,
     "y":0.40811},
    {"x":0.74702,
     "y":0.39857},
    {"x":0.7685,
     "y":0.38663},
    {"x":0.78998,
     "y":0.37709},
    {"x":0.81146,
     "y":0.36754},
    {"x":0.83294,
     "y":0.35322},
    {"x":0.85442,
     "y":0.3389},
    {"x":0.87589,
     "y":0.32458},
    {"x":0.89499,
     "y":0.30549},
    {"x":0.91647,
     "y":0.30549},
    {"x":0.93795,
     "y":0.29356},
    {"x":0.95943,
     "y":0.2864},
    {"x":0.97852,
     "y":0.27208},
    {"x":0.98091,
     "y":0.2506},
    {"x":1,
     "y":0.24344},
    {"x":0.99284,
     "y":0.22673},
    {"x":0.97136,
     "y":0.2148},
    {"x":0.94988,
     "y":0.20048},
    {"x":0.9284,
     "y":0.18616},
    {"x":0.90692,
     "y":0.17661},
    {"x":0.88544,
     "y":0.16468},
    {"x":0.86396,
     "y":0.14797},
    {"x":0.84248,
     "y":0.13126},
    {"x":0.821,
     "y":0.12172},
    {"x":0.79952,
     "y":0.10979},
    {"x":0.77804,
     "y":0.10263},
    {"x":0.75656,
     "y":0.095465},
    {"x":0.73508,
     "y":0.093079},
    {"x":0.7136,
     "y":0.078759},
    {"x":0.69212,
     "y":0.062053},
    {"x":0.67064,
     "y":0.050119},
    {"x":0.64916,
     "y":0.0358},
    {"x":0.62768,
     "y":0.031026},
    {"x":0.60621,
     "y":0.02148},
    {"x":0.58473,
     "y":0.01432},
    {"x":0.56325,
     "y":0.0071599},
    {"x":0.54177,
     "y":0.0047733},
    {"x":0.52029,
     "y":0},
    {"x":0.49881,
     "y":0.0047733},
    {"x":0.47733,
     "y":0.0095465},
    {"x":0.45585,
     "y":0.01432},
    {"x":0.43437,
     "y":0.026253},
    {"x":0.41289,
     "y":0.038186},
    {"x":0.39141,
     "y":0.052506},
    {"x":0.36993,
     "y":0.069212},
    {"x":0.35561,
     "y":0.090692},
    {"x":0.33413,
     "y":0.1074},
    {"x":0.31265,
     "y":0.11933},
    {"x":0.29117,
     "y":0.13365},
    {"x":0.26969,
     "y":0.15274},
    {"x":0.2506,
     "y":0.17422},
    {"x":0.2315,
     "y":0.18616},
    {"x":0.21002,
     "y":0.18616},
    {"x":0.18854,
     "y":0.18377},
    {"x":0.16706,
     "y":0.18138},
    {"x":0.14558,
     "y":0.18138},
    {"x":0.12411,
     "y":0.179},
    {"x":0.10263,
     "y":0.17661},
    {"x":0.081146,
     "y":0.17422},
    {"x":0.059666,
     "y":0.17422},
    {"x":0.038186,
     "y":0.17422},
    {"x":0.016706,
     "y":0.17422},
    {"x":0,
     "y":0.18377},
    {"x":0.0071599,
     "y":0.20525},
    {"x":0.0071599,
     "y":0.22434}],
 "triangles":[
    {"p1":1,
     "p2":2,
     "p3":6},
    {"p1":14,
     "p2":15,
     "p3":87},
    {"p1":76,
     "p2":77,
     "p3":78},
    {"p1":29,
     "p2":30,
     "p3":31},
    {"p1":3,
     "p2":4,
     "p3":5},
    {"p1":2,
     "p2":3,
     "p3":5},
    {"p1":2,
     "p2":5,
     "p3":6},
    {"p1":1,
     "p2":6,
     "p3":7},
    {"p1":15,
     "p2":86,
     "p3":87},
    {"p1":17,
     "p2":18,
     "p3":84},
    {"p1":15,
     "p2":17,
     "p3":86},
    {"p1":21,
     "p2":22,
     "p3":82},
    {"p1":18,
     "p2":83,
     "p3":84},
    {"p1":18,
     "p2":19,
     "p3":83},
    {"p1":19,
     "p2":82,
     "p3":83},
    {"p1":22,
     "p2":24,
     "p3":82},
    {"p1":24,
     "p2":25,
     "p3":82},
    {"p1":22,
     "p2":23,
     "p3":24},
    {"p1":29,
     "p2":31,
     "p3":69},
    {"p1":97,
     "p2":98,
     "p3":100},
    {"p1":98,
     "p2":99,
     "p3":100},
    {"p1":1,
     "p2":7,
     "p3":96},
    {"p1":7,
     "p2":95,
     "p3":96},
    {"p1":7,
     "p2":8,
     "p3":94},
    {"p1":7,
     "p2":94,
     "p3":95},
    {"p1":79,
     "p2":80,
     "p3":82},
    {"p1":80,
     "p2":81,
     "p3":82},
    {"p1":19,
     "p2":20,
     "p3":82},
    {"p1":20,
     "p2":21,
     "p3":82},
    {"p1":48,
     "p2":49,
     "p3":50},
    {"p1":50,
     "p2":51,
     "p3":52},
    {"p1":31,
     "p2":32,
     "p3":65},
    {"p1":35,
     "p2":64,
     "p3":65},
    {"p1":28,
     "p2":29,
     "p3":69},
    {"p1":25,
     "p2":28,
     "p3":69},
    {"p1":25,
     "p2":26,
     "p3":28},
    {"p1":26,
     "p2":27,
     "p3":28},
    {"p1":73,
     "p2":75,
     "p3":76},
    {"p1":73,
     "p2":74,
     "p3":75},
    {"p1":25,
     "p2":70,
     "p3":82},
    {"p1":25,
     "p2":69,
     "p3":70},
    {"p1":0,
     "p2":1,
     "p3":96},
    {"p1":0,
     "p2":97,
     "p3":100},
    {"p1":0,
     "p2":96,
     "p3":97},
    {"p1":10,
     "p2":91,
     "p3":92},
    {"p1":10,
     "p2":11,
     "p3":91},
    {"p1":15,
     "p2":16,
     "p3":17},
    {"p1":17,
     "p2":84,
     "p3":85},
    {"p1":17,
     "p2":85,
     "p3":86},
    {"p1":37,
     "p2":38,
     "p3":64},
    {"p1":38,
     "p2":39,
     "p3":64},
    {"p1":39,
     "p2":40,
     "p3":64},
    {"p1":41,
     "p2":42,
     "p3":60},
    {"p1":40,
     "p2":41,
     "p3":60},
    {"p1":31,
     "p2":67,
     "p3":69},
    {"p1":31,
     "p2":65,
     "p3":67},
    {"p1":32,
     "p2":34,
     "p3":65},
    {"p1":34,
     "p2":35,
     "p3":65},
    {"p1":32,
     "p2":33,
     "p3":34},
    {"p1":71,
     "p2":79,
     "p3":82},
    {"p1":70,
     "p2":71,
     "p3":82},
    {"p1":71,
     "p2":78,
     "p3":79},
    {"p1":71,
     "p2":76,
     "p3":78},
    {"p1":71,
     "p2":73,
     "p3":76},
    {"p1":10,
     "p2":92,
     "p3":93},
    {"p1":11,
     "p2":90,
     "p3":91},
    {"p1":11,
     "p2":12,
     "p3":90},
    {"p1":40,
     "p2":62,
     "p3":64},
    {"p1":40,
     "p2":60,
     "p3":62},
    {"p1":58,
     "p2":59,
     "p3":60},
    {"p1":42,
     "p2":43,
     "p3":60},
    {"p1":43,
     "p2":58,
     "p3":60},
    {"p1":35,
     "p2":36,
     "p3":64},
    {"p1":36,
     "p2":37,
     "p3":64},
    {"p1":71,
     "p2":72,
     "p3":73},
    {"p1":9,
     "p2":10,
     "p3":93},
    {"p1":8,
     "p2":9,
     "p3":94},
    {"p1":9,
     "p2":93,
     "p3":94},
    {"p1":14,
     "p2":87,
     "p3":88},
    {"p1":13,
     "p2":14,
     "p3":88},
    {"p1":62,
     "p2":63,
     "p3":64},
    {"p1":60,
     "p2":61,
     "p3":62},
    {"p1":43,
     "p2":44,
     "p3":58},
    {"p1":44,
     "p2":57,
     "p3":58},
    {"p1":44,
     "p2":45,
     "p3":57},
    {"p1":13,
     "p2":88,
     "p3":89},
    {"p1":12,
     "p2":13,
     "p3":89},
    {"p1":12,
     "p2":89,
     "p3":90},
    {"p1":65,
     "p2":66,
     "p3":67},
    {"p1":67,
     "p2":68,
     "p3":69},
    {"p1":45,
     "p2":55,
     "p3":56},
    {"p1":45,
     "p2":56,
     "p3":57},
    {"p1":47,
     "p2":48,
     "p3":50},
    {"p1":47,
     "p2":50,
     "p3":54},
    {"p1":45,
     "p2":46,
     "p3":47},
    {"p1":45,
     "p2":47,
     "p3":55},
    {"p1":47,
     "p2":54,
     "p3":55},
    {"p1":50,
     "p2":52,
     "p3":53},
    {"p1":50,
     "p2":53,
     "p3":54}]
}