{"points":[
    {"x":0.012048,
     "y":0.22651},
    {"x":0.016867,
     "y":0.24819},
    {"x":0.031325,
     "y":0.26747},
    {"x":0.053012,
     "y":0.26506},
    {"x":0.074699,
     "y":0.26265},
    {"x":0.096386,
     "y":0.25542},
    {"x":0.11807,
     "y":0.2506},
    {"x":0.13976,
     "y":0.24337},
    {"x":0.16145,
     "y":0.24337},
    {"x":0.18313,
     "y":0.2506},
    {"x":0.2,
     "y":0.27229},
    {"x":0.21687,
     "y":0.29398},
    {"x":0.23373,
     "y":0.31566},
    {"x":0.25542,
     "y":0.33253},
    {"x":0.27711,
     "y":0.34458},
    {"x":0.2988,
     "y":0.35904},
    {"x":0.32048,
     "y":0.37108},
    {"x":0.34217,
     "y":0.38072},
    {"x":0.36386,
     "y":0.39277},
    {"x":0.38554,
     "y":0.40482},
    {"x":0.40723,
     "y":0.41205},
    {"x":0.42892,
     "y":0.42169},
    {"x":0.4506,
     "y":0.43133},
    {"x":0.47229,
     "y":0.43855},
    {"x":0.49398,
     "y":0.44337},
    {"x":0.51566,
     "y":0.44337},
    {"x":0.53735,
     "y":0.44337},
    {"x":0.55904,
     "y":0.44337},
    {"x":0.58072,
     "y":0.43855},
    {"x":0.60241,
     "y":0.43133},
    {"x":0.6241,
     "y":0.42169},
    {"x":0.64578,
     "y":0.41446},
    {"x":0.66747,
     "y":0.40723},
    {"x":0.68916,
     "y":0.39759},
    {"x":0.71084,
     "y":0.39036},
    {"x":0.73253,
     "y":0.38072},
    {"x":0.75422,
     "y":0.36867},
    {"x":0.7759,
     "y":0.36386},
    {"x":0.79759,
     "y":0.35181},
    {"x":0.81928,
     "y":0.33976},
    {"x":0.84096,
     "y":0.3253},
    {"x":0.86024,
     "y":0.30361},
    {"x":0.88193,
     "y":0.28434},
    {"x":0.90361,
     "y":0.26988},
    {"x":0.9253,
     "y":0.26506},
    {"x":0.94699,
     "y":0.26024},
    {"x":0.96867,
     "y":0.2506},
    {"x":0.98795,
     "y":0.23855},
    {"x":1,
     "y":0.21687},
    {"x":0.99759,
     "y":0.19518},
    {"x":0.97831,
     "y":0.17349},
    {"x":0.95663,
     "y":0.15181},
    {"x":0.94217,
     "y":0.13012},
    {"x":0.92048,
     "y":0.11325},
    {"x":0.8988,
     "y":0.11084},
    {"x":0.87711,
     "y":0.10602},
    {"x":0.85542,
     "y":0.098795},
    {"x":0.83614,
     "y":0.081928},
    {"x":0.8241,
     "y":0.060241},
    {"x":0.80482,
     "y":0.055422},
    {"x":0.78313,
     "y":0.045783},
    {"x":0.76145,
     "y":0.048193},
    {"x":0.73976,
     "y":0.040964},
    {"x":0.71807,
     "y":0.021687},
    {"x":0.69639,
     "y":0.016867},
    {"x":0.6747,
     "y":0.0072289},
    {"x":0.65301,
     "y":0.0072289},
    {"x":0.63133,
     "y":0},
    {"x":0.60964,
     "y":0},
    {"x":0.58795,
     "y":0},
    {"x":0.56627,
     "y":0},
    {"x":0.54458,
     "y":0},
    {"x":0.5253,
     "y":0.0072289},
    {"x":0.50361,
     "y":0.012048},
    {"x":0.48193,
     "y":0.016867},
    {"x":0.46024,
     "y":0.016867},
    {"x":0.43855,
     "y":0.021687},
    {"x":0.41687,
     "y":0.024096},
    {"x":0.39518,
     "y":0.028916},
    {"x":0.37349,
     "y":0.031325},
    {"x":0.35181,
     "y":0.036145},
    {"x":0.33012,
     "y":0.040964},
    {"x":0.30843,
     "y":0.050602},
    {"x":0.28675,
     "y":0.060241},
    {"x":0.26506,
     "y":0.072289},
    {"x":0.24337,
     "y":0.089157},
    {"x":0.22651,
     "y":0.11084},
    {"x":0.20723,
     "y":0.13253},
    {"x":0.18554,
     "y":0.14699},
    {"x":0.16386,
     "y":0.14699},
    {"x":0.14217,
     "y":0.13735},
    {"x":0.12048,
     "y":0.12771},
    {"x":0.098795,
     "y":0.11807},
    {"x":0.077108,
     "y":0.10843},
    {"x":0.055422,
     "y":0.10361},
    {"x":0.033735,
     "y":0.10843},
    {"x":0.024096,
     "y":0.13012},
    {"x":0.0072289,
     "y":0.15181},
    {"x":0,
     "y":0.17108},
    {"x":0.0048193,
     "y":0.19277},
    {"x":0.0072289,
     "y":0.21446},
    {"x":0.012048,
     "y":0.22651}],
 "triangles":[
    {"p1":30,
     "p2":31,
     "p3":72},
    {"p1":97,
     "p2":98,
     "p3":99},
    {"p1":47,
     "p2":48,
     "p3":49},
    {"p1":47,
     "p2":49,
     "p3":50},
    {"p1":25,
     "p2":26,
     "p3":74},
    {"p1":26,
     "p2":30,
     "p3":74},
    {"p1":30,
     "p2":73,
     "p3":74},
    {"p1":30,
     "p2":72,
     "p3":73},
    {"p1":11,
     "p2":13,
     "p3":14},
    {"p1":23,
     "p2":24,
     "p3":25},
    {"p1":21,
     "p2":25,
     "p3":74},
    {"p1":20,
     "p2":21,
     "p3":74},
    {"p1":20,
     "p2":74,
     "p3":76},
    {"p1":26,
     "p2":29,
     "p3":30},
    {"p1":46,
     "p2":47,
     "p3":50},
    {"p1":36,
     "p2":37,
     "p3":38},
    {"p1":36,
     "p2":38,
     "p3":61},
    {"p1":11,
     "p2":12,
     "p3":13},
    {"p1":96,
     "p2":97,
     "p3":99},
    {"p1":92,
     "p2":96,
     "p3":99},
    {"p1":92,
     "p2":93,
     "p3":96},
    {"p1":93,
     "p2":94,
     "p3":96},
    {"p1":94,
     "p2":95,
     "p3":96},
    {"p1":22,
     "p2":23,
     "p3":25},
    {"p1":21,
     "p2":22,
     "p3":25},
    {"p1":14,
     "p2":15,
     "p3":82},
    {"p1":15,
     "p2":80,
     "p3":82},
    {"p1":80,
     "p2":81,
     "p3":82},
    {"p1":14,
     "p2":82,
     "p3":83},
    {"p1":74,
     "p2":75,
     "p3":76},
    {"p1":15,
     "p2":16,
     "p3":80},
    {"p1":16,
     "p2":17,
     "p3":78},
    {"p1":36,
     "p2":61,
     "p3":62},
    {"p1":32,
     "p2":33,
     "p3":69},
    {"p1":31,
     "p2":69,
     "p3":72},
    {"p1":31,
     "p2":32,
     "p3":69},
    {"p1":26,
     "p2":27,
     "p3":28},
    {"p1":26,
     "p2":28,
     "p3":29},
    {"p1":45,
     "p2":50,
     "p3":51},
    {"p1":45,
     "p2":46,
     "p3":50},
    {"p1":1,
     "p2":2,
     "p3":3},
    {"p1":5,
     "p2":92,
     "p3":99},
    {"p1":9,
     "p2":87,
     "p3":88},
    {"p1":9,
     "p2":10,
     "p3":87},
    {"p1":10,
     "p2":11,
     "p3":87},
    {"p1":5,
     "p2":91,
     "p3":92},
    {"p1":7,
     "p2":89,
     "p3":90},
    {"p1":16,
     "p2":78,
     "p3":79},
    {"p1":16,
     "p2":79,
     "p3":80},
    {"p1":42,
     "p2":43,
     "p3":55},
    {"p1":35,
     "p2":36,
     "p3":62},
    {"p1":62,
     "p2":63,
     "p3":64},
    {"p1":33,
     "p2":66,
     "p3":69},
    {"p1":64,
     "p2":65,
     "p3":66},
    {"p1":33,
     "p2":62,
     "p3":66},
    {"p1":62,
     "p2":64,
     "p3":66},
    {"p1":41,
     "p2":42,
     "p3":56},
    {"p1":41,
     "p2":56,
     "p3":57},
    {"p1":42,
     "p2":55,
     "p3":56},
    {"p1":39,
     "p2":57,
     "p3":61},
    {"p1":39,
     "p2":41,
     "p3":57},
    {"p1":38,
     "p2":39,
     "p3":61},
    {"p1":39,
     "p2":40,
     "p3":41},
    {"p1":43,
     "p2":44,
     "p3":51},
    {"p1":44,
     "p2":45,
     "p3":51},
    {"p1":0,
     "p2":1,
     "p3":3},
    {"p1":0,
     "p2":99,
     "p3":100},
    {"p1":0,
     "p2":5,
     "p3":99},
    {"p1":7,
     "p2":8,
     "p3":89},
    {"p1":8,
     "p2":9,
     "p3":88},
    {"p1":8,
     "p2":88,
     "p3":89},
    {"p1":11,
     "p2":86,
     "p3":87},
    {"p1":11,
     "p2":14,
     "p3":86},
    {"p1":84,
     "p2":85,
     "p3":86},
    {"p1":14,
     "p2":83,
     "p3":86},
    {"p1":83,
     "p2":84,
     "p3":86},
    {"p1":5,
     "p2":6,
     "p3":91},
    {"p1":6,
     "p2":7,
     "p3":90},
    {"p1":6,
     "p2":90,
     "p3":91},
    {"p1":69,
     "p2":70,
     "p3":72},
    {"p1":70,
     "p2":71,
     "p3":72},
    {"p1":18,
     "p2":19,
     "p3":20},
    {"p1":18,
     "p2":20,
     "p3":76},
    {"p1":18,
     "p2":76,
     "p3":77},
    {"p1":17,
     "p2":18,
     "p3":78},
    {"p1":18,
     "p2":77,
     "p3":78},
    {"p1":57,
     "p2":59,
     "p3":61},
    {"p1":57,
     "p2":58,
     "p3":59},
    {"p1":43,
     "p2":51,
     "p3":54},
    {"p1":43,
     "p2":54,
     "p3":55},
    {"p1":51,
     "p2":52,
     "p3":54},
    {"p1":52,
     "p2":53,
     "p3":54},
    {"p1":33,
     "p2":34,
     "p3":62},
    {"p1":34,
     "p2":35,
     "p3":62},
    {"p1":66,
     "p2":67,
     "p3":68},
    {"p1":66,
     "p2":68,
     "p3":69},
    {"p1":0,
     "p2":3,
     "p3":4},
    {"p1":0,
     "p2":4,
     "p3":5},
    {"p1":59,
     "p2":60,
     "p3":61}]
}