{"points":[
    {"x":0,
     "y":0.22115},
    {"x":0.0072115,
     "y":0.24279},
    {"x":0.021635,
     "y":0.26442},
    {"x":0.043269,
     "y":0.27163},
    {"x":0.064904,
     "y":0.27163},
    {"x":0.086538,
     "y":0.26923},
    {"x":0.10817,
     "y":0.26442},
    {"x":0.12981,
     "y":0.26202},
    {"x":0.15144,
     "y":0.25721},
    {"x":0.17308,
     "y":0.25481},
    {"x":0.19471,
     "y":0.25},
    {"x":0.21635,
     "y":0.24519},
    {"x":0.23798,
     "y":0.24279},
    {"x":0.25962,
     "y":0.24519},
    {"x":0.28125,
     "y":0.25721},
    {"x":0.30288,
     "y":0.27404},
    {"x":0.32452,
     "y":0.29567},
    {"x":0.33413,
     "y":0.31731},
    {"x":0.33894,
     "y":0.33894},
    {"x":0.36058,
     "y":0.35817},
    {"x":0.38221,
     "y":0.375},
    {"x":0.40385,
     "y":0.38702},
    {"x":0.42548,
     "y":0.40385},
    {"x":0.44712,
     "y":0.41346},
    {"x":0.46875,
     "y":0.42788},
    {"x":0.49038,
     "y":0.43269},
    {"x":0.51202,
     "y":0.4351},
    {"x":0.53365,
     "y":0.4351},
    {"x":0.55529,
     "y":0.4351},
    {"x":0.57692,
     "y":0.43269},
    {"x":0.59856,
     "y":0.43269},
    {"x":0.62019,
     "y":0.42788},
    {"x":0.64183,
     "y":0.42308},
    {"x":0.66346,
     "y":0.42308},
    {"x":0.6851,
     "y":0.42308},
    {"x":0.70673,
     "y":0.42308},
    {"x":0.72837,
     "y":0.42308},
    {"x":0.75,
     "y":0.41827},
    {"x":0.77163,
     "y":0.41346},
    {"x":0.79327,
     "y":0.40385},
    {"x":0.8149,
     "y":0.39663},
    {"x":0.83654,
     "y":0.38462},
    {"x":0.85817,
     "y":0.37019},
    {"x":0.87981,
     "y":0.35337},
    {"x":0.89904,
     "y":0.33413},
    {"x":0.91346,
     "y":0.3125},
    {"x":0.9351,
     "y":0.29087},
    {"x":0.95673,
     "y":0.27644},
    {"x":0.97837,
     "y":0.26202},
    {"x":0.99279,
     "y":0.24038},
    {"x":1,
     "y":0.22115},
    {"x":0.98798,
     "y":0.20192},
    {"x":0.96635,
     "y":0.1875},
    {"x":0.94471,
     "y":0.17308},
    {"x":0.92308,
     "y":0.16346},
    {"x":0.90144,
     "y":0.15385},
    {"x":0.87981,
     "y":0.14183},
    {"x":0.86058,
     "y":0.1226},
    {"x":0.84856,
     "y":0.10096},
    {"x":0.83894,
     "y":0.084135},
    {"x":0.81731,
     "y":0.09375},
    {"x":0.79567,
     "y":0.091346},
    {"x":0.78606,
     "y":0.069712},
    {"x":0.77644,
     "y":0.048077},
    {"x":0.75481,
     "y":0.03125},
    {"x":0.73317,
     "y":0.021635},
    {"x":0.71154,
     "y":0.014423},
    {"x":0.6899,
     "y":0.0072115},
    {"x":0.67067,
     "y":0},
    {"x":0.64904,
     "y":0},
    {"x":0.6274,
     "y":0.0024038},
    {"x":0.60577,
     "y":0},
    {"x":0.58413,
     "y":0},
    {"x":0.5625,
     "y":0},
    {"x":0.54087,
     "y":0},
    {"x":0.52163,
     "y":0.0096154},
    {"x":0.5,
     "y":0.024038},
    {"x":0.47837,
     "y":0.038462},
    {"x":0.45673,
     "y":0.055288},
    {"x":0.4351,
     "y":0.067308},
    {"x":0.41346,
     "y":0.072115},
    {"x":0.39183,
     "y":0.079327},
    {"x":0.37019,
     "y":0.084135},
    {"x":0.34856,
     "y":0.09375},
    {"x":0.32692,
     "y":0.11298},
    {"x":0.30769,
     "y":0.12981},
    {"x":0.29087,
     "y":0.14904},
    {"x":0.27163,
     "y":0.17067},
    {"x":0.25,
     "y":0.17788},
    {"x":0.22837,
     "y":0.17067},
    {"x":0.20673,
     "y":0.16587},
    {"x":0.1851,
     "y":0.16106},
    {"x":0.16346,
     "y":0.15625},
    {"x":0.14183,
     "y":0.15144},
    {"x":0.12019,
     "y":0.14663},
    {"x":0.098558,
     "y":0.14183},
    {"x":0.076923,
     "y":0.13942},
    {"x":0.055288,
     "y":0.13462},
    {"x":0.033654,
     "y":0.14183},
    {"x":0.016827,
     "y":0.15865},
    {"x":0.0024038,
     "y":0.18029},
    {"x":0,
     "y":0.20192},
    {"x":0,
     "y":0.22115}],
 "triangles":[
    {"p1":99,
     "p2":100,
     "p3":101},
    {"p1":49,
     "p2":50,
     "p3":51},
    {"p1":0,
     "p2":4,
     "p3":101},
    {"p1":16,
     "p2":21,
     "p3":79},
    {"p1":21,
     "p2":23,
     "p3":79},
    {"p1":39,
     "p2":40,
     "p3":41},
    {"p1":32,
     "p2":61,
     "p3":70},
    {"p1":39,
     "p2":41,
     "p3":61},
    {"p1":0,
     "p2":1,
     "p3":4},
    {"p1":32,
     "p2":77,
     "p3":78},
    {"p1":32,
     "p2":70,
     "p3":77},
    {"p1":21,
     "p2":22,
     "p3":23},
    {"p1":16,
     "p2":17,
     "p3":21},
    {"p1":17,
     "p2":18,
     "p3":19},
    {"p1":16,
     "p2":79,
     "p3":80},
    {"p1":23,
     "p2":25,
     "p3":26},
    {"p1":23,
     "p2":24,
     "p3":25},
    {"p1":1,
     "p2":2,
     "p3":3},
    {"p1":1,
     "p2":3,
     "p3":4},
    {"p1":17,
     "p2":20,
     "p3":21},
    {"p1":17,
     "p2":19,
     "p3":20},
    {"p1":49,
     "p2":51,
     "p3":52},
    {"p1":48,
     "p2":49,
     "p3":52},
    {"p1":47,
     "p2":48,
     "p3":52},
    {"p1":47,
     "p2":52,
     "p3":53},
    {"p1":58,
     "p2":59,
     "p3":60},
    {"p1":57,
     "p2":60,
     "p3":61},
    {"p1":57,
     "p2":58,
     "p3":60},
    {"p1":43,
     "p2":45,
     "p3":56},
    {"p1":56,
     "p2":57,
     "p3":61},
    {"p1":46,
     "p2":53,
     "p3":54},
    {"p1":46,
     "p2":47,
     "p3":53},
    {"p1":32,
     "p2":33,
     "p3":61},
    {"p1":37,
     "p2":39,
     "p3":61},
    {"p1":35,
     "p2":37,
     "p3":61},
    {"p1":37,
     "p2":38,
     "p3":39},
    {"p1":27,
     "p2":78,
     "p3":79},
    {"p1":27,
     "p2":29,
     "p3":78},
    {"p1":27,
     "p2":28,
     "p3":29},
    {"p1":23,
     "p2":27,
     "p3":79},
    {"p1":23,
     "p2":26,
     "p3":27},
    {"p1":62,
     "p2":63,
     "p3":64},
    {"p1":61,
     "p2":62,
     "p3":66},
    {"p1":72,
     "p2":76,
     "p3":77},
    {"p1":70,
     "p2":71,
     "p3":77},
    {"p1":71,
     "p2":72,
     "p3":77},
    {"p1":16,
     "p2":80,
     "p3":81},
    {"p1":16,
     "p2":81,
     "p3":84},
    {"p1":81,
     "p2":82,
     "p3":84},
    {"p1":67,
     "p2":69,
     "p3":70},
    {"p1":61,
     "p2":67,
     "p3":70},
    {"p1":61,
     "p2":66,
     "p3":67},
    {"p1":67,
     "p2":68,
     "p3":69},
    {"p1":15,
     "p2":16,
     "p3":84},
    {"p1":82,
     "p2":83,
     "p3":84},
    {"p1":96,
     "p2":98,
     "p3":99},
    {"p1":96,
     "p2":97,
     "p3":98},
    {"p1":5,
     "p2":95,
     "p3":96},
    {"p1":4,
     "p2":5,
     "p3":96},
    {"p1":96,
     "p2":99,
     "p3":101},
    {"p1":4,
     "p2":96,
     "p3":101},
    {"p1":43,
     "p2":44,
     "p3":45},
    {"p1":42,
     "p2":43,
     "p3":56},
    {"p1":41,
     "p2":42,
     "p3":61},
    {"p1":42,
     "p2":56,
     "p3":61},
    {"p1":45,
     "p2":46,
     "p3":55},
    {"p1":45,
     "p2":55,
     "p3":56},
    {"p1":46,
     "p2":54,
     "p3":55},
    {"p1":29,
     "p2":30,
     "p3":31},
    {"p1":31,
     "p2":32,
     "p3":78},
    {"p1":29,
     "p2":31,
     "p3":78},
    {"p1":34,
     "p2":35,
     "p3":61},
    {"p1":33,
     "p2":34,
     "p3":61},
    {"p1":35,
     "p2":36,
     "p3":37},
    {"p1":62,
     "p2":64,
     "p3":65},
    {"p1":62,
     "p2":65,
     "p3":66},
    {"p1":72,
     "p2":73,
     "p3":76},
    {"p1":5,
     "p2":6,
     "p3":95},
    {"p1":6,
     "p2":7,
     "p3":94},
    {"p1":6,
     "p2":94,
     "p3":95},
    {"p1":15,
     "p2":84,
     "p3":85},
    {"p1":15,
     "p2":85,
     "p3":86},
    {"p1":73,
     "p2":74,
     "p3":75},
    {"p1":73,
     "p2":75,
     "p3":76},
    {"p1":9,
     "p2":10,
     "p3":91},
    {"p1":13,
     "p2":87,
     "p3":88},
    {"p1":7,
     "p2":8,
     "p3":93},
    {"p1":7,
     "p2":93,
     "p3":94},
    {"p1":8,
     "p2":92,
     "p3":93},
    {"p1":8,
     "p2":9,
     "p3":92},
    {"p1":9,
     "p2":91,
     "p3":92},
    {"p1":13,
     "p2":14,
     "p3":87},
    {"p1":14,
     "p2":15,
     "p3":86},
    {"p1":14,
     "p2":86,
     "p3":87},
    {"p1":11,
     "p2":89,
     "p3":90},
    {"p1":10,
     "p2":90,
     "p3":91},
    {"p1":10,
     "p2":11,
     "p3":90},
    {"p1":12,
     "p2":13,
     "p3":88},
    {"p1":12,
     "p2":88,
     "p3":89},
    {"p1":11,
     "p2":12,
     "p3":89}]
}