{"points":[
    {"x":0,
     "y":0.25721},
    {"x":0,
     "y":0.27885},
    {"x":0,
     "y":0.30048},
    {"x":0,
     "y":0.32212},
    {"x":0.0096154,
     "y":0.34375},
    {"x":0.016827,
     "y":0.36538},
    {"x":0.024038,
     "y":0.38462},
    {"x":0.040865,
     "y":0.40144},
    {"x":0.060096,
     "y":0.39663},
    {"x":0.079327,
     "y":0.38702},
    {"x":0.096154,
     "y":0.375},
    {"x":0.11538,
     "y":0.36779},
    {"x":0.13462,
     "y":0.35577},
    {"x":0.15625,
     "y":0.34375},
    {"x":0.17548,
     "y":0.33173},
    {"x":0.19712,
     "y":0.32452},
    {"x":0.21875,
     "y":0.32212},
    {"x":0.24038,
     "y":0.32212},
    {"x":0.25,
     "y":0.34135},
    {"x":0.25962,
     "y":0.36298},
    {"x":0.28125,
     "y":0.38462},
    {"x":0.30288,
     "y":0.40385},
    {"x":0.32452,
     "y":0.41827},
    {"x":0.34375,
     "y":0.4399},
    {"x":0.36538,
     "y":0.46154},
    {"x":0.38462,
     "y":0.47837},
    {"x":0.40625,
     "y":0.49279},
    {"x":0.42788,
     "y":0.4976},
    {"x":0.44952,
     "y":0.5},
    {"x":0.47115,
     "y":0.50481},
    {"x":0.49279,
     "y":0.50721},
    {"x":0.51442,
     "y":0.50721},
    {"x":0.53606,
     "y":0.51202},
    {"x":0.55769,
     "y":0.50721},
    {"x":0.57933,
     "y":0.50721},
    {"x":0.60096,
     "y":0.50481},
    {"x":0.6226,
     "y":0.5},
    {"x":0.64423,
     "y":0.4976},
    {"x":0.66346,
     "y":0.49038},
    {"x":0.68269,
     "y":0.48558},
    {"x":0.70433,
     "y":0.47837},
    {"x":0.72596,
     "y":0.46875},
    {"x":0.7476,
     "y":0.46154},
    {"x":0.76683,
     "y":0.45433},
    {"x":0.78846,
     "y":0.44712},
    {"x":0.8101,
     "y":0.44231},
    {"x":0.83173,
     "y":0.44231},
    {"x":0.85096,
     "y":0.4351},
    {"x":0.8726,
     "y":0.42548},
    {"x":0.89423,
     "y":0.41346},
    {"x":0.91587,
     "y":0.39183},
    {"x":0.93029,
     "y":0.37019},
    {"x":0.94231,
     "y":0.34856},
    {"x":0.95433,
     "y":0.32933},
    {"x":0.96154,
     "y":0.3101},
    {"x":0.98317,
     "y":0.28846},
    {"x":0.9976,
     "y":0.26683},
    {"x":1,
     "y":0.24519},
    {"x":0.99038,
     "y":0.22596},
    {"x":0.97356,
     "y":0.20673},
    {"x":0.95673,
     "y":0.1851},
    {"x":0.9351,
     "y":0.16346},
    {"x":0.91346,
     "y":0.14663},
    {"x":0.89663,
     "y":0.13462},
    {"x":0.8774,
     "y":0.1274},
    {"x":0.85817,
     "y":0.12019},
    {"x":0.83894,
     "y":0.11058},
    {"x":0.81731,
     "y":0.096154},
    {"x":0.79567,
     "y":0.081731},
    {"x":0.77644,
     "y":0.074519},
    {"x":0.75481,
     "y":0.072115},
    {"x":0.73317,
     "y":0.057692},
    {"x":0.71154,
     "y":0.043269},
    {"x":0.6899,
     "y":0.03125},
    {"x":0.66827,
     "y":0.021635},
    {"x":0.64663,
     "y":0.021635},
    {"x":0.6274,
     "y":0.014423},
    {"x":0.60817,
     "y":0.0072115},
    {"x":0.58654,
     "y":0.0072115},
    {"x":0.5649,
     "y":0.0072115},
    {"x":0.54327,
     "y":0},
    {"x":0.52163,
     "y":0},
    {"x":0.5,
     "y":0},
    {"x":0.47837,
     "y":0},
    {"x":0.45673,
     "y":0.0072115},
    {"x":0.4351,
     "y":0.019231},
    {"x":0.41346,
     "y":0.036058},
    {"x":0.39183,
     "y":0.050481},
    {"x":0.37019,
     "y":0.072115},
    {"x":0.34856,
     "y":0.091346},
    {"x":0.32692,
     "y":0.10817},
    {"x":0.3101,
     "y":0.12981},
    {"x":0.29087,
     "y":0.15144},
    {"x":0.27644,
     "y":0.17308},
    {"x":0.25962,
     "y":0.19471},
    {"x":0.2476,
     "y":0.21635},
    {"x":0.22837,
     "y":0.22837},
    {"x":0.20673,
     "y":0.23077},
    {"x":0.1851,
     "y":0.23077},
    {"x":0.16346,
     "y":0.22837},
    {"x":0.14423,
     "y":0.22115},
    {"x":0.1226,
     "y":0.21635},
    {"x":0.10096,
     "y":0.21394},
    {"x":0.079327,
     "y":0.20673},
    {"x":0.057692,
     "y":0.20433},
    {"x":0.036058,
     "y":0.19952},
    {"x":0.014423,
     "y":0.20433},
    {"x":0.0072115,
     "y":0.22596},
    {"x":0.0024038,
     "y":0.2476},
    {"x":0,
     "y":0.25721}],
 "triangles":[
    {"p1":6,
     "p2":7,
     "p3":8},
    {"p1":105,
     "p2":106,
     "p3":107},
    {"p1":0,
     "p2":103,
     "p3":108},
    {"p1":0,
     "p2":1,
     "p3":103},
    {"p1":73,
     "p2":74,
     "p3":75},
    {"p1":104,
     "p2":105,
     "p3":107},
    {"p1":104,
     "p2":107,
     "p3":108},
    {"p1":103,
     "p2":104,
     "p3":108},
    {"p1":52,
     "p2":64,
     "p3":65},
    {"p1":1,
     "p2":102,
     "p3":103},
    {"p1":5,
     "p2":6,
     "p3":8},
    {"p1":22,
     "p2":89,
     "p3":91},
    {"p1":20,
     "p2":93,
     "p3":94},
    {"p1":21,
     "p2":22,
     "p3":93},
    {"p1":20,
     "p2":21,
     "p3":93},
    {"p1":22,
     "p2":23,
     "p3":28},
    {"p1":72,
     "p2":73,
     "p3":75},
    {"p1":71,
     "p2":72,
     "p3":75},
    {"p1":44,
     "p2":67,
     "p3":70},
    {"p1":33,
     "p2":79,
     "p3":88},
    {"p1":75,
     "p2":78,
     "p3":79},
    {"p1":82,
     "p2":83,
     "p3":84},
    {"p1":79,
     "p2":86,
     "p3":88},
    {"p1":86,
     "p2":87,
     "p3":88},
    {"p1":18,
     "p2":19,
     "p3":20},
    {"p1":17,
     "p2":18,
     "p3":95},
    {"p1":18,
     "p2":94,
     "p3":95},
    {"p1":18,
     "p2":20,
     "p3":94},
    {"p1":17,
     "p2":95,
     "p3":96},
    {"p1":67,
     "p2":68,
     "p3":70},
    {"p1":62,
     "p2":63,
     "p3":64},
    {"p1":48,
     "p2":49,
     "p3":50},
    {"p1":54,
     "p2":60,
     "p3":61},
    {"p1":54,
     "p2":61,
     "p3":62},
    {"p1":52,
     "p2":54,
     "p3":64},
    {"p1":54,
     "p2":62,
     "p3":64},
    {"p1":1,
     "p2":2,
     "p3":102},
    {"p1":2,
     "p2":3,
     "p3":4},
    {"p1":12,
     "p2":101,
     "p3":102},
    {"p1":22,
     "p2":92,
     "p3":93},
    {"p1":22,
     "p2":91,
     "p3":92},
    {"p1":89,
     "p2":90,
     "p3":91},
    {"p1":24,
     "p2":25,
     "p3":28},
    {"p1":23,
     "p2":24,
     "p3":28},
    {"p1":25,
     "p2":26,
     "p3":27},
    {"p1":25,
     "p2":27,
     "p3":28},
    {"p1":22,
     "p2":31,
     "p3":89},
    {"p1":22,
     "p2":28,
     "p3":31},
    {"p1":31,
     "p2":88,
     "p3":89},
    {"p1":31,
     "p2":33,
     "p3":88},
    {"p1":31,
     "p2":32,
     "p3":33},
    {"p1":33,
     "p2":34,
     "p3":35},
    {"p1":38,
     "p2":70,
     "p3":71},
    {"p1":38,
     "p2":71,
     "p3":75},
    {"p1":48,
     "p2":50,
     "p3":51},
    {"p1":44,
     "p2":66,
     "p3":67},
    {"p1":75,
     "p2":76,
     "p3":78},
    {"p1":76,
     "p2":77,
     "p3":78},
    {"p1":79,
     "p2":80,
     "p3":81},
    {"p1":79,
     "p2":81,
     "p3":86},
    {"p1":81,
     "p2":82,
     "p3":86},
    {"p1":82,
     "p2":84,
     "p3":85},
    {"p1":82,
     "p2":85,
     "p3":86},
    {"p1":16,
     "p2":17,
     "p3":96},
    {"p1":16,
     "p2":96,
     "p3":97},
    {"p1":15,
     "p2":97,
     "p3":98},
    {"p1":15,
     "p2":16,
     "p3":97},
    {"p1":68,
     "p2":69,
     "p3":70},
    {"p1":54,
     "p2":59,
     "p3":60},
    {"p1":55,
     "p2":58,
     "p3":59},
    {"p1":54,
     "p2":55,
     "p3":59},
    {"p1":4,
     "p2":5,
     "p3":10},
    {"p1":2,
     "p2":4,
     "p3":10},
    {"p1":13,
     "p2":100,
     "p3":101},
    {"p1":12,
     "p2":13,
     "p3":101},
    {"p1":13,
     "p2":99,
     "p3":100},
    {"p1":28,
     "p2":29,
     "p3":31},
    {"p1":45,
     "p2":48,
     "p3":51},
    {"p1":45,
     "p2":51,
     "p3":52},
    {"p1":45,
     "p2":52,
     "p3":65},
    {"p1":45,
     "p2":65,
     "p3":66},
    {"p1":44,
     "p2":45,
     "p3":66},
    {"p1":41,
     "p2":42,
     "p3":70},
    {"p1":40,
     "p2":41,
     "p3":70},
    {"p1":36,
     "p2":38,
     "p3":75},
    {"p1":33,
     "p2":35,
     "p3":36},
    {"p1":36,
     "p2":37,
     "p3":38},
    {"p1":36,
     "p2":75,
     "p3":79},
    {"p1":33,
     "p2":36,
     "p3":79},
    {"p1":56,
     "p2":57,
     "p3":58},
    {"p1":55,
     "p2":56,
     "p3":58},
    {"p1":52,
     "p2":53,
     "p3":54},
    {"p1":5,
     "p2":8,
     "p3":9},
    {"p1":5,
     "p2":9,
     "p3":10},
    {"p1":13,
     "p2":14,
     "p3":99},
    {"p1":14,
     "p2":15,
     "p3":98},
    {"p1":14,
     "p2":98,
     "p3":99},
    {"p1":29,
     "p2":30,
     "p3":31},
    {"p1":45,
     "p2":47,
     "p3":48},
    {"p1":45,
     "p2":46,
     "p3":47},
    {"p1":43,
     "p2":44,
     "p3":70},
    {"p1":42,
     "p2":43,
     "p3":70},
    {"p1":38,
     "p2":39,
     "p3":70},
    {"p1":39,
     "p2":40,
     "p3":70},
    {"p1":2,
     "p2":10,
     "p3":11},
    {"p1":2,
     "p2":11,
     "p3":102},
    {"p1":11,
     "p2":12,
     "p3":102}]
}