{"points":[
    {"x":0.0048309,
     "y":0.25845},
    {"x":0.0048309,
     "y":0.28019},
    {"x":0.0096618,
     "y":0.30193},
    {"x":0.014493,
     "y":0.32367},
    {"x":0.024155,
     "y":0.34541},
    {"x":0.045894,
     "y":0.35024},
    {"x":0.067633,
     "y":0.343},
    {"x":0.089372,
     "y":0.33816},
    {"x":0.11111,
     "y":0.33333},
    {"x":0.13285,
     "y":0.32609},
    {"x":0.15459,
     "y":0.32126},
    {"x":0.17633,
     "y":0.31401},
    {"x":0.19807,
     "y":0.30918},
    {"x":0.21981,
     "y":0.31643},
    {"x":0.23671,
     "y":0.33575},
    {"x":0.25604,
     "y":0.35749},
    {"x":0.27295,
     "y":0.37923},
    {"x":0.29227,
     "y":0.40097},
    {"x":0.31401,
     "y":0.42271},
    {"x":0.33333,
     "y":0.44444},
    {"x":0.35024,
     "y":0.46618},
    {"x":0.37198,
     "y":0.48551},
    {"x":0.39372,
     "y":0.49275},
    {"x":0.41546,
     "y":0.5},
    {"x":0.4372,
     "y":0.50725},
    {"x":0.45894,
     "y":0.50725},
    {"x":0.48068,
     "y":0.50966},
    {"x":0.50242,
     "y":0.50966},
    {"x":0.52415,
     "y":0.51449},
    {"x":0.54589,
     "y":0.50725},
    {"x":0.56763,
     "y":0.50725},
    {"x":0.58937,
     "y":0.50483},
    {"x":0.61111,
     "y":0.50483},
    {"x":0.63285,
     "y":0.50242},
    {"x":0.65459,
     "y":0.49758},
    {"x":0.67633,
     "y":0.49034},
    {"x":0.69807,
     "y":0.48551},
    {"x":0.71981,
     "y":0.48068},
    {"x":0.74155,
     "y":0.47343},
    {"x":0.76329,
     "y":0.4686},
    {"x":0.78502,
     "y":0.46135},
    {"x":0.80676,
     "y":0.44928},
    {"x":0.8285,
     "y":0.43961},
    {"x":0.85024,
     "y":0.42995},
    {"x":0.87198,
     "y":0.41787},
    {"x":0.89372,
     "y":0.40338},
    {"x":0.91546,
     "y":0.38406},
    {"x":0.92995,
     "y":0.36232},
    {"x":0.94203,
     "y":0.34058},
    {"x":0.96377,
     "y":0.32609},
    {"x":0.98309,
     "y":0.30676},
    {"x":1,
     "y":0.28502},
    {"x":0.99275,
     "y":0.26329},
    {"x":0.97343,
     "y":0.24396},
    {"x":0.95169,
     "y":0.22705},
    {"x":0.92995,
     "y":0.21256},
    {"x":0.90821,
     "y":0.19807},
    {"x":0.88647,
     "y":0.17633},
    {"x":0.86473,
     "y":0.15942},
    {"x":0.843,
     "y":0.14251},
    {"x":0.82126,
     "y":0.12802},
    {"x":0.79952,
     "y":0.11836},
    {"x":0.77778,
     "y":0.10628},
    {"x":0.75604,
     "y":0.084541},
    {"x":0.73671,
     "y":0.062802},
    {"x":0.71498,
     "y":0.050725},
    {"x":0.69324,
     "y":0.043478},
    {"x":0.6715,
     "y":0.036232},
    {"x":0.64976,
     "y":0.033816},
    {"x":0.62802,
     "y":0.024155},
    {"x":0.60628,
     "y":0.019324},
    {"x":0.58454,
     "y":0.014493},
    {"x":0.5628,
     "y":0.0072464},
    {"x":0.54348,
     "y":0},
    {"x":0.52174,
     "y":0},
    {"x":0.5,
     "y":0},
    {"x":0.47826,
     "y":0},
    {"x":0.45652,
     "y":0.0048309},
    {"x":0.43478,
     "y":0.0096618},
    {"x":0.41304,
     "y":0.021739},
    {"x":0.39372,
     "y":0.038647},
    {"x":0.3744,
     "y":0.057971},
    {"x":0.35266,
     "y":0.074879},
    {"x":0.33092,
     "y":0.096618},
    {"x":0.30918,
     "y":0.11836},
    {"x":0.28744,
     "y":0.13527},
    {"x":0.2657,
     "y":0.157},
    {"x":0.24638,
     "y":0.17633},
    {"x":0.23188,
     "y":0.19807},
    {"x":0.21014,
     "y":0.20048},
    {"x":0.18841,
     "y":0.19807},
    {"x":0.16667,
     "y":0.19082},
    {"x":0.14493,
     "y":0.18599},
    {"x":0.12319,
     "y":0.18116},
    {"x":0.10145,
     "y":0.17633},
    {"x":0.07971,
     "y":0.1715},
    {"x":0.057971,
     "y":0.16667},
    {"x":0.036232,
     "y":0.16425},
    {"x":0.021739,
     "y":0.18357},
    {"x":0.016908,
     "y":0.20531},
    {"x":0.0072464,
     "y":0.22705},
    {"x":0,
     "y":0.24638},
    {"x":0.0048309,
     "y":0.25845}],
 "triangles":[
    {"p1":3,
     "p2":4,
     "p3":5},
    {"p1":35,
     "p2":62,
     "p3":68},
    {"p1":44,
     "p2":45,
     "p3":56},
    {"p1":18,
     "p2":27,
     "p3":83},
    {"p1":18,
     "p2":83,
     "p3":84},
    {"p1":62,
     "p2":63,
     "p3":68},
    {"p1":72,
     "p2":73,
     "p3":74},
    {"p1":96,
     "p2":97,
     "p3":98},
    {"p1":13,
     "p2":14,
     "p3":88},
    {"p1":50,
     "p2":51,
     "p3":52},
    {"p1":45,
     "p2":46,
     "p3":47},
    {"p1":45,
     "p2":47,
     "p3":56},
    {"p1":38,
     "p2":61,
     "p3":62},
    {"p1":44,
     "p2":56,
     "p3":57},
    {"p1":96,
     "p2":98,
     "p3":99},
    {"p1":95,
     "p2":96,
     "p3":99},
    {"p1":94,
     "p2":95,
     "p3":99},
    {"p1":71,
     "p2":72,
     "p3":81},
    {"p1":68,
     "p2":69,
     "p3":70},
    {"p1":31,
     "p2":35,
     "p3":68},
    {"p1":14,
     "p2":15,
     "p3":88},
    {"p1":15,
     "p2":85,
     "p3":86},
    {"p1":9,
     "p2":92,
     "p3":93},
    {"p1":37,
     "p2":38,
     "p3":62},
    {"p1":77,
     "p2":78,
     "p3":79},
    {"p1":77,
     "p2":79,
     "p3":80},
    {"p1":63,
     "p2":66,
     "p3":68},
    {"p1":3,
     "p2":5,
     "p3":6},
    {"p1":47,
     "p2":48,
     "p3":56},
    {"p1":48,
     "p2":49,
     "p3":54},
    {"p1":0,
     "p2":8,
     "p3":94},
    {"p1":8,
     "p2":9,
     "p3":93},
    {"p1":8,
     "p2":93,
     "p3":94},
    {"p1":0,
     "p2":100,
     "p3":101},
    {"p1":0,
     "p2":94,
     "p3":100},
    {"p1":94,
     "p2":99,
     "p3":100},
    {"p1":81,
     "p2":82,
     "p3":83},
    {"p1":18,
     "p2":25,
     "p3":27},
    {"p1":29,
     "p2":68,
     "p3":70},
    {"p1":29,
     "p2":31,
     "p3":68},
    {"p1":29,
     "p2":70,
     "p3":71},
    {"p1":29,
     "p2":71,
     "p3":81},
    {"p1":27,
     "p2":28,
     "p3":29},
    {"p1":27,
     "p2":29,
     "p3":83},
    {"p1":29,
     "p2":81,
     "p3":83},
    {"p1":17,
     "p2":18,
     "p3":84},
    {"p1":16,
     "p2":84,
     "p3":85},
    {"p1":15,
     "p2":16,
     "p3":85},
    {"p1":16,
     "p2":17,
     "p3":84},
    {"p1":15,
     "p2":87,
     "p3":88},
    {"p1":15,
     "p2":86,
     "p3":87},
    {"p1":11,
     "p2":12,
     "p3":90},
    {"p1":11,
     "p2":90,
     "p3":91},
    {"p1":35,
     "p2":36,
     "p3":62},
    {"p1":36,
     "p2":37,
     "p3":62},
    {"p1":75,
     "p2":76,
     "p3":77},
    {"p1":75,
     "p2":77,
     "p3":80},
    {"p1":75,
     "p2":80,
     "p3":81},
    {"p1":72,
     "p2":74,
     "p3":75},
    {"p1":72,
     "p2":75,
     "p3":81},
    {"p1":63,
     "p2":64,
     "p3":65},
    {"p1":63,
     "p2":65,
     "p3":66},
    {"p1":66,
     "p2":67,
     "p3":68},
    {"p1":2,
     "p2":3,
     "p3":6},
    {"p1":49,
     "p2":50,
     "p3":53},
    {"p1":49,
     "p2":53,
     "p3":54},
    {"p1":50,
     "p2":52,
     "p3":53},
    {"p1":48,
     "p2":55,
     "p3":56},
    {"p1":48,
     "p2":54,
     "p3":55},
    {"p1":43,
     "p2":44,
     "p3":57},
    {"p1":39,
     "p2":40,
     "p3":41},
    {"p1":38,
     "p2":41,
     "p3":61},
    {"p1":38,
     "p2":39,
     "p3":41},
    {"p1":43,
     "p2":57,
     "p3":58},
    {"p1":42,
     "p2":43,
     "p3":58},
    {"p1":0,
     "p2":7,
     "p3":8},
    {"p1":2,
     "p2":6,
     "p3":7},
    {"p1":18,
     "p2":19,
     "p3":25},
    {"p1":25,
     "p2":26,
     "p3":27},
    {"p1":29,
     "p2":30,
     "p3":31},
    {"p1":31,
     "p2":34,
     "p3":35},
    {"p1":31,
     "p2":33,
     "p3":34},
    {"p1":12,
     "p2":89,
     "p3":90},
    {"p1":13,
     "p2":88,
     "p3":89},
    {"p1":12,
     "p2":13,
     "p3":89},
    {"p1":9,
     "p2":10,
     "p3":92},
    {"p1":10,
     "p2":91,
     "p3":92},
    {"p1":10,
     "p2":11,
     "p3":91},
    {"p1":0,
     "p2":1,
     "p3":7},
    {"p1":1,
     "p2":2,
     "p3":7},
    {"p1":19,
     "p2":23,
     "p3":25},
    {"p1":23,
     "p2":24,
     "p3":25},
    {"p1":31,
     "p2":32,
     "p3":33},
    {"p1":41,
     "p2":42,
     "p3":59},
    {"p1":42,
     "p2":58,
     "p3":59},
    {"p1":41,
     "p2":59,
     "p3":61},
    {"p1":59,
     "p2":60,
     "p3":61},
    {"p1":19,
     "p2":20,
     "p3":22},
    {"p1":19,
     "p2":22,
     "p3":23},
    {"p1":20,
     "p2":21,
     "p3":22}]
}