{"points":[
    {"x":0.0071599,
     "y":0.22434},
    {"x":0.0071599,
     "y":0.24582},
    {"x":0.0095465,
     "y":0.2673},
    {"x":0.01432,
     "y":0.28878},
    {"x":0.026253,
     "y":0.30788},
    {"x":0.047733,
     "y":0.30549},
    {"x":0.069212,
     "y":0.30072},
    {"x":0.090692,
     "y":0.29117},
    {"x":0.11217,
     "y":0.28162},
    {"x":0.13365,
     "y":0.27208},
    {"x":0.15513,
     "y":0.26969},
    {"x":0.17661,
     "y":0.28401},
    {"x":0.1957,
     "y":0.30549},
    {"x":0.21718,
     "y":0.32458},
    {"x":0.23866,
     "y":0.34129},
    {"x":0.26014,
     "y":0.35322},
    {"x":0.28162,
     "y":0.36516},
    {"x":0.3031,
     "y":0.3747},
    {"x":0.32458,
     "y":0.38425},
    {"x":0.34606,
     "y":0.39379},
    {"x":0.36754,
     "y":0.40334},
    {"x":0.38902,
     "y":0.4105},
    {"x":0.4105,
     "y":0.42243},
    {"x":0.43198,
     "y":0.42721},
    {"x":0.45346,
     "y":0.43198},
    {"x":0.47494,
     "y":0.43914},
    {"x":0.49642,
     "y":0.4463},
    {"x":0.5179,
     "y":0.4463},
    {"x":0.53938,
     "y":0.4463},
    {"x":0.56086,
     "y":0.4463},
    {"x":0.58234,
     "y":0.4463},
    {"x":0.60382,
     "y":0.44153},
    {"x":0.6253,
     "y":0.43914},
    {"x":0.64678,
     "y":0.43675},
    {"x":0.66826,
     "y":0.42959},
    {"x":0.68974,
     "y":0.42243},
    {"x":0.71122,
     "y":0.41527},
    {"x":0.7327,
     "y":0.40811},
    {"x":0.75418,
     "y":0.39857},
    {"x":0.77566,
     "y":0.38902},
    {"x":0.79714,
     "y":0.38186},
    {"x":0.81862,
     "y":0.37232},
    {"x":0.8401,
     "y":0.358},
    {"x":0.86158,
     "y":0.34606},
    {"x":0.88305,
     "y":0.33174},
    {"x":0.90453,
     "y":0.31504},
    {"x":0.92601,
     "y":0.30549},
    {"x":0.94749,
     "y":0.29117},
    {"x":0.96897,
     "y":0.28162},
    {"x":0.98329,
     "y":0.26253},
    {"x":0.99523,
     "y":0.24582},
    {"x":1,
     "y":0.22912},
    {"x":0.97852,
     "y":0.21718},
    {"x":0.95704,
     "y":0.19809},
    {"x":0.93556,
     "y":0.179},
    {"x":0.91647,
     "y":0.1599},
    {"x":0.89976,
     "y":0.13842},
    {"x":0.87828,
     "y":0.13126},
    {"x":0.8568,
     "y":0.11933},
    {"x":0.83532,
     "y":0.10501},
    {"x":0.81384,
     "y":0.095465},
    {"x":0.79236,
     "y":0.085919},
    {"x":0.77088,
     "y":0.073986},
    {"x":0.7494,
     "y":0.066826},
    {"x":0.72792,
     "y":0.059666},
    {"x":0.70644,
     "y":0.050119},
    {"x":0.68496,
     "y":0.042959},
    {"x":0.66348,
     "y":0.0358},
    {"x":0.642,
     "y":0.02864},
    {"x":0.62053,
     "y":0.023866},
    {"x":0.59905,
     "y":0.016706},
    {"x":0.57757,
     "y":0.011933},
    {"x":0.55609,
     "y":0.0071599},
    {"x":0.53461,
     "y":0},
    {"x":0.51313,
     "y":0},
    {"x":0.49165,
     "y":0.0071599},
    {"x":0.47017,
     "y":0.0095465},
    {"x":0.44869,
     "y":0.01432},
    {"x":0.42721,
     "y":0.02148},
    {"x":0.40573,
     "y":0.031026},
    {"x":0.38425,
     "y":0.038186},
    {"x":0.36277,
     "y":0.047733},
    {"x":0.34129,
     "y":0.057279},
    {"x":0.31981,
     "y":0.069212},
    {"x":0.29833,
     "y":0.078759},
    {"x":0.27685,
     "y":0.088305},
    {"x":0.25537,
     "y":0.097852},
    {"x":0.23389,
     "y":0.11217},
    {"x":0.21241,
     "y":0.12888},
    {"x":0.19093,
     "y":0.1432},
    {"x":0.16945,
     "y":0.14797},
    {"x":0.14797,
     "y":0.15274},
    {"x":0.12649,
     "y":0.14558},
    {"x":0.10501,
     "y":0.13365},
    {"x":0.083532,
     "y":0.13126},
    {"x":0.062053,
     "y":0.12888},
    {"x":0.040573,
     "y":0.11695},
    {"x":0.019093,
     "y":0.10979},
    {"x":0.0071599,
     "y":0.12888},
    {"x":0.0023866,
     "y":0.15036},
    {"x":0,
     "y":0.16945},
    {"x":0,
     "y":0.19093},
    {"x":0.0071599,
     "y":0.21241},
    {"x":0.0071599,
     "y":0.22434}],
 "triangles":[
    {"p1":95,
     "p2":100,
     "p3":101},
    {"p1":95,
     "p2":99,
     "p3":100},
    {"p1":96,
     "p2":97,
     "p3":98},
    {"p1":96,
     "p2":98,
     "p3":99},
    {"p1":95,
     "p2":96,
     "p3":99},
    {"p1":50,
     "p2":51,
     "p3":52},
    {"p1":49,
     "p2":50,
     "p3":52},
    {"p1":20,
     "p2":21,
     "p3":81},
    {"p1":24,
     "p2":75,
     "p3":78},
    {"p1":35,
     "p2":36,
     "p3":64},
    {"p1":24,
     "p2":78,
     "p3":79},
    {"p1":15,
     "p2":85,
     "p3":86},
    {"p1":14,
     "p2":15,
     "p3":87},
    {"p1":15,
     "p2":86,
     "p3":87},
    {"p1":16,
     "p2":84,
     "p3":85},
    {"p1":16,
     "p2":17,
     "p3":84},
    {"p1":15,
     "p2":16,
     "p3":85},
    {"p1":44,
     "p2":57,
     "p3":58},
    {"p1":36,
     "p2":37,
     "p3":64},
    {"p1":37,
     "p2":38,
     "p3":64},
    {"p1":24,
     "p2":25,
     "p3":28},
    {"p1":21,
     "p2":80,
     "p3":81},
    {"p1":21,
     "p2":79,
     "p3":80},
    {"p1":23,
     "p2":24,
     "p3":79},
    {"p1":21,
     "p2":23,
     "p3":79},
    {"p1":21,
     "p2":22,
     "p3":23},
    {"p1":19,
     "p2":20,
     "p3":81},
    {"p1":19,
     "p2":81,
     "p3":82},
    {"p1":17,
     "p2":83,
     "p3":84},
    {"p1":17,
     "p2":18,
     "p3":83},
    {"p1":19,
     "p2":82,
     "p3":83},
    {"p1":18,
     "p2":19,
     "p3":83},
    {"p1":1,
     "p2":2,
     "p3":6},
    {"p1":92,
     "p2":94,
     "p3":102},
    {"p1":94,
     "p2":95,
     "p3":102},
    {"p1":95,
     "p2":101,
     "p3":102},
    {"p1":92,
     "p2":93,
     "p3":94},
    {"p1":3,
     "p2":4,
     "p3":5},
    {"p1":2,
     "p2":3,
     "p3":5},
    {"p1":2,
     "p2":5,
     "p3":6},
    {"p1":9,
     "p2":91,
     "p3":92},
    {"p1":9,
     "p2":10,
     "p3":91},
    {"p1":31,
     "p2":68,
     "p3":69},
    {"p1":31,
     "p2":67,
     "p3":68},
    {"p1":35,
     "p2":64,
     "p3":65},
    {"p1":24,
     "p2":28,
     "p3":71},
    {"p1":71,
     "p2":72,
     "p3":75},
    {"p1":24,
     "p2":71,
     "p3":75},
    {"p1":69,
     "p2":70,
     "p3":71},
    {"p1":28,
     "p2":69,
     "p3":71},
    {"p1":75,
     "p2":77,
     "p3":78},
    {"p1":44,
     "p2":45,
     "p3":57},
    {"p1":43,
     "p2":44,
     "p3":58},
    {"p1":42,
     "p2":43,
     "p3":58},
    {"p1":39,
     "p2":40,
     "p3":61},
    {"p1":40,
     "p2":41,
     "p3":42},
    {"p1":25,
     "p2":26,
     "p3":27},
    {"p1":25,
     "p2":27,
     "p3":28},
    {"p1":13,
     "p2":14,
     "p3":87},
    {"p1":0,
     "p2":1,
     "p3":7},
    {"p1":1,
     "p2":6,
     "p3":7},
    {"p1":10,
     "p2":11,
     "p3":89},
    {"p1":13,
     "p2":87,
     "p3":88},
    {"p1":12,
     "p2":13,
     "p3":88},
    {"p1":11,
     "p2":12,
     "p3":88},
    {"p1":11,
     "p2":88,
     "p3":89},
    {"p1":10,
     "p2":89,
     "p3":90},
    {"p1":10,
     "p2":90,
     "p3":91},
    {"p1":28,
     "p2":29,
     "p3":69},
    {"p1":29,
     "p2":31,
     "p3":69},
    {"p1":29,
     "p2":30,
     "p3":31},
    {"p1":32,
     "p2":34,
     "p3":67},
    {"p1":31,
     "p2":32,
     "p3":67},
    {"p1":32,
     "p2":33,
     "p3":34},
    {"p1":38,
     "p2":39,
     "p3":63},
    {"p1":38,
     "p2":63,
     "p3":64},
    {"p1":39,
     "p2":61,
     "p3":63},
    {"p1":61,
     "p2":62,
     "p3":63},
    {"p1":35,
     "p2":65,
     "p3":66},
    {"p1":34,
     "p2":35,
     "p3":66},
    {"p1":34,
     "p2":66,
     "p3":67},
    {"p1":40,
     "p2":60,
     "p3":61},
    {"p1":40,
     "p2":42,
     "p3":60},
    {"p1":42,
     "p2":58,
     "p3":60},
    {"p1":58,
     "p2":59,
     "p3":60},
    {"p1":75,
     "p2":76,
     "p3":77},
    {"p1":45,
     "p2":54,
     "p3":55},
    {"p1":45,
     "p2":55,
     "p3":57},
    {"p1":55,
     "p2":56,
     "p3":57},
    {"p1":45,
     "p2":46,
     "p3":54},
    {"p1":8,
     "p2":9,
     "p3":92},
    {"p1":8,
     "p2":92,
     "p3":102},
    {"p1":0,
     "p2":8,
     "p3":102},
    {"p1":0,
     "p2":7,
     "p3":8},
    {"p1":47,
     "p2":53,
     "p3":54},
    {"p1":46,
     "p2":47,
     "p3":54},
    {"p1":47,
     "p2":52,
     "p3":53},
    {"p1":47,
     "p2":49,
     "p3":52},
    {"p1":47,
     "p2":48,
     "p3":49},
    {"p1":72,
     "p2":74,
     "p3":75},
    {"p1":72,
     "p2":73,
     "p3":74}]
}