{"points":[
    {"x":0.098859,
     "y":0.5019},
    {"x":0.12167,
     "y":0.53612},
    {"x":0.14449,
     "y":0.57034},
    {"x":0.10266,
     "y":0.59316},
    {"x":0.064639,
     "y":0.62357},
    {"x":0.022814,
     "y":0.64259},
    {"x":0.030418,
     "y":0.6654},
    {"x":0.072243,
     "y":0.64259},
    {"x":0.11407,
     "y":0.61597},
    {"x":0.1597,
     "y":0.58555},
    {"x":0.20532,
     "y":0.59696},
    {"x":0.23574,
     "y":0.61597},
    {"x":0.22814,
     "y":0.6616},
    {"x":0.21673,
     "y":0.70722},
    {"x":0.20913,
     "y":0.75285},
    {"x":0.19772,
     "y":0.79848},
    {"x":0.19011,
     "y":0.84411},
    {"x":0.18631,
     "y":0.88973},
    {"x":0.18631,
     "y":0.93536},
    {"x":0.20532,
     "y":0.97719},
    {"x":0.24715,
     "y":1},
    {"x":0.28897,
     "y":0.98099},
    {"x":0.31179,
     "y":0.94297},
    {"x":0.34221,
     "y":0.90875},
    {"x":0.36502,
     "y":0.86312},
    {"x":0.38023,
     "y":0.82129},
    {"x":0.41065,
     "y":0.79468},
    {"x":0.40304,
     "y":0.75285},
    {"x":0.40304,
     "y":0.71863},
    {"x":0.39924,
     "y":0.67681},
    {"x":0.40304,
     "y":0.63878},
    {"x":0.44867,
     "y":0.65399},
    {"x":0.4943,
     "y":0.6692},
    {"x":0.53232,
     "y":0.65399},
    {"x":0.4943,
     "y":0.64639},
    {"x":0.44867,
     "y":0.62738},
    {"x":0.40304,
     "y":0.61597},
    {"x":0.37262,
     "y":0.59696},
    {"x":0.37262,
     "y":0.55133},
    {"x":0.38783,
     "y":0.53612},
    {"x":0.42966,
     "y":0.56274},
    {"x":0.47529,
     "y":0.54753},
    {"x":0.51331,
     "y":0.50951},
    {"x":0.55894,
     "y":0.50951},
    {"x":0.60456,
     "y":0.50951},
    {"x":0.61597,
     "y":0.49049},
    {"x":0.65399,
     "y":0.48289},
    {"x":0.69202,
     "y":0.46768},
    {"x":0.68061,
     "y":0.42205},
    {"x":0.65399,
     "y":0.38023},
    {"x":0.62357,
     "y":0.34601},
    {"x":0.57795,
     "y":0.3346},
    {"x":0.53232,
     "y":0.3308},
    {"x":0.48669,
     "y":0.34981},
    {"x":0.44487,
     "y":0.37643},
    {"x":0.39924,
     "y":0.39163},
    {"x":0.35741,
     "y":0.41825},
    {"x":0.35361,
     "y":0.37643},
    {"x":0.36502,
     "y":0.3308},
    {"x":0.39924,
     "y":0.31939},
    {"x":0.44487,
     "y":0.327},
    {"x":0.48289,
     "y":0.30418},
    {"x":0.52091,
     "y":0.26616},
    {"x":0.52091,
     "y":0.24715},
    {"x":0.48289,
     "y":0.26996},
    {"x":0.44106,
     "y":0.30038},
    {"x":0.39544,
     "y":0.29658},
    {"x":0.35741,
     "y":0.28517},
    {"x":0.36122,
     "y":0.23954},
    {"x":0.36882,
     "y":0.19392},
    {"x":0.35741,
     "y":0.15209},
    {"x":0.34601,
     "y":0.11027},
    {"x":0.31559,
     "y":0.087452},
    {"x":0.28137,
     "y":0.11407},
    {"x":0.26996,
     "y":0.098859},
    {"x":0.25475,
     "y":0.057034},
    {"x":0.23194,
     "y":0.022814},
    {"x":0.19011,
     "y":0},
    {"x":0.14449,
     "y":0.0038023},
    {"x":0.11787,
     "y":0.045627},
    {"x":0.11787,
     "y":0.091255},
    {"x":0.11787,
     "y":0.13688},
    {"x":0.12928,
     "y":0.18251},
    {"x":0.14829,
     "y":0.22814},
    {"x":0.1673,
     "y":0.27376},
    {"x":0.18631,
     "y":0.31939},
    {"x":0.19772,
     "y":0.36502},
    {"x":0.18251,
     "y":0.36502},
    {"x":0.1711,
     "y":0.31939},
    {"x":0.14449,
     "y":0.27376},
    {"x":0.12167,
     "y":0.22814},
    {"x":0.098859,
     "y":0.23954},
    {"x":0.12167,
     "y":0.28517},
    {"x":0.14449,
     "y":0.3308},
    {"x":0.1635,
     "y":0.37643},
    {"x":0.1749,
     "y":0.41825},
    {"x":0.12928,
     "y":0.42586},
    {"x":0.091255,
     "y":0.40684},
    {"x":0.076046,
     "y":0.36502},
    {"x":0.057034,
     "y":0.39924},
    {"x":0.079848,
     "y":0.44487},
    {"x":0.079848,
     "y":0.46768},
    {"x":0.034221,
     "y":0.46768},
    {"x":0,
     "y":0.48669},
    {"x":0.038023,
     "y":0.4943},
    {"x":0.08365,
     "y":0.4943},
    {"x":0.098859,
     "y":0.5019}],
 "triangles":[
    {"p1":77,
     "p2":78,
     "p3":79},
    {"p1":18,
     "p2":21,
     "p3":22},
    {"p1":17,
     "p2":18,
     "p3":22},
    {"p1":16,
     "p2":17,
     "p3":22},
    {"p1":16,
     "p2":22,
     "p3":23},
    {"p1":5,
     "p2":6,
     "p3":7},
    {"p1":2,
     "p2":3,
     "p3":8},
    {"p1":76,
     "p2":77,
     "p3":79},
    {"p1":59,
     "p2":65,
     "p3":66},
    {"p1":58,
     "p2":59,
     "p3":66},
    {"p1":19,
     "p2":20,
     "p3":21},
    {"p1":18,
     "p2":19,
     "p3":21},
    {"p1":29,
     "p2":30,
     "p3":37},
    {"p1":32,
     "p2":33,
     "p3":34},
    {"p1":30,
     "p2":31,
     "p3":35},
    {"p1":31,
     "p2":34,
     "p3":35},
    {"p1":31,
     "p2":32,
     "p3":34},
    {"p1":16,
     "p2":23,
     "p3":24},
    {"p1":2,
     "p2":10,
     "p3":95},
    {"p1":0,
     "p2":95,
     "p3":96},
    {"p1":2,
     "p2":8,
     "p3":9},
    {"p1":2,
     "p2":9,
     "p3":10},
    {"p1":4,
     "p2":5,
     "p3":7},
    {"p1":4,
     "p2":7,
     "p3":8},
    {"p1":3,
     "p2":4,
     "p3":8},
    {"p1":39,
     "p2":41,
     "p3":42},
    {"p1":43,
     "p2":51,
     "p3":52},
    {"p1":30,
     "p2":36,
     "p3":37},
    {"p1":30,
     "p2":35,
     "p3":36},
    {"p1":14,
     "p2":25,
     "p3":27},
    {"p1":13,
     "p2":14,
     "p3":27},
    {"p1":13,
     "p2":27,
     "p3":28},
    {"p1":25,
     "p2":26,
     "p3":27},
    {"p1":15,
     "p2":16,
     "p3":24},
    {"p1":14,
     "p2":15,
     "p3":25},
    {"p1":15,
     "p2":24,
     "p3":25},
    {"p1":10,
     "p2":11,
     "p3":38},
    {"p1":11,
     "p2":37,
     "p3":38},
    {"p1":56,
     "p2":86,
     "p3":95},
    {"p1":38,
     "p2":39,
     "p3":56},
    {"p1":10,
     "p2":56,
     "p3":95},
    {"p1":10,
     "p2":38,
     "p3":56},
    {"p1":1,
     "p2":2,
     "p3":95},
    {"p1":0,
     "p2":1,
     "p3":95},
    {"p1":12,
     "p2":29,
     "p3":37},
    {"p1":11,
     "p2":12,
     "p3":37},
    {"p1":12,
     "p2":28,
     "p3":29},
    {"p1":12,
     "p2":13,
     "p3":28},
    {"p1":69,
     "p2":70,
     "p3":73},
    {"p1":68,
     "p2":69,
     "p3":73},
    {"p1":68,
     "p2":73,
     "p3":84},
    {"p1":70,
     "p2":71,
     "p3":73},
    {"p1":49,
     "p2":50,
     "p3":51},
    {"p1":46,
     "p2":47,
     "p3":48},
    {"p1":43,
     "p2":44,
     "p3":45},
    {"p1":45,
     "p2":49,
     "p3":51},
    {"p1":43,
     "p2":45,
     "p3":51},
    {"p1":45,
     "p2":46,
     "p3":48},
    {"p1":45,
     "p2":48,
     "p3":49},
    {"p1":39,
     "p2":40,
     "p3":41},
    {"p1":58,
     "p2":66,
     "p3":67},
    {"p1":58,
     "p2":67,
     "p3":86},
    {"p1":67,
     "p2":85,
     "p3":86},
    {"p1":67,
     "p2":68,
     "p3":84},
    {"p1":67,
     "p2":84,
     "p3":85},
    {"p1":102,
     "p2":103,
     "p3":104},
    {"p1":97,
     "p2":98,
     "p3":99},
    {"p1":0,
     "p2":96,
     "p3":101},
    {"p1":0,
     "p2":101,
     "p3":105},
    {"p1":101,
     "p2":104,
     "p3":105},
    {"p1":101,
     "p2":102,
     "p3":104},
    {"p1":86,
     "p2":87,
     "p3":95},
    {"p1":87,
     "p2":94,
     "p3":95},
    {"p1":87,
     "p2":93,
     "p3":94},
    {"p1":87,
     "p2":88,
     "p3":93},
    {"p1":39,
     "p2":55,
     "p3":56},
    {"p1":42,
     "p2":54,
     "p3":55},
    {"p1":39,
     "p2":42,
     "p3":55},
    {"p1":73,
     "p2":83,
     "p3":84},
    {"p1":73,
     "p2":82,
     "p3":83},
    {"p1":71,
     "p2":72,
     "p3":73},
    {"p1":76,
     "p2":79,
     "p3":80},
    {"p1":61,
     "p2":64,
     "p3":65},
    {"p1":62,
     "p2":63,
     "p3":64},
    {"p1":61,
     "p2":62,
     "p3":64},
    {"p1":60,
     "p2":61,
     "p3":65},
    {"p1":59,
     "p2":60,
     "p3":65},
    {"p1":42,
     "p2":53,
     "p3":54},
    {"p1":42,
     "p2":43,
     "p3":53},
    {"p1":43,
     "p2":52,
     "p3":53},
    {"p1":89,
     "p2":92,
     "p3":93},
    {"p1":88,
     "p2":89,
     "p3":93},
    {"p1":96,
     "p2":97,
     "p3":100},
    {"p1":96,
     "p2":100,
     "p3":101},
    {"p1":97,
     "p2":99,
     "p3":100},
    {"p1":57,
     "p2":58,
     "p3":86},
    {"p1":56,
     "p2":57,
     "p3":86},
    {"p1":75,
     "p2":76,
     "p3":80},
    {"p1":73,
     "p2":74,
     "p3":82},
    {"p1":74,
     "p2":81,
     "p3":82},
    {"p1":74,
     "p2":75,
     "p3":80},
    {"p1":74,
     "p2":80,
     "p3":81},
    {"p1":89,
     "p2":90,
     "p3":91},
    {"p1":89,
     "p2":91,
     "p3":92}]
}