{"points":[
    {"x":0.10375,
     "y":0.50432},
    {"x":0.10951,
     "y":0.54467},
    {"x":0.11527,
     "y":0.58501},
    {"x":0.12392,
     "y":0.62536},
    {"x":0.13256,
     "y":0.66571},
    {"x":0.092219,
     "y":0.67147},
    {"x":0.051873,
     "y":0.67723},
    {"x":0.011527,
     "y":0.683},
    {"x":0,
     "y":0.72046},
    {"x":0.0057637,
     "y":0.76081},
    {"x":0.0057637,
     "y":0.80115},
    {"x":0.0086455,
     "y":0.8415},
    {"x":0.0086455,
     "y":0.88184},
    {"x":0.0057637,
     "y":0.92219},
    {"x":0.0057637,
     "y":0.96254},
    {"x":0.020173,
     "y":1},
    {"x":0.043228,
     "y":0.97118},
    {"x":0.043228,
     "y":0.93084},
    {"x":0.04611,
     "y":0.89049},
    {"x":0.04611,
     "y":0.85014},
    {"x":0.04611,
     "y":0.8098},
    {"x":0.043228,
     "y":0.76945},
    {"x":0.040346,
     "y":0.72911},
    {"x":0.069164,
     "y":0.7147},
    {"x":0.095101,
     "y":0.72911},
    {"x":0.097983,
     "y":0.76945},
    {"x":0.10375,
     "y":0.8098},
    {"x":0.11239,
     "y":0.85014},
    {"x":0.1268,
     "y":0.89049},
    {"x":0.13833,
     "y":0.93084},
    {"x":0.14697,
     "y":0.97118},
    {"x":0.18156,
     "y":0.9683},
    {"x":0.17579,
     "y":0.92795},
    {"x":0.16138,
     "y":0.88761},
    {"x":0.14697,
     "y":0.84726},
    {"x":0.14121,
     "y":0.80692},
    {"x":0.13545,
     "y":0.76657},
    {"x":0.13256,
     "y":0.72622},
    {"x":0.15274,
     "y":0.69741},
    {"x":0.1902,
     "y":0.69452},
    {"x":0.21037,
     "y":0.73487},
    {"x":0.21614,
     "y":0.77522},
    {"x":0.22767,
     "y":0.81556},
    {"x":0.23631,
     "y":0.85591},
    {"x":0.24496,
     "y":0.89625},
    {"x":0.24496,
     "y":0.9366},
    {"x":0.2536,
     "y":0.97406},
    {"x":0.28242,
     "y":0.95101},
    {"x":0.28242,
     "y":0.91066},
    {"x":0.27666,
     "y":0.87032},
    {"x":0.27089,
     "y":0.82997},
    {"x":0.25937,
     "y":0.78963},
    {"x":0.24784,
     "y":0.74928},
    {"x":0.24496,
     "y":0.70893},
    {"x":0.23631,
     "y":0.67435},
    {"x":0.27666,
     "y":0.66282},
    {"x":0.317,
     "y":0.65706},
    {"x":0.33429,
     "y":0.69741},
    {"x":0.34006,
     "y":0.73775},
    {"x":0.34294,
     "y":0.7781},
    {"x":0.35159,
     "y":0.81844},
    {"x":0.3487,
     "y":0.85879},
    {"x":0.36023,
     "y":0.89914},
    {"x":0.36311,
     "y":0.93948},
    {"x":0.37752,
     "y":0.97983},
    {"x":0.41499,
     "y":0.98559},
    {"x":0.40346,
     "y":0.94524},
    {"x":0.39769,
     "y":0.9049},
    {"x":0.38617,
     "y":0.86455},
    {"x":0.38617,
     "y":0.82421},
    {"x":0.37752,
     "y":0.78386},
    {"x":0.37752,
     "y":0.74352},
    {"x":0.37176,
     "y":0.70317},
    {"x":0.36023,
     "y":0.66282},
    {"x":0.3487,
     "y":0.62248},
    {"x":0.30836,
     "y":0.6196},
    {"x":0.26801,
     "y":0.63112},
    {"x":0.22767,
     "y":0.63977},
    {"x":0.20173,
     "y":0.62536},
    {"x":0.19308,
     "y":0.58501},
    {"x":0.18156,
     "y":0.54467},
    {"x":0.17003,
     "y":0.50432},
    {"x":0.15274,
     "y":0.46398},
    {"x":0.14697,
     "y":0.42363},
    {"x":0.13545,
     "y":0.38329},
    {"x":0.13545,
     "y":0.34294},
    {"x":0.12968,
     "y":0.30259},
    {"x":0.12968,
     "y":0.26225},
    {"x":0.12968,
     "y":0.2219},
    {"x":0.1268,
     "y":0.18156},
    {"x":0.12104,
     "y":0.14121},
    {"x":0.11816,
     "y":0.10086},
    {"x":0.10086,
     "y":0.060519},
    {"x":0.074928,
     "y":0.023055},
    {"x":0.04611,
     "y":0},
    {"x":0.011527,
     "y":0.025937},
    {"x":0.0028818,
     "y":0.066282},
    {"x":0.0086455,
     "y":0.10663},
    {"x":0.0086455,
     "y":0.14697},
    {"x":0.014409,
     "y":0.18732},
    {"x":0.023055,
     "y":0.22767},
    {"x":0.040346,
     "y":0.26801},
    {"x":0.051873,
     "y":0.30836},
    {"x":0.063401,
     "y":0.3487},
    {"x":0.074928,
     "y":0.38905},
    {"x":0.083573,
     "y":0.42939},
    {"x":0.095101,
     "y":0.46974},
    {"x":0.10375,
     "y":0.50432}],
 "triangles":[
    {"p1":93,
     "p2":94,
     "p3":95},
    {"p1":7,
     "p2":8,
     "p3":22},
    {"p1":8,
     "p2":9,
     "p3":22},
    {"p1":64,
     "p2":65,
     "p3":66},
    {"p1":91,
     "p2":92,
     "p3":97},
    {"p1":11,
     "p2":12,
     "p3":19},
    {"p1":30,
     "p2":31,
     "p3":32},
    {"p1":13,
     "p2":14,
     "p3":17},
    {"p1":14,
     "p2":16,
     "p3":17},
    {"p1":14,
     "p2":15,
     "p3":16},
    {"p1":56,
     "p2":73,
     "p3":74},
    {"p1":56,
     "p2":74,
     "p3":75},
    {"p1":92,
     "p2":93,
     "p3":96},
    {"p1":92,
     "p2":96,
     "p3":97},
    {"p1":93,
     "p2":95,
     "p3":96},
    {"p1":86,
     "p2":102,
     "p3":103},
    {"p1":12,
     "p2":18,
     "p3":19},
    {"p1":12,
     "p2":13,
     "p3":18},
    {"p1":13,
     "p2":17,
     "p3":18},
    {"p1":29,
     "p2":30,
     "p3":32},
    {"p1":29,
     "p2":32,
     "p3":33},
    {"p1":28,
     "p2":29,
     "p3":33},
    {"p1":42,
     "p2":43,
     "p3":50},
    {"p1":40,
     "p2":41,
     "p3":52},
    {"p1":58,
     "p2":71,
     "p3":72},
    {"p1":9,
     "p2":21,
     "p3":22},
    {"p1":9,
     "p2":10,
     "p3":21},
    {"p1":5,
     "p2":6,
     "p3":23},
    {"p1":6,
     "p2":7,
     "p3":22},
    {"p1":6,
     "p2":22,
     "p3":23},
    {"p1":88,
     "p2":100,
     "p3":101},
    {"p1":63,
     "p2":64,
     "p3":66},
    {"p1":63,
     "p2":66,
     "p3":67},
    {"p1":62,
     "p2":63,
     "p3":67},
    {"p1":44,
     "p2":45,
     "p3":48},
    {"p1":4,
     "p2":38,
     "p3":39},
    {"p1":4,
     "p2":37,
     "p3":38},
    {"p1":4,
     "p2":5,
     "p3":37},
    {"p1":40,
     "p2":52,
     "p3":53},
    {"p1":39,
     "p2":40,
     "p3":53},
    {"p1":57,
     "p2":58,
     "p3":72},
    {"p1":57,
     "p2":72,
     "p3":73},
    {"p1":56,
     "p2":57,
     "p3":73},
    {"p1":42,
     "p2":50,
     "p3":51},
    {"p1":41,
     "p2":42,
     "p3":51},
    {"p1":41,
     "p2":51,
     "p3":52},
    {"p1":0,
     "p2":82,
     "p3":106},
    {"p1":0,
     "p2":81,
     "p3":82},
    {"p1":84,
     "p2":104,
     "p3":105},
    {"p1":5,
     "p2":23,
     "p3":24},
    {"p1":5,
     "p2":24,
     "p3":37},
    {"p1":10,
     "p2":20,
     "p3":21},
    {"p1":10,
     "p2":11,
     "p3":20},
    {"p1":11,
     "p2":19,
     "p3":20},
    {"p1":24,
     "p2":25,
     "p3":36},
    {"p1":24,
     "p2":36,
     "p3":37},
    {"p1":87,
     "p2":88,
     "p3":101},
    {"p1":86,
     "p2":87,
     "p3":102},
    {"p1":87,
     "p2":101,
     "p3":102},
    {"p1":90,
     "p2":98,
     "p3":99},
    {"p1":90,
     "p2":91,
     "p3":97},
    {"p1":90,
     "p2":97,
     "p3":98},
    {"p1":89,
     "p2":99,
     "p3":100},
    {"p1":88,
     "p2":89,
     "p3":100},
    {"p1":89,
     "p2":90,
     "p3":99},
    {"p1":44,
     "p2":48,
     "p3":49},
    {"p1":43,
     "p2":49,
     "p3":50},
    {"p1":43,
     "p2":44,
     "p3":49},
    {"p1":45,
     "p2":46,
     "p3":47},
    {"p1":45,
     "p2":47,
     "p3":48},
    {"p1":60,
     "p2":61,
     "p3":69},
    {"p1":62,
     "p2":67,
     "p3":68},
    {"p1":61,
     "p2":62,
     "p3":68},
    {"p1":61,
     "p2":68,
     "p3":69},
    {"p1":54,
     "p2":76,
     "p3":77},
    {"p1":39,
     "p2":54,
     "p3":77},
    {"p1":39,
     "p2":53,
     "p3":54},
    {"p1":0,
     "p2":1,
     "p3":81},
    {"p1":83,
     "p2":84,
     "p3":105},
    {"p1":83,
     "p2":105,
     "p3":106},
    {"p1":82,
     "p2":83,
     "p3":106},
    {"p1":85,
     "p2":103,
     "p3":104},
    {"p1":84,
     "p2":85,
     "p3":104},
    {"p1":85,
     "p2":86,
     "p3":103},
    {"p1":25,
     "p2":26,
     "p3":36},
    {"p1":28,
     "p2":33,
     "p3":34},
    {"p1":27,
     "p2":28,
     "p3":34},
    {"p1":58,
     "p2":59,
     "p3":71},
    {"p1":54,
     "p2":55,
     "p3":76},
    {"p1":55,
     "p2":75,
     "p3":76},
    {"p1":55,
     "p2":56,
     "p3":75},
    {"p1":26,
     "p2":35,
     "p3":36},
    {"p1":26,
     "p2":27,
     "p3":35},
    {"p1":27,
     "p2":34,
     "p3":35},
    {"p1":60,
     "p2":69,
     "p3":70},
    {"p1":59,
     "p2":60,
     "p3":70},
    {"p1":59,
     "p2":70,
     "p3":71},
    {"p1":1,
     "p2":80,
     "p3":81},
    {"p1":39,
     "p2":77,
     "p3":78},
    {"p1":4,
     "p2":39,
     "p3":78},
    {"p1":3,
     "p2":4,
     "p3":78},
    {"p1":3,
     "p2":78,
     "p3":79},
    {"p1":2,
     "p2":3,
     "p3":79},
    {"p1":1,
     "p2":2,
     "p3":80},
    {"p1":2,
     "p2":79,
     "p3":80}]
}