{"points":[
    {"x":0.25376,
     "y":0.090226},
    {"x":0.22744,
     "y":0.10338},
    {"x":0.18985,
     "y":0.10338},
    {"x":0.15226,
     "y":0.10338},
    {"x":0.11466,
     "y":0.10338},
    {"x":0.077068,
     "y":0.10338},
    {"x":0.039474,
     "y":0.10338},
    {"x":0.0018797,
     "y":0.10338},
    {"x":0.022556,
     "y":0.1203},
    {"x":0.06015,
     "y":0.1203},
    {"x":0.097744,
     "y":0.1203},
    {"x":0.13534,
     "y":0.1203},
    {"x":0.17293,
     "y":0.1203},
    {"x":0.21053,
     "y":0.1203},
    {"x":0.24812,
     "y":0.1203},
    {"x":0.25376,
     "y":0.15414},
    {"x":0.22556,
     "y":0.16541},
    {"x":0.18797,
     "y":0.16541},
    {"x":0.15038,
     "y":0.16541},
    {"x":0.11278,
     "y":0.16541},
    {"x":0.075188,
     "y":0.16541},
    {"x":0.037594,
     "y":0.16541},
    {"x":0.0018797,
     "y":0.16729},
    {"x":0.024436,
     "y":0.18233},
    {"x":0.06203,
     "y":0.18233},
    {"x":0.099624,
     "y":0.18233},
    {"x":0.13722,
     "y":0.18233},
    {"x":0.17481,
     "y":0.18233},
    {"x":0.21241,
     "y":0.18233},
    {"x":0.25,
     "y":0.18233},
    {"x":0.28759,
     "y":0.18233},
    {"x":0.32519,
     "y":0.18045},
    {"x":0.34398,
     "y":0.16165},
    {"x":0.34398,
     "y":0.12406},
    {"x":0.37406,
     "y":0.11466},
    {"x":0.41165,
     "y":0.11466},
    {"x":0.44925,
     "y":0.11466},
    {"x":0.48684,
     "y":0.11466},
    {"x":0.52444,
     "y":0.11466},
    {"x":0.56203,
     "y":0.11466},
    {"x":0.59962,
     "y":0.11466},
    {"x":0.63722,
     "y":0.11466},
    {"x":0.67481,
     "y":0.11466},
    {"x":0.71241,
     "y":0.11466},
    {"x":0.75,
     "y":0.11466},
    {"x":0.78759,
     "y":0.11466},
    {"x":0.82519,
     "y":0.11466},
    {"x":0.86278,
     "y":0.11466},
    {"x":0.90038,
     "y":0.11466},
    {"x":0.93797,
     "y":0.11466},
    {"x":0.97556,
     "y":0.11466},
    {"x":1,
     "y":0.1015},
    {"x":1,
     "y":0.06391},
    {"x":0.96429,
     "y":0.06203},
    {"x":0.92669,
     "y":0.06203},
    {"x":0.8891,
     "y":0.06203},
    {"x":0.8515,
     "y":0.06203},
    {"x":0.81391,
     "y":0.06203},
    {"x":0.77632,
     "y":0.06203},
    {"x":0.73872,
     "y":0.06203},
    {"x":0.70113,
     "y":0.06203},
    {"x":0.66353,
     "y":0.06203},
    {"x":0.62594,
     "y":0.06203},
    {"x":0.58835,
     "y":0.06203},
    {"x":0.55075,
     "y":0.06203},
    {"x":0.51316,
     "y":0.06203},
    {"x":0.47556,
     "y":0.06203},
    {"x":0.43797,
     "y":0.06203},
    {"x":0.40038,
     "y":0.06203},
    {"x":0.36278,
     "y":0.06203},
    {"x":0.34398,
     "y":0.041353},
    {"x":0.34398,
     "y":0.0037594},
    {"x":0.31015,
     "y":0},
    {"x":0.27256,
     "y":0},
    {"x":0.23496,
     "y":0},
    {"x":0.19737,
     "y":0},
    {"x":0.15977,
     "y":0},
    {"x":0.12218,
     "y":0},
    {"x":0.084586,
     "y":0},
    {"x":0.046992,
     "y":0},
    {"x":0.0093985,
     "y":0},
    {"x":0.0093985,
     "y":0.018797},
    {"x":0.046992,
     "y":0.018797},
    {"x":0.084586,
     "y":0.018797},
    {"x":0.12218,
     "y":0.018797},
    {"x":0.15977,
     "y":0.018797},
    {"x":0.19737,
     "y":0.018797},
    {"x":0.23496,
     "y":0.018797},
    {"x":0.25376,
     "y":0.039474},
    {"x":0.22556,
     "y":0.050752},
    {"x":0.18797,
     "y":0.050752},
    {"x":0.15038,
     "y":0.050752},
    {"x":0.11278,
     "y":0.050752},
    {"x":0.075188,
     "y":0.050752},
    {"x":0.037594,
     "y":0.050752},
    {"x":0,
     "y":0.050752},
    {"x":0.018797,
     "y":0.069549},
    {"x":0.056391,
     "y":0.069549},
    {"x":0.093985,
     "y":0.069549},
    {"x":0.13158,
     "y":0.069549},
    {"x":0.16917,
     "y":0.069549},
    {"x":0.20677,
     "y":0.069549},
    {"x":0.24436,
     "y":0.069549},
    {"x":0.25376,
     "y":0.090226}],
 "triangles":[
    {"p1":21,
     "p2":22,
     "p3":23},
    {"p1":91,
     "p2":99,
     "p3":100},
    {"p1":16,
     "p2":28,
     "p3":29},
    {"p1":70,
     "p2":71,
     "p3":72},
    {"p1":6,
     "p2":8,
     "p3":9},
    {"p1":6,
     "p2":7,
     "p3":8},
    {"p1":5,
     "p2":9,
     "p3":10},
    {"p1":5,
     "p2":6,
     "p3":9},
    {"p1":18,
     "p2":26,
     "p3":27},
    {"p1":19,
     "p2":20,
     "p3":25},
    {"p1":19,
     "p2":25,
     "p3":26},
    {"p1":18,
     "p2":19,
     "p3":26},
    {"p1":17,
     "p2":18,
     "p3":27},
    {"p1":17,
     "p2":27,
     "p3":28},
    {"p1":16,
     "p2":17,
     "p3":28},
    {"p1":21,
     "p2":23,
     "p3":24},
    {"p1":20,
     "p2":21,
     "p3":24},
    {"p1":20,
     "p2":24,
     "p3":25},
    {"p1":90,
     "p2":100,
     "p3":101},
    {"p1":90,
     "p2":91,
     "p3":100},
    {"p1":1,
     "p2":2,
     "p3":13},
    {"p1":0,
     "p2":1,
     "p3":14},
    {"p1":1,
     "p2":13,
     "p3":14},
    {"p1":73,
     "p2":87,
     "p3":88},
    {"p1":72,
     "p2":73,
     "p3":88},
    {"p1":70,
     "p2":72,
     "p3":88},
    {"p1":0,
     "p2":88,
     "p3":102},
    {"p1":0,
     "p2":70,
     "p3":88},
    {"p1":89,
     "p2":90,
     "p3":101},
    {"p1":89,
     "p2":101,
     "p3":102},
    {"p1":88,
     "p2":89,
     "p3":102},
    {"p1":73,
     "p2":74,
     "p3":87},
    {"p1":15,
     "p2":16,
     "p3":29},
    {"p1":15,
     "p2":29,
     "p3":30},
    {"p1":36,
     "p2":66,
     "p3":67},
    {"p1":33,
     "p2":34,
     "p3":69},
    {"p1":0,
     "p2":33,
     "p3":70},
    {"p1":33,
     "p2":69,
     "p3":70},
    {"p1":0,
     "p2":14,
     "p3":33},
    {"p1":14,
     "p2":15,
     "p3":33},
    {"p1":15,
     "p2":30,
     "p3":33},
    {"p1":30,
     "p2":31,
     "p3":33},
    {"p1":31,
     "p2":32,
     "p3":33},
    {"p1":40,
     "p2":41,
     "p3":62},
    {"p1":40,
     "p2":62,
     "p3":63},
    {"p1":39,
     "p2":63,
     "p3":64},
    {"p1":39,
     "p2":40,
     "p3":63},
    {"p1":94,
     "p2":95,
     "p3":96},
    {"p1":94,
     "p2":96,
     "p3":97},
    {"p1":93,
     "p2":94,
     "p3":97},
    {"p1":4,
     "p2":5,
     "p3":10},
    {"p1":4,
     "p2":10,
     "p3":11},
    {"p1":2,
     "p2":12,
     "p3":13},
    {"p1":91,
     "p2":92,
     "p3":99},
    {"p1":34,
     "p2":68,
     "p3":69},
    {"p1":44,
     "p2":45,
     "p3":58},
    {"p1":36,
     "p2":37,
     "p3":66},
    {"p1":37,
     "p2":65,
     "p3":66},
    {"p1":3,
     "p2":11,
     "p3":12},
    {"p1":2,
     "p2":3,
     "p3":12},
    {"p1":3,
     "p2":4,
     "p3":11},
    {"p1":92,
     "p2":98,
     "p3":99},
    {"p1":92,
     "p2":93,
     "p3":98},
    {"p1":93,
     "p2":97,
     "p3":98},
    {"p1":35,
     "p2":36,
     "p3":67},
    {"p1":35,
     "p2":67,
     "p3":68},
    {"p1":34,
     "p2":35,
     "p3":68},
    {"p1":45,
     "p2":46,
     "p3":57},
    {"p1":45,
     "p2":57,
     "p3":58},
    {"p1":41,
     "p2":61,
     "p3":62},
    {"p1":41,
     "p2":42,
     "p3":61},
    {"p1":43,
     "p2":44,
     "p3":59},
    {"p1":44,
     "p2":58,
     "p3":59},
    {"p1":37,
     "p2":38,
     "p3":65},
    {"p1":38,
     "p2":39,
     "p3":64},
    {"p1":38,
     "p2":64,
     "p3":65},
    {"p1":46,
     "p2":47,
     "p3":56},
    {"p1":46,
     "p2":56,
     "p3":57},
    {"p1":43,
     "p2":59,
     "p3":60},
    {"p1":42,
     "p2":43,
     "p3":60},
    {"p1":42,
     "p2":60,
     "p3":61},
    {"p1":47,
     "p2":48,
     "p3":55},
    {"p1":47,
     "p2":55,
     "p3":56},
    {"p1":48,
     "p2":49,
     "p3":54},
    {"p1":48,
     "p2":54,
     "p3":55},
    {"p1":49,
     "p2":50,
     "p3":53},
    {"p1":49,
     "p2":53,
     "p3":54},
    {"p1":50,
     "p2":51,
     "p3":53},
    {"p1":51,
     "p2":52,
     "p3":53},
    {"p1":79,
     "p2":80,
     "p3":81},
    {"p1":79,
     "p2":81,
     "p3":82},
    {"p1":78,
     "p2":79,
     "p3":83},
    {"p1":79,
     "p2":82,
     "p3":83},
    {"p1":76,
     "p2":77,
     "p3":84},
    {"p1":76,
     "p2":84,
     "p3":85},
    {"p1":78,
     "p2":83,
     "p3":84},
    {"p1":77,
     "p2":78,
     "p3":84},
    {"p1":75,
     "p2":76,
     "p3":85},
    {"p1":75,
     "p2":85,
     "p3":86},
    {"p1":75,
     "p2":86,
     "p3":87},
    {"p1":74,
     "p2":75,
     "p3":87}]
}