{"points":[
    {"x":0.1504,
     "y":0.49077},
    {"x":0.15831,
     "y":0.53034},
    {"x":0.16887,
     "y":0.56992},
    {"x":0.16887,
     "y":0.6095},
    {"x":0.15831,
     "y":0.64908},
    {"x":0.11873,
     "y":0.66755},
    {"x":0.081794,
     "y":0.69657},
    {"x":0.05277,
     "y":0.73351},
    {"x":0.029024,
     "y":0.77045},
    {"x":0.013193,
     "y":0.81003},
    {"x":0.005277,
     "y":0.8496},
    {"x":0,
     "y":0.88918},
    {"x":0,
     "y":0.92876},
    {"x":0.0026385,
     "y":0.96834},
    {"x":0.026385,
     "y":1},
    {"x":0.055409,
     "y":0.98153},
    {"x":0.063325,
     "y":0.94195},
    {"x":0.07124,
     "y":0.90237},
    {"x":0.081794,
     "y":0.8628},
    {"x":0.094987,
     "y":0.82322},
    {"x":0.10818,
     "y":0.78364},
    {"x":0.12929,
     "y":0.74406},
    {"x":0.13456,
     "y":0.75726},
    {"x":0.12665,
     "y":0.79683},
    {"x":0.12137,
     "y":0.83641},
    {"x":0.11609,
     "y":0.87599},
    {"x":0.11609,
     "y":0.91557},
    {"x":0.11609,
     "y":0.95515},
    {"x":0.14776,
     "y":0.97889},
    {"x":0.17414,
     "y":0.94195},
    {"x":0.17942,
     "y":0.90237},
    {"x":0.1847,
     "y":0.8628},
    {"x":0.18734,
     "y":0.82322},
    {"x":0.19789,
     "y":0.78364},
    {"x":0.21108,
     "y":0.74406},
    {"x":0.22955,
     "y":0.74142},
    {"x":0.24011,
     "y":0.781},
    {"x":0.24802,
     "y":0.82058},
    {"x":0.24802,
     "y":0.86016},
    {"x":0.2533,
     "y":0.89974},
    {"x":0.26385,
     "y":0.93931},
    {"x":0.27441,
     "y":0.97889},
    {"x":0.30607,
     "y":0.98945},
    {"x":0.32454,
     "y":0.94987},
    {"x":0.32454,
     "y":0.91029},
    {"x":0.32454,
     "y":0.87071},
    {"x":0.3219,
     "y":0.83113},
    {"x":0.31135,
     "y":0.79156},
    {"x":0.29551,
     "y":0.75198},
    {"x":0.27968,
     "y":0.7124},
    {"x":0.30079,
     "y":0.70976},
    {"x":0.33773,
     "y":0.73615},
    {"x":0.36675,
     "y":0.77045},
    {"x":0.3905,
     "y":0.80739},
    {"x":0.39842,
     "y":0.84697},
    {"x":0.40106,
     "y":0.88654},
    {"x":0.40106,
     "y":0.92612},
    {"x":0.38786,
     "y":0.9657},
    {"x":0.40369,
     "y":1},
    {"x":0.44063,
     "y":0.98681},
    {"x":0.44327,
     "y":0.94723},
    {"x":0.44591,
     "y":0.90765},
    {"x":0.44591,
     "y":0.86807},
    {"x":0.43799,
     "y":0.8285},
    {"x":0.43008,
     "y":0.78892},
    {"x":0.41689,
     "y":0.74934},
    {"x":0.39578,
     "y":0.70976},
    {"x":0.36148,
     "y":0.67546},
    {"x":0.3219,
     "y":0.65172},
    {"x":0.28232,
     "y":0.64908},
    {"x":0.25594,
     "y":0.62533},
    {"x":0.26121,
     "y":0.58575},
    {"x":0.26121,
     "y":0.54617},
    {"x":0.26121,
     "y":0.5066},
    {"x":0.26121,
     "y":0.46702},
    {"x":0.25858,
     "y":0.42744},
    {"x":0.26121,
     "y":0.38786},
    {"x":0.26121,
     "y":0.34828},
    {"x":0.26649,
     "y":0.30871},
    {"x":0.26649,
     "y":0.26913},
    {"x":0.26385,
     "y":0.22955},
    {"x":0.26649,
     "y":0.18997},
    {"x":0.26385,
     "y":0.1504},
    {"x":0.25858,
     "y":0.11082},
    {"x":0.25594,
     "y":0.07124},
    {"x":0.24011,
     "y":0.031662},
    {"x":0.20317,
     "y":0.005277},
    {"x":0.16359,
     "y":0},
    {"x":0.12929,
     "y":0.015831},
    {"x":0.13193,
     "y":0.055409},
    {"x":0.12929,
     "y":0.094987},
    {"x":0.12929,
     "y":0.13456},
    {"x":0.12929,
     "y":0.17414},
    {"x":0.12929,
     "y":0.21372},
    {"x":0.13193,
     "y":0.2533},
    {"x":0.12929,
     "y":0.29288},
    {"x":0.13456,
     "y":0.33245},
    {"x":0.13984,
     "y":0.37203},
    {"x":0.14248,
     "y":0.41161},
    {"x":0.14512,
     "y":0.45119},
    {"x":0.1504,
     "y":0.49077},
    {"x":0.1504,
     "y":0.49077}],
 "triangles":[
    {"p1":13,
     "p2":14,
     "p3":15},
    {"p1":57,
     "p2":58,
     "p3":59},
    {"p1":57,
     "p2":59,
     "p3":60},
    {"p1":79,
     "p2":94,
     "p3":95},
    {"p1":84,
     "p2":85,
     "p3":89},
    {"p1":85,
     "p2":86,
     "p3":89},
    {"p1":86,
     "p2":87,
     "p3":89},
    {"p1":13,
     "p2":15,
     "p3":16},
    {"p1":12,
     "p2":13,
     "p3":16},
    {"p1":87,
     "p2":88,
     "p3":89},
    {"p1":35,
     "p2":49,
     "p3":70},
    {"p1":35,
     "p2":48,
     "p3":49},
    {"p1":52,
     "p2":65,
     "p3":66},
    {"p1":51,
     "p2":52,
     "p3":66},
    {"p1":41,
     "p2":42,
     "p3":43},
    {"p1":78,
     "p2":79,
     "p3":95},
    {"p1":78,
     "p2":95,
     "p3":96},
    {"p1":51,
     "p2":66,
     "p3":67},
    {"p1":50,
     "p2":67,
     "p3":68},
    {"p1":50,
     "p2":51,
     "p3":67},
    {"p1":82,
     "p2":91,
     "p3":92},
    {"p1":81,
     "p2":82,
     "p3":92},
    {"p1":79,
     "p2":80,
     "p3":94},
    {"p1":84,
     "p2":89,
     "p3":90},
    {"p1":5,
     "p2":6,
     "p3":21},
    {"p1":49,
     "p2":69,
     "p3":70},
    {"p1":49,
     "p2":50,
     "p3":69},
    {"p1":50,
     "p2":68,
     "p3":69},
    {"p1":4,
     "p2":35,
     "p3":70},
    {"p1":4,
     "p2":5,
     "p3":21},
    {"p1":35,
     "p2":36,
     "p3":48},
    {"p1":27,
     "p2":28,
     "p3":29},
    {"p1":26,
     "p2":27,
     "p3":29},
    {"p1":39,
     "p2":44,
     "p3":45},
    {"p1":53,
     "p2":54,
     "p3":63},
    {"p1":52,
     "p2":53,
     "p3":65},
    {"p1":56,
     "p2":57,
     "p3":60},
    {"p1":56,
     "p2":60,
     "p3":61},
    {"p1":55,
     "p2":56,
     "p3":61},
    {"p1":54,
     "p2":62,
     "p3":63},
    {"p1":54,
     "p2":55,
     "p3":62},
    {"p1":55,
     "p2":61,
     "p3":62},
    {"p1":77,
     "p2":78,
     "p3":96},
    {"p1":82,
     "p2":83,
     "p3":91},
    {"p1":83,
     "p2":84,
     "p3":90},
    {"p1":83,
     "p2":90,
     "p3":91},
    {"p1":81,
     "p2":92,
     "p3":93},
    {"p1":80,
     "p2":81,
     "p3":93},
    {"p1":80,
     "p2":93,
     "p3":94},
    {"p1":6,
     "p2":7,
     "p3":21},
    {"p1":4,
     "p2":34,
     "p3":35},
    {"p1":4,
     "p2":21,
     "p3":34},
    {"p1":0,
     "p2":74,
     "p3":99},
    {"p1":0,
     "p2":73,
     "p3":74},
    {"p1":10,
     "p2":11,
     "p3":17},
    {"p1":11,
     "p2":12,
     "p3":17},
    {"p1":12,
     "p2":16,
     "p3":17},
    {"p1":36,
     "p2":47,
     "p3":48},
    {"p1":40,
     "p2":43,
     "p3":44},
    {"p1":39,
     "p2":40,
     "p3":44},
    {"p1":40,
     "p2":41,
     "p3":43},
    {"p1":26,
     "p2":29,
     "p3":30},
    {"p1":38,
     "p2":45,
     "p3":46},
    {"p1":38,
     "p2":39,
     "p3":45},
    {"p1":53,
     "p2":64,
     "p3":65},
    {"p1":53,
     "p2":63,
     "p3":64},
    {"p1":77,
     "p2":96,
     "p3":97},
    {"p1":74,
     "p2":75,
     "p3":99},
    {"p1":75,
     "p2":98,
     "p3":99},
    {"p1":7,
     "p2":20,
     "p3":21},
    {"p1":2,
     "p2":71,
     "p3":72},
    {"p1":37,
     "p2":46,
     "p3":47},
    {"p1":37,
     "p2":38,
     "p3":46},
    {"p1":36,
     "p2":37,
     "p3":47},
    {"p1":76,
     "p2":77,
     "p3":97},
    {"p1":76,
     "p2":97,
     "p3":98},
    {"p1":75,
     "p2":76,
     "p3":98},
    {"p1":7,
     "p2":8,
     "p3":20},
    {"p1":21,
     "p2":22,
     "p3":34},
    {"p1":22,
     "p2":33,
     "p3":34},
    {"p1":1,
     "p2":72,
     "p3":73},
    {"p1":1,
     "p2":2,
     "p3":72},
    {"p1":0,
     "p2":1,
     "p3":73},
    {"p1":3,
     "p2":70,
     "p3":71},
    {"p1":2,
     "p2":3,
     "p3":71},
    {"p1":3,
     "p2":4,
     "p3":70},
    {"p1":25,
     "p2":26,
     "p3":30},
    {"p1":25,
     "p2":30,
     "p3":31},
    {"p1":24,
     "p2":25,
     "p3":31},
    {"p1":22,
     "p2":23,
     "p3":33},
    {"p1":8,
     "p2":9,
     "p3":19},
    {"p1":8,
     "p2":19,
     "p3":20},
    {"p1":23,
     "p2":32,
     "p3":33},
    {"p1":24,
     "p2":31,
     "p3":32},
    {"p1":23,
     "p2":24,
     "p3":32},
    {"p1":10,
     "p2":17,
     "p3":18},
    {"p1":9,
     "p2":10,
     "p3":18},
    {"p1":9,
     "p2":18,
     "p3":19}]
}