{"points":[
    {"x":0.084699,
     "y":0.47814},
    {"x":0.084699,
     "y":0.51366},
    {"x":0.084699,
     "y":0.54918},
    {"x":0.090164,
     "y":0.5847},
    {"x":0.095628,
     "y":0.62022},
    {"x":0.081967,
     "y":0.64481},
    {"x":0.046448,
     "y":0.64754},
    {"x":0.010929,
     "y":0.65574},
    {"x":0,
     "y":0.69126},
    {"x":0,
     "y":0.72678},
    {"x":0.0054645,
     "y":0.75956},
    {"x":0.0081967,
     "y":0.79508},
    {"x":0.013661,
     "y":0.8306},
    {"x":0.016393,
     "y":0.86612},
    {"x":0.027322,
     "y":0.90164},
    {"x":0.021858,
     "y":0.93716},
    {"x":0.027322,
     "y":0.96995},
    {"x":0.04918,
     "y":1},
    {"x":0.079235,
     "y":0.97541},
    {"x":0.081967,
     "y":0.93989},
    {"x":0.081967,
     "y":0.90437},
    {"x":0.081967,
     "y":0.86885},
    {"x":0.081967,
     "y":0.83333},
    {"x":0.092896,
     "y":0.80328},
    {"x":0.12295,
     "y":0.80601},
    {"x":0.13388,
     "y":0.84153},
    {"x":0.14208,
     "y":0.87705},
    {"x":0.14754,
     "y":0.91257},
    {"x":0.14754,
     "y":0.94809},
    {"x":0.15027,
     "y":0.98361},
    {"x":0.18306,
     "y":0.99454},
    {"x":0.20219,
     "y":0.96721},
    {"x":0.19672,
     "y":0.93169},
    {"x":0.19126,
     "y":0.89617},
    {"x":0.18852,
     "y":0.86066},
    {"x":0.18033,
     "y":0.82514},
    {"x":0.17486,
     "y":0.78962},
    {"x":0.19672,
     "y":0.78689},
    {"x":0.20765,
     "y":0.8224},
    {"x":0.21585,
     "y":0.85792},
    {"x":0.22678,
     "y":0.89344},
    {"x":0.23497,
     "y":0.92896},
    {"x":0.24044,
     "y":0.96448},
    {"x":0.2623,
     "y":0.99454},
    {"x":0.28415,
     "y":0.96721},
    {"x":0.28689,
     "y":0.93169},
    {"x":0.28962,
     "y":0.89617},
    {"x":0.28962,
     "y":0.86066},
    {"x":0.28415,
     "y":0.82514},
    {"x":0.27869,
     "y":0.78962},
    {"x":0.27322,
     "y":0.75683},
    {"x":0.30328,
     "y":0.7623},
    {"x":0.30601,
     "y":0.79781},
    {"x":0.30328,
     "y":0.83333},
    {"x":0.30601,
     "y":0.86885},
    {"x":0.31421,
     "y":0.90437},
    {"x":0.33333,
     "y":0.93989},
    {"x":0.35519,
     "y":0.97541},
    {"x":0.39071,
     "y":0.96995},
    {"x":0.40984,
     "y":0.93989},
    {"x":0.4071,
     "y":0.90437},
    {"x":0.40164,
     "y":0.86885},
    {"x":0.39344,
     "y":0.83333},
    {"x":0.38525,
     "y":0.79781},
    {"x":0.38251,
     "y":0.7623},
    {"x":0.37978,
     "y":0.72678},
    {"x":0.37705,
     "y":0.69126},
    {"x":0.37158,
     "y":0.65574},
    {"x":0.36066,
     "y":0.62022},
    {"x":0.34699,
     "y":0.58743},
    {"x":0.31148,
     "y":0.58743},
    {"x":0.27596,
     "y":0.59836},
    {"x":0.25137,
     "y":0.59016},
    {"x":0.2459,
     "y":0.55464},
    {"x":0.24044,
     "y":0.51913},
    {"x":0.22951,
     "y":0.48361},
    {"x":0.21858,
     "y":0.44809},
    {"x":0.20492,
     "y":0.41257},
    {"x":0.19399,
     "y":0.37705},
    {"x":0.18033,
     "y":0.34153},
    {"x":0.17213,
     "y":0.30601},
    {"x":0.16393,
     "y":0.27049},
    {"x":0.16393,
     "y":0.23497},
    {"x":0.16667,
     "y":0.19945},
    {"x":0.17213,
     "y":0.16393},
    {"x":0.17213,
     "y":0.12842},
    {"x":0.16667,
     "y":0.092896},
    {"x":0.15847,
     "y":0.057377},
    {"x":0.13388,
     "y":0.021858},
    {"x":0.098361,
     "y":0.0054645},
    {"x":0.062842,
     "y":0},
    {"x":0.032787,
     "y":0.027322},
    {"x":0.02459,
     "y":0.062842},
    {"x":0.016393,
     "y":0.095628},
    {"x":0.030055,
     "y":0.12842},
    {"x":0.032787,
     "y":0.16393},
    {"x":0.040984,
     "y":0.19945},
    {"x":0.051913,
     "y":0.23497},
    {"x":0.054645,
     "y":0.27049},
    {"x":0.054645,
     "y":0.30601},
    {"x":0.060109,
     "y":0.34153},
    {"x":0.068306,
     "y":0.37705},
    {"x":0.076503,
     "y":0.41257},
    {"x":0.081967,
     "y":0.44809},
    {"x":0.084699,
     "y":0.47814}],
 "triangles":[
    {"p1":89,
     "p2":90,
     "p3":91},
    {"p1":10,
     "p2":11,
     "p3":23},
    {"p1":13,
     "p2":21,
     "p3":22},
    {"p1":11,
     "p2":22,
     "p3":23},
    {"p1":89,
     "p2":91,
     "p3":92},
    {"p1":88,
     "p2":89,
     "p3":92},
    {"p1":87,
     "p2":88,
     "p3":92},
    {"p1":13,
     "p2":14,
     "p3":21},
    {"p1":6,
     "p2":7,
     "p3":8},
    {"p1":6,
     "p2":8,
     "p3":9},
    {"p1":5,
     "p2":6,
     "p3":9},
    {"p1":5,
     "p2":9,
     "p3":23},
    {"p1":9,
     "p2":10,
     "p3":23},
    {"p1":12,
     "p2":13,
     "p3":22},
    {"p1":11,
     "p2":12,
     "p3":22},
    {"p1":3,
     "p2":4,
     "p3":72},
    {"p1":3,
     "p2":72,
     "p3":73},
    {"p1":4,
     "p2":5,
     "p3":37},
    {"p1":4,
     "p2":37,
     "p3":72},
    {"p1":37,
     "p2":50,
     "p3":72},
    {"p1":52,
     "p2":53,
     "p3":63},
    {"p1":14,
     "p2":15,
     "p3":19},
    {"p1":15,
     "p2":16,
     "p3":19},
    {"p1":50,
     "p2":67,
     "p3":71},
    {"p1":50,
     "p2":71,
     "p3":72},
    {"p1":67,
     "p2":68,
     "p3":71},
    {"p1":5,
     "p2":36,
     "p3":37},
    {"p1":50,
     "p2":66,
     "p3":67},
    {"p1":53,
     "p2":62,
     "p3":63},
    {"p1":52,
     "p2":63,
     "p3":64},
    {"p1":50,
     "p2":51,
     "p3":66},
    {"p1":51,
     "p2":65,
     "p3":66},
    {"p1":51,
     "p2":64,
     "p3":65},
    {"p1":51,
     "p2":52,
     "p3":64},
    {"p1":80,
     "p2":99,
     "p3":100},
    {"p1":2,
     "p2":3,
     "p3":73},
    {"p1":2,
     "p2":73,
     "p3":74},
    {"p1":26,
     "p2":27,
     "p3":33},
    {"p1":14,
     "p2":20,
     "p3":21},
    {"p1":14,
     "p2":19,
     "p3":20},
    {"p1":16,
     "p2":17,
     "p3":18},
    {"p1":16,
     "p2":18,
     "p3":19},
    {"p1":56,
     "p2":59,
     "p3":60},
    {"p1":56,
     "p2":58,
     "p3":59},
    {"p1":56,
     "p2":57,
     "p3":58},
    {"p1":68,
     "p2":69,
     "p3":70},
    {"p1":68,
     "p2":70,
     "p3":71},
    {"p1":5,
     "p2":23,
     "p3":24},
    {"p1":5,
     "p2":24,
     "p3":36},
    {"p1":40,
     "p2":46,
     "p3":47},
    {"p1":39,
     "p2":40,
     "p3":47},
    {"p1":39,
     "p2":47,
     "p3":48},
    {"p1":25,
     "p2":26,
     "p3":34},
    {"p1":26,
     "p2":33,
     "p3":34},
    {"p1":79,
     "p2":80,
     "p3":100},
    {"p1":83,
     "p2":84,
     "p3":96},
    {"p1":80,
     "p2":81,
     "p3":99},
    {"p1":0,
     "p2":75,
     "p3":76},
    {"p1":27,
     "p2":32,
     "p3":33},
    {"p1":27,
     "p2":28,
     "p3":32},
    {"p1":55,
     "p2":60,
     "p3":61},
    {"p1":55,
     "p2":56,
     "p3":60},
    {"p1":38,
     "p2":39,
     "p3":48},
    {"p1":38,
     "p2":48,
     "p3":49},
    {"p1":37,
     "p2":49,
     "p3":50},
    {"p1":37,
     "p2":38,
     "p3":49},
    {"p1":25,
     "p2":34,
     "p3":35},
    {"p1":24,
     "p2":25,
     "p3":35},
    {"p1":24,
     "p2":35,
     "p3":36},
    {"p1":84,
     "p2":85,
     "p3":95},
    {"p1":84,
     "p2":95,
     "p3":96},
    {"p1":77,
     "p2":78,
     "p3":102},
    {"p1":0,
     "p2":1,
     "p3":75},
    {"p1":1,
     "p2":2,
     "p3":74},
    {"p1":1,
     "p2":74,
     "p3":75},
    {"p1":42,
     "p2":43,
     "p3":44},
    {"p1":42,
     "p2":44,
     "p3":45},
    {"p1":28,
     "p2":29,
     "p3":31},
    {"p1":28,
     "p2":31,
     "p3":32},
    {"p1":54,
     "p2":55,
     "p3":61},
    {"p1":53,
     "p2":54,
     "p3":62},
    {"p1":54,
     "p2":61,
     "p3":62},
    {"p1":85,
     "p2":86,
     "p3":94},
    {"p1":85,
     "p2":94,
     "p3":95},
    {"p1":92,
     "p2":93,
     "p3":94},
    {"p1":87,
     "p2":92,
     "p3":94},
    {"p1":86,
     "p2":87,
     "p3":94},
    {"p1":81,
     "p2":98,
     "p3":99},
    {"p1":81,
     "p2":82,
     "p3":98},
    {"p1":79,
     "p2":100,
     "p3":101},
    {"p1":78,
     "p2":79,
     "p3":101},
    {"p1":78,
     "p2":101,
     "p3":102},
    {"p1":77,
     "p2":102,
     "p3":103},
    {"p1":76,
     "p2":77,
     "p3":103},
    {"p1":0,
     "p2":76,
     "p3":103},
    {"p1":41,
     "p2":42,
     "p3":45},
    {"p1":40,
     "p2":41,
     "p3":46},
    {"p1":41,
     "p2":45,
     "p3":46},
    {"p1":29,
     "p2":30,
     "p3":31},
    {"p1":82,
     "p2":97,
     "p3":98},
    {"p1":83,
     "p2":96,
     "p3":97},
    {"p1":82,
     "p2":83,
     "p3":97}]
}