{"points":[
    {"x":0.054374,
     "y":0.55319},
    {"x":0.056738,
     "y":0.59102},
    {"x":0.056738,
     "y":0.62884},
    {"x":0.056738,
     "y":0.66667},
    {"x":0.056738,
     "y":0.70449},
    {"x":0.035461,
     "y":0.73995},
    {"x":0.0094563,
     "y":0.77778},
    {"x":0,
     "y":0.8156},
    {"x":0,
     "y":0.85343},
    {"x":0.0023641,
     "y":0.89125},
    {"x":0.0047281,
     "y":0.92908},
    {"x":0.0047281,
     "y":0.9669},
    {"x":0.021277,
     "y":1},
    {"x":0.052009,
     "y":0.98582},
    {"x":0.054374,
     "y":0.94799},
    {"x":0.054374,
     "y":0.91017},
    {"x":0.052009,
     "y":0.87234},
    {"x":0.052009,
     "y":0.83452},
    {"x":0.054374,
     "y":0.79669},
    {"x":0.07565,
     "y":0.76359},
    {"x":0.080378,
     "y":0.80142},
    {"x":0.085106,
     "y":0.83924},
    {"x":0.085106,
     "y":0.87707},
    {"x":0.08747,
     "y":0.91489},
    {"x":0.089835,
     "y":0.95272},
    {"x":0.092199,
     "y":0.99054},
    {"x":0.12057,
     "y":0.99764},
    {"x":0.12057,
     "y":0.95981},
    {"x":0.12057,
     "y":0.92199},
    {"x":0.1182,
     "y":0.88416},
    {"x":0.11584,
     "y":0.84634},
    {"x":0.11348,
     "y":0.80851},
    {"x":0.10875,
     "y":0.77069},
    {"x":0.10402,
     "y":0.73286},
    {"x":0.13002,
     "y":0.70449},
    {"x":0.14184,
     "y":0.7305},
    {"x":0.14657,
     "y":0.76832},
    {"x":0.1513,
     "y":0.80615},
    {"x":0.15366,
     "y":0.84397},
    {"x":0.16076,
     "y":0.8818},
    {"x":0.16785,
     "y":0.91962},
    {"x":0.17021,
     "y":0.95745},
    {"x":0.17021,
     "y":0.99527},
    {"x":0.20095,
     "y":0.99291},
    {"x":0.20095,
     "y":0.95508},
    {"x":0.19858,
     "y":0.91726},
    {"x":0.19149,
     "y":0.87943},
    {"x":0.18676,
     "y":0.84161},
    {"x":0.18203,
     "y":0.80378},
    {"x":0.1773,
     "y":0.76596},
    {"x":0.17258,
     "y":0.72813},
    {"x":0.18203,
     "y":0.69267},
    {"x":0.21749,
     "y":0.71395},
    {"x":0.24586,
     "y":0.74941},
    {"x":0.26478,
     "y":0.78723},
    {"x":0.28132,
     "y":0.82506},
    {"x":0.29314,
     "y":0.86288},
    {"x":0.30496,
     "y":0.90071},
    {"x":0.31442,
     "y":0.93853},
    {"x":0.32388,
     "y":0.97636},
    {"x":0.34515,
     "y":0.99054},
    {"x":0.34752,
     "y":0.95272},
    {"x":0.33806,
     "y":0.91489},
    {"x":0.32861,
     "y":0.87707},
    {"x":0.32388,
     "y":0.83924},
    {"x":0.31678,
     "y":0.80142},
    {"x":0.30733,
     "y":0.76359},
    {"x":0.29314,
     "y":0.72577},
    {"x":0.27187,
     "y":0.68794},
    {"x":0.24586,
     "y":0.65012},
    {"x":0.22222,
     "y":0.61229},
    {"x":0.20804,
     "y":0.57447},
    {"x":0.19385,
     "y":0.53664},
    {"x":0.18203,
     "y":0.49882},
    {"x":0.17021,
     "y":0.46099},
    {"x":0.16076,
     "y":0.42317},
    {"x":0.1513,
     "y":0.38534},
    {"x":0.14657,
     "y":0.34752},
    {"x":0.14657,
     "y":0.30969},
    {"x":0.14657,
     "y":0.27187},
    {"x":0.14421,
     "y":0.23404},
    {"x":0.14184,
     "y":0.19622},
    {"x":0.13948,
     "y":0.15839},
    {"x":0.13475,
     "y":0.12057},
    {"x":0.12766,
     "y":0.082742},
    {"x":0.11111,
     "y":0.044917},
    {"x":0.089835,
     "y":0.0070922},
    {"x":0.052009,
     "y":0},
    {"x":0.026005,
     "y":0.033097},
    {"x":0.026005,
     "y":0.070922},
    {"x":0.023641,
     "y":0.10875},
    {"x":0.026005,
     "y":0.14657},
    {"x":0.026005,
     "y":0.1844},
    {"x":0.026005,
     "y":0.22222},
    {"x":0.026005,
     "y":0.26005},
    {"x":0.028369,
     "y":0.29787},
    {"x":0.030733,
     "y":0.3357},
    {"x":0.030733,
     "y":0.37352},
    {"x":0.033097,
     "y":0.41135},
    {"x":0.037825,
     "y":0.44917},
    {"x":0.044917,
     "y":0.487},
    {"x":0.052009,
     "y":0.52482},
    {"x":0.054374,
     "y":0.55319}],
 "triangles":[
    {"p1":86,
     "p2":87,
     "p3":88},
    {"p1":10,
     "p2":14,
     "p3":15},
    {"p1":85,
     "p2":86,
     "p3":88},
    {"p1":9,
     "p2":10,
     "p3":15},
    {"p1":10,
     "p2":11,
     "p3":14},
    {"p1":11,
     "p2":12,
     "p3":13},
    {"p1":11,
     "p2":13,
     "p3":14},
    {"p1":23,
     "p2":24,
     "p3":28},
    {"p1":59,
     "p2":60,
     "p3":61},
    {"p1":79,
     "p2":80,
     "p3":94},
    {"p1":82,
     "p2":83,
     "p3":91},
    {"p1":85,
     "p2":88,
     "p3":89},
    {"p1":84,
     "p2":85,
     "p3":89},
    {"p1":84,
     "p2":89,
     "p3":90},
    {"p1":83,
     "p2":84,
     "p3":90},
    {"p1":83,
     "p2":90,
     "p3":91},
    {"p1":0,
     "p2":73,
     "p3":101},
    {"p1":41,
     "p2":42,
     "p3":43},
    {"p1":9,
     "p2":15,
     "p3":16},
    {"p1":24,
     "p2":27,
     "p3":28},
    {"p1":25,
     "p2":26,
     "p3":27},
    {"p1":24,
     "p2":25,
     "p3":27},
    {"p1":41,
     "p2":43,
     "p3":44},
    {"p1":76,
     "p2":97,
     "p3":98},
    {"p1":75,
     "p2":99,
     "p3":100},
    {"p1":75,
     "p2":98,
     "p3":99},
    {"p1":75,
     "p2":76,
     "p3":98},
    {"p1":79,
     "p2":94,
     "p3":95},
    {"p1":76,
     "p2":77,
     "p3":97},
    {"p1":77,
     "p2":96,
     "p3":97},
    {"p1":54,
     "p2":65,
     "p3":66},
    {"p1":2,
     "p2":34,
     "p3":51},
    {"p1":51,
     "p2":69,
     "p3":70},
    {"p1":2,
     "p2":3,
     "p3":34},
    {"p1":0,
     "p2":72,
     "p3":73},
    {"p1":0,
     "p2":1,
     "p3":72},
    {"p1":1,
     "p2":2,
     "p3":71},
    {"p1":2,
     "p2":51,
     "p3":71},
    {"p1":51,
     "p2":70,
     "p3":71},
    {"p1":1,
     "p2":71,
     "p3":72},
    {"p1":5,
     "p2":6,
     "p3":18},
    {"p1":6,
     "p2":7,
     "p3":18},
    {"p1":58,
     "p2":59,
     "p3":61},
    {"p1":40,
     "p2":44,
     "p3":45},
    {"p1":40,
     "p2":41,
     "p3":44},
    {"p1":21,
     "p2":30,
     "p3":31},
    {"p1":21,
     "p2":22,
     "p3":30},
    {"p1":8,
     "p2":9,
     "p3":16},
    {"p1":37,
     "p2":48,
     "p3":49},
    {"p1":37,
     "p2":38,
     "p3":48},
    {"p1":82,
     "p2":91,
     "p3":92},
    {"p1":81,
     "p2":82,
     "p3":92},
    {"p1":74,
     "p2":75,
     "p3":100},
    {"p1":73,
     "p2":74,
     "p3":101},
    {"p1":74,
     "p2":100,
     "p3":101},
    {"p1":78,
     "p2":79,
     "p3":95},
    {"p1":78,
     "p2":95,
     "p3":96},
    {"p1":77,
     "p2":78,
     "p3":96},
    {"p1":56,
     "p2":57,
     "p3":63},
    {"p1":53,
     "p2":66,
     "p3":67},
    {"p1":53,
     "p2":54,
     "p3":66},
    {"p1":53,
     "p2":67,
     "p3":68},
    {"p1":34,
     "p2":50,
     "p3":51},
    {"p1":3,
     "p2":4,
     "p3":34},
    {"p1":4,
     "p2":33,
     "p3":34},
    {"p1":5,
     "p2":18,
     "p3":19},
    {"p1":19,
     "p2":32,
     "p3":33},
    {"p1":4,
     "p2":5,
     "p3":19},
    {"p1":4,
     "p2":19,
     "p3":33},
    {"p1":7,
     "p2":17,
     "p3":18},
    {"p1":7,
     "p2":8,
     "p3":17},
    {"p1":8,
     "p2":16,
     "p3":17},
    {"p1":56,
     "p2":63,
     "p3":64},
    {"p1":57,
     "p2":62,
     "p3":63},
    {"p1":57,
     "p2":58,
     "p3":62},
    {"p1":58,
     "p2":61,
     "p3":62},
    {"p1":22,
     "p2":29,
     "p3":30},
    {"p1":23,
     "p2":28,
     "p3":29},
    {"p1":22,
     "p2":23,
     "p3":29},
    {"p1":80,
     "p2":81,
     "p3":93},
    {"p1":81,
     "p2":92,
     "p3":93},
    {"p1":80,
     "p2":93,
     "p3":94},
    {"p1":38,
     "p2":47,
     "p3":48},
    {"p1":38,
     "p2":39,
     "p3":47},
    {"p1":54,
     "p2":55,
     "p3":65},
    {"p1":55,
     "p2":64,
     "p3":65},
    {"p1":55,
     "p2":56,
     "p3":64},
    {"p1":34,
     "p2":35,
     "p3":50},
    {"p1":52,
     "p2":53,
     "p3":68},
    {"p1":52,
     "p2":68,
     "p3":69},
    {"p1":51,
     "p2":52,
     "p3":69},
    {"p1":20,
     "p2":21,
     "p3":31},
    {"p1":20,
     "p2":31,
     "p3":32},
    {"p1":19,
     "p2":20,
     "p3":32},
    {"p1":39,
     "p2":46,
     "p3":47},
    {"p1":40,
     "p2":45,
     "p3":46},
    {"p1":39,
     "p2":40,
     "p3":46},
    {"p1":36,
     "p2":37,
     "p3":49},
    {"p1":36,
     "p2":49,
     "p3":50},
    {"p1":35,
     "p2":36,
     "p3":50}]
}