{"points":[
    {"x":0.44444,
     "y":0.55556},
    {"x":0.43434,
     "y":0.58081},
    {"x":0.40404,
     "y":0.58081},
    {"x":0.37374,
     "y":0.58081},
    {"x":0.35859,
     "y":0.60606},
    {"x":0.37879,
     "y":0.62626},
    {"x":0.40909,
     "y":0.63636},
    {"x":0.43939,
     "y":0.64141},
    {"x":0.4697,
     "y":0.65152},
    {"x":0.4798,
     "y":0.67677},
    {"x":0.4798,
     "y":0.70707},
    {"x":0.4798,
     "y":0.73737},
    {"x":0.50505,
     "y":0.75253},
    {"x":0.52525,
     "y":0.73737},
    {"x":0.52525,
     "y":0.70707},
    {"x":0.5303,
     "y":0.67677},
    {"x":0.54545,
     "y":0.64646},
    {"x":0.57576,
     "y":0.63636},
    {"x":0.60606,
     "y":0.63636},
    {"x":0.63636,
     "y":0.63131},
    {"x":0.63636,
     "y":0.60101},
    {"x":0.61111,
     "y":0.59091},
    {"x":0.58081,
     "y":0.59091},
    {"x":0.55051,
     "y":0.58586},
    {"x":0.5404,
     "y":0.55556},
    {"x":0.5404,
     "y":0.52525},
    {"x":0.5404,
     "y":0.49495},
    {"x":0.5404,
     "y":0.46465},
    {"x":0.5404,
     "y":0.43434},
    {"x":0.56566,
     "y":0.40404},
    {"x":0.59596,
     "y":0.39899},
    {"x":0.62626,
     "y":0.39394},
    {"x":0.65657,
     "y":0.38889},
    {"x":0.68687,
     "y":0.38384},
    {"x":0.71717,
     "y":0.38384},
    {"x":0.74747,
     "y":0.38384},
    {"x":0.77778,
     "y":0.38384},
    {"x":0.80808,
     "y":0.36869},
    {"x":0.80808,
     "y":0.33838},
    {"x":0.80808,
     "y":0.30808},
    {"x":0.82828,
     "y":0.28283},
    {"x":0.85859,
     "y":0.26768},
    {"x":0.88889,
     "y":0.25758},
    {"x":0.91919,
     "y":0.25758},
    {"x":0.94949,
     "y":0.24747},
    {"x":0.97475,
     "y":0.23232},
    {"x":0.99495,
     "y":0.20202},
    {"x":1,
     "y":0.17172},
    {"x":0.98485,
     "y":0.14141},
    {"x":0.9697,
     "y":0.11111},
    {"x":0.93939,
     "y":0.090909},
    {"x":0.90909,
     "y":0.070707},
    {"x":0.87879,
     "y":0.055556},
    {"x":0.84848,
     "y":0.045455},
    {"x":0.81818,
     "y":0.030303},
    {"x":0.78788,
     "y":0.015152},
    {"x":0.75758,
     "y":0},
    {"x":0.72727,
     "y":0},
    {"x":0.69697,
     "y":0},
    {"x":0.66667,
     "y":0},
    {"x":0.63636,
     "y":0},
    {"x":0.60606,
     "y":0},
    {"x":0.57576,
     "y":0.0050505},
    {"x":0.54545,
     "y":0.0050505},
    {"x":0.51515,
     "y":0.0050505},
    {"x":0.48485,
     "y":0.0050505},
    {"x":0.45455,
     "y":0.010101},
    {"x":0.42424,
     "y":0.010101},
    {"x":0.39394,
     "y":0.015152},
    {"x":0.36364,
     "y":0.015152},
    {"x":0.33333,
     "y":0.020202},
    {"x":0.30303,
     "y":0.025253},
    {"x":0.27273,
     "y":0.030303},
    {"x":0.24242,
     "y":0.030303},
    {"x":0.21212,
     "y":0.040404},
    {"x":0.18182,
     "y":0.040404},
    {"x":0.15152,
     "y":0.050505},
    {"x":0.12121,
     "y":0.055556},
    {"x":0.090909,
     "y":0.060606},
    {"x":0.060606,
     "y":0.075758},
    {"x":0.035354,
     "y":0.10101},
    {"x":0.015152,
     "y":0.13131},
    {"x":0,
     "y":0.16162},
    {"x":0.010101,
     "y":0.19192},
    {"x":0.040404,
     "y":0.22222},
    {"x":0.065657,
     "y":0.24242},
    {"x":0.09596,
     "y":0.26768},
    {"x":0.12626,
     "y":0.28283},
    {"x":0.15657,
     "y":0.30303},
    {"x":0.18687,
     "y":0.31818},
    {"x":0.19697,
     "y":0.34848},
    {"x":0.22222,
     "y":0.36869},
    {"x":0.25253,
     "y":0.37879},
    {"x":0.28283,
     "y":0.38889},
    {"x":0.31313,
     "y":0.39899},
    {"x":0.34343,
     "y":0.40404},
    {"x":0.37374,
     "y":0.41414},
    {"x":0.40404,
     "y":0.41414},
    {"x":0.42929,
     "y":0.42929},
    {"x":0.44444,
     "y":0.4596},
    {"x":0.44444,
     "y":0.4899},
    {"x":0.44444,
     "y":0.5202},
    {"x":0.44444,
     "y":0.55051},
    {"x":0.44444,
     "y":0.55556}],
 "triangles":[
    {"p1":81,
     "p2":82,
     "p3":83},
    {"p1":89,
     "p2":90,
     "p3":91},
    {"p1":66,
     "p2":68,
     "p3":97},
    {"p1":11,
     "p2":12,
     "p3":13},
    {"p1":0,
     "p2":23,
     "p3":24},
    {"p1":29,
     "p2":66,
     "p3":97},
    {"p1":41,
     "p2":52,
     "p3":53},
    {"p1":0,
     "p2":24,
     "p3":102},
    {"p1":1,
     "p2":8,
     "p3":23},
    {"p1":0,
     "p2":1,
     "p3":23},
    {"p1":1,
     "p2":2,
     "p3":6},
    {"p1":8,
     "p2":16,
     "p3":23},
    {"p1":48,
     "p2":49,
     "p3":50},
    {"p1":46,
     "p2":47,
     "p3":48},
    {"p1":45,
     "p2":46,
     "p3":48},
    {"p1":42,
     "p2":51,
     "p3":52},
    {"p1":41,
     "p2":42,
     "p3":52},
    {"p1":42,
     "p2":50,
     "p3":51},
    {"p1":42,
     "p2":48,
     "p3":50},
    {"p1":42,
     "p2":43,
     "p3":48},
    {"p1":33,
     "p2":59,
     "p3":60},
    {"p1":33,
     "p2":39,
     "p3":59},
    {"p1":71,
     "p2":72,
     "p3":89},
    {"p1":71,
     "p2":89,
     "p3":93},
    {"p1":72,
     "p2":74,
     "p3":89},
    {"p1":89,
     "p2":91,
     "p3":92},
    {"p1":89,
     "p2":92,
     "p3":93},
    {"p1":68,
     "p2":95,
     "p3":97},
    {"p1":95,
     "p2":96,
     "p3":97},
    {"p1":76,
     "p2":86,
     "p3":87},
    {"p1":74,
     "p2":75,
     "p3":76},
    {"p1":74,
     "p2":76,
     "p3":87},
    {"p1":78,
     "p2":79,
     "p3":85},
    {"p1":79,
     "p2":80,
     "p3":85},
    {"p1":66,
     "p2":67,
     "p3":68},
    {"p1":29,
     "p2":64,
     "p3":66},
    {"p1":64,
     "p2":65,
     "p3":66},
    {"p1":29,
     "p2":63,
     "p3":64},
    {"p1":2,
     "p2":5,
     "p3":6},
    {"p1":3,
     "p2":4,
     "p3":5},
    {"p1":2,
     "p2":3,
     "p3":5},
    {"p1":1,
     "p2":7,
     "p3":8},
    {"p1":1,
     "p2":6,
     "p3":7},
    {"p1":17,
     "p2":22,
     "p3":23},
    {"p1":16,
     "p2":17,
     "p3":23},
    {"p1":17,
     "p2":18,
     "p3":22},
    {"p1":8,
     "p2":15,
     "p3":16},
    {"p1":30,
     "p2":31,
     "p3":62},
    {"p1":30,
     "p2":62,
     "p3":63},
    {"p1":29,
     "p2":30,
     "p3":63},
    {"p1":18,
     "p2":19,
     "p3":20},
    {"p1":44,
     "p2":45,
     "p3":48},
    {"p1":43,
     "p2":44,
     "p3":48},
    {"p1":32,
     "p2":33,
     "p3":60},
    {"p1":31,
     "p2":32,
     "p3":62},
    {"p1":32,
     "p2":60,
     "p3":62},
    {"p1":29,
     "p2":97,
     "p3":98},
    {"p1":28,
     "p2":29,
     "p3":98},
    {"p1":26,
     "p2":100,
     "p3":101},
    {"p1":74,
     "p2":88,
     "p3":89},
    {"p1":74,
     "p2":87,
     "p3":88},
    {"p1":76,
     "p2":77,
     "p3":86},
    {"p1":77,
     "p2":85,
     "p3":86},
    {"p1":77,
     "p2":78,
     "p3":85},
    {"p1":80,
     "p2":81,
     "p3":84},
    {"p1":80,
     "p2":84,
     "p3":85},
    {"p1":81,
     "p2":83,
     "p3":84},
    {"p1":60,
     "p2":61,
     "p3":62},
    {"p1":8,
     "p2":9,
     "p3":15},
    {"p1":9,
     "p2":10,
     "p3":14},
    {"p1":9,
     "p2":14,
     "p3":15},
    {"p1":39,
     "p2":40,
     "p3":59},
    {"p1":40,
     "p2":54,
     "p3":55},
    {"p1":40,
     "p2":41,
     "p3":53},
    {"p1":40,
     "p2":53,
     "p3":54},
    {"p1":35,
     "p2":38,
     "p3":39},
    {"p1":28,
     "p2":98,
     "p3":99},
    {"p1":25,
     "p2":26,
     "p3":101},
    {"p1":24,
     "p2":25,
     "p3":102},
    {"p1":25,
     "p2":101,
     "p3":102},
    {"p1":18,
     "p2":21,
     "p3":22},
    {"p1":18,
     "p2":20,
     "p3":21},
    {"p1":72,
     "p2":73,
     "p3":74},
    {"p1":40,
     "p2":58,
     "p3":59},
    {"p1":36,
     "p2":37,
     "p3":38},
    {"p1":35,
     "p2":36,
     "p3":38},
    {"p1":33,
     "p2":34,
     "p3":39},
    {"p1":34,
     "p2":35,
     "p3":39},
    {"p1":27,
     "p2":28,
     "p3":99},
    {"p1":26,
     "p2":27,
     "p3":100},
    {"p1":27,
     "p2":99,
     "p3":100},
    {"p1":70,
     "p2":94,
     "p3":95},
    {"p1":68,
     "p2":70,
     "p3":95},
    {"p1":68,
     "p2":69,
     "p3":70},
    {"p1":70,
     "p2":71,
     "p3":93},
    {"p1":70,
     "p2":93,
     "p3":94},
    {"p1":40,
     "p2":55,
     "p3":57},
    {"p1":40,
     "p2":57,
     "p3":58},
    {"p1":55,
     "p2":56,
     "p3":57},
    {"p1":10,
     "p2":11,
     "p3":14},
    {"p1":11,
     "p2":13,
     "p3":14}]
}