{"points":[
    {"x":0.43781,
     "y":0.55224},
    {"x":0.40796,
     "y":0.57214},
    {"x":0.39303,
     "y":0.60199},
    {"x":0.39801,
     "y":0.63184},
    {"x":0.42786,
     "y":0.63682},
    {"x":0.45771,
     "y":0.62687},
    {"x":0.46766,
     "y":0.65174},
    {"x":0.46766,
     "y":0.68159},
    {"x":0.47761,
     "y":0.71144},
    {"x":0.49254,
     "y":0.73632},
    {"x":0.52239,
     "y":0.73632},
    {"x":0.53234,
     "y":0.71144},
    {"x":0.52736,
     "y":0.68159},
    {"x":0.52736,
     "y":0.65174},
    {"x":0.53731,
     "y":0.62687},
    {"x":0.56716,
     "y":0.62687},
    {"x":0.59701,
     "y":0.62687},
    {"x":0.62687,
     "y":0.63184},
    {"x":0.64179,
     "y":0.60697},
    {"x":0.61194,
     "y":0.59204},
    {"x":0.58209,
     "y":0.58209},
    {"x":0.55224,
     "y":0.58209},
    {"x":0.53234,
     "y":0.56716},
    {"x":0.53234,
     "y":0.53731},
    {"x":0.53234,
     "y":0.50746},
    {"x":0.53234,
     "y":0.47761},
    {"x":0.53234,
     "y":0.44776},
    {"x":0.53731,
     "y":0.41791},
    {"x":0.56219,
     "y":0.40299},
    {"x":0.59204,
     "y":0.40299},
    {"x":0.62189,
     "y":0.40299},
    {"x":0.65174,
     "y":0.40299},
    {"x":0.68159,
     "y":0.40299},
    {"x":0.71144,
     "y":0.40299},
    {"x":0.74129,
     "y":0.39303},
    {"x":0.77114,
     "y":0.38308},
    {"x":0.801,
     "y":0.36816},
    {"x":0.81095,
     "y":0.34328},
    {"x":0.82587,
     "y":0.32338},
    {"x":0.85572,
     "y":0.31841},
    {"x":0.88557,
     "y":0.30348},
    {"x":0.91542,
     "y":0.27861},
    {"x":0.94527,
     "y":0.25871},
    {"x":0.97512,
     "y":0.22886},
    {"x":0.99005,
     "y":0.199},
    {"x":1,
     "y":0.16915},
    {"x":1,
     "y":0.1393},
    {"x":0.98507,
     "y":0.10945},
    {"x":0.9602,
     "y":0.089552},
    {"x":0.93035,
     "y":0.079602},
    {"x":0.9005,
     "y":0.074627},
    {"x":0.87065,
     "y":0.059701},
    {"x":0.8408,
     "y":0.049751},
    {"x":0.81095,
     "y":0.039801},
    {"x":0.78109,
     "y":0.029851},
    {"x":0.75124,
     "y":0.024876},
    {"x":0.72139,
     "y":0.0199},
    {"x":0.69154,
     "y":0.0099502},
    {"x":0.66169,
     "y":0.0099502},
    {"x":0.63184,
     "y":0.0049751},
    {"x":0.60199,
     "y":0.0049751},
    {"x":0.57214,
     "y":0.0049751},
    {"x":0.54229,
     "y":0},
    {"x":0.51244,
     "y":0},
    {"x":0.48259,
     "y":0},
    {"x":0.45274,
     "y":0},
    {"x":0.42289,
     "y":0},
    {"x":0.39303,
     "y":0},
    {"x":0.36318,
     "y":0},
    {"x":0.33333,
     "y":0},
    {"x":0.30348,
     "y":0.0049751},
    {"x":0.27363,
     "y":0.0099502},
    {"x":0.24378,
     "y":0.0199},
    {"x":0.21393,
     "y":0.029851},
    {"x":0.18408,
     "y":0.034826},
    {"x":0.15423,
     "y":0.039801},
    {"x":0.12438,
     "y":0.049751},
    {"x":0.094527,
     "y":0.064677},
    {"x":0.064677,
     "y":0.079602},
    {"x":0.034826,
     "y":0.099502},
    {"x":0.0199,
     "y":0.12935},
    {"x":0.0049751,
     "y":0.1592},
    {"x":0,
     "y":0.18905},
    {"x":0.0049751,
     "y":0.21891},
    {"x":0.034826,
     "y":0.23881},
    {"x":0.064677,
     "y":0.25373},
    {"x":0.094527,
     "y":0.26866},
    {"x":0.12438,
     "y":0.28856},
    {"x":0.15423,
     "y":0.29851},
    {"x":0.1791,
     "y":0.31841},
    {"x":0.1791,
     "y":0.34826},
    {"x":0.20398,
     "y":0.36318},
    {"x":0.23383,
     "y":0.37313},
    {"x":0.26368,
     "y":0.38308},
    {"x":0.29353,
     "y":0.40299},
    {"x":0.32338,
     "y":0.41294},
    {"x":0.35323,
     "y":0.42289},
    {"x":0.38308,
     "y":0.42786},
    {"x":0.41294,
     "y":0.42786},
    {"x":0.44279,
     "y":0.42786},
    {"x":0.46766,
     "y":0.43781},
    {"x":0.47264,
     "y":0.46766},
    {"x":0.47264,
     "y":0.49751},
    {"x":0.47264,
     "y":0.52736},
    {"x":0.45771,
     "y":0.55224},
    {"x":0.43781,
     "y":0.55224}],
 "triangles":[
    {"p1":7,
     "p2":8,
     "p3":12},
    {"p1":0,
     "p2":1,
     "p3":5},
    {"p1":86,
     "p2":87,
     "p3":88},
    {"p1":78,
     "p2":79,
     "p3":80},
    {"p1":8,
     "p2":11,
     "p3":12},
    {"p1":9,
     "p2":10,
     "p3":11},
    {"p1":8,
     "p2":9,
     "p3":11},
    {"p1":58,
     "p2":59,
     "p3":60},
    {"p1":31,
     "p2":56,
     "p3":58},
    {"p1":61,
     "p2":62,
     "p3":63},
    {"p1":1,
     "p2":4,
     "p3":5},
    {"p1":73,
     "p2":74,
     "p3":88},
    {"p1":73,
     "p2":88,
     "p3":89},
    {"p1":89,
     "p2":92,
     "p3":93},
    {"p1":89,
     "p2":91,
     "p3":92},
    {"p1":89,
     "p2":90,
     "p3":91},
    {"p1":67,
     "p2":93,
     "p3":95},
    {"p1":93,
     "p2":94,
     "p3":95},
    {"p1":67,
     "p2":68,
     "p3":93},
    {"p1":82,
     "p2":83,
     "p3":84},
    {"p1":81,
     "p2":82,
     "p3":84},
    {"p1":80,
     "p2":81,
     "p3":84},
    {"p1":38,
     "p2":55,
     "p3":56},
    {"p1":38,
     "p2":54,
     "p3":55},
    {"p1":38,
     "p2":53,
     "p3":54},
    {"p1":38,
     "p2":52,
     "p3":53},
    {"p1":38,
     "p2":51,
     "p3":52},
    {"p1":45,
     "p2":46,
     "p3":47},
    {"p1":45,
     "p2":47,
     "p3":48},
    {"p1":72,
     "p2":73,
     "p3":89},
    {"p1":2,
     "p2":3,
     "p3":4},
    {"p1":1,
     "p2":2,
     "p3":4},
    {"p1":80,
     "p2":84,
     "p3":85},
    {"p1":78,
     "p2":80,
     "p3":85},
    {"p1":5,
     "p2":14,
     "p3":22},
    {"p1":15,
     "p2":16,
     "p3":20},
    {"p1":16,
     "p2":19,
     "p3":20},
    {"p1":0,
     "p2":5,
     "p3":104},
    {"p1":5,
     "p2":22,
     "p3":104},
    {"p1":28,
     "p2":61,
     "p3":63},
    {"p1":28,
     "p2":63,
     "p3":64},
    {"p1":28,
     "p2":64,
     "p3":65},
    {"p1":44,
     "p2":49,
     "p3":50},
    {"p1":43,
     "p2":44,
     "p3":50},
    {"p1":56,
     "p2":57,
     "p3":58},
    {"p1":41,
     "p2":50,
     "p3":51},
    {"p1":38,
     "p2":41,
     "p3":51},
    {"p1":74,
     "p2":75,
     "p3":88},
    {"p1":75,
     "p2":86,
     "p3":88},
    {"p1":75,
     "p2":76,
     "p3":86},
    {"p1":76,
     "p2":77,
     "p3":86},
    {"p1":31,
     "p2":32,
     "p3":56},
    {"p1":32,
     "p2":38,
     "p3":56},
    {"p1":32,
     "p2":37,
     "p3":38},
    {"p1":14,
     "p2":21,
     "p3":22},
    {"p1":14,
     "p2":15,
     "p3":21},
    {"p1":15,
     "p2":20,
     "p3":21},
    {"p1":29,
     "p2":60,
     "p3":61},
    {"p1":28,
     "p2":29,
     "p3":61},
    {"p1":65,
     "p2":66,
     "p3":99},
    {"p1":28,
     "p2":65,
     "p3":99},
    {"p1":42,
     "p2":43,
     "p3":50},
    {"p1":41,
     "p2":42,
     "p3":50},
    {"p1":38,
     "p2":40,
     "p3":41},
    {"p1":71,
     "p2":72,
     "p3":89},
    {"p1":35,
     "p2":36,
     "p3":37},
    {"p1":16,
     "p2":17,
     "p3":19},
    {"p1":17,
     "p2":18,
     "p3":19},
    {"p1":23,
     "p2":24,
     "p3":103},
    {"p1":24,
     "p2":102,
     "p3":103},
    {"p1":22,
     "p2":103,
     "p3":104},
    {"p1":22,
     "p2":23,
     "p3":103},
    {"p1":30,
     "p2":31,
     "p3":58},
    {"p1":30,
     "p2":58,
     "p3":60},
    {"p1":29,
     "p2":30,
     "p3":60},
    {"p1":26,
     "p2":27,
     "p3":100},
    {"p1":27,
     "p2":99,
     "p3":100},
    {"p1":27,
     "p2":28,
     "p3":99},
    {"p1":26,
     "p2":100,
     "p3":101},
    {"p1":66,
     "p2":98,
     "p3":99},
    {"p1":66,
     "p2":67,
     "p3":98},
    {"p1":67,
     "p2":95,
     "p3":98},
    {"p1":95,
     "p2":96,
     "p3":98},
    {"p1":96,
     "p2":97,
     "p3":98},
    {"p1":38,
     "p2":39,
     "p3":40},
    {"p1":70,
     "p2":71,
     "p3":89},
    {"p1":70,
     "p2":89,
     "p3":93},
    {"p1":68,
     "p2":69,
     "p3":70},
    {"p1":68,
     "p2":70,
     "p3":93},
    {"p1":34,
     "p2":35,
     "p3":37},
    {"p1":32,
     "p2":33,
     "p3":34},
    {"p1":32,
     "p2":34,
     "p3":37},
    {"p1":25,
     "p2":26,
     "p3":101},
    {"p1":24,
     "p2":25,
     "p3":102},
    {"p1":25,
     "p2":101,
     "p3":102},
    {"p1":6,
     "p2":12,
     "p3":13},
    {"p1":6,
     "p2":7,
     "p3":12},
    {"p1":6,
     "p2":13,
     "p3":14},
    {"p1":5,
     "p2":6,
     "p3":14},
    {"p1":44,
     "p2":48,
     "p3":49},
    {"p1":44,
     "p2":45,
     "p3":48},
    {"p1":77,
     "p2":85,
     "p3":86},
    {"p1":77,
     "p2":78,
     "p3":85}]
}