{"points":[
    {"x":0.465,
     "y":0.58},
    {"x":0.435,
     "y":0.595},
    {"x":0.405,
     "y":0.61},
    {"x":0.38,
     "y":0.63},
    {"x":0.4,
     "y":0.65},
    {"x":0.43,
     "y":0.655},
    {"x":0.46,
     "y":0.655},
    {"x":0.475,
     "y":0.685},
    {"x":0.465,
     "y":0.715},
    {"x":0.47,
     "y":0.745},
    {"x":0.465,
     "y":0.775},
    {"x":0.495,
     "y":0.785},
    {"x":0.525,
     "y":0.78},
    {"x":0.52,
     "y":0.75},
    {"x":0.52,
     "y":0.72},
    {"x":0.52,
     "y":0.69},
    {"x":0.535,
     "y":0.67},
    {"x":0.565,
     "y":0.67},
    {"x":0.595,
     "y":0.67},
    {"x":0.625,
     "y":0.66},
    {"x":0.655,
     "y":0.655},
    {"x":0.65,
     "y":0.625},
    {"x":0.62,
     "y":0.615},
    {"x":0.59,
     "y":0.61},
    {"x":0.56,
     "y":0.605},
    {"x":0.545,
     "y":0.58},
    {"x":0.545,
     "y":0.55},
    {"x":0.545,
     "y":0.52},
    {"x":0.545,
     "y":0.49},
    {"x":0.545,
     "y":0.46},
    {"x":0.555,
     "y":0.435},
    {"x":0.585,
     "y":0.42},
    {"x":0.615,
     "y":0.41},
    {"x":0.645,
     "y":0.41},
    {"x":0.675,
     "y":0.41},
    {"x":0.705,
     "y":0.405},
    {"x":0.735,
     "y":0.395},
    {"x":0.765,
     "y":0.38},
    {"x":0.79,
     "y":0.36},
    {"x":0.805,
     "y":0.335},
    {"x":0.835,
     "y":0.335},
    {"x":0.865,
     "y":0.325},
    {"x":0.895,
     "y":0.305},
    {"x":0.925,
     "y":0.285},
    {"x":0.955,
     "y":0.255},
    {"x":0.98,
     "y":0.225},
    {"x":0.99,
     "y":0.195},
    {"x":1,
     "y":0.165},
    {"x":0.985,
     "y":0.135},
    {"x":0.96,
     "y":0.105},
    {"x":0.93,
     "y":0.09},
    {"x":0.9,
     "y":0.08},
    {"x":0.87,
     "y":0.07},
    {"x":0.84,
     "y":0.055},
    {"x":0.81,
     "y":0.045},
    {"x":0.78,
     "y":0.035},
    {"x":0.75,
     "y":0.025},
    {"x":0.72,
     "y":0.02},
    {"x":0.69,
     "y":0.01},
    {"x":0.66,
     "y":0.005},
    {"x":0.63,
     "y":0.005},
    {"x":0.6,
     "y":0.005},
    {"x":0.57,
     "y":0.005},
    {"x":0.54,
     "y":0},
    {"x":0.51,
     "y":0},
    {"x":0.48,
     "y":0},
    {"x":0.45,
     "y":0},
    {"x":0.42,
     "y":0},
    {"x":0.39,
     "y":0},
    {"x":0.36,
     "y":0},
    {"x":0.33,
     "y":0.005},
    {"x":0.3,
     "y":0.01},
    {"x":0.27,
     "y":0.015},
    {"x":0.24,
     "y":0.025},
    {"x":0.21,
     "y":0.03},
    {"x":0.18,
     "y":0.04},
    {"x":0.15,
     "y":0.05},
    {"x":0.12,
     "y":0.06},
    {"x":0.09,
     "y":0.07},
    {"x":0.06,
     "y":0.08},
    {"x":0.035,
     "y":0.11},
    {"x":0.015,
     "y":0.14},
    {"x":0,
     "y":0.17},
    {"x":0,
     "y":0.2},
    {"x":0.005,
     "y":0.23},
    {"x":0.02,
     "y":0.26},
    {"x":0.05,
     "y":0.28},
    {"x":0.08,
     "y":0.295},
    {"x":0.11,
     "y":0.31},
    {"x":0.14,
     "y":0.325},
    {"x":0.17,
     "y":0.345},
    {"x":0.19,
     "y":0.375},
    {"x":0.215,
     "y":0.395},
    {"x":0.245,
     "y":0.405},
    {"x":0.275,
     "y":0.42},
    {"x":0.305,
     "y":0.43},
    {"x":0.335,
     "y":0.44},
    {"x":0.365,
     "y":0.445},
    {"x":0.395,
     "y":0.445},
    {"x":0.425,
     "y":0.445},
    {"x":0.445,
     "y":0.46},
    {"x":0.45,
     "y":0.49},
    {"x":0.45,
     "y":0.52},
    {"x":0.46,
     "y":0.55},
    {"x":0.465,
     "y":0.58},
    {"x":0.465,
     "y":0.58}],
 "triangles":[
    {"p1":81,
     "p2":82,
     "p3":83},
    {"p1":81,
     "p2":83,
     "p3":86},
    {"p1":83,
     "p2":84,
     "p3":86},
    {"p1":46,
     "p2":48,
     "p3":49},
    {"p1":46,
     "p2":47,
     "p3":48},
    {"p1":62,
     "p2":63,
     "p3":64},
    {"p1":31,
     "p2":62,
     "p3":64},
    {"p1":31,
     "p2":32,
     "p3":62},
    {"p1":46,
     "p2":49,
     "p3":50},
    {"p1":44,
     "p2":46,
     "p3":50},
    {"p1":84,
     "p2":85,
     "p3":86},
    {"p1":57,
     "p2":58,
     "p3":60},
    {"p1":44,
     "p2":45,
     "p3":46},
    {"p1":68,
     "p2":69,
     "p3":70},
    {"p1":30,
     "p2":31,
     "p3":99},
    {"p1":31,
     "p2":64,
     "p3":65},
    {"p1":31,
     "p2":65,
     "p3":99},
    {"p1":30,
     "p2":99,
     "p3":100},
    {"p1":32,
     "p2":60,
     "p3":61},
    {"p1":32,
     "p2":61,
     "p3":62},
    {"p1":44,
     "p2":50,
     "p3":51},
    {"p1":2,
     "p2":3,
     "p3":4},
    {"p1":6,
     "p2":16,
     "p3":24},
    {"p1":6,
     "p2":24,
     "p3":25},
    {"p1":67,
     "p2":68,
     "p3":98},
    {"p1":67,
     "p2":98,
     "p3":99},
    {"p1":58,
     "p2":59,
     "p3":60},
    {"p1":66,
     "p2":67,
     "p3":99},
    {"p1":65,
     "p2":66,
     "p3":99},
    {"p1":29,
     "p2":30,
     "p3":100},
    {"p1":32,
     "p2":33,
     "p3":60},
    {"p1":33,
     "p2":57,
     "p3":60},
    {"p1":43,
     "p2":44,
     "p3":51},
    {"p1":43,
     "p2":51,
     "p3":52},
    {"p1":42,
     "p2":43,
     "p3":52},
    {"p1":78,
     "p2":79,
     "p3":80},
    {"p1":70,
     "p2":71,
     "p3":93},
    {"p1":71,
     "p2":90,
     "p3":93},
    {"p1":77,
     "p2":78,
     "p3":87},
    {"p1":78,
     "p2":80,
     "p3":87},
    {"p1":81,
     "p2":86,
     "p3":87},
    {"p1":80,
     "p2":81,
     "p3":87},
    {"p1":74,
     "p2":75,
     "p3":89},
    {"p1":74,
     "p2":89,
     "p3":90},
    {"p1":71,
     "p2":72,
     "p3":73},
    {"p1":71,
     "p2":73,
     "p3":90},
    {"p1":73,
     "p2":74,
     "p3":90},
    {"p1":11,
     "p2":12,
     "p3":13},
    {"p1":16,
     "p2":17,
     "p3":24},
    {"p1":2,
     "p2":4,
     "p3":5},
    {"p1":1,
     "p2":2,
     "p3":5},
    {"p1":1,
     "p2":5,
     "p3":6},
    {"p1":0,
     "p2":1,
     "p3":6},
    {"p1":0,
     "p2":6,
     "p3":25},
    {"p1":28,
     "p2":29,
     "p3":101},
    {"p1":29,
     "p2":100,
     "p3":101},
    {"p1":17,
     "p2":18,
     "p3":23},
    {"p1":17,
     "p2":23,
     "p3":24},
    {"p1":68,
     "p2":70,
     "p3":95},
    {"p1":68,
     "p2":95,
     "p3":98},
    {"p1":90,
     "p2":91,
     "p3":93},
    {"p1":75,
     "p2":76,
     "p3":89},
    {"p1":77,
     "p2":87,
     "p3":88},
    {"p1":76,
     "p2":77,
     "p3":88},
    {"p1":76,
     "p2":88,
     "p3":89},
    {"p1":8,
     "p2":9,
     "p3":14},
    {"p1":9,
     "p2":13,
     "p3":14},
    {"p1":9,
     "p2":10,
     "p3":11},
    {"p1":9,
     "p2":11,
     "p3":13},
    {"p1":7,
     "p2":8,
     "p3":14},
    {"p1":7,
     "p2":14,
     "p3":15},
    {"p1":6,
     "p2":7,
     "p3":16},
    {"p1":7,
     "p2":15,
     "p3":16},
    {"p1":26,
     "p2":27,
     "p3":103},
    {"p1":0,
     "p2":25,
     "p3":26},
    {"p1":0,
     "p2":26,
     "p3":103},
    {"p1":27,
     "p2":102,
     "p3":103},
    {"p1":18,
     "p2":19,
     "p3":22},
    {"p1":18,
     "p2":22,
     "p3":23},
    {"p1":35,
     "p2":36,
     "p3":39},
    {"p1":36,
     "p2":37,
     "p3":39},
    {"p1":37,
     "p2":38,
     "p3":39},
    {"p1":33,
     "p2":39,
     "p3":57},
    {"p1":34,
     "p2":35,
     "p3":39},
    {"p1":33,
     "p2":34,
     "p3":39},
    {"p1":39,
     "p2":56,
     "p3":57},
    {"p1":39,
     "p2":53,
     "p3":54},
    {"p1":39,
     "p2":52,
     "p3":53},
    {"p1":39,
     "p2":42,
     "p3":52},
    {"p1":39,
     "p2":41,
     "p3":42},
    {"p1":39,
     "p2":40,
     "p3":41},
    {"p1":96,
     "p2":97,
     "p3":98},
    {"p1":95,
     "p2":96,
     "p3":98},
    {"p1":70,
     "p2":93,
     "p3":94},
    {"p1":70,
     "p2":94,
     "p3":95},
    {"p1":91,
     "p2":92,
     "p3":93},
    {"p1":19,
     "p2":20,
     "p3":21},
    {"p1":19,
     "p2":21,
     "p3":22},
    {"p1":39,
     "p2":54,
     "p3":55},
    {"p1":39,
     "p2":55,
     "p3":56},
    {"p1":28,
     "p2":101,
     "p3":102},
    {"p1":27,
     "p2":28,
     "p3":102}]
}