{"points":[
    {"x":0.45455,
     "y":0.55051},
    {"x":0.45455,
     "y":0.58081},
    {"x":0.42424,
     "y":0.59091},
    {"x":0.39394,
     "y":0.60101},
    {"x":0.36364,
     "y":0.62626},
    {"x":0.37374,
     "y":0.65152},
    {"x":0.40404,
     "y":0.65657},
    {"x":0.43434,
     "y":0.65657},
    {"x":0.4596,
     "y":0.66667},
    {"x":0.4596,
     "y":0.69697},
    {"x":0.4596,
     "y":0.72727},
    {"x":0.4596,
     "y":0.75758},
    {"x":0.4596,
     "y":0.78788},
    {"x":0.47475,
     "y":0.81313},
    {"x":0.50505,
     "y":0.81313},
    {"x":0.5303,
     "y":0.79293},
    {"x":0.53535,
     "y":0.76263},
    {"x":0.53535,
     "y":0.73232},
    {"x":0.53535,
     "y":0.70202},
    {"x":0.53535,
     "y":0.67172},
    {"x":0.56061,
     "y":0.66162},
    {"x":0.59091,
     "y":0.65152},
    {"x":0.62121,
     "y":0.65152},
    {"x":0.65152,
     "y":0.64646},
    {"x":0.64141,
     "y":0.62626},
    {"x":0.61111,
     "y":0.61111},
    {"x":0.58081,
     "y":0.59596},
    {"x":0.55051,
     "y":0.58586},
    {"x":0.54545,
     "y":0.55556},
    {"x":0.54545,
     "y":0.52525},
    {"x":0.54545,
     "y":0.49495},
    {"x":0.5404,
     "y":0.46465},
    {"x":0.56061,
     "y":0.44949},
    {"x":0.59091,
     "y":0.44949},
    {"x":0.62121,
     "y":0.44444},
    {"x":0.65152,
     "y":0.43939},
    {"x":0.68182,
     "y":0.43434},
    {"x":0.71212,
     "y":0.42929},
    {"x":0.74242,
     "y":0.42424},
    {"x":0.77273,
     "y":0.40909},
    {"x":0.80303,
     "y":0.38384},
    {"x":0.82323,
     "y":0.35354},
    {"x":0.84343,
     "y":0.32828},
    {"x":0.87374,
     "y":0.31313},
    {"x":0.90404,
     "y":0.28788},
    {"x":0.92929,
     "y":0.26263},
    {"x":0.9596,
     "y":0.23737},
    {"x":0.9899,
     "y":0.20707},
    {"x":1,
     "y":0.17677},
    {"x":0.99495,
     "y":0.14646},
    {"x":0.9697,
     "y":0.12121},
    {"x":0.93939,
     "y":0.10606},
    {"x":0.90909,
     "y":0.090909},
    {"x":0.87879,
     "y":0.070707},
    {"x":0.84848,
     "y":0.050505},
    {"x":0.81818,
     "y":0.040404},
    {"x":0.78788,
     "y":0.025253},
    {"x":0.75758,
     "y":0.015152},
    {"x":0.72727,
     "y":0.010101},
    {"x":0.69697,
     "y":0.0050505},
    {"x":0.66667,
     "y":0},
    {"x":0.63636,
     "y":0},
    {"x":0.60606,
     "y":0},
    {"x":0.57576,
     "y":0},
    {"x":0.54545,
     "y":0},
    {"x":0.51515,
     "y":0},
    {"x":0.48485,
     "y":0},
    {"x":0.45455,
     "y":0},
    {"x":0.42424,
     "y":0},
    {"x":0.39394,
     "y":0},
    {"x":0.36364,
     "y":0},
    {"x":0.33333,
     "y":0},
    {"x":0.30303,
     "y":0.0050505},
    {"x":0.27273,
     "y":0.015152},
    {"x":0.24242,
     "y":0.030303},
    {"x":0.21212,
     "y":0.040404},
    {"x":0.18182,
     "y":0.050505},
    {"x":0.15152,
     "y":0.065657},
    {"x":0.12121,
     "y":0.085859},
    {"x":0.090909,
     "y":0.10101},
    {"x":0.060606,
     "y":0.11111},
    {"x":0.035354,
     "y":0.12626},
    {"x":0.020202,
     "y":0.15657},
    {"x":0.010101,
     "y":0.18687},
    {"x":0,
     "y":0.21717},
    {"x":0.015152,
     "y":0.24747},
    {"x":0.045455,
     "y":0.26263},
    {"x":0.065657,
     "y":0.28788},
    {"x":0.09596,
     "y":0.30808},
    {"x":0.12626,
     "y":0.32323},
    {"x":0.15657,
     "y":0.33838},
    {"x":0.18182,
     "y":0.35859},
    {"x":0.20707,
     "y":0.37879},
    {"x":0.23737,
     "y":0.39394},
    {"x":0.26768,
     "y":0.40909},
    {"x":0.29798,
     "y":0.42424},
    {"x":0.32828,
     "y":0.43434},
    {"x":0.35859,
     "y":0.43939},
    {"x":0.38889,
     "y":0.44444},
    {"x":0.41919,
     "y":0.44444},
    {"x":0.43939,
     "y":0.46465},
    {"x":0.44444,
     "y":0.49495},
    {"x":0.44949,
     "y":0.52525},
    {"x":0.45455,
     "y":0.55051}],
 "triangles":[
    {"p1":69,
     "p2":97,
     "p3":99},
    {"p1":68,
     "p2":69,
     "p3":99},
    {"p1":39,
     "p2":40,
     "p3":41},
    {"p1":42,
     "p2":55,
     "p3":56},
    {"p1":69,
     "p2":94,
     "p3":95},
    {"p1":69,
     "p2":95,
     "p3":97},
    {"p1":66,
     "p2":67,
     "p3":99},
    {"p1":67,
     "p2":68,
     "p3":99},
    {"p1":32,
     "p2":65,
     "p3":66},
    {"p1":32,
     "p2":66,
     "p3":99},
    {"p1":32,
     "p2":64,
     "p3":65},
    {"p1":1,
     "p2":8,
     "p3":27},
    {"p1":8,
     "p2":19,
     "p3":27},
    {"p1":34,
     "p2":62,
     "p3":63},
    {"p1":32,
     "p2":63,
     "p3":64},
    {"p1":32,
     "p2":34,
     "p3":63},
    {"p1":69,
     "p2":70,
     "p3":94},
    {"p1":70,
     "p2":71,
     "p3":72},
    {"p1":74,
     "p2":91,
     "p3":93},
    {"p1":74,
     "p2":93,
     "p3":94},
    {"p1":70,
     "p2":74,
     "p3":94},
    {"p1":91,
     "p2":92,
     "p3":93},
    {"p1":83,
     "p2":84,
     "p3":85},
    {"p1":97,
     "p2":98,
     "p3":99},
    {"p1":3,
     "p2":4,
     "p3":5},
    {"p1":41,
     "p2":42,
     "p3":59},
    {"p1":42,
     "p2":58,
     "p3":59},
    {"p1":36,
     "p2":41,
     "p3":59},
    {"p1":59,
     "p2":60,
     "p3":61},
    {"p1":36,
     "p2":59,
     "p3":61},
    {"p1":42,
     "p2":57,
     "p3":58},
    {"p1":42,
     "p2":56,
     "p3":57},
    {"p1":42,
     "p2":53,
     "p3":55},
    {"p1":45,
     "p2":51,
     "p3":52},
    {"p1":95,
     "p2":96,
     "p3":97},
    {"p1":32,
     "p2":33,
     "p3":34},
    {"p1":35,
     "p2":61,
     "p3":62},
    {"p1":35,
     "p2":36,
     "p3":61},
    {"p1":34,
     "p2":35,
     "p3":62},
    {"p1":37,
     "p2":39,
     "p3":41},
    {"p1":36,
     "p2":37,
     "p3":41},
    {"p1":1,
     "p2":27,
     "p3":28},
    {"p1":19,
     "p2":20,
     "p3":27},
    {"p1":20,
     "p2":26,
     "p3":27},
    {"p1":80,
     "p2":81,
     "p3":82},
    {"p1":79,
     "p2":80,
     "p3":82},
    {"p1":70,
     "p2":72,
     "p3":73},
    {"p1":70,
     "p2":73,
     "p3":74},
    {"p1":83,
     "p2":85,
     "p3":86},
    {"p1":79,
     "p2":82,
     "p3":86},
    {"p1":82,
     "p2":83,
     "p3":86},
    {"p1":0,
     "p2":1,
     "p3":28},
    {"p1":1,
     "p2":7,
     "p3":8},
    {"p1":1,
     "p2":2,
     "p3":7},
    {"p1":11,
     "p2":15,
     "p3":16},
    {"p1":11,
     "p2":16,
     "p3":17},
    {"p1":12,
     "p2":14,
     "p3":15},
    {"p1":11,
     "p2":12,
     "p3":15},
    {"p1":12,
     "p2":13,
     "p3":14},
    {"p1":10,
     "p2":17,
     "p3":18},
    {"p1":10,
     "p2":11,
     "p3":17},
    {"p1":53,
     "p2":54,
     "p3":55},
    {"p1":44,
     "p2":52,
     "p3":53},
    {"p1":44,
     "p2":45,
     "p3":52},
    {"p1":48,
     "p2":49,
     "p3":50},
    {"p1":47,
     "p2":48,
     "p3":50},
    {"p1":45,
     "p2":46,
     "p3":51},
    {"p1":46,
     "p2":47,
     "p3":50},
    {"p1":46,
     "p2":50,
     "p3":51},
    {"p1":31,
     "p2":32,
     "p3":99},
    {"p1":31,
     "p2":99,
     "p3":100},
    {"p1":31,
     "p2":100,
     "p3":101},
    {"p1":30,
     "p2":101,
     "p3":102},
    {"p1":30,
     "p2":31,
     "p3":101},
    {"p1":37,
     "p2":38,
     "p3":39},
    {"p1":29,
     "p2":30,
     "p3":102},
    {"p1":0,
     "p2":29,
     "p3":102},
    {"p1":0,
     "p2":28,
     "p3":29},
    {"p1":21,
     "p2":25,
     "p3":26},
    {"p1":20,
     "p2":21,
     "p3":26},
    {"p1":74,
     "p2":75,
     "p3":91},
    {"p1":77,
     "p2":78,
     "p3":90},
    {"p1":78,
     "p2":89,
     "p3":90},
    {"p1":76,
     "p2":77,
     "p3":90},
    {"p1":75,
     "p2":90,
     "p3":91},
    {"p1":75,
     "p2":76,
     "p3":90},
    {"p1":2,
     "p2":3,
     "p3":6},
    {"p1":2,
     "p2":6,
     "p3":7},
    {"p1":3,
     "p2":5,
     "p3":6},
    {"p1":42,
     "p2":43,
     "p3":53},
    {"p1":43,
     "p2":44,
     "p3":53},
    {"p1":22,
     "p2":24,
     "p3":25},
    {"p1":21,
     "p2":22,
     "p3":25},
    {"p1":22,
     "p2":23,
     "p3":24},
    {"p1":79,
     "p2":86,
     "p3":88},
    {"p1":86,
     "p2":87,
     "p3":88},
    {"p1":78,
     "p2":79,
     "p3":88},
    {"p1":78,
     "p2":88,
     "p3":89},
    {"p1":9,
     "p2":10,
     "p3":18},
    {"p1":8,
     "p2":9,
     "p3":19},
    {"p1":9,
     "p2":18,
     "p3":19}]
}