{"points":[
    {"x":0.44724,
     "y":0.57286},
    {"x":0.43216,
     "y":0.59799},
    {"x":0.40201,
     "y":0.59799},
    {"x":0.37186,
     "y":0.59799},
    {"x":0.34171,
     "y":0.60804},
    {"x":0.35176,
     "y":0.63819},
    {"x":0.38191,
     "y":0.65327},
    {"x":0.41206,
     "y":0.65829},
    {"x":0.44221,
     "y":0.66332},
    {"x":0.44724,
     "y":0.69347},
    {"x":0.43719,
     "y":0.72362},
    {"x":0.44724,
     "y":0.75377},
    {"x":0.46734,
     "y":0.77889},
    {"x":0.49749,
     "y":0.78392},
    {"x":0.50754,
     "y":0.75377},
    {"x":0.51759,
     "y":0.72362},
    {"x":0.52261,
     "y":0.69347},
    {"x":0.52261,
     "y":0.66332},
    {"x":0.54271,
     "y":0.64824},
    {"x":0.57286,
     "y":0.64824},
    {"x":0.60302,
     "y":0.64824},
    {"x":0.63317,
     "y":0.64824},
    {"x":0.63819,
     "y":0.61809},
    {"x":0.60804,
     "y":0.60804},
    {"x":0.57789,
     "y":0.59799},
    {"x":0.54774,
     "y":0.58794},
    {"x":0.51759,
     "y":0.57286},
    {"x":0.51759,
     "y":0.54271},
    {"x":0.51759,
     "y":0.51256},
    {"x":0.52261,
     "y":0.48241},
    {"x":0.52764,
     "y":0.45226},
    {"x":0.54774,
     "y":0.42714},
    {"x":0.57789,
     "y":0.42211},
    {"x":0.60804,
     "y":0.42211},
    {"x":0.63819,
     "y":0.41709},
    {"x":0.66834,
     "y":0.41206},
    {"x":0.69849,
     "y":0.40704},
    {"x":0.72864,
     "y":0.40201},
    {"x":0.75879,
     "y":0.39196},
    {"x":0.78894,
     "y":0.38693},
    {"x":0.80905,
     "y":0.35678},
    {"x":0.81407,
     "y":0.32663},
    {"x":0.8392,
     "y":0.31156},
    {"x":0.86935,
     "y":0.30151},
    {"x":0.8995,
     "y":0.29146},
    {"x":0.92965,
     "y":0.28141},
    {"x":0.9598,
     "y":0.26633},
    {"x":0.98995,
     "y":0.24121},
    {"x":1,
     "y":0.21106},
    {"x":1,
     "y":0.1809},
    {"x":0.98492,
     "y":0.15075},
    {"x":0.95477,
     "y":0.12563},
    {"x":0.92462,
     "y":0.11558},
    {"x":0.89447,
     "y":0.095477},
    {"x":0.86432,
     "y":0.070352},
    {"x":0.83417,
     "y":0.060302},
    {"x":0.80402,
     "y":0.045226},
    {"x":0.77387,
     "y":0.030151},
    {"x":0.74372,
     "y":0.020101},
    {"x":0.71357,
     "y":0.0050251},
    {"x":0.68342,
     "y":0},
    {"x":0.65327,
     "y":0},
    {"x":0.62312,
     "y":0},
    {"x":0.59296,
     "y":0},
    {"x":0.56281,
     "y":0},
    {"x":0.53266,
     "y":0},
    {"x":0.50251,
     "y":0},
    {"x":0.47236,
     "y":0},
    {"x":0.44221,
     "y":0},
    {"x":0.41206,
     "y":0.0050251},
    {"x":0.38191,
     "y":0.0050251},
    {"x":0.35176,
     "y":0.01005},
    {"x":0.32161,
     "y":0.015075},
    {"x":0.29146,
     "y":0.020101},
    {"x":0.26131,
     "y":0.025126},
    {"x":0.23116,
     "y":0.030151},
    {"x":0.20101,
     "y":0.035176},
    {"x":0.17085,
     "y":0.045226},
    {"x":0.1407,
     "y":0.060302},
    {"x":0.11055,
     "y":0.075377},
    {"x":0.080402,
     "y":0.090452},
    {"x":0.050251,
     "y":0.1005},
    {"x":0.020101,
     "y":0.1206},
    {"x":0,
     "y":0.14573},
    {"x":0,
     "y":0.17588},
    {"x":0.01005,
     "y":0.20603},
    {"x":0.035176,
     "y":0.23618},
    {"x":0.065327,
     "y":0.25628},
    {"x":0.095477,
     "y":0.28643},
    {"x":0.12563,
     "y":0.31156},
    {"x":0.15578,
     "y":0.32161},
    {"x":0.16583,
     "y":0.34673},
    {"x":0.18593,
     "y":0.37688},
    {"x":0.21608,
     "y":0.39698},
    {"x":0.24623,
     "y":0.41206},
    {"x":0.27638,
     "y":0.42714},
    {"x":0.30653,
     "y":0.43216},
    {"x":0.33668,
     "y":0.43216},
    {"x":0.36683,
     "y":0.43216},
    {"x":0.39698,
     "y":0.43216},
    {"x":0.42714,
     "y":0.43719},
    {"x":0.44221,
     "y":0.46734},
    {"x":0.45226,
     "y":0.49749},
    {"x":0.45226,
     "y":0.52764},
    {"x":0.45226,
     "y":0.55779},
    {"x":0.44724,
     "y":0.57286}],
 "triangles":[
    {"p1":82,
     "p2":83,
     "p3":84},
    {"p1":82,
     "p2":84,
     "p3":85},
    {"p1":81,
     "p2":82,
     "p3":85},
    {"p1":12,
     "p2":13,
     "p3":14},
    {"p1":69,
     "p2":71,
     "p3":99},
    {"p1":58,
     "p2":60,
     "p3":61},
    {"p1":41,
     "p2":58,
     "p3":61},
    {"p1":32,
     "p2":34,
     "p3":63},
    {"p1":48,
     "p2":49,
     "p3":50},
    {"p1":42,
     "p2":55,
     "p3":56},
    {"p1":41,
     "p2":42,
     "p3":56},
    {"p1":38,
     "p2":40,
     "p3":41},
    {"p1":38,
     "p2":39,
     "p3":40},
    {"p1":69,
     "p2":70,
     "p3":71},
    {"p1":69,
     "p2":99,
     "p3":100},
    {"p1":67,
     "p2":69,
     "p3":100},
    {"p1":31,
     "p2":66,
     "p3":67},
    {"p1":31,
     "p2":65,
     "p3":66},
    {"p1":31,
     "p2":32,
     "p3":65},
    {"p1":31,
     "p2":67,
     "p3":100},
    {"p1":30,
     "p2":31,
     "p3":100},
    {"p1":34,
     "p2":62,
     "p3":63},
    {"p1":32,
     "p2":63,
     "p3":64},
    {"p1":32,
     "p2":64,
     "p3":65},
    {"p1":11,
     "p2":12,
     "p3":14},
    {"p1":3,
     "p2":4,
     "p3":5},
    {"p1":72,
     "p2":73,
     "p3":97},
    {"p1":42,
     "p2":53,
     "p3":55},
    {"p1":53,
     "p2":54,
     "p3":55},
    {"p1":58,
     "p2":59,
     "p3":60},
    {"p1":41,
     "p2":57,
     "p3":58},
    {"p1":41,
     "p2":56,
     "p3":57},
    {"p1":44,
     "p2":45,
     "p3":52},
    {"p1":46,
     "p2":51,
     "p3":52},
    {"p1":45,
     "p2":46,
     "p3":52},
    {"p1":46,
     "p2":48,
     "p3":50},
    {"p1":46,
     "p2":50,
     "p3":51},
    {"p1":36,
     "p2":37,
     "p3":41},
    {"p1":37,
     "p2":38,
     "p3":41},
    {"p1":67,
     "p2":68,
     "p3":69},
    {"p1":26,
     "p2":27,
     "p3":104},
    {"p1":32,
     "p2":33,
     "p3":34},
    {"p1":35,
     "p2":61,
     "p3":62},
    {"p1":35,
     "p2":36,
     "p3":41},
    {"p1":35,
     "p2":41,
     "p3":61},
    {"p1":34,
     "p2":35,
     "p3":62},
    {"p1":9,
     "p2":10,
     "p3":15},
    {"p1":9,
     "p2":15,
     "p3":16},
    {"p1":17,
     "p2":18,
     "p3":26},
    {"p1":9,
     "p2":16,
     "p3":17},
    {"p1":8,
     "p2":9,
     "p3":17},
    {"p1":1,
     "p2":8,
     "p3":17},
    {"p1":1,
     "p2":17,
     "p3":26},
    {"p1":76,
     "p2":77,
     "p3":90},
    {"p1":75,
     "p2":76,
     "p3":90},
    {"p1":74,
     "p2":75,
     "p3":90},
    {"p1":73,
     "p2":74,
     "p3":90},
    {"p1":73,
     "p2":90,
     "p3":97},
    {"p1":90,
     "p2":91,
     "p3":93},
    {"p1":81,
     "p2":85,
     "p3":86},
    {"p1":91,
     "p2":92,
     "p3":93},
    {"p1":90,
     "p2":93,
     "p3":94},
    {"p1":90,
     "p2":94,
     "p3":97},
    {"p1":94,
     "p2":95,
     "p3":96},
    {"p1":94,
     "p2":96,
     "p3":97},
    {"p1":72,
     "p2":97,
     "p3":98},
    {"p1":71,
     "p2":72,
     "p3":98},
    {"p1":71,
     "p2":98,
     "p3":99},
    {"p1":42,
     "p2":43,
     "p3":53},
    {"p1":43,
     "p2":52,
     "p3":53},
    {"p1":43,
     "p2":44,
     "p3":52},
    {"p1":46,
     "p2":47,
     "p3":48},
    {"p1":30,
     "p2":100,
     "p3":101},
    {"p1":27,
     "p2":103,
     "p3":104},
    {"p1":27,
     "p2":28,
     "p3":103},
    {"p1":28,
     "p2":102,
     "p3":103},
    {"p1":18,
     "p2":25,
     "p3":26},
    {"p1":3,
     "p2":5,
     "p3":6},
    {"p1":2,
     "p2":3,
     "p3":6},
    {"p1":0,
     "p2":26,
     "p3":104},
    {"p1":0,
     "p2":1,
     "p3":26},
    {"p1":88,
     "p2":89,
     "p3":90},
    {"p1":78,
     "p2":79,
     "p3":88},
    {"p1":78,
     "p2":88,
     "p3":90},
    {"p1":77,
     "p2":78,
     "p3":90},
    {"p1":79,
     "p2":87,
     "p3":88},
    {"p1":28,
     "p2":29,
     "p3":102},
    {"p1":29,
     "p2":30,
     "p3":101},
    {"p1":29,
     "p2":101,
     "p3":102},
    {"p1":20,
     "p2":21,
     "p3":22},
    {"p1":18,
     "p2":24,
     "p3":25},
    {"p1":2,
     "p2":6,
     "p3":7},
    {"p1":1,
     "p2":7,
     "p3":8},
    {"p1":1,
     "p2":2,
     "p3":7},
    {"p1":79,
     "p2":80,
     "p3":87},
    {"p1":80,
     "p2":81,
     "p3":86},
    {"p1":80,
     "p2":86,
     "p3":87},
    {"p1":20,
     "p2":22,
     "p3":23},
    {"p1":18,
     "p2":19,
     "p3":24},
    {"p1":19,
     "p2":20,
     "p3":23},
    {"p1":19,
     "p2":23,
     "p3":24},
    {"p1":10,
     "p2":11,
     "p3":15},
    {"p1":11,
     "p2":14,
     "p3":15}]
}