{"points":[
    {"x":0.42857,
     "y":0.57635},
    {"x":0.40394,
     "y":0.60591},
    {"x":0.37438,
     "y":0.61576},
    {"x":0.35961,
     "y":0.63054},
    {"x":0.38424,
     "y":0.64532},
    {"x":0.41379,
     "y":0.65517},
    {"x":0.44335,
     "y":0.65517},
    {"x":0.47291,
     "y":0.66502},
    {"x":0.47291,
     "y":0.69458},
    {"x":0.45813,
     "y":0.72414},
    {"x":0.45813,
     "y":0.75369},
    {"x":0.47291,
     "y":0.77833},
    {"x":0.50246,
     "y":0.80296},
    {"x":0.52709,
     "y":0.78818},
    {"x":0.52709,
     "y":0.75862},
    {"x":0.52709,
     "y":0.72906},
    {"x":0.52709,
     "y":0.69951},
    {"x":0.52709,
     "y":0.66995},
    {"x":0.5468,
     "y":0.64532},
    {"x":0.57635,
     "y":0.64039},
    {"x":0.60591,
     "y":0.64039},
    {"x":0.63547,
     "y":0.64039},
    {"x":0.63054,
     "y":0.61576},
    {"x":0.60099,
     "y":0.61084},
    {"x":0.57143,
     "y":0.60099},
    {"x":0.54187,
     "y":0.59113},
    {"x":0.52709,
     "y":0.5665},
    {"x":0.52709,
     "y":0.53695},
    {"x":0.53202,
     "y":0.50739},
    {"x":0.55172,
     "y":0.47783},
    {"x":0.57143,
     "y":0.44828},
    {"x":0.60099,
     "y":0.44335},
    {"x":0.63054,
     "y":0.4335},
    {"x":0.6601,
     "y":0.41872},
    {"x":0.68966,
     "y":0.40887},
    {"x":0.71921,
     "y":0.39901},
    {"x":0.74877,
     "y":0.39901},
    {"x":0.77833,
     "y":0.39901},
    {"x":0.80788,
     "y":0.39409},
    {"x":0.81281,
     "y":0.36453},
    {"x":0.81773,
     "y":0.33498},
    {"x":0.83251,
     "y":0.30542},
    {"x":0.86207,
     "y":0.30049},
    {"x":0.89163,
     "y":0.29064},
    {"x":0.92118,
     "y":0.27586},
    {"x":0.95074,
     "y":0.25616},
    {"x":0.9803,
     "y":0.2266},
    {"x":1,
     "y":0.19704},
    {"x":0.98522,
     "y":0.16749},
    {"x":0.97537,
     "y":0.13793},
    {"x":0.96059,
     "y":0.10837},
    {"x":0.93596,
     "y":0.083744},
    {"x":0.9064,
     "y":0.068966},
    {"x":0.87685,
     "y":0.054187},
    {"x":0.84729,
     "y":0.049261},
    {"x":0.81773,
     "y":0.034483},
    {"x":0.78818,
     "y":0.024631},
    {"x":0.75862,
     "y":0.0098522},
    {"x":0.72906,
     "y":0},
    {"x":0.69951,
     "y":0},
    {"x":0.66995,
     "y":0},
    {"x":0.64039,
     "y":0},
    {"x":0.61084,
     "y":0},
    {"x":0.58128,
     "y":0},
    {"x":0.55172,
     "y":0.0049261},
    {"x":0.52217,
     "y":0.0049261},
    {"x":0.49261,
     "y":0.0098522},
    {"x":0.46305,
     "y":0.0098522},
    {"x":0.4335,
     "y":0.0098522},
    {"x":0.40394,
     "y":0.014778},
    {"x":0.37438,
     "y":0.014778},
    {"x":0.34483,
     "y":0.019704},
    {"x":0.31527,
     "y":0.019704},
    {"x":0.28571,
     "y":0.029557},
    {"x":0.25616,
     "y":0.034483},
    {"x":0.2266,
     "y":0.044335},
    {"x":0.19704,
     "y":0.049261},
    {"x":0.16749,
     "y":0.059113},
    {"x":0.13793,
     "y":0.073892},
    {"x":0.10837,
     "y":0.083744},
    {"x":0.078818,
     "y":0.093596},
    {"x":0.049261,
     "y":0.098522},
    {"x":0.024631,
     "y":0.1133},
    {"x":0.0049261,
     "y":0.14286},
    {"x":0,
     "y":0.17241},
    {"x":0.0049261,
     "y":0.20197},
    {"x":0.0098522,
     "y":0.23153},
    {"x":0.029557,
     "y":0.26108},
    {"x":0.059113,
     "y":0.27586},
    {"x":0.08867,
     "y":0.29064},
    {"x":0.11823,
     "y":0.31034},
    {"x":0.14778,
     "y":0.32512},
    {"x":0.17734,
     "y":0.3399},
    {"x":0.18227,
     "y":0.36946},
    {"x":0.19212,
     "y":0.39901},
    {"x":0.22167,
     "y":0.41379},
    {"x":0.25123,
     "y":0.42365},
    {"x":0.28079,
     "y":0.42857},
    {"x":0.31034,
     "y":0.42857},
    {"x":0.3399,
     "y":0.42857},
    {"x":0.36946,
     "y":0.42857},
    {"x":0.39901,
     "y":0.42857},
    {"x":0.42857,
     "y":0.4335},
    {"x":0.44828,
     "y":0.45813},
    {"x":0.4532,
     "y":0.48768},
    {"x":0.4532,
     "y":0.51724},
    {"x":0.4532,
     "y":0.5468},
    {"x":0.44335,
     "y":0.57143},
    {"x":0.42857,
     "y":0.57635}],
 "triangles":[
    {"p1":11,
     "p2":12,
     "p3":13},
    {"p1":30,
     "p2":66,
     "p3":102},
    {"p1":81,
     "p2":82,
     "p3":83},
    {"p1":45,
     "p2":48,
     "p3":49},
    {"p1":30,
     "p2":32,
     "p3":33},
    {"p1":46,
     "p2":47,
     "p3":48},
    {"p1":45,
     "p2":46,
     "p3":48},
    {"p1":33,
     "p2":62,
     "p3":64},
    {"p1":30,
     "p2":64,
     "p3":66},
    {"p1":30,
     "p2":33,
     "p3":64},
    {"p1":33,
     "p2":34,
     "p3":62},
    {"p1":41,
     "p2":59,
     "p3":60},
    {"p1":93,
     "p2":94,
     "p3":95},
    {"p1":80,
     "p2":84,
     "p3":85},
    {"p1":28,
     "p2":104,
     "p3":105},
    {"p1":30,
     "p2":102,
     "p3":103},
    {"p1":11,
     "p2":13,
     "p3":14},
    {"p1":64,
     "p2":65,
     "p3":66},
    {"p1":66,
     "p2":67,
     "p3":102},
    {"p1":41,
     "p2":60,
     "p3":61},
    {"p1":34,
     "p2":61,
     "p3":62},
    {"p1":41,
     "p2":54,
     "p3":55},
    {"p1":43,
     "p2":52,
     "p3":54},
    {"p1":80,
     "p2":85,
     "p3":88},
    {"p1":86,
     "p2":87,
     "p3":88},
    {"p1":85,
     "p2":86,
     "p3":88},
    {"p1":28,
     "p2":29,
     "p3":104},
    {"p1":29,
     "p2":103,
     "p3":104},
    {"p1":29,
     "p2":30,
     "p3":103},
    {"p1":8,
     "p2":9,
     "p3":15},
    {"p1":7,
     "p2":8,
     "p3":17},
    {"p1":10,
     "p2":14,
     "p3":15},
    {"p1":9,
     "p2":10,
     "p3":15},
    {"p1":10,
     "p2":11,
     "p3":14},
    {"p1":19,
     "p2":20,
     "p3":23},
    {"p1":7,
     "p2":18,
     "p3":25},
    {"p1":7,
     "p2":17,
     "p3":18},
    {"p1":26,
     "p2":27,
     "p3":106},
    {"p1":27,
     "p2":105,
     "p3":106},
    {"p1":27,
     "p2":28,
     "p3":105},
    {"p1":7,
     "p2":25,
     "p3":107},
    {"p1":25,
     "p2":26,
     "p3":107},
    {"p1":26,
     "p2":106,
     "p3":107},
    {"p1":41,
     "p2":56,
     "p3":59},
    {"p1":41,
     "p2":55,
     "p3":56},
    {"p1":92,
     "p2":98,
     "p3":99},
    {"p1":92,
     "p2":97,
     "p3":98},
    {"p1":92,
     "p2":96,
     "p3":97},
    {"p1":92,
     "p2":95,
     "p3":96},
    {"p1":92,
     "p2":93,
     "p3":95},
    {"p1":62,
     "p2":63,
     "p3":64},
    {"p1":41,
     "p2":42,
     "p3":54},
    {"p1":42,
     "p2":43,
     "p3":54},
    {"p1":43,
     "p2":44,
     "p3":52},
    {"p1":44,
     "p2":49,
     "p3":52},
    {"p1":44,
     "p2":45,
     "p3":49},
    {"p1":35,
     "p2":41,
     "p3":61},
    {"p1":34,
     "p2":35,
     "p3":61},
    {"p1":20,
     "p2":21,
     "p3":22},
    {"p1":20,
     "p2":22,
     "p3":23},
    {"p1":52,
     "p2":53,
     "p3":54},
    {"p1":80,
     "p2":88,
     "p3":89},
    {"p1":79,
     "p2":80,
     "p3":89},
    {"p1":76,
     "p2":91,
     "p3":92},
    {"p1":30,
     "p2":31,
     "p3":32},
    {"p1":8,
     "p2":15,
     "p3":16},
    {"p1":8,
     "p2":16,
     "p3":17},
    {"p1":1,
     "p2":5,
     "p3":6},
    {"p1":0,
     "p2":1,
     "p3":6},
    {"p1":6,
     "p2":7,
     "p3":107},
    {"p1":0,
     "p2":6,
     "p3":107},
    {"p1":2,
     "p2":3,
     "p3":4},
    {"p1":1,
     "p2":2,
     "p3":4},
    {"p1":1,
     "p2":4,
     "p3":5},
    {"p1":19,
     "p2":23,
     "p3":24},
    {"p1":18,
     "p2":24,
     "p3":25},
    {"p1":18,
     "p2":19,
     "p3":24},
    {"p1":57,
     "p2":58,
     "p3":59},
    {"p1":56,
     "p2":57,
     "p3":59},
    {"p1":71,
     "p2":99,
     "p3":100},
    {"p1":71,
     "p2":100,
     "p3":101},
    {"p1":37,
     "p2":38,
     "p3":39},
    {"p1":36,
     "p2":37,
     "p3":39},
    {"p1":35,
     "p2":40,
     "p3":41},
    {"p1":35,
     "p2":36,
     "p3":40},
    {"p1":36,
     "p2":39,
     "p3":40},
    {"p1":76,
     "p2":77,
     "p3":91},
    {"p1":69,
     "p2":71,
     "p3":101},
    {"p1":69,
     "p2":70,
     "p3":71},
    {"p1":67,
     "p2":68,
     "p3":69},
    {"p1":69,
     "p2":101,
     "p3":102},
    {"p1":67,
     "p2":69,
     "p3":102},
    {"p1":78,
     "p2":89,
     "p3":90},
    {"p1":78,
     "p2":79,
     "p3":89},
    {"p1":78,
     "p2":90,
     "p3":91},
    {"p1":77,
     "p2":78,
     "p3":91},
    {"p1":75,
     "p2":76,
     "p3":92},
    {"p1":74,
     "p2":75,
     "p3":92},
    {"p1":73,
     "p2":74,
     "p3":92},
    {"p1":73,
     "p2":92,
     "p3":99},
    {"p1":71,
     "p2":73,
     "p3":99},
    {"p1":71,
     "p2":72,
     "p3":73},
    {"p1":49,
     "p2":50,
     "p3":52},
    {"p1":50,
     "p2":51,
     "p3":52},
    {"p1":80,
     "p2":81,
     "p3":83},
    {"p1":80,
     "p2":83,
     "p3":84}]
}