{"points":[
    {"x":0.10204,
     "y":0.44388},
    {"x":0.12245,
     "y":0.47959},
    {"x":0.13776,
     "y":0.51531},
    {"x":0.16327,
     "y":0.55102},
    {"x":0.18878,
     "y":0.58673},
    {"x":0.22449,
     "y":0.60714},
    {"x":0.2602,
     "y":0.61224},
    {"x":0.29592,
     "y":0.60204},
    {"x":0.33163,
     "y":0.63265},
    {"x":0.36735,
     "y":0.66327},
    {"x":0.40306,
     "y":0.68367},
    {"x":0.43878,
     "y":0.69898},
    {"x":0.47449,
     "y":0.71429},
    {"x":0.5,
     "y":0.75},
    {"x":0.53061,
     "y":0.78061},
    {"x":0.53571,
     "y":0.81633},
    {"x":0.54592,
     "y":0.85204},
    {"x":0.58163,
     "y":0.87755},
    {"x":0.61735,
     "y":0.88265},
    {"x":0.65306,
     "y":0.87755},
    {"x":0.68878,
     "y":0.87245},
    {"x":0.72449,
     "y":0.87755},
    {"x":0.7602,
     "y":0.88265},
    {"x":0.79592,
     "y":0.86735},
    {"x":0.82653,
     "y":0.84184},
    {"x":0.83673,
     "y":0.80612},
    {"x":0.84184,
     "y":0.77041},
    {"x":0.83163,
     "y":0.73469},
    {"x":0.81633,
     "y":0.69898},
    {"x":0.81122,
     "y":0.66327},
    {"x":0.80102,
     "y":0.62755},
    {"x":0.79592,
     "y":0.59184},
    {"x":0.79082,
     "y":0.55612},
    {"x":0.78061,
     "y":0.52041},
    {"x":0.77551,
     "y":0.48469},
    {"x":0.81122,
     "y":0.47959},
    {"x":0.84694,
     "y":0.4949},
    {"x":0.83673,
     "y":0.52551},
    {"x":0.82143,
     "y":0.56122},
    {"x":0.83673,
     "y":0.58673},
    {"x":0.86224,
     "y":0.56633},
    {"x":0.86224,
     "y":0.60204},
    {"x":0.87245,
     "y":0.63776},
    {"x":0.89796,
     "y":0.62755},
    {"x":0.89286,
     "y":0.59184},
    {"x":0.89286,
     "y":0.57653},
    {"x":0.91837,
     "y":0.60714},
    {"x":0.94388,
     "y":0.64286},
    {"x":0.96429,
     "y":0.62245},
    {"x":0.94898,
     "y":0.58673},
    {"x":0.94388,
     "y":0.56122},
    {"x":0.97959,
     "y":0.58673},
    {"x":1,
     "y":0.57143},
    {"x":0.98469,
     "y":0.54082},
    {"x":0.95408,
     "y":0.5102},
    {"x":0.93367,
     "y":0.47449},
    {"x":0.91837,
     "y":0.43878},
    {"x":0.88265,
     "y":0.40816},
    {"x":0.84694,
     "y":0.38776},
    {"x":0.81122,
     "y":0.37245},
    {"x":0.77551,
     "y":0.36224},
    {"x":0.7398,
     "y":0.35714},
    {"x":0.70408,
     "y":0.36735},
    {"x":0.68367,
     "y":0.33163},
    {"x":0.66327,
     "y":0.29592},
    {"x":0.63265,
     "y":0.26531},
    {"x":0.60714,
     "y":0.2398},
    {"x":0.61224,
     "y":0.22449},
    {"x":0.63776,
     "y":0.20918},
    {"x":0.64796,
     "y":0.18367},
    {"x":0.67347,
     "y":0.17347},
    {"x":0.70918,
     "y":0.16837},
    {"x":0.70408,
     "y":0.13776},
    {"x":0.72959,
     "y":0.12755},
    {"x":0.76531,
     "y":0.12245},
    {"x":0.80102,
     "y":0.10714},
    {"x":0.78061,
     "y":0.081633},
    {"x":0.7449,
     "y":0.081633},
    {"x":0.70918,
     "y":0.081633},
    {"x":0.67347,
     "y":0.081633},
    {"x":0.63776,
     "y":0.076531},
    {"x":0.61224,
     "y":0.05102},
    {"x":0.64796,
     "y":0.035714},
    {"x":0.64286,
     "y":0},
    {"x":0.60714,
     "y":0.010204},
    {"x":0.57143,
     "y":0.02551},
    {"x":0.53571,
     "y":0.02551},
    {"x":0.5,
     "y":0.02551},
    {"x":0.46429,
     "y":0.020408},
    {"x":0.42857,
     "y":0.02551},
    {"x":0.39286,
     "y":0.030612},
    {"x":0.35714,
     "y":0.035714},
    {"x":0.32143,
     "y":0.05102},
    {"x":0.28571,
     "y":0.066327},
    {"x":0.2602,
     "y":0.091837},
    {"x":0.2398,
     "y":0.12245},
    {"x":0.20408,
     "y":0.10204},
    {"x":0.16837,
     "y":0.091837},
    {"x":0.13265,
     "y":0.071429},
    {"x":0.096939,
     "y":0.056122},
    {"x":0.061224,
     "y":0.040816},
    {"x":0.02551,
     "y":0.035714},
    {"x":0,
     "y":0.05102},
    {"x":0.005102,
     "y":0.086735},
    {"x":0.030612,
     "y":0.12245},
    {"x":0.056122,
     "y":0.15816},
    {"x":0.076531,
     "y":0.19388},
    {"x":0.10204,
     "y":0.22959},
    {"x":0.091837,
     "y":0.2602},
    {"x":0.076531,
     "y":0.29592},
    {"x":0.071429,
     "y":0.33163},
    {"x":0.086735,
     "y":0.36735},
    {"x":0.091837,
     "y":0.40306},
    {"x":0.10204,
     "y":0.43878},
    {"x":0.10204,
     "y":0.44388}],
 "triangles":[
    {"p1":15,
     "p2":17,
     "p3":18},
    {"p1":4,
     "p2":5,
     "p3":7},
    {"p1":7,
     "p2":66,
     "p3":95},
    {"p1":1,
     "p2":7,
     "p3":95},
    {"p1":1,
     "p2":95,
     "p3":112},
    {"p1":1,
     "p2":2,
     "p3":7},
    {"p1":15,
     "p2":16,
     "p3":17},
    {"p1":21,
     "p2":22,
     "p3":23},
    {"p1":21,
     "p2":23,
     "p3":25},
    {"p1":23,
     "p2":24,
     "p3":25},
    {"p1":12,
     "p2":34,
     "p3":62},
    {"p1":3,
     "p2":4,
     "p3":7},
    {"p1":2,
     "p2":3,
     "p3":7},
    {"p1":95,
     "p2":107,
     "p3":108},
    {"p1":95,
     "p2":96,
     "p3":107},
    {"p1":95,
     "p2":111,
     "p3":112},
    {"p1":95,
     "p2":108,
     "p3":111},
    {"p1":21,
     "p2":25,
     "p3":27},
    {"p1":20,
     "p2":27,
     "p3":28},
    {"p1":20,
     "p2":21,
     "p3":27},
    {"p1":46,
     "p2":47,
     "p3":48},
    {"p1":14,
     "p2":20,
     "p3":28},
    {"p1":12,
     "p2":13,
     "p3":31},
    {"p1":13,
     "p2":30,
     "p3":31},
    {"p1":13,
     "p2":14,
     "p3":30},
    {"p1":73,
     "p2":77,
     "p3":78},
    {"p1":7,
     "p2":65,
     "p3":66},
    {"p1":66,
     "p2":92,
     "p3":95},
    {"p1":66,
     "p2":90,
     "p3":92},
    {"p1":90,
     "p2":91,
     "p3":92},
    {"p1":74,
     "p2":75,
     "p3":76},
    {"p1":74,
     "p2":76,
     "p3":77},
    {"p1":73,
     "p2":74,
     "p3":77},
    {"p1":12,
     "p2":33,
     "p3":34},
    {"p1":92,
     "p2":94,
     "p3":95},
    {"p1":92,
     "p2":93,
     "p3":94},
    {"p1":97,
     "p2":106,
     "p3":107},
    {"p1":96,
     "p2":97,
     "p3":107},
    {"p1":1,
     "p2":112,
     "p3":113},
    {"p1":0,
     "p2":1,
     "p3":113},
    {"p1":5,
     "p2":6,
     "p3":7},
    {"p1":9,
     "p2":10,
     "p3":62},
    {"p1":51,
     "p2":52,
     "p3":53},
    {"p1":25,
     "p2":26,
     "p3":27},
    {"p1":14,
     "p2":28,
     "p3":29},
    {"p1":14,
     "p2":29,
     "p3":30},
    {"p1":14,
     "p2":19,
     "p3":20},
    {"p1":15,
     "p2":18,
     "p3":19},
    {"p1":14,
     "p2":15,
     "p3":19},
    {"p1":63,
     "p2":64,
     "p3":65},
    {"p1":34,
     "p2":59,
     "p3":60},
    {"p1":12,
     "p2":31,
     "p3":32},
    {"p1":12,
     "p2":32,
     "p3":33},
    {"p1":101,
     "p2":102,
     "p3":103},
    {"p1":100,
     "p2":101,
     "p3":103},
    {"p1":7,
     "p2":8,
     "p3":65},
    {"p1":8,
     "p2":63,
     "p3":65},
    {"p1":8,
     "p2":62,
     "p3":63},
    {"p1":8,
     "p2":9,
     "p3":62},
    {"p1":11,
     "p2":12,
     "p3":62},
    {"p1":10,
     "p2":11,
     "p3":62},
    {"p1":46,
     "p2":48,
     "p3":49},
    {"p1":41,
     "p2":42,
     "p3":43},
    {"p1":82,
     "p2":83,
     "p3":84},
    {"p1":72,
     "p2":73,
     "p3":78},
    {"p1":72,
     "p2":78,
     "p3":79},
    {"p1":70,
     "p2":72,
     "p3":79},
    {"p1":34,
     "p2":61,
     "p3":62},
    {"p1":34,
     "p2":60,
     "p3":61},
    {"p1":34,
     "p2":35,
     "p3":59},
    {"p1":35,
     "p2":58,
     "p3":59},
    {"p1":35,
     "p2":57,
     "p3":58},
    {"p1":35,
     "p2":36,
     "p3":57},
    {"p1":100,
     "p2":103,
     "p3":104},
    {"p1":99,
     "p2":100,
     "p3":104},
    {"p1":66,
     "p2":89,
     "p3":90},
    {"p1":67,
     "p2":86,
     "p3":87},
    {"p1":66,
     "p2":67,
     "p3":89},
    {"p1":67,
     "p2":87,
     "p3":89},
    {"p1":67,
     "p2":68,
     "p3":69},
    {"p1":67,
     "p2":69,
     "p3":80},
    {"p1":70,
     "p2":79,
     "p3":80},
    {"p1":69,
     "p2":70,
     "p3":80},
    {"p1":70,
     "p2":71,
     "p3":72},
    {"p1":36,
     "p2":56,
     "p3":57},
    {"p1":36,
     "p2":55,
     "p3":56},
    {"p1":108,
     "p2":109,
     "p3":111},
    {"p1":109,
     "p2":110,
     "p3":111},
    {"p1":87,
     "p2":88,
     "p3":89},
    {"p1":81,
     "p2":82,
     "p3":84},
    {"p1":67,
     "p2":81,
     "p3":86},
    {"p1":67,
     "p2":80,
     "p3":81},
    {"p1":41,
     "p2":43,
     "p3":44},
    {"p1":36,
     "p2":54,
     "p3":55},
    {"p1":36,
     "p2":45,
     "p3":54},
    {"p1":97,
     "p2":105,
     "p3":106},
    {"p1":97,
     "p2":98,
     "p3":105},
    {"p1":98,
     "p2":99,
     "p3":105},
    {"p1":99,
     "p2":104,
     "p3":105},
    {"p1":81,
     "p2":85,
     "p3":86},
    {"p1":81,
     "p2":84,
     "p3":85},
    {"p1":36,
     "p2":37,
     "p3":40},
    {"p1":36,
     "p2":40,
     "p3":45},
    {"p1":37,
     "p2":38,
     "p3":40},
    {"p1":38,
     "p2":39,
     "p3":40},
    {"p1":50,
     "p2":53,
     "p3":54},
    {"p1":50,
     "p2":51,
     "p3":53},
    {"p1":45,
     "p2":50,
     "p3":54},
    {"p1":46,
     "p2":49,
     "p3":50},
    {"p1":45,
     "p2":46,
     "p3":50},
    {"p1":40,
     "p2":44,
     "p3":45},
    {"p1":40,
     "p2":41,
     "p3":44}]
}