{"points":[
    {"x":0.072626,
     "y":0.47486},
    {"x":0.055866,
     "y":0.51397},
    {"x":0.03352,
     "y":0.55307},
    {"x":0,
     "y":0.59218},
    {"x":0.022346,
     "y":0.62011},
    {"x":0.055866,
     "y":0.60894},
    {"x":0.03352,
     "y":0.64804},
    {"x":0.044693,
     "y":0.67598},
    {"x":0.072626,
     "y":0.64804},
    {"x":0.10615,
     "y":0.62011},
    {"x":0.10056,
     "y":0.64246},
    {"x":0.11173,
     "y":0.6648},
    {"x":0.13408,
     "y":0.63687},
    {"x":0.14525,
     "y":0.60894},
    {"x":0.17318,
     "y":0.63128},
    {"x":0.17318,
     "y":0.59218},
    {"x":0.15084,
     "y":0.55866},
    {"x":0.16201,
     "y":0.51955},
    {"x":0.20112,
     "y":0.51397},
    {"x":0.22905,
     "y":0.53073},
    {"x":0.22346,
     "y":0.56983},
    {"x":0.21229,
     "y":0.60894},
    {"x":0.2067,
     "y":0.64804},
    {"x":0.20112,
     "y":0.68715},
    {"x":0.19553,
     "y":0.72626},
    {"x":0.17877,
     "y":0.76536},
    {"x":0.16201,
     "y":0.80447},
    {"x":0.15642,
     "y":0.84358},
    {"x":0.16201,
     "y":0.88268},
    {"x":0.18436,
     "y":0.9162},
    {"x":0.21788,
     "y":0.94413},
    {"x":0.25698,
     "y":0.95531},
    {"x":0.29609,
     "y":0.94972},
    {"x":0.3352,
     "y":0.94413},
    {"x":0.3743,
     "y":0.95531},
    {"x":0.41341,
     "y":0.95531},
    {"x":0.45251,
     "y":0.94413},
    {"x":0.48603,
     "y":0.91061},
    {"x":0.49162,
     "y":0.87151},
    {"x":0.50838,
     "y":0.83799},
    {"x":0.5419,
     "y":0.79888},
    {"x":0.56983,
     "y":0.76536},
    {"x":0.60894,
     "y":0.7486},
    {"x":0.64804,
     "y":0.73184},
    {"x":0.68715,
     "y":0.70391},
    {"x":0.72626,
     "y":0.67039},
    {"x":0.76536,
     "y":0.64246},
    {"x":0.80447,
     "y":0.65922},
    {"x":0.84358,
     "y":0.65363},
    {"x":0.88268,
     "y":0.62011},
    {"x":0.91061,
     "y":0.58101},
    {"x":0.93296,
     "y":0.5419},
    {"x":0.95531,
     "y":0.50279},
    {"x":0.97207,
     "y":0.46369},
    {"x":0.97765,
     "y":0.42458},
    {"x":0.98883,
     "y":0.38547},
    {"x":1,
     "y":0.34637},
    {"x":0.99441,
     "y":0.30726},
    {"x":0.97207,
     "y":0.27374},
    {"x":0.97207,
     "y":0.23464},
    {"x":0.97765,
     "y":0.19553},
    {"x":0.99441,
     "y":0.15642},
    {"x":0.96648,
     "y":0.11732},
    {"x":0.92737,
     "y":0.11173},
    {"x":0.88827,
     "y":0.11732},
    {"x":0.84916,
     "y":0.11732},
    {"x":0.81006,
     "y":0.12291},
    {"x":0.7933,
     "y":0.083799},
    {"x":0.75978,
     "y":0.061453},
    {"x":0.72067,
     "y":0.039106},
    {"x":0.68156,
     "y":0.027933},
    {"x":0.64246,
     "y":0.022346},
    {"x":0.60335,
     "y":0.011173},
    {"x":0.56425,
     "y":0.011173},
    {"x":0.52514,
     "y":0.01676},
    {"x":0.48603,
     "y":0.01676},
    {"x":0.44693,
     "y":0.01676},
    {"x":0.40782,
     "y":0},
    {"x":0.3743,
     "y":0.011173},
    {"x":0.39665,
     "y":0.039106},
    {"x":0.39106,
     "y":0.067039},
    {"x":0.35196,
     "y":0.078212},
    {"x":0.31285,
     "y":0.078212},
    {"x":0.27374,
     "y":0.078212},
    {"x":0.26257,
     "y":0.11173},
    {"x":0.29609,
     "y":0.12849},
    {"x":0.29609,
     "y":0.15084},
    {"x":0.31844,
     "y":0.17877},
    {"x":0.35754,
     "y":0.17877},
    {"x":0.36872,
     "y":0.2067},
    {"x":0.39665,
     "y":0.21788},
    {"x":0.42458,
     "y":0.23464},
    {"x":0.40223,
     "y":0.26816},
    {"x":0.36872,
     "y":0.2905},
    {"x":0.34078,
     "y":0.32961},
    {"x":0.31844,
     "y":0.36872},
    {"x":0.2905,
     "y":0.38547},
    {"x":0.2514,
     "y":0.38547},
    {"x":0.21229,
     "y":0.39106},
    {"x":0.17318,
     "y":0.40223},
    {"x":0.13408,
     "y":0.41899},
    {"x":0.094972,
     "y":0.44693},
    {"x":0.072626,
     "y":0.47486}],
 "triangles":[
    {"p1":60,
     "p2":61,
     "p3":62},
    {"p1":56,
     "p2":57,
     "p3":58},
    {"p1":0,
     "p2":1,
     "p3":17},
    {"p1":66,
     "p2":71,
     "p3":91},
    {"p1":77,
     "p2":78,
     "p3":79},
    {"p1":60,
     "p2":62,
     "p3":63},
    {"p1":60,
     "p2":63,
     "p3":64},
    {"p1":59,
     "p2":60,
     "p3":64},
    {"p1":59,
     "p2":64,
     "p3":65},
    {"p1":58,
     "p2":59,
     "p3":66},
    {"p1":59,
     "p2":65,
     "p3":66},
    {"p1":27,
     "p2":28,
     "p3":29},
    {"p1":55,
     "p2":56,
     "p3":58},
    {"p1":41,
     "p2":42,
     "p3":95},
    {"p1":19,
     "p2":41,
     "p3":95},
    {"p1":19,
     "p2":20,
     "p3":41},
    {"p1":19,
     "p2":95,
     "p3":96},
    {"p1":80,
     "p2":81,
     "p3":88},
    {"p1":86,
     "p2":87,
     "p3":88},
    {"p1":19,
     "p2":96,
     "p3":97},
    {"p1":18,
     "p2":99,
     "p3":100},
    {"p1":17,
     "p2":18,
     "p3":100},
    {"p1":18,
     "p2":98,
     "p3":99},
    {"p1":18,
     "p2":97,
     "p3":98},
    {"p1":18,
     "p2":19,
     "p3":97},
    {"p1":1,
     "p2":16,
     "p3":17},
    {"p1":5,
     "p2":9,
     "p3":16},
    {"p1":17,
     "p2":100,
     "p3":101},
    {"p1":0,
     "p2":17,
     "p3":101},
    {"p1":54,
     "p2":58,
     "p3":66},
    {"p1":54,
     "p2":55,
     "p3":58},
    {"p1":42,
     "p2":44,
     "p3":95},
    {"p1":42,
     "p2":43,
     "p3":44},
    {"p1":46,
     "p2":48,
     "p3":49},
    {"p1":46,
     "p2":66,
     "p3":91},
    {"p1":46,
     "p2":91,
     "p3":92},
    {"p1":46,
     "p2":54,
     "p3":66},
    {"p1":81,
     "p2":85,
     "p3":88},
    {"p1":85,
     "p2":86,
     "p3":88},
    {"p1":81,
     "p2":82,
     "p3":85},
    {"p1":83,
     "p2":84,
     "p3":85},
    {"p1":82,
     "p2":83,
     "p3":85},
    {"p1":92,
     "p2":94,
     "p3":95},
    {"p1":92,
     "p2":93,
     "p3":94},
    {"p1":3,
     "p2":4,
     "p3":5},
    {"p1":1,
     "p2":2,
     "p3":16},
    {"p1":2,
     "p2":5,
     "p3":16},
    {"p1":2,
     "p2":3,
     "p3":5},
    {"p1":9,
     "p2":13,
     "p3":16},
    {"p1":88,
     "p2":89,
     "p3":90},
    {"p1":80,
     "p2":90,
     "p3":91},
    {"p1":80,
     "p2":88,
     "p3":90},
    {"p1":66,
     "p2":67,
     "p3":68},
    {"p1":66,
     "p2":68,
     "p3":69},
    {"p1":66,
     "p2":70,
     "p3":71},
    {"p1":66,
     "p2":69,
     "p3":70},
    {"p1":75,
     "p2":80,
     "p3":91},
    {"p1":74,
     "p2":75,
     "p3":91},
    {"p1":71,
     "p2":73,
     "p3":91},
    {"p1":73,
     "p2":74,
     "p3":91},
    {"p1":24,
     "p2":25,
     "p3":33},
    {"p1":20,
     "p2":21,
     "p3":41},
    {"p1":21,
     "p2":40,
     "p3":41},
    {"p1":46,
     "p2":49,
     "p3":50},
    {"p1":46,
     "p2":50,
     "p3":51},
    {"p1":46,
     "p2":47,
     "p3":48},
    {"p1":26,
     "p2":27,
     "p3":32},
    {"p1":25,
     "p2":26,
     "p3":32},
    {"p1":25,
     "p2":32,
     "p3":33},
    {"p1":27,
     "p2":29,
     "p3":32},
    {"p1":29,
     "p2":30,
     "p3":32},
    {"p1":30,
     "p2":31,
     "p3":32},
    {"p1":33,
     "p2":34,
     "p3":38},
    {"p1":34,
     "p2":35,
     "p3":38},
    {"p1":35,
     "p2":36,
     "p3":38},
    {"p1":36,
     "p2":37,
     "p3":38},
    {"p1":5,
     "p2":8,
     "p3":9},
    {"p1":5,
     "p2":6,
     "p3":8},
    {"p1":6,
     "p2":7,
     "p3":8},
    {"p1":9,
     "p2":12,
     "p3":13},
    {"p1":76,
     "p2":79,
     "p3":80},
    {"p1":75,
     "p2":76,
     "p3":80},
    {"p1":76,
     "p2":77,
     "p3":79},
    {"p1":71,
     "p2":72,
     "p3":73},
    {"p1":21,
     "p2":22,
     "p3":40},
    {"p1":13,
     "p2":15,
     "p3":16},
    {"p1":13,
     "p2":14,
     "p3":15},
    {"p1":52,
     "p2":53,
     "p3":54},
    {"p1":46,
     "p2":51,
     "p3":52},
    {"p1":46,
     "p2":52,
     "p3":54},
    {"p1":45,
     "p2":46,
     "p3":92},
    {"p1":45,
     "p2":92,
     "p3":95},
    {"p1":44,
     "p2":45,
     "p3":95},
    {"p1":24,
     "p2":33,
     "p3":39},
    {"p1":33,
     "p2":38,
     "p3":39},
    {"p1":9,
     "p2":10,
     "p3":12},
    {"p1":10,
     "p2":11,
     "p3":12},
    {"p1":23,
     "p2":24,
     "p3":39},
    {"p1":22,
     "p2":23,
     "p3":40},
    {"p1":23,
     "p2":39,
     "p3":40}]
}