{"points":[
    {"x":0.081633,
     "y":0.44388},
    {"x":0.066327,
     "y":0.47959},
    {"x":0.045918,
     "y":0.51531},
    {"x":0.015306,
     "y":0.54592},
    {"x":0,
     "y":0.57653},
    {"x":0.02551,
     "y":0.58163},
    {"x":0.061224,
     "y":0.55612},
    {"x":0.05102,
     "y":0.59184},
    {"x":0.035714,
     "y":0.62755},
    {"x":0.056122,
     "y":0.63776},
    {"x":0.081633,
     "y":0.60204},
    {"x":0.11224,
     "y":0.57653},
    {"x":0.10714,
     "y":0.59694},
    {"x":0.10204,
     "y":0.63265},
    {"x":0.12755,
     "y":0.63265},
    {"x":0.13776,
     "y":0.59694},
    {"x":0.14286,
     "y":0.56122},
    {"x":0.16837,
     "y":0.58673},
    {"x":0.17347,
     "y":0.55612},
    {"x":0.15816,
     "y":0.52551},
    {"x":0.15816,
     "y":0.4898},
    {"x":0.19388,
     "y":0.47959},
    {"x":0.22449,
     "y":0.4898},
    {"x":0.21939,
     "y":0.52551},
    {"x":0.20918,
     "y":0.56122},
    {"x":0.20408,
     "y":0.59694},
    {"x":0.19898,
     "y":0.63265},
    {"x":0.18878,
     "y":0.66837},
    {"x":0.18367,
     "y":0.70408},
    {"x":0.16837,
     "y":0.7398},
    {"x":0.15816,
     "y":0.77551},
    {"x":0.16327,
     "y":0.81122},
    {"x":0.17857,
     "y":0.84184},
    {"x":0.20918,
     "y":0.87245},
    {"x":0.2449,
     "y":0.88265},
    {"x":0.28061,
     "y":0.87755},
    {"x":0.31633,
     "y":0.87245},
    {"x":0.35204,
     "y":0.87755},
    {"x":0.38776,
     "y":0.88265},
    {"x":0.42347,
     "y":0.87755},
    {"x":0.45918,
     "y":0.84694},
    {"x":0.46429,
     "y":0.81122},
    {"x":0.47449,
     "y":0.77551},
    {"x":0.5051,
     "y":0.7449},
    {"x":0.53061,
     "y":0.70918},
    {"x":0.56633,
     "y":0.69898},
    {"x":0.60204,
     "y":0.67857},
    {"x":0.63776,
     "y":0.65816},
    {"x":0.67347,
     "y":0.62755},
    {"x":0.70918,
     "y":0.59694},
    {"x":0.7449,
     "y":0.61224},
    {"x":0.78061,
     "y":0.60714},
    {"x":0.81633,
     "y":0.58163},
    {"x":0.84184,
     "y":0.54592},
    {"x":0.86735,
     "y":0.5102},
    {"x":0.88265,
     "y":0.47449},
    {"x":0.89796,
     "y":0.43878},
    {"x":0.90816,
     "y":0.40306},
    {"x":0.91327,
     "y":0.36735},
    {"x":0.92857,
     "y":0.33163},
    {"x":0.92347,
     "y":0.29592},
    {"x":0.90816,
     "y":0.2602},
    {"x":0.89796,
     "y":0.22959},
    {"x":0.92347,
     "y":0.19388},
    {"x":0.94388,
     "y":0.15816},
    {"x":0.96939,
     "y":0.12245},
    {"x":0.9949,
     "y":0.086735},
    {"x":1,
     "y":0.05102},
    {"x":0.97449,
     "y":0.035714},
    {"x":0.93878,
     "y":0.040816},
    {"x":0.90306,
     "y":0.056122},
    {"x":0.86735,
     "y":0.071429},
    {"x":0.83163,
     "y":0.091837},
    {"x":0.79592,
     "y":0.10204},
    {"x":0.7602,
     "y":0.12245},
    {"x":0.7398,
     "y":0.091837},
    {"x":0.71429,
     "y":0.066327},
    {"x":0.67857,
     "y":0.05102},
    {"x":0.64286,
     "y":0.035714},
    {"x":0.60714,
     "y":0.030612},
    {"x":0.57143,
     "y":0.02551},
    {"x":0.53571,
     "y":0.020408},
    {"x":0.5,
     "y":0.02551},
    {"x":0.46429,
     "y":0.02551},
    {"x":0.42857,
     "y":0.02551},
    {"x":0.39286,
     "y":0.010204},
    {"x":0.35714,
     "y":0},
    {"x":0.35204,
     "y":0.035714},
    {"x":0.38776,
     "y":0.05102},
    {"x":0.36224,
     "y":0.076531},
    {"x":0.32653,
     "y":0.081633},
    {"x":0.29082,
     "y":0.081633},
    {"x":0.2551,
     "y":0.081633},
    {"x":0.21939,
     "y":0.081633},
    {"x":0.19898,
     "y":0.10714},
    {"x":0.23469,
     "y":0.12245},
    {"x":0.27041,
     "y":0.12755},
    {"x":0.29592,
     "y":0.13776},
    {"x":0.29082,
     "y":0.16837},
    {"x":0.32653,
     "y":0.17347},
    {"x":0.35204,
     "y":0.18367},
    {"x":0.36224,
     "y":0.20918},
    {"x":0.38776,
     "y":0.22449},
    {"x":0.39286,
     "y":0.2398},
    {"x":0.36735,
     "y":0.26531},
    {"x":0.33673,
     "y":0.29592},
    {"x":0.31633,
     "y":0.33163},
    {"x":0.29592,
     "y":0.36735},
    {"x":0.2602,
     "y":0.35714},
    {"x":0.22449,
     "y":0.36224},
    {"x":0.18878,
     "y":0.37245},
    {"x":0.15306,
     "y":0.38776},
    {"x":0.11735,
     "y":0.40816},
    {"x":0.081633,
     "y":0.43878},
    {"x":0.081633,
     "y":0.44388}],
 "triangles":[
    {"p1":32,
     "p2":33,
     "p3":34},
    {"p1":66,
     "p2":67,
     "p3":68},
    {"p1":66,
     "p2":68,
     "p3":69},
    {"p1":65,
     "p2":66,
     "p3":69},
    {"p1":58,
     "p2":59,
     "p3":60},
    {"p1":58,
     "p2":60,
     "p3":61},
    {"p1":62,
     "p2":73,
     "p3":74},
    {"p1":58,
     "p2":61,
     "p3":74},
    {"p1":61,
     "p2":62,
     "p3":74},
    {"p1":57,
     "p2":58,
     "p3":74},
    {"p1":32,
     "p2":34,
     "p3":35},
    {"p1":63,
     "p2":64,
     "p3":72},
    {"p1":62,
     "p2":72,
     "p3":73},
    {"p1":62,
     "p2":63,
     "p3":72},
    {"p1":64,
     "p2":65,
     "p3":70},
    {"p1":65,
     "p2":69,
     "p3":70},
    {"p1":92,
     "p2":93,
     "p3":95},
    {"p1":93,
     "p2":94,
     "p3":95},
    {"p1":49,
     "p2":55,
     "p3":56},
    {"p1":49,
     "p2":74,
     "p3":103},
    {"p1":49,
     "p2":56,
     "p3":57},
    {"p1":49,
     "p2":57,
     "p3":74},
    {"p1":48,
     "p2":49,
     "p3":104},
    {"p1":49,
     "p2":103,
     "p3":104},
    {"p1":80,
     "p2":102,
     "p3":103},
    {"p1":79,
     "p2":80,
     "p3":103},
    {"p1":64,
     "p2":71,
     "p3":72},
    {"p1":64,
     "p2":70,
     "p3":71},
    {"p1":0,
     "p2":112,
     "p3":113},
    {"p1":0,
     "p2":20,
     "p3":112},
    {"p1":20,
     "p2":111,
     "p3":112},
    {"p1":22,
     "p2":44,
     "p3":107},
    {"p1":3,
     "p2":4,
     "p3":5},
    {"p1":92,
     "p2":95,
     "p3":96},
    {"p1":89,
     "p2":90,
     "p3":99},
    {"p1":85,
     "p2":86,
     "p3":87},
    {"p1":36,
     "p2":37,
     "p3":42},
    {"p1":22,
     "p2":107,
     "p3":108},
    {"p1":22,
     "p2":108,
     "p3":109},
    {"p1":80,
     "p2":82,
     "p3":102},
    {"p1":82,
     "p2":83,
     "p3":102},
    {"p1":74,
     "p2":77,
     "p3":103},
    {"p1":77,
     "p2":79,
     "p3":103},
    {"p1":74,
     "p2":75,
     "p3":77},
    {"p1":75,
     "p2":76,
     "p3":77},
    {"p1":0,
     "p2":1,
     "p3":20},
    {"p1":24,
     "p2":25,
     "p3":44},
    {"p1":20,
     "p2":21,
     "p3":111},
    {"p1":21,
     "p2":110,
     "p3":111},
    {"p1":21,
     "p2":22,
     "p3":109},
    {"p1":21,
     "p2":109,
     "p3":110},
    {"p1":28,
     "p2":35,
     "p3":36},
    {"p1":28,
     "p2":29,
     "p3":35},
    {"p1":28,
     "p2":36,
     "p3":42},
    {"p1":27,
     "p2":28,
     "p3":42},
    {"p1":26,
     "p2":27,
     "p3":42},
    {"p1":29,
     "p2":30,
     "p3":31},
    {"p1":31,
     "p2":32,
     "p3":35},
    {"p1":29,
     "p2":31,
     "p3":35},
    {"p1":91,
     "p2":92,
     "p3":96},
    {"p1":97,
     "p2":98,
     "p3":99},
    {"p1":90,
     "p2":97,
     "p3":99},
    {"p1":90,
     "p2":91,
     "p3":97},
    {"p1":91,
     "p2":96,
     "p3":97},
    {"p1":89,
     "p2":99,
     "p3":100},
    {"p1":100,
     "p2":101,
     "p3":102},
    {"p1":89,
     "p2":100,
     "p3":102},
    {"p1":83,
     "p2":88,
     "p3":102},
    {"p1":88,
     "p2":89,
     "p3":102},
    {"p1":85,
     "p2":87,
     "p3":88},
    {"p1":44,
     "p2":46,
     "p3":107},
    {"p1":39,
     "p2":40,
     "p3":41},
    {"p1":37,
     "p2":41,
     "p3":42},
    {"p1":104,
     "p2":105,
     "p3":106},
    {"p1":48,
     "p2":106,
     "p3":107},
    {"p1":48,
     "p2":104,
     "p3":106},
    {"p1":80,
     "p2":81,
     "p3":82},
    {"p1":77,
     "p2":78,
     "p3":79},
    {"p1":22,
     "p2":23,
     "p3":44},
    {"p1":23,
     "p2":24,
     "p3":44},
    {"p1":83,
     "p2":84,
     "p3":88},
    {"p1":84,
     "p2":85,
     "p3":88},
    {"p1":47,
     "p2":48,
     "p3":107},
    {"p1":46,
     "p2":47,
     "p3":107},
    {"p1":38,
     "p2":39,
     "p3":41},
    {"p1":37,
     "p2":38,
     "p3":41},
    {"p1":44,
     "p2":45,
     "p3":46},
    {"p1":49,
     "p2":51,
     "p3":52},
    {"p1":49,
     "p2":54,
     "p3":55},
    {"p1":1,
     "p2":19,
     "p3":20},
    {"p1":3,
     "p2":5,
     "p3":6},
    {"p1":1,
     "p2":6,
     "p3":19},
    {"p1":6,
     "p2":11,
     "p3":19},
    {"p1":6,
     "p2":10,
     "p3":11},
    {"p1":12,
     "p2":13,
     "p3":14},
    {"p1":25,
     "p2":43,
     "p3":44},
    {"p1":26,
     "p2":42,
     "p3":43},
    {"p1":25,
     "p2":26,
     "p3":43},
    {"p1":49,
     "p2":50,
     "p3":51},
    {"p1":49,
     "p2":52,
     "p3":53},
    {"p1":49,
     "p2":53,
     "p3":54},
    {"p1":2,
     "p2":3,
     "p3":6},
    {"p1":1,
     "p2":2,
     "p3":6},
    {"p1":6,
     "p2":7,
     "p3":10},
    {"p1":7,
     "p2":8,
     "p3":9},
    {"p1":7,
     "p2":9,
     "p3":10},
    {"p1":11,
     "p2":16,
     "p3":19},
    {"p1":16,
     "p2":18,
     "p3":19},
    {"p1":16,
     "p2":17,
     "p3":18},
    {"p1":11,
     "p2":15,
     "p3":16},
    {"p1":11,
     "p2":12,
     "p3":15},
    {"p1":12,
     "p2":14,
     "p3":15}]
}