{"points":[
    {"x":0.13569,
     "y":0.50147},
    {"x":0.16814,
     "y":0.51917},
    {"x":0.18879,
     "y":0.55162},
    {"x":0.20649,
     "y":0.58112},
    {"x":0.23304,
     "y":0.60472},
    {"x":0.26549,
     "y":0.62832},
    {"x":0.29794,
     "y":0.64897},
    {"x":0.32448,
     "y":0.67257},
    {"x":0.35103,
     "y":0.70206},
    {"x":0.38348,
     "y":0.73451},
    {"x":0.40708,
     "y":0.76696},
    {"x":0.42773,
     "y":0.79351},
    {"x":0.44838,
     "y":0.82596},
    {"x":0.47493,
     "y":0.85841},
    {"x":0.48673,
     "y":0.89086},
    {"x":0.49263,
     "y":0.9233},
    {"x":0.51327,
     "y":0.9528},
    {"x":0.54277,
     "y":0.9705},
    {"x":0.57522,
     "y":0.96755},
    {"x":0.60767,
     "y":0.96755},
    {"x":0.64012,
     "y":0.9823},
    {"x":0.67257,
     "y":0.9941},
    {"x":0.70501,
     "y":1},
    {"x":0.73746,
     "y":0.99115},
    {"x":0.75516,
     "y":0.96165},
    {"x":0.76401,
     "y":0.9292},
    {"x":0.76991,
     "y":0.89676},
    {"x":0.76991,
     "y":0.86431},
    {"x":0.76696,
     "y":0.83186},
    {"x":0.76696,
     "y":0.79941},
    {"x":0.76696,
     "y":0.76696},
    {"x":0.76401,
     "y":0.73451},
    {"x":0.75811,
     "y":0.70206},
    {"x":0.74631,
     "y":0.66962},
    {"x":0.73746,
     "y":0.63717},
    {"x":0.72861,
     "y":0.60472},
    {"x":0.72566,
     "y":0.57227},
    {"x":0.72271,
     "y":0.53982},
    {"x":0.72861,
     "y":0.50737},
    {"x":0.73156,
     "y":0.47493},
    {"x":0.74631,
     "y":0.44248},
    {"x":0.77286,
     "y":0.41298},
    {"x":0.80236,
     "y":0.41003},
    {"x":0.82301,
     "y":0.40118},
    {"x":0.84661,
     "y":0.43068},
    {"x":0.87316,
     "y":0.43068},
    {"x":0.85841,
     "y":0.39823},
    {"x":0.88791,
     "y":0.41003},
    {"x":0.9174,
     "y":0.41298},
    {"x":0.89971,
     "y":0.38348},
    {"x":0.88791,
     "y":0.35693},
    {"x":0.9115,
     "y":0.34218},
    {"x":0.88201,
     "y":0.33038},
    {"x":0.85841,
     "y":0.30088},
    {"x":0.82596,
     "y":0.28319},
    {"x":0.79351,
     "y":0.28024},
    {"x":0.76106,
     "y":0.29204},
    {"x":0.73156,
     "y":0.31268},
    {"x":0.70206,
     "y":0.34218},
    {"x":0.67552,
     "y":0.37168},
    {"x":0.65487,
     "y":0.40413},
    {"x":0.63422,
     "y":0.38053},
    {"x":0.61652,
     "y":0.35398},
    {"x":0.59882,
     "y":0.32743},
    {"x":0.56932,
     "y":0.29499},
    {"x":0.60177,
     "y":0.28319},
    {"x":0.63422,
     "y":0.26254},
    {"x":0.66667,
     "y":0.24189},
    {"x":0.69912,
     "y":0.21829},
    {"x":0.70796,
     "y":0.18584},
    {"x":0.73451,
     "y":0.17404},
    {"x":0.71386,
     "y":0.15634},
    {"x":0.70206,
     "y":0.13569},
    {"x":0.73451,
     "y":0.13864},
    {"x":0.75811,
     "y":0.12094},
    {"x":0.73156,
     "y":0.10324},
    {"x":0.72566,
     "y":0.085546},
    {"x":0.70206,
     "y":0.073746},
    {"x":0.66962,
     "y":0.082596},
    {"x":0.63717,
     "y":0.076696},
    {"x":0.60472,
     "y":0.061947},
    {"x":0.57227,
     "y":0.050147},
    {"x":0.53982,
     "y":0.035398},
    {"x":0.50737,
     "y":0.023599},
    {"x":0.47493,
     "y":0.011799},
    {"x":0.44248,
     "y":0.0058997},
    {"x":0.41003,
     "y":0},
    {"x":0.37758,
     "y":0},
    {"x":0.34513,
     "y":0.0029499},
    {"x":0.31268,
     "y":0.011799},
    {"x":0.28024,
     "y":0.026549},
    {"x":0.24779,
     "y":0.044248},
    {"x":0.21534,
     "y":0.067847},
    {"x":0.18584,
     "y":0.094395},
    {"x":0.15339,
     "y":0.12094},
    {"x":0.12389,
     "y":0.14159},
    {"x":0.10914,
     "y":0.17109},
    {"x":0.079646,
     "y":0.18879},
    {"x":0.047198,
     "y":0.19174},
    {"x":0.014749,
     "y":0.21239},
    {"x":0,
     "y":0.24484},
    {"x":0.0058997,
     "y":0.27729},
    {"x":0.011799,
     "y":0.30973},
    {"x":0.017699,
     "y":0.34218},
    {"x":0.032448,
     "y":0.37463},
    {"x":0.053097,
     "y":0.40708},
    {"x":0.073746,
     "y":0.43953},
    {"x":0.10324,
     "y":0.47198},
    {"x":0.13274,
     "y":0.49853},
    {"x":0.13569,
     "y":0.50147}],
 "triangles":[
    {"p1":2,
     "p2":5,
     "p3":64},
    {"p1":1,
     "p2":2,
     "p3":64},
    {"p1":22,
     "p2":23,
     "p3":24},
    {"p1":2,
     "p2":4,
     "p3":5},
    {"p1":2,
     "p2":3,
     "p3":4},
    {"p1":87,
     "p2":88,
     "p3":89},
    {"p1":64,
     "p2":87,
     "p3":90},
    {"p1":87,
     "p2":89,
     "p3":90},
    {"p1":1,
     "p2":64,
     "p3":96},
    {"p1":64,
     "p2":94,
     "p3":96},
    {"p1":64,
     "p2":93,
     "p3":94},
    {"p1":66,
     "p2":79,
     "p3":80},
    {"p1":66,
     "p2":67,
     "p3":79},
    {"p1":7,
     "p2":8,
     "p3":60},
    {"p1":6,
     "p2":62,
     "p3":63},
    {"p1":5,
     "p2":6,
     "p3":64},
    {"p1":6,
     "p2":63,
     "p3":64},
    {"p1":7,
     "p2":60,
     "p3":61},
    {"p1":6,
     "p2":61,
     "p3":62},
    {"p1":6,
     "p2":7,
     "p3":61},
    {"p1":14,
     "p2":18,
     "p3":19},
    {"p1":16,
     "p2":17,
     "p3":18},
    {"p1":15,
     "p2":16,
     "p3":18},
    {"p1":14,
     "p2":15,
     "p3":18},
    {"p1":10,
     "p2":34,
     "p3":35},
    {"p1":21,
     "p2":22,
     "p3":24},
    {"p1":96,
     "p2":105,
     "p3":106},
    {"p1":64,
     "p2":82,
     "p3":83},
    {"p1":64,
     "p2":83,
     "p3":84},
    {"p1":64,
     "p2":84,
     "p3":85},
    {"p1":64,
     "p2":85,
     "p3":87},
    {"p1":85,
     "p2":86,
     "p3":87},
    {"p1":94,
     "p2":95,
     "p3":96},
    {"p1":64,
     "p2":92,
     "p3":93},
    {"p1":50,
     "p2":51,
     "p3":52},
    {"p1":67,
     "p2":72,
     "p3":79},
    {"p1":64,
     "p2":81,
     "p3":82},
    {"p1":65,
     "p2":66,
     "p3":80},
    {"p1":64,
     "p2":65,
     "p3":81},
    {"p1":65,
     "p2":80,
     "p3":81},
    {"p1":41,
     "p2":56,
     "p3":57},
    {"p1":41,
     "p2":57,
     "p3":58},
    {"p1":39,
     "p2":40,
     "p3":60},
    {"p1":38,
     "p2":39,
     "p3":60},
    {"p1":9,
     "p2":10,
     "p3":35},
    {"p1":40,
     "p2":59,
     "p3":60},
    {"p1":40,
     "p2":41,
     "p3":59},
    {"p1":41,
     "p2":58,
     "p3":59},
    {"p1":11,
     "p2":33,
     "p3":34},
    {"p1":11,
     "p2":12,
     "p3":33},
    {"p1":10,
     "p2":11,
     "p3":34},
    {"p1":12,
     "p2":13,
     "p3":33},
    {"p1":13,
     "p2":30,
     "p3":31},
    {"p1":13,
     "p2":29,
     "p3":30},
    {"p1":13,
     "p2":14,
     "p3":19},
    {"p1":19,
     "p2":27,
     "p3":28},
    {"p1":13,
     "p2":28,
     "p3":29},
    {"p1":13,
     "p2":19,
     "p3":28},
    {"p1":96,
     "p2":97,
     "p3":105},
    {"p1":1,
     "p2":96,
     "p3":107},
    {"p1":96,
     "p2":106,
     "p3":107},
    {"p1":64,
     "p2":90,
     "p3":91},
    {"p1":64,
     "p2":91,
     "p3":92},
    {"p1":75,
     "p2":76,
     "p3":77},
    {"p1":72,
     "p2":75,
     "p3":77},
    {"p1":73,
     "p2":74,
     "p3":75},
    {"p1":72,
     "p2":73,
     "p3":75},
    {"p1":72,
     "p2":78,
     "p3":79},
    {"p1":72,
     "p2":77,
     "p3":78},
    {"p1":67,
     "p2":68,
     "p3":69},
    {"p1":67,
     "p2":69,
     "p3":72},
    {"p1":47,
     "p2":48,
     "p3":49},
    {"p1":43,
     "p2":52,
     "p3":53},
    {"p1":43,
     "p2":53,
     "p3":54},
    {"p1":43,
     "p2":54,
     "p3":55},
    {"p1":43,
     "p2":55,
     "p3":56},
    {"p1":41,
     "p2":42,
     "p3":56},
    {"p1":42,
     "p2":43,
     "p3":56},
    {"p1":9,
     "p2":35,
     "p3":36},
    {"p1":13,
     "p2":32,
     "p3":33},
    {"p1":13,
     "p2":31,
     "p3":32},
    {"p1":19,
     "p2":26,
     "p3":27},
    {"p1":19,
     "p2":20,
     "p3":26},
    {"p1":97,
     "p2":104,
     "p3":105},
    {"p1":97,
     "p2":101,
     "p3":102},
    {"p1":97,
     "p2":98,
     "p3":101},
    {"p1":99,
     "p2":100,
     "p3":101},
    {"p1":98,
     "p2":99,
     "p3":101},
    {"p1":69,
     "p2":70,
     "p3":71},
    {"p1":69,
     "p2":71,
     "p3":72},
    {"p1":43,
     "p2":44,
     "p3":46},
    {"p1":44,
     "p2":45,
     "p3":46},
    {"p1":46,
     "p2":49,
     "p3":50},
    {"p1":46,
     "p2":47,
     "p3":49},
    {"p1":46,
     "p2":50,
     "p3":52},
    {"p1":43,
     "p2":46,
     "p3":52},
    {"p1":8,
     "p2":9,
     "p3":37},
    {"p1":9,
     "p2":36,
     "p3":37},
    {"p1":8,
     "p2":37,
     "p3":60},
    {"p1":37,
     "p2":38,
     "p3":60},
    {"p1":20,
     "p2":21,
     "p3":25},
    {"p1":20,
     "p2":25,
     "p3":26},
    {"p1":21,
     "p2":24,
     "p3":25},
    {"p1":97,
     "p2":102,
     "p3":103},
    {"p1":97,
     "p2":103,
     "p3":104},
    {"p1":1,
     "p2":107,
     "p3":108},
    {"p1":0,
     "p2":1,
     "p3":108}]
}