{"points":[
    {"x":0.1866,
     "y":0.50239},
    {"x":0.16746,
     "y":0.53589},
    {"x":0.13397,
     "y":0.56459},
    {"x":0.10526,
     "y":0.59809},
    {"x":0.086124,
     "y":0.63636},
    {"x":0.066986,
     "y":0.67464},
    {"x":0.052632,
     "y":0.71292},
    {"x":0.047847,
     "y":0.7512},
    {"x":0.043062,
     "y":0.78947},
    {"x":0.038278,
     "y":0.82775},
    {"x":0.028708,
     "y":0.86603},
    {"x":0.038278,
     "y":0.90431},
    {"x":0.057416,
     "y":0.94258},
    {"x":0.095694,
     "y":0.95694},
    {"x":0.13397,
     "y":0.96172},
    {"x":0.17225,
     "y":0.96172},
    {"x":0.21053,
     "y":0.96651},
    {"x":0.24402,
     "y":0.99522},
    {"x":0.2823,
     "y":1},
    {"x":0.32057,
     "y":0.99522},
    {"x":0.3445,
     "y":0.96172},
    {"x":0.34928,
     "y":0.92344},
    {"x":0.37799,
     "y":0.88995},
    {"x":0.41627,
     "y":0.85646},
    {"x":0.44498,
     "y":0.81818},
    {"x":0.48325,
     "y":0.78947},
    {"x":0.52153,
     "y":0.77033},
    {"x":0.55981,
     "y":0.7512},
    {"x":0.59809,
     "y":0.73206},
    {"x":0.63636,
     "y":0.69856},
    {"x":0.66986,
     "y":0.66507},
    {"x":0.69856,
     "y":0.66507},
    {"x":0.72249,
     "y":0.69856},
    {"x":0.76077,
     "y":0.70335},
    {"x":0.79904,
     "y":0.67943},
    {"x":0.82297,
     "y":0.64115},
    {"x":0.83732,
     "y":0.60287},
    {"x":0.86603,
     "y":0.56459},
    {"x":0.89474,
     "y":0.5311},
    {"x":0.91866,
     "y":0.49282},
    {"x":0.93301,
     "y":0.45455},
    {"x":0.9378,
     "y":0.41627},
    {"x":0.92823,
     "y":0.37799},
    {"x":0.90909,
     "y":0.33971},
    {"x":0.8756,
     "y":0.30144},
    {"x":0.87081,
     "y":0.26316},
    {"x":0.86603,
     "y":0.22488},
    {"x":0.85167,
     "y":0.1866},
    {"x":0.82775,
     "y":0.14833},
    {"x":0.79904,
     "y":0.1244},
    {"x":0.76077,
     "y":0.11005},
    {"x":0.72249,
     "y":0.11005},
    {"x":0.68421,
     "y":0.095694},
    {"x":0.64593,
     "y":0.08134},
    {"x":0.60766,
     "y":0.07177},
    {"x":0.56938,
     "y":0.066986},
    {"x":0.5311,
     "y":0.062201},
    {"x":0.49282,
     "y":0.057416},
    {"x":0.45455,
     "y":0.038278},
    {"x":0.41627,
     "y":0.019139},
    {"x":0.37799,
     "y":0},
    {"x":0.35407,
     "y":0.014354},
    {"x":0.38278,
     "y":0.047847},
    {"x":0.34928,
     "y":0.057416},
    {"x":0.311,
     "y":0.033493},
    {"x":0.27751,
     "y":0.023923},
    {"x":0.28708,
     "y":0.057416},
    {"x":0.32536,
     "y":0.08134},
    {"x":0.30144,
     "y":0.10048},
    {"x":0.32536,
     "y":0.13397},
    {"x":0.36364,
     "y":0.15311},
    {"x":0.37321,
     "y":0.1866},
    {"x":0.41148,
     "y":0.19139},
    {"x":0.43541,
     "y":0.21531},
    {"x":0.43062,
     "y":0.24402},
    {"x":0.39234,
     "y":0.25837},
    {"x":0.35407,
     "y":0.2823},
    {"x":0.32057,
     "y":0.31579},
    {"x":0.29665,
     "y":0.311},
    {"x":0.27273,
     "y":0.27273},
    {"x":0.24402,
     "y":0.24402},
    {"x":0.2201,
     "y":0.21053},
    {"x":0.1866,
     "y":0.1866},
    {"x":0.14833,
     "y":0.1866},
    {"x":0.11005,
     "y":0.19139},
    {"x":0.07177,
     "y":0.2201},
    {"x":0.033493,
     "y":0.22967},
    {"x":0,
     "y":0.23923},
    {"x":0.023923,
     "y":0.26316},
    {"x":0.062201,
     "y":0.26316},
    {"x":0.057416,
     "y":0.28708},
    {"x":0.019139,
     "y":0.29665},
    {"x":0.023923,
     "y":0.33014},
    {"x":0.062201,
     "y":0.32536},
    {"x":0.095694,
     "y":0.32057},
    {"x":0.11962,
     "y":0.33971},
    {"x":0.15311,
     "y":0.30622},
    {"x":0.17225,
     "y":0.33971},
    {"x":0.20096,
     "y":0.37799},
    {"x":0.20096,
     "y":0.41627},
    {"x":0.20096,
     "y":0.45455},
    {"x":0.19139,
     "y":0.49282},
    {"x":0.1866,
     "y":0.50239}],
 "triangles":[
    {"p1":30,
     "p2":74,
     "p3":77},
    {"p1":30,
     "p2":44,
     "p3":74},
    {"p1":39,
     "p2":43,
     "p3":44},
    {"p1":27,
     "p2":77,
     "p3":101},
    {"p1":1,
     "p2":2,
     "p3":24},
    {"p1":40,
     "p2":41,
     "p3":42},
    {"p1":39,
     "p2":42,
     "p3":43},
    {"p1":39,
     "p2":40,
     "p3":42},
    {"p1":53,
     "p2":54,
     "p3":73},
    {"p1":38,
     "p2":39,
     "p3":44},
    {"p1":27,
     "p2":28,
     "p3":29},
    {"p1":29,
     "p2":30,
     "p3":77},
    {"p1":27,
     "p2":29,
     "p3":77},
    {"p1":31,
     "p2":33,
     "p3":34},
    {"p1":31,
     "p2":32,
     "p3":33},
    {"p1":18,
     "p2":19,
     "p3":20},
    {"p1":0,
     "p2":25,
     "p3":101},
    {"p1":1,
     "p2":24,
     "p3":25},
    {"p1":0,
     "p2":1,
     "p3":25},
    {"p1":77,
     "p2":78,
     "p3":99},
    {"p1":78,
     "p2":98,
     "p3":99},
    {"p1":81,
     "p2":82,
     "p3":96},
    {"p1":80,
     "p2":81,
     "p3":96},
    {"p1":82,
     "p2":83,
     "p3":96},
    {"p1":80,
     "p2":96,
     "p3":97},
    {"p1":85,
     "p2":89,
     "p3":96},
    {"p1":85,
     "p2":86,
     "p3":89},
    {"p1":91,
     "p2":92,
     "p3":93},
    {"p1":90,
     "p2":91,
     "p3":93},
    {"p1":44,
     "p2":51,
     "p3":74},
    {"p1":48,
     "p2":49,
     "p3":51},
    {"p1":49,
     "p2":50,
     "p3":51},
    {"p1":56,
     "p2":57,
     "p3":73},
    {"p1":31,
     "p2":34,
     "p3":35},
    {"p1":31,
     "p2":35,
     "p3":36},
    {"p1":16,
     "p2":17,
     "p3":18},
    {"p1":26,
     "p2":27,
     "p3":101},
    {"p1":25,
     "p2":26,
     "p3":101},
    {"p1":77,
     "p2":100,
     "p3":101},
    {"p1":77,
     "p2":99,
     "p3":100},
    {"p1":84,
     "p2":85,
     "p3":96},
    {"p1":83,
     "p2":84,
     "p3":96},
    {"p1":78,
     "p2":79,
     "p3":98},
    {"p1":79,
     "p2":97,
     "p3":98},
    {"p1":79,
     "p2":80,
     "p3":97},
    {"p1":74,
     "p2":75,
     "p3":77},
    {"p1":75,
     "p2":76,
     "p3":77},
    {"p1":89,
     "p2":94,
     "p3":96},
    {"p1":89,
     "p2":90,
     "p3":94},
    {"p1":94,
     "p2":95,
     "p3":96},
    {"p1":90,
     "p2":93,
     "p3":94},
    {"p1":86,
     "p2":87,
     "p3":88},
    {"p1":86,
     "p2":88,
     "p3":89},
    {"p1":51,
     "p2":52,
     "p3":74},
    {"p1":52,
     "p2":73,
     "p3":74},
    {"p1":52,
     "p2":53,
     "p3":73},
    {"p1":44,
     "p2":45,
     "p3":51},
    {"p1":45,
     "p2":46,
     "p3":51},
    {"p1":47,
     "p2":48,
     "p3":51},
    {"p1":46,
     "p2":47,
     "p3":51},
    {"p1":37,
     "p2":38,
     "p3":44},
    {"p1":30,
     "p2":37,
     "p3":44},
    {"p1":30,
     "p2":31,
     "p3":37},
    {"p1":31,
     "p2":36,
     "p3":37},
    {"p1":4,
     "p2":5,
     "p3":22},
    {"p1":4,
     "p2":22,
     "p3":23},
    {"p1":4,
     "p2":23,
     "p3":24},
    {"p1":2,
     "p2":4,
     "p3":24},
    {"p1":2,
     "p2":3,
     "p3":4},
    {"p1":16,
     "p2":21,
     "p3":22},
    {"p1":18,
     "p2":20,
     "p3":21},
    {"p1":16,
     "p2":18,
     "p3":21},
    {"p1":5,
     "p2":7,
     "p3":22},
    {"p1":7,
     "p2":8,
     "p3":16},
    {"p1":7,
     "p2":16,
     "p3":22},
    {"p1":54,
     "p2":55,
     "p3":73},
    {"p1":55,
     "p2":56,
     "p3":73},
    {"p1":62,
     "p2":63,
     "p3":70},
    {"p1":59,
     "p2":60,
     "p3":62},
    {"p1":60,
     "p2":61,
     "p3":62},
    {"p1":70,
     "p2":71,
     "p3":72},
    {"p1":57,
     "p2":72,
     "p3":73},
    {"p1":8,
     "p2":15,
     "p3":16},
    {"p1":5,
     "p2":6,
     "p3":7},
    {"p1":67,
     "p2":68,
     "p3":69},
    {"p1":63,
     "p2":67,
     "p3":70},
    {"p1":67,
     "p2":69,
     "p3":70},
    {"p1":64,
     "p2":65,
     "p3":66},
    {"p1":63,
     "p2":64,
     "p3":67},
    {"p1":64,
     "p2":66,
     "p3":67},
    {"p1":58,
     "p2":62,
     "p3":70},
    {"p1":57,
     "p2":58,
     "p3":72},
    {"p1":58,
     "p2":70,
     "p3":72},
    {"p1":58,
     "p2":59,
     "p3":62},
    {"p1":8,
     "p2":9,
     "p3":15},
    {"p1":9,
     "p2":14,
     "p3":15},
    {"p1":9,
     "p2":10,
     "p3":11},
    {"p1":11,
     "p2":12,
     "p3":13},
    {"p1":9,
     "p2":13,
     "p3":14},
    {"p1":9,
     "p2":11,
     "p3":13}]
}