{"points":[
    {"x":0.087912,
     "y":0.47802},
    {"x":0.071429,
     "y":0.51648},
    {"x":0.049451,
     "y":0.55495},
    {"x":0.016484,
     "y":0.58791},
    {"x":0,
     "y":0.62088},
    {"x":0.027473,
     "y":0.62637},
    {"x":0.065934,
     "y":0.5989},
    {"x":0.054945,
     "y":0.63736},
    {"x":0.038462,
     "y":0.67582},
    {"x":0.06044,
     "y":0.68681},
    {"x":0.087912,
     "y":0.64835},
    {"x":0.12088,
     "y":0.62088},
    {"x":0.11538,
     "y":0.64286},
    {"x":0.10989,
     "y":0.68132},
    {"x":0.13736,
     "y":0.68132},
    {"x":0.14835,
     "y":0.64286},
    {"x":0.15385,
     "y":0.6044},
    {"x":0.18132,
     "y":0.63187},
    {"x":0.18681,
     "y":0.5989},
    {"x":0.17033,
     "y":0.56593},
    {"x":0.17033,
     "y":0.52747},
    {"x":0.20879,
     "y":0.51648},
    {"x":0.24176,
     "y":0.52747},
    {"x":0.23626,
     "y":0.56593},
    {"x":0.22527,
     "y":0.6044},
    {"x":0.21978,
     "y":0.64286},
    {"x":0.21429,
     "y":0.68132},
    {"x":0.2033,
     "y":0.71978},
    {"x":0.1978,
     "y":0.75824},
    {"x":0.18132,
     "y":0.7967},
    {"x":0.17033,
     "y":0.83516},
    {"x":0.17582,
     "y":0.87363},
    {"x":0.19231,
     "y":0.90659},
    {"x":0.22527,
     "y":0.93956},
    {"x":0.26374,
     "y":0.95055},
    {"x":0.3022,
     "y":0.94505},
    {"x":0.34066,
     "y":0.93956},
    {"x":0.37912,
     "y":0.94505},
    {"x":0.41758,
     "y":0.95055},
    {"x":0.45604,
     "y":0.94505},
    {"x":0.49451,
     "y":0.91209},
    {"x":0.5,
     "y":0.87363},
    {"x":0.51099,
     "y":0.83516},
    {"x":0.54396,
     "y":0.8022},
    {"x":0.57143,
     "y":0.76374},
    {"x":0.60989,
     "y":0.75275},
    {"x":0.64835,
     "y":0.73077},
    {"x":0.68681,
     "y":0.70879},
    {"x":0.72527,
     "y":0.67582},
    {"x":0.76374,
     "y":0.64286},
    {"x":0.8022,
     "y":0.65934},
    {"x":0.84066,
     "y":0.65385},
    {"x":0.87912,
     "y":0.62637},
    {"x":0.90659,
     "y":0.58791},
    {"x":0.93407,
     "y":0.54945},
    {"x":0.95055,
     "y":0.51099},
    {"x":0.96703,
     "y":0.47253},
    {"x":0.97802,
     "y":0.43407},
    {"x":0.98352,
     "y":0.3956},
    {"x":1,
     "y":0.35714},
    {"x":0.99451,
     "y":0.31868},
    {"x":0.97802,
     "y":0.28022},
    {"x":0.93956,
     "y":0.28571},
    {"x":0.90659,
     "y":0.25275},
    {"x":0.87363,
     "y":0.21978},
    {"x":0.83516,
     "y":0.18681},
    {"x":0.80769,
     "y":0.14835},
    {"x":0.7967,
     "y":0.10989},
    {"x":0.78022,
     "y":0.076923},
    {"x":0.74176,
     "y":0.06044},
    {"x":0.7033,
     "y":0.043956},
    {"x":0.66484,
     "y":0.032967},
    {"x":0.62637,
     "y":0.027473},
    {"x":0.58791,
     "y":0.021978},
    {"x":0.54945,
     "y":0.027473},
    {"x":0.51099,
     "y":0.027473},
    {"x":0.47253,
     "y":0.027473},
    {"x":0.43407,
     "y":0.016484},
    {"x":0.3956,
     "y":0},
    {"x":0.37363,
     "y":0.027473},
    {"x":0.40659,
     "y":0.049451},
    {"x":0.4011,
     "y":0.076923},
    {"x":0.36264,
     "y":0.087912},
    {"x":0.32418,
     "y":0.087912},
    {"x":0.28571,
     "y":0.087912},
    {"x":0.24725,
     "y":0.087912},
    {"x":0.21429,
     "y":0.1044},
    {"x":0.24176,
     "y":0.12637},
    {"x":0.28022,
     "y":0.13187},
    {"x":0.31868,
     "y":0.13736},
    {"x":0.30769,
     "y":0.17033},
    {"x":0.34066,
     "y":0.18681},
    {"x":0.37912,
     "y":0.18681},
    {"x":0.37912,
     "y":0.22527},
    {"x":0.41209,
     "y":0.23626},
    {"x":0.43407,
     "y":0.25275},
    {"x":0.4011,
     "y":0.28022},
    {"x":0.37363,
     "y":0.30769},
    {"x":0.34066,
     "y":0.34615},
    {"x":0.32418,
     "y":0.38462},
    {"x":0.29121,
     "y":0.38462},
    {"x":0.25275,
     "y":0.39011},
    {"x":0.21429,
     "y":0.3956},
    {"x":0.17582,
     "y":0.41209},
    {"x":0.13736,
     "y":0.43407},
    {"x":0.098901,
     "y":0.46154},
    {"x":0.087912,
     "y":0.47802}],
 "triangles":[
    {"p1":31,
     "p2":32,
     "p3":35},
    {"p1":32,
     "p2":33,
     "p3":34},
    {"p1":32,
     "p2":34,
     "p3":35},
    {"p1":47,
     "p2":48,
     "p3":99},
    {"p1":22,
     "p2":44,
     "p3":99},
    {"p1":28,
     "p2":35,
     "p3":36},
    {"p1":75,
     "p2":81,
     "p3":95},
    {"p1":85,
     "p2":86,
     "p3":87},
    {"p1":85,
     "p2":87,
     "p3":88},
    {"p1":29,
     "p2":31,
     "p3":35},
    {"p1":28,
     "p2":29,
     "p3":35},
    {"p1":21,
     "p2":22,
     "p3":101},
    {"p1":21,
     "p2":101,
     "p3":102},
    {"p1":22,
     "p2":23,
     "p3":44},
    {"p1":46,
     "p2":47,
     "p3":99},
    {"p1":44,
     "p2":46,
     "p3":99},
    {"p1":82,
     "p2":83,
     "p3":89},
    {"p1":82,
     "p2":89,
     "p3":92},
    {"p1":81,
     "p2":82,
     "p3":92},
    {"p1":78,
     "p2":79,
     "p3":80},
    {"p1":89,
     "p2":91,
     "p3":92},
    {"p1":89,
     "p2":90,
     "p3":91},
    {"p1":97,
     "p2":98,
     "p3":99},
    {"p1":48,
     "p2":97,
     "p3":99},
    {"p1":84,
     "p2":85,
     "p3":88},
    {"p1":83,
     "p2":84,
     "p3":89},
    {"p1":84,
     "p2":88,
     "p3":89},
    {"p1":71,
     "p2":72,
     "p3":95},
    {"p1":74,
     "p2":75,
     "p3":95},
    {"p1":72,
     "p2":74,
     "p3":95},
    {"p1":72,
     "p2":73,
     "p3":74},
    {"p1":67,
     "p2":68,
     "p3":69},
    {"p1":49,
     "p2":65,
     "p3":95},
    {"p1":49,
     "p2":50,
     "p3":51},
    {"p1":49,
     "p2":51,
     "p3":52},
    {"p1":65,
     "p2":66,
     "p3":95},
    {"p1":66,
     "p2":71,
     "p3":95},
    {"p1":66,
     "p2":70,
     "p3":71},
    {"p1":66,
     "p2":67,
     "p3":69},
    {"p1":66,
     "p2":69,
     "p3":70},
    {"p1":29,
     "p2":30,
     "p3":31},
    {"p1":25,
     "p2":43,
     "p3":44},
    {"p1":25,
     "p2":26,
     "p3":43},
    {"p1":22,
     "p2":99,
     "p3":100},
    {"p1":22,
     "p2":100,
     "p3":101},
    {"p1":21,
     "p2":103,
     "p3":104},
    {"p1":21,
     "p2":102,
     "p3":103},
    {"p1":20,
     "p2":21,
     "p3":104},
    {"p1":1,
     "p2":19,
     "p3":20},
    {"p1":1,
     "p2":6,
     "p3":19},
    {"p1":77,
     "p2":78,
     "p3":80},
    {"p1":75,
     "p2":76,
     "p3":81},
    {"p1":76,
     "p2":80,
     "p3":81},
    {"p1":76,
     "p2":77,
     "p3":80},
    {"p1":48,
     "p2":96,
     "p3":97},
    {"p1":49,
     "p2":95,
     "p3":96},
    {"p1":48,
     "p2":49,
     "p3":96},
    {"p1":39,
     "p2":40,
     "p3":41},
    {"p1":26,
     "p2":42,
     "p3":43},
    {"p1":26,
     "p2":27,
     "p3":42},
    {"p1":27,
     "p2":28,
     "p3":42},
    {"p1":28,
     "p2":36,
     "p3":42},
    {"p1":37,
     "p2":41,
     "p3":42},
    {"p1":36,
     "p2":37,
     "p3":42},
    {"p1":44,
     "p2":45,
     "p3":46},
    {"p1":0,
     "p2":1,
     "p3":20},
    {"p1":24,
     "p2":25,
     "p3":44},
    {"p1":23,
     "p2":24,
     "p3":44},
    {"p1":1,
     "p2":2,
     "p3":6},
    {"p1":2,
     "p2":3,
     "p3":6},
    {"p1":3,
     "p2":4,
     "p3":5},
    {"p1":3,
     "p2":5,
     "p3":6},
    {"p1":92,
     "p2":93,
     "p3":94},
    {"p1":81,
     "p2":92,
     "p3":94},
    {"p1":81,
     "p2":94,
     "p3":95},
    {"p1":38,
     "p2":39,
     "p3":41},
    {"p1":37,
     "p2":38,
     "p3":41},
    {"p1":20,
     "p2":104,
     "p3":105},
    {"p1":0,
     "p2":20,
     "p3":105},
    {"p1":12,
     "p2":13,
     "p3":14},
    {"p1":12,
     "p2":14,
     "p3":15},
    {"p1":6,
     "p2":7,
     "p3":10},
    {"p1":7,
     "p2":8,
     "p3":9},
    {"p1":7,
     "p2":9,
     "p3":10},
    {"p1":49,
     "p2":64,
     "p3":65},
    {"p1":49,
     "p2":63,
     "p3":64},
    {"p1":56,
     "p2":62,
     "p3":63},
    {"p1":59,
     "p2":60,
     "p3":62},
    {"p1":58,
     "p2":59,
     "p3":62},
    {"p1":60,
     "p2":61,
     "p3":62},
    {"p1":49,
     "p2":52,
     "p3":53},
    {"p1":49,
     "p2":53,
     "p3":54},
    {"p1":49,
     "p2":54,
     "p3":55},
    {"p1":49,
     "p2":55,
     "p3":63},
    {"p1":55,
     "p2":56,
     "p3":63},
    {"p1":6,
     "p2":10,
     "p3":11},
    {"p1":6,
     "p2":11,
     "p3":19},
    {"p1":11,
     "p2":12,
     "p3":15},
    {"p1":56,
     "p2":57,
     "p3":62},
    {"p1":57,
     "p2":58,
     "p3":62},
    {"p1":16,
     "p2":18,
     "p3":19},
    {"p1":11,
     "p2":16,
     "p3":19},
    {"p1":11,
     "p2":15,
     "p3":16},
    {"p1":16,
     "p2":17,
     "p3":18}]
}