{"points":[
    {"x":0.059908,
     "y":0.41935},
    {"x":0.032258,
     "y":0.447},
    {"x":0.02765,
     "y":0.47465},
    {"x":0.050691,
     "y":0.47465},
    {"x":0.082949,
     "y":0.46083},
    {"x":0.10599,
     "y":0.46083},
    {"x":0.13364,
     "y":0.47005},
    {"x":0.15207,
     "y":0.43779},
    {"x":0.17051,
     "y":0.41935},
    {"x":0.20276,
     "y":0.41475},
    {"x":0.19355,
     "y":0.3871},
    {"x":0.22581,
     "y":0.37788},
    {"x":0.22581,
     "y":0.41014},
    {"x":0.2212,
     "y":0.4424},
    {"x":0.21659,
     "y":0.47465},
    {"x":0.21659,
     "y":0.50691},
    {"x":0.19816,
     "y":0.53917},
    {"x":0.17972,
     "y":0.57143},
    {"x":0.1659,
     "y":0.60369},
    {"x":0.15668,
     "y":0.63594},
    {"x":0.15207,
     "y":0.6682},
    {"x":0.14747,
     "y":0.70046},
    {"x":0.15207,
     "y":0.73272},
    {"x":0.1659,
     "y":0.76498},
    {"x":0.19816,
     "y":0.78341},
    {"x":0.23041,
     "y":0.79263},
    {"x":0.26267,
     "y":0.79263},
    {"x":0.29493,
     "y":0.79263},
    {"x":0.32719,
     "y":0.78802},
    {"x":0.35945,
     "y":0.80184},
    {"x":0.39171,
     "y":0.80184},
    {"x":0.42396,
     "y":0.79263},
    {"x":0.447,
     "y":0.76498},
    {"x":0.47005,
     "y":0.74194},
    {"x":0.4977,
     "y":0.71889},
    {"x":0.52535,
     "y":0.69585},
    {"x":0.553,
     "y":0.67281},
    {"x":0.58525,
     "y":0.64516},
    {"x":0.61751,
     "y":0.62212},
    {"x":0.64977,
     "y":0.60369},
    {"x":0.68203,
     "y":0.60369},
    {"x":0.71429,
     "y":0.59908},
    {"x":0.74654,
     "y":0.58065},
    {"x":0.77419,
     "y":0.5576},
    {"x":0.80645,
     "y":0.52535},
    {"x":0.82949,
     "y":0.4977},
    {"x":0.85253,
     "y":0.47005},
    {"x":0.88018,
     "y":0.43779},
    {"x":0.89862,
     "y":0.40553},
    {"x":0.92166,
     "y":0.37327},
    {"x":0.93548,
     "y":0.34101},
    {"x":0.95392,
     "y":0.30876},
    {"x":0.96313,
     "y":0.2765},
    {"x":0.98157,
     "y":0.24424},
    {"x":0.99539,
     "y":0.21198},
    {"x":1,
     "y":0.17972},
    {"x":0.98618,
     "y":0.14747},
    {"x":0.95392,
     "y":0.13825},
    {"x":0.92166,
     "y":0.14286},
    {"x":0.91705,
     "y":0.11521},
    {"x":0.90783,
     "y":0.082949},
    {"x":0.87558,
     "y":0.059908},
    {"x":0.84332,
     "y":0.046083},
    {"x":0.81106,
     "y":0.032258},
    {"x":0.7788,
     "y":0.023041},
    {"x":0.74654,
     "y":0.013825},
    {"x":0.71429,
     "y":0.0046083},
    {"x":0.68203,
     "y":0},
    {"x":0.64977,
     "y":0},
    {"x":0.61751,
     "y":0.0092166},
    {"x":0.58525,
     "y":0.013825},
    {"x":0.553,
     "y":0.023041},
    {"x":0.52074,
     "y":0.02765},
    {"x":0.48848,
     "y":0.032258},
    {"x":0.45622,
     "y":0.032258},
    {"x":0.42396,
     "y":0.036866},
    {"x":0.39171,
     "y":0.032258},
    {"x":0.35945,
     "y":0.018433},
    {"x":0.3318,
     "y":0.02765},
    {"x":0.32719,
     "y":0.059908},
    {"x":0.35945,
     "y":0.064516},
    {"x":0.33641,
     "y":0.078341},
    {"x":0.30415,
     "y":0.082949},
    {"x":0.27189,
     "y":0.082949},
    {"x":0.23963,
     "y":0.073733},
    {"x":0.21198,
     "y":0.0553},
    {"x":0.19355,
     "y":0.078341},
    {"x":0.20737,
     "y":0.10138},
    {"x":0.23963,
     "y":0.1106},
    {"x":0.24424,
     "y":0.12442},
    {"x":0.22581,
     "y":0.14286},
    {"x":0.23502,
     "y":0.17051},
    {"x":0.26728,
     "y":0.1659},
    {"x":0.29954,
     "y":0.17512},
    {"x":0.3318,
     "y":0.17972},
    {"x":0.32719,
     "y":0.20276},
    {"x":0.30876,
     "y":0.23502},
    {"x":0.29032,
     "y":0.26728},
    {"x":0.25806,
     "y":0.2765},
    {"x":0.22581,
     "y":0.2765},
    {"x":0.19355,
     "y":0.28111},
    {"x":0.16129,
     "y":0.28571},
    {"x":0.12903,
     "y":0.29954},
    {"x":0.096774,
     "y":0.32258},
    {"x":0.069124,
     "y":0.35023},
    {"x":0.036866,
     "y":0.36866},
    {"x":0.0046083,
     "y":0.37788},
    {"x":0,
     "y":0.40553},
    {"x":0.032258,
     "y":0.41014},
    {"x":0.064516,
     "y":0.40092},
    {"x":0.059908,
     "y":0.41935}],
 "triangles":[
    {"p1":106,
     "p2":107,
     "p3":108},
    {"p1":1,
     "p2":2,
     "p3":3},
    {"p1":39,
     "p2":96,
     "p3":97},
    {"p1":39,
     "p2":42,
     "p3":43},
    {"p1":39,
     "p2":43,
     "p3":44},
    {"p1":55,
     "p2":56,
     "p3":57},
    {"p1":54,
     "p2":55,
     "p3":57},
    {"p1":15,
     "p2":36,
     "p3":37},
    {"p1":105,
     "p2":106,
     "p3":108},
    {"p1":15,
     "p2":34,
     "p3":35},
    {"p1":15,
     "p2":35,
     "p3":36},
    {"p1":15,
     "p2":33,
     "p3":34},
    {"p1":39,
     "p2":40,
     "p3":42},
    {"p1":40,
     "p2":41,
     "p3":42},
    {"p1":30,
     "p2":31,
     "p3":32},
    {"p1":39,
     "p2":44,
     "p3":45},
    {"p1":45,
     "p2":46,
     "p3":71},
    {"p1":84,
     "p2":85,
     "p3":86},
    {"p1":84,
     "p2":86,
     "p3":87},
    {"p1":105,
     "p2":108,
     "p3":109},
    {"p1":104,
     "p2":105,
     "p3":109},
    {"p1":46,
     "p2":69,
     "p3":71},
    {"p1":46,
     "p2":48,
     "p3":69},
    {"p1":66,
     "p2":67,
     "p3":69},
    {"p1":67,
     "p2":68,
     "p3":69},
    {"p1":58,
     "p2":63,
     "p3":64},
    {"p1":48,
     "p2":58,
     "p3":64},
    {"p1":53,
     "p2":54,
     "p3":58},
    {"p1":54,
     "p2":57,
     "p3":58},
    {"p1":28,
     "p2":32,
     "p3":33},
    {"p1":28,
     "p2":29,
     "p3":30},
    {"p1":28,
     "p2":30,
     "p3":32},
    {"p1":8,
     "p2":103,
     "p3":104},
    {"p1":8,
     "p2":104,
     "p3":109},
    {"p1":20,
     "p2":25,
     "p3":26},
    {"p1":19,
     "p2":20,
     "p3":26},
    {"p1":12,
     "p2":13,
     "p3":37},
    {"p1":11,
     "p2":12,
     "p3":97},
    {"p1":11,
     "p2":99,
     "p3":100},
    {"p1":38,
     "p2":39,
     "p3":97},
    {"p1":12,
     "p2":38,
     "p3":97},
    {"p1":12,
     "p2":37,
     "p3":38},
    {"p1":46,
     "p2":47,
     "p3":48},
    {"p1":76,
     "p2":77,
     "p3":80},
    {"p1":77,
     "p2":78,
     "p3":80},
    {"p1":75,
     "p2":76,
     "p3":80},
    {"p1":78,
     "p2":79,
     "p3":80},
    {"p1":83,
     "p2":84,
     "p3":88},
    {"p1":84,
     "p2":87,
     "p3":88},
    {"p1":48,
     "p2":64,
     "p3":65},
    {"p1":48,
     "p2":65,
     "p3":69},
    {"p1":65,
     "p2":66,
     "p3":69},
    {"p1":69,
     "p2":70,
     "p3":71},
    {"p1":58,
     "p2":62,
     "p3":63},
    {"p1":48,
     "p2":50,
     "p3":58},
    {"p1":15,
     "p2":16,
     "p3":33},
    {"p1":16,
     "p2":28,
     "p3":33},
    {"p1":18,
     "p2":19,
     "p3":27},
    {"p1":18,
     "p2":27,
     "p3":28},
    {"p1":19,
     "p2":26,
     "p3":27},
    {"p1":22,
     "p2":23,
     "p3":24},
    {"p1":14,
     "p2":15,
     "p3":37},
    {"p1":13,
     "p2":14,
     "p3":37},
    {"p1":11,
     "p2":97,
     "p3":98},
    {"p1":11,
     "p2":98,
     "p3":99},
    {"p1":8,
     "p2":9,
     "p3":10},
    {"p1":10,
     "p2":102,
     "p3":103},
    {"p1":8,
     "p2":10,
     "p3":103},
    {"p1":10,
     "p2":11,
     "p3":100},
    {"p1":0,
     "p2":1,
     "p3":4},
    {"p1":1,
     "p2":3,
     "p3":4},
    {"p1":80,
     "p2":81,
     "p3":94},
    {"p1":75,
     "p2":80,
     "p3":94},
    {"p1":74,
     "p2":75,
     "p3":94},
    {"p1":73,
     "p2":74,
     "p3":94},
    {"p1":81,
     "p2":82,
     "p3":94},
    {"p1":82,
     "p2":93,
     "p3":94},
    {"p1":90,
     "p2":91,
     "p3":92},
    {"p1":82,
     "p2":92,
     "p3":93},
    {"p1":59,
     "p2":60,
     "p3":61},
    {"p1":59,
     "p2":61,
     "p3":62},
    {"p1":58,
     "p2":59,
     "p3":62},
    {"p1":52,
     "p2":53,
     "p3":58},
    {"p1":50,
     "p2":52,
     "p3":58},
    {"p1":48,
     "p2":49,
     "p3":50},
    {"p1":17,
     "p2":18,
     "p3":28},
    {"p1":16,
     "p2":17,
     "p3":28},
    {"p1":21,
     "p2":22,
     "p3":24},
    {"p1":21,
     "p2":24,
     "p3":25},
    {"p1":20,
     "p2":21,
     "p3":25},
    {"p1":10,
     "p2":101,
     "p3":102},
    {"p1":10,
     "p2":100,
     "p3":101},
    {"p1":0,
     "p2":5,
     "p3":109},
    {"p1":0,
     "p2":4,
     "p3":5},
    {"p1":39,
     "p2":95,
     "p3":96},
    {"p1":39,
     "p2":45,
     "p3":95},
    {"p1":45,
     "p2":71,
     "p3":95},
    {"p1":71,
     "p2":72,
     "p3":95},
    {"p1":72,
     "p2":73,
     "p3":95},
    {"p1":73,
     "p2":94,
     "p3":95},
    {"p1":89,
     "p2":90,
     "p3":92},
    {"p1":83,
     "p2":88,
     "p3":89},
    {"p1":82,
     "p2":83,
     "p3":89},
    {"p1":82,
     "p2":89,
     "p3":92},
    {"p1":50,
     "p2":51,
     "p3":52},
    {"p1":5,
     "p2":6,
     "p3":7},
    {"p1":7,
     "p2":8,
     "p3":109},
    {"p1":5,
     "p2":7,
     "p3":109}]
}