{"points":[
    {"x":0.046729,
     "y":0.42523},
    {"x":0.018692,
     "y":0.45794},
    {"x":0.037383,
     "y":0.47664},
    {"x":0.070093,
     "y":0.46729},
    {"x":0.093458,
     "y":0.46729},
    {"x":0.1215,
     "y":0.47664},
    {"x":0.14019,
     "y":0.44393},
    {"x":0.15888,
     "y":0.42523},
    {"x":0.18692,
     "y":0.41121},
    {"x":0.19626,
     "y":0.38318},
    {"x":0.21963,
     "y":0.3972},
    {"x":0.21495,
     "y":0.42991},
    {"x":0.21028,
     "y":0.46262},
    {"x":0.20561,
     "y":0.49533},
    {"x":0.19626,
     "y":0.52804},
    {"x":0.17757,
     "y":0.56075},
    {"x":0.16355,
     "y":0.59346},
    {"x":0.14953,
     "y":0.62617},
    {"x":0.14486,
     "y":0.65888},
    {"x":0.14019,
     "y":0.69159},
    {"x":0.14019,
     "y":0.7243},
    {"x":0.14953,
     "y":0.75701},
    {"x":0.16822,
     "y":0.78505},
    {"x":0.20093,
     "y":0.79907},
    {"x":0.23364,
     "y":0.80374},
    {"x":0.26636,
     "y":0.80374},
    {"x":0.29907,
     "y":0.79907},
    {"x":0.33178,
     "y":0.81308},
    {"x":0.36449,
     "y":0.8271},
    {"x":0.3972,
     "y":0.82243},
    {"x":0.42056,
     "y":0.79439},
    {"x":0.44393,
     "y":0.76636},
    {"x":0.47196,
     "y":0.74299},
    {"x":0.5,
     "y":0.7243},
    {"x":0.52336,
     "y":0.70093},
    {"x":0.55607,
     "y":0.6729},
    {"x":0.58879,
     "y":0.64953},
    {"x":0.6215,
     "y":0.62617},
    {"x":0.65421,
     "y":0.6028},
    {"x":0.68692,
     "y":0.61215},
    {"x":0.71963,
     "y":0.6028},
    {"x":0.75234,
     "y":0.57944},
    {"x":0.78037,
     "y":0.55607},
    {"x":0.80841,
     "y":0.52336},
    {"x":0.83645,
     "y":0.49065},
    {"x":0.85981,
     "y":0.45794},
    {"x":0.87383,
     "y":0.42523},
    {"x":0.88785,
     "y":0.39252},
    {"x":0.90654,
     "y":0.35981},
    {"x":0.92523,
     "y":0.3271},
    {"x":0.9486,
     "y":0.29439},
    {"x":0.97196,
     "y":0.26168},
    {"x":0.99065,
     "y":0.22897},
    {"x":1,
     "y":0.19626},
    {"x":0.99533,
     "y":0.16355},
    {"x":0.96729,
     "y":0.14486},
    {"x":0.93458,
     "y":0.14019},
    {"x":0.91121,
     "y":0.13084},
    {"x":0.91589,
     "y":0.098131},
    {"x":0.88785,
     "y":0.065421},
    {"x":0.85514,
     "y":0.051402},
    {"x":0.82243,
     "y":0.037383},
    {"x":0.78972,
     "y":0.023364},
    {"x":0.75701,
     "y":0.018692},
    {"x":0.7243,
     "y":0.0093458},
    {"x":0.69159,
     "y":0.0046729},
    {"x":0.65888,
     "y":0},
    {"x":0.62617,
     "y":0.0046729},
    {"x":0.59346,
     "y":0.0093458},
    {"x":0.56075,
     "y":0.018692},
    {"x":0.52804,
     "y":0.028037},
    {"x":0.49533,
     "y":0.03271},
    {"x":0.46262,
     "y":0.03271},
    {"x":0.42991,
     "y":0.03271},
    {"x":0.3972,
     "y":0.03271},
    {"x":0.36449,
     "y":0.023364},
    {"x":0.33178,
     "y":0.018692},
    {"x":0.29907,
     "y":0.018692},
    {"x":0.26636,
     "y":0.018692},
    {"x":0.24299,
     "y":0.03271},
    {"x":0.2757,
     "y":0.051402},
    {"x":0.30841,
     "y":0.060748},
    {"x":0.34112,
     "y":0.065421},
    {"x":0.33645,
     "y":0.079439},
    {"x":0.30374,
     "y":0.084112},
    {"x":0.27103,
     "y":0.084112},
    {"x":0.23832,
     "y":0.074766},
    {"x":0.20561,
     "y":0.070093},
    {"x":0.18224,
     "y":0.084112},
    {"x":0.21028,
     "y":0.10748},
    {"x":0.24299,
     "y":0.11682},
    {"x":0.21963,
     "y":0.12617},
    {"x":0.18692,
     "y":0.1215},
    {"x":0.15421,
     "y":0.1215},
    {"x":0.15888,
     "y":0.14953},
    {"x":0.19159,
     "y":0.16355},
    {"x":0.2243,
     "y":0.1729},
    {"x":0.25701,
     "y":0.16822},
    {"x":0.28972,
     "y":0.17757},
    {"x":0.32243,
     "y":0.18224},
    {"x":0.31776,
     "y":0.20561},
    {"x":0.29907,
     "y":0.23832},
    {"x":0.28037,
     "y":0.27103},
    {"x":0.24766,
     "y":0.28037},
    {"x":0.21495,
     "y":0.28037},
    {"x":0.18224,
     "y":0.28505},
    {"x":0.14953,
     "y":0.28972},
    {"x":0.11682,
     "y":0.30374},
    {"x":0.084112,
     "y":0.3271},
    {"x":0.056075,
     "y":0.35514},
    {"x":0.023364,
     "y":0.37383},
    {"x":0,
     "y":0.40654},
    {"x":0.028037,
     "y":0.41121},
    {"x":0.060748,
     "y":0.41121},
    {"x":0.046729,
     "y":0.42523}],
 "triangles":[
    {"p1":53,
     "p2":54,
     "p3":55},
    {"p1":21,
     "p2":22,
     "p3":23},
    {"p1":0,
     "p2":1,
     "p3":2},
    {"p1":20,
     "p2":21,
     "p3":23},
    {"p1":38,
     "p2":101,
     "p3":102},
    {"p1":37,
     "p2":38,
     "p3":102},
    {"p1":27,
     "p2":28,
     "p3":30},
    {"p1":28,
     "p2":29,
     "p3":30},
    {"p1":20,
     "p2":23,
     "p3":24},
    {"p1":72,
     "p2":73,
     "p3":99},
    {"p1":92,
     "p2":93,
     "p3":94},
    {"p1":38,
     "p2":100,
     "p3":101},
    {"p1":38,
     "p2":70,
     "p3":100},
    {"p1":38,
     "p2":42,
     "p3":43},
    {"p1":46,
     "p2":47,
     "p3":70},
    {"p1":71,
     "p2":72,
     "p3":99},
    {"p1":71,
     "p2":99,
     "p3":100},
    {"p1":70,
     "p2":71,
     "p3":100},
    {"p1":47,
     "p2":69,
     "p3":70},
    {"p1":67,
     "p2":68,
     "p3":69},
    {"p1":47,
     "p2":67,
     "p3":69},
    {"p1":38,
     "p2":41,
     "p3":42},
    {"p1":38,
     "p2":40,
     "p3":41},
    {"p1":38,
     "p2":39,
     "p3":40},
    {"p1":108,
     "p2":109,
     "p3":113},
    {"p1":27,
     "p2":30,
     "p3":31},
    {"p1":9,
     "p2":106,
     "p3":107},
    {"p1":9,
     "p2":107,
     "p3":108},
    {"p1":13,
     "p2":34,
     "p3":35},
    {"p1":13,
     "p2":14,
     "p3":34},
    {"p1":75,
     "p2":76,
     "p3":82},
    {"p1":73,
     "p2":83,
     "p3":99},
    {"p1":74,
     "p2":75,
     "p3":82},
    {"p1":74,
     "p2":82,
     "p3":83},
    {"p1":73,
     "p2":74,
     "p3":83},
    {"p1":78,
     "p2":79,
     "p3":80},
    {"p1":91,
     "p2":96,
     "p3":97},
    {"p1":38,
     "p2":43,
     "p3":44},
    {"p1":38,
     "p2":44,
     "p3":70},
    {"p1":44,
     "p2":46,
     "p3":70},
    {"p1":47,
     "p2":65,
     "p3":67},
    {"p1":65,
     "p2":66,
     "p3":67},
    {"p1":63,
     "p2":64,
     "p3":65},
    {"p1":47,
     "p2":63,
     "p3":65},
    {"p1":91,
     "p2":92,
     "p3":95},
    {"p1":91,
     "p2":95,
     "p3":96},
    {"p1":92,
     "p2":94,
     "p3":95},
    {"p1":110,
     "p2":112,
     "p3":113},
    {"p1":109,
     "p2":110,
     "p3":113},
    {"p1":110,
     "p2":111,
     "p3":112},
    {"p1":14,
     "p2":31,
     "p3":32},
    {"p1":14,
     "p2":32,
     "p3":34},
    {"p1":32,
     "p2":33,
     "p3":34},
    {"p1":9,
     "p2":105,
     "p3":106},
    {"p1":7,
     "p2":108,
     "p3":113},
    {"p1":7,
     "p2":9,
     "p3":108},
    {"p1":11,
     "p2":35,
     "p3":36},
    {"p1":0,
     "p2":2,
     "p3":3},
    {"p1":0,
     "p2":3,
     "p3":113},
    {"p1":77,
     "p2":78,
     "p3":80},
    {"p1":83,
     "p2":84,
     "p3":99},
    {"p1":90,
     "p2":91,
     "p3":97},
    {"p1":84,
     "p2":85,
     "p3":90},
    {"p1":44,
     "p2":45,
     "p3":46},
    {"p1":57,
     "p2":58,
     "p3":59},
    {"p1":57,
     "p2":59,
     "p3":60},
    {"p1":47,
     "p2":48,
     "p3":63},
    {"p1":48,
     "p2":57,
     "p3":63},
    {"p1":48,
     "p2":49,
     "p3":57},
    {"p1":9,
     "p2":103,
     "p3":104},
    {"p1":9,
     "p2":104,
     "p3":105},
    {"p1":6,
     "p2":7,
     "p3":113},
    {"p1":12,
     "p2":13,
     "p3":35},
    {"p1":11,
     "p2":12,
     "p3":35},
    {"p1":10,
     "p2":11,
     "p3":36},
    {"p1":10,
     "p2":37,
     "p3":102},
    {"p1":10,
     "p2":36,
     "p3":37},
    {"p1":10,
     "p2":102,
     "p3":103},
    {"p1":9,
     "p2":10,
     "p3":103},
    {"p1":7,
     "p2":8,
     "p3":9},
    {"p1":19,
     "p2":20,
     "p3":24},
    {"p1":16,
     "p2":18,
     "p3":26},
    {"p1":15,
     "p2":16,
     "p3":26},
    {"p1":26,
     "p2":27,
     "p3":31},
    {"p1":14,
     "p2":26,
     "p3":31},
    {"p1":14,
     "p2":15,
     "p3":26},
    {"p1":16,
     "p2":17,
     "p3":18},
    {"p1":77,
     "p2":80,
     "p3":81},
    {"p1":76,
     "p2":81,
     "p3":82},
    {"p1":76,
     "p2":77,
     "p3":81},
    {"p1":85,
     "p2":86,
     "p3":90},
    {"p1":86,
     "p2":87,
     "p3":89},
    {"p1":86,
     "p2":89,
     "p3":90},
    {"p1":90,
     "p2":97,
     "p3":98},
    {"p1":84,
     "p2":90,
     "p3":98},
    {"p1":84,
     "p2":98,
     "p3":99},
    {"p1":87,
     "p2":88,
     "p3":89},
    {"p1":53,
     "p2":55,
     "p3":56},
    {"p1":61,
     "p2":62,
     "p3":63},
    {"p1":57,
     "p2":61,
     "p3":63},
    {"p1":57,
     "p2":60,
     "p3":61},
    {"p1":4,
     "p2":5,
     "p3":6},
    {"p1":3,
     "p2":4,
     "p3":113},
    {"p1":4,
     "p2":6,
     "p3":113},
    {"p1":18,
     "p2":25,
     "p3":26},
    {"p1":19,
     "p2":24,
     "p3":25},
    {"p1":18,
     "p2":19,
     "p3":25},
    {"p1":51,
     "p2":56,
     "p3":57},
    {"p1":52,
     "p2":53,
     "p3":56},
    {"p1":51,
     "p2":52,
     "p3":56},
    {"p1":49,
     "p2":50,
     "p3":57},
    {"p1":50,
     "p2":51,
     "p3":57}]
}