{"points":[
    {"x":0.22008,
     "y":0.47104},
    {"x":0.22394,
     "y":0.50965},
    {"x":0.22008,
     "y":0.54826},
    {"x":0.20463,
     "y":0.58687},
    {"x":0.18533,
     "y":0.62548},
    {"x":0.16602,
     "y":0.66409},
    {"x":0.15444,
     "y":0.7027},
    {"x":0.15058,
     "y":0.74131},
    {"x":0.1583,
     "y":0.77992},
    {"x":0.14286,
     "y":0.81467},
    {"x":0.11197,
     "y":0.8417},
    {"x":0.07722,
     "y":0.861},
    {"x":0.069498,
     "y":0.88417},
    {"x":0.10039,
     "y":0.89189},
    {"x":0.096525,
     "y":0.9305},
    {"x":0.12741,
     "y":0.92278},
    {"x":0.15444,
     "y":0.89575},
    {"x":0.17375,
     "y":0.861},
    {"x":0.20077,
     "y":0.84942},
    {"x":0.23938,
     "y":0.86873},
    {"x":0.27799,
     "y":0.86873},
    {"x":0.3166,
     "y":0.85714},
    {"x":0.35521,
     "y":0.86873},
    {"x":0.39382,
     "y":0.87259},
    {"x":0.42471,
     "y":0.83784},
    {"x":0.43243,
     "y":0.79923},
    {"x":0.46332,
     "y":0.7722},
    {"x":0.50193,
     "y":0.74131},
    {"x":0.52896,
     "y":0.71429},
    {"x":0.55598,
     "y":0.67954},
    {"x":0.58301,
     "y":0.64093},
    {"x":0.61776,
     "y":0.62162},
    {"x":0.65637,
     "y":0.60618},
    {"x":0.69498,
     "y":0.58687},
    {"x":0.73359,
     "y":0.57915},
    {"x":0.7722,
     "y":0.55985},
    {"x":0.78764,
     "y":0.52124},
    {"x":0.82239,
     "y":0.5444},
    {"x":0.861,
     "y":0.5444},
    {"x":0.89189,
     "y":0.51737},
    {"x":0.92278,
     "y":0.47876},
    {"x":0.94981,
     "y":0.44015},
    {"x":0.96911,
     "y":0.40154},
    {"x":0.97683,
     "y":0.36293},
    {"x":0.98069,
     "y":0.32432},
    {"x":0.98069,
     "y":0.28571},
    {"x":0.98842,
     "y":0.2471},
    {"x":1,
     "y":0.20849},
    {"x":1,
     "y":0.16988},
    {"x":0.98456,
     "y":0.13514},
    {"x":0.95367,
     "y":0.11197},
    {"x":0.91506,
     "y":0.096525},
    {"x":0.87645,
     "y":0.07722},
    {"x":0.8417,
     "y":0.054054},
    {"x":0.80309,
     "y":0.042471},
    {"x":0.76448,
     "y":0.027027},
    {"x":0.72587,
     "y":0.023166},
    {"x":0.69112,
     "y":0.007722},
    {"x":0.65251,
     "y":0},
    {"x":0.6139,
     "y":0},
    {"x":0.57529,
     "y":0},
    {"x":0.53668,
     "y":0},
    {"x":0.49807,
     "y":0.003861},
    {"x":0.45946,
     "y":0.011583},
    {"x":0.42085,
     "y":0.015444},
    {"x":0.38224,
     "y":0.027027},
    {"x":0.34363,
     "y":0.03861},
    {"x":0.30502,
     "y":0.054054},
    {"x":0.26641,
     "y":0.065637},
    {"x":0.2278,
     "y":0.069498},
    {"x":0.2278,
     "y":0.092664},
    {"x":0.23166,
     "y":0.13127},
    {"x":0.19305,
     "y":0.14672},
    {"x":0.15444,
     "y":0.15058},
    {"x":0.12355,
     "y":0.17375},
    {"x":0.1583,
     "y":0.18533},
    {"x":0.19691,
     "y":0.18147},
    {"x":0.23552,
     "y":0.17375},
    {"x":0.25869,
     "y":0.19691},
    {"x":0.2973,
     "y":0.19305},
    {"x":0.33591,
     "y":0.19305},
    {"x":0.32046,
     "y":0.22008},
    {"x":0.2973,
     "y":0.25869},
    {"x":0.28571,
     "y":0.2973},
    {"x":0.25869,
     "y":0.2973},
    {"x":0.25869,
     "y":0.26641},
    {"x":0.23166,
     "y":0.2471},
    {"x":0.19305,
     "y":0.23552},
    {"x":0.15444,
     "y":0.22394},
    {"x":0.11583,
     "y":0.21236},
    {"x":0.07722,
     "y":0.21622},
    {"x":0.042471,
     "y":0.23938},
    {"x":0.027027,
     "y":0.27799},
    {"x":0.015444,
     "y":0.3166},
    {"x":0,
     "y":0.35521},
    {"x":0.011583,
     "y":0.38224},
    {"x":0.03861,
     "y":0.35521},
    {"x":0.061776,
     "y":0.33205},
    {"x":0.069498,
     "y":0.37066},
    {"x":0.069498,
     "y":0.40927},
    {"x":0.073359,
     "y":0.44402},
    {"x":0.096525,
     "y":0.42085},
    {"x":0.10811,
     "y":0.38224},
    {"x":0.11583,
     "y":0.34749},
    {"x":0.14672,
     "y":0.3861},
    {"x":0.17761,
     "y":0.39768},
    {"x":0.19691,
     "y":0.38996},
    {"x":0.21236,
     "y":0.42857},
    {"x":0.22008,
     "y":0.46718},
    {"x":0.22008,
     "y":0.47104}],
 "triangles":[
    {"p1":47,
     "p2":48,
     "p3":50},
    {"p1":48,
     "p2":49,
     "p3":50},
    {"p1":8,
     "p2":18,
     "p3":20},
    {"p1":3,
     "p2":4,
     "p3":25},
    {"p1":13,
     "p2":15,
     "p3":16},
    {"p1":11,
     "p2":12,
     "p3":13},
    {"p1":13,
     "p2":14,
     "p3":15},
    {"p1":22,
     "p2":23,
     "p3":24},
    {"p1":22,
     "p2":24,
     "p3":25},
    {"p1":4,
     "p2":21,
     "p3":25},
    {"p1":21,
     "p2":22,
     "p3":25},
    {"p1":8,
     "p2":20,
     "p3":21},
    {"p1":18,
     "p2":19,
     "p3":20},
    {"p1":1,
     "p2":2,
     "p3":30},
    {"p1":91,
     "p2":92,
     "p3":97},
    {"p1":2,
     "p2":29,
     "p3":30},
    {"p1":2,
     "p2":28,
     "p3":29},
    {"p1":36,
     "p2":39,
     "p3":40},
    {"p1":36,
     "p2":40,
     "p3":41},
    {"p1":36,
     "p2":59,
     "p3":80},
    {"p1":84,
     "p2":103,
     "p3":106},
    {"p1":36,
     "p2":43,
     "p3":44},
    {"p1":41,
     "p2":42,
     "p3":43},
    {"p1":36,
     "p2":41,
     "p3":43},
    {"p1":46,
     "p2":47,
     "p3":50},
    {"p1":46,
     "p2":50,
     "p3":51},
    {"p1":9,
     "p2":17,
     "p3":18},
    {"p1":8,
     "p2":9,
     "p3":18},
    {"p1":6,
     "p2":7,
     "p3":21},
    {"p1":7,
     "p2":8,
     "p3":21},
    {"p1":2,
     "p2":27,
     "p3":28},
    {"p1":5,
     "p2":6,
     "p3":21},
    {"p1":4,
     "p2":5,
     "p3":21},
    {"p1":94,
     "p2":95,
     "p3":96},
    {"p1":90,
     "p2":91,
     "p3":97},
    {"p1":36,
     "p2":56,
     "p3":59},
    {"p1":68,
     "p2":69,
     "p3":70},
    {"p1":87,
     "p2":88,
     "p3":103},
    {"p1":84,
     "p2":87,
     "p3":103},
    {"p1":31,
     "p2":32,
     "p3":83},
    {"p1":30,
     "p2":31,
     "p3":83},
    {"p1":83,
     "p2":84,
     "p3":106},
    {"p1":83,
     "p2":106,
     "p3":107},
    {"p1":10,
     "p2":11,
     "p3":13},
    {"p1":9,
     "p2":10,
     "p3":17},
    {"p1":10,
     "p2":16,
     "p3":17},
    {"p1":10,
     "p2":13,
     "p3":16},
    {"p1":3,
     "p2":25,
     "p3":26},
    {"p1":2,
     "p2":3,
     "p3":26},
    {"p1":2,
     "p2":26,
     "p3":27},
    {"p1":103,
     "p2":104,
     "p3":106},
    {"p1":104,
     "p2":105,
     "p3":106},
    {"p1":97,
     "p2":98,
     "p3":103},
    {"p1":92,
     "p2":93,
     "p3":97},
    {"p1":93,
     "p2":96,
     "p3":97},
    {"p1":93,
     "p2":94,
     "p3":96},
    {"p1":88,
     "p2":89,
     "p3":103},
    {"p1":89,
     "p2":97,
     "p3":103},
    {"p1":89,
     "p2":90,
     "p3":97},
    {"p1":45,
     "p2":46,
     "p3":51},
    {"p1":45,
     "p2":51,
     "p3":52},
    {"p1":36,
     "p2":44,
     "p3":45},
    {"p1":34,
     "p2":35,
     "p3":36},
    {"p1":33,
     "p2":34,
     "p3":36},
    {"p1":33,
     "p2":36,
     "p3":80},
    {"p1":36,
     "p2":54,
     "p3":56},
    {"p1":36,
     "p2":45,
     "p3":54},
    {"p1":45,
     "p2":52,
     "p3":54},
    {"p1":54,
     "p2":55,
     "p3":56},
    {"p1":52,
     "p2":53,
     "p3":54},
    {"p1":66,
     "p2":67,
     "p3":80},
    {"p1":67,
     "p2":68,
     "p3":79},
    {"p1":67,
     "p2":79,
     "p3":80},
    {"p1":64,
     "p2":65,
     "p3":80},
    {"p1":65,
     "p2":66,
     "p3":80},
    {"p1":59,
     "p2":60,
     "p3":80},
    {"p1":63,
     "p2":64,
     "p3":80},
    {"p1":62,
     "p2":63,
     "p3":80},
    {"p1":68,
     "p2":71,
     "p3":79},
    {"p1":71,
     "p2":77,
     "p3":79},
    {"p1":68,
     "p2":70,
     "p3":71},
    {"p1":71,
     "p2":72,
     "p3":77},
    {"p1":84,
     "p2":86,
     "p3":87},
    {"p1":83,
     "p2":107,
     "p3":108},
    {"p1":1,
     "p2":30,
     "p3":108},
    {"p1":30,
     "p2":83,
     "p3":108},
    {"p1":37,
     "p2":38,
     "p3":39},
    {"p1":36,
     "p2":37,
     "p3":39},
    {"p1":56,
     "p2":58,
     "p3":59},
    {"p1":56,
     "p2":57,
     "p3":58},
    {"p1":61,
     "p2":62,
     "p3":80},
    {"p1":60,
     "p2":61,
     "p3":80},
    {"p1":99,
     "p2":100,
     "p3":101},
    {"p1":98,
     "p2":102,
     "p3":103},
    {"p1":98,
     "p2":99,
     "p3":102},
    {"p1":99,
     "p2":101,
     "p3":102},
    {"p1":72,
     "p2":76,
     "p3":77},
    {"p1":77,
     "p2":78,
     "p3":79},
    {"p1":0,
     "p2":1,
     "p3":108},
    {"p1":72,
     "p2":73,
     "p3":75},
    {"p1":72,
     "p2":75,
     "p3":76},
    {"p1":73,
     "p2":74,
     "p3":75},
    {"p1":81,
     "p2":82,
     "p3":83},
    {"p1":32,
     "p2":81,
     "p3":83},
    {"p1":32,
     "p2":33,
     "p3":81},
    {"p1":33,
     "p2":80,
     "p3":81},
    {"p1":84,
     "p2":85,
     "p3":86}]
}