{"points":[
    {"x":0.18584,
     "y":0.50147},
    {"x":0.19174,
     "y":0.53392},
    {"x":0.18879,
     "y":0.56637},
    {"x":0.18584,
     "y":0.59882},
    {"x":0.17994,
     "y":0.63127},
    {"x":0.16814,
     "y":0.66372},
    {"x":0.15929,
     "y":0.69617},
    {"x":0.15044,
     "y":0.72861},
    {"x":0.14749,
     "y":0.76106},
    {"x":0.14749,
     "y":0.79351},
    {"x":0.14749,
     "y":0.82596},
    {"x":0.14749,
     "y":0.85841},
    {"x":0.14454,
     "y":0.89086},
    {"x":0.14749,
     "y":0.9233},
    {"x":0.15929,
     "y":0.95575},
    {"x":0.17404,
     "y":0.98525},
    {"x":0.20354,
     "y":1},
    {"x":0.23599,
     "y":0.99705},
    {"x":0.26844,
     "y":0.98525},
    {"x":0.30088,
     "y":0.9705},
    {"x":0.33333,
     "y":0.96755},
    {"x":0.36578,
     "y":0.9705},
    {"x":0.39823,
     "y":0.9587},
    {"x":0.41888,
     "y":0.9292},
    {"x":0.42773,
     "y":0.89676},
    {"x":0.43658,
     "y":0.86431},
    {"x":0.46018,
     "y":0.83186},
    {"x":0.48378,
     "y":0.79941},
    {"x":0.50147,
     "y":0.77286},
    {"x":0.52802,
     "y":0.74041},
    {"x":0.55752,
     "y":0.70796},
    {"x":0.58702,
     "y":0.67847},
    {"x":0.61062,
     "y":0.65487},
    {"x":0.64307,
     "y":0.63127},
    {"x":0.67552,
     "y":0.61062},
    {"x":0.70206,
     "y":0.58407},
    {"x":0.72271,
     "y":0.55457},
    {"x":0.74041,
     "y":0.52507},
    {"x":0.77286,
     "y":0.50442},
    {"x":0.80236,
     "y":0.48083},
    {"x":0.83186,
     "y":0.44838},
    {"x":0.85841,
     "y":0.41593},
    {"x":0.87906,
     "y":0.38348},
    {"x":0.89381,
     "y":0.35103},
    {"x":0.90265,
     "y":0.31858},
    {"x":0.90855,
     "y":0.28614},
    {"x":0.91445,
     "y":0.25369},
    {"x":0.9056,
     "y":0.22124},
    {"x":0.87611,
     "y":0.19469},
    {"x":0.84366,
     "y":0.18879},
    {"x":0.81121,
     "y":0.17699},
    {"x":0.79646,
     "y":0.14749},
    {"x":0.76991,
     "y":0.12389},
    {"x":0.73746,
     "y":0.10324},
    {"x":0.70796,
     "y":0.073746},
    {"x":0.67552,
     "y":0.050147},
    {"x":0.64307,
     "y":0.029499},
    {"x":0.61062,
     "y":0.014749},
    {"x":0.57817,
     "y":0.0058997},
    {"x":0.54572,
     "y":0},
    {"x":0.51327,
     "y":0},
    {"x":0.48083,
     "y":0.0029499},
    {"x":0.44838,
     "y":0.011799},
    {"x":0.41593,
     "y":0.020649},
    {"x":0.38348,
     "y":0.032448},
    {"x":0.35103,
     "y":0.044248},
    {"x":0.31858,
     "y":0.058997},
    {"x":0.28614,
     "y":0.073746},
    {"x":0.25369,
     "y":0.085546},
    {"x":0.22124,
     "y":0.073746},
    {"x":0.18879,
     "y":0.076696},
    {"x":0.19174,
     "y":0.10029},
    {"x":0.15929,
     "y":0.11209},
    {"x":0.17109,
     "y":0.13864},
    {"x":0.20354,
     "y":0.13864},
    {"x":0.20944,
     "y":0.15044},
    {"x":0.17994,
     "y":0.16519},
    {"x":0.20354,
     "y":0.17994},
    {"x":0.21239,
     "y":0.20944},
    {"x":0.23894,
     "y":0.23599},
    {"x":0.27139,
     "y":0.25664},
    {"x":0.30383,
     "y":0.27729},
    {"x":0.33628,
     "y":0.29204},
    {"x":0.32153,
     "y":0.31858},
    {"x":0.29794,
     "y":0.34513},
    {"x":0.28319,
     "y":0.37168},
    {"x":0.26844,
     "y":0.40413},
    {"x":0.24484,
     "y":0.38053},
    {"x":0.22124,
     "y":0.35103},
    {"x":0.19174,
     "y":0.31858},
    {"x":0.16224,
     "y":0.29499},
    {"x":0.12979,
     "y":0.28319},
    {"x":0.097345,
     "y":0.28024},
    {"x":0.064897,
     "y":0.29499},
    {"x":0.041298,
     "y":0.32448},
    {"x":0.0088496,
     "y":0.33333},
    {"x":0.017699,
     "y":0.35693},
    {"x":0.020649,
     "y":0.37463},
    {"x":0,
     "y":0.40413},
    {"x":0.017699,
     "y":0.41593},
    {"x":0.050147,
     "y":0.39528},
    {"x":0.041298,
     "y":0.42183},
    {"x":0.058997,
     "y":0.43658},
    {"x":0.085546,
     "y":0.41003},
    {"x":0.10619,
     "y":0.40118},
    {"x":0.13274,
     "y":0.40413},
    {"x":0.16224,
     "y":0.43363},
    {"x":0.17994,
     "y":0.46608},
    {"x":0.18584,
     "y":0.49853},
    {"x":0.18584,
     "y":0.50147}],
 "triangles":[
    {"p1":31,
     "p2":32,
     "p3":86},
    {"p1":21,
     "p2":22,
     "p3":23},
    {"p1":67,
     "p2":75,
     "p3":79},
    {"p1":5,
     "p2":6,
     "p3":26},
    {"p1":4,
     "p2":5,
     "p3":27},
    {"p1":5,
     "p2":26,
     "p3":27},
    {"p1":0,
     "p2":86,
     "p3":108},
    {"p1":86,
     "p2":107,
     "p3":108},
    {"p1":6,
     "p2":25,
     "p3":26},
    {"p1":14,
     "p2":15,
     "p3":16},
    {"p1":14,
     "p2":16,
     "p3":17},
    {"p1":14,
     "p2":17,
     "p3":18},
    {"p1":37,
     "p2":82,
     "p3":83},
    {"p1":44,
     "p2":45,
     "p3":49},
    {"p1":45,
     "p2":46,
     "p3":49},
    {"p1":54,
     "p2":55,
     "p3":82},
    {"p1":55,
     "p2":56,
     "p3":82},
    {"p1":58,
     "p2":59,
     "p3":60},
    {"p1":58,
     "p2":60,
     "p3":82},
    {"p1":64,
     "p2":65,
     "p3":82},
    {"p1":63,
     "p2":64,
     "p3":82},
    {"p1":62,
     "p2":63,
     "p3":82},
    {"p1":60,
     "p2":62,
     "p3":82},
    {"p1":60,
     "p2":61,
     "p3":62},
    {"p1":69,
     "p2":70,
     "p3":71},
    {"p1":65,
     "p2":66,
     "p3":82},
    {"p1":67,
     "p2":68,
     "p3":75},
    {"p1":68,
     "p2":69,
     "p3":71},
    {"p1":75,
     "p2":78,
     "p3":79},
    {"p1":67,
     "p2":79,
     "p3":80},
    {"p1":97,
     "p2":98,
     "p3":99},
    {"p1":4,
     "p2":27,
     "p3":28},
    {"p1":86,
     "p2":87,
     "p3":107},
    {"p1":12,
     "p2":18,
     "p3":19},
    {"p1":12,
     "p2":13,
     "p3":18},
    {"p1":13,
     "p2":14,
     "p3":18},
    {"p1":32,
     "p2":85,
     "p3":86},
    {"p1":32,
     "p2":83,
     "p3":85},
    {"p1":46,
     "p2":47,
     "p3":48},
    {"p1":46,
     "p2":48,
     "p3":49},
    {"p1":39,
     "p2":40,
     "p3":50},
    {"p1":38,
     "p2":39,
     "p3":50},
    {"p1":40,
     "p2":41,
     "p3":50},
    {"p1":41,
     "p2":42,
     "p3":50},
    {"p1":37,
     "p2":38,
     "p3":50},
    {"p1":42,
     "p2":43,
     "p3":50},
    {"p1":43,
     "p2":44,
     "p3":50},
    {"p1":44,
     "p2":49,
     "p3":50},
    {"p1":56,
     "p2":57,
     "p3":82},
    {"p1":57,
     "p2":58,
     "p3":82},
    {"p1":30,
     "p2":31,
     "p3":86},
    {"p1":2,
     "p2":29,
     "p3":30},
    {"p1":33,
     "p2":34,
     "p3":35},
    {"p1":32,
     "p2":33,
     "p3":83},
    {"p1":68,
     "p2":74,
     "p3":75},
    {"p1":68,
     "p2":71,
     "p3":74},
    {"p1":91,
     "p2":92,
     "p3":104},
    {"p1":90,
     "p2":91,
     "p3":105},
    {"p1":91,
     "p2":104,
     "p3":105},
    {"p1":66,
     "p2":67,
     "p3":81},
    {"p1":67,
     "p2":80,
     "p3":81},
    {"p1":66,
     "p2":81,
     "p3":82},
    {"p1":0,
     "p2":1,
     "p3":86},
    {"p1":1,
     "p2":30,
     "p3":86},
    {"p1":1,
     "p2":2,
     "p3":30},
    {"p1":2,
     "p2":3,
     "p3":29},
    {"p1":3,
     "p2":4,
     "p3":28},
    {"p1":3,
     "p2":28,
     "p3":29},
    {"p1":92,
     "p2":93,
     "p3":104},
    {"p1":93,
     "p2":94,
     "p3":104},
    {"p1":94,
     "p2":95,
     "p3":96},
    {"p1":89,
     "p2":90,
     "p3":105},
    {"p1":88,
     "p2":89,
     "p3":105},
    {"p1":88,
     "p2":105,
     "p3":106},
    {"p1":87,
     "p2":88,
     "p3":106},
    {"p1":87,
     "p2":106,
     "p3":107},
    {"p1":6,
     "p2":7,
     "p3":25},
    {"p1":7,
     "p2":8,
     "p3":25},
    {"p1":10,
     "p2":19,
     "p3":25},
    {"p1":20,
     "p2":24,
     "p3":25},
    {"p1":19,
     "p2":20,
     "p3":25},
    {"p1":20,
     "p2":21,
     "p3":23},
    {"p1":20,
     "p2":23,
     "p3":24},
    {"p1":33,
     "p2":35,
     "p3":36},
    {"p1":36,
     "p2":37,
     "p3":83},
    {"p1":33,
     "p2":36,
     "p3":83},
    {"p1":83,
     "p2":84,
     "p3":85},
    {"p1":50,
     "p2":51,
     "p3":52},
    {"p1":37,
     "p2":53,
     "p3":82},
    {"p1":37,
     "p2":50,
     "p3":53},
    {"p1":50,
     "p2":52,
     "p3":53},
    {"p1":53,
     "p2":54,
     "p3":82},
    {"p1":97,
     "p2":99,
     "p3":100},
    {"p1":100,
     "p2":101,
     "p3":102},
    {"p1":100,
     "p2":102,
     "p3":103},
    {"p1":96,
     "p2":97,
     "p3":100},
    {"p1":94,
     "p2":96,
     "p3":100},
    {"p1":94,
     "p2":100,
     "p3":104},
    {"p1":100,
     "p2":103,
     "p3":104},
    {"p1":11,
     "p2":12,
     "p3":19},
    {"p1":10,
     "p2":11,
     "p3":19},
    {"p1":8,
     "p2":9,
     "p3":25},
    {"p1":9,
     "p2":10,
     "p3":25},
    {"p1":75,
     "p2":77,
     "p3":78},
    {"p1":75,
     "p2":76,
     "p3":77},
    {"p1":71,
     "p2":72,
     "p3":73},
    {"p1":71,
     "p2":73,
     "p3":74}]
}