{"points":[
    {"x":0,
     "y":0.51003},
    {"x":0,
     "y":0.53582},
    {"x":0,
     "y":0.5616},
    {"x":0,
     "y":0.58739},
    {"x":0,
     "y":0.61318},
    {"x":0,
     "y":0.63897},
    {"x":0,
     "y":0.66476},
    {"x":0,
     "y":0.69054},
    {"x":0,
     "y":0.71633},
    {"x":0,
     "y":0.74212},
    {"x":0,
     "y":0.76791},
    {"x":0,
     "y":0.7937},
    {"x":0,
     "y":0.81948},
    {"x":0,
     "y":0.84527},
    {"x":0,
     "y":0.87106},
    {"x":0,
     "y":0.89685},
    {"x":0,
     "y":0.92264},
    {"x":0,
     "y":0.94842},
    {"x":0,
     "y":0.97421},
    {"x":0,
     "y":1},
    {"x":0,
     "y":0.9914},
    {"x":0,
     "y":0.96562},
    {"x":0.0028653,
     "y":0.93983},
    {"x":0.0028653,
     "y":0.91404},
    {"x":0.0057307,
     "y":0.88825},
    {"x":0.0057307,
     "y":0.86246},
    {"x":0.008596,
     "y":0.83668},
    {"x":0.008596,
     "y":0.81089},
    {"x":0.011461,
     "y":0.7851},
    {"x":0.028653,
     "y":0.76218},
    {"x":0.054441,
     "y":0.74212},
    {"x":0.080229,
     "y":0.72493},
    {"x":0.10602,
     "y":0.70487},
    {"x":0.13181,
     "y":0.68481},
    {"x":0.15759,
     "y":0.66762},
    {"x":0.18338,
     "y":0.65903},
    {"x":0.20917,
     "y":0.6533},
    {"x":0.23496,
     "y":0.6447},
    {"x":0.26074,
     "y":0.6361},
    {"x":0.28653,
     "y":0.63037},
    {"x":0.31232,
     "y":0.62178},
    {"x":0.33811,
     "y":0.61318},
    {"x":0.3639,
     "y":0.60745},
    {"x":0.38968,
     "y":0.59885},
    {"x":0.38968,
     "y":0.57307},
    {"x":0.39255,
     "y":0.54728},
    {"x":0.39255,
     "y":0.52149},
    {"x":0.39542,
     "y":0.4957},
    {"x":0.39542,
     "y":0.46991},
    {"x":0.39828,
     "y":0.44413},
    {"x":0.39828,
     "y":0.41834},
    {"x":0.40974,
     "y":0.39255},
    {"x":0.4212,
     "y":0.36676},
    {"x":0.43266,
     "y":0.34097},
    {"x":0.44413,
     "y":0.31519},
    {"x":0.45559,
     "y":0.2894},
    {"x":0.46705,
     "y":0.26361},
    {"x":0.47851,
     "y":0.23782},
    {"x":0.48997,
     "y":0.21203},
    {"x":0.50143,
     "y":0.18625},
    {"x":0.51289,
     "y":0.16046},
    {"x":0.50143,
     "y":0.14613},
    {"x":0.47564,
     "y":0.1404},
    {"x":0.44986,
     "y":0.13181},
    {"x":0.42407,
     "y":0.12321},
    {"x":0.39828,
     "y":0.11461},
    {"x":0.37249,
     "y":0.10888},
    {"x":0.3467,
     "y":0.10029},
    {"x":0.32092,
     "y":0.091691},
    {"x":0.29513,
     "y":0.08596},
    {"x":0.26934,
     "y":0.077364},
    {"x":0.24355,
     "y":0.068768},
    {"x":0.21777,
     "y":0.060172},
    {"x":0.19198,
     "y":0.054441},
    {"x":0.16619,
     "y":0.045845},
    {"x":0.1404,
     "y":0.037249},
    {"x":0.11461,
     "y":0.031519},
    {"x":0.088825,
     "y":0.022923},
    {"x":0.063037,
     "y":0.014327},
    {"x":0.037249,
     "y":0.0057307},
    {"x":0.011461,
     "y":0},
    {"x":0,
     "y":0.008596},
    {"x":0,
     "y":0.034384},
    {"x":0,
     "y":0.060172},
    {"x":0,
     "y":0.08596},
    {"x":0,
     "y":0.11175},
    {"x":0,
     "y":0.13754},
    {"x":0,
     "y":0.16332},
    {"x":0,
     "y":0.18911},
    {"x":0,
     "y":0.2149},
    {"x":0,
     "y":0.24069},
    {"x":0,
     "y":0.26648},
    {"x":0,
     "y":0.29226},
    {"x":0,
     "y":0.31805},
    {"x":0,
     "y":0.34384},
    {"x":0,
     "y":0.36963},
    {"x":0,
     "y":0.39542},
    {"x":0,
     "y":0.4212},
    {"x":0,
     "y":0.44699},
    {"x":0,
     "y":0.47278},
    {"x":0,
     "y":0.49857},
    {"x":0,
     "y":0.51003}],
 "triangles":[
    {"p1":50,
     "p2":94,
     "p3":95},
    {"p1":53,
     "p2":68,
     "p3":69},
    {"p1":80,
     "p2":81,
     "p3":82},
    {"p1":79,
     "p2":80,
     "p3":82},
    {"p1":69,
     "p2":70,
     "p3":92},
    {"p1":5,
     "p2":6,
     "p3":32},
    {"p1":52,
     "p2":53,
     "p3":69},
    {"p1":51,
     "p2":52,
     "p3":92},
    {"p1":52,
     "p2":69,
     "p3":92},
    {"p1":49,
     "p2":50,
     "p3":97},
    {"p1":49,
     "p2":97,
     "p3":98},
    {"p1":37,
     "p2":38,
     "p3":99},
    {"p1":38,
     "p2":98,
     "p3":99},
    {"p1":54,
     "p2":55,
     "p3":66},
    {"p1":55,
     "p2":56,
     "p3":66},
    {"p1":56,
     "p2":65,
     "p3":66},
    {"p1":72,
     "p2":73,
     "p3":89},
    {"p1":78,
     "p2":82,
     "p3":83},
    {"p1":78,
     "p2":79,
     "p3":82},
    {"p1":78,
     "p2":83,
     "p3":84},
    {"p1":59,
     "p2":60,
     "p3":61},
    {"p1":56,
     "p2":57,
     "p3":64},
    {"p1":56,
     "p2":64,
     "p3":65},
    {"p1":51,
     "p2":92,
     "p3":93},
    {"p1":50,
     "p2":51,
     "p3":93},
    {"p1":50,
     "p2":93,
     "p3":94},
    {"p1":7,
     "p2":30,
     "p3":31},
    {"p1":6,
     "p2":7,
     "p3":31},
    {"p1":6,
     "p2":31,
     "p3":32},
    {"p1":4,
     "p2":5,
     "p3":33},
    {"p1":5,
     "p2":32,
     "p3":33},
    {"p1":3,
     "p2":4,
     "p3":33},
    {"p1":3,
     "p2":33,
     "p3":34},
    {"p1":2,
     "p2":3,
     "p3":34},
    {"p1":1,
     "p2":2,
     "p3":34},
    {"p1":41,
     "p2":44,
     "p3":45},
    {"p1":41,
     "p2":42,
     "p3":44},
    {"p1":42,
     "p2":43,
     "p3":44},
    {"p1":50,
     "p2":95,
     "p3":96},
    {"p1":50,
     "p2":96,
     "p3":97},
    {"p1":36,
     "p2":37,
     "p3":100},
    {"p1":37,
     "p2":99,
     "p3":100},
    {"p1":72,
     "p2":89,
     "p3":90},
    {"p1":71,
     "p2":72,
     "p3":90},
    {"p1":54,
     "p2":66,
     "p3":67},
    {"p1":53,
     "p2":67,
     "p3":68},
    {"p1":53,
     "p2":54,
     "p3":67},
    {"p1":73,
     "p2":88,
     "p3":89},
    {"p1":75,
     "p2":76,
     "p3":86},
    {"p1":76,
     "p2":85,
     "p3":86},
    {"p1":77,
     "p2":78,
     "p3":84},
    {"p1":77,
     "p2":84,
     "p3":85},
    {"p1":76,
     "p2":77,
     "p3":85},
    {"p1":57,
     "p2":58,
     "p3":63},
    {"p1":57,
     "p2":63,
     "p3":64},
    {"p1":9,
     "p2":10,
     "p3":29},
    {"p1":9,
     "p2":29,
     "p3":30},
    {"p1":7,
     "p2":8,
     "p3":30},
    {"p1":8,
     "p2":9,
     "p3":30},
    {"p1":12,
     "p2":26,
     "p3":27},
    {"p1":14,
     "p2":15,
     "p3":24},
    {"p1":16,
     "p2":17,
     "p3":22},
    {"p1":0,
     "p2":1,
     "p3":35},
    {"p1":1,
     "p2":34,
     "p3":35},
    {"p1":0,
     "p2":35,
     "p3":100},
    {"p1":35,
     "p2":36,
     "p3":100},
    {"p1":41,
     "p2":45,
     "p3":46},
    {"p1":40,
     "p2":41,
     "p3":46},
    {"p1":39,
     "p2":40,
     "p3":46},
    {"p1":39,
     "p2":46,
     "p3":47},
    {"p1":38,
     "p2":48,
     "p3":98},
    {"p1":48,
     "p2":49,
     "p3":98},
    {"p1":38,
     "p2":39,
     "p3":48},
    {"p1":39,
     "p2":47,
     "p3":48},
    {"p1":70,
     "p2":91,
     "p3":92},
    {"p1":70,
     "p2":71,
     "p3":91},
    {"p1":71,
     "p2":90,
     "p3":91},
    {"p1":75,
     "p2":86,
     "p3":87},
    {"p1":58,
     "p2":59,
     "p3":62},
    {"p1":58,
     "p2":62,
     "p3":63},
    {"p1":59,
     "p2":61,
     "p3":62},
    {"p1":10,
     "p2":28,
     "p3":29},
    {"p1":14,
     "p2":24,
     "p3":25},
    {"p1":12,
     "p2":13,
     "p3":26},
    {"p1":13,
     "p2":14,
     "p3":25},
    {"p1":13,
     "p2":25,
     "p3":26},
    {"p1":15,
     "p2":16,
     "p3":23},
    {"p1":15,
     "p2":23,
     "p3":24},
    {"p1":16,
     "p2":22,
     "p3":23},
    {"p1":17,
     "p2":21,
     "p3":22},
    {"p1":18,
     "p2":20,
     "p3":22},
    {"p1":74,
     "p2":87,
     "p3":88},
    {"p1":73,
     "p2":74,
     "p3":88},
    {"p1":74,
     "p2":75,
     "p3":87},
    {"p1":10,
     "p2":11,
     "p3":28},
    {"p1":11,
     "p2":12,
     "p3":27},
    {"p1":11,
     "p2":27,
     "p3":28}]
}