{"points":[
    {"x":0.38056,
     "y":0.5},
    {"x":0.38056,
     "y":0.54167},
    {"x":0.37778,
     "y":0.58333},
    {"x":0.33889,
     "y":0.6},
    {"x":0.29722,
     "y":0.61111},
    {"x":0.25556,
     "y":0.625},
    {"x":0.21389,
     "y":0.63611},
    {"x":0.17222,
     "y":0.65},
    {"x":0.13611,
     "y":0.66944},
    {"x":0.10556,
     "y":0.71111},
    {"x":0.075,
     "y":0.75278},
    {"x":0.055556,
     "y":0.79444},
    {"x":0.044444,
     "y":0.83611},
    {"x":0.030556,
     "y":0.87778},
    {"x":0.019444,
     "y":0.91944},
    {"x":0.0083333,
     "y":0.96111},
    {"x":0,
     "y":1},
    {"x":0.041667,
     "y":1},
    {"x":0.083333,
     "y":1},
    {"x":0.125,
     "y":0.99722},
    {"x":0.16667,
     "y":0.99722},
    {"x":0.20833,
     "y":0.99722},
    {"x":0.25,
     "y":0.99444},
    {"x":0.29167,
     "y":0.99444},
    {"x":0.33333,
     "y":0.99167},
    {"x":0.375,
     "y":0.99167},
    {"x":0.41667,
     "y":0.99167},
    {"x":0.45833,
     "y":0.99167},
    {"x":0.5,
     "y":0.99167},
    {"x":0.54167,
     "y":0.99167},
    {"x":0.58333,
     "y":0.99167},
    {"x":0.625,
     "y":0.99167},
    {"x":0.66667,
     "y":0.99444},
    {"x":0.70833,
     "y":0.99444},
    {"x":0.75,
     "y":0.99722},
    {"x":0.79167,
     "y":0.99722},
    {"x":0.825,
     "y":0.99167},
    {"x":0.82778,
     "y":0.95},
    {"x":0.83056,
     "y":0.90833},
    {"x":0.83333,
     "y":0.86667},
    {"x":0.83056,
     "y":0.825},
    {"x":0.81667,
     "y":0.78333},
    {"x":0.78333,
     "y":0.74167},
    {"x":0.74167,
     "y":0.7},
    {"x":0.7,
     "y":0.675},
    {"x":0.65833,
     "y":0.65278},
    {"x":0.61667,
     "y":0.63333},
    {"x":0.575,
     "y":0.61111},
    {"x":0.55278,
     "y":0.58056},
    {"x":0.55278,
     "y":0.53889},
    {"x":0.55278,
     "y":0.49722},
    {"x":0.55,
     "y":0.45556},
    {"x":0.55,
     "y":0.41389},
    {"x":0.55,
     "y":0.37222},
    {"x":0.55,
     "y":0.33056},
    {"x":0.55,
     "y":0.28889},
    {"x":0.54722,
     "y":0.24722},
    {"x":0.54722,
     "y":0.20556},
    {"x":0.54722,
     "y":0.16389},
    {"x":0.57222,
     "y":0.13611},
    {"x":0.61389,
     "y":0.11667},
    {"x":0.65556,
     "y":0.1},
    {"x":0.69722,
     "y":0.083333},
    {"x":0.73889,
     "y":0.066667},
    {"x":0.78056,
     "y":0.047222},
    {"x":0.82222,
     "y":0.030556},
    {"x":0.86389,
     "y":0.013889},
    {"x":0.87778,
     "y":0},
    {"x":0.83611,
     "y":0},
    {"x":0.79444,
     "y":0},
    {"x":0.75278,
     "y":0},
    {"x":0.71111,
     "y":0},
    {"x":0.66944,
     "y":0},
    {"x":0.62778,
     "y":0},
    {"x":0.58611,
     "y":0},
    {"x":0.54444,
     "y":0},
    {"x":0.50278,
     "y":0},
    {"x":0.46111,
     "y":0},
    {"x":0.41944,
     "y":0},
    {"x":0.37778,
     "y":0},
    {"x":0.33611,
     "y":0},
    {"x":0.29444,
     "y":0},
    {"x":0.25278,
     "y":0},
    {"x":0.21111,
     "y":0},
    {"x":0.16944,
     "y":0},
    {"x":0.12778,
     "y":0},
    {"x":0.086111,
     "y":0},
    {"x":0.044444,
     "y":0},
    {"x":0.0027778,
     "y":0},
    {"x":0.044444,
     "y":0.016667},
    {"x":0.086111,
     "y":0.030556},
    {"x":0.12778,
     "y":0.044444},
    {"x":0.16944,
     "y":0.061111},
    {"x":0.21111,
     "y":0.075},
    {"x":0.25278,
     "y":0.091667},
    {"x":0.29444,
     "y":0.10556},
    {"x":0.33611,
     "y":0.12222},
    {"x":0.37778,
     "y":0.13611},
    {"x":0.4,
     "y":0.16389},
    {"x":0.39722,
     "y":0.20556},
    {"x":0.39722,
     "y":0.24722},
    {"x":0.39444,
     "y":0.28889},
    {"x":0.39167,
     "y":0.33056},
    {"x":0.38889,
     "y":0.37222},
    {"x":0.38611,
     "y":0.41389},
    {"x":0.38333,
     "y":0.45556},
    {"x":0.38056,
     "y":0.49722},
    {"x":0.38056,
     "y":0.5}],
 "triangles":[
    {"p1":87,
     "p2":88,
     "p3":89},
    {"p1":0,
     "p2":50,
     "p3":106},
    {"p1":13,
     "p2":14,
     "p3":19},
    {"p1":12,
     "p2":13,
     "p3":19},
    {"p1":3,
     "p2":26,
     "p3":27},
    {"p1":27,
     "p2":28,
     "p3":47},
    {"p1":9,
     "p2":10,
     "p3":22},
    {"p1":7,
     "p2":8,
     "p3":9},
    {"p1":3,
     "p2":25,
     "p3":26},
    {"p1":10,
     "p2":11,
     "p3":21},
    {"p1":10,
     "p2":21,
     "p3":22},
    {"p1":11,
     "p2":12,
     "p3":21},
    {"p1":31,
     "p2":43,
     "p3":44},
    {"p1":53,
     "p2":54,
     "p3":102},
    {"p1":14,
     "p2":18,
     "p3":19},
    {"p1":35,
     "p2":36,
     "p3":37},
    {"p1":0,
     "p2":1,
     "p3":49},
    {"p1":0,
     "p2":49,
     "p3":50},
    {"p1":1,
     "p2":48,
     "p3":49},
    {"p1":2,
     "p2":3,
     "p3":27},
    {"p1":2,
     "p2":27,
     "p3":47},
    {"p1":2,
     "p2":47,
     "p3":48},
    {"p1":1,
     "p2":2,
     "p3":48},
    {"p1":6,
     "p2":7,
     "p3":9},
    {"p1":6,
     "p2":9,
     "p3":22},
    {"p1":4,
     "p2":5,
     "p3":24},
    {"p1":3,
     "p2":4,
     "p3":25},
    {"p1":4,
     "p2":24,
     "p3":25},
    {"p1":12,
     "p2":19,
     "p3":20},
    {"p1":12,
     "p2":20,
     "p3":21},
    {"p1":59,
     "p2":60,
     "p3":75},
    {"p1":66,
     "p2":67,
     "p3":68},
    {"p1":86,
     "p2":87,
     "p3":89},
    {"p1":53,
     "p2":102,
     "p3":103},
    {"p1":52,
     "p2":53,
     "p3":103},
    {"p1":52,
     "p2":103,
     "p3":104},
    {"p1":54,
     "p2":55,
     "p3":101},
    {"p1":54,
     "p2":101,
     "p3":102},
    {"p1":78,
     "p2":79,
     "p3":97},
    {"p1":77,
     "p2":78,
     "p3":97},
    {"p1":14,
     "p2":15,
     "p3":17},
    {"p1":14,
     "p2":17,
     "p3":18},
    {"p1":15,
     "p2":16,
     "p3":17},
    {"p1":5,
     "p2":23,
     "p3":24},
    {"p1":6,
     "p2":22,
     "p3":23},
    {"p1":5,
     "p2":6,
     "p3":23},
    {"p1":61,
     "p2":72,
     "p3":73},
    {"p1":60,
     "p2":61,
     "p3":73},
    {"p1":59,
     "p2":75,
     "p3":76},
    {"p1":58,
     "p2":76,
     "p3":77},
    {"p1":58,
     "p2":59,
     "p3":76},
    {"p1":40,
     "p2":41,
     "p3":42},
    {"p1":31,
     "p2":42,
     "p3":43},
    {"p1":31,
     "p2":32,
     "p3":42},
    {"p1":33,
     "p2":40,
     "p3":42},
    {"p1":32,
     "p2":33,
     "p3":42},
    {"p1":61,
     "p2":62,
     "p3":72},
    {"p1":62,
     "p2":71,
     "p3":72},
    {"p1":62,
     "p2":63,
     "p3":71},
    {"p1":51,
     "p2":52,
     "p3":104},
    {"p1":51,
     "p2":104,
     "p3":105},
    {"p1":30,
     "p2":31,
     "p3":44},
    {"p1":28,
     "p2":46,
     "p3":47},
    {"p1":28,
     "p2":29,
     "p3":46},
    {"p1":80,
     "p2":81,
     "p3":95},
    {"p1":81,
     "p2":82,
     "p3":94},
    {"p1":81,
     "p2":94,
     "p3":95},
    {"p1":84,
     "p2":85,
     "p3":91},
    {"p1":84,
     "p2":91,
     "p3":92},
    {"p1":80,
     "p2":95,
     "p3":96},
    {"p1":79,
     "p2":80,
     "p3":96},
    {"p1":79,
     "p2":96,
     "p3":97},
    {"p1":57,
     "p2":98,
     "p3":99},
    {"p1":57,
     "p2":58,
     "p3":98},
    {"p1":58,
     "p2":77,
     "p3":98},
    {"p1":77,
     "p2":97,
     "p3":98},
    {"p1":60,
     "p2":74,
     "p3":75},
    {"p1":60,
     "p2":73,
     "p3":74},
    {"p1":34,
     "p2":35,
     "p3":37},
    {"p1":34,
     "p2":37,
     "p3":38},
    {"p1":33,
     "p2":34,
     "p3":38},
    {"p1":65,
     "p2":68,
     "p3":69},
    {"p1":64,
     "p2":65,
     "p3":69},
    {"p1":65,
     "p2":66,
     "p3":68},
    {"p1":64,
     "p2":69,
     "p3":70},
    {"p1":63,
     "p2":70,
     "p3":71},
    {"p1":63,
     "p2":64,
     "p3":70},
    {"p1":29,
     "p2":30,
     "p3":45},
    {"p1":29,
     "p2":45,
     "p3":46},
    {"p1":30,
     "p2":44,
     "p3":45},
    {"p1":82,
     "p2":93,
     "p3":94},
    {"p1":85,
     "p2":86,
     "p3":90},
    {"p1":85,
     "p2":90,
     "p3":91},
    {"p1":86,
     "p2":89,
     "p3":90},
    {"p1":33,
     "p2":39,
     "p3":40},
    {"p1":33,
     "p2":38,
     "p3":39},
    {"p1":82,
     "p2":83,
     "p3":93},
    {"p1":83,
     "p2":84,
     "p3":92},
    {"p1":83,
     "p2":92,
     "p3":93},
    {"p1":51,
     "p2":105,
     "p3":106},
    {"p1":50,
     "p2":51,
     "p3":106},
    {"p1":57,
     "p2":99,
     "p3":100},
    {"p1":56,
     "p2":57,
     "p3":100},
    {"p1":55,
     "p2":56,
     "p3":100},
    {"p1":55,
     "p2":100,
     "p3":101}]
}