{"points":[
    {"x":0.38056,
     "y":0.5},
    {"x":0.37778,
     "y":0.54444},
    {"x":0.375,
     "y":0.58889},
    {"x":0.33056,
     "y":0.60278},
    {"x":0.28611,
     "y":0.61667},
    {"x":0.24167,
     "y":0.62778},
    {"x":0.19722,
     "y":0.64167},
    {"x":0.15278,
     "y":0.65556},
    {"x":0.10833,
     "y":0.68333},
    {"x":0.063889,
     "y":0.71944},
    {"x":0.019444,
     "y":0.75278},
    {"x":0.0083333,
     "y":0.79444},
    {"x":0.0055556,
     "y":0.83889},
    {"x":0.0027778,
     "y":0.88333},
    {"x":0.0027778,
     "y":0.92778},
    {"x":0,
     "y":0.97222},
    {"x":0.013889,
     "y":1},
    {"x":0.058333,
     "y":0.99444},
    {"x":0.10278,
     "y":0.98611},
    {"x":0.14722,
     "y":0.97222},
    {"x":0.19167,
     "y":0.95556},
    {"x":0.23611,
     "y":0.93889},
    {"x":0.28056,
     "y":0.925},
    {"x":0.325,
     "y":0.91111},
    {"x":0.36944,
     "y":0.90278},
    {"x":0.41389,
     "y":0.9},
    {"x":0.45833,
     "y":0.90556},
    {"x":0.50278,
     "y":0.91667},
    {"x":0.54722,
     "y":0.93333},
    {"x":0.59167,
     "y":0.94722},
    {"x":0.63611,
     "y":0.96389},
    {"x":0.68056,
     "y":0.975},
    {"x":0.725,
     "y":0.98611},
    {"x":0.76944,
     "y":0.99444},
    {"x":0.81389,
     "y":1},
    {"x":0.825,
     "y":0.96667},
    {"x":0.83056,
     "y":0.92222},
    {"x":0.83333,
     "y":0.87778},
    {"x":0.83056,
     "y":0.83333},
    {"x":0.81944,
     "y":0.78889},
    {"x":0.78611,
     "y":0.74444},
    {"x":0.74167,
     "y":0.7},
    {"x":0.69722,
     "y":0.67222},
    {"x":0.65278,
     "y":0.65},
    {"x":0.60833,
     "y":0.62778},
    {"x":0.56389,
     "y":0.60556},
    {"x":0.55278,
     "y":0.56667},
    {"x":0.55278,
     "y":0.52222},
    {"x":0.55278,
     "y":0.47778},
    {"x":0.55,
     "y":0.43333},
    {"x":0.55,
     "y":0.38889},
    {"x":0.55,
     "y":0.34444},
    {"x":0.55,
     "y":0.3},
    {"x":0.54722,
     "y":0.25556},
    {"x":0.54722,
     "y":0.21111},
    {"x":0.54722,
     "y":0.16667},
    {"x":0.57222,
     "y":0.13611},
    {"x":0.61667,
     "y":0.11667},
    {"x":0.66111,
     "y":0.097222},
    {"x":0.70556,
     "y":0.080556},
    {"x":0.75,
     "y":0.061111},
    {"x":0.79444,
     "y":0.041667},
    {"x":0.83889,
     "y":0.025},
    {"x":0.88333,
     "y":0.0055556},
    {"x":0.85556,
     "y":0},
    {"x":0.81111,
     "y":0},
    {"x":0.76667,
     "y":0},
    {"x":0.72222,
     "y":0},
    {"x":0.67778,
     "y":0},
    {"x":0.63333,
     "y":0},
    {"x":0.58889,
     "y":0},
    {"x":0.54444,
     "y":0},
    {"x":0.5,
     "y":0},
    {"x":0.45556,
     "y":0},
    {"x":0.41111,
     "y":0},
    {"x":0.36667,
     "y":0},
    {"x":0.32222,
     "y":0},
    {"x":0.27778,
     "y":0},
    {"x":0.23333,
     "y":0},
    {"x":0.18889,
     "y":0},
    {"x":0.14444,
     "y":0},
    {"x":0.1,
     "y":0},
    {"x":0.055556,
     "y":0},
    {"x":0.011111,
     "y":0},
    {"x":0.038889,
     "y":0.013889},
    {"x":0.083333,
     "y":0.030556},
    {"x":0.12778,
     "y":0.044444},
    {"x":0.17222,
     "y":0.061111},
    {"x":0.21667,
     "y":0.077778},
    {"x":0.26111,
     "y":0.094444},
    {"x":0.30556,
     "y":0.11111},
    {"x":0.35,
     "y":0.12778},
    {"x":0.39444,
     "y":0.14444},
    {"x":0.4,
     "y":0.18333},
    {"x":0.39722,
     "y":0.22778},
    {"x":0.39444,
     "y":0.27222},
    {"x":0.39167,
     "y":0.31667},
    {"x":0.38889,
     "y":0.36111},
    {"x":0.38611,
     "y":0.40556},
    {"x":0.38333,
     "y":0.45},
    {"x":0.38333,
     "y":0.49444},
    {"x":0.38056,
     "y":0.5}],
 "triangles":[
    {"p1":3,
     "p2":24,
     "p3":25},
    {"p1":62,
     "p2":63,
     "p3":64},
    {"p1":15,
     "p2":16,
     "p3":17},
    {"p1":27,
     "p2":28,
     "p3":43},
    {"p1":2,
     "p2":3,
     "p3":25},
    {"p1":3,
     "p2":4,
     "p3":24},
    {"p1":28,
     "p2":42,
     "p3":43},
    {"p1":28,
     "p2":29,
     "p3":42},
    {"p1":30,
     "p2":40,
     "p3":41},
    {"p1":29,
     "p2":30,
     "p3":41},
    {"p1":29,
     "p2":41,
     "p3":42},
    {"p1":2,
     "p2":25,
     "p3":26},
    {"p1":74,
     "p2":91,
     "p3":92},
    {"p1":73,
     "p2":74,
     "p3":92},
    {"p1":53,
     "p2":54,
     "p3":94},
    {"p1":54,
     "p2":93,
     "p3":94},
    {"p1":55,
     "p2":92,
     "p3":93},
    {"p1":54,
     "p2":55,
     "p3":93},
    {"p1":51,
     "p2":52,
     "p3":96},
    {"p1":51,
     "p2":96,
     "p3":97},
    {"p1":76,
     "p2":89,
     "p3":90},
    {"p1":4,
     "p2":23,
     "p3":24},
    {"p1":6,
     "p2":22,
     "p3":23},
    {"p1":38,
     "p2":39,
     "p3":40},
    {"p1":32,
     "p2":36,
     "p3":37},
    {"p1":31,
     "p2":37,
     "p3":38},
    {"p1":31,
     "p2":32,
     "p3":37},
    {"p1":30,
     "p2":31,
     "p3":40},
    {"p1":31,
     "p2":38,
     "p3":40},
    {"p1":12,
     "p2":19,
     "p3":20},
    {"p1":9,
     "p2":12,
     "p3":20},
    {"p1":2,
     "p2":45,
     "p3":46},
    {"p1":2,
     "p2":26,
     "p3":45},
    {"p1":74,
     "p2":75,
     "p3":91},
    {"p1":75,
     "p2":76,
     "p3":90},
    {"p1":75,
     "p2":90,
     "p3":91},
    {"p1":52,
     "p2":95,
     "p3":96},
    {"p1":52,
     "p2":53,
     "p3":95},
    {"p1":53,
     "p2":94,
     "p3":95},
    {"p1":72,
     "p2":73,
     "p3":92},
    {"p1":55,
     "p2":72,
     "p3":92},
    {"p1":55,
     "p2":56,
     "p3":72},
    {"p1":56,
     "p2":71,
     "p3":72},
    {"p1":50,
     "p2":51,
     "p3":97},
    {"p1":48,
     "p2":49,
     "p3":99},
    {"p1":79,
     "p2":80,
     "p3":87},
    {"p1":79,
     "p2":87,
     "p3":88},
    {"p1":5,
     "p2":6,
     "p3":23},
    {"p1":4,
     "p2":5,
     "p3":23},
    {"p1":32,
     "p2":33,
     "p3":36},
    {"p1":13,
     "p2":18,
     "p3":19},
    {"p1":12,
     "p2":13,
     "p3":19},
    {"p1":6,
     "p2":7,
     "p3":22},
    {"p1":26,
     "p2":27,
     "p3":44},
    {"p1":26,
     "p2":44,
     "p3":45},
    {"p1":27,
     "p2":43,
     "p3":44},
    {"p1":56,
     "p2":70,
     "p3":71},
    {"p1":62,
     "p2":64,
     "p3":65},
    {"p1":58,
     "p2":68,
     "p3":69},
    {"p1":49,
     "p2":50,
     "p3":98},
    {"p1":49,
     "p2":98,
     "p3":99},
    {"p1":50,
     "p2":97,
     "p3":98},
    {"p1":1,
     "p2":2,
     "p3":46},
    {"p1":1,
     "p2":46,
     "p3":47},
    {"p1":47,
     "p2":48,
     "p3":100},
    {"p1":48,
     "p2":99,
     "p3":100},
    {"p1":1,
     "p2":47,
     "p3":100},
    {"p1":81,
     "p2":82,
     "p3":85},
    {"p1":80,
     "p2":86,
     "p3":87},
    {"p1":80,
     "p2":81,
     "p3":86},
    {"p1":81,
     "p2":85,
     "p3":86},
    {"p1":76,
     "p2":77,
     "p3":89},
    {"p1":33,
     "p2":34,
     "p3":35},
    {"p1":33,
     "p2":35,
     "p3":36},
    {"p1":14,
     "p2":17,
     "p3":18},
    {"p1":13,
     "p2":14,
     "p3":18},
    {"p1":14,
     "p2":15,
     "p3":17},
    {"p1":9,
     "p2":11,
     "p3":12},
    {"p1":9,
     "p2":10,
     "p3":11},
    {"p1":7,
     "p2":21,
     "p3":22},
    {"p1":7,
     "p2":8,
     "p3":21},
    {"p1":9,
     "p2":20,
     "p3":21},
    {"p1":8,
     "p2":9,
     "p3":21},
    {"p1":56,
     "p2":57,
     "p3":70},
    {"p1":57,
     "p2":69,
     "p3":70},
    {"p1":57,
     "p2":58,
     "p3":69},
    {"p1":61,
     "p2":62,
     "p3":65},
    {"p1":58,
     "p2":59,
     "p3":68},
    {"p1":59,
     "p2":67,
     "p3":68},
    {"p1":59,
     "p2":60,
     "p3":67},
    {"p1":0,
     "p2":1,
     "p3":100},
    {"p1":82,
     "p2":83,
     "p3":84},
    {"p1":82,
     "p2":84,
     "p3":85},
    {"p1":78,
     "p2":79,
     "p3":88},
    {"p1":78,
     "p2":88,
     "p3":89},
    {"p1":77,
     "p2":78,
     "p3":89},
    {"p1":61,
     "p2":65,
     "p3":66},
    {"p1":60,
     "p2":66,
     "p3":67},
    {"p1":60,
     "p2":61,
     "p3":66}]
}