{"points":[
    {"x":0.3844,
     "y":0.49861},
    {"x":0.38162,
     "y":0.54039},
    {"x":0.37883,
     "y":0.58217},
    {"x":0.33983,
     "y":0.59889},
    {"x":0.29805,
     "y":0.61003},
    {"x":0.25627,
     "y":0.62396},
    {"x":0.21448,
     "y":0.6351},
    {"x":0.1727,
     "y":0.64903},
    {"x":0.13092,
     "y":0.66574},
    {"x":0.089136,
     "y":0.69916},
    {"x":0.047354,
     "y":0.72981},
    {"x":0.011142,
     "y":0.76323},
    {"x":0.0083565,
     "y":0.80501},
    {"x":0.005571,
     "y":0.8468},
    {"x":0.0027855,
     "y":0.88858},
    {"x":0.0027855,
     "y":0.93036},
    {"x":0,
     "y":0.97214},
    {"x":0.011142,
     "y":1},
    {"x":0.052925,
     "y":1},
    {"x":0.094708,
     "y":0.99721},
    {"x":0.13649,
     "y":0.99721},
    {"x":0.17827,
     "y":0.99721},
    {"x":0.22006,
     "y":0.99443},
    {"x":0.26184,
     "y":0.99443},
    {"x":0.30362,
     "y":0.99443},
    {"x":0.3454,
     "y":0.99164},
    {"x":0.38719,
     "y":0.99164},
    {"x":0.42897,
     "y":0.99164},
    {"x":0.47075,
     "y":0.99164},
    {"x":0.51253,
     "y":0.99164},
    {"x":0.55432,
     "y":0.99164},
    {"x":0.5961,
     "y":0.99164},
    {"x":0.63788,
     "y":0.99164},
    {"x":0.67967,
     "y":0.99443},
    {"x":0.72145,
     "y":0.99443},
    {"x":0.76323,
     "y":0.99721},
    {"x":0.80501,
     "y":0.99721},
    {"x":0.8273,
     "y":0.9805},
    {"x":0.83287,
     "y":0.93872},
    {"x":0.83565,
     "y":0.89694},
    {"x":0.83565,
     "y":0.85515},
    {"x":0.83008,
     "y":0.81337},
    {"x":0.81337,
     "y":0.77159},
    {"x":0.77437,
     "y":0.72981},
    {"x":0.73259,
     "y":0.68802},
    {"x":0.69081,
     "y":0.66852},
    {"x":0.64903,
     "y":0.64624},
    {"x":0.60724,
     "y":0.62674},
    {"x":0.56546,
     "y":0.60446},
    {"x":0.55432,
     "y":0.56825},
    {"x":0.55432,
     "y":0.52646},
    {"x":0.55432,
     "y":0.48468},
    {"x":0.55432,
     "y":0.4429},
    {"x":0.55153,
     "y":0.40111},
    {"x":0.55153,
     "y":0.35933},
    {"x":0.55153,
     "y":0.31755},
    {"x":0.55153,
     "y":0.27577},
    {"x":0.55153,
     "y":0.23398},
    {"x":0.54875,
     "y":0.1922},
    {"x":0.54875,
     "y":0.15042},
    {"x":0.58496,
     "y":0.13928},
    {"x":0.62674,
     "y":0.1337},
    {"x":0.66852,
     "y":0.12813},
    {"x":0.71031,
     "y":0.12256},
    {"x":0.75209,
     "y":0.11699},
    {"x":0.79387,
     "y":0.11142},
    {"x":0.83565,
     "y":0.10585},
    {"x":0.87187,
     "y":0.097493},
    {"x":0.83008,
     "y":0.086351},
    {"x":0.7883,
     "y":0.077994},
    {"x":0.74652,
     "y":0.066852},
    {"x":0.70474,
     "y":0.05571},
    {"x":0.66295,
     "y":0.047354},
    {"x":0.62117,
     "y":0.036212},
    {"x":0.57939,
     "y":0.02507},
    {"x":0.5376,
     "y":0.013928},
    {"x":0.49582,
     "y":0.005571},
    {"x":0.45404,
     "y":0},
    {"x":0.41226,
     "y":0.011142},
    {"x":0.37047,
     "y":0.019499},
    {"x":0.32869,
     "y":0.030641},
    {"x":0.28691,
     "y":0.038997},
    {"x":0.24513,
     "y":0.050139},
    {"x":0.20334,
     "y":0.058496},
    {"x":0.16156,
     "y":0.066852},
    {"x":0.11978,
     "y":0.077994},
    {"x":0.077994,
     "y":0.086351},
    {"x":0.036212,
     "y":0.097493},
    {"x":0.011142,
     "y":0.10585},
    {"x":0.052925,
     "y":0.10864},
    {"x":0.094708,
     "y":0.11421},
    {"x":0.13649,
     "y":0.11699},
    {"x":0.17827,
     "y":0.12256},
    {"x":0.22006,
     "y":0.12535},
    {"x":0.26184,
     "y":0.13092},
    {"x":0.30362,
     "y":0.1337},
    {"x":0.3454,
     "y":0.13928},
    {"x":0.38719,
     "y":0.14206},
    {"x":0.40111,
     "y":0.16992},
    {"x":0.39833,
     "y":0.2117},
    {"x":0.39833,
     "y":0.25348},
    {"x":0.39554,
     "y":0.29526},
    {"x":0.39276,
     "y":0.33705},
    {"x":0.38997,
     "y":0.37883},
    {"x":0.38719,
     "y":0.42061},
    {"x":0.3844,
     "y":0.4624},
    {"x":0.3844,
     "y":0.49861}],
 "triangles":[
    {"p1":62,
     "p2":71,
     "p3":72},
    {"p1":36,
     "p2":37,
     "p3":38},
    {"p1":9,
     "p2":21,
     "p3":22},
    {"p1":10,
     "p2":11,
     "p3":12},
    {"p1":9,
     "p2":10,
     "p3":12},
    {"p1":59,
     "p2":74,
     "p3":75},
    {"p1":61,
     "p2":62,
     "p3":72},
    {"p1":7,
     "p2":9,
     "p3":22},
    {"p1":2,
     "p2":48,
     "p3":49},
    {"p1":2,
     "p2":27,
     "p3":48},
    {"p1":0,
     "p2":50,
     "p3":51},
    {"p1":66,
     "p2":67,
     "p3":68},
    {"p1":65,
     "p2":66,
     "p3":68},
    {"p1":32,
     "p2":43,
     "p3":45},
    {"p1":43,
     "p2":44,
     "p3":45},
    {"p1":41,
     "p2":42,
     "p3":43},
    {"p1":14,
     "p2":15,
     "p3":19},
    {"p1":16,
     "p2":17,
     "p3":18},
    {"p1":15,
     "p2":16,
     "p3":18},
    {"p1":15,
     "p2":18,
     "p3":19},
    {"p1":9,
     "p2":13,
     "p3":21},
    {"p1":9,
     "p2":12,
     "p3":13},
    {"p1":65,
     "p2":68,
     "p3":69},
    {"p1":64,
     "p2":65,
     "p3":69},
    {"p1":64,
     "p2":69,
     "p3":70},
    {"p1":59,
     "p2":75,
     "p3":76},
    {"p1":76,
     "p2":77,
     "p3":97},
    {"p1":59,
     "p2":76,
     "p3":97},
    {"p1":59,
     "p2":97,
     "p3":98},
    {"p1":58,
     "p2":59,
     "p3":98},
    {"p1":58,
     "p2":98,
     "p3":99},
    {"p1":79,
     "p2":96,
     "p3":97},
    {"p1":56,
     "p2":100,
     "p3":101},
    {"p1":61,
     "p2":72,
     "p3":73},
    {"p1":59,
     "p2":60,
     "p3":74},
    {"p1":60,
     "p2":73,
     "p3":74},
    {"p1":60,
     "p2":61,
     "p3":73},
    {"p1":56,
     "p2":57,
     "p3":100},
    {"p1":57,
     "p2":58,
     "p3":99},
    {"p1":57,
     "p2":99,
     "p3":100},
    {"p1":52,
     "p2":53,
     "p3":104},
    {"p1":55,
     "p2":56,
     "p3":101},
    {"p1":54,
     "p2":55,
     "p3":102},
    {"p1":55,
     "p2":101,
     "p3":102},
    {"p1":63,
     "p2":70,
     "p3":71},
    {"p1":63,
     "p2":64,
     "p3":70},
    {"p1":62,
     "p2":63,
     "p3":71},
    {"p1":83,
     "p2":84,
     "p3":92},
    {"p1":7,
     "p2":8,
     "p3":9},
    {"p1":1,
     "p2":49,
     "p3":50},
    {"p1":1,
     "p2":2,
     "p3":49},
    {"p1":0,
     "p2":1,
     "p3":50},
    {"p1":27,
     "p2":28,
     "p3":48},
    {"p1":13,
     "p2":20,
     "p3":21},
    {"p1":14,
     "p2":19,
     "p3":20},
    {"p1":13,
     "p2":14,
     "p3":20},
    {"p1":79,
     "p2":80,
     "p3":96},
    {"p1":77,
     "p2":78,
     "p3":97},
    {"p1":78,
     "p2":79,
     "p3":97},
    {"p1":53,
     "p2":103,
     "p3":104},
    {"p1":54,
     "p2":102,
     "p3":103},
    {"p1":53,
     "p2":54,
     "p3":103},
    {"p1":52,
     "p2":104,
     "p3":105},
    {"p1":51,
     "p2":52,
     "p3":105},
    {"p1":0,
     "p2":51,
     "p3":105},
    {"p1":87,
     "p2":88,
     "p3":89},
    {"p1":86,
     "p2":87,
     "p3":89},
    {"p1":84,
     "p2":91,
     "p3":92},
    {"p1":80,
     "p2":95,
     "p3":96},
    {"p1":80,
     "p2":81,
     "p3":95},
    {"p1":82,
     "p2":83,
     "p3":93},
    {"p1":83,
     "p2":92,
     "p3":93},
    {"p1":5,
     "p2":24,
     "p3":25},
    {"p1":5,
     "p2":6,
     "p3":24},
    {"p1":2,
     "p2":3,
     "p3":27},
    {"p1":3,
     "p2":26,
     "p3":27},
    {"p1":31,
     "p2":32,
     "p3":45},
    {"p1":31,
     "p2":45,
     "p3":46},
    {"p1":30,
     "p2":31,
     "p3":46},
    {"p1":34,
     "p2":39,
     "p3":40},
    {"p1":30,
     "p2":46,
     "p3":47},
    {"p1":84,
     "p2":85,
     "p3":91},
    {"p1":86,
     "p2":89,
     "p3":90},
    {"p1":85,
     "p2":86,
     "p3":90},
    {"p1":85,
     "p2":90,
     "p3":91},
    {"p1":82,
     "p2":93,
     "p3":94},
    {"p1":81,
     "p2":82,
     "p3":94},
    {"p1":81,
     "p2":94,
     "p3":95},
    {"p1":6,
     "p2":23,
     "p3":24},
    {"p1":7,
     "p2":22,
     "p3":23},
    {"p1":6,
     "p2":7,
     "p3":23},
    {"p1":35,
     "p2":36,
     "p3":38},
    {"p1":35,
     "p2":38,
     "p3":39},
    {"p1":34,
     "p2":35,
     "p3":39},
    {"p1":4,
     "p2":25,
     "p3":26},
    {"p1":3,
     "p2":4,
     "p3":26},
    {"p1":4,
     "p2":5,
     "p3":25},
    {"p1":29,
     "p2":30,
     "p3":47},
    {"p1":28,
     "p2":29,
     "p3":48},
    {"p1":29,
     "p2":47,
     "p3":48},
    {"p1":32,
     "p2":33,
     "p3":43},
    {"p1":33,
     "p2":41,
     "p3":43},
    {"p1":33,
     "p2":40,
     "p3":41},
    {"p1":33,
     "p2":34,
     "p3":40}]
}