{"points":[
    {"x":0.0064309,
     "y":0.30868},
    {"x":0.019293,
     "y":0.33119},
    {"x":0.038585,
     "y":0.35048},
    {"x":0.061093,
     "y":0.36334},
    {"x":0.083601,
     "y":0.37621},
    {"x":0.10611,
     "y":0.38264},
    {"x":0.12862,
     "y":0.38585},
    {"x":0.15113,
     "y":0.38585},
    {"x":0.17363,
     "y":0.37942},
    {"x":0.19614,
     "y":0.37621},
    {"x":0.21865,
     "y":0.36977},
    {"x":0.24116,
     "y":0.36656},
    {"x":0.26367,
     "y":0.38264},
    {"x":0.27653,
     "y":0.40514},
    {"x":0.28617,
     "y":0.42765},
    {"x":0.29582,
     "y":0.45016},
    {"x":0.31833,
     "y":0.46945},
    {"x":0.34084,
     "y":0.47267},
    {"x":0.36334,
     "y":0.47588},
    {"x":0.38585,
     "y":0.47267},
    {"x":0.40836,
     "y":0.45981},
    {"x":0.43087,
     "y":0.44695},
    {"x":0.45338,
     "y":0.42765},
    {"x":0.46945,
     "y":0.41158},
    {"x":0.49196,
     "y":0.42122},
    {"x":0.51447,
     "y":0.43408},
    {"x":0.53698,
     "y":0.44373},
    {"x":0.55949,
     "y":0.45659},
    {"x":0.58199,
     "y":0.46624},
    {"x":0.6045,
     "y":0.4791},
    {"x":0.62701,
     "y":0.48875},
    {"x":0.64952,
     "y":0.49839},
    {"x":0.67203,
     "y":0.50804},
    {"x":0.69453,
     "y":0.5209},
    {"x":0.71704,
     "y":0.53376},
    {"x":0.73955,
     "y":0.54341},
    {"x":0.76206,
     "y":0.55627},
    {"x":0.78457,
     "y":0.55949},
    {"x":0.80386,
     "y":0.57556},
    {"x":0.82637,
     "y":0.57878},
    {"x":0.84887,
     "y":0.59164},
    {"x":0.87138,
     "y":0.59486},
    {"x":0.89389,
     "y":0.59486},
    {"x":0.9164,
     "y":0.59486},
    {"x":0.93891,
     "y":0.59486},
    {"x":0.96141,
     "y":0.58842},
    {"x":0.98392,
     "y":0.58842},
    {"x":1,
     "y":0.57556},
    {"x":1,
     "y":0.55305},
    {"x":0.97749,
     "y":0.54341},
    {"x":0.96785,
     "y":0.5209},
    {"x":0.94534,
     "y":0.51768},
    {"x":0.92283,
     "y":0.51125},
    {"x":0.90032,
     "y":0.50482},
    {"x":0.87781,
     "y":0.49839},
    {"x":0.85852,
     "y":0.49196},
    {"x":0.83601,
     "y":0.48553},
    {"x":0.82637,
     "y":0.50161},
    {"x":0.80386,
     "y":0.50482},
    {"x":0.78135,
     "y":0.49518},
    {"x":0.75884,
     "y":0.48232},
    {"x":0.73633,
     "y":0.47267},
    {"x":0.71383,
     "y":0.45981},
    {"x":0.69132,
     "y":0.44695},
    {"x":0.66881,
     "y":0.43408},
    {"x":0.6463,
     "y":0.42122},
    {"x":0.62379,
     "y":0.41158},
    {"x":0.60129,
     "y":0.39871},
    {"x":0.57878,
     "y":0.38585},
    {"x":0.55627,
     "y":0.37621},
    {"x":0.53376,
     "y":0.36334},
    {"x":0.52733,
     "y":0.34405},
    {"x":0.53055,
     "y":0.32154},
    {"x":0.54019,
     "y":0.29904},
    {"x":0.54341,
     "y":0.27653},
    {"x":0.54662,
     "y":0.25402},
    {"x":0.54341,
     "y":0.23151},
    {"x":0.53698,
     "y":0.209},
    {"x":0.5209,
     "y":0.1865},
    {"x":0.49839,
     "y":0.16399},
    {"x":0.47588,
     "y":0.15434},
    {"x":0.45338,
     "y":0.14791},
    {"x":0.43087,
     "y":0.14469},
    {"x":0.40836,
     "y":0.14148},
    {"x":0.38585,
     "y":0.13826},
    {"x":0.36334,
     "y":0.12219},
    {"x":0.34405,
     "y":0.10289},
    {"x":0.32797,
     "y":0.080386},
    {"x":0.31511,
     "y":0.057878},
    {"x":0.29582,
     "y":0.03537},
    {"x":0.27331,
     "y":0.019293},
    {"x":0.2508,
     "y":0.0096463},
    {"x":0.2283,
     "y":0},
    {"x":0.20579,
     "y":0},
    {"x":0.18328,
     "y":0},
    {"x":0.16077,
     "y":0},
    {"x":0.13826,
     "y":0.0032154},
    {"x":0.11576,
     "y":0.0096463},
    {"x":0.096463,
     "y":0.022508},
    {"x":0.073955,
     "y":0.045016},
    {"x":0.057878,
     "y":0.067524},
    {"x":0.045016,
     "y":0.090032},
    {"x":0.032154,
     "y":0.11254},
    {"x":0.022508,
     "y":0.13505},
    {"x":0.012862,
     "y":0.15756},
    {"x":0.0064309,
     "y":0.18006},
    {"x":0,
     "y":0.20257},
    {"x":0,
     "y":0.22508},
    {"x":0,
     "y":0.24759},
    {"x":0,
     "y":0.2701},
    {"x":0.0032154,
     "y":0.2926},
    {"x":0.0064309,
     "y":0.30868}],
 "triangles":[
    {"p1":96,
     "p2":98,
     "p3":99},
    {"p1":3,
     "p2":109,
     "p3":110},
    {"p1":2,
     "p2":3,
     "p3":110},
    {"p1":95,
     "p2":96,
     "p3":99},
    {"p1":96,
     "p2":97,
     "p3":98},
    {"p1":91,
     "p2":92,
     "p3":93},
    {"p1":87,
     "p2":91,
     "p3":93},
    {"p1":0,
     "p2":1,
     "p3":110},
    {"p1":1,
     "p2":2,
     "p3":110},
    {"p1":3,
     "p2":4,
     "p3":5},
    {"p1":3,
     "p2":5,
     "p3":8},
    {"p1":3,
     "p2":108,
     "p3":109},
    {"p1":3,
     "p2":8,
     "p3":108},
    {"p1":8,
     "p2":107,
     "p3":108},
    {"p1":8,
     "p2":105,
     "p3":107},
    {"p1":10,
     "p2":104,
     "p3":105},
    {"p1":105,
     "p2":106,
     "p3":107},
    {"p1":12,
     "p2":23,
     "p3":83},
    {"p1":94,
     "p2":99,
     "p3":100},
    {"p1":94,
     "p2":95,
     "p3":99},
    {"p1":87,
     "p2":93,
     "p3":94},
    {"p1":23,
     "p2":72,
     "p3":83},
    {"p1":87,
     "p2":101,
     "p3":102},
    {"p1":94,
     "p2":100,
     "p3":101},
    {"p1":87,
     "p2":94,
     "p3":101},
    {"p1":87,
     "p2":102,
     "p3":103},
    {"p1":10,
     "p2":87,
     "p3":103},
    {"p1":10,
     "p2":103,
     "p3":104},
    {"p1":11,
     "p2":84,
     "p3":85},
    {"p1":11,
     "p2":12,
     "p3":84},
    {"p1":12,
     "p2":83,
     "p3":84},
    {"p1":11,
     "p2":85,
     "p3":86},
    {"p1":10,
     "p2":11,
     "p3":86},
    {"p1":10,
     "p2":86,
     "p3":87},
    {"p1":8,
     "p2":9,
     "p3":105},
    {"p1":9,
     "p2":10,
     "p3":105},
    {"p1":87,
     "p2":88,
     "p3":91},
    {"p1":88,
     "p2":90,
     "p3":91},
    {"p1":88,
     "p2":89,
     "p3":90},
    {"p1":23,
     "p2":70,
     "p3":71},
    {"p1":23,
     "p2":71,
     "p3":72},
    {"p1":41,
     "p2":42,
     "p3":53},
    {"p1":43,
     "p2":44,
     "p3":51},
    {"p1":44,
     "p2":45,
     "p3":51},
    {"p1":45,
     "p2":46,
     "p3":49},
    {"p1":47,
     "p2":48,
     "p3":49},
    {"p1":46,
     "p2":47,
     "p3":49},
    {"p1":49,
     "p2":50,
     "p3":51},
    {"p1":45,
     "p2":49,
     "p3":51},
    {"p1":78,
     "p2":79,
     "p3":80},
    {"p1":43,
     "p2":51,
     "p3":52},
    {"p1":42,
     "p2":43,
     "p3":52},
    {"p1":42,
     "p2":52,
     "p3":53},
    {"p1":41,
     "p2":53,
     "p3":54},
    {"p1":12,
     "p2":13,
     "p3":23},
    {"p1":13,
     "p2":14,
     "p3":20},
    {"p1":5,
     "p2":6,
     "p3":8},
    {"p1":6,
     "p2":7,
     "p3":8},
    {"p1":74,
     "p2":78,
     "p3":80},
    {"p1":74,
     "p2":80,
     "p3":81},
    {"p1":55,
     "p2":56,
     "p3":57},
    {"p1":54,
     "p2":55,
     "p3":57},
    {"p1":31,
     "p2":63,
     "p3":64},
    {"p1":14,
     "p2":17,
     "p3":20},
    {"p1":15,
     "p2":16,
     "p3":17},
    {"p1":14,
     "p2":15,
     "p3":17},
    {"p1":27,
     "p2":67,
     "p3":68},
    {"p1":13,
     "p2":22,
     "p3":23},
    {"p1":37,
     "p2":58,
     "p3":59},
    {"p1":36,
     "p2":37,
     "p3":59},
    {"p1":76,
     "p2":77,
     "p3":78},
    {"p1":74,
     "p2":76,
     "p3":78},
    {"p1":72,
     "p2":73,
     "p3":74},
    {"p1":72,
     "p2":74,
     "p3":82},
    {"p1":74,
     "p2":81,
     "p3":82},
    {"p1":72,
     "p2":82,
     "p3":83},
    {"p1":33,
     "p2":61,
     "p3":62},
    {"p1":25,
     "p2":69,
     "p3":70},
    {"p1":26,
     "p2":68,
     "p3":69},
    {"p1":26,
     "p2":27,
     "p3":68},
    {"p1":25,
     "p2":26,
     "p3":69},
    {"p1":13,
     "p2":20,
     "p3":21},
    {"p1":13,
     "p2":21,
     "p3":22},
    {"p1":37,
     "p2":38,
     "p3":58},
    {"p1":32,
     "p2":62,
     "p3":63},
    {"p1":32,
     "p2":33,
     "p3":62},
    {"p1":31,
     "p2":32,
     "p3":63},
    {"p1":35,
     "p2":36,
     "p3":59},
    {"p1":35,
     "p2":59,
     "p3":60},
    {"p1":74,
     "p2":75,
     "p3":76},
    {"p1":17,
     "p2":18,
     "p3":20},
    {"p1":18,
     "p2":19,
     "p3":20},
    {"p1":29,
     "p2":65,
     "p3":66},
    {"p1":23,
     "p2":24,
     "p3":70},
    {"p1":24,
     "p2":25,
     "p3":70},
    {"p1":39,
     "p2":54,
     "p3":57},
    {"p1":33,
     "p2":34,
     "p3":61},
    {"p1":34,
     "p2":60,
     "p3":61},
    {"p1":34,
     "p2":35,
     "p3":60},
    {"p1":28,
     "p2":29,
     "p3":66},
    {"p1":28,
     "p2":66,
     "p3":67},
    {"p1":27,
     "p2":28,
     "p3":67},
    {"p1":30,
     "p2":64,
     "p3":65},
    {"p1":29,
     "p2":30,
     "p3":65},
    {"p1":30,
     "p2":31,
     "p3":64},
    {"p1":40,
     "p2":41,
     "p3":54},
    {"p1":39,
     "p2":40,
     "p3":54},
    {"p1":38,
     "p2":39,
     "p3":58},
    {"p1":39,
     "p2":57,
     "p3":58}]
}