{"points":[
    {"x":0.26681,
     "y":0.5021},
    {"x":0.27101,
     "y":0.52521},
    {"x":0.26261,
     "y":0.54832},
    {"x":0.2521,
     "y":0.57143},
    {"x":0.2416,
     "y":0.59454},
    {"x":0.22899,
     "y":0.61765},
    {"x":0.21849,
     "y":0.64076},
    {"x":0.20588,
     "y":0.66387},
    {"x":0.19538,
     "y":0.68697},
    {"x":0.18487,
     "y":0.71008},
    {"x":0.17437,
     "y":0.73319},
    {"x":0.16176,
     "y":0.7563},
    {"x":0.14916,
     "y":0.77941},
    {"x":0.14076,
     "y":0.80252},
    {"x":0.12815,
     "y":0.82563},
    {"x":0.11555,
     "y":0.84874},
    {"x":0.10084,
     "y":0.85924},
    {"x":0.081933,
     "y":0.86975},
    {"x":0.058824,
     "y":0.86555},
    {"x":0.046218,
     "y":0.88445},
    {"x":0.058824,
     "y":0.90336},
    {"x":0.037815,
     "y":0.90756},
    {"x":0.021008,
     "y":0.91387},
    {"x":0.0021008,
     "y":0.91807},
    {"x":0,
     "y":0.94118},
    {"x":0.0021008,
     "y":0.96008},
    {"x":0.0021008,
     "y":0.98319},
    {"x":0.016807,
     "y":1},
    {"x":0.039916,
     "y":0.9937},
    {"x":0.063025,
     "y":0.98319},
    {"x":0.086134,
     "y":0.97059},
    {"x":0.10084,
     "y":0.94748},
    {"x":0.11975,
     "y":0.93067},
    {"x":0.13025,
     "y":0.91387},
    {"x":0.14706,
     "y":0.89286},
    {"x":0.16176,
     "y":0.87605},
    {"x":0.17437,
     "y":0.85294},
    {"x":0.18487,
     "y":0.82983},
    {"x":0.19748,
     "y":0.80672},
    {"x":0.21008,
     "y":0.78361},
    {"x":0.22269,
     "y":0.76261},
    {"x":0.23529,
     "y":0.7395},
    {"x":0.2458,
     "y":0.71639},
    {"x":0.2584,
     "y":0.69328},
    {"x":0.27101,
     "y":0.67017},
    {"x":0.28361,
     "y":0.64706},
    {"x":0.29622,
     "y":0.62395},
    {"x":0.30672,
     "y":0.60084},
    {"x":0.32143,
     "y":0.57773},
    {"x":0.33193,
     "y":0.55672},
    {"x":0.34454,
     "y":0.53361},
    {"x":0.35714,
     "y":0.5105},
    {"x":0.36975,
     "y":0.4895},
    {"x":0.38025,
     "y":0.47059},
    {"x":0.40126,
     "y":0.46429},
    {"x":0.42437,
     "y":0.45168},
    {"x":0.44748,
     "y":0.44328},
    {"x":0.46849,
     "y":0.42647},
    {"x":0.4916,
     "y":0.41176},
    {"x":0.51261,
     "y":0.39076},
    {"x":0.53151,
     "y":0.37395},
    {"x":0.54622,
     "y":0.35294},
    {"x":0.56303,
     "y":0.32983},
    {"x":0.57773,
     "y":0.30672},
    {"x":0.59034,
     "y":0.28361},
    {"x":0.60294,
     "y":0.2605},
    {"x":0.60714,
     "y":0.23739},
    {"x":0.61134,
     "y":0.21429},
    {"x":0.61134,
     "y":0.19118},
    {"x":0.60924,
     "y":0.16807},
    {"x":0.59874,
     "y":0.14496},
    {"x":0.59874,
     "y":0.12185},
    {"x":0.59664,
     "y":0.098739},
    {"x":0.58613,
     "y":0.07563},
    {"x":0.56723,
     "y":0.054622},
    {"x":0.54622,
     "y":0.035714},
    {"x":0.52521,
     "y":0.018908},
    {"x":0.5021,
     "y":0.0042017},
    {"x":0.47899,
     "y":0},
    {"x":0.45588,
     "y":0},
    {"x":0.43277,
     "y":0.0063025},
    {"x":0.40966,
     "y":0.012605},
    {"x":0.38655,
     "y":0.021008},
    {"x":0.36345,
     "y":0.033613},
    {"x":0.34034,
     "y":0.048319},
    {"x":0.31723,
     "y":0.063025},
    {"x":0.29622,
     "y":0.079832},
    {"x":0.27521,
     "y":0.098739},
    {"x":0.2563,
     "y":0.11975},
    {"x":0.2395,
     "y":0.13655},
    {"x":0.22479,
     "y":0.15756},
    {"x":0.20798,
     "y":0.18067},
    {"x":0.19328,
     "y":0.20378},
    {"x":0.18277,
     "y":0.22689},
    {"x":0.17227,
     "y":0.25},
    {"x":0.16597,
     "y":0.27311},
    {"x":0.16176,
     "y":0.29622},
    {"x":0.15756,
     "y":0.31933},
    {"x":0.15756,
     "y":0.34244},
    {"x":0.15966,
     "y":0.36555},
    {"x":0.17227,
     "y":0.38866},
    {"x":0.19118,
     "y":0.40756},
    {"x":0.21008,
     "y":0.42647},
    {"x":0.22689,
     "y":0.44328},
    {"x":0.2479,
     "y":0.46008},
    {"x":0.2563,
     "y":0.48319},
    {"x":0.26681,
     "y":0.5021}],
 "triangles":[
    {"p1":26,
     "p2":27,
     "p3":28},
    {"p1":25,
     "p2":26,
     "p3":28},
    {"p1":25,
     "p2":28,
     "p3":29},
    {"p1":20,
     "p2":30,
     "p3":31},
    {"p1":20,
     "p2":29,
     "p3":30},
    {"p1":71,
     "p2":72,
     "p3":73},
    {"p1":71,
     "p2":73,
     "p3":74},
    {"p1":70,
     "p2":74,
     "p3":75},
    {"p1":70,
     "p2":71,
     "p3":74},
    {"p1":76,
     "p2":77,
     "p3":78},
    {"p1":70,
     "p2":75,
     "p3":81},
    {"p1":64,
     "p2":70,
     "p3":84},
    {"p1":59,
     "p2":88,
     "p3":90},
    {"p1":57,
     "p2":59,
     "p3":90},
    {"p1":18,
     "p2":19,
     "p3":20},
    {"p1":68,
     "p2":69,
     "p3":70},
    {"p1":70,
     "p2":83,
     "p3":84},
    {"p1":75,
     "p2":76,
     "p3":80},
    {"p1":75,
     "p2":80,
     "p3":81},
    {"p1":76,
     "p2":78,
     "p3":80},
    {"p1":78,
     "p2":79,
     "p3":80},
    {"p1":59,
     "p2":61,
     "p3":88},
    {"p1":62,
     "p2":86,
     "p3":87},
    {"p1":61,
     "p2":87,
     "p3":88},
    {"p1":61,
     "p2":62,
     "p3":87},
    {"p1":64,
     "p2":84,
     "p3":85},
    {"p1":64,
     "p2":66,
     "p3":70},
    {"p1":66,
     "p2":67,
     "p3":68},
    {"p1":66,
     "p2":68,
     "p3":70},
    {"p1":64,
     "p2":65,
     "p3":66},
    {"p1":57,
     "p2":90,
     "p3":91},
    {"p1":88,
     "p2":89,
     "p3":90},
    {"p1":53,
     "p2":55,
     "p3":93},
    {"p1":55,
     "p2":57,
     "p3":91},
    {"p1":55,
     "p2":56,
     "p3":57},
    {"p1":53,
     "p2":103,
     "p3":104},
    {"p1":10,
     "p2":40,
     "p3":41},
    {"p1":20,
     "p2":31,
     "p3":32},
    {"p1":59,
     "p2":60,
     "p3":61},
    {"p1":20,
     "p2":21,
     "p3":29},
    {"p1":70,
     "p2":81,
     "p3":82},
    {"p1":70,
     "p2":82,
     "p3":83},
    {"p1":63,
     "p2":85,
     "p3":86},
    {"p1":63,
     "p2":64,
     "p3":85},
    {"p1":62,
     "p2":63,
     "p3":86},
    {"p1":52,
     "p2":53,
     "p3":104},
    {"p1":0,
     "p2":1,
     "p3":50},
    {"p1":55,
     "p2":92,
     "p3":93},
    {"p1":55,
     "p2":91,
     "p3":92},
    {"p1":96,
     "p2":97,
     "p3":101},
    {"p1":15,
     "p2":35,
     "p3":36},
    {"p1":14,
     "p2":15,
     "p3":36},
    {"p1":9,
     "p2":10,
     "p3":41},
    {"p1":10,
     "p2":11,
     "p3":40},
    {"p1":57,
     "p2":58,
     "p3":59},
    {"p1":22,
     "p2":25,
     "p3":29},
    {"p1":21,
     "p2":22,
     "p3":29},
    {"p1":22,
     "p2":24,
     "p3":25},
    {"p1":22,
     "p2":23,
     "p3":24},
    {"p1":2,
     "p2":47,
     "p3":48},
    {"p1":2,
     "p2":3,
     "p3":47},
    {"p1":9,
     "p2":41,
     "p3":42},
    {"p1":5,
     "p2":6,
     "p3":45},
    {"p1":1,
     "p2":49,
     "p3":50},
    {"p1":2,
     "p2":48,
     "p3":49},
    {"p1":1,
     "p2":2,
     "p3":49},
    {"p1":52,
     "p2":104,
     "p3":105},
    {"p1":0,
     "p2":52,
     "p3":105},
    {"p1":0,
     "p2":50,
     "p3":51},
    {"p1":0,
     "p2":51,
     "p3":52},
    {"p1":98,
     "p2":99,
     "p3":100},
    {"p1":98,
     "p2":100,
     "p3":101},
    {"p1":97,
     "p2":98,
     "p3":101},
    {"p1":96,
     "p2":101,
     "p3":102},
    {"p1":53,
     "p2":102,
     "p3":103},
    {"p1":12,
     "p2":13,
     "p3":38},
    {"p1":15,
     "p2":34,
     "p3":35},
    {"p1":15,
     "p2":16,
     "p3":34},
    {"p1":17,
     "p2":18,
     "p3":20},
    {"p1":11,
     "p2":39,
     "p3":40},
    {"p1":12,
     "p2":38,
     "p3":39},
    {"p1":11,
     "p2":12,
     "p3":39},
    {"p1":6,
     "p2":7,
     "p3":44},
    {"p1":6,
     "p2":44,
     "p3":45},
    {"p1":8,
     "p2":9,
     "p3":42},
    {"p1":53,
     "p2":54,
     "p3":55},
    {"p1":95,
     "p2":96,
     "p3":102},
    {"p1":93,
     "p2":94,
     "p3":95},
    {"p1":53,
     "p2":93,
     "p3":95},
    {"p1":53,
     "p2":95,
     "p3":102},
    {"p1":13,
     "p2":37,
     "p3":38},
    {"p1":14,
     "p2":36,
     "p3":37},
    {"p1":13,
     "p2":14,
     "p3":37},
    {"p1":16,
     "p2":17,
     "p3":33},
    {"p1":16,
     "p2":33,
     "p3":34},
    {"p1":20,
     "p2":32,
     "p3":33},
    {"p1":17,
     "p2":20,
     "p3":33},
    {"p1":7,
     "p2":43,
     "p3":44},
    {"p1":7,
     "p2":8,
     "p3":43},
    {"p1":8,
     "p2":42,
     "p3":43},
    {"p1":4,
     "p2":5,
     "p3":45},
    {"p1":4,
     "p2":45,
     "p3":46},
    {"p1":3,
     "p2":4,
     "p3":47},
    {"p1":4,
     "p2":46,
     "p3":47}]
}