{"points":[
    {"x":0.16832,
     "y":0.50297},
    {"x":0.17822,
     "y":0.52475},
    {"x":0.18614,
     "y":0.54455},
    {"x":0.17822,
     "y":0.56832},
    {"x":0.1703,
     "y":0.59208},
    {"x":0.16238,
     "y":0.61584},
    {"x":0.15446,
     "y":0.6396},
    {"x":0.14455,
     "y":0.66337},
    {"x":0.13663,
     "y":0.68713},
    {"x":0.12871,
     "y":0.71089},
    {"x":0.12079,
     "y":0.73465},
    {"x":0.11287,
     "y":0.75842},
    {"x":0.10297,
     "y":0.78218},
    {"x":0.09505,
     "y":0.80594},
    {"x":0.083168,
     "y":0.8297},
    {"x":0.061386,
     "y":0.84752},
    {"x":0.045545,
     "y":0.86139},
    {"x":0.041584,
     "y":0.87921},
    {"x":0.025743,
     "y":0.89109},
    {"x":0.025743,
     "y":0.91287},
    {"x":0.0059406,
     "y":0.92079},
    {"x":0.0079208,
     "y":0.94257},
    {"x":0,
     "y":0.96634},
    {"x":0.0079208,
     "y":0.98614},
    {"x":0.031683,
     "y":0.99406},
    {"x":0.055446,
     "y":1},
    {"x":0.077228,
     "y":1},
    {"x":0.087129,
     "y":0.97624},
    {"x":0.10099,
     "y":0.95842},
    {"x":0.10693,
     "y":0.93663},
    {"x":0.11485,
     "y":0.91683},
    {"x":0.12871,
     "y":0.89703},
    {"x":0.13267,
     "y":0.87327},
    {"x":0.14257,
     "y":0.8495},
    {"x":0.15248,
     "y":0.82574},
    {"x":0.16238,
     "y":0.80198},
    {"x":0.1703,
     "y":0.77822},
    {"x":0.1802,
     "y":0.75446},
    {"x":0.1901,
     "y":0.73069},
    {"x":0.2,
     "y":0.70891},
    {"x":0.2099,
     "y":0.68713},
    {"x":0.21782,
     "y":0.66337},
    {"x":0.22772,
     "y":0.6396},
    {"x":0.23762,
     "y":0.61584},
    {"x":0.24752,
     "y":0.59208},
    {"x":0.25743,
     "y":0.56832},
    {"x":0.26733,
     "y":0.54455},
    {"x":0.28713,
     "y":0.54059},
    {"x":0.31089,
     "y":0.54059},
    {"x":0.33465,
     "y":0.53465},
    {"x":0.35842,
     "y":0.52079},
    {"x":0.37822,
     "y":0.49703},
    {"x":0.38812,
     "y":0.47327},
    {"x":0.39406,
     "y":0.4495},
    {"x":0.39802,
     "y":0.42574},
    {"x":0.39604,
     "y":0.40198},
    {"x":0.40198,
     "y":0.37822},
    {"x":0.41584,
     "y":0.35842},
    {"x":0.43762,
     "y":0.34257},
    {"x":0.46139,
     "y":0.32871},
    {"x":0.48515,
     "y":0.31089},
    {"x":0.50495,
     "y":0.28713},
    {"x":0.52079,
     "y":0.26337},
    {"x":0.53069,
     "y":0.2396},
    {"x":0.53861,
     "y":0.21584},
    {"x":0.54059,
     "y":0.19208},
    {"x":0.54257,
     "y":0.16832},
    {"x":0.54059,
     "y":0.14455},
    {"x":0.53267,
     "y":0.12079},
    {"x":0.52079,
     "y":0.09703},
    {"x":0.49703,
     "y":0.075248},
    {"x":0.47327,
     "y":0.057426},
    {"x":0.4495,
     "y":0.043564},
    {"x":0.42574,
     "y":0.031683},
    {"x":0.40792,
     "y":0.013861},
    {"x":0.38416,
     "y":0.011881},
    {"x":0.3604,
     "y":0.0059406},
    {"x":0.33663,
     "y":0},
    {"x":0.31287,
     "y":0},
    {"x":0.28911,
     "y":0},
    {"x":0.26535,
     "y":0.0039604},
    {"x":0.24158,
     "y":0.009901},
    {"x":0.21782,
     "y":0.023762},
    {"x":0.2,
     "y":0.041584},
    {"x":0.18416,
     "y":0.063366},
    {"x":0.17228,
     "y":0.087129},
    {"x":0.16436,
     "y":0.11089},
    {"x":0.1604,
     "y":0.13465},
    {"x":0.1604,
     "y":0.15842},
    {"x":0.1604,
     "y":0.18218},
    {"x":0.16634,
     "y":0.20594},
    {"x":0.17228,
     "y":0.2297},
    {"x":0.17822,
     "y":0.25347},
    {"x":0.1802,
     "y":0.27723},
    {"x":0.16832,
     "y":0.30099},
    {"x":0.14851,
     "y":0.32277},
    {"x":0.13267,
     "y":0.34455},
    {"x":0.12277,
     "y":0.36832},
    {"x":0.11683,
     "y":0.39208},
    {"x":0.11683,
     "y":0.41584},
    {"x":0.12079,
     "y":0.4396},
    {"x":0.13069,
     "y":0.46337},
    {"x":0.1505,
     "y":0.48713},
    {"x":0.16832,
     "y":0.50297},
    {"x":0.16832,
     "y":0.50297}],
 "triangles":[
    {"p1":22,
     "p2":23,
     "p3":24},
    {"p1":66,
     "p2":67,
     "p3":68},
    {"p1":56,
     "p2":57,
     "p3":93},
    {"p1":56,
     "p2":93,
     "p3":94},
    {"p1":55,
     "p2":56,
     "p3":94},
    {"p1":76,
     "p2":88,
     "p3":90},
    {"p1":21,
     "p2":22,
     "p3":24},
    {"p1":66,
     "p2":68,
     "p3":70},
    {"p1":65,
     "p2":66,
     "p3":70},
    {"p1":65,
     "p2":70,
     "p3":71},
    {"p1":68,
     "p2":69,
     "p3":70},
    {"p1":0,
     "p2":55,
     "p3":94},
    {"p1":0,
     "p2":47,
     "p3":55},
    {"p1":47,
     "p2":53,
     "p3":55},
    {"p1":58,
     "p2":72,
     "p3":73},
    {"p1":63,
     "p2":65,
     "p3":71},
    {"p1":63,
     "p2":71,
     "p3":72},
    {"p1":61,
     "p2":63,
     "p3":72},
    {"p1":73,
     "p2":75,
     "p3":90},
    {"p1":75,
     "p2":76,
     "p3":90},
    {"p1":73,
     "p2":74,
     "p3":75},
    {"p1":73,
     "p2":90,
     "p3":91},
    {"p1":58,
     "p2":73,
     "p3":91},
    {"p1":19,
     "p2":20,
     "p3":21},
    {"p1":79,
     "p2":80,
     "p3":84},
    {"p1":80,
     "p2":81,
     "p3":82},
    {"p1":79,
     "p2":84,
     "p3":85},
    {"p1":47,
     "p2":52,
     "p3":53},
    {"p1":15,
     "p2":16,
     "p3":17},
    {"p1":17,
     "p2":18,
     "p3":19},
    {"p1":59,
     "p2":61,
     "p3":72},
    {"p1":58,
     "p2":59,
     "p3":72},
    {"p1":59,
     "p2":60,
     "p3":61},
    {"p1":63,
     "p2":64,
     "p3":65},
    {"p1":61,
     "p2":62,
     "p3":63},
    {"p1":57,
     "p2":58,
     "p3":92},
    {"p1":58,
     "p2":91,
     "p3":92},
    {"p1":57,
     "p2":92,
     "p3":93},
    {"p1":80,
     "p2":83,
     "p3":84},
    {"p1":80,
     "p2":82,
     "p3":83},
    {"p1":78,
     "p2":79,
     "p3":85},
    {"p1":76,
     "p2":78,
     "p3":88},
    {"p1":76,
     "p2":77,
     "p3":78},
    {"p1":0,
     "p2":94,
     "p3":95},
    {"p1":88,
     "p2":89,
     "p3":90},
    {"p1":95,
     "p2":96,
     "p3":97},
    {"p1":6,
     "p2":7,
     "p3":40},
    {"p1":9,
     "p2":10,
     "p3":37},
    {"p1":53,
     "p2":54,
     "p3":55},
    {"p1":78,
     "p2":86,
     "p3":88},
    {"p1":78,
     "p2":85,
     "p3":86},
    {"p1":97,
     "p2":98,
     "p3":99},
    {"p1":0,
     "p2":95,
     "p3":102},
    {"p1":95,
     "p2":97,
     "p3":102},
    {"p1":97,
     "p2":99,
     "p3":102},
    {"p1":100,
     "p2":101,
     "p3":102},
    {"p1":99,
     "p2":100,
     "p3":102},
    {"p1":25,
     "p2":26,
     "p3":27},
    {"p1":24,
     "p2":25,
     "p3":27},
    {"p1":21,
     "p2":24,
     "p3":27},
    {"p1":19,
     "p2":21,
     "p3":27},
    {"p1":19,
     "p2":27,
     "p3":28},
    {"p1":17,
     "p2":19,
     "p3":29},
    {"p1":19,
     "p2":28,
     "p3":29},
    {"p1":15,
     "p2":31,
     "p3":32},
    {"p1":12,
     "p2":34,
     "p3":35},
    {"p1":14,
     "p2":15,
     "p3":32},
    {"p1":14,
     "p2":32,
     "p3":33},
    {"p1":47,
     "p2":48,
     "p3":52},
    {"p1":48,
     "p2":51,
     "p3":52},
    {"p1":49,
     "p2":50,
     "p3":51},
    {"p1":48,
     "p2":49,
     "p3":51},
    {"p1":3,
     "p2":4,
     "p3":43},
    {"p1":4,
     "p2":42,
     "p3":43},
    {"p1":7,
     "p2":8,
     "p3":39},
    {"p1":7,
     "p2":39,
     "p3":40},
    {"p1":11,
     "p2":12,
     "p3":35},
    {"p1":86,
     "p2":87,
     "p3":88},
    {"p1":17,
     "p2":29,
     "p3":30},
    {"p1":15,
     "p2":17,
     "p3":30},
    {"p1":15,
     "p2":30,
     "p3":31},
    {"p1":13,
     "p2":33,
     "p3":34},
    {"p1":13,
     "p2":14,
     "p3":33},
    {"p1":12,
     "p2":13,
     "p3":34},
    {"p1":2,
     "p2":45,
     "p3":46},
    {"p1":1,
     "p2":2,
     "p3":46},
    {"p1":0,
     "p2":46,
     "p3":47},
    {"p1":0,
     "p2":1,
     "p3":46},
    {"p1":3,
     "p2":43,
     "p3":44},
    {"p1":2,
     "p2":3,
     "p3":44},
    {"p1":2,
     "p2":44,
     "p3":45},
    {"p1":4,
     "p2":5,
     "p3":42},
    {"p1":6,
     "p2":40,
     "p3":41},
    {"p1":5,
     "p2":6,
     "p3":41},
    {"p1":5,
     "p2":41,
     "p3":42},
    {"p1":9,
     "p2":37,
     "p3":38},
    {"p1":8,
     "p2":9,
     "p3":38},
    {"p1":8,
     "p2":38,
     "p3":39},
    {"p1":10,
     "p2":36,
     "p3":37},
    {"p1":10,
     "p2":11,
     "p3":36},
    {"p1":11,
     "p2":35,
     "p3":36}]
}