{"points":[
    {"x":0.074492,
     "y":0.49661},
    {"x":0.085779,
     "y":0.51693},
    {"x":0.10158,
     "y":0.53725},
    {"x":0.11512,
     "y":0.5553},
    {"x":0.12641,
     "y":0.57562},
    {"x":0.1219,
     "y":0.59594},
    {"x":0.11512,
     "y":0.61625},
    {"x":0.11061,
     "y":0.63657},
    {"x":0.10609,
     "y":0.65688},
    {"x":0.10158,
     "y":0.6772},
    {"x":0.097065,
     "y":0.69752},
    {"x":0.092551,
     "y":0.71783},
    {"x":0.090293,
     "y":0.73815},
    {"x":0.088036,
     "y":0.75847},
    {"x":0.081264,
     "y":0.77878},
    {"x":0.076749,
     "y":0.7991},
    {"x":0.072235,
     "y":0.81941},
    {"x":0.06772,
     "y":0.83973},
    {"x":0.060948,
     "y":0.86005},
    {"x":0.047404,
     "y":0.88036},
    {"x":0.027088,
     "y":0.89391},
    {"x":0.013544,
     "y":0.91422},
    {"x":0,
     "y":0.93454},
    {"x":0,
     "y":0.95485},
    {"x":0.0045147,
     "y":0.97517},
    {"x":0.024831,
     "y":0.98871},
    {"x":0.045147,
     "y":0.99774},
    {"x":0.065463,
     "y":1},
    {"x":0.085779,
     "y":0.99549},
    {"x":0.10158,
     "y":0.97743},
    {"x":0.11287,
     "y":0.95711},
    {"x":0.13093,
     "y":0.93905},
    {"x":0.13995,
     "y":0.91874},
    {"x":0.14221,
     "y":0.89842},
    {"x":0.14898,
     "y":0.8781},
    {"x":0.1535,
     "y":0.85779},
    {"x":0.16027,
     "y":0.83747},
    {"x":0.16479,
     "y":0.81716},
    {"x":0.16704,
     "y":0.79684},
    {"x":0.17156,
     "y":0.77652},
    {"x":0.17381,
     "y":0.75621},
    {"x":0.18059,
     "y":0.73589},
    {"x":0.18284,
     "y":0.71558},
    {"x":0.18736,
     "y":0.69526},
    {"x":0.19187,
     "y":0.67494},
    {"x":0.19639,
     "y":0.65463},
    {"x":0.2009,
     "y":0.63431},
    {"x":0.20767,
     "y":0.614},
    {"x":0.2167,
     "y":0.59368},
    {"x":0.22122,
     "y":0.57336},
    {"x":0.23476,
     "y":0.55982},
    {"x":0.25508,
     "y":0.54853},
    {"x":0.2754,
     "y":0.53499},
    {"x":0.29345,
     "y":0.51467},
    {"x":0.307,
     "y":0.49436},
    {"x":0.31377,
     "y":0.47404},
    {"x":0.32054,
     "y":0.45372},
    {"x":0.3228,
     "y":0.43341},
    {"x":0.32506,
     "y":0.41309},
    {"x":0.32506,
     "y":0.39278},
    {"x":0.3228,
     "y":0.37246},
    {"x":0.32506,
     "y":0.35214},
    {"x":0.32506,
     "y":0.33183},
    {"x":0.3228,
     "y":0.31151},
    {"x":0.33634,
     "y":0.2912},
    {"x":0.35666,
     "y":0.2754},
    {"x":0.37246,
     "y":0.25508},
    {"x":0.386,
     "y":0.23476},
    {"x":0.39278,
     "y":0.21445},
    {"x":0.39955,
     "y":0.19413},
    {"x":0.40181,
     "y":0.17381},
    {"x":0.40181,
     "y":0.1535},
    {"x":0.40181,
     "y":0.13318},
    {"x":0.39729,
     "y":0.11287},
    {"x":0.39052,
     "y":0.092551},
    {"x":0.38149,
     "y":0.072235},
    {"x":0.36795,
     "y":0.051919},
    {"x":0.35214,
     "y":0.03386},
    {"x":0.33183,
     "y":0.022573},
    {"x":0.31151,
     "y":0.011287},
    {"x":0.2912,
     "y":0.006772},
    {"x":0.27088,
     "y":0},
    {"x":0.25056,
     "y":0},
    {"x":0.23025,
     "y":0},
    {"x":0.20993,
     "y":0.0022573},
    {"x":0.18962,
     "y":0.0045147},
    {"x":0.1693,
     "y":0.013544},
    {"x":0.14898,
     "y":0.022573},
    {"x":0.12867,
     "y":0.038375},
    {"x":0.11512,
     "y":0.058691},
    {"x":0.10158,
     "y":0.079007},
    {"x":0.092551,
     "y":0.099323},
    {"x":0.083521,
     "y":0.11964},
    {"x":0.083521,
     "y":0.13995},
    {"x":0.083521,
     "y":0.16027},
    {"x":0.088036,
     "y":0.18059},
    {"x":0.092551,
     "y":0.2009},
    {"x":0.099323,
     "y":0.22122},
    {"x":0.10609,
     "y":0.24153},
    {"x":0.11061,
     "y":0.26185},
    {"x":0.10835,
     "y":0.28217},
    {"x":0.099323,
     "y":0.30248},
    {"x":0.090293,
     "y":0.3228},
    {"x":0.079007,
     "y":0.34312},
    {"x":0.069977,
     "y":0.36343},
    {"x":0.063205,
     "y":0.38375},
    {"x":0.058691,
     "y":0.40406},
    {"x":0.056433,
     "y":0.42438},
    {"x":0.056433,
     "y":0.4447},
    {"x":0.060948,
     "y":0.46501},
    {"x":0.06772,
     "y":0.48533},
    {"x":0.074492,
     "y":0.49661}],
 "triangles":[
    {"p1":21,
     "p2":25,
     "p3":26},
    {"p1":64,
     "p2":97,
     "p3":98},
    {"p1":71,
     "p2":82,
     "p3":96},
    {"p1":71,
     "p2":80,
     "p3":82},
    {"p1":80,
     "p2":81,
     "p3":82},
    {"p1":76,
     "p2":77,
     "p3":78},
    {"p1":78,
     "p2":79,
     "p3":80},
    {"p1":75,
     "p2":76,
     "p3":78},
    {"p1":74,
     "p2":75,
     "p3":78},
    {"p1":74,
     "p2":78,
     "p3":80},
    {"p1":23,
     "p2":24,
     "p3":25},
    {"p1":21,
     "p2":22,
     "p3":23},
    {"p1":21,
     "p2":23,
     "p3":25},
    {"p1":53,
     "p2":54,
     "p3":55},
    {"p1":64,
     "p2":98,
     "p3":99},
    {"p1":0,
     "p2":55,
     "p3":107},
    {"p1":71,
     "p2":72,
     "p3":73},
    {"p1":73,
     "p2":74,
     "p3":80},
    {"p1":71,
     "p2":73,
     "p3":80},
    {"p1":68,
     "p2":70,
     "p3":71},
    {"p1":64,
     "p2":68,
     "p3":97},
    {"p1":68,
     "p2":71,
     "p3":96},
    {"p1":68,
     "p2":96,
     "p3":97},
    {"p1":55,
     "p2":106,
     "p3":107},
    {"p1":55,
     "p2":57,
     "p3":106},
    {"p1":63,
     "p2":64,
     "p3":99},
    {"p1":0,
     "p2":107,
     "p3":109},
    {"p1":2,
     "p2":3,
     "p3":50},
    {"p1":82,
     "p2":95,
     "p3":96},
    {"p1":87,
     "p2":88,
     "p3":89},
    {"p1":84,
     "p2":89,
     "p3":95},
    {"p1":20,
     "p2":21,
     "p3":30},
    {"p1":68,
     "p2":69,
     "p3":70},
    {"p1":66,
     "p2":67,
     "p3":68},
    {"p1":64,
     "p2":66,
     "p3":68},
    {"p1":64,
     "p2":65,
     "p3":66},
    {"p1":58,
     "p2":59,
     "p3":103},
    {"p1":58,
     "p2":103,
     "p3":104},
    {"p1":57,
     "p2":58,
     "p3":104},
    {"p1":55,
     "p2":56,
     "p3":57},
    {"p1":57,
     "p2":104,
     "p3":105},
    {"p1":57,
     "p2":105,
     "p3":106},
    {"p1":59,
     "p2":60,
     "p3":103},
    {"p1":60,
     "p2":102,
     "p3":103},
    {"p1":63,
     "p2":99,
     "p3":100},
    {"p1":107,
     "p2":108,
     "p3":109},
    {"p1":0,
     "p2":109,
     "p3":110},
    {"p1":3,
     "p2":49,
     "p3":50},
    {"p1":51,
     "p2":53,
     "p3":55},
    {"p1":0,
     "p2":51,
     "p3":55},
    {"p1":51,
     "p2":52,
     "p3":53},
    {"p1":1,
     "p2":2,
     "p3":50},
    {"p1":0,
     "p2":1,
     "p3":51},
    {"p1":1,
     "p2":50,
     "p3":51},
    {"p1":3,
     "p2":4,
     "p3":49},
    {"p1":10,
     "p2":11,
     "p3":42},
    {"p1":11,
     "p2":41,
     "p3":42},
    {"p1":9,
     "p2":10,
     "p3":42},
    {"p1":27,
     "p2":28,
     "p3":29},
    {"p1":26,
     "p2":27,
     "p3":29},
    {"p1":21,
     "p2":26,
     "p3":29},
    {"p1":21,
     "p2":29,
     "p3":30},
    {"p1":89,
     "p2":91,
     "p3":95},
    {"p1":89,
     "p2":90,
     "p3":91},
    {"p1":91,
     "p2":93,
     "p3":95},
    {"p1":91,
     "p2":92,
     "p3":93},
    {"p1":82,
     "p2":83,
     "p3":95},
    {"p1":83,
     "p2":84,
     "p3":95},
    {"p1":84,
     "p2":85,
     "p3":86},
    {"p1":86,
     "p2":87,
     "p3":89},
    {"p1":84,
     "p2":86,
     "p3":89},
    {"p1":60,
     "p2":101,
     "p3":102},
    {"p1":4,
     "p2":47,
     "p3":48},
    {"p1":4,
     "p2":48,
     "p3":49},
    {"p1":6,
     "p2":45,
     "p3":46},
    {"p1":4,
     "p2":5,
     "p3":47},
    {"p1":5,
     "p2":46,
     "p3":47},
    {"p1":5,
     "p2":6,
     "p3":46},
    {"p1":15,
     "p2":16,
     "p3":36},
    {"p1":93,
     "p2":94,
     "p3":95},
    {"p1":19,
     "p2":20,
     "p3":30},
    {"p1":19,
     "p2":30,
     "p3":31},
    {"p1":19,
     "p2":31,
     "p3":32},
    {"p1":19,
     "p2":32,
     "p3":33},
    {"p1":18,
     "p2":19,
     "p3":33},
    {"p1":62,
     "p2":63,
     "p3":100},
    {"p1":62,
     "p2":100,
     "p3":101},
    {"p1":6,
     "p2":7,
     "p3":45},
    {"p1":7,
     "p2":44,
     "p3":45},
    {"p1":7,
     "p2":8,
     "p3":44},
    {"p1":12,
     "p2":13,
     "p3":40},
    {"p1":11,
     "p2":40,
     "p3":41},
    {"p1":11,
     "p2":12,
     "p3":40},
    {"p1":15,
     "p2":36,
     "p3":37},
    {"p1":15,
     "p2":37,
     "p3":38},
    {"p1":13,
     "p2":14,
     "p3":38},
    {"p1":14,
     "p2":15,
     "p3":38},
    {"p1":17,
     "p2":18,
     "p3":34},
    {"p1":18,
     "p2":33,
     "p3":34},
    {"p1":60,
     "p2":61,
     "p3":101},
    {"p1":61,
     "p2":62,
     "p3":101},
    {"p1":9,
     "p2":42,
     "p3":43},
    {"p1":8,
     "p2":9,
     "p3":43},
    {"p1":8,
     "p2":43,
     "p3":44},
    {"p1":13,
     "p2":38,
     "p3":39},
    {"p1":13,
     "p2":39,
     "p3":40},
    {"p1":17,
     "p2":34,
     "p3":35},
    {"p1":16,
     "p2":35,
     "p3":36},
    {"p1":16,
     "p2":17,
     "p3":35}]
}