{"points":[
    {"x":0.0301,
     "y":0.24415},
    {"x":0.046823,
     "y":0.26087},
    {"x":0.070234,
     "y":0.28094},
    {"x":0.093645,
     "y":0.29431},
    {"x":0.11706,
     "y":0.30769},
    {"x":0.14047,
     "y":0.31104},
    {"x":0.16388,
     "y":0.31438},
    {"x":0.18729,
     "y":0.31773},
    {"x":0.2107,
     "y":0.31438},
    {"x":0.23411,
     "y":0.30769},
    {"x":0.25753,
     "y":0.29766},
    {"x":0.28094,
     "y":0.28428},
    {"x":0.301,
     "y":0.26421},
    {"x":0.32441,
     "y":0.26756},
    {"x":0.34783,
     "y":0.27425},
    {"x":0.37124,
     "y":0.28428},
    {"x":0.39465,
     "y":0.29431},
    {"x":0.41806,
     "y":0.301},
    {"x":0.44147,
     "y":0.30769},
    {"x":0.46488,
     "y":0.31773},
    {"x":0.48829,
     "y":0.32776},
    {"x":0.51171,
     "y":0.33445},
    {"x":0.53512,
     "y":0.34448},
    {"x":0.55853,
     "y":0.35117},
    {"x":0.58194,
     "y":0.3612},
    {"x":0.60535,
     "y":0.37124},
    {"x":0.62876,
     "y":0.37793},
    {"x":0.64548,
     "y":0.3913},
    {"x":0.64883,
     "y":0.41137},
    {"x":0.67224,
     "y":0.41472},
    {"x":0.68227,
     "y":0.39799},
    {"x":0.699,
     "y":0.39465},
    {"x":0.72241,
     "y":0.40134},
    {"x":0.74582,
     "y":0.41137},
    {"x":0.76923,
     "y":0.41806},
    {"x":0.79264,
     "y":0.42475},
    {"x":0.81605,
     "y":0.43478},
    {"x":0.83946,
     "y":0.44147},
    {"x":0.86288,
     "y":0.45485},
    {"x":0.88294,
     "y":0.46823},
    {"x":0.90635,
     "y":0.46488},
    {"x":0.92977,
     "y":0.47826},
    {"x":0.95318,
     "y":0.48161},
    {"x":0.97659,
     "y":0.47157},
    {"x":1,
     "y":0.45819},
    {"x":1,
     "y":0.43478},
    {"x":0.98328,
     "y":0.41137},
    {"x":0.97993,
     "y":0.3913},
    {"x":0.95652,
     "y":0.38462},
    {"x":0.9398,
     "y":0.39799},
    {"x":0.92308,
     "y":0.39465},
    {"x":0.9097,
     "y":0.37458},
    {"x":0.88629,
     "y":0.37793},
    {"x":0.87291,
     "y":0.3913},
    {"x":0.8495,
     "y":0.38796},
    {"x":0.82609,
     "y":0.38127},
    {"x":0.80268,
     "y":0.37124},
    {"x":0.77926,
     "y":0.3612},
    {"x":0.75585,
     "y":0.35452},
    {"x":0.73244,
     "y":0.34448},
    {"x":0.70903,
     "y":0.33445},
    {"x":0.68562,
     "y":0.32776},
    {"x":0.66221,
     "y":0.31773},
    {"x":0.6388,
     "y":0.30769},
    {"x":0.61538,
     "y":0.301},
    {"x":0.59197,
     "y":0.29097},
    {"x":0.56856,
     "y":0.28094},
    {"x":0.54515,
     "y":0.27425},
    {"x":0.52174,
     "y":0.26421},
    {"x":0.49833,
     "y":0.25418},
    {"x":0.47492,
     "y":0.24749},
    {"x":0.45151,
     "y":0.23746},
    {"x":0.42809,
     "y":0.22742},
    {"x":0.40803,
     "y":0.20736},
    {"x":0.3913,
     "y":0.18729},
    {"x":0.36789,
     "y":0.1806},
    {"x":0.34783,
     "y":0.16722},
    {"x":0.35117,
     "y":0.14381},
    {"x":0.34114,
     "y":0.12375},
    {"x":0.32776,
     "y":0.10702},
    {"x":0.32776,
     "y":0.083612},
    {"x":0.31104,
     "y":0.070234},
    {"x":0.29766,
     "y":0.060201},
    {"x":0.29097,
     "y":0.040134},
    {"x":0.26756,
     "y":0.033445},
    {"x":0.25753,
     "y":0.020067},
    {"x":0.23746,
     "y":0.010033},
    {"x":0.21405,
     "y":0.010033},
    {"x":0.19398,
     "y":0},
    {"x":0.17057,
     "y":0.0033445},
    {"x":0.14716,
     "y":0.0033445},
    {"x":0.12709,
     "y":0.006689},
    {"x":0.10368,
     "y":0.010033},
    {"x":0.080268,
     "y":0.020067},
    {"x":0.060201,
     "y":0.036789},
    {"x":0.043478,
     "y":0.050167},
    {"x":0.026756,
     "y":0.070234},
    {"x":0.016722,
     "y":0.090301},
    {"x":0.006689,
     "y":0.11037},
    {"x":0,
     "y":0.13378},
    {"x":0,
     "y":0.15719},
    {"x":0.0033445,
     "y":0.1806},
    {"x":0.010033,
     "y":0.20401},
    {"x":0.020067,
     "y":0.22742},
    {"x":0.0301,
     "y":0.24415}],
 "triangles":[
    {"p1":87,
     "p2":88,
     "p3":89},
    {"p1":98,
     "p2":99,
     "p3":100},
    {"p1":1,
     "p2":102,
     "p3":103},
    {"p1":0,
     "p2":1,
     "p3":103},
    {"p1":97,
     "p2":101,
     "p3":102},
    {"p1":97,
     "p2":100,
     "p3":101},
    {"p1":97,
     "p2":98,
     "p3":100},
    {"p1":95,
     "p2":96,
     "p3":97},
    {"p1":1,
     "p2":97,
     "p3":102},
    {"p1":92,
     "p2":93,
     "p3":94},
    {"p1":94,
     "p2":95,
     "p3":97},
    {"p1":1,
     "p2":94,
     "p3":97},
    {"p1":3,
     "p2":89,
     "p3":91},
    {"p1":89,
     "p2":90,
     "p3":91},
    {"p1":2,
     "p2":3,
     "p3":91},
    {"p1":1,
     "p2":2,
     "p3":91},
    {"p1":1,
     "p2":91,
     "p3":94},
    {"p1":91,
     "p2":92,
     "p3":94},
    {"p1":41,
     "p2":42,
     "p3":49},
    {"p1":25,
     "p2":26,
     "p3":63},
    {"p1":25,
     "p2":63,
     "p3":64},
    {"p1":46,
     "p2":47,
     "p3":48},
    {"p1":46,
     "p2":48,
     "p3":49},
    {"p1":42,
     "p2":43,
     "p3":49},
    {"p1":43,
     "p2":46,
     "p3":49},
    {"p1":43,
     "p2":45,
     "p3":46},
    {"p1":43,
     "p2":44,
     "p3":45},
    {"p1":40,
     "p2":41,
     "p3":49},
    {"p1":40,
     "p2":49,
     "p3":50},
    {"p1":24,
     "p2":25,
     "p3":64},
    {"p1":27,
     "p2":28,
     "p3":29},
    {"p1":27,
     "p2":29,
     "p3":30},
    {"p1":5,
     "p2":6,
     "p3":87},
    {"p1":3,
     "p2":5,
     "p3":89},
    {"p1":5,
     "p2":87,
     "p3":89},
    {"p1":6,
     "p2":84,
     "p3":87},
    {"p1":84,
     "p2":86,
     "p3":87},
    {"p1":10,
     "p2":79,
     "p3":82},
    {"p1":6,
     "p2":82,
     "p3":84},
    {"p1":76,
     "p2":77,
     "p3":78},
    {"p1":76,
     "p2":78,
     "p3":79},
    {"p1":20,
     "p2":21,
     "p3":68},
    {"p1":17,
     "p2":18,
     "p3":71},
    {"p1":12,
     "p2":13,
     "p3":76},
    {"p1":12,
     "p2":76,
     "p3":79},
    {"p1":10,
     "p2":12,
     "p3":79},
    {"p1":26,
     "p2":27,
     "p3":61},
    {"p1":27,
     "p2":30,
     "p3":61},
    {"p1":23,
     "p2":65,
     "p3":66},
    {"p1":23,
     "p2":24,
     "p3":65},
    {"p1":24,
     "p2":64,
     "p3":65},
    {"p1":40,
     "p2":50,
     "p3":53},
    {"p1":33,
     "p2":34,
     "p3":57},
    {"p1":31,
     "p2":59,
     "p3":60},
    {"p1":31,
     "p2":32,
     "p3":59},
    {"p1":30,
     "p2":31,
     "p3":61},
    {"p1":31,
     "p2":60,
     "p3":61},
    {"p1":3,
     "p2":4,
     "p3":5},
    {"p1":84,
     "p2":85,
     "p3":86},
    {"p1":9,
     "p2":10,
     "p3":82},
    {"p1":6,
     "p2":9,
     "p3":82},
    {"p1":6,
     "p2":8,
     "p3":9},
    {"p1":22,
     "p2":23,
     "p3":66},
    {"p1":21,
     "p2":67,
     "p3":68},
    {"p1":22,
     "p2":66,
     "p3":67},
    {"p1":21,
     "p2":22,
     "p3":67},
    {"p1":6,
     "p2":7,
     "p3":8},
    {"p1":10,
     "p2":11,
     "p3":12},
    {"p1":26,
     "p2":62,
     "p3":63},
    {"p1":26,
     "p2":61,
     "p3":62},
    {"p1":36,
     "p2":37,
     "p3":54},
    {"p1":37,
     "p2":53,
     "p3":54},
    {"p1":50,
     "p2":51,
     "p3":52},
    {"p1":50,
     "p2":52,
     "p3":53},
    {"p1":33,
     "p2":57,
     "p3":58},
    {"p1":32,
     "p2":58,
     "p3":59},
    {"p1":32,
     "p2":33,
     "p3":58},
    {"p1":79,
     "p2":80,
     "p3":81},
    {"p1":79,
     "p2":81,
     "p3":82},
    {"p1":82,
     "p2":83,
     "p3":84},
    {"p1":20,
     "p2":68,
     "p3":69},
    {"p1":19,
     "p2":20,
     "p3":69},
    {"p1":14,
     "p2":15,
     "p3":73},
    {"p1":15,
     "p2":16,
     "p3":72},
    {"p1":15,
     "p2":72,
     "p3":73},
    {"p1":17,
     "p2":71,
     "p3":72},
    {"p1":16,
     "p2":17,
     "p3":72},
    {"p1":36,
     "p2":54,
     "p3":55},
    {"p1":35,
     "p2":36,
     "p3":55},
    {"p1":37,
     "p2":38,
     "p3":53},
    {"p1":38,
     "p2":39,
     "p3":40},
    {"p1":38,
     "p2":40,
     "p3":53},
    {"p1":18,
     "p2":19,
     "p3":70},
    {"p1":19,
     "p2":69,
     "p3":70},
    {"p1":18,
     "p2":70,
     "p3":71},
    {"p1":13,
     "p2":75,
     "p3":76},
    {"p1":13,
     "p2":14,
     "p3":75},
    {"p1":14,
     "p2":73,
     "p3":75},
    {"p1":73,
     "p2":74,
     "p3":75},
    {"p1":35,
     "p2":55,
     "p3":56},
    {"p1":34,
     "p2":56,
     "p3":57},
    {"p1":34,
     "p2":35,
     "p3":56}]
}