{"points":[
    {"x":0.26316,
     "y":0.57895},
    {"x":0.2924,
     "y":0.5848},
    {"x":0.28655,
     "y":0.5614},
    {"x":0.27485,
     "y":0.53216},
    {"x":0.26901,
     "y":0.50292},
    {"x":0.26316,
     "y":0.47368},
    {"x":0.25731,
     "y":0.44444},
    {"x":0.25146,
     "y":0.4152},
    {"x":0.25146,
     "y":0.38596},
    {"x":0.24561,
     "y":0.35673},
    {"x":0.24561,
     "y":0.32749},
    {"x":0.26901,
     "y":0.31579},
    {"x":0.29825,
     "y":0.31579},
    {"x":0.32749,
     "y":0.31579},
    {"x":0.35673,
     "y":0.31579},
    {"x":0.38596,
     "y":0.31579},
    {"x":0.4152,
     "y":0.31579},
    {"x":0.44444,
     "y":0.31579},
    {"x":0.47368,
     "y":0.31579},
    {"x":0.50292,
     "y":0.31579},
    {"x":0.53216,
     "y":0.31579},
    {"x":0.5614,
     "y":0.31579},
    {"x":0.59064,
     "y":0.31579},
    {"x":0.61988,
     "y":0.31579},
    {"x":0.64912,
     "y":0.31579},
    {"x":0.67836,
     "y":0.31579},
    {"x":0.7076,
     "y":0.31579},
    {"x":0.73684,
     "y":0.31579},
    {"x":0.76608,
     "y":0.31579},
    {"x":0.79532,
     "y":0.31579},
    {"x":0.82456,
     "y":0.31579},
    {"x":0.8538,
     "y":0.31579},
    {"x":0.88304,
     "y":0.31579},
    {"x":0.91228,
     "y":0.31579},
    {"x":0.94152,
     "y":0.31579},
    {"x":0.97076,
     "y":0.31579},
    {"x":1,
     "y":0.31579},
    {"x":1,
     "y":0.28655},
    {"x":1,
     "y":0.25731},
    {"x":1,
     "y":0.22807},
    {"x":1,
     "y":0.19883},
    {"x":0.9883,
     "y":0.18129},
    {"x":0.95906,
     "y":0.18129},
    {"x":0.92982,
     "y":0.18129},
    {"x":0.90058,
     "y":0.18129},
    {"x":0.87135,
     "y":0.18129},
    {"x":0.84211,
     "y":0.18129},
    {"x":0.81287,
     "y":0.18129},
    {"x":0.78363,
     "y":0.18129},
    {"x":0.75439,
     "y":0.18129},
    {"x":0.72515,
     "y":0.18129},
    {"x":0.69591,
     "y":0.18129},
    {"x":0.66667,
     "y":0.18129},
    {"x":0.63743,
     "y":0.18129},
    {"x":0.60819,
     "y":0.18129},
    {"x":0.57895,
     "y":0.18129},
    {"x":0.54971,
     "y":0.18129},
    {"x":0.52047,
     "y":0.18129},
    {"x":0.49123,
     "y":0.18129},
    {"x":0.46199,
     "y":0.18129},
    {"x":0.43275,
     "y":0.18129},
    {"x":0.40351,
     "y":0.18129},
    {"x":0.37427,
     "y":0.18129},
    {"x":0.34503,
     "y":0.18129},
    {"x":0.31579,
     "y":0.18129},
    {"x":0.28655,
     "y":0.18129},
    {"x":0.25731,
     "y":0.18129},
    {"x":0.25146,
     "y":0.15205},
    {"x":0.27485,
     "y":0.14035},
    {"x":0.27485,
     "y":0.11111},
    {"x":0.27485,
     "y":0.081871},
    {"x":0.27485,
     "y":0.052632},
    {"x":0.27485,
     "y":0.023392},
    {"x":0.26901,
     "y":0},
    {"x":0.23977,
     "y":0},
    {"x":0.21053,
     "y":0},
    {"x":0.18129,
     "y":0},
    {"x":0.15205,
     "y":0},
    {"x":0.12281,
     "y":0},
    {"x":0.093567,
     "y":0},
    {"x":0.064327,
     "y":0},
    {"x":0.035088,
     "y":0},
    {"x":0.005848,
     "y":0},
    {"x":0,
     "y":0.023392},
    {"x":0,
     "y":0.052632},
    {"x":0,
     "y":0.081871},
    {"x":0,
     "y":0.11111},
    {"x":0,
     "y":0.14035},
    {"x":0.023392,
     "y":0.15205},
    {"x":0.023392,
     "y":0.18129},
    {"x":0.023392,
     "y":0.21053},
    {"x":0.023392,
     "y":0.23977},
    {"x":0.023392,
     "y":0.26901},
    {"x":0.023392,
     "y":0.29825},
    {"x":0.02924,
     "y":0.32749},
    {"x":0.040936,
     "y":0.35673},
    {"x":0.046784,
     "y":0.38596},
    {"x":0.070175,
     "y":0.4152},
    {"x":0.087719,
     "y":0.44444},
    {"x":0.10526,
     "y":0.47368},
    {"x":0.12865,
     "y":0.50292},
    {"x":0.15789,
     "y":0.52632},
    {"x":0.18713,
     "y":0.53801},
    {"x":0.21637,
     "y":0.5614},
    {"x":0.24561,
     "y":0.5731},
    {"x":0.26316,
     "y":0.57895}],
 "triangles":[
    {"p1":81,
     "p2":82,
     "p3":83},
    {"p1":67,
     "p2":70,
     "p3":76},
    {"p1":67,
     "p2":69,
     "p3":70},
    {"p1":67,
     "p2":76,
     "p3":77},
    {"p1":6,
     "p2":100,
     "p3":101},
    {"p1":35,
     "p2":36,
     "p3":37},
    {"p1":72,
     "p2":73,
     "p3":74},
    {"p1":71,
     "p2":72,
     "p3":74},
    {"p1":71,
     "p2":74,
     "p3":75},
    {"p1":70,
     "p2":75,
     "p3":76},
    {"p1":70,
     "p2":71,
     "p3":75},
    {"p1":3,
     "p2":103,
     "p3":104},
    {"p1":0,
     "p2":3,
     "p3":104},
    {"p1":78,
     "p2":79,
     "p3":88},
    {"p1":80,
     "p2":81,
     "p3":84},
    {"p1":81,
     "p2":83,
     "p3":84},
    {"p1":67,
     "p2":88,
     "p3":89},
    {"p1":66,
     "p2":67,
     "p3":89},
    {"p1":33,
     "p2":34,
     "p3":43},
    {"p1":38,
     "p2":39,
     "p3":43},
    {"p1":34,
     "p2":38,
     "p3":43},
    {"p1":30,
     "p2":46,
     "p3":47},
    {"p1":30,
     "p2":31,
     "p3":46},
    {"p1":31,
     "p2":45,
     "p3":46},
    {"p1":31,
     "p2":32,
     "p3":45},
    {"p1":19,
     "p2":20,
     "p3":57},
    {"p1":20,
     "p2":56,
     "p3":57},
    {"p1":19,
     "p2":57,
     "p3":58},
    {"p1":5,
     "p2":6,
     "p3":101},
    {"p1":5,
     "p2":101,
     "p3":102},
    {"p1":0,
     "p2":1,
     "p3":2},
    {"p1":0,
     "p2":2,
     "p3":3},
    {"p1":10,
     "p2":66,
     "p3":91},
    {"p1":18,
     "p2":19,
     "p3":58},
    {"p1":18,
     "p2":58,
     "p3":59},
    {"p1":16,
     "p2":60,
     "p3":61},
    {"p1":79,
     "p2":80,
     "p3":85},
    {"p1":80,
     "p2":84,
     "p3":85},
    {"p1":79,
     "p2":85,
     "p3":88},
    {"p1":66,
     "p2":90,
     "p3":91},
    {"p1":66,
     "p2":89,
     "p3":90},
    {"p1":33,
     "p2":43,
     "p3":44},
    {"p1":32,
     "p2":33,
     "p3":44},
    {"p1":32,
     "p2":44,
     "p3":45},
    {"p1":39,
     "p2":40,
     "p3":42},
    {"p1":40,
     "p2":41,
     "p3":42},
    {"p1":39,
     "p2":42,
     "p3":43},
    {"p1":4,
     "p2":5,
     "p3":102},
    {"p1":4,
     "p2":102,
     "p3":103},
    {"p1":3,
     "p2":4,
     "p3":103},
    {"p1":6,
     "p2":7,
     "p3":100},
    {"p1":7,
     "p2":99,
     "p3":100},
    {"p1":10,
     "p2":11,
     "p3":66},
    {"p1":11,
     "p2":12,
     "p3":65},
    {"p1":11,
     "p2":65,
     "p3":66},
    {"p1":14,
     "p2":62,
     "p3":63},
    {"p1":17,
     "p2":18,
     "p3":59},
    {"p1":17,
     "p2":59,
     "p3":60},
    {"p1":16,
     "p2":17,
     "p3":60},
    {"p1":86,
     "p2":87,
     "p3":88},
    {"p1":85,
     "p2":86,
     "p3":88},
    {"p1":25,
     "p2":51,
     "p3":52},
    {"p1":12,
     "p2":64,
     "p3":65},
    {"p1":67,
     "p2":68,
     "p3":69},
    {"p1":12,
     "p2":13,
     "p3":64},
    {"p1":13,
     "p2":63,
     "p3":64},
    {"p1":13,
     "p2":14,
     "p3":63},
    {"p1":7,
     "p2":98,
     "p3":99},
    {"p1":9,
     "p2":97,
     "p3":98},
    {"p1":95,
     "p2":96,
     "p3":97},
    {"p1":10,
     "p2":94,
     "p3":95},
    {"p1":10,
     "p2":91,
     "p3":92},
    {"p1":15,
     "p2":61,
     "p3":62},
    {"p1":15,
     "p2":16,
     "p3":61},
    {"p1":14,
     "p2":15,
     "p3":62},
    {"p1":27,
     "p2":49,
     "p3":50},
    {"p1":23,
     "p2":53,
     "p3":54},
    {"p1":8,
     "p2":9,
     "p3":98},
    {"p1":7,
     "p2":8,
     "p3":98},
    {"p1":10,
     "p2":93,
     "p3":94},
    {"p1":10,
     "p2":92,
     "p3":93},
    {"p1":29,
     "p2":47,
     "p3":48},
    {"p1":29,
     "p2":30,
     "p3":47},
    {"p1":25,
     "p2":26,
     "p3":51},
    {"p1":26,
     "p2":50,
     "p3":51},
    {"p1":26,
     "p2":27,
     "p3":50},
    {"p1":21,
     "p2":55,
     "p3":56},
    {"p1":20,
     "p2":21,
     "p3":56},
    {"p1":23,
     "p2":24,
     "p3":53},
    {"p1":24,
     "p2":52,
     "p3":53},
    {"p1":24,
     "p2":25,
     "p3":52},
    {"p1":27,
     "p2":28,
     "p3":49},
    {"p1":28,
     "p2":48,
     "p3":49},
    {"p1":28,
     "p2":29,
     "p3":48},
    {"p1":21,
     "p2":22,
     "p3":55},
    {"p1":22,
     "p2":54,
     "p3":55},
    {"p1":22,
     "p2":23,
     "p3":54},
    {"p1":77,
     "p2":78,
     "p3":88},
    {"p1":67,
     "p2":77,
     "p3":88},
    {"p1":34,
     "p2":35,
     "p3":38},
    {"p1":35,
     "p2":37,
     "p3":38},
    {"p1":9,
     "p2":95,
     "p3":97},
    {"p1":9,
     "p2":10,
     "p3":95}]
}