{"points":[
    {"x":0.26904,
     "y":0.51269},
    {"x":0.26904,
     "y":0.53807},
    {"x":0.26904,
     "y":0.56345},
    {"x":0.26904,
     "y":0.58883},
    {"x":0.26904,
     "y":0.61421},
    {"x":0.26904,
     "y":0.63959},
    {"x":0.26904,
     "y":0.66497},
    {"x":0.26904,
     "y":0.69036},
    {"x":0.26904,
     "y":0.71574},
    {"x":0.26904,
     "y":0.74112},
    {"x":0.26904,
     "y":0.7665},
    {"x":0.26904,
     "y":0.79188},
    {"x":0.24873,
     "y":0.80711},
    {"x":0.22335,
     "y":0.82234},
    {"x":0.19797,
     "y":0.84264},
    {"x":0.17259,
     "y":0.84772},
    {"x":0.14721,
     "y":0.85279},
    {"x":0.12183,
     "y":0.85279},
    {"x":0.096447,
     "y":0.84772},
    {"x":0.071066,
     "y":0.84264},
    {"x":0.045685,
     "y":0.83249},
    {"x":0.020305,
     "y":0.81726},
    {"x":0,
     "y":0.81218},
    {"x":0.015228,
     "y":0.83756},
    {"x":0.030457,
     "y":0.86294},
    {"x":0.045685,
     "y":0.88832},
    {"x":0.06599,
     "y":0.91371},
    {"x":0.086294,
     "y":0.93401},
    {"x":0.11168,
     "y":0.94924},
    {"x":0.13706,
     "y":0.95939},
    {"x":0.16244,
     "y":0.96447},
    {"x":0.18782,
     "y":0.97462},
    {"x":0.2132,
     "y":0.98477},
    {"x":0.23858,
     "y":0.98985},
    {"x":0.26396,
     "y":0.99492},
    {"x":0.28934,
     "y":0.99492},
    {"x":0.31472,
     "y":0.99492},
    {"x":0.3401,
     "y":0.99492},
    {"x":0.36548,
     "y":0.98985},
    {"x":0.39086,
     "y":0.9797},
    {"x":0.41117,
     "y":0.9797},
    {"x":0.41624,
     "y":1},
    {"x":0.44162,
     "y":1},
    {"x":0.46701,
     "y":1},
    {"x":0.49239,
     "y":1},
    {"x":0.51777,
     "y":1},
    {"x":0.54315,
     "y":1},
    {"x":0.55838,
     "y":0.98985},
    {"x":0.55838,
     "y":0.96447},
    {"x":0.55838,
     "y":0.93909},
    {"x":0.55838,
     "y":0.91371},
    {"x":0.55838,
     "y":0.88832},
    {"x":0.55838,
     "y":0.86294},
    {"x":0.55838,
     "y":0.83756},
    {"x":0.55838,
     "y":0.81218},
    {"x":0.55838,
     "y":0.7868},
    {"x":0.53299,
     "y":0.7868},
    {"x":0.50761,
     "y":0.7868},
    {"x":0.48223,
     "y":0.7868},
    {"x":0.45685,
     "y":0.7868},
    {"x":0.43147,
     "y":0.7868},
    {"x":0.41117,
     "y":0.79188},
    {"x":0.40609,
     "y":0.81726},
    {"x":0.38071,
     "y":0.80203},
    {"x":0.37056,
     "y":0.78173},
    {"x":0.37056,
     "y":0.75635},
    {"x":0.37056,
     "y":0.73096},
    {"x":0.37056,
     "y":0.70558},
    {"x":0.37056,
     "y":0.6802},
    {"x":0.37056,
     "y":0.65482},
    {"x":0.37056,
     "y":0.62944},
    {"x":0.37056,
     "y":0.60406},
    {"x":0.37056,
     "y":0.57868},
    {"x":0.37056,
     "y":0.5533},
    {"x":0.37056,
     "y":0.52792},
    {"x":0.37056,
     "y":0.50254},
    {"x":0.37056,
     "y":0.47716},
    {"x":0.37056,
     "y":0.45178},
    {"x":0.37056,
     "y":0.4264},
    {"x":0.37056,
     "y":0.40102},
    {"x":0.37056,
     "y":0.37563},
    {"x":0.37056,
     "y":0.35025},
    {"x":0.37056,
     "y":0.32487},
    {"x":0.37056,
     "y":0.29949},
    {"x":0.37056,
     "y":0.27411},
    {"x":0.37056,
     "y":0.24873},
    {"x":0.37056,
     "y":0.22335},
    {"x":0.37056,
     "y":0.19797},
    {"x":0.37056,
     "y":0.17259},
    {"x":0.37056,
     "y":0.14721},
    {"x":0.37056,
     "y":0.12183},
    {"x":0.37056,
     "y":0.096447},
    {"x":0.37056,
     "y":0.071066},
    {"x":0.37056,
     "y":0.045685},
    {"x":0.37056,
     "y":0.020305},
    {"x":0.36548,
     "y":0},
    {"x":0.3401,
     "y":0},
    {"x":0.31472,
     "y":0},
    {"x":0.28934,
     "y":0},
    {"x":0.26904,
     "y":0.0050761},
    {"x":0.26904,
     "y":0.030457},
    {"x":0.26904,
     "y":0.055838},
    {"x":0.26904,
     "y":0.081218},
    {"x":0.26904,
     "y":0.1066},
    {"x":0.26904,
     "y":0.13198},
    {"x":0.26904,
     "y":0.15736},
    {"x":0.26904,
     "y":0.18274},
    {"x":0.26904,
     "y":0.20812},
    {"x":0.26904,
     "y":0.2335},
    {"x":0.26904,
     "y":0.25888},
    {"x":0.26904,
     "y":0.28426},
    {"x":0.26904,
     "y":0.30964},
    {"x":0.26904,
     "y":0.33503},
    {"x":0.26904,
     "y":0.36041},
    {"x":0.26904,
     "y":0.38579},
    {"x":0.26904,
     "y":0.41117},
    {"x":0.26904,
     "y":0.43655},
    {"x":0.26904,
     "y":0.46193},
    {"x":0.26904,
     "y":0.48731},
    {"x":0.26904,
     "y":0.51269},
    {"x":0.26904,
     "y":0.51269}],
 "triangles":[
    {"p1":20,
     "p2":23,
     "p3":24},
    {"p1":21,
     "p2":22,
     "p3":23},
    {"p1":20,
     "p2":21,
     "p3":23},
    {"p1":76,
     "p2":77,
     "p3":117},
    {"p1":79,
     "p2":80,
     "p3":114},
    {"p1":84,
     "p2":85,
     "p3":109},
    {"p1":79,
     "p2":114,
     "p3":115},
    {"p1":46,
     "p2":47,
     "p3":48},
    {"p1":75,
     "p2":76,
     "p3":118},
    {"p1":76,
     "p2":117,
     "p3":118},
    {"p1":40,
     "p2":50,
     "p3":51},
    {"p1":44,
     "p2":49,
     "p3":50},
    {"p1":40,
     "p2":41,
     "p3":42},
    {"p1":91,
     "p2":92,
     "p3":102},
    {"p1":92,
     "p2":101,
     "p3":102},
    {"p1":92,
     "p2":93,
     "p3":101},
    {"p1":86,
     "p2":87,
     "p3":107},
    {"p1":98,
     "p2":99,
     "p3":100},
    {"p1":78,
     "p2":79,
     "p3":115},
    {"p1":82,
     "p2":83,
     "p3":111},
    {"p1":78,
     "p2":115,
     "p3":116},
    {"p1":77,
     "p2":116,
     "p3":117},
    {"p1":77,
     "p2":78,
     "p3":116},
    {"p1":84,
     "p2":109,
     "p3":110},
    {"p1":83,
     "p2":84,
     "p3":110},
    {"p1":83,
     "p2":110,
     "p3":111},
    {"p1":81,
     "p2":82,
     "p3":112},
    {"p1":82,
     "p2":111,
     "p3":112},
    {"p1":45,
     "p2":46,
     "p3":48},
    {"p1":45,
     "p2":48,
     "p3":49},
    {"p1":44,
     "p2":45,
     "p3":49},
    {"p1":13,
     "p2":33,
     "p3":34},
    {"p1":13,
     "p2":34,
     "p3":35},
    {"p1":43,
     "p2":44,
     "p3":50},
    {"p1":40,
     "p2":43,
     "p3":50},
    {"p1":40,
     "p2":42,
     "p3":43},
    {"p1":86,
     "p2":107,
     "p3":108},
    {"p1":85,
     "p2":108,
     "p3":109},
    {"p1":85,
     "p2":86,
     "p3":108},
    {"p1":89,
     "p2":90,
     "p3":104},
    {"p1":93,
     "p2":97,
     "p3":101},
    {"p1":97,
     "p2":100,
     "p3":101},
    {"p1":97,
     "p2":98,
     "p3":100},
    {"p1":81,
     "p2":112,
     "p3":113},
    {"p1":80,
     "p2":113,
     "p3":114},
    {"p1":80,
     "p2":81,
     "p3":113},
    {"p1":0,
     "p2":75,
     "p3":118},
    {"p1":1,
     "p2":73,
     "p3":74},
    {"p1":0,
     "p2":74,
     "p3":75},
    {"p1":0,
     "p2":1,
     "p3":74},
    {"p1":1,
     "p2":2,
     "p3":73},
    {"p1":14,
     "p2":32,
     "p3":33},
    {"p1":13,
     "p2":14,
     "p3":33},
    {"p1":12,
     "p2":35,
     "p3":36},
    {"p1":12,
     "p2":13,
     "p3":35},
    {"p1":11,
     "p2":63,
     "p3":64},
    {"p1":36,
     "p2":37,
     "p3":63},
    {"p1":37,
     "p2":38,
     "p3":63},
    {"p1":12,
     "p2":36,
     "p3":63},
    {"p1":11,
     "p2":12,
     "p3":63},
    {"p1":38,
     "p2":39,
     "p3":63},
    {"p1":10,
     "p2":11,
     "p3":64},
    {"p1":91,
     "p2":102,
     "p3":103},
    {"p1":90,
     "p2":91,
     "p3":103},
    {"p1":90,
     "p2":103,
     "p3":104},
    {"p1":87,
     "p2":88,
     "p3":106},
    {"p1":87,
     "p2":106,
     "p3":107},
    {"p1":93,
     "p2":94,
     "p3":96},
    {"p1":93,
     "p2":96,
     "p3":97},
    {"p1":94,
     "p2":95,
     "p3":96},
    {"p1":14,
     "p2":31,
     "p3":32},
    {"p1":14,
     "p2":30,
     "p3":31},
    {"p1":16,
     "p2":29,
     "p3":30},
    {"p1":16,
     "p2":28,
     "p3":29},
    {"p1":39,
     "p2":40,
     "p3":62},
    {"p1":39,
     "p2":62,
     "p3":63},
    {"p1":40,
     "p2":51,
     "p3":62},
    {"p1":51,
     "p2":52,
     "p3":62},
    {"p1":89,
     "p2":104,
     "p3":105},
    {"p1":88,
     "p2":89,
     "p3":105},
    {"p1":88,
     "p2":105,
     "p3":106},
    {"p1":14,
     "p2":15,
     "p3":30},
    {"p1":15,
     "p2":16,
     "p3":30},
    {"p1":17,
     "p2":27,
     "p3":28},
    {"p1":16,
     "p2":17,
     "p3":28},
    {"p1":17,
     "p2":26,
     "p3":27},
    {"p1":52,
     "p2":58,
     "p3":62},
    {"p1":58,
     "p2":59,
     "p3":62},
    {"p1":18,
     "p2":25,
     "p3":26},
    {"p1":17,
     "p2":18,
     "p3":26},
    {"p1":8,
     "p2":66,
     "p3":67},
    {"p1":10,
     "p2":64,
     "p3":65},
    {"p1":60,
     "p2":61,
     "p3":62},
    {"p1":59,
     "p2":60,
     "p3":62},
    {"p1":8,
     "p2":9,
     "p3":66},
    {"p1":9,
     "p2":10,
     "p3":65},
    {"p1":9,
     "p2":65,
     "p3":66},
    {"p1":18,
     "p2":19,
     "p3":25},
    {"p1":19,
     "p2":24,
     "p3":25},
    {"p1":19,
     "p2":20,
     "p3":24},
    {"p1":54,
     "p2":55,
     "p3":56},
    {"p1":3,
     "p2":4,
     "p3":71},
    {"p1":7,
     "p2":8,
     "p3":67},
    {"p1":7,
     "p2":67,
     "p3":68},
    {"p1":6,
     "p2":7,
     "p3":68},
    {"p1":3,
     "p2":71,
     "p3":72},
    {"p1":2,
     "p2":3,
     "p3":72},
    {"p1":2,
     "p2":72,
     "p3":73},
    {"p1":4,
     "p2":5,
     "p3":70},
    {"p1":4,
     "p2":70,
     "p3":71},
    {"p1":6,
     "p2":68,
     "p3":69},
    {"p1":5,
     "p2":6,
     "p3":69},
    {"p1":5,
     "p2":69,
     "p3":70},
    {"p1":52,
     "p2":53,
     "p3":57},
    {"p1":52,
     "p2":57,
     "p3":58},
    {"p1":53,
     "p2":54,
     "p3":56},
    {"p1":53,
     "p2":56,
     "p3":57}]
}