{"points":[
    {"x":0.21379,
     "y":0.28966},
    {"x":0.21379,
     "y":0.31724},
    {"x":0.21379,
     "y":0.34483},
    {"x":0.21379,
     "y":0.37241},
    {"x":0.21379,
     "y":0.4},
    {"x":0.21379,
     "y":0.42759},
    {"x":0.21379,
     "y":0.45517},
    {"x":0.21379,
     "y":0.48276},
    {"x":0.21379,
     "y":0.51034},
    {"x":0.21379,
     "y":0.53793},
    {"x":0.21379,
     "y":0.56552},
    {"x":0.21379,
     "y":0.5931},
    {"x":0.21379,
     "y":0.62069},
    {"x":0.21379,
     "y":0.64828},
    {"x":0.21379,
     "y":0.67586},
    {"x":0.2069,
     "y":0.70345},
    {"x":0.17931,
     "y":0.70345},
    {"x":0.17241,
     "y":0.67586},
    {"x":0.14483,
     "y":0.67586},
    {"x":0.11724,
     "y":0.67586},
    {"x":0.089655,
     "y":0.67586},
    {"x":0.062069,
     "y":0.67586},
    {"x":0.034483,
     "y":0.67586},
    {"x":0.0068966,
     "y":0.67586},
    {"x":0,
     "y":0.69655},
    {"x":0,
     "y":0.72414},
    {"x":0,
     "y":0.75172},
    {"x":0,
     "y":0.77931},
    {"x":0,
     "y":0.8069},
    {"x":0,
     "y":0.83448},
    {"x":0,
     "y":0.86207},
    {"x":0,
     "y":0.88966},
    {"x":0,
     "y":0.91724},
    {"x":0,
     "y":0.94483},
    {"x":0,
     "y":0.97241},
    {"x":0,
     "y":1},
    {"x":0.027586,
     "y":1},
    {"x":0.055172,
     "y":1},
    {"x":0.082759,
     "y":1},
    {"x":0.11034,
     "y":1},
    {"x":0.13793,
     "y":1},
    {"x":0.16552,
     "y":1},
    {"x":0.17241,
     "y":0.97931},
    {"x":0.2,
     "y":0.97241},
    {"x":0.22759,
     "y":0.97241},
    {"x":0.25517,
     "y":0.97241},
    {"x":0.28276,
     "y":0.97241},
    {"x":0.31034,
     "y":0.97241},
    {"x":0.33793,
     "y":0.97241},
    {"x":0.36552,
     "y":0.97241},
    {"x":0.3931,
     "y":0.96552},
    {"x":0.42069,
     "y":0.95172},
    {"x":0.44828,
     "y":0.94483},
    {"x":0.47586,
     "y":0.93103},
    {"x":0.50345,
     "y":0.91034},
    {"x":0.53103,
     "y":0.88966},
    {"x":0.55862,
     "y":0.87586},
    {"x":0.58621,
     "y":0.85517},
    {"x":0.6069,
     "y":0.82759},
    {"x":0.62759,
     "y":0.8},
    {"x":0.64138,
     "y":0.77241},
    {"x":0.66207,
     "y":0.74483},
    {"x":0.66897,
     "y":0.71724},
    {"x":0.68276,
     "y":0.68966},
    {"x":0.68966,
     "y":0.66207},
    {"x":0.67586,
     "y":0.65517},
    {"x":0.64828,
     "y":0.66897},
    {"x":0.62069,
     "y":0.67586},
    {"x":0.5931,
     "y":0.68276},
    {"x":0.56552,
     "y":0.68966},
    {"x":0.53793,
     "y":0.69655},
    {"x":0.51034,
     "y":0.69655},
    {"x":0.48276,
     "y":0.70345},
    {"x":0.45517,
     "y":0.70345},
    {"x":0.42759,
     "y":0.71034},
    {"x":0.4,
     "y":0.71034},
    {"x":0.37241,
     "y":0.70345},
    {"x":0.37241,
     "y":0.67586},
    {"x":0.37241,
     "y":0.64828},
    {"x":0.37241,
     "y":0.62069},
    {"x":0.37241,
     "y":0.5931},
    {"x":0.37241,
     "y":0.56552},
    {"x":0.37241,
     "y":0.53793},
    {"x":0.37241,
     "y":0.51034},
    {"x":0.37241,
     "y":0.48276},
    {"x":0.37241,
     "y":0.45517},
    {"x":0.37241,
     "y":0.42759},
    {"x":0.37241,
     "y":0.4},
    {"x":0.37241,
     "y":0.37241},
    {"x":0.37241,
     "y":0.34483},
    {"x":0.37241,
     "y":0.31724},
    {"x":0.37241,
     "y":0.28966},
    {"x":0.37241,
     "y":0.26207},
    {"x":0.37241,
     "y":0.23448},
    {"x":0.37241,
     "y":0.2069},
    {"x":0.37241,
     "y":0.17931},
    {"x":0.37241,
     "y":0.15172},
    {"x":0.37241,
     "y":0.12414},
    {"x":0.37241,
     "y":0.096552},
    {"x":0.37241,
     "y":0.068966},
    {"x":0.37241,
     "y":0.041379},
    {"x":0.37241,
     "y":0.013793},
    {"x":0.35862,
     "y":0},
    {"x":0.33103,
     "y":0},
    {"x":0.30345,
     "y":0},
    {"x":0.27586,
     "y":0},
    {"x":0.24828,
     "y":0},
    {"x":0.22069,
     "y":0},
    {"x":0.21379,
     "y":0.02069},
    {"x":0.21379,
     "y":0.048276},
    {"x":0.21379,
     "y":0.075862},
    {"x":0.21379,
     "y":0.10345},
    {"x":0.21379,
     "y":0.13103},
    {"x":0.21379,
     "y":0.15862},
    {"x":0.21379,
     "y":0.18621},
    {"x":0.21379,
     "y":0.21379},
    {"x":0.21379,
     "y":0.24138},
    {"x":0.21379,
     "y":0.26897},
    {"x":0.21379,
     "y":0.28966}],
 "triangles":[
    {"p1":48,
     "p2":50,
     "p3":51},
    {"p1":63,
     "p2":64,
     "p3":65},
    {"p1":30,
     "p2":31,
     "p3":42},
    {"p1":29,
     "p2":30,
     "p3":42},
    {"p1":34,
     "p2":35,
     "p3":36},
    {"p1":51,
     "p2":52,
     "p3":75},
    {"p1":52,
     "p2":53,
     "p3":75},
    {"p1":48,
     "p2":49,
     "p3":50},
    {"p1":97,
     "p2":98,
     "p3":111},
    {"p1":92,
     "p2":93,
     "p3":116},
    {"p1":31,
     "p2":39,
     "p3":42},
    {"p1":20,
     "p2":26,
     "p3":27},
    {"p1":19,
     "p2":20,
     "p3":27},
    {"p1":48,
     "p2":51,
     "p3":76},
    {"p1":51,
     "p2":75,
     "p3":76},
    {"p1":96,
     "p2":97,
     "p3":112},
    {"p1":97,
     "p2":111,
     "p3":112},
    {"p1":92,
     "p2":116,
     "p3":117},
    {"p1":0,
     "p2":91,
     "p3":117},
    {"p1":91,
     "p2":92,
     "p3":117},
    {"p1":93,
     "p2":94,
     "p3":115},
    {"p1":93,
     "p2":115,
     "p3":116},
    {"p1":40,
     "p2":41,
     "p3":42},
    {"p1":39,
     "p2":40,
     "p3":42},
    {"p1":20,
     "p2":21,
     "p3":26},
    {"p1":53,
     "p2":74,
     "p3":75},
    {"p1":57,
     "p2":58,
     "p3":70},
    {"p1":58,
     "p2":59,
     "p3":70},
    {"p1":59,
     "p2":69,
     "p3":70},
    {"p1":15,
     "p2":44,
     "p3":45},
    {"p1":15,
     "p2":45,
     "p3":46},
    {"p1":15,
     "p2":46,
     "p3":76},
    {"p1":15,
     "p2":43,
     "p3":44},
    {"p1":99,
     "p2":104,
     "p3":110},
    {"p1":98,
     "p2":99,
     "p3":110},
    {"p1":98,
     "p2":110,
     "p3":111},
    {"p1":95,
     "p2":96,
     "p3":113},
    {"p1":96,
     "p2":112,
     "p3":113},
    {"p1":21,
     "p2":25,
     "p3":26},
    {"p1":53,
     "p2":54,
     "p3":74},
    {"p1":54,
     "p2":55,
     "p3":74},
    {"p1":55,
     "p2":56,
     "p3":72},
    {"p1":56,
     "p2":57,
     "p3":72},
    {"p1":59,
     "p2":60,
     "p3":69},
    {"p1":47,
     "p2":48,
     "p3":76},
    {"p1":46,
     "p2":47,
     "p3":76},
    {"p1":16,
     "p2":42,
     "p3":43},
    {"p1":15,
     "p2":16,
     "p3":43},
    {"p1":16,
     "p2":29,
     "p3":42},
    {"p1":16,
     "p2":28,
     "p3":29},
    {"p1":16,
     "p2":27,
     "p3":28},
    {"p1":16,
     "p2":19,
     "p3":27},
    {"p1":16,
     "p2":18,
     "p3":19},
    {"p1":16,
     "p2":17,
     "p3":18},
    {"p1":106,
     "p2":107,
     "p3":108},
    {"p1":106,
     "p2":108,
     "p3":109},
    {"p1":105,
     "p2":106,
     "p3":109},
    {"p1":104,
     "p2":105,
     "p3":110},
    {"p1":105,
     "p2":109,
     "p3":110},
    {"p1":95,
     "p2":113,
     "p3":114},
    {"p1":94,
     "p2":95,
     "p3":114},
    {"p1":94,
     "p2":114,
     "p3":115},
    {"p1":22,
     "p2":24,
     "p3":25},
    {"p1":21,
     "p2":22,
     "p3":25},
    {"p1":22,
     "p2":23,
     "p3":24},
    {"p1":55,
     "p2":73,
     "p3":74},
    {"p1":55,
     "p2":72,
     "p3":73},
    {"p1":57,
     "p2":70,
     "p3":71},
    {"p1":57,
     "p2":71,
     "p3":72},
    {"p1":61,
     "p2":62,
     "p3":67},
    {"p1":63,
     "p2":65,
     "p3":66},
    {"p1":62,
     "p2":63,
     "p3":66},
    {"p1":62,
     "p2":66,
     "p3":67},
    {"p1":60,
     "p2":68,
     "p3":69},
    {"p1":60,
     "p2":61,
     "p3":68},
    {"p1":61,
     "p2":67,
     "p3":68},
    {"p1":14,
     "p2":15,
     "p3":76},
    {"p1":14,
     "p2":76,
     "p3":77},
    {"p1":101,
     "p2":102,
     "p3":103},
    {"p1":100,
     "p2":101,
     "p3":103},
    {"p1":99,
     "p2":103,
     "p3":104},
    {"p1":99,
     "p2":100,
     "p3":103},
    {"p1":0,
     "p2":1,
     "p3":91},
    {"p1":1,
     "p2":90,
     "p3":91},
    {"p1":1,
     "p2":2,
     "p3":90},
    {"p1":2,
     "p2":89,
     "p3":90},
    {"p1":2,
     "p2":88,
     "p3":89},
    {"p1":2,
     "p2":3,
     "p3":88},
    {"p1":32,
     "p2":38,
     "p3":39},
    {"p1":31,
     "p2":32,
     "p3":39},
    {"p1":3,
     "p2":4,
     "p3":88},
    {"p1":4,
     "p2":87,
     "p3":88},
    {"p1":4,
     "p2":86,
     "p3":87},
    {"p1":4,
     "p2":5,
     "p3":86},
    {"p1":5,
     "p2":6,
     "p3":86},
    {"p1":6,
     "p2":85,
     "p3":86},
    {"p1":33,
     "p2":34,
     "p3":37},
    {"p1":34,
     "p2":36,
     "p3":37},
    {"p1":32,
     "p2":37,
     "p3":38},
    {"p1":32,
     "p2":33,
     "p3":37},
    {"p1":8,
     "p2":9,
     "p3":82},
    {"p1":8,
     "p2":82,
     "p3":83},
    {"p1":14,
     "p2":77,
     "p3":78},
    {"p1":13,
     "p2":14,
     "p3":78},
    {"p1":7,
     "p2":8,
     "p3":83},
    {"p1":7,
     "p2":83,
     "p3":84},
    {"p1":6,
     "p2":7,
     "p3":85},
    {"p1":7,
     "p2":84,
     "p3":85},
    {"p1":11,
     "p2":80,
     "p3":81},
    {"p1":10,
     "p2":11,
     "p3":81},
    {"p1":9,
     "p2":81,
     "p3":82},
    {"p1":9,
     "p2":10,
     "p3":81},
    {"p1":11,
     "p2":79,
     "p3":80},
    {"p1":11,
     "p2":12,
     "p3":79},
    {"p1":13,
     "p2":78,
     "p3":79},
    {"p1":12,
     "p2":13,
     "p3":79}]
}