{"points":[
    {"x":0.7076,
     "y":0.57895},
    {"x":0.72515,
     "y":0.57895},
    {"x":0.75439,
     "y":0.5731},
    {"x":0.78363,
     "y":0.5614},
    {"x":0.81287,
     "y":0.53801},
    {"x":0.84211,
     "y":0.52632},
    {"x":0.87135,
     "y":0.50292},
    {"x":0.89474,
     "y":0.47368},
    {"x":0.91228,
     "y":0.44444},
    {"x":0.92982,
     "y":0.4152},
    {"x":0.95322,
     "y":0.38596},
    {"x":0.95906,
     "y":0.35673},
    {"x":0.97076,
     "y":0.32749},
    {"x":0.97661,
     "y":0.29825},
    {"x":0.97661,
     "y":0.26901},
    {"x":0.97661,
     "y":0.23977},
    {"x":0.97661,
     "y":0.21053},
    {"x":0.97661,
     "y":0.18129},
    {"x":0.97661,
     "y":0.15205},
    {"x":1,
     "y":0.14035},
    {"x":1,
     "y":0.11111},
    {"x":1,
     "y":0.081871},
    {"x":1,
     "y":0.052632},
    {"x":1,
     "y":0.023392},
    {"x":0.99415,
     "y":0},
    {"x":0.96491,
     "y":0},
    {"x":0.93567,
     "y":0},
    {"x":0.90643,
     "y":0},
    {"x":0.87719,
     "y":0},
    {"x":0.84795,
     "y":0},
    {"x":0.81871,
     "y":0},
    {"x":0.78947,
     "y":0},
    {"x":0.76023,
     "y":0},
    {"x":0.73099,
     "y":0},
    {"x":0.72515,
     "y":0.023392},
    {"x":0.72515,
     "y":0.052632},
    {"x":0.72515,
     "y":0.081871},
    {"x":0.72515,
     "y":0.11111},
    {"x":0.72515,
     "y":0.14035},
    {"x":0.74854,
     "y":0.15205},
    {"x":0.74269,
     "y":0.18129},
    {"x":0.71345,
     "y":0.18129},
    {"x":0.68421,
     "y":0.18129},
    {"x":0.65497,
     "y":0.18129},
    {"x":0.62573,
     "y":0.18129},
    {"x":0.59649,
     "y":0.18129},
    {"x":0.56725,
     "y":0.18129},
    {"x":0.53801,
     "y":0.18129},
    {"x":0.50877,
     "y":0.18129},
    {"x":0.47953,
     "y":0.18129},
    {"x":0.45029,
     "y":0.18129},
    {"x":0.42105,
     "y":0.18129},
    {"x":0.39181,
     "y":0.18129},
    {"x":0.36257,
     "y":0.18129},
    {"x":0.33333,
     "y":0.18129},
    {"x":0.30409,
     "y":0.18129},
    {"x":0.27485,
     "y":0.18129},
    {"x":0.24561,
     "y":0.18129},
    {"x":0.21637,
     "y":0.18129},
    {"x":0.18713,
     "y":0.18129},
    {"x":0.15789,
     "y":0.18129},
    {"x":0.12865,
     "y":0.18129},
    {"x":0.099415,
     "y":0.18129},
    {"x":0.070175,
     "y":0.18129},
    {"x":0.040936,
     "y":0.18129},
    {"x":0.011696,
     "y":0.18129},
    {"x":0,
     "y":0.19883},
    {"x":0,
     "y":0.22807},
    {"x":0,
     "y":0.25731},
    {"x":0,
     "y":0.28655},
    {"x":0,
     "y":0.31579},
    {"x":0.02924,
     "y":0.31579},
    {"x":0.05848,
     "y":0.31579},
    {"x":0.087719,
     "y":0.31579},
    {"x":0.11696,
     "y":0.31579},
    {"x":0.1462,
     "y":0.31579},
    {"x":0.17544,
     "y":0.31579},
    {"x":0.20468,
     "y":0.31579},
    {"x":0.23392,
     "y":0.31579},
    {"x":0.26316,
     "y":0.31579},
    {"x":0.2924,
     "y":0.31579},
    {"x":0.32164,
     "y":0.31579},
    {"x":0.35088,
     "y":0.31579},
    {"x":0.38012,
     "y":0.31579},
    {"x":0.40936,
     "y":0.31579},
    {"x":0.4386,
     "y":0.31579},
    {"x":0.46784,
     "y":0.31579},
    {"x":0.49708,
     "y":0.31579},
    {"x":0.52632,
     "y":0.31579},
    {"x":0.55556,
     "y":0.31579},
    {"x":0.5848,
     "y":0.31579},
    {"x":0.61404,
     "y":0.31579},
    {"x":0.64327,
     "y":0.31579},
    {"x":0.67251,
     "y":0.31579},
    {"x":0.70175,
     "y":0.31579},
    {"x":0.73099,
     "y":0.31579},
    {"x":0.75439,
     "y":0.32749},
    {"x":0.75439,
     "y":0.35673},
    {"x":0.74854,
     "y":0.38596},
    {"x":0.74854,
     "y":0.4152},
    {"x":0.74269,
     "y":0.44444},
    {"x":0.73684,
     "y":0.47368},
    {"x":0.73099,
     "y":0.50292},
    {"x":0.72515,
     "y":0.53216},
    {"x":0.71345,
     "y":0.5614},
    {"x":0.7076,
     "y":0.57895}],
 "triangles":[
    {"p1":69,
     "p2":70,
     "p3":71},
    {"p1":63,
     "p2":68,
     "p3":72},
    {"p1":5,
     "p2":6,
     "p3":100},
    {"p1":47,
     "p2":48,
     "p3":88},
    {"p1":59,
     "p2":60,
     "p3":76},
    {"p1":63,
     "p2":67,
     "p3":68},
    {"p1":23,
     "p2":24,
     "p3":25},
    {"p1":0,
     "p2":1,
     "p3":104},
    {"p1":1,
     "p2":2,
     "p3":104},
    {"p1":5,
     "p2":100,
     "p3":101},
    {"p1":15,
     "p2":40,
     "p3":96},
    {"p1":6,
     "p2":99,
     "p3":100},
    {"p1":6,
     "p2":7,
     "p3":99},
    {"p1":8,
     "p2":98,
     "p3":99},
    {"p1":7,
     "p2":8,
     "p3":99},
    {"p1":64,
     "p2":66,
     "p3":67},
    {"p1":64,
     "p2":65,
     "p3":66},
    {"p1":63,
     "p2":64,
     "p3":67},
    {"p1":22,
     "p2":25,
     "p3":26},
    {"p1":21,
     "p2":22,
     "p3":26},
    {"p1":22,
     "p2":23,
     "p3":25},
    {"p1":11,
     "p2":12,
     "p3":96},
    {"p1":9,
     "p2":10,
     "p3":11},
    {"p1":14,
     "p2":15,
     "p3":96},
    {"p1":2,
     "p2":103,
     "p3":104},
    {"p1":2,
     "p2":3,
     "p3":103},
    {"p1":3,
     "p2":102,
     "p3":103},
    {"p1":4,
     "p2":5,
     "p3":101},
    {"p1":4,
     "p2":101,
     "p3":102},
    {"p1":3,
     "p2":4,
     "p3":102},
    {"p1":8,
     "p2":97,
     "p3":98},
    {"p1":8,
     "p2":9,
     "p3":97},
    {"p1":47,
     "p2":88,
     "p3":89},
    {"p1":30,
     "p2":31,
     "p3":36},
    {"p1":41,
     "p2":94,
     "p3":95},
    {"p1":40,
     "p2":41,
     "p3":95},
    {"p1":40,
     "p2":95,
     "p3":96},
    {"p1":18,
     "p2":19,
     "p3":20},
    {"p1":18,
     "p2":20,
     "p3":21},
    {"p1":44,
     "p2":91,
     "p3":92},
    {"p1":45,
     "p2":90,
     "p3":91},
    {"p1":44,
     "p2":45,
     "p3":91},
    {"p1":62,
     "p2":73,
     "p3":74},
    {"p1":63,
     "p2":72,
     "p3":73},
    {"p1":62,
     "p2":63,
     "p3":73},
    {"p1":60,
     "p2":75,
     "p3":76},
    {"p1":61,
     "p2":62,
     "p3":74},
    {"p1":60,
     "p2":61,
     "p3":75},
    {"p1":61,
     "p2":74,
     "p3":75},
    {"p1":57,
     "p2":78,
     "p3":79},
    {"p1":59,
     "p2":76,
     "p3":77},
    {"p1":51,
     "p2":84,
     "p3":85},
    {"p1":48,
     "p2":87,
     "p3":88},
    {"p1":54,
     "p2":81,
     "p3":82},
    {"p1":48,
     "p2":49,
     "p3":87},
    {"p1":49,
     "p2":86,
     "p3":87},
    {"p1":51,
     "p2":52,
     "p3":84},
    {"p1":52,
     "p2":83,
     "p3":84},
    {"p1":58,
     "p2":59,
     "p3":77},
    {"p1":57,
     "p2":58,
     "p3":78},
    {"p1":58,
     "p2":77,
     "p3":78},
    {"p1":55,
     "p2":80,
     "p3":81},
    {"p1":54,
     "p2":55,
     "p3":81},
    {"p1":12,
     "p2":13,
     "p3":96},
    {"p1":13,
     "p2":14,
     "p3":96},
    {"p1":32,
     "p2":33,
     "p3":34},
    {"p1":43,
     "p2":44,
     "p3":92},
    {"p1":43,
     "p2":92,
     "p3":93},
    {"p1":15,
     "p2":16,
     "p3":40},
    {"p1":18,
     "p2":21,
     "p3":27},
    {"p1":18,
     "p2":27,
     "p3":28},
    {"p1":21,
     "p2":26,
     "p3":27},
    {"p1":46,
     "p2":47,
     "p3":89},
    {"p1":46,
     "p2":89,
     "p3":90},
    {"p1":45,
     "p2":46,
     "p3":90},
    {"p1":32,
     "p2":34,
     "p3":35},
    {"p1":31,
     "p2":32,
     "p3":35},
    {"p1":31,
     "p2":35,
     "p3":36},
    {"p1":50,
     "p2":51,
     "p3":85},
    {"p1":50,
     "p2":85,
     "p3":86},
    {"p1":49,
     "p2":50,
     "p3":86},
    {"p1":53,
     "p2":54,
     "p3":82},
    {"p1":53,
     "p2":82,
     "p3":83},
    {"p1":52,
     "p2":53,
     "p3":83},
    {"p1":56,
     "p2":57,
     "p3":79},
    {"p1":56,
     "p2":79,
     "p3":80},
    {"p1":55,
     "p2":56,
     "p3":80},
    {"p1":29,
     "p2":30,
     "p3":39},
    {"p1":36,
     "p2":37,
     "p3":39},
    {"p1":30,
     "p2":36,
     "p3":39},
    {"p1":37,
     "p2":38,
     "p3":39},
    {"p1":42,
     "p2":43,
     "p3":93},
    {"p1":41,
     "p2":42,
     "p3":94},
    {"p1":42,
     "p2":93,
     "p3":94},
    {"p1":16,
     "p2":17,
     "p3":40},
    {"p1":17,
     "p2":39,
     "p3":40},
    {"p1":17,
     "p2":18,
     "p3":39},
    {"p1":68,
     "p2":69,
     "p3":72},
    {"p1":69,
     "p2":71,
     "p3":72},
    {"p1":9,
     "p2":11,
     "p3":97},
    {"p1":11,
     "p2":96,
     "p3":97},
    {"p1":28,
     "p2":29,
     "p3":39},
    {"p1":18,
     "p2":28,
     "p3":39}]
}