{"points":[
    {"x":0.006015,
     "y":0.16241},
    {"x":0.0075188,
     "y":0.18797},
    {"x":0.010526,
     "y":0.21353},
    {"x":0.013534,
     "y":0.2391},
    {"x":0.018045,
     "y":0.26466},
    {"x":0.0015038,
     "y":0.29023},
    {"x":0,
     "y":0.31579},
    {"x":0.0045113,
     "y":0.34135},
    {"x":0.02406,
     "y":0.36541},
    {"x":0.049624,
     "y":0.37744},
    {"x":0.075188,
     "y":0.37594},
    {"x":0.10075,
     "y":0.37293},
    {"x":0.12632,
     "y":0.36992},
    {"x":0.15188,
     "y":0.36391},
    {"x":0.17444,
     "y":0.34436},
    {"x":0.17895,
     "y":0.3188},
    {"x":0.18045,
     "y":0.29323},
    {"x":0.17143,
     "y":0.26767},
    {"x":0.14737,
     "y":0.24511},
    {"x":0.13383,
     "y":0.22857},
    {"x":0.15338,
     "y":0.21805},
    {"x":0.17895,
     "y":0.21203},
    {"x":0.20451,
     "y":0.20752},
    {"x":0.23008,
     "y":0.20451},
    {"x":0.25564,
     "y":0.20301},
    {"x":0.2812,
     "y":0.1985},
    {"x":0.30677,
     "y":0.19549},
    {"x":0.33233,
     "y":0.19248},
    {"x":0.35789,
     "y":0.18496},
    {"x":0.38346,
     "y":0.18045},
    {"x":0.40902,
     "y":0.17444},
    {"x":0.43459,
     "y":0.16992},
    {"x":0.46015,
     "y":0.16692},
    {"x":0.48571,
     "y":0.16241},
    {"x":0.51128,
     "y":0.15789},
    {"x":0.53684,
     "y":0.15489},
    {"x":0.56241,
     "y":0.14887},
    {"x":0.58797,
     "y":0.14286},
    {"x":0.61353,
     "y":0.13985},
    {"x":0.6391,
     "y":0.13534},
    {"x":0.66466,
     "y":0.12932},
    {"x":0.69023,
     "y":0.12481},
    {"x":0.71579,
     "y":0.1218},
    {"x":0.74135,
     "y":0.11729},
    {"x":0.76692,
     "y":0.11429},
    {"x":0.79248,
     "y":0.10977},
    {"x":0.81805,
     "y":0.10526},
    {"x":0.84361,
     "y":0.10075},
    {"x":0.86917,
     "y":0.094737},
    {"x":0.89474,
     "y":0.088722},
    {"x":0.9203,
     "y":0.084211},
    {"x":0.94586,
     "y":0.078195},
    {"x":0.97143,
     "y":0.07218},
    {"x":0.99699,
     "y":0.063158},
    {"x":1,
     "y":0.037594},
    {"x":0.99549,
     "y":0.01203},
    {"x":0.97143,
     "y":0},
    {"x":0.94586,
     "y":0.0045113},
    {"x":0.9203,
     "y":0.0090226},
    {"x":0.89474,
     "y":0.013534},
    {"x":0.86917,
     "y":0.018045},
    {"x":0.84361,
     "y":0.02406},
    {"x":0.81805,
     "y":0.027068},
    {"x":0.79248,
     "y":0.031579},
    {"x":0.76692,
     "y":0.03609},
    {"x":0.74135,
     "y":0.039098},
    {"x":0.71579,
     "y":0.043609},
    {"x":0.69173,
     "y":0.049624},
    {"x":0.66617,
     "y":0.052632},
    {"x":0.6406,
     "y":0.058647},
    {"x":0.61504,
     "y":0.061654},
    {"x":0.58947,
     "y":0.066165},
    {"x":0.56391,
     "y":0.069173},
    {"x":0.53835,
     "y":0.076692},
    {"x":0.51278,
     "y":0.079699},
    {"x":0.48722,
     "y":0.084211},
    {"x":0.46165,
     "y":0.090226},
    {"x":0.43609,
     "y":0.094737},
    {"x":0.41053,
     "y":0.099248},
    {"x":0.38496,
     "y":0.10376},
    {"x":0.3594,
     "y":0.10827},
    {"x":0.33383,
     "y":0.11128},
    {"x":0.30827,
     "y":0.11429},
    {"x":0.28271,
     "y":0.11729},
    {"x":0.25714,
     "y":0.1218},
    {"x":0.23158,
     "y":0.12632},
    {"x":0.20602,
     "y":0.13233},
    {"x":0.18045,
     "y":0.13684},
    {"x":0.15489,
     "y":0.14436},
    {"x":0.12932,
     "y":0.14887},
    {"x":0.1188,
     "y":0.12782},
    {"x":0.12481,
     "y":0.10226},
    {"x":0.13083,
     "y":0.076692},
    {"x":0.13985,
     "y":0.051128},
    {"x":0.15038,
     "y":0.025564},
    {"x":0.13233,
     "y":0.0090226},
    {"x":0.10677,
     "y":0.018045},
    {"x":0.081203,
     "y":0.033083},
    {"x":0.057143,
     "y":0.057143},
    {"x":0.037594,
     "y":0.082707},
    {"x":0.016541,
     "y":0.10827},
    {"x":0.006015,
     "y":0.13383},
    {"x":0.0045113,
     "y":0.1594},
    {"x":0.006015,
     "y":0.16241}],
 "triangles":[
    {"p1":6,
     "p2":7,
     "p3":8},
    {"p1":54,
     "p2":55,
     "p3":56},
    {"p1":90,
     "p2":100,
     "p3":101},
    {"p1":50,
     "p2":51,
     "p3":58},
    {"p1":6,
     "p2":8,
     "p3":10},
    {"p1":8,
     "p2":9,
     "p3":10},
    {"p1":90,
     "p2":99,
     "p3":100},
    {"p1":90,
     "p2":91,
     "p3":99},
    {"p1":0,
     "p2":101,
     "p3":102},
    {"p1":0,
     "p2":90,
     "p3":101},
    {"p1":39,
     "p2":69,
     "p3":70},
    {"p1":39,
     "p2":40,
     "p3":69},
    {"p1":42,
     "p2":66,
     "p3":67},
    {"p1":33,
     "p2":75,
     "p3":76},
    {"p1":33,
     "p2":34,
     "p3":75},
    {"p1":35,
     "p2":36,
     "p3":73},
    {"p1":37,
     "p2":38,
     "p3":71},
    {"p1":38,
     "p2":39,
     "p3":70},
    {"p1":38,
     "p2":70,
     "p3":71},
    {"p1":37,
     "p2":71,
     "p3":72},
    {"p1":36,
     "p2":72,
     "p3":73},
    {"p1":36,
     "p2":37,
     "p3":72},
    {"p1":54,
     "p2":56,
     "p3":57},
    {"p1":52,
     "p2":54,
     "p3":57},
    {"p1":51,
     "p2":57,
     "p3":58},
    {"p1":51,
     "p2":52,
     "p3":57},
    {"p1":50,
     "p2":58,
     "p3":59},
    {"p1":42,
     "p2":43,
     "p3":66},
    {"p1":43,
     "p2":65,
     "p3":66},
    {"p1":43,
     "p2":44,
     "p3":65},
    {"p1":48,
     "p2":49,
     "p3":60},
    {"p1":49,
     "p2":50,
     "p3":59},
    {"p1":49,
     "p2":59,
     "p3":60},
    {"p1":46,
     "p2":47,
     "p3":62},
    {"p1":91,
     "p2":98,
     "p3":99},
    {"p1":93,
     "p2":95,
     "p3":96},
    {"p1":93,
     "p2":96,
     "p3":97},
    {"p1":93,
     "p2":94,
     "p3":95},
    {"p1":52,
     "p2":53,
     "p3":54},
    {"p1":41,
     "p2":42,
     "p3":67},
    {"p1":34,
     "p2":74,
     "p3":75},
    {"p1":34,
     "p2":35,
     "p3":74},
    {"p1":35,
     "p2":73,
     "p3":74},
    {"p1":44,
     "p2":64,
     "p3":65},
    {"p1":47,
     "p2":48,
     "p3":61},
    {"p1":47,
     "p2":61,
     "p3":62},
    {"p1":48,
     "p2":60,
     "p3":61},
    {"p1":27,
     "p2":81,
     "p3":82},
    {"p1":1,
     "p2":2,
     "p3":19},
    {"p1":12,
     "p2":13,
     "p3":15},
    {"p1":13,
     "p2":14,
     "p3":15},
    {"p1":41,
     "p2":67,
     "p3":68},
    {"p1":40,
     "p2":68,
     "p3":69},
    {"p1":40,
     "p2":41,
     "p3":68},
    {"p1":46,
     "p2":62,
     "p3":63},
    {"p1":44,
     "p2":45,
     "p3":64},
    {"p1":45,
     "p2":46,
     "p3":63},
    {"p1":45,
     "p2":63,
     "p3":64},
    {"p1":92,
     "p2":93,
     "p3":97},
    {"p1":91,
     "p2":92,
     "p3":98},
    {"p1":92,
     "p2":97,
     "p3":98},
    {"p1":19,
     "p2":20,
     "p3":89},
    {"p1":1,
     "p2":19,
     "p3":89},
    {"p1":0,
     "p2":89,
     "p3":90},
    {"p1":0,
     "p2":1,
     "p3":89},
    {"p1":25,
     "p2":83,
     "p3":84},
    {"p1":26,
     "p2":27,
     "p3":82},
    {"p1":26,
     "p2":82,
     "p3":83},
    {"p1":25,
     "p2":26,
     "p3":83},
    {"p1":28,
     "p2":80,
     "p3":81},
    {"p1":27,
     "p2":28,
     "p3":81},
    {"p1":4,
     "p2":10,
     "p3":11},
    {"p1":4,
     "p2":6,
     "p3":10},
    {"p1":4,
     "p2":5,
     "p3":6},
    {"p1":29,
     "p2":79,
     "p3":80},
    {"p1":28,
     "p2":29,
     "p3":80},
    {"p1":2,
     "p2":3,
     "p3":19},
    {"p1":3,
     "p2":4,
     "p3":19},
    {"p1":4,
     "p2":11,
     "p3":18},
    {"p1":4,
     "p2":18,
     "p3":19},
    {"p1":11,
     "p2":12,
     "p3":18},
    {"p1":12,
     "p2":15,
     "p3":18},
    {"p1":15,
     "p2":16,
     "p3":18},
    {"p1":16,
     "p2":17,
     "p3":18},
    {"p1":24,
     "p2":84,
     "p3":85},
    {"p1":24,
     "p2":25,
     "p3":84},
    {"p1":22,
     "p2":86,
     "p3":87},
    {"p1":21,
     "p2":22,
     "p3":87},
    {"p1":21,
     "p2":87,
     "p3":88},
    {"p1":20,
     "p2":88,
     "p3":89},
    {"p1":20,
     "p2":21,
     "p3":88},
    {"p1":30,
     "p2":78,
     "p3":79},
    {"p1":29,
     "p2":30,
     "p3":79},
    {"p1":22,
     "p2":23,
     "p3":86},
    {"p1":23,
     "p2":85,
     "p3":86},
    {"p1":23,
     "p2":24,
     "p3":85},
    {"p1":31,
     "p2":77,
     "p3":78},
    {"p1":30,
     "p2":31,
     "p3":78},
    {"p1":31,
     "p2":32,
     "p3":77},
    {"p1":32,
     "p2":33,
     "p3":76},
    {"p1":32,
     "p2":76,
     "p3":77}]
}