{"points":[
    {"x":0.83756,
     "y":0.49239},
    {"x":0.83249,
     "y":0.51777},
    {"x":0.81726,
     "y":0.54315},
    {"x":0.81726,
     "y":0.5533},
    {"x":0.84264,
     "y":0.54315},
    {"x":0.86802,
     "y":0.52792},
    {"x":0.8934,
     "y":0.51269},
    {"x":0.91878,
     "y":0.48731},
    {"x":0.93909,
     "y":0.46701},
    {"x":0.94924,
     "y":0.44162},
    {"x":0.95939,
     "y":0.41624},
    {"x":0.96954,
     "y":0.39086},
    {"x":0.97462,
     "y":0.36548},
    {"x":0.98477,
     "y":0.3401},
    {"x":0.98985,
     "y":0.31472},
    {"x":0.99492,
     "y":0.28934},
    {"x":0.99492,
     "y":0.26396},
    {"x":0.99492,
     "y":0.23858},
    {"x":0.99492,
     "y":0.2132},
    {"x":0.98477,
     "y":0.18782},
    {"x":0.97462,
     "y":0.16244},
    {"x":0.98477,
     "y":0.14721},
    {"x":1,
     "y":0.13706},
    {"x":1,
     "y":0.11168},
    {"x":1,
     "y":0.086294},
    {"x":1,
     "y":0.060914},
    {"x":1,
     "y":0.035533},
    {"x":1,
     "y":0.010152},
    {"x":0.98477,
     "y":0},
    {"x":0.95939,
     "y":0},
    {"x":0.93401,
     "y":0},
    {"x":0.90863,
     "y":0},
    {"x":0.88325,
     "y":0},
    {"x":0.85787,
     "y":0},
    {"x":0.83249,
     "y":0},
    {"x":0.80711,
     "y":0},
    {"x":0.7868,
     "y":0.0050761},
    {"x":0.7868,
     "y":0.030457},
    {"x":0.7868,
     "y":0.055838},
    {"x":0.7868,
     "y":0.081218},
    {"x":0.7868,
     "y":0.1066},
    {"x":0.7868,
     "y":0.13198},
    {"x":0.79695,
     "y":0.14721},
    {"x":0.81218,
     "y":0.15736},
    {"x":0.80203,
     "y":0.18274},
    {"x":0.77665,
     "y":0.18782},
    {"x":0.75127,
     "y":0.18782},
    {"x":0.72589,
     "y":0.18782},
    {"x":0.70051,
     "y":0.18782},
    {"x":0.67513,
     "y":0.18782},
    {"x":0.64975,
     "y":0.18782},
    {"x":0.62437,
     "y":0.18782},
    {"x":0.59898,
     "y":0.18782},
    {"x":0.5736,
     "y":0.18782},
    {"x":0.54822,
     "y":0.18782},
    {"x":0.52284,
     "y":0.18782},
    {"x":0.49746,
     "y":0.18782},
    {"x":0.47208,
     "y":0.18782},
    {"x":0.4467,
     "y":0.18782},
    {"x":0.42132,
     "y":0.18782},
    {"x":0.39594,
     "y":0.18782},
    {"x":0.37056,
     "y":0.18782},
    {"x":0.34518,
     "y":0.18782},
    {"x":0.3198,
     "y":0.18782},
    {"x":0.29442,
     "y":0.18782},
    {"x":0.26904,
     "y":0.18782},
    {"x":0.24365,
     "y":0.18782},
    {"x":0.21827,
     "y":0.18782},
    {"x":0.19289,
     "y":0.18782},
    {"x":0.16751,
     "y":0.18782},
    {"x":0.14213,
     "y":0.18782},
    {"x":0.11675,
     "y":0.18782},
    {"x":0.091371,
     "y":0.18782},
    {"x":0.06599,
     "y":0.18782},
    {"x":0.040609,
     "y":0.18782},
    {"x":0.015228,
     "y":0.18782},
    {"x":0,
     "y":0.19797},
    {"x":0,
     "y":0.22335},
    {"x":0,
     "y":0.24873},
    {"x":0,
     "y":0.27411},
    {"x":0.010152,
     "y":0.28934},
    {"x":0.035533,
     "y":0.28934},
    {"x":0.060914,
     "y":0.28934},
    {"x":0.086294,
     "y":0.28934},
    {"x":0.11168,
     "y":0.28934},
    {"x":0.13706,
     "y":0.28934},
    {"x":0.16244,
     "y":0.28934},
    {"x":0.18782,
     "y":0.28934},
    {"x":0.2132,
     "y":0.28934},
    {"x":0.23858,
     "y":0.28934},
    {"x":0.26396,
     "y":0.28934},
    {"x":0.28934,
     "y":0.28934},
    {"x":0.31472,
     "y":0.28934},
    {"x":0.3401,
     "y":0.28934},
    {"x":0.36548,
     "y":0.28934},
    {"x":0.39086,
     "y":0.28934},
    {"x":0.41624,
     "y":0.28934},
    {"x":0.44162,
     "y":0.28934},
    {"x":0.46701,
     "y":0.28934},
    {"x":0.49239,
     "y":0.28934},
    {"x":0.51777,
     "y":0.28934},
    {"x":0.54315,
     "y":0.28934},
    {"x":0.56853,
     "y":0.28934},
    {"x":0.59391,
     "y":0.28934},
    {"x":0.61929,
     "y":0.28934},
    {"x":0.64467,
     "y":0.28934},
    {"x":0.67005,
     "y":0.28934},
    {"x":0.69543,
     "y":0.28934},
    {"x":0.72081,
     "y":0.28934},
    {"x":0.74619,
     "y":0.28934},
    {"x":0.77157,
     "y":0.28934},
    {"x":0.79695,
     "y":0.28934},
    {"x":0.81218,
     "y":0.31472},
    {"x":0.82741,
     "y":0.3401},
    {"x":0.84264,
     "y":0.36548},
    {"x":0.84772,
     "y":0.39086},
    {"x":0.85279,
     "y":0.41624},
    {"x":0.85279,
     "y":0.44162},
    {"x":0.84772,
     "y":0.46701},
    {"x":0.83756,
     "y":0.49239},
    {"x":0.83756,
     "y":0.49239}],
 "triangles":[
    {"p1":74,
     "p2":78,
     "p3":82},
    {"p1":0,
     "p2":5,
     "p3":6},
    {"p1":74,
     "p2":75,
     "p3":77},
    {"p1":75,
     "p2":76,
     "p3":77},
    {"p1":74,
     "p2":77,
     "p3":78},
    {"p1":78,
     "p2":81,
     "p3":82},
    {"p1":78,
     "p2":79,
     "p3":81},
    {"p1":79,
     "p2":80,
     "p3":81},
    {"p1":8,
     "p2":9,
     "p3":117},
    {"p1":33,
     "p2":34,
     "p3":38},
    {"p1":35,
     "p2":36,
     "p3":37},
    {"p1":34,
     "p2":35,
     "p3":37},
    {"p1":34,
     "p2":37,
     "p3":38},
    {"p1":59,
     "p2":60,
     "p3":96},
    {"p1":61,
     "p2":62,
     "p3":94},
    {"p1":71,
     "p2":72,
     "p3":84},
    {"p1":14,
     "p2":15,
     "p3":113},
    {"p1":17,
     "p2":19,
     "p3":44},
    {"p1":17,
     "p2":44,
     "p3":111},
    {"p1":19,
     "p2":20,
     "p3":44},
    {"p1":20,
     "p2":31,
     "p3":32},
    {"p1":24,
     "p2":30,
     "p3":31},
    {"p1":24,
     "p2":25,
     "p3":30},
    {"p1":25,
     "p2":29,
     "p3":30},
    {"p1":67,
     "p2":88,
     "p3":89},
    {"p1":69,
     "p2":86,
     "p3":87},
    {"p1":72,
     "p2":83,
     "p3":84},
    {"p1":71,
     "p2":84,
     "p3":85},
    {"p1":10,
     "p2":11,
     "p3":115},
    {"p1":56,
     "p2":99,
     "p3":100},
    {"p1":53,
     "p2":102,
     "p3":103},
    {"p1":64,
     "p2":91,
     "p3":92},
    {"p1":65,
     "p2":90,
     "p3":91},
    {"p1":64,
     "p2":65,
     "p3":91},
    {"p1":0,
     "p2":1,
     "p3":5},
    {"p1":1,
     "p2":4,
     "p3":5},
    {"p1":48,
     "p2":107,
     "p3":108},
    {"p1":2,
     "p2":3,
     "p3":4},
    {"p1":1,
     "p2":2,
     "p3":4},
    {"p1":0,
     "p2":6,
     "p3":118},
    {"p1":9,
     "p2":116,
     "p3":117},
    {"p1":9,
     "p2":10,
     "p3":116},
    {"p1":10,
     "p2":115,
     "p3":116},
    {"p1":55,
     "p2":56,
     "p3":100},
    {"p1":55,
     "p2":100,
     "p3":101},
    {"p1":52,
     "p2":53,
     "p3":103},
    {"p1":52,
     "p2":103,
     "p3":104},
    {"p1":56,
     "p2":57,
     "p3":99},
    {"p1":57,
     "p2":98,
     "p3":99},
    {"p1":57,
     "p2":58,
     "p3":98},
    {"p1":59,
     "p2":96,
     "p3":97},
    {"p1":58,
     "p2":59,
     "p3":97},
    {"p1":58,
     "p2":97,
     "p3":98},
    {"p1":60,
     "p2":95,
     "p3":96},
    {"p1":61,
     "p2":94,
     "p3":95},
    {"p1":60,
     "p2":61,
     "p3":95},
    {"p1":63,
     "p2":64,
     "p3":92},
    {"p1":62,
     "p2":93,
     "p3":94},
    {"p1":63,
     "p2":92,
     "p3":93},
    {"p1":62,
     "p2":63,
     "p3":93},
    {"p1":66,
     "p2":67,
     "p3":89},
    {"p1":65,
     "p2":66,
     "p3":90},
    {"p1":66,
     "p2":89,
     "p3":90},
    {"p1":68,
     "p2":69,
     "p3":87},
    {"p1":67,
     "p2":68,
     "p3":88},
    {"p1":68,
     "p2":87,
     "p3":88},
    {"p1":70,
     "p2":71,
     "p3":85},
    {"p1":69,
     "p2":70,
     "p3":86},
    {"p1":70,
     "p2":85,
     "p3":86},
    {"p1":73,
     "p2":74,
     "p3":82},
    {"p1":73,
     "p2":82,
     "p3":83},
    {"p1":72,
     "p2":73,
     "p3":83},
    {"p1":12,
     "p2":13,
     "p3":114},
    {"p1":13,
     "p2":14,
     "p3":114},
    {"p1":14,
     "p2":113,
     "p3":114},
    {"p1":15,
     "p2":112,
     "p3":113},
    {"p1":17,
     "p2":111,
     "p3":112},
    {"p1":17,
     "p2":18,
     "p3":19},
    {"p1":20,
     "p2":43,
     "p3":44},
    {"p1":20,
     "p2":32,
     "p3":43},
    {"p1":49,
     "p2":50,
     "p3":106},
    {"p1":49,
     "p2":106,
     "p3":107},
    {"p1":48,
     "p2":49,
     "p3":107},
    {"p1":20,
     "p2":21,
     "p3":31},
    {"p1":21,
     "p2":24,
     "p3":31},
    {"p1":21,
     "p2":23,
     "p3":24},
    {"p1":21,
     "p2":22,
     "p3":23},
    {"p1":26,
     "p2":28,
     "p3":29},
    {"p1":26,
     "p2":27,
     "p3":28},
    {"p1":25,
     "p2":26,
     "p3":29},
    {"p1":50,
     "p2":105,
     "p3":106},
    {"p1":7,
     "p2":117,
     "p3":118},
    {"p1":7,
     "p2":8,
     "p3":117},
    {"p1":6,
     "p2":7,
     "p3":118},
    {"p1":54,
     "p2":55,
     "p3":101},
    {"p1":54,
     "p2":101,
     "p3":102},
    {"p1":53,
     "p2":54,
     "p3":102},
    {"p1":51,
     "p2":52,
     "p3":104},
    {"p1":50,
     "p2":51,
     "p3":105},
    {"p1":51,
     "p2":104,
     "p3":105},
    {"p1":15,
     "p2":16,
     "p3":112},
    {"p1":16,
     "p2":17,
     "p3":112},
    {"p1":32,
     "p2":33,
     "p3":39},
    {"p1":32,
     "p2":39,
     "p3":43},
    {"p1":33,
     "p2":38,
     "p3":39},
    {"p1":45,
     "p2":46,
     "p3":110},
    {"p1":44,
     "p2":45,
     "p3":111},
    {"p1":45,
     "p2":110,
     "p3":111},
    {"p1":47,
     "p2":48,
     "p3":108},
    {"p1":46,
     "p2":109,
     "p3":110},
    {"p1":47,
     "p2":108,
     "p3":109},
    {"p1":46,
     "p2":47,
     "p3":109},
    {"p1":39,
     "p2":40,
     "p3":43},
    {"p1":40,
     "p2":42,
     "p3":43},
    {"p1":40,
     "p2":41,
     "p3":42},
    {"p1":11,
     "p2":12,
     "p3":114},
    {"p1":11,
     "p2":114,
     "p3":115}]
}