{"points":[
    {"x":0.50661,
     "y":0.20705},
    {"x":0.52863,
     "y":0.20705},
    {"x":0.55066,
     "y":0.20705},
    {"x":0.57269,
     "y":0.20705},
    {"x":0.59471,
     "y":0.20705},
    {"x":0.61674,
     "y":0.20705},
    {"x":0.63877,
     "y":0.20705},
    {"x":0.66079,
     "y":0.20705},
    {"x":0.68282,
     "y":0.20705},
    {"x":0.70485,
     "y":0.20705},
    {"x":0.72687,
     "y":0.20705},
    {"x":0.7489,
     "y":0.20705},
    {"x":0.77093,
     "y":0.20705},
    {"x":0.79295,
     "y":0.20705},
    {"x":0.81498,
     "y":0.20705},
    {"x":0.837,
     "y":0.20705},
    {"x":0.85903,
     "y":0.20705},
    {"x":0.88106,
     "y":0.20705},
    {"x":0.90308,
     "y":0.20705},
    {"x":0.92511,
     "y":0.20705},
    {"x":0.94714,
     "y":0.20705},
    {"x":0.96916,
     "y":0.20705},
    {"x":0.99119,
     "y":0.20264},
    {"x":1,
     "y":0.18062},
    {"x":1,
     "y":0.15859},
    {"x":0.98678,
     "y":0.14097},
    {"x":0.96476,
     "y":0.14097},
    {"x":0.94273,
     "y":0.14097},
    {"x":0.9207,
     "y":0.14097},
    {"x":0.89868,
     "y":0.14097},
    {"x":0.87665,
     "y":0.14097},
    {"x":0.85463,
     "y":0.14097},
    {"x":0.8326,
     "y":0.14097},
    {"x":0.81057,
     "y":0.14097},
    {"x":0.78855,
     "y":0.14097},
    {"x":0.76652,
     "y":0.14097},
    {"x":0.74449,
     "y":0.14097},
    {"x":0.72247,
     "y":0.14097},
    {"x":0.70044,
     "y":0.14097},
    {"x":0.67841,
     "y":0.14097},
    {"x":0.65639,
     "y":0.14097},
    {"x":0.63436,
     "y":0.14097},
    {"x":0.61233,
     "y":0.14097},
    {"x":0.59031,
     "y":0.14097},
    {"x":0.56828,
     "y":0.14097},
    {"x":0.54626,
     "y":0.14097},
    {"x":0.52423,
     "y":0.14097},
    {"x":0.5022,
     "y":0.14097},
    {"x":0.48018,
     "y":0.14097},
    {"x":0.45815,
     "y":0.14097},
    {"x":0.43612,
     "y":0.14097},
    {"x":0.4141,
     "y":0.14097},
    {"x":0.39207,
     "y":0.14097},
    {"x":0.37004,
     "y":0.14097},
    {"x":0.34802,
     "y":0.14097},
    {"x":0.32599,
     "y":0.14097},
    {"x":0.30396,
     "y":0.14097},
    {"x":0.28194,
     "y":0.14097},
    {"x":0.25991,
     "y":0.14097},
    {"x":0.23789,
     "y":0.14097},
    {"x":0.21586,
     "y":0.14097},
    {"x":0.19383,
     "y":0.14097},
    {"x":0.17181,
     "y":0.14097},
    {"x":0.14978,
     "y":0.14097},
    {"x":0.13216,
     "y":0.13216},
    {"x":0.14097,
     "y":0.11013},
    {"x":0.15859,
     "y":0.088106},
    {"x":0.163,
     "y":0.066079},
    {"x":0.163,
     "y":0.044053},
    {"x":0.15419,
     "y":0.022026},
    {"x":0.13656,
     "y":0.0044053},
    {"x":0.11454,
     "y":0},
    {"x":0.092511,
     "y":0},
    {"x":0.070485,
     "y":0},
    {"x":0.048458,
     "y":0},
    {"x":0.026432,
     "y":0.0044053},
    {"x":0.0044053,
     "y":0.022026},
    {"x":0,
     "y":0.044053},
    {"x":0,
     "y":0.066079},
    {"x":0,
     "y":0.088106},
    {"x":0.017621,
     "y":0.11013},
    {"x":0.022026,
     "y":0.13216},
    {"x":0.022026,
     "y":0.15419},
    {"x":0.022026,
     "y":0.17621},
    {"x":0.026432,
     "y":0.19824},
    {"x":0.026432,
     "y":0.22026},
    {"x":0.035242,
     "y":0.24229},
    {"x":0.048458,
     "y":0.26432},
    {"x":0.070485,
     "y":0.28634},
    {"x":0.092511,
     "y":0.30837},
    {"x":0.11454,
     "y":0.32159},
    {"x":0.13656,
     "y":0.3348},
    {"x":0.15859,
     "y":0.3348},
    {"x":0.18062,
     "y":0.33921},
    {"x":0.18062,
     "y":0.31718},
    {"x":0.163,
     "y":0.29515},
    {"x":0.15419,
     "y":0.27313},
    {"x":0.14097,
     "y":0.2511},
    {"x":0.13656,
     "y":0.22907},
    {"x":0.13656,
     "y":0.20705},
    {"x":0.15859,
     "y":0.20705},
    {"x":0.18062,
     "y":0.20705},
    {"x":0.20264,
     "y":0.20705},
    {"x":0.22467,
     "y":0.20705},
    {"x":0.2467,
     "y":0.20705},
    {"x":0.26872,
     "y":0.20705},
    {"x":0.29075,
     "y":0.20705},
    {"x":0.31278,
     "y":0.20705},
    {"x":0.3348,
     "y":0.20705},
    {"x":0.35683,
     "y":0.20705},
    {"x":0.37885,
     "y":0.20705},
    {"x":0.40088,
     "y":0.20705},
    {"x":0.42291,
     "y":0.20705},
    {"x":0.44493,
     "y":0.20705},
    {"x":0.46696,
     "y":0.20705},
    {"x":0.48899,
     "y":0.20705},
    {"x":0.50661,
     "y":0.20705}],
 "triangles":[
    {"p1":75,
     "p2":76,
     "p3":77},
    {"p1":21,
     "p2":22,
     "p3":23},
    {"p1":74,
     "p2":75,
     "p3":77},
    {"p1":74,
     "p2":77,
     "p3":78},
    {"p1":21,
     "p2":23,
     "p3":26},
    {"p1":23,
     "p2":24,
     "p3":26},
    {"p1":24,
     "p2":25,
     "p3":26},
    {"p1":86,
     "p2":87,
     "p3":98},
    {"p1":18,
     "p2":28,
     "p3":29},
    {"p1":85,
     "p2":86,
     "p3":99},
    {"p1":86,
     "p2":98,
     "p3":99},
    {"p1":78,
     "p2":79,
     "p3":80},
    {"p1":87,
     "p2":88,
     "p3":98},
    {"p1":12,
     "p2":13,
     "p3":34},
    {"p1":17,
     "p2":18,
     "p3":29},
    {"p1":17,
     "p2":29,
     "p3":30},
    {"p1":19,
     "p2":27,
     "p3":28},
    {"p1":18,
     "p2":19,
     "p3":28},
    {"p1":68,
     "p2":69,
     "p3":71},
    {"p1":69,
     "p2":70,
     "p3":71},
    {"p1":47,
     "p2":48,
     "p3":115},
    {"p1":13,
     "p2":33,
     "p3":34},
    {"p1":89,
     "p2":90,
     "p3":96},
    {"p1":73,
     "p2":74,
     "p3":78},
    {"p1":73,
     "p2":78,
     "p3":80},
    {"p1":84,
     "p2":85,
     "p3":99},
    {"p1":83,
     "p2":84,
     "p3":99},
    {"p1":88,
     "p2":97,
     "p3":98},
    {"p1":89,
     "p2":96,
     "p3":97},
    {"p1":88,
     "p2":89,
     "p3":97},
    {"p1":3,
     "p2":43,
     "p3":44},
    {"p1":2,
     "p2":44,
     "p3":45},
    {"p1":2,
     "p2":3,
     "p3":44},
    {"p1":5,
     "p2":41,
     "p3":42},
    {"p1":3,
     "p2":4,
     "p3":43},
    {"p1":4,
     "p2":5,
     "p3":42},
    {"p1":4,
     "p2":42,
     "p3":43},
    {"p1":8,
     "p2":9,
     "p3":38},
    {"p1":5,
     "p2":6,
     "p3":41},
    {"p1":6,
     "p2":40,
     "p3":41},
    {"p1":6,
     "p2":7,
     "p3":40},
    {"p1":0,
     "p2":46,
     "p3":47},
    {"p1":0,
     "p2":47,
     "p3":115},
    {"p1":49,
     "p2":50,
     "p3":113},
    {"p1":15,
     "p2":16,
     "p3":31},
    {"p1":16,
     "p2":30,
     "p3":31},
    {"p1":16,
     "p2":17,
     "p3":30},
    {"p1":19,
     "p2":20,
     "p3":27},
    {"p1":20,
     "p2":26,
     "p3":27},
    {"p1":20,
     "p2":21,
     "p3":26},
    {"p1":67,
     "p2":68,
     "p3":71},
    {"p1":67,
     "p2":71,
     "p3":72},
    {"p1":65,
     "p2":72,
     "p3":73},
    {"p1":65,
     "p2":73,
     "p3":80},
    {"p1":65,
     "p2":66,
     "p3":67},
    {"p1":65,
     "p2":67,
     "p3":72},
    {"p1":53,
     "p2":54,
     "p3":109},
    {"p1":53,
     "p2":109,
     "p3":110},
    {"p1":54,
     "p2":55,
     "p3":108},
    {"p1":54,
     "p2":108,
     "p3":109},
    {"p1":8,
     "p2":38,
     "p3":39},
    {"p1":7,
     "p2":39,
     "p3":40},
    {"p1":7,
     "p2":8,
     "p3":39},
    {"p1":9,
     "p2":37,
     "p3":38},
    {"p1":12,
     "p2":34,
     "p3":35},
    {"p1":11,
     "p2":12,
     "p3":35},
    {"p1":11,
     "p2":35,
     "p3":36},
    {"p1":15,
     "p2":31,
     "p3":32},
    {"p1":13,
     "p2":14,
     "p3":33},
    {"p1":14,
     "p2":15,
     "p3":32},
    {"p1":14,
     "p2":32,
     "p3":33},
    {"p1":92,
     "p2":93,
     "p3":94},
    {"p1":90,
     "p2":91,
     "p3":95},
    {"p1":90,
     "p2":95,
     "p3":96},
    {"p1":91,
     "p2":92,
     "p3":95},
    {"p1":92,
     "p2":94,
     "p3":95},
    {"p1":0,
     "p2":1,
     "p3":46},
    {"p1":1,
     "p2":2,
     "p3":45},
    {"p1":1,
     "p2":45,
     "p3":46},
    {"p1":49,
     "p2":113,
     "p3":114},
    {"p1":48,
     "p2":49,
     "p3":114},
    {"p1":48,
     "p2":114,
     "p3":115},
    {"p1":55,
     "p2":56,
     "p3":107},
    {"p1":55,
     "p2":107,
     "p3":108},
    {"p1":59,
     "p2":60,
     "p3":103},
    {"p1":64,
     "p2":80,
     "p3":81},
    {"p1":64,
     "p2":65,
     "p3":80},
    {"p1":64,
     "p2":81,
     "p3":82},
    {"p1":63,
     "p2":64,
     "p3":99},
    {"p1":64,
     "p2":82,
     "p3":83},
    {"p1":64,
     "p2":83,
     "p3":99},
    {"p1":61,
     "p2":62,
     "p3":101},
    {"p1":51,
     "p2":52,
     "p3":111},
    {"p1":52,
     "p2":53,
     "p3":110},
    {"p1":52,
     "p2":110,
     "p3":111},
    {"p1":51,
     "p2":111,
     "p3":112},
    {"p1":50,
     "p2":112,
     "p3":113},
    {"p1":50,
     "p2":51,
     "p3":112},
    {"p1":10,
     "p2":11,
     "p3":36},
    {"p1":10,
     "p2":36,
     "p3":37},
    {"p1":9,
     "p2":10,
     "p3":37},
    {"p1":63,
     "p2":99,
     "p3":100},
    {"p1":62,
     "p2":63,
     "p3":100},
    {"p1":62,
     "p2":100,
     "p3":101},
    {"p1":61,
     "p2":101,
     "p3":102},
    {"p1":60,
     "p2":102,
     "p3":103},
    {"p1":60,
     "p2":61,
     "p3":102},
    {"p1":57,
     "p2":58,
     "p3":105},
    {"p1":59,
     "p2":103,
     "p3":104},
    {"p1":58,
     "p2":59,
     "p3":104},
    {"p1":58,
     "p2":104,
     "p3":105},
    {"p1":57,
     "p2":105,
     "p3":106},
    {"p1":56,
     "p2":57,
     "p3":106},
    {"p1":56,
     "p2":106,
     "p3":107}]
}