{"points":[
    {"x":0.14765,
     "y":0.50336},
    {"x":0.14765,
     "y":0.5302},
    {"x":0.14094,
     "y":0.55705},
    {"x":0.14094,
     "y":0.58389},
    {"x":0.14094,
     "y":0.61074},
    {"x":0.13423,
     "y":0.63758},
    {"x":0.13423,
     "y":0.66443},
    {"x":0.12752,
     "y":0.69128},
    {"x":0.12081,
     "y":0.71812},
    {"x":0.11409,
     "y":0.74497},
    {"x":0.10738,
     "y":0.77181},
    {"x":0.10738,
     "y":0.79866},
    {"x":0.09396,
     "y":0.8255},
    {"x":0.09396,
     "y":0.85235},
    {"x":0.080537,
     "y":0.87919},
    {"x":0.073826,
     "y":0.90604},
    {"x":0.080537,
     "y":0.93289},
    {"x":0.10738,
     "y":0.94631},
    {"x":0.13423,
     "y":0.95302},
    {"x":0.16107,
     "y":0.95973},
    {"x":0.18792,
     "y":0.96644},
    {"x":0.21477,
     "y":0.97315},
    {"x":0.24161,
     "y":0.97315},
    {"x":0.26846,
     "y":0.97987},
    {"x":0.2953,
     "y":0.98658},
    {"x":0.32215,
     "y":0.98658},
    {"x":0.34899,
     "y":0.98658},
    {"x":0.37584,
     "y":0.99329},
    {"x":0.40268,
     "y":0.99329},
    {"x":0.42953,
     "y":0.99329},
    {"x":0.45638,
     "y":1},
    {"x":0.48322,
     "y":1},
    {"x":0.51007,
     "y":1},
    {"x":0.53691,
     "y":1},
    {"x":0.56376,
     "y":1},
    {"x":0.5906,
     "y":1},
    {"x":0.61745,
     "y":1},
    {"x":0.6443,
     "y":1},
    {"x":0.67114,
     "y":0.99329},
    {"x":0.69799,
     "y":0.99329},
    {"x":0.72483,
     "y":0.98658},
    {"x":0.75168,
     "y":0.97987},
    {"x":0.77852,
     "y":0.97987},
    {"x":0.80537,
     "y":0.97315},
    {"x":0.83221,
     "y":0.95973},
    {"x":0.84564,
     "y":0.9396},
    {"x":0.84564,
     "y":0.91275},
    {"x":0.83893,
     "y":0.88591},
    {"x":0.83221,
     "y":0.85906},
    {"x":0.8255,
     "y":0.83221},
    {"x":0.81879,
     "y":0.80537},
    {"x":0.81879,
     "y":0.77852},
    {"x":0.81208,
     "y":0.75168},
    {"x":0.81208,
     "y":0.72483},
    {"x":0.80537,
     "y":0.69799},
    {"x":0.80537,
     "y":0.67114},
    {"x":0.80537,
     "y":0.6443},
    {"x":0.80537,
     "y":0.61745},
    {"x":0.80537,
     "y":0.5906},
    {"x":0.80537,
     "y":0.56376},
    {"x":0.79866,
     "y":0.53691},
    {"x":0.80537,
     "y":0.51007},
    {"x":0.80537,
     "y":0.48322},
    {"x":0.80537,
     "y":0.45638},
    {"x":0.81879,
     "y":0.43624},
    {"x":0.84564,
     "y":0.42953},
    {"x":0.87248,
     "y":0.42282},
    {"x":0.89933,
     "y":0.4094},
    {"x":0.92617,
     "y":0.39597},
    {"x":0.94631,
     "y":0.37584},
    {"x":0.96644,
     "y":0.3557},
    {"x":0.97315,
     "y":0.32886},
    {"x":0.97315,
     "y":0.30201},
    {"x":0.96644,
     "y":0.27517},
    {"x":0.94631,
     "y":0.24832},
    {"x":0.92617,
     "y":0.22819},
    {"x":0.90604,
     "y":0.20805},
    {"x":0.88591,
     "y":0.18792},
    {"x":0.85906,
     "y":0.16107},
    {"x":0.83221,
     "y":0.14094},
    {"x":0.80537,
     "y":0.12081},
    {"x":0.77852,
     "y":0.10067},
    {"x":0.75168,
     "y":0.087248},
    {"x":0.72483,
     "y":0.073826},
    {"x":0.69799,
     "y":0.060403},
    {"x":0.67114,
     "y":0.04698},
    {"x":0.6443,
     "y":0.033557},
    {"x":0.61745,
     "y":0.026846},
    {"x":0.5906,
     "y":0.013423},
    {"x":0.56376,
     "y":0.0067114},
    {"x":0.53691,
     "y":0},
    {"x":0.51007,
     "y":0},
    {"x":0.48322,
     "y":0},
    {"x":0.45638,
     "y":0},
    {"x":0.42953,
     "y":0},
    {"x":0.40268,
     "y":0.0067114},
    {"x":0.37584,
     "y":0.013423},
    {"x":0.34899,
     "y":0.020134},
    {"x":0.32215,
     "y":0.033557},
    {"x":0.2953,
     "y":0.040268},
    {"x":0.26846,
     "y":0.053691},
    {"x":0.24161,
     "y":0.067114},
    {"x":0.21477,
     "y":0.080537},
    {"x":0.18792,
     "y":0.09396},
    {"x":0.16107,
     "y":0.10738},
    {"x":0.13423,
     "y":0.12081},
    {"x":0.10738,
     "y":0.14094},
    {"x":0.080537,
     "y":0.16107},
    {"x":0.060403,
     "y":0.18121},
    {"x":0.033557,
     "y":0.20134},
    {"x":0.013423,
     "y":0.22819},
    {"x":0.0067114,
     "y":0.25503},
    {"x":0,
     "y":0.28188},
    {"x":0,
     "y":0.30872},
    {"x":0.013423,
     "y":0.32886},
    {"x":0.033557,
     "y":0.34899},
    {"x":0.060403,
     "y":0.36913},
    {"x":0.087248,
     "y":0.37584},
    {"x":0.11409,
     "y":0.38255},
    {"x":0.14094,
     "y":0.38926},
    {"x":0.14765,
     "y":0.41611},
    {"x":0.14765,
     "y":0.44295},
    {"x":0.14765,
     "y":0.4698},
    {"x":0.14765,
     "y":0.49664},
    {"x":0.14765,
     "y":0.50336}],
 "triangles":[
    {"p1":112,
     "p2":113,
     "p3":114},
    {"p1":111,
     "p2":112,
     "p3":114},
    {"p1":4,
     "p2":57,
     "p3":60},
    {"p1":109,
     "p2":110,
     "p3":111},
    {"p1":13,
     "p2":14,
     "p3":18},
    {"p1":13,
     "p2":18,
     "p3":19},
    {"p1":23,
     "p2":24,
     "p3":25},
    {"p1":1,
     "p2":4,
     "p3":60},
    {"p1":0,
     "p2":1,
     "p3":60},
    {"p1":60,
     "p2":61,
     "p3":62},
    {"p1":72,
     "p2":73,
     "p3":74},
    {"p1":4,
     "p2":29,
     "p3":55},
    {"p1":29,
     "p2":54,
     "p3":55},
    {"p1":57,
     "p2":58,
     "p3":60},
    {"p1":33,
     "p2":34,
     "p3":54},
    {"p1":32,
     "p2":33,
     "p3":54},
    {"p1":34,
     "p2":52,
     "p3":54},
    {"p1":36,
     "p2":38,
     "p3":52},
    {"p1":38,
     "p2":50,
     "p3":52},
    {"p1":11,
     "p2":12,
     "p3":13},
    {"p1":14,
     "p2":15,
     "p3":17},
    {"p1":14,
     "p2":17,
     "p3":18},
    {"p1":15,
     "p2":16,
     "p3":17},
    {"p1":4,
     "p2":6,
     "p3":29},
    {"p1":6,
     "p2":7,
     "p3":26},
    {"p1":9,
     "p2":10,
     "p3":11},
    {"p1":9,
     "p2":22,
     "p3":23},
    {"p1":9,
     "p2":11,
     "p3":22},
    {"p1":60,
     "p2":62,
     "p3":63},
    {"p1":111,
     "p2":114,
     "p3":115},
    {"p1":64,
     "p2":65,
     "p3":76},
    {"p1":65,
     "p2":75,
     "p3":76},
    {"p1":65,
     "p2":66,
     "p3":75},
    {"p1":4,
     "p2":56,
     "p3":57},
    {"p1":4,
     "p2":55,
     "p3":56},
    {"p1":58,
     "p2":59,
     "p3":60},
    {"p1":29,
     "p2":30,
     "p3":31},
    {"p1":29,
     "p2":31,
     "p3":54},
    {"p1":31,
     "p2":32,
     "p3":54},
    {"p1":35,
     "p2":36,
     "p3":52},
    {"p1":34,
     "p2":35,
     "p3":52},
    {"p1":52,
     "p2":53,
     "p3":54},
    {"p1":44,
     "p2":45,
     "p3":46},
    {"p1":36,
     "p2":37,
     "p3":38},
    {"p1":13,
     "p2":19,
     "p3":20},
    {"p1":11,
     "p2":13,
     "p3":20},
    {"p1":20,
     "p2":21,
     "p3":22},
    {"p1":11,
     "p2":20,
     "p3":22},
    {"p1":26,
     "p2":27,
     "p3":28},
    {"p1":6,
     "p2":26,
     "p3":28},
    {"p1":6,
     "p2":28,
     "p3":29},
    {"p1":8,
     "p2":25,
     "p3":26},
    {"p1":7,
     "p2":8,
     "p3":26},
    {"p1":8,
     "p2":23,
     "p3":25},
    {"p1":8,
     "p2":9,
     "p3":23},
    {"p1":1,
     "p2":3,
     "p3":4},
    {"p1":1,
     "p2":2,
     "p3":3},
    {"p1":111,
     "p2":115,
     "p3":117},
    {"p1":66,
     "p2":67,
     "p3":75},
    {"p1":67,
     "p2":74,
     "p3":75},
    {"p1":64,
     "p2":76,
     "p3":77},
    {"p1":64,
     "p2":79,
     "p3":80},
    {"p1":69,
     "p2":70,
     "p3":71},
    {"p1":69,
     "p2":71,
     "p3":72},
    {"p1":69,
     "p2":72,
     "p3":74},
    {"p1":67,
     "p2":68,
     "p3":69},
    {"p1":67,
     "p2":69,
     "p3":74},
    {"p1":50,
     "p2":51,
     "p3":52},
    {"p1":63,
     "p2":120,
     "p3":121},
    {"p1":98,
     "p2":119,
     "p3":120},
    {"p1":43,
     "p2":44,
     "p3":46},
    {"p1":43,
     "p2":46,
     "p3":47},
    {"p1":4,
     "p2":5,
     "p3":6},
    {"p1":64,
     "p2":83,
     "p3":84},
    {"p1":63,
     "p2":64,
     "p3":84},
    {"p1":108,
     "p2":109,
     "p3":111},
    {"p1":108,
     "p2":111,
     "p3":117},
    {"p1":115,
     "p2":116,
     "p3":117},
    {"p1":64,
     "p2":78,
     "p3":79},
    {"p1":64,
     "p2":77,
     "p3":78},
    {"p1":64,
     "p2":82,
     "p3":83},
    {"p1":64,
     "p2":80,
     "p3":82},
    {"p1":87,
     "p2":91,
     "p3":92},
    {"p1":63,
     "p2":87,
     "p3":92},
    {"p1":63,
     "p2":92,
     "p3":120},
    {"p1":98,
     "p2":100,
     "p3":119},
    {"p1":96,
     "p2":98,
     "p3":120},
    {"p1":96,
     "p2":97,
     "p3":98},
    {"p1":42,
     "p2":43,
     "p3":47},
    {"p1":63,
     "p2":85,
     "p3":87},
    {"p1":63,
     "p2":84,
     "p3":85},
    {"p1":108,
     "p2":118,
     "p3":119},
    {"p1":108,
     "p2":117,
     "p3":118},
    {"p1":106,
     "p2":107,
     "p3":119},
    {"p1":107,
     "p2":108,
     "p3":119},
    {"p1":60,
     "p2":63,
     "p3":122},
    {"p1":63,
     "p2":121,
     "p3":122},
    {"p1":102,
     "p2":103,
     "p3":119},
    {"p1":103,
     "p2":104,
     "p3":119},
    {"p1":105,
     "p2":106,
     "p3":119},
    {"p1":104,
     "p2":105,
     "p3":119},
    {"p1":101,
     "p2":102,
     "p3":119},
    {"p1":100,
     "p2":101,
     "p3":119},
    {"p1":98,
     "p2":99,
     "p3":100},
    {"p1":92,
     "p2":95,
     "p3":120},
    {"p1":95,
     "p2":96,
     "p3":120},
    {"p1":92,
     "p2":93,
     "p3":95},
    {"p1":93,
     "p2":94,
     "p3":95},
    {"p1":0,
     "p2":60,
     "p3":123},
    {"p1":60,
     "p2":122,
     "p3":123},
    {"p1":41,
     "p2":47,
     "p3":48},
    {"p1":41,
     "p2":42,
     "p3":47},
    {"p1":41,
     "p2":48,
     "p3":49},
    {"p1":38,
     "p2":40,
     "p3":50},
    {"p1":38,
     "p2":39,
     "p3":40},
    {"p1":40,
     "p2":49,
     "p3":50},
    {"p1":40,
     "p2":41,
     "p3":49},
    {"p1":85,
     "p2":86,
     "p3":87},
    {"p1":80,
     "p2":81,
     "p3":82},
    {"p1":89,
     "p2":90,
     "p3":91},
    {"p1":87,
     "p2":89,
     "p3":91},
    {"p1":87,
     "p2":88,
     "p3":89}]
}