{"points":[
    {"x":0.12121,
     "y":0.2803},
    {"x":0.14394,
     "y":0.29545},
    {"x":0.16667,
     "y":0.30303},
    {"x":0.18939,
     "y":0.31061},
    {"x":0.21212,
     "y":0.33333},
    {"x":0.2197,
     "y":0.35606},
    {"x":0.2197,
     "y":0.37879},
    {"x":0.22727,
     "y":0.40152},
    {"x":0.24242,
     "y":0.42424},
    {"x":0.25758,
     "y":0.44697},
    {"x":0.27273,
     "y":0.4697},
    {"x":0.29545,
     "y":0.48485},
    {"x":0.31818,
     "y":0.5},
    {"x":0.34091,
     "y":0.50758},
    {"x":0.36364,
     "y":0.52273},
    {"x":0.38636,
     "y":0.5303},
    {"x":0.40909,
     "y":0.53788},
    {"x":0.43182,
     "y":0.53788},
    {"x":0.45455,
     "y":0.54545},
    {"x":0.47727,
     "y":0.54545},
    {"x":0.5,
     "y":0.54545},
    {"x":0.52273,
     "y":0.54545},
    {"x":0.54545,
     "y":0.54545},
    {"x":0.56818,
     "y":0.54545},
    {"x":0.59091,
     "y":0.54545},
    {"x":0.61364,
     "y":0.54545},
    {"x":0.63636,
     "y":0.53788},
    {"x":0.65909,
     "y":0.53788},
    {"x":0.68182,
     "y":0.5303},
    {"x":0.70455,
     "y":0.52273},
    {"x":0.72727,
     "y":0.51515},
    {"x":0.75,
     "y":0.5},
    {"x":0.77273,
     "y":0.48485},
    {"x":0.79545,
     "y":0.4697},
    {"x":0.81818,
     "y":0.44697},
    {"x":0.83333,
     "y":0.42424},
    {"x":0.84091,
     "y":0.40152},
    {"x":0.84848,
     "y":0.37879},
    {"x":0.84848,
     "y":0.35606},
    {"x":0.85606,
     "y":0.33333},
    {"x":0.85606,
     "y":0.31061},
    {"x":0.86364,
     "y":0.28788},
    {"x":0.86364,
     "y":0.26515},
    {"x":0.86364,
     "y":0.24242},
    {"x":0.86364,
     "y":0.2197},
    {"x":0.87121,
     "y":0.19697},
    {"x":0.89394,
     "y":0.17424},
    {"x":0.91667,
     "y":0.15909},
    {"x":0.93939,
     "y":0.13636},
    {"x":0.96212,
     "y":0.11364},
    {"x":0.97727,
     "y":0.090909},
    {"x":0.99242,
     "y":0.068182},
    {"x":1,
     "y":0.045455},
    {"x":1,
     "y":0.022727},
    {"x":0.98485,
     "y":0},
    {"x":0.96212,
     "y":0},
    {"x":0.93939,
     "y":0},
    {"x":0.91667,
     "y":0},
    {"x":0.89394,
     "y":0},
    {"x":0.87121,
     "y":0},
    {"x":0.84848,
     "y":0},
    {"x":0.82576,
     "y":0},
    {"x":0.80303,
     "y":0},
    {"x":0.7803,
     "y":0},
    {"x":0.75758,
     "y":0},
    {"x":0.73485,
     "y":0},
    {"x":0.71212,
     "y":0},
    {"x":0.68939,
     "y":0},
    {"x":0.66667,
     "y":0},
    {"x":0.64394,
     "y":0},
    {"x":0.62121,
     "y":0},
    {"x":0.59848,
     "y":0},
    {"x":0.57576,
     "y":0},
    {"x":0.55303,
     "y":0},
    {"x":0.5303,
     "y":0},
    {"x":0.50758,
     "y":0},
    {"x":0.48485,
     "y":0},
    {"x":0.46212,
     "y":0},
    {"x":0.43939,
     "y":0},
    {"x":0.41667,
     "y":0},
    {"x":0.39394,
     "y":0},
    {"x":0.37121,
     "y":0},
    {"x":0.34848,
     "y":0},
    {"x":0.32576,
     "y":0},
    {"x":0.30303,
     "y":0},
    {"x":0.2803,
     "y":0},
    {"x":0.25758,
     "y":0},
    {"x":0.23485,
     "y":0},
    {"x":0.21212,
     "y":0},
    {"x":0.18939,
     "y":0},
    {"x":0.16667,
     "y":0},
    {"x":0.14394,
     "y":0.0075758},
    {"x":0.12121,
     "y":0.0075758},
    {"x":0.098485,
     "y":0.0075758},
    {"x":0.075758,
     "y":0.015152},
    {"x":0.05303,
     "y":0.022727},
    {"x":0.030303,
     "y":0.037879},
    {"x":0.015152,
     "y":0.060606},
    {"x":0.0075758,
     "y":0.083333},
    {"x":0,
     "y":0.10606},
    {"x":0,
     "y":0.12879},
    {"x":0.0075758,
     "y":0.15152},
    {"x":0.022727,
     "y":0.17424},
    {"x":0.030303,
     "y":0.19697},
    {"x":0.05303,
     "y":0.2197},
    {"x":0.075758,
     "y":0.24242},
    {"x":0.098485,
     "y":0.26515},
    {"x":0.12121,
     "y":0.2803},
    {"x":0.12121,
     "y":0.2803}],
 "triangles":[
    {"p1":17,
     "p2":20,
     "p3":76},
    {"p1":15,
     "p2":16,
     "p3":17},
    {"p1":13,
     "p2":15,
     "p3":17},
    {"p1":13,
     "p2":14,
     "p3":15},
    {"p1":11,
     "p2":12,
     "p3":13},
    {"p1":23,
     "p2":24,
     "p3":26},
    {"p1":23,
     "p2":26,
     "p3":72},
    {"p1":26,
     "p2":27,
     "p3":28},
    {"p1":26,
     "p2":28,
     "p3":29},
    {"p1":24,
     "p2":25,
     "p3":26},
    {"p1":17,
     "p2":18,
     "p3":19},
    {"p1":17,
     "p2":19,
     "p3":20},
    {"p1":20,
     "p2":21,
     "p3":75},
    {"p1":21,
     "p2":74,
     "p3":75},
    {"p1":20,
     "p2":75,
     "p3":76},
    {"p1":21,
     "p2":22,
     "p3":74},
    {"p1":3,
     "p2":84,
     "p3":85},
    {"p1":3,
     "p2":83,
     "p3":84},
    {"p1":4,
     "p2":82,
     "p3":83},
    {"p1":3,
     "p2":4,
     "p3":83},
    {"p1":4,
     "p2":81,
     "p3":82},
    {"p1":91,
     "p2":104,
     "p3":105},
    {"p1":49,
     "p2":50,
     "p3":57},
    {"p1":44,
     "p2":67,
     "p3":68},
    {"p1":44,
     "p2":66,
     "p3":67},
    {"p1":44,
     "p2":68,
     "p3":69},
    {"p1":40,
     "p2":43,
     "p3":70},
    {"p1":40,
     "p2":70,
     "p3":71},
    {"p1":26,
     "p2":71,
     "p3":72},
    {"p1":26,
     "p2":40,
     "p3":71},
    {"p1":34,
     "p2":35,
     "p3":36},
    {"p1":33,
     "p2":34,
     "p3":36},
    {"p1":22,
     "p2":73,
     "p3":74},
    {"p1":22,
     "p2":23,
     "p3":73},
    {"p1":23,
     "p2":72,
     "p3":73},
    {"p1":9,
     "p2":10,
     "p3":11},
    {"p1":9,
     "p2":11,
     "p3":13},
    {"p1":8,
     "p2":9,
     "p3":13},
    {"p1":5,
     "p2":8,
     "p3":13},
    {"p1":5,
     "p2":7,
     "p3":8},
    {"p1":5,
     "p2":6,
     "p3":7},
    {"p1":5,
     "p2":13,
     "p3":17},
    {"p1":5,
     "p2":17,
     "p3":76},
    {"p1":5,
     "p2":76,
     "p3":77},
    {"p1":4,
     "p2":5,
     "p3":77},
    {"p1":3,
     "p2":86,
     "p3":87},
    {"p1":3,
     "p2":85,
     "p3":86},
    {"p1":4,
     "p2":78,
     "p3":79},
    {"p1":4,
     "p2":77,
     "p3":78},
    {"p1":4,
     "p2":79,
     "p3":80},
    {"p1":4,
     "p2":80,
     "p3":81},
    {"p1":89,
     "p2":105,
     "p3":106},
    {"p1":89,
     "p2":91,
     "p3":105},
    {"p1":0,
     "p2":89,
     "p3":106},
    {"p1":0,
     "p2":88,
     "p3":89},
    {"p1":102,
     "p2":103,
     "p3":104},
    {"p1":91,
     "p2":102,
     "p3":104},
    {"p1":50,
     "p2":51,
     "p3":56},
    {"p1":50,
     "p2":56,
     "p3":57},
    {"p1":47,
     "p2":48,
     "p3":59},
    {"p1":48,
     "p2":58,
     "p3":59},
    {"p1":49,
     "p2":57,
     "p3":58},
    {"p1":48,
     "p2":49,
     "p3":58},
    {"p1":47,
     "p2":59,
     "p3":60},
    {"p1":46,
     "p2":47,
     "p3":60},
    {"p1":45,
     "p2":65,
     "p3":66},
    {"p1":44,
     "p2":45,
     "p3":66},
    {"p1":45,
     "p2":46,
     "p3":62},
    {"p1":38,
     "p2":39,
     "p3":40},
    {"p1":26,
     "p2":29,
     "p3":38},
    {"p1":26,
     "p2":38,
     "p3":40},
    {"p1":36,
     "p2":37,
     "p3":38},
    {"p1":0,
     "p2":1,
     "p3":2},
    {"p1":0,
     "p2":2,
     "p3":88},
    {"p1":2,
     "p2":87,
     "p3":88},
    {"p1":2,
     "p2":3,
     "p3":87},
    {"p1":89,
     "p2":90,
     "p3":91},
    {"p1":91,
     "p2":92,
     "p3":102},
    {"p1":92,
     "p2":94,
     "p3":102},
    {"p1":92,
     "p2":93,
     "p3":94},
    {"p1":94,
     "p2":98,
     "p3":102},
    {"p1":98,
     "p2":101,
     "p3":102},
    {"p1":52,
     "p2":53,
     "p3":55},
    {"p1":51,
     "p2":52,
     "p3":55},
    {"p1":51,
     "p2":55,
     "p3":56},
    {"p1":53,
     "p2":54,
     "p3":55},
    {"p1":46,
     "p2":61,
     "p3":62},
    {"p1":46,
     "p2":60,
     "p3":61},
    {"p1":45,
     "p2":64,
     "p3":65},
    {"p1":29,
     "p2":30,
     "p3":31},
    {"p1":29,
     "p2":31,
     "p3":38},
    {"p1":32,
     "p2":33,
     "p3":36},
    {"p1":32,
     "p2":36,
     "p3":38},
    {"p1":31,
     "p2":32,
     "p3":38},
    {"p1":40,
     "p2":42,
     "p3":43},
    {"p1":40,
     "p2":41,
     "p3":42},
    {"p1":45,
     "p2":62,
     "p3":63},
    {"p1":45,
     "p2":63,
     "p3":64},
    {"p1":95,
     "p2":96,
     "p3":97},
    {"p1":43,
     "p2":69,
     "p3":70},
    {"p1":43,
     "p2":44,
     "p3":69},
    {"p1":98,
     "p2":100,
     "p3":101},
    {"p1":98,
     "p2":99,
     "p3":100},
    {"p1":94,
     "p2":95,
     "p3":97},
    {"p1":94,
     "p2":97,
     "p3":98}]
}