{"points":[
    {"x":0.14575,
     "y":0.51822},
    {"x":0.14575,
     "y":0.55061},
    {"x":0.14575,
     "y":0.583},
    {"x":0.1417,
     "y":0.61538},
    {"x":0.13765,
     "y":0.64777},
    {"x":0.1336,
     "y":0.68016},
    {"x":0.12955,
     "y":0.71255},
    {"x":0.12146,
     "y":0.74494},
    {"x":0.11336,
     "y":0.77733},
    {"x":0.10526,
     "y":0.80972},
    {"x":0.097166,
     "y":0.84211},
    {"x":0.08502,
     "y":0.87449},
    {"x":0.076923,
     "y":0.90688},
    {"x":0.089069,
     "y":0.93117},
    {"x":0.12146,
     "y":0.94737},
    {"x":0.15385,
     "y":0.95547},
    {"x":0.18623,
     "y":0.96761},
    {"x":0.21862,
     "y":0.97166},
    {"x":0.25101,
     "y":0.97976},
    {"x":0.2834,
     "y":0.98381},
    {"x":0.31579,
     "y":0.98785},
    {"x":0.34818,
     "y":0.98785},
    {"x":0.38057,
     "y":0.9919},
    {"x":0.41296,
     "y":0.9919},
    {"x":0.44534,
     "y":0.99595},
    {"x":0.47773,
     "y":1},
    {"x":0.51012,
     "y":1},
    {"x":0.54251,
     "y":1},
    {"x":0.5749,
     "y":0.99595},
    {"x":0.60729,
     "y":0.99595},
    {"x":0.63968,
     "y":0.99595},
    {"x":0.67206,
     "y":0.9919},
    {"x":0.70445,
     "y":0.98785},
    {"x":0.73684,
     "y":0.98381},
    {"x":0.76923,
     "y":0.97571},
    {"x":0.80162,
     "y":0.96761},
    {"x":0.83401,
     "y":0.95547},
    {"x":0.8502,
     "y":0.92713},
    {"x":0.84211,
     "y":0.89474},
    {"x":0.83401,
     "y":0.86235},
    {"x":0.82996,
     "y":0.82996},
    {"x":0.82186,
     "y":0.79757},
    {"x":0.81377,
     "y":0.76518},
    {"x":0.80972,
     "y":0.73279},
    {"x":0.80567,
     "y":0.7004},
    {"x":0.80162,
     "y":0.66802},
    {"x":0.80162,
     "y":0.63563},
    {"x":0.80162,
     "y":0.60324},
    {"x":0.79757,
     "y":0.57085},
    {"x":0.79757,
     "y":0.53846},
    {"x":0.79757,
     "y":0.50607},
    {"x":0.79757,
     "y":0.47368},
    {"x":0.80162,
     "y":0.4413},
    {"x":0.82186,
     "y":0.42105},
    {"x":0.85425,
     "y":0.417},
    {"x":0.88664,
     "y":0.40891},
    {"x":0.91903,
     "y":0.39271},
    {"x":0.95142,
     "y":0.36437},
    {"x":0.96356,
     "y":0.33198},
    {"x":0.96356,
     "y":0.2996},
    {"x":0.94737,
     "y":0.26721},
    {"x":0.92713,
     "y":0.23887},
    {"x":0.90283,
     "y":0.21457},
    {"x":0.87854,
     "y":0.19028},
    {"x":0.8502,
     "y":0.16599},
    {"x":0.81781,
     "y":0.1417},
    {"x":0.78543,
     "y":0.11741},
    {"x":0.75304,
     "y":0.097166},
    {"x":0.72065,
     "y":0.076923},
    {"x":0.68826,
     "y":0.060729},
    {"x":0.65587,
     "y":0.044534},
    {"x":0.62348,
     "y":0.032389},
    {"x":0.59109,
     "y":0.024291},
    {"x":0.5587,
     "y":0.012146},
    {"x":0.52632,
     "y":0.0080972},
    {"x":0.49393,
     "y":0.0040486},
    {"x":0.46154,
     "y":0},
    {"x":0.42915,
     "y":0.0040486},
    {"x":0.39676,
     "y":0.0080972},
    {"x":0.36437,
     "y":0.016194},
    {"x":0.33198,
     "y":0.02834},
    {"x":0.2996,
     "y":0.040486},
    {"x":0.26721,
     "y":0.048583},
    {"x":0.23482,
     "y":0.064777},
    {"x":0.20243,
     "y":0.080972},
    {"x":0.17004,
     "y":0.10121},
    {"x":0.13765,
     "y":0.11741},
    {"x":0.10526,
     "y":0.13765},
    {"x":0.076923,
     "y":0.15789},
    {"x":0.048583,
     "y":0.18623},
    {"x":0.024291,
     "y":0.21053},
    {"x":0.0080972,
     "y":0.24291},
    {"x":0,
     "y":0.2753},
    {"x":0,
     "y":0.30769},
    {"x":0.012146,
     "y":0.34008},
    {"x":0.036437,
     "y":0.36842},
    {"x":0.068826,
     "y":0.39271},
    {"x":0.10121,
     "y":0.40486},
    {"x":0.1336,
     "y":0.41296},
    {"x":0.1498,
     "y":0.4413},
    {"x":0.14575,
     "y":0.47368},
    {"x":0.14575,
     "y":0.50607},
    {"x":0.14575,
     "y":0.51822}],
 "triangles":[
    {"p1":91,
     "p2":92,
     "p3":95},
    {"p1":92,
     "p2":94,
     "p3":95},
    {"p1":52,
     "p2":74,
     "p3":99},
    {"p1":92,
     "p2":93,
     "p3":94},
    {"p1":3,
     "p2":23,
     "p3":45},
    {"p1":2,
     "p2":46,
     "p3":48},
    {"p1":3,
     "p2":45,
     "p3":46},
    {"p1":2,
     "p2":3,
     "p3":46},
    {"p1":58,
     "p2":59,
     "p3":60},
    {"p1":5,
     "p2":21,
     "p3":23},
    {"p1":23,
     "p2":24,
     "p3":45},
    {"p1":1,
     "p2":2,
     "p3":48},
    {"p1":4,
     "p2":5,
     "p3":23},
    {"p1":3,
     "p2":4,
     "p3":23},
    {"p1":74,
     "p2":75,
     "p3":99},
    {"p1":80,
     "p2":81,
     "p3":99},
    {"p1":51,
     "p2":52,
     "p3":99},
    {"p1":50,
     "p2":51,
     "p3":99},
    {"p1":50,
     "p2":99,
     "p3":101},
    {"p1":0,
     "p2":50,
     "p3":101},
    {"p1":55,
     "p2":60,
     "p3":61},
    {"p1":54,
     "p2":55,
     "p3":61},
    {"p1":11,
     "p2":12,
     "p3":13},
    {"p1":21,
     "p2":22,
     "p3":23},
    {"p1":30,
     "p2":31,
     "p3":42},
    {"p1":31,
     "p2":41,
     "p3":42},
    {"p1":33,
     "p2":34,
     "p3":39},
    {"p1":33,
     "p2":39,
     "p3":40},
    {"p1":35,
     "p2":36,
     "p3":38},
    {"p1":34,
     "p2":35,
     "p3":38},
    {"p1":34,
     "p2":38,
     "p3":39},
    {"p1":55,
     "p2":56,
     "p3":60},
    {"p1":56,
     "p2":58,
     "p3":60},
    {"p1":56,
     "p2":57,
     "p3":58},
    {"p1":0,
     "p2":49,
     "p3":50},
    {"p1":0,
     "p2":1,
     "p3":49},
    {"p1":1,
     "p2":48,
     "p3":49},
    {"p1":89,
     "p2":96,
     "p3":97},
    {"p1":89,
     "p2":90,
     "p3":91},
    {"p1":89,
     "p2":91,
     "p3":95},
    {"p1":89,
     "p2":95,
     "p3":96},
    {"p1":99,
     "p2":100,
     "p3":101},
    {"p1":52,
     "p2":69,
     "p3":70},
    {"p1":54,
     "p2":61,
     "p3":62},
    {"p1":52,
     "p2":67,
     "p3":68},
    {"p1":52,
     "p2":68,
     "p3":69},
    {"p1":7,
     "p2":8,
     "p3":19},
    {"p1":7,
     "p2":19,
     "p3":20},
    {"p1":29,
     "p2":30,
     "p3":42},
    {"p1":26,
     "p2":27,
     "p3":28},
    {"p1":24,
     "p2":25,
     "p3":26},
    {"p1":24,
     "p2":26,
     "p3":45},
    {"p1":26,
     "p2":44,
     "p3":45},
    {"p1":26,
     "p2":28,
     "p3":44},
    {"p1":31,
     "p2":32,
     "p3":41},
    {"p1":32,
     "p2":40,
     "p3":41},
    {"p1":32,
     "p2":33,
     "p3":40},
    {"p1":36,
     "p2":37,
     "p3":38},
    {"p1":46,
     "p2":47,
     "p3":48},
    {"p1":87,
     "p2":88,
     "p3":98},
    {"p1":89,
     "p2":97,
     "p3":98},
    {"p1":88,
     "p2":89,
     "p3":98},
    {"p1":86,
     "p2":87,
     "p3":98},
    {"p1":85,
     "p2":86,
     "p3":98},
    {"p1":84,
     "p2":85,
     "p3":98},
    {"p1":83,
     "p2":84,
     "p3":98},
    {"p1":81,
     "p2":98,
     "p3":99},
    {"p1":81,
     "p2":83,
     "p3":98},
    {"p1":75,
     "p2":76,
     "p3":77},
    {"p1":75,
     "p2":77,
     "p3":99},
    {"p1":77,
     "p2":80,
     "p3":99},
    {"p1":77,
     "p2":79,
     "p3":80},
    {"p1":77,
     "p2":78,
     "p3":79},
    {"p1":52,
     "p2":70,
     "p3":71},
    {"p1":53,
     "p2":64,
     "p3":65},
    {"p1":53,
     "p2":54,
     "p3":62},
    {"p1":53,
     "p2":65,
     "p3":66},
    {"p1":52,
     "p2":53,
     "p3":66},
    {"p1":52,
     "p2":66,
     "p3":67},
    {"p1":6,
     "p2":20,
     "p3":21},
    {"p1":6,
     "p2":7,
     "p3":20},
    {"p1":5,
     "p2":6,
     "p3":21},
    {"p1":9,
     "p2":10,
     "p3":16},
    {"p1":8,
     "p2":9,
     "p3":17},
    {"p1":9,
     "p2":16,
     "p3":17},
    {"p1":11,
     "p2":13,
     "p3":14},
    {"p1":28,
     "p2":43,
     "p3":44},
    {"p1":28,
     "p2":29,
     "p3":43},
    {"p1":29,
     "p2":42,
     "p3":43},
    {"p1":81,
     "p2":82,
     "p3":83},
    {"p1":72,
     "p2":73,
     "p3":74},
    {"p1":52,
     "p2":72,
     "p3":74},
    {"p1":52,
     "p2":71,
     "p3":72},
    {"p1":53,
     "p2":63,
     "p3":64},
    {"p1":53,
     "p2":62,
     "p3":63},
    {"p1":8,
     "p2":18,
     "p3":19},
    {"p1":8,
     "p2":17,
     "p3":18},
    {"p1":10,
     "p2":15,
     "p3":16},
    {"p1":10,
     "p2":11,
     "p3":15},
    {"p1":11,
     "p2":14,
     "p3":15}]
}