{"points":[
    {"x":0.18696,
     "y":0.4087},
    {"x":0.18261,
     "y":0.43913},
    {"x":0.18261,
     "y":0.46957},
    {"x":0.17826,
     "y":0.5},
    {"x":0.17826,
     "y":0.53043},
    {"x":0.17391,
     "y":0.56087},
    {"x":0.16957,
     "y":0.5913},
    {"x":0.16522,
     "y":0.62174},
    {"x":0.16087,
     "y":0.65217},
    {"x":0.15217,
     "y":0.68261},
    {"x":0.14783,
     "y":0.71304},
    {"x":0.14348,
     "y":0.74348},
    {"x":0.16522,
     "y":0.75217},
    {"x":0.19565,
     "y":0.75652},
    {"x":0.22609,
     "y":0.75652},
    {"x":0.25652,
     "y":0.76087},
    {"x":0.28696,
     "y":0.76522},
    {"x":0.31739,
     "y":0.76522},
    {"x":0.34783,
     "y":0.76957},
    {"x":0.37826,
     "y":0.76957},
    {"x":0.4087,
     "y":0.76957},
    {"x":0.43913,
     "y":0.76957},
    {"x":0.46957,
     "y":0.77391},
    {"x":0.5,
     "y":0.77391},
    {"x":0.53043,
     "y":0.77391},
    {"x":0.56087,
     "y":0.77391},
    {"x":0.5913,
     "y":0.77391},
    {"x":0.62174,
     "y":0.77391},
    {"x":0.65217,
     "y":0.76957},
    {"x":0.68261,
     "y":0.77391},
    {"x":0.71304,
     "y":0.76957},
    {"x":0.74348,
     "y":0.76522},
    {"x":0.77391,
     "y":0.76522},
    {"x":0.80435,
     "y":0.76087},
    {"x":0.83478,
     "y":0.76087},
    {"x":0.86087,
     "y":0.74783},
    {"x":0.85652,
     "y":0.71739},
    {"x":0.85217,
     "y":0.68696},
    {"x":0.84783,
     "y":0.65652},
    {"x":0.84348,
     "y":0.62609},
    {"x":0.83913,
     "y":0.59565},
    {"x":0.83913,
     "y":0.56522},
    {"x":0.83478,
     "y":0.53478},
    {"x":0.83478,
     "y":0.50435},
    {"x":0.83478,
     "y":0.47391},
    {"x":0.83478,
     "y":0.44348},
    {"x":0.83478,
     "y":0.41304},
    {"x":0.83478,
     "y":0.38261},
    {"x":0.83913,
     "y":0.35217},
    {"x":0.83913,
     "y":0.32174},
    {"x":0.84783,
     "y":0.2913},
    {"x":0.87826,
     "y":0.29565},
    {"x":0.9087,
     "y":0.29565},
    {"x":0.93913,
     "y":0.2913},
    {"x":0.96957,
     "y":0.27826},
    {"x":0.9913,
     "y":0.25217},
    {"x":1,
     "y":0.22174},
    {"x":1,
     "y":0.1913},
    {"x":0.9913,
     "y":0.16087},
    {"x":0.97391,
     "y":0.13043},
    {"x":0.95217,
     "y":0.11304},
    {"x":0.92174,
     "y":0.091304},
    {"x":0.8913,
     "y":0.082609},
    {"x":0.86087,
     "y":0.073913},
    {"x":0.83043,
     "y":0.069565},
    {"x":0.8,
     "y":0.069565},
    {"x":0.76957,
     "y":0.065217},
    {"x":0.73913,
     "y":0.065217},
    {"x":0.7087,
     "y":0.069565},
    {"x":0.67826,
     "y":0.073913},
    {"x":0.64783,
     "y":0.073913},
    {"x":0.61739,
     "y":0.078261},
    {"x":0.58696,
     "y":0.078261},
    {"x":0.55652,
     "y":0.069565},
    {"x":0.52609,
     "y":0.056522},
    {"x":0.49565,
     "y":0.047826},
    {"x":0.46522,
     "y":0.03913},
    {"x":0.43478,
     "y":0.030435},
    {"x":0.40435,
     "y":0.026087},
    {"x":0.37391,
     "y":0.017391},
    {"x":0.34348,
     "y":0.013043},
    {"x":0.31304,
     "y":0.0086957},
    {"x":0.28261,
     "y":0.0043478},
    {"x":0.25217,
     "y":0.0043478},
    {"x":0.22174,
     "y":0},
    {"x":0.1913,
     "y":0.0043478},
    {"x":0.16087,
     "y":0.0086957},
    {"x":0.13043,
     "y":0.013043},
    {"x":0.1,
     "y":0.026087},
    {"x":0.069565,
     "y":0.03913},
    {"x":0.043478,
     "y":0.06087},
    {"x":0.021739,
     "y":0.086957},
    {"x":0.0043478,
     "y":0.11739},
    {"x":0,
     "y":0.14783},
    {"x":0,
     "y":0.17826},
    {"x":0.0043478,
     "y":0.2087},
    {"x":0.021739,
     "y":0.23913},
    {"x":0.047826,
     "y":0.26087},
    {"x":0.078261,
     "y":0.26957},
    {"x":0.1087,
     "y":0.27391},
    {"x":0.13913,
     "y":0.27826},
    {"x":0.16957,
     "y":0.27826},
    {"x":0.18261,
     "y":0.30435},
    {"x":0.18261,
     "y":0.33478},
    {"x":0.18261,
     "y":0.36522},
    {"x":0.18696,
     "y":0.39565},
    {"x":0.18696,
     "y":0.4087}],
 "triangles":[
    {"p1":2,
     "p2":4,
     "p3":21},
    {"p1":21,
     "p2":22,
     "p3":23},
    {"p1":2,
     "p2":21,
     "p3":23},
    {"p1":83,
     "p2":84,
     "p3":85},
    {"p1":83,
     "p2":85,
     "p3":101},
    {"p1":88,
     "p2":89,
     "p3":90},
    {"p1":88,
     "p2":90,
     "p3":99},
    {"p1":0,
     "p2":2,
     "p3":23},
    {"p1":2,
     "p2":3,
     "p3":4},
    {"p1":96,
     "p2":97,
     "p3":98},
    {"p1":91,
     "p2":93,
     "p3":99},
    {"p1":90,
     "p2":91,
     "p3":99},
    {"p1":91,
     "p2":92,
     "p3":93},
    {"p1":93,
     "p2":94,
     "p3":99},
    {"p1":94,
     "p2":98,
     "p3":99},
    {"p1":94,
     "p2":95,
     "p3":96},
    {"p1":94,
     "p2":96,
     "p3":98},
    {"p1":85,
     "p2":86,
     "p3":101},
    {"p1":86,
     "p2":88,
     "p3":101},
    {"p1":86,
     "p2":87,
     "p3":88},
    {"p1":0,
     "p2":46,
     "p3":105},
    {"p1":7,
     "p2":16,
     "p3":17},
    {"p1":88,
     "p2":100,
     "p3":101},
    {"p1":88,
     "p2":99,
     "p3":100},
    {"p1":103,
     "p2":104,
     "p3":105},
    {"p1":0,
     "p2":1,
     "p3":2},
    {"p1":78,
     "p2":101,
     "p3":102},
    {"p1":28,
     "p2":40,
     "p3":41},
    {"p1":0,
     "p2":23,
     "p3":45},
    {"p1":0,
     "p2":45,
     "p3":46},
    {"p1":53,
     "p2":55,
     "p3":56},
    {"p1":53,
     "p2":56,
     "p3":57},
    {"p1":7,
     "p2":15,
     "p3":16},
    {"p1":6,
     "p2":7,
     "p3":17},
    {"p1":5,
     "p2":6,
     "p3":17},
    {"p1":4,
     "p2":5,
     "p3":19},
    {"p1":80,
     "p2":81,
     "p3":101},
    {"p1":78,
     "p2":79,
     "p3":101},
    {"p1":79,
     "p2":80,
     "p3":101},
    {"p1":58,
     "p2":59,
     "p3":60},
    {"p1":60,
     "p2":61,
     "p3":62},
    {"p1":28,
     "p2":30,
     "p3":40},
    {"p1":31,
     "p2":38,
     "p3":39},
    {"p1":30,
     "p2":31,
     "p3":39},
    {"p1":30,
     "p2":39,
     "p3":40},
    {"p1":23,
     "p2":24,
     "p3":45},
    {"p1":25,
     "p2":26,
     "p3":43},
    {"p1":53,
     "p2":54,
     "p3":55},
    {"p1":8,
     "p2":9,
     "p3":14},
    {"p1":7,
     "p2":8,
     "p3":15},
    {"p1":8,
     "p2":14,
     "p3":15},
    {"p1":9,
     "p2":13,
     "p3":14},
    {"p1":5,
     "p2":17,
     "p3":18},
    {"p1":5,
     "p2":18,
     "p3":19},
    {"p1":4,
     "p2":20,
     "p3":21},
    {"p1":4,
     "p2":19,
     "p3":20},
    {"p1":82,
     "p2":83,
     "p3":101},
    {"p1":81,
     "p2":82,
     "p3":101},
    {"p1":73,
     "p2":75,
     "p3":102},
    {"p1":73,
     "p2":102,
     "p3":103},
    {"p1":72,
     "p2":73,
     "p3":105},
    {"p1":73,
     "p2":103,
     "p3":105},
    {"p1":75,
     "p2":76,
     "p3":102},
    {"p1":50,
     "p2":64,
     "p3":65},
    {"p1":50,
     "p2":63,
     "p3":64},
    {"p1":50,
     "p2":62,
     "p3":63},
    {"p1":50,
     "p2":51,
     "p3":60},
    {"p1":50,
     "p2":60,
     "p3":62},
    {"p1":33,
     "p2":36,
     "p3":37},
    {"p1":32,
     "p2":33,
     "p3":37},
    {"p1":31,
     "p2":32,
     "p3":38},
    {"p1":32,
     "p2":37,
     "p3":38},
    {"p1":26,
     "p2":27,
     "p3":28},
    {"p1":47,
     "p2":72,
     "p3":105},
    {"p1":46,
     "p2":47,
     "p3":105},
    {"p1":47,
     "p2":49,
     "p3":72},
    {"p1":47,
     "p2":48,
     "p3":49},
    {"p1":49,
     "p2":71,
     "p3":72},
    {"p1":49,
     "p2":70,
     "p3":71},
    {"p1":24,
     "p2":25,
     "p3":44},
    {"p1":25,
     "p2":43,
     "p3":44},
    {"p1":24,
     "p2":44,
     "p3":45},
    {"p1":26,
     "p2":28,
     "p3":42},
    {"p1":26,
     "p2":42,
     "p3":43},
    {"p1":28,
     "p2":41,
     "p3":42},
    {"p1":9,
     "p2":10,
     "p3":13},
    {"p1":10,
     "p2":12,
     "p3":13},
    {"p1":10,
     "p2":11,
     "p3":12},
    {"p1":73,
     "p2":74,
     "p3":75},
    {"p1":77,
     "p2":78,
     "p3":102},
    {"p1":76,
     "p2":77,
     "p3":102},
    {"p1":49,
     "p2":69,
     "p3":70},
    {"p1":49,
     "p2":50,
     "p3":69},
    {"p1":50,
     "p2":68,
     "p3":69},
    {"p1":34,
     "p2":35,
     "p3":36},
    {"p1":33,
     "p2":34,
     "p3":36},
    {"p1":52,
     "p2":58,
     "p3":60},
    {"p1":51,
     "p2":52,
     "p3":60},
    {"p1":52,
     "p2":57,
     "p3":58},
    {"p1":52,
     "p2":53,
     "p3":57},
    {"p1":50,
     "p2":67,
     "p3":68},
    {"p1":28,
     "p2":29,
     "p3":30},
    {"p1":50,
     "p2":65,
     "p3":66},
    {"p1":50,
     "p2":66,
     "p3":67}]
}