{"points":[
    {"x":0.16667,
     "y":0.22917},
    {"x":0.16667,
     "y":0.25},
    {"x":0.16667,
     "y":0.27083},
    {"x":0.16667,
     "y":0.29167},
    {"x":0.16667,
     "y":0.3125},
    {"x":0.16667,
     "y":0.33333},
    {"x":0.16667,
     "y":0.35417},
    {"x":0.16667,
     "y":0.375},
    {"x":0.16667,
     "y":0.39583},
    {"x":0.16667,
     "y":0.41667},
    {"x":0.16667,
     "y":0.4375},
    {"x":0.16667,
     "y":0.45833},
    {"x":0.14583,
     "y":0.47917},
    {"x":0.14583,
     "y":0.5},
    {"x":0.14583,
     "y":0.52083},
    {"x":0.14583,
     "y":0.54167},
    {"x":0.14583,
     "y":0.5625},
    {"x":0.14583,
     "y":0.58333},
    {"x":0.14583,
     "y":0.60417},
    {"x":0.14583,
     "y":0.625},
    {"x":0.14583,
     "y":0.64583},
    {"x":0.16667,
     "y":0.66667},
    {"x":0.1875,
     "y":0.66667},
    {"x":0.20833,
     "y":0.66667},
    {"x":0.22917,
     "y":0.66667},
    {"x":0.25,
     "y":0.66667},
    {"x":0.27083,
     "y":0.66667},
    {"x":0.29167,
     "y":0.66667},
    {"x":0.3125,
     "y":0.66667},
    {"x":0.33333,
     "y":0.6875},
    {"x":0.35417,
     "y":0.6875},
    {"x":0.375,
     "y":0.6875},
    {"x":0.39583,
     "y":0.6875},
    {"x":0.41667,
     "y":0.6875},
    {"x":0.4375,
     "y":0.6875},
    {"x":0.45833,
     "y":0.6875},
    {"x":0.47917,
     "y":0.6875},
    {"x":0.5,
     "y":0.6875},
    {"x":0.52083,
     "y":0.6875},
    {"x":0.54167,
     "y":0.6875},
    {"x":0.5625,
     "y":0.6875},
    {"x":0.58333,
     "y":0.6875},
    {"x":0.60417,
     "y":0.6875},
    {"x":0.625,
     "y":0.6875},
    {"x":0.64583,
     "y":0.6875},
    {"x":0.66667,
     "y":0.6875},
    {"x":0.6875,
     "y":0.6875},
    {"x":0.70833,
     "y":0.6875},
    {"x":0.72917,
     "y":0.6875},
    {"x":0.75,
     "y":0.66667},
    {"x":0.77083,
     "y":0.66667},
    {"x":0.79167,
     "y":0.66667},
    {"x":0.8125,
     "y":0.66667},
    {"x":0.8125,
     "y":0.64583},
    {"x":0.8125,
     "y":0.625},
    {"x":0.8125,
     "y":0.60417},
    {"x":0.8125,
     "y":0.58333},
    {"x":0.8125,
     "y":0.5625},
    {"x":0.8125,
     "y":0.54167},
    {"x":0.8125,
     "y":0.52083},
    {"x":0.8125,
     "y":0.5},
    {"x":0.8125,
     "y":0.47917},
    {"x":0.8125,
     "y":0.45833},
    {"x":0.8125,
     "y":0.4375},
    {"x":0.8125,
     "y":0.41667},
    {"x":0.8125,
     "y":0.39583},
    {"x":0.79167,
     "y":0.375},
    {"x":0.79167,
     "y":0.35417},
    {"x":0.79167,
     "y":0.33333},
    {"x":0.79167,
     "y":0.3125},
    {"x":0.8125,
     "y":0.29167},
    {"x":0.8125,
     "y":0.27083},
    {"x":0.8125,
     "y":0.25},
    {"x":0.8125,
     "y":0.22917},
    {"x":0.83333,
     "y":0.20833},
    {"x":0.85417,
     "y":0.20833},
    {"x":0.875,
     "y":0.1875},
    {"x":0.89583,
     "y":0.1875},
    {"x":0.91667,
     "y":0.1875},
    {"x":0.9375,
     "y":0.16667},
    {"x":0.95833,
     "y":0.16667},
    {"x":0.97917,
     "y":0.14583},
    {"x":1,
     "y":0.125},
    {"x":1,
     "y":0.10417},
    {"x":1,
     "y":0.083333},
    {"x":1,
     "y":0.0625},
    {"x":0.97917,
     "y":0.041667},
    {"x":0.95833,
     "y":0.041667},
    {"x":0.9375,
     "y":0.020833},
    {"x":0.91667,
     "y":0.020833},
    {"x":0.89583,
     "y":0.020833},
    {"x":0.875,
     "y":0.020833},
    {"x":0.85417,
     "y":0.020833},
    {"x":0.83333,
     "y":0.041667},
    {"x":0.8125,
     "y":0.041667},
    {"x":0.79167,
     "y":0.041667},
    {"x":0.77083,
     "y":0.041667},
    {"x":0.75,
     "y":0.041667},
    {"x":0.72917,
     "y":0.041667},
    {"x":0.70833,
     "y":0.041667},
    {"x":0.6875,
     "y":0.041667},
    {"x":0.66667,
     "y":0.0625},
    {"x":0.64583,
     "y":0.0625},
    {"x":0.625,
     "y":0.0625},
    {"x":0.60417,
     "y":0.0625},
    {"x":0.58333,
     "y":0.0625},
    {"x":0.5625,
     "y":0.0625},
    {"x":0.54167,
     "y":0.0625},
    {"x":0.52083,
     "y":0.0625},
    {"x":0.5,
     "y":0.0625},
    {"x":0.47917,
     "y":0.0625},
    {"x":0.45833,
     "y":0.0625},
    {"x":0.4375,
     "y":0.0625},
    {"x":0.41667,
     "y":0.0625},
    {"x":0.39583,
     "y":0.0625},
    {"x":0.375,
     "y":0.0625},
    {"x":0.35417,
     "y":0.0625},
    {"x":0.33333,
     "y":0.0625},
    {"x":0.3125,
     "y":0.0625},
    {"x":0.29167,
     "y":0.041667},
    {"x":0.27083,
     "y":0.041667},
    {"x":0.25,
     "y":0.041667},
    {"x":0.22917,
     "y":0.041667},
    {"x":0.20833,
     "y":0.041667},
    {"x":0.1875,
     "y":0.020833},
    {"x":0.16667,
     "y":0.020833},
    {"x":0.14583,
     "y":0.020833},
    {"x":0.125,
     "y":0.020833},
    {"x":0.10417,
     "y":0},
    {"x":0.083333,
     "y":0},
    {"x":0.0625,
     "y":0},
    {"x":0.041667,
     "y":0},
    {"x":0.020833,
     "y":0.020833},
    {"x":0,
     "y":0.020833},
    {"x":0,
     "y":0.041667},
    {"x":0,
     "y":0.0625},
    {"x":0,
     "y":0.083333},
    {"x":0,
     "y":0.10417},
    {"x":0.020833,
     "y":0.125},
    {"x":0.020833,
     "y":0.14583},
    {"x":0.041667,
     "y":0.14583},
    {"x":0.0625,
     "y":0.16667},
    {"x":0.083333,
     "y":0.16667},
    {"x":0.10417,
     "y":0.1875},
    {"x":0.125,
     "y":0.1875},
    {"x":0.14583,
     "y":0.20833},
    {"x":0.16667,
     "y":0.22917},
    {"x":0.16667,
     "y":0.22917}],
 "triangles":[
    {"p1":79,
     "p2":87,
     "p3":90},
    {"p1":87,
     "p2":88,
     "p3":89},
    {"p1":87,
     "p2":89,
     "p3":90},
    {"p1":83,
     "p2":84,
     "p3":87},
    {"p1":74,
     "p2":94,
     "p3":95},
    {"p1":73,
     "p2":74,
     "p3":97},
    {"p1":79,
     "p2":90,
     "p3":93},
    {"p1":90,
     "p2":91,
     "p3":93},
    {"p1":91,
     "p2":92,
     "p3":93},
    {"p1":142,
     "p2":143,
     "p3":144},
    {"p1":123,
     "p2":126,
     "p3":144},
    {"p1":126,
     "p2":142,
     "p3":144},
    {"p1":81,
     "p2":82,
     "p3":83},
    {"p1":79,
     "p2":80,
     "p3":81},
    {"p1":81,
     "p2":83,
     "p3":87},
    {"p1":79,
     "p2":81,
     "p3":87},
    {"p1":11,
     "p2":27,
     "p3":28},
    {"p1":39,
     "p2":40,
     "p3":66},
    {"p1":38,
     "p2":39,
     "p3":66},
    {"p1":36,
     "p2":37,
     "p3":66},
    {"p1":37,
     "p2":38,
     "p3":66},
    {"p1":73,
     "p2":98,
     "p3":101},
    {"p1":73,
     "p2":97,
     "p3":98},
    {"p1":74,
     "p2":95,
     "p3":96},
    {"p1":74,
     "p2":96,
     "p3":97},
    {"p1":40,
     "p2":41,
     "p3":66},
    {"p1":62,
     "p2":63,
     "p3":66},
    {"p1":132,
     "p2":133,
     "p3":134},
    {"p1":132,
     "p2":134,
     "p3":135},
    {"p1":127,
     "p2":138,
     "p3":140},
    {"p1":127,
     "p2":140,
     "p3":142},
    {"p1":126,
     "p2":127,
     "p3":142},
    {"p1":136,
     "p2":137,
     "p3":138},
    {"p1":138,
     "p2":139,
     "p3":140},
    {"p1":123,
     "p2":144,
     "p3":145},
    {"p1":0,
     "p2":117,
     "p3":118},
    {"p1":76,
     "p2":79,
     "p3":93},
    {"p1":74,
     "p2":75,
     "p3":76},
    {"p1":74,
     "p2":76,
     "p3":94},
    {"p1":76,
     "p2":93,
     "p3":94},
    {"p1":10,
     "p2":11,
     "p3":28},
    {"p1":10,
     "p2":28,
     "p3":33},
    {"p1":73,
     "p2":101,
     "p3":102},
    {"p1":99,
     "p2":100,
     "p3":101},
    {"p1":98,
     "p2":99,
     "p3":101},
    {"p1":64,
     "p2":65,
     "p3":66},
    {"p1":63,
     "p2":64,
     "p3":66},
    {"p1":127,
     "p2":128,
     "p3":129},
    {"p1":140,
     "p2":141,
     "p3":142},
    {"p1":123,
     "p2":125,
     "p3":126},
    {"p1":123,
     "p2":124,
     "p3":125},
    {"p1":0,
     "p2":118,
     "p3":121},
    {"p1":77,
     "p2":78,
     "p3":79},
    {"p1":76,
     "p2":77,
     "p3":79},
    {"p1":28,
     "p2":29,
     "p3":30},
    {"p1":28,
     "p2":30,
     "p3":31},
    {"p1":28,
     "p2":32,
     "p3":33},
    {"p1":28,
     "p2":31,
     "p3":32},
    {"p1":69,
     "p2":103,
     "p3":104},
    {"p1":69,
     "p2":73,
     "p3":102},
    {"p1":69,
     "p2":102,
     "p3":103},
    {"p1":69,
     "p2":104,
     "p3":105},
    {"p1":69,
     "p2":70,
     "p3":71},
    {"p1":69,
     "p2":105,
     "p3":106},
    {"p1":69,
     "p2":106,
     "p3":107},
    {"p1":69,
     "p2":72,
     "p3":73},
    {"p1":69,
     "p2":71,
     "p3":72},
    {"p1":51,
     "p2":52,
     "p3":53},
    {"p1":47,
     "p2":48,
     "p3":49},
    {"p1":130,
     "p2":131,
     "p3":132},
    {"p1":11,
     "p2":12,
     "p3":13},
    {"p1":0,
     "p2":122,
     "p3":145},
    {"p1":0,
     "p2":121,
     "p3":122},
    {"p1":122,
     "p2":123,
     "p3":145},
    {"p1":118,
     "p2":120,
     "p3":121},
    {"p1":49,
     "p2":55,
     "p3":56},
    {"p1":49,
     "p2":56,
     "p3":57},
    {"p1":46,
     "p2":47,
     "p3":49},
    {"p1":11,
     "p2":13,
     "p3":14},
    {"p1":118,
     "p2":119,
     "p3":120},
    {"p1":84,
     "p2":86,
     "p3":87},
    {"p1":84,
     "p2":85,
     "p3":86},
    {"p1":36,
     "p2":66,
     "p3":110},
    {"p1":7,
     "p2":36,
     "p3":110},
    {"p1":66,
     "p2":109,
     "p3":110},
    {"p1":66,
     "p2":67,
     "p3":109},
    {"p1":10,
     "p2":33,
     "p3":34},
    {"p1":9,
     "p2":10,
     "p3":34},
    {"p1":41,
     "p2":42,
     "p3":61},
    {"p1":61,
     "p2":62,
     "p3":66},
    {"p1":41,
     "p2":61,
     "p3":66},
    {"p1":19,
     "p2":20,
     "p3":22},
    {"p1":20,
     "p2":21,
     "p3":22},
    {"p1":7,
     "p2":8,
     "p3":36},
    {"p1":8,
     "p2":35,
     "p3":36},
    {"p1":8,
     "p2":34,
     "p3":35},
    {"p1":8,
     "p2":9,
     "p3":34},
    {"p1":42,
     "p2":43,
     "p3":61},
    {"p1":43,
     "p2":60,
     "p3":61},
    {"p1":130,
     "p2":136,
     "p3":138},
    {"p1":127,
     "p2":130,
     "p3":138},
    {"p1":130,
     "p2":132,
     "p3":135},
    {"p1":130,
     "p2":135,
     "p3":136},
    {"p1":127,
     "p2":129,
     "p3":130},
    {"p1":6,
     "p2":7,
     "p3":110},
    {"p1":6,
     "p2":110,
     "p3":111},
    {"p1":67,
     "p2":68,
     "p3":109},
    {"p1":68,
     "p2":108,
     "p3":109},
    {"p1":68,
     "p2":107,
     "p3":108},
    {"p1":68,
     "p2":69,
     "p3":107},
    {"p1":44,
     "p2":45,
     "p3":58},
    {"p1":44,
     "p2":58,
     "p3":59},
    {"p1":43,
     "p2":44,
     "p3":60},
    {"p1":44,
     "p2":59,
     "p3":60},
    {"p1":46,
     "p2":49,
     "p3":57},
    {"p1":46,
     "p2":57,
     "p3":58},
    {"p1":45,
     "p2":46,
     "p3":58},
    {"p1":18,
     "p2":19,
     "p3":22},
    {"p1":18,
     "p2":22,
     "p3":23},
    {"p1":15,
     "p2":16,
     "p3":26},
    {"p1":16,
     "p2":25,
     "p3":26},
    {"p1":18,
     "p2":23,
     "p3":24},
    {"p1":17,
     "p2":18,
     "p3":24},
    {"p1":16,
     "p2":24,
     "p3":25},
    {"p1":16,
     "p2":17,
     "p3":24},
    {"p1":14,
     "p2":26,
     "p3":27},
    {"p1":11,
     "p2":14,
     "p3":27},
    {"p1":14,
     "p2":15,
     "p3":26},
    {"p1":0,
     "p2":1,
     "p3":116},
    {"p1":0,
     "p2":116,
     "p3":117},
    {"p1":50,
     "p2":54,
     "p3":55},
    {"p1":49,
     "p2":50,
     "p3":55},
    {"p1":50,
     "p2":51,
     "p3":53},
    {"p1":50,
     "p2":53,
     "p3":54},
    {"p1":3,
     "p2":4,
     "p3":113},
    {"p1":3,
     "p2":113,
     "p3":114},
    {"p1":3,
     "p2":114,
     "p3":115},
    {"p1":2,
     "p2":3,
     "p3":115},
    {"p1":1,
     "p2":2,
     "p3":115},
    {"p1":1,
     "p2":115,
     "p3":116},
    {"p1":6,
     "p2":111,
     "p3":112},
    {"p1":5,
     "p2":6,
     "p3":112},
    {"p1":4,
     "p2":112,
     "p3":113},
    {"p1":4,
     "p2":5,
     "p3":112}]
}