{"points":[
    {"x":0.17588,
     "y":0.36683},
    {"x":0.17588,
     "y":0.39698},
    {"x":0.17588,
     "y":0.42714},
    {"x":0.17588,
     "y":0.45729},
    {"x":0.17588,
     "y":0.48744},
    {"x":0.17085,
     "y":0.51759},
    {"x":0.16583,
     "y":0.54774},
    {"x":0.1608,
     "y":0.57789},
    {"x":0.15075,
     "y":0.60804},
    {"x":0.14573,
     "y":0.63819},
    {"x":0.17085,
     "y":0.65829},
    {"x":0.20101,
     "y":0.67337},
    {"x":0.23116,
     "y":0.68342},
    {"x":0.26131,
     "y":0.69347},
    {"x":0.29146,
     "y":0.70352},
    {"x":0.32161,
     "y":0.70854},
    {"x":0.35176,
     "y":0.71357},
    {"x":0.38191,
     "y":0.71859},
    {"x":0.41206,
     "y":0.71859},
    {"x":0.44221,
     "y":0.72362},
    {"x":0.47236,
     "y":0.72362},
    {"x":0.50251,
     "y":0.72362},
    {"x":0.53266,
     "y":0.72362},
    {"x":0.56281,
     "y":0.72362},
    {"x":0.59296,
     "y":0.71859},
    {"x":0.62312,
     "y":0.71859},
    {"x":0.65327,
     "y":0.71357},
    {"x":0.68342,
     "y":0.70854},
    {"x":0.71357,
     "y":0.70854},
    {"x":0.74372,
     "y":0.70352},
    {"x":0.77387,
     "y":0.69849},
    {"x":0.80402,
     "y":0.68844},
    {"x":0.83417,
     "y":0.67839},
    {"x":0.84925,
     "y":0.64824},
    {"x":0.8392,
     "y":0.61809},
    {"x":0.83417,
     "y":0.58794},
    {"x":0.82915,
     "y":0.55779},
    {"x":0.82412,
     "y":0.52764},
    {"x":0.82412,
     "y":0.49749},
    {"x":0.8191,
     "y":0.46734},
    {"x":0.8191,
     "y":0.43719},
    {"x":0.8191,
     "y":0.40704},
    {"x":0.8191,
     "y":0.37688},
    {"x":0.82412,
     "y":0.34673},
    {"x":0.82412,
     "y":0.31658},
    {"x":0.82412,
     "y":0.28643},
    {"x":0.82915,
     "y":0.25628},
    {"x":0.83417,
     "y":0.22613},
    {"x":0.86432,
     "y":0.20603},
    {"x":0.89447,
     "y":0.18593},
    {"x":0.92462,
     "y":0.1608},
    {"x":0.95477,
     "y":0.13065},
    {"x":0.97487,
     "y":0.10553},
    {"x":0.99497,
     "y":0.075377},
    {"x":1,
     "y":0.045226},
    {"x":0.9799,
     "y":0.015075},
    {"x":0.95477,
     "y":0.01005},
    {"x":0.92462,
     "y":0.01005},
    {"x":0.89447,
     "y":0.01005},
    {"x":0.86432,
     "y":0.015075},
    {"x":0.83417,
     "y":0.020101},
    {"x":0.80402,
     "y":0.025126},
    {"x":0.77387,
     "y":0.035176},
    {"x":0.74372,
     "y":0.040201},
    {"x":0.71357,
     "y":0.045226},
    {"x":0.68342,
     "y":0.050251},
    {"x":0.65327,
     "y":0.055276},
    {"x":0.62312,
     "y":0.065327},
    {"x":0.59296,
     "y":0.070352},
    {"x":0.56281,
     "y":0.070352},
    {"x":0.53266,
     "y":0.075377},
    {"x":0.50251,
     "y":0.080402},
    {"x":0.47236,
     "y":0.080402},
    {"x":0.44221,
     "y":0.075377},
    {"x":0.41206,
     "y":0.075377},
    {"x":0.38191,
     "y":0.070352},
    {"x":0.35176,
     "y":0.065327},
    {"x":0.32161,
     "y":0.060302},
    {"x":0.29146,
     "y":0.055276},
    {"x":0.26131,
     "y":0.045226},
    {"x":0.23116,
     "y":0.040201},
    {"x":0.20101,
     "y":0.030151},
    {"x":0.17085,
     "y":0.020101},
    {"x":0.1407,
     "y":0.015075},
    {"x":0.11055,
     "y":0.01005},
    {"x":0.080402,
     "y":0.0050251},
    {"x":0.050251,
     "y":0},
    {"x":0.020101,
     "y":0.0050251},
    {"x":0,
     "y":0.025126},
    {"x":0,
     "y":0.055276},
    {"x":0.01005,
     "y":0.085427},
    {"x":0.030151,
     "y":0.11558},
    {"x":0.045226,
     "y":0.1407},
    {"x":0.075377,
     "y":0.17085},
    {"x":0.10553,
     "y":0.19598},
    {"x":0.13568,
     "y":0.21608},
    {"x":0.16583,
     "y":0.23618},
    {"x":0.17085,
     "y":0.26633},
    {"x":0.17588,
     "y":0.29648},
    {"x":0.17588,
     "y":0.32663},
    {"x":0.17588,
     "y":0.35678},
    {"x":0.17588,
     "y":0.36683}],
 "triangles":[
    {"p1":54,
     "p2":55,
     "p3":56},
    {"p1":82,
     "p2":93,
     "p3":94},
    {"p1":86,
     "p2":89,
     "p3":90},
    {"p1":41,
     "p2":42,
     "p3":71},
    {"p1":52,
     "p2":56,
     "p3":57},
    {"p1":30,
     "p2":31,
     "p3":34},
    {"p1":87,
     "p2":88,
     "p3":89},
    {"p1":86,
     "p2":87,
     "p3":89},
    {"p1":81,
     "p2":82,
     "p3":94},
    {"p1":79,
     "p2":80,
     "p3":96},
    {"p1":8,
     "p2":10,
     "p3":11},
    {"p1":7,
     "p2":8,
     "p3":11},
    {"p1":8,
     "p2":9,
     "p3":10},
    {"p1":47,
     "p2":64,
     "p3":65},
    {"p1":47,
     "p2":65,
     "p3":66},
    {"p1":53,
     "p2":54,
     "p3":56},
    {"p1":52,
     "p2":53,
     "p3":56},
    {"p1":30,
     "p2":34,
     "p3":35},
    {"p1":27,
     "p2":36,
     "p3":37},
    {"p1":51,
     "p2":52,
     "p3":57},
    {"p1":51,
     "p2":57,
     "p3":58},
    {"p1":84,
     "p2":91,
     "p3":92},
    {"p1":47,
     "p2":48,
     "p3":62},
    {"p1":48,
     "p2":61,
     "p3":62},
    {"p1":1,
     "p2":71,
     "p3":72},
    {"p1":80,
     "p2":95,
     "p3":96},
    {"p1":81,
     "p2":94,
     "p3":95},
    {"p1":80,
     "p2":81,
     "p3":95},
    {"p1":74,
     "p2":75,
     "p3":98},
    {"p1":24,
     "p2":39,
     "p3":40},
    {"p1":22,
     "p2":24,
     "p3":40},
    {"p1":4,
     "p2":15,
     "p3":16},
    {"p1":2,
     "p2":3,
     "p3":18},
    {"p1":3,
     "p2":4,
     "p3":18},
    {"p1":4,
     "p2":16,
     "p3":18},
    {"p1":16,
     "p2":17,
     "p3":18},
    {"p1":5,
     "p2":13,
     "p3":14},
    {"p1":5,
     "p2":14,
     "p3":15},
    {"p1":4,
     "p2":5,
     "p3":15},
    {"p1":7,
     "p2":11,
     "p3":12},
    {"p1":72,
     "p2":73,
     "p3":74},
    {"p1":78,
     "p2":79,
     "p3":96},
    {"p1":44,
     "p2":45,
     "p3":68},
    {"p1":29,
     "p2":30,
     "p3":35},
    {"p1":29,
     "p2":35,
     "p3":36},
    {"p1":37,
     "p2":38,
     "p3":39},
    {"p1":85,
     "p2":86,
     "p3":90},
    {"p1":85,
     "p2":90,
     "p3":91},
    {"p1":84,
     "p2":85,
     "p3":91},
    {"p1":47,
     "p2":63,
     "p3":64},
    {"p1":47,
     "p2":62,
     "p3":63},
    {"p1":50,
     "p2":59,
     "p3":60},
    {"p1":50,
     "p2":51,
     "p3":59},
    {"p1":51,
     "p2":58,
     "p3":59},
    {"p1":48,
     "p2":49,
     "p3":61},
    {"p1":49,
     "p2":60,
     "p3":61},
    {"p1":49,
     "p2":50,
     "p3":60},
    {"p1":22,
     "p2":23,
     "p3":24},
    {"p1":75,
     "p2":97,
     "p3":98},
    {"p1":75,
     "p2":76,
     "p3":97},
    {"p1":76,
     "p2":96,
     "p3":97},
    {"p1":72,
     "p2":74,
     "p3":99},
    {"p1":74,
     "p2":98,
     "p3":99},
    {"p1":72,
     "p2":99,
     "p3":100},
    {"p1":2,
     "p2":18,
     "p3":20},
    {"p1":18,
     "p2":19,
     "p3":20},
    {"p1":5,
     "p2":6,
     "p3":13},
    {"p1":6,
     "p2":12,
     "p3":13},
    {"p1":6,
     "p2":7,
     "p3":12},
    {"p1":76,
     "p2":77,
     "p3":96},
    {"p1":77,
     "p2":78,
     "p3":96},
    {"p1":42,
     "p2":43,
     "p3":44},
    {"p1":68,
     "p2":69,
     "p3":70},
    {"p1":44,
     "p2":68,
     "p3":70},
    {"p1":42,
     "p2":70,
     "p3":71},
    {"p1":42,
     "p2":44,
     "p3":70},
    {"p1":47,
     "p2":66,
     "p3":67},
    {"p1":46,
     "p2":47,
     "p3":67},
    {"p1":45,
     "p2":67,
     "p3":68},
    {"p1":45,
     "p2":46,
     "p3":67},
    {"p1":26,
     "p2":37,
     "p3":39},
    {"p1":26,
     "p2":27,
     "p3":37},
    {"p1":24,
     "p2":26,
     "p3":39},
    {"p1":24,
     "p2":25,
     "p3":26},
    {"p1":82,
     "p2":83,
     "p3":93},
    {"p1":83,
     "p2":92,
     "p3":93},
    {"p1":83,
     "p2":84,
     "p3":92},
    {"p1":27,
     "p2":28,
     "p3":36},
    {"p1":28,
     "p2":29,
     "p3":36},
    {"p1":0,
     "p2":1,
     "p3":72},
    {"p1":0,
     "p2":72,
     "p3":100},
    {"p1":1,
     "p2":21,
     "p3":71},
    {"p1":21,
     "p2":41,
     "p3":71},
    {"p1":31,
     "p2":32,
     "p3":34},
    {"p1":32,
     "p2":33,
     "p3":34},
    {"p1":21,
     "p2":40,
     "p3":41},
    {"p1":21,
     "p2":22,
     "p3":40},
    {"p1":1,
     "p2":20,
     "p3":21},
    {"p1":1,
     "p2":2,
     "p3":20}]
}