{"points":[
    {"x":0.14008,
     "y":0.24125},
    {"x":0.16342,
     "y":0.24514},
    {"x":0.18677,
     "y":0.24903},
    {"x":0.21012,
     "y":0.25292},
    {"x":0.22179,
     "y":0.26848},
    {"x":0.22568,
     "y":0.29183},
    {"x":0.22568,
     "y":0.31518},
    {"x":0.22957,
     "y":0.33852},
    {"x":0.23346,
     "y":0.36187},
    {"x":0.24125,
     "y":0.38521},
    {"x":0.26459,
     "y":0.40467},
    {"x":0.28794,
     "y":0.42023},
    {"x":0.31128,
     "y":0.43191},
    {"x":0.33463,
     "y":0.43969},
    {"x":0.35798,
     "y":0.44747},
    {"x":0.38132,
     "y":0.45525},
    {"x":0.40467,
     "y":0.46304},
    {"x":0.42802,
     "y":0.46693},
    {"x":0.45136,
     "y":0.47082},
    {"x":0.47471,
     "y":0.47471},
    {"x":0.49805,
     "y":0.4786},
    {"x":0.5214,
     "y":0.4786},
    {"x":0.54475,
     "y":0.4786},
    {"x":0.56809,
     "y":0.4786},
    {"x":0.59144,
     "y":0.47082},
    {"x":0.61479,
     "y":0.46693},
    {"x":0.63813,
     "y":0.46304},
    {"x":0.66148,
     "y":0.45525},
    {"x":0.68482,
     "y":0.44747},
    {"x":0.70817,
     "y":0.44358},
    {"x":0.73152,
     "y":0.43969},
    {"x":0.75486,
     "y":0.43191},
    {"x":0.77821,
     "y":0.42412},
    {"x":0.79377,
     "y":0.40856},
    {"x":0.79767,
     "y":0.38521},
    {"x":0.80156,
     "y":0.36187},
    {"x":0.80156,
     "y":0.33852},
    {"x":0.80545,
     "y":0.31518},
    {"x":0.80545,
     "y":0.29183},
    {"x":0.80934,
     "y":0.26848},
    {"x":0.80934,
     "y":0.24514},
    {"x":0.81323,
     "y":0.22179},
    {"x":0.81323,
     "y":0.19844},
    {"x":0.81323,
     "y":0.1751},
    {"x":0.81323,
     "y":0.15175},
    {"x":0.82879,
     "y":0.13619},
    {"x":0.85214,
     "y":0.13619},
    {"x":0.87549,
     "y":0.1284},
    {"x":0.89883,
     "y":0.12451},
    {"x":0.92218,
     "y":0.11673},
    {"x":0.94553,
     "y":0.10895},
    {"x":0.96887,
     "y":0.097276},
    {"x":0.98833,
     "y":0.081712},
    {"x":1,
     "y":0.058366},
    {"x":0.99611,
     "y":0.035019},
    {"x":0.97665,
     "y":0.015564},
    {"x":0.95331,
     "y":0.0038911},
    {"x":0.92996,
     "y":0},
    {"x":0.90661,
     "y":0},
    {"x":0.88327,
     "y":0},
    {"x":0.85992,
     "y":0},
    {"x":0.83658,
     "y":0.0038911},
    {"x":0.81323,
     "y":0.0077821},
    {"x":0.78988,
     "y":0.0077821},
    {"x":0.76654,
     "y":0.011673},
    {"x":0.74319,
     "y":0.011673},
    {"x":0.71984,
     "y":0.015564},
    {"x":0.6965,
     "y":0.019455},
    {"x":0.67315,
     "y":0.019455},
    {"x":0.64981,
     "y":0.019455},
    {"x":0.62646,
     "y":0.023346},
    {"x":0.60311,
     "y":0.019455},
    {"x":0.57977,
     "y":0.019455},
    {"x":0.55642,
     "y":0.019455},
    {"x":0.53307,
     "y":0.019455},
    {"x":0.50973,
     "y":0.019455},
    {"x":0.48638,
     "y":0.019455},
    {"x":0.46304,
     "y":0.015564},
    {"x":0.43969,
     "y":0.015564},
    {"x":0.41634,
     "y":0.011673},
    {"x":0.393,
     "y":0.0077821},
    {"x":0.36965,
     "y":0.0077821},
    {"x":0.3463,
     "y":0.0077821},
    {"x":0.32296,
     "y":0.0038911},
    {"x":0.29961,
     "y":0.0038911},
    {"x":0.27626,
     "y":0.0038911},
    {"x":0.25292,
     "y":0.0038911},
    {"x":0.22957,
     "y":0},
    {"x":0.20623,
     "y":0},
    {"x":0.18288,
     "y":0},
    {"x":0.15953,
     "y":0.0038911},
    {"x":0.13619,
     "y":0.0077821},
    {"x":0.11284,
     "y":0.011673},
    {"x":0.089494,
     "y":0.015564},
    {"x":0.066148,
     "y":0.023346},
    {"x":0.042802,
     "y":0.038911},
    {"x":0.023346,
     "y":0.058366},
    {"x":0.0077821,
     "y":0.081712},
    {"x":0.0038911,
     "y":0.10506},
    {"x":0,
     "y":0.1284},
    {"x":0.0038911,
     "y":0.15175},
    {"x":0.015564,
     "y":0.1751},
    {"x":0.038911,
     "y":0.19844},
    {"x":0.062257,
     "y":0.21401},
    {"x":0.085603,
     "y":0.22179},
    {"x":0.10895,
     "y":0.22957},
    {"x":0.1323,
     "y":0.23735},
    {"x":0.14008,
     "y":0.24125}],
 "triangles":[
    {"p1":98,
     "p2":99,
     "p3":100},
    {"p1":98,
     "p2":100,
     "p3":101},
    {"p1":32,
     "p2":33,
     "p3":34},
    {"p1":95,
     "p2":96,
     "p3":98},
    {"p1":96,
     "p2":97,
     "p3":98},
    {"p1":93,
     "p2":94,
     "p3":95},
    {"p1":22,
     "p2":23,
     "p3":24},
    {"p1":21,
     "p2":22,
     "p3":24},
    {"p1":51,
     "p2":52,
     "p3":55},
    {"p1":52,
     "p2":53,
     "p3":54},
    {"p1":52,
     "p2":54,
     "p3":55},
    {"p1":31,
     "p2":32,
     "p3":34},
    {"p1":31,
     "p2":34,
     "p3":35},
    {"p1":49,
     "p2":58,
     "p3":59},
    {"p1":19,
     "p2":20,
     "p3":21},
    {"p1":15,
     "p2":17,
     "p3":76},
    {"p1":17,
     "p2":18,
     "p3":76},
    {"p1":51,
     "p2":55,
     "p3":56},
    {"p1":76,
     "p2":77,
     "p3":78},
    {"p1":4,
     "p2":15,
     "p3":78},
    {"p1":15,
     "p2":76,
     "p3":78},
    {"p1":92,
     "p2":93,
     "p3":104},
    {"p1":93,
     "p2":95,
     "p3":104},
    {"p1":4,
     "p2":5,
     "p3":15},
    {"p1":4,
     "p2":81,
     "p3":82},
    {"p1":3,
     "p2":4,
     "p3":82},
    {"p1":3,
     "p2":85,
     "p3":86},
    {"p1":25,
     "p2":26,
     "p3":27},
    {"p1":30,
     "p2":31,
     "p3":35},
    {"p1":50,
     "p2":57,
     "p3":58},
    {"p1":49,
     "p2":50,
     "p3":58},
    {"p1":50,
     "p2":56,
     "p3":57},
    {"p1":50,
     "p2":51,
     "p3":56},
    {"p1":15,
     "p2":16,
     "p3":17},
    {"p1":47,
     "p2":59,
     "p3":60},
    {"p1":4,
     "p2":79,
     "p3":81},
    {"p1":4,
     "p2":78,
     "p3":79},
    {"p1":95,
     "p2":98,
     "p3":102},
    {"p1":95,
     "p2":102,
     "p3":104},
    {"p1":98,
     "p2":101,
     "p3":102},
    {"p1":3,
     "p2":84,
     "p3":85},
    {"p1":3,
     "p2":82,
     "p3":84},
    {"p1":2,
     "p2":87,
     "p3":88},
    {"p1":2,
     "p2":3,
     "p3":87},
    {"p1":3,
     "p2":86,
     "p3":87},
    {"p1":48,
     "p2":49,
     "p3":59},
    {"p1":47,
     "p2":48,
     "p3":59},
    {"p1":47,
     "p2":60,
     "p3":61},
    {"p1":46,
     "p2":47,
     "p3":61},
    {"p1":45,
     "p2":61,
     "p3":62},
    {"p1":45,
     "p2":46,
     "p3":61},
    {"p1":79,
     "p2":80,
     "p3":81},
    {"p1":8,
     "p2":9,
     "p3":10},
    {"p1":1,
     "p2":89,
     "p3":90},
    {"p1":1,
     "p2":88,
     "p3":89},
    {"p1":1,
     "p2":2,
     "p3":88},
    {"p1":102,
     "p2":103,
     "p3":104},
    {"p1":5,
     "p2":14,
     "p3":15},
    {"p1":5,
     "p2":13,
     "p3":14},
    {"p1":5,
     "p2":12,
     "p3":13},
    {"p1":82,
     "p2":83,
     "p3":84},
    {"p1":29,
     "p2":30,
     "p3":36},
    {"p1":30,
     "p2":35,
     "p3":36},
    {"p1":28,
     "p2":29,
     "p3":36},
    {"p1":91,
     "p2":92,
     "p3":105},
    {"p1":92,
     "p2":104,
     "p3":105},
    {"p1":5,
     "p2":6,
     "p3":12},
    {"p1":27,
     "p2":28,
     "p3":38},
    {"p1":36,
     "p2":37,
     "p3":38},
    {"p1":28,
     "p2":36,
     "p3":38},
    {"p1":44,
     "p2":45,
     "p3":64},
    {"p1":42,
     "p2":43,
     "p3":70},
    {"p1":38,
     "p2":39,
     "p3":40},
    {"p1":40,
     "p2":41,
     "p3":42},
    {"p1":40,
     "p2":42,
     "p3":70},
    {"p1":27,
     "p2":40,
     "p3":70},
    {"p1":27,
     "p2":38,
     "p3":40},
    {"p1":25,
     "p2":27,
     "p3":72},
    {"p1":27,
     "p2":70,
     "p3":72},
    {"p1":91,
     "p2":105,
     "p3":106},
    {"p1":90,
     "p2":91,
     "p3":106},
    {"p1":1,
     "p2":90,
     "p3":106},
    {"p1":0,
     "p2":1,
     "p3":106},
    {"p1":7,
     "p2":8,
     "p3":10},
    {"p1":7,
     "p2":10,
     "p3":11},
    {"p1":7,
     "p2":11,
     "p3":12},
    {"p1":6,
     "p2":7,
     "p3":12},
    {"p1":45,
     "p2":62,
     "p3":63},
    {"p1":45,
     "p2":63,
     "p3":64},
    {"p1":44,
     "p2":66,
     "p3":67},
    {"p1":44,
     "p2":65,
     "p3":66},
    {"p1":44,
     "p2":64,
     "p3":65},
    {"p1":24,
     "p2":25,
     "p3":73},
    {"p1":25,
     "p2":72,
     "p3":73},
    {"p1":70,
     "p2":71,
     "p3":72},
    {"p1":44,
     "p2":67,
     "p3":68},
    {"p1":43,
     "p2":44,
     "p3":68},
    {"p1":43,
     "p2":68,
     "p3":70},
    {"p1":68,
     "p2":69,
     "p3":70},
    {"p1":21,
     "p2":24,
     "p3":74},
    {"p1":24,
     "p2":73,
     "p3":74},
    {"p1":18,
     "p2":19,
     "p3":75},
    {"p1":18,
     "p2":75,
     "p3":76},
    {"p1":19,
     "p2":21,
     "p3":75},
    {"p1":21,
     "p2":74,
     "p3":75}]
}