{"points":[
    {"x":0.15789,
     "y":0.51822},
    {"x":0.15789,
     "y":0.55061},
    {"x":0.15789,
     "y":0.583},
    {"x":0.15385,
     "y":0.61538},
    {"x":0.15385,
     "y":0.64777},
    {"x":0.1498,
     "y":0.68016},
    {"x":0.14575,
     "y":0.71255},
    {"x":0.14575,
     "y":0.74494},
    {"x":0.1417,
     "y":0.77733},
    {"x":0.1336,
     "y":0.80972},
    {"x":0.12551,
     "y":0.84211},
    {"x":0.12146,
     "y":0.87449},
    {"x":0.11336,
     "y":0.90688},
    {"x":0.10931,
     "y":0.93522},
    {"x":0.1417,
     "y":0.94737},
    {"x":0.17409,
     "y":0.95951},
    {"x":0.20648,
     "y":0.96761},
    {"x":0.23887,
     "y":0.97571},
    {"x":0.27126,
     "y":0.97976},
    {"x":0.30364,
     "y":0.98381},
    {"x":0.33603,
     "y":0.98785},
    {"x":0.36842,
     "y":0.98785},
    {"x":0.40081,
     "y":0.9919},
    {"x":0.4332,
     "y":0.9919},
    {"x":0.46559,
     "y":0.99595},
    {"x":0.49798,
     "y":1},
    {"x":0.53036,
     "y":1},
    {"x":0.56275,
     "y":1},
    {"x":0.59514,
     "y":0.99595},
    {"x":0.62753,
     "y":0.99595},
    {"x":0.65992,
     "y":0.9919},
    {"x":0.69231,
     "y":0.9919},
    {"x":0.7247,
     "y":0.98785},
    {"x":0.75709,
     "y":0.97976},
    {"x":0.78947,
     "y":0.97166},
    {"x":0.82186,
     "y":0.96356},
    {"x":0.84615,
     "y":0.94737},
    {"x":0.83806,
     "y":0.91498},
    {"x":0.82996,
     "y":0.88259},
    {"x":0.82186,
     "y":0.8502},
    {"x":0.82186,
     "y":0.81781},
    {"x":0.81781,
     "y":0.78543},
    {"x":0.80972,
     "y":0.75304},
    {"x":0.80972,
     "y":0.72065},
    {"x":0.80972,
     "y":0.68826},
    {"x":0.80972,
     "y":0.65587},
    {"x":0.81377,
     "y":0.62348},
    {"x":0.81377,
     "y":0.59109},
    {"x":0.80972,
     "y":0.5587},
    {"x":0.80972,
     "y":0.52632},
    {"x":0.80972,
     "y":0.49393},
    {"x":0.81377,
     "y":0.46154},
    {"x":0.81377,
     "y":0.42915},
    {"x":0.84615,
     "y":0.42105},
    {"x":0.87854,
     "y":0.417},
    {"x":0.91093,
     "y":0.40081},
    {"x":0.94332,
     "y":0.38057},
    {"x":0.97166,
     "y":0.35628},
    {"x":0.97976,
     "y":0.32389},
    {"x":0.98381,
     "y":0.2915},
    {"x":0.97976,
     "y":0.25911},
    {"x":0.97166,
     "y":0.22672},
    {"x":0.95951,
     "y":0.19433},
    {"x":0.93927,
     "y":0.16194},
    {"x":0.90688,
     "y":0.12955},
    {"x":0.87449,
     "y":0.10931},
    {"x":0.84211,
     "y":0.089069},
    {"x":0.80972,
     "y":0.068826},
    {"x":0.77733,
     "y":0.048583},
    {"x":0.74494,
     "y":0.036437},
    {"x":0.71255,
     "y":0.02834},
    {"x":0.68016,
     "y":0.020243},
    {"x":0.64777,
     "y":0.012146},
    {"x":0.61538,
     "y":0.0080972},
    {"x":0.583,
     "y":0.0040486},
    {"x":0.55061,
     "y":0},
    {"x":0.51822,
     "y":0},
    {"x":0.48583,
     "y":0},
    {"x":0.45344,
     "y":0},
    {"x":0.42105,
     "y":0},
    {"x":0.38866,
     "y":0},
    {"x":0.35628,
     "y":0},
    {"x":0.32389,
     "y":0.0080972},
    {"x":0.2915,
     "y":0.012146},
    {"x":0.25911,
     "y":0.016194},
    {"x":0.22672,
     "y":0.02834},
    {"x":0.19433,
     "y":0.048583},
    {"x":0.16194,
     "y":0.060729},
    {"x":0.12955,
     "y":0.080972},
    {"x":0.097166,
     "y":0.10526},
    {"x":0.064777,
     "y":0.1336},
    {"x":0.036437,
     "y":0.16599},
    {"x":0.012146,
     "y":0.19838},
    {"x":0,
     "y":0.23077},
    {"x":0,
     "y":0.26316},
    {"x":0,
     "y":0.29555},
    {"x":0.016194,
     "y":0.32794},
    {"x":0.036437,
     "y":0.36032},
    {"x":0.068826,
     "y":0.38462},
    {"x":0.10121,
     "y":0.40081},
    {"x":0.1336,
     "y":0.41296},
    {"x":0.16194,
     "y":0.42915},
    {"x":0.16194,
     "y":0.46154},
    {"x":0.15789,
     "y":0.49393},
    {"x":0.15789,
     "y":0.51822}],
 "triangles":[
    {"p1":94,
     "p2":95,
     "p3":96},
    {"p1":96,
     "p2":97,
     "p3":98},
    {"p1":86,
     "p2":88,
     "p3":101},
    {"p1":9,
     "p2":10,
     "p3":16},
    {"p1":24,
     "p2":25,
     "p3":26},
    {"p1":88,
     "p2":100,
     "p3":101},
    {"p1":67,
     "p2":68,
     "p3":69},
    {"p1":21,
     "p2":22,
     "p3":23},
    {"p1":4,
     "p2":5,
     "p3":23},
    {"p1":5,
     "p2":21,
     "p3":23},
    {"p1":8,
     "p2":18,
     "p3":19},
    {"p1":8,
     "p2":9,
     "p3":18},
    {"p1":7,
     "p2":8,
     "p3":19},
    {"p1":5,
     "p2":6,
     "p3":7},
    {"p1":5,
     "p2":7,
     "p3":21},
    {"p1":50,
     "p2":101,
     "p3":102},
    {"p1":4,
     "p2":23,
     "p3":45},
    {"p1":91,
     "p2":94,
     "p3":96},
    {"p1":91,
     "p2":96,
     "p3":98},
    {"p1":86,
     "p2":87,
     "p3":88},
    {"p1":82,
     "p2":83,
     "p3":101},
    {"p1":83,
     "p2":86,
     "p3":101},
    {"p1":9,
     "p2":16,
     "p3":17},
    {"p1":9,
     "p2":17,
     "p3":18},
    {"p1":7,
     "p2":19,
     "p3":20},
    {"p1":7,
     "p2":20,
     "p3":21},
    {"p1":10,
     "p2":11,
     "p3":16},
    {"p1":1,
     "p2":2,
     "p3":48},
    {"p1":2,
     "p2":45,
     "p3":48},
    {"p1":2,
     "p2":3,
     "p3":4},
    {"p1":2,
     "p2":4,
     "p3":45},
    {"p1":31,
     "p2":32,
     "p3":39},
    {"p1":32,
     "p2":33,
     "p3":39},
    {"p1":52,
     "p2":77,
     "p3":101},
    {"p1":50,
     "p2":52,
     "p3":101},
    {"p1":52,
     "p2":72,
     "p3":73},
    {"p1":52,
     "p2":71,
     "p3":72},
    {"p1":52,
     "p2":67,
     "p3":69},
    {"p1":23,
     "p2":24,
     "p3":44},
    {"p1":23,
     "p2":44,
     "p3":45},
    {"p1":91,
     "p2":98,
     "p3":99},
    {"p1":92,
     "p2":93,
     "p3":94},
    {"p1":91,
     "p2":92,
     "p3":94},
    {"p1":88,
     "p2":89,
     "p3":100},
    {"p1":77,
     "p2":78,
     "p3":101},
    {"p1":78,
     "p2":79,
     "p3":101},
    {"p1":80,
     "p2":81,
     "p3":82},
    {"p1":80,
     "p2":82,
     "p3":101},
    {"p1":79,
     "p2":80,
     "p3":101},
    {"p1":83,
     "p2":85,
     "p3":86},
    {"p1":83,
     "p2":84,
     "p3":85},
    {"p1":11,
     "p2":15,
     "p3":16},
    {"p1":0,
     "p2":102,
     "p3":103},
    {"p1":30,
     "p2":31,
     "p3":39},
    {"p1":30,
     "p2":39,
     "p3":40},
    {"p1":33,
     "p2":34,
     "p3":38},
    {"p1":33,
     "p2":38,
     "p3":39},
    {"p1":52,
     "p2":73,
     "p3":74},
    {"p1":52,
     "p2":70,
     "p3":71},
    {"p1":52,
     "p2":69,
     "p3":70},
    {"p1":52,
     "p2":66,
     "p3":67},
    {"p1":52,
     "p2":65,
     "p3":66},
    {"p1":53,
     "p2":64,
     "p3":65},
    {"p1":52,
     "p2":53,
     "p3":65},
    {"p1":53,
     "p2":63,
     "p3":64},
    {"p1":53,
     "p2":62,
     "p3":63},
    {"p1":53,
     "p2":61,
     "p3":62},
    {"p1":24,
     "p2":26,
     "p3":43},
    {"p1":24,
     "p2":43,
     "p3":44},
    {"p1":89,
     "p2":90,
     "p3":100},
    {"p1":90,
     "p2":99,
     "p3":100},
    {"p1":90,
     "p2":91,
     "p3":99},
    {"p1":11,
     "p2":12,
     "p3":14},
    {"p1":11,
     "p2":14,
     "p3":15},
    {"p1":12,
     "p2":13,
     "p3":14},
    {"p1":49,
     "p2":50,
     "p3":102},
    {"p1":0,
     "p2":49,
     "p3":102},
    {"p1":1,
     "p2":48,
     "p3":49},
    {"p1":0,
     "p2":1,
     "p3":49},
    {"p1":34,
     "p2":35,
     "p3":37},
    {"p1":34,
     "p2":37,
     "p3":38},
    {"p1":35,
     "p2":36,
     "p3":37},
    {"p1":52,
     "p2":76,
     "p3":77},
    {"p1":52,
     "p2":74,
     "p3":76},
    {"p1":55,
     "p2":60,
     "p3":61},
    {"p1":53,
     "p2":55,
     "p3":61},
    {"p1":55,
     "p2":59,
     "p3":60},
    {"p1":50,
     "p2":51,
     "p3":52},
    {"p1":26,
     "p2":27,
     "p3":28},
    {"p1":26,
     "p2":28,
     "p3":43},
    {"p1":30,
     "p2":40,
     "p3":41},
    {"p1":74,
     "p2":75,
     "p3":76},
    {"p1":56,
     "p2":58,
     "p3":59},
    {"p1":55,
     "p2":56,
     "p3":59},
    {"p1":53,
     "p2":54,
     "p3":55},
    {"p1":28,
     "p2":42,
     "p3":43},
    {"p1":28,
     "p2":29,
     "p3":42},
    {"p1":29,
     "p2":30,
     "p3":42},
    {"p1":30,
     "p2":41,
     "p3":42},
    {"p1":56,
     "p2":57,
     "p3":58},
    {"p1":45,
     "p2":46,
     "p3":47},
    {"p1":45,
     "p2":47,
     "p3":48}]
}