{"points":[
    {"x":0.021212,
     "y":0.5},
    {"x":0.0090909,
     "y":0.52424},
    {"x":0.0090909,
     "y":0.54848},
    {"x":0.0090909,
     "y":0.57273},
    {"x":0.0060606,
     "y":0.59697},
    {"x":0.0060606,
     "y":0.62121},
    {"x":0.0060606,
     "y":0.64545},
    {"x":0.0060606,
     "y":0.6697},
    {"x":0.0060606,
     "y":0.69394},
    {"x":0.0060606,
     "y":0.71818},
    {"x":0.0060606,
     "y":0.74242},
    {"x":0.0030303,
     "y":0.76667},
    {"x":0.0030303,
     "y":0.79091},
    {"x":0.0030303,
     "y":0.81515},
    {"x":0.0030303,
     "y":0.83939},
    {"x":0.0030303,
     "y":0.86364},
    {"x":0.0030303,
     "y":0.88788},
    {"x":0.0030303,
     "y":0.91212},
    {"x":0.0030303,
     "y":0.93636},
    {"x":0,
     "y":0.96061},
    {"x":0,
     "y":0.98485},
    {"x":0.012121,
     "y":1},
    {"x":0.036364,
     "y":0.99697},
    {"x":0.060606,
     "y":0.99697},
    {"x":0.084848,
     "y":0.99394},
    {"x":0.10909,
     "y":0.99091},
    {"x":0.13333,
     "y":0.98788},
    {"x":0.15758,
     "y":0.98182},
    {"x":0.18182,
     "y":0.97576},
    {"x":0.20606,
     "y":0.9697},
    {"x":0.2303,
     "y":0.96061},
    {"x":0.25455,
     "y":0.95455},
    {"x":0.27879,
     "y":0.94242},
    {"x":0.30303,
     "y":0.9303},
    {"x":0.32727,
     "y":0.91818},
    {"x":0.35152,
     "y":0.90303},
    {"x":0.37576,
     "y":0.88788},
    {"x":0.4,
     "y":0.8697},
    {"x":0.42424,
     "y":0.85152},
    {"x":0.44848,
     "y":0.8303},
    {"x":0.4697,
     "y":0.80606},
    {"x":0.49091,
     "y":0.78182},
    {"x":0.50909,
     "y":0.75758},
    {"x":0.52121,
     "y":0.73333},
    {"x":0.53636,
     "y":0.70909},
    {"x":0.54848,
     "y":0.68485},
    {"x":0.55758,
     "y":0.66061},
    {"x":0.56667,
     "y":0.63636},
    {"x":0.57273,
     "y":0.61212},
    {"x":0.57879,
     "y":0.58788},
    {"x":0.58182,
     "y":0.56364},
    {"x":0.58485,
     "y":0.53939},
    {"x":0.58485,
     "y":0.51515},
    {"x":0.58182,
     "y":0.49091},
    {"x":0.58182,
     "y":0.46667},
    {"x":0.57879,
     "y":0.44242},
    {"x":0.57576,
     "y":0.41818},
    {"x":0.5697,
     "y":0.39394},
    {"x":0.56667,
     "y":0.3697},
    {"x":0.55758,
     "y":0.34545},
    {"x":0.54848,
     "y":0.32121},
    {"x":0.53939,
     "y":0.29697},
    {"x":0.52727,
     "y":0.27273},
    {"x":0.51515,
     "y":0.24848},
    {"x":0.5,
     "y":0.22424},
    {"x":0.48182,
     "y":0.2},
    {"x":0.46364,
     "y":0.17879},
    {"x":0.44242,
     "y":0.15455},
    {"x":0.41818,
     "y":0.13333},
    {"x":0.39394,
     "y":0.11212},
    {"x":0.3697,
     "y":0.09697},
    {"x":0.34545,
     "y":0.081818},
    {"x":0.32121,
     "y":0.069697},
    {"x":0.29697,
     "y":0.057576},
    {"x":0.27273,
     "y":0.048485},
    {"x":0.24848,
     "y":0.039394},
    {"x":0.22424,
     "y":0.030303},
    {"x":0.2,
     "y":0.024242},
    {"x":0.17576,
     "y":0.018182},
    {"x":0.15152,
     "y":0.012121},
    {"x":0.12727,
     "y":0.0090909},
    {"x":0.10303,
     "y":0.0060606},
    {"x":0.078788,
     "y":0.0030303},
    {"x":0.054545,
     "y":0.0030303},
    {"x":0.030303,
     "y":0},
    {"x":0.018182,
     "y":0.012121},
    {"x":0.015152,
     "y":0.036364},
    {"x":0.015152,
     "y":0.060606},
    {"x":0.015152,
     "y":0.084848},
    {"x":0.015152,
     "y":0.10909},
    {"x":0.015152,
     "y":0.13333},
    {"x":0.015152,
     "y":0.15758},
    {"x":0.015152,
     "y":0.18182},
    {"x":0.015152,
     "y":0.20606},
    {"x":0.012121,
     "y":0.2303},
    {"x":0.030303,
     "y":0.24545},
    {"x":0.054545,
     "y":0.25455},
    {"x":0.078788,
     "y":0.26667},
    {"x":0.10303,
     "y":0.27576},
    {"x":0.12727,
     "y":0.28485},
    {"x":0.12121,
     "y":0.30909},
    {"x":0.10909,
     "y":0.33333},
    {"x":0.093939,
     "y":0.35758},
    {"x":0.081818,
     "y":0.38182},
    {"x":0.069697,
     "y":0.40606},
    {"x":0.057576,
     "y":0.4303},
    {"x":0.045455,
     "y":0.45455},
    {"x":0.033333,
     "y":0.47879},
    {"x":0.021212,
     "y":0.5}],
 "triangles":[
    {"p1":68,
     "p2":69,
     "p3":99},
    {"p1":19,
     "p2":20,
     "p3":22},
    {"p1":20,
     "p2":21,
     "p3":22},
    {"p1":67,
     "p2":68,
     "p3":99},
    {"p1":63,
     "p2":99,
     "p3":100},
    {"p1":17,
     "p2":24,
     "p3":25},
    {"p1":10,
     "p2":33,
     "p3":34},
    {"p1":62,
     "p2":63,
     "p3":100},
    {"p1":18,
     "p2":23,
     "p3":24},
    {"p1":17,
     "p2":18,
     "p3":24},
    {"p1":18,
     "p2":19,
     "p3":22},
    {"p1":18,
     "p2":22,
     "p3":23},
    {"p1":9,
     "p2":10,
     "p3":34},
    {"p1":10,
     "p2":32,
     "p3":33},
    {"p1":30,
     "p2":31,
     "p3":32},
    {"p1":46,
     "p2":47,
     "p3":48},
    {"p1":48,
     "p2":49,
     "p3":50},
    {"p1":48,
     "p2":50,
     "p3":104},
    {"p1":44,
     "p2":45,
     "p3":46},
    {"p1":43,
     "p2":44,
     "p3":106},
    {"p1":44,
     "p2":46,
     "p3":106},
    {"p1":3,
     "p2":5,
     "p3":43},
    {"p1":5,
     "p2":6,
     "p3":40},
    {"p1":38,
     "p2":39,
     "p3":40},
    {"p1":6,
     "p2":38,
     "p3":40},
    {"p1":53,
     "p2":103,
     "p3":104},
    {"p1":53,
     "p2":102,
     "p3":103},
    {"p1":50,
     "p2":53,
     "p3":104},
    {"p1":57,
     "p2":58,
     "p3":59},
    {"p1":59,
     "p2":60,
     "p3":100},
    {"p1":57,
     "p2":59,
     "p3":100},
    {"p1":55,
     "p2":56,
     "p3":57},
    {"p1":60,
     "p2":61,
     "p3":100},
    {"p1":61,
     "p2":62,
     "p3":100},
    {"p1":66,
     "p2":67,
     "p3":99},
    {"p1":65,
     "p2":66,
     "p3":99},
    {"p1":63,
     "p2":64,
     "p3":99},
    {"p1":64,
     "p2":65,
     "p3":99},
    {"p1":69,
     "p2":70,
     "p3":99},
    {"p1":70,
     "p2":71,
     "p3":99},
    {"p1":72,
     "p2":73,
     "p3":99},
    {"p1":71,
     "p2":72,
     "p3":99},
    {"p1":73,
     "p2":74,
     "p3":99},
    {"p1":74,
     "p2":75,
     "p3":99},
    {"p1":75,
     "p2":76,
     "p3":99},
    {"p1":83,
     "p2":84,
     "p3":85},
    {"p1":83,
     "p2":85,
     "p3":86},
    {"p1":16,
     "p2":25,
     "p3":26},
    {"p1":16,
     "p2":17,
     "p3":25},
    {"p1":14,
     "p2":27,
     "p3":28},
    {"p1":10,
     "p2":11,
     "p3":32},
    {"p1":11,
     "p2":30,
     "p3":32},
    {"p1":9,
     "p2":34,
     "p3":35},
    {"p1":93,
     "p2":94,
     "p3":95},
    {"p1":46,
     "p2":105,
     "p3":106},
    {"p1":46,
     "p2":48,
     "p3":105},
    {"p1":48,
     "p2":104,
     "p3":105},
    {"p1":43,
     "p2":106,
     "p3":107},
    {"p1":3,
     "p2":43,
     "p3":107},
    {"p1":3,
     "p2":4,
     "p3":5},
    {"p1":5,
     "p2":41,
     "p3":43},
    {"p1":5,
     "p2":40,
     "p3":41},
    {"p1":41,
     "p2":42,
     "p3":43},
    {"p1":6,
     "p2":7,
     "p3":38},
    {"p1":7,
     "p2":37,
     "p3":38},
    {"p1":55,
     "p2":57,
     "p3":101},
    {"p1":53,
     "p2":55,
     "p3":101},
    {"p1":53,
     "p2":101,
     "p3":102},
    {"p1":57,
     "p2":100,
     "p3":101},
    {"p1":53,
     "p2":54,
     "p3":55},
    {"p1":76,
     "p2":77,
     "p3":99},
    {"p1":14,
     "p2":15,
     "p3":27},
    {"p1":15,
     "p2":26,
     "p3":27},
    {"p1":15,
     "p2":16,
     "p3":26},
    {"p1":13,
     "p2":29,
     "p3":30},
    {"p1":13,
     "p2":28,
     "p3":29},
    {"p1":13,
     "p2":14,
     "p3":28},
    {"p1":91,
     "p2":97,
     "p3":98},
    {"p1":78,
     "p2":91,
     "p3":98},
    {"p1":77,
     "p2":98,
     "p3":99},
    {"p1":77,
     "p2":78,
     "p3":98},
    {"p1":91,
     "p2":92,
     "p3":97},
    {"p1":93,
     "p2":95,
     "p3":96},
    {"p1":92,
     "p2":96,
     "p3":97},
    {"p1":92,
     "p2":93,
     "p3":96},
    {"p1":0,
     "p2":1,
     "p3":2},
    {"p1":2,
     "p2":3,
     "p3":107},
    {"p1":0,
     "p2":2,
     "p3":107},
    {"p1":8,
     "p2":36,
     "p3":37},
    {"p1":7,
     "p2":8,
     "p3":37},
    {"p1":8,
     "p2":35,
     "p3":36},
    {"p1":8,
     "p2":9,
     "p3":35},
    {"p1":83,
     "p2":86,
     "p3":87},
    {"p1":78,
     "p2":90,
     "p3":91},
    {"p1":11,
     "p2":12,
     "p3":30},
    {"p1":12,
     "p2":13,
     "p3":30},
    {"p1":80,
     "p2":88,
     "p3":89},
    {"p1":79,
     "p2":89,
     "p3":90},
    {"p1":79,
     "p2":80,
     "p3":89},
    {"p1":78,
     "p2":79,
     "p3":90},
    {"p1":81,
     "p2":87,
     "p3":88},
    {"p1":80,
     "p2":81,
     "p3":88},
    {"p1":82,
     "p2":83,
     "p3":87},
    {"p1":81,
     "p2":82,
     "p3":87},
    {"p1":50,
     "p2":51,
     "p3":53},
    {"p1":51,
     "p2":52,
     "p3":53}]
}