{"points":[
    {"x":0.084848,
     "y":0.5},
    {"x":0.093939,
     "y":0.52424},
    {"x":0.10606,
     "y":0.54848},
    {"x":0.11515,
     "y":0.57273},
    {"x":0.12424,
     "y":0.59697},
    {"x":0.13333,
     "y":0.62121},
    {"x":0.14545,
     "y":0.64545},
    {"x":0.15455,
     "y":0.6697},
    {"x":0.16364,
     "y":0.69394},
    {"x":0.16364,
     "y":0.71818},
    {"x":0.15455,
     "y":0.74242},
    {"x":0.14545,
     "y":0.76667},
    {"x":0.13636,
     "y":0.79091},
    {"x":0.12424,
     "y":0.81515},
    {"x":0.11515,
     "y":0.83939},
    {"x":0.10606,
     "y":0.86364},
    {"x":0.09697,
     "y":0.88788},
    {"x":0.084848,
     "y":0.91212},
    {"x":0.075758,
     "y":0.93636},
    {"x":0.066667,
     "y":0.96061},
    {"x":0.057576,
     "y":0.98485},
    {"x":0.060606,
     "y":1},
    {"x":0.084848,
     "y":0.99697},
    {"x":0.10909,
     "y":0.99697},
    {"x":0.13333,
     "y":0.99394},
    {"x":0.15758,
     "y":0.99091},
    {"x":0.18182,
     "y":0.98788},
    {"x":0.20606,
     "y":0.98182},
    {"x":0.2303,
     "y":0.97576},
    {"x":0.25455,
     "y":0.9697},
    {"x":0.27879,
     "y":0.96364},
    {"x":0.30303,
     "y":0.95152},
    {"x":0.32727,
     "y":0.94242},
    {"x":0.35152,
     "y":0.9303},
    {"x":0.37576,
     "y":0.91818},
    {"x":0.4,
     "y":0.90606},
    {"x":0.42424,
     "y":0.89091},
    {"x":0.44848,
     "y":0.8697},
    {"x":0.47273,
     "y":0.85152},
    {"x":0.49394,
     "y":0.8303},
    {"x":0.51515,
     "y":0.80909},
    {"x":0.53636,
     "y":0.78485},
    {"x":0.55455,
     "y":0.76061},
    {"x":0.5697,
     "y":0.73636},
    {"x":0.58182,
     "y":0.71212},
    {"x":0.59394,
     "y":0.68788},
    {"x":0.60606,
     "y":0.66364},
    {"x":0.61212,
     "y":0.63939},
    {"x":0.62121,
     "y":0.61515},
    {"x":0.62424,
     "y":0.59091},
    {"x":0.6303,
     "y":0.56667},
    {"x":0.6303,
     "y":0.54242},
    {"x":0.63333,
     "y":0.51818},
    {"x":0.63333,
     "y":0.49394},
    {"x":0.6303,
     "y":0.4697},
    {"x":0.62727,
     "y":0.44545},
    {"x":0.62424,
     "y":0.42121},
    {"x":0.62121,
     "y":0.39697},
    {"x":0.61515,
     "y":0.37273},
    {"x":0.60606,
     "y":0.34848},
    {"x":0.6,
     "y":0.32424},
    {"x":0.59091,
     "y":0.3},
    {"x":0.57879,
     "y":0.27576},
    {"x":0.56667,
     "y":0.25152},
    {"x":0.55152,
     "y":0.22727},
    {"x":0.53333,
     "y":0.20303},
    {"x":0.51515,
     "y":0.17879},
    {"x":0.49091,
     "y":0.15455},
    {"x":0.46667,
     "y":0.13333},
    {"x":0.44545,
     "y":0.11515},
    {"x":0.42121,
     "y":0.09697},
    {"x":0.39697,
     "y":0.081818},
    {"x":0.37273,
     "y":0.069697},
    {"x":0.34848,
     "y":0.057576},
    {"x":0.32424,
     "y":0.048485},
    {"x":0.3,
     "y":0.039394},
    {"x":0.27576,
     "y":0.030303},
    {"x":0.25152,
     "y":0.024242},
    {"x":0.22727,
     "y":0.018182},
    {"x":0.20303,
     "y":0.015152},
    {"x":0.17879,
     "y":0.0090909},
    {"x":0.15455,
     "y":0.0060606},
    {"x":0.1303,
     "y":0.0030303},
    {"x":0.10606,
     "y":0.0030303},
    {"x":0.081818,
     "y":0},
    {"x":0.063636,
     "y":0.0090909},
    {"x":0.057576,
     "y":0.033333},
    {"x":0.051515,
     "y":0.057576},
    {"x":0.045455,
     "y":0.081818},
    {"x":0.039394,
     "y":0.10606},
    {"x":0.036364,
     "y":0.1303},
    {"x":0.030303,
     "y":0.15455},
    {"x":0.024242,
     "y":0.17879},
    {"x":0.018182,
     "y":0.20303},
    {"x":0.012121,
     "y":0.22727},
    {"x":0.0060606,
     "y":0.25152},
    {"x":0,
     "y":0.27576},
    {"x":0.0060606,
     "y":0.3},
    {"x":0.015152,
     "y":0.32424},
    {"x":0.024242,
     "y":0.34848},
    {"x":0.033333,
     "y":0.37273},
    {"x":0.045455,
     "y":0.39697},
    {"x":0.054545,
     "y":0.42121},
    {"x":0.063636,
     "y":0.44545},
    {"x":0.072727,
     "y":0.4697},
    {"x":0.081818,
     "y":0.49394},
    {"x":0.084848,
     "y":0.5}],
 "triangles":[
    {"p1":84,
     "p2":85,
     "p3":86},
    {"p1":9,
     "p2":36,
     "p3":37},
    {"p1":20,
     "p2":21,
     "p3":22},
    {"p1":6,
     "p2":49,
     "p3":51},
    {"p1":49,
     "p2":50,
     "p3":51},
    {"p1":0,
     "p2":63,
     "p3":104},
    {"p1":68,
     "p2":69,
     "p3":101},
    {"p1":69,
     "p2":70,
     "p3":101},
    {"p1":70,
     "p2":71,
     "p3":101},
    {"p1":71,
     "p2":72,
     "p3":101},
    {"p1":65,
     "p2":103,
     "p3":104},
    {"p1":83,
     "p2":84,
     "p3":86},
    {"p1":83,
     "p2":86,
     "p3":87},
    {"p1":6,
     "p2":47,
     "p3":49},
    {"p1":6,
     "p2":7,
     "p3":47},
    {"p1":67,
     "p2":68,
     "p3":103},
    {"p1":65,
     "p2":66,
     "p3":67},
    {"p1":65,
     "p2":67,
     "p3":103},
    {"p1":63,
     "p2":64,
     "p3":104},
    {"p1":64,
     "p2":65,
     "p3":104},
    {"p1":68,
     "p2":101,
     "p3":102},
    {"p1":68,
     "p2":102,
     "p3":103},
    {"p1":59,
     "p2":60,
     "p3":61},
    {"p1":0,
     "p2":59,
     "p3":62},
    {"p1":59,
     "p2":61,
     "p3":62},
    {"p1":0,
     "p2":62,
     "p3":63},
    {"p1":74,
     "p2":93,
     "p3":99},
    {"p1":74,
     "p2":75,
     "p3":93},
    {"p1":81,
     "p2":82,
     "p3":87},
    {"p1":82,
     "p2":83,
     "p3":87},
    {"p1":79,
     "p2":80,
     "p3":89},
    {"p1":7,
     "p2":44,
     "p3":45},
    {"p1":7,
     "p2":45,
     "p3":47},
    {"p1":9,
     "p2":37,
     "p3":38},
    {"p1":9,
     "p2":38,
     "p3":39},
    {"p1":8,
     "p2":9,
     "p3":39},
    {"p1":8,
     "p2":39,
     "p3":40},
    {"p1":8,
     "p2":40,
     "p3":41},
    {"p1":8,
     "p2":41,
     "p3":42},
    {"p1":7,
     "p2":8,
     "p3":44},
    {"p1":9,
     "p2":35,
     "p3":36},
    {"p1":9,
     "p2":34,
     "p3":35},
    {"p1":10,
     "p2":11,
     "p3":33},
    {"p1":9,
     "p2":10,
     "p3":34},
    {"p1":10,
     "p2":33,
     "p3":34},
    {"p1":0,
     "p2":2,
     "p3":59},
    {"p1":0,
     "p2":1,
     "p3":2},
    {"p1":0,
     "p2":104,
     "p3":105},
    {"p1":75,
     "p2":92,
     "p3":93},
    {"p1":75,
     "p2":76,
     "p3":92},
    {"p1":94,
     "p2":98,
     "p3":99},
    {"p1":93,
     "p2":94,
     "p3":99},
    {"p1":77,
     "p2":78,
     "p3":91},
    {"p1":77,
     "p2":91,
     "p3":92},
    {"p1":76,
     "p2":77,
     "p3":92},
    {"p1":81,
     "p2":87,
     "p3":88},
    {"p1":80,
     "p2":81,
     "p3":88},
    {"p1":80,
     "p2":88,
     "p3":89},
    {"p1":79,
     "p2":89,
     "p3":90},
    {"p1":78,
     "p2":90,
     "p3":91},
    {"p1":78,
     "p2":79,
     "p3":90},
    {"p1":45,
     "p2":46,
     "p3":47},
    {"p1":8,
     "p2":43,
     "p3":44},
    {"p1":8,
     "p2":42,
     "p3":43},
    {"p1":11,
     "p2":12,
     "p3":31},
    {"p1":2,
     "p2":55,
     "p3":56},
    {"p1":2,
     "p2":56,
     "p3":59},
    {"p1":56,
     "p2":58,
     "p3":59},
    {"p1":56,
     "p2":57,
     "p3":58},
    {"p1":3,
     "p2":54,
     "p3":55},
    {"p1":2,
     "p2":3,
     "p3":55},
    {"p1":19,
     "p2":20,
     "p3":22},
    {"p1":95,
     "p2":97,
     "p3":98},
    {"p1":94,
     "p2":95,
     "p3":98},
    {"p1":95,
     "p2":96,
     "p3":97},
    {"p1":47,
     "p2":48,
     "p3":49},
    {"p1":12,
     "p2":30,
     "p3":31},
    {"p1":4,
     "p2":51,
     "p3":54},
    {"p1":3,
     "p2":4,
     "p3":54},
    {"p1":4,
     "p2":6,
     "p3":51},
    {"p1":14,
     "p2":15,
     "p3":28},
    {"p1":17,
     "p2":18,
     "p3":24},
    {"p1":17,
     "p2":24,
     "p3":25},
    {"p1":15,
     "p2":27,
     "p3":28},
    {"p1":16,
     "p2":17,
     "p3":25},
    {"p1":15,
     "p2":16,
     "p3":27},
    {"p1":11,
     "p2":32,
     "p3":33},
    {"p1":11,
     "p2":31,
     "p3":32},
    {"p1":13,
     "p2":14,
     "p3":29},
    {"p1":14,
     "p2":28,
     "p3":29},
    {"p1":12,
     "p2":13,
     "p3":29},
    {"p1":12,
     "p2":29,
     "p3":30},
    {"p1":4,
     "p2":5,
     "p3":6},
    {"p1":18,
     "p2":19,
     "p3":23},
    {"p1":18,
     "p2":23,
     "p3":24},
    {"p1":19,
     "p2":22,
     "p3":23},
    {"p1":16,
     "p2":25,
     "p3":26},
    {"p1":16,
     "p2":26,
     "p3":27},
    {"p1":72,
     "p2":73,
     "p3":101},
    {"p1":73,
     "p2":100,
     "p3":101},
    {"p1":73,
     "p2":74,
     "p3":99},
    {"p1":73,
     "p2":99,
     "p3":100},
    {"p1":51,
     "p2":52,
     "p3":54},
    {"p1":52,
     "p2":53,
     "p3":54}]
}