{"points":[
    {"x":0.0090909,
     "y":0.5},
    {"x":0.0090909,
     "y":0.52424},
    {"x":0.0090909,
     "y":0.54848},
    {"x":0.0090909,
     "y":0.57273},
    {"x":0.0060606,
     "y":0.59697},
    {"x":0.0060606,
     "y":0.62121},
    {"x":0.0060606,
     "y":0.64545},
    {"x":0.0060606,
     "y":0.6697},
    {"x":0.0060606,
     "y":0.69394},
    {"x":0.0060606,
     "y":0.71818},
    {"x":0.0060606,
     "y":0.74242},
    {"x":0.0030303,
     "y":0.76667},
    {"x":0.0030303,
     "y":0.79091},
    {"x":0.0030303,
     "y":0.81515},
    {"x":0.0030303,
     "y":0.83939},
    {"x":0.0030303,
     "y":0.86364},
    {"x":0.0030303,
     "y":0.88788},
    {"x":0.0030303,
     "y":0.91212},
    {"x":0.0030303,
     "y":0.93636},
    {"x":0,
     "y":0.96061},
    {"x":0,
     "y":0.98485},
    {"x":0.012121,
     "y":1},
    {"x":0.036364,
     "y":0.99697},
    {"x":0.060606,
     "y":0.98788},
    {"x":0.084848,
     "y":0.97879},
    {"x":0.10909,
     "y":0.96061},
    {"x":0.13333,
     "y":0.93939},
    {"x":0.15152,
     "y":0.91515},
    {"x":0.1697,
     "y":0.89091},
    {"x":0.18485,
     "y":0.86667},
    {"x":0.2,
     "y":0.84242},
    {"x":0.21515,
     "y":0.81818},
    {"x":0.2303,
     "y":0.79394},
    {"x":0.24848,
     "y":0.7697},
    {"x":0.2697,
     "y":0.74545},
    {"x":0.29394,
     "y":0.72424},
    {"x":0.31818,
     "y":0.70909},
    {"x":0.34242,
     "y":0.69394},
    {"x":0.36667,
     "y":0.68485},
    {"x":0.39091,
     "y":0.67273},
    {"x":0.41515,
     "y":0.66364},
    {"x":0.43939,
     "y":0.65455},
    {"x":0.46364,
     "y":0.64848},
    {"x":0.48788,
     "y":0.63636},
    {"x":0.51212,
     "y":0.62727},
    {"x":0.53636,
     "y":0.61212},
    {"x":0.55758,
     "y":0.59394},
    {"x":0.57273,
     "y":0.5697},
    {"x":0.58182,
     "y":0.54545},
    {"x":0.58485,
     "y":0.52121},
    {"x":0.58485,
     "y":0.49697},
    {"x":0.58182,
     "y":0.47273},
    {"x":0.57879,
     "y":0.44848},
    {"x":0.57576,
     "y":0.42424},
    {"x":0.57273,
     "y":0.4},
    {"x":0.56667,
     "y":0.37576},
    {"x":0.56061,
     "y":0.35152},
    {"x":0.55152,
     "y":0.32727},
    {"x":0.54242,
     "y":0.30303},
    {"x":0.5303,
     "y":0.27879},
    {"x":0.51818,
     "y":0.25455},
    {"x":0.50303,
     "y":0.2303},
    {"x":0.48788,
     "y":0.20606},
    {"x":0.46667,
     "y":0.18182},
    {"x":0.44545,
     "y":0.15758},
    {"x":0.42121,
     "y":0.13636},
    {"x":0.4,
     "y":0.11818},
    {"x":0.37576,
     "y":0.1},
    {"x":0.35152,
     "y":0.084848},
    {"x":0.32727,
     "y":0.072727},
    {"x":0.30303,
     "y":0.060606},
    {"x":0.27879,
     "y":0.048485},
    {"x":0.25455,
     "y":0.039394},
    {"x":0.2303,
     "y":0.033333},
    {"x":0.20606,
     "y":0.024242},
    {"x":0.18182,
     "y":0.018182},
    {"x":0.15758,
     "y":0.015152},
    {"x":0.13333,
     "y":0.0090909},
    {"x":0.10909,
     "y":0.0060606},
    {"x":0.084848,
     "y":0.0030303},
    {"x":0.060606,
     "y":0.0030303},
    {"x":0.036364,
     "y":0},
    {"x":0.018182,
     "y":0.0060606},
    {"x":0.018182,
     "y":0.030303},
    {"x":0.015152,
     "y":0.054545},
    {"x":0.015152,
     "y":0.078788},
    {"x":0.015152,
     "y":0.10303},
    {"x":0.015152,
     "y":0.12727},
    {"x":0.015152,
     "y":0.15152},
    {"x":0.015152,
     "y":0.17576},
    {"x":0.015152,
     "y":0.2},
    {"x":0.012121,
     "y":0.22424},
    {"x":0.012121,
     "y":0.24848},
    {"x":0.012121,
     "y":0.27273},
    {"x":0.012121,
     "y":0.29697},
    {"x":0.012121,
     "y":0.32121},
    {"x":0.012121,
     "y":0.34545},
    {"x":0.012121,
     "y":0.3697},
    {"x":0.012121,
     "y":0.39394},
    {"x":0.0090909,
     "y":0.41818},
    {"x":0.0090909,
     "y":0.44242},
    {"x":0.0090909,
     "y":0.46667},
    {"x":0.0090909,
     "y":0.49091},
    {"x":0.0090909,
     "y":0.5}],
 "triangles":[
    {"p1":19,
     "p2":20,
     "p3":22},
    {"p1":20,
     "p2":21,
     "p3":22},
    {"p1":19,
     "p2":22,
     "p3":23},
    {"p1":17,
     "p2":18,
     "p3":24},
    {"p1":18,
     "p2":23,
     "p3":24},
    {"p1":18,
     "p2":19,
     "p3":23},
    {"p1":3,
     "p2":4,
     "p3":35},
    {"p1":45,
     "p2":46,
     "p3":47},
    {"p1":44,
     "p2":45,
     "p3":49},
    {"p1":45,
     "p2":47,
     "p3":49},
    {"p1":63,
     "p2":64,
     "p3":65},
    {"p1":73,
     "p2":74,
     "p3":89},
    {"p1":69,
     "p2":70,
     "p3":92},
    {"p1":47,
     "p2":48,
     "p3":49},
    {"p1":16,
     "p2":26,
     "p3":27},
    {"p1":11,
     "p2":12,
     "p3":30},
    {"p1":63,
     "p2":65,
     "p3":96},
    {"p1":63,
     "p2":96,
     "p3":97},
    {"p1":69,
     "p2":92,
     "p3":93},
    {"p1":73,
     "p2":89,
     "p3":90},
    {"p1":70,
     "p2":90,
     "p3":92},
    {"p1":74,
     "p2":88,
     "p3":89},
    {"p1":1,
     "p2":2,
     "p3":36},
    {"p1":2,
     "p2":3,
     "p3":35},
    {"p1":2,
     "p2":35,
     "p3":36},
    {"p1":17,
     "p2":24,
     "p3":25},
    {"p1":16,
     "p2":17,
     "p3":25},
    {"p1":16,
     "p2":25,
     "p3":26},
    {"p1":61,
     "p2":62,
     "p3":63},
    {"p1":61,
     "p2":63,
     "p3":97},
    {"p1":15,
     "p2":16,
     "p3":27},
    {"p1":14,
     "p2":15,
     "p3":27},
    {"p1":10,
     "p2":11,
     "p3":31},
    {"p1":11,
     "p2":30,
     "p3":31},
    {"p1":14,
     "p2":27,
     "p3":28},
    {"p1":61,
     "p2":97,
     "p3":98},
    {"p1":98,
     "p2":99,
     "p3":100},
    {"p1":39,
     "p2":98,
     "p3":100},
    {"p1":65,
     "p2":95,
     "p3":96},
    {"p1":66,
     "p2":67,
     "p3":94},
    {"p1":65,
     "p2":66,
     "p3":95},
    {"p1":66,
     "p2":94,
     "p3":95},
    {"p1":67,
     "p2":68,
     "p3":94},
    {"p1":68,
     "p2":93,
     "p3":94},
    {"p1":68,
     "p2":69,
     "p3":93},
    {"p1":79,
     "p2":84,
     "p3":85},
    {"p1":78,
     "p2":85,
     "p3":86},
    {"p1":78,
     "p2":79,
     "p3":85},
    {"p1":90,
     "p2":91,
     "p3":92},
    {"p1":70,
     "p2":71,
     "p3":90},
    {"p1":1,
     "p2":36,
     "p3":37},
    {"p1":0,
     "p2":1,
     "p3":37},
    {"p1":0,
     "p2":37,
     "p3":102},
    {"p1":37,
     "p2":101,
     "p3":102},
    {"p1":37,
     "p2":100,
     "p3":101},
    {"p1":37,
     "p2":38,
     "p3":39},
    {"p1":37,
     "p2":39,
     "p3":100},
    {"p1":59,
     "p2":60,
     "p3":98},
    {"p1":60,
     "p2":61,
     "p3":98},
    {"p1":39,
     "p2":40,
     "p3":57},
    {"p1":39,
     "p2":57,
     "p3":98},
    {"p1":55,
     "p2":56,
     "p3":57},
    {"p1":40,
     "p2":55,
     "p3":57},
    {"p1":57,
     "p2":58,
     "p3":59},
    {"p1":57,
     "p2":59,
     "p3":98},
    {"p1":6,
     "p2":7,
     "p3":34},
    {"p1":5,
     "p2":6,
     "p3":34},
    {"p1":5,
     "p2":34,
     "p3":35},
    {"p1":4,
     "p2":5,
     "p3":35},
    {"p1":8,
     "p2":9,
     "p3":32},
    {"p1":9,
     "p2":10,
     "p3":32},
    {"p1":10,
     "p2":31,
     "p3":32},
    {"p1":12,
     "p2":29,
     "p3":30},
    {"p1":14,
     "p2":28,
     "p3":29},
    {"p1":79,
     "p2":80,
     "p3":84},
    {"p1":77,
     "p2":78,
     "p3":86},
    {"p1":76,
     "p2":77,
     "p3":86},
    {"p1":74,
     "p2":75,
     "p3":88},
    {"p1":75,
     "p2":76,
     "p3":88},
    {"p1":76,
     "p2":86,
     "p3":87},
    {"p1":76,
     "p2":87,
     "p3":88},
    {"p1":72,
     "p2":73,
     "p3":90},
    {"p1":71,
     "p2":72,
     "p3":90},
    {"p1":8,
     "p2":32,
     "p3":33},
    {"p1":7,
     "p2":8,
     "p3":33},
    {"p1":7,
     "p2":33,
     "p3":34},
    {"p1":12,
     "p2":13,
     "p3":29},
    {"p1":13,
     "p2":14,
     "p3":29},
    {"p1":43,
     "p2":51,
     "p3":52},
    {"p1":41,
     "p2":43,
     "p3":52},
    {"p1":41,
     "p2":42,
     "p3":43},
    {"p1":43,
     "p2":50,
     "p3":51},
    {"p1":43,
     "p2":49,
     "p3":50},
    {"p1":43,
     "p2":44,
     "p3":49},
    {"p1":40,
     "p2":53,
     "p3":55},
    {"p1":40,
     "p2":41,
     "p3":53},
    {"p1":41,
     "p2":52,
     "p3":53},
    {"p1":80,
     "p2":81,
     "p3":83},
    {"p1":80,
     "p2":83,
     "p3":84},
    {"p1":81,
     "p2":82,
     "p3":83},
    {"p1":53,
     "p2":54,
     "p3":55}]
}