{"points":[
    {"x":0.047516,
     "y":0.40821},
    {"x":0.032397,
     "y":0.43413},
    {"x":0.021598,
     "y":0.46004},
    {"x":0.012959,
     "y":0.48596},
    {"x":0.0064795,
     "y":0.51188},
    {"x":0.0021598,
     "y":0.5378},
    {"x":0,
     "y":0.56371},
    {"x":0,
     "y":0.58963},
    {"x":0.0043197,
     "y":0.61555},
    {"x":0.0086393,
     "y":0.64147},
    {"x":0.012959,
     "y":0.66739},
    {"x":0.021598,
     "y":0.6933},
    {"x":0.034557,
     "y":0.71922},
    {"x":0.047516,
     "y":0.74514},
    {"x":0.064795,
     "y":0.77106},
    {"x":0.090713,
     "y":0.79482},
    {"x":0.11663,
     "y":0.80778},
    {"x":0.14255,
     "y":0.81641},
    {"x":0.16847,
     "y":0.82073},
    {"x":0.19438,
     "y":0.82073},
    {"x":0.2203,
     "y":0.81857},
    {"x":0.24622,
     "y":0.81425},
    {"x":0.27214,
     "y":0.80778},
    {"x":0.29806,
     "y":0.79698},
    {"x":0.32397,
     "y":0.78402},
    {"x":0.34989,
     "y":0.76674},
    {"x":0.37581,
     "y":0.74946},
    {"x":0.39525,
     "y":0.73002},
    {"x":0.41253,
     "y":0.7041},
    {"x":0.42981,
     "y":0.67819},
    {"x":0.44492,
     "y":0.65227},
    {"x":0.45788,
     "y":0.62635},
    {"x":0.46868,
     "y":0.60043},
    {"x":0.48164,
     "y":0.57451},
    {"x":0.4946,
     "y":0.5486},
    {"x":0.50972,
     "y":0.53996},
    {"x":0.52052,
     "y":0.56587},
    {"x":0.53348,
     "y":0.59179},
    {"x":0.54644,
     "y":0.61771},
    {"x":0.56156,
     "y":0.64363},
    {"x":0.57667,
     "y":0.66955},
    {"x":0.59179,
     "y":0.69546},
    {"x":0.61123,
     "y":0.72138},
    {"x":0.63283,
     "y":0.74514},
    {"x":0.65659,
     "y":0.7689},
    {"x":0.68251,
     "y":0.78402},
    {"x":0.70842,
     "y":0.78618},
    {"x":0.73434,
     "y":0.7689},
    {"x":0.74946,
     "y":0.74298},
    {"x":0.7581,
     "y":0.71706},
    {"x":0.76026,
     "y":0.69114},
    {"x":0.77322,
     "y":0.68683},
    {"x":0.79914,
     "y":0.70194},
    {"x":0.82505,
     "y":0.71274},
    {"x":0.85097,
     "y":0.71922},
    {"x":0.87689,
     "y":0.72138},
    {"x":0.90281,
     "y":0.71922},
    {"x":0.92873,
     "y":0.71058},
    {"x":0.95464,
     "y":0.69546},
    {"x":0.9676,
     "y":0.66955},
    {"x":0.98056,
     "y":0.64363},
    {"x":0.9892,
     "y":0.61771},
    {"x":0.99568,
     "y":0.59179},
    {"x":0.99784,
     "y":0.56587},
    {"x":1,
     "y":0.53996},
    {"x":0.99784,
     "y":0.51404},
    {"x":0.99568,
     "y":0.48812},
    {"x":0.99136,
     "y":0.4622},
    {"x":0.98488,
     "y":0.43629},
    {"x":0.97624,
     "y":0.41037},
    {"x":0.96544,
     "y":0.38445},
    {"x":0.95248,
     "y":0.35853},
    {"x":0.93521,
     "y":0.33261},
    {"x":0.91793,
     "y":0.3067},
    {"x":0.89633,
     "y":0.28294},
    {"x":0.87473,
     "y":0.25702},
    {"x":0.85097,
     "y":0.2311},
    {"x":0.82505,
     "y":0.20734},
    {"x":0.79914,
     "y":0.1879},
    {"x":0.77322,
     "y":0.16847},
    {"x":0.7473,
     "y":0.15119},
    {"x":0.72138,
     "y":0.13391},
    {"x":0.69546,
     "y":0.11879},
    {"x":0.66955,
     "y":0.10367},
    {"x":0.64363,
     "y":0.088553},
    {"x":0.61771,
     "y":0.073434},
    {"x":0.59179,
     "y":0.056156},
    {"x":0.56587,
     "y":0.038877},
    {"x":0.53996,
     "y":0.019438},
    {"x":0.51404,
     "y":0},
    {"x":0.49028,
     "y":0.010799},
    {"x":0.46868,
     "y":0.032397},
    {"x":0.44276,
     "y":0.056156},
    {"x":0.41685,
     "y":0.079914},
    {"x":0.39093,
     "y":0.10151},
    {"x":0.36501,
     "y":0.12311},
    {"x":0.33909,
     "y":0.14471},
    {"x":0.31317,
     "y":0.16415},
    {"x":0.28942,
     "y":0.18359},
    {"x":0.2635,
     "y":0.20518},
    {"x":0.23758,
     "y":0.22462},
    {"x":0.21382,
     "y":0.24406},
    {"x":0.19006,
     "y":0.26566},
    {"x":0.16415,
     "y":0.28726},
    {"x":0.13823,
     "y":0.31102},
    {"x":0.11447,
     "y":0.33477},
    {"x":0.092873,
     "y":0.35421},
    {"x":0.069114,
     "y":0.38013},
    {"x":0.049676,
     "y":0.40605},
    {"x":0.047516,
     "y":0.40821}],
 "triangles":[
    {"p1":14,
     "p2":15,
     "p3":16},
    {"p1":5,
     "p2":6,
     "p3":28},
    {"p1":35,
     "p2":95,
     "p3":96},
    {"p1":34,
     "p2":35,
     "p3":99},
    {"p1":35,
     "p2":98,
     "p3":99},
    {"p1":35,
     "p2":77,
     "p3":78},
    {"p1":35,
     "p2":76,
     "p3":77},
    {"p1":13,
     "p2":18,
     "p3":19},
    {"p1":13,
     "p2":14,
     "p3":16},
    {"p1":34,
     "p2":101,
     "p3":102},
    {"p1":34,
     "p2":102,
     "p3":103},
    {"p1":0,
     "p2":1,
     "p3":108},
    {"p1":1,
     "p2":2,
     "p3":108},
    {"p1":31,
     "p2":107,
     "p3":108},
    {"p1":34,
     "p2":100,
     "p3":101},
    {"p1":34,
     "p2":99,
     "p3":100},
    {"p1":35,
     "p2":97,
     "p3":98},
    {"p1":35,
     "p2":96,
     "p3":97},
    {"p1":88,
     "p2":89,
     "p3":90},
    {"p1":88,
     "p2":90,
     "p3":91},
    {"p1":35,
     "p2":84,
     "p3":95},
    {"p1":35,
     "p2":83,
     "p3":84},
    {"p1":84,
     "p2":94,
     "p3":95},
    {"p1":35,
     "p2":82,
     "p3":83},
    {"p1":35,
     "p2":78,
     "p3":79},
    {"p1":35,
     "p2":79,
     "p3":80},
    {"p1":35,
     "p2":72,
     "p3":74},
    {"p1":72,
     "p2":73,
     "p3":74},
    {"p1":9,
     "p2":21,
     "p3":23},
    {"p1":9,
     "p2":10,
     "p3":11},
    {"p1":12,
     "p2":20,
     "p3":21},
    {"p1":12,
     "p2":19,
     "p3":20},
    {"p1":12,
     "p2":13,
     "p3":19},
    {"p1":9,
     "p2":11,
     "p3":12},
    {"p1":9,
     "p2":12,
     "p3":21},
    {"p1":13,
     "p2":17,
     "p3":18},
    {"p1":13,
     "p2":16,
     "p3":17},
    {"p1":44,
     "p2":47,
     "p3":48},
    {"p1":32,
     "p2":106,
     "p3":107},
    {"p1":31,
     "p2":32,
     "p3":107},
    {"p1":32,
     "p2":105,
     "p3":106},
    {"p1":2,
     "p2":30,
     "p3":108},
    {"p1":30,
     "p2":31,
     "p3":108},
    {"p1":2,
     "p2":3,
     "p3":30},
    {"p1":34,
     "p2":103,
     "p3":104},
    {"p1":87,
     "p2":88,
     "p3":91},
    {"p1":35,
     "p2":80,
     "p3":81},
    {"p1":35,
     "p2":81,
     "p3":82},
    {"p1":35,
     "p2":75,
     "p3":76},
    {"p1":35,
     "p2":74,
     "p3":75},
    {"p1":9,
     "p2":24,
     "p3":25},
    {"p1":9,
     "p2":23,
     "p3":24},
    {"p1":8,
     "p2":25,
     "p3":28},
    {"p1":8,
     "p2":9,
     "p3":25},
    {"p1":6,
     "p2":8,
     "p3":28},
    {"p1":6,
     "p2":7,
     "p3":8},
    {"p1":35,
     "p2":51,
     "p3":72},
    {"p1":35,
     "p2":36,
     "p3":51},
    {"p1":51,
     "p2":71,
     "p3":72},
    {"p1":51,
     "p2":70,
     "p3":71},
    {"p1":51,
     "p2":69,
     "p3":70},
    {"p1":51,
     "p2":68,
     "p3":69},
    {"p1":51,
     "p2":67,
     "p3":68},
    {"p1":51,
     "p2":66,
     "p3":67},
    {"p1":51,
     "p2":62,
     "p3":63},
    {"p1":44,
     "p2":45,
     "p3":47},
    {"p1":45,
     "p2":46,
     "p3":47},
    {"p1":36,
     "p2":37,
     "p3":51},
    {"p1":3,
     "p2":4,
     "p3":29},
    {"p1":3,
     "p2":29,
     "p3":30},
    {"p1":5,
     "p2":28,
     "p3":29},
    {"p1":4,
     "p2":5,
     "p3":29},
    {"p1":32,
     "p2":33,
     "p3":105},
    {"p1":33,
     "p2":104,
     "p3":105},
    {"p1":33,
     "p2":34,
     "p3":104},
    {"p1":87,
     "p2":91,
     "p3":92},
    {"p1":86,
     "p2":87,
     "p3":92},
    {"p1":86,
     "p2":92,
     "p3":93},
    {"p1":85,
     "p2":86,
     "p3":93},
    {"p1":84,
     "p2":85,
     "p3":94},
    {"p1":85,
     "p2":93,
     "p3":94},
    {"p1":53,
     "p2":60,
     "p3":61},
    {"p1":51,
     "p2":61,
     "p3":62},
    {"p1":57,
     "p2":58,
     "p3":59},
    {"p1":51,
     "p2":65,
     "p3":66},
    {"p1":63,
     "p2":64,
     "p3":65},
    {"p1":51,
     "p2":63,
     "p3":65},
    {"p1":21,
     "p2":22,
     "p3":23},
    {"p1":37,
     "p2":38,
     "p3":50},
    {"p1":37,
     "p2":50,
     "p3":51},
    {"p1":38,
     "p2":39,
     "p3":50},
    {"p1":39,
     "p2":40,
     "p3":50},
    {"p1":40,
     "p2":41,
     "p3":50},
    {"p1":52,
     "p2":53,
     "p3":61},
    {"p1":51,
     "p2":52,
     "p3":61},
    {"p1":56,
     "p2":57,
     "p3":59},
    {"p1":53,
     "p2":54,
     "p3":60},
    {"p1":54,
     "p2":59,
     "p3":60},
    {"p1":43,
     "p2":44,
     "p3":48},
    {"p1":43,
     "p2":48,
     "p3":49},
    {"p1":43,
     "p2":49,
     "p3":50},
    {"p1":55,
     "p2":56,
     "p3":59},
    {"p1":54,
     "p2":55,
     "p3":59},
    {"p1":41,
     "p2":42,
     "p3":50},
    {"p1":42,
     "p2":43,
     "p3":50},
    {"p1":26,
     "p2":27,
     "p3":28},
    {"p1":25,
     "p2":26,
     "p3":28}]
}