{"points":[
    {"x":0.047516,
     "y":0.41253},
    {"x":0.032397,
     "y":0.43844},
    {"x":0.021598,
     "y":0.46436},
    {"x":0.012959,
     "y":0.49028},
    {"x":0.0064795,
     "y":0.5162},
    {"x":0.0021598,
     "y":0.54212},
    {"x":0,
     "y":0.56803},
    {"x":0,
     "y":0.59395},
    {"x":0.0043197,
     "y":0.61987},
    {"x":0.0086393,
     "y":0.64579},
    {"x":0.012959,
     "y":0.67171},
    {"x":0.021598,
     "y":0.69762},
    {"x":0.034557,
     "y":0.72354},
    {"x":0.047516,
     "y":0.74946},
    {"x":0.064795,
     "y":0.77538},
    {"x":0.090713,
     "y":0.79914},
    {"x":0.11663,
     "y":0.8121},
    {"x":0.14255,
     "y":0.82073},
    {"x":0.16847,
     "y":0.82505},
    {"x":0.19438,
     "y":0.82505},
    {"x":0.2203,
     "y":0.82289},
    {"x":0.24622,
     "y":0.81857},
    {"x":0.27214,
     "y":0.8121},
    {"x":0.29806,
     "y":0.8013},
    {"x":0.32397,
     "y":0.78834},
    {"x":0.34989,
     "y":0.77106},
    {"x":0.37581,
     "y":0.75594},
    {"x":0.40173,
     "y":0.73866},
    {"x":0.42765,
     "y":0.71922},
    {"x":0.45356,
     "y":0.69546},
    {"x":0.47516,
     "y":0.66955},
    {"x":0.49244,
     "y":0.64363},
    {"x":0.50756,
     "y":0.62635},
    {"x":0.52052,
     "y":0.65227},
    {"x":0.5378,
     "y":0.67819},
    {"x":0.55724,
     "y":0.7041},
    {"x":0.58099,
     "y":0.7257},
    {"x":0.60691,
     "y":0.74514},
    {"x":0.63283,
     "y":0.76242},
    {"x":0.65875,
     "y":0.77538},
    {"x":0.68467,
     "y":0.78834},
    {"x":0.71058,
     "y":0.79914},
    {"x":0.7365,
     "y":0.80346},
    {"x":0.76242,
     "y":0.80346},
    {"x":0.78834,
     "y":0.8013},
    {"x":0.81425,
     "y":0.79266},
    {"x":0.84017,
     "y":0.78402},
    {"x":0.86609,
     "y":0.77106},
    {"x":0.89201,
     "y":0.75594},
    {"x":0.91793,
     "y":0.7365},
    {"x":0.94168,
     "y":0.7149},
    {"x":0.96112,
     "y":0.68898},
    {"x":0.97408,
     "y":0.66307},
    {"x":0.98272,
     "y":0.63715},
    {"x":0.99136,
     "y":0.61123},
    {"x":0.99568,
     "y":0.58531},
    {"x":1,
     "y":0.5594},
    {"x":1,
     "y":0.53348},
    {"x":0.99784,
     "y":0.50756},
    {"x":0.99352,
     "y":0.48164},
    {"x":0.9892,
     "y":0.45572},
    {"x":0.98056,
     "y":0.42981},
    {"x":0.97192,
     "y":0.40389},
    {"x":0.95896,
     "y":0.37797},
    {"x":0.946,
     "y":0.35205},
    {"x":0.92873,
     "y":0.32613},
    {"x":0.90929,
     "y":0.30022},
    {"x":0.88769,
     "y":0.27646},
    {"x":0.86609,
     "y":0.25054},
    {"x":0.84017,
     "y":0.22678},
    {"x":0.81425,
     "y":0.20302},
    {"x":0.78834,
     "y":0.18359},
    {"x":0.76242,
     "y":0.16415},
    {"x":0.7365,
     "y":0.14903},
    {"x":0.71058,
     "y":0.13175},
    {"x":0.68467,
     "y":0.11663},
    {"x":0.65875,
     "y":0.10151},
    {"x":0.63283,
     "y":0.086393},
    {"x":0.60691,
     "y":0.071274},
    {"x":0.58099,
     "y":0.053996},
    {"x":0.55508,
     "y":0.036717},
    {"x":0.52916,
     "y":0.017279},
    {"x":0.50324,
     "y":0},
    {"x":0.48164,
     "y":0.023758},
    {"x":0.45572,
     "y":0.047516},
    {"x":0.42981,
     "y":0.073434},
    {"x":0.40389,
     "y":0.095032},
    {"x":0.37797,
     "y":0.11879},
    {"x":0.35205,
     "y":0.13823},
    {"x":0.32613,
     "y":0.15983},
    {"x":0.30022,
     "y":0.17927},
    {"x":0.2743,
     "y":0.20086},
    {"x":0.24838,
     "y":0.2203},
    {"x":0.22246,
     "y":0.2419},
    {"x":0.19654,
     "y":0.2635},
    {"x":0.17063,
     "y":0.2851},
    {"x":0.14471,
     "y":0.30886},
    {"x":0.12095,
     "y":0.33261},
    {"x":0.097192,
     "y":0.35421},
    {"x":0.075594,
     "y":0.37797},
    {"x":0.053996,
     "y":0.40389},
    {"x":0.047516,
     "y":0.41253}],
 "triangles":[
    {"p1":32,
     "p2":75,
     "p3":87},
    {"p1":6,
     "p2":8,
     "p3":25},
    {"p1":6,
     "p2":7,
     "p3":8},
    {"p1":12,
     "p2":20,
     "p3":21},
    {"p1":5,
     "p2":6,
     "p3":25},
    {"p1":32,
     "p2":63,
     "p3":65},
    {"p1":32,
     "p2":61,
     "p3":63},
    {"p1":32,
     "p2":69,
     "p3":70},
    {"p1":32,
     "p2":67,
     "p3":69},
    {"p1":32,
     "p2":65,
     "p3":66},
    {"p1":32,
     "p2":66,
     "p3":67},
    {"p1":32,
     "p2":90,
     "p3":91},
    {"p1":32,
     "p2":89,
     "p3":90},
    {"p1":12,
     "p2":19,
     "p3":20},
    {"p1":32,
     "p2":59,
     "p3":61},
    {"p1":3,
     "p2":4,
     "p3":25},
    {"p1":4,
     "p2":5,
     "p3":25},
    {"p1":32,
     "p2":93,
     "p3":94},
    {"p1":32,
     "p2":94,
     "p3":95},
    {"p1":32,
     "p2":95,
     "p3":96},
    {"p1":0,
     "p2":1,
     "p3":100},
    {"p1":1,
     "p2":2,
     "p3":100},
    {"p1":31,
     "p2":32,
     "p3":96},
    {"p1":26,
     "p2":99,
     "p3":100},
    {"p1":2,
     "p2":26,
     "p3":100},
    {"p1":3,
     "p2":25,
     "p3":26},
    {"p1":2,
     "p2":3,
     "p3":26},
    {"p1":28,
     "p2":98,
     "p3":99},
    {"p1":28,
     "p2":29,
     "p3":98},
    {"p1":63,
     "p2":64,
     "p3":65},
    {"p1":61,
     "p2":62,
     "p3":63},
    {"p1":67,
     "p2":68,
     "p3":69},
    {"p1":32,
     "p2":92,
     "p3":93},
    {"p1":32,
     "p2":91,
     "p3":92},
    {"p1":32,
     "p2":87,
     "p3":88},
    {"p1":32,
     "p2":88,
     "p3":89},
    {"p1":32,
     "p2":70,
     "p3":71},
    {"p1":32,
     "p2":74,
     "p3":75},
    {"p1":32,
     "p2":73,
     "p3":74},
    {"p1":9,
     "p2":21,
     "p3":23},
    {"p1":8,
     "p2":9,
     "p3":25},
    {"p1":9,
     "p2":12,
     "p3":21},
    {"p1":9,
     "p2":10,
     "p3":11},
    {"p1":9,
     "p2":11,
     "p3":12},
    {"p1":21,
     "p2":22,
     "p3":23},
    {"p1":14,
     "p2":15,
     "p3":16},
    {"p1":13,
     "p2":16,
     "p3":17},
    {"p1":13,
     "p2":17,
     "p3":18},
    {"p1":13,
     "p2":14,
     "p3":16},
    {"p1":13,
     "p2":18,
     "p3":19},
    {"p1":12,
     "p2":13,
     "p3":19},
    {"p1":59,
     "p2":60,
     "p3":61},
    {"p1":31,
     "p2":96,
     "p3":97},
    {"p1":30,
     "p2":31,
     "p3":97},
    {"p1":29,
     "p2":97,
     "p3":98},
    {"p1":29,
     "p2":30,
     "p3":97},
    {"p1":36,
     "p2":37,
     "p3":59},
    {"p1":37,
     "p2":38,
     "p3":39},
    {"p1":37,
     "p2":39,
     "p3":55},
    {"p1":26,
     "p2":27,
     "p3":99},
    {"p1":27,
     "p2":28,
     "p3":99},
    {"p1":32,
     "p2":72,
     "p3":73},
    {"p1":32,
     "p2":71,
     "p3":72},
    {"p1":79,
     "p2":84,
     "p3":85},
    {"p1":75,
     "p2":76,
     "p3":87},
    {"p1":76,
     "p2":77,
     "p3":87},
    {"p1":77,
     "p2":86,
     "p3":87},
    {"p1":9,
     "p2":24,
     "p3":25},
    {"p1":9,
     "p2":23,
     "p3":24},
    {"p1":43,
     "p2":44,
     "p3":45},
    {"p1":39,
     "p2":45,
     "p3":47},
    {"p1":32,
     "p2":34,
     "p3":59},
    {"p1":34,
     "p2":36,
     "p3":59},
    {"p1":37,
     "p2":58,
     "p3":59},
    {"p1":37,
     "p2":55,
     "p3":58},
    {"p1":81,
     "p2":82,
     "p3":83},
    {"p1":78,
     "p2":85,
     "p3":86},
    {"p1":77,
     "p2":78,
     "p3":86},
    {"p1":78,
     "p2":79,
     "p3":85},
    {"p1":40,
     "p2":41,
     "p3":42},
    {"p1":40,
     "p2":42,
     "p3":43},
    {"p1":39,
     "p2":40,
     "p3":45},
    {"p1":40,
     "p2":43,
     "p3":45},
    {"p1":39,
     "p2":53,
     "p3":55},
    {"p1":39,
     "p2":47,
     "p3":53},
    {"p1":47,
     "p2":48,
     "p3":53},
    {"p1":53,
     "p2":54,
     "p3":55},
    {"p1":45,
     "p2":46,
     "p3":47},
    {"p1":32,
     "p2":33,
     "p3":34},
    {"p1":34,
     "p2":35,
     "p3":36},
    {"p1":55,
     "p2":56,
     "p3":57},
    {"p1":55,
     "p2":57,
     "p3":58},
    {"p1":80,
     "p2":83,
     "p3":84},
    {"p1":80,
     "p2":81,
     "p3":83},
    {"p1":79,
     "p2":80,
     "p3":84},
    {"p1":49,
     "p2":52,
     "p3":53},
    {"p1":49,
     "p2":50,
     "p3":51},
    {"p1":49,
     "p2":51,
     "p3":52},
    {"p1":48,
     "p2":49,
     "p3":53}]
}