{"points":[
    {"x":0.01573,
     "y":0.41798},
    {"x":0.0044944,
     "y":0.44494},
    {"x":0,
     "y":0.47191},
    {"x":0,
     "y":0.49888},
    {"x":0.0044944,
     "y":0.52584},
    {"x":0.013483,
     "y":0.55281},
    {"x":0.022472,
     "y":0.57978},
    {"x":0.035955,
     "y":0.60674},
    {"x":0.051685,
     "y":0.63371},
    {"x":0.067416,
     "y":0.66067},
    {"x":0.085393,
     "y":0.68764},
    {"x":0.10562,
     "y":0.71461},
    {"x":0.12584,
     "y":0.74157},
    {"x":0.14607,
     "y":0.76629},
    {"x":0.16854,
     "y":0.79326},
    {"x":0.19326,
     "y":0.82022},
    {"x":0.22022,
     "y":0.8382},
    {"x":0.24719,
     "y":0.84045},
    {"x":0.27416,
     "y":0.83146},
    {"x":0.30112,
     "y":0.81348},
    {"x":0.32809,
     "y":0.79101},
    {"x":0.35506,
     "y":0.77079},
    {"x":0.37978,
     "y":0.74382},
    {"x":0.39775,
     "y":0.71685},
    {"x":0.41348,
     "y":0.68989},
    {"x":0.42697,
     "y":0.66292},
    {"x":0.44045,
     "y":0.63596},
    {"x":0.45393,
     "y":0.60899},
    {"x":0.46742,
     "y":0.58202},
    {"x":0.4809,
     "y":0.55506},
    {"x":0.49663,
     "y":0.57303},
    {"x":0.50787,
     "y":0.6},
    {"x":0.52135,
     "y":0.62697},
    {"x":0.53483,
     "y":0.65393},
    {"x":0.55056,
     "y":0.6809},
    {"x":0.56854,
     "y":0.70787},
    {"x":0.58652,
     "y":0.73483},
    {"x":0.60674,
     "y":0.7618},
    {"x":0.63146,
     "y":0.78652},
    {"x":0.65843,
     "y":0.80674},
    {"x":0.68539,
     "y":0.82022},
    {"x":0.71236,
     "y":0.82697},
    {"x":0.73933,
     "y":0.82921},
    {"x":0.76629,
     "y":0.82697},
    {"x":0.79326,
     "y":0.82247},
    {"x":0.82022,
     "y":0.81348},
    {"x":0.84719,
     "y":0.80225},
    {"x":0.87416,
     "y":0.78652},
    {"x":0.90112,
     "y":0.76854},
    {"x":0.92809,
     "y":0.74607},
    {"x":0.95281,
     "y":0.7191},
    {"x":0.96854,
     "y":0.69213},
    {"x":0.97978,
     "y":0.66517},
    {"x":0.98876,
     "y":0.6382},
    {"x":0.99551,
     "y":0.61124},
    {"x":0.99775,
     "y":0.58427},
    {"x":1,
     "y":0.5573},
    {"x":0.99775,
     "y":0.53034},
    {"x":0.99551,
     "y":0.50337},
    {"x":0.99101,
     "y":0.4764},
    {"x":0.98427,
     "y":0.44944},
    {"x":0.97303,
     "y":0.42247},
    {"x":0.9618,
     "y":0.39551},
    {"x":0.94831,
     "y":0.36854},
    {"x":0.93258,
     "y":0.34157},
    {"x":0.91236,
     "y":0.31461},
    {"x":0.88989,
     "y":0.28764},
    {"x":0.86742,
     "y":0.26292},
    {"x":0.84494,
     "y":0.2382},
    {"x":0.82022,
     "y":0.21573},
    {"x":0.79326,
     "y":0.19326},
    {"x":0.76629,
     "y":0.17528},
    {"x":0.73933,
     "y":0.15506},
    {"x":0.71236,
     "y":0.13933},
    {"x":0.68539,
     "y":0.12135},
    {"x":0.65843,
     "y":0.10562},
    {"x":0.63146,
     "y":0.089888},
    {"x":0.60449,
     "y":0.074157},
    {"x":0.57753,
     "y":0.058427},
    {"x":0.55056,
     "y":0.040449},
    {"x":0.5236,
     "y":0.020225},
    {"x":0.49663,
     "y":0},
    {"x":0.47191,
     "y":0.0044944},
    {"x":0.45393,
     "y":0.024719},
    {"x":0.43146,
     "y":0.044944},
    {"x":0.40449,
     "y":0.069663},
    {"x":0.37753,
     "y":0.094382},
    {"x":0.35056,
     "y":0.11685},
    {"x":0.3236,
     "y":0.13933},
    {"x":0.29663,
     "y":0.15955},
    {"x":0.26966,
     "y":0.18202},
    {"x":0.2427,
     "y":0.20225},
    {"x":0.21573,
     "y":0.22247},
    {"x":0.19101,
     "y":0.24494},
    {"x":0.16404,
     "y":0.26742},
    {"x":0.13708,
     "y":0.28989},
    {"x":0.11011,
     "y":0.31461},
    {"x":0.085393,
     "y":0.33708},
    {"x":0.058427,
     "y":0.36404},
    {"x":0.033708,
     "y":0.39101},
    {"x":0.01573,
     "y":0.41798},
    {"x":0.01573,
     "y":0.41798}],
 "triangles":[
    {"p1":80,
     "p2":81,
     "p3":82},
    {"p1":0,
     "p2":2,
     "p3":99},
    {"p1":0,
     "p2":1,
     "p3":2},
    {"p1":29,
     "p2":90,
     "p3":91},
    {"p1":29,
     "p2":87,
     "p3":88},
    {"p1":15,
     "p2":16,
     "p3":17},
    {"p1":59,
     "p2":60,
     "p3":61},
    {"p1":29,
     "p2":91,
     "p3":92},
    {"p1":29,
     "p2":88,
     "p3":89},
    {"p1":29,
     "p2":89,
     "p3":90},
    {"p1":76,
     "p2":86,
     "p3":87},
    {"p1":29,
     "p2":75,
     "p3":76},
    {"p1":29,
     "p2":76,
     "p3":87},
    {"p1":80,
     "p2":82,
     "p3":83},
    {"p1":29,
     "p2":71,
     "p3":72},
    {"p1":29,
     "p2":72,
     "p3":73},
    {"p1":10,
     "p2":11,
     "p3":25},
    {"p1":27,
     "p2":96,
     "p3":97},
    {"p1":27,
     "p2":28,
     "p3":96},
    {"p1":29,
     "p2":95,
     "p3":96},
    {"p1":28,
     "p2":29,
     "p3":96},
    {"p1":31,
     "p2":62,
     "p3":63},
    {"p1":15,
     "p2":17,
     "p3":18},
    {"p1":15,
     "p2":18,
     "p3":19},
    {"p1":7,
     "p2":97,
     "p3":98},
    {"p1":2,
     "p2":3,
     "p3":99},
    {"p1":36,
     "p2":45,
     "p3":46},
    {"p1":53,
     "p2":54,
     "p3":55},
    {"p1":29,
     "p2":92,
     "p3":93},
    {"p1":78,
     "p2":85,
     "p3":86},
    {"p1":29,
     "p2":69,
     "p3":70},
    {"p1":29,
     "p2":70,
     "p3":71},
    {"p1":29,
     "p2":74,
     "p3":75},
    {"p1":29,
     "p2":73,
     "p3":74},
    {"p1":11,
     "p2":23,
     "p3":24},
    {"p1":11,
     "p2":24,
     "p3":25},
    {"p1":14,
     "p2":19,
     "p3":20},
    {"p1":13,
     "p2":14,
     "p3":20},
    {"p1":14,
     "p2":15,
     "p3":19},
    {"p1":13,
     "p2":20,
     "p3":21},
    {"p1":36,
     "p2":37,
     "p3":45},
    {"p1":30,
     "p2":64,
     "p3":65},
    {"p1":29,
     "p2":30,
     "p3":69},
    {"p1":30,
     "p2":68,
     "p3":69},
    {"p1":30,
     "p2":63,
     "p3":64},
    {"p1":30,
     "p2":31,
     "p3":63},
    {"p1":39,
     "p2":41,
     "p3":42},
    {"p1":9,
     "p2":10,
     "p3":25},
    {"p1":9,
     "p2":25,
     "p3":26},
    {"p1":5,
     "p2":7,
     "p3":98},
    {"p1":5,
     "p2":6,
     "p3":7},
    {"p1":5,
     "p2":98,
     "p3":99},
    {"p1":37,
     "p2":38,
     "p3":43},
    {"p1":38,
     "p2":39,
     "p3":43},
    {"p1":39,
     "p2":42,
     "p3":43},
    {"p1":43,
     "p2":44,
     "p3":45},
    {"p1":37,
     "p2":43,
     "p3":45},
    {"p1":36,
     "p2":46,
     "p3":47},
    {"p1":49,
     "p2":51,
     "p3":52},
    {"p1":48,
     "p2":49,
     "p3":52},
    {"p1":49,
     "p2":50,
     "p3":51},
    {"p1":29,
     "p2":94,
     "p3":95},
    {"p1":29,
     "p2":93,
     "p3":94},
    {"p1":79,
     "p2":80,
     "p3":83},
    {"p1":79,
     "p2":83,
     "p3":84},
    {"p1":79,
     "p2":84,
     "p3":85},
    {"p1":78,
     "p2":79,
     "p3":85},
    {"p1":76,
     "p2":77,
     "p3":86},
    {"p1":77,
     "p2":78,
     "p3":86},
    {"p1":33,
     "p2":58,
     "p3":59},
    {"p1":35,
     "p2":48,
     "p3":52},
    {"p1":35,
     "p2":52,
     "p3":53},
    {"p1":35,
     "p2":36,
     "p3":47},
    {"p1":35,
     "p2":47,
     "p3":48},
    {"p1":35,
     "p2":53,
     "p3":55},
    {"p1":34,
     "p2":35,
     "p3":55},
    {"p1":55,
     "p2":56,
     "p3":57},
    {"p1":34,
     "p2":55,
     "p3":57},
    {"p1":33,
     "p2":57,
     "p3":58},
    {"p1":33,
     "p2":34,
     "p3":57},
    {"p1":12,
     "p2":21,
     "p3":22},
    {"p1":12,
     "p2":13,
     "p3":21},
    {"p1":11,
     "p2":12,
     "p3":23},
    {"p1":12,
     "p2":22,
     "p3":23},
    {"p1":30,
     "p2":67,
     "p3":68},
    {"p1":39,
     "p2":40,
     "p3":41},
    {"p1":8,
     "p2":27,
     "p3":97},
    {"p1":7,
     "p2":8,
     "p3":97},
    {"p1":8,
     "p2":26,
     "p3":27},
    {"p1":8,
     "p2":9,
     "p3":26},
    {"p1":3,
     "p2":4,
     "p3":99},
    {"p1":4,
     "p2":5,
     "p3":99},
    {"p1":32,
     "p2":61,
     "p3":62},
    {"p1":31,
     "p2":32,
     "p3":62},
    {"p1":32,
     "p2":59,
     "p3":61},
    {"p1":32,
     "p2":33,
     "p3":59},
    {"p1":30,
     "p2":65,
     "p3":66},
    {"p1":30,
     "p2":66,
     "p3":67}]
}