{"points":[
    {"x":0.047516,
     "y":0.40821},
    {"x":0.034557,
     "y":0.43197},
    {"x":0.023758,
     "y":0.45572},
    {"x":0.015119,
     "y":0.47948},
    {"x":0.0086393,
     "y":0.50324},
    {"x":0.0043197,
     "y":0.527},
    {"x":0.0021598,
     "y":0.55076},
    {"x":0,
     "y":0.57451},
    {"x":0.0021598,
     "y":0.59827},
    {"x":0.0043197,
     "y":0.62203},
    {"x":0.0086393,
     "y":0.64579},
    {"x":0.015119,
     "y":0.66955},
    {"x":0.021598,
     "y":0.6933},
    {"x":0.032397,
     "y":0.71706},
    {"x":0.045356,
     "y":0.74082},
    {"x":0.060475,
     "y":0.76458},
    {"x":0.082073,
     "y":0.78618},
    {"x":0.10583,
     "y":0.80346},
    {"x":0.12959,
     "y":0.8121},
    {"x":0.15335,
     "y":0.81857},
    {"x":0.17711,
     "y":0.82073},
    {"x":0.20086,
     "y":0.82073},
    {"x":0.22462,
     "y":0.81857},
    {"x":0.24838,
     "y":0.81425},
    {"x":0.27214,
     "y":0.80778},
    {"x":0.2959,
     "y":0.79914},
    {"x":0.31965,
     "y":0.78618},
    {"x":0.34341,
     "y":0.77106},
    {"x":0.36717,
     "y":0.7581},
    {"x":0.39093,
     "y":0.7473},
    {"x":0.41469,
     "y":0.73866},
    {"x":0.43844,
     "y":0.73218},
    {"x":0.4622,
     "y":0.71922},
    {"x":0.4838,
     "y":0.69762},
    {"x":0.50108,
     "y":0.67603},
    {"x":0.51404,
     "y":0.68683},
    {"x":0.53132,
     "y":0.71058},
    {"x":0.55292,
     "y":0.73218},
    {"x":0.57667,
     "y":0.74514},
    {"x":0.60043,
     "y":0.75378},
    {"x":0.62419,
     "y":0.76242},
    {"x":0.64795,
     "y":0.7689},
    {"x":0.67171,
     "y":0.77754},
    {"x":0.69546,
     "y":0.7905},
    {"x":0.71922,
     "y":0.79698},
    {"x":0.74298,
     "y":0.8013},
    {"x":0.76674,
     "y":0.79914},
    {"x":0.7905,
     "y":0.79482},
    {"x":0.81425,
     "y":0.78834},
    {"x":0.83801,
     "y":0.7797},
    {"x":0.86177,
     "y":0.7689},
    {"x":0.88553,
     "y":0.75594},
    {"x":0.90929,
     "y":0.73866},
    {"x":0.93305,
     "y":0.71922},
    {"x":0.95248,
     "y":0.69762},
    {"x":0.96544,
     "y":0.67387},
    {"x":0.9784,
     "y":0.65011},
    {"x":0.98704,
     "y":0.62635},
    {"x":0.99352,
     "y":0.60259},
    {"x":0.99784,
     "y":0.57883},
    {"x":1,
     "y":0.55508},
    {"x":1,
     "y":0.53132},
    {"x":0.99784,
     "y":0.50756},
    {"x":0.99568,
     "y":0.4838},
    {"x":0.99136,
     "y":0.46004},
    {"x":0.98488,
     "y":0.43629},
    {"x":0.97624,
     "y":0.41253},
    {"x":0.9676,
     "y":0.38877},
    {"x":0.95464,
     "y":0.36501},
    {"x":0.94168,
     "y":0.34125},
    {"x":0.92657,
     "y":0.31749},
    {"x":0.90713,
     "y":0.29374},
    {"x":0.88769,
     "y":0.27214},
    {"x":0.86825,
     "y":0.24838},
    {"x":0.84449,
     "y":0.22678},
    {"x":0.82073,
     "y":0.20518},
    {"x":0.79698,
     "y":0.18575},
    {"x":0.77322,
     "y":0.16847},
    {"x":0.74946,
     "y":0.15119},
    {"x":0.7257,
     "y":0.13607},
    {"x":0.70194,
     "y":0.12311},
    {"x":0.67819,
     "y":0.10799},
    {"x":0.65443,
     "y":0.092873},
    {"x":0.63067,
     "y":0.079914},
    {"x":0.60691,
     "y":0.066955},
    {"x":0.58315,
     "y":0.049676},
    {"x":0.5594,
     "y":0.034557},
    {"x":0.53564,
     "y":0.017279},
    {"x":0.51188,
     "y":0},
    {"x":0.49028,
     "y":0.010799},
    {"x":0.46868,
     "y":0.032397},
    {"x":0.44492,
     "y":0.053996},
    {"x":0.42117,
     "y":0.075594},
    {"x":0.39741,
     "y":0.097192},
    {"x":0.37365,
     "y":0.11663},
    {"x":0.34989,
     "y":0.13607},
    {"x":0.32613,
     "y":0.15551},
    {"x":0.30238,
     "y":0.17279},
    {"x":0.27862,
     "y":0.19222},
    {"x":0.25486,
     "y":0.21166},
    {"x":0.2311,
     "y":0.22894},
    {"x":0.20734,
     "y":0.25054},
    {"x":0.18359,
     "y":0.26998},
    {"x":0.15983,
     "y":0.29158},
    {"x":0.13607,
     "y":0.31317},
    {"x":0.11447,
     "y":0.33261},
    {"x":0.092873,
     "y":0.35421},
    {"x":0.073434,
     "y":0.37581},
    {"x":0.053996,
     "y":0.39957},
    {"x":0.047516,
     "y":0.40821}],
 "triangles":[
    {"p1":34,
     "p2":80,
     "p3":95},
    {"p1":11,
     "p2":22,
     "p3":23},
    {"p1":9,
     "p2":10,
     "p3":27},
    {"p1":8,
     "p2":9,
     "p3":27},
    {"p1":3,
     "p2":4,
     "p3":28},
    {"p1":4,
     "p2":27,
     "p3":28},
    {"p1":2,
     "p2":3,
     "p3":28},
    {"p1":28,
     "p2":106,
     "p3":107},
    {"p1":34,
     "p2":72,
     "p3":74},
    {"p1":34,
     "p2":99,
     "p3":100},
    {"p1":34,
     "p2":98,
     "p3":99},
    {"p1":34,
     "p2":95,
     "p3":96},
    {"p1":34,
     "p2":76,
     "p3":77},
    {"p1":86,
     "p2":90,
     "p3":91},
    {"p1":13,
     "p2":21,
     "p3":22},
    {"p1":11,
     "p2":12,
     "p3":13},
    {"p1":11,
     "p2":13,
     "p3":22},
    {"p1":4,
     "p2":5,
     "p3":27},
    {"p1":1,
     "p2":2,
     "p3":28},
    {"p1":1,
     "p2":28,
     "p3":107},
    {"p1":34,
     "p2":100,
     "p3":101},
    {"p1":28,
     "p2":29,
     "p3":106},
    {"p1":29,
     "p2":105,
     "p3":106},
    {"p1":29,
     "p2":30,
     "p3":34},
    {"p1":0,
     "p2":1,
     "p3":108},
    {"p1":1,
     "p2":107,
     "p3":108},
    {"p1":35,
     "p2":41,
     "p3":66},
    {"p1":35,
     "p2":66,
     "p3":68},
    {"p1":35,
     "p2":68,
     "p3":69},
    {"p1":35,
     "p2":69,
     "p3":71},
    {"p1":34,
     "p2":35,
     "p3":72},
    {"p1":35,
     "p2":71,
     "p3":72},
    {"p1":66,
     "p2":67,
     "p3":68},
    {"p1":34,
     "p2":75,
     "p3":76},
    {"p1":34,
     "p2":74,
     "p3":75},
    {"p1":69,
     "p2":70,
     "p3":71},
    {"p1":72,
     "p2":73,
     "p3":74},
    {"p1":34,
     "p2":97,
     "p3":98},
    {"p1":34,
     "p2":96,
     "p3":97},
    {"p1":34,
     "p2":77,
     "p3":78},
    {"p1":86,
     "p2":87,
     "p3":90},
    {"p1":34,
     "p2":101,
     "p3":102},
    {"p1":80,
     "p2":81,
     "p3":95},
    {"p1":85,
     "p2":86,
     "p3":91},
    {"p1":53,
     "p2":54,
     "p3":55},
    {"p1":52,
     "p2":53,
     "p3":55},
    {"p1":14,
     "p2":15,
     "p3":16},
    {"p1":14,
     "p2":20,
     "p3":21},
    {"p1":13,
     "p2":14,
     "p3":21},
    {"p1":10,
     "p2":11,
     "p3":26},
    {"p1":10,
     "p2":26,
     "p3":27},
    {"p1":6,
     "p2":7,
     "p3":8},
    {"p1":6,
     "p2":8,
     "p3":27},
    {"p1":5,
     "p2":6,
     "p3":27},
    {"p1":42,
     "p2":59,
     "p3":60},
    {"p1":42,
     "p2":60,
     "p3":61},
    {"p1":41,
     "p2":42,
     "p3":62},
    {"p1":42,
     "p2":61,
     "p3":62},
    {"p1":30,
     "p2":33,
     "p3":34},
    {"p1":31,
     "p2":32,
     "p3":33},
    {"p1":30,
     "p2":31,
     "p3":33},
    {"p1":34,
     "p2":79,
     "p3":80},
    {"p1":34,
     "p2":78,
     "p3":79},
    {"p1":87,
     "p2":88,
     "p3":89},
    {"p1":87,
     "p2":89,
     "p3":90},
    {"p1":34,
     "p2":102,
     "p3":103},
    {"p1":81,
     "p2":94,
     "p3":95},
    {"p1":83,
     "p2":93,
     "p3":94},
    {"p1":83,
     "p2":84,
     "p3":93},
    {"p1":52,
     "p2":55,
     "p3":58},
    {"p1":42,
     "p2":58,
     "p3":59},
    {"p1":42,
     "p2":52,
     "p3":58},
    {"p1":14,
     "p2":18,
     "p3":20},
    {"p1":14,
     "p2":16,
     "p3":18},
    {"p1":16,
     "p2":17,
     "p3":18},
    {"p1":41,
     "p2":65,
     "p3":66},
    {"p1":41,
     "p2":64,
     "p3":65},
    {"p1":41,
     "p2":62,
     "p3":63},
    {"p1":41,
     "p2":63,
     "p3":64},
    {"p1":24,
     "p2":25,
     "p3":26},
    {"p1":11,
     "p2":23,
     "p3":24},
    {"p1":11,
     "p2":24,
     "p3":26},
    {"p1":35,
     "p2":40,
     "p3":41},
    {"p1":35,
     "p2":39,
     "p3":40},
    {"p1":35,
     "p2":36,
     "p3":39},
    {"p1":29,
     "p2":104,
     "p3":105},
    {"p1":29,
     "p2":34,
     "p3":104},
    {"p1":34,
     "p2":103,
     "p3":104},
    {"p1":82,
     "p2":83,
     "p3":94},
    {"p1":81,
     "p2":82,
     "p3":94},
    {"p1":84,
     "p2":92,
     "p3":93},
    {"p1":85,
     "p2":91,
     "p3":92},
    {"p1":84,
     "p2":85,
     "p3":92},
    {"p1":55,
     "p2":56,
     "p3":57},
    {"p1":55,
     "p2":57,
     "p3":58},
    {"p1":18,
     "p2":19,
     "p3":20},
    {"p1":42,
     "p2":44,
     "p3":46},
    {"p1":42,
     "p2":50,
     "p3":52},
    {"p1":42,
     "p2":49,
     "p3":50},
    {"p1":42,
     "p2":48,
     "p3":49},
    {"p1":36,
     "p2":37,
     "p3":38},
    {"p1":36,
     "p2":38,
     "p3":39},
    {"p1":42,
     "p2":43,
     "p3":44},
    {"p1":44,
     "p2":45,
     "p3":46},
    {"p1":50,
     "p2":51,
     "p3":52},
    {"p1":42,
     "p2":46,
     "p3":47},
    {"p1":42,
     "p2":47,
     "p3":48}]
}