{"points":[
    {"x":0.044855,
     "y":0.49604},
    {"x":0.031662,
     "y":0.52507},
    {"x":0.021108,
     "y":0.55409},
    {"x":0.013193,
     "y":0.58311},
    {"x":0.0079156,
     "y":0.61214},
    {"x":0.0026385,
     "y":0.64116},
    {"x":0,
     "y":0.67018},
    {"x":0,
     "y":0.69921},
    {"x":0.0026385,
     "y":0.72823},
    {"x":0.005277,
     "y":0.75726},
    {"x":0.0079156,
     "y":0.78628},
    {"x":0.013193,
     "y":0.8153},
    {"x":0.021108,
     "y":0.84433},
    {"x":0.031662,
     "y":0.87335},
    {"x":0.042216,
     "y":0.90237},
    {"x":0.058047,
     "y":0.9314},
    {"x":0.079156,
     "y":0.96042},
    {"x":0.10818,
     "y":0.98153},
    {"x":0.1372,
     "y":0.99472},
    {"x":0.16623,
     "y":1},
    {"x":0.19525,
     "y":1},
    {"x":0.22427,
     "y":0.99472},
    {"x":0.2533,
     "y":0.98417},
    {"x":0.28232,
     "y":0.97098},
    {"x":0.31135,
     "y":0.95251},
    {"x":0.33773,
     "y":0.92876},
    {"x":0.36412,
     "y":0.90237},
    {"x":0.38259,
     "y":0.87335},
    {"x":0.39842,
     "y":0.84433},
    {"x":0.41161,
     "y":0.8153},
    {"x":0.4248,
     "y":0.78628},
    {"x":0.43536,
     "y":0.75726},
    {"x":0.44591,
     "y":0.72823},
    {"x":0.45646,
     "y":0.69921},
    {"x":0.46702,
     "y":0.67018},
    {"x":0.48285,
     "y":0.65699},
    {"x":0.4934,
     "y":0.68602},
    {"x":0.50396,
     "y":0.71504},
    {"x":0.51451,
     "y":0.74406},
    {"x":0.5277,
     "y":0.77309},
    {"x":0.53826,
     "y":0.80211},
    {"x":0.55409,
     "y":0.83113},
    {"x":0.56728,
     "y":0.86016},
    {"x":0.58575,
     "y":0.88918},
    {"x":0.60686,
     "y":0.91821},
    {"x":0.63325,
     "y":0.94459},
    {"x":0.66227,
     "y":0.9657},
    {"x":0.69129,
     "y":0.97361},
    {"x":0.72032,
     "y":0.97361},
    {"x":0.74934,
     "y":0.96834},
    {"x":0.77836,
     "y":0.95778},
    {"x":0.80739,
     "y":0.94195},
    {"x":0.83641,
     "y":0.92084},
    {"x":0.86544,
     "y":0.89446},
    {"x":0.89182,
     "y":0.86544},
    {"x":0.90765,
     "y":0.83641},
    {"x":0.92084,
     "y":0.80739},
    {"x":0.92876,
     "y":0.77836},
    {"x":0.93668,
     "y":0.74934},
    {"x":0.94195,
     "y":0.72032},
    {"x":0.94459,
     "y":0.69129},
    {"x":0.94723,
     "y":0.66227},
    {"x":0.94723,
     "y":0.63325},
    {"x":0.94459,
     "y":0.60422},
    {"x":0.94195,
     "y":0.5752},
    {"x":0.93668,
     "y":0.54617},
    {"x":0.92876,
     "y":0.51715},
    {"x":0.92084,
     "y":0.48813},
    {"x":0.91029,
     "y":0.4591},
    {"x":0.89974,
     "y":0.43008},
    {"x":0.88654,
     "y":0.40106},
    {"x":0.86807,
     "y":0.37203},
    {"x":0.8496,
     "y":0.34301},
    {"x":0.83113,
     "y":0.31398},
    {"x":0.81003,
     "y":0.28496},
    {"x":0.78364,
     "y":0.25594},
    {"x":0.75726,
     "y":0.22691},
    {"x":0.72823,
     "y":0.19789},
    {"x":0.69921,
     "y":0.17414},
    {"x":0.67018,
     "y":0.1504},
    {"x":0.64116,
     "y":0.12929},
    {"x":0.61214,
     "y":0.10554},
    {"x":0.58311,
     "y":0.084433},
    {"x":0.55409,
     "y":0.060686},
    {"x":0.52507,
     "y":0.034301},
    {"x":0.49604,
     "y":0.0079156},
    {"x":0.4723,
     "y":0},
    {"x":0.44855,
     "y":0.029024},
    {"x":0.42744,
     "y":0.055409},
    {"x":0.40369,
     "y":0.084433},
    {"x":0.37731,
     "y":0.11346},
    {"x":0.35092,
     "y":0.14248},
    {"x":0.3219,
     "y":0.1715},
    {"x":0.29551,
     "y":0.20053},
    {"x":0.26649,
     "y":0.22955},
    {"x":0.23747,
     "y":0.25858},
    {"x":0.21108,
     "y":0.2876},
    {"x":0.1847,
     "y":0.31662},
    {"x":0.16095,
     "y":0.34301},
    {"x":0.13456,
     "y":0.37203},
    {"x":0.11082,
     "y":0.40106},
    {"x":0.08971,
     "y":0.43008},
    {"x":0.068602,
     "y":0.4591},
    {"x":0.050132,
     "y":0.48813},
    {"x":0.044855,
     "y":0.49604}],
 "triangles":[
    {"p1":12,
     "p2":13,
     "p3":25},
    {"p1":35,
     "p2":72,
     "p3":73},
    {"p1":35,
     "p2":71,
     "p3":72},
    {"p1":35,
     "p2":95,
     "p3":96},
    {"p1":35,
     "p2":94,
     "p3":95},
    {"p1":35,
     "p2":93,
     "p3":94},
    {"p1":35,
     "p2":78,
     "p3":93},
    {"p1":35,
     "p2":75,
     "p3":76},
    {"p1":15,
     "p2":16,
     "p3":17},
    {"p1":45,
     "p2":48,
     "p3":49},
    {"p1":35,
     "p2":96,
     "p3":97},
    {"p1":0,
     "p2":1,
     "p3":103},
    {"p1":35,
     "p2":67,
     "p3":68},
    {"p1":35,
     "p2":66,
     "p3":67},
    {"p1":35,
     "p2":74,
     "p3":75},
    {"p1":35,
     "p2":73,
     "p3":74},
    {"p1":35,
     "p2":68,
     "p3":69},
    {"p1":35,
     "p2":69,
     "p3":71},
    {"p1":35,
     "p2":77,
     "p3":78},
    {"p1":35,
     "p2":76,
     "p3":77},
    {"p1":37,
     "p2":61,
     "p3":62},
    {"p1":37,
     "p2":62,
     "p3":63},
    {"p1":10,
     "p2":11,
     "p3":27},
    {"p1":11,
     "p2":12,
     "p3":27},
    {"p1":12,
     "p2":25,
     "p3":27},
    {"p1":5,
     "p2":6,
     "p3":31},
    {"p1":6,
     "p2":7,
     "p3":31},
    {"p1":8,
     "p2":30,
     "p3":31},
    {"p1":7,
     "p2":8,
     "p3":31},
    {"p1":17,
     "p2":18,
     "p3":19},
    {"p1":15,
     "p2":17,
     "p3":19},
    {"p1":53,
     "p2":54,
     "p3":55},
    {"p1":41,
     "p2":53,
     "p3":55},
    {"p1":42,
     "p2":52,
     "p3":53},
    {"p1":41,
     "p2":42,
     "p3":53},
    {"p1":13,
     "p2":24,
     "p3":25},
    {"p1":13,
     "p2":23,
     "p3":24},
    {"p1":13,
     "p2":14,
     "p3":22},
    {"p1":13,
     "p2":22,
     "p3":23},
    {"p1":14,
     "p2":15,
     "p3":22},
    {"p1":15,
     "p2":21,
     "p3":22},
    {"p1":35,
     "p2":97,
     "p3":98},
    {"p1":69,
     "p2":70,
     "p3":71},
    {"p1":82,
     "p2":83,
     "p3":89},
    {"p1":82,
     "p2":89,
     "p3":90},
    {"p1":79,
     "p2":80,
     "p3":92},
    {"p1":79,
     "p2":92,
     "p3":93},
    {"p1":78,
     "p2":79,
     "p3":93},
    {"p1":55,
     "p2":56,
     "p3":57},
    {"p1":41,
     "p2":55,
     "p3":57},
    {"p1":39,
     "p2":59,
     "p3":60},
    {"p1":39,
     "p2":58,
     "p3":59},
    {"p1":39,
     "p2":57,
     "p3":58},
    {"p1":25,
     "p2":26,
     "p3":27},
    {"p1":8,
     "p2":9,
     "p3":29},
    {"p1":8,
     "p2":29,
     "p3":30},
    {"p1":9,
     "p2":10,
     "p3":28},
    {"p1":10,
     "p2":27,
     "p3":28},
    {"p1":9,
     "p2":28,
     "p3":29},
    {"p1":4,
     "p2":5,
     "p3":31},
    {"p1":2,
     "p2":3,
     "p3":33},
    {"p1":1,
     "p2":2,
     "p3":33},
    {"p1":1,
     "p2":33,
     "p3":103},
    {"p1":15,
     "p2":20,
     "p3":21},
    {"p1":15,
     "p2":19,
     "p3":20},
    {"p1":80,
     "p2":91,
     "p3":92},
    {"p1":81,
     "p2":82,
     "p3":90},
    {"p1":80,
     "p2":81,
     "p3":91},
    {"p1":81,
     "p2":90,
     "p3":91},
    {"p1":85,
     "p2":86,
     "p3":87},
    {"p1":84,
     "p2":85,
     "p3":87},
    {"p1":38,
     "p2":39,
     "p3":60},
    {"p1":37,
     "p2":38,
     "p3":61},
    {"p1":38,
     "p2":60,
     "p3":61},
    {"p1":40,
     "p2":41,
     "p3":57},
    {"p1":39,
     "p2":40,
     "p3":57},
    {"p1":44,
     "p2":50,
     "p3":51},
    {"p1":44,
     "p2":45,
     "p3":49},
    {"p1":44,
     "p2":49,
     "p3":50},
    {"p1":43,
     "p2":44,
     "p3":51},
    {"p1":43,
     "p2":51,
     "p3":52},
    {"p1":42,
     "p2":43,
     "p3":52},
    {"p1":4,
     "p2":31,
     "p3":32},
    {"p1":3,
     "p2":4,
     "p3":32},
    {"p1":3,
     "p2":32,
     "p3":33},
    {"p1":34,
     "p2":102,
     "p3":103},
    {"p1":33,
     "p2":34,
     "p3":103},
    {"p1":34,
     "p2":101,
     "p3":102},
    {"p1":34,
     "p2":100,
     "p3":101},
    {"p1":34,
     "p2":99,
     "p3":100},
    {"p1":34,
     "p2":35,
     "p3":98},
    {"p1":34,
     "p2":98,
     "p3":99},
    {"p1":45,
     "p2":47,
     "p3":48},
    {"p1":45,
     "p2":46,
     "p3":47},
    {"p1":84,
     "p2":87,
     "p3":88},
    {"p1":83,
     "p2":88,
     "p3":89},
    {"p1":83,
     "p2":84,
     "p3":88},
    {"p1":36,
     "p2":64,
     "p3":65},
    {"p1":36,
     "p2":63,
     "p3":64},
    {"p1":36,
     "p2":37,
     "p3":63},
    {"p1":35,
     "p2":36,
     "p3":66},
    {"p1":36,
     "p2":65,
     "p3":66}]
}