{"points":[
    {"x":0.023758,
     "y":0.36717},
    {"x":0.015119,
     "y":0.39309},
    {"x":0.0086393,
     "y":0.41901},
    {"x":0.0043197,
     "y":0.44492},
    {"x":0,
     "y":0.47084},
    {"x":0,
     "y":0.49676},
    {"x":0.0021598,
     "y":0.52268},
    {"x":0.0064795,
     "y":0.5486},
    {"x":0.010799,
     "y":0.57451},
    {"x":0.019438,
     "y":0.60043},
    {"x":0.030238,
     "y":0.62635},
    {"x":0.043197,
     "y":0.65227},
    {"x":0.058315,
     "y":0.67819},
    {"x":0.082073,
     "y":0.70194},
    {"x":0.10799,
     "y":0.71922},
    {"x":0.13391,
     "y":0.73002},
    {"x":0.15983,
     "y":0.73434},
    {"x":0.18575,
     "y":0.7365},
    {"x":0.21166,
     "y":0.7365},
    {"x":0.23758,
     "y":0.73218},
    {"x":0.2635,
     "y":0.7257},
    {"x":0.28942,
     "y":0.71706},
    {"x":0.31533,
     "y":0.7041},
    {"x":0.34125,
     "y":0.68898},
    {"x":0.36717,
     "y":0.67171},
    {"x":0.39309,
     "y":0.65659},
    {"x":0.41901,
     "y":0.63715},
    {"x":0.44276,
     "y":0.61771},
    {"x":0.46652,
     "y":0.59179},
    {"x":0.4838,
     "y":0.56587},
    {"x":0.50108,
     "y":0.53996},
    {"x":0.5162,
     "y":0.55292},
    {"x":0.52916,
     "y":0.57883},
    {"x":0.5486,
     "y":0.60475},
    {"x":0.57019,
     "y":0.62635},
    {"x":0.59611,
     "y":0.65011},
    {"x":0.62203,
     "y":0.66739},
    {"x":0.64795,
     "y":0.68251},
    {"x":0.67387,
     "y":0.69546},
    {"x":0.69978,
     "y":0.70842},
    {"x":0.7257,
     "y":0.7149},
    {"x":0.75162,
     "y":0.71706},
    {"x":0.77754,
     "y":0.7149},
    {"x":0.80346,
     "y":0.70842},
    {"x":0.82937,
     "y":0.69978},
    {"x":0.85529,
     "y":0.68898},
    {"x":0.88121,
     "y":0.67387},
    {"x":0.90713,
     "y":0.65659},
    {"x":0.93305,
     "y":0.63499},
    {"x":0.95464,
     "y":0.61123},
    {"x":0.9676,
     "y":0.58531},
    {"x":0.98056,
     "y":0.5594},
    {"x":0.9892,
     "y":0.53348},
    {"x":0.99352,
     "y":0.50756},
    {"x":0.99784,
     "y":0.48164},
    {"x":1,
     "y":0.45572},
    {"x":0.99784,
     "y":0.42981},
    {"x":0.99568,
     "y":0.40389},
    {"x":0.99136,
     "y":0.37797},
    {"x":0.98488,
     "y":0.35205},
    {"x":0.97624,
     "y":0.32613},
    {"x":0.96544,
     "y":0.30022},
    {"x":0.95248,
     "y":0.2743},
    {"x":0.93521,
     "y":0.24838},
    {"x":0.91793,
     "y":0.22246},
    {"x":0.89633,
     "y":0.19654},
    {"x":0.87257,
     "y":0.17063},
    {"x":0.84665,
     "y":0.14687},
    {"x":0.82073,
     "y":0.12959},
    {"x":0.79482,
     "y":0.11447},
    {"x":0.7689,
     "y":0.10367},
    {"x":0.74298,
     "y":0.095032},
    {"x":0.71706,
     "y":0.086393},
    {"x":0.69114,
     "y":0.077754},
    {"x":0.66523,
     "y":0.069114},
    {"x":0.63931,
     "y":0.060475},
    {"x":0.61339,
     "y":0.049676},
    {"x":0.58747,
     "y":0.034557},
    {"x":0.56156,
     "y":0.019438},
    {"x":0.53564,
     "y":0},
    {"x":0.51188,
     "y":0.021598},
    {"x":0.49028,
     "y":0.041037},
    {"x":0.46436,
     "y":0.060475},
    {"x":0.43844,
     "y":0.075594},
    {"x":0.41253,
     "y":0.090713},
    {"x":0.38661,
     "y":0.10367},
    {"x":0.36069,
     "y":0.11663},
    {"x":0.33477,
     "y":0.12743},
    {"x":0.30886,
     "y":0.13823},
    {"x":0.28294,
     "y":0.14903},
    {"x":0.25702,
     "y":0.15983},
    {"x":0.2311,
     "y":0.17279},
    {"x":0.20518,
     "y":0.18575},
    {"x":0.17927,
     "y":0.20086},
    {"x":0.15335,
     "y":0.21814},
    {"x":0.12743,
     "y":0.23974},
    {"x":0.10151,
     "y":0.2635},
    {"x":0.077754,
     "y":0.28726},
    {"x":0.056156,
     "y":0.31317},
    {"x":0.038877,
     "y":0.33909},
    {"x":0.025918,
     "y":0.36501},
    {"x":0.023758,
     "y":0.36717}],
 "triangles":[
    {"p1":5,
     "p2":6,
     "p3":24},
    {"p1":54,
     "p2":55,
     "p3":56},
    {"p1":30,
     "p2":91,
     "p3":92},
    {"p1":24,
     "p2":97,
     "p3":98},
    {"p1":30,
     "p2":86,
     "p3":87},
    {"p1":78,
     "p2":79,
     "p3":80},
    {"p1":30,
     "p2":83,
     "p3":84},
    {"p1":30,
     "p2":75,
     "p3":83},
    {"p1":30,
     "p2":70,
     "p3":71},
    {"p1":7,
     "p2":8,
     "p3":9},
    {"p1":48,
     "p2":49,
     "p3":50},
    {"p1":13,
     "p2":14,
     "p3":16},
    {"p1":11,
     "p2":12,
     "p3":13},
    {"p1":11,
     "p2":13,
     "p3":16},
    {"p1":10,
     "p2":11,
     "p3":17},
    {"p1":11,
     "p2":16,
     "p3":17},
    {"p1":0,
     "p2":1,
     "p3":100},
    {"p1":2,
     "p2":24,
     "p3":100},
    {"p1":1,
     "p2":2,
     "p3":100},
    {"p1":24,
     "p2":98,
     "p3":100},
    {"p1":98,
     "p2":99,
     "p3":100},
    {"p1":30,
     "p2":93,
     "p3":94},
    {"p1":30,
     "p2":92,
     "p3":93},
    {"p1":30,
     "p2":94,
     "p3":95},
    {"p1":24,
     "p2":25,
     "p3":97},
    {"p1":25,
     "p2":26,
     "p3":97},
    {"p1":31,
     "p2":56,
     "p3":57},
    {"p1":31,
     "p2":57,
     "p3":58},
    {"p1":31,
     "p2":58,
     "p3":59},
    {"p1":31,
     "p2":59,
     "p3":60},
    {"p1":31,
     "p2":60,
     "p3":61},
    {"p1":31,
     "p2":61,
     "p3":63},
    {"p1":31,
     "p2":63,
     "p3":64},
    {"p1":31,
     "p2":64,
     "p3":65},
    {"p1":31,
     "p2":65,
     "p3":66},
    {"p1":31,
     "p2":66,
     "p3":68},
    {"p1":30,
     "p2":31,
     "p3":70},
    {"p1":31,
     "p2":68,
     "p3":70},
    {"p1":34,
     "p2":36,
     "p3":56},
    {"p1":31,
     "p2":34,
     "p3":56},
    {"p1":31,
     "p2":33,
     "p3":34},
    {"p1":30,
     "p2":90,
     "p3":91},
    {"p1":30,
     "p2":89,
     "p3":90},
    {"p1":30,
     "p2":87,
     "p3":88},
    {"p1":30,
     "p2":88,
     "p3":89},
    {"p1":30,
     "p2":84,
     "p3":85},
    {"p1":30,
     "p2":85,
     "p3":86},
    {"p1":30,
     "p2":71,
     "p3":72},
    {"p1":30,
     "p2":72,
     "p3":73},
    {"p1":30,
     "p2":74,
     "p3":75},
    {"p1":30,
     "p2":73,
     "p3":74},
    {"p1":75,
     "p2":82,
     "p3":83},
    {"p1":61,
     "p2":62,
     "p3":63},
    {"p1":68,
     "p2":69,
     "p3":70},
    {"p1":66,
     "p2":67,
     "p3":68},
    {"p1":7,
     "p2":9,
     "p3":22},
    {"p1":47,
     "p2":48,
     "p3":50},
    {"p1":46,
     "p2":47,
     "p3":50},
    {"p1":14,
     "p2":15,
     "p3":16},
    {"p1":46,
     "p2":50,
     "p3":53},
    {"p1":37,
     "p2":46,
     "p3":53},
    {"p1":51,
     "p2":52,
     "p3":53},
    {"p1":50,
     "p2":51,
     "p3":53},
    {"p1":36,
     "p2":37,
     "p3":53},
    {"p1":53,
     "p2":54,
     "p3":56},
    {"p1":36,
     "p2":53,
     "p3":56},
    {"p1":2,
     "p2":3,
     "p3":24},
    {"p1":3,
     "p2":4,
     "p3":5},
    {"p1":3,
     "p2":5,
     "p3":24},
    {"p1":26,
     "p2":96,
     "p3":97},
    {"p1":34,
     "p2":35,
     "p3":36},
    {"p1":31,
     "p2":32,
     "p3":33},
    {"p1":78,
     "p2":80,
     "p3":81},
    {"p1":77,
     "p2":78,
     "p3":81},
    {"p1":7,
     "p2":22,
     "p3":23},
    {"p1":6,
     "p2":23,
     "p3":24},
    {"p1":6,
     "p2":7,
     "p3":23},
    {"p1":9,
     "p2":10,
     "p3":20},
    {"p1":9,
     "p2":20,
     "p3":22},
    {"p1":29,
     "p2":30,
     "p3":95},
    {"p1":29,
     "p2":95,
     "p3":96},
    {"p1":26,
     "p2":29,
     "p3":96},
    {"p1":26,
     "p2":27,
     "p3":29},
    {"p1":75,
     "p2":76,
     "p3":82},
    {"p1":76,
     "p2":81,
     "p3":82},
    {"p1":76,
     "p2":77,
     "p3":81},
    {"p1":10,
     "p2":19,
     "p3":20},
    {"p1":10,
     "p2":17,
     "p3":19},
    {"p1":17,
     "p2":18,
     "p3":19},
    {"p1":20,
     "p2":21,
     "p3":22},
    {"p1":37,
     "p2":44,
     "p3":46},
    {"p1":37,
     "p2":38,
     "p3":44},
    {"p1":27,
     "p2":28,
     "p3":29},
    {"p1":38,
     "p2":39,
     "p3":40},
    {"p1":38,
     "p2":40,
     "p3":41},
    {"p1":38,
     "p2":43,
     "p3":44},
    {"p1":44,
     "p2":45,
     "p3":46},
    {"p1":38,
     "p2":41,
     "p3":42},
    {"p1":38,
     "p2":42,
     "p3":43}]
}