{"points":[
    {"x":0.047516,
     "y":0.40173},
    {"x":0.032397,
     "y":0.42981},
    {"x":0.019438,
     "y":0.45788},
    {"x":0.010799,
     "y":0.48596},
    {"x":0.0043197,
     "y":0.51404},
    {"x":0.0021598,
     "y":0.54212},
    {"x":0,
     "y":0.57019},
    {"x":0.0021598,
     "y":0.59827},
    {"x":0.0064795,
     "y":0.62635},
    {"x":0.012959,
     "y":0.65443},
    {"x":0.021598,
     "y":0.68251},
    {"x":0.032397,
     "y":0.71058},
    {"x":0.047516,
     "y":0.73866},
    {"x":0.066955,
     "y":0.76674},
    {"x":0.095032,
     "y":0.78834},
    {"x":0.12311,
     "y":0.80346},
    {"x":0.15119,
     "y":0.8121},
    {"x":0.17927,
     "y":0.81425},
    {"x":0.20734,
     "y":0.81425},
    {"x":0.23542,
     "y":0.80994},
    {"x":0.2635,
     "y":0.80346},
    {"x":0.29158,
     "y":0.79266},
    {"x":0.31965,
     "y":0.7797},
    {"x":0.34773,
     "y":0.76242},
    {"x":0.37581,
     "y":0.74298},
    {"x":0.39525,
     "y":0.72138},
    {"x":0.41685,
     "y":0.6933},
    {"x":0.43413,
     "y":0.66523},
    {"x":0.44924,
     "y":0.63715},
    {"x":0.4622,
     "y":0.60907},
    {"x":0.47516,
     "y":0.58099},
    {"x":0.49028,
     "y":0.55292},
    {"x":0.5054,
     "y":0.52484},
    {"x":0.51836,
     "y":0.55292},
    {"x":0.53132,
     "y":0.58099},
    {"x":0.54644,
     "y":0.60907},
    {"x":0.56156,
     "y":0.63715},
    {"x":0.57667,
     "y":0.66523},
    {"x":0.59611,
     "y":0.6933},
    {"x":0.61555,
     "y":0.72138},
    {"x":0.63931,
     "y":0.7473},
    {"x":0.66739,
     "y":0.7689},
    {"x":0.69546,
     "y":0.78402},
    {"x":0.72354,
     "y":0.79266},
    {"x":0.75162,
     "y":0.79482},
    {"x":0.7797,
     "y":0.7905},
    {"x":0.80778,
     "y":0.78402},
    {"x":0.83585,
     "y":0.77538},
    {"x":0.86393,
     "y":0.76026},
    {"x":0.89201,
     "y":0.74514},
    {"x":0.92009,
     "y":0.72354},
    {"x":0.94384,
     "y":0.69978},
    {"x":0.96328,
     "y":0.67171},
    {"x":0.9784,
     "y":0.64363},
    {"x":0.98704,
     "y":0.61555},
    {"x":0.99352,
     "y":0.58747},
    {"x":0.99784,
     "y":0.5594},
    {"x":1,
     "y":0.53132},
    {"x":0.99784,
     "y":0.50324},
    {"x":0.99568,
     "y":0.47516},
    {"x":0.9892,
     "y":0.44708},
    {"x":0.98056,
     "y":0.41901},
    {"x":0.96976,
     "y":0.39093},
    {"x":0.9568,
     "y":0.36285},
    {"x":0.94168,
     "y":0.33477},
    {"x":0.92225,
     "y":0.3067},
    {"x":0.90065,
     "y":0.27862},
    {"x":0.87257,
     "y":0.2635},
    {"x":0.84449,
     "y":0.25702},
    {"x":0.81641,
     "y":0.25702},
    {"x":0.78834,
     "y":0.25702},
    {"x":0.76026,
     "y":0.25918},
    {"x":0.73218,
     "y":0.25918},
    {"x":0.7041,
     "y":0.26134},
    {"x":0.67603,
     "y":0.25918},
    {"x":0.64795,
     "y":0.24838},
    {"x":0.62203,
     "y":0.22246},
    {"x":0.60475,
     "y":0.19438},
    {"x":0.59395,
     "y":0.16631},
    {"x":0.58531,
     "y":0.13823},
    {"x":0.57667,
     "y":0.11015},
    {"x":0.56803,
     "y":0.082073},
    {"x":0.55508,
     "y":0.053996},
    {"x":0.53996,
     "y":0.025918},
    {"x":0.51836,
     "y":0},
    {"x":0.4946,
     "y":0},
    {"x":0.47732,
     "y":0.028078},
    {"x":0.4622,
     "y":0.056156},
    {"x":0.4514,
     "y":0.084233},
    {"x":0.44276,
     "y":0.11231},
    {"x":0.43413,
     "y":0.14039},
    {"x":0.42333,
     "y":0.16847},
    {"x":0.41253,
     "y":0.19654},
    {"x":0.39741,
     "y":0.22462},
    {"x":0.37581,
     "y":0.2527},
    {"x":0.34773,
     "y":0.26998},
    {"x":0.31965,
     "y":0.27862},
    {"x":0.29158,
     "y":0.2851},
    {"x":0.2635,
     "y":0.28942},
    {"x":0.23542,
     "y":0.29374},
    {"x":0.20734,
     "y":0.30022},
    {"x":0.17927,
     "y":0.3067},
    {"x":0.15119,
     "y":0.31533},
    {"x":0.12311,
     "y":0.32829},
    {"x":0.095032,
     "y":0.34773},
    {"x":0.069114,
     "y":0.37365},
    {"x":0.047516,
     "y":0.40173},
    {"x":0.047516,
     "y":0.40173}],
 "triangles":[
    {"p1":29,
     "p2":30,
     "p3":99},
    {"p1":7,
     "p2":8,
     "p3":23},
    {"p1":5,
     "p2":6,
     "p3":7},
    {"p1":32,
     "p2":94,
     "p3":95},
    {"p1":30,
     "p2":31,
     "p3":97},
    {"p1":31,
     "p2":32,
     "p3":97},
    {"p1":84,
     "p2":85,
     "p3":86},
    {"p1":8,
     "p2":9,
     "p3":22},
    {"p1":8,
     "p2":22,
     "p3":23},
    {"p1":7,
     "p2":23,
     "p3":25},
    {"p1":5,
     "p2":7,
     "p3":25},
    {"p1":29,
     "p2":99,
     "p3":100},
    {"p1":1,
     "p2":101,
     "p3":105},
    {"p1":0,
     "p2":1,
     "p3":105},
    {"p1":76,
     "p2":93,
     "p3":94},
    {"p1":76,
     "p2":77,
     "p3":93},
    {"p1":32,
     "p2":75,
     "p3":76},
    {"p1":32,
     "p2":76,
     "p3":94},
    {"p1":30,
     "p2":98,
     "p3":99},
    {"p1":30,
     "p2":97,
     "p3":98},
    {"p1":32,
     "p2":95,
     "p3":96},
    {"p1":32,
     "p2":96,
     "p3":97},
    {"p1":101,
     "p2":102,
     "p3":105},
    {"p1":102,
     "p2":104,
     "p3":105},
    {"p1":102,
     "p2":103,
     "p3":104},
    {"p1":32,
     "p2":74,
     "p3":75},
    {"p1":32,
     "p2":73,
     "p3":74},
    {"p1":65,
     "p2":66,
     "p3":67},
    {"p1":65,
     "p2":67,
     "p3":68},
    {"p1":61,
     "p2":62,
     "p3":71},
    {"p1":9,
     "p2":10,
     "p3":21},
    {"p1":9,
     "p2":21,
     "p3":22},
    {"p1":12,
     "p2":13,
     "p3":14},
    {"p1":11,
     "p2":12,
     "p3":17},
    {"p1":12,
     "p2":14,
     "p3":17},
    {"p1":3,
     "p2":4,
     "p3":5},
    {"p1":3,
     "p2":5,
     "p3":27},
    {"p1":1,
     "p2":2,
     "p3":3},
    {"p1":5,
     "p2":26,
     "p3":27},
    {"p1":5,
     "p2":25,
     "p3":26},
    {"p1":23,
     "p2":24,
     "p3":25},
    {"p1":1,
     "p2":28,
     "p3":101},
    {"p1":28,
     "p2":29,
     "p3":100},
    {"p1":28,
     "p2":100,
     "p3":101},
    {"p1":3,
     "p2":27,
     "p3":28},
    {"p1":1,
     "p2":3,
     "p3":28},
    {"p1":83,
     "p2":84,
     "p3":86},
    {"p1":82,
     "p2":83,
     "p3":86},
    {"p1":77,
     "p2":92,
     "p3":93},
    {"p1":81,
     "p2":82,
     "p3":88},
    {"p1":80,
     "p2":81,
     "p3":88},
    {"p1":35,
     "p2":71,
     "p3":72},
    {"p1":35,
     "p2":61,
     "p3":71},
    {"p1":35,
     "p2":60,
     "p3":61},
    {"p1":56,
     "p2":57,
     "p3":58},
    {"p1":36,
     "p2":56,
     "p3":58},
    {"p1":58,
     "p2":59,
     "p3":60},
    {"p1":35,
     "p2":36,
     "p3":58},
    {"p1":35,
     "p2":58,
     "p3":60},
    {"p1":62,
     "p2":63,
     "p3":71},
    {"p1":63,
     "p2":70,
     "p3":71},
    {"p1":63,
     "p2":64,
     "p3":70},
    {"p1":10,
     "p2":11,
     "p3":19},
    {"p1":38,
     "p2":48,
     "p3":50},
    {"p1":38,
     "p2":50,
     "p3":54},
    {"p1":65,
     "p2":68,
     "p3":69},
    {"p1":64,
     "p2":69,
     "p3":70},
    {"p1":64,
     "p2":65,
     "p3":69},
    {"p1":78,
     "p2":79,
     "p3":90},
    {"p1":78,
     "p2":90,
     "p3":91},
    {"p1":77,
     "p2":91,
     "p3":92},
    {"p1":77,
     "p2":78,
     "p3":91},
    {"p1":80,
     "p2":88,
     "p3":89},
    {"p1":79,
     "p2":80,
     "p3":89},
    {"p1":79,
     "p2":89,
     "p3":90},
    {"p1":82,
     "p2":86,
     "p3":87},
    {"p1":82,
     "p2":87,
     "p3":88},
    {"p1":34,
     "p2":72,
     "p3":73},
    {"p1":34,
     "p2":35,
     "p3":72},
    {"p1":38,
     "p2":46,
     "p3":48},
    {"p1":48,
     "p2":49,
     "p3":50},
    {"p1":50,
     "p2":51,
     "p3":52},
    {"p1":50,
     "p2":52,
     "p3":54},
    {"p1":52,
     "p2":53,
     "p3":54},
    {"p1":36,
     "p2":55,
     "p3":56},
    {"p1":10,
     "p2":20,
     "p3":21},
    {"p1":10,
     "p2":19,
     "p3":20},
    {"p1":11,
     "p2":17,
     "p3":18},
    {"p1":11,
     "p2":18,
     "p3":19},
    {"p1":32,
     "p2":33,
     "p3":73},
    {"p1":33,
     "p2":34,
     "p3":73},
    {"p1":40,
     "p2":45,
     "p3":46},
    {"p1":39,
     "p2":40,
     "p3":46},
    {"p1":38,
     "p2":39,
     "p3":46},
    {"p1":46,
     "p2":47,
     "p3":48},
    {"p1":37,
     "p2":38,
     "p3":54},
    {"p1":37,
     "p2":54,
     "p3":55},
    {"p1":36,
     "p2":37,
     "p3":55},
    {"p1":43,
     "p2":44,
     "p3":45},
    {"p1":42,
     "p2":43,
     "p3":45},
    {"p1":40,
     "p2":41,
     "p3":45},
    {"p1":41,
     "p2":42,
     "p3":45},
    {"p1":14,
     "p2":15,
     "p3":17},
    {"p1":15,
     "p2":16,
     "p3":17}]
}