{"points":[
    {"x":0.27467,
     "y":0.464},
    {"x":0.23467,
     "y":0.48},
    {"x":0.19733,
     "y":0.49867},
    {"x":0.16267,
     "y":0.528},
    {"x":0.12267,
     "y":0.53333},
    {"x":0.085333,
     "y":0.52533},
    {"x":0.045333,
     "y":0.52},
    {"x":0.0053333,
     "y":0.52267},
    {"x":0,
     "y":0.552},
    {"x":0.034667,
     "y":0.56},
    {"x":0.072,
     "y":0.55733},
    {"x":0.112,
     "y":0.56267},
    {"x":0.14667,
     "y":0.57333},
    {"x":0.184,
     "y":0.57867},
    {"x":0.22133,
     "y":0.55733},
    {"x":0.25867,
     "y":0.576},
    {"x":0.29333,
     "y":0.59467},
    {"x":0.31467,
     "y":0.61333},
    {"x":0.27733,
     "y":0.62133},
    {"x":0.23733,
     "y":0.63733},
    {"x":0.2,
     "y":0.66133},
    {"x":0.16267,
     "y":0.67467},
    {"x":0.12533,
     "y":0.69333},
    {"x":0.096,
     "y":0.71733},
    {"x":0.064,
     "y":0.744},
    {"x":0.058667,
     "y":0.77067},
    {"x":0.096,
     "y":0.76267},
    {"x":0.136,
     "y":0.74933},
    {"x":0.17333,
     "y":0.728},
    {"x":0.21067,
     "y":0.70933},
    {"x":0.248,
     "y":0.69333},
    {"x":0.28533,
     "y":0.67467},
    {"x":0.32533,
     "y":0.664},
    {"x":0.36267,
     "y":0.65067},
    {"x":0.39733,
     "y":0.632},
    {"x":0.43733,
     "y":0.61867},
    {"x":0.47467,
     "y":0.60267},
    {"x":0.50933,
     "y":0.58667},
    {"x":0.544,
     "y":0.55467},
    {"x":0.56533,
     "y":0.52533},
    {"x":0.6,
     "y":0.496},
    {"x":0.63467,
     "y":0.48},
    {"x":0.672,
     "y":0.47733},
    {"x":0.69333,
     "y":0.48},
    {"x":0.728,
     "y":0.47467},
    {"x":0.75467,
     "y":0.46933},
    {"x":0.78933,
     "y":0.472},
    {"x":0.82667,
     "y":0.45867},
    {"x":0.85867,
     "y":0.44267},
    {"x":0.89067,
     "y":0.44267},
    {"x":0.92267,
     "y":0.42667},
    {"x":0.94667,
     "y":0.392},
    {"x":0.96533,
     "y":0.36},
    {"x":0.976,
     "y":0.32267},
    {"x":1,
     "y":0.29333},
    {"x":0.97867,
     "y":0.256},
    {"x":0.94133,
     "y":0.25333},
    {"x":0.91733,
     "y":0.288},
    {"x":0.88533,
     "y":0.31467},
    {"x":0.856,
     "y":0.34667},
    {"x":0.82133,
     "y":0.33333},
    {"x":0.78667,
     "y":0.30933},
    {"x":0.752,
     "y":0.29333},
    {"x":0.72533,
     "y":0.26933},
    {"x":0.70133,
     "y":0.24},
    {"x":0.68,
     "y":0.21333},
    {"x":0.71733,
     "y":0.18933},
    {"x":0.73067,
     "y":0.152},
    {"x":0.73867,
     "y":0.112},
    {"x":0.74667,
     "y":0.077333},
    {"x":0.75467,
     "y":0.037333},
    {"x":0.74933,
     "y":0},
    {"x":0.71733,
     "y":0.026667},
    {"x":0.71733,
     "y":0.064},
    {"x":0.712,
     "y":0.104},
    {"x":0.69867,
     "y":0.14133},
    {"x":0.66667,
     "y":0.168},
    {"x":0.62933,
     "y":0.18667},
    {"x":0.60267,
     "y":0.15467},
    {"x":0.56267,
     "y":0.15733},
    {"x":0.52267,
     "y":0.168},
    {"x":0.496,
     "y":0.2},
    {"x":0.488,
     "y":0.23733},
    {"x":0.51467,
     "y":0.248},
    {"x":0.52267,
     "y":0.208},
    {"x":0.56,
     "y":0.18933},
    {"x":0.576,
     "y":0.216},
    {"x":0.56,
     "y":0.248},
    {"x":0.536,
     "y":0.28},
    {"x":0.50133,
     "y":0.31467},
    {"x":0.46933,
     "y":0.344},
    {"x":0.43733,
     "y":0.376},
    {"x":0.4,
     "y":0.36267},
    {"x":0.42933,
     "y":0.33067},
    {"x":0.456,
     "y":0.29867},
    {"x":0.45867,
     "y":0.25867},
    {"x":0.44267,
     "y":0.232},
    {"x":0.42133,
     "y":0.26667},
    {"x":0.41333,
     "y":0.304},
    {"x":0.384,
     "y":0.33067},
    {"x":0.352,
     "y":0.36},
    {"x":0.352,
     "y":0.39467},
    {"x":0.37867,
     "y":0.42933},
    {"x":0.37067,
     "y":0.46933},
    {"x":0.33067,
     "y":0.472},
    {"x":0.29067,
     "y":0.46667},
    {"x":0.27467,
     "y":0.464}],
 "triangles":[
    {"p1":19,
     "p2":30,
     "p3":31},
    {"p1":19,
     "p2":20,
     "p3":30},
    {"p1":70,
     "p2":71,
     "p3":72},
    {"p1":53,
     "p2":54,
     "p3":55},
    {"p1":53,
     "p2":55,
     "p3":56},
    {"p1":42,
     "p2":62,
     "p3":63},
    {"p1":70,
     "p2":72,
     "p3":73},
    {"p1":63,
     "p2":87,
     "p3":88},
    {"p1":24,
     "p2":25,
     "p3":26},
    {"p1":22,
     "p2":27,
     "p3":28},
    {"p1":39,
     "p2":40,
     "p3":91},
    {"p1":69,
     "p2":70,
     "p3":73},
    {"p1":53,
     "p2":56,
     "p3":57},
    {"p1":52,
     "p2":53,
     "p3":57},
    {"p1":52,
     "p2":57,
     "p3":58},
    {"p1":46,
     "p2":47,
     "p3":60},
    {"p1":45,
     "p2":46,
     "p3":60},
    {"p1":45,
     "p2":60,
     "p3":61},
    {"p1":45,
     "p2":61,
     "p3":62},
    {"p1":95,
     "p2":96,
     "p3":97},
    {"p1":40,
     "p2":41,
     "p3":89},
    {"p1":41,
     "p2":88,
     "p3":89},
    {"p1":41,
     "p2":42,
     "p3":63},
    {"p1":41,
     "p2":63,
     "p3":88},
    {"p1":82,
     "p2":83,
     "p3":84},
    {"p1":37,
     "p2":38,
     "p3":103},
    {"p1":38,
     "p2":39,
     "p3":103},
    {"p1":39,
     "p2":91,
     "p3":103},
    {"p1":91,
     "p2":102,
     "p3":103},
    {"p1":22,
     "p2":23,
     "p3":27},
    {"p1":23,
     "p2":26,
     "p3":27},
    {"p1":23,
     "p2":24,
     "p3":26},
    {"p1":20,
     "p2":29,
     "p3":30},
    {"p1":21,
     "p2":22,
     "p3":28},
    {"p1":20,
     "p2":21,
     "p3":29},
    {"p1":21,
     "p2":28,
     "p3":29},
    {"p1":94,
     "p2":95,
     "p3":97},
    {"p1":94,
     "p2":97,
     "p3":98},
    {"p1":40,
     "p2":89,
     "p3":90},
    {"p1":40,
     "p2":90,
     "p3":91},
    {"p1":63,
     "p2":64,
     "p3":87},
    {"p1":67,
     "p2":68,
     "p3":75},
    {"p1":66,
     "p2":67,
     "p3":75},
    {"p1":47,
     "p2":48,
     "p3":60},
    {"p1":48,
     "p2":59,
     "p3":60},
    {"p1":42,
     "p2":43,
     "p3":62},
    {"p1":81,
     "p2":82,
     "p3":84},
    {"p1":80,
     "p2":81,
     "p3":84},
    {"p1":34,
     "p2":35,
     "p3":103},
    {"p1":93,
     "p2":98,
     "p3":99},
    {"p1":93,
     "p2":94,
     "p3":98},
    {"p1":1,
     "p2":2,
     "p3":14},
    {"p1":7,
     "p2":8,
     "p3":9},
    {"p1":79,
     "p2":80,
     "p3":85},
    {"p1":80,
     "p2":84,
     "p3":85},
    {"p1":65,
     "p2":77,
     "p3":86},
    {"p1":65,
     "p2":86,
     "p3":87},
    {"p1":64,
     "p2":65,
     "p3":87},
    {"p1":68,
     "p2":74,
     "p3":75},
    {"p1":68,
     "p2":69,
     "p3":74},
    {"p1":69,
     "p2":73,
     "p3":74},
    {"p1":50,
     "p2":51,
     "p3":59},
    {"p1":51,
     "p2":52,
     "p3":58},
    {"p1":51,
     "p2":58,
     "p3":59},
    {"p1":49,
     "p2":50,
     "p3":59},
    {"p1":48,
     "p2":49,
     "p3":59},
    {"p1":44,
     "p2":45,
     "p3":62},
    {"p1":43,
     "p2":44,
     "p3":62},
    {"p1":36,
     "p2":37,
     "p3":103},
    {"p1":35,
     "p2":36,
     "p3":103},
    {"p1":15,
     "p2":16,
     "p3":104},
    {"p1":1,
     "p2":14,
     "p3":15},
    {"p1":17,
     "p2":103,
     "p3":104},
    {"p1":16,
     "p2":17,
     "p3":104},
    {"p1":17,
     "p2":34,
     "p3":103},
    {"p1":17,
     "p2":33,
     "p3":34},
    {"p1":17,
     "p2":32,
     "p3":33},
    {"p1":92,
     "p2":93,
     "p3":99},
    {"p1":92,
     "p2":99,
     "p3":100},
    {"p1":92,
     "p2":100,
     "p3":101},
    {"p1":92,
     "p2":101,
     "p3":102},
    {"p1":91,
     "p2":92,
     "p3":102},
    {"p1":66,
     "p2":75,
     "p3":76},
    {"p1":65,
     "p2":66,
     "p3":76},
    {"p1":65,
     "p2":76,
     "p3":77},
    {"p1":15,
     "p2":104,
     "p3":105},
    {"p1":0,
     "p2":1,
     "p3":105},
    {"p1":1,
     "p2":15,
     "p3":105},
    {"p1":18,
     "p2":19,
     "p3":31},
    {"p1":18,
     "p2":31,
     "p3":32},
    {"p1":17,
     "p2":18,
     "p3":32},
    {"p1":4,
     "p2":11,
     "p3":12},
    {"p1":78,
     "p2":79,
     "p3":85},
    {"p1":77,
     "p2":78,
     "p3":86},
    {"p1":78,
     "p2":85,
     "p3":86},
    {"p1":3,
     "p2":4,
     "p3":12},
    {"p1":3,
     "p2":12,
     "p3":13},
    {"p1":2,
     "p2":3,
     "p3":14},
    {"p1":3,
     "p2":13,
     "p3":14},
    {"p1":5,
     "p2":10,
     "p3":11},
    {"p1":4,
     "p2":5,
     "p3":11},
    {"p1":6,
     "p2":9,
     "p3":10},
    {"p1":5,
     "p2":6,
     "p3":10},
    {"p1":6,
     "p2":7,
     "p3":9}]
}