{"points":[
    {"x":0.22222,
     "y":0.40278},
    {"x":0.22377,
     "y":0.45216},
    {"x":0.21605,
     "y":0.50154},
    {"x":0.18827,
     "y":0.53549},
    {"x":0.18056,
     "y":0.58488},
    {"x":0.16512,
     "y":0.63272},
    {"x":0.12809,
     "y":0.65123},
    {"x":0.080247,
     "y":0.62346},
    {"x":0.041667,
     "y":0.59105},
    {"x":0,
     "y":0.6142},
    {"x":0.023148,
     "y":0.66358},
    {"x":0.04321,
     "y":0.71296},
    {"x":0.061728,
     "y":0.75926},
    {"x":0.064815,
     "y":0.80093},
    {"x":0.078704,
     "y":0.80247},
    {"x":0.11574,
     "y":0.78395},
    {"x":0.16358,
     "y":0.77006},
    {"x":0.21296,
     "y":0.74846},
    {"x":0.2608,
     "y":0.71296},
    {"x":0.30556,
     "y":0.66975},
    {"x":0.34722,
     "y":0.63889},
    {"x":0.3966,
     "y":0.62346},
    {"x":0.44599,
     "y":0.6034},
    {"x":0.49228,
     "y":0.57716},
    {"x":0.54167,
     "y":0.56944},
    {"x":0.59105,
     "y":0.57099},
    {"x":0.64043,
     "y":0.58025},
    {"x":0.68981,
     "y":0.59722},
    {"x":0.7392,
     "y":0.59259},
    {"x":0.78858,
     "y":0.5787},
    {"x":0.83796,
     "y":0.56019},
    {"x":0.88735,
     "y":0.58025},
    {"x":0.93364,
     "y":0.61111},
    {"x":0.98302,
     "y":0.60802},
    {"x":1,
     "y":0.55864},
    {"x":0.99537,
     "y":0.50926},
    {"x":0.99383,
     "y":0.45988},
    {"x":0.97377,
     "y":0.4321},
    {"x":0.94136,
     "y":0.45988},
    {"x":0.91049,
     "y":0.49074},
    {"x":0.87654,
     "y":0.52315},
    {"x":0.88117,
     "y":0.48765},
    {"x":0.88117,
     "y":0.43827},
    {"x":0.8642,
     "y":0.38889},
    {"x":0.84877,
     "y":0.34259},
    {"x":0.85031,
     "y":0.29321},
    {"x":0.88889,
     "y":0.25154},
    {"x":0.90123,
     "y":0.20216},
    {"x":0.89506,
     "y":0.15278},
    {"x":0.89815,
     "y":0.1034},
    {"x":0.90123,
     "y":0.054012},
    {"x":0.88272,
     "y":0.012346},
    {"x":0.83796,
     "y":0.012346},
    {"x":0.86265,
     "y":0.061728},
    {"x":0.87037,
     "y":0.10957},
    {"x":0.86728,
     "y":0.15895},
    {"x":0.84259,
     "y":0.20833},
    {"x":0.81636,
     "y":0.21914},
    {"x":0.79012,
     "y":0.1713},
    {"x":0.77623,
     "y":0.12191},
    {"x":0.7716,
     "y":0.072531},
    {"x":0.74537,
     "y":0.035494},
    {"x":0.70062,
     "y":0.024691},
    {"x":0.72377,
     "y":0.066358},
    {"x":0.74846,
     "y":0.1142},
    {"x":0.7608,
     "y":0.16358},
    {"x":0.7608,
     "y":0.21296},
    {"x":0.75,
     "y":0.26235},
    {"x":0.73611,
     "y":0.31173},
    {"x":0.70988,
     "y":0.35648},
    {"x":0.66667,
     "y":0.37037},
    {"x":0.61728,
     "y":0.3534},
    {"x":0.5679,
     "y":0.34259},
    {"x":0.51852,
     "y":0.34105},
    {"x":0.46914,
     "y":0.34722},
    {"x":0.41975,
     "y":0.34722},
    {"x":0.38426,
     "y":0.32099},
    {"x":0.38426,
     "y":0.2716},
    {"x":0.39198,
     "y":0.22222},
    {"x":0.38889,
     "y":0.17284},
    {"x":0.39352,
     "y":0.12346},
    {"x":0.40895,
     "y":0.074074},
    {"x":0.39198,
     "y":0.029321},
    {"x":0.34568,
     "y":0.013889},
    {"x":0.36574,
     "y":0.057099},
    {"x":0.375,
     "y":0.10648},
    {"x":0.36728,
     "y":0.15586},
    {"x":0.34722,
     "y":0.20525},
    {"x":0.33951,
     "y":0.25463},
    {"x":0.33333,
     "y":0.20833},
    {"x":0.33025,
     "y":0.15895},
    {"x":0.32716,
     "y":0.10957},
    {"x":0.33488,
     "y":0.060185},
    {"x":0.32562,
     "y":0.016975},
    {"x":0.28086,
     "y":0},
    {"x":0.2963,
     "y":0.044753},
    {"x":0.30401,
     "y":0.094136},
    {"x":0.29938,
     "y":0.14352},
    {"x":0.29012,
     "y":0.1929},
    {"x":0.28549,
     "y":0.24228},
    {"x":0.27315,
     "y":0.29167},
    {"x":0.24691,
     "y":0.33796},
    {"x":0.22685,
     "y":0.38735},
    {"x":0.22222,
     "y":0.40278}],
 "triangles":[
    {"p1":32,
     "p2":33,
     "p3":34},
    {"p1":12,
     "p2":13,
     "p3":14},
    {"p1":6,
     "p2":11,
     "p3":12},
    {"p1":36,
     "p2":37,
     "p3":38},
    {"p1":35,
     "p2":36,
     "p3":38},
    {"p1":8,
     "p2":9,
     "p3":10},
    {"p1":6,
     "p2":16,
     "p3":17},
    {"p1":7,
     "p2":10,
     "p3":11},
    {"p1":6,
     "p2":7,
     "p3":11},
    {"p1":7,
     "p2":8,
     "p3":10},
    {"p1":5,
     "p2":17,
     "p3":18},
    {"p1":5,
     "p2":6,
     "p3":17},
    {"p1":88,
     "p2":99,
     "p3":100},
    {"p1":35,
     "p2":38,
     "p3":39},
    {"p1":34,
     "p2":35,
     "p3":39},
    {"p1":2,
     "p2":4,
     "p3":20},
    {"p1":1,
     "p2":2,
     "p3":21},
    {"p1":2,
     "p2":20,
     "p3":21},
    {"p1":4,
     "p2":19,
     "p3":20},
    {"p1":4,
     "p2":5,
     "p3":19},
    {"p1":5,
     "p2":18,
     "p3":19},
    {"p1":0,
     "p2":1,
     "p3":102},
    {"p1":12,
     "p2":14,
     "p3":15},
    {"p1":6,
     "p2":12,
     "p3":15},
    {"p1":6,
     "p2":15,
     "p3":16},
    {"p1":82,
     "p2":83,
     "p3":84},
    {"p1":81,
     "p2":82,
     "p3":84},
    {"p1":61,
     "p2":62,
     "p3":63},
    {"p1":24,
     "p2":25,
     "p3":71},
    {"p1":24,
     "p2":71,
     "p3":72},
    {"p1":23,
     "p2":24,
     "p3":74},
    {"p1":88,
     "p2":89,
     "p3":99},
    {"p1":89,
     "p2":98,
     "p3":99},
    {"p1":31,
     "p2":32,
     "p3":34},
    {"p1":31,
     "p2":34,
     "p3":39},
    {"p1":2,
     "p2":3,
     "p3":4},
    {"p1":93,
     "p2":94,
     "p3":95},
    {"p1":92,
     "p2":95,
     "p3":96},
    {"p1":92,
     "p2":93,
     "p3":95},
    {"p1":48,
     "p2":49,
     "p3":54},
    {"p1":81,
     "p2":84,
     "p3":85},
    {"p1":80,
     "p2":81,
     "p3":85},
    {"p1":24,
     "p2":72,
     "p3":73},
    {"p1":24,
     "p2":73,
     "p3":74},
    {"p1":59,
     "p2":60,
     "p3":64},
    {"p1":60,
     "p2":61,
     "p3":63},
    {"p1":60,
     "p2":63,
     "p3":64},
    {"p1":28,
     "p2":29,
     "p3":69},
    {"p1":29,
     "p2":30,
     "p3":41},
    {"p1":29,
     "p2":41,
     "p3":42},
    {"p1":29,
     "p2":42,
     "p3":69},
    {"p1":31,
     "p2":39,
     "p3":40},
    {"p1":30,
     "p2":31,
     "p3":40},
    {"p1":30,
     "p2":40,
     "p3":41},
    {"p1":91,
     "p2":92,
     "p3":96},
    {"p1":91,
     "p2":96,
     "p3":97},
    {"p1":76,
     "p2":101,
     "p3":102},
    {"p1":76,
     "p2":100,
     "p3":101},
    {"p1":76,
     "p2":88,
     "p3":100},
    {"p1":76,
     "p2":77,
     "p3":88},
    {"p1":78,
     "p2":79,
     "p3":87},
    {"p1":78,
     "p2":87,
     "p3":88},
    {"p1":77,
     "p2":78,
     "p3":88},
    {"p1":49,
     "p2":53,
     "p3":54},
    {"p1":49,
     "p2":50,
     "p3":53},
    {"p1":50,
     "p2":51,
     "p3":53},
    {"p1":51,
     "p2":52,
     "p3":53},
    {"p1":45,
     "p2":67,
     "p3":68},
    {"p1":25,
     "p2":70,
     "p3":71},
    {"p1":25,
     "p2":26,
     "p3":70},
    {"p1":28,
     "p2":69,
     "p3":70},
    {"p1":27,
     "p2":28,
     "p3":70},
    {"p1":26,
     "p2":27,
     "p3":70},
    {"p1":59,
     "p2":64,
     "p3":65},
    {"p1":58,
     "p2":59,
     "p3":65},
    {"p1":58,
     "p2":65,
     "p3":66},
    {"p1":47,
     "p2":48,
     "p3":55},
    {"p1":48,
     "p2":54,
     "p3":55},
    {"p1":57,
     "p2":58,
     "p3":66},
    {"p1":57,
     "p2":66,
     "p3":67},
    {"p1":45,
     "p2":57,
     "p3":67},
    {"p1":90,
     "p2":91,
     "p3":97},
    {"p1":90,
     "p2":97,
     "p3":98},
    {"p1":89,
     "p2":90,
     "p3":98},
    {"p1":23,
     "p2":74,
     "p3":75},
    {"p1":22,
     "p2":23,
     "p3":75},
    {"p1":1,
     "p2":21,
     "p3":75},
    {"p1":21,
     "p2":22,
     "p3":75},
    {"p1":1,
     "p2":75,
     "p3":102},
    {"p1":75,
     "p2":76,
     "p3":102},
    {"p1":44,
     "p2":45,
     "p3":68},
    {"p1":44,
     "p2":68,
     "p3":69},
    {"p1":47,
     "p2":55,
     "p3":56},
    {"p1":46,
     "p2":47,
     "p3":56},
    {"p1":45,
     "p2":46,
     "p3":56},
    {"p1":45,
     "p2":56,
     "p3":57},
    {"p1":80,
     "p2":85,
     "p3":86},
    {"p1":79,
     "p2":80,
     "p3":86},
    {"p1":79,
     "p2":86,
     "p3":87},
    {"p1":42,
     "p2":43,
     "p3":69},
    {"p1":43,
     "p2":44,
     "p3":69}]
}