{"points":[
    {"x":0,
     "y":0.52532},
    {"x":0.0063291,
     "y":0.56962},
    {"x":0.012658,
     "y":0.61392},
    {"x":0.025316,
     "y":0.65823},
    {"x":0.037975,
     "y":0.70253},
    {"x":0.056962,
     "y":0.74684},
    {"x":0.075949,
     "y":0.79114},
    {"x":0.10127,
     "y":0.83544},
    {"x":0.13291,
     "y":0.87975},
    {"x":0.17089,
     "y":0.91139},
    {"x":0.20886,
     "y":0.94304},
    {"x":0.25316,
     "y":0.96835},
    {"x":0.29747,
     "y":0.98101},
    {"x":0.34177,
     "y":0.99367},
    {"x":0.38608,
     "y":0.98734},
    {"x":0.43038,
     "y":0.98101},
    {"x":0.47468,
     "y":0.98734},
    {"x":0.51899,
     "y":0.98734},
    {"x":0.56329,
     "y":1},
    {"x":0.60759,
     "y":0.99367},
    {"x":0.6519,
     "y":0.97468},
    {"x":0.6962,
     "y":0.94937},
    {"x":0.74051,
     "y":0.92405},
    {"x":0.78481,
     "y":0.88608},
    {"x":0.81646,
     "y":0.8481},
    {"x":0.8481,
     "y":0.8038},
    {"x":0.87975,
     "y":0.75949},
    {"x":0.89873,
     "y":0.71519},
    {"x":0.91772,
     "y":0.67089},
    {"x":0.92405,
     "y":0.62658},
    {"x":0.93038,
     "y":0.58228},
    {"x":0.93671,
     "y":0.53797},
    {"x":0.94304,
     "y":0.49367},
    {"x":0.94304,
     "y":0.44937},
    {"x":0.93671,
     "y":0.40506},
    {"x":0.93038,
     "y":0.36076},
    {"x":0.91772,
     "y":0.31646},
    {"x":0.90506,
     "y":0.27215},
    {"x":0.88608,
     "y":0.22785},
    {"x":0.86709,
     "y":0.18354},
    {"x":0.84177,
     "y":0.13924},
    {"x":0.82278,
     "y":0.094937},
    {"x":0.79747,
     "y":0.050633},
    {"x":0.77215,
     "y":0.0063291},
    {"x":0.72785,
     "y":0.0063291},
    {"x":0.68354,
     "y":0.012658},
    {"x":0.68987,
     "y":0.056962},
    {"x":0.6962,
     "y":0.10127},
    {"x":0.70886,
     "y":0.14557},
    {"x":0.72152,
     "y":0.18987},
    {"x":0.73418,
     "y":0.23418},
    {"x":0.74684,
     "y":0.27848},
    {"x":0.74684,
     "y":0.32278},
    {"x":0.75316,
     "y":0.36709},
    {"x":0.75949,
     "y":0.41139},
    {"x":0.76582,
     "y":0.4557},
    {"x":0.76582,
     "y":0.5},
    {"x":0.75949,
     "y":0.5443},
    {"x":0.75316,
     "y":0.58861},
    {"x":0.74051,
     "y":0.63291},
    {"x":0.71519,
     "y":0.67722},
    {"x":0.68987,
     "y":0.72152},
    {"x":0.6519,
     "y":0.75949},
    {"x":0.60759,
     "y":0.79747},
    {"x":0.56329,
     "y":0.81646},
    {"x":0.51899,
     "y":0.82911},
    {"x":0.47468,
     "y":0.83544},
    {"x":0.43038,
     "y":0.84177},
    {"x":0.38608,
     "y":0.82911},
    {"x":0.34177,
     "y":0.81013},
    {"x":0.29747,
     "y":0.77215},
    {"x":0.25949,
     "y":0.72785},
    {"x":0.22785,
     "y":0.68354},
    {"x":0.20886,
     "y":0.63924},
    {"x":0.18987,
     "y":0.59494},
    {"x":0.17722,
     "y":0.55063},
    {"x":0.17089,
     "y":0.50633},
    {"x":0.16456,
     "y":0.46203},
    {"x":0.16456,
     "y":0.41772},
    {"x":0.16456,
     "y":0.37342},
    {"x":0.17089,
     "y":0.32911},
    {"x":0.17722,
     "y":0.28481},
    {"x":0.18987,
     "y":0.24051},
    {"x":0.20253,
     "y":0.1962},
    {"x":0.22152,
     "y":0.1519},
    {"x":0.24051,
     "y":0.10759},
    {"x":0.25316,
     "y":0.063291},
    {"x":0.25949,
     "y":0.018987},
    {"x":0.22785,
     "y":0},
    {"x":0.18354,
     "y":0},
    {"x":0.14557,
     "y":0.012658},
    {"x":0.11392,
     "y":0.056962},
    {"x":0.088608,
     "y":0.10127},
    {"x":0.06962,
     "y":0.14557},
    {"x":0.050633,
     "y":0.18987},
    {"x":0.031646,
     "y":0.23418},
    {"x":0.018987,
     "y":0.27848},
    {"x":0.0063291,
     "y":0.32278},
    {"x":0,
     "y":0.36709},
    {"x":0,
     "y":0.41139},
    {"x":0,
     "y":0.4557},
    {"x":0,
     "y":0.5},
    {"x":0,
     "y":0.52532}],
 "triangles":[
    {"p1":85,
     "p2":89,
     "p3":90},
    {"p1":82,
     "p2":83,
     "p3":94},
    {"p1":85,
     "p2":90,
     "p3":91},
    {"p1":10,
     "p2":11,
     "p3":69},
    {"p1":35,
     "p2":36,
     "p3":53},
    {"p1":83,
     "p2":84,
     "p3":92},
    {"p1":84,
     "p2":91,
     "p3":92},
    {"p1":84,
     "p2":85,
     "p3":91},
    {"p1":86,
     "p2":87,
     "p3":88},
    {"p1":86,
     "p2":88,
     "p3":89},
    {"p1":85,
     "p2":86,
     "p3":89},
    {"p1":32,
     "p2":55,
     "p3":56},
    {"p1":32,
     "p2":33,
     "p3":55},
    {"p1":35,
     "p2":53,
     "p3":54},
    {"p1":82,
     "p2":94,
     "p3":95},
    {"p1":83,
     "p2":92,
     "p3":93},
    {"p1":83,
     "p2":93,
     "p3":94},
    {"p1":11,
     "p2":12,
     "p3":69},
    {"p1":25,
     "p2":60,
     "p3":61},
    {"p1":25,
     "p2":26,
     "p3":60},
    {"p1":26,
     "p2":27,
     "p3":60},
    {"p1":27,
     "p2":59,
     "p3":60},
    {"p1":39,
     "p2":40,
     "p3":50},
    {"p1":38,
     "p2":39,
     "p3":50},
    {"p1":44,
     "p2":45,
     "p3":46},
    {"p1":42,
     "p2":43,
     "p3":44},
    {"p1":42,
     "p2":44,
     "p3":46},
    {"p1":34,
     "p2":35,
     "p3":54},
    {"p1":33,
     "p2":34,
     "p3":55},
    {"p1":34,
     "p2":54,
     "p3":55},
    {"p1":17,
     "p2":65,
     "p3":66},
    {"p1":16,
     "p2":17,
     "p3":66},
    {"p1":14,
     "p2":15,
     "p3":67},
    {"p1":79,
     "p2":97,
     "p3":98},
    {"p1":79,
     "p2":98,
     "p3":99},
    {"p1":78,
     "p2":79,
     "p3":99},
    {"p1":78,
     "p2":99,
     "p3":100},
    {"p1":77,
     "p2":78,
     "p3":100},
    {"p1":79,
     "p2":80,
     "p3":97},
    {"p1":24,
     "p2":25,
     "p3":61},
    {"p1":24,
     "p2":61,
     "p3":62},
    {"p1":23,
     "p2":24,
     "p3":62},
    {"p1":31,
     "p2":56,
     "p3":57},
    {"p1":30,
     "p2":31,
     "p3":57},
    {"p1":31,
     "p2":32,
     "p3":56},
    {"p1":29,
     "p2":58,
     "p3":59},
    {"p1":29,
     "p2":30,
     "p3":58},
    {"p1":30,
     "p2":57,
     "p3":58},
    {"p1":28,
     "p2":29,
     "p3":59},
    {"p1":27,
     "p2":28,
     "p3":59},
    {"p1":40,
     "p2":49,
     "p3":50},
    {"p1":36,
     "p2":52,
     "p3":53},
    {"p1":36,
     "p2":37,
     "p3":52},
    {"p1":20,
     "p2":63,
     "p3":64},
    {"p1":19,
     "p2":20,
     "p3":64},
    {"p1":18,
     "p2":19,
     "p3":64},
    {"p1":22,
     "p2":23,
     "p3":62},
    {"p1":22,
     "p2":62,
     "p3":63},
    {"p1":14,
     "p2":67,
     "p3":68},
    {"p1":13,
     "p2":14,
     "p3":68},
    {"p1":12,
     "p2":68,
     "p3":69},
    {"p1":12,
     "p2":13,
     "p3":68},
    {"p1":77,
     "p2":100,
     "p3":101},
    {"p1":80,
     "p2":96,
     "p3":97},
    {"p1":81,
     "p2":82,
     "p3":95},
    {"p1":81,
     "p2":95,
     "p3":96},
    {"p1":80,
     "p2":81,
     "p3":96},
    {"p1":40,
     "p2":41,
     "p3":48},
    {"p1":40,
     "p2":48,
     "p3":49},
    {"p1":38,
     "p2":50,
     "p3":51},
    {"p1":37,
     "p2":38,
     "p3":51},
    {"p1":37,
     "p2":51,
     "p3":52},
    {"p1":20,
     "p2":21,
     "p3":63},
    {"p1":21,
     "p2":22,
     "p3":63},
    {"p1":0,
     "p2":1,
     "p3":76},
    {"p1":1,
     "p2":75,
     "p3":76},
    {"p1":0,
     "p2":76,
     "p3":101},
    {"p1":76,
     "p2":77,
     "p3":101},
    {"p1":3,
     "p2":73,
     "p3":74},
    {"p1":42,
     "p2":46,
     "p3":47},
    {"p1":41,
     "p2":42,
     "p3":47},
    {"p1":41,
     "p2":47,
     "p3":48},
    {"p1":1,
     "p2":2,
     "p3":75},
    {"p1":2,
     "p2":74,
     "p3":75},
    {"p1":2,
     "p2":3,
     "p3":74},
    {"p1":10,
     "p2":69,
     "p3":70},
    {"p1":9,
     "p2":10,
     "p3":70},
    {"p1":8,
     "p2":9,
     "p3":70},
    {"p1":8,
     "p2":70,
     "p3":71},
    {"p1":7,
     "p2":8,
     "p3":71},
    {"p1":5,
     "p2":72,
     "p3":73},
    {"p1":5,
     "p2":6,
     "p3":72},
    {"p1":6,
     "p2":7,
     "p3":71},
    {"p1":6,
     "p2":71,
     "p3":72},
    {"p1":4,
     "p2":5,
     "p3":73},
    {"p1":3,
     "p2":4,
     "p3":73},
    {"p1":15,
     "p2":66,
     "p3":67},
    {"p1":15,
     "p2":16,
     "p3":66},
    {"p1":17,
     "p2":64,
     "p3":65},
    {"p1":17,
     "p2":18,
     "p3":64}]
}