{"points":[
    {"x":0.13389,
     "y":0.5007},
    {"x":0.15063,
     "y":0.54254},
    {"x":0.16039,
     "y":0.58438},
    {"x":0.16736,
     "y":0.62762},
    {"x":0.17992,
     "y":0.67085},
    {"x":0.21199,
     "y":0.7099},
    {"x":0.24268,
     "y":0.75174},
    {"x":0.25802,
     "y":0.79777},
    {"x":0.27615,
     "y":0.8424},
    {"x":0.28452,
     "y":0.88563},
    {"x":0.24547,
     "y":0.91353},
    {"x":0.20223,
     "y":0.93166},
    {"x":0.16876,
     "y":0.96374},
    {"x":0.19944,
     "y":0.99303},
    {"x":0.24407,
     "y":0.98605},
    {"x":0.28731,
     "y":0.99163},
    {"x":0.32915,
     "y":0.99303},
    {"x":0.35704,
     "y":1},
    {"x":0.36402,
     "y":0.95816},
    {"x":0.38354,
     "y":0.91632},
    {"x":0.3947,
     "y":0.87029},
    {"x":0.39749,
     "y":0.82566},
    {"x":0.40028,
     "y":0.78243},
    {"x":0.40307,
     "y":0.7364},
    {"x":0.41423,
     "y":0.69317},
    {"x":0.42538,
     "y":0.65132},
    {"x":0.43933,
     "y":0.6053},
    {"x":0.47141,
     "y":0.56764},
    {"x":0.50907,
     "y":0.53835},
    {"x":0.5537,
     "y":0.50767},
    {"x":0.59275,
     "y":0.47838},
    {"x":0.6304,
     "y":0.44351},
    {"x":0.6569,
     "y":0.40028},
    {"x":0.69596,
     "y":0.37099},
    {"x":0.71688,
     "y":0.33194},
    {"x":0.71269,
     "y":0.2887},
    {"x":0.69038,
     "y":0.25105},
    {"x":0.65969,
     "y":0.21199},
    {"x":0.62483,
     "y":0.17573},
    {"x":0.59833,
     "y":0.13529},
    {"x":0.57183,
     "y":0.097629},
    {"x":0.53417,
     "y":0.073919},
    {"x":0.50209,
     "y":0.089261},
    {"x":0.51325,
     "y":0.12413},
    {"x":0.53556,
     "y":0.16318},
    {"x":0.5523,
     "y":0.20084},
    {"x":0.55509,
     "y":0.22315},
    {"x":0.52301,
     "y":0.18689},
    {"x":0.50767,
     "y":0.14226},
    {"x":0.48257,
     "y":0.106},
    {"x":0.44909,
     "y":0.07113},
    {"x":0.4212,
     "y":0.036262},
    {"x":0.38354,
     "y":0.0083682},
    {"x":0.34589,
     "y":0},
    {"x":0.35286,
     "y":0.026499},
    {"x":0.39331,
     "y":0.046025},
    {"x":0.42678,
     "y":0.078103},
    {"x":0.45188,
     "y":0.11994},
    {"x":0.47001,
     "y":0.16318},
    {"x":0.47978,
     "y":0.20642},
    {"x":0.46583,
     "y":0.21757},
    {"x":0.4463,
     "y":0.17852},
    {"x":0.4212,
     "y":0.14644},
    {"x":0.37936,
     "y":0.12692},
    {"x":0.3417,
     "y":0.10181},
    {"x":0.30544,
     "y":0.072524},
    {"x":0.27476,
     "y":0.061367},
    {"x":0.23989,
     "y":0.086471},
    {"x":0.27894,
     "y":0.099024},
    {"x":0.32218,
     "y":0.11576},
    {"x":0.35983,
     "y":0.14365},
    {"x":0.39052,
     "y":0.17992},
    {"x":0.41283,
     "y":0.22036},
    {"x":0.42538,
     "y":0.26499},
    {"x":0.43794,
     "y":0.30823},
    {"x":0.42538,
     "y":0.34589},
    {"x":0.3947,
     "y":0.37657},
    {"x":0.35565,
     "y":0.39749},
    {"x":0.31381,
     "y":0.43096},
    {"x":0.28033,
     "y":0.46862},
    {"x":0.24268,
     "y":0.47978},
    {"x":0.21199,
     "y":0.44491},
    {"x":0.18131,
     "y":0.40446},
    {"x":0.15063,
     "y":0.3682},
    {"x":0.12552,
     "y":0.33054},
    {"x":0.096234,
     "y":0.30404},
    {"x":0.064156,
     "y":0.2887},
    {"x":0.062762,
     "y":0.31381},
    {"x":0.10321,
     "y":0.33752},
    {"x":0.1311,
     "y":0.37378},
    {"x":0.15063,
     "y":0.41841},
    {"x":0.17434,
     "y":0.46025},
    {"x":0.16457,
     "y":0.46444},
    {"x":0.13529,
     "y":0.42538},
    {"x":0.10042,
     "y":0.38773},
    {"x":0.072524,
     "y":0.35286},
    {"x":0.04463,
     "y":0.32357},
    {"x":0.0069735,
     "y":0.3152},
    {"x":0,
     "y":0.34589},
    {"x":0.041841,
     "y":0.35286},
    {"x":0.078103,
     "y":0.39191},
    {"x":0.096234,
     "y":0.42957},
    {"x":0.11715,
     "y":0.47141},
    {"x":0.13389,
     "y":0.5007}],
 "triangles":[
    {"p1":33,
     "p2":34,
     "p3":35},
    {"p1":9,
     "p2":19,
     "p3":20},
    {"p1":96,
     "p2":97,
     "p3":98},
    {"p1":85,
     "p2":87,
     "p3":88},
    {"p1":85,
     "p2":86,
     "p3":87},
    {"p1":9,
     "p2":10,
     "p3":15},
    {"p1":11,
     "p2":12,
     "p3":13},
    {"p1":5,
     "p2":6,
     "p3":24},
    {"p1":60,
     "p2":73,
     "p3":74},
    {"p1":46,
     "p2":60,
     "p3":74},
    {"p1":31,
     "p2":32,
     "p3":74},
    {"p1":32,
     "p2":46,
     "p3":74},
    {"p1":66,
     "p2":67,
     "p3":68},
    {"p1":9,
     "p2":15,
     "p3":18},
    {"p1":15,
     "p2":16,
     "p3":18},
    {"p1":9,
     "p2":18,
     "p3":19},
    {"p1":16,
     "p2":17,
     "p3":18},
    {"p1":7,
     "p2":8,
     "p3":22},
    {"p1":8,
     "p2":21,
     "p3":22},
    {"p1":8,
     "p2":9,
     "p3":20},
    {"p1":8,
     "p2":20,
     "p3":21},
    {"p1":10,
     "p2":14,
     "p3":15},
    {"p1":11,
     "p2":13,
     "p3":14},
    {"p1":10,
     "p2":11,
     "p3":14},
    {"p1":3,
     "p2":4,
     "p3":5},
    {"p1":5,
     "p2":24,
     "p3":25},
    {"p1":3,
     "p2":5,
     "p3":25},
    {"p1":6,
     "p2":23,
     "p3":24},
    {"p1":7,
     "p2":22,
     "p3":23},
    {"p1":6,
     "p2":7,
     "p3":23},
    {"p1":36,
     "p2":37,
     "p3":46},
    {"p1":32,
     "p2":36,
     "p3":46},
    {"p1":33,
     "p2":35,
     "p3":36},
    {"p1":32,
     "p2":33,
     "p3":36},
    {"p1":60,
     "p2":72,
     "p3":73},
    {"p1":40,
     "p2":41,
     "p3":43},
    {"p1":40,
     "p2":43,
     "p3":44},
    {"p1":37,
     "p2":38,
     "p3":46},
    {"p1":30,
     "p2":31,
     "p3":75},
    {"p1":31,
     "p2":74,
     "p3":75},
    {"p1":29,
     "p2":30,
     "p3":75},
    {"p1":29,
     "p2":75,
     "p3":76},
    {"p1":27,
     "p2":76,
     "p3":77},
    {"p1":25,
     "p2":26,
     "p3":79},
    {"p1":3,
     "p2":25,
     "p3":79},
    {"p1":27,
     "p2":77,
     "p3":78},
    {"p1":26,
     "p2":27,
     "p3":78},
    {"p1":26,
     "p2":78,
     "p3":79},
    {"p1":84,
     "p2":85,
     "p3":88},
    {"p1":84,
     "p2":88,
     "p3":89},
    {"p1":96,
     "p2":98,
     "p3":99},
    {"p1":95,
     "p2":96,
     "p3":99},
    {"p1":95,
     "p2":99,
     "p3":100},
    {"p1":51,
     "p2":52,
     "p3":55},
    {"p1":65,
     "p2":66,
     "p3":68},
    {"p1":63,
     "p2":70,
     "p3":71},
    {"p1":62,
     "p2":63,
     "p3":71},
    {"p1":63,
     "p2":64,
     "p3":70},
    {"p1":41,
     "p2":42,
     "p3":43},
    {"p1":38,
     "p2":45,
     "p3":46},
    {"p1":39,
     "p2":40,
     "p3":44},
    {"p1":39,
     "p2":44,
     "p3":45},
    {"p1":38,
     "p2":39,
     "p3":45},
    {"p1":46,
     "p2":59,
     "p3":60},
    {"p1":46,
     "p2":47,
     "p3":59},
    {"p1":28,
     "p2":29,
     "p3":76},
    {"p1":27,
     "p2":28,
     "p3":76},
    {"p1":1,
     "p2":2,
     "p3":80},
    {"p1":2,
     "p2":3,
     "p3":80},
    {"p1":3,
     "p2":79,
     "p3":80},
    {"p1":83,
     "p2":84,
     "p3":89},
    {"p1":64,
     "p2":69,
     "p3":70},
    {"p1":65,
     "p2":68,
     "p3":69},
    {"p1":64,
     "p2":65,
     "p3":69},
    {"p1":94,
     "p2":95,
     "p3":100},
    {"p1":52,
     "p2":53,
     "p3":54},
    {"p1":52,
     "p2":54,
     "p3":55},
    {"p1":50,
     "p2":56,
     "p3":57},
    {"p1":51,
     "p2":55,
     "p3":56},
    {"p1":50,
     "p2":51,
     "p3":56},
    {"p1":49,
     "p2":50,
     "p3":57},
    {"p1":47,
     "p2":58,
     "p3":59},
    {"p1":47,
     "p2":48,
     "p3":58},
    {"p1":49,
     "p2":57,
     "p3":58},
    {"p1":48,
     "p2":49,
     "p3":58},
    {"p1":92,
     "p2":93,
     "p3":102},
    {"p1":0,
     "p2":92,
     "p3":102},
    {"p1":0,
     "p2":1,
     "p3":92},
    {"p1":83,
     "p2":89,
     "p3":90},
    {"p1":82,
     "p2":83,
     "p3":90},
    {"p1":94,
     "p2":100,
     "p3":101},
    {"p1":93,
     "p2":94,
     "p3":101},
    {"p1":93,
     "p2":101,
     "p3":102},
    {"p1":60,
     "p2":61,
     "p3":72},
    {"p1":61,
     "p2":71,
     "p3":72},
    {"p1":61,
     "p2":62,
     "p3":71},
    {"p1":82,
     "p2":90,
     "p3":91},
    {"p1":81,
     "p2":82,
     "p3":91},
    {"p1":80,
     "p2":81,
     "p3":91},
    {"p1":1,
     "p2":80,
     "p3":91},
    {"p1":1,
     "p2":91,
     "p3":92}]
}