{"points":[
    {"x":0.38889,
     "y":0.5614},
    {"x":0.34795,
     "y":0.57602},
    {"x":0.30117,
     "y":0.58918},
    {"x":0.26023,
     "y":0.62135},
    {"x":0.21491,
     "y":0.66374},
    {"x":0.16959,
     "y":0.69152},
    {"x":0.12135,
     "y":0.69152},
    {"x":0.074561,
     "y":0.68275},
    {"x":0.026316,
     "y":0.69152},
    {"x":0,
     "y":0.7193},
    {"x":0.045322,
     "y":0.71784},
    {"x":0.090643,
     "y":0.71199},
    {"x":0.13889,
     "y":0.72368},
    {"x":0.18567,
     "y":0.7383},
    {"x":0.22807,
     "y":0.71784},
    {"x":0.27339,
     "y":0.68275},
    {"x":0.32164,
     "y":0.69883},
    {"x":0.36842,
     "y":0.72076},
    {"x":0.39327,
     "y":0.7383},
    {"x":0.34357,
     "y":0.76023},
    {"x":0.29386,
     "y":0.77485},
    {"x":0.24854,
     "y":0.79825},
    {"x":0.20175,
     "y":0.83041},
    {"x":0.17105,
     "y":0.86257},
    {"x":0.14035,
     "y":0.90351},
    {"x":0.15643,
     "y":0.91959},
    {"x":0.1652,
     "y":0.93275},
    {"x":0.20906,
     "y":0.90789},
    {"x":0.25146,
     "y":0.87427},
    {"x":0.29386,
     "y":0.84064},
    {"x":0.33626,
     "y":0.8114},
    {"x":0.38158,
     "y":0.78216},
    {"x":0.42398,
     "y":0.74415},
    {"x":0.47076,
     "y":0.71784},
    {"x":0.51754,
     "y":0.69591},
    {"x":0.5614,
     "y":0.6652},
    {"x":0.59064,
     "y":0.62427},
    {"x":0.61842,
     "y":0.58187},
    {"x":0.66228,
     "y":0.54825},
    {"x":0.71053,
     "y":0.53947},
    {"x":0.74708,
     "y":0.54825},
    {"x":0.78216,
     "y":0.55848},
    {"x":0.82895,
     "y":0.55556},
    {"x":0.87427,
     "y":0.55556},
    {"x":0.92398,
     "y":0.54825},
    {"x":0.9693,
     "y":0.5424},
    {"x":0.98538,
     "y":0.53947},
    {"x":0.99854,
     "y":0.51754},
    {"x":1,
     "y":0.4693},
    {"x":0.99269,
     "y":0.42105},
    {"x":0.98246,
     "y":0.37427},
    {"x":0.96053,
     "y":0.33187},
    {"x":0.92105,
     "y":0.34211},
    {"x":0.9152,
     "y":0.38596},
    {"x":0.90205,
     "y":0.43421},
    {"x":0.86988,
     "y":0.43567},
    {"x":0.83187,
     "y":0.40497},
    {"x":0.7924,
     "y":0.37719},
    {"x":0.76023,
     "y":0.33772},
    {"x":0.72368,
     "y":0.30263},
    {"x":0.69591,
     "y":0.26754},
    {"x":0.73099,
     "y":0.22368},
    {"x":0.77193,
     "y":0.18713},
    {"x":0.77485,
     "y":0.14035},
    {"x":0.78363,
     "y":0.092105},
    {"x":0.79532,
     "y":0.045322},
    {"x":0.80117,
     "y":0},
    {"x":0.76462,
     "y":0.024854},
    {"x":0.76316,
     "y":0.068713},
    {"x":0.75439,
     "y":0.1155},
    {"x":0.7383,
     "y":0.15789},
    {"x":0.7076,
     "y":0.19444},
    {"x":0.66374,
     "y":0.22807},
    {"x":0.61988,
     "y":0.2617},
    {"x":0.6038,
     "y":0.29678},
    {"x":0.57456,
     "y":0.25439},
    {"x":0.53801,
     "y":0.22661},
    {"x":0.51316,
     "y":0.2617},
    {"x":0.49854,
     "y":0.30848},
    {"x":0.4883,
     "y":0.35819},
    {"x":0.50585,
     "y":0.3962},
    {"x":0.52485,
     "y":0.35088},
    {"x":0.52778,
     "y":0.30263},
    {"x":0.54386,
     "y":0.2924},
    {"x":0.55848,
     "y":0.33333},
    {"x":0.55702,
     "y":0.38012},
    {"x":0.52339,
     "y":0.41959},
    {"x":0.49269,
     "y":0.46345},
    {"x":0.46784,
     "y":0.49269},
    {"x":0.42544,
     "y":0.45614},
    {"x":0.40936,
     "y":0.4152},
    {"x":0.43567,
     "y":0.37719},
    {"x":0.46199,
     "y":0.33333},
    {"x":0.48392,
     "y":0.28655},
    {"x":0.44737,
     "y":0.29094},
    {"x":0.43129,
     "y":0.33626},
    {"x":0.40205,
     "y":0.37865},
    {"x":0.36696,
     "y":0.41959},
    {"x":0.35526,
     "y":0.46199},
    {"x":0.39474,
     "y":0.50585},
    {"x":0.39181,
     "y":0.55117},
    {"x":0.38889,
     "y":0.5614}],
 "triangles":[
    {"p1":89,
     "p2":97,
     "p3":98},
    {"p1":50,
     "p2":51,
     "p3":52},
    {"p1":59,
     "p2":74,
     "p3":85},
    {"p1":74,
     "p2":84,
     "p3":85},
    {"p1":60,
     "p2":61,
     "p3":72},
    {"p1":59,
     "p2":60,
     "p3":74},
    {"p1":89,
     "p2":90,
     "p3":97},
    {"p1":6,
     "p2":11,
     "p3":12},
    {"p1":25,
     "p2":26,
     "p3":27},
    {"p1":22,
     "p2":27,
     "p3":28},
    {"p1":18,
     "p2":19,
     "p3":31},
    {"p1":19,
     "p2":30,
     "p3":31},
    {"p1":4,
     "p2":5,
     "p3":14},
    {"p1":5,
     "p2":6,
     "p3":12},
    {"p1":36,
     "p2":37,
     "p3":88},
    {"p1":35,
     "p2":36,
     "p3":88},
    {"p1":38,
     "p2":85,
     "p3":86},
    {"p1":37,
     "p2":38,
     "p3":86},
    {"p1":89,
     "p2":98,
     "p3":99},
    {"p1":88,
     "p2":89,
     "p3":99},
    {"p1":88,
     "p2":99,
     "p3":100},
    {"p1":45,
     "p2":46,
     "p3":47},
    {"p1":45,
     "p2":47,
     "p3":48},
    {"p1":44,
     "p2":45,
     "p3":48},
    {"p1":58,
     "p2":59,
     "p3":85},
    {"p1":64,
     "p2":65,
     "p3":68},
    {"p1":65,
     "p2":66,
     "p3":67},
    {"p1":65,
     "p2":67,
     "p3":68},
    {"p1":64,
     "p2":68,
     "p3":69},
    {"p1":61,
     "p2":62,
     "p3":71},
    {"p1":62,
     "p2":70,
     "p3":71},
    {"p1":61,
     "p2":71,
     "p3":72},
    {"p1":90,
     "p2":96,
     "p3":97},
    {"p1":90,
     "p2":91,
     "p3":96},
    {"p1":79,
     "p2":80,
     "p3":81},
    {"p1":78,
     "p2":79,
     "p3":81},
    {"p1":7,
     "p2":10,
     "p3":11},
    {"p1":6,
     "p2":7,
     "p3":11},
    {"p1":5,
     "p2":12,
     "p3":13},
    {"p1":5,
     "p2":13,
     "p3":14},
    {"p1":23,
     "p2":25,
     "p3":27},
    {"p1":22,
     "p2":23,
     "p3":27},
    {"p1":21,
     "p2":22,
     "p3":28},
    {"p1":37,
     "p2":87,
     "p3":88},
    {"p1":37,
     "p2":86,
     "p3":87},
    {"p1":1,
     "p2":2,
     "p3":16},
    {"p1":43,
     "p2":44,
     "p3":54},
    {"p1":43,
     "p2":54,
     "p3":55},
    {"p1":44,
     "p2":48,
     "p3":54},
    {"p1":48,
     "p2":49,
     "p3":54},
    {"p1":62,
     "p2":63,
     "p3":70},
    {"p1":63,
     "p2":69,
     "p3":70},
    {"p1":63,
     "p2":64,
     "p3":69},
    {"p1":91,
     "p2":95,
     "p3":96},
    {"p1":78,
     "p2":81,
     "p3":82},
    {"p1":8,
     "p2":9,
     "p3":10},
    {"p1":7,
     "p2":8,
     "p3":10},
    {"p1":23,
     "p2":24,
     "p3":25},
    {"p1":18,
     "p2":31,
     "p3":32},
    {"p1":18,
     "p2":32,
     "p3":33},
    {"p1":0,
     "p2":33,
     "p3":34},
    {"p1":0,
     "p2":34,
     "p3":35},
    {"p1":0,
     "p2":35,
     "p3":88},
    {"p1":0,
     "p2":88,
     "p3":100},
    {"p1":21,
     "p2":28,
     "p3":29},
    {"p1":19,
     "p2":20,
     "p3":30},
    {"p1":20,
     "p2":29,
     "p3":30},
    {"p1":20,
     "p2":21,
     "p3":29},
    {"p1":1,
     "p2":16,
     "p3":17},
    {"p1":0,
     "p2":1,
     "p3":17},
    {"p1":17,
     "p2":18,
     "p3":33},
    {"p1":0,
     "p2":17,
     "p3":33},
    {"p1":49,
     "p2":50,
     "p3":53},
    {"p1":49,
     "p2":53,
     "p3":54},
    {"p1":50,
     "p2":52,
     "p3":53},
    {"p1":39,
     "p2":40,
     "p3":57},
    {"p1":39,
     "p2":57,
     "p3":58},
    {"p1":38,
     "p2":39,
     "p3":85},
    {"p1":39,
     "p2":58,
     "p3":85},
    {"p1":40,
     "p2":56,
     "p3":57},
    {"p1":42,
     "p2":43,
     "p3":55},
    {"p1":42,
     "p2":55,
     "p3":56},
    {"p1":91,
     "p2":92,
     "p3":95},
    {"p1":60,
     "p2":72,
     "p3":73},
    {"p1":60,
     "p2":73,
     "p3":74},
    {"p1":74,
     "p2":83,
     "p3":84},
    {"p1":74,
     "p2":75,
     "p3":83},
    {"p1":2,
     "p2":15,
     "p3":16},
    {"p1":2,
     "p2":3,
     "p3":15},
    {"p1":3,
     "p2":4,
     "p3":15},
    {"p1":4,
     "p2":14,
     "p3":15},
    {"p1":40,
     "p2":41,
     "p3":56},
    {"p1":41,
     "p2":42,
     "p3":56},
    {"p1":92,
     "p2":94,
     "p3":95},
    {"p1":77,
     "p2":78,
     "p3":82},
    {"p1":77,
     "p2":82,
     "p3":83},
    {"p1":75,
     "p2":76,
     "p3":77},
    {"p1":75,
     "p2":77,
     "p3":83},
    {"p1":92,
     "p2":93,
     "p3":94}]
}