{"points":[
    {"x":0.14539,
     "y":0.37589},
    {"x":0.16312,
     "y":0.41489},
    {"x":0.15957,
     "y":0.46809},
    {"x":0.15957,
     "y":0.52128},
    {"x":0.12057,
     "y":0.55674},
    {"x":0.095745,
     "y":0.60284},
    {"x":0.060284,
     "y":0.64894},
    {"x":0.01773,
     "y":0.66312},
    {"x":0.0070922,
     "y":0.71631},
    {"x":0,
     "y":0.7695},
    {"x":0.031915,
     "y":0.78369},
    {"x":0.078014,
     "y":0.8227},
    {"x":0.13121,
     "y":0.82979},
    {"x":0.1844,
     "y":0.83333},
    {"x":0.23759,
     "y":0.8156},
    {"x":0.29078,
     "y":0.79433},
    {"x":0.34043,
     "y":0.75887},
    {"x":0.36879,
     "y":0.70567},
    {"x":0.39362,
     "y":0.65248},
    {"x":0.44326,
     "y":0.62766},
    {"x":0.49645,
     "y":0.61702},
    {"x":0.54965,
     "y":0.59574},
    {"x":0.60284,
     "y":0.60638},
    {"x":0.65603,
     "y":0.61348},
    {"x":0.69149,
     "y":0.59574},
    {"x":0.74468,
     "y":0.58865},
    {"x":0.79787,
     "y":0.56383},
    {"x":0.85106,
     "y":0.54255},
    {"x":0.90426,
     "y":0.54255},
    {"x":0.95745,
     "y":0.51773},
    {"x":0.99291,
     "y":0.46454},
    {"x":1,
     "y":0.41135},
    {"x":0.99645,
     "y":0.35816},
    {"x":0.97163,
     "y":0.30496},
    {"x":0.96099,
     "y":0.25887},
    {"x":0.94681,
     "y":0.21631},
    {"x":0.9539,
     "y":0.16312},
    {"x":0.93972,
     "y":0.16312},
    {"x":0.91135,
     "y":0.1773},
    {"x":0.89362,
     "y":0.2305},
    {"x":0.88298,
     "y":0.28014},
    {"x":0.87943,
     "y":0.32979},
    {"x":0.9078,
     "y":0.37589},
    {"x":0.92199,
     "y":0.42908},
    {"x":0.90426,
     "y":0.48227},
    {"x":0.8617,
     "y":0.48227},
    {"x":0.86525,
     "y":0.42908},
    {"x":0.85461,
     "y":0.37589},
    {"x":0.8227,
     "y":0.3227},
    {"x":0.81915,
     "y":0.2695},
    {"x":0.86879,
     "y":0.22695},
    {"x":0.85816,
     "y":0.1773},
    {"x":0.81915,
     "y":0.12766},
    {"x":0.78723,
     "y":0.074468},
    {"x":0.73759,
     "y":0.039007},
    {"x":0.69858,
     "y":0},
    {"x":0.65248,
     "y":0.014184},
    {"x":0.6844,
     "y":0.060284},
    {"x":0.7305,
     "y":0.085106},
    {"x":0.77305,
     "y":0.12766},
    {"x":0.79433,
     "y":0.18085},
    {"x":0.75177,
     "y":0.1773},
    {"x":0.69858,
     "y":0.15603},
    {"x":0.64539,
     "y":0.1383},
    {"x":0.59929,
     "y":0.099291},
    {"x":0.58865,
     "y":0.046099},
    {"x":0.5461,
     "y":0.039007},
    {"x":0.54255,
     "y":0.092199},
    {"x":0.56738,
     "y":0.14539},
    {"x":0.61348,
     "y":0.17376},
    {"x":0.66667,
     "y":0.1844},
    {"x":0.68794,
     "y":0.2234},
    {"x":0.63475,
     "y":0.25532},
    {"x":0.60284,
     "y":0.30851},
    {"x":0.55674,
     "y":0.33688},
    {"x":0.50355,
     "y":0.32624},
    {"x":0.45035,
     "y":0.3227},
    {"x":0.39716,
     "y":0.31915},
    {"x":0.34397,
     "y":0.33688},
    {"x":0.29787,
     "y":0.33333},
    {"x":0.25887,
     "y":0.29433},
    {"x":0.24113,
     "y":0.24113},
    {"x":0.2234,
     "y":0.18794},
    {"x":0.19858,
     "y":0.13475},
    {"x":0.18794,
     "y":0.08156},
    {"x":0.15248,
     "y":0.049645},
    {"x":0.11348,
     "y":0.014184},
    {"x":0.06383,
     "y":0.021277},
    {"x":0.092199,
     "y":0.067376},
    {"x":0.14184,
     "y":0.092199},
    {"x":0.16312,
     "y":0.14539},
    {"x":0.17021,
     "y":0.19858},
    {"x":0.18085,
     "y":0.25177},
    {"x":0.18794,
     "y":0.30496},
    {"x":0.14539,
     "y":0.30851},
    {"x":0.092199,
     "y":0.28369},
    {"x":0.053191,
     "y":0.23759},
    {"x":0.056738,
     "y":0.1844},
    {"x":0.078014,
     "y":0.13475},
    {"x":0.046099,
     "y":0.088652},
    {"x":0.01773,
     "y":0.13121},
    {"x":0.0035461,
     "y":0.1844},
    {"x":0.010638,
     "y":0.23759},
    {"x":0.039007,
     "y":0.29078},
    {"x":0.06383,
     "y":0.34397},
    {"x":0.11702,
     "y":0.3617},
    {"x":0.14539,
     "y":0.37589}],
 "triangles":[
    {"p1":6,
     "p2":12,
     "p3":13},
    {"p1":6,
     "p2":11,
     "p3":12},
    {"p1":6,
     "p2":10,
     "p3":11},
    {"p1":33,
     "p2":34,
     "p3":40},
    {"p1":55,
     "p2":56,
     "p3":57},
    {"p1":54,
     "p2":55,
     "p3":57},
    {"p1":53,
     "p2":54,
     "p3":58},
    {"p1":54,
     "p2":57,
     "p3":58},
    {"p1":3,
     "p2":18,
     "p3":78},
    {"p1":18,
     "p2":19,
     "p3":78},
    {"p1":6,
     "p2":8,
     "p3":10},
    {"p1":6,
     "p2":7,
     "p3":8},
    {"p1":8,
     "p2":9,
     "p3":10},
    {"p1":50,
     "p2":51,
     "p3":60},
    {"p1":53,
     "p2":58,
     "p3":59},
    {"p1":3,
     "p2":17,
     "p3":18},
    {"p1":5,
     "p2":15,
     "p3":17},
    {"p1":15,
     "p2":16,
     "p3":17},
    {"p1":64,
     "p2":67,
     "p3":68},
    {"p1":19,
     "p2":76,
     "p3":78},
    {"p1":3,
     "p2":4,
     "p3":17},
    {"p1":4,
     "p2":5,
     "p3":17},
    {"p1":35,
     "p2":36,
     "p3":37},
    {"p1":86,
     "p2":87,
     "p3":88},
    {"p1":85,
     "p2":86,
     "p3":88},
    {"p1":83,
     "p2":84,
     "p3":90},
    {"p1":52,
     "p2":53,
     "p3":59},
    {"p1":51,
     "p2":52,
     "p3":60},
    {"p1":52,
     "p2":59,
     "p3":60},
    {"p1":65,
     "p2":66,
     "p3":67},
    {"p1":64,
     "p2":65,
     "p3":67},
    {"p1":5,
     "p2":14,
     "p3":15},
    {"p1":6,
     "p2":13,
     "p3":14},
    {"p1":5,
     "p2":6,
     "p3":14},
    {"p1":62,
     "p2":63,
     "p3":70},
    {"p1":21,
     "p2":74,
     "p3":75},
    {"p1":76,
     "p2":77,
     "p3":78},
    {"p1":19,
     "p2":20,
     "p3":76},
    {"p1":20,
     "p2":75,
     "p3":76},
    {"p1":20,
     "p2":21,
     "p3":75},
    {"p1":31,
     "p2":32,
     "p3":42},
    {"p1":32,
     "p2":33,
     "p3":42},
    {"p1":30,
     "p2":31,
     "p3":43},
    {"p1":31,
     "p2":42,
     "p3":43},
    {"p1":95,
     "p2":103,
     "p3":104},
    {"p1":95,
     "p2":104,
     "p3":105},
    {"p1":95,
     "p2":96,
     "p3":103},
    {"p1":82,
     "p2":91,
     "p3":92},
    {"p1":82,
     "p2":83,
     "p3":91},
    {"p1":83,
     "p2":90,
     "p3":91},
    {"p1":81,
     "p2":82,
     "p3":92},
    {"p1":0,
     "p2":1,
     "p3":93},
    {"p1":80,
     "p2":81,
     "p3":93},
    {"p1":81,
     "p2":92,
     "p3":93},
    {"p1":79,
     "p2":80,
     "p3":93},
    {"p1":1,
     "p2":79,
     "p3":93},
    {"p1":1,
     "p2":2,
     "p3":79},
    {"p1":2,
     "p2":3,
     "p3":78},
    {"p1":2,
     "p2":78,
     "p3":79},
    {"p1":35,
     "p2":37,
     "p3":38},
    {"p1":85,
     "p2":88,
     "p3":89},
    {"p1":84,
     "p2":85,
     "p3":89},
    {"p1":84,
     "p2":89,
     "p3":90},
    {"p1":98,
     "p2":99,
     "p3":100},
    {"p1":96,
     "p2":102,
     "p3":103},
    {"p1":97,
     "p2":98,
     "p3":100},
    {"p1":97,
     "p2":100,
     "p3":101},
    {"p1":97,
     "p2":101,
     "p3":102},
    {"p1":96,
     "p2":97,
     "p3":102},
    {"p1":48,
     "p2":72,
     "p3":73},
    {"p1":61,
     "p2":62,
     "p3":71},
    {"p1":62,
     "p2":70,
     "p3":71},
    {"p1":48,
     "p2":71,
     "p3":72},
    {"p1":63,
     "p2":69,
     "p3":70},
    {"p1":64,
     "p2":68,
     "p3":69},
    {"p1":63,
     "p2":64,
     "p3":69},
    {"p1":24,
     "p2":73,
     "p3":74},
    {"p1":24,
     "p2":25,
     "p3":73},
    {"p1":33,
     "p2":40,
     "p3":41},
    {"p1":33,
     "p2":41,
     "p3":42},
    {"p1":29,
     "p2":30,
     "p3":44},
    {"p1":30,
     "p2":43,
     "p3":44},
    {"p1":94,
     "p2":95,
     "p3":105},
    {"p1":0,
     "p2":94,
     "p3":105},
    {"p1":0,
     "p2":93,
     "p3":94},
    {"p1":35,
     "p2":38,
     "p3":39},
    {"p1":34,
     "p2":39,
     "p3":40},
    {"p1":34,
     "p2":35,
     "p3":39},
    {"p1":49,
     "p2":61,
     "p3":71},
    {"p1":48,
     "p2":49,
     "p3":71},
    {"p1":49,
     "p2":60,
     "p3":61},
    {"p1":49,
     "p2":50,
     "p3":60},
    {"p1":26,
     "p2":27,
     "p3":45},
    {"p1":26,
     "p2":45,
     "p3":46},
    {"p1":21,
     "p2":22,
     "p3":74},
    {"p1":22,
     "p2":24,
     "p3":74},
    {"p1":22,
     "p2":23,
     "p3":24},
    {"p1":27,
     "p2":28,
     "p3":45},
    {"p1":28,
     "p2":44,
     "p3":45},
    {"p1":28,
     "p2":29,
     "p3":44},
    {"p1":47,
     "p2":48,
     "p3":73},
    {"p1":26,
     "p2":46,
     "p3":47},
    {"p1":25,
     "p2":47,
     "p3":73},
    {"p1":25,
     "p2":26,
     "p3":47}]
}