{"points":[
    {"x":0.22129,
     "y":0.38095},
    {"x":0.22129,
     "y":0.42577},
    {"x":0.22689,
     "y":0.47059},
    {"x":0.21008,
     "y":0.51541},
    {"x":0.19608,
     "y":0.56022},
    {"x":0.17927,
     "y":0.60504},
    {"x":0.14846,
     "y":0.63585},
    {"x":0.10364,
     "y":0.63866},
    {"x":0.058824,
     "y":0.64706},
    {"x":0.014006,
     "y":0.65266},
    {"x":0,
     "y":0.68908},
    {"x":0.030812,
     "y":0.71709},
    {"x":0.07563,
     "y":0.71989},
    {"x":0.12045,
     "y":0.73389},
    {"x":0.16527,
     "y":0.7451},
    {"x":0.20168,
     "y":0.7563},
    {"x":0.20728,
     "y":0.72549},
    {"x":0.2521,
     "y":0.70868},
    {"x":0.29412,
     "y":0.68067},
    {"x":0.33613,
     "y":0.65266},
    {"x":0.36695,
     "y":0.62185},
    {"x":0.37255,
     "y":0.60504},
    {"x":0.39776,
     "y":0.57423},
    {"x":0.43137,
     "y":0.55462},
    {"x":0.46218,
     "y":0.52381},
    {"x":0.507,
     "y":0.5098},
    {"x":0.55182,
     "y":0.507},
    {"x":0.59664,
     "y":0.51261},
    {"x":0.64146,
     "y":0.51821},
    {"x":0.68627,
     "y":0.51821},
    {"x":0.73109,
     "y":0.5098},
    {"x":0.77591,
     "y":0.5014},
    {"x":0.82073,
     "y":0.51541},
    {"x":0.86555,
     "y":0.52101},
    {"x":0.91036,
     "y":0.51541},
    {"x":0.95518,
     "y":0.5098},
    {"x":0.98039,
     "y":0.48459},
    {"x":0.97759,
     "y":0.45378},
    {"x":0.94118,
     "y":0.43978},
    {"x":0.90196,
     "y":0.43697},
    {"x":0.85714,
     "y":0.45098},
    {"x":0.81232,
     "y":0.47619},
    {"x":0.81232,
     "y":0.45378},
    {"x":0.82353,
     "y":0.40896},
    {"x":0.82633,
     "y":0.36415},
    {"x":0.82353,
     "y":0.31933},
    {"x":0.86835,
     "y":0.32213},
    {"x":0.89076,
     "y":0.29692},
    {"x":0.92437,
     "y":0.27731},
    {"x":0.92997,
     "y":0.23249},
    {"x":0.94118,
     "y":0.18768},
    {"x":0.97199,
     "y":0.15126},
    {"x":1,
     "y":0.11765},
    {"x":0.97759,
     "y":0.10364},
    {"x":0.93277,
     "y":0.13165},
    {"x":0.91597,
     "y":0.17367},
    {"x":0.89916,
     "y":0.21849},
    {"x":0.86275,
     "y":0.2437},
    {"x":0.84034,
     "y":0.20728},
    {"x":0.85154,
     "y":0.17367},
    {"x":0.86275,
     "y":0.13165},
    {"x":0.83193,
     "y":0.13445},
    {"x":0.80112,
     "y":0.17647},
    {"x":0.81232,
     "y":0.22129},
    {"x":0.79272,
     "y":0.2465},
    {"x":0.7479,
     "y":0.2465},
    {"x":0.70308,
     "y":0.28011},
    {"x":0.66387,
     "y":0.30812},
    {"x":0.62185,
     "y":0.29972},
    {"x":0.57703,
     "y":0.28291},
    {"x":0.53221,
     "y":0.27451},
    {"x":0.48739,
     "y":0.27451},
    {"x":0.44258,
     "y":0.27731},
    {"x":0.40056,
     "y":0.27171},
    {"x":0.40336,
     "y":0.22689},
    {"x":0.41457,
     "y":0.18207},
    {"x":0.42017,
     "y":0.13725},
    {"x":0.43417,
     "y":0.092437},
    {"x":0.44258,
     "y":0.047619},
    {"x":0.42017,
     "y":0.011204},
    {"x":0.38095,
     "y":0},
    {"x":0.38095,
     "y":0.028011},
    {"x":0.41176,
     "y":0.064426},
    {"x":0.39496,
     "y":0.10924},
    {"x":0.37535,
     "y":0.15406},
    {"x":0.36134,
     "y":0.19888},
    {"x":0.34454,
     "y":0.2437},
    {"x":0.31373,
     "y":0.28011},
    {"x":0.26891,
     "y":0.2521},
    {"x":0.23249,
     "y":0.21289},
    {"x":0.19888,
     "y":0.17367},
    {"x":0.15966,
     "y":0.13445},
    {"x":0.13165,
     "y":0.092437},
    {"x":0.10364,
     "y":0.061625},
    {"x":0.070028,
     "y":0.042017},
    {"x":0.061625,
     "y":0.07563},
    {"x":0.098039,
     "y":0.10644},
    {"x":0.13445,
     "y":0.15126},
    {"x":0.15966,
     "y":0.19608},
    {"x":0.18768,
     "y":0.2409},
    {"x":0.21569,
     "y":0.28291},
    {"x":0.23529,
     "y":0.32773},
    {"x":0.22409,
     "y":0.37255},
    {"x":0.22129,
     "y":0.38095}],
 "triangles":[
    {"p1":9,
     "p2":10,
     "p3":11},
    {"p1":79,
     "p2":80,
     "p3":81},
    {"p1":4,
     "p2":5,
     "p3":18},
    {"p1":5,
     "p2":6,
     "p3":16},
    {"p1":3,
     "p2":4,
     "p3":21},
    {"p1":1,
     "p2":2,
     "p3":24},
    {"p1":3,
     "p2":21,
     "p3":22},
    {"p1":2,
     "p2":3,
     "p3":22},
    {"p1":59,
     "p2":61,
     "p3":62},
    {"p1":58,
     "p2":59,
     "p3":62},
    {"p1":50,
     "p2":55,
     "p3":56},
    {"p1":30,
     "p2":31,
     "p3":42},
    {"p1":30,
     "p2":42,
     "p3":43},
    {"p1":33,
     "p2":34,
     "p3":40},
    {"p1":1,
     "p2":24,
     "p3":87},
    {"p1":6,
     "p2":7,
     "p3":13},
    {"p1":6,
     "p2":13,
     "p3":14},
    {"p1":6,
     "p2":14,
     "p3":16},
    {"p1":14,
     "p2":15,
     "p3":16},
    {"p1":5,
     "p2":17,
     "p3":18},
    {"p1":5,
     "p2":16,
     "p3":17},
    {"p1":2,
     "p2":23,
     "p3":24},
    {"p1":2,
     "p2":22,
     "p3":23},
    {"p1":4,
     "p2":18,
     "p3":19},
    {"p1":4,
     "p2":19,
     "p3":21},
    {"p1":19,
     "p2":20,
     "p3":21},
    {"p1":59,
     "p2":60,
     "p3":61},
    {"p1":48,
     "p2":56,
     "p3":57},
    {"p1":51,
     "p2":52,
     "p3":53},
    {"p1":48,
     "p2":49,
     "p3":56},
    {"p1":49,
     "p2":50,
     "p3":56},
    {"p1":34,
     "p2":35,
     "p3":38},
    {"p1":35,
     "p2":36,
     "p3":38},
    {"p1":36,
     "p2":37,
     "p3":38},
    {"p1":34,
     "p2":39,
     "p3":40},
    {"p1":34,
     "p2":38,
     "p3":39},
    {"p1":93,
     "p2":94,
     "p3":95},
    {"p1":89,
     "p2":90,
     "p3":99},
    {"p1":90,
     "p2":98,
     "p3":99},
    {"p1":7,
     "p2":12,
     "p3":13},
    {"p1":7,
     "p2":8,
     "p3":12},
    {"p1":8,
     "p2":9,
     "p3":11},
    {"p1":8,
     "p2":11,
     "p3":12},
    {"p1":31,
     "p2":41,
     "p3":42},
    {"p1":31,
     "p2":32,
     "p3":41},
    {"p1":33,
     "p2":40,
     "p3":41},
    {"p1":32,
     "p2":33,
     "p3":41},
    {"p1":47,
     "p2":48,
     "p3":57},
    {"p1":46,
     "p2":47,
     "p3":57},
    {"p1":57,
     "p2":58,
     "p3":63},
    {"p1":57,
     "p2":63,
     "p3":64},
    {"p1":58,
     "p2":62,
     "p3":63},
    {"p1":45,
     "p2":46,
     "p3":57},
    {"p1":45,
     "p2":57,
     "p3":64},
    {"p1":45,
     "p2":64,
     "p3":65},
    {"p1":45,
     "p2":65,
     "p3":66},
    {"p1":44,
     "p2":45,
     "p3":66},
    {"p1":50,
     "p2":54,
     "p3":55},
    {"p1":50,
     "p2":51,
     "p3":54},
    {"p1":51,
     "p2":53,
     "p3":54},
    {"p1":92,
     "p2":96,
     "p3":97},
    {"p1":93,
     "p2":95,
     "p3":96},
    {"p1":92,
     "p2":93,
     "p3":96},
    {"p1":91,
     "p2":92,
     "p3":97},
    {"p1":91,
     "p2":97,
     "p3":98},
    {"p1":90,
     "p2":91,
     "p3":98},
    {"p1":87,
     "p2":88,
     "p3":101},
    {"p1":89,
     "p2":99,
     "p3":100},
    {"p1":88,
     "p2":89,
     "p3":100},
    {"p1":88,
     "p2":100,
     "p3":101},
    {"p1":25,
     "p2":26,
     "p3":70},
    {"p1":77,
     "p2":82,
     "p3":83},
    {"p1":77,
     "p2":78,
     "p3":82},
    {"p1":78,
     "p2":79,
     "p3":82},
    {"p1":79,
     "p2":81,
     "p3":82},
    {"p1":87,
     "p2":101,
     "p3":102},
    {"p1":0,
     "p2":1,
     "p3":102},
    {"p1":1,
     "p2":87,
     "p3":102},
    {"p1":24,
     "p2":25,
     "p3":72},
    {"p1":26,
     "p2":27,
     "p3":68},
    {"p1":74,
     "p2":85,
     "p3":86},
    {"p1":73,
     "p2":86,
     "p3":87},
    {"p1":24,
     "p2":73,
     "p3":87},
    {"p1":24,
     "p2":72,
     "p3":73},
    {"p1":73,
     "p2":74,
     "p3":86},
    {"p1":27,
     "p2":28,
     "p3":67},
    {"p1":27,
     "p2":67,
     "p3":68},
    {"p1":28,
     "p2":29,
     "p3":67},
    {"p1":29,
     "p2":30,
     "p3":67},
    {"p1":30,
     "p2":43,
     "p3":67},
    {"p1":43,
     "p2":44,
     "p3":67},
    {"p1":44,
     "p2":66,
     "p3":67},
    {"p1":26,
     "p2":69,
     "p3":70},
    {"p1":26,
     "p2":68,
     "p3":69},
    {"p1":75,
     "p2":84,
     "p3":85},
    {"p1":74,
     "p2":75,
     "p3":85},
    {"p1":76,
     "p2":83,
     "p3":84},
    {"p1":75,
     "p2":76,
     "p3":84},
    {"p1":76,
     "p2":77,
     "p3":83},
    {"p1":25,
     "p2":70,
     "p3":71},
    {"p1":25,
     "p2":71,
     "p3":72}]
}