{"points":[
    {"x":0,
     "y":0.50152},
    {"x":0,
     "y":0.55015},
    {"x":0.006079,
     "y":0.59574},
    {"x":0.012158,
     "y":0.64134},
    {"x":0.024316,
     "y":0.68389},
    {"x":0.036474,
     "y":0.72644},
    {"x":0.057751,
     "y":0.76292},
    {"x":0.079027,
     "y":0.80243},
    {"x":0.10638,
     "y":0.83587},
    {"x":0.13374,
     "y":0.8693},
    {"x":0.16413,
     "y":0.89666},
    {"x":0.20061,
     "y":0.92097},
    {"x":0.23708,
     "y":0.94529},
    {"x":0.2766,
     "y":0.96353},
    {"x":0.31915,
     "y":0.97568},
    {"x":0.3617,
     "y":0.98784},
    {"x":0.40729,
     "y":0.99392},
    {"x":0.45289,
     "y":1},
    {"x":0.50152,
     "y":1},
    {"x":0.54711,
     "y":0.99392},
    {"x":0.58967,
     "y":0.98176},
    {"x":0.63222,
     "y":0.9696},
    {"x":0.67173,
     "y":0.95441},
    {"x":0.71125,
     "y":0.93313},
    {"x":0.74772,
     "y":0.90881},
    {"x":0.78116,
     "y":0.8845},
    {"x":0.81155,
     "y":0.8541},
    {"x":0.84195,
     "y":0.82067},
    {"x":0.86626,
     "y":0.78419},
    {"x":0.89058,
     "y":0.74772},
    {"x":0.91185,
     "y":0.70821},
    {"x":0.92705,
     "y":0.66869},
    {"x":0.93921,
     "y":0.62614},
    {"x":0.94529,
     "y":0.58055},
    {"x":0.95137,
     "y":0.53495},
    {"x":0.95745,
     "y":0.48936},
    {"x":0.95745,
     "y":0.44073},
    {"x":0.95137,
     "y":0.39514},
    {"x":0.94529,
     "y":0.34954},
    {"x":0.94225,
     "y":0.30395},
    {"x":0.92705,
     "y":0.2614},
    {"x":0.91489,
     "y":0.21884},
    {"x":0.90274,
     "y":0.17629},
    {"x":0.8845,
     "y":0.13678},
    {"x":0.86626,
     "y":0.097264},
    {"x":0.84498,
     "y":0.06079},
    {"x":0.82067,
     "y":0.024316},
    {"x":0.78419,
     "y":0},
    {"x":0.74468,
     "y":0.018237},
    {"x":0.73556,
     "y":0.057751},
    {"x":0.73556,
     "y":0.1003},
    {"x":0.74468,
     "y":0.14286},
    {"x":0.7538,
     "y":0.18845},
    {"x":0.76596,
     "y":0.231},
    {"x":0.77812,
     "y":0.27356},
    {"x":0.78419,
     "y":0.31915},
    {"x":0.79027,
     "y":0.36474},
    {"x":0.79635,
     "y":0.41033},
    {"x":0.80243,
     "y":0.45593},
    {"x":0.79635,
     "y":0.50152},
    {"x":0.79027,
     "y":0.54711},
    {"x":0.77812,
     "y":0.58967},
    {"x":0.76292,
     "y":0.63222},
    {"x":0.74164,
     "y":0.66869},
    {"x":0.71429,
     "y":0.70517},
    {"x":0.68389,
     "y":0.73556},
    {"x":0.65046,
     "y":0.76292},
    {"x":0.61094,
     "y":0.78419},
    {"x":0.57143,
     "y":0.79939},
    {"x":0.52888,
     "y":0.81155},
    {"x":0.48024,
     "y":0.81459},
    {"x":0.43465,
     "y":0.80851},
    {"x":0.3921,
     "y":0.79635},
    {"x":0.34954,
     "y":0.78419},
    {"x":0.31307,
     "y":0.76292},
    {"x":0.2766,
     "y":0.7386},
    {"x":0.2462,
     "y":0.70517},
    {"x":0.22188,
     "y":0.66869},
    {"x":0.19757,
     "y":0.63222},
    {"x":0.17933,
     "y":0.59271},
    {"x":0.16717,
     "y":0.55015},
    {"x":0.16109,
     "y":0.50456},
    {"x":0.16109,
     "y":0.45593},
    {"x":0.16109,
     "y":0.40729},
    {"x":0.17325,
     "y":0.36474},
    {"x":0.17933,
     "y":0.31915},
    {"x":0.19149,
     "y":0.2766},
    {"x":0.20365,
     "y":0.23404},
    {"x":0.21581,
     "y":0.19149},
    {"x":0.23404,
     "y":0.15198},
    {"x":0.2462,
     "y":0.10942},
    {"x":0.25228,
     "y":0.06383},
    {"x":0.25228,
     "y":0.015198},
    {"x":0.21277,
     "y":0},
    {"x":0.17021,
     "y":0.0091185},
    {"x":0.1459,
     "y":0.045593},
    {"x":0.12462,
     "y":0.085106},
    {"x":0.10334,
     "y":0.12158},
    {"x":0.085106,
     "y":0.16109},
    {"x":0.072948,
     "y":0.20365},
    {"x":0.054711,
     "y":0.24316},
    {"x":0.042553,
     "y":0.28571},
    {"x":0.030395,
     "y":0.32827},
    {"x":0.018237,
     "y":0.37082},
    {"x":0.012158,
     "y":0.41641},
    {"x":0.0030395,
     "y":0.46201},
    {"x":0,
     "y":0.50152}],
 "triangles":[
    {"p1":12,
     "p2":13,
     "p3":73},
    {"p1":39,
     "p2":40,
     "p3":55},
    {"p1":15,
     "p2":71,
     "p3":72},
    {"p1":15,
     "p2":16,
     "p3":71},
    {"p1":16,
     "p2":17,
     "p3":71},
    {"p1":17,
     "p2":70,
     "p3":71},
    {"p1":84,
     "p2":85,
     "p3":102},
    {"p1":46,
     "p2":47,
     "p3":48},
    {"p1":46,
     "p2":48,
     "p3":49},
    {"p1":44,
     "p2":45,
     "p3":51},
    {"p1":45,
     "p2":46,
     "p3":49},
    {"p1":40,
     "p2":54,
     "p3":55},
    {"p1":14,
     "p2":15,
     "p3":72},
    {"p1":14,
     "p2":72,
     "p3":73},
    {"p1":13,
     "p2":14,
     "p3":73},
    {"p1":21,
     "p2":22,
     "p3":68},
    {"p1":20,
     "p2":21,
     "p3":68},
    {"p1":17,
     "p2":18,
     "p3":70},
    {"p1":35,
     "p2":58,
     "p3":59},
    {"p1":37,
     "p2":57,
     "p3":58},
    {"p1":39,
     "p2":55,
     "p3":56},
    {"p1":86,
     "p2":99,
     "p3":100},
    {"p1":85,
     "p2":86,
     "p3":100},
    {"p1":9,
     "p2":10,
     "p3":75},
    {"p1":10,
     "p2":11,
     "p3":75},
    {"p1":82,
     "p2":104,
     "p3":105},
    {"p1":85,
     "p2":101,
     "p3":102},
    {"p1":85,
     "p2":100,
     "p3":101},
    {"p1":45,
     "p2":50,
     "p3":51},
    {"p1":45,
     "p2":49,
     "p3":50},
    {"p1":41,
     "p2":53,
     "p3":54},
    {"p1":41,
     "p2":42,
     "p3":53},
    {"p1":40,
     "p2":41,
     "p3":54},
    {"p1":42,
     "p2":52,
     "p3":53},
    {"p1":20,
     "p2":68,
     "p3":69},
    {"p1":19,
     "p2":20,
     "p3":69},
    {"p1":18,
     "p2":69,
     "p3":70},
    {"p1":18,
     "p2":19,
     "p3":69},
    {"p1":31,
     "p2":61,
     "p3":62},
    {"p1":34,
     "p2":35,
     "p3":59},
    {"p1":33,
     "p2":60,
     "p3":61},
    {"p1":34,
     "p2":59,
     "p3":60},
    {"p1":33,
     "p2":34,
     "p3":60},
    {"p1":31,
     "p2":32,
     "p3":61},
    {"p1":32,
     "p2":33,
     "p3":61},
    {"p1":35,
     "p2":36,
     "p3":58},
    {"p1":36,
     "p2":37,
     "p3":58},
    {"p1":38,
     "p2":39,
     "p3":56},
    {"p1":37,
     "p2":38,
     "p3":57},
    {"p1":38,
     "p2":56,
     "p3":57},
    {"p1":0,
     "p2":1,
     "p3":81},
    {"p1":0,
     "p2":81,
     "p3":105},
    {"p1":81,
     "p2":82,
     "p3":105},
    {"p1":83,
     "p2":103,
     "p3":104},
    {"p1":82,
     "p2":83,
     "p3":104},
    {"p1":83,
     "p2":102,
     "p3":103},
    {"p1":83,
     "p2":84,
     "p3":102},
    {"p1":7,
     "p2":8,
     "p3":76},
    {"p1":8,
     "p2":9,
     "p3":75},
    {"p1":8,
     "p2":75,
     "p3":76},
    {"p1":11,
     "p2":74,
     "p3":75},
    {"p1":11,
     "p2":12,
     "p3":74},
    {"p1":12,
     "p2":73,
     "p3":74},
    {"p1":42,
     "p2":43,
     "p3":52},
    {"p1":43,
     "p2":44,
     "p3":51},
    {"p1":43,
     "p2":51,
     "p3":52},
    {"p1":25,
     "p2":26,
     "p3":65},
    {"p1":23,
     "p2":24,
     "p3":66},
    {"p1":24,
     "p2":25,
     "p3":66},
    {"p1":25,
     "p2":65,
     "p3":66},
    {"p1":28,
     "p2":63,
     "p3":64},
    {"p1":26,
     "p2":64,
     "p3":65},
    {"p1":28,
     "p2":29,
     "p3":63},
    {"p1":29,
     "p2":62,
     "p3":63},
    {"p1":89,
     "p2":96,
     "p3":97},
    {"p1":88,
     "p2":97,
     "p3":98},
    {"p1":88,
     "p2":89,
     "p3":97},
    {"p1":91,
     "p2":94,
     "p3":95},
    {"p1":91,
     "p2":93,
     "p3":94},
    {"p1":1,
     "p2":2,
     "p3":80},
    {"p1":1,
     "p2":80,
     "p3":81},
    {"p1":23,
     "p2":66,
     "p3":67},
    {"p1":22,
     "p2":67,
     "p3":68},
    {"p1":22,
     "p2":23,
     "p3":67},
    {"p1":26,
     "p2":27,
     "p3":64},
    {"p1":27,
     "p2":28,
     "p3":64},
    {"p1":30,
     "p2":31,
     "p3":62},
    {"p1":29,
     "p2":30,
     "p3":62},
    {"p1":87,
     "p2":98,
     "p3":99},
    {"p1":87,
     "p2":88,
     "p3":98},
    {"p1":86,
     "p2":87,
     "p3":99},
    {"p1":89,
     "p2":90,
     "p3":96},
    {"p1":90,
     "p2":95,
     "p3":96},
    {"p1":90,
     "p2":91,
     "p3":95},
    {"p1":91,
     "p2":92,
     "p3":93},
    {"p1":2,
     "p2":3,
     "p3":79},
    {"p1":2,
     "p2":79,
     "p3":80},
    {"p1":3,
     "p2":4,
     "p3":79},
    {"p1":4,
     "p2":5,
     "p3":78},
    {"p1":4,
     "p2":78,
     "p3":79},
    {"p1":5,
     "p2":6,
     "p3":78},
    {"p1":6,
     "p2":77,
     "p3":78},
    {"p1":7,
     "p2":76,
     "p3":77},
    {"p1":6,
     "p2":7,
     "p3":77}]
}