{"points":[
    {"x":0,
     "y":0.48387},
    {"x":0,
     "y":0.52688},
    {"x":0,
     "y":0.56989},
    {"x":0.010753,
     "y":0.6129},
    {"x":0.021505,
     "y":0.65591},
    {"x":0.032258,
     "y":0.69892},
    {"x":0.053763,
     "y":0.74194},
    {"x":0.064516,
     "y":0.78495},
    {"x":0.086022,
     "y":0.82796},
    {"x":0.10753,
     "y":0.87097},
    {"x":0.12903,
     "y":0.91398},
    {"x":0.16129,
     "y":0.95699},
    {"x":0.19355,
     "y":0.98925},
    {"x":0.23656,
     "y":1},
    {"x":0.27957,
     "y":1},
    {"x":0.32258,
     "y":0.98925},
    {"x":0.36559,
     "y":0.97849},
    {"x":0.39785,
     "y":0.94624},
    {"x":0.39785,
     "y":0.90323},
    {"x":0.37634,
     "y":0.86022},
    {"x":0.34409,
     "y":0.8172},
    {"x":0.32258,
     "y":0.77419},
    {"x":0.31183,
     "y":0.73118},
    {"x":0.29032,
     "y":0.68817},
    {"x":0.27957,
     "y":0.64516},
    {"x":0.26882,
     "y":0.60215},
    {"x":0.25806,
     "y":0.55914},
    {"x":0.24731,
     "y":0.51613},
    {"x":0.24731,
     "y":0.47312},
    {"x":0.24731,
     "y":0.43011},
    {"x":0.25806,
     "y":0.3871},
    {"x":0.27957,
     "y":0.34409},
    {"x":0.32258,
     "y":0.30108},
    {"x":0.36559,
     "y":0.26882},
    {"x":0.4086,
     "y":0.24731},
    {"x":0.45161,
     "y":0.24731},
    {"x":0.49462,
     "y":0.24731},
    {"x":0.53763,
     "y":0.24731},
    {"x":0.58065,
     "y":0.26882},
    {"x":0.62366,
     "y":0.30108},
    {"x":0.65591,
     "y":0.34409},
    {"x":0.67742,
     "y":0.3871},
    {"x":0.68817,
     "y":0.43011},
    {"x":0.68817,
     "y":0.47312},
    {"x":0.69892,
     "y":0.51613},
    {"x":0.68817,
     "y":0.55914},
    {"x":0.68817,
     "y":0.60215},
    {"x":0.67742,
     "y":0.64516},
    {"x":0.66667,
     "y":0.68817},
    {"x":0.65591,
     "y":0.73118},
    {"x":0.63441,
     "y":0.77419},
    {"x":0.62366,
     "y":0.8172},
    {"x":0.5914,
     "y":0.86022},
    {"x":0.56989,
     "y":0.90323},
    {"x":0.54839,
     "y":0.94624},
    {"x":0.55914,
     "y":0.98925},
    {"x":0.60215,
     "y":0.98925},
    {"x":0.64516,
     "y":0.98925},
    {"x":0.68817,
     "y":0.98925},
    {"x":0.73118,
     "y":0.98925},
    {"x":0.76344,
     "y":0.95699},
    {"x":0.80645,
     "y":0.92473},
    {"x":0.8172,
     "y":0.88172},
    {"x":0.84946,
     "y":0.83871},
    {"x":0.86022,
     "y":0.7957},
    {"x":0.88172,
     "y":0.75269},
    {"x":0.89247,
     "y":0.70968},
    {"x":0.90323,
     "y":0.66667},
    {"x":0.90323,
     "y":0.62366},
    {"x":0.91398,
     "y":0.58065},
    {"x":0.92473,
     "y":0.53763},
    {"x":0.92473,
     "y":0.49462},
    {"x":0.92473,
     "y":0.45161},
    {"x":0.91398,
     "y":0.4086},
    {"x":0.91398,
     "y":0.36559},
    {"x":0.90323,
     "y":0.32258},
    {"x":0.89247,
     "y":0.27957},
    {"x":0.88172,
     "y":0.23656},
    {"x":0.86022,
     "y":0.19355},
    {"x":0.82796,
     "y":0.15054},
    {"x":0.7957,
     "y":0.11828},
    {"x":0.75269,
     "y":0.086022},
    {"x":0.70968,
     "y":0.053763},
    {"x":0.66667,
     "y":0.032258},
    {"x":0.62366,
     "y":0.021505},
    {"x":0.58065,
     "y":0.010753},
    {"x":0.53763,
     "y":0.010753},
    {"x":0.49462,
     "y":0},
    {"x":0.45161,
     "y":0.010753},
    {"x":0.4086,
     "y":0.010753},
    {"x":0.36559,
     "y":0.021505},
    {"x":0.32258,
     "y":0.032258},
    {"x":0.27957,
     "y":0.043011},
    {"x":0.23656,
     "y":0.064516},
    {"x":0.19355,
     "y":0.096774},
    {"x":0.16129,
     "y":0.12903},
    {"x":0.12903,
     "y":0.16129},
    {"x":0.096774,
     "y":0.19355},
    {"x":0.064516,
     "y":0.23656},
    {"x":0.043011,
     "y":0.27957},
    {"x":0.021505,
     "y":0.32258},
    {"x":0.010753,
     "y":0.36559},
    {"x":0,
     "y":0.4086},
    {"x":0,
     "y":0.45161},
    {"x":0,
     "y":0.48387}],
 "triangles":[
    {"p1":11,
     "p2":12,
     "p3":13},
    {"p1":11,
     "p2":13,
     "p3":20},
    {"p1":32,
     "p2":94,
     "p3":95},
    {"p1":38,
     "p2":82,
     "p3":83},
    {"p1":32,
     "p2":95,
     "p3":96},
    {"p1":41,
     "p2":74,
     "p3":75},
    {"p1":41,
     "p2":42,
     "p3":74},
    {"p1":42,
     "p2":73,
     "p3":74},
    {"p1":40,
     "p2":78,
     "p3":79},
    {"p1":40,
     "p2":77,
     "p3":78},
    {"p1":40,
     "p2":76,
     "p3":77},
    {"p1":40,
     "p2":41,
     "p3":76},
    {"p1":41,
     "p2":75,
     "p3":76},
    {"p1":10,
     "p2":11,
     "p3":20},
    {"p1":33,
     "p2":93,
     "p3":94},
    {"p1":32,
     "p2":33,
     "p3":94},
    {"p1":33,
     "p2":34,
     "p3":91},
    {"p1":35,
     "p2":36,
     "p3":88},
    {"p1":86,
     "p2":87,
     "p3":88},
    {"p1":36,
     "p2":86,
     "p3":88},
    {"p1":36,
     "p2":37,
     "p3":86},
    {"p1":37,
     "p2":85,
     "p3":86},
    {"p1":38,
     "p2":81,
     "p3":82},
    {"p1":10,
     "p2":20,
     "p3":21},
    {"p1":9,
     "p2":10,
     "p3":21},
    {"p1":8,
     "p2":9,
     "p3":21},
    {"p1":8,
     "p2":21,
     "p3":22},
    {"p1":8,
     "p2":22,
     "p3":23},
    {"p1":33,
     "p2":91,
     "p3":92},
    {"p1":33,
     "p2":92,
     "p3":93},
    {"p1":34,
     "p2":90,
     "p3":91},
    {"p1":38,
     "p2":83,
     "p3":84},
    {"p1":37,
     "p2":38,
     "p3":84},
    {"p1":37,
     "p2":84,
     "p3":85},
    {"p1":39,
     "p2":80,
     "p3":81},
    {"p1":38,
     "p2":39,
     "p3":81},
    {"p1":39,
     "p2":40,
     "p3":79},
    {"p1":39,
     "p2":79,
     "p3":80},
    {"p1":0,
     "p2":1,
     "p3":27},
    {"p1":1,
     "p2":2,
     "p3":27},
    {"p1":0,
     "p2":28,
     "p3":103},
    {"p1":0,
     "p2":27,
     "p3":28},
    {"p1":2,
     "p2":3,
     "p3":27},
    {"p1":58,
     "p2":59,
     "p3":60},
    {"p1":48,
     "p2":65,
     "p3":66},
    {"p1":13,
     "p2":14,
     "p3":20},
    {"p1":14,
     "p2":15,
     "p3":20},
    {"p1":4,
     "p2":5,
     "p3":25},
    {"p1":6,
     "p2":23,
     "p3":24},
    {"p1":5,
     "p2":6,
     "p3":24},
    {"p1":5,
     "p2":24,
     "p3":25},
    {"p1":34,
     "p2":89,
     "p3":90},
    {"p1":29,
     "p2":102,
     "p3":103},
    {"p1":28,
     "p2":29,
     "p3":103},
    {"p1":29,
     "p2":101,
     "p3":102},
    {"p1":3,
     "p2":26,
     "p3":27},
    {"p1":3,
     "p2":4,
     "p3":26},
    {"p1":4,
     "p2":25,
     "p3":26},
    {"p1":49,
     "p2":63,
     "p3":64},
    {"p1":48,
     "p2":64,
     "p3":65},
    {"p1":48,
     "p2":49,
     "p3":64},
    {"p1":52,
     "p2":57,
     "p3":58},
    {"p1":60,
     "p2":61,
     "p3":62},
    {"p1":49,
     "p2":62,
     "p3":63},
    {"p1":49,
     "p2":50,
     "p3":62},
    {"p1":47,
     "p2":66,
     "p3":67},
    {"p1":47,
     "p2":48,
     "p3":66},
    {"p1":6,
     "p2":7,
     "p3":23},
    {"p1":7,
     "p2":8,
     "p3":23},
    {"p1":30,
     "p2":100,
     "p3":101},
    {"p1":29,
     "p2":30,
     "p3":101},
    {"p1":30,
     "p2":99,
     "p3":100},
    {"p1":53,
     "p2":56,
     "p3":57},
    {"p1":52,
     "p2":53,
     "p3":57},
    {"p1":51,
     "p2":58,
     "p3":60},
    {"p1":51,
     "p2":52,
     "p3":58},
    {"p1":51,
     "p2":60,
     "p3":62},
    {"p1":50,
     "p2":51,
     "p3":62},
    {"p1":46,
     "p2":67,
     "p3":68},
    {"p1":46,
     "p2":47,
     "p3":67},
    {"p1":31,
     "p2":97,
     "p3":98},
    {"p1":31,
     "p2":96,
     "p3":97},
    {"p1":31,
     "p2":32,
     "p3":96},
    {"p1":54,
     "p2":55,
     "p3":56},
    {"p1":53,
     "p2":54,
     "p3":56},
    {"p1":16,
     "p2":17,
     "p3":18},
    {"p1":15,
     "p2":16,
     "p3":18},
    {"p1":45,
     "p2":68,
     "p3":69},
    {"p1":45,
     "p2":46,
     "p3":68},
    {"p1":15,
     "p2":19,
     "p3":20},
    {"p1":15,
     "p2":18,
     "p3":19},
    {"p1":44,
     "p2":69,
     "p3":70},
    {"p1":44,
     "p2":45,
     "p3":69},
    {"p1":44,
     "p2":70,
     "p3":71},
    {"p1":44,
     "p2":71,
     "p3":72},
    {"p1":43,
     "p2":44,
     "p3":72},
    {"p1":42,
     "p2":43,
     "p3":73},
    {"p1":43,
     "p2":72,
     "p3":73},
    {"p1":35,
     "p2":88,
     "p3":89},
    {"p1":34,
     "p2":35,
     "p3":89},
    {"p1":30,
     "p2":31,
     "p3":99},
    {"p1":31,
     "p2":98,
     "p3":99}]
}