{"points":[
    {"x":0.24398,
     "y":0.44783},
    {"x":0.22953,
     "y":0.5008},
    {"x":0.23435,
     "y":0.55377},
    {"x":0.22311,
     "y":0.60674},
    {"x":0.20225,
     "y":0.65971},
    {"x":0.1862,
     "y":0.71268},
    {"x":0.14446,
     "y":0.73997},
    {"x":0.091493,
     "y":0.73355},
    {"x":0.041734,
     "y":0.71429},
    {"x":0,
     "y":0.73836},
    {"x":0.027287,
     "y":0.7817},
    {"x":0.072231,
     "y":0.8138},
    {"x":0.11557,
     "y":0.85393},
    {"x":0.13483,
     "y":0.89085},
    {"x":0.14928,
     "y":0.89406},
    {"x":0.18941,
     "y":0.86196},
    {"x":0.24077,
     "y":0.83307},
    {"x":0.28892,
     "y":0.79615},
    {"x":0.32905,
     "y":0.7512},
    {"x":0.36918,
     "y":0.70947},
    {"x":0.41573,
     "y":0.66934},
    {"x":0.46067,
     "y":0.64205},
    {"x":0.51364,
     "y":0.60835},
    {"x":0.56661,
     "y":0.59872},
    {"x":0.61958,
     "y":0.60032},
    {"x":0.67255,
     "y":0.60514},
    {"x":0.72552,
     "y":0.60995},
    {"x":0.77849,
     "y":0.60995},
    {"x":0.83146,
     "y":0.59711},
    {"x":0.88283,
     "y":0.59069},
    {"x":0.93419,
     "y":0.58587},
    {"x":0.97592,
     "y":0.54896},
    {"x":0.99197,
     "y":0.49599},
    {"x":0.99518,
     "y":0.44302},
    {"x":0.99358,
     "y":0.39005},
    {"x":0.99358,
     "y":0.33708},
    {"x":1,
     "y":0.28411},
    {"x":0.99839,
     "y":0.23114},
    {"x":0.96469,
     "y":0.19583},
    {"x":0.939,
     "y":0.22311},
    {"x":0.92937,
     "y":0.26164},
    {"x":0.91172,
     "y":0.31461},
    {"x":0.9053,
     "y":0.36758},
    {"x":0.88925,
     "y":0.33066},
    {"x":0.90048,
     "y":0.27769},
    {"x":0.92135,
     "y":0.22472},
    {"x":0.91332,
     "y":0.17175},
    {"x":0.91332,
     "y":0.11878},
    {"x":0.91653,
     "y":0.065811},
    {"x":0.90209,
     "y":0.014446},
    {"x":0.85072,
     "y":0.0096308},
    {"x":0.87801,
     "y":0.060995},
    {"x":0.88925,
     "y":0.11396},
    {"x":0.88443,
     "y":0.16693},
    {"x":0.87159,
     "y":0.2199},
    {"x":0.84751,
     "y":0.27287},
    {"x":0.82022,
     "y":0.29856},
    {"x":0.82986,
     "y":0.24559},
    {"x":0.83467,
     "y":0.19262},
    {"x":0.8122,
     "y":0.14125},
    {"x":0.79454,
     "y":0.088283},
    {"x":0.78652,
     "y":0.035313},
    {"x":0.76083,
     "y":0},
    {"x":0.7175,
     "y":0.012841},
    {"x":0.75441,
     "y":0.060995},
    {"x":0.77528,
     "y":0.11396},
    {"x":0.78331,
     "y":0.16693},
    {"x":0.7817,
     "y":0.2199},
    {"x":0.76083,
     "y":0.26966},
    {"x":0.73997,
     "y":0.32263},
    {"x":0.71108,
     "y":0.37079},
    {"x":0.65811,
     "y":0.37721},
    {"x":0.60514,
     "y":0.36597},
    {"x":0.55217,
     "y":0.36116},
    {"x":0.4992,
     "y":0.36597},
    {"x":0.44623,
     "y":0.374},
    {"x":0.42857,
     "y":0.33547},
    {"x":0.42857,
     "y":0.2825},
    {"x":0.43178,
     "y":0.22953},
    {"x":0.43339,
     "y":0.17657},
    {"x":0.4382,
     "y":0.1236},
    {"x":0.43018,
     "y":0.078652},
    {"x":0.4061,
     "y":0.05297},
    {"x":0.39968,
     "y":0.081862},
    {"x":0.41413,
     "y":0.13483},
    {"x":0.4077,
     "y":0.1878},
    {"x":0.39005,
     "y":0.24077},
    {"x":0.38202,
     "y":0.29374},
    {"x":0.37239,
     "y":0.2825},
    {"x":0.374,
     "y":0.22953},
    {"x":0.37239,
     "y":0.17657},
    {"x":0.374,
     "y":0.1236},
    {"x":0.37721,
     "y":0.070626},
    {"x":0.35313,
     "y":0.035313},
    {"x":0.3114,
     "y":0.044944},
    {"x":0.34671,
     "y":0.093098},
    {"x":0.34992,
     "y":0.14607},
    {"x":0.33868,
     "y":0.19904},
    {"x":0.32584,
     "y":0.25201},
    {"x":0.313,
     "y":0.30498},
    {"x":0.29695,
     "y":0.35795},
    {"x":0.26164,
     "y":0.4061},
    {"x":0.24398,
     "y":0.44783}],
 "triangles":[
    {"p1":36,
     "p2":37,
     "p3":40},
    {"p1":25,
     "p2":70,
     "p3":71},
    {"p1":0,
     "p2":75,
     "p3":101},
    {"p1":75,
     "p2":100,
     "p3":101},
    {"p1":56,
     "p2":68,
     "p3":69},
    {"p1":56,
     "p2":69,
     "p3":70},
    {"p1":26,
     "p2":27,
     "p3":70},
    {"p1":25,
     "p2":26,
     "p3":70},
    {"p1":56,
     "p2":57,
     "p3":68},
    {"p1":27,
     "p2":28,
     "p3":70},
    {"p1":12,
     "p2":13,
     "p3":14},
    {"p1":8,
     "p2":9,
     "p3":10},
    {"p1":7,
     "p2":8,
     "p3":10},
    {"p1":43,
     "p2":44,
     "p3":55},
    {"p1":43,
     "p2":55,
     "p3":56},
    {"p1":57,
     "p2":67,
     "p3":68},
    {"p1":59,
     "p2":60,
     "p3":65},
    {"p1":37,
     "p2":39,
     "p3":40},
    {"p1":29,
     "p2":30,
     "p3":31},
    {"p1":7,
     "p2":10,
     "p3":11},
    {"p1":21,
     "p2":22,
     "p3":75},
    {"p1":0,
     "p2":21,
     "p3":75},
    {"p1":0,
     "p2":1,
     "p3":21},
    {"p1":1,
     "p2":2,
     "p3":21},
    {"p1":22,
     "p2":74,
     "p3":75},
    {"p1":87,
     "p2":99,
     "p3":100},
    {"p1":78,
     "p2":79,
     "p3":85},
    {"p1":36,
     "p2":40,
     "p3":41},
    {"p1":35,
     "p2":36,
     "p3":41},
    {"p1":28,
     "p2":42,
     "p3":70},
    {"p1":42,
     "p2":56,
     "p3":70},
    {"p1":42,
     "p2":43,
     "p3":56},
    {"p1":28,
     "p2":29,
     "p3":42},
    {"p1":35,
     "p2":41,
     "p3":42},
    {"p1":34,
     "p2":35,
     "p3":42},
    {"p1":59,
     "p2":65,
     "p3":66},
    {"p1":62,
     "p2":63,
     "p3":64},
    {"p1":61,
     "p2":62,
     "p3":64},
    {"p1":60,
     "p2":61,
     "p3":64},
    {"p1":60,
     "p2":64,
     "p3":65},
    {"p1":37,
     "p2":38,
     "p3":39},
    {"p1":44,
     "p2":54,
     "p3":55},
    {"p1":6,
     "p2":7,
     "p3":11},
    {"p1":6,
     "p2":11,
     "p3":12},
    {"p1":24,
     "p2":25,
     "p3":71},
    {"p1":24,
     "p2":71,
     "p3":72},
    {"p1":2,
     "p2":20,
     "p3":21},
    {"p1":3,
     "p2":19,
     "p3":20},
    {"p1":2,
     "p2":3,
     "p3":20},
    {"p1":87,
     "p2":88,
     "p3":99},
    {"p1":29,
     "p2":31,
     "p3":32},
    {"p1":29,
     "p2":32,
     "p3":42},
    {"p1":47,
     "p2":48,
     "p3":52},
    {"p1":44,
     "p2":45,
     "p3":54},
    {"p1":45,
     "p2":46,
     "p3":54},
    {"p1":46,
     "p2":53,
     "p3":54},
    {"p1":46,
     "p2":47,
     "p3":53},
    {"p1":47,
     "p2":52,
     "p3":53},
    {"p1":48,
     "p2":51,
     "p3":52},
    {"p1":49,
     "p2":50,
     "p3":51},
    {"p1":48,
     "p2":49,
     "p3":51},
    {"p1":5,
     "p2":17,
     "p3":18},
    {"p1":5,
     "p2":16,
     "p3":17},
    {"p1":5,
     "p2":6,
     "p3":16},
    {"p1":23,
     "p2":73,
     "p3":74},
    {"p1":22,
     "p2":23,
     "p3":74},
    {"p1":23,
     "p2":72,
     "p3":73},
    {"p1":23,
     "p2":24,
     "p3":72},
    {"p1":76,
     "p2":77,
     "p3":87},
    {"p1":75,
     "p2":76,
     "p3":100},
    {"p1":76,
     "p2":87,
     "p3":100},
    {"p1":89,
     "p2":90,
     "p3":97},
    {"p1":79,
     "p2":84,
     "p3":85},
    {"p1":79,
     "p2":80,
     "p3":84},
    {"p1":90,
     "p2":96,
     "p3":97},
    {"p1":90,
     "p2":91,
     "p3":96},
    {"p1":33,
     "p2":34,
     "p3":42},
    {"p1":32,
     "p2":33,
     "p3":42},
    {"p1":58,
     "p2":59,
     "p3":66},
    {"p1":57,
     "p2":58,
     "p3":67},
    {"p1":58,
     "p2":66,
     "p3":67},
    {"p1":6,
     "p2":12,
     "p3":15},
    {"p1":6,
     "p2":15,
     "p3":16},
    {"p1":12,
     "p2":14,
     "p3":15},
    {"p1":4,
     "p2":5,
     "p3":18},
    {"p1":3,
     "p2":4,
     "p3":19},
    {"p1":4,
     "p2":18,
     "p3":19},
    {"p1":88,
     "p2":98,
     "p3":99},
    {"p1":88,
     "p2":89,
     "p3":98},
    {"p1":89,
     "p2":97,
     "p3":98},
    {"p1":78,
     "p2":85,
     "p3":86},
    {"p1":77,
     "p2":78,
     "p3":86},
    {"p1":77,
     "p2":86,
     "p3":87},
    {"p1":81,
     "p2":82,
     "p3":83},
    {"p1":80,
     "p2":81,
     "p3":83},
    {"p1":80,
     "p2":83,
     "p3":84},
    {"p1":91,
     "p2":95,
     "p3":96},
    {"p1":91,
     "p2":92,
     "p3":95},
    {"p1":93,
     "p2":94,
     "p3":95},
    {"p1":92,
     "p2":93,
     "p3":95}]
}