{"points":[
    {"x":0,
     "y":0.50568},
    {"x":0,
     "y":0.54545},
    {"x":0.0056818,
     "y":0.58523},
    {"x":0.011364,
     "y":0.625},
    {"x":0.022727,
     "y":0.66477},
    {"x":0.034091,
     "y":0.70455},
    {"x":0.045455,
     "y":0.74432},
    {"x":0.068182,
     "y":0.78409},
    {"x":0.096591,
     "y":0.82386},
    {"x":0.125,
     "y":0.86364},
    {"x":0.15909,
     "y":0.89773},
    {"x":0.19886,
     "y":0.92045},
    {"x":0.23295,
     "y":0.94886},
    {"x":0.27273,
     "y":0.96591},
    {"x":0.3125,
     "y":0.97727},
    {"x":0.35227,
     "y":0.98864},
    {"x":0.39205,
     "y":0.99432},
    {"x":0.42614,
     "y":0.99432},
    {"x":0.46591,
     "y":0.98864},
    {"x":0.5,
     "y":1},
    {"x":0.53977,
     "y":0.99432},
    {"x":0.57955,
     "y":0.98864},
    {"x":0.61932,
     "y":0.97159},
    {"x":0.65909,
     "y":0.96023},
    {"x":0.69886,
     "y":0.9375},
    {"x":0.73864,
     "y":0.90909},
    {"x":0.77841,
     "y":0.875},
    {"x":0.81818,
     "y":0.83523},
    {"x":0.84659,
     "y":0.79545},
    {"x":0.86932,
     "y":0.76136},
    {"x":0.88636,
     "y":0.72159},
    {"x":0.90341,
     "y":0.68182},
    {"x":0.91477,
     "y":0.64205},
    {"x":0.92045,
     "y":0.60227},
    {"x":0.92614,
     "y":0.5625},
    {"x":0.92614,
     "y":0.52273},
    {"x":0.93182,
     "y":0.48295},
    {"x":0.92614,
     "y":0.44318},
    {"x":0.92045,
     "y":0.40341},
    {"x":0.91477,
     "y":0.36364},
    {"x":0.90909,
     "y":0.32386},
    {"x":0.89773,
     "y":0.28409},
    {"x":0.88636,
     "y":0.24432},
    {"x":0.86932,
     "y":0.20455},
    {"x":0.84659,
     "y":0.16477},
    {"x":0.82955,
     "y":0.125},
    {"x":0.80682,
     "y":0.085227},
    {"x":0.78409,
     "y":0.045455},
    {"x":0.75568,
     "y":0.0056818},
    {"x":0.71591,
     "y":0},
    {"x":0.67614,
     "y":0},
    {"x":0.68182,
     "y":0.034091},
    {"x":0.70455,
     "y":0.073864},
    {"x":0.72727,
     "y":0.11364},
    {"x":0.74432,
     "y":0.15341},
    {"x":0.76136,
     "y":0.19318},
    {"x":0.77273,
     "y":0.23295},
    {"x":0.77841,
     "y":0.27273},
    {"x":0.78409,
     "y":0.3125},
    {"x":0.78977,
     "y":0.35227},
    {"x":0.78977,
     "y":0.39205},
    {"x":0.78977,
     "y":0.43182},
    {"x":0.78977,
     "y":0.47159},
    {"x":0.78409,
     "y":0.51136},
    {"x":0.77841,
     "y":0.55114},
    {"x":0.76705,
     "y":0.59091},
    {"x":0.75568,
     "y":0.63068},
    {"x":0.73864,
     "y":0.67045},
    {"x":0.71591,
     "y":0.71023},
    {"x":0.6875,
     "y":0.75},
    {"x":0.64773,
     "y":0.78409},
    {"x":0.61364,
     "y":0.8125},
    {"x":0.57386,
     "y":0.82955},
    {"x":0.53409,
     "y":0.84659},
    {"x":0.49432,
     "y":0.84659},
    {"x":0.45455,
     "y":0.85227},
    {"x":0.41477,
     "y":0.84659},
    {"x":0.375,
     "y":0.83523},
    {"x":0.33523,
     "y":0.81818},
    {"x":0.29545,
     "y":0.79545},
    {"x":0.25568,
     "y":0.76136},
    {"x":0.22727,
     "y":0.72159},
    {"x":0.20455,
     "y":0.68182},
    {"x":0.18182,
     "y":0.64205},
    {"x":0.16477,
     "y":0.60227},
    {"x":0.15341,
     "y":0.5625},
    {"x":0.14773,
     "y":0.52273},
    {"x":0.13636,
     "y":0.48295},
    {"x":0.13636,
     "y":0.44318},
    {"x":0.13068,
     "y":0.40341},
    {"x":0.13068,
     "y":0.36364},
    {"x":0.13636,
     "y":0.32386},
    {"x":0.14205,
     "y":0.28409},
    {"x":0.14205,
     "y":0.24432},
    {"x":0.15341,
     "y":0.20455},
    {"x":0.16477,
     "y":0.16477},
    {"x":0.17614,
     "y":0.125},
    {"x":0.19886,
     "y":0.085227},
    {"x":0.21591,
     "y":0.045455},
    {"x":0.21591,
     "y":0.011364},
    {"x":0.17614,
     "y":0.011364},
    {"x":0.14205,
     "y":0.028409},
    {"x":0.11364,
     "y":0.068182},
    {"x":0.096591,
     "y":0.10795},
    {"x":0.073864,
     "y":0.14773},
    {"x":0.056818,
     "y":0.1875},
    {"x":0.039773,
     "y":0.22727},
    {"x":0.028409,
     "y":0.26705},
    {"x":0.017045,
     "y":0.30682},
    {"x":0.011364,
     "y":0.34659},
    {"x":0,
     "y":0.38636},
    {"x":0,
     "y":0.42614},
    {"x":0,
     "y":0.46591},
    {"x":0,
     "y":0.50568},
    {"x":0,
     "y":0.50568}],
 "triangles":[
    {"p1":6,
     "p2":82,
     "p3":83},
    {"p1":5,
     "p2":6,
     "p3":83},
    {"p1":4,
     "p2":5,
     "p3":83},
    {"p1":36,
     "p2":37,
     "p3":62},
    {"p1":37,
     "p2":61,
     "p3":62},
    {"p1":88,
     "p2":111,
     "p3":112},
    {"p1":22,
     "p2":23,
     "p3":72},
    {"p1":20,
     "p2":21,
     "p3":73},
    {"p1":21,
     "p2":22,
     "p3":73},
    {"p1":22,
     "p2":72,
     "p3":73},
    {"p1":49,
     "p2":50,
     "p3":51},
    {"p1":95,
     "p2":103,
     "p3":104},
    {"p1":41,
     "p2":42,
     "p3":57},
    {"p1":41,
     "p2":57,
     "p3":58},
    {"p1":40,
     "p2":41,
     "p3":58},
    {"p1":37,
     "p2":38,
     "p3":61},
    {"p1":0,
     "p2":1,
     "p3":86},
    {"p1":89,
     "p2":110,
     "p3":111},
    {"p1":88,
     "p2":89,
     "p3":111},
    {"p1":32,
     "p2":65,
     "p3":66},
    {"p1":26,
     "p2":27,
     "p3":69},
    {"p1":19,
     "p2":20,
     "p3":74},
    {"p1":20,
     "p2":73,
     "p3":74},
    {"p1":43,
     "p2":44,
     "p3":56},
    {"p1":42,
     "p2":43,
     "p3":57},
    {"p1":43,
     "p2":56,
     "p3":57},
    {"p1":6,
     "p2":7,
     "p3":82},
    {"p1":97,
     "p2":101,
     "p3":102},
    {"p1":94,
     "p2":95,
     "p3":104},
    {"p1":95,
     "p2":96,
     "p3":103},
    {"p1":96,
     "p2":97,
     "p3":102},
    {"p1":96,
     "p2":102,
     "p3":103},
    {"p1":33,
     "p2":34,
     "p3":64},
    {"p1":33,
     "p2":64,
     "p3":65},
    {"p1":32,
     "p2":33,
     "p3":65},
    {"p1":34,
     "p2":35,
     "p3":64},
    {"p1":35,
     "p2":36,
     "p3":62},
    {"p1":38,
     "p2":60,
     "p3":61},
    {"p1":2,
     "p2":3,
     "p3":85},
    {"p1":1,
     "p2":2,
     "p3":85},
    {"p1":1,
     "p2":85,
     "p3":86},
    {"p1":0,
     "p2":86,
     "p3":87},
    {"p1":0,
     "p2":87,
     "p3":112},
    {"p1":87,
     "p2":88,
     "p3":112},
    {"p1":89,
     "p2":109,
     "p3":110},
    {"p1":4,
     "p2":83,
     "p3":84},
    {"p1":3,
     "p2":4,
     "p3":84},
    {"p1":3,
     "p2":84,
     "p3":85},
    {"p1":31,
     "p2":32,
     "p3":66},
    {"p1":30,
     "p2":31,
     "p3":66},
    {"p1":24,
     "p2":25,
     "p3":71},
    {"p1":23,
     "p2":71,
     "p3":72},
    {"p1":23,
     "p2":24,
     "p3":71},
    {"p1":29,
     "p2":30,
     "p3":67},
    {"p1":30,
     "p2":66,
     "p3":67},
    {"p1":18,
     "p2":19,
     "p3":74},
    {"p1":27,
     "p2":68,
     "p3":69},
    {"p1":27,
     "p2":28,
     "p3":68},
    {"p1":29,
     "p2":67,
     "p3":68},
    {"p1":28,
     "p2":29,
     "p3":68},
    {"p1":44,
     "p2":45,
     "p3":55},
    {"p1":44,
     "p2":55,
     "p3":56},
    {"p1":98,
     "p2":99,
     "p3":100},
    {"p1":97,
     "p2":100,
     "p3":101},
    {"p1":97,
     "p2":98,
     "p3":100},
    {"p1":92,
     "p2":93,
     "p3":107},
    {"p1":93,
     "p2":106,
     "p3":107},
    {"p1":94,
     "p2":104,
     "p3":105},
    {"p1":93,
     "p2":105,
     "p3":106},
    {"p1":93,
     "p2":94,
     "p3":105},
    {"p1":35,
     "p2":63,
     "p3":64},
    {"p1":35,
     "p2":62,
     "p3":63},
    {"p1":38,
     "p2":39,
     "p3":60},
    {"p1":89,
     "p2":90,
     "p3":109},
    {"p1":25,
     "p2":70,
     "p3":71},
    {"p1":25,
     "p2":26,
     "p3":70},
    {"p1":26,
     "p2":69,
     "p3":70},
    {"p1":17,
     "p2":18,
     "p3":75},
    {"p1":18,
     "p2":74,
     "p3":75},
    {"p1":7,
     "p2":81,
     "p3":82},
    {"p1":7,
     "p2":8,
     "p3":81},
    {"p1":12,
     "p2":13,
     "p3":78},
    {"p1":47,
     "p2":48,
     "p3":52},
    {"p1":48,
     "p2":49,
     "p3":52},
    {"p1":49,
     "p2":51,
     "p3":52},
    {"p1":45,
     "p2":46,
     "p3":54},
    {"p1":45,
     "p2":54,
     "p3":55},
    {"p1":39,
     "p2":40,
     "p3":59},
    {"p1":39,
     "p2":59,
     "p3":60},
    {"p1":40,
     "p2":58,
     "p3":59},
    {"p1":91,
     "p2":107,
     "p3":108},
    {"p1":91,
     "p2":92,
     "p3":107},
    {"p1":17,
     "p2":75,
     "p3":76},
    {"p1":15,
     "p2":76,
     "p3":77},
    {"p1":14,
     "p2":15,
     "p3":77},
    {"p1":13,
     "p2":14,
     "p3":78},
    {"p1":14,
     "p2":77,
     "p3":78},
    {"p1":11,
     "p2":12,
     "p3":79},
    {"p1":12,
     "p2":78,
     "p3":79},
    {"p1":46,
     "p2":53,
     "p3":54},
    {"p1":46,
     "p2":47,
     "p3":53},
    {"p1":47,
     "p2":52,
     "p3":53},
    {"p1":16,
     "p2":17,
     "p3":76},
    {"p1":15,
     "p2":16,
     "p3":76},
    {"p1":8,
     "p2":9,
     "p3":80},
    {"p1":8,
     "p2":80,
     "p3":81},
    {"p1":9,
     "p2":10,
     "p3":80},
    {"p1":10,
     "p2":11,
     "p3":80},
    {"p1":11,
     "p2":79,
     "p3":80},
    {"p1":91,
     "p2":108,
     "p3":109},
    {"p1":90,
     "p2":91,
     "p3":109}]
}