{"points":[
    {"x":0.009434,
     "y":0.5},
    {"x":0.018868,
     "y":0.53774},
    {"x":0.028302,
     "y":0.57547},
    {"x":0.037736,
     "y":0.61321},
    {"x":0.056604,
     "y":0.65094},
    {"x":0.075472,
     "y":0.68868},
    {"x":0.09434,
     "y":0.72642},
    {"x":0.11321,
     "y":0.76415},
    {"x":0.13208,
     "y":0.80189},
    {"x":0.15094,
     "y":0.83962},
    {"x":0.15094,
     "y":0.87736},
    {"x":0.15094,
     "y":0.91509},
    {"x":0.16981,
     "y":0.95283},
    {"x":0.18868,
     "y":0.99057},
    {"x":0.22642,
     "y":0.99057},
    {"x":0.26415,
     "y":0.9717},
    {"x":0.30189,
     "y":0.9434},
    {"x":0.33962,
     "y":0.91509},
    {"x":0.37736,
     "y":0.89623},
    {"x":0.36792,
     "y":0.85849},
    {"x":0.35849,
     "y":0.82075},
    {"x":0.33962,
     "y":0.78302},
    {"x":0.32075,
     "y":0.74528},
    {"x":0.31132,
     "y":0.70755},
    {"x":0.30189,
     "y":0.66981},
    {"x":0.28302,
     "y":0.63208},
    {"x":0.27358,
     "y":0.59434},
    {"x":0.27358,
     "y":0.5566},
    {"x":0.26415,
     "y":0.51887},
    {"x":0.27358,
     "y":0.48113},
    {"x":0.27358,
     "y":0.4434},
    {"x":0.28302,
     "y":0.40566},
    {"x":0.31132,
     "y":0.36792},
    {"x":0.33962,
     "y":0.33962},
    {"x":0.37736,
     "y":0.32075},
    {"x":0.41509,
     "y":0.31132},
    {"x":0.45283,
     "y":0.32075},
    {"x":0.49057,
     "y":0.33019},
    {"x":0.5283,
     "y":0.34906},
    {"x":0.5566,
     "y":0.37736},
    {"x":0.57547,
     "y":0.41509},
    {"x":0.58491,
     "y":0.45283},
    {"x":0.59434,
     "y":0.49057},
    {"x":0.59434,
     "y":0.5283},
    {"x":0.58491,
     "y":0.56604},
    {"x":0.58491,
     "y":0.60377},
    {"x":0.57547,
     "y":0.64151},
    {"x":0.56604,
     "y":0.67925},
    {"x":0.5566,
     "y":0.71698},
    {"x":0.54717,
     "y":0.75472},
    {"x":0.5283,
     "y":0.79245},
    {"x":0.50943,
     "y":0.83019},
    {"x":0.49057,
     "y":0.86792},
    {"x":0.5,
     "y":0.89623},
    {"x":0.53774,
     "y":0.92453},
    {"x":0.56604,
     "y":0.95283},
    {"x":0.59434,
     "y":0.98113},
    {"x":0.62264,
     "y":1},
    {"x":0.66038,
     "y":0.99057},
    {"x":0.69811,
     "y":0.95283},
    {"x":0.71698,
     "y":0.91509},
    {"x":0.71698,
     "y":0.87736},
    {"x":0.73585,
     "y":0.83962},
    {"x":0.74528,
     "y":0.80189},
    {"x":0.76415,
     "y":0.76415},
    {"x":0.78302,
     "y":0.72642},
    {"x":0.79245,
     "y":0.68868},
    {"x":0.80189,
     "y":0.65094},
    {"x":0.81132,
     "y":0.61321},
    {"x":0.83019,
     "y":0.57547},
    {"x":0.83019,
     "y":0.53774},
    {"x":0.83962,
     "y":0.5},
    {"x":0.83962,
     "y":0.46226},
    {"x":0.83962,
     "y":0.42453},
    {"x":0.83962,
     "y":0.38679},
    {"x":0.83019,
     "y":0.34906},
    {"x":0.83019,
     "y":0.31132},
    {"x":0.82075,
     "y":0.27358},
    {"x":0.80189,
     "y":0.23585},
    {"x":0.78302,
     "y":0.19811},
    {"x":0.75472,
     "y":0.16038},
    {"x":0.72642,
     "y":0.12264},
    {"x":0.69811,
     "y":0.09434},
    {"x":0.66038,
     "y":0.066038},
    {"x":0.62264,
     "y":0.04717},
    {"x":0.58491,
     "y":0.028302},
    {"x":0.54717,
     "y":0.018868},
    {"x":0.50943,
     "y":0.009434},
    {"x":0.4717,
     "y":0.009434},
    {"x":0.43396,
     "y":0},
    {"x":0.39623,
     "y":0},
    {"x":0.35849,
     "y":0.009434},
    {"x":0.32075,
     "y":0.009434},
    {"x":0.28302,
     "y":0.018868},
    {"x":0.24528,
     "y":0.037736},
    {"x":0.20755,
     "y":0.04717},
    {"x":0.16981,
     "y":0.066038},
    {"x":0.13208,
     "y":0.09434},
    {"x":0.10377,
     "y":0.12264},
    {"x":0.075472,
     "y":0.16038},
    {"x":0.056604,
     "y":0.19811},
    {"x":0.028302,
     "y":0.23585},
    {"x":0.018868,
     "y":0.27358},
    {"x":0.009434,
     "y":0.31132},
    {"x":0,
     "y":0.34906},
    {"x":0,
     "y":0.38679},
    {"x":0,
     "y":0.42453},
    {"x":0,
     "y":0.46226},
    {"x":0.009434,
     "y":0.5},
    {"x":0.009434,
     "y":0.5}],
 "triangles":[
    {"p1":34,
     "p2":93,
     "p3":94},
    {"p1":33,
     "p2":34,
     "p3":94},
    {"p1":33,
     "p2":96,
     "p3":97},
    {"p1":33,
     "p2":97,
     "p3":98},
    {"p1":40,
     "p2":74,
     "p3":75},
    {"p1":48,
     "p2":49,
     "p3":63},
    {"p1":33,
     "p2":94,
     "p3":95},
    {"p1":33,
     "p2":95,
     "p3":96},
    {"p1":91,
     "p2":92,
     "p3":93},
    {"p1":34,
     "p2":91,
     "p3":93},
    {"p1":42,
     "p2":71,
     "p3":72},
    {"p1":40,
     "p2":41,
     "p3":74},
    {"p1":42,
     "p2":70,
     "p3":71},
    {"p1":42,
     "p2":43,
     "p3":70},
    {"p1":45,
     "p2":66,
     "p3":67},
    {"p1":43,
     "p2":68,
     "p3":70},
    {"p1":68,
     "p2":69,
     "p3":70},
    {"p1":45,
     "p2":67,
     "p3":68},
    {"p1":37,
     "p2":84,
     "p3":85},
    {"p1":37,
     "p2":83,
     "p3":84},
    {"p1":37,
     "p2":85,
     "p3":86},
    {"p1":34,
     "p2":35,
     "p3":91},
    {"p1":35,
     "p2":88,
     "p3":89},
    {"p1":35,
     "p2":89,
     "p3":90},
    {"p1":35,
     "p2":90,
     "p3":91},
    {"p1":39,
     "p2":78,
     "p3":79},
    {"p1":39,
     "p2":77,
     "p3":78},
    {"p1":39,
     "p2":40,
     "p3":75},
    {"p1":36,
     "p2":37,
     "p3":86},
    {"p1":36,
     "p2":86,
     "p3":88},
    {"p1":35,
     "p2":36,
     "p3":88},
    {"p1":39,
     "p2":76,
     "p3":77},
    {"p1":39,
     "p2":75,
     "p3":76},
    {"p1":49,
     "p2":61,
     "p3":62},
    {"p1":49,
     "p2":62,
     "p3":63},
    {"p1":47,
     "p2":48,
     "p3":64},
    {"p1":48,
     "p2":63,
     "p3":64},
    {"p1":47,
     "p2":64,
     "p3":65},
    {"p1":51,
     "p2":53,
     "p3":54},
    {"p1":54,
     "p2":55,
     "p3":61},
    {"p1":49,
     "p2":50,
     "p3":61},
    {"p1":50,
     "p2":54,
     "p3":61},
    {"p1":50,
     "p2":51,
     "p3":54},
    {"p1":51,
     "p2":52,
     "p3":53},
    {"p1":7,
     "p2":8,
     "p3":23},
    {"p1":5,
     "p2":6,
     "p3":25},
    {"p1":9,
     "p2":21,
     "p3":22},
    {"p1":8,
     "p2":22,
     "p3":23},
    {"p1":8,
     "p2":9,
     "p3":22},
    {"p1":12,
     "p2":13,
     "p3":14},
    {"p1":56,
     "p2":57,
     "p3":58},
    {"p1":55,
     "p2":56,
     "p3":59},
    {"p1":56,
     "p2":58,
     "p3":59},
    {"p1":41,
     "p2":73,
     "p3":74},
    {"p1":42,
     "p2":72,
     "p3":73},
    {"p1":41,
     "p2":42,
     "p3":73},
    {"p1":45,
     "p2":46,
     "p3":66},
    {"p1":46,
     "p2":47,
     "p3":65},
    {"p1":46,
     "p2":65,
     "p3":66},
    {"p1":43,
     "p2":44,
     "p3":68},
    {"p1":44,
     "p2":45,
     "p3":68},
    {"p1":86,
     "p2":87,
     "p3":88},
    {"p1":39,
     "p2":79,
     "p3":80},
    {"p1":38,
     "p2":81,
     "p3":82},
    {"p1":38,
     "p2":80,
     "p3":81},
    {"p1":38,
     "p2":39,
     "p3":80},
    {"p1":38,
     "p2":82,
     "p3":83},
    {"p1":37,
     "p2":38,
     "p3":83},
    {"p1":33,
     "p2":98,
     "p3":99},
    {"p1":31,
     "p2":103,
     "p3":104},
    {"p1":0,
     "p2":1,
     "p3":28},
    {"p1":0,
     "p2":28,
     "p3":29},
    {"p1":1,
     "p2":2,
     "p3":28},
    {"p1":2,
     "p2":3,
     "p3":28},
    {"p1":7,
     "p2":23,
     "p3":24},
    {"p1":32,
     "p2":33,
     "p3":99},
    {"p1":32,
     "p2":99,
     "p3":100},
    {"p1":31,
     "p2":32,
     "p3":100},
    {"p1":100,
     "p2":101,
     "p3":102},
    {"p1":31,
     "p2":100,
     "p3":102},
    {"p1":31,
     "p2":102,
     "p3":103},
    {"p1":3,
     "p2":4,
     "p3":26},
    {"p1":5,
     "p2":25,
     "p3":26},
    {"p1":4,
     "p2":5,
     "p3":26},
    {"p1":9,
     "p2":10,
     "p3":16},
    {"p1":9,
     "p2":16,
     "p3":21},
    {"p1":16,
     "p2":20,
     "p3":21},
    {"p1":0,
     "p2":29,
     "p3":30},
    {"p1":31,
     "p2":104,
     "p3":105},
    {"p1":30,
     "p2":31,
     "p3":105},
    {"p1":30,
     "p2":105,
     "p3":106},
    {"p1":3,
     "p2":27,
     "p3":28},
    {"p1":3,
     "p2":26,
     "p3":27},
    {"p1":17,
     "p2":19,
     "p3":20},
    {"p1":16,
     "p2":17,
     "p3":20},
    {"p1":17,
     "p2":18,
     "p3":19},
    {"p1":12,
     "p2":14,
     "p3":15},
    {"p1":11,
     "p2":12,
     "p3":15},
    {"p1":10,
     "p2":11,
     "p3":15},
    {"p1":10,
     "p2":15,
     "p3":16},
    {"p1":0,
     "p2":30,
     "p3":107},
    {"p1":30,
     "p2":106,
     "p3":107},
    {"p1":55,
     "p2":60,
     "p3":61},
    {"p1":55,
     "p2":59,
     "p3":60},
    {"p1":6,
     "p2":7,
     "p3":24},
    {"p1":6,
     "p2":24,
     "p3":25}]
}