{"points":[
    {"x":0,
     "y":0.45316},
    {"x":0.0021786,
     "y":0.50327},
    {"x":0.0087146,
     "y":0.55338},
    {"x":0.041394,
     "y":0.59913},
    {"x":0.091503,
     "y":0.61438},
    {"x":0.14161,
     "y":0.62092},
    {"x":0.19172,
     "y":0.63399},
    {"x":0.24183,
     "y":0.6427},
    {"x":0.29194,
     "y":0.64488},
    {"x":0.34205,
     "y":0.63617},
    {"x":0.39216,
     "y":0.62309},
    {"x":0.44227,
     "y":0.61656},
    {"x":0.49237,
     "y":0.62092},
    {"x":0.53813,
     "y":0.65577},
    {"x":0.57734,
     "y":0.69935},
    {"x":0.60349,
     "y":0.74946},
    {"x":0.6427,
     "y":0.79521},
    {"x":0.69281,
     "y":0.83224},
    {"x":0.74292,
     "y":0.85839},
    {"x":0.79303,
     "y":0.8671},
    {"x":0.8366,
     "y":0.88889},
    {"x":0.86275,
     "y":0.88453},
    {"x":0.88889,
     "y":0.84096},
    {"x":0.93028,
     "y":0.80174},
    {"x":0.97821,
     "y":0.76471},
    {"x":1,
     "y":0.7146},
    {"x":0.96514,
     "y":0.68192},
    {"x":0.92593,
     "y":0.7037},
    {"x":0.87582,
     "y":0.71678},
    {"x":0.82571,
     "y":0.73203},
    {"x":0.78867,
     "y":0.69717},
    {"x":0.78649,
     "y":0.64706},
    {"x":0.77996,
     "y":0.59695},
    {"x":0.78431,
     "y":0.54684},
    {"x":0.79085,
     "y":0.49673},
    {"x":0.78431,
     "y":0.44662},
    {"x":0.76471,
     "y":0.39651},
    {"x":0.74074,
     "y":0.34858},
    {"x":0.7342,
     "y":0.29847},
    {"x":0.7342,
     "y":0.24837},
    {"x":0.73203,
     "y":0.19826},
    {"x":0.73856,
     "y":0.14815},
    {"x":0.76906,
     "y":0.10022},
    {"x":0.80174,
     "y":0.061002},
    {"x":0.75163,
     "y":0.050109},
    {"x":0.72985,
     "y":0.089325},
    {"x":0.69499,
     "y":0.13072},
    {"x":0.69499,
     "y":0.18083},
    {"x":0.68627,
     "y":0.23094},
    {"x":0.67538,
     "y":0.28105},
    {"x":0.66667,
     "y":0.23094},
    {"x":0.65359,
     "y":0.18083},
    {"x":0.65577,
     "y":0.13072},
    {"x":0.69063,
     "y":0.082789},
    {"x":0.67538,
     "y":0.056645},
    {"x":0.62745,
     "y":0.076253},
    {"x":0.61656,
     "y":0.122},
    {"x":0.61874,
     "y":0.17211},
    {"x":0.62092,
     "y":0.22222},
    {"x":0.62092,
     "y":0.27233},
    {"x":0.62092,
     "y":0.32244},
    {"x":0.60566,
     "y":0.36166},
    {"x":0.55556,
     "y":0.35948},
    {"x":0.50545,
     "y":0.35294},
    {"x":0.45534,
     "y":0.35512},
    {"x":0.40523,
     "y":0.36383},
    {"x":0.35512,
     "y":0.37908},
    {"x":0.30937,
     "y":0.36819},
    {"x":0.2854,
     "y":0.33769},
    {"x":0.27233,
     "y":0.28758},
    {"x":0.2658,
     "y":0.23747},
    {"x":0.26144,
     "y":0.18736},
    {"x":0.27451,
     "y":0.13725},
    {"x":0.30501,
     "y":0.087146},
    {"x":0.34205,
     "y":0.043573},
    {"x":0.2963,
     "y":0.028322},
    {"x":0.26797,
     "y":0.065359},
    {"x":0.23965,
     "y":0.1024},
    {"x":0.22876,
     "y":0.15251},
    {"x":0.21351,
     "y":0.20261},
    {"x":0.19826,
     "y":0.25272},
    {"x":0.21133,
     "y":0.30283},
    {"x":0.18083,
     "y":0.26797},
    {"x":0.15033,
     "y":0.21786},
    {"x":0.12854,
     "y":0.16993},
    {"x":0.12418,
     "y":0.11983},
    {"x":0.12636,
     "y":0.069717},
    {"x":0.15686,
     "y":0.019608},
    {"x":0.122,
     "y":0},
    {"x":0.091503,
     "y":0.039216},
    {"x":0.084967,
     "y":0.084967},
    {"x":0.089325,
     "y":0.13508},
    {"x":0.093682,
     "y":0.18519},
    {"x":0.093682,
     "y":0.23529},
    {"x":0.11329,
     "y":0.2854},
    {"x":0.13508,
     "y":0.33551},
    {"x":0.122,
     "y":0.38562},
    {"x":0.10458,
     "y":0.43573},
    {"x":0.095861,
     "y":0.41612},
    {"x":0.045752,
     "y":0.40741},
    {"x":0.0043573,
     "y":0.42266},
    {"x":0,
     "y":0.45316}],
 "triangles":[
    {"p1":0,
     "p2":97,
     "p3":99},
    {"p1":97,
     "p2":98,
     "p3":99},
    {"p1":12,
     "p2":13,
     "p3":61},
    {"p1":24,
     "p2":25,
     "p3":27},
    {"p1":25,
     "p2":26,
     "p3":27},
    {"p1":0,
     "p2":99,
     "p3":100},
    {"p1":2,
     "p2":4,
     "p3":97},
    {"p1":12,
     "p2":61,
     "p3":62},
    {"p1":12,
     "p2":62,
     "p3":63},
    {"p1":0,
     "p2":1,
     "p3":97},
    {"p1":1,
     "p2":2,
     "p3":97},
    {"p1":2,
     "p2":3,
     "p3":4},
    {"p1":11,
     "p2":64,
     "p3":65},
    {"p1":12,
     "p2":63,
     "p3":64},
    {"p1":11,
     "p2":12,
     "p3":64},
    {"p1":20,
     "p2":21,
     "p3":22},
    {"p1":87,
     "p2":88,
     "p3":89},
    {"p1":86,
     "p2":87,
     "p3":89},
    {"p1":7,
     "p2":8,
     "p3":67},
    {"p1":8,
     "p2":9,
     "p3":67},
    {"p1":35,
     "p2":36,
     "p3":61},
    {"p1":36,
     "p2":37,
     "p3":61},
    {"p1":37,
     "p2":60,
     "p3":61},
    {"p1":37,
     "p2":49,
     "p3":60},
    {"p1":38,
     "p2":39,
     "p3":49},
    {"p1":37,
     "p2":38,
     "p3":49},
    {"p1":53,
     "p2":54,
     "p3":55},
    {"p1":49,
     "p2":59,
     "p3":60},
    {"p1":4,
     "p2":5,
     "p3":97},
    {"p1":23,
     "p2":24,
     "p3":27},
    {"p1":13,
     "p2":33,
     "p3":61},
    {"p1":13,
     "p2":32,
     "p3":33},
    {"p1":73,
     "p2":74,
     "p3":75},
    {"p1":9,
     "p2":66,
     "p3":67},
    {"p1":9,
     "p2":10,
     "p3":66},
    {"p1":11,
     "p2":65,
     "p3":66},
    {"p1":10,
     "p2":11,
     "p3":66},
    {"p1":23,
     "p2":27,
     "p3":28},
    {"p1":22,
     "p2":28,
     "p3":29},
    {"p1":22,
     "p2":23,
     "p3":28},
    {"p1":18,
     "p2":19,
     "p3":29},
    {"p1":19,
     "p2":20,
     "p3":22},
    {"p1":19,
     "p2":22,
     "p3":29},
    {"p1":17,
     "p2":18,
     "p3":29},
    {"p1":34,
     "p2":35,
     "p3":61},
    {"p1":33,
     "p2":34,
     "p3":61},
    {"p1":17,
     "p2":29,
     "p3":30},
    {"p1":16,
     "p2":17,
     "p3":30},
    {"p1":15,
     "p2":16,
     "p3":30},
    {"p1":15,
     "p2":30,
     "p3":31},
    {"p1":13,
     "p2":14,
     "p3":32},
    {"p1":14,
     "p2":31,
     "p3":32},
    {"p1":14,
     "p2":15,
     "p3":31},
    {"p1":86,
     "p2":89,
     "p3":90},
    {"p1":73,
     "p2":75,
     "p3":76},
    {"p1":51,
     "p2":57,
     "p3":58},
    {"p1":42,
     "p2":43,
     "p3":44},
    {"p1":68,
     "p2":69,
     "p3":81},
    {"p1":5,
     "p2":6,
     "p3":97},
    {"p1":6,
     "p2":67,
     "p3":97},
    {"p1":6,
     "p2":7,
     "p3":67},
    {"p1":84,
     "p2":85,
     "p3":91},
    {"p1":85,
     "p2":86,
     "p3":90},
    {"p1":85,
     "p2":90,
     "p3":91},
    {"p1":84,
     "p2":91,
     "p3":92},
    {"p1":67,
     "p2":96,
     "p3":97},
    {"p1":67,
     "p2":68,
     "p3":96},
    {"p1":81,
     "p2":95,
     "p3":96},
    {"p1":68,
     "p2":81,
     "p3":96},
    {"p1":72,
     "p2":73,
     "p3":77},
    {"p1":73,
     "p2":76,
     "p3":77},
    {"p1":50,
     "p2":51,
     "p3":58},
    {"p1":50,
     "p2":58,
     "p3":59},
    {"p1":49,
     "p2":50,
     "p3":59},
    {"p1":52,
     "p2":56,
     "p3":57},
    {"p1":51,
     "p2":52,
     "p3":57},
    {"p1":52,
     "p2":55,
     "p3":56},
    {"p1":52,
     "p2":53,
     "p3":55},
    {"p1":40,
     "p2":41,
     "p3":47},
    {"p1":70,
     "p2":71,
     "p3":79},
    {"p1":70,
     "p2":79,
     "p3":80},
    {"p1":69,
     "p2":70,
     "p3":80},
    {"p1":69,
     "p2":80,
     "p3":81},
    {"p1":40,
     "p2":47,
     "p3":48},
    {"p1":39,
     "p2":40,
     "p3":48},
    {"p1":39,
     "p2":48,
     "p3":49},
    {"p1":41,
     "p2":42,
     "p3":45},
    {"p1":42,
     "p2":44,
     "p3":45},
    {"p1":41,
     "p2":46,
     "p3":47},
    {"p1":41,
     "p2":45,
     "p3":46},
    {"p1":71,
     "p2":78,
     "p3":79},
    {"p1":72,
     "p2":77,
     "p3":78},
    {"p1":71,
     "p2":72,
     "p3":78},
    {"p1":81,
     "p2":82,
     "p3":95},
    {"p1":82,
     "p2":94,
     "p3":95},
    {"p1":83,
     "p2":93,
     "p3":94},
    {"p1":82,
     "p2":83,
     "p3":94},
    {"p1":83,
     "p2":92,
     "p3":93},
    {"p1":83,
     "p2":84,
     "p3":92}]
}