{"points":[
    {"x":0.0054127,
     "y":0.25846},
    {"x":0.010825,
     "y":0.27876},
    {"x":0,
     "y":0.29093},
    {"x":0.044655,
     "y":0.29905},
    {"x":0.08931,
     "y":0.30311},
    {"x":0.13396,
     "y":0.30447},
    {"x":0.17862,
     "y":0.30717},
    {"x":0.22327,
     "y":0.31258},
    {"x":0.26793,
     "y":0.31258},
    {"x":0.31258,
     "y":0.31258},
    {"x":0.35724,
     "y":0.32341},
    {"x":0.40189,
     "y":0.33559},
    {"x":0.44655,
     "y":0.33829},
    {"x":0.4912,
     "y":0.32612},
    {"x":0.53586,
     "y":0.31394},
    {"x":0.58051,
     "y":0.31529},
    {"x":0.62517,
     "y":0.33829},
    {"x":0.63599,
     "y":0.36401},
    {"x":0.66035,
     "y":0.3816},
    {"x":0.69147,
     "y":0.41001},
    {"x":0.71989,
     "y":0.43708},
    {"x":0.76319,
     "y":0.46279},
    {"x":0.8065,
     "y":0.48444},
    {"x":0.81461,
     "y":0.5088},
    {"x":0.84032,
     "y":0.50068},
    {"x":0.87551,
     "y":0.46008},
    {"x":0.89986,
     "y":0.41949},
    {"x":0.92152,
     "y":0.37483},
    {"x":0.92287,
     "y":0.33018},
    {"x":0.88227,
     "y":0.32476},
    {"x":0.85386,
     "y":0.3613},
    {"x":0.81191,
     "y":0.38701},
    {"x":0.79838,
     "y":0.34235},
    {"x":0.7889,
     "y":0.2977},
    {"x":0.77673,
     "y":0.25304},
    {"x":0.78484,
     "y":0.20839},
    {"x":0.77673,
     "y":0.16373},
    {"x":0.79026,
     "y":0.13396},
    {"x":0.83491,
     "y":0.12585},
    {"x":0.87957,
     "y":0.12449},
    {"x":0.91746,
     "y":0.086604},
    {"x":0.96076,
     "y":0.054127},
    {"x":1,
     "y":0.02571},
    {"x":0.99459,
     "y":0},
    {"x":0.96482,
     "y":0.024357},
    {"x":0.92422,
     "y":0.051421},
    {"x":0.88363,
     "y":0.081191},
    {"x":0.83897,
     "y":0.093369},
    {"x":0.79432,
     "y":0.08931},
    {"x":0.74966,
     "y":0.086604},
    {"x":0.70907,
     "y":0.10149},
    {"x":0.69553,
     "y":0.077131},
    {"x":0.70365,
     "y":0.032476},
    {"x":0.66847,
     "y":0.010825},
    {"x":0.62517,
     "y":0.041949},
    {"x":0.58322,
     "y":0.073072},
    {"x":0.56157,
     "y":0.11367},
    {"x":0.60622,
     "y":0.098782},
    {"x":0.63329,
     "y":0.064953},
    {"x":0.65629,
     "y":0.063599},
    {"x":0.64005,
     "y":0.10825},
    {"x":0.60758,
     "y":0.13532},
    {"x":0.56292,
     "y":0.14208},
    {"x":0.51827,
     "y":0.15426},
    {"x":0.48173,
     "y":0.15832},
    {"x":0.47361,
     "y":0.11367},
    {"x":0.48173,
     "y":0.073072},
    {"x":0.52639,
     "y":0.05954},
    {"x":0.57104,
     "y":0.046008},
    {"x":0.61434,
     "y":0.024357},
    {"x":0.58999,
     "y":0.0054127},
    {"x":0.55345,
     "y":0.027064},
    {"x":0.5088,
     "y":0.039242},
    {"x":0.46414,
     "y":0.046008},
    {"x":0.42219,
     "y":0.056834},
    {"x":0.42219,
     "y":0.10149},
    {"x":0.41543,
     "y":0.14479},
    {"x":0.37212,
     "y":0.16644},
    {"x":0.33018,
     "y":0.13667},
    {"x":0.28552,
     "y":0.12855},
    {"x":0.24087,
     "y":0.1272},
    {"x":0.19621,
     "y":0.13261},
    {"x":0.15156,
     "y":0.12314},
    {"x":0.10961,
     "y":0.08525},
    {"x":0.075778,
     "y":0.051421},
    {"x":0.032476,
     "y":0.032476},
    {"x":0.024357,
     "y":0.058187},
    {"x":0.067659,
     "y":0.077131},
    {"x":0.10284,
     "y":0.11502},
    {"x":0.13261,
     "y":0.15832},
    {"x":0.1705,
     "y":0.17727},
    {"x":0.21516,
     "y":0.17862},
    {"x":0.24899,
     "y":0.20298},
    {"x":0.26793,
     "y":0.24763},
    {"x":0.2977,
     "y":0.29093},
    {"x":0.25304,
     "y":0.28281},
    {"x":0.20839,
     "y":0.26116},
    {"x":0.16373,
     "y":0.25034},
    {"x":0.11908,
     "y":0.24493},
    {"x":0.074425,
     "y":0.23951},
    {"x":0.037889,
     "y":0.24763},
    {"x":0.0054127,
     "y":0.25846}],
 "triangles":[
    {"p1":1,
     "p2":2,
     "p3":3},
    {"p1":0,
     "p2":1,
     "p3":100},
    {"p1":3,
     "p2":99,
     "p3":100},
    {"p1":1,
     "p2":3,
     "p3":100},
    {"p1":84,
     "p2":85,
     "p3":86},
    {"p1":84,
     "p2":86,
     "p3":87},
    {"p1":83,
     "p2":87,
     "p3":88},
    {"p1":83,
     "p2":84,
     "p3":87},
    {"p1":5,
     "p2":97,
     "p3":98},
    {"p1":4,
     "p2":98,
     "p3":99},
    {"p1":4,
     "p2":5,
     "p3":98},
    {"p1":3,
     "p2":4,
     "p3":99},
    {"p1":20,
     "p2":21,
     "p3":31},
    {"p1":5,
     "p2":6,
     "p3":97},
    {"p1":6,
     "p2":7,
     "p3":96},
    {"p1":6,
     "p2":96,
     "p3":97},
    {"p1":11,
     "p2":12,
     "p3":77},
    {"p1":40,
     "p2":45,
     "p3":46},
    {"p1":40,
     "p2":41,
     "p3":45},
    {"p1":39,
     "p2":40,
     "p3":46},
    {"p1":25,
     "p2":26,
     "p3":31},
    {"p1":22,
     "p2":25,
     "p3":31},
    {"p1":21,
     "p2":22,
     "p3":31},
    {"p1":22,
     "p2":24,
     "p3":25},
    {"p1":22,
     "p2":23,
     "p3":24},
    {"p1":7,
     "p2":95,
     "p3":96},
    {"p1":78,
     "p2":79,
     "p3":92},
    {"p1":79,
     "p2":80,
     "p3":92},
    {"p1":80,
     "p2":91,
     "p3":92},
    {"p1":82,
     "p2":89,
     "p3":90},
    {"p1":82,
     "p2":83,
     "p3":88},
    {"p1":82,
     "p2":88,
     "p3":89},
    {"p1":9,
     "p2":10,
     "p3":94},
    {"p1":10,
     "p2":11,
     "p3":77},
    {"p1":10,
     "p2":77,
     "p3":94},
    {"p1":41,
     "p2":44,
     "p3":45},
    {"p1":42,
     "p2":43,
     "p3":44},
    {"p1":41,
     "p2":42,
     "p3":44},
    {"p1":16,
     "p2":33,
     "p3":34},
    {"p1":16,
     "p2":34,
     "p3":61},
    {"p1":34,
     "p2":35,
     "p3":61},
    {"p1":26,
     "p2":30,
     "p3":31},
    {"p1":7,
     "p2":8,
     "p3":95},
    {"p1":8,
     "p2":9,
     "p3":94},
    {"p1":8,
     "p2":94,
     "p3":95},
    {"p1":77,
     "p2":93,
     "p3":94},
    {"p1":78,
     "p2":92,
     "p3":93},
    {"p1":77,
     "p2":78,
     "p3":93},
    {"p1":80,
     "p2":81,
     "p3":91},
    {"p1":81,
     "p2":90,
     "p3":91},
    {"p1":81,
     "p2":82,
     "p3":90},
    {"p1":66,
     "p2":72,
     "p3":73},
    {"p1":66,
     "p2":73,
     "p3":74},
    {"p1":66,
     "p2":74,
     "p3":75},
    {"p1":26,
     "p2":27,
     "p3":30},
    {"p1":27,
     "p2":29,
     "p3":30},
    {"p1":27,
     "p2":28,
     "p3":29},
    {"p1":16,
     "p2":18,
     "p3":33},
    {"p1":16,
     "p2":17,
     "p3":18},
    {"p1":20,
     "p2":31,
     "p3":32},
    {"p1":19,
     "p2":20,
     "p3":32},
    {"p1":18,
     "p2":32,
     "p3":33},
    {"p1":18,
     "p2":19,
     "p3":32},
    {"p1":38,
     "p2":47,
     "p3":48},
    {"p1":39,
     "p2":46,
     "p3":47},
    {"p1":38,
     "p2":39,
     "p3":47},
    {"p1":15,
     "p2":16,
     "p3":61},
    {"p1":37,
     "p2":38,
     "p3":48},
    {"p1":35,
     "p2":36,
     "p3":61},
    {"p1":36,
     "p2":50,
     "p3":61},
    {"p1":14,
     "p2":15,
     "p3":63},
    {"p1":37,
     "p2":48,
     "p3":49},
    {"p1":36,
     "p2":49,
     "p3":50},
    {"p1":36,
     "p2":37,
     "p3":49},
    {"p1":50,
     "p2":60,
     "p3":61},
    {"p1":50,
     "p2":51,
     "p3":60},
    {"p1":15,
     "p2":61,
     "p3":62},
    {"p1":15,
     "p2":62,
     "p3":63},
    {"p1":65,
     "p2":66,
     "p3":75},
    {"p1":65,
     "p2":75,
     "p3":76},
    {"p1":51,
     "p2":59,
     "p3":60},
    {"p1":66,
     "p2":67,
     "p3":72},
    {"p1":64,
     "p2":65,
     "p3":76},
    {"p1":12,
     "p2":13,
     "p3":64},
    {"p1":13,
     "p2":14,
     "p3":64},
    {"p1":14,
     "p2":63,
     "p3":64},
    {"p1":12,
     "p2":64,
     "p3":77},
    {"p1":64,
     "p2":76,
     "p3":77},
    {"p1":51,
     "p2":52,
     "p3":59},
    {"p1":52,
     "p2":53,
     "p3":59},
    {"p1":53,
     "p2":54,
     "p3":59},
    {"p1":67,
     "p2":71,
     "p3":72},
    {"p1":54,
     "p2":58,
     "p3":59},
    {"p1":54,
     "p2":55,
     "p3":58},
    {"p1":67,
     "p2":68,
     "p3":71},
    {"p1":68,
     "p2":69,
     "p3":70},
    {"p1":68,
     "p2":70,
     "p3":71},
    {"p1":55,
     "p2":57,
     "p3":58},
    {"p1":55,
     "p2":56,
     "p3":57}]
}