{"points":[
    {"x":0.25387,
     "y":0.3808},
    {"x":0.24149,
     "y":0.43653},
    {"x":0.22291,
     "y":0.49226},
    {"x":0.18576,
     "y":0.54489},
    {"x":0.14241,
     "y":0.59752},
    {"x":0.089783,
     "y":0.55728},
    {"x":0.052632,
     "y":0.50774},
    {"x":0,
     "y":0.52012},
    {"x":0.003096,
     "y":0.57276},
    {"x":0.006192,
     "y":0.6192},
    {"x":0.024768,
     "y":0.67492},
    {"x":0.040248,
     "y":0.73065},
    {"x":0.068111,
     "y":0.74613},
    {"x":0.12384,
     "y":0.72755},
    {"x":0.17957,
     "y":0.71207},
    {"x":0.23529,
     "y":0.69969},
    {"x":0.28173,
     "y":0.66873},
    {"x":0.33127,
     "y":0.63467},
    {"x":0.387,
     "y":0.6192},
    {"x":0.44272,
     "y":0.60062},
    {"x":0.49845,
     "y":0.58204},
    {"x":0.55418,
     "y":0.57895},
    {"x":0.60991,
     "y":0.58824},
    {"x":0.66563,
     "y":0.59752},
    {"x":0.72136,
     "y":0.59443},
    {"x":0.77709,
     "y":0.58824},
    {"x":0.83282,
     "y":0.57895},
    {"x":0.88854,
     "y":0.58204},
    {"x":0.94118,
     "y":0.56347},
    {"x":0.96904,
     "y":0.51084},
    {"x":0.97523,
     "y":0.45511},
    {"x":0.97214,
     "y":0.39938},
    {"x":0.98452,
     "y":0.34365},
    {"x":1,
     "y":0.28793},
    {"x":1,
     "y":0.2322},
    {"x":0.98762,
     "y":0.18266},
    {"x":0.94427,
     "y":0.20743},
    {"x":0.9257,
     "y":0.26316},
    {"x":0.90093,
     "y":0.31889},
    {"x":0.89164,
     "y":0.37152},
    {"x":0.87926,
     "y":0.42724},
    {"x":0.88545,
     "y":0.48297},
    {"x":0.86997,
     "y":0.53251},
    {"x":0.8452,
     "y":0.52322},
    {"x":0.85139,
     "y":0.46749},
    {"x":0.8452,
     "y":0.41176},
    {"x":0.84211,
     "y":0.35604},
    {"x":0.86687,
     "y":0.30031},
    {"x":0.91331,
     "y":0.25387},
    {"x":0.9257,
     "y":0.19814},
    {"x":0.93808,
     "y":0.14241},
    {"x":0.95046,
     "y":0.086687},
    {"x":0.95046,
     "y":0.034056},
    {"x":0.90402,
     "y":0.012384},
    {"x":0.91022,
     "y":0.058824},
    {"x":0.90712,
     "y":0.11455},
    {"x":0.89164,
     "y":0.17028},
    {"x":0.85759,
     "y":0.22291},
    {"x":0.80805,
     "y":0.26935},
    {"x":0.7678,
     "y":0.31579},
    {"x":0.74923,
     "y":0.27245},
    {"x":0.75851,
     "y":0.21672},
    {"x":0.74923,
     "y":0.16099},
    {"x":0.71827,
     "y":0.10526},
    {"x":0.69969,
     "y":0.049536},
    {"x":0.66873,
     "y":0.0092879},
    {"x":0.613,
     "y":0},
    {"x":0.64396,
     "y":0.049536},
    {"x":0.67802,
     "y":0.099071},
    {"x":0.69969,
     "y":0.1548},
    {"x":0.6935,
     "y":0.21053},
    {"x":0.67492,
     "y":0.26625},
    {"x":0.66254,
     "y":0.32198},
    {"x":0.62539,
     "y":0.34985},
    {"x":0.56966,
     "y":0.33127},
    {"x":0.51393,
     "y":0.32508},
    {"x":0.4582,
     "y":0.32817},
    {"x":0.42724,
     "y":0.30031},
    {"x":0.43653,
     "y":0.24458},
    {"x":0.43963,
     "y":0.18885},
    {"x":0.44892,
     "y":0.13313},
    {"x":0.4613,
     "y":0.077399},
    {"x":0.44892,
     "y":0.024768},
    {"x":0.39628,
     "y":0.012384},
    {"x":0.41796,
     "y":0.065015},
    {"x":0.41796,
     "y":0.12074},
    {"x":0.40248,
     "y":0.17647},
    {"x":0.3839,
     "y":0.2322},
    {"x":0.36842,
     "y":0.28793},
    {"x":0.33437,
     "y":0.3065},
    {"x":0.27864,
     "y":0.27245},
    {"x":0.22601,
     "y":0.2322},
    {"x":0.21981,
     "y":0.17647},
    {"x":0.24458,
     "y":0.12384},
    {"x":0.28173,
     "y":0.086687},
    {"x":0.24149,
     "y":0.074303},
    {"x":0.19814,
     "y":0.11146},
    {"x":0.18885,
     "y":0.16718},
    {"x":0.17028,
     "y":0.22291},
    {"x":0.19505,
     "y":0.27554},
    {"x":0.24149,
     "y":0.31889},
    {"x":0.25697,
     "y":0.37461},
    {"x":0.25387,
     "y":0.3808}],
 "triangles":[
    {"p1":52,
     "p2":53,
     "p3":54},
    {"p1":51,
     "p2":52,
     "p3":54},
    {"p1":51,
     "p2":54,
     "p3":55},
    {"p1":50,
     "p2":51,
     "p3":55},
    {"p1":6,
     "p2":7,
     "p3":8},
    {"p1":27,
     "p2":28,
     "p3":42},
    {"p1":26,
     "p2":27,
     "p3":42},
    {"p1":2,
     "p2":17,
     "p3":18},
    {"p1":1,
     "p2":2,
     "p3":18},
    {"p1":2,
     "p2":3,
     "p3":17},
    {"p1":4,
     "p2":14,
     "p3":15},
    {"p1":11,
     "p2":12,
     "p3":13},
    {"p1":4,
     "p2":13,
     "p3":14},
    {"p1":82,
     "p2":83,
     "p3":84},
    {"p1":93,
     "p2":95,
     "p3":96},
    {"p1":93,
     "p2":94,
     "p3":95},
    {"p1":3,
     "p2":16,
     "p3":17},
    {"p1":4,
     "p2":15,
     "p3":16},
    {"p1":3,
     "p2":4,
     "p3":16},
    {"p1":1,
     "p2":18,
     "p3":19},
    {"p1":20,
     "p2":21,
     "p3":75},
    {"p1":26,
     "p2":42,
     "p3":43},
    {"p1":25,
     "p2":26,
     "p3":43},
    {"p1":29,
     "p2":30,
     "p3":41},
    {"p1":28,
     "p2":41,
     "p3":42},
    {"p1":28,
     "p2":29,
     "p3":41},
    {"p1":5,
     "p2":6,
     "p3":8},
    {"p1":5,
     "p2":8,
     "p3":9},
    {"p1":10,
     "p2":11,
     "p3":13},
    {"p1":4,
     "p2":10,
     "p3":13},
    {"p1":5,
     "p2":9,
     "p3":10},
    {"p1":4,
     "p2":5,
     "p3":10},
    {"p1":89,
     "p2":90,
     "p3":100},
    {"p1":91,
     "p2":92,
     "p3":98},
    {"p1":92,
     "p2":93,
     "p3":96},
    {"p1":21,
     "p2":22,
     "p3":73},
    {"p1":22,
     "p2":23,
     "p3":73},
    {"p1":23,
     "p2":24,
     "p3":73},
    {"p1":45,
     "p2":72,
     "p3":73},
    {"p1":78,
     "p2":87,
     "p3":88},
    {"p1":78,
     "p2":79,
     "p3":87},
    {"p1":19,
     "p2":20,
     "p3":76},
    {"p1":20,
     "p2":75,
     "p3":76},
    {"p1":1,
     "p2":19,
     "p3":76},
    {"p1":44,
     "p2":45,
     "p3":73},
    {"p1":24,
     "p2":44,
     "p3":73},
    {"p1":25,
     "p2":43,
     "p3":44},
    {"p1":24,
     "p2":25,
     "p3":44},
    {"p1":31,
     "p2":32,
     "p3":39},
    {"p1":32,
     "p2":38,
     "p3":39},
    {"p1":31,
     "p2":39,
     "p3":40},
    {"p1":30,
     "p2":40,
     "p3":41},
    {"p1":30,
     "p2":31,
     "p3":40},
    {"p1":81,
     "p2":82,
     "p3":84},
    {"p1":81,
     "p2":84,
     "p3":85},
    {"p1":80,
     "p2":81,
     "p3":85},
    {"p1":90,
     "p2":91,
     "p3":99},
    {"p1":90,
     "p2":99,
     "p3":100},
    {"p1":91,
     "p2":98,
     "p3":99},
    {"p1":89,
     "p2":100,
     "p3":101},
    {"p1":76,
     "p2":89,
     "p3":101},
    {"p1":1,
     "p2":76,
     "p3":101},
    {"p1":92,
     "p2":96,
     "p3":97},
    {"p1":92,
     "p2":97,
     "p3":98},
    {"p1":21,
     "p2":74,
     "p3":75},
    {"p1":21,
     "p2":73,
     "p3":74},
    {"p1":77,
     "p2":88,
     "p3":89},
    {"p1":76,
     "p2":77,
     "p3":89},
    {"p1":77,
     "p2":78,
     "p3":88},
    {"p1":32,
     "p2":33,
     "p3":37},
    {"p1":32,
     "p2":37,
     "p3":38},
    {"p1":33,
     "p2":34,
     "p3":37},
    {"p1":79,
     "p2":86,
     "p3":87},
    {"p1":79,
     "p2":80,
     "p3":86},
    {"p1":80,
     "p2":85,
     "p3":86},
    {"p1":63,
     "p2":64,
     "p3":68},
    {"p1":0,
     "p2":1,
     "p3":101},
    {"p1":34,
     "p2":35,
     "p3":36},
    {"p1":34,
     "p2":36,
     "p3":37},
    {"p1":60,
     "p2":71,
     "p3":72},
    {"p1":60,
     "p2":70,
     "p3":71},
    {"p1":65,
     "p2":66,
     "p3":67},
    {"p1":64,
     "p2":65,
     "p3":67},
    {"p1":64,
     "p2":67,
     "p3":68},
    {"p1":63,
     "p2":68,
     "p3":69},
    {"p1":62,
     "p2":63,
     "p3":69},
    {"p1":62,
     "p2":69,
     "p3":70},
    {"p1":50,
     "p2":55,
     "p3":56},
    {"p1":61,
     "p2":62,
     "p3":70},
    {"p1":60,
     "p2":61,
     "p3":70},
    {"p1":49,
     "p2":50,
     "p3":56},
    {"p1":59,
     "p2":60,
     "p3":72},
    {"p1":45,
     "p2":59,
     "p3":72},
    {"p1":45,
     "p2":46,
     "p3":59},
    {"p1":46,
     "p2":47,
     "p3":58},
    {"p1":46,
     "p2":58,
     "p3":59},
    {"p1":49,
     "p2":56,
     "p3":57},
    {"p1":47,
     "p2":57,
     "p3":58},
    {"p1":48,
     "p2":49,
     "p3":57},
    {"p1":47,
     "p2":48,
     "p3":57}]
}