{"points":[
    {"x":0,
     "y":0.50847},
    {"x":0,
     "y":0.54237},
    {"x":0.016949,
     "y":0.57627},
    {"x":0.016949,
     "y":0.61017},
    {"x":0.033898,
     "y":0.64407},
    {"x":0.033898,
     "y":0.67797},
    {"x":0.050847,
     "y":0.71186},
    {"x":0.050847,
     "y":0.74576},
    {"x":0.084746,
     "y":0.77966},
    {"x":0.10169,
     "y":0.81356},
    {"x":0.11864,
     "y":0.84746},
    {"x":0.15254,
     "y":0.86441},
    {"x":0.16949,
     "y":0.88136},
    {"x":0.20339,
     "y":0.91525},
    {"x":0.23729,
     "y":0.9322},
    {"x":0.27119,
     "y":0.94915},
    {"x":0.30508,
     "y":0.9661},
    {"x":0.33898,
     "y":0.98305},
    {"x":0.37288,
     "y":0.98305},
    {"x":0.40678,
     "y":1},
    {"x":0.44068,
     "y":1},
    {"x":0.47458,
     "y":1},
    {"x":0.50847,
     "y":1},
    {"x":0.54237,
     "y":1},
    {"x":0.57627,
     "y":0.98305},
    {"x":0.61017,
     "y":0.98305},
    {"x":0.64407,
     "y":0.9661},
    {"x":0.67797,
     "y":0.94915},
    {"x":0.71186,
     "y":0.94915},
    {"x":0.74576,
     "y":0.91525},
    {"x":0.76271,
     "y":0.89831},
    {"x":0.79661,
     "y":0.88136},
    {"x":0.83051,
     "y":0.84746},
    {"x":0.86441,
     "y":0.83051},
    {"x":0.88136,
     "y":0.79661},
    {"x":0.89831,
     "y":0.76271},
    {"x":0.91525,
     "y":0.72881},
    {"x":0.9322,
     "y":0.69492},
    {"x":0.9322,
     "y":0.66102},
    {"x":0.94915,
     "y":0.62712},
    {"x":0.94915,
     "y":0.59322},
    {"x":0.9322,
     "y":0.55932},
    {"x":0.9661,
     "y":0.54237},
    {"x":0.9661,
     "y":0.50847},
    {"x":0.94915,
     "y":0.47458},
    {"x":0.9661,
     "y":0.44068},
    {"x":0.9661,
     "y":0.40678},
    {"x":0.9661,
     "y":0.37288},
    {"x":0.9661,
     "y":0.33898},
    {"x":0.94915,
     "y":0.32203},
    {"x":0.91525,
     "y":0.28814},
    {"x":0.94915,
     "y":0.27119},
    {"x":0.94915,
     "y":0.23729},
    {"x":0.94915,
     "y":0.20339},
    {"x":0.9322,
     "y":0.16949},
    {"x":0.91525,
     "y":0.13559},
    {"x":0.89831,
     "y":0.10169},
    {"x":0.89831,
     "y":0.067797},
    {"x":0.88136,
     "y":0.033898},
    {"x":0.84746,
     "y":0.016949},
    {"x":0.81356,
     "y":0.016949},
    {"x":0.77966,
     "y":0.016949},
    {"x":0.74576,
     "y":0},
    {"x":0.71186,
     "y":0},
    {"x":0.67797,
     "y":0.016949},
    {"x":0.66102,
     "y":0.050847},
    {"x":0.66102,
     "y":0.084746},
    {"x":0.66102,
     "y":0.11864},
    {"x":0.67797,
     "y":0.15254},
    {"x":0.67797,
     "y":0.18644},
    {"x":0.69492,
     "y":0.22034},
    {"x":0.71186,
     "y":0.25424},
    {"x":0.71186,
     "y":0.28814},
    {"x":0.72881,
     "y":0.32203},
    {"x":0.72881,
     "y":0.35593},
    {"x":0.72881,
     "y":0.38983},
    {"x":0.71186,
     "y":0.42373},
    {"x":0.71186,
     "y":0.45763},
    {"x":0.69492,
     "y":0.49153},
    {"x":0.67797,
     "y":0.52542},
    {"x":0.66102,
     "y":0.55932},
    {"x":0.62712,
     "y":0.59322},
    {"x":0.59322,
     "y":0.61017},
    {"x":0.55932,
     "y":0.64407},
    {"x":0.52542,
     "y":0.64407},
    {"x":0.49153,
     "y":0.66102},
    {"x":0.45763,
     "y":0.66102},
    {"x":0.42373,
     "y":0.64407},
    {"x":0.38983,
     "y":0.62712},
    {"x":0.35593,
     "y":0.61017},
    {"x":0.32203,
     "y":0.57627},
    {"x":0.30508,
     "y":0.54237},
    {"x":0.27119,
     "y":0.50847},
    {"x":0.27119,
     "y":0.47458},
    {"x":0.25424,
     "y":0.44068},
    {"x":0.25424,
     "y":0.40678},
    {"x":0.25424,
     "y":0.37288},
    {"x":0.25424,
     "y":0.33898},
    {"x":0.23729,
     "y":0.30508},
    {"x":0.23729,
     "y":0.27119},
    {"x":0.25424,
     "y":0.23729},
    {"x":0.25424,
     "y":0.20339},
    {"x":0.27119,
     "y":0.16949},
    {"x":0.27119,
     "y":0.13559},
    {"x":0.28814,
     "y":0.10169},
    {"x":0.30508,
     "y":0.067797},
    {"x":0.30508,
     "y":0.033898},
    {"x":0.30508,
     "y":0},
    {"x":0.27119,
     "y":0},
    {"x":0.23729,
     "y":0},
    {"x":0.20339,
     "y":0},
    {"x":0.16949,
     "y":0},
    {"x":0.13559,
     "y":0},
    {"x":0.10169,
     "y":0},
    {"x":0.084746,
     "y":0.033898},
    {"x":0.084746,
     "y":0.067797},
    {"x":0.067797,
     "y":0.10169},
    {"x":0.050847,
     "y":0.13559},
    {"x":0.033898,
     "y":0.16949},
    {"x":0.033898,
     "y":0.20339},
    {"x":0.016949,
     "y":0.23729},
    {"x":0.016949,
     "y":0.27119},
    {"x":0.016949,
     "y":0.30508},
    {"x":0,
     "y":0.33898},
    {"x":0,
     "y":0.37288},
    {"x":0,
     "y":0.40678},
    {"x":0,
     "y":0.44068},
    {"x":0,
     "y":0.47458},
    {"x":0,
     "y":0.50847},
    {"x":0,
     "y":0.50847}],
 "triangles":[
    {"p1":57,
     "p2":58,
     "p3":59},
    {"p1":38,
     "p2":41,
     "p3":80},
    {"p1":50,
     "p2":71,
     "p3":73},
    {"p1":71,
     "p2":72,
     "p3":73},
    {"p1":27,
     "p2":30,
     "p3":83},
    {"p1":21,
     "p2":85,
     "p3":86},
    {"p1":24,
     "p2":83,
     "p3":85},
    {"p1":83,
     "p2":84,
     "p3":85},
    {"p1":30,
     "p2":31,
     "p3":32},
    {"p1":27,
     "p2":29,
     "p3":30},
    {"p1":27,
     "p2":28,
     "p3":29},
    {"p1":41,
     "p2":78,
     "p3":79},
    {"p1":41,
     "p2":79,
     "p3":80},
    {"p1":36,
     "p2":38,
     "p3":80},
    {"p1":35,
     "p2":36,
     "p3":80},
    {"p1":36,
     "p2":37,
     "p3":38},
    {"p1":0,
     "p2":1,
     "p3":2},
    {"p1":6,
     "p2":7,
     "p3":8},
    {"p1":16,
     "p2":18,
     "p3":86},
    {"p1":16,
     "p2":17,
     "p3":18},
    {"p1":41,
     "p2":77,
     "p3":78},
    {"p1":41,
     "p2":44,
     "p3":77},
    {"p1":44,
     "p2":75,
     "p3":77},
    {"p1":50,
     "p2":73,
     "p3":74},
    {"p1":50,
     "p2":74,
     "p3":75},
    {"p1":35,
     "p2":80,
     "p3":81},
    {"p1":30,
     "p2":32,
     "p3":81},
    {"p1":81,
     "p2":82,
     "p3":83},
    {"p1":30,
     "p2":81,
     "p3":83},
    {"p1":18,
     "p2":20,
     "p3":86},
    {"p1":20,
     "p2":21,
     "p3":86},
    {"p1":18,
     "p2":19,
     "p3":20},
    {"p1":26,
     "p2":27,
     "p3":83},
    {"p1":24,
     "p2":26,
     "p3":83},
    {"p1":24,
     "p2":25,
     "p3":26},
    {"p1":22,
     "p2":24,
     "p3":85},
    {"p1":21,
     "p2":22,
     "p3":85},
    {"p1":54,
     "p2":55,
     "p3":71},
    {"p1":50,
     "p2":54,
     "p3":71},
    {"p1":2,
     "p2":3,
     "p3":4},
    {"p1":9,
     "p2":10,
     "p3":11},
    {"p1":4,
     "p2":5,
     "p3":6},
    {"p1":12,
     "p2":13,
     "p3":14},
    {"p1":44,
     "p2":46,
     "p3":75},
    {"p1":55,
     "p2":70,
     "p3":71},
    {"p1":55,
     "p2":56,
     "p3":70},
    {"p1":63,
     "p2":64,
     "p3":65},
    {"p1":75,
     "p2":76,
     "p3":77},
    {"p1":0,
     "p2":94,
     "p3":127},
    {"p1":94,
     "p2":126,
     "p3":127},
    {"p1":34,
     "p2":35,
     "p3":81},
    {"p1":32,
     "p2":34,
     "p3":81},
    {"p1":32,
     "p2":33,
     "p3":34},
    {"p1":22,
     "p2":23,
     "p3":24},
    {"p1":50,
     "p2":51,
     "p3":52},
    {"p1":50,
     "p2":52,
     "p3":54},
    {"p1":52,
     "p2":53,
     "p3":54},
    {"p1":106,
     "p2":107,
     "p3":108},
    {"p1":103,
     "p2":110,
     "p3":111},
    {"p1":112,
     "p2":113,
     "p3":114},
    {"p1":122,
     "p2":123,
     "p3":124},
    {"p1":47,
     "p2":50,
     "p3":75},
    {"p1":46,
     "p2":47,
     "p3":75},
    {"p1":47,
     "p2":49,
     "p3":50},
    {"p1":47,
     "p2":48,
     "p3":49},
    {"p1":44,
     "p2":45,
     "p3":46},
    {"p1":68,
     "p2":69,
     "p3":70},
    {"p1":56,
     "p2":68,
     "p3":70},
    {"p1":66,
     "p2":67,
     "p3":68},
    {"p1":12,
     "p2":14,
     "p3":88},
    {"p1":0,
     "p2":2,
     "p3":92},
    {"p1":0,
     "p2":92,
     "p3":94},
    {"p1":2,
     "p2":4,
     "p3":92},
    {"p1":92,
     "p2":93,
     "p3":94},
    {"p1":104,
     "p2":105,
     "p3":109},
    {"p1":104,
     "p2":109,
     "p3":110},
    {"p1":103,
     "p2":104,
     "p3":110},
    {"p1":117,
     "p2":118,
     "p3":119},
    {"p1":111,
     "p2":112,
     "p3":115},
    {"p1":112,
     "p2":114,
     "p3":115},
    {"p1":103,
     "p2":115,
     "p3":116},
    {"p1":103,
     "p2":111,
     "p3":115},
    {"p1":119,
     "p2":120,
     "p3":121},
    {"p1":41,
     "p2":42,
     "p3":43},
    {"p1":41,
     "p2":43,
     "p3":44},
    {"p1":56,
     "p2":61,
     "p3":68},
    {"p1":61,
     "p2":62,
     "p3":66},
    {"p1":61,
     "p2":66,
     "p3":68},
    {"p1":11,
     "p2":12,
     "p3":89},
    {"p1":12,
     "p2":88,
     "p3":89},
    {"p1":9,
     "p2":11,
     "p3":89},
    {"p1":8,
     "p2":9,
     "p3":89},
    {"p1":101,
     "p2":117,
     "p3":119},
    {"p1":101,
     "p2":116,
     "p3":117},
    {"p1":101,
     "p2":103,
     "p3":116},
    {"p1":99,
     "p2":119,
     "p3":121},
    {"p1":99,
     "p2":101,
     "p3":119},
    {"p1":99,
     "p2":100,
     "p3":101},
    {"p1":56,
     "p2":60,
     "p3":61},
    {"p1":4,
     "p2":6,
     "p3":90},
    {"p1":6,
     "p2":8,
     "p3":90},
    {"p1":8,
     "p2":89,
     "p3":90},
    {"p1":4,
     "p2":90,
     "p3":92},
    {"p1":90,
     "p2":91,
     "p3":92},
    {"p1":101,
     "p2":102,
     "p3":103},
    {"p1":96,
     "p2":97,
     "p3":98},
    {"p1":39,
     "p2":40,
     "p3":41},
    {"p1":38,
     "p2":39,
     "p3":41},
    {"p1":63,
     "p2":65,
     "p3":66},
    {"p1":62,
     "p2":63,
     "p3":66},
    {"p1":105,
     "p2":106,
     "p3":109},
    {"p1":106,
     "p2":108,
     "p3":109},
    {"p1":15,
     "p2":16,
     "p3":87},
    {"p1":16,
     "p2":86,
     "p3":87},
    {"p1":14,
     "p2":15,
     "p3":87},
    {"p1":14,
     "p2":87,
     "p3":88},
    {"p1":56,
     "p2":57,
     "p3":60},
    {"p1":57,
     "p2":59,
     "p3":60},
    {"p1":95,
     "p2":125,
     "p3":126},
    {"p1":94,
     "p2":95,
     "p3":126},
    {"p1":95,
     "p2":124,
     "p3":125},
    {"p1":95,
     "p2":96,
     "p3":124},
    {"p1":98,
     "p2":99,
     "p3":121},
    {"p1":98,
     "p2":121,
     "p3":122},
    {"p1":96,
     "p2":98,
     "p3":124},
    {"p1":98,
     "p2":122,
     "p3":124}]
}