{"points":[
    {"x":0,
     "y":0.43902},
    {"x":0,
     "y":0.47561},
    {"x":0,
     "y":0.5122},
    {"x":0,
     "y":0.54878},
    {"x":0,
     "y":0.58537},
    {"x":0,
     "y":0.62195},
    {"x":0,
     "y":0.65854},
    {"x":0,
     "y":0.69512},
    {"x":0,
     "y":0.73171},
    {"x":0,
     "y":0.76829},
    {"x":0,
     "y":0.80488},
    {"x":0,
     "y":0.84146},
    {"x":0.0017422,
     "y":0.87631},
    {"x":0.038328,
     "y":0.87631},
    {"x":0.074913,
     "y":0.87631},
    {"x":0.1115,
     "y":0.87631},
    {"x":0.14808,
     "y":0.87631},
    {"x":0.18467,
     "y":0.87631},
    {"x":0.22125,
     "y":0.87631},
    {"x":0.25784,
     "y":0.87631},
    {"x":0.29443,
     "y":0.87631},
    {"x":0.33101,
     "y":0.87631},
    {"x":0.3676,
     "y":0.87631},
    {"x":0.40418,
     "y":0.87631},
    {"x":0.44077,
     "y":0.87631},
    {"x":0.47735,
     "y":0.87631},
    {"x":0.51394,
     "y":0.87631},
    {"x":0.55052,
     "y":0.87631},
    {"x":0.58711,
     "y":0.87631},
    {"x":0.62369,
     "y":0.87631},
    {"x":0.66028,
     "y":0.87631},
    {"x":0.69686,
     "y":0.87631},
    {"x":0.73345,
     "y":0.87631},
    {"x":0.77003,
     "y":0.87631},
    {"x":0.80662,
     "y":0.87631},
    {"x":0.84321,
     "y":0.87631},
    {"x":0.87979,
     "y":0.87631},
    {"x":0.91638,
     "y":0.87631},
    {"x":0.95296,
     "y":0.87631},
    {"x":0.98955,
     "y":0.87631},
    {"x":1,
     "y":0.85017},
    {"x":1,
     "y":0.81359},
    {"x":1,
     "y":0.777},
    {"x":1,
     "y":0.74042},
    {"x":1,
     "y":0.70383},
    {"x":1,
     "y":0.66725},
    {"x":1,
     "y":0.63066},
    {"x":1,
     "y":0.59408},
    {"x":1,
     "y":0.55749},
    {"x":1,
     "y":0.52091},
    {"x":1,
     "y":0.48432},
    {"x":1,
     "y":0.44774},
    {"x":1,
     "y":0.41115},
    {"x":1,
     "y":0.37456},
    {"x":1,
     "y":0.33798},
    {"x":1,
     "y":0.30139},
    {"x":1,
     "y":0.26481},
    {"x":1,
     "y":0.22822},
    {"x":1,
     "y":0.19164},
    {"x":1,
     "y":0.15505},
    {"x":1,
     "y":0.11847},
    {"x":1,
     "y":0.081882},
    {"x":1,
     "y":0.045296},
    {"x":1,
     "y":0.0087108},
    {"x":0.97213,
     "y":0},
    {"x":0.93554,
     "y":0},
    {"x":0.89895,
     "y":0},
    {"x":0.86237,
     "y":0},
    {"x":0.82578,
     "y":0},
    {"x":0.7892,
     "y":0},
    {"x":0.75261,
     "y":0},
    {"x":0.71603,
     "y":0},
    {"x":0.67944,
     "y":0},
    {"x":0.64286,
     "y":0},
    {"x":0.60627,
     "y":0},
    {"x":0.56969,
     "y":0},
    {"x":0.5331,
     "y":0},
    {"x":0.49652,
     "y":0},
    {"x":0.45993,
     "y":0},
    {"x":0.42334,
     "y":0},
    {"x":0.38676,
     "y":0},
    {"x":0.35017,
     "y":0},
    {"x":0.31359,
     "y":0},
    {"x":0.277,
     "y":0},
    {"x":0.24042,
     "y":0},
    {"x":0.20383,
     "y":0},
    {"x":0.16725,
     "y":0},
    {"x":0.13066,
     "y":0},
    {"x":0.094077,
     "y":0},
    {"x":0.057491,
     "y":0},
    {"x":0.020906,
     "y":0},
    {"x":0,
     "y":0.015679},
    {"x":0,
     "y":0.052265},
    {"x":0,
     "y":0.08885},
    {"x":0,
     "y":0.12544},
    {"x":0,
     "y":0.16202},
    {"x":0,
     "y":0.19861},
    {"x":0,
     "y":0.23519},
    {"x":0,
     "y":0.27178},
    {"x":0,
     "y":0.30836},
    {"x":0,
     "y":0.34495},
    {"x":0,
     "y":0.38153},
    {"x":0,
     "y":0.41812},
    {"x":0,
     "y":0.43902}],
 "triangles":[
    {"p1":0,
     "p2":1,
     "p3":23},
    {"p1":90,
     "p2":91,
     "p3":92},
    {"p1":82,
     "p2":99,
     "p3":100},
    {"p1":82,
     "p2":83,
     "p3":99},
    {"p1":9,
     "p2":10,
     "p3":14},
    {"p1":6,
     "p2":7,
     "p3":17},
    {"p1":7,
     "p2":16,
     "p3":17},
    {"p1":7,
     "p2":8,
     "p3":16},
    {"p1":86,
     "p2":95,
     "p3":96},
    {"p1":51,
     "p2":52,
     "p3":75},
    {"p1":83,
     "p2":98,
     "p3":99},
    {"p1":0,
     "p2":79,
     "p3":102},
    {"p1":0,
     "p2":23,
     "p3":24},
    {"p1":0,
     "p2":24,
     "p3":79},
    {"p1":24,
     "p2":78,
     "p3":79},
    {"p1":24,
     "p2":25,
     "p3":78},
    {"p1":80,
     "p2":101,
     "p3":102},
    {"p1":79,
     "p2":80,
     "p3":102},
    {"p1":10,
     "p2":13,
     "p3":14},
    {"p1":9,
     "p2":14,
     "p3":15},
    {"p1":8,
     "p2":9,
     "p3":15},
    {"p1":8,
     "p2":15,
     "p3":16},
    {"p1":4,
     "p2":5,
     "p3":19},
    {"p1":4,
     "p2":19,
     "p3":20},
    {"p1":25,
     "p2":77,
     "p3":78},
    {"p1":27,
     "p2":75,
     "p3":76},
    {"p1":27,
     "p2":28,
     "p3":51},
    {"p1":27,
     "p2":51,
     "p3":75},
    {"p1":28,
     "p2":50,
     "p3":51},
    {"p1":30,
     "p2":48,
     "p3":49},
    {"p1":30,
     "p2":31,
     "p3":48},
    {"p1":31,
     "p2":47,
     "p3":48},
    {"p1":85,
     "p2":86,
     "p3":96},
    {"p1":85,
     "p2":96,
     "p3":97},
    {"p1":89,
     "p2":90,
     "p3":92},
    {"p1":88,
     "p2":93,
     "p3":94},
    {"p1":88,
     "p2":89,
     "p3":93},
    {"p1":89,
     "p2":92,
     "p3":93},
    {"p1":87,
     "p2":88,
     "p3":94},
    {"p1":87,
     "p2":94,
     "p3":95},
    {"p1":86,
     "p2":87,
     "p3":95},
    {"p1":54,
     "p2":55,
     "p3":72},
    {"p1":81,
     "p2":100,
     "p3":101},
    {"p1":80,
     "p2":81,
     "p3":101},
    {"p1":81,
     "p2":82,
     "p3":100},
    {"p1":11,
     "p2":12,
     "p3":13},
    {"p1":10,
     "p2":11,
     "p3":13},
    {"p1":5,
     "p2":6,
     "p3":18},
    {"p1":5,
     "p2":18,
     "p3":19},
    {"p1":6,
     "p2":17,
     "p3":18},
    {"p1":3,
     "p2":4,
     "p3":20},
    {"p1":26,
     "p2":76,
     "p3":77},
    {"p1":26,
     "p2":27,
     "p3":76},
    {"p1":25,
     "p2":26,
     "p3":77},
    {"p1":33,
     "p2":45,
     "p3":46},
    {"p1":35,
     "p2":43,
     "p3":44},
    {"p1":35,
     "p2":36,
     "p3":43},
    {"p1":29,
     "p2":49,
     "p3":50},
    {"p1":29,
     "p2":30,
     "p3":49},
    {"p1":28,
     "p2":29,
     "p3":50},
    {"p1":31,
     "p2":32,
     "p3":47},
    {"p1":32,
     "p2":46,
     "p3":47},
    {"p1":32,
     "p2":33,
     "p3":46},
    {"p1":84,
     "p2":85,
     "p3":97},
    {"p1":84,
     "p2":97,
     "p3":98},
    {"p1":83,
     "p2":84,
     "p3":98},
    {"p1":57,
     "p2":58,
     "p3":69},
    {"p1":58,
     "p2":59,
     "p3":68},
    {"p1":58,
     "p2":68,
     "p3":69},
    {"p1":52,
     "p2":53,
     "p3":74},
    {"p1":52,
     "p2":74,
     "p3":75},
    {"p1":55,
     "p2":71,
     "p3":72},
    {"p1":3,
     "p2":20,
     "p3":21},
    {"p1":2,
     "p2":3,
     "p3":21},
    {"p1":34,
     "p2":44,
     "p3":45},
    {"p1":33,
     "p2":34,
     "p3":45},
    {"p1":34,
     "p2":35,
     "p3":44},
    {"p1":59,
     "p2":60,
     "p3":67},
    {"p1":59,
     "p2":67,
     "p3":68},
    {"p1":60,
     "p2":66,
     "p3":67},
    {"p1":53,
     "p2":54,
     "p3":73},
    {"p1":53,
     "p2":73,
     "p3":74},
    {"p1":54,
     "p2":72,
     "p3":73},
    {"p1":55,
     "p2":56,
     "p3":71},
    {"p1":2,
     "p2":21,
     "p3":22},
    {"p1":1,
     "p2":2,
     "p3":22},
    {"p1":1,
     "p2":22,
     "p3":23},
    {"p1":38,
     "p2":40,
     "p3":41},
    {"p1":37,
     "p2":38,
     "p3":41},
    {"p1":38,
     "p2":39,
     "p3":40},
    {"p1":37,
     "p2":41,
     "p3":42},
    {"p1":36,
     "p2":37,
     "p3":42},
    {"p1":36,
     "p2":42,
     "p3":43},
    {"p1":62,
     "p2":63,
     "p3":64},
    {"p1":62,
     "p2":64,
     "p3":65},
    {"p1":61,
     "p2":62,
     "p3":65},
    {"p1":61,
     "p2":65,
     "p3":66},
    {"p1":60,
     "p2":61,
     "p3":66},
    {"p1":56,
     "p2":57,
     "p3":70},
    {"p1":56,
     "p2":70,
     "p3":71},
    {"p1":57,
     "p2":69,
     "p3":70}]
}