{"points":[
    {"x":0,
     "y":0.42857},
    {"x":0,
     "y":0.46555},
    {"x":0,
     "y":0.50252},
    {"x":0,
     "y":0.5395},
    {"x":0,
     "y":0.57647},
    {"x":0,
     "y":0.61345},
    {"x":0,
     "y":0.65042},
    {"x":0,
     "y":0.68739},
    {"x":0,
     "y":0.72437},
    {"x":0,
     "y":0.76134},
    {"x":0,
     "y":0.79832},
    {"x":0,
     "y":0.83529},
    {"x":0.015126,
     "y":0.85714},
    {"x":0.052101,
     "y":0.85714},
    {"x":0.089076,
     "y":0.85714},
    {"x":0.12605,
     "y":0.85714},
    {"x":0.16303,
     "y":0.85714},
    {"x":0.2,
     "y":0.85714},
    {"x":0.23697,
     "y":0.85714},
    {"x":0.27395,
     "y":0.85714},
    {"x":0.31092,
     "y":0.85714},
    {"x":0.3479,
     "y":0.85714},
    {"x":0.38487,
     "y":0.85714},
    {"x":0.42185,
     "y":0.85714},
    {"x":0.45882,
     "y":0.85714},
    {"x":0.4958,
     "y":0.85714},
    {"x":0.53277,
     "y":0.85714},
    {"x":0.56975,
     "y":0.85714},
    {"x":0.60672,
     "y":0.85714},
    {"x":0.6437,
     "y":0.85714},
    {"x":0.68067,
     "y":0.85714},
    {"x":0.71765,
     "y":0.85714},
    {"x":0.75462,
     "y":0.85714},
    {"x":0.7916,
     "y":0.85714},
    {"x":0.82857,
     "y":0.85714},
    {"x":0.86555,
     "y":0.85714},
    {"x":0.90252,
     "y":0.85714},
    {"x":0.9395,
     "y":0.85714},
    {"x":0.97647,
     "y":0.85714},
    {"x":1,
     "y":0.8437},
    {"x":1,
     "y":0.80672},
    {"x":1,
     "y":0.76975},
    {"x":1,
     "y":0.73277},
    {"x":1,
     "y":0.6958},
    {"x":1,
     "y":0.65882},
    {"x":1,
     "y":0.62185},
    {"x":1,
     "y":0.58487},
    {"x":1,
     "y":0.5479},
    {"x":1,
     "y":0.51092},
    {"x":1,
     "y":0.47395},
    {"x":1,
     "y":0.43697},
    {"x":1,
     "y":0.4},
    {"x":1,
     "y":0.36303},
    {"x":1,
     "y":0.32605},
    {"x":1,
     "y":0.28908},
    {"x":1,
     "y":0.2521},
    {"x":1,
     "y":0.21513},
    {"x":1,
     "y":0.17815},
    {"x":1,
     "y":0.14118},
    {"x":1,
     "y":0.1042},
    {"x":1,
     "y":0.067227},
    {"x":1,
     "y":0.030252},
    {"x":0.99328,
     "y":0},
    {"x":0.9563,
     "y":0},
    {"x":0.91933,
     "y":0},
    {"x":0.88235,
     "y":0},
    {"x":0.84538,
     "y":0},
    {"x":0.8084,
     "y":0},
    {"x":0.77143,
     "y":0},
    {"x":0.73445,
     "y":0},
    {"x":0.69748,
     "y":0},
    {"x":0.6605,
     "y":0},
    {"x":0.62353,
     "y":0},
    {"x":0.58655,
     "y":0},
    {"x":0.54958,
     "y":0},
    {"x":0.51261,
     "y":0},
    {"x":0.47563,
     "y":0},
    {"x":0.43866,
     "y":0},
    {"x":0.40168,
     "y":0},
    {"x":0.36471,
     "y":0},
    {"x":0.32773,
     "y":0},
    {"x":0.29076,
     "y":0},
    {"x":0.25378,
     "y":0},
    {"x":0.21681,
     "y":0},
    {"x":0.17983,
     "y":0},
    {"x":0.14286,
     "y":0},
    {"x":0.10588,
     "y":0},
    {"x":0.068908,
     "y":0},
    {"x":0.031933,
     "y":0},
    {"x":0,
     "y":0.005042},
    {"x":0,
     "y":0.042017},
    {"x":0,
     "y":0.078992},
    {"x":0,
     "y":0.11597},
    {"x":0,
     "y":0.15294},
    {"x":0,
     "y":0.18992},
    {"x":0,
     "y":0.22689},
    {"x":0,
     "y":0.26387},
    {"x":0,
     "y":0.30084},
    {"x":0,
     "y":0.33782},
    {"x":0,
     "y":0.37479},
    {"x":0,
     "y":0.41176},
    {"x":0,
     "y":0.42857}],
 "triangles":[
    {"p1":27,
     "p2":50,
     "p3":73},
    {"p1":27,
     "p2":28,
     "p3":50},
    {"p1":80,
     "p2":97,
     "p3":98},
    {"p1":79,
     "p2":80,
     "p3":98},
    {"p1":79,
     "p2":98,
     "p3":99},
    {"p1":88,
     "p2":89,
     "p3":90},
    {"p1":86,
     "p2":91,
     "p3":92},
    {"p1":84,
     "p2":93,
     "p3":94},
    {"p1":55,
     "p2":56,
     "p3":68},
    {"p1":52,
     "p2":53,
     "p3":71},
    {"p1":32,
     "p2":45,
     "p3":46},
    {"p1":32,
     "p2":33,
     "p3":45},
    {"p1":33,
     "p2":44,
     "p3":45},
    {"p1":2,
     "p2":21,
     "p3":22},
    {"p1":2,
     "p2":3,
     "p3":21},
    {"p1":24,
     "p2":25,
     "p3":76},
    {"p1":86,
     "p2":87,
     "p3":91},
    {"p1":87,
     "p2":90,
     "p3":91},
    {"p1":87,
     "p2":88,
     "p3":90},
    {"p1":85,
     "p2":92,
     "p3":93},
    {"p1":85,
     "p2":86,
     "p3":92},
    {"p1":84,
     "p2":85,
     "p3":93},
    {"p1":50,
     "p2":51,
     "p3":73},
    {"p1":61,
     "p2":62,
     "p3":63},
    {"p1":52,
     "p2":71,
     "p3":72},
    {"p1":51,
     "p2":52,
     "p3":72},
    {"p1":51,
     "p2":72,
     "p3":73},
    {"p1":53,
     "p2":70,
     "p3":71},
    {"p1":35,
     "p2":42,
     "p3":43},
    {"p1":31,
     "p2":32,
     "p3":46},
    {"p1":25,
     "p2":26,
     "p3":75},
    {"p1":25,
     "p2":75,
     "p3":76},
    {"p1":4,
     "p2":5,
     "p3":19},
    {"p1":3,
     "p2":20,
     "p3":21},
    {"p1":3,
     "p2":4,
     "p3":20},
    {"p1":4,
     "p2":19,
     "p3":20},
    {"p1":1,
     "p2":2,
     "p3":22},
    {"p1":7,
     "p2":8,
     "p3":16},
    {"p1":7,
     "p2":16,
     "p3":17},
    {"p1":6,
     "p2":7,
     "p3":17},
    {"p1":82,
     "p2":95,
     "p3":96},
    {"p1":80,
     "p2":81,
     "p3":97},
    {"p1":81,
     "p2":96,
     "p3":97},
    {"p1":81,
     "p2":82,
     "p3":96},
    {"p1":82,
     "p2":83,
     "p3":95},
    {"p1":83,
     "p2":94,
     "p3":95},
    {"p1":83,
     "p2":84,
     "p3":94},
    {"p1":0,
     "p2":1,
     "p3":23},
    {"p1":1,
     "p2":22,
     "p3":23},
    {"p1":56,
     "p2":67,
     "p3":68},
    {"p1":57,
     "p2":66,
     "p3":67},
    {"p1":56,
     "p2":57,
     "p3":67},
    {"p1":60,
     "p2":61,
     "p3":63},
    {"p1":53,
     "p2":54,
     "p3":70},
    {"p1":55,
     "p2":68,
     "p3":69},
    {"p1":54,
     "p2":55,
     "p3":69},
    {"p1":54,
     "p2":69,
     "p3":70},
    {"p1":34,
     "p2":35,
     "p3":43},
    {"p1":34,
     "p2":43,
     "p3":44},
    {"p1":33,
     "p2":34,
     "p3":44},
    {"p1":30,
     "p2":47,
     "p3":48},
    {"p1":30,
     "p2":31,
     "p3":47},
    {"p1":31,
     "p2":46,
     "p3":47},
    {"p1":29,
     "p2":30,
     "p3":48},
    {"p1":28,
     "p2":49,
     "p3":50},
    {"p1":28,
     "p2":29,
     "p3":49},
    {"p1":29,
     "p2":48,
     "p3":49},
    {"p1":26,
     "p2":74,
     "p3":75},
    {"p1":26,
     "p2":27,
     "p3":74},
    {"p1":27,
     "p2":73,
     "p3":74},
    {"p1":5,
     "p2":18,
     "p3":19},
    {"p1":5,
     "p2":6,
     "p3":18},
    {"p1":6,
     "p2":17,
     "p3":18},
    {"p1":8,
     "p2":15,
     "p3":16},
    {"p1":8,
     "p2":9,
     "p3":15},
    {"p1":9,
     "p2":14,
     "p3":15},
    {"p1":0,
     "p2":23,
     "p3":77},
    {"p1":0,
     "p2":77,
     "p3":100},
    {"p1":23,
     "p2":24,
     "p3":77},
    {"p1":24,
     "p2":76,
     "p3":77},
    {"p1":57,
     "p2":58,
     "p3":66},
    {"p1":58,
     "p2":65,
     "p3":66},
    {"p1":58,
     "p2":59,
     "p3":65},
    {"p1":60,
     "p2":63,
     "p3":64},
    {"p1":59,
     "p2":60,
     "p3":64},
    {"p1":59,
     "p2":64,
     "p3":65},
    {"p1":36,
     "p2":37,
     "p3":41},
    {"p1":36,
     "p2":41,
     "p3":42},
    {"p1":35,
     "p2":36,
     "p3":42},
    {"p1":38,
     "p2":39,
     "p3":40},
    {"p1":37,
     "p2":38,
     "p3":40},
    {"p1":37,
     "p2":40,
     "p3":41},
    {"p1":9,
     "p2":10,
     "p3":14},
    {"p1":77,
     "p2":78,
     "p3":100},
    {"p1":78,
     "p2":99,
     "p3":100},
    {"p1":78,
     "p2":79,
     "p3":99},
    {"p1":10,
     "p2":13,
     "p3":14},
    {"p1":10,
     "p2":11,
     "p3":13},
    {"p1":11,
     "p2":12,
     "p3":13}]
}