{"points":[
    {"x":0,
     "y":0.45914},
    {"x":0,
     "y":0.49611},
    {"x":0,
     "y":0.53307},
    {"x":0,
     "y":0.57004},
    {"x":0,
     "y":0.607},
    {"x":0,
     "y":0.64397},
    {"x":0,
     "y":0.68093},
    {"x":0,
     "y":0.7179},
    {"x":0,
     "y":0.75486},
    {"x":0,
     "y":0.79183},
    {"x":0,
     "y":0.82879},
    {"x":0,
     "y":0.86576},
    {"x":0,
     "y":0.90272},
    {"x":0.023346,
     "y":0.91634},
    {"x":0.060311,
     "y":0.91634},
    {"x":0.097276,
     "y":0.91634},
    {"x":0.13424,
     "y":0.91634},
    {"x":0.17121,
     "y":0.91634},
    {"x":0.20817,
     "y":0.91634},
    {"x":0.24514,
     "y":0.91634},
    {"x":0.2821,
     "y":0.91634},
    {"x":0.31907,
     "y":0.91634},
    {"x":0.35603,
     "y":0.91634},
    {"x":0.393,
     "y":0.91634},
    {"x":0.42996,
     "y":0.91634},
    {"x":0.46693,
     "y":0.91634},
    {"x":0.50389,
     "y":0.91634},
    {"x":0.54086,
     "y":0.91634},
    {"x":0.57782,
     "y":0.91634},
    {"x":0.61479,
     "y":0.91634},
    {"x":0.65175,
     "y":0.91634},
    {"x":0.68872,
     "y":0.91634},
    {"x":0.72568,
     "y":0.91634},
    {"x":0.76265,
     "y":0.91634},
    {"x":0.79961,
     "y":0.91634},
    {"x":0.83658,
     "y":0.91634},
    {"x":0.87354,
     "y":0.91634},
    {"x":0.91051,
     "y":0.91634},
    {"x":0.94747,
     "y":0.91634},
    {"x":0.98444,
     "y":0.91634},
    {"x":1,
     "y":0.89494},
    {"x":1,
     "y":0.85798},
    {"x":1,
     "y":0.82101},
    {"x":1,
     "y":0.78405},
    {"x":1,
     "y":0.74708},
    {"x":1,
     "y":0.71012},
    {"x":1,
     "y":0.67315},
    {"x":1,
     "y":0.63619},
    {"x":1,
     "y":0.59922},
    {"x":1,
     "y":0.56226},
    {"x":1,
     "y":0.52529},
    {"x":1,
     "y":0.48833},
    {"x":1,
     "y":0.45136},
    {"x":1,
     "y":0.4144},
    {"x":1,
     "y":0.37743},
    {"x":1,
     "y":0.34047},
    {"x":1,
     "y":0.3035},
    {"x":1,
     "y":0.26654},
    {"x":1,
     "y":0.22957},
    {"x":1,
     "y":0.19261},
    {"x":1,
     "y":0.15564},
    {"x":1,
     "y":0.11868},
    {"x":1,
     "y":0.081712},
    {"x":1,
     "y":0.044747},
    {"x":1,
     "y":0.0077821},
    {"x":0.97082,
     "y":0},
    {"x":0.93385,
     "y":0},
    {"x":0.89689,
     "y":0},
    {"x":0.85992,
     "y":0},
    {"x":0.82296,
     "y":0},
    {"x":0.78599,
     "y":0},
    {"x":0.74903,
     "y":0},
    {"x":0.71206,
     "y":0},
    {"x":0.6751,
     "y":0},
    {"x":0.63813,
     "y":0},
    {"x":0.60117,
     "y":0},
    {"x":0.5642,
     "y":0},
    {"x":0.52724,
     "y":0},
    {"x":0.49027,
     "y":0},
    {"x":0.45331,
     "y":0},
    {"x":0.41634,
     "y":0},
    {"x":0.37938,
     "y":0},
    {"x":0.34241,
     "y":0},
    {"x":0.30545,
     "y":0},
    {"x":0.26848,
     "y":0},
    {"x":0.23152,
     "y":0},
    {"x":0.19455,
     "y":0},
    {"x":0.15759,
     "y":0},
    {"x":0.12062,
     "y":0},
    {"x":0.083658,
     "y":0},
    {"x":0.046693,
     "y":0},
    {"x":0.0097276,
     "y":0},
    {"x":0,
     "y":0.027237},
    {"x":0,
     "y":0.064202},
    {"x":0,
     "y":0.10117},
    {"x":0,
     "y":0.13813},
    {"x":0,
     "y":0.1751},
    {"x":0,
     "y":0.21206},
    {"x":0,
     "y":0.24903},
    {"x":0,
     "y":0.28599},
    {"x":0,
     "y":0.32296},
    {"x":0,
     "y":0.35992},
    {"x":0,
     "y":0.39689},
    {"x":0,
     "y":0.43385},
    {"x":0,
     "y":0.45914}],
 "triangles":[
    {"p1":6,
     "p2":7,
     "p3":18},
    {"p1":11,
     "p2":12,
     "p3":13},
    {"p1":0,
     "p2":1,
     "p3":24},
    {"p1":8,
     "p2":9,
     "p3":16},
    {"p1":0,
     "p2":24,
     "p3":25},
    {"p1":84,
     "p2":85,
     "p3":98},
    {"p1":52,
     "p2":53,
     "p3":76},
    {"p1":63,
     "p2":64,
     "p3":65},
    {"p1":11,
     "p2":13,
     "p3":14},
    {"p1":8,
     "p2":16,
     "p3":17},
    {"p1":7,
     "p2":8,
     "p3":17},
    {"p1":7,
     "p2":17,
     "p3":18},
    {"p1":3,
     "p2":4,
     "p3":21},
    {"p1":4,
     "p2":5,
     "p3":20},
    {"p1":4,
     "p2":20,
     "p3":21},
    {"p1":2,
     "p2":3,
     "p3":22},
    {"p1":3,
     "p2":21,
     "p3":22},
    {"p1":27,
     "p2":51,
     "p3":52},
    {"p1":85,
     "p2":97,
     "p3":98},
    {"p1":86,
     "p2":96,
     "p3":97},
    {"p1":85,
     "p2":86,
     "p3":97},
    {"p1":82,
     "p2":100,
     "p3":101},
    {"p1":0,
     "p2":25,
     "p3":79},
    {"p1":25,
     "p2":78,
     "p3":79},
    {"p1":81,
     "p2":82,
     "p3":101},
    {"p1":81,
     "p2":101,
     "p3":102},
    {"p1":80,
     "p2":81,
     "p3":102},
    {"p1":53,
     "p2":75,
     "p3":76},
    {"p1":54,
     "p2":55,
     "p3":74},
    {"p1":54,
     "p2":74,
     "p3":75},
    {"p1":53,
     "p2":54,
     "p3":75},
    {"p1":55,
     "p2":73,
     "p3":74},
    {"p1":56,
     "p2":72,
     "p3":73},
    {"p1":55,
     "p2":56,
     "p3":73},
    {"p1":60,
     "p2":61,
     "p3":68},
    {"p1":61,
     "p2":67,
     "p3":68},
    {"p1":10,
     "p2":11,
     "p3":14},
    {"p1":29,
     "p2":49,
     "p3":50},
    {"p1":29,
     "p2":30,
     "p3":49},
    {"p1":33,
     "p2":34,
     "p3":45},
    {"p1":33,
     "p2":45,
     "p3":46},
    {"p1":5,
     "p2":6,
     "p3":19},
    {"p1":5,
     "p2":19,
     "p3":20},
    {"p1":6,
     "p2":18,
     "p3":19},
    {"p1":2,
     "p2":22,
     "p3":23},
    {"p1":1,
     "p2":2,
     "p3":23},
    {"p1":1,
     "p2":23,
     "p3":24},
    {"p1":52,
     "p2":76,
     "p3":77},
    {"p1":27,
     "p2":52,
     "p3":77},
    {"p1":25,
     "p2":26,
     "p3":78},
    {"p1":26,
     "p2":77,
     "p3":78},
    {"p1":26,
     "p2":27,
     "p3":77},
    {"p1":27,
     "p2":28,
     "p3":51},
    {"p1":28,
     "p2":50,
     "p3":51},
    {"p1":28,
     "p2":29,
     "p3":50},
    {"p1":88,
     "p2":94,
     "p3":95},
    {"p1":87,
     "p2":95,
     "p3":96},
    {"p1":86,
     "p2":87,
     "p3":96},
    {"p1":87,
     "p2":88,
     "p3":95},
    {"p1":82,
     "p2":83,
     "p3":100},
    {"p1":80,
     "p2":102,
     "p3":103},
    {"p1":79,
     "p2":80,
     "p3":103},
    {"p1":0,
     "p2":79,
     "p3":103},
    {"p1":57,
     "p2":71,
     "p3":72},
    {"p1":56,
     "p2":57,
     "p3":72},
    {"p1":57,
     "p2":58,
     "p3":71},
    {"p1":58,
     "p2":70,
     "p3":71},
    {"p1":61,
     "p2":62,
     "p3":67},
    {"p1":10,
     "p2":14,
     "p3":15},
    {"p1":9,
     "p2":10,
     "p3":15},
    {"p1":9,
     "p2":15,
     "p3":16},
    {"p1":31,
     "p2":47,
     "p3":48},
    {"p1":30,
     "p2":31,
     "p3":48},
    {"p1":30,
     "p2":48,
     "p3":49},
    {"p1":32,
     "p2":46,
     "p3":47},
    {"p1":32,
     "p2":33,
     "p3":46},
    {"p1":31,
     "p2":32,
     "p3":47},
    {"p1":34,
     "p2":44,
     "p3":45},
    {"p1":90,
     "p2":91,
     "p3":92},
    {"p1":90,
     "p2":92,
     "p3":93},
    {"p1":89,
     "p2":90,
     "p3":93},
    {"p1":89,
     "p2":93,
     "p3":94},
    {"p1":88,
     "p2":89,
     "p3":94},
    {"p1":83,
     "p2":84,
     "p3":99},
    {"p1":83,
     "p2":99,
     "p3":100},
    {"p1":84,
     "p2":98,
     "p3":99},
    {"p1":60,
     "p2":68,
     "p3":69},
    {"p1":62,
     "p2":63,
     "p3":66},
    {"p1":62,
     "p2":66,
     "p3":67},
    {"p1":63,
     "p2":65,
     "p3":66},
    {"p1":35,
     "p2":43,
     "p3":44},
    {"p1":35,
     "p2":36,
     "p3":43},
    {"p1":34,
     "p2":35,
     "p3":44},
    {"p1":37,
     "p2":41,
     "p3":42},
    {"p1":36,
     "p2":37,
     "p3":42},
    {"p1":36,
     "p2":42,
     "p3":43},
    {"p1":37,
     "p2":38,
     "p3":41},
    {"p1":38,
     "p2":40,
     "p3":41},
    {"p1":38,
     "p2":39,
     "p3":40},
    {"p1":59,
     "p2":60,
     "p3":69},
    {"p1":59,
     "p2":69,
     "p3":70},
    {"p1":58,
     "p2":59,
     "p3":70}]
}