{"points":[
    {"x":0,
     "y":0.47509},
    {"x":0,
     "y":0.51246},
    {"x":0,
     "y":0.54982},
    {"x":0,
     "y":0.58719},
    {"x":0,
     "y":0.62456},
    {"x":0,
     "y":0.66192},
    {"x":0,
     "y":0.69929},
    {"x":0,
     "y":0.73665},
    {"x":0,
     "y":0.77402},
    {"x":0,
     "y":0.81139},
    {"x":0,
     "y":0.84875},
    {"x":0,
     "y":0.88612},
    {"x":0,
     "y":0.92349},
    {"x":0.010676,
     "y":0.95018},
    {"x":0.048043,
     "y":0.95018},
    {"x":0.085409,
     "y":0.95018},
    {"x":0.12278,
     "y":0.95018},
    {"x":0.16014,
     "y":0.95018},
    {"x":0.19751,
     "y":0.95018},
    {"x":0.23488,
     "y":0.95018},
    {"x":0.27224,
     "y":0.95018},
    {"x":0.30961,
     "y":0.95018},
    {"x":0.34698,
     "y":0.95018},
    {"x":0.38434,
     "y":0.95018},
    {"x":0.42171,
     "y":0.95018},
    {"x":0.45907,
     "y":0.95018},
    {"x":0.49644,
     "y":0.95018},
    {"x":0.53381,
     "y":0.95018},
    {"x":0.57117,
     "y":0.95018},
    {"x":0.60854,
     "y":0.95018},
    {"x":0.64591,
     "y":0.95018},
    {"x":0.68327,
     "y":0.95018},
    {"x":0.72064,
     "y":0.95018},
    {"x":0.75801,
     "y":0.95018},
    {"x":0.79537,
     "y":0.95018},
    {"x":0.83274,
     "y":0.95018},
    {"x":0.87011,
     "y":0.95018},
    {"x":0.90747,
     "y":0.95018},
    {"x":0.94484,
     "y":0.95018},
    {"x":0.98221,
     "y":0.95018},
    {"x":1,
     "y":0.9306},
    {"x":1,
     "y":0.89324},
    {"x":1,
     "y":0.85587},
    {"x":1,
     "y":0.81851},
    {"x":1,
     "y":0.78114},
    {"x":1,
     "y":0.74377},
    {"x":1,
     "y":0.70641},
    {"x":1,
     "y":0.66904},
    {"x":1,
     "y":0.63167},
    {"x":1,
     "y":0.59431},
    {"x":1,
     "y":0.55694},
    {"x":1,
     "y":0.51957},
    {"x":1,
     "y":0.48221},
    {"x":1,
     "y":0.44484},
    {"x":1,
     "y":0.40747},
    {"x":1,
     "y":0.37011},
    {"x":1,
     "y":0.33274},
    {"x":1,
     "y":0.29537},
    {"x":1,
     "y":0.25801},
    {"x":1,
     "y":0.22064},
    {"x":1,
     "y":0.18327},
    {"x":1,
     "y":0.14591},
    {"x":1,
     "y":0.10854},
    {"x":1,
     "y":0.071174},
    {"x":1,
     "y":0.033808},
    {"x":0.99644,
     "y":0},
    {"x":0.95907,
     "y":0},
    {"x":0.92171,
     "y":0},
    {"x":0.88434,
     "y":0},
    {"x":0.84698,
     "y":0},
    {"x":0.80961,
     "y":0},
    {"x":0.77224,
     "y":0},
    {"x":0.73488,
     "y":0},
    {"x":0.69751,
     "y":0},
    {"x":0.66014,
     "y":0},
    {"x":0.62278,
     "y":0},
    {"x":0.58541,
     "y":0},
    {"x":0.54804,
     "y":0},
    {"x":0.51068,
     "y":0},
    {"x":0.47331,
     "y":0},
    {"x":0.43594,
     "y":0},
    {"x":0.39858,
     "y":0},
    {"x":0.36121,
     "y":0},
    {"x":0.32384,
     "y":0},
    {"x":0.28648,
     "y":0},
    {"x":0.24911,
     "y":0},
    {"x":0.21174,
     "y":0},
    {"x":0.17438,
     "y":0},
    {"x":0.13701,
     "y":0},
    {"x":0.099644,
     "y":0},
    {"x":0.062278,
     "y":0},
    {"x":0.024911,
     "y":0},
    {"x":0,
     "y":0.012456},
    {"x":0,
     "y":0.049822},
    {"x":0,
     "y":0.087189},
    {"x":0,
     "y":0.12456},
    {"x":0,
     "y":0.16192},
    {"x":0,
     "y":0.19929},
    {"x":0,
     "y":0.23665},
    {"x":0,
     "y":0.27402},
    {"x":0,
     "y":0.31139},
    {"x":0,
     "y":0.34875},
    {"x":0,
     "y":0.38612},
    {"x":0,
     "y":0.42349},
    {"x":0,
     "y":0.46085},
    {"x":0,
     "y":0.47509}],
 "triangles":[
    {"p1":86,
     "p2":97,
     "p3":98},
    {"p1":86,
     "p2":87,
     "p3":97},
    {"p1":89,
     "p2":94,
     "p3":95},
    {"p1":81,
     "p2":102,
     "p3":103},
    {"p1":80,
     "p2":103,
     "p3":104},
    {"p1":80,
     "p2":81,
     "p3":103},
    {"p1":27,
     "p2":28,
     "p3":51},
    {"p1":27,
     "p2":51,
     "p3":52},
    {"p1":31,
     "p2":32,
     "p3":47},
    {"p1":38,
     "p2":39,
     "p3":40},
    {"p1":6,
     "p2":7,
     "p3":19},
    {"p1":88,
     "p2":89,
     "p3":95},
    {"p1":87,
     "p2":96,
     "p3":97},
    {"p1":87,
     "p2":88,
     "p3":96},
    {"p1":88,
     "p2":95,
     "p3":96},
    {"p1":89,
     "p2":90,
     "p3":94},
    {"p1":84,
     "p2":99,
     "p3":100},
    {"p1":83,
     "p2":84,
     "p3":100},
    {"p1":81,
     "p2":82,
     "p3":102},
    {"p1":0,
     "p2":79,
     "p3":104},
    {"p1":79,
     "p2":80,
     "p3":104},
    {"p1":53,
     "p2":54,
     "p3":76},
    {"p1":56,
     "p2":57,
     "p3":73},
    {"p1":28,
     "p2":29,
     "p3":50},
    {"p1":28,
     "p2":50,
     "p3":51},
    {"p1":29,
     "p2":49,
     "p3":50},
    {"p1":29,
     "p2":30,
     "p3":49},
    {"p1":31,
     "p2":47,
     "p3":48},
    {"p1":30,
     "p2":31,
     "p3":48},
    {"p1":30,
     "p2":48,
     "p3":49},
    {"p1":35,
     "p2":36,
     "p3":43},
    {"p1":36,
     "p2":42,
     "p3":43},
    {"p1":36,
     "p2":37,
     "p3":42},
    {"p1":33,
     "p2":34,
     "p3":45},
    {"p1":9,
     "p2":16,
     "p3":17},
    {"p1":6,
     "p2":19,
     "p3":20},
    {"p1":4,
     "p2":21,
     "p3":22},
    {"p1":3,
     "p2":4,
     "p3":22},
    {"p1":90,
     "p2":91,
     "p3":93},
    {"p1":90,
     "p2":93,
     "p3":94},
    {"p1":91,
     "p2":92,
     "p3":93},
    {"p1":85,
     "p2":98,
     "p3":99},
    {"p1":84,
     "p2":85,
     "p3":99},
    {"p1":85,
     "p2":86,
     "p3":98},
    {"p1":82,
     "p2":101,
     "p3":102},
    {"p1":82,
     "p2":83,
     "p3":101},
    {"p1":83,
     "p2":100,
     "p3":101},
    {"p1":26,
     "p2":27,
     "p3":78},
    {"p1":26,
     "p2":78,
     "p3":79},
    {"p1":27,
     "p2":52,
     "p3":78},
    {"p1":57,
     "p2":58,
     "p3":72},
    {"p1":57,
     "p2":72,
     "p3":73},
    {"p1":58,
     "p2":71,
     "p3":72},
    {"p1":55,
     "p2":56,
     "p3":74},
    {"p1":56,
     "p2":73,
     "p3":74},
    {"p1":61,
     "p2":68,
     "p3":69},
    {"p1":60,
     "p2":61,
     "p3":69},
    {"p1":64,
     "p2":65,
     "p3":66},
    {"p1":63,
     "p2":64,
     "p3":66},
    {"p1":58,
     "p2":59,
     "p3":71},
    {"p1":37,
     "p2":38,
     "p3":41},
    {"p1":37,
     "p2":41,
     "p3":42},
    {"p1":38,
     "p2":40,
     "p3":41},
    {"p1":33,
     "p2":45,
     "p3":46},
    {"p1":32,
     "p2":33,
     "p3":46},
    {"p1":32,
     "p2":46,
     "p3":47},
    {"p1":34,
     "p2":35,
     "p3":44},
    {"p1":34,
     "p2":44,
     "p3":45},
    {"p1":35,
     "p2":43,
     "p3":44},
    {"p1":9,
     "p2":10,
     "p3":16},
    {"p1":8,
     "p2":9,
     "p3":17},
    {"p1":3,
     "p2":22,
     "p3":23},
    {"p1":0,
     "p2":25,
     "p3":79},
    {"p1":25,
     "p2":26,
     "p3":79},
    {"p1":0,
     "p2":1,
     "p3":25},
    {"p1":1,
     "p2":24,
     "p3":25},
    {"p1":5,
     "p2":20,
     "p3":21},
    {"p1":4,
     "p2":5,
     "p3":21},
    {"p1":5,
     "p2":6,
     "p3":20},
    {"p1":52,
     "p2":53,
     "p3":77},
    {"p1":52,
     "p2":77,
     "p3":78},
    {"p1":53,
     "p2":76,
     "p3":77},
    {"p1":55,
     "p2":74,
     "p3":75},
    {"p1":54,
     "p2":55,
     "p3":75},
    {"p1":54,
     "p2":75,
     "p3":76},
    {"p1":61,
     "p2":62,
     "p3":68},
    {"p1":60,
     "p2":69,
     "p3":70},
    {"p1":59,
     "p2":60,
     "p3":70},
    {"p1":59,
     "p2":70,
     "p3":71},
    {"p1":63,
     "p2":66,
     "p3":67},
    {"p1":62,
     "p2":63,
     "p3":67},
    {"p1":62,
     "p2":67,
     "p3":68},
    {"p1":12,
     "p2":13,
     "p3":14},
    {"p1":11,
     "p2":12,
     "p3":14},
    {"p1":11,
     "p2":14,
     "p3":15},
    {"p1":10,
     "p2":11,
     "p3":15},
    {"p1":10,
     "p2":15,
     "p3":16},
    {"p1":7,
     "p2":8,
     "p3":18},
    {"p1":7,
     "p2":18,
     "p3":19},
    {"p1":8,
     "p2":17,
     "p3":18},
    {"p1":2,
     "p2":23,
     "p3":24},
    {"p1":1,
     "p2":2,
     "p3":24},
    {"p1":2,
     "p2":3,
     "p3":23}]
}