{"points":[
    {"x":0,
     "y":0.47772},
    {"x":0,
     "y":0.51515},
    {"x":0,
     "y":0.55258},
    {"x":0,
     "y":0.59002},
    {"x":0,
     "y":0.62745},
    {"x":0,
     "y":0.66488},
    {"x":0,
     "y":0.70232},
    {"x":0,
     "y":0.73975},
    {"x":0,
     "y":0.77718},
    {"x":0,
     "y":0.81462},
    {"x":0,
     "y":0.85205},
    {"x":0,
     "y":0.88948},
    {"x":0,
     "y":0.92692},
    {"x":0.0089127,
     "y":0.95544},
    {"x":0.046346,
     "y":0.95544},
    {"x":0.083779,
     "y":0.95544},
    {"x":0.12121,
     "y":0.95544},
    {"x":0.15865,
     "y":0.95544},
    {"x":0.19608,
     "y":0.95544},
    {"x":0.23351,
     "y":0.95544},
    {"x":0.27094,
     "y":0.95544},
    {"x":0.30838,
     "y":0.95544},
    {"x":0.34581,
     "y":0.95544},
    {"x":0.38324,
     "y":0.95544},
    {"x":0.42068,
     "y":0.95544},
    {"x":0.45811,
     "y":0.95544},
    {"x":0.49554,
     "y":0.95544},
    {"x":0.53298,
     "y":0.95544},
    {"x":0.57041,
     "y":0.95544},
    {"x":0.60784,
     "y":0.95544},
    {"x":0.64528,
     "y":0.95544},
    {"x":0.68271,
     "y":0.95544},
    {"x":0.72014,
     "y":0.95544},
    {"x":0.75758,
     "y":0.95544},
    {"x":0.79501,
     "y":0.95544},
    {"x":0.83244,
     "y":0.95544},
    {"x":0.86988,
     "y":0.95544},
    {"x":0.90731,
     "y":0.95544},
    {"x":0.94474,
     "y":0.95544},
    {"x":0.98217,
     "y":0.95544},
    {"x":1,
     "y":0.93583},
    {"x":1,
     "y":0.8984},
    {"x":1,
     "y":0.86096},
    {"x":1,
     "y":0.82353},
    {"x":1,
     "y":0.7861},
    {"x":1,
     "y":0.74866},
    {"x":1,
     "y":0.71123},
    {"x":1,
     "y":0.6738},
    {"x":1,
     "y":0.63636},
    {"x":1,
     "y":0.59893},
    {"x":1,
     "y":0.5615},
    {"x":1,
     "y":0.52406},
    {"x":1,
     "y":0.48663},
    {"x":1,
     "y":0.4492},
    {"x":1,
     "y":0.41176},
    {"x":1,
     "y":0.37433},
    {"x":1,
     "y":0.3369},
    {"x":1,
     "y":0.29947},
    {"x":1,
     "y":0.26203},
    {"x":1,
     "y":0.2246},
    {"x":1,
     "y":0.18717},
    {"x":1,
     "y":0.14973},
    {"x":1,
     "y":0.1123},
    {"x":1,
     "y":0.074866},
    {"x":1,
     "y":0.037433},
    {"x":1,
     "y":0},
    {"x":0.96257,
     "y":0},
    {"x":0.92513,
     "y":0},
    {"x":0.8877,
     "y":0},
    {"x":0.85027,
     "y":0},
    {"x":0.81283,
     "y":0},
    {"x":0.7754,
     "y":0},
    {"x":0.73797,
     "y":0},
    {"x":0.70053,
     "y":0},
    {"x":0.6631,
     "y":0},
    {"x":0.62567,
     "y":0},
    {"x":0.58824,
     "y":0},
    {"x":0.5508,
     "y":0},
    {"x":0.51337,
     "y":0},
    {"x":0.47594,
     "y":0},
    {"x":0.4385,
     "y":0},
    {"x":0.40107,
     "y":0},
    {"x":0.36364,
     "y":0},
    {"x":0.3262,
     "y":0},
    {"x":0.28877,
     "y":0},
    {"x":0.25134,
     "y":0},
    {"x":0.2139,
     "y":0},
    {"x":0.17647,
     "y":0},
    {"x":0.13904,
     "y":0},
    {"x":0.1016,
     "y":0},
    {"x":0.064171,
     "y":0},
    {"x":0.026738,
     "y":0},
    {"x":0,
     "y":0.010695},
    {"x":0,
     "y":0.048128},
    {"x":0,
     "y":0.085561},
    {"x":0,
     "y":0.12299},
    {"x":0,
     "y":0.16043},
    {"x":0,
     "y":0.19786},
    {"x":0,
     "y":0.23529},
    {"x":0,
     "y":0.27273},
    {"x":0,
     "y":0.31016},
    {"x":0,
     "y":0.34759},
    {"x":0,
     "y":0.38503},
    {"x":0,
     "y":0.42246},
    {"x":0,
     "y":0.45989},
    {"x":0,
     "y":0.47772}],
 "triangles":[
    {"p1":91,
     "p2":92,
     "p3":93},
    {"p1":6,
     "p2":7,
     "p3":19},
    {"p1":8,
     "p2":9,
     "p3":17},
    {"p1":9,
     "p2":16,
     "p3":17},
    {"p1":1,
     "p2":2,
     "p3":24},
    {"p1":0,
     "p2":1,
     "p3":25},
    {"p1":1,
     "p2":24,
     "p3":25},
    {"p1":0,
     "p2":79,
     "p3":104},
    {"p1":7,
     "p2":8,
     "p3":18},
    {"p1":7,
     "p2":18,
     "p3":19},
    {"p1":8,
     "p2":17,
     "p3":18},
    {"p1":12,
     "p2":13,
     "p3":14},
    {"p1":10,
     "p2":15,
     "p3":16},
    {"p1":9,
     "p2":10,
     "p3":16},
    {"p1":3,
     "p2":4,
     "p3":22},
    {"p1":3,
     "p2":22,
     "p3":23},
    {"p1":2,
     "p2":3,
     "p3":23},
    {"p1":2,
     "p2":23,
     "p3":24},
    {"p1":5,
     "p2":6,
     "p3":20},
    {"p1":6,
     "p2":19,
     "p3":20},
    {"p1":0,
     "p2":26,
     "p3":79},
    {"p1":0,
     "p2":25,
     "p3":26},
    {"p1":26,
     "p2":78,
     "p3":79},
    {"p1":80,
     "p2":103,
     "p3":104},
    {"p1":79,
     "p2":80,
     "p3":104},
    {"p1":80,
     "p2":81,
     "p3":103},
    {"p1":83,
     "p2":100,
     "p3":101},
    {"p1":85,
     "p2":98,
     "p3":99},
    {"p1":85,
     "p2":86,
     "p3":98},
    {"p1":81,
     "p2":102,
     "p3":103},
    {"p1":82,
     "p2":83,
     "p3":101},
    {"p1":82,
     "p2":101,
     "p3":102},
    {"p1":81,
     "p2":82,
     "p3":102},
    {"p1":11,
     "p2":14,
     "p3":15},
    {"p1":10,
     "p2":11,
     "p3":15},
    {"p1":11,
     "p2":12,
     "p3":14},
    {"p1":29,
     "p2":49,
     "p3":50},
    {"p1":29,
     "p2":30,
     "p3":49},
    {"p1":4,
     "p2":5,
     "p3":21},
    {"p1":4,
     "p2":21,
     "p3":22},
    {"p1":5,
     "p2":20,
     "p3":21},
    {"p1":28,
     "p2":50,
     "p3":51},
    {"p1":28,
     "p2":29,
     "p3":50},
    {"p1":86,
     "p2":97,
     "p3":98},
    {"p1":84,
     "p2":85,
     "p3":99},
    {"p1":84,
     "p2":99,
     "p3":100},
    {"p1":83,
     "p2":84,
     "p3":100},
    {"p1":89,
     "p2":94,
     "p3":95},
    {"p1":88,
     "p2":95,
     "p3":96},
    {"p1":88,
     "p2":89,
     "p3":95},
    {"p1":31,
     "p2":47,
     "p3":48},
    {"p1":30,
     "p2":31,
     "p3":48},
    {"p1":30,
     "p2":48,
     "p3":49},
    {"p1":32,
     "p2":46,
     "p3":47},
    {"p1":32,
     "p2":33,
     "p3":46},
    {"p1":31,
     "p2":32,
     "p3":47},
    {"p1":34,
     "p2":44,
     "p3":45},
    {"p1":33,
     "p2":34,
     "p3":45},
    {"p1":33,
     "p2":45,
     "p3":46},
    {"p1":35,
     "p2":43,
     "p3":44},
    {"p1":34,
     "p2":35,
     "p3":44},
    {"p1":27,
     "p2":52,
     "p3":78},
    {"p1":26,
     "p2":27,
     "p3":78},
    {"p1":27,
     "p2":51,
     "p3":52},
    {"p1":27,
     "p2":28,
     "p3":51},
    {"p1":90,
     "p2":93,
     "p3":94},
    {"p1":89,
     "p2":90,
     "p3":94},
    {"p1":90,
     "p2":91,
     "p3":93},
    {"p1":87,
     "p2":88,
     "p3":96},
    {"p1":87,
     "p2":96,
     "p3":97},
    {"p1":86,
     "p2":87,
     "p3":97},
    {"p1":64,
     "p2":65,
     "p3":66},
    {"p1":35,
     "p2":36,
     "p3":43},
    {"p1":37,
     "p2":41,
     "p3":42},
    {"p1":36,
     "p2":37,
     "p3":42},
    {"p1":36,
     "p2":42,
     "p3":43},
    {"p1":37,
     "p2":38,
     "p3":41},
    {"p1":38,
     "p2":40,
     "p3":41},
    {"p1":38,
     "p2":39,
     "p3":40},
    {"p1":58,
     "p2":71,
     "p3":72},
    {"p1":58,
     "p2":59,
     "p3":71},
    {"p1":53,
     "p2":54,
     "p3":77},
    {"p1":54,
     "p2":76,
     "p3":77},
    {"p1":55,
     "p2":74,
     "p3":75},
    {"p1":55,
     "p2":56,
     "p3":74},
    {"p1":55,
     "p2":75,
     "p3":76},
    {"p1":54,
     "p2":55,
     "p3":76},
    {"p1":52,
     "p2":77,
     "p3":78},
    {"p1":52,
     "p2":53,
     "p3":77},
    {"p1":61,
     "p2":62,
     "p3":68},
    {"p1":61,
     "p2":68,
     "p3":69},
    {"p1":58,
     "p2":72,
     "p3":73},
    {"p1":57,
     "p2":58,
     "p3":73},
    {"p1":56,
     "p2":73,
     "p3":74},
    {"p1":56,
     "p2":57,
     "p3":73},
    {"p1":63,
     "p2":67,
     "p3":68},
    {"p1":62,
     "p2":63,
     "p3":68},
    {"p1":63,
     "p2":66,
     "p3":67},
    {"p1":63,
     "p2":64,
     "p3":66},
    {"p1":61,
     "p2":69,
     "p3":70},
    {"p1":60,
     "p2":61,
     "p3":70},
    {"p1":59,
     "p2":70,
     "p3":71},
    {"p1":59,
     "p2":60,
     "p3":70}]
}