{"points":[
    {"x":0,
     "y":0.50093},
    {"x":0,
     "y":0.54019},
    {"x":0,
     "y":0.57944},
    {"x":0,
     "y":0.61869},
    {"x":0,
     "y":0.65794},
    {"x":0,
     "y":0.6972},
    {"x":0,
     "y":0.73645},
    {"x":0,
     "y":0.7757},
    {"x":0,
     "y":0.81495},
    {"x":0,
     "y":0.85421},
    {"x":0,
     "y":0.89346},
    {"x":0,
     "y":0.93271},
    {"x":0,
     "y":0.97196},
    {"x":0.011215,
     "y":1},
    {"x":0.050467,
     "y":1},
    {"x":0.08972,
     "y":1},
    {"x":0.12897,
     "y":1},
    {"x":0.16822,
     "y":1},
    {"x":0.20748,
     "y":1},
    {"x":0.24673,
     "y":1},
    {"x":0.28598,
     "y":1},
    {"x":0.32523,
     "y":1},
    {"x":0.36449,
     "y":1},
    {"x":0.40374,
     "y":1},
    {"x":0.44299,
     "y":1},
    {"x":0.48224,
     "y":1},
    {"x":0.5215,
     "y":1},
    {"x":0.56075,
     "y":1},
    {"x":0.6,
     "y":1},
    {"x":0.63925,
     "y":1},
    {"x":0.6785,
     "y":1},
    {"x":0.71776,
     "y":1},
    {"x":0.75701,
     "y":1},
    {"x":0.79626,
     "y":1},
    {"x":0.83551,
     "y":1},
    {"x":0.87477,
     "y":1},
    {"x":0.91402,
     "y":1},
    {"x":0.95327,
     "y":1},
    {"x":0.98879,
     "y":0.99626},
    {"x":0.98879,
     "y":0.95701},
    {"x":0.98879,
     "y":0.91776},
    {"x":0.98879,
     "y":0.8785},
    {"x":0.98879,
     "y":0.83925},
    {"x":0.98879,
     "y":0.8},
    {"x":0.98879,
     "y":0.76075},
    {"x":0.98879,
     "y":0.7215},
    {"x":0.98879,
     "y":0.68224},
    {"x":0.98879,
     "y":0.64299},
    {"x":0.98879,
     "y":0.60374},
    {"x":0.98879,
     "y":0.56449},
    {"x":0.98879,
     "y":0.52523},
    {"x":0.98879,
     "y":0.48598},
    {"x":0.98879,
     "y":0.44673},
    {"x":0.98879,
     "y":0.40748},
    {"x":0.98879,
     "y":0.36822},
    {"x":0.98879,
     "y":0.32897},
    {"x":0.98879,
     "y":0.28972},
    {"x":0.98879,
     "y":0.25047},
    {"x":0.98879,
     "y":0.21121},
    {"x":0.98879,
     "y":0.17196},
    {"x":0.98879,
     "y":0.13271},
    {"x":0.98879,
     "y":0.093458},
    {"x":0.98879,
     "y":0.054206},
    {"x":0.98879,
     "y":0.014953},
    {"x":0.96449,
     "y":0},
    {"x":0.92523,
     "y":0},
    {"x":0.88598,
     "y":0},
    {"x":0.84673,
     "y":0},
    {"x":0.80748,
     "y":0},
    {"x":0.76822,
     "y":0},
    {"x":0.72897,
     "y":0},
    {"x":0.68972,
     "y":0},
    {"x":0.65047,
     "y":0},
    {"x":0.61121,
     "y":0},
    {"x":0.57196,
     "y":0},
    {"x":0.53271,
     "y":0},
    {"x":0.49346,
     "y":0},
    {"x":0.45421,
     "y":0},
    {"x":0.41495,
     "y":0},
    {"x":0.3757,
     "y":0},
    {"x":0.33645,
     "y":0},
    {"x":0.2972,
     "y":0},
    {"x":0.25794,
     "y":0},
    {"x":0.21869,
     "y":0},
    {"x":0.17944,
     "y":0},
    {"x":0.14019,
     "y":0},
    {"x":0.10093,
     "y":0},
    {"x":0.061682,
     "y":0},
    {"x":0.02243,
     "y":0},
    {"x":0,
     "y":0.016822},
    {"x":0,
     "y":0.056075},
    {"x":0,
     "y":0.095327},
    {"x":0,
     "y":0.13458},
    {"x":0,
     "y":0.17383},
    {"x":0,
     "y":0.21308},
    {"x":0,
     "y":0.25234},
    {"x":0,
     "y":0.29159},
    {"x":0,
     "y":0.33084},
    {"x":0,
     "y":0.37009},
    {"x":0,
     "y":0.40935},
    {"x":0,
     "y":0.4486},
    {"x":0,
     "y":0.48785},
    {"x":0,
     "y":0.50093}],
 "triangles":[
    {"p1":0,
     "p2":1,
     "p3":25},
    {"p1":82,
     "p2":95,
     "p3":96},
    {"p1":77,
     "p2":100,
     "p3":101},
    {"p1":53,
     "p2":54,
     "p3":73},
    {"p1":53,
     "p2":73,
     "p3":74},
    {"p1":25,
     "p2":26,
     "p3":50},
    {"p1":88,
     "p2":89,
     "p3":90},
    {"p1":85,
     "p2":92,
     "p3":93},
    {"p1":0,
     "p2":76,
     "p3":101},
    {"p1":76,
     "p2":77,
     "p3":101},
    {"p1":62,
     "p2":63,
     "p3":64},
    {"p1":31,
     "p2":32,
     "p3":44},
    {"p1":7,
     "p2":18,
     "p3":19},
    {"p1":1,
     "p2":24,
     "p3":25},
    {"p1":3,
     "p2":22,
     "p3":23},
    {"p1":3,
     "p2":4,
     "p3":22},
    {"p1":86,
     "p2":91,
     "p3":92},
    {"p1":85,
     "p2":86,
     "p3":92},
    {"p1":83,
     "p2":94,
     "p3":95},
    {"p1":82,
     "p2":83,
     "p3":95},
    {"p1":79,
     "p2":98,
     "p3":99},
    {"p1":79,
     "p2":80,
     "p3":98},
    {"p1":80,
     "p2":97,
     "p3":98},
    {"p1":78,
     "p2":79,
     "p3":99},
    {"p1":78,
     "p2":99,
     "p3":100},
    {"p1":77,
     "p2":78,
     "p3":100},
    {"p1":81,
     "p2":96,
     "p3":97},
    {"p1":80,
     "p2":81,
     "p3":97},
    {"p1":81,
     "p2":82,
     "p3":96},
    {"p1":52,
     "p2":53,
     "p3":74},
    {"p1":57,
     "p2":58,
     "p3":69},
    {"p1":56,
     "p2":57,
     "p3":70},
    {"p1":57,
     "p2":69,
     "p3":70},
    {"p1":34,
     "p2":41,
     "p3":42},
    {"p1":27,
     "p2":28,
     "p3":48},
    {"p1":28,
     "p2":47,
     "p3":48},
    {"p1":28,
     "p2":29,
     "p3":47},
    {"p1":29,
     "p2":30,
     "p3":46},
    {"p1":29,
     "p2":46,
     "p3":47},
    {"p1":10,
     "p2":15,
     "p3":16},
    {"p1":7,
     "p2":8,
     "p3":18},
    {"p1":2,
     "p2":3,
     "p3":23},
    {"p1":2,
     "p2":23,
     "p3":24},
    {"p1":1,
     "p2":2,
     "p3":24},
    {"p1":4,
     "p2":21,
     "p3":22},
    {"p1":5,
     "p2":20,
     "p3":21},
    {"p1":4,
     "p2":5,
     "p3":21},
    {"p1":87,
     "p2":90,
     "p3":91},
    {"p1":86,
     "p2":87,
     "p3":91},
    {"p1":87,
     "p2":88,
     "p3":90},
    {"p1":84,
     "p2":85,
     "p3":93},
    {"p1":84,
     "p2":93,
     "p3":94},
    {"p1":83,
     "p2":84,
     "p3":94},
    {"p1":0,
     "p2":51,
     "p3":76},
    {"p1":0,
     "p2":25,
     "p3":51},
    {"p1":25,
     "p2":50,
     "p3":51},
    {"p1":52,
     "p2":74,
     "p3":75},
    {"p1":51,
     "p2":52,
     "p3":75},
    {"p1":51,
     "p2":75,
     "p3":76},
    {"p1":61,
     "p2":62,
     "p3":65},
    {"p1":61,
     "p2":65,
     "p3":66},
    {"p1":62,
     "p2":64,
     "p3":65},
    {"p1":60,
     "p2":61,
     "p3":66},
    {"p1":55,
     "p2":56,
     "p3":71},
    {"p1":56,
     "p2":70,
     "p3":71},
    {"p1":34,
     "p2":35,
     "p3":41},
    {"p1":35,
     "p2":40,
     "p3":41},
    {"p1":35,
     "p2":36,
     "p3":40},
    {"p1":33,
     "p2":34,
     "p3":42},
    {"p1":27,
     "p2":48,
     "p3":49},
    {"p1":26,
     "p2":27,
     "p3":49},
    {"p1":26,
     "p2":49,
     "p3":50},
    {"p1":30,
     "p2":31,
     "p3":45},
    {"p1":30,
     "p2":45,
     "p3":46},
    {"p1":31,
     "p2":44,
     "p3":45},
    {"p1":10,
     "p2":11,
     "p3":15},
    {"p1":9,
     "p2":10,
     "p3":16},
    {"p1":6,
     "p2":19,
     "p3":20},
    {"p1":5,
     "p2":6,
     "p3":20},
    {"p1":6,
     "p2":7,
     "p3":19},
    {"p1":60,
     "p2":66,
     "p3":67},
    {"p1":59,
     "p2":60,
     "p3":67},
    {"p1":55,
     "p2":71,
     "p3":72},
    {"p1":54,
     "p2":55,
     "p3":72},
    {"p1":54,
     "p2":72,
     "p3":73},
    {"p1":36,
     "p2":39,
     "p3":40},
    {"p1":33,
     "p2":42,
     "p3":43},
    {"p1":32,
     "p2":33,
     "p3":43},
    {"p1":32,
     "p2":43,
     "p3":44},
    {"p1":11,
     "p2":14,
     "p3":15},
    {"p1":9,
     "p2":16,
     "p3":17},
    {"p1":8,
     "p2":9,
     "p3":17},
    {"p1":8,
     "p2":17,
     "p3":18},
    {"p1":59,
     "p2":67,
     "p3":68},
    {"p1":58,
     "p2":59,
     "p3":68},
    {"p1":58,
     "p2":68,
     "p3":69},
    {"p1":37,
     "p2":38,
     "p3":39},
    {"p1":36,
     "p2":37,
     "p3":39},
    {"p1":12,
     "p2":13,
     "p3":14},
    {"p1":11,
     "p2":12,
     "p3":14}]
}