{"points":[
    {"x":0.12635,
     "y":0.19134},
    {"x":0.14079,
     "y":0.23285},
    {"x":0.16426,
     "y":0.26715},
    {"x":0.13899,
     "y":0.30325},
    {"x":0.15523,
     "y":0.34477},
    {"x":0.13357,
     "y":0.38628},
    {"x":0.11552,
     "y":0.4278},
    {"x":0.10108,
     "y":0.46931},
    {"x":0.13177,
     "y":0.4657},
    {"x":0.14982,
     "y":0.42419},
    {"x":0.16968,
     "y":0.38267},
    {"x":0.19675,
     "y":0.35018},
    {"x":0.22744,
     "y":0.31769},
    {"x":0.21661,
     "y":0.27617},
    {"x":0.25451,
     "y":0.27256},
    {"x":0.29603,
     "y":0.27076},
    {"x":0.27978,
     "y":0.30866},
    {"x":0.29783,
     "y":0.34838},
    {"x":0.33935,
     "y":0.35379},
    {"x":0.36823,
     "y":0.31949},
    {"x":0.3556,
     "y":0.27798},
    {"x":0.38267,
     "y":0.26895},
    {"x":0.42419,
     "y":0.26895},
    {"x":0.44404,
     "y":0.27978},
    {"x":0.4278,
     "y":0.31949},
    {"x":0.45307,
     "y":0.3556},
    {"x":0.49458,
     "y":0.35379},
    {"x":0.51625,
     "y":0.31588},
    {"x":0.49639,
     "y":0.27617},
    {"x":0.53791,
     "y":0.27617},
    {"x":0.57942,
     "y":0.28159},
    {"x":0.62094,
     "y":0.28159},
    {"x":0.62274,
     "y":0.3231},
    {"x":0.63177,
     "y":0.36462},
    {"x":0.63177,
     "y":0.40614},
    {"x":0.65884,
     "y":0.40253},
    {"x":0.65884,
     "y":0.36101},
    {"x":0.65162,
     "y":0.31949},
    {"x":0.65523,
     "y":0.28159},
    {"x":0.69675,
     "y":0.27798},
    {"x":0.73827,
     "y":0.27076},
    {"x":0.76534,
     "y":0.28339},
    {"x":0.76715,
     "y":0.32491},
    {"x":0.77437,
     "y":0.36643},
    {"x":0.78159,
     "y":0.40794},
    {"x":0.80505,
     "y":0.38628},
    {"x":0.79964,
     "y":0.34477},
    {"x":0.79242,
     "y":0.30325},
    {"x":0.79422,
     "y":0.26354},
    {"x":0.83574,
     "y":0.26354},
    {"x":0.87726,
     "y":0.26354},
    {"x":0.90253,
     "y":0.27256},
    {"x":0.92058,
     "y":0.31227},
    {"x":0.96209,
     "y":0.31769},
    {"x":0.99097,
     "y":0.28339},
    {"x":0.97834,
     "y":0.24188},
    {"x":0.93863,
     "y":0.22744},
    {"x":0.96209,
     "y":0.18773},
    {"x":1,
     "y":0.15343},
    {"x":0.99819,
     "y":0.11733},
    {"x":0.95668,
     "y":0.11372},
    {"x":0.91516,
     "y":0.099278},
    {"x":0.87365,
     "y":0.084838},
    {"x":0.88087,
     "y":0.055957},
    {"x":0.87184,
     "y":0.01444},
    {"x":0.83032,
     "y":0},
    {"x":0.79422,
     "y":0.027076},
    {"x":0.79783,
     "y":0.068592},
    {"x":0.787,
     "y":0.084838},
    {"x":0.74549,
     "y":0.086643},
    {"x":0.70397,
     "y":0.095668},
    {"x":0.66968,
     "y":0.068592},
    {"x":0.63899,
     "y":0.034296},
    {"x":0.61552,
     "y":0.068592},
    {"x":0.57581,
     "y":0.10108},
    {"x":0.5361,
     "y":0.092058},
    {"x":0.51986,
     "y":0.050542},
    {"x":0.49278,
     "y":0.032491},
    {"x":0.46029,
     "y":0.074007},
    {"x":0.42238,
     "y":0.090253},
    {"x":0.39711,
     "y":0.079422},
    {"x":0.40253,
     "y":0.037906},
    {"x":0.36823,
     "y":0.0090253},
    {"x":0.32671,
     "y":0.021661},
    {"x":0.31588,
     "y":0.063177},
    {"x":0.3213,
     "y":0.092058},
    {"x":0.27978,
     "y":0.092058},
    {"x":0.25271,
     "y":0.077617},
    {"x":0.25271,
     "y":0.036101},
    {"x":0.213,
     "y":0.019856},
    {"x":0.17148,
     "y":0.019856},
    {"x":0.18231,
     "y":0.046931},
    {"x":0.22383,
     "y":0.054152},
    {"x":0.22202,
     "y":0.093863},
    {"x":0.18051,
     "y":0.10108},
    {"x":0.14079,
     "y":0.13357},
    {"x":0.10108,
     "y":0.13357},
    {"x":0.059567,
     "y":0.13177},
    {"x":0.018051,
     "y":0.13177},
    {"x":0,
     "y":0.15704},
    {"x":0.041516,
     "y":0.15884},
    {"x":0.083032,
     "y":0.15884},
    {"x":0.12455,
     "y":0.16606},
    {"x":0.12635,
     "y":0.19134}],
 "triangles":[
    {"p1":58,
     "p2":59,
     "p3":60},
    {"p1":16,
     "p2":18,
     "p3":19},
    {"p1":16,
     "p2":19,
     "p3":20},
    {"p1":15,
     "p2":20,
     "p3":85},
    {"p1":15,
     "p2":16,
     "p3":20},
    {"p1":79,
     "p2":80,
     "p3":85},
    {"p1":20,
     "p2":21,
     "p3":85},
    {"p1":21,
     "p2":79,
     "p3":85},
    {"p1":21,
     "p2":22,
     "p3":79},
    {"p1":80,
     "p2":82,
     "p3":84},
    {"p1":80,
     "p2":84,
     "p3":85},
    {"p1":57,
     "p2":58,
     "p3":60},
    {"p1":30,
     "p2":31,
     "p3":74},
    {"p1":48,
     "p2":68,
     "p3":69},
    {"p1":98,
     "p2":99,
     "p3":100},
    {"p1":97,
     "p2":98,
     "p3":100},
    {"p1":16,
     "p2":17,
     "p3":18},
    {"p1":4,
     "p2":5,
     "p3":10},
    {"p1":80,
     "p2":81,
     "p3":82},
    {"p1":82,
     "p2":83,
     "p3":84},
    {"p1":88,
     "p2":89,
     "p3":92},
    {"p1":51,
     "p2":55,
     "p3":56},
    {"p1":51,
     "p2":53,
     "p3":54},
    {"p1":51,
     "p2":54,
     "p3":55},
    {"p1":22,
     "p2":28,
     "p3":79},
    {"p1":28,
     "p2":75,
     "p3":79},
    {"p1":25,
     "p2":26,
     "p3":27},
    {"p1":24,
     "p2":25,
     "p3":27},
    {"p1":39,
     "p2":40,
     "p3":70},
    {"p1":40,
     "p2":48,
     "p3":69},
    {"p1":40,
     "p2":69,
     "p3":70},
    {"p1":38,
     "p2":39,
     "p3":70},
    {"p1":31,
     "p2":38,
     "p3":74},
    {"p1":38,
     "p2":70,
     "p3":74},
    {"p1":63,
     "p2":64,
     "p3":65},
    {"p1":50,
     "p2":51,
     "p3":56},
    {"p1":48,
     "p2":49,
     "p3":68},
    {"p1":49,
     "p2":62,
     "p3":68},
    {"p1":49,
     "p2":50,
     "p3":62},
    {"p1":4,
     "p2":10,
     "p3":11},
    {"p1":3,
     "p2":4,
     "p3":11},
    {"p1":2,
     "p2":3,
     "p3":11},
    {"p1":5,
     "p2":9,
     "p3":10},
    {"p1":75,
     "p2":78,
     "p3":79},
    {"p1":70,
     "p2":73,
     "p3":74},
    {"p1":89,
     "p2":90,
     "p3":91},
    {"p1":89,
     "p2":91,
     "p3":92},
    {"p1":87,
     "p2":88,
     "p3":92},
    {"p1":51,
     "p2":52,
     "p3":53},
    {"p1":29,
     "p2":30,
     "p3":74},
    {"p1":29,
     "p2":74,
     "p3":75},
    {"p1":28,
     "p2":29,
     "p3":75},
    {"p1":23,
     "p2":24,
     "p3":27},
    {"p1":23,
     "p2":27,
     "p3":28},
    {"p1":22,
     "p2":23,
     "p3":28},
    {"p1":31,
     "p2":32,
     "p3":37},
    {"p1":31,
     "p2":37,
     "p3":38},
    {"p1":32,
     "p2":33,
     "p3":37},
    {"p1":57,
     "p2":60,
     "p3":61},
    {"p1":56,
     "p2":57,
     "p3":61},
    {"p1":50,
     "p2":56,
     "p3":61},
    {"p1":50,
     "p2":61,
     "p3":62},
    {"p1":62,
     "p2":63,
     "p3":67},
    {"p1":62,
     "p2":67,
     "p3":68},
    {"p1":65,
     "p2":66,
     "p3":67},
    {"p1":63,
     "p2":65,
     "p3":67},
    {"p1":2,
     "p2":12,
     "p3":13},
    {"p1":2,
     "p2":11,
     "p3":12},
    {"p1":5,
     "p2":6,
     "p3":9},
    {"p1":6,
     "p2":7,
     "p3":8},
    {"p1":6,
     "p2":8,
     "p3":9},
    {"p1":76,
     "p2":77,
     "p3":78},
    {"p1":75,
     "p2":76,
     "p3":78},
    {"p1":70,
     "p2":71,
     "p3":73},
    {"p1":71,
     "p2":72,
     "p3":73},
    {"p1":0,
     "p2":94,
     "p3":95},
    {"p1":0,
     "p2":1,
     "p3":94},
    {"p1":1,
     "p2":2,
     "p3":13},
    {"p1":97,
     "p2":100,
     "p3":101},
    {"p1":96,
     "p2":97,
     "p3":101},
    {"p1":87,
     "p2":92,
     "p3":93},
    {"p1":13,
     "p2":14,
     "p3":93},
    {"p1":1,
     "p2":13,
     "p3":93},
    {"p1":1,
     "p2":93,
     "p3":94},
    {"p1":43,
     "p2":44,
     "p3":45},
    {"p1":40,
     "p2":41,
     "p3":48},
    {"p1":41,
     "p2":47,
     "p3":48},
    {"p1":41,
     "p2":42,
     "p3":47},
    {"p1":33,
     "p2":36,
     "p3":37},
    {"p1":95,
     "p2":96,
     "p3":102},
    {"p1":0,
     "p2":95,
     "p3":102},
    {"p1":96,
     "p2":101,
     "p3":102},
    {"p1":86,
     "p2":87,
     "p3":93},
    {"p1":15,
     "p2":85,
     "p3":86},
    {"p1":14,
     "p2":15,
     "p3":86},
    {"p1":14,
     "p2":86,
     "p3":93},
    {"p1":42,
     "p2":43,
     "p3":46},
    {"p1":42,
     "p2":46,
     "p3":47},
    {"p1":43,
     "p2":45,
     "p3":46},
    {"p1":33,
     "p2":34,
     "p3":35},
    {"p1":33,
     "p2":35,
     "p3":36}]
}