{"points":[
    {"x":0,
     "y":0.46345},
    {"x":0,
     "y":0.50078},
    {"x":0,
     "y":0.5381},
    {"x":0,
     "y":0.57543},
    {"x":0,
     "y":0.61275},
    {"x":0,
     "y":0.65008},
    {"x":0,
     "y":0.6874},
    {"x":0,
     "y":0.72473},
    {"x":0,
     "y":0.76205},
    {"x":0,
     "y":0.79938},
    {"x":0,
     "y":0.8367},
    {"x":0,
     "y":0.87403},
    {"x":0,
     "y":0.91135},
    {"x":0.023328,
     "y":0.92535},
    {"x":0.060653,
     "y":0.92535},
    {"x":0.097978,
     "y":0.92535},
    {"x":0.1353,
     "y":0.92535},
    {"x":0.17263,
     "y":0.92535},
    {"x":0.20995,
     "y":0.92535},
    {"x":0.24728,
     "y":0.92535},
    {"x":0.2846,
     "y":0.92535},
    {"x":0.32193,
     "y":0.92535},
    {"x":0.35925,
     "y":0.92535},
    {"x":0.39658,
     "y":0.92535},
    {"x":0.4339,
     "y":0.92535},
    {"x":0.47123,
     "y":0.92535},
    {"x":0.50855,
     "y":0.92535},
    {"x":0.54588,
     "y":0.92535},
    {"x":0.5832,
     "y":0.92535},
    {"x":0.62053,
     "y":0.92535},
    {"x":0.65785,
     "y":0.92535},
    {"x":0.69518,
     "y":0.92535},
    {"x":0.7325,
     "y":0.92535},
    {"x":0.76983,
     "y":0.92535},
    {"x":0.80715,
     "y":0.92535},
    {"x":0.84448,
     "y":0.92535},
    {"x":0.8818,
     "y":0.92535},
    {"x":0.91913,
     "y":0.92535},
    {"x":0.95645,
     "y":0.92535},
    {"x":0.99378,
     "y":0.92535},
    {"x":1,
     "y":0.89425},
    {"x":1,
     "y":0.85692},
    {"x":1,
     "y":0.8196},
    {"x":1,
     "y":0.78227},
    {"x":1,
     "y":0.74495},
    {"x":1,
     "y":0.70762},
    {"x":1,
     "y":0.6703},
    {"x":1,
     "y":0.63297},
    {"x":1,
     "y":0.59565},
    {"x":1,
     "y":0.55832},
    {"x":1,
     "y":0.521},
    {"x":1,
     "y":0.48367},
    {"x":1,
     "y":0.44635},
    {"x":1,
     "y":0.40902},
    {"x":1,
     "y":0.3717},
    {"x":1,
     "y":0.33437},
    {"x":1,
     "y":0.29705},
    {"x":1,
     "y":0.25972},
    {"x":1,
     "y":0.2224},
    {"x":1,
     "y":0.18507},
    {"x":1,
     "y":0.14774},
    {"x":1,
     "y":0.11042},
    {"x":1,
     "y":0.073095},
    {"x":1,
     "y":0.03577},
    {"x":0.99844,
     "y":0},
    {"x":0.96112,
     "y":0},
    {"x":0.92379,
     "y":0},
    {"x":0.88647,
     "y":0},
    {"x":0.84914,
     "y":0},
    {"x":0.81182,
     "y":0},
    {"x":0.77449,
     "y":0},
    {"x":0.73717,
     "y":0},
    {"x":0.69984,
     "y":0},
    {"x":0.66252,
     "y":0},
    {"x":0.62519,
     "y":0},
    {"x":0.58787,
     "y":0},
    {"x":0.55054,
     "y":0},
    {"x":0.51322,
     "y":0},
    {"x":0.47589,
     "y":0},
    {"x":0.43857,
     "y":0},
    {"x":0.40124,
     "y":0},
    {"x":0.36392,
     "y":0},
    {"x":0.32659,
     "y":0},
    {"x":0.28927,
     "y":0},
    {"x":0.25194,
     "y":0},
    {"x":0.21462,
     "y":0},
    {"x":0.17729,
     "y":0},
    {"x":0.13997,
     "y":0},
    {"x":0.10264,
     "y":0},
    {"x":0.065319,
     "y":0},
    {"x":0.027994,
     "y":0},
    {"x":0,
     "y":0.0093313},
    {"x":0,
     "y":0.046656},
    {"x":0,
     "y":0.083981},
    {"x":0,
     "y":0.12131},
    {"x":0,
     "y":0.15863},
    {"x":0,
     "y":0.19596},
    {"x":0,
     "y":0.23328},
    {"x":0,
     "y":0.27061},
    {"x":0,
     "y":0.30793},
    {"x":0,
     "y":0.34526},
    {"x":0,
     "y":0.38258},
    {"x":0,
     "y":0.41991},
    {"x":0,
     "y":0.45723},
    {"x":0,
     "y":0.46345}],
 "triangles":[
    {"p1":1,
     "p2":2,
     "p3":23},
    {"p1":26,
     "p2":27,
     "p3":77},
    {"p1":11,
     "p2":12,
     "p3":13},
    {"p1":6,
     "p2":7,
     "p3":18},
    {"p1":63,
     "p2":64,
     "p3":65},
    {"p1":4,
     "p2":5,
     "p3":20},
    {"p1":27,
     "p2":28,
     "p3":51},
    {"p1":27,
     "p2":51,
     "p3":52},
    {"p1":2,
     "p2":22,
     "p3":23},
    {"p1":27,
     "p2":52,
     "p3":76},
    {"p1":27,
     "p2":76,
     "p3":77},
    {"p1":0,
     "p2":1,
     "p3":24},
    {"p1":0,
     "p2":24,
     "p3":25},
    {"p1":1,
     "p2":23,
     "p3":24},
    {"p1":5,
     "p2":6,
     "p3":19},
    {"p1":5,
     "p2":19,
     "p3":20},
    {"p1":6,
     "p2":18,
     "p3":19},
    {"p1":28,
     "p2":50,
     "p3":51},
    {"p1":29,
     "p2":49,
     "p3":50},
    {"p1":28,
     "p2":29,
     "p3":50},
    {"p1":32,
     "p2":33,
     "p3":46},
    {"p1":32,
     "p2":46,
     "p3":47},
    {"p1":31,
     "p2":32,
     "p3":47},
    {"p1":2,
     "p2":3,
     "p3":22},
    {"p1":4,
     "p2":20,
     "p3":21},
    {"p1":3,
     "p2":4,
     "p3":21},
    {"p1":3,
     "p2":21,
     "p3":22},
    {"p1":11,
     "p2":13,
     "p3":14},
    {"p1":8,
     "p2":9,
     "p3":16},
    {"p1":61,
     "p2":66,
     "p3":67},
    {"p1":33,
     "p2":45,
     "p3":46},
    {"p1":34,
     "p2":44,
     "p3":45},
    {"p1":33,
     "p2":34,
     "p3":45},
    {"p1":29,
     "p2":30,
     "p3":49},
    {"p1":52,
     "p2":75,
     "p3":76},
    {"p1":10,
     "p2":11,
     "p3":14},
    {"p1":8,
     "p2":16,
     "p3":17},
    {"p1":7,
     "p2":8,
     "p3":17},
    {"p1":7,
     "p2":17,
     "p3":18},
    {"p1":90,
     "p2":91,
     "p3":92},
    {"p1":88,
     "p2":93,
     "p3":94},
    {"p1":86,
     "p2":95,
     "p3":96},
    {"p1":85,
     "p2":96,
     "p3":97},
    {"p1":84,
     "p2":85,
     "p3":97},
    {"p1":85,
     "p2":86,
     "p3":96},
    {"p1":82,
     "p2":99,
     "p3":100},
    {"p1":0,
     "p2":25,
     "p3":78},
    {"p1":25,
     "p2":26,
     "p3":78},
    {"p1":26,
     "p2":77,
     "p3":78},
    {"p1":81,
     "p2":82,
     "p3":100},
    {"p1":61,
     "p2":62,
     "p3":66},
    {"p1":62,
     "p2":65,
     "p3":66},
    {"p1":62,
     "p2":63,
     "p3":65},
    {"p1":36,
     "p2":42,
     "p3":43},
    {"p1":36,
     "p2":37,
     "p3":42},
    {"p1":37,
     "p2":41,
     "p3":42},
    {"p1":35,
     "p2":43,
     "p3":44},
    {"p1":34,
     "p2":35,
     "p3":44},
    {"p1":35,
     "p2":36,
     "p3":43},
    {"p1":30,
     "p2":48,
     "p3":49},
    {"p1":30,
     "p2":31,
     "p3":48},
    {"p1":31,
     "p2":47,
     "p3":48},
    {"p1":52,
     "p2":53,
     "p3":75},
    {"p1":10,
     "p2":14,
     "p3":15},
    {"p1":9,
     "p2":10,
     "p3":15},
    {"p1":9,
     "p2":15,
     "p3":16},
    {"p1":87,
     "p2":88,
     "p3":94},
    {"p1":87,
     "p2":94,
     "p3":95},
    {"p1":86,
     "p2":87,
     "p3":95},
    {"p1":89,
     "p2":92,
     "p3":93},
    {"p1":88,
     "p2":89,
     "p3":93},
    {"p1":89,
     "p2":90,
     "p3":92},
    {"p1":82,
     "p2":83,
     "p3":99},
    {"p1":79,
     "p2":80,
     "p3":102},
    {"p1":81,
     "p2":100,
     "p3":101},
    {"p1":80,
     "p2":81,
     "p3":101},
    {"p1":80,
     "p2":101,
     "p3":102},
    {"p1":60,
     "p2":61,
     "p3":67},
    {"p1":38,
     "p2":40,
     "p3":41},
    {"p1":37,
     "p2":38,
     "p3":41},
    {"p1":38,
     "p2":39,
     "p3":40},
    {"p1":53,
     "p2":74,
     "p3":75},
    {"p1":57,
     "p2":58,
     "p3":70},
    {"p1":83,
     "p2":84,
     "p3":98},
    {"p1":83,
     "p2":98,
     "p3":99},
    {"p1":84,
     "p2":97,
     "p3":98},
    {"p1":79,
     "p2":102,
     "p3":103},
    {"p1":78,
     "p2":79,
     "p3":103},
    {"p1":0,
     "p2":78,
     "p3":103},
    {"p1":60,
     "p2":67,
     "p3":68},
    {"p1":59,
     "p2":60,
     "p3":68},
    {"p1":53,
     "p2":54,
     "p3":74},
    {"p1":54,
     "p2":73,
     "p3":74},
    {"p1":54,
     "p2":55,
     "p3":73},
    {"p1":57,
     "p2":70,
     "p3":71},
    {"p1":56,
     "p2":57,
     "p3":71},
    {"p1":59,
     "p2":68,
     "p3":69},
    {"p1":58,
     "p2":59,
     "p3":69},
    {"p1":58,
     "p2":69,
     "p3":70},
    {"p1":56,
     "p2":71,
     "p3":72},
    {"p1":55,
     "p2":56,
     "p3":72},
    {"p1":55,
     "p2":72,
     "p3":73}]
}