{"points":[
    {"x":0,
     "y":0.46614},
    {"x":0,
     "y":0.50394},
    {"x":0,
     "y":0.54173},
    {"x":0,
     "y":0.57953},
    {"x":0,
     "y":0.61732},
    {"x":0,
     "y":0.65512},
    {"x":0,
     "y":0.69291},
    {"x":0,
     "y":0.73071},
    {"x":0,
     "y":0.7685},
    {"x":0,
     "y":0.8063},
    {"x":0,
     "y":0.84409},
    {"x":0,
     "y":0.88189},
    {"x":0,
     "y":0.91969},
    {"x":0.025197,
     "y":0.93228},
    {"x":0.062992,
     "y":0.93228},
    {"x":0.10079,
     "y":0.93228},
    {"x":0.13858,
     "y":0.93228},
    {"x":0.17638,
     "y":0.93228},
    {"x":0.21417,
     "y":0.93228},
    {"x":0.25197,
     "y":0.93228},
    {"x":0.28976,
     "y":0.93228},
    {"x":0.32756,
     "y":0.93228},
    {"x":0.36535,
     "y":0.93228},
    {"x":0.40315,
     "y":0.93228},
    {"x":0.44094,
     "y":0.93228},
    {"x":0.47874,
     "y":0.93228},
    {"x":0.51654,
     "y":0.93228},
    {"x":0.55433,
     "y":0.93228},
    {"x":0.59213,
     "y":0.93228},
    {"x":0.62992,
     "y":0.93228},
    {"x":0.66772,
     "y":0.93228},
    {"x":0.70551,
     "y":0.93228},
    {"x":0.74331,
     "y":0.93228},
    {"x":0.7811,
     "y":0.93228},
    {"x":0.8189,
     "y":0.93228},
    {"x":0.85669,
     "y":0.93228},
    {"x":0.89449,
     "y":0.93228},
    {"x":0.93228,
     "y":0.93228},
    {"x":0.97008,
     "y":0.93228},
    {"x":1,
     "y":0.92441},
    {"x":1,
     "y":0.88661},
    {"x":1,
     "y":0.84882},
    {"x":1,
     "y":0.81102},
    {"x":1,
     "y":0.77323},
    {"x":1,
     "y":0.73543},
    {"x":1,
     "y":0.69764},
    {"x":1,
     "y":0.65984},
    {"x":1,
     "y":0.62205},
    {"x":1,
     "y":0.58425},
    {"x":1,
     "y":0.54646},
    {"x":1,
     "y":0.50866},
    {"x":1,
     "y":0.47087},
    {"x":1,
     "y":0.43307},
    {"x":1,
     "y":0.39528},
    {"x":1,
     "y":0.35748},
    {"x":1,
     "y":0.31969},
    {"x":1,
     "y":0.28189},
    {"x":1,
     "y":0.24409},
    {"x":1,
     "y":0.2063},
    {"x":1,
     "y":0.1685},
    {"x":1,
     "y":0.13071},
    {"x":1,
     "y":0.092913},
    {"x":1,
     "y":0.055118},
    {"x":1,
     "y":0.017323},
    {"x":0.97953,
     "y":0},
    {"x":0.94173,
     "y":0},
    {"x":0.90394,
     "y":0},
    {"x":0.86614,
     "y":0},
    {"x":0.82835,
     "y":0},
    {"x":0.79055,
     "y":0},
    {"x":0.75276,
     "y":0},
    {"x":0.71496,
     "y":0},
    {"x":0.67717,
     "y":0},
    {"x":0.63937,
     "y":0},
    {"x":0.60157,
     "y":0},
    {"x":0.56378,
     "y":0},
    {"x":0.52598,
     "y":0},
    {"x":0.48819,
     "y":0},
    {"x":0.45039,
     "y":0},
    {"x":0.4126,
     "y":0},
    {"x":0.3748,
     "y":0},
    {"x":0.33701,
     "y":0},
    {"x":0.29921,
     "y":0},
    {"x":0.26142,
     "y":0},
    {"x":0.22362,
     "y":0},
    {"x":0.18583,
     "y":0},
    {"x":0.14803,
     "y":0},
    {"x":0.11024,
     "y":0},
    {"x":0.072441,
     "y":0},
    {"x":0.034646,
     "y":0},
    {"x":0,
     "y":0.0031496},
    {"x":0,
     "y":0.040945},
    {"x":0,
     "y":0.07874},
    {"x":0,
     "y":0.11654},
    {"x":0,
     "y":0.15433},
    {"x":0,
     "y":0.19213},
    {"x":0,
     "y":0.22992},
    {"x":0,
     "y":0.26772},
    {"x":0,
     "y":0.30551},
    {"x":0,
     "y":0.34331},
    {"x":0,
     "y":0.3811},
    {"x":0,
     "y":0.4189},
    {"x":0,
     "y":0.45669},
    {"x":0,
     "y":0.46614}],
 "triangles":[
    {"p1":26,
     "p2":27,
     "p3":51},
    {"p1":89,
     "p2":90,
     "p3":91},
    {"p1":87,
     "p2":92,
     "p3":93},
    {"p1":84,
     "p2":95,
     "p3":96},
    {"p1":79,
     "p2":100,
     "p3":101},
    {"p1":78,
     "p2":101,
     "p3":102},
    {"p1":78,
     "p2":79,
     "p3":101},
    {"p1":0,
     "p2":78,
     "p3":102},
    {"p1":62,
     "p2":63,
     "p3":64},
    {"p1":11,
     "p2":12,
     "p3":13},
    {"p1":32,
     "p2":33,
     "p3":45},
    {"p1":27,
     "p2":50,
     "p3":51},
    {"p1":87,
     "p2":88,
     "p3":92},
    {"p1":88,
     "p2":91,
     "p3":92},
    {"p1":88,
     "p2":89,
     "p3":91},
    {"p1":86,
     "p2":93,
     "p3":94},
    {"p1":86,
     "p2":87,
     "p3":93},
    {"p1":82,
     "p2":97,
     "p3":98},
    {"p1":26,
     "p2":51,
     "p3":76},
    {"p1":59,
     "p2":60,
     "p3":67},
    {"p1":52,
     "p2":53,
     "p3":74},
    {"p1":54,
     "p2":55,
     "p3":72},
    {"p1":54,
     "p2":72,
     "p3":73},
    {"p1":53,
     "p2":54,
     "p3":73},
    {"p1":53,
     "p2":73,
     "p3":74},
    {"p1":57,
     "p2":69,
     "p3":70},
    {"p1":3,
     "p2":21,
     "p3":22},
    {"p1":0,
     "p2":25,
     "p3":78},
    {"p1":0,
     "p2":24,
     "p3":25},
    {"p1":2,
     "p2":3,
     "p3":22},
    {"p1":6,
     "p2":7,
     "p3":18},
    {"p1":33,
     "p2":44,
     "p3":45},
    {"p1":27,
     "p2":28,
     "p3":50},
    {"p1":29,
     "p2":48,
     "p3":49},
    {"p1":28,
     "p2":29,
     "p3":49},
    {"p1":28,
     "p2":49,
     "p3":50},
    {"p1":29,
     "p2":30,
     "p3":48},
    {"p1":30,
     "p2":31,
     "p3":47},
    {"p1":30,
     "p2":47,
     "p3":48},
    {"p1":85,
     "p2":94,
     "p3":95},
    {"p1":85,
     "p2":86,
     "p3":94},
    {"p1":84,
     "p2":85,
     "p3":95},
    {"p1":82,
     "p2":83,
     "p3":97},
    {"p1":83,
     "p2":96,
     "p3":97},
    {"p1":83,
     "p2":84,
     "p3":96},
    {"p1":81,
     "p2":98,
     "p3":99},
    {"p1":81,
     "p2":82,
     "p3":98},
    {"p1":51,
     "p2":52,
     "p3":75},
    {"p1":51,
     "p2":75,
     "p3":76},
    {"p1":52,
     "p2":74,
     "p3":75},
    {"p1":60,
     "p2":66,
     "p3":67},
    {"p1":57,
     "p2":58,
     "p3":69},
    {"p1":59,
     "p2":67,
     "p3":68},
    {"p1":58,
     "p2":59,
     "p3":68},
    {"p1":58,
     "p2":68,
     "p3":69},
    {"p1":56,
     "p2":57,
     "p3":70},
    {"p1":3,
     "p2":4,
     "p3":21},
    {"p1":6,
     "p2":18,
     "p3":19},
    {"p1":25,
     "p2":77,
     "p3":78},
    {"p1":25,
     "p2":26,
     "p3":77},
    {"p1":26,
     "p2":76,
     "p3":77},
    {"p1":0,
     "p2":1,
     "p3":24},
    {"p1":2,
     "p2":22,
     "p3":23},
    {"p1":1,
     "p2":2,
     "p3":23},
    {"p1":1,
     "p2":23,
     "p3":24},
    {"p1":9,
     "p2":15,
     "p3":16},
    {"p1":8,
     "p2":9,
     "p3":16},
    {"p1":35,
     "p2":42,
     "p3":43},
    {"p1":33,
     "p2":34,
     "p3":44},
    {"p1":34,
     "p2":43,
     "p3":44},
    {"p1":34,
     "p2":35,
     "p3":43},
    {"p1":31,
     "p2":32,
     "p3":46},
    {"p1":31,
     "p2":46,
     "p3":47},
    {"p1":32,
     "p2":45,
     "p3":46},
    {"p1":80,
     "p2":99,
     "p3":100},
    {"p1":80,
     "p2":81,
     "p3":99},
    {"p1":79,
     "p2":80,
     "p3":100},
    {"p1":60,
     "p2":61,
     "p3":66},
    {"p1":62,
     "p2":64,
     "p3":65},
    {"p1":61,
     "p2":62,
     "p3":65},
    {"p1":61,
     "p2":65,
     "p3":66},
    {"p1":56,
     "p2":70,
     "p3":71},
    {"p1":55,
     "p2":56,
     "p3":71},
    {"p1":55,
     "p2":71,
     "p3":72},
    {"p1":5,
     "p2":6,
     "p3":19},
    {"p1":9,
     "p2":10,
     "p3":15},
    {"p1":11,
     "p2":13,
     "p3":14},
    {"p1":10,
     "p2":11,
     "p3":14},
    {"p1":10,
     "p2":14,
     "p3":15},
    {"p1":8,
     "p2":16,
     "p3":17},
    {"p1":7,
     "p2":8,
     "p3":17},
    {"p1":7,
     "p2":17,
     "p3":18},
    {"p1":37,
     "p2":40,
     "p3":41},
    {"p1":36,
     "p2":37,
     "p3":41},
    {"p1":36,
     "p2":41,
     "p3":42},
    {"p1":35,
     "p2":36,
     "p3":42},
    {"p1":5,
     "p2":19,
     "p3":20},
    {"p1":4,
     "p2":5,
     "p3":20},
    {"p1":4,
     "p2":20,
     "p3":21},
    {"p1":38,
     "p2":39,
     "p3":40},
    {"p1":37,
     "p2":38,
     "p3":40}]
}