{"points":[
    {"x":0,
     "y":0.49165},
    {"x":0,
     "y":0.53061},
    {"x":0,
     "y":0.56957},
    {"x":0,
     "y":0.60853},
    {"x":0,
     "y":0.6475},
    {"x":0,
     "y":0.68646},
    {"x":0,
     "y":0.72542},
    {"x":0,
     "y":0.76438},
    {"x":0,
     "y":0.80334},
    {"x":0,
     "y":0.8423},
    {"x":0,
     "y":0.88126},
    {"x":0,
     "y":0.92022},
    {"x":0,
     "y":0.95918},
    {"x":0.016698,
     "y":0.98145},
    {"x":0.055659,
     "y":0.98145},
    {"x":0.09462,
     "y":0.98145},
    {"x":0.13358,
     "y":0.98145},
    {"x":0.17254,
     "y":0.98145},
    {"x":0.2115,
     "y":0.98145},
    {"x":0.25046,
     "y":0.98145},
    {"x":0.28942,
     "y":0.98145},
    {"x":0.32839,
     "y":0.98145},
    {"x":0.36735,
     "y":0.98145},
    {"x":0.40631,
     "y":0.98145},
    {"x":0.44527,
     "y":0.98145},
    {"x":0.48423,
     "y":0.98145},
    {"x":0.52319,
     "y":0.98145},
    {"x":0.56215,
     "y":0.98145},
    {"x":0.60111,
     "y":0.98145},
    {"x":0.64007,
     "y":0.98145},
    {"x":0.67904,
     "y":0.98145},
    {"x":0.718,
     "y":0.98145},
    {"x":0.75696,
     "y":0.98145},
    {"x":0.79592,
     "y":0.98145},
    {"x":0.83488,
     "y":0.98145},
    {"x":0.87384,
     "y":0.98145},
    {"x":0.9128,
     "y":0.98145},
    {"x":0.95176,
     "y":0.98145},
    {"x":0.99072,
     "y":0.98145},
    {"x":1,
     "y":0.95176},
    {"x":1,
     "y":0.9128},
    {"x":1,
     "y":0.87384},
    {"x":1,
     "y":0.83488},
    {"x":1,
     "y":0.79592},
    {"x":1,
     "y":0.75696},
    {"x":1,
     "y":0.718},
    {"x":1,
     "y":0.67904},
    {"x":1,
     "y":0.64007},
    {"x":1,
     "y":0.60111},
    {"x":1,
     "y":0.56215},
    {"x":1,
     "y":0.52319},
    {"x":1,
     "y":0.48423},
    {"x":1,
     "y":0.44527},
    {"x":1,
     "y":0.40631},
    {"x":1,
     "y":0.36735},
    {"x":1,
     "y":0.32839},
    {"x":1,
     "y":0.28942},
    {"x":1,
     "y":0.25046},
    {"x":1,
     "y":0.2115},
    {"x":1,
     "y":0.17254},
    {"x":1,
     "y":0.13358},
    {"x":1,
     "y":0.09462},
    {"x":1,
     "y":0.055659},
    {"x":1,
     "y":0.016698},
    {"x":0.97774,
     "y":0},
    {"x":0.93878,
     "y":0},
    {"x":0.89981,
     "y":0},
    {"x":0.86085,
     "y":0},
    {"x":0.82189,
     "y":0},
    {"x":0.78293,
     "y":0},
    {"x":0.74397,
     "y":0},
    {"x":0.70501,
     "y":0},
    {"x":0.66605,
     "y":0},
    {"x":0.62709,
     "y":0},
    {"x":0.58813,
     "y":0},
    {"x":0.54917,
     "y":0},
    {"x":0.5102,
     "y":0},
    {"x":0.47124,
     "y":0},
    {"x":0.43228,
     "y":0},
    {"x":0.39332,
     "y":0},
    {"x":0.35436,
     "y":0},
    {"x":0.3154,
     "y":0},
    {"x":0.27644,
     "y":0},
    {"x":0.23748,
     "y":0},
    {"x":0.19852,
     "y":0},
    {"x":0.15955,
     "y":0},
    {"x":0.12059,
     "y":0},
    {"x":0.081633,
     "y":0},
    {"x":0.042672,
     "y":0},
    {"x":0.0037106,
     "y":0},
    {"x":0,
     "y":0.03525},
    {"x":0,
     "y":0.074212},
    {"x":0,
     "y":0.11317},
    {"x":0,
     "y":0.15213},
    {"x":0,
     "y":0.19109},
    {"x":0,
     "y":0.23006},
    {"x":0,
     "y":0.26902},
    {"x":0,
     "y":0.30798},
    {"x":0,
     "y":0.34694},
    {"x":0,
     "y":0.3859},
    {"x":0,
     "y":0.42486},
    {"x":0,
     "y":0.46382},
    {"x":0,
     "y":0.49165}],
 "triangles":[
    {"p1":62,
     "p2":63,
     "p3":64},
    {"p1":12,
     "p2":13,
     "p3":14},
    {"p1":62,
     "p2":64,
     "p3":65},
    {"p1":0,
     "p2":1,
     "p3":25},
    {"p1":83,
     "p2":84,
     "p3":95},
    {"p1":88,
     "p2":89,
     "p3":90},
    {"p1":83,
     "p2":95,
     "p3":96},
    {"p1":9,
     "p2":16,
     "p3":17},
    {"p1":78,
     "p2":100,
     "p3":101},
    {"p1":4,
     "p2":21,
     "p3":22},
    {"p1":1,
     "p2":24,
     "p3":25},
    {"p1":0,
     "p2":25,
     "p3":76},
    {"p1":85,
     "p2":86,
     "p3":93},
    {"p1":84,
     "p2":94,
     "p3":95},
    {"p1":84,
     "p2":85,
     "p3":94},
    {"p1":85,
     "p2":93,
     "p3":94},
    {"p1":9,
     "p2":10,
     "p3":16},
    {"p1":7,
     "p2":18,
     "p3":19},
    {"p1":8,
     "p2":9,
     "p3":17},
    {"p1":8,
     "p2":17,
     "p3":18},
    {"p1":7,
     "p2":8,
     "p3":18},
    {"p1":61,
     "p2":62,
     "p3":65},
    {"p1":28,
     "p2":48,
     "p3":49},
    {"p1":27,
     "p2":49,
     "p3":50},
    {"p1":27,
     "p2":28,
     "p3":49},
    {"p1":4,
     "p2":5,
     "p3":21},
    {"p1":3,
     "p2":22,
     "p3":23},
    {"p1":3,
     "p2":4,
     "p3":22},
    {"p1":0,
     "p2":77,
     "p3":101},
    {"p1":0,
     "p2":76,
     "p3":77},
    {"p1":77,
     "p2":78,
     "p3":101},
    {"p1":26,
     "p2":51,
     "p3":76},
    {"p1":25,
     "p2":26,
     "p3":76},
    {"p1":26,
     "p2":50,
     "p3":51},
    {"p1":26,
     "p2":27,
     "p3":50},
    {"p1":87,
     "p2":88,
     "p3":91},
    {"p1":88,
     "p2":90,
     "p3":91},
    {"p1":10,
     "p2":15,
     "p3":16},
    {"p1":11,
     "p2":12,
     "p3":14},
    {"p1":11,
     "p2":14,
     "p3":15},
    {"p1":10,
     "p2":11,
     "p3":15},
    {"p1":52,
     "p2":53,
     "p3":74},
    {"p1":52,
     "p2":74,
     "p3":75},
    {"p1":51,
     "p2":52,
     "p3":75},
    {"p1":51,
     "p2":75,
     "p3":76},
    {"p1":54,
     "p2":72,
     "p3":73},
    {"p1":53,
     "p2":54,
     "p3":73},
    {"p1":53,
     "p2":73,
     "p3":74},
    {"p1":80,
     "p2":98,
     "p3":99},
    {"p1":80,
     "p2":81,
     "p3":98},
    {"p1":81,
     "p2":97,
     "p3":98},
    {"p1":79,
     "p2":80,
     "p3":99},
    {"p1":79,
     "p2":99,
     "p3":100},
    {"p1":78,
     "p2":79,
     "p3":100},
    {"p1":82,
     "p2":96,
     "p3":97},
    {"p1":81,
     "p2":82,
     "p3":97},
    {"p1":82,
     "p2":83,
     "p3":96},
    {"p1":60,
     "p2":61,
     "p3":66},
    {"p1":61,
     "p2":65,
     "p3":66},
    {"p1":34,
     "p2":35,
     "p3":42},
    {"p1":34,
     "p2":42,
     "p3":43},
    {"p1":33,
     "p2":34,
     "p3":43},
    {"p1":33,
     "p2":43,
     "p3":44},
    {"p1":30,
     "p2":31,
     "p3":46},
    {"p1":30,
     "p2":46,
     "p3":47},
    {"p1":31,
     "p2":45,
     "p3":46},
    {"p1":29,
     "p2":30,
     "p3":47},
    {"p1":29,
     "p2":47,
     "p3":48},
    {"p1":28,
     "p2":29,
     "p3":48},
    {"p1":5,
     "p2":20,
     "p3":21},
    {"p1":6,
     "p2":7,
     "p3":19},
    {"p1":6,
     "p2":19,
     "p3":20},
    {"p1":5,
     "p2":6,
     "p3":20},
    {"p1":2,
     "p2":3,
     "p3":23},
    {"p1":2,
     "p2":23,
     "p3":24},
    {"p1":1,
     "p2":2,
     "p3":24},
    {"p1":86,
     "p2":87,
     "p3":92},
    {"p1":87,
     "p2":91,
     "p3":92},
    {"p1":86,
     "p2":92,
     "p3":93},
    {"p1":54,
     "p2":55,
     "p3":72},
    {"p1":57,
     "p2":58,
     "p3":69},
    {"p1":55,
     "p2":56,
     "p3":71},
    {"p1":55,
     "p2":71,
     "p3":72},
    {"p1":60,
     "p2":66,
     "p3":67},
    {"p1":32,
     "p2":33,
     "p3":44},
    {"p1":32,
     "p2":44,
     "p3":45},
    {"p1":31,
     "p2":32,
     "p3":45},
    {"p1":56,
     "p2":57,
     "p3":70},
    {"p1":56,
     "p2":70,
     "p3":71},
    {"p1":57,
     "p2":69,
     "p3":70},
    {"p1":59,
     "p2":60,
     "p3":67},
    {"p1":37,
     "p2":39,
     "p3":40},
    {"p1":36,
     "p2":37,
     "p3":40},
    {"p1":37,
     "p2":38,
     "p3":39},
    {"p1":36,
     "p2":40,
     "p3":41},
    {"p1":35,
     "p2":36,
     "p3":41},
    {"p1":35,
     "p2":41,
     "p3":42},
    {"p1":59,
     "p2":67,
     "p3":68},
    {"p1":58,
     "p2":59,
     "p3":68},
    {"p1":58,
     "p2":68,
     "p3":69}]
}