{"points":[
    {"x":0,
     "y":0.44815},
    {"x":0,
     "y":0.48519},
    {"x":0,
     "y":0.52222},
    {"x":0,
     "y":0.55926},
    {"x":0,
     "y":0.5963},
    {"x":0,
     "y":0.63333},
    {"x":0,
     "y":0.67037},
    {"x":0,
     "y":0.70741},
    {"x":0,
     "y":0.74444},
    {"x":0,
     "y":0.78148},
    {"x":0,
     "y":0.81852},
    {"x":0,
     "y":0.85556},
    {"x":0,
     "y":0.89259},
    {"x":0.035185,
     "y":0.89444},
    {"x":0.072222,
     "y":0.89444},
    {"x":0.10926,
     "y":0.89444},
    {"x":0.1463,
     "y":0.89444},
    {"x":0.18333,
     "y":0.89444},
    {"x":0.22037,
     "y":0.89444},
    {"x":0.25741,
     "y":0.89444},
    {"x":0.29444,
     "y":0.89444},
    {"x":0.33148,
     "y":0.89444},
    {"x":0.36852,
     "y":0.89444},
    {"x":0.40556,
     "y":0.89444},
    {"x":0.44259,
     "y":0.89444},
    {"x":0.47963,
     "y":0.89444},
    {"x":0.51667,
     "y":0.89444},
    {"x":0.5537,
     "y":0.89444},
    {"x":0.59074,
     "y":0.89444},
    {"x":0.62778,
     "y":0.89444},
    {"x":0.66481,
     "y":0.89444},
    {"x":0.70185,
     "y":0.89444},
    {"x":0.73889,
     "y":0.89444},
    {"x":0.77593,
     "y":0.89444},
    {"x":0.81296,
     "y":0.89444},
    {"x":0.85,
     "y":0.89444},
    {"x":0.88704,
     "y":0.89444},
    {"x":0.92407,
     "y":0.89444},
    {"x":0.96111,
     "y":0.89444},
    {"x":0.99815,
     "y":0.89444},
    {"x":1,
     "y":0.85926},
    {"x":1,
     "y":0.82222},
    {"x":1,
     "y":0.78519},
    {"x":1,
     "y":0.74815},
    {"x":1,
     "y":0.71111},
    {"x":1,
     "y":0.67407},
    {"x":1,
     "y":0.63704},
    {"x":1,
     "y":0.6},
    {"x":1,
     "y":0.56296},
    {"x":1,
     "y":0.52593},
    {"x":1,
     "y":0.48889},
    {"x":1,
     "y":0.45185},
    {"x":1,
     "y":0.41481},
    {"x":1,
     "y":0.37778},
    {"x":1,
     "y":0.34074},
    {"x":1,
     "y":0.3037},
    {"x":1,
     "y":0.26667},
    {"x":1,
     "y":0.22963},
    {"x":1,
     "y":0.19259},
    {"x":1,
     "y":0.15556},
    {"x":1,
     "y":0.11852},
    {"x":1,
     "y":0.081481},
    {"x":1,
     "y":0.044444},
    {"x":1,
     "y":0.0074074},
    {"x":0.97037,
     "y":0},
    {"x":0.93333,
     "y":0},
    {"x":0.8963,
     "y":0},
    {"x":0.85926,
     "y":0},
    {"x":0.82222,
     "y":0},
    {"x":0.78519,
     "y":0},
    {"x":0.74815,
     "y":0},
    {"x":0.71111,
     "y":0},
    {"x":0.67407,
     "y":0},
    {"x":0.63704,
     "y":0},
    {"x":0.6,
     "y":0},
    {"x":0.56296,
     "y":0},
    {"x":0.52593,
     "y":0},
    {"x":0.48889,
     "y":0},
    {"x":0.45185,
     "y":0},
    {"x":0.41481,
     "y":0},
    {"x":0.37778,
     "y":0},
    {"x":0.34074,
     "y":0},
    {"x":0.3037,
     "y":0},
    {"x":0.26667,
     "y":0},
    {"x":0.22963,
     "y":0},
    {"x":0.19259,
     "y":0},
    {"x":0.15556,
     "y":0},
    {"x":0.11852,
     "y":0},
    {"x":0.081481,
     "y":0},
    {"x":0.044444,
     "y":0},
    {"x":0.0074074,
     "y":0},
    {"x":0,
     "y":0.02963},
    {"x":0,
     "y":0.066667},
    {"x":0,
     "y":0.1037},
    {"x":0,
     "y":0.14074},
    {"x":0,
     "y":0.17778},
    {"x":0,
     "y":0.21481},
    {"x":0,
     "y":0.25185},
    {"x":0,
     "y":0.28889},
    {"x":0,
     "y":0.32593},
    {"x":0,
     "y":0.36296},
    {"x":0,
     "y":0.4},
    {"x":0,
     "y":0.43704},
    {"x":0,
     "y":0.44815}],
 "triangles":[
    {"p1":38,
     "p2":39,
     "p3":40},
    {"p1":26,
     "p2":76,
     "p3":77},
    {"p1":11,
     "p2":12,
     "p3":13},
    {"p1":0,
     "p2":24,
     "p3":78},
    {"p1":56,
     "p2":57,
     "p3":70},
    {"p1":3,
     "p2":4,
     "p3":21},
    {"p1":38,
     "p2":40,
     "p3":41},
    {"p1":0,
     "p2":1,
     "p3":24},
    {"p1":25,
     "p2":26,
     "p3":77},
    {"p1":25,
     "p2":77,
     "p3":78},
    {"p1":24,
     "p2":25,
     "p3":78},
    {"p1":27,
     "p2":75,
     "p3":76},
    {"p1":26,
     "p2":27,
     "p3":76},
    {"p1":27,
     "p2":51,
     "p3":75},
    {"p1":27,
     "p2":28,
     "p3":51},
    {"p1":6,
     "p2":7,
     "p3":18},
    {"p1":8,
     "p2":9,
     "p3":16},
    {"p1":9,
     "p2":15,
     "p3":16},
    {"p1":11,
     "p2":13,
     "p3":14},
    {"p1":83,
     "p2":84,
     "p3":97},
    {"p1":84,
     "p2":96,
     "p3":97},
    {"p1":4,
     "p2":5,
     "p3":20},
    {"p1":4,
     "p2":20,
     "p3":21},
    {"p1":2,
     "p2":3,
     "p3":22},
    {"p1":3,
     "p2":21,
     "p3":22},
    {"p1":28,
     "p2":50,
     "p3":51},
    {"p1":29,
     "p2":49,
     "p3":50},
    {"p1":28,
     "p2":29,
     "p3":50},
    {"p1":7,
     "p2":8,
     "p3":17},
    {"p1":8,
     "p2":16,
     "p3":17},
    {"p1":7,
     "p2":17,
     "p3":18},
    {"p1":10,
     "p2":11,
     "p3":14},
    {"p1":10,
     "p2":14,
     "p3":15},
    {"p1":9,
     "p2":10,
     "p3":15},
    {"p1":84,
     "p2":85,
     "p3":96},
    {"p1":83,
     "p2":97,
     "p3":98},
    {"p1":80,
     "p2":100,
     "p3":101},
    {"p1":80,
     "p2":81,
     "p3":100},
    {"p1":81,
     "p2":99,
     "p3":100},
    {"p1":79,
     "p2":80,
     "p3":101},
    {"p1":56,
     "p2":70,
     "p3":71},
    {"p1":62,
     "p2":63,
     "p3":64},
    {"p1":59,
     "p2":60,
     "p3":67},
    {"p1":5,
     "p2":19,
     "p3":20},
    {"p1":5,
     "p2":6,
     "p3":19},
    {"p1":6,
     "p2":18,
     "p3":19},
    {"p1":1,
     "p2":2,
     "p3":23},
    {"p1":2,
     "p2":22,
     "p3":23},
    {"p1":1,
     "p2":23,
     "p3":24},
    {"p1":30,
     "p2":48,
     "p3":49},
    {"p1":29,
     "p2":30,
     "p3":49},
    {"p1":30,
     "p2":31,
     "p3":48},
    {"p1":31,
     "p2":47,
     "p3":48},
    {"p1":31,
     "p2":32,
     "p3":47},
    {"p1":32,
     "p2":46,
     "p3":47},
    {"p1":34,
     "p2":44,
     "p3":45},
    {"p1":88,
     "p2":92,
     "p3":93},
    {"p1":87,
     "p2":88,
     "p3":93},
    {"p1":87,
     "p2":93,
     "p3":94},
    {"p1":86,
     "p2":87,
     "p3":94},
    {"p1":85,
     "p2":95,
     "p3":96},
    {"p1":85,
     "p2":86,
     "p3":95},
    {"p1":86,
     "p2":94,
     "p3":95},
    {"p1":82,
     "p2":83,
     "p3":98},
    {"p1":82,
     "p2":98,
     "p3":99},
    {"p1":81,
     "p2":82,
     "p3":99},
    {"p1":79,
     "p2":101,
     "p3":102},
    {"p1":78,
     "p2":79,
     "p3":102},
    {"p1":0,
     "p2":78,
     "p3":102},
    {"p1":55,
     "p2":71,
     "p3":72},
    {"p1":55,
     "p2":56,
     "p3":71},
    {"p1":51,
     "p2":52,
     "p3":75},
    {"p1":61,
     "p2":62,
     "p3":65},
    {"p1":62,
     "p2":64,
     "p3":65},
    {"p1":57,
     "p2":58,
     "p3":69},
    {"p1":57,
     "p2":69,
     "p3":70},
    {"p1":33,
     "p2":45,
     "p3":46},
    {"p1":32,
     "p2":33,
     "p3":46},
    {"p1":33,
     "p2":34,
     "p3":45},
    {"p1":37,
     "p2":41,
     "p3":42},
    {"p1":36,
     "p2":37,
     "p3":42},
    {"p1":37,
     "p2":38,
     "p3":41},
    {"p1":36,
     "p2":42,
     "p3":43},
    {"p1":88,
     "p2":89,
     "p3":92},
    {"p1":54,
     "p2":55,
     "p3":72},
    {"p1":54,
     "p2":72,
     "p3":73},
    {"p1":53,
     "p2":54,
     "p3":73},
    {"p1":52,
     "p2":74,
     "p3":75},
    {"p1":52,
     "p2":53,
     "p3":74},
    {"p1":53,
     "p2":73,
     "p3":74},
    {"p1":61,
     "p2":65,
     "p3":66},
    {"p1":60,
     "p2":61,
     "p3":66},
    {"p1":60,
     "p2":66,
     "p3":67},
    {"p1":58,
     "p2":68,
     "p3":69},
    {"p1":58,
     "p2":59,
     "p3":68},
    {"p1":59,
     "p2":67,
     "p3":68},
    {"p1":35,
     "p2":36,
     "p3":43},
    {"p1":35,
     "p2":43,
     "p3":44},
    {"p1":34,
     "p2":35,
     "p3":44},
    {"p1":89,
     "p2":90,
     "p3":91},
    {"p1":89,
     "p2":91,
     "p3":92}]
}