{"points":[
    {"x":0,
     "y":0.45663},
    {"x":0,
     "y":0.49427},
    {"x":0,
     "y":0.53191},
    {"x":0,
     "y":0.56956},
    {"x":0,
     "y":0.6072},
    {"x":0,
     "y":0.64484},
    {"x":0,
     "y":0.68249},
    {"x":0,
     "y":0.72013},
    {"x":0,
     "y":0.75777},
    {"x":0,
     "y":0.79542},
    {"x":0,
     "y":0.83306},
    {"x":0,
     "y":0.8707},
    {"x":0,
     "y":0.90835},
    {"x":0.03437,
     "y":0.91162},
    {"x":0.072013,
     "y":0.91162},
    {"x":0.10966,
     "y":0.91162},
    {"x":0.1473,
     "y":0.91162},
    {"x":0.18494,
     "y":0.91162},
    {"x":0.22259,
     "y":0.91162},
    {"x":0.26023,
     "y":0.91162},
    {"x":0.29787,
     "y":0.91162},
    {"x":0.33552,
     "y":0.91162},
    {"x":0.37316,
     "y":0.91162},
    {"x":0.4108,
     "y":0.91162},
    {"x":0.44845,
     "y":0.91162},
    {"x":0.48609,
     "y":0.91162},
    {"x":0.52373,
     "y":0.91162},
    {"x":0.56137,
     "y":0.91162},
    {"x":0.59902,
     "y":0.91162},
    {"x":0.63666,
     "y":0.91162},
    {"x":0.6743,
     "y":0.91162},
    {"x":0.71195,
     "y":0.91162},
    {"x":0.74959,
     "y":0.91162},
    {"x":0.78723,
     "y":0.91162},
    {"x":0.82488,
     "y":0.91162},
    {"x":0.86252,
     "y":0.91162},
    {"x":0.90016,
     "y":0.91162},
    {"x":0.93781,
     "y":0.91162},
    {"x":0.97545,
     "y":0.91162},
    {"x":1,
     "y":0.89853},
    {"x":1,
     "y":0.86088},
    {"x":1,
     "y":0.82324},
    {"x":1,
     "y":0.7856},
    {"x":1,
     "y":0.74795},
    {"x":1,
     "y":0.71031},
    {"x":1,
     "y":0.67267},
    {"x":1,
     "y":0.63502},
    {"x":1,
     "y":0.59738},
    {"x":1,
     "y":0.55974},
    {"x":1,
     "y":0.52209},
    {"x":1,
     "y":0.48445},
    {"x":1,
     "y":0.44681},
    {"x":1,
     "y":0.40917},
    {"x":1,
     "y":0.37152},
    {"x":1,
     "y":0.33388},
    {"x":1,
     "y":0.29624},
    {"x":1,
     "y":0.25859},
    {"x":1,
     "y":0.22095},
    {"x":1,
     "y":0.18331},
    {"x":1,
     "y":0.14566},
    {"x":1,
     "y":0.10802},
    {"x":1,
     "y":0.070376},
    {"x":1,
     "y":0.032733},
    {"x":0.99509,
     "y":0},
    {"x":0.95745,
     "y":0},
    {"x":0.9198,
     "y":0},
    {"x":0.88216,
     "y":0},
    {"x":0.84452,
     "y":0},
    {"x":0.80687,
     "y":0},
    {"x":0.76923,
     "y":0},
    {"x":0.73159,
     "y":0},
    {"x":0.69394,
     "y":0},
    {"x":0.6563,
     "y":0},
    {"x":0.61866,
     "y":0},
    {"x":0.58101,
     "y":0},
    {"x":0.54337,
     "y":0},
    {"x":0.50573,
     "y":0},
    {"x":0.46809,
     "y":0},
    {"x":0.43044,
     "y":0},
    {"x":0.3928,
     "y":0},
    {"x":0.35516,
     "y":0},
    {"x":0.31751,
     "y":0},
    {"x":0.27987,
     "y":0},
    {"x":0.24223,
     "y":0},
    {"x":0.20458,
     "y":0},
    {"x":0.16694,
     "y":0},
    {"x":0.1293,
     "y":0},
    {"x":0.091653,
     "y":0},
    {"x":0.05401,
     "y":0},
    {"x":0.016367,
     "y":0},
    {"x":0,
     "y":0.021277},
    {"x":0,
     "y":0.05892},
    {"x":0,
     "y":0.096563},
    {"x":0,
     "y":0.13421},
    {"x":0,
     "y":0.17185},
    {"x":0,
     "y":0.20949},
    {"x":0,
     "y":0.24714},
    {"x":0,
     "y":0.28478},
    {"x":0,
     "y":0.32242},
    {"x":0,
     "y":0.36007},
    {"x":0,
     "y":0.39771},
    {"x":0,
     "y":0.43535},
    {"x":0,
     "y":0.45663}],
 "triangles":[
    {"p1":11,
     "p2":12,
     "p3":13},
    {"p1":0,
     "p2":24,
     "p3":77},
    {"p1":7,
     "p2":8,
     "p3":17},
    {"p1":9,
     "p2":10,
     "p3":15},
    {"p1":5,
     "p2":6,
     "p3":19},
    {"p1":6,
     "p2":18,
     "p3":19},
    {"p1":6,
     "p2":7,
     "p3":18},
    {"p1":7,
     "p2":17,
     "p3":18},
    {"p1":4,
     "p2":5,
     "p3":20},
    {"p1":5,
     "p2":19,
     "p3":20},
    {"p1":0,
     "p2":1,
     "p3":24},
    {"p1":0,
     "p2":77,
     "p3":78},
    {"p1":24,
     "p2":25,
     "p3":77},
    {"p1":25,
     "p2":76,
     "p3":77},
    {"p1":25,
     "p2":26,
     "p3":76},
    {"p1":79,
     "p2":99,
     "p3":100},
    {"p1":78,
     "p2":79,
     "p3":100},
    {"p1":55,
     "p2":56,
     "p3":70},
    {"p1":53,
     "p2":72,
     "p3":73},
    {"p1":51,
     "p2":74,
     "p3":75},
    {"p1":27,
     "p2":51,
     "p3":75},
    {"p1":26,
     "p2":27,
     "p3":75},
    {"p1":26,
     "p2":75,
     "p3":76},
    {"p1":62,
     "p2":63,
     "p3":64},
    {"p1":57,
     "p2":68,
     "p3":69},
    {"p1":56,
     "p2":57,
     "p3":69},
    {"p1":56,
     "p2":69,
     "p3":70},
    {"p1":8,
     "p2":16,
     "p3":17},
    {"p1":8,
     "p2":9,
     "p3":16},
    {"p1":9,
     "p2":15,
     "p3":16},
    {"p1":10,
     "p2":14,
     "p3":15},
    {"p1":10,
     "p2":11,
     "p3":14},
    {"p1":11,
     "p2":13,
     "p3":14},
    {"p1":4,
     "p2":20,
     "p3":21},
    {"p1":33,
     "p2":44,
     "p3":45},
    {"p1":27,
     "p2":28,
     "p3":50},
    {"p1":28,
     "p2":49,
     "p3":50},
    {"p1":27,
     "p2":50,
     "p3":51},
    {"p1":29,
     "p2":30,
     "p3":48},
    {"p1":29,
     "p2":48,
     "p3":49},
    {"p1":28,
     "p2":29,
     "p3":49},
    {"p1":1,
     "p2":2,
     "p3":23},
    {"p1":1,
     "p2":23,
     "p3":24},
    {"p1":85,
     "p2":93,
     "p3":94},
    {"p1":84,
     "p2":85,
     "p3":94},
    {"p1":82,
     "p2":83,
     "p3":96},
    {"p1":0,
     "p2":78,
     "p3":101},
    {"p1":78,
     "p2":100,
     "p3":101},
    {"p1":79,
     "p2":80,
     "p3":99},
    {"p1":80,
     "p2":81,
     "p3":98},
    {"p1":80,
     "p2":98,
     "p3":99},
    {"p1":55,
     "p2":70,
     "p3":71},
    {"p1":52,
     "p2":73,
     "p3":74},
    {"p1":52,
     "p2":53,
     "p3":73},
    {"p1":51,
     "p2":52,
     "p3":74},
    {"p1":53,
     "p2":54,
     "p3":72},
    {"p1":54,
     "p2":71,
     "p3":72},
    {"p1":54,
     "p2":55,
     "p3":71},
    {"p1":60,
     "p2":61,
     "p3":65},
    {"p1":61,
     "p2":64,
     "p3":65},
    {"p1":61,
     "p2":62,
     "p3":64},
    {"p1":60,
     "p2":65,
     "p3":66},
    {"p1":58,
     "p2":67,
     "p3":68},
    {"p1":57,
     "p2":58,
     "p3":68},
    {"p1":3,
     "p2":4,
     "p3":21},
    {"p1":33,
     "p2":34,
     "p3":44},
    {"p1":30,
     "p2":47,
     "p3":48},
    {"p1":31,
     "p2":46,
     "p3":47},
    {"p1":30,
     "p2":31,
     "p3":47},
    {"p1":2,
     "p2":22,
     "p3":23},
    {"p1":2,
     "p2":3,
     "p3":22},
    {"p1":3,
     "p2":21,
     "p3":22},
    {"p1":85,
     "p2":86,
     "p3":93},
    {"p1":84,
     "p2":94,
     "p3":95},
    {"p1":83,
     "p2":84,
     "p3":95},
    {"p1":83,
     "p2":95,
     "p3":96},
    {"p1":81,
     "p2":82,
     "p3":97},
    {"p1":81,
     "p2":97,
     "p3":98},
    {"p1":82,
     "p2":96,
     "p3":97},
    {"p1":58,
     "p2":59,
     "p3":67},
    {"p1":59,
     "p2":66,
     "p3":67},
    {"p1":59,
     "p2":60,
     "p3":66},
    {"p1":36,
     "p2":41,
     "p3":42},
    {"p1":36,
     "p2":37,
     "p3":41},
    {"p1":37,
     "p2":40,
     "p3":41},
    {"p1":35,
     "p2":36,
     "p3":42},
    {"p1":34,
     "p2":43,
     "p3":44},
    {"p1":34,
     "p2":35,
     "p3":43},
    {"p1":35,
     "p2":42,
     "p3":43},
    {"p1":32,
     "p2":45,
     "p3":46},
    {"p1":31,
     "p2":32,
     "p3":46},
    {"p1":32,
     "p2":33,
     "p3":45},
    {"p1":87,
     "p2":91,
     "p3":92},
    {"p1":86,
     "p2":87,
     "p3":92},
    {"p1":86,
     "p2":92,
     "p3":93},
    {"p1":87,
     "p2":88,
     "p3":91},
    {"p1":88,
     "p2":90,
     "p3":91},
    {"p1":88,
     "p2":89,
     "p3":90},
    {"p1":38,
     "p2":39,
     "p3":40},
    {"p1":37,
     "p2":38,
     "p3":40}]
}