{"points":[
    {"x":0.02331,
     "y":0.50117},
    {"x":0.016317,
     "y":0.52681},
    {"x":0.009324,
     "y":0.55245},
    {"x":0.004662,
     "y":0.57809},
    {"x":0.002331,
     "y":0.60373},
    {"x":0,
     "y":0.62937},
    {"x":0,
     "y":0.65501},
    {"x":0,
     "y":0.68065},
    {"x":0.002331,
     "y":0.70629},
    {"x":0.006993,
     "y":0.73193},
    {"x":0.011655,
     "y":0.75758},
    {"x":0.020979,
     "y":0.78322},
    {"x":0.030303,
     "y":0.80886},
    {"x":0.041958,
     "y":0.8345},
    {"x":0.058275,
     "y":0.86014},
    {"x":0.083916,
     "y":0.88345},
    {"x":0.10956,
     "y":0.8951},
    {"x":0.1352,
     "y":0.89744},
    {"x":0.16084,
     "y":0.88811},
    {"x":0.18648,
     "y":0.88112},
    {"x":0.19114,
     "y":0.90443},
    {"x":0.18415,
     "y":0.92774},
    {"x":0.20979,
     "y":0.94172},
    {"x":0.18415,
     "y":0.94639},
    {"x":0.15851,
     "y":0.95338},
    {"x":0.13753,
     "y":0.9697},
    {"x":0.16317,
     "y":0.98368},
    {"x":0.18881,
     "y":0.98834},
    {"x":0.21445,
     "y":0.99301},
    {"x":0.24009,
     "y":0.99534},
    {"x":0.26573,
     "y":0.99767},
    {"x":0.29138,
     "y":0.99767},
    {"x":0.31702,
     "y":1},
    {"x":0.34266,
     "y":1},
    {"x":0.3683,
     "y":1},
    {"x":0.39394,
     "y":1},
    {"x":0.41958,
     "y":0.99767},
    {"x":0.44522,
     "y":0.99767},
    {"x":0.47086,
     "y":0.99534},
    {"x":0.4965,
     "y":0.99068},
    {"x":0.52214,
     "y":0.98601},
    {"x":0.54779,
     "y":0.98135},
    {"x":0.5641,
     "y":0.9627},
    {"x":0.53846,
     "y":0.95105},
    {"x":0.51282,
     "y":0.94639},
    {"x":0.4965,
     "y":0.93939},
    {"x":0.51981,
     "y":0.92075},
    {"x":0.50583,
     "y":0.89744},
    {"x":0.52448,
     "y":0.87179},
    {"x":0.53846,
     "y":0.84615},
    {"x":0.55245,
     "y":0.82051},
    {"x":0.56177,
     "y":0.79487},
    {"x":0.5711,
     "y":0.76923},
    {"x":0.58042,
     "y":0.74359},
    {"x":0.58741,
     "y":0.71795},
    {"x":0.59441,
     "y":0.69231},
    {"x":0.59907,
     "y":0.66667},
    {"x":0.60373,
     "y":0.64103},
    {"x":0.60606,
     "y":0.61538},
    {"x":0.60839,
     "y":0.58974},
    {"x":0.61072,
     "y":0.5641},
    {"x":0.61305,
     "y":0.53846},
    {"x":0.61305,
     "y":0.51282},
    {"x":0.61305,
     "y":0.48718},
    {"x":0.61072,
     "y":0.46154},
    {"x":0.61072,
     "y":0.4359},
    {"x":0.60839,
     "y":0.41026},
    {"x":0.60373,
     "y":0.38462},
    {"x":0.59907,
     "y":0.35897},
    {"x":0.59441,
     "y":0.33333},
    {"x":0.58974,
     "y":0.30769},
    {"x":0.58275,
     "y":0.28205},
    {"x":0.57343,
     "y":0.25641},
    {"x":0.5641,
     "y":0.23077},
    {"x":0.55245,
     "y":0.20513},
    {"x":0.54079,
     "y":0.17949},
    {"x":0.52681,
     "y":0.15385},
    {"x":0.51049,
     "y":0.12821},
    {"x":0.48951,
     "y":0.10256},
    {"x":0.49417,
     "y":0.076923},
    {"x":0.48951,
     "y":0.051282},
    {"x":0.4662,
     "y":0.027972},
    {"x":0.44056,
     "y":0.016317},
    {"x":0.41492,
     "y":0.006993},
    {"x":0.38928,
     "y":0.002331},
    {"x":0.36364,
     "y":0},
    {"x":0.338,
     "y":0},
    {"x":0.31235,
     "y":0.002331},
    {"x":0.28671,
     "y":0.006993},
    {"x":0.26107,
     "y":0.013986},
    {"x":0.23543,
     "y":0.027972},
    {"x":0.21212,
     "y":0.048951},
    {"x":0.20513,
     "y":0.074592},
    {"x":0.21678,
     "y":0.10023},
    {"x":0.1958,
     "y":0.12587},
    {"x":0.17949,
     "y":0.15152},
    {"x":0.16317,
     "y":0.17716},
    {"x":0.15152,
     "y":0.2028},
    {"x":0.13986,
     "y":0.22844},
    {"x":0.13054,
     "y":0.25408},
    {"x":0.12354,
     "y":0.27972},
    {"x":0.11655,
     "y":0.30536},
    {"x":0.10956,
     "y":0.331},
    {"x":0.1049,
     "y":0.35664},
    {"x":0.10023,
     "y":0.38228},
    {"x":0.09324,
     "y":0.40793},
    {"x":0.067599,
     "y":0.42657},
    {"x":0.04662,
     "y":0.45221},
    {"x":0.032634,
     "y":0.47786},
    {"x":0.02331,
     "y":0.50117}],
 "triangles":[
    {"p1":19,
     "p2":22,
     "p3":32},
    {"p1":4,
     "p2":5,
     "p3":19},
    {"p1":19,
     "p2":56,
     "p3":105},
    {"p1":3,
     "p2":19,
     "p3":105},
    {"p1":3,
     "p2":4,
     "p3":19},
    {"p1":41,
     "p2":42,
     "p3":43},
    {"p1":19,
     "p2":32,
     "p3":33},
    {"p1":19,
     "p2":33,
     "p3":47},
    {"p1":19,
     "p2":49,
     "p3":51},
    {"p1":5,
     "p2":6,
     "p3":19},
    {"p1":11,
     "p2":12,
     "p3":19},
    {"p1":9,
     "p2":11,
     "p3":19},
    {"p1":19,
     "p2":20,
     "p3":22},
    {"p1":20,
     "p2":21,
     "p3":22},
    {"p1":64,
     "p2":104,
     "p3":105},
    {"p1":69,
     "p2":101,
     "p3":102},
    {"p1":0,
     "p2":105,
     "p3":108},
    {"p1":105,
     "p2":107,
     "p3":108},
    {"p1":0,
     "p2":1,
     "p3":105},
    {"p1":60,
     "p2":61,
     "p3":105},
    {"p1":59,
     "p2":60,
     "p3":105},
    {"p1":56,
     "p2":58,
     "p3":105},
    {"p1":58,
     "p2":59,
     "p3":105},
    {"p1":19,
     "p2":51,
     "p3":52},
    {"p1":19,
     "p2":55,
     "p3":56},
    {"p1":19,
     "p2":54,
     "p3":55},
    {"p1":39,
     "p2":44,
     "p3":45},
    {"p1":45,
     "p2":46,
     "p3":47},
    {"p1":19,
     "p2":47,
     "p3":48},
    {"p1":19,
     "p2":48,
     "p3":49},
    {"p1":49,
     "p2":50,
     "p3":51},
    {"p1":8,
     "p2":9,
     "p3":19},
    {"p1":9,
     "p2":10,
     "p3":11},
    {"p1":24,
     "p2":25,
     "p3":26},
    {"p1":23,
     "p2":24,
     "p3":26},
    {"p1":13,
     "p2":14,
     "p3":18},
    {"p1":14,
     "p2":15,
     "p3":18},
    {"p1":12,
     "p2":18,
     "p3":19},
    {"p1":12,
     "p2":13,
     "p3":18},
    {"p1":15,
     "p2":16,
     "p3":18},
    {"p1":16,
     "p2":17,
     "p3":18},
    {"p1":23,
     "p2":26,
     "p3":27},
    {"p1":22,
     "p2":27,
     "p3":28},
    {"p1":22,
     "p2":23,
     "p3":27},
    {"p1":22,
     "p2":31,
     "p3":32},
    {"p1":22,
     "p2":30,
     "p3":31},
    {"p1":22,
     "p2":28,
     "p3":29},
    {"p1":22,
     "p2":29,
     "p3":30},
    {"p1":61,
     "p2":62,
     "p3":105},
    {"p1":105,
     "p2":106,
     "p3":107},
    {"p1":66,
     "p2":67,
     "p3":104},
    {"p1":70,
     "p2":71,
     "p3":101},
    {"p1":69,
     "p2":70,
     "p3":101},
    {"p1":67,
     "p2":68,
     "p3":104},
    {"p1":79,
     "p2":80,
     "p3":81},
    {"p1":85,
     "p2":86,
     "p3":93},
    {"p1":89,
     "p2":90,
     "p3":93},
    {"p1":90,
     "p2":91,
     "p3":93},
    {"p1":91,
     "p2":92,
     "p3":93},
    {"p1":71,
     "p2":100,
     "p3":101},
    {"p1":2,
     "p2":3,
     "p3":105},
    {"p1":1,
     "p2":2,
     "p3":105},
    {"p1":56,
     "p2":57,
     "p3":58},
    {"p1":19,
     "p2":53,
     "p3":54},
    {"p1":19,
     "p2":52,
     "p3":53},
    {"p1":39,
     "p2":40,
     "p3":44},
    {"p1":40,
     "p2":41,
     "p3":43},
    {"p1":40,
     "p2":43,
     "p3":44},
    {"p1":37,
     "p2":38,
     "p3":45},
    {"p1":38,
     "p2":39,
     "p3":45},
    {"p1":6,
     "p2":7,
     "p3":19},
    {"p1":7,
     "p2":8,
     "p3":19},
    {"p1":63,
     "p2":64,
     "p3":105},
    {"p1":62,
     "p2":63,
     "p3":105},
    {"p1":64,
     "p2":65,
     "p3":104},
    {"p1":65,
     "p2":66,
     "p3":104},
    {"p1":68,
     "p2":103,
     "p3":104},
    {"p1":68,
     "p2":69,
     "p3":103},
    {"p1":69,
     "p2":102,
     "p3":103},
    {"p1":77,
     "p2":94,
     "p3":95},
    {"p1":78,
     "p2":85,
     "p3":93},
    {"p1":78,
     "p2":84,
     "p3":85},
    {"p1":77,
     "p2":78,
     "p3":94},
    {"p1":78,
     "p2":93,
     "p3":94},
    {"p1":78,
     "p2":83,
     "p3":84},
    {"p1":78,
     "p2":82,
     "p3":83},
    {"p1":78,
     "p2":81,
     "p3":82},
    {"p1":78,
     "p2":79,
     "p3":81},
    {"p1":88,
     "p2":89,
     "p3":93},
    {"p1":71,
     "p2":72,
     "p3":100},
    {"p1":72,
     "p2":99,
     "p3":100},
    {"p1":74,
     "p2":97,
     "p3":98},
    {"p1":95,
     "p2":96,
     "p3":97},
    {"p1":36,
     "p2":37,
     "p3":45},
    {"p1":36,
     "p2":45,
     "p3":47},
    {"p1":35,
     "p2":36,
     "p3":47},
    {"p1":33,
     "p2":34,
     "p3":47},
    {"p1":34,
     "p2":35,
     "p3":47},
    {"p1":86,
     "p2":87,
     "p3":93},
    {"p1":87,
     "p2":88,
     "p3":93},
    {"p1":76,
     "p2":77,
     "p3":95},
    {"p1":75,
     "p2":95,
     "p3":97},
    {"p1":74,
     "p2":75,
     "p3":97},
    {"p1":75,
     "p2":76,
     "p3":95},
    {"p1":73,
     "p2":74,
     "p3":98},
    {"p1":73,
     "p2":98,
     "p3":99},
    {"p1":72,
     "p2":73,
     "p3":99}]
}