{"points":[
    {"x":0,
     "y":0.35294},
    {"x":0.0021786,
     "y":0.38562},
    {"x":0.0043573,
     "y":0.4183},
    {"x":0.0087146,
     "y":0.45098},
    {"x":0.019608,
     "y":0.48366},
    {"x":0.043573,
     "y":0.46841},
    {"x":0.050109,
     "y":0.43573},
    {"x":0.058824,
     "y":0.40523},
    {"x":0.074074,
     "y":0.41612},
    {"x":0.087146,
     "y":0.4488},
    {"x":0.10458,
     "y":0.48148},
    {"x":0.12636,
     "y":0.51416},
    {"x":0.15686,
     "y":0.54684},
    {"x":0.18954,
     "y":0.57516},
    {"x":0.22222,
     "y":0.59913},
    {"x":0.23529,
     "y":0.62527},
    {"x":0.23529,
     "y":0.65795},
    {"x":0.25708,
     "y":0.69063},
    {"x":0.28976,
     "y":0.71242},
    {"x":0.32244,
     "y":0.72767},
    {"x":0.35512,
     "y":0.73856},
    {"x":0.3878,
     "y":0.74728},
    {"x":0.42048,
     "y":0.75381},
    {"x":0.45316,
     "y":0.75817},
    {"x":0.48584,
     "y":0.76035},
    {"x":0.51852,
     "y":0.76253},
    {"x":0.5512,
     "y":0.76253},
    {"x":0.58388,
     "y":0.76035},
    {"x":0.61656,
     "y":0.75817},
    {"x":0.64924,
     "y":0.75381},
    {"x":0.68192,
     "y":0.74728},
    {"x":0.7146,
     "y":0.73638},
    {"x":0.74728,
     "y":0.72549},
    {"x":0.77996,
     "y":0.71024},
    {"x":0.81264,
     "y":0.6841},
    {"x":0.83007,
     "y":0.65142},
    {"x":0.82353,
     "y":0.61874},
    {"x":0.84749,
     "y":0.59477},
    {"x":0.87364,
     "y":0.59041},
    {"x":0.88235,
     "y":0.62309},
    {"x":0.8976,
     "y":0.65577},
    {"x":0.9281,
     "y":0.67538},
    {"x":0.95425,
     "y":0.64706},
    {"x":0.96732,
     "y":0.61438},
    {"x":0.97603,
     "y":0.5817},
    {"x":0.98257,
     "y":0.54902},
    {"x":0.98911,
     "y":0.51634},
    {"x":0.99346,
     "y":0.48366},
    {"x":0.99564,
     "y":0.45098},
    {"x":0.99782,
     "y":0.4183},
    {"x":1,
     "y":0.38562},
    {"x":1,
     "y":0.35294},
    {"x":1,
     "y":0.32026},
    {"x":1,
     "y":0.28758},
    {"x":0.99782,
     "y":0.2549},
    {"x":0.99564,
     "y":0.22222},
    {"x":0.99129,
     "y":0.18954},
    {"x":0.98693,
     "y":0.15686},
    {"x":0.98257,
     "y":0.12418},
    {"x":0.97386,
     "y":0.091503},
    {"x":0.94771,
     "y":0.071895},
    {"x":0.94989,
     "y":0.039216},
    {"x":0.93682,
     "y":0.0087146},
    {"x":0.90414,
     "y":0.015251},
    {"x":0.88671,
     "y":0.04793},
    {"x":0.87582,
     "y":0.08061},
    {"x":0.85839,
     "y":0.095861},
    {"x":0.82571,
     "y":0.076253},
    {"x":0.79303,
     "y":0.058824},
    {"x":0.76035,
     "y":0.043573},
    {"x":0.72767,
     "y":0.030501},
    {"x":0.69499,
     "y":0.021786},
    {"x":0.66231,
     "y":0.013072},
    {"x":0.62963,
     "y":0.0065359},
    {"x":0.59695,
     "y":0.0043573},
    {"x":0.56427,
     "y":0},
    {"x":0.53159,
     "y":0},
    {"x":0.49891,
     "y":0},
    {"x":0.46623,
     "y":0.0043573},
    {"x":0.43355,
     "y":0.0065359},
    {"x":0.40087,
     "y":0.013072},
    {"x":0.36819,
     "y":0.021786},
    {"x":0.33551,
     "y":0.030501},
    {"x":0.30283,
     "y":0.043573},
    {"x":0.27015,
     "y":0.058824},
    {"x":0.23747,
     "y":0.076253},
    {"x":0.20479,
     "y":0.095861},
    {"x":0.17211,
     "y":0.122},
    {"x":0.13943,
     "y":0.15468},
    {"x":0.11329,
     "y":0.18736},
    {"x":0.093682,
     "y":0.22004},
    {"x":0.078431,
     "y":0.25272},
    {"x":0.067538,
     "y":0.2854},
    {"x":0.052288,
     "y":0.2549},
    {"x":0.045752,
     "y":0.22222},
    {"x":0.030501,
     "y":0.18954},
    {"x":0.013072,
     "y":0.21786},
    {"x":0.0065359,
     "y":0.25054},
    {"x":0.0021786,
     "y":0.28322},
    {"x":0,
     "y":0.3159},
    {"x":0,
     "y":0.34858},
    {"x":0,
     "y":0.35294}],
 "triangles":[
    {"p1":14,
     "p2":25,
     "p3":36},
    {"p1":14,
     "p2":36,
     "p3":76},
    {"p1":25,
     "p2":26,
     "p3":36},
    {"p1":30,
     "p2":31,
     "p3":36},
    {"p1":29,
     "p2":30,
     "p3":36},
    {"p1":31,
     "p2":32,
     "p3":36},
    {"p1":40,
     "p2":41,
     "p3":42},
    {"p1":39,
     "p2":40,
     "p3":42},
    {"p1":34,
     "p2":35,
     "p3":36},
    {"p1":74,
     "p2":75,
     "p3":76},
    {"p1":36,
     "p2":74,
     "p3":76},
    {"p1":36,
     "p2":72,
     "p3":74},
    {"p1":72,
     "p2":73,
     "p3":74},
    {"p1":37,
     "p2":69,
     "p3":71},
    {"p1":36,
     "p2":37,
     "p3":72},
    {"p1":37,
     "p2":71,
     "p3":72},
    {"p1":37,
     "p2":66,
     "p3":67},
    {"p1":37,
     "p2":51,
     "p3":66},
    {"p1":37,
     "p2":50,
     "p3":51},
    {"p1":3,
     "p2":4,
     "p3":5},
    {"p1":3,
     "p2":5,
     "p3":6},
    {"p1":14,
     "p2":24,
     "p3":25},
    {"p1":39,
     "p2":42,
     "p3":43},
    {"p1":28,
     "p2":29,
     "p3":36},
    {"p1":33,
     "p2":34,
     "p3":36},
    {"p1":32,
     "p2":33,
     "p3":36},
    {"p1":58,
     "p2":59,
     "p3":60},
    {"p1":37,
     "p2":67,
     "p3":68},
    {"p1":37,
     "p2":68,
     "p3":69},
    {"p1":69,
     "p2":70,
     "p3":71},
    {"p1":60,
     "p2":61,
     "p3":64},
    {"p1":61,
     "p2":63,
     "p3":64},
    {"p1":61,
     "p2":62,
     "p3":63},
    {"p1":37,
     "p2":49,
     "p3":50},
    {"p1":37,
     "p2":48,
     "p3":49},
    {"p1":38,
     "p2":39,
     "p3":43},
    {"p1":38,
     "p2":43,
     "p3":44},
    {"p1":38,
     "p2":44,
     "p3":45},
    {"p1":38,
     "p2":45,
     "p3":46},
    {"p1":38,
     "p2":46,
     "p3":47},
    {"p1":38,
     "p2":47,
     "p3":48},
    {"p1":37,
     "p2":38,
     "p3":48},
    {"p1":55,
     "p2":56,
     "p3":66},
    {"p1":54,
     "p2":55,
     "p3":66},
    {"p1":51,
     "p2":52,
     "p3":66},
    {"p1":15,
     "p2":17,
     "p3":18},
    {"p1":15,
     "p2":16,
     "p3":17},
    {"p1":14,
     "p2":15,
     "p3":22},
    {"p1":13,
     "p2":14,
     "p3":85},
    {"p1":2,
     "p2":3,
     "p3":6},
    {"p1":12,
     "p2":13,
     "p3":87},
    {"p1":13,
     "p2":85,
     "p3":87},
    {"p1":10,
     "p2":11,
     "p3":12},
    {"p1":94,
     "p2":95,
     "p3":96},
    {"p1":94,
     "p2":96,
     "p3":97},
    {"p1":0,
     "p2":7,
     "p3":100},
    {"p1":0,
     "p2":1,
     "p3":7},
    {"p1":2,
     "p2":6,
     "p3":7},
    {"p1":1,
     "p2":2,
     "p3":7},
    {"p1":14,
     "p2":22,
     "p3":23},
    {"p1":14,
     "p2":23,
     "p3":24},
    {"p1":26,
     "p2":27,
     "p3":36},
    {"p1":27,
     "p2":28,
     "p3":36},
    {"p1":58,
     "p2":60,
     "p3":65},
    {"p1":58,
     "p2":65,
     "p3":66},
    {"p1":60,
     "p2":64,
     "p3":65},
    {"p1":56,
     "p2":57,
     "p3":66},
    {"p1":57,
     "p2":58,
     "p3":66},
    {"p1":53,
     "p2":54,
     "p3":66},
    {"p1":52,
     "p2":53,
     "p3":66},
    {"p1":15,
     "p2":18,
     "p3":19},
    {"p1":15,
     "p2":19,
     "p3":20},
    {"p1":15,
     "p2":21,
     "p3":22},
    {"p1":15,
     "p2":20,
     "p3":21},
    {"p1":14,
     "p2":84,
     "p3":85},
    {"p1":14,
     "p2":83,
     "p3":84},
    {"p1":85,
     "p2":86,
     "p3":87},
    {"p1":12,
     "p2":87,
     "p3":88},
    {"p1":10,
     "p2":12,
     "p3":88},
    {"p1":92,
     "p2":99,
     "p3":100},
    {"p1":7,
     "p2":92,
     "p3":100},
    {"p1":14,
     "p2":78,
     "p3":80},
    {"p1":78,
     "p2":79,
     "p3":80},
    {"p1":14,
     "p2":76,
     "p3":78},
    {"p1":76,
     "p2":77,
     "p3":78},
    {"p1":14,
     "p2":80,
     "p3":81},
    {"p1":14,
     "p2":81,
     "p3":83},
    {"p1":81,
     "p2":82,
     "p3":83},
    {"p1":10,
     "p2":89,
     "p3":90},
    {"p1":10,
     "p2":88,
     "p3":89},
    {"p1":92,
     "p2":98,
     "p3":99},
    {"p1":93,
     "p2":94,
     "p3":97},
    {"p1":93,
     "p2":97,
     "p3":98},
    {"p1":92,
     "p2":93,
     "p3":98},
    {"p1":7,
     "p2":8,
     "p3":92},
    {"p1":8,
     "p2":90,
     "p3":91},
    {"p1":8,
     "p2":91,
     "p3":92},
    {"p1":9,
     "p2":10,
     "p3":90},
    {"p1":8,
     "p2":9,
     "p3":90}]
}