{"points":[
    {"x":0,
     "y":0.32343},
    {"x":0,
     "y":0.34983},
    {"x":0.0033003,
     "y":0.37624},
    {"x":0.0033003,
     "y":0.40264},
    {"x":0.009901,
     "y":0.42904},
    {"x":0.016502,
     "y":0.45545},
    {"x":0.026403,
     "y":0.48185},
    {"x":0.046205,
     "y":0.50825},
    {"x":0.072607,
     "y":0.49505},
    {"x":0.092409,
     "y":0.48515},
    {"x":0.11881,
     "y":0.50495},
    {"x":0.14521,
     "y":0.52475},
    {"x":0.17162,
     "y":0.53795},
    {"x":0.19802,
     "y":0.55116},
    {"x":0.22442,
     "y":0.56436},
    {"x":0.25083,
     "y":0.57426},
    {"x":0.27723,
     "y":0.58086},
    {"x":0.30363,
     "y":0.59076},
    {"x":0.33003,
     "y":0.59736},
    {"x":0.35644,
     "y":0.60066},
    {"x":0.38284,
     "y":0.60726},
    {"x":0.40924,
     "y":0.61056},
    {"x":0.43564,
     "y":0.61056},
    {"x":0.46205,
     "y":0.61386},
    {"x":0.48845,
     "y":0.61716},
    {"x":0.51485,
     "y":0.62706},
    {"x":0.54125,
     "y":0.63696},
    {"x":0.56766,
     "y":0.64356},
    {"x":0.59406,
     "y":0.64686},
    {"x":0.62046,
     "y":0.64686},
    {"x":0.64686,
     "y":0.64686},
    {"x":0.67327,
     "y":0.64026},
    {"x":0.69967,
     "y":0.63366},
    {"x":0.72607,
     "y":0.62376},
    {"x":0.75248,
     "y":0.61386},
    {"x":0.77888,
     "y":0.59736},
    {"x":0.80528,
     "y":0.57756},
    {"x":0.83168,
     "y":0.55116},
    {"x":0.85479,
     "y":0.53135},
    {"x":0.86799,
     "y":0.55776},
    {"x":0.88449,
     "y":0.58416},
    {"x":0.91089,
     "y":0.59736},
    {"x":0.93729,
     "y":0.58746},
    {"x":0.9571,
     "y":0.56106},
    {"x":0.967,
     "y":0.53465},
    {"x":0.9769,
     "y":0.50825},
    {"x":0.9835,
     "y":0.48185},
    {"x":0.9901,
     "y":0.45545},
    {"x":0.9934,
     "y":0.42904},
    {"x":0.9967,
     "y":0.40264},
    {"x":1,
     "y":0.37624},
    {"x":1,
     "y":0.34983},
    {"x":1,
     "y":0.32343},
    {"x":1,
     "y":0.29703},
    {"x":0.9967,
     "y":0.27063},
    {"x":0.9967,
     "y":0.24422},
    {"x":0.9934,
     "y":0.21782},
    {"x":0.9868,
     "y":0.19142},
    {"x":0.9835,
     "y":0.16502},
    {"x":0.9769,
     "y":0.13861},
    {"x":0.967,
     "y":0.11221},
    {"x":0.9538,
     "y":0.085809},
    {"x":0.93069,
     "y":0.062706},
    {"x":0.90429,
     "y":0.056106},
    {"x":0.87789,
     "y":0.075908},
    {"x":0.86469,
     "y":0.10231},
    {"x":0.84818,
     "y":0.11551},
    {"x":0.82508,
     "y":0.089109},
    {"x":0.79868,
     "y":0.066007},
    {"x":0.77228,
     "y":0.046205},
    {"x":0.74587,
     "y":0.029703},
    {"x":0.71947,
     "y":0.019802},
    {"x":0.69307,
     "y":0.009901},
    {"x":0.66667,
     "y":0.0033003},
    {"x":0.64026,
     "y":0},
    {"x":0.61386,
     "y":0},
    {"x":0.58746,
     "y":0},
    {"x":0.56106,
     "y":0.0066007},
    {"x":0.53465,
     "y":0.013201},
    {"x":0.50825,
     "y":0.023102},
    {"x":0.48185,
     "y":0.033003},
    {"x":0.45545,
     "y":0.033003},
    {"x":0.42904,
     "y":0.036304},
    {"x":0.40264,
     "y":0.039604},
    {"x":0.37624,
     "y":0.042904},
    {"x":0.34983,
     "y":0.046205},
    {"x":0.32343,
     "y":0.052805},
    {"x":0.29703,
     "y":0.059406},
    {"x":0.27063,
     "y":0.066007},
    {"x":0.24422,
     "y":0.075908},
    {"x":0.21782,
     "y":0.085809},
    {"x":0.19142,
     "y":0.09901},
    {"x":0.16502,
     "y":0.11221},
    {"x":0.13861,
     "y":0.12541},
    {"x":0.11221,
     "y":0.14521},
    {"x":0.085809,
     "y":0.16832},
    {"x":0.062706,
     "y":0.14851},
    {"x":0.036304,
     "y":0.15512},
    {"x":0.019802,
     "y":0.18152},
    {"x":0.013201,
     "y":0.20792},
    {"x":0.0066007,
     "y":0.23432},
    {"x":0.0033003,
     "y":0.26073},
    {"x":0,
     "y":0.28713},
    {"x":0,
     "y":0.31353},
    {"x":0,
     "y":0.32343}],
 "triangles":[
    {"p1":38,
     "p2":52,
     "p3":66},
    {"p1":37,
     "p2":38,
     "p3":66},
    {"p1":38,
     "p2":50,
     "p3":51},
    {"p1":38,
     "p2":51,
     "p3":52},
    {"p1":38,
     "p2":49,
     "p3":50},
    {"p1":38,
     "p2":48,
     "p3":49},
    {"p1":38,
     "p2":46,
     "p3":47},
    {"p1":38,
     "p2":47,
     "p3":48},
    {"p1":38,
     "p2":45,
     "p3":46},
    {"p1":38,
     "p2":44,
     "p3":45},
    {"p1":56,
     "p2":57,
     "p3":66},
    {"p1":57,
     "p2":58,
     "p3":66},
    {"p1":66,
     "p2":68,
     "p3":79},
    {"p1":68,
     "p2":71,
     "p3":79},
    {"p1":55,
     "p2":56,
     "p3":66},
    {"p1":54,
     "p2":55,
     "p3":66},
    {"p1":40,
     "p2":41,
     "p3":42},
    {"p1":38,
     "p2":39,
     "p3":44},
    {"p1":25,
     "p2":26,
     "p3":29},
    {"p1":22,
     "p2":80,
     "p3":82},
    {"p1":24,
     "p2":79,
     "p3":80},
    {"p1":24,
     "p2":66,
     "p3":79},
    {"p1":24,
     "p2":37,
     "p3":66},
    {"p1":24,
     "p2":25,
     "p3":37},
    {"p1":6,
     "p2":7,
     "p3":8},
    {"p1":5,
     "p2":6,
     "p3":8},
    {"p1":0,
     "p2":1,
     "p3":9},
    {"p1":1,
     "p2":2,
     "p3":9},
    {"p1":2,
     "p2":3,
     "p3":9},
    {"p1":5,
     "p2":8,
     "p3":9},
    {"p1":95,
     "p2":97,
     "p3":98},
    {"p1":95,
     "p2":102,
     "p3":103},
    {"p1":0,
     "p2":95,
     "p3":103},
    {"p1":0,
     "p2":9,
     "p3":95},
    {"p1":9,
     "p2":10,
     "p3":95},
    {"p1":58,
     "p2":59,
     "p3":66},
    {"p1":61,
     "p2":62,
     "p3":64},
    {"p1":62,
     "p2":63,
     "p3":64},
    {"p1":69,
     "p2":70,
     "p3":71},
    {"p1":68,
     "p2":69,
     "p3":71},
    {"p1":71,
     "p2":77,
     "p3":79},
    {"p1":52,
     "p2":53,
     "p3":66},
    {"p1":53,
     "p2":54,
     "p3":66},
    {"p1":25,
     "p2":33,
     "p3":37},
    {"p1":29,
     "p2":30,
     "p3":31},
    {"p1":25,
     "p2":29,
     "p3":31},
    {"p1":25,
     "p2":31,
     "p3":33},
    {"p1":31,
     "p2":32,
     "p3":33},
    {"p1":39,
     "p2":43,
     "p3":44},
    {"p1":40,
     "p2":42,
     "p3":43},
    {"p1":39,
     "p2":40,
     "p3":43},
    {"p1":27,
     "p2":28,
     "p3":29},
    {"p1":26,
     "p2":27,
     "p3":29},
    {"p1":80,
     "p2":81,
     "p3":82},
    {"p1":19,
     "p2":84,
     "p3":86},
    {"p1":19,
     "p2":20,
     "p3":22},
    {"p1":22,
     "p2":23,
     "p3":80},
    {"p1":23,
     "p2":24,
     "p3":80},
    {"p1":10,
     "p2":12,
     "p3":92},
    {"p1":4,
     "p2":5,
     "p3":9},
    {"p1":3,
     "p2":4,
     "p3":9},
    {"p1":95,
     "p2":96,
     "p3":97},
    {"p1":95,
     "p2":98,
     "p3":99},
    {"p1":95,
     "p2":99,
     "p3":100},
    {"p1":95,
     "p2":101,
     "p3":102},
    {"p1":95,
     "p2":100,
     "p3":101},
    {"p1":66,
     "p2":67,
     "p3":68},
    {"p1":60,
     "p2":61,
     "p3":65},
    {"p1":61,
     "p2":64,
     "p3":65},
    {"p1":59,
     "p2":65,
     "p3":66},
    {"p1":59,
     "p2":60,
     "p3":65},
    {"p1":71,
     "p2":75,
     "p3":77},
    {"p1":71,
     "p2":72,
     "p3":75},
    {"p1":75,
     "p2":76,
     "p3":77},
    {"p1":73,
     "p2":74,
     "p3":75},
    {"p1":72,
     "p2":73,
     "p3":75},
    {"p1":35,
     "p2":36,
     "p3":37},
    {"p1":33,
     "p2":35,
     "p3":37},
    {"p1":33,
     "p2":34,
     "p3":35},
    {"p1":77,
     "p2":78,
     "p3":79},
    {"p1":19,
     "p2":22,
     "p3":83},
    {"p1":19,
     "p2":83,
     "p3":84},
    {"p1":22,
     "p2":82,
     "p3":83},
    {"p1":84,
     "p2":85,
     "p3":86},
    {"p1":20,
     "p2":21,
     "p3":22},
    {"p1":17,
     "p2":18,
     "p3":19},
    {"p1":10,
     "p2":11,
     "p3":12},
    {"p1":13,
     "p2":14,
     "p3":89},
    {"p1":10,
     "p2":92,
     "p3":94},
    {"p1":10,
     "p2":94,
     "p3":95},
    {"p1":14,
     "p2":15,
     "p3":16},
    {"p1":14,
     "p2":16,
     "p3":89},
    {"p1":16,
     "p2":19,
     "p3":86},
    {"p1":16,
     "p2":17,
     "p3":19},
    {"p1":12,
     "p2":91,
     "p3":92},
    {"p1":12,
     "p2":13,
     "p3":91},
    {"p1":92,
     "p2":93,
     "p3":94},
    {"p1":16,
     "p2":86,
     "p3":87},
    {"p1":16,
     "p2":87,
     "p3":89},
    {"p1":13,
     "p2":89,
     "p3":90},
    {"p1":13,
     "p2":90,
     "p3":91},
    {"p1":87,
     "p2":88,
     "p3":89}]
}