{"points":[
    {"x":0.029703,
     "y":0.48845},
    {"x":0.019802,
     "y":0.51485},
    {"x":0.009901,
     "y":0.54125},
    {"x":0.0033003,
     "y":0.56766},
    {"x":0,
     "y":0.59406},
    {"x":0,
     "y":0.62046},
    {"x":0,
     "y":0.64686},
    {"x":0.0066007,
     "y":0.67327},
    {"x":0.013201,
     "y":0.69967},
    {"x":0.023102,
     "y":0.72607},
    {"x":0.033003,
     "y":0.75248},
    {"x":0.049505,
     "y":0.77888},
    {"x":0.069307,
     "y":0.80528},
    {"x":0.09571,
     "y":0.83168},
    {"x":0.12211,
     "y":0.85479},
    {"x":0.09571,
     "y":0.86799},
    {"x":0.069307,
     "y":0.88449},
    {"x":0.056106,
     "y":0.91089},
    {"x":0.066007,
     "y":0.93729},
    {"x":0.092409,
     "y":0.9571},
    {"x":0.11881,
     "y":0.967},
    {"x":0.14521,
     "y":0.9769},
    {"x":0.17162,
     "y":0.9835},
    {"x":0.19802,
     "y":0.9901},
    {"x":0.22442,
     "y":0.9934},
    {"x":0.25083,
     "y":0.9967},
    {"x":0.27723,
     "y":1},
    {"x":0.30363,
     "y":1},
    {"x":0.33003,
     "y":1},
    {"x":0.35644,
     "y":1},
    {"x":0.38284,
     "y":0.9967},
    {"x":0.40924,
     "y":0.9967},
    {"x":0.43564,
     "y":0.9934},
    {"x":0.46205,
     "y":0.9868},
    {"x":0.48845,
     "y":0.9835},
    {"x":0.51485,
     "y":0.9769},
    {"x":0.54125,
     "y":0.967},
    {"x":0.56766,
     "y":0.9538},
    {"x":0.59076,
     "y":0.93069},
    {"x":0.59736,
     "y":0.90429},
    {"x":0.57756,
     "y":0.87789},
    {"x":0.55116,
     "y":0.86469},
    {"x":0.53135,
     "y":0.84818},
    {"x":0.55776,
     "y":0.82508},
    {"x":0.58086,
     "y":0.79868},
    {"x":0.60066,
     "y":0.77228},
    {"x":0.61716,
     "y":0.74587},
    {"x":0.62706,
     "y":0.71947},
    {"x":0.63696,
     "y":0.69307},
    {"x":0.64356,
     "y":0.66667},
    {"x":0.64686,
     "y":0.64026},
    {"x":0.64686,
     "y":0.61386},
    {"x":0.64686,
     "y":0.58746},
    {"x":0.64026,
     "y":0.56106},
    {"x":0.63366,
     "y":0.53465},
    {"x":0.62376,
     "y":0.50825},
    {"x":0.61386,
     "y":0.48185},
    {"x":0.61386,
     "y":0.45545},
    {"x":0.61056,
     "y":0.42904},
    {"x":0.60726,
     "y":0.40264},
    {"x":0.60396,
     "y":0.37624},
    {"x":0.60066,
     "y":0.34983},
    {"x":0.59406,
     "y":0.32343},
    {"x":0.58746,
     "y":0.29703},
    {"x":0.58086,
     "y":0.27063},
    {"x":0.57096,
     "y":0.24422},
    {"x":0.56106,
     "y":0.21782},
    {"x":0.54785,
     "y":0.19142},
    {"x":0.53465,
     "y":0.16502},
    {"x":0.52145,
     "y":0.13861},
    {"x":0.50165,
     "y":0.11221},
    {"x":0.47855,
     "y":0.085809},
    {"x":0.50165,
     "y":0.066007},
    {"x":0.50165,
     "y":0.039604},
    {"x":0.47525,
     "y":0.023102},
    {"x":0.44884,
     "y":0.013201},
    {"x":0.42244,
     "y":0.0066007},
    {"x":0.39604,
     "y":0.0033003},
    {"x":0.36964,
     "y":0},
    {"x":0.34323,
     "y":0},
    {"x":0.31683,
     "y":0},
    {"x":0.29043,
     "y":0},
    {"x":0.26403,
     "y":0.0033003},
    {"x":0.23762,
     "y":0.0066007},
    {"x":0.21122,
     "y":0.013201},
    {"x":0.18482,
     "y":0.019802},
    {"x":0.15842,
     "y":0.033003},
    {"x":0.14521,
     "y":0.059406},
    {"x":0.17162,
     "y":0.082508},
    {"x":0.14851,
     "y":0.10891},
    {"x":0.12871,
     "y":0.13531},
    {"x":0.11221,
     "y":0.16172},
    {"x":0.09901,
     "y":0.18812},
    {"x":0.085809,
     "y":0.21452},
    {"x":0.075908,
     "y":0.24092},
    {"x":0.066007,
     "y":0.26733},
    {"x":0.059406,
     "y":0.29373},
    {"x":0.052805,
     "y":0.32013},
    {"x":0.046205,
     "y":0.34653},
    {"x":0.042904,
     "y":0.37294},
    {"x":0.039604,
     "y":0.39934},
    {"x":0.036304,
     "y":0.42574},
    {"x":0.033003,
     "y":0.45215},
    {"x":0.033003,
     "y":0.47855},
    {"x":0.029703,
     "y":0.48845}],
 "triangles":[
    {"p1":37,
     "p2":38,
     "p3":40},
    {"p1":14,
     "p2":26,
     "p3":27},
    {"p1":0,
     "p2":14,
     "p3":42},
    {"p1":38,
     "p2":39,
     "p3":40},
    {"p1":16,
     "p2":17,
     "p3":18},
    {"p1":14,
     "p2":25,
     "p3":26},
    {"p1":14,
     "p2":24,
     "p3":25},
    {"p1":14,
     "p2":22,
     "p3":23},
    {"p1":14,
     "p2":23,
     "p3":24},
    {"p1":14,
     "p2":21,
     "p3":22},
    {"p1":14,
     "p2":20,
     "p3":21},
    {"p1":16,
     "p2":18,
     "p3":19},
    {"p1":71,
     "p2":75,
     "p3":76},
    {"p1":71,
     "p2":74,
     "p3":75},
    {"p1":30,
     "p2":31,
     "p3":42},
    {"p1":33,
     "p2":34,
     "p3":42},
    {"p1":49,
     "p2":50,
     "p3":51},
    {"p1":48,
     "p2":49,
     "p3":51},
    {"p1":0,
     "p2":56,
     "p3":103},
    {"p1":0,
     "p2":1,
     "p3":14},
    {"p1":1,
     "p2":13,
     "p3":14},
    {"p1":1,
     "p2":9,
     "p3":13},
    {"p1":9,
     "p2":10,
     "p3":11},
    {"p1":9,
     "p2":11,
     "p3":13},
    {"p1":11,
     "p2":12,
     "p3":13},
    {"p1":34,
     "p2":35,
     "p3":42},
    {"p1":15,
     "p2":16,
     "p3":19},
    {"p1":14,
     "p2":15,
     "p3":20},
    {"p1":15,
     "p2":19,
     "p3":20},
    {"p1":71,
     "p2":77,
     "p3":78},
    {"p1":71,
     "p2":76,
     "p3":77},
    {"p1":68,
     "p2":89,
     "p3":90},
    {"p1":68,
     "p2":70,
     "p3":89},
    {"p1":70,
     "p2":71,
     "p3":89},
    {"p1":68,
     "p2":90,
     "p3":91},
    {"p1":68,
     "p2":91,
     "p3":92},
    {"p1":42,
     "p2":43,
     "p3":44},
    {"p1":14,
     "p2":27,
     "p3":28},
    {"p1":14,
     "p2":28,
     "p3":42},
    {"p1":31,
     "p2":32,
     "p3":42},
    {"p1":32,
     "p2":33,
     "p3":42},
    {"p1":42,
     "p2":44,
     "p3":55},
    {"p1":0,
     "p2":55,
     "p3":56},
    {"p1":0,
     "p2":42,
     "p3":55},
    {"p1":60,
     "p2":61,
     "p3":62},
    {"p1":59,
     "p2":60,
     "p3":100},
    {"p1":1,
     "p2":7,
     "p3":9},
    {"p1":71,
     "p2":88,
     "p3":89},
    {"p1":86,
     "p2":87,
     "p3":88},
    {"p1":68,
     "p2":69,
     "p3":70},
    {"p1":71,
     "p2":72,
     "p3":74},
    {"p1":72,
     "p2":73,
     "p3":74},
    {"p1":67,
     "p2":68,
     "p3":92},
    {"p1":66,
     "p2":67,
     "p3":94},
    {"p1":94,
     "p2":95,
     "p3":96},
    {"p1":37,
     "p2":40,
     "p3":41},
    {"p1":36,
     "p2":37,
     "p3":41},
    {"p1":35,
     "p2":41,
     "p3":42},
    {"p1":35,
     "p2":36,
     "p3":41},
    {"p1":45,
     "p2":46,
     "p3":47},
    {"p1":47,
     "p2":48,
     "p3":51},
    {"p1":44,
     "p2":45,
     "p3":47},
    {"p1":44,
     "p2":47,
     "p3":55},
    {"p1":29,
     "p2":30,
     "p3":42},
    {"p1":28,
     "p2":29,
     "p3":42},
    {"p1":56,
     "p2":58,
     "p3":103},
    {"p1":56,
     "p2":57,
     "p3":58},
    {"p1":51,
     "p2":52,
     "p3":53},
    {"p1":47,
     "p2":51,
     "p3":53},
    {"p1":53,
     "p2":54,
     "p3":55},
    {"p1":47,
     "p2":53,
     "p3":55},
    {"p1":60,
     "p2":62,
     "p3":99},
    {"p1":60,
     "p2":99,
     "p3":100},
    {"p1":1,
     "p2":5,
     "p3":7},
    {"p1":1,
     "p2":2,
     "p3":5},
    {"p1":5,
     "p2":6,
     "p3":7},
    {"p1":3,
     "p2":4,
     "p3":5},
    {"p1":2,
     "p2":3,
     "p3":5},
    {"p1":7,
     "p2":8,
     "p3":9},
    {"p1":71,
     "p2":80,
     "p3":88},
    {"p1":67,
     "p2":92,
     "p3":93},
    {"p1":67,
     "p2":93,
     "p3":94},
    {"p1":65,
     "p2":66,
     "p3":94},
    {"p1":65,
     "p2":94,
     "p3":96},
    {"p1":63,
     "p2":64,
     "p3":65},
    {"p1":63,
     "p2":65,
     "p3":96},
    {"p1":58,
     "p2":101,
     "p3":103},
    {"p1":59,
     "p2":100,
     "p3":101},
    {"p1":58,
     "p2":59,
     "p3":101},
    {"p1":62,
     "p2":97,
     "p3":99},
    {"p1":62,
     "p2":63,
     "p3":97},
    {"p1":63,
     "p2":96,
     "p3":97},
    {"p1":71,
     "p2":78,
     "p3":79},
    {"p1":71,
     "p2":79,
     "p3":80},
    {"p1":81,
     "p2":82,
     "p3":88},
    {"p1":80,
     "p2":81,
     "p3":88},
    {"p1":82,
     "p2":83,
     "p3":88},
    {"p1":83,
     "p2":84,
     "p3":88},
    {"p1":101,
     "p2":102,
     "p3":103},
    {"p1":97,
     "p2":98,
     "p3":99},
    {"p1":85,
     "p2":86,
     "p3":88},
    {"p1":84,
     "p2":85,
     "p3":88}]
}