{"points":[
    {"x":0.032864,
     "y":0.35446},
    {"x":0.032864,
     "y":0.38263},
    {"x":0.037559,
     "y":0.4108},
    {"x":0.044601,
     "y":0.43897},
    {"x":0.056338,
     "y":0.46714},
    {"x":0.030516,
     "y":0.46714},
    {"x":0.0023474,
     "y":0.46244},
    {"x":0,
     "y":0.48592},
    {"x":0.014085,
     "y":0.51408},
    {"x":0.042254,
     "y":0.52347},
    {"x":0.070423,
     "y":0.52582},
    {"x":0.096244,
     "y":0.53521},
    {"x":0.12207,
     "y":0.56338},
    {"x":0.1385,
     "y":0.59155},
    {"x":0.1338,
     "y":0.61972},
    {"x":0.14789,
     "y":0.64789},
    {"x":0.17371,
     "y":0.67136},
    {"x":0.15962,
     "y":0.69014},
    {"x":0.14789,
     "y":0.71831},
    {"x":0.16432,
     "y":0.74413},
    {"x":0.19249,
     "y":0.76291},
    {"x":0.22066,
     "y":0.77465},
    {"x":0.24883,
     "y":0.78169},
    {"x":0.277,
     "y":0.78873},
    {"x":0.30516,
     "y":0.79343},
    {"x":0.33333,
     "y":0.79812},
    {"x":0.3615,
     "y":0.80047},
    {"x":0.38967,
     "y":0.80282},
    {"x":0.41784,
     "y":0.80516},
    {"x":0.44601,
     "y":0.80516},
    {"x":0.47418,
     "y":0.80516},
    {"x":0.50235,
     "y":0.80516},
    {"x":0.53052,
     "y":0.80282},
    {"x":0.55869,
     "y":0.80047},
    {"x":0.58685,
     "y":0.79577},
    {"x":0.61502,
     "y":0.79108},
    {"x":0.64319,
     "y":0.78638},
    {"x":0.67136,
     "y":0.77934},
    {"x":0.69953,
     "y":0.76995},
    {"x":0.7277,
     "y":0.75822},
    {"x":0.75352,
     "y":0.73709},
    {"x":0.76291,
     "y":0.70892},
    {"x":0.74178,
     "y":0.6831},
    {"x":0.74648,
     "y":0.66432},
    {"x":0.76995,
     "y":0.6385},
    {"x":0.777,
     "y":0.61033},
    {"x":0.76995,
     "y":0.58216},
    {"x":0.79812,
     "y":0.55399},
    {"x":0.82394,
     "y":0.53756},
    {"x":0.85211,
     "y":0.53756},
    {"x":0.88028,
     "y":0.53286},
    {"x":0.90845,
     "y":0.52347},
    {"x":0.93662,
     "y":0.50469},
    {"x":0.96479,
     "y":0.47887},
    {"x":0.98357,
     "y":0.4507},
    {"x":0.99296,
     "y":0.42254},
    {"x":1,
     "y":0.39437},
    {"x":1,
     "y":0.3662},
    {"x":0.99531,
     "y":0.33803},
    {"x":0.98592,
     "y":0.30986},
    {"x":0.96714,
     "y":0.28169},
    {"x":0.94131,
     "y":0.25352},
    {"x":0.91315,
     "y":0.23474},
    {"x":0.88498,
     "y":0.22535},
    {"x":0.85681,
     "y":0.21831},
    {"x":0.83099,
     "y":0.21127},
    {"x":0.80986,
     "y":0.1831},
    {"x":0.78404,
     "y":0.15493},
    {"x":0.75587,
     "y":0.12911},
    {"x":0.7277,
     "y":0.11033},
    {"x":0.69953,
     "y":0.093897},
    {"x":0.67136,
     "y":0.079812},
    {"x":0.64319,
     "y":0.068075},
    {"x":0.62441,
     "y":0.039906},
    {"x":0.59624,
     "y":0.023474},
    {"x":0.56808,
     "y":0.014085},
    {"x":0.53991,
     "y":0.0070423},
    {"x":0.51174,
     "y":0.0046948},
    {"x":0.48357,
     "y":0},
    {"x":0.4554,
     "y":0},
    {"x":0.42723,
     "y":0},
    {"x":0.39906,
     "y":0.0023474},
    {"x":0.37089,
     "y":0.0070423},
    {"x":0.34272,
     "y":0.011737},
    {"x":0.31455,
     "y":0.021127},
    {"x":0.28638,
     "y":0.032864},
    {"x":0.26291,
     "y":0.058685},
    {"x":0.24413,
     "y":0.077465},
    {"x":0.21596,
     "y":0.091549},
    {"x":0.18779,
     "y":0.10798},
    {"x":0.15962,
     "y":0.12676},
    {"x":0.13146,
     "y":0.15023},
    {"x":0.10329,
     "y":0.1784},
    {"x":0.08216,
     "y":0.20657},
    {"x":0.06338,
     "y":0.23474},
    {"x":0.035211,
     "y":0.23944},
    {"x":0.0093897,
     "y":0.25117},
    {"x":0,
     "y":0.27934},
    {"x":0.021127,
     "y":0.29108},
    {"x":0.042254,
     "y":0.29577},
    {"x":0.035211,
     "y":0.32394},
    {"x":0.032864,
     "y":0.35211},
    {"x":0.032864,
     "y":0.35446}],
 "triangles":[
    {"p1":12,
     "p2":46,
     "p3":72},
    {"p1":12,
     "p2":72,
     "p3":87},
    {"p1":16,
     "p2":24,
     "p3":25},
    {"p1":16,
     "p2":20,
     "p3":21},
    {"p1":46,
     "p2":67,
     "p3":69},
    {"p1":46,
     "p2":69,
     "p3":70},
    {"p1":46,
     "p2":71,
     "p3":72},
    {"p1":46,
     "p2":70,
     "p3":71},
    {"p1":29,
     "p2":30,
     "p3":46},
    {"p1":16,
     "p2":21,
     "p3":22},
    {"p1":96,
     "p2":97,
     "p3":98},
    {"p1":95,
     "p2":96,
     "p3":98},
    {"p1":55,
     "p2":57,
     "p3":58},
    {"p1":55,
     "p2":56,
     "p3":57},
    {"p1":52,
     "p2":53,
     "p3":55},
    {"p1":53,
     "p2":54,
     "p3":55},
    {"p1":80,
     "p2":81,
     "p3":87},
    {"p1":72,
     "p2":79,
     "p3":87},
    {"p1":79,
     "p2":80,
     "p3":87},
    {"p1":72,
     "p2":77,
     "p3":79},
    {"p1":77,
     "p2":78,
     "p3":79},
    {"p1":12,
     "p2":13,
     "p3":46},
    {"p1":13,
     "p2":29,
     "p3":46},
    {"p1":13,
     "p2":28,
     "p3":29},
    {"p1":13,
     "p2":27,
     "p3":28},
    {"p1":13,
     "p2":16,
     "p3":27},
    {"p1":43,
     "p2":44,
     "p3":46},
    {"p1":44,
     "p2":45,
     "p3":46},
    {"p1":30,
     "p2":31,
     "p3":46},
    {"p1":31,
     "p2":32,
     "p3":46},
    {"p1":33,
     "p2":43,
     "p3":46},
    {"p1":32,
     "p2":33,
     "p3":46},
    {"p1":33,
     "p2":34,
     "p3":43},
    {"p1":16,
     "p2":25,
     "p3":26},
    {"p1":16,
     "p2":26,
     "p3":27},
    {"p1":16,
     "p2":23,
     "p3":24},
    {"p1":16,
     "p2":22,
     "p3":23},
    {"p1":12,
     "p2":87,
     "p3":88},
    {"p1":12,
     "p2":88,
     "p3":89},
    {"p1":12,
     "p2":90,
     "p3":91},
    {"p1":12,
     "p2":89,
     "p3":90},
    {"p1":12,
     "p2":91,
     "p3":93},
    {"p1":4,
     "p2":12,
     "p3":93},
    {"p1":4,
     "p2":11,
     "p3":12},
    {"p1":4,
     "p2":10,
     "p3":11},
    {"p1":4,
     "p2":9,
     "p3":10},
    {"p1":5,
     "p2":6,
     "p3":7},
    {"p1":5,
     "p2":7,
     "p3":8},
    {"p1":5,
     "p2":8,
     "p3":9},
    {"p1":4,
     "p2":5,
     "p3":9},
    {"p1":0,
     "p2":1,
     "p3":2},
    {"p1":2,
     "p2":3,
     "p3":4},
    {"p1":81,
     "p2":82,
     "p3":87},
    {"p1":13,
     "p2":15,
     "p3":16},
    {"p1":13,
     "p2":14,
     "p3":15},
    {"p1":67,
     "p2":68,
     "p3":69},
    {"p1":52,
     "p2":55,
     "p3":63},
    {"p1":48,
     "p2":63,
     "p3":64},
    {"p1":72,
     "p2":73,
     "p3":74},
    {"p1":72,
     "p2":74,
     "p3":75},
    {"p1":50,
     "p2":51,
     "p3":52},
    {"p1":46,
     "p2":47,
     "p3":67},
    {"p1":47,
     "p2":66,
     "p3":67},
    {"p1":48,
     "p2":64,
     "p3":65},
    {"p1":47,
     "p2":65,
     "p3":66},
    {"p1":47,
     "p2":48,
     "p3":65},
    {"p1":4,
     "p2":93,
     "p3":99},
    {"p1":93,
     "p2":94,
     "p3":99},
    {"p1":99,
     "p2":100,
     "p3":101},
    {"p1":0,
     "p2":99,
     "p3":101},
    {"p1":2,
     "p2":4,
     "p3":99},
    {"p1":0,
     "p2":2,
     "p3":99},
    {"p1":95,
     "p2":98,
     "p3":99},
    {"p1":94,
     "p2":95,
     "p3":99},
    {"p1":91,
     "p2":92,
     "p3":93},
    {"p1":17,
     "p2":18,
     "p3":19},
    {"p1":17,
     "p2":19,
     "p3":20},
    {"p1":16,
     "p2":17,
     "p3":20},
    {"p1":61,
     "p2":62,
     "p3":63},
    {"p1":60,
     "p2":61,
     "p3":63},
    {"p1":58,
     "p2":59,
     "p3":60},
    {"p1":55,
     "p2":58,
     "p3":60},
    {"p1":55,
     "p2":60,
     "p3":63},
    {"p1":49,
     "p2":52,
     "p3":63},
    {"p1":48,
     "p2":49,
     "p3":63},
    {"p1":49,
     "p2":50,
     "p3":52},
    {"p1":72,
     "p2":76,
     "p3":77},
    {"p1":72,
     "p2":75,
     "p3":76},
    {"p1":34,
     "p2":35,
     "p3":43},
    {"p1":35,
     "p2":42,
     "p3":43},
    {"p1":40,
     "p2":41,
     "p3":42},
    {"p1":39,
     "p2":40,
     "p3":42},
    {"p1":84,
     "p2":85,
     "p3":86},
    {"p1":83,
     "p2":84,
     "p3":86},
    {"p1":82,
     "p2":86,
     "p3":87},
    {"p1":82,
     "p2":83,
     "p3":86},
    {"p1":38,
     "p2":39,
     "p3":42},
    {"p1":37,
     "p2":38,
     "p3":42},
    {"p1":36,
     "p2":37,
     "p3":42},
    {"p1":35,
     "p2":36,
     "p3":42}]
}