{"points":[
    {"x":0,
     "y":0.55607},
    {"x":0,
     "y":0.58411},
    {"x":0.0023364,
     "y":0.61215},
    {"x":0.0046729,
     "y":0.64019},
    {"x":0.0070093,
     "y":0.66822},
    {"x":0.011682,
     "y":0.69626},
    {"x":0.018692,
     "y":0.7243},
    {"x":0.023364,
     "y":0.75234},
    {"x":0.03271,
     "y":0.78037},
    {"x":0.044393,
     "y":0.80841},
    {"x":0.063084,
     "y":0.83645},
    {"x":0.091121,
     "y":0.84813},
    {"x":0.11682,
     "y":0.83178},
    {"x":0.13551,
     "y":0.8271},
    {"x":0.16121,
     "y":0.8528},
    {"x":0.18925,
     "y":0.86215},
    {"x":0.21729,
     "y":0.85514},
    {"x":0.24533,
     "y":0.8785},
    {"x":0.27336,
     "y":0.90187},
    {"x":0.27804,
     "y":0.92991},
    {"x":0.28037,
     "y":0.95794},
    {"x":0.29439,
     "y":0.98598},
    {"x":0.32243,
     "y":1},
    {"x":0.34112,
     "y":0.98832},
    {"x":0.33411,
     "y":0.96028},
    {"x":0.34112,
     "y":0.94159},
    {"x":0.36916,
     "y":0.95327},
    {"x":0.3972,
     "y":0.95794},
    {"x":0.42523,
     "y":0.96262},
    {"x":0.45327,
     "y":0.96262},
    {"x":0.48131,
     "y":0.96028},
    {"x":0.50935,
     "y":0.95327},
    {"x":0.51168,
     "y":0.97664},
    {"x":0.5257,
     "y":0.99766},
    {"x":0.55374,
     "y":0.98364},
    {"x":0.56542,
     "y":0.95794},
    {"x":0.57009,
     "y":0.92991},
    {"x":0.59813,
     "y":0.91121},
    {"x":0.62617,
     "y":0.89019},
    {"x":0.65421,
     "y":0.86215},
    {"x":0.67757,
     "y":0.83411},
    {"x":0.69626,
     "y":0.80607},
    {"x":0.71262,
     "y":0.77804},
    {"x":0.72664,
     "y":0.75},
    {"x":0.74533,
     "y":0.73131},
    {"x":0.76869,
     "y":0.70794},
    {"x":0.78271,
     "y":0.67991},
    {"x":0.78972,
     "y":0.65187},
    {"x":0.79439,
     "y":0.62383},
    {"x":0.79907,
     "y":0.59579},
    {"x":0.8014,
     "y":0.56776},
    {"x":0.8014,
     "y":0.53972},
    {"x":0.8014,
     "y":0.51168},
    {"x":0.79673,
     "y":0.48364},
    {"x":0.79206,
     "y":0.45561},
    {"x":0.78738,
     "y":0.42757},
    {"x":0.7757,
     "y":0.39953},
    {"x":0.75935,
     "y":0.3715},
    {"x":0.73364,
     "y":0.3528},
    {"x":0.72196,
     "y":0.32477},
    {"x":0.70794,
     "y":0.29673},
    {"x":0.68925,
     "y":0.26869},
    {"x":0.67056,
     "y":0.24065},
    {"x":0.64486,
     "y":0.21262},
    {"x":0.61682,
     "y":0.18692},
    {"x":0.58879,
     "y":0.16589},
    {"x":0.58411,
     "y":0.14019},
    {"x":0.5771,
     "y":0.11215},
    {"x":0.56542,
     "y":0.084112},
    {"x":0.54673,
     "y":0.056075},
    {"x":0.51869,
     "y":0.030374},
    {"x":0.49065,
     "y":0.014019},
    {"x":0.46262,
     "y":0.0046729},
    {"x":0.43458,
     "y":0},
    {"x":0.40654,
     "y":0},
    {"x":0.3785,
     "y":0.0070093},
    {"x":0.35047,
     "y":0.018692},
    {"x":0.32243,
     "y":0.037383},
    {"x":0.29673,
     "y":0.065421},
    {"x":0.28037,
     "y":0.093458},
    {"x":0.27103,
     "y":0.1215},
    {"x":0.26636,
     "y":0.14953},
    {"x":0.26636,
     "y":0.17757},
    {"x":0.24766,
     "y":0.20327},
    {"x":0.21963,
     "y":0.23131},
    {"x":0.19159,
     "y":0.22196},
    {"x":0.16355,
     "y":0.23131},
    {"x":0.13785,
     "y":0.25467},
    {"x":0.11916,
     "y":0.25467},
    {"x":0.093458,
     "y":0.23598},
    {"x":0.065421,
     "y":0.24766},
    {"x":0.046729,
     "y":0.27336},
    {"x":0.035047,
     "y":0.3014},
    {"x":0.025701,
     "y":0.32944},
    {"x":0.018692,
     "y":0.35748},
    {"x":0.011682,
     "y":0.38551},
    {"x":0.0093458,
     "y":0.41355},
    {"x":0.0046729,
     "y":0.44159},
    {"x":0.0023364,
     "y":0.46963},
    {"x":0,
     "y":0.49766},
    {"x":0,
     "y":0.5257},
    {"x":0,
     "y":0.55374},
    {"x":0,
     "y":0.55607}],
 "triangles":[
    {"p1":9,
     "p2":10,
     "p3":12},
    {"p1":8,
     "p2":9,
     "p3":12},
    {"p1":7,
     "p2":8,
     "p3":13},
    {"p1":8,
     "p2":12,
     "p3":13},
    {"p1":5,
     "p2":6,
     "p3":13},
    {"p1":6,
     "p2":7,
     "p3":13},
    {"p1":84,
     "p2":97,
     "p3":98},
    {"p1":76,
     "p2":77,
     "p3":78},
    {"p1":76,
     "p2":78,
     "p3":80},
    {"p1":84,
     "p2":87,
     "p3":97},
    {"p1":87,
     "p2":96,
     "p3":97},
    {"p1":10,
     "p2":11,
     "p3":12},
    {"p1":4,
     "p2":5,
     "p3":13},
    {"p1":3,
     "p2":4,
     "p3":13},
    {"p1":2,
     "p2":13,
     "p3":16},
    {"p1":2,
     "p2":3,
     "p3":13},
    {"p1":25,
     "p2":27,
     "p3":31},
    {"p1":84,
     "p2":100,
     "p3":101},
    {"p1":0,
     "p2":16,
     "p3":101},
    {"p1":16,
     "p2":84,
     "p3":101},
    {"p1":84,
     "p2":98,
     "p3":99},
    {"p1":84,
     "p2":99,
     "p3":100},
    {"p1":87,
     "p2":95,
     "p3":96},
    {"p1":87,
     "p2":94,
     "p3":95},
    {"p1":73,
     "p2":74,
     "p3":75},
    {"p1":78,
     "p2":79,
     "p3":80},
    {"p1":72,
     "p2":75,
     "p3":76},
    {"p1":72,
     "p2":76,
     "p3":80},
    {"p1":72,
     "p2":73,
     "p3":75},
    {"p1":67,
     "p2":72,
     "p3":80},
    {"p1":61,
     "p2":62,
     "p3":63},
    {"p1":51,
     "p2":52,
     "p3":53},
    {"p1":13,
     "p2":14,
     "p3":16},
    {"p1":18,
     "p2":19,
     "p3":25},
    {"p1":21,
     "p2":22,
     "p3":24},
    {"p1":22,
     "p2":23,
     "p3":24},
    {"p1":19,
     "p2":24,
     "p3":25},
    {"p1":27,
     "p2":28,
     "p3":29},
    {"p1":27,
     "p2":29,
     "p3":31},
    {"p1":29,
     "p2":30,
     "p3":31},
    {"p1":32,
     "p2":33,
     "p3":34},
    {"p1":31,
     "p2":32,
     "p3":34},
    {"p1":16,
     "p2":17,
     "p3":42},
    {"p1":59,
     "p2":61,
     "p3":84},
    {"p1":0,
     "p2":1,
     "p3":16},
    {"p1":1,
     "p2":2,
     "p3":16},
    {"p1":88,
     "p2":89,
     "p3":90},
    {"p1":88,
     "p2":90,
     "p3":91},
    {"p1":88,
     "p2":91,
     "p3":92},
    {"p1":84,
     "p2":86,
     "p3":87},
    {"p1":84,
     "p2":85,
     "p3":86},
    {"p1":65,
     "p2":82,
     "p3":83},
    {"p1":64,
     "p2":65,
     "p3":83},
    {"p1":63,
     "p2":64,
     "p3":83},
    {"p1":61,
     "p2":83,
     "p3":84},
    {"p1":61,
     "p2":63,
     "p3":83},
    {"p1":65,
     "p2":66,
     "p3":82},
    {"p1":66,
     "p2":67,
     "p3":82},
    {"p1":67,
     "p2":80,
     "p3":81},
    {"p1":67,
     "p2":81,
     "p3":82},
    {"p1":70,
     "p2":71,
     "p3":72},
    {"p1":56,
     "p2":57,
     "p3":58},
    {"p1":51,
     "p2":53,
     "p3":58},
    {"p1":16,
     "p2":58,
     "p3":84},
    {"p1":58,
     "p2":59,
     "p3":84},
    {"p1":20,
     "p2":21,
     "p3":24},
    {"p1":19,
     "p2":20,
     "p3":24},
    {"p1":25,
     "p2":26,
     "p3":27},
    {"p1":44,
     "p2":45,
     "p3":46},
    {"p1":59,
     "p2":60,
     "p3":61},
    {"p1":88,
     "p2":92,
     "p3":93},
    {"p1":87,
     "p2":93,
     "p3":94},
    {"p1":87,
     "p2":88,
     "p3":93},
    {"p1":67,
     "p2":68,
     "p3":72},
    {"p1":68,
     "p2":70,
     "p3":72},
    {"p1":54,
     "p2":55,
     "p3":56},
    {"p1":54,
     "p2":56,
     "p3":58},
    {"p1":53,
     "p2":54,
     "p3":58},
    {"p1":16,
     "p2":42,
     "p3":43},
    {"p1":16,
     "p2":43,
     "p3":58},
    {"p1":43,
     "p2":51,
     "p3":58},
    {"p1":43,
     "p2":50,
     "p3":51},
    {"p1":43,
     "p2":49,
     "p3":50},
    {"p1":14,
     "p2":15,
     "p3":16},
    {"p1":44,
     "p2":46,
     "p3":47},
    {"p1":31,
     "p2":34,
     "p3":35},
    {"p1":31,
     "p2":35,
     "p3":36},
    {"p1":31,
     "p2":36,
     "p3":37},
    {"p1":25,
     "p2":31,
     "p3":37},
    {"p1":18,
     "p2":25,
     "p3":37},
    {"p1":68,
     "p2":69,
     "p3":70},
    {"p1":17,
     "p2":41,
     "p3":42},
    {"p1":17,
     "p2":40,
     "p3":41},
    {"p1":17,
     "p2":39,
     "p3":40},
    {"p1":17,
     "p2":18,
     "p3":39},
    {"p1":18,
     "p2":37,
     "p3":39},
    {"p1":37,
     "p2":38,
     "p3":39},
    {"p1":43,
     "p2":44,
     "p3":48},
    {"p1":44,
     "p2":47,
     "p3":48},
    {"p1":43,
     "p2":48,
     "p3":49}]
}