{"points":[
    {"x":0,
     "y":0.30827},
    {"x":0.0025063,
     "y":0.33083},
    {"x":0.0025063,
     "y":0.35338},
    {"x":0.0075188,
     "y":0.37594},
    {"x":0.010025,
     "y":0.3985},
    {"x":0.02005,
     "y":0.42105},
    {"x":0.037594,
     "y":0.44361},
    {"x":0.055138,
     "y":0.46366},
    {"x":0.077694,
     "y":0.47118},
    {"x":0.10025,
     "y":0.47368},
    {"x":0.12281,
     "y":0.47118},
    {"x":0.14536,
     "y":0.45865},
    {"x":0.16541,
     "y":0.4411},
    {"x":0.18797,
     "y":0.43609},
    {"x":0.20802,
     "y":0.43609},
    {"x":0.22055,
     "y":0.45865},
    {"x":0.23058,
     "y":0.4812},
    {"x":0.24311,
     "y":0.50376},
    {"x":0.25815,
     "y":0.52632},
    {"x":0.2782,
     "y":0.54887},
    {"x":0.30075,
     "y":0.56391},
    {"x":0.32331,
     "y":0.58145},
    {"x":0.34586,
     "y":0.59148},
    {"x":0.36842,
     "y":0.60401},
    {"x":0.39098,
     "y":0.61404},
    {"x":0.41353,
     "y":0.62155},
    {"x":0.43609,
     "y":0.62406},
    {"x":0.45865,
     "y":0.62657},
    {"x":0.4812,
     "y":0.62657},
    {"x":0.50376,
     "y":0.62657},
    {"x":0.52632,
     "y":0.62657},
    {"x":0.54887,
     "y":0.62406},
    {"x":0.57143,
     "y":0.61905},
    {"x":0.59398,
     "y":0.61153},
    {"x":0.61654,
     "y":0.6015},
    {"x":0.6391,
     "y":0.59148},
    {"x":0.66165,
     "y":0.58396},
    {"x":0.68421,
     "y":0.57393},
    {"x":0.70677,
     "y":0.56391},
    {"x":0.72932,
     "y":0.55138},
    {"x":0.75188,
     "y":0.53885},
    {"x":0.77444,
     "y":0.52632},
    {"x":0.79699,
     "y":0.51378},
    {"x":0.81955,
     "y":0.49875},
    {"x":0.84211,
     "y":0.48371},
    {"x":0.86466,
     "y":0.46617},
    {"x":0.88722,
     "y":0.46617},
    {"x":0.90977,
     "y":0.4812},
    {"x":0.93233,
     "y":0.4812},
    {"x":0.95489,
     "y":0.46617},
    {"x":0.97243,
     "y":0.44361},
    {"x":0.98246,
     "y":0.42105},
    {"x":0.98747,
     "y":0.3985},
    {"x":0.99248,
     "y":0.37594},
    {"x":0.99749,
     "y":0.35338},
    {"x":1,
     "y":0.33083},
    {"x":1,
     "y":0.30827},
    {"x":1,
     "y":0.28571},
    {"x":0.99248,
     "y":0.26316},
    {"x":0.97494,
     "y":0.2406},
    {"x":0.96491,
     "y":0.21805},
    {"x":0.94486,
     "y":0.19799},
    {"x":0.92231,
     "y":0.18797},
    {"x":0.89975,
     "y":0.19048},
    {"x":0.87719,
     "y":0.2005},
    {"x":0.85965,
     "y":0.19048},
    {"x":0.8396,
     "y":0.16792},
    {"x":0.81955,
     "y":0.14787},
    {"x":0.79699,
     "y":0.12782},
    {"x":0.77444,
     "y":0.11278},
    {"x":0.75188,
     "y":0.092732},
    {"x":0.72932,
     "y":0.075188},
    {"x":0.70677,
     "y":0.062657},
    {"x":0.68421,
     "y":0.050125},
    {"x":0.66165,
     "y":0.037594},
    {"x":0.6391,
     "y":0.027569},
    {"x":0.61654,
     "y":0.017544},
    {"x":0.59398,
     "y":0.0075188},
    {"x":0.57143,
     "y":0.0050125},
    {"x":0.54887,
     "y":0},
    {"x":0.52632,
     "y":0},
    {"x":0.50376,
     "y":0},
    {"x":0.4812,
     "y":0},
    {"x":0.45865,
     "y":0},
    {"x":0.43609,
     "y":0.0025063},
    {"x":0.41353,
     "y":0.0075188},
    {"x":0.39098,
     "y":0.012531},
    {"x":0.36842,
     "y":0.02005},
    {"x":0.34586,
     "y":0.027569},
    {"x":0.32331,
     "y":0.042607},
    {"x":0.30075,
     "y":0.057644},
    {"x":0.2782,
     "y":0.070175},
    {"x":0.25815,
     "y":0.092732},
    {"x":0.24311,
     "y":0.11529},
    {"x":0.23308,
     "y":0.13784},
    {"x":0.22055,
     "y":0.1604},
    {"x":0.20551,
     "y":0.16792},
    {"x":0.18296,
     "y":0.16541},
    {"x":0.16291,
     "y":0.15288},
    {"x":0.14035,
     "y":0.13283},
    {"x":0.11779,
     "y":0.12782},
    {"x":0.095238,
     "y":0.13033},
    {"x":0.072682,
     "y":0.14035},
    {"x":0.050125,
     "y":0.15539},
    {"x":0.035088,
     "y":0.17794},
    {"x":0.017544,
     "y":0.2005},
    {"x":0.010025,
     "y":0.22306},
    {"x":0.0075188,
     "y":0.24561},
    {"x":0,
     "y":0.26817},
    {"x":0,
     "y":0.29073},
    {"x":0,
     "y":0.30827}],
 "triangles":[
    {"p1":46,
     "p2":49,
     "p3":50},
    {"p1":3,
     "p2":4,
     "p3":5},
    {"p1":35,
     "p2":75,
     "p3":81},
    {"p1":14,
     "p2":15,
     "p3":95},
    {"p1":104,
     "p2":105,
     "p3":106},
    {"p1":104,
     "p2":106,
     "p3":107},
    {"p1":46,
     "p2":51,
     "p3":52},
    {"p1":46,
     "p2":50,
     "p3":51},
    {"p1":102,
     "p2":103,
     "p3":104},
    {"p1":0,
     "p2":97,
     "p3":109},
    {"p1":97,
     "p2":107,
     "p3":109},
    {"p1":107,
     "p2":108,
     "p3":109},
    {"p1":14,
     "p2":95,
     "p3":96},
    {"p1":13,
     "p2":96,
     "p3":97},
    {"p1":13,
     "p2":14,
     "p3":96},
    {"p1":56,
     "p2":57,
     "p3":58},
    {"p1":56,
     "p2":58,
     "p3":59},
    {"p1":39,
     "p2":40,
     "p3":69},
    {"p1":35,
     "p2":37,
     "p3":72},
    {"p1":46,
     "p2":52,
     "p3":53},
    {"p1":54,
     "p2":55,
     "p3":64},
    {"p1":55,
     "p2":56,
     "p3":64},
    {"p1":56,
     "p2":59,
     "p3":64},
    {"p1":59,
     "p2":60,
     "p3":64},
    {"p1":6,
     "p2":7,
     "p3":8},
    {"p1":15,
     "p2":22,
     "p3":28},
    {"p1":35,
     "p2":36,
     "p3":37},
    {"p1":75,
     "p2":80,
     "p3":81},
    {"p1":75,
     "p2":78,
     "p3":80},
    {"p1":78,
     "p2":79,
     "p3":80},
    {"p1":98,
     "p2":102,
     "p3":104},
    {"p1":98,
     "p2":100,
     "p3":101},
    {"p1":98,
     "p2":101,
     "p3":102},
    {"p1":97,
     "p2":98,
     "p3":107},
    {"p1":98,
     "p2":104,
     "p3":107},
    {"p1":15,
     "p2":82,
     "p3":95},
    {"p1":15,
     "p2":81,
     "p3":82},
    {"p1":82,
     "p2":83,
     "p3":84},
    {"p1":1,
     "p2":2,
     "p3":3},
    {"p1":37,
     "p2":38,
     "p3":69},
    {"p1":38,
     "p2":39,
     "p3":69},
    {"p1":37,
     "p2":69,
     "p3":70},
    {"p1":37,
     "p2":70,
     "p3":72},
    {"p1":35,
     "p2":73,
     "p3":75},
    {"p1":35,
     "p2":72,
     "p3":73},
    {"p1":43,
     "p2":44,
     "p3":65},
    {"p1":67,
     "p2":68,
     "p3":69},
    {"p1":60,
     "p2":61,
     "p3":63},
    {"p1":60,
     "p2":63,
     "p3":64},
    {"p1":26,
     "p2":27,
     "p3":28},
    {"p1":22,
     "p2":26,
     "p3":28},
    {"p1":24,
     "p2":25,
     "p3":26},
    {"p1":44,
     "p2":45,
     "p3":65},
    {"p1":45,
     "p2":64,
     "p3":65},
    {"p1":45,
     "p2":54,
     "p3":64},
    {"p1":45,
     "p2":53,
     "p3":54},
    {"p1":45,
     "p2":46,
     "p3":53},
    {"p1":1,
     "p2":3,
     "p3":12},
    {"p1":3,
     "p2":5,
     "p3":12},
    {"p1":0,
     "p2":1,
     "p3":12},
    {"p1":5,
     "p2":6,
     "p3":12},
    {"p1":6,
     "p2":11,
     "p3":12},
    {"p1":0,
     "p2":12,
     "p3":97},
    {"p1":12,
     "p2":13,
     "p3":97},
    {"p1":6,
     "p2":9,
     "p3":11},
    {"p1":6,
     "p2":8,
     "p3":9},
    {"p1":9,
     "p2":10,
     "p3":11},
    {"p1":15,
     "p2":34,
     "p3":81},
    {"p1":34,
     "p2":35,
     "p3":81},
    {"p1":29,
     "p2":32,
     "p3":33},
    {"p1":29,
     "p2":33,
     "p3":34},
    {"p1":29,
     "p2":30,
     "p3":31},
    {"p1":29,
     "p2":31,
     "p3":32},
    {"p1":15,
     "p2":28,
     "p3":29},
    {"p1":15,
     "p2":29,
     "p3":34},
    {"p1":75,
     "p2":76,
     "p3":78},
    {"p1":76,
     "p2":77,
     "p3":78},
    {"p1":82,
     "p2":84,
     "p3":85},
    {"p1":70,
     "p2":71,
     "p3":72},
    {"p1":73,
     "p2":74,
     "p3":75},
    {"p1":40,
     "p2":41,
     "p3":69},
    {"p1":41,
     "p2":67,
     "p3":69},
    {"p1":61,
     "p2":62,
     "p3":63},
    {"p1":22,
     "p2":23,
     "p3":26},
    {"p1":23,
     "p2":24,
     "p3":26},
    {"p1":20,
     "p2":21,
     "p3":22},
    {"p1":18,
     "p2":19,
     "p3":20},
    {"p1":17,
     "p2":18,
     "p3":20},
    {"p1":16,
     "p2":17,
     "p3":20},
    {"p1":15,
     "p2":16,
     "p3":20},
    {"p1":15,
     "p2":20,
     "p3":22},
    {"p1":87,
     "p2":88,
     "p3":89},
    {"p1":85,
     "p2":86,
     "p3":87},
    {"p1":85,
     "p2":87,
     "p3":89},
    {"p1":90,
     "p2":91,
     "p3":92},
    {"p1":90,
     "p2":92,
     "p3":93},
    {"p1":98,
     "p2":99,
     "p3":100},
    {"p1":90,
     "p2":93,
     "p3":94},
    {"p1":89,
     "p2":90,
     "p3":94},
    {"p1":85,
     "p2":89,
     "p3":94},
    {"p1":82,
     "p2":94,
     "p3":95},
    {"p1":82,
     "p2":85,
     "p3":94},
    {"p1":42,
     "p2":43,
     "p3":65},
    {"p1":42,
     "p2":65,
     "p3":66},
    {"p1":41,
     "p2":66,
     "p3":67},
    {"p1":41,
     "p2":42,
     "p3":66},
    {"p1":47,
     "p2":48,
     "p3":49},
    {"p1":46,
     "p2":47,
     "p3":49}]
}