{"points":[
    {"x":0,
     "y":0.30827},
    {"x":0,
     "y":0.33083},
    {"x":0.0025063,
     "y":0.35338},
    {"x":0.0075188,
     "y":0.37594},
    {"x":0.012531,
     "y":0.3985},
    {"x":0.017544,
     "y":0.42105},
    {"x":0.027569,
     "y":0.44361},
    {"x":0.045113,
     "y":0.46617},
    {"x":0.067669,
     "y":0.4812},
    {"x":0.090226,
     "y":0.4812},
    {"x":0.11278,
     "y":0.46617},
    {"x":0.13534,
     "y":0.46617},
    {"x":0.15789,
     "y":0.48371},
    {"x":0.18045,
     "y":0.49875},
    {"x":0.20301,
     "y":0.51378},
    {"x":0.22556,
     "y":0.52632},
    {"x":0.24812,
     "y":0.53885},
    {"x":0.27068,
     "y":0.55138},
    {"x":0.29323,
     "y":0.56391},
    {"x":0.31579,
     "y":0.57393},
    {"x":0.33835,
     "y":0.58396},
    {"x":0.3609,
     "y":0.59148},
    {"x":0.38346,
     "y":0.6015},
    {"x":0.40602,
     "y":0.61153},
    {"x":0.42857,
     "y":0.61905},
    {"x":0.45113,
     "y":0.62406},
    {"x":0.47368,
     "y":0.62657},
    {"x":0.49624,
     "y":0.62657},
    {"x":0.5188,
     "y":0.62657},
    {"x":0.54135,
     "y":0.62657},
    {"x":0.56391,
     "y":0.62406},
    {"x":0.58647,
     "y":0.62155},
    {"x":0.60902,
     "y":0.61404},
    {"x":0.63158,
     "y":0.60401},
    {"x":0.65414,
     "y":0.59148},
    {"x":0.67669,
     "y":0.58145},
    {"x":0.69925,
     "y":0.56391},
    {"x":0.7218,
     "y":0.54887},
    {"x":0.74185,
     "y":0.52632},
    {"x":0.75689,
     "y":0.50376},
    {"x":0.76942,
     "y":0.4812},
    {"x":0.77945,
     "y":0.45865},
    {"x":0.79198,
     "y":0.43609},
    {"x":0.81203,
     "y":0.43609},
    {"x":0.83459,
     "y":0.4411},
    {"x":0.85464,
     "y":0.45865},
    {"x":0.87719,
     "y":0.47118},
    {"x":0.89975,
     "y":0.47368},
    {"x":0.92231,
     "y":0.47118},
    {"x":0.94486,
     "y":0.46366},
    {"x":0.96241,
     "y":0.44361},
    {"x":0.97995,
     "y":0.42105},
    {"x":0.98997,
     "y":0.3985},
    {"x":0.99248,
     "y":0.37594},
    {"x":0.99749,
     "y":0.35338},
    {"x":0.99749,
     "y":0.33083},
    {"x":1,
     "y":0.30827},
    {"x":1,
     "y":0.28571},
    {"x":1,
     "y":0.26316},
    {"x":0.99248,
     "y":0.2406},
    {"x":0.98997,
     "y":0.21805},
    {"x":0.97995,
     "y":0.19549},
    {"x":0.96241,
     "y":0.17293},
    {"x":0.94486,
     "y":0.15288},
    {"x":0.92231,
     "y":0.13784},
    {"x":0.89975,
     "y":0.13033},
    {"x":0.87719,
     "y":0.13033},
    {"x":0.85464,
     "y":0.13534},
    {"x":0.83459,
     "y":0.15789},
    {"x":0.81203,
     "y":0.16541},
    {"x":0.78947,
     "y":0.17043},
    {"x":0.77694,
     "y":0.15539},
    {"x":0.76692,
     "y":0.13283},
    {"x":0.75439,
     "y":0.11028},
    {"x":0.73684,
     "y":0.087719},
    {"x":0.71679,
     "y":0.065163},
    {"x":0.69424,
     "y":0.055138},
    {"x":0.67168,
     "y":0.0401},
    {"x":0.64912,
     "y":0.025063},
    {"x":0.62657,
     "y":0.017544},
    {"x":0.60401,
     "y":0.010025},
    {"x":0.58145,
     "y":0.0075188},
    {"x":0.5589,
     "y":0.0025063},
    {"x":0.53634,
     "y":0},
    {"x":0.51378,
     "y":0},
    {"x":0.49123,
     "y":0},
    {"x":0.46867,
     "y":0},
    {"x":0.44612,
     "y":0},
    {"x":0.42356,
     "y":0.0050125},
    {"x":0.401,
     "y":0.0075188},
    {"x":0.37845,
     "y":0.017544},
    {"x":0.35589,
     "y":0.032581},
    {"x":0.33333,
     "y":0.0401},
    {"x":0.31078,
     "y":0.052632},
    {"x":0.28822,
     "y":0.065163},
    {"x":0.26566,
     "y":0.077694},
    {"x":0.24311,
     "y":0.097744},
    {"x":0.22055,
     "y":0.11529},
    {"x":0.19799,
     "y":0.13283},
    {"x":0.17544,
     "y":0.15288},
    {"x":0.15539,
     "y":0.17293},
    {"x":0.13784,
     "y":0.19549},
    {"x":0.11779,
     "y":0.19549},
    {"x":0.095238,
     "y":0.18797},
    {"x":0.072682,
     "y":0.18797},
    {"x":0.050125,
     "y":0.2005},
    {"x":0.032581,
     "y":0.22306},
    {"x":0.02005,
     "y":0.24561},
    {"x":0.0050125,
     "y":0.26817},
    {"x":0,
     "y":0.29073},
    {"x":0,
     "y":0.30827}],
 "triangles":[
    {"p1":41,
     "p2":42,
     "p3":71},
    {"p1":44,
     "p2":56,
     "p3":69},
    {"p1":43,
     "p2":44,
     "p3":69},
    {"p1":44,
     "p2":55,
     "p3":56},
    {"p1":44,
     "p2":53,
     "p3":55},
    {"p1":44,
     "p2":45,
     "p3":50},
    {"p1":1,
     "p2":2,
     "p3":101},
    {"p1":48,
     "p2":49,
     "p3":50},
    {"p1":56,
     "p2":57,
     "p3":69},
    {"p1":57,
     "p2":58,
     "p3":59},
    {"p1":59,
     "p2":61,
     "p3":62},
    {"p1":59,
     "p2":60,
     "p3":61},
    {"p1":85,
     "p2":86,
     "p3":91},
    {"p1":41,
     "p2":71,
     "p3":84},
    {"p1":25,
     "p2":26,
     "p3":27},
    {"p1":0,
     "p2":107,
     "p3":109},
    {"p1":107,
     "p2":108,
     "p3":109},
    {"p1":42,
     "p2":43,
     "p3":70},
    {"p1":43,
     "p2":69,
     "p3":70},
    {"p1":42,
     "p2":70,
     "p3":71},
    {"p1":53,
     "p2":54,
     "p3":55},
    {"p1":44,
     "p2":51,
     "p3":53},
    {"p1":44,
     "p2":50,
     "p3":51},
    {"p1":27,
     "p2":28,
     "p3":41},
    {"p1":28,
     "p2":34,
     "p3":41},
    {"p1":34,
     "p2":36,
     "p3":41},
    {"p1":34,
     "p2":35,
     "p3":36},
    {"p1":45,
     "p2":47,
     "p3":50},
    {"p1":47,
     "p2":48,
     "p3":50},
    {"p1":45,
     "p2":46,
     "p3":47},
    {"p1":91,
     "p2":92,
     "p3":93},
    {"p1":86,
     "p2":87,
     "p3":88},
    {"p1":86,
     "p2":88,
     "p3":91},
    {"p1":88,
     "p2":90,
     "p3":91},
    {"p1":88,
     "p2":89,
     "p3":90},
    {"p1":19,
     "p2":93,
     "p3":94},
    {"p1":19,
     "p2":94,
     "p3":96},
    {"p1":2,
     "p2":11,
     "p3":101},
    {"p1":23,
     "p2":24,
     "p3":27},
    {"p1":24,
     "p2":25,
     "p3":27},
    {"p1":16,
     "p2":97,
     "p3":98},
    {"p1":15,
     "p2":16,
     "p3":98},
    {"p1":15,
     "p2":98,
     "p3":99},
    {"p1":102,
     "p2":106,
     "p3":107},
    {"p1":0,
     "p2":102,
     "p3":107},
    {"p1":0,
     "p2":1,
     "p3":102},
    {"p1":1,
     "p2":101,
     "p3":102},
    {"p1":71,
     "p2":81,
     "p3":84},
    {"p1":62,
     "p2":63,
     "p3":68},
    {"p1":59,
     "p2":62,
     "p3":68},
    {"p1":57,
     "p2":68,
     "p3":69},
    {"p1":57,
     "p2":59,
     "p3":68},
    {"p1":51,
     "p2":52,
     "p3":53},
    {"p1":36,
     "p2":38,
     "p3":39},
    {"p1":36,
     "p2":37,
     "p3":38},
    {"p1":94,
     "p2":95,
     "p3":96},
    {"p1":18,
     "p2":19,
     "p3":96},
    {"p1":2,
     "p2":3,
     "p3":11},
    {"p1":6,
     "p2":7,
     "p3":10},
    {"p1":5,
     "p2":6,
     "p3":10},
    {"p1":3,
     "p2":10,
     "p3":11},
    {"p1":15,
     "p2":100,
     "p3":101},
    {"p1":15,
     "p2":99,
     "p3":100},
    {"p1":14,
     "p2":15,
     "p3":101},
    {"p1":82,
     "p2":83,
     "p3":84},
    {"p1":81,
     "p2":82,
     "p3":84},
    {"p1":74,
     "p2":75,
     "p3":76},
    {"p1":72,
     "p2":73,
     "p3":76},
    {"p1":73,
     "p2":74,
     "p3":76},
    {"p1":71,
     "p2":72,
     "p3":76},
    {"p1":71,
     "p2":76,
     "p3":81},
    {"p1":63,
     "p2":64,
     "p3":68},
    {"p1":64,
     "p2":65,
     "p3":68},
    {"p1":66,
     "p2":67,
     "p3":68},
    {"p1":65,
     "p2":66,
     "p3":68},
    {"p1":28,
     "p2":30,
     "p3":34},
    {"p1":36,
     "p2":40,
     "p3":41},
    {"p1":36,
     "p2":39,
     "p3":40},
    {"p1":17,
     "p2":18,
     "p3":96},
    {"p1":16,
     "p2":17,
     "p3":97},
    {"p1":17,
     "p2":96,
     "p3":97},
    {"p1":21,
     "p2":85,
     "p3":91},
    {"p1":21,
     "p2":91,
     "p3":93},
    {"p1":19,
     "p2":21,
     "p3":93},
    {"p1":19,
     "p2":20,
     "p3":21},
    {"p1":4,
     "p2":5,
     "p3":10},
    {"p1":3,
     "p2":4,
     "p3":10},
    {"p1":103,
     "p2":104,
     "p3":105},
    {"p1":103,
     "p2":105,
     "p3":106},
    {"p1":102,
     "p2":103,
     "p3":106},
    {"p1":79,
     "p2":80,
     "p3":81},
    {"p1":77,
     "p2":78,
     "p3":79},
    {"p1":77,
     "p2":79,
     "p3":81},
    {"p1":76,
     "p2":77,
     "p3":81},
    {"p1":30,
     "p2":33,
     "p3":34},
    {"p1":28,
     "p2":29,
     "p3":30},
    {"p1":22,
     "p2":23,
     "p3":27},
    {"p1":22,
     "p2":27,
     "p3":41},
    {"p1":22,
     "p2":41,
     "p3":84},
    {"p1":22,
     "p2":84,
     "p3":85},
    {"p1":21,
     "p2":22,
     "p3":85},
    {"p1":11,
     "p2":12,
     "p3":101},
    {"p1":30,
     "p2":31,
     "p3":32},
    {"p1":30,
     "p2":32,
     "p3":33},
    {"p1":13,
     "p2":14,
     "p3":101},
    {"p1":12,
     "p2":13,
     "p3":101},
    {"p1":7,
     "p2":9,
     "p3":10},
    {"p1":7,
     "p2":8,
     "p3":9}]
}