{"points":[
    {"x":0,
     "y":0.55607},
    {"x":0.0023364,
     "y":0.58411},
    {"x":0.0046729,
     "y":0.61215},
    {"x":0.0093458,
     "y":0.64019},
    {"x":0.016355,
     "y":0.66822},
    {"x":0.025701,
     "y":0.69626},
    {"x":0.044393,
     "y":0.7243},
    {"x":0.070093,
     "y":0.73832},
    {"x":0.084112,
     "y":0.76636},
    {"x":0.098131,
     "y":0.79439},
    {"x":0.11682,
     "y":0.82243},
    {"x":0.13785,
     "y":0.85047},
    {"x":0.16355,
     "y":0.8785},
    {"x":0.19159,
     "y":0.90187},
    {"x":0.21963,
     "y":0.9229},
    {"x":0.23598,
     "y":0.94626},
    {"x":0.24065,
     "y":0.9743},
    {"x":0.26402,
     "y":1},
    {"x":0.29206,
     "y":0.98832},
    {"x":0.28505,
     "y":0.96028},
    {"x":0.30841,
     "y":0.95794},
    {"x":0.33645,
     "y":0.96262},
    {"x":0.36449,
     "y":0.96262},
    {"x":0.39252,
     "y":0.96028},
    {"x":0.42056,
     "y":0.95561},
    {"x":0.4486,
     "y":0.94626},
    {"x":0.46963,
     "y":0.9486},
    {"x":0.46262,
     "y":0.97664},
    {"x":0.46729,
     "y":1},
    {"x":0.49533,
     "y":0.98832},
    {"x":0.51636,
     "y":0.96963},
    {"x":0.52336,
     "y":0.94159},
    {"x":0.52336,
     "y":0.91355},
    {"x":0.54439,
     "y":0.89019},
    {"x":0.57243,
     "y":0.86215},
    {"x":0.60047,
     "y":0.86215},
    {"x":0.6285,
     "y":0.85748},
    {"x":0.65654,
     "y":0.83879},
    {"x":0.67523,
     "y":0.82009},
    {"x":0.6986,
     "y":0.84346},
    {"x":0.72664,
     "y":0.84346},
    {"x":0.75,
     "y":0.82009},
    {"x":0.76402,
     "y":0.79206},
    {"x":0.77336,
     "y":0.76402},
    {"x":0.78037,
     "y":0.73598},
    {"x":0.78738,
     "y":0.70794},
    {"x":0.79206,
     "y":0.67991},
    {"x":0.79439,
     "y":0.65187},
    {"x":0.79907,
     "y":0.62383},
    {"x":0.79907,
     "y":0.59579},
    {"x":0.8014,
     "y":0.56776},
    {"x":0.8014,
     "y":0.53972},
    {"x":0.8014,
     "y":0.51168},
    {"x":0.79907,
     "y":0.48364},
    {"x":0.79673,
     "y":0.45561},
    {"x":0.79439,
     "y":0.42757},
    {"x":0.79206,
     "y":0.39953},
    {"x":0.78738,
     "y":0.3715},
    {"x":0.78037,
     "y":0.34346},
    {"x":0.77103,
     "y":0.31542},
    {"x":0.76168,
     "y":0.28738},
    {"x":0.74766,
     "y":0.25935},
    {"x":0.72196,
     "y":0.23832},
    {"x":0.69393,
     "y":0.24299},
    {"x":0.6729,
     "y":0.26869},
    {"x":0.65187,
     "y":0.24065},
    {"x":0.62383,
     "y":0.2243},
    {"x":0.59579,
     "y":0.2243},
    {"x":0.56776,
     "y":0.21729},
    {"x":0.53972,
     "y":0.19159},
    {"x":0.53505,
     "y":0.16355},
    {"x":0.53271,
     "y":0.13551},
    {"x":0.5257,
     "y":0.10748},
    {"x":0.51402,
     "y":0.079439},
    {"x":0.49299,
     "y":0.051402},
    {"x":0.46495,
     "y":0.028037},
    {"x":0.43692,
     "y":0.011682},
    {"x":0.40888,
     "y":0.0023364},
    {"x":0.38084,
     "y":0},
    {"x":0.3528,
     "y":0.0023364},
    {"x":0.32477,
     "y":0.0093458},
    {"x":0.29673,
     "y":0.021028},
    {"x":0.26869,
     "y":0.042056},
    {"x":0.24533,
     "y":0.070093},
    {"x":0.22897,
     "y":0.098131},
    {"x":0.21963,
     "y":0.12617},
    {"x":0.21729,
     "y":0.15421},
    {"x":0.1986,
     "y":0.17523},
    {"x":0.17056,
     "y":0.1986},
    {"x":0.14252,
     "y":0.22664},
    {"x":0.1215,
     "y":0.25467},
    {"x":0.1028,
     "y":0.28271},
    {"x":0.086449,
     "y":0.31075},
    {"x":0.07243,
     "y":0.33879},
    {"x":0.056075,
     "y":0.36215},
    {"x":0.03271,
     "y":0.38551},
    {"x":0.018692,
     "y":0.41355},
    {"x":0.011682,
     "y":0.44159},
    {"x":0.0070093,
     "y":0.46963},
    {"x":0.0023364,
     "y":0.49766},
    {"x":0,
     "y":0.5257},
    {"x":0,
     "y":0.55374},
    {"x":0,
     "y":0.55607}],
 "triangles":[
    {"p1":7,
     "p2":34,
     "p3":68},
    {"p1":60,
     "p2":61,
     "p3":64},
    {"p1":8,
     "p2":10,
     "p3":34},
    {"p1":7,
     "p2":8,
     "p3":34},
    {"p1":7,
     "p2":68,
     "p3":93},
    {"p1":75,
     "p2":78,
     "p3":79},
    {"p1":34,
     "p2":50,
     "p3":51},
    {"p1":34,
     "p2":51,
     "p3":68},
    {"p1":5,
     "p2":6,
     "p3":7},
    {"p1":34,
     "p2":49,
     "p3":50},
    {"p1":34,
     "p2":38,
     "p3":49},
    {"p1":7,
     "p2":93,
     "p3":94},
    {"p1":72,
     "p2":74,
     "p3":75},
    {"p1":69,
     "p2":86,
     "p3":87},
    {"p1":52,
     "p2":64,
     "p3":68},
    {"p1":51,
     "p2":52,
     "p3":68},
    {"p1":8,
     "p2":9,
     "p3":10},
    {"p1":4,
     "p2":5,
     "p3":7},
    {"p1":3,
     "p2":4,
     "p3":7},
    {"p1":10,
     "p2":11,
     "p3":34},
    {"p1":11,
     "p2":13,
     "p3":34},
    {"p1":13,
     "p2":20,
     "p3":23},
    {"p1":13,
     "p2":14,
     "p3":20},
    {"p1":14,
     "p2":19,
     "p3":20},
    {"p1":14,
     "p2":15,
     "p3":19},
    {"p1":16,
     "p2":17,
     "p3":19},
    {"p1":15,
     "p2":16,
     "p3":19},
    {"p1":68,
     "p2":90,
     "p3":91},
    {"p1":68,
     "p2":69,
     "p3":90},
    {"p1":68,
     "p2":92,
     "p3":93},
    {"p1":68,
     "p2":91,
     "p3":92},
    {"p1":7,
     "p2":94,
     "p3":101},
    {"p1":0,
     "p2":1,
     "p3":101},
    {"p1":1,
     "p2":7,
     "p3":101},
    {"p1":75,
     "p2":76,
     "p3":78},
    {"p1":76,
     "p2":77,
     "p3":78},
    {"p1":69,
     "p2":70,
     "p3":86},
    {"p1":70,
     "p2":71,
     "p3":86},
    {"p1":72,
     "p2":73,
     "p3":74},
    {"p1":75,
     "p2":79,
     "p3":80},
    {"p1":69,
     "p2":87,
     "p3":88},
    {"p1":88,
     "p2":89,
     "p3":90},
    {"p1":69,
     "p2":88,
     "p3":90},
    {"p1":17,
     "p2":18,
     "p3":19},
    {"p1":11,
     "p2":12,
     "p3":13},
    {"p1":38,
     "p2":47,
     "p3":49},
    {"p1":64,
     "p2":67,
     "p3":68},
    {"p1":61,
     "p2":63,
     "p3":64},
    {"p1":80,
     "p2":81,
     "p3":82},
    {"p1":20,
     "p2":22,
     "p3":23},
    {"p1":38,
     "p2":41,
     "p3":42},
    {"p1":38,
     "p2":42,
     "p3":43},
    {"p1":38,
     "p2":44,
     "p3":45},
    {"p1":38,
     "p2":43,
     "p3":44},
    {"p1":38,
     "p2":45,
     "p3":46},
    {"p1":38,
     "p2":46,
     "p3":47},
    {"p1":34,
     "p2":35,
     "p3":38},
    {"p1":35,
     "p2":37,
     "p3":38},
    {"p1":35,
     "p2":36,
     "p3":37},
    {"p1":94,
     "p2":95,
     "p3":96},
    {"p1":64,
     "p2":65,
     "p3":67},
    {"p1":65,
     "p2":66,
     "p3":67},
    {"p1":61,
     "p2":62,
     "p3":63},
    {"p1":2,
     "p2":3,
     "p3":7},
    {"p1":1,
     "p2":2,
     "p3":7},
    {"p1":84,
     "p2":85,
     "p3":86},
    {"p1":83,
     "p2":84,
     "p3":86},
    {"p1":80,
     "p2":82,
     "p3":83},
    {"p1":71,
     "p2":72,
     "p3":83},
    {"p1":71,
     "p2":83,
     "p3":86},
    {"p1":59,
     "p2":60,
     "p3":64},
    {"p1":58,
     "p2":59,
     "p3":64},
    {"p1":56,
     "p2":57,
     "p3":64},
    {"p1":57,
     "p2":58,
     "p3":64},
    {"p1":52,
     "p2":53,
     "p3":64},
    {"p1":53,
     "p2":54,
     "p3":64},
    {"p1":55,
     "p2":56,
     "p3":64},
    {"p1":54,
     "p2":55,
     "p3":64},
    {"p1":27,
     "p2":28,
     "p3":29},
    {"p1":26,
     "p2":27,
     "p3":29},
    {"p1":26,
     "p2":31,
     "p3":32},
    {"p1":20,
     "p2":21,
     "p3":22},
    {"p1":47,
     "p2":48,
     "p3":49},
    {"p1":13,
     "p2":33,
     "p3":34},
    {"p1":94,
     "p2":96,
     "p3":97},
    {"p1":94,
     "p2":100,
     "p3":101},
    {"p1":94,
     "p2":99,
     "p3":100},
    {"p1":25,
     "p2":26,
     "p3":32},
    {"p1":25,
     "p2":32,
     "p3":33},
    {"p1":23,
     "p2":24,
     "p3":25},
    {"p1":13,
     "p2":23,
     "p3":25},
    {"p1":13,
     "p2":25,
     "p3":33},
    {"p1":26,
     "p2":29,
     "p3":30},
    {"p1":26,
     "p2":30,
     "p3":31},
    {"p1":94,
     "p2":98,
     "p3":99},
    {"p1":94,
     "p2":97,
     "p3":98},
    {"p1":38,
     "p2":39,
     "p3":40},
    {"p1":38,
     "p2":40,
     "p3":41},
    {"p1":75,
     "p2":80,
     "p3":83},
    {"p1":72,
     "p2":75,
     "p3":83}]
}