{"points":[
    {"x":0,
     "y":0.21922},
    {"x":0.006006,
     "y":0.24024},
    {"x":0.015015,
     "y":0.26126},
    {"x":0.036036,
     "y":0.27928},
    {"x":0.057057,
     "y":0.29129},
    {"x":0.072072,
     "y":0.31231},
    {"x":0.075075,
     "y":0.33333},
    {"x":0.078078,
     "y":0.35435},
    {"x":0.084084,
     "y":0.37538},
    {"x":0.093093,
     "y":0.3964},
    {"x":0.11411,
     "y":0.40841},
    {"x":0.13514,
     "y":0.41441},
    {"x":0.15616,
     "y":0.41742},
    {"x":0.17718,
     "y":0.42042},
    {"x":0.1982,
     "y":0.41742},
    {"x":0.21922,
     "y":0.41742},
    {"x":0.24024,
     "y":0.41441},
    {"x":0.26126,
     "y":0.41441},
    {"x":0.28228,
     "y":0.41141},
    {"x":0.3033,
     "y":0.40841},
    {"x":0.32432,
     "y":0.40541},
    {"x":0.34535,
     "y":0.40541},
    {"x":0.36637,
     "y":0.4024},
    {"x":0.38739,
     "y":0.38739},
    {"x":0.4024,
     "y":0.36637},
    {"x":0.41141,
     "y":0.34535},
    {"x":0.41141,
     "y":0.32432},
    {"x":0.43243,
     "y":0.31231},
    {"x":0.45345,
     "y":0.30931},
    {"x":0.47447,
     "y":0.3033},
    {"x":0.4955,
     "y":0.3003},
    {"x":0.50751,
     "y":0.28529},
    {"x":0.51351,
     "y":0.26426},
    {"x":0.52553,
     "y":0.24925},
    {"x":0.54655,
     "y":0.25526},
    {"x":0.56757,
     "y":0.24324},
    {"x":0.58859,
     "y":0.24024},
    {"x":0.60961,
     "y":0.24925},
    {"x":0.63063,
     "y":0.24925},
    {"x":0.65165,
     "y":0.24324},
    {"x":0.67267,
     "y":0.24024},
    {"x":0.69369,
     "y":0.22523},
    {"x":0.71171,
     "y":0.21622},
    {"x":0.73273,
     "y":0.22823},
    {"x":0.75375,
     "y":0.23724},
    {"x":0.77477,
     "y":0.23724},
    {"x":0.7958,
     "y":0.23423},
    {"x":0.81682,
     "y":0.23123},
    {"x":0.83784,
     "y":0.21622},
    {"x":0.85886,
     "y":0.21021},
    {"x":0.87988,
     "y":0.21922},
    {"x":0.9009,
     "y":0.22222},
    {"x":0.92192,
     "y":0.22222},
    {"x":0.94294,
     "y":0.22523},
    {"x":0.95796,
     "y":0.20721},
    {"x":0.97297,
     "y":0.18619},
    {"x":0.98799,
     "y":0.16517},
    {"x":1,
     "y":0.14414},
    {"x":0.98198,
     "y":0.12913},
    {"x":0.96396,
     "y":0.11411},
    {"x":0.94294,
     "y":0.11411},
    {"x":0.92192,
     "y":0.11411},
    {"x":0.9009,
     "y":0.11411},
    {"x":0.87988,
     "y":0.11411},
    {"x":0.85886,
     "y":0.11411},
    {"x":0.83784,
     "y":0.11411},
    {"x":0.81682,
     "y":0.11411},
    {"x":0.7958,
     "y":0.11712},
    {"x":0.77477,
     "y":0.11712},
    {"x":0.75375,
     "y":0.11712},
    {"x":0.73273,
     "y":0.11712},
    {"x":0.71171,
     "y":0.11712},
    {"x":0.69069,
     "y":0.11712},
    {"x":0.66967,
     "y":0.11712},
    {"x":0.64865,
     "y":0.11712},
    {"x":0.62763,
     "y":0.11712},
    {"x":0.60661,
     "y":0.12012},
    {"x":0.58559,
     "y":0.12012},
    {"x":0.56456,
     "y":0.12312},
    {"x":0.54354,
     "y":0.12312},
    {"x":0.52252,
     "y":0.12312},
    {"x":0.5015,
     "y":0.12613},
    {"x":0.48048,
     "y":0.12613},
    {"x":0.45946,
     "y":0.12312},
    {"x":0.45946,
     "y":0.1021},
    {"x":0.44444,
     "y":0.09009},
    {"x":0.42342,
     "y":0.084084},
    {"x":0.4024,
     "y":0.069069},
    {"x":0.38739,
     "y":0.048048},
    {"x":0.37838,
     "y":0.027027},
    {"x":0.36336,
     "y":0.012012},
    {"x":0.34234,
     "y":0.009009},
    {"x":0.32132,
     "y":0.006006},
    {"x":0.3003,
     "y":0.003003},
    {"x":0.27928,
     "y":0.003003},
    {"x":0.25826,
     "y":0},
    {"x":0.23724,
     "y":0},
    {"x":0.21622,
     "y":0.003003},
    {"x":0.1952,
     "y":0.003003},
    {"x":0.17417,
     "y":0.003003},
    {"x":0.15315,
     "y":0.006006},
    {"x":0.13213,
     "y":0.006006},
    {"x":0.11111,
     "y":0.012012},
    {"x":0.09009,
     "y":0.018018},
    {"x":0.072072,
     "y":0.036036},
    {"x":0.066066,
     "y":0.057057},
    {"x":0.069069,
     "y":0.078078},
    {"x":0.066066,
     "y":0.099099},
    {"x":0.048048,
     "y":0.11712},
    {"x":0.03003,
     "y":0.13514},
    {"x":0.015015,
     "y":0.15616},
    {"x":0.003003,
     "y":0.17718},
    {"x":0,
     "y":0.1982},
    {"x":0,
     "y":0.21922},
    {"x":0,
     "y":0.21922}],
 "triangles":[
    {"p1":5,
     "p2":16,
     "p3":26},
    {"p1":0,
     "p2":1,
     "p3":112},
    {"p1":1,
     "p2":3,
     "p3":112},
    {"p1":8,
     "p2":9,
     "p3":10},
    {"p1":7,
     "p2":8,
     "p3":11},
    {"p1":8,
     "p2":10,
     "p3":11},
    {"p1":5,
     "p2":6,
     "p3":14},
    {"p1":4,
     "p2":5,
     "p3":107},
    {"p1":12,
     "p2":13,
     "p3":14},
    {"p1":6,
     "p2":12,
     "p3":14},
    {"p1":6,
     "p2":7,
     "p3":12},
    {"p1":7,
     "p2":11,
     "p3":12},
    {"p1":1,
     "p2":2,
     "p3":3},
    {"p1":56,
     "p2":57,
     "p3":58},
    {"p1":26,
     "p2":87,
     "p3":94},
    {"p1":5,
     "p2":15,
     "p3":16},
    {"p1":5,
     "p2":14,
     "p3":15},
    {"p1":101,
     "p2":102,
     "p3":106},
    {"p1":43,
     "p2":45,
     "p3":68},
    {"p1":97,
     "p2":98,
     "p3":107},
    {"p1":5,
     "p2":97,
     "p3":107},
    {"p1":5,
     "p2":26,
     "p3":97},
    {"p1":26,
     "p2":94,
     "p3":97},
    {"p1":100,
     "p2":106,
     "p3":107},
    {"p1":100,
     "p2":101,
     "p3":106},
    {"p1":33,
     "p2":35,
     "p3":79},
    {"p1":36,
     "p2":76,
     "p3":77},
    {"p1":33,
     "p2":34,
     "p3":35},
    {"p1":43,
     "p2":44,
     "p3":45},
    {"p1":39,
     "p2":75,
     "p3":76},
    {"p1":39,
     "p2":74,
     "p3":75},
    {"p1":41,
     "p2":73,
     "p3":74},
    {"p1":39,
     "p2":41,
     "p3":74},
    {"p1":39,
     "p2":40,
     "p3":41},
    {"p1":102,
     "p2":105,
     "p3":106},
    {"p1":4,
     "p2":107,
     "p3":108},
    {"p1":4,
     "p2":108,
     "p3":109},
    {"p1":4,
     "p2":109,
     "p3":110},
    {"p1":3,
     "p2":110,
     "p3":112},
    {"p1":3,
     "p2":4,
     "p3":110},
    {"p1":110,
     "p2":111,
     "p3":112},
    {"p1":43,
     "p2":68,
     "p3":69},
    {"p1":98,
     "p2":99,
     "p3":107},
    {"p1":99,
     "p2":100,
     "p3":107},
    {"p1":58,
     "p2":59,
     "p3":60},
    {"p1":55,
     "p2":56,
     "p3":60},
    {"p1":56,
     "p2":58,
     "p3":60},
    {"p1":26,
     "p2":27,
     "p3":83},
    {"p1":33,
     "p2":82,
     "p3":83},
    {"p1":32,
     "p2":33,
     "p3":83},
    {"p1":35,
     "p2":78,
     "p3":79},
    {"p1":36,
     "p2":77,
     "p3":78},
    {"p1":35,
     "p2":36,
     "p3":78},
    {"p1":33,
     "p2":81,
     "p3":82},
    {"p1":45,
     "p2":46,
     "p3":68},
    {"p1":36,
     "p2":37,
     "p3":38},
    {"p1":36,
     "p2":38,
     "p3":76},
    {"p1":38,
     "p2":39,
     "p3":76},
    {"p1":42,
     "p2":72,
     "p3":73},
    {"p1":41,
     "p2":42,
     "p3":73},
    {"p1":42,
     "p2":71,
     "p3":72},
    {"p1":42,
     "p2":70,
     "p3":71},
    {"p1":42,
     "p2":43,
     "p3":69},
    {"p1":42,
     "p2":69,
     "p3":70},
    {"p1":50,
     "p2":51,
     "p3":62},
    {"p1":52,
     "p2":53,
     "p3":54},
    {"p1":88,
     "p2":92,
     "p3":93},
    {"p1":87,
     "p2":88,
     "p3":94},
    {"p1":88,
     "p2":93,
     "p3":94},
    {"p1":49,
     "p2":64,
     "p3":65},
    {"p1":48,
     "p2":65,
     "p3":66},
    {"p1":48,
     "p2":49,
     "p3":65},
    {"p1":49,
     "p2":63,
     "p3":64},
    {"p1":50,
     "p2":62,
     "p3":63},
    {"p1":49,
     "p2":50,
     "p3":63},
    {"p1":55,
     "p2":60,
     "p3":61},
    {"p1":54,
     "p2":55,
     "p3":61},
    {"p1":52,
     "p2":54,
     "p3":61},
    {"p1":29,
     "p2":30,
     "p3":31},
    {"p1":29,
     "p2":31,
     "p3":32},
    {"p1":16,
     "p2":18,
     "p3":26},
    {"p1":18,
     "p2":19,
     "p3":26},
    {"p1":19,
     "p2":20,
     "p3":26},
    {"p1":33,
     "p2":79,
     "p3":80},
    {"p1":33,
     "p2":80,
     "p3":81},
    {"p1":46,
     "p2":67,
     "p3":68},
    {"p1":46,
     "p2":48,
     "p3":67},
    {"p1":48,
     "p2":66,
     "p3":67},
    {"p1":46,
     "p2":47,
     "p3":48},
    {"p1":88,
     "p2":91,
     "p3":92},
    {"p1":28,
     "p2":29,
     "p3":32},
    {"p1":27,
     "p2":28,
     "p3":83},
    {"p1":28,
     "p2":32,
     "p3":83},
    {"p1":16,
     "p2":17,
     "p3":18},
    {"p1":21,
     "p2":22,
     "p3":23},
    {"p1":21,
     "p2":23,
     "p3":24},
    {"p1":21,
     "p2":24,
     "p3":26},
    {"p1":20,
     "p2":21,
     "p3":26},
    {"p1":89,
     "p2":90,
     "p3":91},
    {"p1":88,
     "p2":89,
     "p3":91},
    {"p1":24,
     "p2":25,
     "p3":26},
    {"p1":83,
     "p2":84,
     "p3":85},
    {"p1":83,
     "p2":85,
     "p3":86},
    {"p1":26,
     "p2":86,
     "p3":87},
    {"p1":26,
     "p2":83,
     "p3":86},
    {"p1":94,
     "p2":95,
     "p3":97},
    {"p1":95,
     "p2":96,
     "p3":97},
    {"p1":102,
     "p2":103,
     "p3":105},
    {"p1":103,
     "p2":104,
     "p3":105},
    {"p1":51,
     "p2":52,
     "p3":61},
    {"p1":51,
     "p2":61,
     "p3":62}]
}