{"points":[
    {"x":0,
     "y":0.24497},
    {"x":0,
     "y":0.26846},
    {"x":0.0033557,
     "y":0.29195},
    {"x":0.0033557,
     "y":0.31544},
    {"x":0.010067,
     "y":0.33893},
    {"x":0.016779,
     "y":0.36242},
    {"x":0.02349,
     "y":0.38591},
    {"x":0.033557,
     "y":0.4094},
    {"x":0.053691,
     "y":0.41946},
    {"x":0.077181,
     "y":0.4396},
    {"x":0.10067,
     "y":0.44966},
    {"x":0.12416,
     "y":0.45973},
    {"x":0.14765,
     "y":0.4698},
    {"x":0.17114,
     "y":0.47315},
    {"x":0.19463,
     "y":0.47987},
    {"x":0.21812,
     "y":0.48658},
    {"x":0.24161,
     "y":0.48993},
    {"x":0.2651,
     "y":0.49329},
    {"x":0.28859,
     "y":0.48993},
    {"x":0.31208,
     "y":0.47987},
    {"x":0.33221,
     "y":0.45973},
    {"x":0.35235,
     "y":0.4396},
    {"x":0.36577,
     "y":0.41611},
    {"x":0.38255,
     "y":0.39262},
    {"x":0.39597,
     "y":0.36913},
    {"x":0.41611,
     "y":0.35235},
    {"x":0.4396,
     "y":0.35235},
    {"x":0.45638,
     "y":0.33557},
    {"x":0.47987,
     "y":0.3255},
    {"x":0.50336,
     "y":0.32215},
    {"x":0.52685,
     "y":0.31544},
    {"x":0.55034,
     "y":0.30872},
    {"x":0.57383,
     "y":0.31544},
    {"x":0.59732,
     "y":0.32215},
    {"x":0.62081,
     "y":0.32215},
    {"x":0.6443,
     "y":0.32215},
    {"x":0.66443,
     "y":0.30201},
    {"x":0.68792,
     "y":0.29195},
    {"x":0.71141,
     "y":0.29195},
    {"x":0.7349,
     "y":0.30537},
    {"x":0.75839,
     "y":0.32215},
    {"x":0.78188,
     "y":0.32215},
    {"x":0.80537,
     "y":0.30872},
    {"x":0.82886,
     "y":0.29195},
    {"x":0.85235,
     "y":0.29195},
    {"x":0.87584,
     "y":0.29866},
    {"x":0.89933,
     "y":0.29195},
    {"x":0.92282,
     "y":0.29195},
    {"x":0.94631,
     "y":0.28859},
    {"x":0.9698,
     "y":0.26846},
    {"x":0.98993,
     "y":0.25168},
    {"x":1,
     "y":0.22819},
    {"x":0.99329,
     "y":0.2047},
    {"x":0.9698,
     "y":0.18456},
    {"x":0.94631,
     "y":0.17785},
    {"x":0.92282,
     "y":0.1745},
    {"x":0.89933,
     "y":0.1745},
    {"x":0.87584,
     "y":0.1745},
    {"x":0.85235,
     "y":0.1745},
    {"x":0.82886,
     "y":0.1745},
    {"x":0.80537,
     "y":0.1745},
    {"x":0.78188,
     "y":0.1745},
    {"x":0.75839,
     "y":0.1745},
    {"x":0.7349,
     "y":0.1745},
    {"x":0.71141,
     "y":0.1745},
    {"x":0.68792,
     "y":0.1745},
    {"x":0.66443,
     "y":0.1745},
    {"x":0.64094,
     "y":0.1745},
    {"x":0.61745,
     "y":0.1745},
    {"x":0.59396,
     "y":0.1745},
    {"x":0.57047,
     "y":0.1745},
    {"x":0.54698,
     "y":0.1745},
    {"x":0.52349,
     "y":0.1745},
    {"x":0.5,
     "y":0.1745},
    {"x":0.47651,
     "y":0.1745},
    {"x":0.45302,
     "y":0.1745},
    {"x":0.42953,
     "y":0.1745},
    {"x":0.40604,
     "y":0.1745},
    {"x":0.38591,
     "y":0.15772},
    {"x":0.37919,
     "y":0.13423},
    {"x":0.36913,
     "y":0.11074},
    {"x":0.36242,
     "y":0.087248},
    {"x":0.35235,
     "y":0.063758},
    {"x":0.33557,
     "y":0.040268},
    {"x":0.31879,
     "y":0.016779},
    {"x":0.2953,
     "y":0},
    {"x":0.27181,
     "y":0},
    {"x":0.24832,
     "y":0},
    {"x":0.22483,
     "y":0},
    {"x":0.20134,
     "y":0.0033557},
    {"x":0.17785,
     "y":0.010067},
    {"x":0.15436,
     "y":0.016779},
    {"x":0.13087,
     "y":0.02349},
    {"x":0.10738,
     "y":0.030201},
    {"x":0.083893,
     "y":0.043624},
    {"x":0.060403,
     "y":0.053691},
    {"x":0.036913,
     "y":0.067114},
    {"x":0.016779,
     "y":0.090604},
    {"x":0.010067,
     "y":0.11409},
    {"x":0.0067114,
     "y":0.13758},
    {"x":0.0033557,
     "y":0.16107},
    {"x":0,
     "y":0.18456},
    {"x":0,
     "y":0.20805},
    {"x":0,
     "y":0.23154},
    {"x":0,
     "y":0.24497}],
 "triangles":[
    {"p1":50,
     "p2":51,
     "p3":52},
    {"p1":50,
     "p2":52,
     "p3":53},
    {"p1":6,
     "p2":7,
     "p3":8},
    {"p1":0,
     "p2":2,
     "p3":78},
    {"p1":0,
     "p2":1,
     "p3":2},
    {"p1":96,
     "p2":97,
     "p3":98},
    {"p1":49,
     "p2":50,
     "p3":53},
    {"p1":13,
     "p2":24,
     "p3":78},
    {"p1":2,
     "p2":13,
     "p3":78},
    {"p1":80,
     "p2":88,
     "p3":89},
    {"p1":5,
     "p2":6,
     "p3":8},
    {"p1":25,
     "p2":26,
     "p3":27},
    {"p1":80,
     "p2":81,
     "p3":88},
    {"p1":80,
     "p2":89,
     "p3":90},
    {"p1":95,
     "p2":96,
     "p3":98},
    {"p1":81,
     "p2":82,
     "p3":87},
    {"p1":81,
     "p2":87,
     "p3":88},
    {"p1":47,
     "p2":48,
     "p3":49},
    {"p1":32,
     "p2":33,
     "p3":68},
    {"p1":2,
     "p2":3,
     "p3":4},
    {"p1":78,
     "p2":92,
     "p3":102},
    {"p1":15,
     "p2":16,
     "p3":22},
    {"p1":18,
     "p2":19,
     "p3":20},
    {"p1":20,
     "p2":21,
     "p3":22},
    {"p1":16,
     "p2":20,
     "p3":22},
    {"p1":33,
     "p2":34,
     "p3":68},
    {"p1":25,
     "p2":27,
     "p3":77},
    {"p1":24,
     "p2":77,
     "p3":78},
    {"p1":24,
     "p2":25,
     "p3":77},
    {"p1":80,
     "p2":90,
     "p3":91},
    {"p1":79,
     "p2":80,
     "p3":91},
    {"p1":78,
     "p2":91,
     "p3":92},
    {"p1":78,
     "p2":79,
     "p3":91},
    {"p1":82,
     "p2":83,
     "p3":87},
    {"p1":39,
     "p2":40,
     "p3":41},
    {"p1":44,
     "p2":45,
     "p3":46},
    {"p1":47,
     "p2":49,
     "p3":55},
    {"p1":32,
     "p2":68,
     "p3":69},
    {"p1":11,
     "p2":12,
     "p3":13},
    {"p1":2,
     "p2":11,
     "p3":13},
    {"p1":0,
     "p2":78,
     "p3":103},
    {"p1":78,
     "p2":102,
     "p3":103},
    {"p1":14,
     "p2":15,
     "p3":22},
    {"p1":13,
     "p2":14,
     "p3":22},
    {"p1":13,
     "p2":23,
     "p3":24},
    {"p1":13,
     "p2":22,
     "p3":23},
    {"p1":27,
     "p2":76,
     "p3":77},
    {"p1":28,
     "p2":75,
     "p3":76},
    {"p1":27,
     "p2":28,
     "p3":76},
    {"p1":92,
     "p2":94,
     "p3":100},
    {"p1":100,
     "p2":101,
     "p3":102},
    {"p1":92,
     "p2":100,
     "p3":102},
    {"p1":92,
     "p2":93,
     "p3":94},
    {"p1":83,
     "p2":84,
     "p3":86},
    {"p1":83,
     "p2":86,
     "p3":87},
    {"p1":84,
     "p2":85,
     "p3":86},
    {"p1":49,
     "p2":53,
     "p3":54},
    {"p1":49,
     "p2":54,
     "p3":55},
    {"p1":44,
     "p2":46,
     "p3":57},
    {"p1":34,
     "p2":35,
     "p3":36},
    {"p1":34,
     "p2":36,
     "p3":68},
    {"p1":36,
     "p2":67,
     "p3":68},
    {"p1":31,
     "p2":32,
     "p3":70},
    {"p1":32,
     "p2":69,
     "p3":70},
    {"p1":8,
     "p2":9,
     "p3":10},
    {"p1":4,
     "p2":5,
     "p3":10},
    {"p1":5,
     "p2":8,
     "p3":10},
    {"p1":2,
     "p2":4,
     "p3":10},
    {"p1":2,
     "p2":10,
     "p3":11},
    {"p1":94,
     "p2":99,
     "p3":100},
    {"p1":95,
     "p2":98,
     "p3":99},
    {"p1":94,
     "p2":95,
     "p3":99},
    {"p1":39,
     "p2":41,
     "p3":42},
    {"p1":39,
     "p2":42,
     "p3":61},
    {"p1":42,
     "p2":43,
     "p3":61},
    {"p1":38,
     "p2":63,
     "p3":64},
    {"p1":43,
     "p2":59,
     "p3":60},
    {"p1":43,
     "p2":60,
     "p3":61},
    {"p1":44,
     "p2":57,
     "p3":58},
    {"p1":46,
     "p2":56,
     "p3":57},
    {"p1":36,
     "p2":37,
     "p3":67},
    {"p1":37,
     "p2":66,
     "p3":67},
    {"p1":30,
     "p2":31,
     "p3":72},
    {"p1":39,
     "p2":61,
     "p3":62},
    {"p1":38,
     "p2":39,
     "p3":62},
    {"p1":38,
     "p2":62,
     "p3":63},
    {"p1":37,
     "p2":65,
     "p3":66},
    {"p1":31,
     "p2":70,
     "p3":71},
    {"p1":31,
     "p2":71,
     "p3":72},
    {"p1":29,
     "p2":30,
     "p3":73},
    {"p1":30,
     "p2":72,
     "p3":73},
    {"p1":28,
     "p2":29,
     "p3":74},
    {"p1":29,
     "p2":73,
     "p3":74},
    {"p1":28,
     "p2":74,
     "p3":75},
    {"p1":16,
     "p2":17,
     "p3":20},
    {"p1":17,
     "p2":18,
     "p3":20},
    {"p1":43,
     "p2":44,
     "p3":58},
    {"p1":43,
     "p2":58,
     "p3":59},
    {"p1":47,
     "p2":55,
     "p3":56},
    {"p1":46,
     "p2":47,
     "p3":56},
    {"p1":37,
     "p2":38,
     "p3":65},
    {"p1":38,
     "p2":64,
     "p3":65}]
}