{"points":[
    {"x":0,
     "y":0.24116},
    {"x":0,
     "y":0.26367},
    {"x":0.0032154,
     "y":0.28617},
    {"x":0.0096463,
     "y":0.30868},
    {"x":0.016077,
     "y":0.33119},
    {"x":0.025723,
     "y":0.3537},
    {"x":0.048232,
     "y":0.37621},
    {"x":0.07074,
     "y":0.39871},
    {"x":0.093248,
     "y":0.41801},
    {"x":0.11576,
     "y":0.43408},
    {"x":0.13826,
     "y":0.44695},
    {"x":0.16077,
     "y":0.45981},
    {"x":0.18328,
     "y":0.46624},
    {"x":0.20579,
     "y":0.47267},
    {"x":0.2283,
     "y":0.47267},
    {"x":0.2508,
     "y":0.47267},
    {"x":0.27331,
     "y":0.47267},
    {"x":0.29582,
     "y":0.47267},
    {"x":0.31833,
     "y":0.47267},
    {"x":0.34084,
     "y":0.47267},
    {"x":0.36334,
     "y":0.46624},
    {"x":0.38585,
     "y":0.45981},
    {"x":0.40836,
     "y":0.45016},
    {"x":0.43087,
     "y":0.44051},
    {"x":0.45016,
     "y":0.42122},
    {"x":0.45338,
     "y":0.39871},
    {"x":0.46302,
     "y":0.37621},
    {"x":0.47588,
     "y":0.3537},
    {"x":0.49196,
     "y":0.33441},
    {"x":0.51447,
     "y":0.33119},
    {"x":0.53698,
     "y":0.33119},
    {"x":0.55949,
     "y":0.33441},
    {"x":0.58199,
     "y":0.33762},
    {"x":0.6045,
     "y":0.32476},
    {"x":0.62701,
     "y":0.31511},
    {"x":0.64952,
     "y":0.30547},
    {"x":0.67203,
     "y":0.2926},
    {"x":0.69453,
     "y":0.28939},
    {"x":0.71704,
     "y":0.30225},
    {"x":0.73955,
     "y":0.30547},
    {"x":0.76206,
     "y":0.30868},
    {"x":0.78457,
     "y":0.30547},
    {"x":0.80707,
     "y":0.29904},
    {"x":0.82958,
     "y":0.2926},
    {"x":0.85209,
     "y":0.28296},
    {"x":0.8746,
     "y":0.28939},
    {"x":0.89711,
     "y":0.29582},
    {"x":0.91961,
     "y":0.2926},
    {"x":0.94212,
     "y":0.28617},
    {"x":0.96463,
     "y":0.26688},
    {"x":0.98392,
     "y":0.24437},
    {"x":1,
     "y":0.22186},
    {"x":0.99357,
     "y":0.19936},
    {"x":0.97106,
     "y":0.1865},
    {"x":0.94855,
     "y":0.17042},
    {"x":0.92605,
     "y":0.15113},
    {"x":0.90354,
     "y":0.14791},
    {"x":0.88103,
     "y":0.14791},
    {"x":0.85852,
     "y":0.15113},
    {"x":0.83601,
     "y":0.16399},
    {"x":0.8135,
     "y":0.15756},
    {"x":0.791,
     "y":0.15434},
    {"x":0.76849,
     "y":0.15113},
    {"x":0.74598,
     "y":0.14791},
    {"x":0.72347,
     "y":0.15113},
    {"x":0.70096,
     "y":0.15434},
    {"x":0.67846,
     "y":0.16399},
    {"x":0.65595,
     "y":0.1672},
    {"x":0.63344,
     "y":0.16077},
    {"x":0.61093,
     "y":0.15434},
    {"x":0.58842,
     "y":0.14469},
    {"x":0.56592,
     "y":0.13505},
    {"x":0.54341,
     "y":0.13183},
    {"x":0.5209,
     "y":0.13183},
    {"x":0.49839,
     "y":0.13505},
    {"x":0.47588,
     "y":0.13505},
    {"x":0.45981,
     "y":0.11576},
    {"x":0.45338,
     "y":0.093248},
    {"x":0.44373,
     "y":0.07074},
    {"x":0.43408,
     "y":0.048232},
    {"x":0.42444,
     "y":0.025723},
    {"x":0.40193,
     "y":0.019293},
    {"x":0.37942,
     "y":0.016077},
    {"x":0.35691,
     "y":0.0096463},
    {"x":0.33441,
     "y":0.0064309},
    {"x":0.3119,
     "y":0.0032154},
    {"x":0.28939,
     "y":0},
    {"x":0.26688,
     "y":0},
    {"x":0.24437,
     "y":0},
    {"x":0.22186,
     "y":0.0032154},
    {"x":0.19936,
     "y":0.0032154},
    {"x":0.17685,
     "y":0.0064309},
    {"x":0.15434,
     "y":0.012862},
    {"x":0.13183,
     "y":0.022508},
    {"x":0.10932,
     "y":0.032154},
    {"x":0.086817,
     "y":0.054662},
    {"x":0.067524,
     "y":0.07717},
    {"x":0.051447,
     "y":0.099678},
    {"x":0.038585,
     "y":0.12219},
    {"x":0.025723,
     "y":0.14469},
    {"x":0.016077,
     "y":0.1672},
    {"x":0.0032154,
     "y":0.18971},
    {"x":0,
     "y":0.21222},
    {"x":0,
     "y":0.23473},
    {"x":0,
     "y":0.24116}],
 "triangles":[
    {"p1":0,
     "p2":1,
     "p3":2},
    {"p1":50,
     "p2":51,
     "p3":52},
    {"p1":47,
     "p2":49,
     "p3":54},
    {"p1":47,
     "p2":48,
     "p3":49},
    {"p1":93,
     "p2":95,
     "p3":96},
    {"p1":93,
     "p2":94,
     "p3":95},
    {"p1":7,
     "p2":98,
     "p3":99},
    {"p1":7,
     "p2":8,
     "p3":98},
    {"p1":8,
     "p2":9,
     "p3":98},
    {"p1":89,
     "p2":96,
     "p3":97},
    {"p1":89,
     "p2":91,
     "p3":92},
    {"p1":89,
     "p2":97,
     "p3":98},
    {"p1":89,
     "p2":93,
     "p3":96},
    {"p1":89,
     "p2":92,
     "p3":93},
    {"p1":15,
     "p2":76,
     "p3":89},
    {"p1":12,
     "p2":13,
     "p3":14},
    {"p1":10,
     "p2":11,
     "p3":12},
    {"p1":10,
     "p2":12,
     "p3":14},
    {"p1":10,
     "p2":14,
     "p3":15},
    {"p1":10,
     "p2":15,
     "p3":89},
    {"p1":9,
     "p2":10,
     "p3":98},
    {"p1":10,
     "p2":89,
     "p3":98},
    {"p1":4,
     "p2":5,
     "p3":6},
    {"p1":7,
     "p2":99,
     "p3":100},
    {"p1":0,
     "p2":100,
     "p3":103},
    {"p1":0,
     "p2":6,
     "p3":100},
    {"p1":6,
     "p2":7,
     "p3":100},
    {"p1":100,
     "p2":102,
     "p3":103},
    {"p1":100,
     "p2":101,
     "p3":102},
    {"p1":54,
     "p2":55,
     "p3":56},
    {"p1":31,
     "p2":33,
     "p3":69},
    {"p1":31,
     "p2":32,
     "p3":33},
    {"p1":49,
     "p2":50,
     "p3":53},
    {"p1":49,
     "p2":53,
     "p3":54},
    {"p1":50,
     "p2":52,
     "p3":53},
    {"p1":39,
     "p2":40,
     "p3":62},
    {"p1":39,
     "p2":62,
     "p3":63},
    {"p1":44,
     "p2":57,
     "p3":59},
    {"p1":89,
     "p2":90,
     "p3":91},
    {"p1":76,
     "p2":87,
     "p3":89},
    {"p1":3,
     "p2":4,
     "p3":6},
    {"p1":0,
     "p2":2,
     "p3":3},
    {"p1":0,
     "p2":3,
     "p3":6},
    {"p1":27,
     "p2":28,
     "p3":75},
    {"p1":27,
     "p2":75,
     "p3":76},
    {"p1":29,
     "p2":73,
     "p3":74},
    {"p1":28,
     "p2":74,
     "p3":75},
    {"p1":28,
     "p2":29,
     "p3":74},
    {"p1":31,
     "p2":69,
     "p3":70},
    {"p1":76,
     "p2":84,
     "p3":85},
    {"p1":85,
     "p2":86,
     "p3":87},
    {"p1":76,
     "p2":85,
     "p3":87},
    {"p1":33,
     "p2":34,
     "p3":69},
    {"p1":16,
     "p2":26,
     "p3":27},
    {"p1":15,
     "p2":16,
     "p3":76},
    {"p1":16,
     "p2":27,
     "p3":76},
    {"p1":37,
     "p2":38,
     "p3":39},
    {"p1":57,
     "p2":58,
     "p3":59},
    {"p1":87,
     "p2":88,
     "p3":89},
    {"p1":23,
     "p2":24,
     "p3":25},
    {"p1":29,
     "p2":30,
     "p3":73},
    {"p1":30,
     "p2":31,
     "p3":70},
    {"p1":37,
     "p2":65,
     "p3":66},
    {"p1":77,
     "p2":78,
     "p3":82},
    {"p1":77,
     "p2":82,
     "p3":83},
    {"p1":76,
     "p2":77,
     "p3":83},
    {"p1":76,
     "p2":83,
     "p3":84},
    {"p1":35,
     "p2":36,
     "p3":68},
    {"p1":34,
     "p2":68,
     "p3":69},
    {"p1":34,
     "p2":35,
     "p3":68},
    {"p1":37,
     "p2":66,
     "p3":67},
    {"p1":36,
     "p2":37,
     "p3":67},
    {"p1":36,
     "p2":67,
     "p3":68},
    {"p1":17,
     "p2":18,
     "p3":26},
    {"p1":16,
     "p2":17,
     "p3":26},
    {"p1":18,
     "p2":20,
     "p3":26},
    {"p1":20,
     "p2":25,
     "p3":26},
    {"p1":20,
     "p2":21,
     "p3":25},
    {"p1":43,
     "p2":44,
     "p3":59},
    {"p1":40,
     "p2":41,
     "p3":62},
    {"p1":43,
     "p2":59,
     "p3":60},
    {"p1":42,
     "p2":43,
     "p3":60},
    {"p1":22,
     "p2":23,
     "p3":25},
    {"p1":21,
     "p2":22,
     "p3":25},
    {"p1":30,
     "p2":72,
     "p3":73},
    {"p1":30,
     "p2":70,
     "p3":72},
    {"p1":37,
     "p2":64,
     "p3":65},
    {"p1":39,
     "p2":63,
     "p3":64},
    {"p1":37,
     "p2":39,
     "p3":64},
    {"p1":18,
     "p2":19,
     "p3":20},
    {"p1":44,
     "p2":45,
     "p3":57},
    {"p1":45,
     "p2":56,
     "p3":57},
    {"p1":45,
     "p2":54,
     "p3":56},
    {"p1":45,
     "p2":47,
     "p3":54},
    {"p1":45,
     "p2":46,
     "p3":47},
    {"p1":42,
     "p2":60,
     "p3":61},
    {"p1":41,
     "p2":61,
     "p3":62},
    {"p1":41,
     "p2":42,
     "p3":61},
    {"p1":70,
     "p2":71,
     "p3":72},
    {"p1":79,
     "p2":80,
     "p3":81},
    {"p1":79,
     "p2":81,
     "p3":82},
    {"p1":78,
     "p2":79,
     "p3":82}]
}