{"points":[
    {"x":0.0032154,
     "y":0.24116},
    {"x":0.0064309,
     "y":0.26367},
    {"x":0.0096463,
     "y":0.28617},
    {"x":0.016077,
     "y":0.30868},
    {"x":0.022508,
     "y":0.33119},
    {"x":0.038585,
     "y":0.3537},
    {"x":0.057878,
     "y":0.37621},
    {"x":0.080386,
     "y":0.39871},
    {"x":0.10289,
     "y":0.41801},
    {"x":0.1254,
     "y":0.43087},
    {"x":0.14791,
     "y":0.44051},
    {"x":0.17042,
     "y":0.44695},
    {"x":0.19293,
     "y":0.45338},
    {"x":0.21543,
     "y":0.45016},
    {"x":0.23794,
     "y":0.44373},
    {"x":0.26045,
     "y":0.44051},
    {"x":0.28296,
     "y":0.43087},
    {"x":0.30547,
     "y":0.42122},
    {"x":0.32797,
     "y":0.40514},
    {"x":0.35048,
     "y":0.38907},
    {"x":0.37299,
     "y":0.36977},
    {"x":0.39228,
     "y":0.35048},
    {"x":0.40514,
     "y":0.32797},
    {"x":0.42122,
     "y":0.30547},
    {"x":0.44373,
     "y":0.29904},
    {"x":0.46302,
     "y":0.32154},
    {"x":0.48553,
     "y":0.33119},
    {"x":0.50804,
     "y":0.32797},
    {"x":0.52412,
     "y":0.30868},
    {"x":0.53055,
     "y":0.28617},
    {"x":0.54984,
     "y":0.27974},
    {"x":0.57235,
     "y":0.28296},
    {"x":0.59486,
     "y":0.28296},
    {"x":0.61736,
     "y":0.27974},
    {"x":0.63987,
     "y":0.27653},
    {"x":0.66238,
     "y":0.27653},
    {"x":0.68489,
     "y":0.27331},
    {"x":0.7074,
     "y":0.2701},
    {"x":0.7299,
     "y":0.2701},
    {"x":0.75241,
     "y":0.2701},
    {"x":0.77492,
     "y":0.2701},
    {"x":0.79743,
     "y":0.2701},
    {"x":0.81994,
     "y":0.2701},
    {"x":0.84244,
     "y":0.2701},
    {"x":0.86495,
     "y":0.2701},
    {"x":0.88746,
     "y":0.2701},
    {"x":0.90997,
     "y":0.2701},
    {"x":0.93248,
     "y":0.26688},
    {"x":0.95498,
     "y":0.25723},
    {"x":0.97749,
     "y":0.23794},
    {"x":0.99678,
     "y":0.21543},
    {"x":1,
     "y":0.19293},
    {"x":0.99678,
     "y":0.17042},
    {"x":0.99035,
     "y":0.14791},
    {"x":0.97106,
     "y":0.13183},
    {"x":0.94855,
     "y":0.11897},
    {"x":0.92605,
     "y":0.10932},
    {"x":0.90354,
     "y":0.10289},
    {"x":0.88103,
     "y":0.10289},
    {"x":0.85852,
     "y":0.10611},
    {"x":0.83601,
     "y":0.10611},
    {"x":0.8135,
     "y":0.10611},
    {"x":0.791,
     "y":0.10611},
    {"x":0.76849,
     "y":0.10611},
    {"x":0.74598,
     "y":0.10932},
    {"x":0.72347,
     "y":0.10932},
    {"x":0.70096,
     "y":0.11254},
    {"x":0.67846,
     "y":0.11254},
    {"x":0.65595,
     "y":0.11576},
    {"x":0.63344,
     "y":0.11576},
    {"x":0.61093,
     "y":0.11576},
    {"x":0.58842,
     "y":0.11897},
    {"x":0.56592,
     "y":0.11897},
    {"x":0.54341,
     "y":0.12219},
    {"x":0.5209,
     "y":0.11576},
    {"x":0.50804,
     "y":0.093248},
    {"x":0.48875,
     "y":0.080386},
    {"x":0.46624,
     "y":0.083601},
    {"x":0.44695,
     "y":0.099678},
    {"x":0.42444,
     "y":0.11254},
    {"x":0.40193,
     "y":0.096463},
    {"x":0.38264,
     "y":0.073955},
    {"x":0.36013,
     "y":0.057878},
    {"x":0.33762,
     "y":0.038585},
    {"x":0.31511,
     "y":0.022508},
    {"x":0.2926,
     "y":0.016077},
    {"x":0.2701,
     "y":0.012862},
    {"x":0.24759,
     "y":0.0064309},
    {"x":0.22508,
     "y":0},
    {"x":0.20257,
     "y":0.0032154},
    {"x":0.18006,
     "y":0.0064309},
    {"x":0.15756,
     "y":0.0096463},
    {"x":0.13505,
     "y":0.016077},
    {"x":0.11254,
     "y":0.025723},
    {"x":0.090032,
     "y":0.048232},
    {"x":0.067524,
     "y":0.067524},
    {"x":0.045016,
     "y":0.090032},
    {"x":0.025723,
     "y":0.11254},
    {"x":0.016077,
     "y":0.13505},
    {"x":0.0064309,
     "y":0.15756},
    {"x":0.0032154,
     "y":0.18006},
    {"x":0,
     "y":0.20257},
    {"x":0,
     "y":0.22508},
    {"x":0.0032154,
     "y":0.24116}],
 "triangles":[
    {"p1":49,
     "p2":50,
     "p3":51},
    {"p1":49,
     "p2":54,
     "p3":55},
    {"p1":52,
     "p2":53,
     "p3":54},
    {"p1":49,
     "p2":51,
     "p3":52},
    {"p1":49,
     "p2":52,
     "p3":54},
    {"p1":19,
     "p2":22,
     "p3":86},
    {"p1":22,
     "p2":82,
     "p3":86},
    {"p1":24,
     "p2":74,
     "p3":79},
    {"p1":0,
     "p2":101,
     "p3":102},
    {"p1":0,
     "p2":1,
     "p3":19},
    {"p1":82,
     "p2":83,
     "p3":86},
    {"p1":11,
     "p2":12,
     "p3":13},
    {"p1":7,
     "p2":8,
     "p3":9},
    {"p1":1,
     "p2":2,
     "p3":3},
    {"p1":1,
     "p2":3,
     "p3":6},
    {"p1":3,
     "p2":5,
     "p3":6},
    {"p1":3,
     "p2":4,
     "p3":5},
    {"p1":46,
     "p2":55,
     "p3":56},
    {"p1":48,
     "p2":49,
     "p3":55},
    {"p1":87,
     "p2":88,
     "p3":89},
    {"p1":87,
     "p2":89,
     "p3":90},
    {"p1":86,
     "p2":87,
     "p3":90},
    {"p1":24,
     "p2":29,
     "p3":74},
    {"p1":23,
     "p2":24,
     "p3":79},
    {"p1":24,
     "p2":25,
     "p3":29},
    {"p1":19,
     "p2":86,
     "p3":95},
    {"p1":0,
     "p2":19,
     "p3":95},
    {"p1":56,
     "p2":57,
     "p3":58},
    {"p1":83,
     "p2":85,
     "p3":86},
    {"p1":40,
     "p2":63,
     "p3":64},
    {"p1":7,
     "p2":9,
     "p3":14},
    {"p1":9,
     "p2":10,
     "p3":14},
    {"p1":10,
     "p2":11,
     "p3":14},
    {"p1":11,
     "p2":13,
     "p3":14},
    {"p1":46,
     "p2":47,
     "p3":55},
    {"p1":47,
     "p2":48,
     "p3":55},
    {"p1":29,
     "p2":73,
     "p3":74},
    {"p1":39,
     "p2":40,
     "p3":64},
    {"p1":19,
     "p2":20,
     "p3":22},
    {"p1":20,
     "p2":21,
     "p3":22},
    {"p1":25,
     "p2":28,
     "p3":29},
    {"p1":74,
     "p2":78,
     "p3":79},
    {"p1":74,
     "p2":75,
     "p3":78},
    {"p1":0,
     "p2":100,
     "p3":101},
    {"p1":98,
     "p2":99,
     "p3":100},
    {"p1":86,
     "p2":90,
     "p3":94},
    {"p1":86,
     "p2":94,
     "p3":95},
    {"p1":90,
     "p2":91,
     "p3":94},
    {"p1":91,
     "p2":92,
     "p3":94},
    {"p1":92,
     "p2":93,
     "p3":94},
    {"p1":45,
     "p2":46,
     "p3":56},
    {"p1":45,
     "p2":56,
     "p3":58},
    {"p1":40,
     "p2":62,
     "p3":63},
    {"p1":40,
     "p2":41,
     "p3":62},
    {"p1":1,
     "p2":18,
     "p3":19},
    {"p1":1,
     "p2":6,
     "p3":18},
    {"p1":29,
     "p2":30,
     "p3":73},
    {"p1":30,
     "p2":31,
     "p3":72},
    {"p1":30,
     "p2":72,
     "p3":73},
    {"p1":34,
     "p2":35,
     "p3":68},
    {"p1":33,
     "p2":34,
     "p3":70},
    {"p1":37,
     "p2":66,
     "p3":67},
    {"p1":42,
     "p2":43,
     "p3":60},
    {"p1":22,
     "p2":23,
     "p3":80},
    {"p1":22,
     "p2":80,
     "p3":82},
    {"p1":80,
     "p2":81,
     "p3":82},
    {"p1":23,
     "p2":79,
     "p3":80},
    {"p1":26,
     "p2":27,
     "p3":28},
    {"p1":25,
     "p2":26,
     "p3":28},
    {"p1":75,
     "p2":77,
     "p3":78},
    {"p1":75,
     "p2":76,
     "p3":77},
    {"p1":83,
     "p2":84,
     "p3":85},
    {"p1":96,
     "p2":98,
     "p3":100},
    {"p1":96,
     "p2":97,
     "p3":98},
    {"p1":0,
     "p2":95,
     "p3":96},
    {"p1":0,
     "p2":96,
     "p3":100},
    {"p1":43,
     "p2":59,
     "p3":60},
    {"p1":45,
     "p2":58,
     "p3":59},
    {"p1":7,
     "p2":14,
     "p3":16},
    {"p1":6,
     "p2":7,
     "p3":16},
    {"p1":6,
     "p2":16,
     "p3":18},
    {"p1":16,
     "p2":17,
     "p3":18},
    {"p1":14,
     "p2":15,
     "p3":16},
    {"p1":32,
     "p2":33,
     "p3":71},
    {"p1":33,
     "p2":70,
     "p3":71},
    {"p1":31,
     "p2":71,
     "p3":72},
    {"p1":31,
     "p2":32,
     "p3":71},
    {"p1":34,
     "p2":68,
     "p3":69},
    {"p1":34,
     "p2":69,
     "p3":70},
    {"p1":35,
     "p2":36,
     "p3":68},
    {"p1":36,
     "p2":67,
     "p3":68},
    {"p1":36,
     "p2":37,
     "p3":67},
    {"p1":42,
     "p2":60,
     "p3":61},
    {"p1":41,
     "p2":61,
     "p3":62},
    {"p1":41,
     "p2":42,
     "p3":61},
    {"p1":43,
     "p2":44,
     "p3":59},
    {"p1":44,
     "p2":45,
     "p3":59},
    {"p1":38,
     "p2":64,
     "p3":65},
    {"p1":38,
     "p2":39,
     "p3":64},
    {"p1":38,
     "p2":65,
     "p3":66},
    {"p1":37,
     "p2":38,
     "p3":66}]
}