{"points":[
    {"x":0.0062893,
     "y":0.28616},
    {"x":0.0062893,
     "y":0.31132},
    {"x":0.009434,
     "y":0.33648},
    {"x":0.012579,
     "y":0.36164},
    {"x":0.018868,
     "y":0.38679},
    {"x":0.022013,
     "y":0.41195},
    {"x":0.031447,
     "y":0.43711},
    {"x":0.040881,
     "y":0.46226},
    {"x":0.062893,
     "y":0.48428},
    {"x":0.08805,
     "y":0.48742},
    {"x":0.11321,
     "y":0.49057},
    {"x":0.13836,
     "y":0.49371},
    {"x":0.16352,
     "y":0.49686},
    {"x":0.18868,
     "y":0.5},
    {"x":0.21384,
     "y":0.5},
    {"x":0.23899,
     "y":0.50314},
    {"x":0.26415,
     "y":0.50629},
    {"x":0.28931,
     "y":0.50943},
    {"x":0.31447,
     "y":0.50943},
    {"x":0.33962,
     "y":0.50943},
    {"x":0.36478,
     "y":0.50629},
    {"x":0.38679,
     "y":0.49371},
    {"x":0.40566,
     "y":0.46855},
    {"x":0.41824,
     "y":0.4434},
    {"x":0.42138,
     "y":0.41824},
    {"x":0.43082,
     "y":0.39308},
    {"x":0.44025,
     "y":0.36792},
    {"x":0.45283,
     "y":0.34277},
    {"x":0.47799,
     "y":0.33648},
    {"x":0.50314,
     "y":0.33019},
    {"x":0.5283,
     "y":0.31761},
    {"x":0.55346,
     "y":0.31447},
    {"x":0.57862,
     "y":0.31447},
    {"x":0.60377,
     "y":0.31447},
    {"x":0.62893,
     "y":0.31447},
    {"x":0.65409,
     "y":0.31447},
    {"x":0.67925,
     "y":0.31447},
    {"x":0.7044,
     "y":0.31447},
    {"x":0.72956,
     "y":0.31447},
    {"x":0.75472,
     "y":0.31132},
    {"x":0.77987,
     "y":0.30818},
    {"x":0.80503,
     "y":0.30818},
    {"x":0.83019,
     "y":0.30818},
    {"x":0.85535,
     "y":0.30818},
    {"x":0.8805,
     "y":0.30818},
    {"x":0.90566,
     "y":0.30818},
    {"x":0.93082,
     "y":0.30189},
    {"x":0.95597,
     "y":0.2956},
    {"x":0.98113,
     "y":0.28302},
    {"x":0.99371,
     "y":0.26101},
    {"x":1,
     "y":0.23585},
    {"x":1,
     "y":0.21069},
    {"x":0.99057,
     "y":0.18553},
    {"x":0.9717,
     "y":0.16981},
    {"x":0.94654,
     "y":0.16352},
    {"x":0.92138,
     "y":0.16352},
    {"x":0.89623,
     "y":0.16667},
    {"x":0.87107,
     "y":0.16038},
    {"x":0.84591,
     "y":0.15723},
    {"x":0.82075,
     "y":0.16038},
    {"x":0.7956,
     "y":0.16038},
    {"x":0.77044,
     "y":0.16352},
    {"x":0.74528,
     "y":0.16352},
    {"x":0.72013,
     "y":0.16352},
    {"x":0.69497,
     "y":0.16352},
    {"x":0.66981,
     "y":0.16352},
    {"x":0.64465,
     "y":0.16352},
    {"x":0.6195,
     "y":0.16352},
    {"x":0.59434,
     "y":0.16352},
    {"x":0.56918,
     "y":0.16352},
    {"x":0.54403,
     "y":0.16352},
    {"x":0.51887,
     "y":0.16352},
    {"x":0.49686,
     "y":0.14465},
    {"x":0.4717,
     "y":0.14465},
    {"x":0.44654,
     "y":0.14151},
    {"x":0.42138,
     "y":0.1195},
    {"x":0.41195,
     "y":0.09434},
    {"x":0.40566,
     "y":0.069182},
    {"x":0.39623,
     "y":0.044025},
    {"x":0.37736,
     "y":0.018868},
    {"x":0.35535,
     "y":0.0031447},
    {"x":0.33019,
     "y":0},
    {"x":0.30503,
     "y":0},
    {"x":0.27987,
     "y":0.0031447},
    {"x":0.25472,
     "y":0.009434},
    {"x":0.22956,
     "y":0.012579},
    {"x":0.2044,
     "y":0.015723},
    {"x":0.17925,
     "y":0.022013},
    {"x":0.15409,
     "y":0.025157},
    {"x":0.12893,
     "y":0.028302},
    {"x":0.10377,
     "y":0.034591},
    {"x":0.078616,
     "y":0.037736},
    {"x":0.053459,
     "y":0.044025},
    {"x":0.028302,
     "y":0.053459},
    {"x":0.012579,
     "y":0.075472},
    {"x":0.009434,
     "y":0.10063},
    {"x":0.0062893,
     "y":0.12579},
    {"x":0.0031447,
     "y":0.15094},
    {"x":0,
     "y":0.1761},
    {"x":0,
     "y":0.20126},
    {"x":0,
     "y":0.22642},
    {"x":0.0031447,
     "y":0.25157},
    {"x":0.0031447,
     "y":0.27673},
    {"x":0.0062893,
     "y":0.28616}],
 "triangles":[
    {"p1":47,
     "p2":48,
     "p3":49},
    {"p1":47,
     "p2":49,
     "p3":50},
    {"p1":0,
     "p2":75,
     "p3":101},
    {"p1":75,
     "p2":87,
     "p3":101},
    {"p1":87,
     "p2":100,
     "p3":101},
    {"p1":0,
     "p2":101,
     "p3":102},
    {"p1":92,
     "p2":93,
     "p3":94},
    {"p1":0,
     "p2":26,
     "p3":75},
    {"p1":0,
     "p2":14,
     "p3":26},
    {"p1":87,
     "p2":99,
     "p3":100},
    {"p1":51,
     "p2":52,
     "p3":53},
    {"p1":92,
     "p2":94,
     "p3":95},
    {"p1":91,
     "p2":95,
     "p3":96},
    {"p1":91,
     "p2":92,
     "p3":95},
    {"p1":50,
     "p2":51,
     "p3":54},
    {"p1":51,
     "p2":53,
     "p3":54},
    {"p1":14,
     "p2":15,
     "p3":26},
    {"p1":2,
     "p2":13,
     "p3":14},
    {"p1":90,
     "p2":96,
     "p3":97},
    {"p1":90,
     "p2":91,
     "p3":96},
    {"p1":75,
     "p2":86,
     "p3":87},
    {"p1":75,
     "p2":85,
     "p3":86},
    {"p1":76,
     "p2":83,
     "p3":84},
    {"p1":75,
     "p2":84,
     "p3":85},
    {"p1":75,
     "p2":76,
     "p3":84},
    {"p1":77,
     "p2":78,
     "p3":81},
    {"p1":77,
     "p2":81,
     "p3":82},
    {"p1":77,
     "p2":82,
     "p3":83},
    {"p1":76,
     "p2":77,
     "p3":83},
    {"p1":28,
     "p2":29,
     "p3":71},
    {"p1":29,
     "p2":30,
     "p3":71},
    {"p1":28,
     "p2":71,
     "p3":73},
    {"p1":28,
     "p2":73,
     "p3":74},
    {"p1":27,
     "p2":28,
     "p3":74},
    {"p1":26,
     "p2":27,
     "p3":75},
    {"p1":27,
     "p2":74,
     "p3":75},
    {"p1":78,
     "p2":79,
     "p3":81},
    {"p1":79,
     "p2":80,
     "p3":81},
    {"p1":46,
     "p2":47,
     "p3":55},
    {"p1":47,
     "p2":50,
     "p3":55},
    {"p1":50,
     "p2":54,
     "p3":55},
    {"p1":15,
     "p2":25,
     "p3":26},
    {"p1":19,
     "p2":20,
     "p3":21},
    {"p1":2,
     "p2":12,
     "p3":13},
    {"p1":0,
     "p2":1,
     "p3":14},
    {"p1":1,
     "p2":2,
     "p3":14},
    {"p1":89,
     "p2":97,
     "p3":98},
    {"p1":89,
     "p2":90,
     "p3":97},
    {"p1":37,
     "p2":38,
     "p3":63},
    {"p1":30,
     "p2":31,
     "p3":71},
    {"p1":71,
     "p2":72,
     "p3":73},
    {"p1":15,
     "p2":16,
     "p3":25},
    {"p1":18,
     "p2":19,
     "p3":24},
    {"p1":17,
     "p2":18,
     "p3":24},
    {"p1":16,
     "p2":17,
     "p3":24},
    {"p1":16,
     "p2":24,
     "p3":25},
    {"p1":4,
     "p2":10,
     "p3":11},
    {"p1":4,
     "p2":11,
     "p3":12},
    {"p1":3,
     "p2":4,
     "p3":12},
    {"p1":2,
     "p2":3,
     "p3":12},
    {"p1":6,
     "p2":7,
     "p3":9},
    {"p1":6,
     "p2":9,
     "p3":10},
    {"p1":7,
     "p2":8,
     "p3":9},
    {"p1":4,
     "p2":5,
     "p3":10},
    {"p1":5,
     "p2":6,
     "p3":10},
    {"p1":88,
     "p2":98,
     "p3":99},
    {"p1":88,
     "p2":89,
     "p3":98},
    {"p1":87,
     "p2":88,
     "p3":99},
    {"p1":36,
     "p2":37,
     "p3":64},
    {"p1":37,
     "p2":63,
     "p3":64},
    {"p1":38,
     "p2":39,
     "p3":62},
    {"p1":38,
     "p2":62,
     "p3":63},
    {"p1":19,
     "p2":21,
     "p3":22},
    {"p1":19,
     "p2":22,
     "p3":24},
    {"p1":39,
     "p2":40,
     "p3":61},
    {"p1":39,
     "p2":61,
     "p3":62},
    {"p1":22,
     "p2":23,
     "p3":24},
    {"p1":34,
     "p2":35,
     "p3":66},
    {"p1":36,
     "p2":64,
     "p3":65},
    {"p1":35,
     "p2":36,
     "p3":65},
    {"p1":35,
     "p2":65,
     "p3":66},
    {"p1":33,
     "p2":34,
     "p3":67},
    {"p1":34,
     "p2":66,
     "p3":67},
    {"p1":41,
     "p2":42,
     "p3":59},
    {"p1":32,
     "p2":33,
     "p3":68},
    {"p1":33,
     "p2":67,
     "p3":68},
    {"p1":41,
     "p2":59,
     "p3":60},
    {"p1":40,
     "p2":41,
     "p3":60},
    {"p1":40,
     "p2":60,
     "p3":61},
    {"p1":42,
     "p2":43,
     "p3":58},
    {"p1":42,
     "p2":58,
     "p3":59},
    {"p1":31,
     "p2":32,
     "p3":69},
    {"p1":32,
     "p2":68,
     "p3":69},
    {"p1":43,
     "p2":44,
     "p3":56},
    {"p1":44,
     "p2":45,
     "p3":56},
    {"p1":45,
     "p2":46,
     "p3":56},
    {"p1":46,
     "p2":55,
     "p3":56},
    {"p1":31,
     "p2":70,
     "p3":71},
    {"p1":31,
     "p2":69,
     "p3":70},
    {"p1":43,
     "p2":57,
     "p3":58},
    {"p1":43,
     "p2":56,
     "p3":57}]
}