{"points":[
    {"x":0.010239,
     "y":0.2901},
    {"x":0.020478,
     "y":0.31058},
    {"x":0.030717,
     "y":0.33106},
    {"x":0.051195,
     "y":0.35154},
    {"x":0.071672,
     "y":0.37201},
    {"x":0.09215,
     "y":0.38908},
    {"x":0.11263,
     "y":0.40614},
    {"x":0.13311,
     "y":0.4198},
    {"x":0.15358,
     "y":0.43345},
    {"x":0.17406,
     "y":0.4471},
    {"x":0.19454,
     "y":0.45734},
    {"x":0.21502,
     "y":0.46758},
    {"x":0.23549,
     "y":0.46758},
    {"x":0.25597,
     "y":0.46758},
    {"x":0.27645,
     "y":0.46758},
    {"x":0.29693,
     "y":0.47099},
    {"x":0.31741,
     "y":0.47099},
    {"x":0.33788,
     "y":0.46416},
    {"x":0.35836,
     "y":0.46075},
    {"x":0.37884,
     "y":0.45392},
    {"x":0.39932,
     "y":0.4471},
    {"x":0.4198,
     "y":0.43345},
    {"x":0.43686,
     "y":0.41297},
    {"x":0.4471,
     "y":0.39249},
    {"x":0.45392,
     "y":0.37201},
    {"x":0.46416,
     "y":0.35154},
    {"x":0.48464,
     "y":0.33447},
    {"x":0.50512,
     "y":0.33447},
    {"x":0.5256,
     "y":0.33447},
    {"x":0.54608,
     "y":0.33447},
    {"x":0.56655,
     "y":0.33106},
    {"x":0.58703,
     "y":0.32765},
    {"x":0.60751,
     "y":0.31741},
    {"x":0.62799,
     "y":0.30375},
    {"x":0.64846,
     "y":0.29352},
    {"x":0.66894,
     "y":0.28669},
    {"x":0.68942,
     "y":0.29352},
    {"x":0.7099,
     "y":0.30717},
    {"x":0.73038,
     "y":0.31058},
    {"x":0.75085,
     "y":0.31058},
    {"x":0.77133,
     "y":0.30717},
    {"x":0.7884,
     "y":0.29693},
    {"x":0.80887,
     "y":0.27986},
    {"x":0.82935,
     "y":0.26621},
    {"x":0.84983,
     "y":0.2628},
    {"x":0.87031,
     "y":0.27304},
    {"x":0.89078,
     "y":0.27986},
    {"x":0.91126,
     "y":0.28669},
    {"x":0.93174,
     "y":0.28669},
    {"x":0.95222,
     "y":0.27986},
    {"x":0.9727,
     "y":0.2628},
    {"x":0.99317,
     "y":0.24573},
    {"x":1,
     "y":0.22526},
    {"x":0.98976,
     "y":0.20478},
    {"x":0.96928,
     "y":0.18771},
    {"x":0.94881,
     "y":0.17406},
    {"x":0.92833,
     "y":0.16041},
    {"x":0.90785,
     "y":0.16041},
    {"x":0.88737,
     "y":0.16382},
    {"x":0.86689,
     "y":0.16724},
    {"x":0.84642,
     "y":0.17747},
    {"x":0.82594,
     "y":0.18089},
    {"x":0.80546,
     "y":0.18089},
    {"x":0.78498,
     "y":0.17065},
    {"x":0.76451,
     "y":0.15017},
    {"x":0.74403,
     "y":0.14334},
    {"x":0.72355,
     "y":0.14334},
    {"x":0.70307,
     "y":0.157},
    {"x":0.68259,
     "y":0.16724},
    {"x":0.66212,
     "y":0.17406},
    {"x":0.64164,
     "y":0.17406},
    {"x":0.62116,
     "y":0.16724},
    {"x":0.60068,
     "y":0.15358},
    {"x":0.58703,
     "y":0.13311},
    {"x":0.56655,
     "y":0.12628},
    {"x":0.54608,
     "y":0.12628},
    {"x":0.5256,
     "y":0.12628},
    {"x":0.50512,
     "y":0.12287},
    {"x":0.48464,
     "y":0.11945},
    {"x":0.46416,
     "y":0.1058},
    {"x":0.45051,
     "y":0.085324},
    {"x":0.44027,
     "y":0.064846},
    {"x":0.42662,
     "y":0.044369},
    {"x":0.41638,
     "y":0.023891},
    {"x":0.39932,
     "y":0.0068259},
    {"x":0.37884,
     "y":0},
    {"x":0.35836,
     "y":0},
    {"x":0.33788,
     "y":0},
    {"x":0.31741,
     "y":0},
    {"x":0.29693,
     "y":0},
    {"x":0.27645,
     "y":0},
    {"x":0.25597,
     "y":0},
    {"x":0.23549,
     "y":0},
    {"x":0.21502,
     "y":0},
    {"x":0.19454,
     "y":0},
    {"x":0.17406,
     "y":0},
    {"x":0.15358,
     "y":0},
    {"x":0.13311,
     "y":0.010239},
    {"x":0.11263,
     "y":0.020478},
    {"x":0.09215,
     "y":0.03413},
    {"x":0.071672,
     "y":0.051195},
    {"x":0.051195,
     "y":0.068259},
    {"x":0.03413,
     "y":0.088737},
    {"x":0.027304,
     "y":0.10922},
    {"x":0.017065,
     "y":0.12969},
    {"x":0.010239,
     "y":0.15017},
    {"x":0.0068259,
     "y":0.17065},
    {"x":0.003413,
     "y":0.19113},
    {"x":0,
     "y":0.2116},
    {"x":0.003413,
     "y":0.23208},
    {"x":0.003413,
     "y":0.25256},
    {"x":0.0068259,
     "y":0.27304},
    {"x":0.010239,
     "y":0.2901}],
 "triangles":[
    {"p1":51,
     "p2":52,
     "p3":53},
    {"p1":109,
     "p2":110,
     "p3":111},
    {"p1":104,
     "p2":105,
     "p3":106},
    {"p1":93,
     "p2":106,
     "p3":109},
    {"p1":83,
     "p2":85,
     "p3":86},
    {"p1":83,
     "p2":84,
     "p3":85},
    {"p1":33,
     "p2":34,
     "p3":71},
    {"p1":34,
     "p2":70,
     "p3":71},
    {"p1":36,
     "p2":37,
     "p3":38},
    {"p1":38,
     "p2":39,
     "p3":63},
    {"p1":36,
     "p2":38,
     "p3":63},
    {"p1":1,
     "p2":109,
     "p3":111},
    {"p1":0,
     "p2":1,
     "p3":111},
    {"p1":15,
     "p2":16,
     "p3":17},
    {"p1":9,
     "p2":10,
     "p3":13},
    {"p1":10,
     "p2":12,
     "p3":13},
    {"p1":10,
     "p2":11,
     "p3":12},
    {"p1":107,
     "p2":108,
     "p3":109},
    {"p1":106,
     "p2":107,
     "p3":109},
    {"p1":48,
     "p2":49,
     "p3":55},
    {"p1":50,
     "p2":51,
     "p3":53},
    {"p1":50,
     "p2":53,
     "p3":54},
    {"p1":49,
     "p2":50,
     "p3":55},
    {"p1":50,
     "p2":54,
     "p3":55},
    {"p1":14,
     "p2":15,
     "p3":17},
    {"p1":25,
     "p2":26,
     "p3":79},
    {"p1":19,
     "p2":20,
     "p3":21},
    {"p1":94,
     "p2":98,
     "p3":99},
    {"p1":94,
     "p2":99,
     "p3":100},
    {"p1":93,
     "p2":94,
     "p3":100},
    {"p1":55,
     "p2":56,
     "p3":57},
    {"p1":44,
     "p2":60,
     "p3":61},
    {"p1":44,
     "p2":59,
     "p3":60},
    {"p1":32,
     "p2":71,
     "p3":72},
    {"p1":32,
     "p2":33,
     "p3":71},
    {"p1":34,
     "p2":35,
     "p3":70},
    {"p1":35,
     "p2":36,
     "p3":68},
    {"p1":30,
     "p2":32,
     "p3":72},
    {"p1":30,
     "p2":31,
     "p3":32},
    {"p1":26,
     "p2":27,
     "p3":77},
    {"p1":46,
     "p2":55,
     "p3":57},
    {"p1":1,
     "p2":3,
     "p3":109},
    {"p1":1,
     "p2":2,
     "p3":3},
    {"p1":5,
     "p2":6,
     "p3":91},
    {"p1":6,
     "p2":7,
     "p3":91},
    {"p1":93,
     "p2":103,
     "p3":106},
    {"p1":93,
     "p2":100,
     "p3":103},
    {"p1":103,
     "p2":104,
     "p3":106},
    {"p1":100,
     "p2":101,
     "p3":103},
    {"p1":101,
     "p2":102,
     "p3":103},
    {"p1":14,
     "p2":17,
     "p3":24},
    {"p1":14,
     "p2":24,
     "p3":25},
    {"p1":19,
     "p2":23,
     "p3":24},
    {"p1":25,
     "p2":79,
     "p3":90},
    {"p1":7,
     "p2":90,
     "p3":91},
    {"p1":7,
     "p2":25,
     "p3":90},
    {"p1":26,
     "p2":77,
     "p3":78},
    {"p1":26,
     "p2":78,
     "p3":79},
    {"p1":17,
     "p2":18,
     "p3":24},
    {"p1":18,
     "p2":19,
     "p3":24},
    {"p1":94,
     "p2":97,
     "p3":98},
    {"p1":43,
     "p2":44,
     "p3":61},
    {"p1":43,
     "p2":61,
     "p3":62},
    {"p1":42,
     "p2":62,
     "p3":63},
    {"p1":42,
     "p2":43,
     "p3":62},
    {"p1":28,
     "p2":72,
     "p3":76},
    {"p1":27,
     "p2":76,
     "p3":77},
    {"p1":27,
     "p2":28,
     "p3":76},
    {"p1":72,
     "p2":73,
     "p3":74},
    {"p1":35,
     "p2":69,
     "p3":70},
    {"p1":35,
     "p2":68,
     "p3":69},
    {"p1":28,
     "p2":29,
     "p3":72},
    {"p1":29,
     "p2":30,
     "p3":72},
    {"p1":19,
     "p2":21,
     "p3":22},
    {"p1":19,
     "p2":22,
     "p3":23},
    {"p1":47,
     "p2":48,
     "p3":55},
    {"p1":46,
     "p2":47,
     "p3":55},
    {"p1":5,
     "p2":91,
     "p3":92},
    {"p1":5,
     "p2":92,
     "p3":93},
    {"p1":4,
     "p2":93,
     "p3":109},
    {"p1":4,
     "p2":5,
     "p3":93},
    {"p1":3,
     "p2":4,
     "p3":109},
    {"p1":8,
     "p2":14,
     "p3":25},
    {"p1":7,
     "p2":8,
     "p3":25},
    {"p1":8,
     "p2":13,
     "p3":14},
    {"p1":8,
     "p2":9,
     "p3":13},
    {"p1":79,
     "p2":80,
     "p3":90},
    {"p1":95,
     "p2":96,
     "p3":97},
    {"p1":94,
     "p2":95,
     "p3":97},
    {"p1":39,
     "p2":41,
     "p3":63},
    {"p1":41,
     "p2":42,
     "p3":63},
    {"p1":39,
     "p2":40,
     "p3":41},
    {"p1":44,
     "p2":45,
     "p3":59},
    {"p1":45,
     "p2":58,
     "p3":59},
    {"p1":46,
     "p2":57,
     "p3":58},
    {"p1":45,
     "p2":46,
     "p3":58},
    {"p1":72,
     "p2":74,
     "p3":75},
    {"p1":72,
     "p2":75,
     "p3":76},
    {"p1":65,
     "p2":66,
     "p3":67},
    {"p1":36,
     "p2":63,
     "p3":67},
    {"p1":36,
     "p2":67,
     "p3":68},
    {"p1":64,
     "p2":65,
     "p3":67},
    {"p1":63,
     "p2":64,
     "p3":67},
    {"p1":82,
     "p2":83,
     "p3":86},
    {"p1":80,
     "p2":89,
     "p3":90},
    {"p1":80,
     "p2":88,
     "p3":89},
    {"p1":82,
     "p2":86,
     "p3":87},
    {"p1":81,
     "p2":87,
     "p3":88},
    {"p1":80,
     "p2":81,
     "p3":88},
    {"p1":81,
     "p2":82,
     "p3":87}]
}