{"points":[
    {"x":0.19572,
     "y":0.50153},
    {"x":0.21407,
     "y":0.55963},
    {"x":0.24771,
     "y":0.61468},
    {"x":0.28135,
     "y":0.67278},
    {"x":0.33028,
     "y":0.72171},
    {"x":0.38532,
     "y":0.75535},
    {"x":0.43425,
     "y":0.78899},
    {"x":0.44648,
     "y":0.82569},
    {"x":0.3945,
     "y":0.85933},
    {"x":0.40673,
     "y":0.87768},
    {"x":0.43119,
     "y":0.88685},
    {"x":0.40367,
     "y":0.9419},
    {"x":0.36391,
     "y":0.98777},
    {"x":0.3792,
     "y":1},
    {"x":0.42202,
     "y":0.95107},
    {"x":0.44648,
     "y":0.95107},
    {"x":0.47095,
     "y":0.96024},
    {"x":0.49847,
     "y":0.91437},
    {"x":0.4893,
     "y":0.85933},
    {"x":0.53517,
     "y":0.85321},
    {"x":0.57187,
     "y":0.81957},
    {"x":0.55657,
     "y":0.77982},
    {"x":0.61468,
     "y":0.77064},
    {"x":0.67278,
     "y":0.74618},
    {"x":0.72783,
     "y":0.69725},
    {"x":0.75841,
     "y":0.63914},
    {"x":0.77064,
     "y":0.58104},
    {"x":0.76147,
     "y":0.52294},
    {"x":0.76147,
     "y":0.48012},
    {"x":0.80122,
     "y":0.4526},
    {"x":0.80428,
     "y":0.3945},
    {"x":0.79817,
     "y":0.33639},
    {"x":0.80122,
     "y":0.27829},
    {"x":0.76758,
     "y":0.30887},
    {"x":0.73089,
     "y":0.25994},
    {"x":0.72171,
     "y":0.2844},
    {"x":0.70948,
     "y":0.30887},
    {"x":0.70948,
     "y":0.34251},
    {"x":0.74618,
     "y":0.36697},
    {"x":0.75841,
     "y":0.40367},
    {"x":0.70642,
     "y":0.39144},
    {"x":0.64832,
     "y":0.36086},
    {"x":0.59021,
     "y":0.33639},
    {"x":0.53211,
     "y":0.33028},
    {"x":0.47401,
     "y":0.33333},
    {"x":0.4159,
     "y":0.33333},
    {"x":0.3578,
     "y":0.33945},
    {"x":0.36391,
     "y":0.3945},
    {"x":0.42202,
     "y":0.42508},
    {"x":0.47706,
     "y":0.45872},
    {"x":0.53517,
     "y":0.47706},
    {"x":0.5841,
     "y":0.49541},
    {"x":0.54434,
     "y":0.52599},
    {"x":0.48624,
     "y":0.52905},
    {"x":0.44954,
     "y":0.51376},
    {"x":0.42202,
     "y":0.51988},
    {"x":0.40979,
     "y":0.57798},
    {"x":0.41284,
     "y":0.60245},
    {"x":0.35474,
     "y":0.5841},
    {"x":0.29969,
     "y":0.54434},
    {"x":0.26911,
     "y":0.4893},
    {"x":0.24159,
     "y":0.43425},
    {"x":0.20795,
     "y":0.37615},
    {"x":0.16208,
     "y":0.32722},
    {"x":0.11621,
     "y":0.29052},
    {"x":0.067278,
     "y":0.24465},
    {"x":0.042813,
     "y":0.1896},
    {"x":0.055046,
     "y":0.1315},
    {"x":0.10092,
     "y":0.079511},
    {"x":0.15902,
     "y":0.045872},
    {"x":0.21713,
     "y":0.027523},
    {"x":0.27523,
     "y":0.027523},
    {"x":0.33333,
     "y":0.042813},
    {"x":0.39144,
     "y":0.070336},
    {"x":0.44648,
     "y":0.10703},
    {"x":0.50153,
     "y":0.14679},
    {"x":0.55963,
     "y":0.18349},
    {"x":0.61774,
     "y":0.21101},
    {"x":0.67584,
     "y":0.22324},
    {"x":0.73394,
     "y":0.22936},
    {"x":0.75841,
     "y":0.21407},
    {"x":0.70031,
     "y":0.20795},
    {"x":0.6422,
     "y":0.19878},
    {"x":0.58716,
     "y":0.17431},
    {"x":0.53211,
     "y":0.13761},
    {"x":0.48318,
     "y":0.10398},
    {"x":0.43119,
     "y":0.067278},
    {"x":0.37615,
     "y":0.030581},
    {"x":0.31804,
     "y":0.0061162},
    {"x":0.25994,
     "y":0},
    {"x":0.20183,
     "y":0},
    {"x":0.14373,
     "y":0.015291},
    {"x":0.085627,
     "y":0.042813},
    {"x":0.033639,
     "y":0.088685},
    {"x":0.0091743,
     "y":0.14679},
    {"x":0,
     "y":0.20489},
    {"x":0.021407,
     "y":0.263},
    {"x":0.073394,
     "y":0.31804},
    {"x":0.12538,
     "y":0.36697},
    {"x":0.16208,
     "y":0.41896},
    {"x":0.18654,
     "y":0.47706},
    {"x":0.19572,
     "y":0.50153}],
 "triangles":[
    {"p1":1,
     "p2":2,
     "p3":59},
    {"p1":30,
     "p2":31,
     "p3":38},
    {"p1":31,
     "p2":32,
     "p3":33},
    {"p1":31,
     "p2":33,
     "p3":38},
    {"p1":70,
     "p2":89,
     "p3":90},
    {"p1":68,
     "p2":92,
     "p3":93},
    {"p1":67,
     "p2":93,
     "p3":94},
    {"p1":67,
     "p2":68,
     "p3":93},
    {"p1":69,
     "p2":90,
     "p3":91},
    {"p1":69,
     "p2":70,
     "p3":90},
    {"p1":69,
     "p2":91,
     "p3":92},
    {"p1":68,
     "p2":69,
     "p3":92},
    {"p1":2,
     "p2":58,
     "p3":59},
    {"p1":64,
     "p2":97,
     "p3":98},
    {"p1":62,
     "p2":98,
     "p3":99},
    {"p1":33,
     "p2":37,
     "p3":38},
    {"p1":33,
     "p2":36,
     "p3":37},
    {"p1":61,
     "p2":99,
     "p3":100},
    {"p1":61,
     "p2":62,
     "p3":99},
    {"p1":63,
     "p2":64,
     "p3":98},
    {"p1":62,
     "p2":63,
     "p3":98},
    {"p1":64,
     "p2":65,
     "p3":97},
    {"p1":65,
     "p2":96,
     "p3":97},
    {"p1":66,
     "p2":94,
     "p3":95},
    {"p1":66,
     "p2":67,
     "p3":94},
    {"p1":66,
     "p2":95,
     "p3":96},
    {"p1":65,
     "p2":66,
     "p3":96},
    {"p1":11,
     "p2":13,
     "p3":14},
    {"p1":2,
     "p2":3,
     "p3":58},
    {"p1":11,
     "p2":12,
     "p3":13},
    {"p1":33,
     "p2":35,
     "p3":36},
    {"p1":33,
     "p2":34,
     "p3":35},
    {"p1":0,
     "p2":60,
     "p3":100},
    {"p1":60,
     "p2":61,
     "p3":100},
    {"p1":1,
     "p2":59,
     "p3":60},
    {"p1":0,
     "p2":1,
     "p3":60},
    {"p1":3,
     "p2":4,
     "p3":58},
    {"p1":4,
     "p2":57,
     "p3":58},
    {"p1":4,
     "p2":5,
     "p3":57},
    {"p1":18,
     "p2":19,
     "p3":21},
    {"p1":5,
     "p2":6,
     "p3":57},
    {"p1":6,
     "p2":21,
     "p3":57},
    {"p1":72,
     "p2":87,
     "p3":88},
    {"p1":75,
     "p2":84,
     "p3":85},
    {"p1":75,
     "p2":76,
     "p3":84},
    {"p1":45,
     "p2":46,
     "p3":47},
    {"p1":10,
     "p2":11,
     "p3":14},
    {"p1":10,
     "p2":14,
     "p3":15},
    {"p1":10,
     "p2":17,
     "p3":18},
    {"p1":15,
     "p2":16,
     "p3":17},
    {"p1":10,
     "p2":15,
     "p3":17},
    {"p1":7,
     "p2":18,
     "p3":21},
    {"p1":6,
     "p2":7,
     "p3":21},
    {"p1":7,
     "p2":10,
     "p3":18},
    {"p1":28,
     "p2":29,
     "p3":39},
    {"p1":28,
     "p2":39,
     "p3":40},
    {"p1":30,
     "p2":38,
     "p3":39},
    {"p1":29,
     "p2":30,
     "p3":39},
    {"p1":24,
     "p2":25,
     "p3":52},
    {"p1":23,
     "p2":24,
     "p3":52},
    {"p1":22,
     "p2":23,
     "p3":52},
    {"p1":21,
     "p2":22,
     "p3":52},
    {"p1":21,
     "p2":52,
     "p3":57},
    {"p1":71,
     "p2":88,
     "p3":89},
    {"p1":71,
     "p2":72,
     "p3":88},
    {"p1":70,
     "p2":71,
     "p3":89},
    {"p1":74,
     "p2":85,
     "p3":86},
    {"p1":74,
     "p2":75,
     "p3":85},
    {"p1":73,
     "p2":86,
     "p3":87},
    {"p1":72,
     "p2":73,
     "p3":87},
    {"p1":73,
     "p2":74,
     "p3":86},
    {"p1":77,
     "p2":78,
     "p3":82},
    {"p1":76,
     "p2":83,
     "p3":84},
    {"p1":76,
     "p2":77,
     "p3":83},
    {"p1":77,
     "p2":82,
     "p3":83},
    {"p1":7,
     "p2":8,
     "p3":9},
    {"p1":7,
     "p2":9,
     "p3":10},
    {"p1":19,
     "p2":20,
     "p3":21},
    {"p1":41,
     "p2":42,
     "p3":51},
    {"p1":40,
     "p2":41,
     "p3":51},
    {"p1":28,
     "p2":40,
     "p3":51},
    {"p1":27,
     "p2":28,
     "p3":51},
    {"p1":26,
     "p2":27,
     "p3":51},
    {"p1":25,
     "p2":26,
     "p3":51},
    {"p1":25,
     "p2":51,
     "p3":52},
    {"p1":79,
     "p2":80,
     "p3":81},
    {"p1":78,
     "p2":79,
     "p3":81},
    {"p1":78,
     "p2":81,
     "p3":82},
    {"p1":42,
     "p2":43,
     "p3":50},
    {"p1":42,
     "p2":50,
     "p3":51},
    {"p1":43,
     "p2":44,
     "p3":49},
    {"p1":43,
     "p2":49,
     "p3":50},
    {"p1":45,
     "p2":47,
     "p3":48},
    {"p1":44,
     "p2":45,
     "p3":48},
    {"p1":44,
     "p2":48,
     "p3":49},
    {"p1":53,
     "p2":56,
     "p3":57},
    {"p1":52,
     "p2":53,
     "p3":57},
    {"p1":54,
     "p2":55,
     "p3":56},
    {"p1":53,
     "p2":54,
     "p3":56}]
}