{"points":[
    {"x":0.16986,
     "y":0.53425},
    {"x":0.12055,
     "y":0.56986},
    {"x":0.063014,
     "y":0.6},
    {"x":0.013699,
     "y":0.63562},
    {"x":0,
     "y":0.66849},
    {"x":0.054795,
     "y":0.6274},
    {"x":0.10959,
     "y":0.60548},
    {"x":0.1589,
     "y":0.57808},
    {"x":0.21096,
     "y":0.54521},
    {"x":0.25753,
     "y":0.51507},
    {"x":0.30411,
     "y":0.46849},
    {"x":0.33425,
     "y":0.41644},
    {"x":0.36164,
     "y":0.36986},
    {"x":0.38082,
     "y":0.32329},
    {"x":0.39726,
     "y":0.27123},
    {"x":0.42466,
     "y":0.21918},
    {"x":0.46027,
     "y":0.16438},
    {"x":0.50411,
     "y":0.11507},
    {"x":0.5589,
     "y":0.090411},
    {"x":0.6137,
     "y":0.082192},
    {"x":0.67123,
     "y":0.090411},
    {"x":0.72329,
     "y":0.11781},
    {"x":0.76438,
     "y":0.1589},
    {"x":0.78356,
     "y":0.20822},
    {"x":0.7863,
     "y":0.26301},
    {"x":0.78356,
     "y":0.31507},
    {"x":0.77534,
     "y":0.36712},
    {"x":0.73699,
     "y":0.40548},
    {"x":0.69863,
     "y":0.37534},
    {"x":0.6411,
     "y":0.3863},
    {"x":0.5863,
     "y":0.3863},
    {"x":0.60822,
     "y":0.4274},
    {"x":0.5589,
     "y":0.46575},
    {"x":0.51507,
     "y":0.49863},
    {"x":0.53973,
     "y":0.51233},
    {"x":0.56438,
     "y":0.50959},
    {"x":0.56986,
     "y":0.53425},
    {"x":0.62466,
     "y":0.52329},
    {"x":0.66849,
     "y":0.49589},
    {"x":0.68767,
     "y":0.51233},
    {"x":0.71233,
     "y":0.56164},
    {"x":0.69315,
     "y":0.61096},
    {"x":0.66849,
     "y":0.66027},
    {"x":0.6411,
     "y":0.71233},
    {"x":0.60274,
     "y":0.75616},
    {"x":0.55616,
     "y":0.78082},
    {"x":0.51507,
     "y":0.74247},
    {"x":0.45753,
     "y":0.7589},
    {"x":0.4137,
     "y":0.78356},
    {"x":0.41644,
     "y":0.8137},
    {"x":0.4,
     "y":0.82466},
    {"x":0.3863,
     "y":0.84932},
    {"x":0.33699,
     "y":0.8411},
    {"x":0.28493,
     "y":0.8274},
    {"x":0.23288,
     "y":0.81644},
    {"x":0.18356,
     "y":0.77808},
    {"x":0.14521,
     "y":0.7863},
    {"x":0.2,
     "y":0.81644},
    {"x":0.23014,
     "y":0.86027},
    {"x":0.26575,
     "y":0.91233},
    {"x":0.31507,
     "y":0.94795},
    {"x":0.36986,
     "y":0.96712},
    {"x":0.41918,
     "y":0.98356},
    {"x":0.47671,
     "y":0.99726},
    {"x":0.53151,
     "y":0.98356},
    {"x":0.5863,
     "y":0.95616},
    {"x":0.6411,
     "y":0.93425},
    {"x":0.69863,
     "y":0.92329},
    {"x":0.75068,
     "y":0.91233},
    {"x":0.77808,
     "y":0.86301},
    {"x":0.82466,
     "y":0.81918},
    {"x":0.86575,
     "y":0.77534},
    {"x":0.89315,
     "y":0.72329},
    {"x":0.91507,
     "y":0.66849},
    {"x":0.92603,
     "y":0.61096},
    {"x":0.93151,
     "y":0.55342},
    {"x":0.93699,
     "y":0.50137},
    {"x":0.93425,
     "y":0.44658},
    {"x":0.96712,
     "y":0.39452},
    {"x":0.99452,
     "y":0.35616},
    {"x":0.9726,
     "y":0.30137},
    {"x":1,
     "y":0.28767},
    {"x":0.96438,
     "y":0.24384},
    {"x":0.90959,
     "y":0.23288},
    {"x":0.88767,
     "y":0.19452},
    {"x":0.86301,
     "y":0.14521},
    {"x":0.82192,
     "y":0.093151},
    {"x":0.77808,
     "y":0.052055},
    {"x":0.72603,
     "y":0.021918},
    {"x":0.67123,
     "y":0.0054795},
    {"x":0.6137,
     "y":0},
    {"x":0.55616,
     "y":0.016438},
    {"x":0.50137,
     "y":0.035616},
    {"x":0.44658,
     "y":0.073973},
    {"x":0.4,
     "y":0.12055},
    {"x":0.36712,
     "y":0.17534},
    {"x":0.34247,
     "y":0.23014},
    {"x":0.31781,
     "y":0.28493},
    {"x":0.30137,
     "y":0.33973},
    {"x":0.27945,
     "y":0.39178},
    {"x":0.25205,
     "y":0.44384},
    {"x":0.21644,
     "y":0.49315},
    {"x":0.16986,
     "y":0.53425},
    {"x":0.16986,
     "y":0.53425}],
 "triangles":[
    {"p1":53,
     "p2":58,
     "p3":59},
    {"p1":53,
     "p2":54,
     "p3":58},
    {"p1":51,
     "p2":60,
     "p3":61},
    {"p1":51,
     "p2":61,
     "p3":62},
    {"p1":51,
     "p2":62,
     "p3":63},
    {"p1":45,
     "p2":46,
     "p3":47},
    {"p1":42,
     "p2":70,
     "p3":71},
    {"p1":17,
     "p2":92,
     "p3":93},
    {"p1":8,
     "p2":9,
     "p3":101},
    {"p1":16,
     "p2":17,
     "p3":93},
    {"p1":14,
     "p2":15,
     "p3":96},
    {"p1":14,
     "p2":96,
     "p3":97},
    {"p1":13,
     "p2":14,
     "p3":97},
    {"p1":19,
     "p2":89,
     "p3":90},
    {"p1":24,
     "p2":83,
     "p3":84},
    {"p1":21,
     "p2":87,
     "p3":88},
    {"p1":21,
     "p2":86,
     "p3":87},
    {"p1":80,
     "p2":81,
     "p3":82},
    {"p1":80,
     "p2":82,
     "p3":83},
    {"p1":54,
     "p2":57,
     "p3":58},
    {"p1":51,
     "p2":52,
     "p3":60},
    {"p1":52,
     "p2":53,
     "p3":59},
    {"p1":52,
     "p2":59,
     "p3":60},
    {"p1":31,
     "p2":37,
     "p3":38},
    {"p1":40,
     "p2":41,
     "p3":73},
    {"p1":44,
     "p2":67,
     "p3":69},
    {"p1":67,
     "p2":68,
     "p3":69},
    {"p1":44,
     "p2":66,
     "p3":67},
    {"p1":44,
     "p2":45,
     "p3":66},
    {"p1":45,
     "p2":65,
     "p3":66},
    {"p1":49,
     "p2":51,
     "p3":63},
    {"p1":45,
     "p2":47,
     "p3":49},
    {"p1":47,
     "p2":48,
     "p3":49},
    {"p1":43,
     "p2":44,
     "p3":69},
    {"p1":42,
     "p2":43,
     "p3":70},
    {"p1":43,
     "p2":69,
     "p3":70},
    {"p1":16,
     "p2":93,
     "p3":94},
    {"p1":17,
     "p2":18,
     "p3":92},
    {"p1":19,
     "p2":20,
     "p3":89},
    {"p1":20,
     "p2":88,
     "p3":89},
    {"p1":20,
     "p2":21,
     "p3":88},
    {"p1":24,
     "p2":25,
     "p3":83},
    {"p1":25,
     "p2":80,
     "p3":83},
    {"p1":29,
     "p2":30,
     "p3":31},
    {"p1":29,
     "p2":31,
     "p3":38},
    {"p1":21,
     "p2":22,
     "p3":86},
    {"p1":41,
     "p2":72,
     "p3":73},
    {"p1":42,
     "p2":71,
     "p3":72},
    {"p1":41,
     "p2":42,
     "p3":72},
    {"p1":55,
     "p2":56,
     "p3":57},
    {"p1":54,
     "p2":55,
     "p3":57},
    {"p1":31,
     "p2":32,
     "p3":37},
    {"p1":32,
     "p2":33,
     "p3":34},
    {"p1":26,
     "p2":27,
     "p3":77},
    {"p1":40,
     "p2":74,
     "p3":75},
    {"p1":40,
     "p2":73,
     "p3":74},
    {"p1":45,
     "p2":64,
     "p3":65},
    {"p1":45,
     "p2":49,
     "p3":64},
    {"p1":49,
     "p2":63,
     "p3":64},
    {"p1":49,
     "p2":50,
     "p3":51},
    {"p1":0,
     "p2":8,
     "p3":101},
    {"p1":0,
     "p2":7,
     "p3":8},
    {"p1":13,
     "p2":97,
     "p3":98},
    {"p1":11,
     "p2":98,
     "p3":99},
    {"p1":10,
     "p2":11,
     "p3":99},
    {"p1":2,
     "p2":3,
     "p3":5},
    {"p1":2,
     "p2":5,
     "p3":6},
    {"p1":3,
     "p2":4,
     "p3":5},
    {"p1":15,
     "p2":16,
     "p3":95},
    {"p1":16,
     "p2":94,
     "p3":95},
    {"p1":15,
     "p2":95,
     "p3":96},
    {"p1":18,
     "p2":91,
     "p3":92},
    {"p1":19,
     "p2":90,
     "p3":91},
    {"p1":18,
     "p2":19,
     "p3":91},
    {"p1":23,
     "p2":24,
     "p3":84},
    {"p1":28,
     "p2":29,
     "p3":38},
    {"p1":27,
     "p2":28,
     "p3":38},
    {"p1":22,
     "p2":85,
     "p3":86},
    {"p1":23,
     "p2":84,
     "p3":85},
    {"p1":22,
     "p2":23,
     "p3":85},
    {"p1":25,
     "p2":26,
     "p3":78},
    {"p1":26,
     "p2":77,
     "p3":78},
    {"p1":25,
     "p2":78,
     "p3":80},
    {"p1":35,
     "p2":36,
     "p3":37},
    {"p1":32,
     "p2":35,
     "p3":37},
    {"p1":32,
     "p2":34,
     "p3":35},
    {"p1":27,
     "p2":38,
     "p3":39},
    {"p1":27,
     "p2":39,
     "p3":40},
    {"p1":27,
     "p2":76,
     "p3":77},
    {"p1":40,
     "p2":75,
     "p3":76},
    {"p1":27,
     "p2":40,
     "p3":76},
    {"p1":10,
     "p2":99,
     "p3":100},
    {"p1":9,
     "p2":100,
     "p3":101},
    {"p1":9,
     "p2":10,
     "p3":100},
    {"p1":1,
     "p2":2,
     "p3":6},
    {"p1":1,
     "p2":6,
     "p3":7},
    {"p1":0,
     "p2":1,
     "p3":7},
    {"p1":12,
     "p2":13,
     "p3":98},
    {"p1":11,
     "p2":12,
     "p3":98},
    {"p1":78,
     "p2":79,
     "p3":80}]
}