{"points":[
    {"x":0.032877,
     "y":0.41918},
    {"x":0,
     "y":0.46575},
    {"x":0,
     "y":0.51781},
    {"x":0.030137,
     "y":0.50137},
    {"x":0.049315,
     "y":0.55616},
    {"x":0.090411,
     "y":0.57808},
    {"x":0.14521,
     "y":0.59452},
    {"x":0.18356,
     "y":0.63836},
    {"x":0.2274,
     "y":0.67945},
    {"x":0.27397,
     "y":0.72877},
    {"x":0.31781,
     "y":0.76164},
    {"x":0.36986,
     "y":0.78904},
    {"x":0.42466,
     "y":0.80822},
    {"x":0.47945,
     "y":0.8137},
    {"x":0.53425,
     "y":0.8137},
    {"x":0.58904,
     "y":0.83562},
    {"x":0.6411,
     "y":0.8137},
    {"x":0.69041,
     "y":0.7863},
    {"x":0.74521,
     "y":0.76712},
    {"x":0.8,
     "y":0.75342},
    {"x":0.85479,
     "y":0.72877},
    {"x":0.89589,
     "y":0.67945},
    {"x":0.92877,
     "y":0.6274},
    {"x":0.95342,
     "y":0.5726},
    {"x":0.96438,
     "y":0.51781},
    {"x":0.96164,
     "y":0.46301},
    {"x":0.95342,
     "y":0.4137},
    {"x":0.97534,
     "y":0.3589},
    {"x":0.95068,
     "y":0.35616},
    {"x":0.93151,
     "y":0.41096},
    {"x":0.90137,
     "y":0.46301},
    {"x":0.86849,
     "y":0.51507},
    {"x":0.83288,
     "y":0.5589},
    {"x":0.80822,
     "y":0.5589},
    {"x":0.79452,
     "y":0.53425},
    {"x":0.78082,
     "y":0.51781},
    {"x":0.74521,
     "y":0.53425},
    {"x":0.69041,
     "y":0.53425},
    {"x":0.66027,
     "y":0.58082},
    {"x":0.64658,
     "y":0.6274},
    {"x":0.59178,
     "y":0.61918},
    {"x":0.53699,
     "y":0.61096},
    {"x":0.48493,
     "y":0.58904},
    {"x":0.43014,
     "y":0.5589},
    {"x":0.39452,
     "y":0.52055},
    {"x":0.37534,
     "y":0.46575},
    {"x":0.41644,
     "y":0.45479},
    {"x":0.46301,
     "y":0.43836},
    {"x":0.50411,
     "y":0.40822},
    {"x":0.45479,
     "y":0.40274},
    {"x":0.50959,
     "y":0.39452},
    {"x":0.50685,
     "y":0.3726},
    {"x":0.45479,
     "y":0.3726},
    {"x":0.4,
     "y":0.37534},
    {"x":0.39178,
     "y":0.33425},
    {"x":0.35068,
     "y":0.3589},
    {"x":0.29589,
     "y":0.3863},
    {"x":0.27671,
     "y":0.43562},
    {"x":0.23562,
     "y":0.43836},
    {"x":0.18904,
     "y":0.4},
    {"x":0.14521,
     "y":0.3589},
    {"x":0.11233,
     "y":0.30685},
    {"x":0.09863,
     "y":0.25205},
    {"x":0.10959,
     "y":0.19726},
    {"x":0.13973,
     "y":0.14247},
    {"x":0.18904,
     "y":0.09589},
    {"x":0.24384,
     "y":0.073973},
    {"x":0.29863,
     "y":0.068493},
    {"x":0.35342,
     "y":0.082192},
    {"x":0.40822,
     "y":0.10137},
    {"x":0.46027,
     "y":0.12329},
    {"x":0.51233,
     "y":0.15616},
    {"x":0.56712,
     "y":0.17808},
    {"x":0.62192,
     "y":0.19726},
    {"x":0.67671,
     "y":0.20822},
    {"x":0.72877,
     "y":0.21644},
    {"x":0.77808,
     "y":0.20822},
    {"x":0.83288,
     "y":0.20274},
    {"x":0.88767,
     "y":0.19178},
    {"x":0.94247,
     "y":0.1726},
    {"x":0.99726,
     "y":0.16712},
    {"x":1,
     "y":0.15068},
    {"x":0.94521,
     "y":0.15342},
    {"x":0.89041,
     "y":0.16164},
    {"x":0.83562,
     "y":0.1726},
    {"x":0.78082,
     "y":0.17534},
    {"x":0.72603,
     "y":0.16986},
    {"x":0.67123,
     "y":0.15616},
    {"x":0.61644,
     "y":0.13699},
    {"x":0.56438,
     "y":0.10685},
    {"x":0.51507,
     "y":0.073973},
    {"x":0.46301,
     "y":0.049315},
    {"x":0.40822,
     "y":0.021918},
    {"x":0.35342,
     "y":0.0054795},
    {"x":0.29863,
     "y":0},
    {"x":0.24384,
     "y":0},
    {"x":0.18904,
     "y":0.016438},
    {"x":0.13425,
     "y":0.041096},
    {"x":0.082192,
     "y":0.076712},
    {"x":0.046575,
     "y":0.12877},
    {"x":0.021918,
     "y":0.18356},
    {"x":0.016438,
     "y":0.23836},
    {"x":0.013699,
     "y":0.29315},
    {"x":0.021918,
     "y":0.34795},
    {"x":0.043836,
     "y":0.40274},
    {"x":0.032877,
     "y":0.41918}],
 "triangles":[
    {"p1":80,
     "p2":81,
     "p3":82},
    {"p1":63,
     "p2":100,
     "p3":101},
    {"p1":63,
     "p2":99,
     "p3":100},
    {"p1":14,
     "p2":15,
     "p3":16},
    {"p1":14,
     "p2":16,
     "p3":40},
    {"p1":72,
     "p2":88,
     "p3":89},
    {"p1":47,
     "p2":48,
     "p3":49},
    {"p1":23,
     "p2":24,
     "p3":31},
    {"p1":20,
     "p2":21,
     "p3":33},
    {"p1":24,
     "p2":30,
     "p3":31},
    {"p1":1,
     "p2":2,
     "p3":3},
    {"p1":64,
     "p2":98,
     "p3":99},
    {"p1":63,
     "p2":64,
     "p3":99},
    {"p1":64,
     "p2":97,
     "p3":98},
    {"p1":17,
     "p2":18,
     "p3":39},
    {"p1":16,
     "p2":17,
     "p3":39},
    {"p1":16,
     "p2":39,
     "p3":40},
    {"p1":14,
     "p2":40,
     "p3":41},
    {"p1":13,
     "p2":14,
     "p3":41},
    {"p1":13,
     "p2":41,
     "p3":42},
    {"p1":72,
     "p2":73,
     "p3":88},
    {"p1":70,
     "p2":90,
     "p3":91},
    {"p1":71,
     "p2":72,
     "p3":89},
    {"p1":70,
     "p2":71,
     "p3":90},
    {"p1":71,
     "p2":89,
     "p3":90},
    {"p1":73,
     "p2":87,
     "p3":88},
    {"p1":46,
     "p2":47,
     "p3":49},
    {"p1":21,
     "p2":32,
     "p3":33},
    {"p1":21,
     "p2":22,
     "p3":32},
    {"p1":23,
     "p2":31,
     "p3":32},
    {"p1":22,
     "p2":23,
     "p3":32},
    {"p1":76,
     "p2":77,
     "p3":85},
    {"p1":79,
     "p2":80,
     "p3":82},
    {"p1":79,
     "p2":82,
     "p3":83},
    {"p1":78,
     "p2":79,
     "p3":83},
    {"p1":26,
     "p2":27,
     "p3":28},
    {"p1":3,
     "p2":4,
     "p3":5},
    {"p1":7,
     "p2":8,
     "p3":44},
    {"p1":65,
     "p2":96,
     "p3":97},
    {"p1":64,
     "p2":65,
     "p3":97},
    {"p1":44,
     "p2":45,
     "p3":57},
    {"p1":7,
     "p2":44,
     "p3":57},
    {"p1":11,
     "p2":42,
     "p3":43},
    {"p1":10,
     "p2":11,
     "p3":43},
    {"p1":9,
     "p2":10,
     "p3":43},
    {"p1":8,
     "p2":9,
     "p3":43},
    {"p1":8,
     "p2":43,
     "p3":44},
    {"p1":11,
     "p2":12,
     "p3":42},
    {"p1":12,
     "p2":13,
     "p3":42},
    {"p1":19,
     "p2":33,
     "p3":39},
    {"p1":18,
     "p2":19,
     "p3":39},
    {"p1":19,
     "p2":20,
     "p3":33},
    {"p1":36,
     "p2":37,
     "p3":38},
    {"p1":36,
     "p2":38,
     "p3":39},
    {"p1":33,
     "p2":36,
     "p3":39},
    {"p1":33,
     "p2":34,
     "p3":36},
    {"p1":34,
     "p2":35,
     "p3":36},
    {"p1":77,
     "p2":84,
     "p3":85},
    {"p1":78,
     "p2":83,
     "p3":84},
    {"p1":77,
     "p2":78,
     "p3":84},
    {"p1":26,
     "p2":28,
     "p3":29},
    {"p1":24,
     "p2":25,
     "p3":30},
    {"p1":25,
     "p2":29,
     "p3":30},
    {"p1":25,
     "p2":26,
     "p3":29},
    {"p1":66,
     "p2":95,
     "p3":96},
    {"p1":65,
     "p2":66,
     "p3":96},
    {"p1":60,
     "p2":61,
     "p3":104},
    {"p1":61,
     "p2":103,
     "p3":104},
    {"p1":62,
     "p2":63,
     "p3":101},
    {"p1":45,
     "p2":46,
     "p3":53},
    {"p1":45,
     "p2":53,
     "p3":55},
    {"p1":46,
     "p2":49,
     "p3":53},
    {"p1":45,
     "p2":55,
     "p3":56},
    {"p1":45,
     "p2":56,
     "p3":57},
    {"p1":73,
     "p2":74,
     "p3":87},
    {"p1":76,
     "p2":85,
     "p3":86},
    {"p1":75,
     "p2":76,
     "p3":86},
    {"p1":74,
     "p2":86,
     "p3":87},
    {"p1":74,
     "p2":75,
     "p3":86},
    {"p1":67,
     "p2":94,
     "p3":95},
    {"p1":66,
     "p2":67,
     "p3":95},
    {"p1":67,
     "p2":93,
     "p3":94},
    {"p1":0,
     "p2":1,
     "p3":3},
    {"p1":0,
     "p2":3,
     "p3":104},
    {"p1":61,
     "p2":102,
     "p3":103},
    {"p1":61,
     "p2":62,
     "p3":102},
    {"p1":62,
     "p2":101,
     "p3":102},
    {"p1":53,
     "p2":54,
     "p3":55},
    {"p1":5,
     "p2":6,
     "p3":59},
    {"p1":3,
     "p2":5,
     "p3":59},
    {"p1":3,
     "p2":59,
     "p3":104},
    {"p1":59,
     "p2":60,
     "p3":104},
    {"p1":68,
     "p2":92,
     "p3":93},
    {"p1":67,
     "p2":68,
     "p3":93},
    {"p1":49,
     "p2":50,
     "p3":52},
    {"p1":50,
     "p2":51,
     "p3":52},
    {"p1":49,
     "p2":52,
     "p3":53},
    {"p1":6,
     "p2":58,
     "p3":59},
    {"p1":6,
     "p2":7,
     "p3":58},
    {"p1":7,
     "p2":57,
     "p3":58},
    {"p1":69,
     "p2":91,
     "p3":92},
    {"p1":68,
     "p2":69,
     "p3":92},
    {"p1":69,
     "p2":70,
     "p3":91}]
}