{"points":[
    {"x":0.043956,
     "y":0.27473},
    {"x":0.024176,
     "y":0.32088},
    {"x":0.0043956,
     "y":0.36264},
    {"x":0,
     "y":0.40659},
    {"x":0.010989,
     "y":0.45275},
    {"x":0.035165,
     "y":0.48571},
    {"x":0.076923,
     "y":0.51209},
    {"x":0.12088,
     "y":0.52088},
    {"x":0.16703,
     "y":0.51648},
    {"x":0.2,
     "y":0.52308},
    {"x":0.23077,
     "y":0.53187},
    {"x":0.25275,
     "y":0.53626},
    {"x":0.29231,
     "y":0.54286},
    {"x":0.32967,
     "y":0.54286},
    {"x":0.35824,
     "y":0.52088},
    {"x":0.32088,
     "y":0.50549},
    {"x":0.36703,
     "y":0.5011},
    {"x":0.41099,
     "y":0.49451},
    {"x":0.45714,
     "y":0.48791},
    {"x":0.5033,
     "y":0.47692},
    {"x":0.54945,
     "y":0.46154},
    {"x":0.5956,
     "y":0.44615},
    {"x":0.64176,
     "y":0.42637},
    {"x":0.68352,
     "y":0.40659},
    {"x":0.72527,
     "y":0.38681},
    {"x":0.76484,
     "y":0.35824},
    {"x":0.7956,
     "y":0.36264},
    {"x":0.75165,
     "y":0.39341},
    {"x":0.70989,
     "y":0.41538},
    {"x":0.74066,
     "y":0.43736},
    {"x":0.78462,
     "y":0.44176},
    {"x":0.83077,
     "y":0.44615},
    {"x":0.87692,
     "y":0.43736},
    {"x":0.91868,
     "y":0.41978},
    {"x":0.95165,
     "y":0.38462},
    {"x":0.96484,
     "y":0.34286},
    {"x":0.96703,
     "y":0.2967},
    {"x":0.95604,
     "y":0.25055},
    {"x":0.93846,
     "y":0.2044},
    {"x":0.90989,
     "y":0.17802},
    {"x":0.92967,
     "y":0.14066},
    {"x":0.94505,
     "y":0.1011},
    {"x":0.96703,
     "y":0.061538},
    {"x":0.99341,
     "y":0.03956},
    {"x":1,
     "y":0.010989},
    {"x":0.98242,
     "y":0},
    {"x":0.94945,
     "y":0.0021978},
    {"x":0.94066,
     "y":0.028571},
    {"x":0.9011,
     "y":0.021978},
    {"x":0.87912,
     "y":0.048352},
    {"x":0.88132,
     "y":0.068132},
    {"x":0.8989,
     "y":0.081319},
    {"x":0.87692,
     "y":0.11868},
    {"x":0.84615,
     "y":0.14945},
    {"x":0.80659,
     "y":0.16044},
    {"x":0.76044,
     "y":0.17143},
    {"x":0.71868,
     "y":0.17802},
    {"x":0.67912,
     "y":0.18901},
    {"x":0.63516,
     "y":0.1978},
    {"x":0.61978,
     "y":0.16923},
    {"x":0.5978,
     "y":0.2},
    {"x":0.57143,
     "y":0.17363},
    {"x":0.56044,
     "y":0.20879},
    {"x":0.52747,
     "y":0.19121},
    {"x":0.52527,
     "y":0.22637},
    {"x":0.48791,
     "y":0.22857},
    {"x":0.52308,
     "y":0.25055},
    {"x":0.52088,
     "y":0.28132},
    {"x":0.47473,
     "y":0.29451},
    {"x":0.47033,
     "y":0.27912},
    {"x":0.46813,
     "y":0.25055},
    {"x":0.44176,
     "y":0.27912},
    {"x":0.46154,
     "y":0.24396},
    {"x":0.42857,
     "y":0.25495},
    {"x":0.4,
     "y":0.28571},
    {"x":0.38242,
     "y":0.26374},
    {"x":0.35385,
     "y":0.29231},
    {"x":0.32527,
     "y":0.32967},
    {"x":0.2989,
     "y":0.36703},
    {"x":0.25934,
     "y":0.3978},
    {"x":0.21538,
     "y":0.42418},
    {"x":0.16923,
     "y":0.43956},
    {"x":0.12308,
     "y":0.43297},
    {"x":0.087912,
     "y":0.3956},
    {"x":0.074725,
     "y":0.34945},
    {"x":0.083516,
     "y":0.30549},
    {"x":0.098901,
     "y":0.26374},
    {"x":0.11648,
     "y":0.21978},
    {"x":0.12747,
     "y":0.18681},
    {"x":0.14945,
     "y":0.14725},
    {"x":0.16484,
     "y":0.10769},
    {"x":0.1978,
     "y":0.07033},
    {"x":0.21758,
     "y":0.10549},
    {"x":0.23077,
     "y":0.11209},
    {"x":0.22637,
     "y":0.065934},
    {"x":0.19121,
     "y":0.043956},
    {"x":0.15385,
     "y":0.074725},
    {"x":0.12527,
     "y":0.11648},
    {"x":0.1011,
     "y":0.15824},
    {"x":0.081319,
     "y":0.2044},
    {"x":0.059341,
     "y":0.24835},
    {"x":0.043956,
     "y":0.27473}],
 "triangles":[
    {"p1":9,
     "p2":10,
     "p3":80},
    {"p1":7,
     "p2":8,
     "p3":82},
    {"p1":6,
     "p2":7,
     "p3":82},
    {"p1":5,
     "p2":6,
     "p3":82},
    {"p1":43,
     "p2":44,
     "p3":45},
    {"p1":45,
     "p2":46,
     "p3":47},
    {"p1":43,
     "p2":45,
     "p3":47},
    {"p1":10,
     "p2":11,
     "p3":80},
    {"p1":91,
     "p2":95,
     "p3":96},
    {"p1":90,
     "p2":91,
     "p3":96},
    {"p1":91,
     "p2":94,
     "p3":95},
    {"p1":87,
     "p2":88,
     "p3":99},
    {"p1":90,
     "p2":96,
     "p3":97},
    {"p1":89,
     "p2":90,
     "p3":97},
    {"p1":2,
     "p2":3,
     "p3":83},
    {"p1":2,
     "p2":83,
     "p3":84},
    {"p1":3,
     "p2":4,
     "p3":83},
    {"p1":4,
     "p2":5,
     "p3":83},
    {"p1":5,
     "p2":82,
     "p3":83},
    {"p1":42,
     "p2":43,
     "p3":47},
    {"p1":11,
     "p2":12,
     "p3":15},
    {"p1":11,
     "p2":15,
     "p3":80},
    {"p1":88,
     "p2":89,
     "p3":98},
    {"p1":89,
     "p2":97,
     "p3":98},
    {"p1":88,
     "p2":98,
     "p3":99},
    {"p1":86,
     "p2":87,
     "p3":99},
    {"p1":0,
     "p2":85,
     "p3":86},
    {"p1":1,
     "p2":2,
     "p3":84},
    {"p1":1,
     "p2":84,
     "p3":85},
    {"p1":0,
     "p2":1,
     "p3":85},
    {"p1":8,
     "p2":81,
     "p3":82},
    {"p1":8,
     "p2":9,
     "p3":81},
    {"p1":9,
     "p2":80,
     "p3":81},
    {"p1":26,
     "p2":32,
     "p3":33},
    {"p1":26,
     "p2":33,
     "p3":34},
    {"p1":26,
     "p2":34,
     "p3":35},
    {"p1":12,
     "p2":13,
     "p3":15},
    {"p1":20,
     "p2":67,
     "p3":68},
    {"p1":91,
     "p2":92,
     "p3":94},
    {"p1":92,
     "p2":93,
     "p3":94},
    {"p1":86,
     "p2":99,
     "p3":100},
    {"p1":0,
     "p2":86,
     "p3":100},
    {"p1":47,
     "p2":48,
     "p3":51},
    {"p1":41,
     "p2":42,
     "p3":51},
    {"p1":42,
     "p2":47,
     "p3":51},
    {"p1":13,
     "p2":14,
     "p3":15},
    {"p1":16,
     "p2":17,
     "p3":78},
    {"p1":15,
     "p2":16,
     "p3":78},
    {"p1":15,
     "p2":79,
     "p3":80},
    {"p1":15,
     "p2":78,
     "p3":79},
    {"p1":74,
     "p2":76,
     "p3":77},
    {"p1":17,
     "p2":77,
     "p3":78},
    {"p1":17,
     "p2":74,
     "p3":77},
    {"p1":74,
     "p2":75,
     "p3":76},
    {"p1":68,
     "p2":71,
     "p3":74},
    {"p1":71,
     "p2":73,
     "p3":74},
    {"p1":19,
     "p2":20,
     "p3":68},
    {"p1":21,
     "p2":22,
     "p3":67},
    {"p1":20,
     "p2":21,
     "p3":67},
    {"p1":26,
     "p2":54,
     "p3":55},
    {"p1":26,
     "p2":39,
     "p3":54},
    {"p1":48,
     "p2":49,
     "p3":51},
    {"p1":49,
     "p2":50,
     "p3":51},
    {"p1":39,
     "p2":40,
     "p3":52},
    {"p1":40,
     "p2":41,
     "p3":51},
    {"p1":40,
     "p2":51,
     "p3":52},
    {"p1":26,
     "p2":37,
     "p3":39},
    {"p1":22,
     "p2":23,
     "p3":67},
    {"p1":23,
     "p2":58,
     "p3":67},
    {"p1":23,
     "p2":24,
     "p3":58},
    {"p1":58,
     "p2":60,
     "p3":67},
    {"p1":58,
     "p2":59,
     "p3":60},
    {"p1":71,
     "p2":72,
     "p3":73},
    {"p1":68,
     "p2":69,
     "p3":71},
    {"p1":69,
     "p2":70,
     "p3":71},
    {"p1":18,
     "p2":19,
     "p3":68},
    {"p1":17,
     "p2":18,
     "p3":74},
    {"p1":18,
     "p2":68,
     "p3":74},
    {"p1":39,
     "p2":52,
     "p3":53},
    {"p1":39,
     "p2":53,
     "p3":54},
    {"p1":26,
     "p2":35,
     "p3":36},
    {"p1":26,
     "p2":36,
     "p3":37},
    {"p1":37,
     "p2":38,
     "p3":39},
    {"p1":26,
     "p2":31,
     "p3":32},
    {"p1":26,
     "p2":30,
     "p3":31},
    {"p1":27,
     "p2":29,
     "p3":30},
    {"p1":26,
     "p2":27,
     "p3":30},
    {"p1":27,
     "p2":28,
     "p3":29},
    {"p1":62,
     "p2":66,
     "p3":67},
    {"p1":60,
     "p2":62,
     "p3":67},
    {"p1":60,
     "p2":61,
     "p3":62},
    {"p1":64,
     "p2":65,
     "p3":66},
    {"p1":62,
     "p2":64,
     "p3":66},
    {"p1":62,
     "p2":63,
     "p3":64},
    {"p1":24,
     "p2":57,
     "p3":58},
    {"p1":24,
     "p2":25,
     "p3":57},
    {"p1":25,
     "p2":56,
     "p3":57},
    {"p1":25,
     "p2":26,
     "p3":55},
    {"p1":25,
     "p2":55,
     "p3":56}]
}