{"points":[
    {"x":0.17629,
     "y":0.17933},
    {"x":0.20365,
     "y":0.18389},
    {"x":0.231,
     "y":0.18389},
    {"x":0.2538,
     "y":0.19301},
    {"x":0.2766,
     "y":0.20213},
    {"x":0.28116,
     "y":0.22948},
    {"x":0.28571,
     "y":0.25684},
    {"x":0.29939,
     "y":0.28419},
    {"x":0.32675,
     "y":0.29787},
    {"x":0.3541,
     "y":0.29787},
    {"x":0.38146,
     "y":0.29179},
    {"x":0.39514,
     "y":0.26444},
    {"x":0.40729,
     "y":0.23708},
    {"x":0.41793,
     "y":0.21733},
    {"x":0.44529,
     "y":0.22492},
    {"x":0.46353,
     "y":0.25228},
    {"x":0.4772,
     "y":0.2766},
    {"x":0.5,
     "y":0.29331},
    {"x":0.5228,
     "y":0.30395},
    {"x":0.55015,
     "y":0.30851},
    {"x":0.57751,
     "y":0.30395},
    {"x":0.60486,
     "y":0.30395},
    {"x":0.63222,
     "y":0.30851},
    {"x":0.65957,
     "y":0.30395},
    {"x":0.67021,
     "y":0.28267},
    {"x":0.64286,
     "y":0.26444},
    {"x":0.62766,
     "y":0.24012},
    {"x":0.65502,
     "y":0.24468},
    {"x":0.68237,
     "y":0.24468},
    {"x":0.70973,
     "y":0.24924},
    {"x":0.73708,
     "y":0.2538},
    {"x":0.76444,
     "y":0.2538},
    {"x":0.79179,
     "y":0.26292},
    {"x":0.81915,
     "y":0.2766},
    {"x":0.8465,
     "y":0.28116},
    {"x":0.8693,
     "y":0.29331},
    {"x":0.89666,
     "y":0.29939},
    {"x":0.91945,
     "y":0.30851},
    {"x":0.94681,
     "y":0.31611},
    {"x":0.97416,
     "y":0.31003},
    {"x":0.9772,
     "y":0.28723},
    {"x":0.97264,
     "y":0.25988},
    {"x":0.98176,
     "y":0.23708},
    {"x":0.98328,
     "y":0.20973},
    {"x":1,
     "y":0.18693},
    {"x":0.97568,
     "y":0.17325},
    {"x":0.94833,
     "y":0.17325},
    {"x":0.92097,
     "y":0.17325},
    {"x":0.89362,
     "y":0.17781},
    {"x":0.86626,
     "y":0.17781},
    {"x":0.83891,
     "y":0.17781},
    {"x":0.81155,
     "y":0.17325},
    {"x":0.78419,
     "y":0.16869},
    {"x":0.75684,
     "y":0.16413},
    {"x":0.72948,
     "y":0.15957},
    {"x":0.70213,
     "y":0.15502},
    {"x":0.67477,
     "y":0.14134},
    {"x":0.64742,
     "y":0.13678},
    {"x":0.62614,
     "y":0.12766},
    {"x":0.6535,
     "y":0.11702},
    {"x":0.66717,
     "y":0.10182},
    {"x":0.64438,
     "y":0.086626},
    {"x":0.61702,
     "y":0.068389},
    {"x":0.58967,
     "y":0.059271},
    {"x":0.56231,
     "y":0.050152},
    {"x":0.53495,
     "y":0.050152},
    {"x":0.5076,
     "y":0.057751},
    {"x":0.48176,
     "y":0.075988},
    {"x":0.45745,
     "y":0.082067},
    {"x":0.43009,
     "y":0.077508},
    {"x":0.40274,
     "y":0.068389},
    {"x":0.37538,
     "y":0.06383},
    {"x":0.34802,
     "y":0.059271},
    {"x":0.32067,
     "y":0.050152},
    {"x":0.32067,
     "y":0.041033},
    {"x":0.34802,
     "y":0.048632},
    {"x":0.37538,
     "y":0.048632},
    {"x":0.40274,
     "y":0.048632},
    {"x":0.41641,
     "y":0.031915},
    {"x":0.38906,
     "y":0.022796},
    {"x":0.3617,
     "y":0.018237},
    {"x":0.33435,
     "y":0.013678},
    {"x":0.30699,
     "y":0.0091185},
    {"x":0.27964,
     "y":0},
    {"x":0.2538,
     "y":0.0075988},
    {"x":0.24772,
     "y":0.034954},
    {"x":0.22036,
     "y":0.036474},
    {"x":0.19301,
     "y":0.031915},
    {"x":0.16565,
     "y":0.031915},
    {"x":0.1383,
     "y":0.024316},
    {"x":0.11094,
     "y":0.028875},
    {"x":0.083587,
     "y":0.031915},
    {"x":0.056231,
     "y":0.033435},
    {"x":0.028875,
     "y":0.044073},
    {"x":0.006079,
     "y":0.066869},
    {"x":0,
     "y":0.094225},
    {"x":0.018237,
     "y":0.11246},
    {"x":0.045593,
     "y":0.12614},
    {"x":0.072948,
     "y":0.14438},
    {"x":0.095745,
     "y":0.14894},
    {"x":0.1231,
     "y":0.15805},
    {"x":0.15046,
     "y":0.17173},
    {"x":0.17629,
     "y":0.17933}],
 "triangles":[
    {"p1":38,
     "p2":39,
     "p3":40},
    {"p1":82,
     "p2":83,
     "p3":85},
    {"p1":43,
     "p2":44,
     "p3":45},
    {"p1":88,
     "p2":90,
     "p3":100},
    {"p1":83,
     "p2":84,
     "p3":85},
    {"p1":94,
     "p2":95,
     "p3":96},
    {"p1":93,
     "p2":94,
     "p3":96},
    {"p1":6,
     "p2":8,
     "p3":9},
    {"p1":6,
     "p2":7,
     "p3":8},
    {"p1":41,
     "p2":42,
     "p3":47},
    {"p1":88,
     "p2":100,
     "p3":101},
    {"p1":88,
     "p2":89,
     "p3":90},
    {"p1":90,
     "p2":99,
     "p3":100},
    {"p1":91,
     "p2":98,
     "p3":99},
    {"p1":90,
     "p2":91,
     "p3":99},
    {"p1":0,
     "p2":86,
     "p3":87},
    {"p1":0,
     "p2":87,
     "p3":101},
    {"p1":87,
     "p2":88,
     "p3":101},
    {"p1":0,
     "p2":1,
     "p3":86},
    {"p1":91,
     "p2":92,
     "p3":97},
    {"p1":91,
     "p2":97,
     "p3":98},
    {"p1":92,
     "p2":93,
     "p3":97},
    {"p1":93,
     "p2":96,
     "p3":97},
    {"p1":4,
     "p2":12,
     "p3":13},
    {"p1":4,
     "p2":72,
     "p3":73},
    {"p1":43,
     "p2":45,
     "p3":46},
    {"p1":42,
     "p2":43,
     "p3":46},
    {"p1":42,
     "p2":46,
     "p3":47},
    {"p1":3,
     "p2":4,
     "p3":73},
    {"p1":6,
     "p2":9,
     "p3":11},
    {"p1":13,
     "p2":68,
     "p3":69},
    {"p1":13,
     "p2":69,
     "p3":70},
    {"p1":76,
     "p2":79,
     "p3":80},
    {"p1":4,
     "p2":5,
     "p3":12},
    {"p1":5,
     "p2":6,
     "p3":11},
    {"p1":5,
     "p2":11,
     "p3":12},
    {"p1":2,
     "p2":85,
     "p3":86},
    {"p1":1,
     "p2":2,
     "p3":86},
    {"p1":2,
     "p2":73,
     "p3":85},
    {"p1":2,
     "p2":3,
     "p3":73},
    {"p1":9,
     "p2":10,
     "p3":11},
    {"p1":74,
     "p2":82,
     "p3":85},
    {"p1":73,
     "p2":74,
     "p3":85},
    {"p1":13,
     "p2":70,
     "p3":71},
    {"p1":4,
     "p2":13,
     "p3":71},
    {"p1":4,
     "p2":71,
     "p3":72},
    {"p1":75,
     "p2":76,
     "p3":80},
    {"p1":36,
     "p2":37,
     "p3":41},
    {"p1":37,
     "p2":38,
     "p3":40},
    {"p1":37,
     "p2":40,
     "p3":41},
    {"p1":41,
     "p2":47,
     "p3":48},
    {"p1":36,
     "p2":41,
     "p3":48},
    {"p1":31,
     "p2":51,
     "p3":52},
    {"p1":31,
     "p2":32,
     "p3":51},
    {"p1":32,
     "p2":50,
     "p3":51},
    {"p1":35,
     "p2":36,
     "p3":48},
    {"p1":13,
     "p2":14,
     "p3":68},
    {"p1":15,
     "p2":16,
     "p3":17},
    {"p1":76,
     "p2":77,
     "p3":79},
    {"p1":77,
     "p2":78,
     "p3":79},
    {"p1":75,
     "p2":80,
     "p3":81},
    {"p1":74,
     "p2":75,
     "p3":81},
    {"p1":74,
     "p2":81,
     "p3":82},
    {"p1":31,
     "p2":52,
     "p3":53},
    {"p1":28,
     "p2":29,
     "p3":55},
    {"p1":29,
     "p2":54,
     "p3":55},
    {"p1":34,
     "p2":49,
     "p3":50},
    {"p1":34,
     "p2":48,
     "p3":49},
    {"p1":34,
     "p2":35,
     "p3":48},
    {"p1":27,
     "p2":28,
     "p3":55},
    {"p1":27,
     "p2":55,
     "p3":56},
    {"p1":58,
     "p2":64,
     "p3":65},
    {"p1":14,
     "p2":15,
     "p3":58},
    {"p1":58,
     "p2":61,
     "p3":62},
    {"p1":30,
     "p2":53,
     "p3":54},
    {"p1":29,
     "p2":30,
     "p3":54},
    {"p1":30,
     "p2":31,
     "p3":53},
    {"p1":32,
     "p2":33,
     "p3":50},
    {"p1":33,
     "p2":34,
     "p3":50},
    {"p1":14,
     "p2":67,
     "p3":68},
    {"p1":14,
     "p2":58,
     "p3":67},
    {"p1":58,
     "p2":63,
     "p3":64},
    {"p1":58,
     "p2":62,
     "p3":63},
    {"p1":15,
     "p2":26,
     "p3":58},
    {"p1":15,
     "p2":17,
     "p3":26},
    {"p1":17,
     "p2":18,
     "p3":26},
    {"p1":18,
     "p2":19,
     "p3":26},
    {"p1":59,
     "p2":60,
     "p3":61},
    {"p1":58,
     "p2":59,
     "p3":61},
    {"p1":58,
     "p2":65,
     "p3":66},
    {"p1":58,
     "p2":66,
     "p3":67},
    {"p1":20,
     "p2":21,
     "p3":26},
    {"p1":19,
     "p2":20,
     "p3":26},
    {"p1":21,
     "p2":22,
     "p3":25},
    {"p1":21,
     "p2":25,
     "p3":26},
    {"p1":22,
     "p2":23,
     "p3":25},
    {"p1":23,
     "p2":24,
     "p3":25},
    {"p1":26,
     "p2":57,
     "p3":58},
    {"p1":27,
     "p2":56,
     "p3":57},
    {"p1":26,
     "p2":27,
     "p3":57}]
}