{"points":[
    {"x":0.24573,
     "y":0.31058},
    {"x":0.25597,
     "y":0.33447},
    {"x":0.27645,
     "y":0.35154},
    {"x":0.30034,
     "y":0.36177},
    {"x":0.32423,
     "y":0.37884},
    {"x":0.34812,
     "y":0.37884},
    {"x":0.3686,
     "y":0.35836},
    {"x":0.38567,
     "y":0.33788},
    {"x":0.3959,
     "y":0.32082},
    {"x":0.40614,
     "y":0.34471},
    {"x":0.41297,
     "y":0.3686},
    {"x":0.42321,
     "y":0.39249},
    {"x":0.44027,
     "y":0.41638},
    {"x":0.46075,
     "y":0.43686},
    {"x":0.48464,
     "y":0.45051},
    {"x":0.50853,
     "y":0.46075},
    {"x":0.53242,
     "y":0.46758},
    {"x":0.55631,
     "y":0.47782},
    {"x":0.5802,
     "y":0.48805},
    {"x":0.6041,
     "y":0.49488},
    {"x":0.62799,
     "y":0.50171},
    {"x":0.65188,
     "y":0.51195},
    {"x":0.67577,
     "y":0.51877},
    {"x":0.69966,
     "y":0.5256},
    {"x":0.72355,
     "y":0.52901},
    {"x":0.7372,
     "y":0.51195},
    {"x":0.72355,
     "y":0.49147},
    {"x":0.69966,
     "y":0.47099},
    {"x":0.69625,
     "y":0.45734},
    {"x":0.72014,
     "y":0.47099},
    {"x":0.74403,
     "y":0.48805},
    {"x":0.76109,
     "y":0.51195},
    {"x":0.78157,
     "y":0.53242},
    {"x":0.80205,
     "y":0.55631},
    {"x":0.82594,
     "y":0.57679},
    {"x":0.84983,
     "y":0.59727},
    {"x":0.87372,
     "y":0.61092},
    {"x":0.89761,
     "y":0.62457},
    {"x":0.9215,
     "y":0.6314},
    {"x":0.94539,
     "y":0.6314},
    {"x":0.96928,
     "y":0.61433},
    {"x":0.98294,
     "y":0.59386},
    {"x":0.99317,
     "y":0.56997},
    {"x":1,
     "y":0.54608},
    {"x":0.99317,
     "y":0.52218},
    {"x":0.97611,
     "y":0.49829},
    {"x":0.95222,
     "y":0.47782},
    {"x":0.92833,
     "y":0.46416},
    {"x":0.90444,
     "y":0.4471},
    {"x":0.88055,
     "y":0.43686},
    {"x":0.85666,
     "y":0.42662},
    {"x":0.83276,
     "y":0.41638},
    {"x":0.80887,
     "y":0.40956},
    {"x":0.78498,
     "y":0.3959},
    {"x":0.76109,
     "y":0.37884},
    {"x":0.7372,
     "y":0.36177},
    {"x":0.75085,
     "y":0.35836},
    {"x":0.77474,
     "y":0.3686},
    {"x":0.79522,
     "y":0.3686},
    {"x":0.7884,
     "y":0.34471},
    {"x":0.77133,
     "y":0.32423},
    {"x":0.74744,
     "y":0.30717},
    {"x":0.72355,
     "y":0.2901},
    {"x":0.69966,
     "y":0.27304},
    {"x":0.67577,
     "y":0.25597},
    {"x":0.65188,
     "y":0.23549},
    {"x":0.62799,
     "y":0.22184},
    {"x":0.6041,
     "y":0.20478},
    {"x":0.5802,
     "y":0.19454},
    {"x":0.55631,
     "y":0.18771},
    {"x":0.53242,
     "y":0.18771},
    {"x":0.50853,
     "y":0.19454},
    {"x":0.48464,
     "y":0.18771},
    {"x":0.46075,
     "y":0.17747},
    {"x":0.43686,
     "y":0.16382},
    {"x":0.43345,
     "y":0.14676},
    {"x":0.42321,
     "y":0.13311},
    {"x":0.39932,
     "y":0.11945},
    {"x":0.37543,
     "y":0.1058},
    {"x":0.35154,
     "y":0.095563},
    {"x":0.32765,
     "y":0.081911},
    {"x":0.30375,
     "y":0.064846},
    {"x":0.27986,
     "y":0.054608},
    {"x":0.25597,
     "y":0.064846},
    {"x":0.23208,
     "y":0.054608},
    {"x":0.20819,
     "y":0.040956},
    {"x":0.1843,
     "y":0.027304},
    {"x":0.16041,
     "y":0.017065},
    {"x":0.13652,
     "y":0.0068259},
    {"x":0.11263,
     "y":0.003413},
    {"x":0.088737,
     "y":0},
    {"x":0.064846,
     "y":0},
    {"x":0.040956,
     "y":0.003413},
    {"x":0.017065,
     "y":0.013652},
    {"x":0,
     "y":0.03413},
    {"x":0.003413,
     "y":0.05802},
    {"x":0.010239,
     "y":0.081911},
    {"x":0.027304,
     "y":0.1058},
    {"x":0.051195,
     "y":0.12628},
    {"x":0.075085,
     "y":0.13993},
    {"x":0.098976,
     "y":0.157},
    {"x":0.12287,
     "y":0.17747},
    {"x":0.14676,
     "y":0.19113},
    {"x":0.17065,
     "y":0.20478},
    {"x":0.19454,
     "y":0.21843},
    {"x":0.21843,
     "y":0.23208},
    {"x":0.22526,
     "y":0.25597},
    {"x":0.23208,
     "y":0.27986},
    {"x":0.24232,
     "y":0.30375},
    {"x":0.24573,
     "y":0.31058}],
 "triangles":[
    {"p1":91,
     "p2":92,
     "p3":96},
    {"p1":93,
     "p2":94,
     "p3":95},
    {"p1":92,
     "p2":95,
     "p3":96},
    {"p1":92,
     "p2":93,
     "p3":95},
    {"p1":38,
     "p2":39,
     "p3":40},
    {"p1":91,
     "p2":96,
     "p3":97},
    {"p1":90,
     "p2":91,
     "p3":97},
    {"p1":90,
     "p2":97,
     "p3":98},
    {"p1":38,
     "p2":40,
     "p3":41},
    {"p1":85,
     "p2":100,
     "p3":101},
    {"p1":37,
     "p2":38,
     "p3":41},
    {"p1":42,
     "p2":44,
     "p3":45},
    {"p1":42,
     "p2":43,
     "p3":44},
    {"p1":10,
     "p2":11,
     "p3":12},
    {"p1":85,
     "p2":101,
     "p3":102},
    {"p1":80,
     "p2":83,
     "p3":105},
    {"p1":83,
     "p2":104,
     "p3":105},
    {"p1":67,
     "p2":68,
     "p3":71},
    {"p1":87,
     "p2":99,
     "p3":100},
    {"p1":16,
     "p2":17,
     "p3":64},
    {"p1":17,
     "p2":18,
     "p3":28},
    {"p1":15,
     "p2":16,
     "p3":66},
    {"p1":66,
     "p2":67,
     "p3":71},
    {"p1":10,
     "p2":12,
     "p3":66},
    {"p1":10,
     "p2":66,
     "p3":71},
    {"p1":56,
     "p2":60,
     "p3":61},
    {"p1":17,
     "p2":55,
     "p3":64},
    {"p1":17,
     "p2":28,
     "p3":55},
    {"p1":28,
     "p2":54,
     "p3":55},
    {"p1":55,
     "p2":61,
     "p3":62},
    {"p1":55,
     "p2":56,
     "p3":61},
    {"p1":56,
     "p2":59,
     "p3":60},
    {"p1":83,
     "p2":103,
     "p3":104},
    {"p1":84,
     "p2":85,
     "p3":102},
    {"p1":84,
     "p2":102,
     "p3":103},
    {"p1":83,
     "p2":84,
     "p3":103},
    {"p1":8,
     "p2":107,
     "p3":108},
    {"p1":8,
     "p2":106,
     "p3":107},
    {"p1":8,
     "p2":74,
     "p3":106},
    {"p1":8,
     "p2":73,
     "p3":74},
    {"p1":12,
     "p2":14,
     "p3":66},
    {"p1":14,
     "p2":15,
     "p3":66},
    {"p1":85,
     "p2":86,
     "p3":100},
    {"p1":86,
     "p2":87,
     "p3":100},
    {"p1":89,
     "p2":90,
     "p3":98},
    {"p1":89,
     "p2":98,
     "p3":99},
    {"p1":28,
     "p2":29,
     "p3":54},
    {"p1":29,
     "p2":53,
     "p3":54},
    {"p1":20,
     "p2":21,
     "p3":28},
    {"p1":16,
     "p2":64,
     "p3":65},
    {"p1":16,
     "p2":65,
     "p3":66},
    {"p1":55,
     "p2":63,
     "p3":64},
    {"p1":55,
     "p2":62,
     "p3":63},
    {"p1":33,
     "p2":34,
     "p3":49},
    {"p1":34,
     "p2":48,
     "p3":49},
    {"p1":34,
     "p2":47,
     "p3":48},
    {"p1":34,
     "p2":35,
     "p3":47},
    {"p1":79,
     "p2":80,
     "p3":105},
    {"p1":78,
     "p2":79,
     "p3":105},
    {"p1":77,
     "p2":105,
     "p3":106},
    {"p1":77,
     "p2":78,
     "p3":105},
    {"p1":74,
     "p2":77,
     "p3":106},
    {"p1":74,
     "p2":76,
     "p3":77},
    {"p1":80,
     "p2":81,
     "p3":83},
    {"p1":81,
     "p2":82,
     "p3":83},
    {"p1":9,
     "p2":10,
     "p3":71},
    {"p1":8,
     "p2":9,
     "p3":71},
    {"p1":0,
     "p2":8,
     "p3":108},
    {"p1":0,
     "p2":1,
     "p3":2},
    {"p1":4,
     "p2":5,
     "p3":6},
    {"p1":74,
     "p2":75,
     "p3":76},
    {"p1":12,
     "p2":13,
     "p3":14},
    {"p1":87,
     "p2":88,
     "p3":99},
    {"p1":88,
     "p2":89,
     "p3":99},
    {"p1":31,
     "p2":51,
     "p3":52},
    {"p1":21,
     "p2":27,
     "p3":28},
    {"p1":57,
     "p2":58,
     "p3":59},
    {"p1":56,
     "p2":57,
     "p3":59},
    {"p1":18,
     "p2":19,
     "p3":28},
    {"p1":19,
     "p2":20,
     "p3":28},
    {"p1":36,
     "p2":46,
     "p3":47},
    {"p1":35,
     "p2":36,
     "p3":47},
    {"p1":36,
     "p2":45,
     "p3":46},
    {"p1":36,
     "p2":42,
     "p3":45},
    {"p1":36,
     "p2":37,
     "p3":41},
    {"p1":36,
     "p2":41,
     "p3":42},
    {"p1":0,
     "p2":2,
     "p3":3},
    {"p1":0,
     "p2":3,
     "p3":8},
    {"p1":3,
     "p2":4,
     "p3":6},
    {"p1":30,
     "p2":31,
     "p3":52},
    {"p1":30,
     "p2":52,
     "p3":53},
    {"p1":29,
     "p2":30,
     "p3":53},
    {"p1":32,
     "p2":50,
     "p3":51},
    {"p1":31,
     "p2":32,
     "p3":51},
    {"p1":32,
     "p2":33,
     "p3":49},
    {"p1":32,
     "p2":49,
     "p3":50},
    {"p1":3,
     "p2":7,
     "p3":8},
    {"p1":3,
     "p2":6,
     "p3":7},
    {"p1":8,
     "p2":71,
     "p3":72},
    {"p1":8,
     "p2":72,
     "p3":73},
    {"p1":23,
     "p2":26,
     "p3":27},
    {"p1":21,
     "p2":22,
     "p3":27},
    {"p1":22,
     "p2":23,
     "p3":27},
    {"p1":23,
     "p2":24,
     "p3":26},
    {"p1":24,
     "p2":25,
     "p3":26},
    {"p1":68,
     "p2":69,
     "p3":70},
    {"p1":68,
     "p2":70,
     "p3":71}]
}