{"points":[
    {"x":0.19113,
     "y":0.14334},
    {"x":0.2116,
     "y":0.14676},
    {"x":0.23208,
     "y":0.15017},
    {"x":0.25256,
     "y":0.15358},
    {"x":0.27304,
     "y":0.157},
    {"x":0.2901,
     "y":0.17747},
    {"x":0.30375,
     "y":0.19795},
    {"x":0.32423,
     "y":0.2116},
    {"x":0.34471,
     "y":0.21843},
    {"x":0.36519,
     "y":0.21843},
    {"x":0.38567,
     "y":0.21843},
    {"x":0.40273,
     "y":0.20478},
    {"x":0.4198,
     "y":0.1843},
    {"x":0.43345,
     "y":0.19113},
    {"x":0.4471,
     "y":0.2116},
    {"x":0.46416,
     "y":0.22867},
    {"x":0.48464,
     "y":0.23891},
    {"x":0.50512,
     "y":0.24232},
    {"x":0.5256,
     "y":0.24573},
    {"x":0.54608,
     "y":0.25256},
    {"x":0.56655,
     "y":0.25597},
    {"x":0.58703,
     "y":0.25597},
    {"x":0.60751,
     "y":0.25939},
    {"x":0.62799,
     "y":0.2628},
    {"x":0.64846,
     "y":0.2628},
    {"x":0.66894,
     "y":0.2628},
    {"x":0.68942,
     "y":0.26621},
    {"x":0.7099,
     "y":0.26621},
    {"x":0.73038,
     "y":0.26621},
    {"x":0.75085,
     "y":0.26621},
    {"x":0.76451,
     "y":0.25256},
    {"x":0.74403,
     "y":0.24232},
    {"x":0.72355,
     "y":0.23208},
    {"x":0.74061,
     "y":0.22526},
    {"x":0.76109,
     "y":0.22867},
    {"x":0.78157,
     "y":0.23549},
    {"x":0.80205,
     "y":0.24232},
    {"x":0.82253,
     "y":0.25256},
    {"x":0.843,
     "y":0.2628},
    {"x":0.86348,
     "y":0.26962},
    {"x":0.88396,
     "y":0.27304},
    {"x":0.90444,
     "y":0.27645},
    {"x":0.92491,
     "y":0.27986},
    {"x":0.94539,
     "y":0.27986},
    {"x":0.96587,
     "y":0.27304},
    {"x":0.98294,
     "y":0.25939},
    {"x":0.99659,
     "y":0.23891},
    {"x":1,
     "y":0.21843},
    {"x":0.99659,
     "y":0.19795},
    {"x":0.98635,
     "y":0.17747},
    {"x":0.96928,
     "y":0.16382},
    {"x":0.94881,
     "y":0.157},
    {"x":0.92833,
     "y":0.15017},
    {"x":0.90785,
     "y":0.14676},
    {"x":0.88737,
     "y":0.14676},
    {"x":0.86689,
     "y":0.14676},
    {"x":0.84642,
     "y":0.14334},
    {"x":0.82594,
     "y":0.14334},
    {"x":0.80546,
     "y":0.14334},
    {"x":0.78498,
     "y":0.14334},
    {"x":0.76451,
     "y":0.14334},
    {"x":0.74403,
     "y":0.13652},
    {"x":0.76451,
     "y":0.12969},
    {"x":0.76451,
     "y":0.11945},
    {"x":0.74403,
     "y":0.10922},
    {"x":0.72355,
     "y":0.1058},
    {"x":0.70307,
     "y":0.098976},
    {"x":0.68259,
     "y":0.09215},
    {"x":0.66212,
     "y":0.088737},
    {"x":0.64164,
     "y":0.081911},
    {"x":0.62116,
     "y":0.075085},
    {"x":0.60068,
     "y":0.071672},
    {"x":0.5802,
     "y":0.064846},
    {"x":0.55973,
     "y":0.061433},
    {"x":0.53925,
     "y":0.061433},
    {"x":0.51877,
     "y":0.064846},
    {"x":0.49829,
     "y":0.075085},
    {"x":0.47782,
     "y":0.078498},
    {"x":0.45734,
     "y":0.075085},
    {"x":0.43686,
     "y":0.071672},
    {"x":0.41638,
     "y":0.064846},
    {"x":0.3959,
     "y":0.061433},
    {"x":0.37543,
     "y":0.05802},
    {"x":0.35495,
     "y":0.054608},
    {"x":0.33447,
     "y":0.051195},
    {"x":0.33788,
     "y":0.040956},
    {"x":0.35836,
     "y":0.03413},
    {"x":0.35154,
     "y":0.023891},
    {"x":0.33106,
     "y":0.017065},
    {"x":0.31058,
     "y":0.013652},
    {"x":0.2901,
     "y":0.0068259},
    {"x":0.26962,
     "y":0},
    {"x":0.24915,
     "y":0.0068259},
    {"x":0.22867,
     "y":0.023891},
    {"x":0.20819,
     "y":0.027304},
    {"x":0.18771,
     "y":0.023891},
    {"x":0.16724,
     "y":0.020478},
    {"x":0.14676,
     "y":0.020478},
    {"x":0.12628,
     "y":0.017065},
    {"x":0.1058,
     "y":0.020478},
    {"x":0.085324,
     "y":0.020478},
    {"x":0.064846,
     "y":0.023891},
    {"x":0.044369,
     "y":0.023891},
    {"x":0.023891,
     "y":0.03413},
    {"x":0.003413,
     "y":0.047782},
    {"x":0,
     "y":0.068259},
    {"x":0.017065,
     "y":0.088737},
    {"x":0.030717,
     "y":0.098976},
    {"x":0.051195,
     "y":0.1058},
    {"x":0.071672,
     "y":0.11604},
    {"x":0.09215,
     "y":0.11604},
    {"x":0.11263,
     "y":0.12287},
    {"x":0.13311,
     "y":0.12969},
    {"x":0.15358,
     "y":0.13311},
    {"x":0.17406,
     "y":0.13652},
    {"x":0.19113,
     "y":0.14334}],
 "triangles":[
    {"p1":45,
     "p2":46,
     "p3":47},
    {"p1":45,
     "p2":47,
     "p3":48},
    {"p1":48,
     "p2":49,
     "p3":50},
    {"p1":43,
     "p2":44,
     "p3":45},
    {"p1":42,
     "p2":43,
     "p3":51},
    {"p1":43,
     "p2":45,
     "p3":51},
    {"p1":45,
     "p2":48,
     "p3":51},
    {"p1":48,
     "p2":50,
     "p3":51},
    {"p1":1,
     "p2":93,
     "p3":94},
    {"p1":108,
     "p2":109,
     "p3":110},
    {"p1":102,
     "p2":103,
     "p3":107},
    {"p1":102,
     "p2":107,
     "p3":108},
    {"p1":3,
     "p2":4,
     "p3":84},
    {"p1":3,
     "p2":84,
     "p3":93},
    {"p1":94,
     "p2":95,
     "p3":114},
    {"p1":95,
     "p2":113,
     "p3":114},
    {"p1":95,
     "p2":96,
     "p3":113},
    {"p1":0,
     "p2":94,
     "p3":114},
    {"p1":0,
     "p2":1,
     "p3":94},
    {"p1":96,
     "p2":97,
     "p3":113},
    {"p1":97,
     "p2":98,
     "p3":111},
    {"p1":100,
     "p2":101,
     "p3":110},
    {"p1":101,
     "p2":108,
     "p3":110},
    {"p1":101,
     "p2":102,
     "p3":108},
    {"p1":98,
     "p2":99,
     "p3":111},
    {"p1":99,
     "p2":110,
     "p3":111},
    {"p1":99,
     "p2":100,
     "p3":110},
    {"p1":7,
     "p2":8,
     "p3":9},
    {"p1":9,
     "p2":10,
     "p3":11},
    {"p1":12,
     "p2":13,
     "p3":78},
    {"p1":12,
     "p2":81,
     "p3":82},
    {"p1":9,
     "p2":11,
     "p3":12},
    {"p1":21,
     "p2":22,
     "p3":69},
    {"p1":22,
     "p2":23,
     "p3":68},
    {"p1":22,
     "p2":68,
     "p3":69},
    {"p1":32,
     "p2":33,
     "p3":61},
    {"p1":33,
     "p2":60,
     "p3":61},
    {"p1":35,
     "p2":36,
     "p3":58},
    {"p1":36,
     "p2":57,
     "p3":58},
    {"p1":41,
     "p2":42,
     "p3":51},
    {"p1":41,
     "p2":51,
     "p3":52},
    {"p1":41,
     "p2":52,
     "p3":53},
    {"p1":40,
     "p2":41,
     "p3":53},
    {"p1":103,
     "p2":106,
     "p3":107},
    {"p1":104,
     "p2":105,
     "p3":106},
    {"p1":103,
     "p2":104,
     "p3":106},
    {"p1":5,
     "p2":12,
     "p3":82},
    {"p1":5,
     "p2":6,
     "p3":7},
    {"p1":5,
     "p2":7,
     "p3":9},
    {"p1":5,
     "p2":9,
     "p3":12},
    {"p1":1,
     "p2":2,
     "p3":93},
    {"p1":2,
     "p2":3,
     "p3":93},
    {"p1":97,
     "p2":111,
     "p3":112},
    {"p1":97,
     "p2":112,
     "p3":113},
    {"p1":17,
     "p2":18,
     "p3":76},
    {"p1":13,
     "p2":77,
     "p3":78},
    {"p1":13,
     "p2":76,
     "p3":77},
    {"p1":19,
     "p2":20,
     "p3":71},
    {"p1":20,
     "p2":21,
     "p3":71},
    {"p1":18,
     "p2":19,
     "p3":71},
    {"p1":5,
     "p2":82,
     "p3":83},
    {"p1":4,
     "p2":83,
     "p3":84},
    {"p1":4,
     "p2":5,
     "p3":83},
    {"p1":12,
     "p2":78,
     "p3":79},
    {"p1":32,
     "p2":61,
     "p3":66},
    {"p1":61,
     "p2":65,
     "p3":66},
    {"p1":33,
     "p2":34,
     "p3":60},
    {"p1":29,
     "p2":30,
     "p3":31},
    {"p1":61,
     "p2":64,
     "p3":65},
    {"p1":61,
     "p2":63,
     "p3":64},
    {"p1":36,
     "p2":56,
     "p3":57},
    {"p1":36,
     "p2":37,
     "p3":56},
    {"p1":61,
     "p2":62,
     "p3":63},
    {"p1":25,
     "p2":26,
     "p3":32},
    {"p1":26,
     "p2":27,
     "p3":32},
    {"p1":84,
     "p2":90,
     "p3":93},
    {"p1":84,
     "p2":89,
     "p3":90},
    {"p1":90,
     "p2":92,
     "p3":93},
    {"p1":90,
     "p2":91,
     "p3":92},
    {"p1":13,
     "p2":14,
     "p3":76},
    {"p1":14,
     "p2":17,
     "p3":76},
    {"p1":21,
     "p2":69,
     "p3":70},
    {"p1":21,
     "p2":70,
     "p3":71},
    {"p1":85,
     "p2":87,
     "p3":88},
    {"p1":84,
     "p2":85,
     "p3":89},
    {"p1":85,
     "p2":88,
     "p3":89},
    {"p1":85,
     "p2":86,
     "p3":87},
    {"p1":12,
     "p2":80,
     "p3":81},
    {"p1":12,
     "p2":79,
     "p3":80},
    {"p1":32,
     "p2":67,
     "p3":68},
    {"p1":32,
     "p2":66,
     "p3":67},
    {"p1":34,
     "p2":59,
     "p3":60},
    {"p1":35,
     "p2":58,
     "p3":59},
    {"p1":34,
     "p2":35,
     "p3":59},
    {"p1":40,
     "p2":53,
     "p3":54},
    {"p1":39,
     "p2":40,
     "p3":54},
    {"p1":37,
     "p2":38,
     "p3":55},
    {"p1":37,
     "p2":55,
     "p3":56},
    {"p1":38,
     "p2":39,
     "p3":55},
    {"p1":39,
     "p2":54,
     "p3":55},
    {"p1":24,
     "p2":32,
     "p3":68},
    {"p1":24,
     "p2":25,
     "p3":32},
    {"p1":23,
     "p2":24,
     "p3":68},
    {"p1":28,
     "p2":31,
     "p3":32},
    {"p1":27,
     "p2":28,
     "p3":32},
    {"p1":28,
     "p2":29,
     "p3":31},
    {"p1":18,
     "p2":71,
     "p3":72},
    {"p1":18,
     "p2":72,
     "p3":73},
    {"p1":18,
     "p2":74,
     "p3":76},
    {"p1":18,
     "p2":73,
     "p3":74},
    {"p1":74,
     "p2":75,
     "p3":76},
    {"p1":14,
     "p2":15,
     "p3":16},
    {"p1":14,
     "p2":16,
     "p3":17}]
}