{"points":[
    {"x":0.22187,
     "y":0.51562},
    {"x":0.25312,
     "y":0.50938},
    {"x":0.28437,
     "y":0.5},
    {"x":0.30625,
     "y":0.475},
    {"x":0.325,
     "y":0.44375},
    {"x":0.35625,
     "y":0.47187},
    {"x":0.34687,
     "y":0.50313},
    {"x":0.3375,
     "y":0.53438},
    {"x":0.33125,
     "y":0.56563},
    {"x":0.33125,
     "y":0.59688},
    {"x":0.34063,
     "y":0.62813},
    {"x":0.3625,
     "y":0.65312},
    {"x":0.39375,
     "y":0.675},
    {"x":0.425,
     "y":0.69063},
    {"x":0.45625,
     "y":0.70937},
    {"x":0.48438,
     "y":0.73125},
    {"x":0.51562,
     "y":0.75},
    {"x":0.54375,
     "y":0.76875},
    {"x":0.575,
     "y":0.78438},
    {"x":0.60625,
     "y":0.79688},
    {"x":0.60938,
     "y":0.76875},
    {"x":0.59375,
     "y":0.7375},
    {"x":0.57812,
     "y":0.70625},
    {"x":0.5625,
     "y":0.675},
    {"x":0.5875,
     "y":0.68125},
    {"x":0.61562,
     "y":0.70937},
    {"x":0.64375,
     "y":0.73125},
    {"x":0.67188,
     "y":0.75938},
    {"x":0.7,
     "y":0.79063},
    {"x":0.725,
     "y":0.82188},
    {"x":0.74062,
     "y":0.85},
    {"x":0.76562,
     "y":0.88125},
    {"x":0.78438,
     "y":0.9125},
    {"x":0.8,
     "y":0.94375},
    {"x":0.81563,
     "y":0.975},
    {"x":0.84375,
     "y":0.99375},
    {"x":0.875,
     "y":1},
    {"x":0.90625,
     "y":0.98438},
    {"x":0.93437,
     "y":0.9625},
    {"x":0.95312,
     "y":0.93125},
    {"x":0.95,
     "y":0.9},
    {"x":0.93125,
     "y":0.86875},
    {"x":0.90625,
     "y":0.84062},
    {"x":0.875,
     "y":0.81563},
    {"x":0.84375,
     "y":0.79375},
    {"x":0.8125,
     "y":0.76875},
    {"x":0.78125,
     "y":0.7375},
    {"x":0.75313,
     "y":0.71562},
    {"x":0.73125,
     "y":0.6875},
    {"x":0.70312,
     "y":0.65938},
    {"x":0.68125,
     "y":0.62813},
    {"x":0.65625,
     "y":0.6},
    {"x":0.6625,
     "y":0.58437},
    {"x":0.69375,
     "y":0.59688},
    {"x":0.725,
     "y":0.60938},
    {"x":0.74375,
     "y":0.59688},
    {"x":0.725,
     "y":0.56563},
    {"x":0.70312,
     "y":0.53438},
    {"x":0.675,
     "y":0.50625},
    {"x":0.65312,
     "y":0.47813},
    {"x":0.62187,
     "y":0.44688},
    {"x":0.59375,
     "y":0.41875},
    {"x":0.5625,
     "y":0.39687},
    {"x":0.53125,
     "y":0.39062},
    {"x":0.5,
     "y":0.39062},
    {"x":0.47187,
     "y":0.36875},
    {"x":0.45312,
     "y":0.3375},
    {"x":0.425,
     "y":0.30625},
    {"x":0.43438,
     "y":0.30312},
    {"x":0.4625,
     "y":0.32812},
    {"x":0.49375,
     "y":0.34063},
    {"x":0.50313,
     "y":0.325},
    {"x":0.475,
     "y":0.29688},
    {"x":0.45,
     "y":0.26875},
    {"x":0.425,
     "y":0.2375},
    {"x":0.39687,
     "y":0.20625},
    {"x":0.36875,
     "y":0.175},
    {"x":0.3375,
     "y":0.1625},
    {"x":0.30625,
     "y":0.16562},
    {"x":0.275,
     "y":0.15937},
    {"x":0.25,
     "y":0.12812},
    {"x":0.22187,
     "y":0.1},
    {"x":0.19375,
     "y":0.071875},
    {"x":0.16562,
     "y":0.05},
    {"x":0.13437,
     "y":0.03125},
    {"x":0.10625,
     "y":0.015625},
    {"x":0.075,
     "y":0.003125},
    {"x":0.04375,
     "y":0},
    {"x":0.0125,
     "y":0.0125},
    {"x":0,
     "y":0.04375},
    {"x":0.0125,
     "y":0.075},
    {"x":0.028125,
     "y":0.10625},
    {"x":0.034375,
     "y":0.1375},
    {"x":0.059375,
     "y":0.15937},
    {"x":0.08125,
     "y":0.18125},
    {"x":0.10312,
     "y":0.2125},
    {"x":0.13125,
     "y":0.24063},
    {"x":0.15313,
     "y":0.26875},
    {"x":0.18438,
     "y":0.3},
    {"x":0.20625,
     "y":0.33125},
    {"x":0.18125,
     "y":0.3625},
    {"x":0.16562,
     "y":0.39375},
    {"x":0.15625,
     "y":0.425},
    {"x":0.15,
     "y":0.45625},
    {"x":0.16562,
     "y":0.4875},
    {"x":0.19687,
     "y":0.50625},
    {"x":0.22187,
     "y":0.51562}],
 "triangles":[
    {"p1":87,
     "p2":88,
     "p3":89},
    {"p1":37,
     "p2":38,
     "p3":41},
    {"p1":35,
     "p2":36,
     "p3":37},
    {"p1":38,
     "p2":39,
     "p3":40},
    {"p1":38,
     "p2":40,
     "p3":41},
    {"p1":33,
     "p2":37,
     "p3":41},
    {"p1":33,
     "p2":34,
     "p3":35},
    {"p1":33,
     "p2":35,
     "p3":37},
    {"p1":0,
     "p2":1,
     "p3":105},
    {"p1":8,
     "p2":9,
     "p3":11},
    {"p1":9,
     "p2":10,
     "p3":11},
    {"p1":4,
     "p2":66,
     "p3":67},
    {"p1":1,
     "p2":2,
     "p3":3},
    {"p1":5,
     "p2":6,
     "p3":64},
    {"p1":23,
     "p2":60,
     "p3":64},
    {"p1":6,
     "p2":23,
     "p3":64},
    {"p1":67,
     "p2":74,
     "p3":75},
    {"p1":53,
     "p2":56,
     "p3":57},
    {"p1":52,
     "p2":53,
     "p3":57},
    {"p1":31,
     "p2":32,
     "p3":43},
    {"p1":6,
     "p2":13,
     "p3":23},
    {"p1":6,
     "p2":7,
     "p3":13},
    {"p1":67,
     "p2":73,
     "p3":74},
    {"p1":5,
     "p2":64,
     "p3":65},
    {"p1":4,
     "p2":5,
     "p3":65},
    {"p1":4,
     "p2":65,
     "p3":66},
    {"p1":4,
     "p2":67,
     "p3":99},
    {"p1":67,
     "p2":75,
     "p3":99},
    {"p1":15,
     "p2":16,
     "p3":23},
    {"p1":53,
     "p2":54,
     "p3":56},
    {"p1":54,
     "p2":55,
     "p3":56},
    {"p1":31,
     "p2":43,
     "p3":44},
    {"p1":30,
     "p2":44,
     "p3":45},
    {"p1":30,
     "p2":31,
     "p3":44},
    {"p1":32,
     "p2":42,
     "p3":43},
    {"p1":32,
     "p2":33,
     "p3":42},
    {"p1":33,
     "p2":41,
     "p3":42},
    {"p1":52,
     "p2":57,
     "p3":58},
    {"p1":23,
     "p2":51,
     "p3":60},
    {"p1":51,
     "p2":52,
     "p3":60},
    {"p1":18,
     "p2":19,
     "p3":20},
    {"p1":29,
     "p2":30,
     "p3":45},
    {"p1":81,
     "p2":94,
     "p3":95},
    {"p1":91,
     "p2":92,
     "p3":93},
    {"p1":14,
     "p2":15,
     "p3":23},
    {"p1":13,
     "p2":14,
     "p3":23},
    {"p1":7,
     "p2":12,
     "p3":13},
    {"p1":8,
     "p2":11,
     "p3":12},
    {"p1":7,
     "p2":8,
     "p3":12},
    {"p1":67,
     "p2":68,
     "p3":73},
    {"p1":69,
     "p2":70,
     "p3":71},
    {"p1":60,
     "p2":61,
     "p3":64},
    {"p1":75,
     "p2":76,
     "p3":78},
    {"p1":75,
     "p2":78,
     "p3":99},
    {"p1":3,
     "p2":4,
     "p3":101},
    {"p1":1,
     "p2":3,
     "p3":101},
    {"p1":85,
     "p2":86,
     "p3":90},
    {"p1":85,
     "p2":90,
     "p3":91},
    {"p1":87,
     "p2":89,
     "p3":90},
    {"p1":86,
     "p2":87,
     "p3":90},
    {"p1":16,
     "p2":22,
     "p3":23},
    {"p1":27,
     "p2":28,
     "p3":47},
    {"p1":52,
     "p2":59,
     "p3":60},
    {"p1":52,
     "p2":58,
     "p3":59},
    {"p1":83,
     "p2":93,
     "p3":94},
    {"p1":68,
     "p2":69,
     "p3":72},
    {"p1":68,
     "p2":72,
     "p3":73},
    {"p1":69,
     "p2":71,
     "p3":72},
    {"p1":61,
     "p2":63,
     "p3":64},
    {"p1":61,
     "p2":62,
     "p3":63},
    {"p1":76,
     "p2":77,
     "p3":78},
    {"p1":4,
     "p2":99,
     "p3":100},
    {"p1":4,
     "p2":100,
     "p3":101},
    {"p1":1,
     "p2":102,
     "p3":105},
    {"p1":1,
     "p2":101,
     "p3":102},
    {"p1":102,
     "p2":104,
     "p3":105},
    {"p1":102,
     "p2":103,
     "p3":104},
    {"p1":23,
     "p2":24,
     "p3":51},
    {"p1":24,
     "p2":25,
     "p3":50},
    {"p1":24,
     "p2":50,
     "p3":51},
    {"p1":16,
     "p2":17,
     "p3":22},
    {"p1":18,
     "p2":20,
     "p3":21},
    {"p1":17,
     "p2":18,
     "p3":21},
    {"p1":17,
     "p2":21,
     "p3":22},
    {"p1":29,
     "p2":45,
     "p3":46},
    {"p1":28,
     "p2":29,
     "p3":46},
    {"p1":28,
     "p2":46,
     "p3":47},
    {"p1":27,
     "p2":47,
     "p3":48},
    {"p1":26,
     "p2":27,
     "p3":48},
    {"p1":84,
     "p2":85,
     "p3":91},
    {"p1":84,
     "p2":91,
     "p3":93},
    {"p1":83,
     "p2":84,
     "p3":93},
    {"p1":81,
     "p2":82,
     "p3":94},
    {"p1":82,
     "p2":83,
     "p3":94},
    {"p1":81,
     "p2":95,
     "p3":96},
    {"p1":79,
     "p2":96,
     "p3":97},
    {"p1":80,
     "p2":81,
     "p3":96},
    {"p1":79,
     "p2":80,
     "p3":96},
    {"p1":26,
     "p2":48,
     "p3":49},
    {"p1":25,
     "p2":49,
     "p3":50},
    {"p1":25,
     "p2":26,
     "p3":49},
    {"p1":79,
     "p2":97,
     "p3":98},
    {"p1":78,
     "p2":98,
     "p3":99},
    {"p1":78,
     "p2":79,
     "p3":98}]
}