{"points":[
    {"x":0.17352,
     "y":0.48858},
    {"x":0.19178,
     "y":0.51598},
    {"x":0.21461,
     "y":0.53425},
    {"x":0.24201,
     "y":0.54338},
    {"x":0.26941,
     "y":0.53881},
    {"x":0.2968,
     "y":0.52511},
    {"x":0.3242,
     "y":0.50228},
    {"x":0.3516,
     "y":0.48858},
    {"x":0.36986,
     "y":0.51142},
    {"x":0.36073,
     "y":0.53881},
    {"x":0.36073,
     "y":0.56621},
    {"x":0.35616,
     "y":0.59361},
    {"x":0.35616,
     "y":0.621},
    {"x":0.36073,
     "y":0.6484},
    {"x":0.36986,
     "y":0.6758},
    {"x":0.39269,
     "y":0.69406},
    {"x":0.42009,
     "y":0.71689},
    {"x":0.44749,
     "y":0.72603},
    {"x":0.47489,
     "y":0.73516},
    {"x":0.50228,
     "y":0.73973},
    {"x":0.52968,
     "y":0.74886},
    {"x":0.55708,
     "y":0.75342},
    {"x":0.58447,
     "y":0.75799},
    {"x":0.59817,
     "y":0.74429},
    {"x":0.58447,
     "y":0.71689},
    {"x":0.57534,
     "y":0.6895},
    {"x":0.60274,
     "y":0.71233},
    {"x":0.63014,
     "y":0.73973},
    {"x":0.65753,
     "y":0.76712},
    {"x":0.68037,
     "y":0.79452},
    {"x":0.6895,
     "y":0.82192},
    {"x":0.71233,
     "y":0.84932},
    {"x":0.72146,
     "y":0.87671},
    {"x":0.73516,
     "y":0.90411},
    {"x":0.75342,
     "y":0.93151},
    {"x":0.76712,
     "y":0.9589},
    {"x":0.78995,
     "y":0.98174},
    {"x":0.81279,
     "y":1},
    {"x":0.84018,
     "y":1},
    {"x":0.86758,
     "y":0.98174},
    {"x":0.89041,
     "y":0.9589},
    {"x":0.91324,
     "y":0.93151},
    {"x":0.93607,
     "y":0.90411},
    {"x":0.94064,
     "y":0.87671},
    {"x":0.93607,
     "y":0.84932},
    {"x":0.90868,
     "y":0.82192},
    {"x":0.88128,
     "y":0.79909},
    {"x":0.85845,
     "y":0.78082},
    {"x":0.83105,
     "y":0.76712},
    {"x":0.80365,
     "y":0.74886},
    {"x":0.77626,
     "y":0.73059},
    {"x":0.74886,
     "y":0.70776},
    {"x":0.72603,
     "y":0.68037},
    {"x":0.7032,
     "y":0.65297},
    {"x":0.68037,
     "y":0.62557},
    {"x":0.7032,
     "y":0.6347},
    {"x":0.72603,
     "y":0.62557},
    {"x":0.71689,
     "y":0.59817},
    {"x":0.71689,
     "y":0.57078},
    {"x":0.70776,
     "y":0.54338},
    {"x":0.7032,
     "y":0.51598},
    {"x":0.69406,
     "y":0.48858},
    {"x":0.68037,
     "y":0.46119},
    {"x":0.6621,
     "y":0.44292},
    {"x":0.63927,
     "y":0.42009},
    {"x":0.61187,
     "y":0.40183},
    {"x":0.58447,
     "y":0.39726},
    {"x":0.55708,
     "y":0.39726},
    {"x":0.52968,
     "y":0.38813},
    {"x":0.51142,
     "y":0.3653},
    {"x":0.48858,
     "y":0.3379},
    {"x":0.47032,
     "y":0.3105},
    {"x":0.45205,
     "y":0.28767},
    {"x":0.44749,
     "y":0.26941},
    {"x":0.47489,
     "y":0.28767},
    {"x":0.50228,
     "y":0.29224},
    {"x":0.49772,
     "y":0.26941},
    {"x":0.47489,
     "y":0.24201},
    {"x":0.45662,
     "y":0.21918},
    {"x":0.43379,
     "y":0.19178},
    {"x":0.41096,
     "y":0.16438},
    {"x":0.38356,
     "y":0.13699},
    {"x":0.35616,
     "y":0.14155},
    {"x":0.32877,
     "y":0.14155},
    {"x":0.30137,
     "y":0.13242},
    {"x":0.27397,
     "y":0.10959},
    {"x":0.25114,
     "y":0.086758},
    {"x":0.22831,
     "y":0.068493},
    {"x":0.20091,
     "y":0.050228},
    {"x":0.17352,
     "y":0.03653},
    {"x":0.14612,
     "y":0.022831},
    {"x":0.11872,
     "y":0.013699},
    {"x":0.091324,
     "y":0.0045662},
    {"x":0.063927,
     "y":0.0045662},
    {"x":0.03653,
     "y":0},
    {"x":0.0091324,
     "y":0.0091324},
    {"x":0,
     "y":0.03653},
    {"x":0,
     "y":0.063927},
    {"x":0.013699,
     "y":0.091324},
    {"x":0.018265,
     "y":0.11872},
    {"x":0.03653,
     "y":0.14612},
    {"x":0.063927,
     "y":0.16895},
    {"x":0.086758,
     "y":0.19635},
    {"x":0.10502,
     "y":0.22374},
    {"x":0.12329,
     "y":0.25114},
    {"x":0.14612,
     "y":0.27397},
    {"x":0.16895,
     "y":0.2968},
    {"x":0.19178,
     "y":0.31963},
    {"x":0.20091,
     "y":0.34703},
    {"x":0.18721,
     "y":0.37443},
    {"x":0.17352,
     "y":0.40183},
    {"x":0.16438,
     "y":0.42466},
    {"x":0.15982,
     "y":0.45205},
    {"x":0.16895,
     "y":0.47945},
    {"x":0.17352,
     "y":0.48858}],
 "triangles":[
    {"p1":41,
     "p2":42,
     "p3":43},
    {"p1":93,
     "p2":96,
     "p3":97},
    {"p1":93,
     "p2":94,
     "p3":96},
    {"p1":94,
     "p2":95,
     "p3":96},
    {"p1":36,
     "p2":37,
     "p3":38},
    {"p1":36,
     "p2":38,
     "p3":39},
    {"p1":7,
     "p2":72,
     "p3":108},
    {"p1":6,
     "p2":7,
     "p3":108},
    {"p1":1,
     "p2":2,
     "p3":4},
    {"p1":2,
     "p2":3,
     "p3":4},
    {"p1":34,
     "p2":35,
     "p3":40},
    {"p1":34,
     "p2":40,
     "p3":41},
    {"p1":13,
     "p2":14,
     "p3":15},
    {"p1":15,
     "p2":16,
     "p3":17},
    {"p1":11,
     "p2":15,
     "p3":17},
    {"p1":8,
     "p2":25,
     "p3":67},
    {"p1":11,
     "p2":17,
     "p3":25},
    {"p1":41,
     "p2":43,
     "p3":45},
    {"p1":43,
     "p2":44,
     "p3":45},
    {"p1":7,
     "p2":8,
     "p3":69},
    {"p1":1,
     "p2":4,
     "p3":5},
    {"p1":11,
     "p2":12,
     "p3":15},
    {"p1":12,
     "p2":13,
     "p3":15},
    {"p1":63,
     "p2":64,
     "p3":67},
    {"p1":25,
     "p2":63,
     "p3":67},
    {"p1":10,
     "p2":11,
     "p3":25},
    {"p1":8,
     "p2":10,
     "p3":25},
    {"p1":33,
     "p2":46,
     "p3":47},
    {"p1":33,
     "p2":34,
     "p3":46},
    {"p1":34,
     "p2":41,
     "p3":46},
    {"p1":41,
     "p2":45,
     "p3":46},
    {"p1":80,
     "p2":81,
     "p3":82},
    {"p1":72,
     "p2":73,
     "p3":108},
    {"p1":7,
     "p2":69,
     "p3":70},
    {"p1":8,
     "p2":67,
     "p3":68},
    {"p1":8,
     "p2":68,
     "p3":69},
    {"p1":73,
     "p2":77,
     "p3":78},
    {"p1":6,
     "p2":108,
     "p3":109},
    {"p1":6,
     "p2":109,
     "p3":110},
    {"p1":0,
     "p2":1,
     "p3":5},
    {"p1":93,
     "p2":97,
     "p3":98},
    {"p1":92,
     "p2":93,
     "p3":98},
    {"p1":98,
     "p2":99,
     "p3":100},
    {"p1":20,
     "p2":24,
     "p3":25},
    {"p1":20,
     "p2":21,
     "p3":24},
    {"p1":8,
     "p2":9,
     "p3":10},
    {"p1":31,
     "p2":49,
     "p3":50},
    {"p1":30,
     "p2":31,
     "p3":50},
    {"p1":64,
     "p2":66,
     "p3":67},
    {"p1":64,
     "p2":65,
     "p3":66},
    {"p1":7,
     "p2":71,
     "p3":72},
    {"p1":7,
     "p2":70,
     "p3":71},
    {"p1":73,
     "p2":78,
     "p3":79},
    {"p1":79,
     "p2":80,
     "p3":82},
    {"p1":79,
     "p2":82,
     "p3":83},
    {"p1":73,
     "p2":79,
     "p3":83},
    {"p1":61,
     "p2":62,
     "p3":63},
    {"p1":17,
     "p2":18,
     "p3":25},
    {"p1":31,
     "p2":48,
     "p3":49},
    {"p1":31,
     "p2":32,
     "p3":48},
    {"p1":21,
     "p2":22,
     "p3":24},
    {"p1":22,
     "p2":23,
     "p3":24},
    {"p1":25,
     "p2":26,
     "p3":54},
    {"p1":54,
     "p2":60,
     "p3":61},
    {"p1":25,
     "p2":54,
     "p3":63},
    {"p1":54,
     "p2":61,
     "p3":63},
    {"p1":73,
     "p2":107,
     "p3":108},
    {"p1":73,
     "p2":83,
     "p3":107},
    {"p1":83,
     "p2":84,
     "p3":107},
    {"p1":84,
     "p2":106,
     "p3":107},
    {"p1":74,
     "p2":75,
     "p3":76},
    {"p1":74,
     "p2":76,
     "p3":77},
    {"p1":73,
     "p2":74,
     "p3":77},
    {"p1":111,
     "p2":112,
     "p3":113},
    {"p1":19,
     "p2":20,
     "p3":25},
    {"p1":18,
     "p2":19,
     "p3":25},
    {"p1":29,
     "p2":50,
     "p3":51},
    {"p1":29,
     "p2":30,
     "p3":50},
    {"p1":28,
     "p2":29,
     "p3":51},
    {"p1":28,
     "p2":51,
     "p3":52},
    {"p1":27,
     "p2":28,
     "p3":52},
    {"p1":27,
     "p2":52,
     "p3":53},
    {"p1":26,
     "p2":27,
     "p3":53},
    {"p1":26,
     "p2":53,
     "p3":54},
    {"p1":55,
     "p2":56,
     "p3":57},
    {"p1":54,
     "p2":55,
     "p3":57},
    {"p1":54,
     "p2":57,
     "p3":58},
    {"p1":54,
     "p2":59,
     "p3":60},
    {"p1":54,
     "p2":58,
     "p3":59},
    {"p1":84,
     "p2":105,
     "p3":106},
    {"p1":85,
     "p2":104,
     "p3":105},
    {"p1":84,
     "p2":85,
     "p3":105},
    {"p1":87,
     "p2":88,
     "p3":102},
    {"p1":91,
     "p2":98,
     "p3":100},
    {"p1":91,
     "p2":92,
     "p3":98},
    {"p1":85,
     "p2":103,
     "p3":104},
    {"p1":91,
     "p2":100,
     "p3":101},
    {"p1":90,
     "p2":91,
     "p3":101},
    {"p1":86,
     "p2":87,
     "p3":102},
    {"p1":86,
     "p2":102,
     "p3":103},
    {"p1":85,
     "p2":86,
     "p3":103},
    {"p1":88,
     "p2":89,
     "p3":102},
    {"p1":89,
     "p2":101,
     "p3":102},
    {"p1":89,
     "p2":90,
     "p3":101},
    {"p1":35,
     "p2":36,
     "p3":40},
    {"p1":36,
     "p2":39,
     "p3":40},
    {"p1":0,
     "p2":6,
     "p3":110},
    {"p1":0,
     "p2":5,
     "p3":6},
    {"p1":32,
     "p2":33,
     "p3":48},
    {"p1":33,
     "p2":47,
     "p3":48},
    {"p1":0,
     "p2":110,
     "p3":113},
    {"p1":110,
     "p2":111,
     "p3":113}]
}