{"points":[
    {"x":0.37419,
     "y":0.49677},
    {"x":0.34839,
     "y":0.52258},
    {"x":0.32903,
     "y":0.54194},
    {"x":0.30968,
     "y":0.56774},
    {"x":0.28387,
     "y":0.58065},
    {"x":0.25806,
     "y":0.6},
    {"x":0.25806,
     "y":0.57419},
    {"x":0.23226,
     "y":0.5871},
    {"x":0.20645,
     "y":0.6129},
    {"x":0.1871,
     "y":0.63871},
    {"x":0.16774,
     "y":0.66452},
    {"x":0.14839,
     "y":0.69032},
    {"x":0.14194,
     "y":0.71613},
    {"x":0.12258,
     "y":0.74194},
    {"x":0.096774,
     "y":0.76774},
    {"x":0.070968,
     "y":0.79355},
    {"x":0.051613,
     "y":0.81935},
    {"x":0.032258,
     "y":0.83871},
    {"x":0.019355,
     "y":0.86452},
    {"x":0.0064516,
     "y":0.89032},
    {"x":0,
     "y":0.91613},
    {"x":0,
     "y":0.94194},
    {"x":0.025806,
     "y":0.96774},
    {"x":0.051613,
     "y":0.97419},
    {"x":0.077419,
     "y":0.97419},
    {"x":0.10323,
     "y":0.96774},
    {"x":0.12903,
     "y":0.96129},
    {"x":0.14839,
     "y":0.94194},
    {"x":0.17419,
     "y":0.92258},
    {"x":0.2,
     "y":0.90323},
    {"x":0.22581,
     "y":0.87742},
    {"x":0.24516,
     "y":0.86452},
    {"x":0.26452,
     "y":0.84516},
    {"x":0.29032,
     "y":0.82581},
    {"x":0.30968,
     "y":0.80645},
    {"x":0.33548,
     "y":0.78065},
    {"x":0.36129,
     "y":0.7871},
    {"x":0.3871,
     "y":0.79355},
    {"x":0.4129,
     "y":0.8},
    {"x":0.43871,
     "y":0.79355},
    {"x":0.46452,
     "y":0.79355},
    {"x":0.49032,
     "y":0.7871},
    {"x":0.51613,
     "y":0.76129},
    {"x":0.50968,
     "y":0.73548},
    {"x":0.49677,
     "y":0.70968},
    {"x":0.48387,
     "y":0.68387},
    {"x":0.45806,
     "y":0.65806},
    {"x":0.47742,
     "y":0.63871},
    {"x":0.50323,
     "y":0.63871},
    {"x":0.52903,
     "y":0.63871},
    {"x":0.55484,
     "y":0.64516},
    {"x":0.58065,
     "y":0.63226},
    {"x":0.60645,
     "y":0.61935},
    {"x":0.62581,
     "y":0.59355},
    {"x":0.65161,
     "y":0.58065},
    {"x":0.67742,
     "y":0.55484},
    {"x":0.69677,
     "y":0.52903},
    {"x":0.71613,
     "y":0.50968},
    {"x":0.72903,
     "y":0.48387},
    {"x":0.75484,
     "y":0.45806},
    {"x":0.76774,
     "y":0.43226},
    {"x":0.7871,
     "y":0.40645},
    {"x":0.79355,
     "y":0.38065},
    {"x":0.77419,
     "y":0.36129},
    {"x":0.74839,
     "y":0.36774},
    {"x":0.72258,
     "y":0.38065},
    {"x":0.69677,
     "y":0.37419},
    {"x":0.70323,
     "y":0.34839},
    {"x":0.72258,
     "y":0.32903},
    {"x":0.74194,
     "y":0.30968},
    {"x":0.76774,
     "y":0.29032},
    {"x":0.79355,
     "y":0.27097},
    {"x":0.81935,
     "y":0.25806},
    {"x":0.84516,
     "y":0.24516},
    {"x":0.87097,
     "y":0.22581},
    {"x":0.89677,
     "y":0.20645},
    {"x":0.92258,
     "y":0.18065},
    {"x":0.94194,
     "y":0.16774},
    {"x":0.96129,
     "y":0.14194},
    {"x":0.98065,
     "y":0.11613},
    {"x":0.9871,
     "y":0.090323},
    {"x":0.99355,
     "y":0.064516},
    {"x":1,
     "y":0.03871},
    {"x":1,
     "y":0.012903},
    {"x":0.98065,
     "y":0},
    {"x":0.95484,
     "y":0.0064516},
    {"x":0.92903,
     "y":0.0064516},
    {"x":0.90323,
     "y":0.012903},
    {"x":0.87742,
     "y":0.019355},
    {"x":0.85161,
     "y":0.03871},
    {"x":0.82581,
     "y":0.064516},
    {"x":0.8,
     "y":0.090323},
    {"x":0.78065,
     "y":0.11613},
    {"x":0.76774,
     "y":0.14194},
    {"x":0.74839,
     "y":0.16774},
    {"x":0.73548,
     "y":0.19355},
    {"x":0.70968,
     "y":0.21935},
    {"x":0.68387,
     "y":0.24516},
    {"x":0.65806,
     "y":0.27097},
    {"x":0.63226,
     "y":0.27097},
    {"x":0.63871,
     "y":0.24516},
    {"x":0.63871,
     "y":0.21935},
    {"x":0.6129,
     "y":0.21935},
    {"x":0.5871,
     "y":0.23226},
    {"x":0.56129,
     "y":0.25161},
    {"x":0.54194,
     "y":0.27097},
    {"x":0.51613,
     "y":0.28387},
    {"x":0.49032,
     "y":0.30323},
    {"x":0.46452,
     "y":0.31613},
    {"x":0.43871,
     "y":0.34194},
    {"x":0.4129,
     "y":0.36774},
    {"x":0.4,
     "y":0.39355},
    {"x":0.39355,
     "y":0.41935},
    {"x":0.38065,
     "y":0.44516},
    {"x":0.3871,
     "y":0.47097},
    {"x":0.37419,
     "y":0.49677},
    {"x":0.37419,
     "y":0.49677}],
 "triangles":[
    {"p1":20,
     "p2":22,
     "p3":23},
    {"p1":20,
     "p2":21,
     "p3":22},
    {"p1":48,
     "p2":49,
     "p3":114},
    {"p1":19,
     "p2":20,
     "p3":23},
    {"p1":19,
     "p2":23,
     "p3":24},
    {"p1":18,
     "p2":19,
     "p3":24},
    {"p1":18,
     "p2":24,
     "p3":25},
    {"p1":12,
     "p2":13,
     "p3":32},
    {"p1":36,
     "p2":37,
     "p3":46},
    {"p1":10,
     "p2":12,
     "p3":34},
    {"p1":10,
     "p2":11,
     "p3":12},
    {"p1":15,
     "p2":28,
     "p3":29},
    {"p1":17,
     "p2":18,
     "p3":27},
    {"p1":25,
     "p2":26,
     "p3":27},
    {"p1":18,
     "p2":25,
     "p3":27},
    {"p1":41,
     "p2":42,
     "p3":43},
    {"p1":40,
     "p2":41,
     "p3":43},
    {"p1":40,
     "p2":43,
     "p3":44},
    {"p1":12,
     "p2":33,
     "p3":34},
    {"p1":12,
     "p2":32,
     "p3":33},
    {"p1":13,
     "p2":31,
     "p3":32},
    {"p1":82,
     "p2":83,
     "p3":84},
    {"p1":82,
     "p2":84,
     "p3":85},
    {"p1":81,
     "p2":85,
     "p3":86},
    {"p1":81,
     "p2":82,
     "p3":85},
    {"p1":66,
     "p2":106,
     "p3":107},
    {"p1":66,
     "p2":107,
     "p3":109},
    {"p1":47,
     "p2":48,
     "p3":114},
    {"p1":112,
     "p2":113,
     "p3":114},
    {"p1":3,
     "p2":35,
     "p3":46},
    {"p1":35,
     "p2":36,
     "p3":46},
    {"p1":10,
     "p2":34,
     "p3":35},
    {"p1":9,
     "p2":10,
     "p3":35},
    {"p1":14,
     "p2":15,
     "p3":29},
    {"p1":15,
     "p2":16,
     "p3":28},
    {"p1":16,
     "p2":27,
     "p3":28},
    {"p1":16,
     "p2":17,
     "p3":27},
    {"p1":79,
     "p2":80,
     "p3":87},
    {"p1":80,
     "p2":86,
     "p3":87},
    {"p1":80,
     "p2":81,
     "p3":86},
    {"p1":78,
     "p2":79,
     "p3":87},
    {"p1":77,
     "p2":78,
     "p3":90},
    {"p1":107,
     "p2":108,
     "p3":109},
    {"p1":1,
     "p2":46,
     "p3":47},
    {"p1":109,
     "p2":110,
     "p3":111},
    {"p1":109,
     "p2":111,
     "p3":112},
    {"p1":14,
     "p2":29,
     "p3":30},
    {"p1":13,
     "p2":30,
     "p3":31},
    {"p1":13,
     "p2":14,
     "p3":30},
    {"p1":55,
     "p2":56,
     "p3":66},
    {"p1":56,
     "p2":58,
     "p3":66},
    {"p1":56,
     "p2":57,
     "p3":58},
    {"p1":49,
     "p2":50,
     "p3":51},
    {"p1":39,
     "p2":40,
     "p3":44},
    {"p1":39,
     "p2":44,
     "p3":45},
    {"p1":39,
     "p2":45,
     "p3":46},
    {"p1":37,
     "p2":39,
     "p3":46},
    {"p1":37,
     "p2":38,
     "p3":39},
    {"p1":72,
     "p2":94,
     "p3":95},
    {"p1":73,
     "p2":93,
     "p3":94},
    {"p1":72,
     "p2":73,
     "p3":94},
    {"p1":75,
     "p2":91,
     "p3":92},
    {"p1":100,
     "p2":102,
     "p3":103},
    {"p1":99,
     "p2":100,
     "p3":103},
    {"p1":66,
     "p2":105,
     "p3":106},
    {"p1":66,
     "p2":99,
     "p3":105},
    {"p1":78,
     "p2":89,
     "p3":90},
    {"p1":87,
     "p2":88,
     "p3":89},
    {"p1":78,
     "p2":87,
     "p3":89},
    {"p1":73,
     "p2":74,
     "p3":93},
    {"p1":74,
     "p2":92,
     "p3":93},
    {"p1":74,
     "p2":75,
     "p3":92},
    {"p1":76,
     "p2":77,
     "p3":90},
    {"p1":76,
     "p2":90,
     "p3":91},
    {"p1":75,
     "p2":76,
     "p3":91},
    {"p1":2,
     "p2":3,
     "p3":46},
    {"p1":1,
     "p2":2,
     "p3":46},
    {"p1":0,
     "p2":47,
     "p3":114},
    {"p1":0,
     "p2":1,
     "p3":47},
    {"p1":5,
     "p2":9,
     "p3":35},
    {"p1":5,
     "p2":8,
     "p3":9},
    {"p1":5,
     "p2":6,
     "p3":7},
    {"p1":5,
     "p2":7,
     "p3":8},
    {"p1":49,
     "p2":51,
     "p3":53},
    {"p1":49,
     "p2":53,
     "p3":114},
    {"p1":53,
     "p2":112,
     "p3":114},
    {"p1":53,
     "p2":109,
     "p3":112},
    {"p1":53,
     "p2":54,
     "p3":55},
    {"p1":53,
     "p2":66,
     "p3":109},
    {"p1":53,
     "p2":55,
     "p3":66},
    {"p1":51,
     "p2":52,
     "p3":53},
    {"p1":100,
     "p2":101,
     "p3":102},
    {"p1":67,
     "p2":68,
     "p3":98},
    {"p1":66,
     "p2":67,
     "p3":99},
    {"p1":67,
     "p2":98,
     "p3":99},
    {"p1":60,
     "p2":61,
     "p3":64},
    {"p1":70,
     "p2":96,
     "p3":97},
    {"p1":99,
     "p2":103,
     "p3":104},
    {"p1":99,
     "p2":104,
     "p3":105},
    {"p1":3,
     "p2":4,
     "p3":35},
    {"p1":4,
     "p2":5,
     "p3":35},
    {"p1":60,
     "p2":64,
     "p3":65},
    {"p1":59,
     "p2":60,
     "p3":65},
    {"p1":58,
     "p2":59,
     "p3":65},
    {"p1":58,
     "p2":65,
     "p3":66},
    {"p1":69,
     "p2":70,
     "p3":97},
    {"p1":71,
     "p2":72,
     "p3":95},
    {"p1":71,
     "p2":95,
     "p3":96},
    {"p1":70,
     "p2":71,
     "p3":96},
    {"p1":68,
     "p2":69,
     "p3":98},
    {"p1":69,
     "p2":97,
     "p3":98},
    {"p1":61,
     "p2":62,
     "p3":63},
    {"p1":61,
     "p2":63,
     "p3":64}]
}