{"points":[
    {"x":0.20833,
     "y":0.17917},
    {"x":0.23333,
     "y":0.18333},
    {"x":0.25833,
     "y":0.18333},
    {"x":0.27917,
     "y":0.2},
    {"x":0.28333,
     "y":0.225},
    {"x":0.2875,
     "y":0.25},
    {"x":0.29583,
     "y":0.275},
    {"x":0.32083,
     "y":0.29583},
    {"x":0.34583,
     "y":0.3},
    {"x":0.37083,
     "y":0.3},
    {"x":0.39583,
     "y":0.2875},
    {"x":0.41667,
     "y":0.2625},
    {"x":0.41667,
     "y":0.2375},
    {"x":0.425,
     "y":0.2125},
    {"x":0.45,
     "y":0.2125},
    {"x":0.45,
     "y":0.2375},
    {"x":0.4625,
     "y":0.2625},
    {"x":0.47083,
     "y":0.28333},
    {"x":0.49167,
     "y":0.30417},
    {"x":0.51667,
     "y":0.30833},
    {"x":0.54167,
     "y":0.3125},
    {"x":0.56667,
     "y":0.31667},
    {"x":0.59167,
     "y":0.31667},
    {"x":0.61667,
     "y":0.3125},
    {"x":0.64167,
     "y":0.3125},
    {"x":0.66667,
     "y":0.30833},
    {"x":0.69167,
     "y":0.30417},
    {"x":0.70833,
     "y":0.28333},
    {"x":0.68333,
     "y":0.26667},
    {"x":0.65833,
     "y":0.25},
    {"x":0.64583,
     "y":0.22917},
    {"x":0.67083,
     "y":0.23333},
    {"x":0.69583,
     "y":0.2375},
    {"x":0.72083,
     "y":0.24167},
    {"x":0.74583,
     "y":0.24583},
    {"x":0.77083,
     "y":0.24583},
    {"x":0.79583,
     "y":0.25417},
    {"x":0.82083,
     "y":0.2625},
    {"x":0.84583,
     "y":0.275},
    {"x":0.87083,
     "y":0.27917},
    {"x":0.89583,
     "y":0.29167},
    {"x":0.92083,
     "y":0.30417},
    {"x":0.94583,
     "y":0.3125},
    {"x":0.97083,
     "y":0.31667},
    {"x":0.98333,
     "y":0.29583},
    {"x":0.98333,
     "y":0.27083},
    {"x":0.98333,
     "y":0.24583},
    {"x":0.99167,
     "y":0.22083},
    {"x":1,
     "y":0.19583},
    {"x":0.98333,
     "y":0.17917},
    {"x":0.95833,
     "y":0.17083},
    {"x":0.93333,
     "y":0.17083},
    {"x":0.90833,
     "y":0.17083},
    {"x":0.88333,
     "y":0.17083},
    {"x":0.85833,
     "y":0.175},
    {"x":0.83333,
     "y":0.175},
    {"x":0.80833,
     "y":0.175},
    {"x":0.78333,
     "y":0.17083},
    {"x":0.75833,
     "y":0.1625},
    {"x":0.73333,
     "y":0.15417},
    {"x":0.70833,
     "y":0.15},
    {"x":0.68333,
     "y":0.14167},
    {"x":0.67917,
     "y":0.12917},
    {"x":0.70417,
     "y":0.12917},
    {"x":0.7125,
     "y":0.11667},
    {"x":0.6875,
     "y":0.1},
    {"x":0.6625,
     "y":0.0875},
    {"x":0.6375,
     "y":0.079167},
    {"x":0.6125,
     "y":0.066667},
    {"x":0.5875,
     "y":0.0625},
    {"x":0.5625,
     "y":0.0625},
    {"x":0.5375,
     "y":0.066667},
    {"x":0.5125,
     "y":0.079167},
    {"x":0.4875,
     "y":0.083333},
    {"x":0.4625,
     "y":0.079167},
    {"x":0.4375,
     "y":0.070833},
    {"x":0.4125,
     "y":0.066667},
    {"x":0.3875,
     "y":0.0625},
    {"x":0.3625,
     "y":0.058333},
    {"x":0.3375,
     "y":0.05},
    {"x":0.3125,
     "y":0.041667},
    {"x":0.3,
     "y":0.029167},
    {"x":0.325,
     "y":0.033333},
    {"x":0.35,
     "y":0.0375},
    {"x":0.375,
     "y":0.0375},
    {"x":0.4,
     "y":0.041667},
    {"x":0.41667,
     "y":0.033333},
    {"x":0.39167,
     "y":0.029167},
    {"x":0.36667,
     "y":0.020833},
    {"x":0.34167,
     "y":0.0125},
    {"x":0.31667,
     "y":0.0041667},
    {"x":0.29167,
     "y":0},
    {"x":0.26667,
     "y":0},
    {"x":0.25417,
     "y":0.020833},
    {"x":0.22917,
     "y":0.029167},
    {"x":0.20417,
     "y":0.033333},
    {"x":0.17917,
     "y":0.029167},
    {"x":0.15417,
     "y":0.029167},
    {"x":0.12917,
     "y":0.025},
    {"x":0.10417,
     "y":0.029167},
    {"x":0.079167,
     "y":0.029167},
    {"x":0.054167,
     "y":0.033333},
    {"x":0.029167,
     "y":0.045833},
    {"x":0.0083333,
     "y":0.066667},
    {"x":0,
     "y":0.091667},
    {"x":0.020833,
     "y":0.1125},
    {"x":0.045833,
     "y":0.125},
    {"x":0.070833,
     "y":0.14167},
    {"x":0.095833,
     "y":0.14167},
    {"x":0.12083,
     "y":0.15},
    {"x":0.14583,
     "y":0.1625},
    {"x":0.17083,
     "y":0.17083},
    {"x":0.19583,
     "y":0.175},
    {"x":0.20833,
     "y":0.17917}],
 "triangles":[
    {"p1":103,
     "p2":104,
     "p3":105},
    {"p1":5,
     "p2":7,
     "p3":8},
    {"p1":102,
     "p2":103,
     "p3":105},
    {"p1":47,
     "p2":48,
     "p3":49},
    {"p1":81,
     "p2":91,
     "p3":92},
    {"p1":101,
     "p2":102,
     "p3":106},
    {"p1":102,
     "p2":105,
     "p3":106},
    {"p1":5,
     "p2":6,
     "p3":7},
    {"p1":81,
     "p2":90,
     "p3":91},
    {"p1":30,
     "p2":70,
     "p3":72},
    {"p1":5,
     "p2":8,
     "p3":12},
    {"p1":106,
     "p2":107,
     "p3":108},
    {"p1":30,
     "p2":69,
     "p3":70},
    {"p1":70,
     "p2":71,
     "p3":72},
    {"p1":13,
     "p2":74,
     "p3":75},
    {"p1":20,
     "p2":21,
     "p3":30},
    {"p1":32,
     "p2":33,
     "p3":59},
    {"p1":13,
     "p2":75,
     "p3":76},
    {"p1":83,
     "p2":88,
     "p3":89},
    {"p1":4,
     "p2":5,
     "p3":12},
    {"p1":4,
     "p2":12,
     "p3":13},
    {"p1":95,
     "p2":111,
     "p3":112},
    {"p1":0,
     "p2":95,
     "p3":112},
    {"p1":0,
     "p2":1,
     "p3":94},
    {"p1":0,
     "p2":94,
     "p3":95},
    {"p1":1,
     "p2":2,
     "p3":94},
    {"p1":100,
     "p2":101,
     "p3":106},
    {"p1":100,
     "p2":106,
     "p3":108},
    {"p1":99,
     "p2":100,
     "p3":108},
    {"p1":95,
     "p2":110,
     "p3":111},
    {"p1":95,
     "p2":96,
     "p3":110},
    {"p1":96,
     "p2":97,
     "p3":110},
    {"p1":97,
     "p2":109,
     "p3":110},
    {"p1":21,
     "p2":22,
     "p3":30},
    {"p1":22,
     "p2":23,
     "p3":30},
    {"p1":13,
     "p2":14,
     "p3":74},
    {"p1":14,
     "p2":73,
     "p3":74},
    {"p1":14,
     "p2":72,
     "p3":73},
    {"p1":14,
     "p2":30,
     "p3":72},
    {"p1":14,
     "p2":20,
     "p3":30},
    {"p1":16,
     "p2":17,
     "p3":19},
    {"p1":14,
     "p2":15,
     "p3":16},
    {"p1":16,
     "p2":19,
     "p3":20},
    {"p1":14,
     "p2":16,
     "p3":20},
    {"p1":17,
     "p2":18,
     "p3":19},
    {"p1":26,
     "p2":27,
     "p3":28},
    {"p1":25,
     "p2":26,
     "p3":28},
    {"p1":32,
     "p2":59,
     "p3":60},
    {"p1":30,
     "p2":31,
     "p3":61},
    {"p1":31,
     "p2":32,
     "p3":60},
    {"p1":31,
     "p2":60,
     "p3":61},
    {"p1":67,
     "p2":68,
     "p3":69},
    {"p1":30,
     "p2":67,
     "p3":69},
    {"p1":33,
     "p2":58,
     "p3":59},
    {"p1":33,
     "p2":34,
     "p3":58},
    {"p1":34,
     "p2":57,
     "p3":58},
    {"p1":41,
     "p2":45,
     "p3":46},
    {"p1":38,
     "p2":39,
     "p3":54},
    {"p1":83,
     "p2":84,
     "p3":88},
    {"p1":81,
     "p2":92,
     "p3":93},
    {"p1":97,
     "p2":98,
     "p3":109},
    {"p1":98,
     "p2":108,
     "p3":109},
    {"p1":98,
     "p2":99,
     "p3":108},
    {"p1":10,
     "p2":11,
     "p3":12},
    {"p1":8,
     "p2":10,
     "p3":12},
    {"p1":8,
     "p2":9,
     "p3":10},
    {"p1":24,
     "p2":25,
     "p3":29},
    {"p1":25,
     "p2":28,
     "p3":29},
    {"p1":23,
     "p2":29,
     "p3":30},
    {"p1":23,
     "p2":24,
     "p3":29},
    {"p1":63,
     "p2":64,
     "p3":65},
    {"p1":62,
     "p2":65,
     "p3":66},
    {"p1":62,
     "p2":66,
     "p3":67},
    {"p1":62,
     "p2":63,
     "p3":65},
    {"p1":30,
     "p2":61,
     "p3":62},
    {"p1":30,
     "p2":62,
     "p3":67},
    {"p1":47,
     "p2":49,
     "p3":50},
    {"p1":37,
     "p2":38,
     "p3":54},
    {"p1":34,
     "p2":35,
     "p3":57},
    {"p1":35,
     "p2":56,
     "p3":57},
    {"p1":35,
     "p2":36,
     "p3":56},
    {"p1":42,
     "p2":43,
     "p3":44},
    {"p1":42,
     "p2":44,
     "p3":45},
    {"p1":41,
     "p2":42,
     "p3":45},
    {"p1":40,
     "p2":41,
     "p3":46},
    {"p1":39,
     "p2":40,
     "p3":52},
    {"p1":39,
     "p2":53,
     "p3":54},
    {"p1":39,
     "p2":52,
     "p3":53},
    {"p1":84,
     "p2":85,
     "p3":87},
    {"p1":84,
     "p2":87,
     "p3":88},
    {"p1":85,
     "p2":86,
     "p3":87},
    {"p1":2,
     "p2":79,
     "p3":80},
    {"p1":2,
     "p2":80,
     "p3":94},
    {"p1":80,
     "p2":81,
     "p3":93},
    {"p1":80,
     "p2":93,
     "p3":94},
    {"p1":40,
     "p2":51,
     "p3":52},
    {"p1":40,
     "p2":46,
     "p3":51},
    {"p1":46,
     "p2":47,
     "p3":51},
    {"p1":47,
     "p2":50,
     "p3":51},
    {"p1":37,
     "p2":54,
     "p3":55},
    {"p1":36,
     "p2":55,
     "p3":56},
    {"p1":36,
     "p2":37,
     "p3":55},
    {"p1":82,
     "p2":83,
     "p3":89},
    {"p1":82,
     "p2":89,
     "p3":90},
    {"p1":81,
     "p2":82,
     "p3":90},
    {"p1":13,
     "p2":76,
     "p3":77},
    {"p1":13,
     "p2":77,
     "p3":78},
    {"p1":2,
     "p2":3,
     "p3":79},
    {"p1":3,
     "p2":78,
     "p3":79},
    {"p1":3,
     "p2":13,
     "p3":78},
    {"p1":3,
     "p2":4,
     "p3":13}]
}