{"points":[
    {"x":0.19793,
     "y":0.13666},
    {"x":0.22243,
     "y":0.13855},
    {"x":0.24694,
     "y":0.14609},
    {"x":0.27144,
     "y":0.14892},
    {"x":0.29312,
     "y":0.164},
    {"x":0.30537,
     "y":0.1885},
    {"x":0.32234,
     "y":0.20829},
    {"x":0.34684,
     "y":0.21678},
    {"x":0.37135,
     "y":0.21678},
    {"x":0.39303,
     "y":0.20264},
    {"x":0.40905,
     "y":0.18473},
    {"x":0.42507,
     "y":0.17154},
    {"x":0.44109,
     "y":0.19321},
    {"x":0.45146,
     "y":0.21206},
    {"x":0.47314,
     "y":0.22809},
    {"x":0.49764,
     "y":0.2394},
    {"x":0.51932,
     "y":0.24505},
    {"x":0.54383,
     "y":0.25071},
    {"x":0.56833,
     "y":0.25071},
    {"x":0.59284,
     "y":0.25165},
    {"x":0.61734,
     "y":0.25636},
    {"x":0.64185,
     "y":0.25825},
    {"x":0.66635,
     "y":0.26202},
    {"x":0.69086,
     "y":0.26484},
    {"x":0.71536,
     "y":0.26484},
    {"x":0.72008,
     "y":0.24882},
    {"x":0.69557,
     "y":0.23657},
    {"x":0.67672,
     "y":0.21772},
    {"x":0.68615,
     "y":0.21206},
    {"x":0.71065,
     "y":0.21678},
    {"x":0.73516,
     "y":0.2196},
    {"x":0.75683,
     "y":0.2262},
    {"x":0.78134,
     "y":0.23091},
    {"x":0.80019,
     "y":0.23657},
    {"x":0.82187,
     "y":0.24788},
    {"x":0.84637,
     "y":0.25636},
    {"x":0.87088,
     "y":0.26673},
    {"x":0.89538,
     "y":0.27333},
    {"x":0.91989,
     "y":0.27898},
    {"x":0.94439,
     "y":0.27615},
    {"x":0.9689,
     "y":0.26767},
    {"x":0.99152,
     "y":0.25071},
    {"x":1,
     "y":0.22903},
    {"x":0.99717,
     "y":0.20452},
    {"x":0.98398,
     "y":0.18002},
    {"x":0.96513,
     "y":0.16117},
    {"x":0.94062,
     "y":0.14703},
    {"x":0.91612,
     "y":0.14703},
    {"x":0.89161,
     "y":0.1442},
    {"x":0.86711,
     "y":0.1442},
    {"x":0.8426,
     "y":0.14138},
    {"x":0.8181,
     "y":0.14138},
    {"x":0.79359,
     "y":0.13572},
    {"x":0.76909,
     "y":0.13289},
    {"x":0.74741,
     "y":0.12724},
    {"x":0.7229,
     "y":0.12441},
    {"x":0.6984,
     "y":0.11876},
    {"x":0.70971,
     "y":0.1131},
    {"x":0.73421,
     "y":0.10745},
    {"x":0.74081,
     "y":0.095193},
    {"x":0.71913,
     "y":0.081998},
    {"x":0.69463,
     "y":0.079171},
    {"x":0.67295,
     "y":0.070688},
    {"x":0.64844,
     "y":0.065033},
    {"x":0.62394,
     "y":0.059378},
    {"x":0.59943,
     "y":0.050895},
    {"x":0.57493,
     "y":0.048068},
    {"x":0.55042,
     "y":0.05278},
    {"x":0.52592,
     "y":0.057493},
    {"x":0.50141,
     "y":0.067861},
    {"x":0.47785,
     "y":0.070688},
    {"x":0.45617,
     "y":0.067861},
    {"x":0.43167,
     "y":0.065033},
    {"x":0.40716,
     "y":0.05655},
    {"x":0.38266,
     "y":0.053723},
    {"x":0.35815,
     "y":0.048068},
    {"x":0.33365,
     "y":0.044298},
    {"x":0.32799,
     "y":0.038643},
    {"x":0.3525,
     "y":0.032988},
    {"x":0.3591,
     "y":0.016965},
    {"x":0.33459,
     "y":0.01131},
    {"x":0.31008,
     "y":0.005655},
    {"x":0.28558,
     "y":0},
    {"x":0.26107,
     "y":0.005655},
    {"x":0.23657,
     "y":0.02262},
    {"x":0.21206,
     "y":0.02262},
    {"x":0.18756,
     "y":0.014138},
    {"x":0.16305,
     "y":0.01131},
    {"x":0.13855,
     "y":0.005655},
    {"x":0.11404,
     "y":0.0084826},
    {"x":0.089538,
     "y":0.0075401},
    {"x":0.065033,
     "y":0.01131},
    {"x":0.040528,
     "y":0.019793},
    {"x":0.016023,
     "y":0.03016},
    {"x":0,
     "y":0.04901},
    {"x":0.0075401,
     "y":0.065033},
    {"x":0.023563,
     "y":0.083883},
    {"x":0.04524,
     "y":0.090481},
    {"x":0.066918,
     "y":0.10745},
    {"x":0.091423,
     "y":0.10933},
    {"x":0.11593,
     "y":0.11404},
    {"x":0.14043,
     "y":0.12064},
    {"x":0.164,
     "y":0.1263},
    {"x":0.18662,
     "y":0.13195},
    {"x":0.19793,
     "y":0.13666}],
 "triangles":[
    {"p1":40,
     "p2":42,
     "p3":43},
    {"p1":40,
     "p2":41,
     "p3":42},
    {"p1":40,
     "p2":43,
     "p3":44},
    {"p1":39,
     "p2":40,
     "p3":44},
    {"p1":38,
     "p2":39,
     "p3":45},
    {"p1":39,
     "p2":44,
     "p3":45},
    {"p1":93,
     "p2":94,
     "p3":95},
    {"p1":93,
     "p2":95,
     "p3":96},
    {"p1":38,
     "p2":45,
     "p3":47},
    {"p1":45,
     "p2":46,
     "p3":47},
    {"p1":90,
     "p2":91,
     "p3":97},
    {"p1":90,
     "p2":97,
     "p3":99},
    {"p1":37,
     "p2":38,
     "p3":47},
    {"p1":97,
     "p2":98,
     "p3":99},
    {"p1":92,
     "p2":93,
     "p3":96},
    {"p1":92,
     "p2":96,
     "p3":97},
    {"p1":91,
     "p2":92,
     "p3":97},
    {"p1":89,
     "p2":90,
     "p3":99},
    {"p1":2,
     "p2":3,
     "p3":84},
    {"p1":85,
     "p2":86,
     "p3":102},
    {"p1":89,
     "p2":99,
     "p3":100},
    {"p1":86,
     "p2":87,
     "p3":102},
    {"p1":87,
     "p2":101,
     "p3":102},
    {"p1":87,
     "p2":100,
     "p3":101},
    {"p1":5,
     "p2":6,
     "p3":7},
    {"p1":4,
     "p2":5,
     "p3":10},
    {"p1":1,
     "p2":2,
     "p3":84},
    {"p1":1,
     "p2":84,
     "p3":85},
    {"p1":85,
     "p2":102,
     "p3":103},
    {"p1":0,
     "p2":1,
     "p3":103},
    {"p1":1,
     "p2":85,
     "p3":103},
    {"p1":77,
     "p2":80,
     "p3":81},
    {"p1":3,
     "p2":77,
     "p3":84},
    {"p1":77,
     "p2":83,
     "p3":84},
    {"p1":77,
     "p2":82,
     "p3":83},
    {"p1":77,
     "p2":81,
     "p3":82},
    {"p1":35,
     "p2":48,
     "p3":49},
    {"p1":4,
     "p2":74,
     "p3":75},
    {"p1":4,
     "p2":10,
     "p3":74},
    {"p1":10,
     "p2":11,
     "p3":74},
    {"p1":11,
     "p2":73,
     "p3":74},
    {"p1":16,
     "p2":17,
     "p3":68},
    {"p1":17,
     "p2":18,
     "p3":68},
    {"p1":88,
     "p2":89,
     "p3":100},
    {"p1":87,
     "p2":88,
     "p3":100},
    {"p1":5,
     "p2":7,
     "p3":9},
    {"p1":5,
     "p2":9,
     "p3":10},
    {"p1":7,
     "p2":8,
     "p3":9},
    {"p1":77,
     "p2":78,
     "p3":80},
    {"p1":78,
     "p2":79,
     "p3":80},
    {"p1":32,
     "p2":51,
     "p3":52},
    {"p1":35,
     "p2":36,
     "p3":48},
    {"p1":36,
     "p2":47,
     "p3":48},
    {"p1":36,
     "p2":37,
     "p3":47},
    {"p1":31,
     "p2":32,
     "p3":52},
    {"p1":18,
     "p2":67,
     "p3":68},
    {"p1":15,
     "p2":16,
     "p3":69},
    {"p1":16,
     "p2":68,
     "p3":69},
    {"p1":14,
     "p2":15,
     "p3":69},
    {"p1":12,
     "p2":14,
     "p3":69},
    {"p1":12,
     "p2":13,
     "p3":14},
    {"p1":4,
     "p2":75,
     "p3":76},
    {"p1":3,
     "p2":4,
     "p3":76},
    {"p1":3,
     "p2":76,
     "p3":77},
    {"p1":31,
     "p2":52,
     "p3":53},
    {"p1":22,
     "p2":23,
     "p3":26},
    {"p1":23,
     "p2":24,
     "p3":25},
    {"p1":23,
     "p2":25,
     "p3":26},
    {"p1":21,
     "p2":22,
     "p3":27},
    {"p1":22,
     "p2":26,
     "p3":27},
    {"p1":20,
     "p2":21,
     "p3":27},
    {"p1":19,
     "p2":20,
     "p3":27},
    {"p1":58,
     "p2":59,
     "p3":60},
    {"p1":11,
     "p2":12,
     "p3":70},
    {"p1":12,
     "p2":69,
     "p3":70},
    {"p1":32,
     "p2":33,
     "p3":51},
    {"p1":33,
     "p2":50,
     "p3":51},
    {"p1":34,
     "p2":35,
     "p3":49},
    {"p1":34,
     "p2":49,
     "p3":50},
    {"p1":33,
     "p2":34,
     "p3":50},
    {"p1":29,
     "p2":30,
     "p3":55},
    {"p1":30,
     "p2":54,
     "p3":55},
    {"p1":30,
     "p2":31,
     "p3":53},
    {"p1":30,
     "p2":53,
     "p3":54},
    {"p1":27,
     "p2":28,
     "p3":56},
    {"p1":28,
     "p2":29,
     "p3":55},
    {"p1":28,
     "p2":55,
     "p3":56},
    {"p1":57,
     "p2":58,
     "p3":60},
    {"p1":11,
     "p2":70,
     "p3":71},
    {"p1":56,
     "p2":57,
     "p3":61},
    {"p1":57,
     "p2":60,
     "p3":61},
    {"p1":65,
     "p2":66,
     "p3":67},
    {"p1":18,
     "p2":65,
     "p3":67},
    {"p1":27,
     "p2":56,
     "p3":64},
    {"p1":56,
     "p2":63,
     "p3":64},
    {"p1":19,
     "p2":27,
     "p3":64},
    {"p1":18,
     "p2":19,
     "p3":64},
    {"p1":18,
     "p2":64,
     "p3":65},
    {"p1":11,
     "p2":72,
     "p3":73},
    {"p1":11,
     "p2":71,
     "p3":72},
    {"p1":56,
     "p2":62,
     "p3":63},
    {"p1":56,
     "p2":61,
     "p3":62}]
}