{"points":[
    {"x":0.29104,
     "y":0.5},
    {"x":0.29851,
     "y":0.53483},
    {"x":0.29353,
     "y":0.56965},
    {"x":0.28109,
     "y":0.60448},
    {"x":0.25622,
     "y":0.6393},
    {"x":0.22388,
     "y":0.67164},
    {"x":0.18905,
     "y":0.69652},
    {"x":0.15423,
     "y":0.71642},
    {"x":0.1194,
     "y":0.73383},
    {"x":0.084577,
     "y":0.75124},
    {"x":0.049751,
     "y":0.76617},
    {"x":0.014925,
     "y":0.78856},
    {"x":0,
     "y":0.8209},
    {"x":0.032338,
     "y":0.84577},
    {"x":0.062189,
     "y":0.87313},
    {"x":0.094527,
     "y":0.90299},
    {"x":0.12935,
     "y":0.92786},
    {"x":0.16418,
     "y":0.95025},
    {"x":0.199,
     "y":0.97015},
    {"x":0.23383,
     "y":0.98507},
    {"x":0.26866,
     "y":0.99751},
    {"x":0.30348,
     "y":1},
    {"x":0.33831,
     "y":1},
    {"x":0.37313,
     "y":0.99751},
    {"x":0.40796,
     "y":0.99254},
    {"x":0.44279,
     "y":0.98259},
    {"x":0.47761,
     "y":0.96766},
    {"x":0.51244,
     "y":0.94279},
    {"x":0.54478,
     "y":0.91542},
    {"x":0.57711,
     "y":0.88557},
    {"x":0.61194,
     "y":0.8607},
    {"x":0.64677,
     "y":0.84577},
    {"x":0.68159,
     "y":0.85075},
    {"x":0.71642,
     "y":0.85821},
    {"x":0.75124,
     "y":0.86318},
    {"x":0.78109,
     "y":0.84577},
    {"x":0.77363,
     "y":0.81095},
    {"x":0.75871,
     "y":0.77612},
    {"x":0.74129,
     "y":0.74129},
    {"x":0.76866,
     "y":0.71393},
    {"x":0.79353,
     "y":0.68159},
    {"x":0.79602,
     "y":0.64677},
    {"x":0.77363,
     "y":0.61443},
    {"x":0.74378,
     "y":0.58955},
    {"x":0.70896,
     "y":0.56716},
    {"x":0.68657,
     "y":0.54478},
    {"x":0.699,
     "y":0.50995},
    {"x":0.72139,
     "y":0.47512},
    {"x":0.75622,
     "y":0.4403},
    {"x":0.78358,
     "y":0.40547},
    {"x":0.79602,
     "y":0.37065},
    {"x":0.79602,
     "y":0.33582},
    {"x":0.79104,
     "y":0.301},
    {"x":0.76617,
     "y":0.27114},
    {"x":0.73134,
     "y":0.26866},
    {"x":0.69652,
     "y":0.27861},
    {"x":0.66169,
     "y":0.29353},
    {"x":0.62687,
     "y":0.30597},
    {"x":0.59204,
     "y":0.31343},
    {"x":0.55721,
     "y":0.31095},
    {"x":0.52239,
     "y":0.29602},
    {"x":0.49254,
     "y":0.26119},
    {"x":0.47761,
     "y":0.22637},
    {"x":0.5,
     "y":0.20896},
    {"x":0.53483,
     "y":0.20149},
    {"x":0.56965,
     "y":0.19154},
    {"x":0.60448,
     "y":0.18159},
    {"x":0.6393,
     "y":0.16915},
    {"x":0.67413,
     "y":0.15672},
    {"x":0.70896,
     "y":0.14179},
    {"x":0.74129,
     "y":0.11443},
    {"x":0.72139,
     "y":0.087065},
    {"x":0.68657,
     "y":0.067164},
    {"x":0.65174,
     "y":0.047264},
    {"x":0.61692,
     "y":0.032338},
    {"x":0.58209,
     "y":0.0199},
    {"x":0.54726,
     "y":0.0074627},
    {"x":0.51244,
     "y":0.0024876},
    {"x":0.47761,
     "y":0},
    {"x":0.44279,
     "y":0.0024876},
    {"x":0.40796,
     "y":0.012438},
    {"x":0.37313,
     "y":0.024876},
    {"x":0.33831,
     "y":0.039801},
    {"x":0.30348,
     "y":0.052239},
    {"x":0.26866,
     "y":0.067164},
    {"x":0.23383,
     "y":0.074627},
    {"x":0.199,
     "y":0.087065},
    {"x":0.16667,
     "y":0.11692},
    {"x":0.14428,
     "y":0.15174},
    {"x":0.12438,
     "y":0.18657},
    {"x":0.094527,
     "y":0.21642},
    {"x":0.059701,
     "y":0.21144},
    {"x":0.032338,
     "y":0.23383},
    {"x":0.029851,
     "y":0.26866},
    {"x":0.054726,
     "y":0.301},
    {"x":0.089552,
     "y":0.32836},
    {"x":0.12438,
     "y":0.34826},
    {"x":0.1592,
     "y":0.37065},
    {"x":0.19403,
     "y":0.39303},
    {"x":0.22886,
     "y":0.41791},
    {"x":0.26119,
     "y":0.45025},
    {"x":0.28607,
     "y":0.48507},
    {"x":0.29104,
     "y":0.5}],
 "triangles":[
    {"p1":64,
     "p2":76,
     "p3":77},
    {"p1":40,
     "p2":41,
     "p3":42},
    {"p1":0,
     "p2":60,
     "p3":101},
    {"p1":46,
     "p2":47,
     "p3":58},
    {"p1":69,
     "p2":70,
     "p3":71},
    {"p1":63,
     "p2":77,
     "p3":78},
    {"p1":63,
     "p2":64,
     "p3":77},
    {"p1":39,
     "p2":40,
     "p3":42},
    {"p1":38,
     "p2":39,
     "p3":43},
    {"p1":39,
     "p2":42,
     "p3":43},
    {"p1":32,
     "p2":37,
     "p3":38},
    {"p1":31,
     "p2":32,
     "p3":38},
    {"p1":30,
     "p2":31,
     "p3":45},
    {"p1":3,
     "p2":30,
     "p3":45},
    {"p1":3,
     "p2":29,
     "p3":30},
    {"p1":3,
     "p2":4,
     "p3":29},
    {"p1":38,
     "p2":43,
     "p3":44},
    {"p1":31,
     "p2":38,
     "p3":44},
    {"p1":31,
     "p2":44,
     "p3":45},
    {"p1":46,
     "p2":58,
     "p3":59},
    {"p1":45,
     "p2":46,
     "p3":59},
    {"p1":0,
     "p2":59,
     "p3":60},
    {"p1":90,
     "p2":92,
     "p3":93},
    {"p1":60,
     "p2":100,
     "p3":101},
    {"p1":10,
     "p2":11,
     "p3":13},
    {"p1":10,
     "p2":13,
     "p3":14},
    {"p1":11,
     "p2":12,
     "p3":13},
    {"p1":8,
     "p2":15,
     "p3":16},
    {"p1":7,
     "p2":8,
     "p3":16},
    {"p1":66,
     "p2":74,
     "p3":75},
    {"p1":66,
     "p2":67,
     "p3":74},
    {"p1":67,
     "p2":73,
     "p3":74},
    {"p1":65,
     "p2":66,
     "p3":75},
    {"p1":64,
     "p2":65,
     "p3":76},
    {"p1":65,
     "p2":75,
     "p3":76},
    {"p1":67,
     "p2":68,
     "p3":73},
    {"p1":48,
     "p2":49,
     "p3":56},
    {"p1":60,
     "p2":61,
     "p3":100},
    {"p1":4,
     "p2":25,
     "p3":27},
    {"p1":4,
     "p2":27,
     "p3":28},
    {"p1":4,
     "p2":28,
     "p3":29},
    {"p1":34,
     "p2":35,
     "p3":36},
    {"p1":0,
     "p2":1,
     "p3":59},
    {"p1":1,
     "p2":45,
     "p3":59},
    {"p1":90,
     "p2":91,
     "p3":92},
    {"p1":5,
     "p2":23,
     "p3":24},
    {"p1":5,
     "p2":22,
     "p3":23},
    {"p1":4,
     "p2":5,
     "p3":25},
    {"p1":5,
     "p2":24,
     "p3":25},
    {"p1":6,
     "p2":18,
     "p3":19},
    {"p1":7,
     "p2":16,
     "p3":17},
    {"p1":6,
     "p2":17,
     "p3":18},
    {"p1":6,
     "p2":7,
     "p3":17},
    {"p1":68,
     "p2":72,
     "p3":73},
    {"p1":69,
     "p2":71,
     "p3":72},
    {"p1":68,
     "p2":69,
     "p3":72},
    {"p1":47,
     "p2":57,
     "p3":58},
    {"p1":47,
     "p2":48,
     "p3":57},
    {"p1":48,
     "p2":56,
     "p3":57},
    {"p1":50,
     "p2":51,
     "p3":55},
    {"p1":49,
     "p2":50,
     "p3":55},
    {"p1":49,
     "p2":55,
     "p3":56},
    {"p1":63,
     "p2":78,
     "p3":79},
    {"p1":62,
     "p2":63,
     "p3":81},
    {"p1":25,
     "p2":26,
     "p3":27},
    {"p1":33,
     "p2":34,
     "p3":36},
    {"p1":32,
     "p2":33,
     "p3":37},
    {"p1":33,
     "p2":36,
     "p3":37},
    {"p1":2,
     "p2":3,
     "p3":45},
    {"p1":1,
     "p2":2,
     "p3":45},
    {"p1":90,
     "p2":93,
     "p3":94},
    {"p1":90,
     "p2":94,
     "p3":95},
    {"p1":90,
     "p2":95,
     "p3":96},
    {"p1":9,
     "p2":10,
     "p3":14},
    {"p1":9,
     "p2":14,
     "p3":15},
    {"p1":8,
     "p2":9,
     "p3":15},
    {"p1":62,
     "p2":84,
     "p3":88},
    {"p1":5,
     "p2":6,
     "p3":21},
    {"p1":6,
     "p2":19,
     "p3":21},
    {"p1":5,
     "p2":21,
     "p3":22},
    {"p1":19,
     "p2":20,
     "p3":21},
    {"p1":51,
     "p2":54,
     "p3":55},
    {"p1":62,
     "p2":81,
     "p3":82},
    {"p1":62,
     "p2":88,
     "p3":98},
    {"p1":61,
     "p2":99,
     "p3":100},
    {"p1":61,
     "p2":62,
     "p3":99},
    {"p1":62,
     "p2":98,
     "p3":99},
    {"p1":63,
     "p2":80,
     "p3":81},
    {"p1":63,
     "p2":79,
     "p3":80},
    {"p1":89,
     "p2":96,
     "p3":97},
    {"p1":89,
     "p2":90,
     "p3":96},
    {"p1":89,
     "p2":97,
     "p3":98},
    {"p1":88,
     "p2":89,
     "p3":98},
    {"p1":85,
     "p2":86,
     "p3":87},
    {"p1":84,
     "p2":85,
     "p3":88},
    {"p1":85,
     "p2":87,
     "p3":88},
    {"p1":51,
     "p2":52,
     "p3":54},
    {"p1":52,
     "p2":53,
     "p3":54},
    {"p1":62,
     "p2":83,
     "p3":84},
    {"p1":62,
     "p2":82,
     "p3":83}]
}