{"points":[
    {"x":0.037313,
     "y":0.5},
    {"x":0.054726,
     "y":0.53731},
    {"x":0.089552,
     "y":0.56468},
    {"x":0.12687,
     "y":0.56965},
    {"x":0.16418,
     "y":0.56716},
    {"x":0.20149,
     "y":0.56716},
    {"x":0.23881,
     "y":0.56965},
    {"x":0.26119,
     "y":0.60199},
    {"x":0.27861,
     "y":0.6393},
    {"x":0.24627,
     "y":0.66418},
    {"x":0.20896,
     "y":0.67164},
    {"x":0.17164,
     "y":0.67164},
    {"x":0.13433,
     "y":0.67164},
    {"x":0.097015,
     "y":0.66915},
    {"x":0.059701,
     "y":0.66915},
    {"x":0.022388,
     "y":0.66667},
    {"x":0,
     "y":0.68159},
    {"x":0.027363,
     "y":0.70896},
    {"x":0.034826,
     "y":0.74627},
    {"x":0.052239,
     "y":0.78358},
    {"x":0.08209,
     "y":0.8209},
    {"x":0.11194,
     "y":0.85572},
    {"x":0.14925,
     "y":0.89055},
    {"x":0.18657,
     "y":0.9204},
    {"x":0.22388,
     "y":0.94776},
    {"x":0.26119,
     "y":0.97015},
    {"x":0.29851,
     "y":0.98756},
    {"x":0.33582,
     "y":1},
    {"x":0.37313,
     "y":1},
    {"x":0.41045,
     "y":0.99751},
    {"x":0.44776,
     "y":0.99254},
    {"x":0.48507,
     "y":0.98259},
    {"x":0.52239,
     "y":0.96517},
    {"x":0.5597,
     "y":0.93781},
    {"x":0.59701,
     "y":0.90547},
    {"x":0.62935,
     "y":0.87562},
    {"x":0.66667,
     "y":0.85323},
    {"x":0.70398,
     "y":0.84826},
    {"x":0.74129,
     "y":0.85572},
    {"x":0.77861,
     "y":0.86318},
    {"x":0.81592,
     "y":0.85572},
    {"x":0.81592,
     "y":0.81841},
    {"x":0.801,
     "y":0.78109},
    {"x":0.78109,
     "y":0.74378},
    {"x":0.80846,
     "y":0.71393},
    {"x":0.83582,
     "y":0.6791},
    {"x":0.83333,
     "y":0.64179},
    {"x":0.80846,
     "y":0.60697},
    {"x":0.77363,
     "y":0.58209},
    {"x":0.73632,
     "y":0.56219},
    {"x":0.72886,
     "y":0.52985},
    {"x":0.74876,
     "y":0.49254},
    {"x":0.78109,
     "y":0.45522},
    {"x":0.81343,
     "y":0.41791},
    {"x":0.83333,
     "y":0.3806},
    {"x":0.83831,
     "y":0.34328},
    {"x":0.83333,
     "y":0.30597},
    {"x":0.80846,
     "y":0.27363},
    {"x":0.77114,
     "y":0.26866},
    {"x":0.73383,
     "y":0.28109},
    {"x":0.69652,
     "y":0.29602},
    {"x":0.6592,
     "y":0.30846},
    {"x":0.62189,
     "y":0.31343},
    {"x":0.58458,
     "y":0.30846},
    {"x":0.54726,
     "y":0.28109},
    {"x":0.52488,
     "y":0.24378},
    {"x":0.52736,
     "y":0.21144},
    {"x":0.56468,
     "y":0.20398},
    {"x":0.60199,
     "y":0.19403},
    {"x":0.6393,
     "y":0.18159},
    {"x":0.67662,
     "y":0.17164},
    {"x":0.71393,
     "y":0.15672},
    {"x":0.75124,
     "y":0.1393},
    {"x":0.78358,
     "y":0.10945},
    {"x":0.75373,
     "y":0.08209},
    {"x":0.71642,
     "y":0.062189},
    {"x":0.6791,
     "y":0.042289},
    {"x":0.64179,
     "y":0.027363},
    {"x":0.60448,
     "y":0.012438},
    {"x":0.56716,
     "y":0.0049751},
    {"x":0.52985,
     "y":0},
    {"x":0.49254,
     "y":0.0024876},
    {"x":0.45522,
     "y":0.0099502},
    {"x":0.41791,
     "y":0.022388},
    {"x":0.3806,
     "y":0.037313},
    {"x":0.34328,
     "y":0.054726},
    {"x":0.30597,
     "y":0.067164},
    {"x":0.26866,
     "y":0.074627},
    {"x":0.23134,
     "y":0.09204},
    {"x":0.20149,
     "y":0.12687},
    {"x":0.1791,
     "y":0.16418},
    {"x":0.15672,
     "y":0.20149},
    {"x":0.12189,
     "y":0.21891},
    {"x":0.084577,
     "y":0.21642},
    {"x":0.062189,
     "y":0.25373},
    {"x":0.047264,
     "y":0.29104},
    {"x":0.034826,
     "y":0.32836},
    {"x":0.027363,
     "y":0.36567},
    {"x":0.024876,
     "y":0.40299},
    {"x":0.024876,
     "y":0.4403},
    {"x":0.029851,
     "y":0.47761},
    {"x":0.037313,
     "y":0.5}],
 "triangles":[
    {"p1":6,
     "p2":64,
     "p3":65},
    {"p1":68,
     "p2":78,
     "p3":79},
    {"p1":6,
     "p2":65,
     "p3":91},
    {"p1":10,
     "p2":21,
     "p3":22},
    {"p1":54,
     "p2":55,
     "p3":59},
    {"p1":53,
     "p2":54,
     "p3":59},
    {"p1":72,
     "p2":73,
     "p3":74},
    {"p1":55,
     "p2":58,
     "p3":59},
    {"p1":67,
     "p2":79,
     "p3":80},
    {"p1":67,
     "p2":68,
     "p3":79},
    {"p1":65,
     "p2":86,
     "p3":90},
    {"p1":65,
     "p2":90,
     "p3":91},
    {"p1":10,
     "p2":11,
     "p3":21},
    {"p1":10,
     "p2":22,
     "p3":23},
    {"p1":6,
     "p2":7,
     "p3":64},
    {"p1":8,
     "p2":49,
     "p3":50},
    {"p1":8,
     "p2":33,
     "p3":34},
    {"p1":15,
     "p2":16,
     "p3":17},
    {"p1":71,
     "p2":72,
     "p3":75},
    {"p1":72,
     "p2":74,
     "p3":75},
    {"p1":70,
     "p2":71,
     "p3":75},
    {"p1":70,
     "p2":75,
     "p3":76},
    {"p1":68,
     "p2":77,
     "p3":78},
    {"p1":4,
     "p2":98,
     "p3":99},
    {"p1":0,
     "p2":3,
     "p3":4},
    {"p1":1,
     "p2":2,
     "p3":3},
    {"p1":0,
     "p2":1,
     "p3":3},
    {"p1":55,
     "p2":56,
     "p3":58},
    {"p1":56,
     "p2":57,
     "p3":58},
    {"p1":53,
     "p2":59,
     "p3":60},
    {"p1":50,
     "p2":51,
     "p3":62},
    {"p1":51,
     "p2":61,
     "p3":62},
    {"p1":92,
     "p2":93,
     "p3":94},
    {"p1":86,
     "p2":89,
     "p3":90},
    {"p1":11,
     "p2":20,
     "p3":21},
    {"p1":9,
     "p2":10,
     "p3":23},
    {"p1":9,
     "p2":23,
     "p3":24},
    {"p1":9,
     "p2":24,
     "p3":25},
    {"p1":8,
     "p2":9,
     "p3":29},
    {"p1":8,
     "p2":50,
     "p3":63},
    {"p1":7,
     "p2":8,
     "p3":63},
    {"p1":7,
     "p2":63,
     "p3":64},
    {"p1":50,
     "p2":62,
     "p3":63},
    {"p1":35,
     "p2":36,
     "p3":49},
    {"p1":8,
     "p2":35,
     "p3":49},
    {"p1":8,
     "p2":34,
     "p3":35},
    {"p1":13,
     "p2":18,
     "p3":19},
    {"p1":13,
     "p2":17,
     "p3":18},
    {"p1":13,
     "p2":14,
     "p3":17},
    {"p1":14,
     "p2":15,
     "p3":17},
    {"p1":44,
     "p2":45,
     "p3":46},
    {"p1":69,
     "p2":70,
     "p3":76},
    {"p1":69,
     "p2":76,
     "p3":77},
    {"p1":68,
     "p2":69,
     "p3":77},
    {"p1":4,
     "p2":5,
     "p3":98},
    {"p1":5,
     "p2":92,
     "p3":96},
    {"p1":5,
     "p2":6,
     "p3":91},
    {"p1":5,
     "p2":91,
     "p3":92},
    {"p1":4,
     "p2":99,
     "p3":100},
    {"p1":0,
     "p2":4,
     "p3":100},
    {"p1":12,
     "p2":13,
     "p3":19},
    {"p1":12,
     "p2":19,
     "p3":20},
    {"p1":11,
     "p2":12,
     "p3":20},
    {"p1":52,
     "p2":53,
     "p3":60},
    {"p1":51,
     "p2":52,
     "p3":61},
    {"p1":52,
     "p2":60,
     "p3":61},
    {"p1":92,
     "p2":95,
     "p3":96},
    {"p1":92,
     "p2":94,
     "p3":95},
    {"p1":86,
     "p2":87,
     "p3":89},
    {"p1":87,
     "p2":88,
     "p3":89},
    {"p1":9,
     "p2":28,
     "p3":29},
    {"p1":8,
     "p2":32,
     "p3":33},
    {"p1":8,
     "p2":31,
     "p3":32},
    {"p1":8,
     "p2":29,
     "p3":30},
    {"p1":8,
     "p2":30,
     "p3":31},
    {"p1":36,
     "p2":43,
     "p3":49},
    {"p1":36,
     "p2":37,
     "p3":43},
    {"p1":43,
     "p2":48,
     "p3":49},
    {"p1":43,
     "p2":44,
     "p3":48},
    {"p1":5,
     "p2":96,
     "p3":97},
    {"p1":5,
     "p2":97,
     "p3":98},
    {"p1":66,
     "p2":82,
     "p3":83},
    {"p1":66,
     "p2":81,
     "p3":82},
    {"p1":66,
     "p2":67,
     "p3":80},
    {"p1":66,
     "p2":80,
     "p3":81},
    {"p1":66,
     "p2":83,
     "p3":84},
    {"p1":66,
     "p2":84,
     "p3":85},
    {"p1":65,
     "p2":66,
     "p3":86},
    {"p1":66,
     "p2":85,
     "p3":86},
    {"p1":9,
     "p2":25,
     "p3":26},
    {"p1":9,
     "p2":26,
     "p3":28},
    {"p1":26,
     "p2":27,
     "p3":28},
    {"p1":44,
     "p2":46,
     "p3":47},
    {"p1":44,
     "p2":47,
     "p3":48},
    {"p1":39,
     "p2":40,
     "p3":41},
    {"p1":37,
     "p2":38,
     "p3":43},
    {"p1":38,
     "p2":42,
     "p3":43},
    {"p1":38,
     "p2":39,
     "p3":41},
    {"p1":38,
     "p2":41,
     "p3":42}]
}