{"points":[
    {"x":0.12794,
     "y":0.50131},
    {"x":0.13316,
     "y":0.53525},
    {"x":0.13316,
     "y":0.56919},
    {"x":0.13055,
     "y":0.60313},
    {"x":0.1201,
     "y":0.63708},
    {"x":0.10183,
     "y":0.67102},
    {"x":0.078329,
     "y":0.70496},
    {"x":0.046997,
     "y":0.73368},
    {"x":0.015666,
     "y":0.75979},
    {"x":0,
     "y":0.79373},
    {"x":0.028721,
     "y":0.82245},
    {"x":0.062663,
     "y":0.84334},
    {"x":0.096606,
     "y":0.87467},
    {"x":0.12794,
     "y":0.90339},
    {"x":0.16188,
     "y":0.92689},
    {"x":0.19582,
     "y":0.95039},
    {"x":0.22977,
     "y":0.96867},
    {"x":0.26371,
     "y":0.98433},
    {"x":0.29765,
     "y":0.99478},
    {"x":0.33159,
     "y":1},
    {"x":0.36554,
     "y":1},
    {"x":0.39948,
     "y":0.99739},
    {"x":0.43342,
     "y":0.99478},
    {"x":0.46736,
     "y":0.98695},
    {"x":0.50131,
     "y":0.9765},
    {"x":0.53525,
     "y":0.95822},
    {"x":0.56919,
     "y":0.93211},
    {"x":0.60052,
     "y":0.90339},
    {"x":0.63185,
     "y":0.87728},
    {"x":0.6658,
     "y":0.85379},
    {"x":0.69974,
     "y":0.83812},
    {"x":0.73368,
     "y":0.84334},
    {"x":0.76762,
     "y":0.85117},
    {"x":0.80157,
     "y":0.8564},
    {"x":0.83551,
     "y":0.84856},
    {"x":0.83812,
     "y":0.81462},
    {"x":0.82507,
     "y":0.78068},
    {"x":0.80679,
     "y":0.74674},
    {"x":0.80418,
     "y":0.71802},
    {"x":0.83812,
     "y":0.6893},
    {"x":0.8564,
     "y":0.65535},
    {"x":0.85379,
     "y":0.62141},
    {"x":0.82768,
     "y":0.58747},
    {"x":0.79373,
     "y":0.56136},
    {"x":0.75979,
     "y":0.54308},
    {"x":0.7389,
     "y":0.51958},
    {"x":0.74413,
     "y":0.48564},
    {"x":0.71802,
     "y":0.46736},
    {"x":0.69191,
     "y":0.44125},
    {"x":0.68146,
     "y":0.40731},
    {"x":0.66841,
     "y":0.37337},
    {"x":0.64752,
     "y":0.34204},
    {"x":0.61358,
     "y":0.32637},
    {"x":0.57963,
     "y":0.30809},
    {"x":0.55875,
     "y":0.27415},
    {"x":0.54308,
     "y":0.24021},
    {"x":0.53003,
     "y":0.20627},
    {"x":0.53264,
     "y":0.18016},
    {"x":0.56658,
     "y":0.18538},
    {"x":0.60052,
     "y":0.18799},
    {"x":0.63446,
     "y":0.1906},
    {"x":0.66841,
     "y":0.1906},
    {"x":0.70235,
     "y":0.19321},
    {"x":0.73629,
     "y":0.19321},
    {"x":0.77023,
     "y":0.19321},
    {"x":0.80418,
     "y":0.19321},
    {"x":0.83812,
     "y":0.18799},
    {"x":0.86423,
     "y":0.17232},
    {"x":0.83029,
     "y":0.14883},
    {"x":0.79634,
     "y":0.13055},
    {"x":0.7624,
     "y":0.10966},
    {"x":0.72846,
     "y":0.093995},
    {"x":0.69452,
     "y":0.075718},
    {"x":0.66057,
     "y":0.057441},
    {"x":0.62663,
     "y":0.044386},
    {"x":0.59269,
     "y":0.031332},
    {"x":0.55875,
     "y":0.018277},
    {"x":0.5248,
     "y":0.010444},
    {"x":0.49086,
     "y":0.002611},
    {"x":0.45692,
     "y":0},
    {"x":0.42298,
     "y":0},
    {"x":0.38903,
     "y":0.002611},
    {"x":0.35509,
     "y":0.0078329},
    {"x":0.32115,
     "y":0.015666},
    {"x":0.28721,
     "y":0.023499},
    {"x":0.25326,
     "y":0.028721},
    {"x":0.21932,
     "y":0.046997},
    {"x":0.19321,
     "y":0.078329},
    {"x":0.17232,
     "y":0.11227},
    {"x":0.15405,
     "y":0.14621},
    {"x":0.12533,
     "y":0.17493},
    {"x":0.091384,
     "y":0.17232},
    {"x":0.060052,
     "y":0.18538},
    {"x":0.041775,
     "y":0.21932},
    {"x":0.033943,
     "y":0.25326},
    {"x":0.036554,
     "y":0.28721},
    {"x":0.049608,
     "y":0.32115},
    {"x":0.067885,
     "y":0.35509},
    {"x":0.086162,
     "y":0.38903},
    {"x":0.10183,
     "y":0.42298},
    {"x":0.11749,
     "y":0.45692},
    {"x":0.12533,
     "y":0.49086},
    {"x":0.12794,
     "y":0.50131}],
 "triangles":[
    {"p1":3,
     "p2":27,
     "p3":28},
    {"p1":3,
     "p2":4,
     "p3":27},
    {"p1":66,
     "p2":67,
     "p3":68},
    {"p1":65,
     "p2":66,
     "p3":68},
    {"p1":3,
     "p2":28,
     "p3":48},
    {"p1":56,
     "p2":83,
     "p3":84},
    {"p1":84,
     "p2":85,
     "p3":87},
    {"p1":56,
     "p2":84,
     "p3":88},
    {"p1":56,
     "p2":88,
     "p3":89},
    {"p1":84,
     "p2":87,
     "p3":88},
    {"p1":0,
     "p2":1,
     "p3":53},
    {"p1":65,
     "p2":68,
     "p3":69},
    {"p1":63,
     "p2":70,
     "p3":71},
    {"p1":30,
     "p2":38,
     "p3":44},
    {"p1":50,
     "p2":51,
     "p3":52},
    {"p1":48,
     "p2":52,
     "p3":53},
    {"p1":28,
     "p2":45,
     "p3":48},
    {"p1":30,
     "p2":44,
     "p3":45},
    {"p1":2,
     "p2":3,
     "p3":48},
    {"p1":1,
     "p2":2,
     "p3":53},
    {"p1":2,
     "p2":48,
     "p3":53},
    {"p1":57,
     "p2":80,
     "p3":81},
    {"p1":57,
     "p2":79,
     "p3":80},
    {"p1":57,
     "p2":81,
     "p3":82},
    {"p1":57,
     "p2":78,
     "p3":79},
    {"p1":56,
     "p2":57,
     "p3":83},
    {"p1":57,
     "p2":82,
     "p3":83},
    {"p1":57,
     "p2":77,
     "p3":78},
    {"p1":57,
     "p2":76,
     "p3":77},
    {"p1":57,
     "p2":75,
     "p3":76},
    {"p1":90,
     "p2":98,
     "p3":99},
    {"p1":89,
     "p2":90,
     "p3":99},
    {"p1":85,
     "p2":86,
     "p3":87},
    {"p1":0,
     "p2":53,
     "p3":101},
    {"p1":4,
     "p2":15,
     "p3":16},
    {"p1":4,
     "p2":5,
     "p3":15},
    {"p1":5,
     "p2":14,
     "p3":15},
    {"p1":5,
     "p2":6,
     "p3":13},
    {"p1":5,
     "p2":13,
     "p3":14},
    {"p1":4,
     "p2":20,
     "p3":21},
    {"p1":18,
     "p2":19,
     "p3":20},
    {"p1":17,
     "p2":18,
     "p3":20},
    {"p1":4,
     "p2":16,
     "p3":20},
    {"p1":16,
     "p2":17,
     "p3":20},
    {"p1":21,
     "p2":23,
     "p3":26},
    {"p1":23,
     "p2":25,
     "p3":26},
    {"p1":4,
     "p2":26,
     "p3":27},
    {"p1":4,
     "p2":21,
     "p3":26},
    {"p1":23,
     "p2":24,
     "p3":25},
    {"p1":6,
     "p2":12,
     "p3":13},
    {"p1":6,
     "p2":11,
     "p3":12},
    {"p1":61,
     "p2":71,
     "p3":72},
    {"p1":59,
     "p2":73,
     "p3":74},
    {"p1":59,
     "p2":60,
     "p3":73},
    {"p1":60,
     "p2":72,
     "p3":73},
    {"p1":60,
     "p2":61,
     "p3":72},
    {"p1":53,
     "p2":54,
     "p3":101},
    {"p1":54,
     "p2":100,
     "p3":101},
    {"p1":64,
     "p2":65,
     "p3":69},
    {"p1":64,
     "p2":69,
     "p3":70},
    {"p1":63,
     "p2":64,
     "p3":70},
    {"p1":61,
     "p2":62,
     "p3":71},
    {"p1":62,
     "p2":63,
     "p3":71},
    {"p1":38,
     "p2":43,
     "p3":44},
    {"p1":49,
     "p2":50,
     "p3":52},
    {"p1":48,
     "p2":49,
     "p3":52},
    {"p1":28,
     "p2":29,
     "p3":45},
    {"p1":29,
     "p2":30,
     "p3":45},
    {"p1":45,
     "p2":47,
     "p3":48},
    {"p1":45,
     "p2":46,
     "p3":47},
    {"p1":57,
     "p2":58,
     "p3":75},
    {"p1":58,
     "p2":74,
     "p3":75},
    {"p1":58,
     "p2":59,
     "p3":74},
    {"p1":21,
     "p2":22,
     "p3":23},
    {"p1":6,
     "p2":7,
     "p3":11},
    {"p1":7,
     "p2":10,
     "p3":11},
    {"p1":30,
     "p2":37,
     "p3":38},
    {"p1":30,
     "p2":31,
     "p3":37},
    {"p1":31,
     "p2":32,
     "p3":37},
    {"p1":32,
     "p2":36,
     "p3":37},
    {"p1":32,
     "p2":33,
     "p3":36},
    {"p1":33,
     "p2":34,
     "p3":35},
    {"p1":33,
     "p2":35,
     "p3":36},
    {"p1":38,
     "p2":39,
     "p3":42},
    {"p1":38,
     "p2":42,
     "p3":43},
    {"p1":55,
     "p2":56,
     "p3":89},
    {"p1":55,
     "p2":89,
     "p3":99},
    {"p1":55,
     "p2":99,
     "p3":100},
    {"p1":54,
     "p2":55,
     "p3":100},
    {"p1":90,
     "p2":97,
     "p3":98},
    {"p1":90,
     "p2":96,
     "p3":97},
    {"p1":90,
     "p2":95,
     "p3":96},
    {"p1":90,
     "p2":91,
     "p3":93},
    {"p1":91,
     "p2":92,
     "p3":93},
    {"p1":8,
     "p2":9,
     "p3":10},
    {"p1":7,
     "p2":8,
     "p3":10},
    {"p1":39,
     "p2":40,
     "p3":41},
    {"p1":39,
     "p2":41,
     "p3":42},
    {"p1":90,
     "p2":93,
     "p3":94},
    {"p1":90,
     "p2":94,
     "p3":95}]
}