{"points":[
    {"x":0.12935,
     "y":0.5},
    {"x":0.13682,
     "y":0.53731},
    {"x":0.1393,
     "y":0.57463},
    {"x":0.17662,
     "y":0.57463},
    {"x":0.21393,
     "y":0.57711},
    {"x":0.25124,
     "y":0.58209},
    {"x":0.28856,
     "y":0.59453},
    {"x":0.31841,
     "y":0.62438},
    {"x":0.29602,
     "y":0.6592},
    {"x":0.25871,
     "y":0.67662},
    {"x":0.22139,
     "y":0.68905},
    {"x":0.18408,
     "y":0.69403},
    {"x":0.14677,
     "y":0.69652},
    {"x":0.10945,
     "y":0.69403},
    {"x":0.072139,
     "y":0.69652},
    {"x":0.034826,
     "y":0.70896},
    {"x":0.0024876,
     "y":0.73881},
    {"x":0,
     "y":0.77612},
    {"x":0.0199,
     "y":0.81343},
    {"x":0.057214,
     "y":0.8408},
    {"x":0.094527,
     "y":0.87313},
    {"x":0.12935,
     "y":0.90299},
    {"x":0.16667,
     "y":0.93035},
    {"x":0.20398,
     "y":0.95522},
    {"x":0.24129,
     "y":0.97512},
    {"x":0.27861,
     "y":0.99005},
    {"x":0.31592,
     "y":1},
    {"x":0.35323,
     "y":1},
    {"x":0.39055,
     "y":0.99751},
    {"x":0.42786,
     "y":0.99502},
    {"x":0.46517,
     "y":0.98507},
    {"x":0.50249,
     "y":0.97015},
    {"x":0.5398,
     "y":0.94776},
    {"x":0.57463,
     "y":0.91791},
    {"x":0.60697,
     "y":0.88806},
    {"x":0.64428,
     "y":0.8607},
    {"x":0.68159,
     "y":0.84577},
    {"x":0.71891,
     "y":0.85323},
    {"x":0.75622,
     "y":0.8607},
    {"x":0.79353,
     "y":0.86318},
    {"x":0.81343,
     "y":0.83333},
    {"x":0.801,
     "y":0.79602},
    {"x":0.78358,
     "y":0.75871},
    {"x":0.78607,
     "y":0.72637},
    {"x":0.81841,
     "y":0.69652},
    {"x":0.83085,
     "y":0.6592},
    {"x":0.81343,
     "y":0.62189},
    {"x":0.77861,
     "y":0.58955},
    {"x":0.74129,
     "y":0.56716},
    {"x":0.71891,
     "y":0.54229},
    {"x":0.73383,
     "y":0.50498},
    {"x":0.76119,
     "y":0.46766},
    {"x":0.79602,
     "y":0.43035},
    {"x":0.8209,
     "y":0.39303},
    {"x":0.82836,
     "y":0.35572},
    {"x":0.82836,
     "y":0.31841},
    {"x":0.81343,
     "y":0.28109},
    {"x":0.77612,
     "y":0.26866},
    {"x":0.73881,
     "y":0.27612},
    {"x":0.70149,
     "y":0.29104},
    {"x":0.66418,
     "y":0.30348},
    {"x":0.62687,
     "y":0.31343},
    {"x":0.58955,
     "y":0.31095},
    {"x":0.55224,
     "y":0.29353},
    {"x":0.52239,
     "y":0.25622},
    {"x":0.50746,
     "y":0.21891},
    {"x":0.54229,
     "y":0.20647},
    {"x":0.5796,
     "y":0.19652},
    {"x":0.61692,
     "y":0.18657},
    {"x":0.65423,
     "y":0.17662},
    {"x":0.69154,
     "y":0.16169},
    {"x":0.72886,
     "y":0.14677},
    {"x":0.76617,
     "y":0.12438},
    {"x":0.76119,
     "y":0.089552},
    {"x":0.72388,
     "y":0.069652},
    {"x":0.68657,
     "y":0.049751},
    {"x":0.64925,
     "y":0.032338},
    {"x":0.61194,
     "y":0.017413},
    {"x":0.57463,
     "y":0.0074627},
    {"x":0.53731,
     "y":0},
    {"x":0.5,
     "y":0},
    {"x":0.46269,
     "y":0.0049751},
    {"x":0.42537,
     "y":0.017413},
    {"x":0.38806,
     "y":0.032338},
    {"x":0.35075,
     "y":0.047264},
    {"x":0.31343,
     "y":0.062189},
    {"x":0.27612,
     "y":0.074627},
    {"x":0.23881,
     "y":0.08209},
    {"x":0.20398,
     "y":0.11194},
    {"x":0.1791,
     "y":0.14925},
    {"x":0.1592,
     "y":0.18657},
    {"x":0.12438,
     "y":0.21642},
    {"x":0.087065,
     "y":0.20647},
    {"x":0.059701,
     "y":0.24129},
    {"x":0.044776,
     "y":0.27861},
    {"x":0.047264,
     "y":0.31592},
    {"x":0.059701,
     "y":0.35323},
    {"x":0.079602,
     "y":0.39055},
    {"x":0.099502,
     "y":0.42786},
    {"x":0.11692,
     "y":0.46517},
    {"x":0.12935,
     "y":0.5}],
 "triangles":[
    {"p1":43,
     "p2":46,
     "p3":47},
    {"p1":6,
     "p2":7,
     "p3":63},
    {"p1":44,
     "p2":45,
     "p3":46},
    {"p1":43,
     "p2":44,
     "p3":46},
    {"p1":7,
     "p2":34,
     "p3":35},
    {"p1":91,
     "p2":93,
     "p3":94},
    {"p1":9,
     "p2":24,
     "p3":25},
    {"p1":10,
     "p2":22,
     "p3":23},
    {"p1":9,
     "p2":10,
     "p3":23},
    {"p1":9,
     "p2":23,
     "p3":24},
    {"p1":11,
     "p2":12,
     "p3":20},
    {"p1":25,
     "p2":26,
     "p3":27},
    {"p1":9,
     "p2":25,
     "p3":27},
    {"p1":38,
     "p2":39,
     "p3":40},
    {"p1":36,
     "p2":42,
     "p3":43},
    {"p1":68,
     "p2":76,
     "p3":77},
    {"p1":15,
     "p2":16,
     "p3":17},
    {"p1":15,
     "p2":17,
     "p3":18},
    {"p1":14,
     "p2":15,
     "p3":18},
    {"p1":91,
     "p2":92,
     "p3":93},
    {"p1":86,
     "p2":88,
     "p3":89},
    {"p1":65,
     "p2":86,
     "p3":89},
    {"p1":65,
     "p2":89,
     "p3":90},
    {"p1":86,
     "p2":87,
     "p3":88},
    {"p1":90,
     "p2":98,
     "p3":99},
    {"p1":90,
     "p2":91,
     "p3":98},
    {"p1":91,
     "p2":95,
     "p3":96},
    {"p1":91,
     "p2":94,
     "p3":95},
    {"p1":1,
     "p2":2,
     "p3":3},
    {"p1":1,
     "p2":3,
     "p3":4},
    {"p1":11,
     "p2":20,
     "p3":21},
    {"p1":10,
     "p2":21,
     "p3":22},
    {"p1":10,
     "p2":11,
     "p3":21},
    {"p1":14,
     "p2":18,
     "p3":19},
    {"p1":13,
     "p2":14,
     "p3":19},
    {"p1":12,
     "p2":13,
     "p3":19},
    {"p1":12,
     "p2":19,
     "p3":20},
    {"p1":8,
     "p2":31,
     "p3":32},
    {"p1":8,
     "p2":32,
     "p3":33},
    {"p1":7,
     "p2":8,
     "p3":34},
    {"p1":8,
     "p2":33,
     "p3":34},
    {"p1":8,
     "p2":30,
     "p3":31},
    {"p1":8,
     "p2":29,
     "p3":30},
    {"p1":8,
     "p2":28,
     "p3":29},
    {"p1":8,
     "p2":9,
     "p3":27},
    {"p1":8,
     "p2":27,
     "p3":28},
    {"p1":38,
     "p2":40,
     "p3":41},
    {"p1":36,
     "p2":37,
     "p3":42},
    {"p1":37,
     "p2":41,
     "p3":42},
    {"p1":37,
     "p2":38,
     "p3":41},
    {"p1":68,
     "p2":69,
     "p3":76},
    {"p1":7,
     "p2":35,
     "p3":49},
    {"p1":64,
     "p2":90,
     "p3":99},
    {"p1":64,
     "p2":65,
     "p3":90},
    {"p1":5,
     "p2":64,
     "p3":99},
    {"p1":6,
     "p2":63,
     "p3":64},
    {"p1":5,
     "p2":6,
     "p3":64},
    {"p1":66,
     "p2":80,
     "p3":81},
    {"p1":65,
     "p2":66,
     "p3":81},
    {"p1":66,
     "p2":79,
     "p3":80},
    {"p1":91,
     "p2":96,
     "p3":97},
    {"p1":91,
     "p2":97,
     "p3":98},
    {"p1":0,
     "p2":1,
     "p3":4},
    {"p1":0,
     "p2":5,
     "p3":99},
    {"p1":0,
     "p2":4,
     "p3":5},
    {"p1":70,
     "p2":74,
     "p3":75},
    {"p1":69,
     "p2":75,
     "p3":76},
    {"p1":69,
     "p2":70,
     "p3":75},
    {"p1":70,
     "p2":71,
     "p3":74},
    {"p1":71,
     "p2":73,
     "p3":74},
    {"p1":71,
     "p2":72,
     "p3":73},
    {"p1":35,
     "p2":36,
     "p3":48},
    {"p1":35,
     "p2":48,
     "p3":49},
    {"p1":36,
     "p2":43,
     "p3":48},
    {"p1":43,
     "p2":47,
     "p3":48},
    {"p1":7,
     "p2":62,
     "p3":63},
    {"p1":7,
     "p2":49,
     "p3":62},
    {"p1":49,
     "p2":50,
     "p3":62},
    {"p1":50,
     "p2":61,
     "p3":62},
    {"p1":52,
     "p2":59,
     "p3":60},
    {"p1":53,
     "p2":54,
     "p3":59},
    {"p1":52,
     "p2":53,
     "p3":59},
    {"p1":65,
     "p2":83,
     "p3":84},
    {"p1":65,
     "p2":85,
     "p3":86},
    {"p1":65,
     "p2":84,
     "p3":85},
    {"p1":67,
     "p2":78,
     "p3":79},
    {"p1":66,
     "p2":67,
     "p3":79},
    {"p1":67,
     "p2":68,
     "p3":77},
    {"p1":67,
     "p2":77,
     "p3":78},
    {"p1":51,
     "p2":52,
     "p3":60},
    {"p1":50,
     "p2":51,
     "p3":61},
    {"p1":51,
     "p2":60,
     "p3":61},
    {"p1":65,
     "p2":81,
     "p3":82},
    {"p1":65,
     "p2":82,
     "p3":83},
    {"p1":55,
     "p2":56,
     "p3":57},
    {"p1":54,
     "p2":58,
     "p3":59},
    {"p1":54,
     "p2":55,
     "p3":58},
    {"p1":55,
     "p2":57,
     "p3":58}]
}