{"points":[
    {"x":0.11692,
     "y":0.5},
    {"x":0.12438,
     "y":0.52985},
    {"x":0.12687,
     "y":0.5597},
    {"x":0.12687,
     "y":0.58955},
    {"x":0.12438,
     "y":0.6194},
    {"x":0.11692,
     "y":0.64925},
    {"x":0.10199,
     "y":0.6791},
    {"x":0.08209,
     "y":0.70896},
    {"x":0.054726,
     "y":0.73632},
    {"x":0.024876,
     "y":0.76368},
    {"x":0,
     "y":0.79104},
    {"x":0.0099502,
     "y":0.8209},
    {"x":0.039801,
     "y":0.8408},
    {"x":0.069652,
     "y":0.8607},
    {"x":0.099502,
     "y":0.88806},
    {"x":0.12935,
     "y":0.91294},
    {"x":0.1592,
     "y":0.93284},
    {"x":0.18905,
     "y":0.95274},
    {"x":0.21891,
     "y":0.97015},
    {"x":0.24876,
     "y":0.98259},
    {"x":0.27861,
     "y":0.99502},
    {"x":0.30846,
     "y":1},
    {"x":0.33831,
     "y":1},
    {"x":0.36816,
     "y":1},
    {"x":0.39801,
     "y":0.99751},
    {"x":0.42786,
     "y":0.99254},
    {"x":0.45771,
     "y":0.98507},
    {"x":0.48756,
     "y":0.97264},
    {"x":0.51741,
     "y":0.95522},
    {"x":0.54726,
     "y":0.93284},
    {"x":0.57463,
     "y":0.90547},
    {"x":0.60448,
     "y":0.8806},
    {"x":0.63433,
     "y":0.8607},
    {"x":0.66418,
     "y":0.84826},
    {"x":0.69403,
     "y":0.84826},
    {"x":0.72388,
     "y":0.85572},
    {"x":0.75373,
     "y":0.86318},
    {"x":0.78358,
     "y":0.86318},
    {"x":0.801,
     "y":0.83831},
    {"x":0.79353,
     "y":0.80846},
    {"x":0.78109,
     "y":0.77861},
    {"x":0.76368,
     "y":0.74876},
    {"x":0.77612,
     "y":0.72388},
    {"x":0.80348,
     "y":0.699},
    {"x":0.81841,
     "y":0.66915},
    {"x":0.81343,
     "y":0.6393},
    {"x":0.79104,
     "y":0.61194},
    {"x":0.76617,
     "y":0.58955},
    {"x":0.73632,
     "y":0.57214},
    {"x":0.70647,
     "y":0.55721},
    {"x":0.71144,
     "y":0.52736},
    {"x":0.72637,
     "y":0.49751},
    {"x":0.74876,
     "y":0.46766},
    {"x":0.77861,
     "y":0.43781},
    {"x":0.801,
     "y":0.40796},
    {"x":0.81343,
     "y":0.37811},
    {"x":0.81841,
     "y":0.34826},
    {"x":0.81592,
     "y":0.31841},
    {"x":0.80597,
     "y":0.28856},
    {"x":0.78856,
     "y":0.26119},
    {"x":0.75871,
     "y":0.26368},
    {"x":0.73881,
     "y":0.23632},
    {"x":0.72886,
     "y":0.20647},
    {"x":0.71642,
     "y":0.17662},
    {"x":0.71393,
     "y":0.14925},
    {"x":0.74378,
     "y":0.14179},
    {"x":0.77363,
     "y":0.12687},
    {"x":0.76119,
     "y":0.099502},
    {"x":0.73134,
     "y":0.079602},
    {"x":0.70149,
     "y":0.062189},
    {"x":0.67164,
     "y":0.047264},
    {"x":0.64179,
     "y":0.034826},
    {"x":0.61194,
     "y":0.022388},
    {"x":0.58209,
     "y":0.012438},
    {"x":0.55224,
     "y":0.0049751},
    {"x":0.52239,
     "y":0},
    {"x":0.49254,
     "y":0},
    {"x":0.46269,
     "y":0.0024876},
    {"x":0.43284,
     "y":0.0099502},
    {"x":0.40299,
     "y":0.0199},
    {"x":0.37313,
     "y":0.032338},
    {"x":0.34328,
     "y":0.044776},
    {"x":0.31343,
     "y":0.057214},
    {"x":0.28358,
     "y":0.069652},
    {"x":0.25373,
     "y":0.074627},
    {"x":0.22388,
     "y":0.084577},
    {"x":0.19652,
     "y":0.10448},
    {"x":0.17662,
     "y":0.13433},
    {"x":0.1592,
     "y":0.16418},
    {"x":0.14179,
     "y":0.19403},
    {"x":0.11194,
     "y":0.21642},
    {"x":0.08209,
     "y":0.21144},
    {"x":0.054726,
     "y":0.22886},
    {"x":0.037313,
     "y":0.25871},
    {"x":0.032338,
     "y":0.28856},
    {"x":0.034826,
     "y":0.31841},
    {"x":0.044776,
     "y":0.34826},
    {"x":0.059701,
     "y":0.37811},
    {"x":0.074627,
     "y":0.40796},
    {"x":0.09204,
     "y":0.43781},
    {"x":0.10448,
     "y":0.46766},
    {"x":0.11443,
     "y":0.49751},
    {"x":0.11692,
     "y":0.5}],
 "triangles":[
    {"p1":7,
     "p2":8,
     "p3":13},
    {"p1":1,
     "p2":2,
     "p3":49},
    {"p1":51,
     "p2":61,
     "p3":82},
    {"p1":61,
     "p2":81,
     "p3":82},
    {"p1":9,
     "p2":10,
     "p3":11},
    {"p1":51,
     "p2":52,
     "p3":61},
    {"p1":7,
     "p2":13,
     "p3":14},
    {"p1":4,
     "p2":31,
     "p3":49},
    {"p1":0,
     "p2":50,
     "p3":89},
    {"p1":0,
     "p2":1,
     "p3":50},
    {"p1":1,
     "p2":49,
     "p3":50},
    {"p1":50,
     "p2":83,
     "p3":89},
    {"p1":50,
     "p2":51,
     "p3":82},
    {"p1":50,
     "p2":82,
     "p3":83},
    {"p1":36,
     "p2":37,
     "p3":38},
    {"p1":36,
     "p2":38,
     "p3":39},
    {"p1":85,
     "p2":86,
     "p3":87},
    {"p1":83,
     "p2":84,
     "p3":87},
    {"p1":84,
     "p2":85,
     "p3":87},
    {"p1":83,
     "p2":87,
     "p3":88},
    {"p1":83,
     "p2":88,
     "p3":89},
    {"p1":9,
     "p2":11,
     "p3":12},
    {"p1":8,
     "p2":12,
     "p3":13},
    {"p1":8,
     "p2":9,
     "p3":12},
    {"p1":43,
     "p2":44,
     "p3":45},
    {"p1":43,
     "p2":45,
     "p3":46},
    {"p1":52,
     "p2":60,
     "p3":61},
    {"p1":54,
     "p2":55,
     "p3":60},
    {"p1":55,
     "p2":56,
     "p3":60},
    {"p1":58,
     "p2":59,
     "p3":60},
    {"p1":7,
     "p2":14,
     "p3":15},
    {"p1":2,
     "p2":3,
     "p3":49},
    {"p1":3,
     "p2":4,
     "p3":49},
    {"p1":33,
     "p2":34,
     "p3":41},
    {"p1":33,
     "p2":41,
     "p3":49},
    {"p1":35,
     "p2":36,
     "p3":39},
    {"p1":5,
     "p2":28,
     "p3":29},
    {"p1":31,
     "p2":32,
     "p3":49},
    {"p1":32,
     "p2":33,
     "p3":49},
    {"p1":63,
     "p2":78,
     "p3":79},
    {"p1":61,
     "p2":62,
     "p3":81},
    {"p1":62,
     "p2":63,
     "p3":81},
    {"p1":63,
     "p2":76,
     "p3":78},
    {"p1":74,
     "p2":75,
     "p3":76},
    {"p1":63,
     "p2":74,
     "p3":76},
    {"p1":90,
     "p2":95,
     "p3":96},
    {"p1":90,
     "p2":94,
     "p3":95},
    {"p1":90,
     "p2":93,
     "p3":94},
    {"p1":90,
     "p2":92,
     "p3":93},
    {"p1":90,
     "p2":91,
     "p3":92},
    {"p1":0,
     "p2":89,
     "p3":100},
    {"p1":89,
     "p2":99,
     "p3":100},
    {"p1":89,
     "p2":98,
     "p3":99},
    {"p1":89,
     "p2":90,
     "p3":98},
    {"p1":53,
     "p2":54,
     "p3":60},
    {"p1":52,
     "p2":53,
     "p3":60},
    {"p1":56,
     "p2":57,
     "p3":60},
    {"p1":57,
     "p2":58,
     "p3":60},
    {"p1":5,
     "p2":24,
     "p3":25},
    {"p1":5,
     "p2":25,
     "p3":28},
    {"p1":5,
     "p2":23,
     "p3":24},
    {"p1":5,
     "p2":17,
     "p3":18},
    {"p1":19,
     "p2":20,
     "p3":21},
    {"p1":5,
     "p2":18,
     "p3":19},
    {"p1":42,
     "p2":48,
     "p3":49},
    {"p1":41,
     "p2":42,
     "p3":49},
    {"p1":42,
     "p2":43,
     "p3":46},
    {"p1":35,
     "p2":39,
     "p3":40},
    {"p1":34,
     "p2":40,
     "p3":41},
    {"p1":34,
     "p2":35,
     "p3":40},
    {"p1":5,
     "p2":29,
     "p3":30},
    {"p1":4,
     "p2":30,
     "p3":31},
    {"p1":4,
     "p2":5,
     "p3":30},
    {"p1":63,
     "p2":80,
     "p3":81},
    {"p1":63,
     "p2":79,
     "p3":80},
    {"p1":65,
     "p2":66,
     "p3":67},
    {"p1":63,
     "p2":73,
     "p3":74},
    {"p1":63,
     "p2":72,
     "p3":73},
    {"p1":63,
     "p2":64,
     "p3":72},
    {"p1":64,
     "p2":69,
     "p3":70},
    {"p1":76,
     "p2":77,
     "p3":78},
    {"p1":0,
     "p2":100,
     "p3":101},
    {"p1":90,
     "p2":96,
     "p3":97},
    {"p1":90,
     "p2":97,
     "p3":98},
    {"p1":25,
     "p2":27,
     "p3":28},
    {"p1":25,
     "p2":26,
     "p3":27},
    {"p1":6,
     "p2":16,
     "p3":17},
    {"p1":5,
     "p2":6,
     "p3":17},
    {"p1":6,
     "p2":15,
     "p3":16},
    {"p1":6,
     "p2":7,
     "p3":15},
    {"p1":5,
     "p2":22,
     "p3":23},
    {"p1":5,
     "p2":19,
     "p3":22},
    {"p1":19,
     "p2":21,
     "p3":22},
    {"p1":42,
     "p2":46,
     "p3":47},
    {"p1":42,
     "p2":47,
     "p3":48},
    {"p1":64,
     "p2":68,
     "p3":69},
    {"p1":65,
     "p2":67,
     "p3":68},
    {"p1":64,
     "p2":65,
     "p3":68},
    {"p1":64,
     "p2":70,
     "p3":71},
    {"p1":64,
     "p2":71,
     "p3":72}]
}