{"points":[
    {"x":0.11194,
     "y":0.5},
    {"x":0.1194,
     "y":0.53234},
    {"x":0.12189,
     "y":0.56468},
    {"x":0.12189,
     "y":0.59701},
    {"x":0.11692,
     "y":0.62935},
    {"x":0.10697,
     "y":0.66169},
    {"x":0.087065,
     "y":0.69403},
    {"x":0.062189,
     "y":0.72637},
    {"x":0.029851,
     "y":0.75622},
    {"x":0,
     "y":0.78358},
    {"x":0.0024876,
     "y":0.81592},
    {"x":0.032338,
     "y":0.83831},
    {"x":0.064677,
     "y":0.8607},
    {"x":0.097015,
     "y":0.89055},
    {"x":0.12935,
     "y":0.91542},
    {"x":0.16169,
     "y":0.93781},
    {"x":0.19403,
     "y":0.9602},
    {"x":0.22637,
     "y":0.97512},
    {"x":0.25871,
     "y":0.99005},
    {"x":0.29104,
     "y":0.99751},
    {"x":0.32338,
     "y":1},
    {"x":0.35572,
     "y":1},
    {"x":0.38806,
     "y":0.99751},
    {"x":0.4204,
     "y":0.99254},
    {"x":0.45274,
     "y":0.98507},
    {"x":0.48507,
     "y":0.97264},
    {"x":0.51741,
     "y":0.95274},
    {"x":0.54975,
     "y":0.92537},
    {"x":0.5796,
     "y":0.89801},
    {"x":0.61194,
     "y":0.87065},
    {"x":0.64428,
     "y":0.85075},
    {"x":0.67662,
     "y":0.84826},
    {"x":0.70896,
     "y":0.85323},
    {"x":0.74129,
     "y":0.8607},
    {"x":0.77363,
     "y":0.86318},
    {"x":0.79602,
     "y":0.8408},
    {"x":0.78856,
     "y":0.80846},
    {"x":0.77363,
     "y":0.77612},
    {"x":0.75622,
     "y":0.74378},
    {"x":0.77861,
     "y":0.71891},
    {"x":0.80597,
     "y":0.68905},
    {"x":0.81343,
     "y":0.65672},
    {"x":0.79851,
     "y":0.62438},
    {"x":0.77363,
     "y":0.5995},
    {"x":0.74129,
     "y":0.57711},
    {"x":0.70896,
     "y":0.5597},
    {"x":0.70398,
     "y":0.53234},
    {"x":0.71891,
     "y":0.5},
    {"x":0.74378,
     "y":0.46766},
    {"x":0.77363,
     "y":0.43532},
    {"x":0.79851,
     "y":0.40299},
    {"x":0.81095,
     "y":0.37065},
    {"x":0.81095,
     "y":0.33831},
    {"x":0.80846,
     "y":0.30597},
    {"x":0.78856,
     "y":0.27612},
    {"x":0.75622,
     "y":0.26866},
    {"x":0.72388,
     "y":0.27612},
    {"x":0.69154,
     "y":0.28607},
    {"x":0.6592,
     "y":0.29851},
    {"x":0.62687,
     "y":0.30846},
    {"x":0.59453,
     "y":0.31343},
    {"x":0.56219,
     "y":0.30846},
    {"x":0.52985,
     "y":0.28856},
    {"x":0.50746,
     "y":0.25622},
    {"x":0.49254,
     "y":0.22388},
    {"x":0.51741,
     "y":0.20896},
    {"x":0.54975,
     "y":0.20149},
    {"x":0.58209,
     "y":0.19154},
    {"x":0.61443,
     "y":0.18159},
    {"x":0.64677,
     "y":0.17164},
    {"x":0.6791,
     "y":0.16169},
    {"x":0.71144,
     "y":0.14677},
    {"x":0.74378,
     "y":0.12687},
    {"x":0.75373,
     "y":0.097015},
    {"x":0.72139,
     "y":0.077114},
    {"x":0.68905,
     "y":0.059701},
    {"x":0.65672,
     "y":0.042289},
    {"x":0.62438,
     "y":0.029851},
    {"x":0.59204,
     "y":0.017413},
    {"x":0.5597,
     "y":0.0074627},
    {"x":0.52736,
     "y":0.0024876},
    {"x":0.49502,
     "y":0},
    {"x":0.46269,
     "y":0.0024876},
    {"x":0.43035,
     "y":0.0099502},
    {"x":0.39801,
     "y":0.0199},
    {"x":0.36567,
     "y":0.034826},
    {"x":0.33333,
     "y":0.047264},
    {"x":0.301,
     "y":0.059701},
    {"x":0.26866,
     "y":0.072139},
    {"x":0.23632,
     "y":0.077114},
    {"x":0.20398,
     "y":0.09204},
    {"x":0.1791,
     "y":0.12189},
    {"x":0.1592,
     "y":0.15423},
    {"x":0.14179,
     "y":0.18657},
    {"x":0.11194,
     "y":0.21642},
    {"x":0.079602,
     "y":0.21393},
    {"x":0.049751,
     "y":0.22886},
    {"x":0.032338,
     "y":0.26119},
    {"x":0.027363,
     "y":0.29353},
    {"x":0.032338,
     "y":0.32587},
    {"x":0.044776,
     "y":0.35821},
    {"x":0.062189,
     "y":0.39055},
    {"x":0.079602,
     "y":0.42289},
    {"x":0.094527,
     "y":0.45522},
    {"x":0.10697,
     "y":0.48756},
    {"x":0.11194,
     "y":0.5}],
 "triangles":[
    {"p1":65,
     "p2":80,
     "p3":81},
    {"p1":30,
     "p2":38,
     "p3":45},
    {"p1":30,
     "p2":31,
     "p3":38},
    {"p1":31,
     "p2":32,
     "p3":38},
    {"p1":29,
     "p2":30,
     "p3":45},
    {"p1":3,
     "p2":29,
     "p3":45},
    {"p1":8,
     "p2":9,
     "p3":10},
    {"p1":8,
     "p2":10,
     "p3":11},
    {"p1":66,
     "p2":79,
     "p3":80},
    {"p1":65,
     "p2":66,
     "p3":80},
    {"p1":68,
     "p2":77,
     "p3":78},
    {"p1":68,
     "p2":69,
     "p3":77},
    {"p1":69,
     "p2":76,
     "p3":77},
    {"p1":69,
     "p2":75,
     "p3":76},
    {"p1":69,
     "p2":70,
     "p3":75},
    {"p1":2,
     "p2":61,
     "p3":62},
    {"p1":48,
     "p2":49,
     "p3":58},
    {"p1":48,
     "p2":58,
     "p3":59},
    {"p1":51,
     "p2":52,
     "p3":56},
    {"p1":23,
     "p2":26,
     "p3":27},
    {"p1":38,
     "p2":44,
     "p3":45},
    {"p1":39,
     "p2":43,
     "p3":44},
    {"p1":38,
     "p2":39,
     "p3":44},
    {"p1":32,
     "p2":33,
     "p3":37},
    {"p1":32,
     "p2":37,
     "p3":38},
    {"p1":1,
     "p2":2,
     "p3":62},
    {"p1":0,
     "p2":1,
     "p3":62},
    {"p1":0,
     "p2":62,
     "p3":104},
    {"p1":62,
     "p2":63,
     "p3":104},
    {"p1":63,
     "p2":103,
     "p3":104},
    {"p1":63,
     "p2":93,
     "p3":103},
    {"p1":63,
     "p2":64,
     "p3":93},
    {"p1":8,
     "p2":11,
     "p3":12},
    {"p1":67,
     "p2":68,
     "p3":78},
    {"p1":66,
     "p2":67,
     "p3":79},
    {"p1":67,
     "p2":78,
     "p3":79},
    {"p1":70,
     "p2":71,
     "p3":75},
    {"p1":40,
     "p2":41,
     "p3":42},
    {"p1":39,
     "p2":42,
     "p3":43},
    {"p1":39,
     "p2":40,
     "p3":42},
    {"p1":49,
     "p2":57,
     "p3":58},
    {"p1":49,
     "p2":50,
     "p3":57},
    {"p1":50,
     "p2":51,
     "p3":57},
    {"p1":51,
     "p2":56,
     "p3":57},
    {"p1":7,
     "p2":12,
     "p3":13},
    {"p1":7,
     "p2":8,
     "p3":12},
    {"p1":24,
     "p2":25,
     "p3":26},
    {"p1":23,
     "p2":24,
     "p3":26},
    {"p1":4,
     "p2":27,
     "p3":28},
    {"p1":4,
     "p2":28,
     "p3":29},
    {"p1":3,
     "p2":4,
     "p3":29},
    {"p1":47,
     "p2":59,
     "p3":60},
    {"p1":47,
     "p2":48,
     "p3":59},
    {"p1":33,
     "p2":36,
     "p3":37},
    {"p1":34,
     "p2":35,
     "p3":36},
    {"p1":33,
     "p2":34,
     "p3":36},
    {"p1":64,
     "p2":87,
     "p3":88},
    {"p1":64,
     "p2":86,
     "p3":87},
    {"p1":65,
     "p2":81,
     "p3":82},
    {"p1":64,
     "p2":65,
     "p3":83},
    {"p1":64,
     "p2":83,
     "p3":84},
    {"p1":65,
     "p2":82,
     "p3":83},
    {"p1":64,
     "p2":85,
     "p3":86},
    {"p1":64,
     "p2":84,
     "p3":85},
    {"p1":64,
     "p2":88,
     "p3":92},
    {"p1":64,
     "p2":92,
     "p3":93},
    {"p1":95,
     "p2":96,
     "p3":97},
    {"p1":93,
     "p2":102,
     "p3":103},
    {"p1":71,
     "p2":72,
     "p3":74},
    {"p1":71,
     "p2":74,
     "p3":75},
    {"p1":72,
     "p2":73,
     "p3":74},
    {"p1":52,
     "p2":55,
     "p3":56},
    {"p1":52,
     "p2":53,
     "p3":55},
    {"p1":53,
     "p2":54,
     "p3":55},
    {"p1":5,
     "p2":23,
     "p3":27},
    {"p1":4,
     "p2":5,
     "p3":27},
    {"p1":5,
     "p2":22,
     "p3":23},
    {"p1":5,
     "p2":21,
     "p3":22},
    {"p1":5,
     "p2":20,
     "p3":21},
    {"p1":2,
     "p2":46,
     "p3":61},
    {"p1":46,
     "p2":60,
     "p3":61},
    {"p1":46,
     "p2":47,
     "p3":60},
    {"p1":3,
     "p2":45,
     "p3":46},
    {"p1":2,
     "p2":3,
     "p3":46},
    {"p1":93,
     "p2":94,
     "p3":102},
    {"p1":94,
     "p2":101,
     "p3":102},
    {"p1":94,
     "p2":100,
     "p3":101},
    {"p1":94,
     "p2":97,
     "p3":98},
    {"p1":94,
     "p2":95,
     "p3":97},
    {"p1":5,
     "p2":17,
     "p3":20},
    {"p1":17,
     "p2":18,
     "p3":19},
    {"p1":17,
     "p2":19,
     "p3":20},
    {"p1":15,
     "p2":16,
     "p3":17},
    {"p1":5,
     "p2":15,
     "p3":17},
    {"p1":6,
     "p2":14,
     "p3":15},
    {"p1":5,
     "p2":6,
     "p3":15},
    {"p1":6,
     "p2":7,
     "p3":13},
    {"p1":6,
     "p2":13,
     "p3":14},
    {"p1":89,
     "p2":90,
     "p3":91},
    {"p1":88,
     "p2":91,
     "p3":92},
    {"p1":88,
     "p2":89,
     "p3":91},
    {"p1":94,
     "p2":98,
     "p3":99},
    {"p1":94,
     "p2":99,
     "p3":100}]
}