{"points":[
    {"x":0.16,
     "y":0.46286},
    {"x":0.21714,
     "y":0.48},
    {"x":0.23429,
     "y":0.53143},
    {"x":0.25143,
     "y":0.58857},
    {"x":0.22857,
     "y":0.64},
    {"x":0.17143,
     "y":0.66857},
    {"x":0.11429,
     "y":0.66857},
    {"x":0.057143,
     "y":0.65714},
    {"x":0,
     "y":0.62857},
    {"x":0.0057143,
     "y":0.68571},
    {"x":0.034286,
     "y":0.73143},
    {"x":0.091429,
     "y":0.74857},
    {"x":0.14857,
     "y":0.74857},
    {"x":0.20571,
     "y":0.74286},
    {"x":0.26286,
     "y":0.72},
    {"x":0.32,
     "y":0.70286},
    {"x":0.37714,
     "y":0.74286},
    {"x":0.35429,
     "y":0.79429},
    {"x":0.30286,
     "y":0.83429},
    {"x":0.24571,
     "y":0.86857},
    {"x":0.18857,
     "y":0.89143},
    {"x":0.13143,
     "y":0.89714},
    {"x":0.10857,
     "y":0.93714},
    {"x":0.16,
     "y":0.97714},
    {"x":0.21714,
     "y":0.96571},
    {"x":0.27429,
     "y":0.94286},
    {"x":0.33143,
     "y":0.90857},
    {"x":0.38857,
     "y":0.87429},
    {"x":0.43429,
     "y":0.82286},
    {"x":0.48,
     "y":0.77143},
    {"x":0.53714,
     "y":0.77143},
    {"x":0.56,
     "y":0.82857},
    {"x":0.59429,
     "y":0.88571},
    {"x":0.64571,
     "y":0.94286},
    {"x":0.70286,
     "y":0.98286},
    {"x":0.76,
     "y":1},
    {"x":0.80571,
     "y":0.97714},
    {"x":0.8,
     "y":0.92571},
    {"x":0.74286,
     "y":0.90857},
    {"x":0.68571,
     "y":0.86857},
    {"x":0.64,
     "y":0.81143},
    {"x":0.61714,
     "y":0.75429},
    {"x":0.66286,
     "y":0.70857},
    {"x":0.72,
     "y":0.71429},
    {"x":0.77714,
     "y":0.73714},
    {"x":0.83429,
     "y":0.73714},
    {"x":0.89143,
     "y":0.72571},
    {"x":0.94857,
     "y":0.68},
    {"x":0.98857,
     "y":0.62286},
    {"x":0.99429,
     "y":0.56571},
    {"x":0.94857,
     "y":0.54857},
    {"x":0.91429,
     "y":0.59429},
    {"x":0.86286,
     "y":0.64571},
    {"x":0.80571,
     "y":0.65714},
    {"x":0.74857,
     "y":0.63429},
    {"x":0.74857,
     "y":0.57714},
    {"x":0.76,
     "y":0.52},
    {"x":0.76,
     "y":0.46286},
    {"x":0.78857,
     "y":0.41714},
    {"x":0.84,
     "y":0.36571},
    {"x":0.86857,
     "y":0.30857},
    {"x":0.89143,
     "y":0.25143},
    {"x":0.89714,
     "y":0.19429},
    {"x":0.86857,
     "y":0.13714},
    {"x":0.81714,
     "y":0.16},
    {"x":0.81714,
     "y":0.21714},
    {"x":0.8,
     "y":0.27429},
    {"x":0.76571,
     "y":0.33143},
    {"x":0.71429,
     "y":0.34286},
    {"x":0.66857,
     "y":0.28571},
    {"x":0.67429,
     "y":0.24},
    {"x":0.70286,
     "y":0.18286},
    {"x":0.70857,
     "y":0.12571},
    {"x":0.69143,
     "y":0.068571},
    {"x":0.65714,
     "y":0.022857},
    {"x":0.6,
     "y":0.034286},
    {"x":0.61143,
     "y":0.091429},
    {"x":0.62857,
     "y":0.14857},
    {"x":0.6,
     "y":0.2},
    {"x":0.54286,
     "y":0.22857},
    {"x":0.48571,
     "y":0.22286},
    {"x":0.42857,
     "y":0.23429},
    {"x":0.37143,
     "y":0.21143},
    {"x":0.36,
     "y":0.15429},
    {"x":0.36571,
     "y":0.097143},
    {"x":0.37714,
     "y":0.04},
    {"x":0.33714,
     "y":0},
    {"x":0.29714,
     "y":0.034286},
    {"x":0.28571,
     "y":0.091429},
    {"x":0.28,
     "y":0.14857},
    {"x":0.28571,
     "y":0.20571},
    {"x":0.30857,
     "y":0.26286},
    {"x":0.29714,
     "y":0.32},
    {"x":0.26286,
     "y":0.37714},
    {"x":0.21714,
     "y":0.4},
    {"x":0.17143,
     "y":0.34857},
    {"x":0.16,
     "y":0.29143},
    {"x":0.16,
     "y":0.23429},
    {"x":0.15429,
     "y":0.17714},
    {"x":0.11429,
     "y":0.16571},
    {"x":0.08,
     "y":0.21143},
    {"x":0.08,
     "y":0.26857},
    {"x":0.08,
     "y":0.32571},
    {"x":0.097143,
     "y":0.38286},
    {"x":0.13143,
     "y":0.43429},
    {"x":0.16,
     "y":0.46286}],
 "triangles":[
    {"p1":98,
     "p2":99,
     "p3":100},
    {"p1":97,
     "p2":98,
     "p3":100},
    {"p1":7,
     "p2":8,
     "p3":9},
    {"p1":7,
     "p2":9,
     "p3":10},
    {"p1":7,
     "p2":10,
     "p3":11},
    {"p1":97,
     "p2":100,
     "p3":101},
    {"p1":85,
     "p2":86,
     "p3":87},
    {"p1":56,
     "p2":68,
     "p3":93},
    {"p1":95,
     "p2":103,
     "p3":104},
    {"p1":94,
     "p2":95,
     "p3":104},
    {"p1":29,
     "p2":30,
     "p3":42},
    {"p1":17,
     "p2":18,
     "p3":27},
    {"p1":18,
     "p2":19,
     "p3":26},
    {"p1":18,
     "p2":26,
     "p3":27},
    {"p1":35,
     "p2":36,
     "p3":37},
    {"p1":1,
     "p2":93,
     "p3":94},
    {"p1":1,
     "p2":2,
     "p3":93},
    {"p1":0,
     "p2":94,
     "p3":104},
    {"p1":0,
     "p2":1,
     "p3":94},
    {"p1":3,
     "p2":29,
     "p3":42},
    {"p1":3,
     "p2":42,
     "p3":55},
    {"p1":2,
     "p2":3,
     "p3":93},
    {"p1":3,
     "p2":56,
     "p3":93},
    {"p1":3,
     "p2":55,
     "p3":56},
    {"p1":47,
     "p2":48,
     "p3":51},
    {"p1":42,
     "p2":54,
     "p3":55},
    {"p1":42,
     "p2":43,
     "p3":54},
    {"p1":47,
     "p2":51,
     "p3":52},
    {"p1":95,
     "p2":102,
     "p3":103},
    {"p1":30,
     "p2":41,
     "p3":42},
    {"p1":17,
     "p2":27,
     "p3":28},
    {"p1":3,
     "p2":15,
     "p3":16},
    {"p1":3,
     "p2":16,
     "p3":29},
    {"p1":16,
     "p2":28,
     "p3":29},
    {"p1":16,
     "p2":17,
     "p3":28},
    {"p1":19,
     "p2":20,
     "p3":25},
    {"p1":19,
     "p2":25,
     "p3":26},
    {"p1":6,
     "p2":7,
     "p3":11},
    {"p1":6,
     "p2":11,
     "p3":12},
    {"p1":68,
     "p2":69,
     "p3":79},
    {"p1":69,
     "p2":78,
     "p3":79},
    {"p1":72,
     "p2":73,
     "p3":77},
    {"p1":71,
     "p2":72,
     "p3":77},
    {"p1":56,
     "p2":57,
     "p3":68},
    {"p1":57,
     "p2":58,
     "p3":68},
    {"p1":48,
     "p2":49,
     "p3":50},
    {"p1":48,
     "p2":50,
     "p3":51},
    {"p1":46,
     "p2":47,
     "p3":52},
    {"p1":43,
     "p2":44,
     "p3":53},
    {"p1":43,
     "p2":53,
     "p3":54},
    {"p1":96,
     "p2":101,
     "p3":102},
    {"p1":95,
     "p2":96,
     "p3":102},
    {"p1":96,
     "p2":97,
     "p3":101},
    {"p1":30,
     "p2":31,
     "p3":41},
    {"p1":31,
     "p2":32,
     "p3":40},
    {"p1":31,
     "p2":40,
     "p3":41},
    {"p1":21,
     "p2":22,
     "p3":23},
    {"p1":20,
     "p2":21,
     "p3":23},
    {"p1":3,
     "p2":4,
     "p3":15},
    {"p1":4,
     "p2":14,
     "p3":15},
    {"p1":84,
     "p2":85,
     "p3":87},
    {"p1":84,
     "p2":87,
     "p3":88},
    {"p1":83,
     "p2":84,
     "p3":88},
    {"p1":81,
     "p2":91,
     "p3":92},
    {"p1":81,
     "p2":92,
     "p3":93},
    {"p1":68,
     "p2":81,
     "p3":93},
    {"p1":68,
     "p2":79,
     "p3":81},
    {"p1":82,
     "p2":83,
     "p3":90},
    {"p1":82,
     "p2":90,
     "p3":91},
    {"p1":81,
     "p2":82,
     "p3":91},
    {"p1":58,
     "p2":67,
     "p3":68},
    {"p1":69,
     "p2":70,
     "p3":78},
    {"p1":70,
     "p2":71,
     "p3":77},
    {"p1":70,
     "p2":77,
     "p3":78},
    {"p1":73,
     "p2":76,
     "p3":77},
    {"p1":74,
     "p2":75,
     "p3":76},
    {"p1":73,
     "p2":74,
     "p3":76},
    {"p1":61,
     "p2":65,
     "p3":66},
    {"p1":45,
     "p2":46,
     "p3":52},
    {"p1":45,
     "p2":52,
     "p3":53},
    {"p1":44,
     "p2":45,
     "p3":53},
    {"p1":32,
     "p2":33,
     "p3":39},
    {"p1":32,
     "p2":39,
     "p3":40},
    {"p1":20,
     "p2":24,
     "p3":25},
    {"p1":20,
     "p2":23,
     "p3":24},
    {"p1":5,
     "p2":13,
     "p3":14},
    {"p1":4,
     "p2":5,
     "p3":14},
    {"p1":5,
     "p2":12,
     "p3":13},
    {"p1":5,
     "p2":6,
     "p3":12},
    {"p1":83,
     "p2":89,
     "p3":90},
    {"p1":83,
     "p2":88,
     "p3":89},
    {"p1":79,
     "p2":80,
     "p3":81},
    {"p1":62,
     "p2":63,
     "p3":64},
    {"p1":62,
     "p2":64,
     "p3":65},
    {"p1":61,
     "p2":62,
     "p3":65},
    {"p1":58,
     "p2":59,
     "p3":67},
    {"p1":59,
     "p2":66,
     "p3":67},
    {"p1":34,
     "p2":35,
     "p3":38},
    {"p1":35,
     "p2":37,
     "p3":38},
    {"p1":33,
     "p2":34,
     "p3":38},
    {"p1":33,
     "p2":38,
     "p3":39},
    {"p1":60,
     "p2":61,
     "p3":66},
    {"p1":59,
     "p2":60,
     "p3":66}]
}