{"points":[
    {"x":0.21078,
     "y":0.53431},
    {"x":0.27451,
     "y":0.56373},
    {"x":0.28431,
     "y":0.63235},
    {"x":0.2598,
     "y":0.69608},
    {"x":0.19118,
     "y":0.71078},
    {"x":0.12255,
     "y":0.70098},
    {"x":0.058824,
     "y":0.64216},
    {"x":0,
     "y":0.64216},
    {"x":0.02451,
     "y":0.71078},
    {"x":0.093137,
     "y":0.76471},
    {"x":0.16176,
     "y":0.77941},
    {"x":0.23039,
     "y":0.77941},
    {"x":0.29902,
     "y":0.7549},
    {"x":0.36765,
     "y":0.7549},
    {"x":0.38725,
     "y":0.80882},
    {"x":0.32353,
     "y":0.85784},
    {"x":0.2549,
     "y":0.89706},
    {"x":0.18627,
     "y":0.90686},
    {"x":0.11765,
     "y":0.90196},
    {"x":0.053922,
     "y":0.89216},
    {"x":0.063725,
     "y":0.96078},
    {"x":0.13235,
     "y":0.97549},
    {"x":0.20098,
     "y":0.97549},
    {"x":0.26961,
     "y":0.96078},
    {"x":0.33824,
     "y":0.93137},
    {"x":0.40686,
     "y":0.88725},
    {"x":0.46078,
     "y":0.82353},
    {"x":0.52451,
     "y":0.79902},
    {"x":0.55882,
     "y":0.85784},
    {"x":0.60784,
     "y":0.92647},
    {"x":0.67647,
     "y":0.98039},
    {"x":0.7451,
     "y":1},
    {"x":0.81373,
     "y":0.98529},
    {"x":0.88235,
     "y":0.96078},
    {"x":0.94118,
     "y":0.90686},
    {"x":0.91176,
     "y":0.85784},
    {"x":0.84314,
     "y":0.90686},
    {"x":0.77451,
     "y":0.93137},
    {"x":0.70588,
     "y":0.91176},
    {"x":0.63725,
     "y":0.85784},
    {"x":0.60784,
     "y":0.78922},
    {"x":0.65686,
     "y":0.73529},
    {"x":0.72549,
     "y":0.76471},
    {"x":0.79412,
     "y":0.76961},
    {"x":0.86275,
     "y":0.7402},
    {"x":0.92157,
     "y":0.67647},
    {"x":0.94608,
     "y":0.60784},
    {"x":0.96569,
     "y":0.53922},
    {"x":0.92647,
     "y":0.5},
    {"x":0.88725,
     "y":0.56863},
    {"x":0.86275,
     "y":0.63725},
    {"x":0.80392,
     "y":0.69608},
    {"x":0.73529,
     "y":0.69608},
    {"x":0.71569,
     "y":0.63235},
    {"x":0.72549,
     "y":0.56373},
    {"x":0.7402,
     "y":0.5049},
    {"x":0.80392,
     "y":0.44118},
    {"x":0.83333,
     "y":0.37255},
    {"x":0.84314,
     "y":0.30392},
    {"x":0.85294,
     "y":0.23529},
    {"x":0.86765,
     "y":0.16667},
    {"x":0.80392,
     "y":0.18137},
    {"x":0.77451,
     "y":0.25},
    {"x":0.77451,
     "y":0.31863},
    {"x":0.7549,
     "y":0.38725},
    {"x":0.69608,
     "y":0.44608},
    {"x":0.64216,
     "y":0.38235},
    {"x":0.66667,
     "y":0.31863},
    {"x":0.68137,
     "y":0.25},
    {"x":0.66176,
     "y":0.18137},
    {"x":0.65686,
     "y":0.11275},
    {"x":0.63235,
     "y":0.053922},
    {"x":0.58824,
     "y":0.088235},
    {"x":0.58824,
     "y":0.15686},
    {"x":0.60294,
     "y":0.22549},
    {"x":0.60294,
     "y":0.29412},
    {"x":0.53922,
     "y":0.33333},
    {"x":0.47059,
     "y":0.32843},
    {"x":0.40196,
     "y":0.32843},
    {"x":0.38235,
     "y":0.2598},
    {"x":0.39706,
     "y":0.19118},
    {"x":0.40686,
     "y":0.12255},
    {"x":0.39216,
     "y":0.053922},
    {"x":0.33333,
     "y":0},
    {"x":0.28922,
     "y":0.034314},
    {"x":0.33333,
     "y":0.088235},
    {"x":0.32843,
     "y":0.15686},
    {"x":0.31373,
     "y":0.22549},
    {"x":0.31373,
     "y":0.29412},
    {"x":0.33824,
     "y":0.36275},
    {"x":0.31373,
     "y":0.43137},
    {"x":0.26961,
     "y":0.48039},
    {"x":0.21569,
     "y":0.42647},
    {"x":0.21078,
     "y":0.35784},
    {"x":0.20588,
     "y":0.28922},
    {"x":0.17647,
     "y":0.22059},
    {"x":0.12255,
     "y":0.18137},
    {"x":0.10294,
     "y":0.2402},
    {"x":0.14216,
     "y":0.30882},
    {"x":0.14216,
     "y":0.37745},
    {"x":0.15196,
     "y":0.44608},
    {"x":0.18627,
     "y":0.5098},
    {"x":0.21078,
     "y":0.53431}],
 "triangles":[
    {"p1":6,
     "p2":7,
     "p3":8},
    {"p1":95,
     "p2":97,
     "p3":98},
    {"p1":95,
     "p2":96,
     "p3":97},
    {"p1":33,
     "p2":34,
     "p3":36},
    {"p1":34,
     "p2":35,
     "p3":36},
    {"p1":2,
     "p2":13,
     "p3":53},
    {"p1":5,
     "p2":6,
     "p3":8},
    {"p1":42,
     "p2":43,
     "p3":52},
    {"p1":79,
     "p2":80,
     "p3":87},
    {"p1":58,
     "p2":59,
     "p3":62},
    {"p1":70,
     "p2":71,
     "p3":72},
    {"p1":70,
     "p2":72,
     "p3":73},
    {"p1":93,
     "p2":98,
     "p3":99},
    {"p1":94,
     "p2":95,
     "p3":98},
    {"p1":93,
     "p2":94,
     "p3":98},
    {"p1":17,
     "p2":21,
     "p3":22},
    {"p1":32,
     "p2":33,
     "p3":36},
    {"p1":29,
     "p2":30,
     "p3":38},
    {"p1":92,
     "p2":99,
     "p3":100},
    {"p1":92,
     "p2":93,
     "p3":99},
    {"p1":58,
     "p2":62,
     "p3":63},
    {"p1":57,
     "p2":63,
     "p3":64},
    {"p1":57,
     "p2":58,
     "p3":63},
    {"p1":44,
     "p2":50,
     "p3":51},
    {"p1":43,
     "p2":51,
     "p3":52},
    {"p1":43,
     "p2":44,
     "p3":51},
    {"p1":59,
     "p2":60,
     "p3":61},
    {"p1":59,
     "p2":61,
     "p3":62},
    {"p1":69,
     "p2":73,
     "p3":74},
    {"p1":69,
     "p2":70,
     "p3":73},
    {"p1":68,
     "p2":69,
     "p3":74},
    {"p1":44,
     "p2":45,
     "p3":50},
    {"p1":30,
     "p2":31,
     "p3":38},
    {"p1":28,
     "p2":29,
     "p3":39},
    {"p1":29,
     "p2":38,
     "p3":39},
    {"p1":13,
     "p2":14,
     "p3":26},
    {"p1":13,
     "p2":26,
     "p3":27},
    {"p1":16,
     "p2":23,
     "p3":24},
    {"p1":16,
     "p2":17,
     "p3":22},
    {"p1":16,
     "p2":22,
     "p3":23},
    {"p1":4,
     "p2":5,
     "p3":10},
    {"p1":4,
     "p2":10,
     "p3":11},
    {"p1":79,
     "p2":87,
     "p3":88},
    {"p1":78,
     "p2":79,
     "p3":88},
    {"p1":78,
     "p2":88,
     "p3":89},
    {"p1":92,
     "p2":100,
     "p3":101},
    {"p1":0,
     "p2":91,
     "p3":101},
    {"p1":91,
     "p2":92,
     "p3":101},
    {"p1":54,
     "p2":65,
     "p3":90},
    {"p1":65,
     "p2":66,
     "p3":90},
    {"p1":66,
     "p2":76,
     "p3":90},
    {"p1":76,
     "p2":77,
     "p3":90},
    {"p1":77,
     "p2":78,
     "p3":90},
    {"p1":78,
     "p2":89,
     "p3":90},
    {"p1":47,
     "p2":48,
     "p3":49},
    {"p1":81,
     "p2":82,
     "p3":85},
    {"p1":83,
     "p2":84,
     "p3":85},
    {"p1":82,
     "p2":83,
     "p3":85},
    {"p1":46,
     "p2":47,
     "p3":49},
    {"p1":45,
     "p2":46,
     "p3":50},
    {"p1":46,
     "p2":49,
     "p3":50},
    {"p1":31,
     "p2":32,
     "p3":37},
    {"p1":31,
     "p2":37,
     "p3":38},
    {"p1":32,
     "p2":36,
     "p3":37},
    {"p1":14,
     "p2":25,
     "p3":26},
    {"p1":15,
     "p2":16,
     "p3":24},
    {"p1":15,
     "p2":24,
     "p3":25},
    {"p1":14,
     "p2":15,
     "p3":25},
    {"p1":13,
     "p2":41,
     "p3":53},
    {"p1":13,
     "p2":27,
     "p3":41},
    {"p1":41,
     "p2":52,
     "p3":53},
    {"p1":41,
     "p2":42,
     "p3":52},
    {"p1":5,
     "p2":8,
     "p3":9},
    {"p1":5,
     "p2":9,
     "p3":10},
    {"p1":17,
     "p2":18,
     "p3":21},
    {"p1":18,
     "p2":19,
     "p3":20},
    {"p1":18,
     "p2":20,
     "p3":21},
    {"p1":3,
     "p2":4,
     "p3":11},
    {"p1":2,
     "p2":3,
     "p3":13},
    {"p1":66,
     "p2":67,
     "p3":75},
    {"p1":66,
     "p2":75,
     "p3":76},
    {"p1":68,
     "p2":74,
     "p3":75},
    {"p1":67,
     "p2":68,
     "p3":75},
    {"p1":1,
     "p2":54,
     "p3":90},
    {"p1":1,
     "p2":90,
     "p3":91},
    {"p1":0,
     "p2":1,
     "p3":91},
    {"p1":56,
     "p2":64,
     "p3":65},
    {"p1":56,
     "p2":57,
     "p3":64},
    {"p1":80,
     "p2":81,
     "p3":86},
    {"p1":81,
     "p2":85,
     "p3":86},
    {"p1":80,
     "p2":86,
     "p3":87},
    {"p1":3,
     "p2":12,
     "p3":13},
    {"p1":3,
     "p2":11,
     "p3":12},
    {"p1":27,
     "p2":40,
     "p3":41},
    {"p1":28,
     "p2":39,
     "p3":40},
    {"p1":27,
     "p2":28,
     "p3":40},
    {"p1":54,
     "p2":55,
     "p3":65},
    {"p1":55,
     "p2":56,
     "p3":65},
    {"p1":1,
     "p2":53,
     "p3":54},
    {"p1":1,
     "p2":2,
     "p3":53}]
}