{"points":[
    {"x":0.039548,
     "y":0.37853},
    {"x":0.022599,
     "y":0.41808},
    {"x":0.011299,
     "y":0.45763},
    {"x":0.0056497,
     "y":0.49718},
    {"x":0,
     "y":0.53672},
    {"x":0,
     "y":0.57627},
    {"x":0.0056497,
     "y":0.61582},
    {"x":0.011299,
     "y":0.65537},
    {"x":0.022599,
     "y":0.69492},
    {"x":0.039548,
     "y":0.73446},
    {"x":0.062147,
     "y":0.77401},
    {"x":0.090395,
     "y":0.81356},
    {"x":0.12994,
     "y":0.85311},
    {"x":0.16949,
     "y":0.89266},
    {"x":0.20904,
     "y":0.91525},
    {"x":0.24859,
     "y":0.93785},
    {"x":0.28814,
     "y":0.96045},
    {"x":0.32768,
     "y":0.97175},
    {"x":0.36723,
     "y":0.98305},
    {"x":0.40678,
     "y":0.99435},
    {"x":0.44633,
     "y":1},
    {"x":0.48588,
     "y":1},
    {"x":0.52542,
     "y":1},
    {"x":0.56497,
     "y":0.99435},
    {"x":0.60452,
     "y":0.9887},
    {"x":0.64407,
     "y":0.9774},
    {"x":0.68362,
     "y":0.9661},
    {"x":0.72316,
     "y":0.94915},
    {"x":0.76271,
     "y":0.9322},
    {"x":0.80226,
     "y":0.90395},
    {"x":0.84181,
     "y":0.87571},
    {"x":0.88136,
     "y":0.83616},
    {"x":0.91525,
     "y":0.79661},
    {"x":0.93785,
     "y":0.75706},
    {"x":0.96045,
     "y":0.71751},
    {"x":0.9774,
     "y":0.67797},
    {"x":0.98305,
     "y":0.63842},
    {"x":0.99435,
     "y":0.59887},
    {"x":0.99435,
     "y":0.55932},
    {"x":0.99435,
     "y":0.51977},
    {"x":0.9887,
     "y":0.48023},
    {"x":0.9774,
     "y":0.44068},
    {"x":0.9661,
     "y":0.40113},
    {"x":0.9435,
     "y":0.36158},
    {"x":0.9209,
     "y":0.32203},
    {"x":0.90395,
     "y":0.28249},
    {"x":0.9435,
     "y":0.25424},
    {"x":0.96045,
     "y":0.22599},
    {"x":0.9209,
     "y":0.19774},
    {"x":0.88701,
     "y":0.19774},
    {"x":0.84746,
     "y":0.22034},
    {"x":0.83616,
     "y":0.19774},
    {"x":0.87006,
     "y":0.15819},
    {"x":0.85311,
     "y":0.11864},
    {"x":0.81356,
     "y":0.096045},
    {"x":0.78531,
     "y":0.13559},
    {"x":0.75141,
     "y":0.16949},
    {"x":0.75706,
     "y":0.13559},
    {"x":0.76836,
     "y":0.096045},
    {"x":0.74576,
     "y":0.067797},
    {"x":0.70621,
     "y":0.050847},
    {"x":0.68927,
     "y":0.073446},
    {"x":0.67232,
     "y":0.11299},
    {"x":0.65537,
     "y":0.10169},
    {"x":0.66102,
     "y":0.062147},
    {"x":0.64407,
     "y":0.028249},
    {"x":0.60452,
     "y":0.022599},
    {"x":0.57627,
     "y":0.028249},
    {"x":0.58192,
     "y":0.067797},
    {"x":0.57062,
     "y":0.10734},
    {"x":0.53107,
     "y":0.10734},
    {"x":0.49153,
     "y":0.10734},
    {"x":0.45198,
     "y":0.10734},
    {"x":0.41808,
     "y":0.10169},
    {"x":0.40678,
     "y":0.062147},
    {"x":0.41243,
     "y":0.022599},
    {"x":0.40678,
     "y":0},
    {"x":0.36723,
     "y":0},
    {"x":0.33333,
     "y":0.011299},
    {"x":0.32768,
     "y":0.050847},
    {"x":0.32768,
     "y":0.090395},
    {"x":0.33898,
     "y":0.12994},
    {"x":0.29944,
     "y":0.11299},
    {"x":0.29379,
     "y":0.073446},
    {"x":0.29944,
     "y":0.033898},
    {"x":0.29379,
     "y":0.016949},
    {"x":0.25424,
     "y":0.028249},
    {"x":0.21469,
     "y":0.050847},
    {"x":0.21469,
     "y":0.090395},
    {"x":0.22599,
     "y":0.12994},
    {"x":0.24294,
     "y":0.16949},
    {"x":0.20339,
     "y":0.16384},
    {"x":0.17514,
     "y":0.12994},
    {"x":0.17514,
     "y":0.090395},
    {"x":0.15254,
     "y":0.090395},
    {"x":0.11864,
     "y":0.12429},
    {"x":0.10169,
     "y":0.15819},
    {"x":0.11864,
     "y":0.19774},
    {"x":0.15254,
     "y":0.23164},
    {"x":0.11299,
     "y":0.22034},
    {"x":0.079096,
     "y":0.18644},
    {"x":0.050847,
     "y":0.21469},
    {"x":0.033898,
     "y":0.25424},
    {"x":0.067797,
     "y":0.28814},
    {"x":0.073446,
     "y":0.31638},
    {"x":0.050847,
     "y":0.35593},
    {"x":0.039548,
     "y":0.37853}],
 "triangles":[
    {"p1":23,
     "p2":70,
     "p3":71},
    {"p1":75,
     "p2":76,
     "p3":77},
    {"p1":44,
     "p2":50,
     "p3":56},
    {"p1":46,
     "p2":47,
     "p3":48},
    {"p1":50,
     "p2":51,
     "p3":56},
    {"p1":25,
     "p2":56,
     "p3":70},
    {"p1":25,
     "p2":27,
     "p3":56},
    {"p1":23,
     "p2":25,
     "p3":70},
    {"p1":3,
     "p2":12,
     "p3":98},
    {"p1":3,
     "p2":6,
     "p3":12},
    {"p1":74,
     "p2":75,
     "p3":77},
    {"p1":10,
     "p2":11,
     "p3":12},
    {"p1":6,
     "p2":10,
     "p3":12},
    {"p1":41,
     "p2":42,
     "p3":43},
    {"p1":36,
     "p2":41,
     "p3":43},
    {"p1":44,
     "p2":45,
     "p3":50},
    {"p1":51,
     "p2":55,
     "p3":56},
    {"p1":51,
     "p2":52,
     "p3":55},
    {"p1":62,
     "p2":63,
     "p3":69},
    {"p1":56,
     "p2":69,
     "p3":70},
    {"p1":56,
     "p2":62,
     "p3":69},
    {"p1":29,
     "p2":30,
     "p3":31},
    {"p1":27,
     "p2":28,
     "p3":29},
    {"p1":27,
     "p2":29,
     "p3":56},
    {"p1":29,
     "p2":44,
     "p3":56},
    {"p1":29,
     "p2":43,
     "p3":44},
    {"p1":31,
     "p2":32,
     "p3":33},
    {"p1":33,
     "p2":36,
     "p3":43},
    {"p1":29,
     "p2":33,
     "p3":43},
    {"p1":29,
     "p2":31,
     "p3":33},
    {"p1":15,
     "p2":16,
     "p3":17},
    {"p1":99,
     "p2":100,
     "p3":101},
    {"p1":90,
     "p2":91,
     "p3":98},
    {"p1":91,
     "p2":97,
     "p3":98},
    {"p1":83,
     "p2":86,
     "p3":87},
    {"p1":83,
     "p2":87,
     "p3":88},
    {"p1":0,
     "p2":1,
     "p3":3},
    {"p1":1,
     "p2":2,
     "p3":3},
    {"p1":36,
     "p2":38,
     "p3":41},
    {"p1":36,
     "p2":37,
     "p3":38},
    {"p1":38,
     "p2":39,
     "p3":40},
    {"p1":38,
     "p2":40,
     "p3":41},
    {"p1":56,
     "p2":57,
     "p3":62},
    {"p1":53,
     "p2":54,
     "p3":55},
    {"p1":52,
     "p2":53,
     "p3":55},
    {"p1":45,
     "p2":49,
     "p3":50},
    {"p1":46,
     "p2":48,
     "p3":49},
    {"p1":45,
     "p2":46,
     "p3":49},
    {"p1":57,
     "p2":58,
     "p3":59},
    {"p1":34,
     "p2":35,
     "p3":36},
    {"p1":33,
     "p2":34,
     "p3":36},
    {"p1":12,
     "p2":13,
     "p3":14},
    {"p1":12,
     "p2":14,
     "p3":98},
    {"p1":14,
     "p2":90,
     "p3":98},
    {"p1":14,
     "p2":15,
     "p3":90},
    {"p1":18,
     "p2":19,
     "p3":21},
    {"p1":19,
     "p2":20,
     "p3":21},
    {"p1":21,
     "p2":22,
     "p3":23},
    {"p1":21,
     "p2":23,
     "p3":71},
    {"p1":18,
     "p2":21,
     "p3":71},
    {"p1":23,
     "p2":24,
     "p3":25},
    {"p1":92,
     "p2":96,
     "p3":97},
    {"p1":91,
     "p2":92,
     "p3":97},
    {"p1":92,
     "p2":93,
     "p3":94},
    {"p1":72,
     "p2":73,
     "p3":81},
    {"p1":17,
     "p2":18,
     "p3":81},
    {"p1":71,
     "p2":72,
     "p3":81},
    {"p1":18,
     "p2":71,
     "p3":81},
    {"p1":15,
     "p2":81,
     "p3":90},
    {"p1":15,
     "p2":17,
     "p3":81},
    {"p1":84,
     "p2":85,
     "p3":86},
    {"p1":83,
     "p2":84,
     "p3":86},
    {"p1":77,
     "p2":78,
     "p3":79},
    {"p1":74,
     "p2":77,
     "p3":79},
    {"p1":6,
     "p2":9,
     "p3":10},
    {"p1":59,
     "p2":60,
     "p3":61},
    {"p1":57,
     "p2":61,
     "p3":62},
    {"p1":57,
     "p2":59,
     "p3":61},
    {"p1":63,
     "p2":68,
     "p3":69},
    {"p1":63,
     "p2":64,
     "p3":68},
    {"p1":64,
     "p2":65,
     "p3":68},
    {"p1":25,
     "p2":26,
     "p3":27},
    {"p1":98,
     "p2":104,
     "p3":105},
    {"p1":3,
     "p2":98,
     "p3":105},
    {"p1":0,
     "p2":3,
     "p3":105},
    {"p1":101,
     "p2":102,
     "p3":103},
    {"p1":99,
     "p2":101,
     "p3":103},
    {"p1":98,
     "p2":99,
     "p3":103},
    {"p1":98,
     "p2":103,
     "p3":104},
    {"p1":92,
     "p2":94,
     "p3":95},
    {"p1":92,
     "p2":95,
     "p3":96},
    {"p1":74,
     "p2":79,
     "p3":80},
    {"p1":73,
     "p2":74,
     "p3":80},
    {"p1":73,
     "p2":80,
     "p3":81},
    {"p1":6,
     "p2":7,
     "p3":8},
    {"p1":6,
     "p2":8,
     "p3":9},
    {"p1":65,
     "p2":66,
     "p3":68},
    {"p1":66,
     "p2":67,
     "p3":68},
    {"p1":82,
     "p2":83,
     "p3":88},
    {"p1":82,
     "p2":88,
     "p3":89},
    {"p1":81,
     "p2":82,
     "p3":90},
    {"p1":82,
     "p2":89,
     "p3":90},
    {"p1":3,
     "p2":5,
     "p3":6},
    {"p1":3,
     "p2":4,
     "p3":5}]
}