{"points":[
    {"x":0.27039,
     "y":0.49356},
    {"x":0.32618,
     "y":0.53219},
    {"x":0.34335,
     "y":0.60515},
    {"x":0.27468,
     "y":0.64807},
    {"x":0.20172,
     "y":0.64378},
    {"x":0.13305,
     "y":0.58369},
    {"x":0.064378,
     "y":0.5279},
    {"x":0,
     "y":0.54936},
    {"x":0.055794,
     "y":0.59227},
    {"x":0.12017,
     "y":0.66094},
    {"x":0.19313,
     "y":0.70386},
    {"x":0.26609,
     "y":0.70815},
    {"x":0.33906,
     "y":0.69099},
    {"x":0.41202,
     "y":0.69099},
    {"x":0.40773,
     "y":0.74678},
    {"x":0.33906,
     "y":0.79828},
    {"x":0.26609,
     "y":0.81974},
    {"x":0.19313,
     "y":0.81974},
    {"x":0.12017,
     "y":0.79399},
    {"x":0.04721,
     "y":0.79828},
    {"x":0.060086,
     "y":0.85408},
    {"x":0.13305,
     "y":0.86266},
    {"x":0.20601,
     "y":0.87983},
    {"x":0.27897,
     "y":0.87983},
    {"x":0.35193,
     "y":0.85408},
    {"x":0.42489,
     "y":0.81545},
    {"x":0.48927,
     "y":0.75107},
    {"x":0.55365,
     "y":0.72532},
    {"x":0.58798,
     "y":0.79828},
    {"x":0.65236,
     "y":0.86266},
    {"x":0.72532,
     "y":0.897},
    {"x":0.79828,
     "y":0.88841},
    {"x":0.87124,
     "y":0.85837},
    {"x":0.94421,
     "y":0.81974},
    {"x":0.98283,
     "y":0.77682},
    {"x":0.90987,
     "y":0.76395},
    {"x":0.83691,
     "y":0.81116},
    {"x":0.76395,
     "y":0.8412},
    {"x":0.69099,
     "y":0.81545},
    {"x":0.6309,
     "y":0.75107},
    {"x":0.63948,
     "y":0.6867},
    {"x":0.71245,
     "y":0.69528},
    {"x":0.78541,
     "y":0.69957},
    {"x":0.85837,
     "y":0.66094},
    {"x":0.90558,
     "y":0.58798},
    {"x":0.93133,
     "y":0.51502},
    {"x":1,
     "y":0.46352},
    {"x":0.9485,
     "y":0.42918},
    {"x":0.87983,
     "y":0.48069},
    {"x":0.85408,
     "y":0.55365},
    {"x":0.80687,
     "y":0.62232},
    {"x":0.73391,
     "y":0.63948},
    {"x":0.71674,
     "y":0.57082},
    {"x":0.72103,
     "y":0.49785},
    {"x":0.76824,
     "y":0.43777},
    {"x":0.81116,
     "y":0.36481},
    {"x":0.82403,
     "y":0.29185},
    {"x":0.8412,
     "y":0.21888},
    {"x":0.91416,
     "y":0.1588},
    {"x":0.90129,
     "y":0.103},
    {"x":0.82833,
     "y":0.14592},
    {"x":0.76824,
     "y":0.21888},
    {"x":0.76395,
     "y":0.29185},
    {"x":0.74678,
     "y":0.36481},
    {"x":0.6867,
     "y":0.40343},
    {"x":0.64807,
     "y":0.33906},
    {"x":0.6824,
     "y":0.26609},
    {"x":0.66524,
     "y":0.19313},
    {"x":0.66094,
     "y":0.12017},
    {"x":0.71245,
     "y":0.055794},
    {"x":0.69099,
     "y":0},
    {"x":0.62232,
     "y":0.055794},
    {"x":0.60086,
     "y":0.12876},
    {"x":0.60515,
     "y":0.20172},
    {"x":0.61373,
     "y":0.27468},
    {"x":0.55365,
     "y":0.3176},
    {"x":0.48069,
     "y":0.3176},
    {"x":0.4206,
     "y":0.28326},
    {"x":0.42918,
     "y":0.2103},
    {"x":0.44206,
     "y":0.13734},
    {"x":0.4206,
     "y":0.064378},
    {"x":0.35622,
     "y":0.012876},
    {"x":0.28326,
     "y":0},
    {"x":0.28755,
     "y":0.060086},
    {"x":0.36052,
     "y":0.081545},
    {"x":0.37768,
     "y":0.15451},
    {"x":0.36052,
     "y":0.22747},
    {"x":0.36481,
     "y":0.30043},
    {"x":0.38197,
     "y":0.37339},
    {"x":0.33906,
     "y":0.44635},
    {"x":0.27468,
     "y":0.40343},
    {"x":0.27039,
     "y":0.33047},
    {"x":0.2618,
     "y":0.25751},
    {"x":0.2103,
     "y":0.18884},
    {"x":0.14163,
     "y":0.13305},
    {"x":0.072961,
     "y":0.13305},
    {"x":0.11588,
     "y":0.18455},
    {"x":0.18455,
     "y":0.24464},
    {"x":0.2103,
     "y":0.3176},
    {"x":0.2103,
     "y":0.39056},
    {"x":0.24034,
     "y":0.45923},
    {"x":0.27039,
     "y":0.49356}],
 "triangles":[
    {"p1":6,
     "p2":7,
     "p3":8},
    {"p1":5,
     "p2":6,
     "p3":8},
    {"p1":45,
     "p2":46,
     "p3":47},
    {"p1":5,
     "p2":8,
     "p3":9},
    {"p1":79,
     "p2":84,
     "p3":85},
    {"p1":92,
     "p2":93,
     "p3":97},
    {"p1":93,
     "p2":96,
     "p3":97},
    {"p1":58,
     "p2":59,
     "p3":60},
    {"p1":29,
     "p2":30,
     "p3":38},
    {"p1":31,
     "p2":32,
     "p3":36},
    {"p1":18,
     "p2":19,
     "p3":20},
    {"p1":18,
     "p2":20,
     "p3":21},
    {"p1":1,
     "p2":2,
     "p3":52},
    {"p1":2,
     "p2":40,
     "p3":52},
    {"p1":2,
     "p2":3,
     "p3":12},
    {"p1":16,
     "p2":22,
     "p3":23},
    {"p1":16,
     "p2":23,
     "p3":24},
    {"p1":80,
     "p2":81,
     "p3":84},
    {"p1":79,
     "p2":80,
     "p3":84},
    {"p1":81,
     "p2":83,
     "p3":84},
    {"p1":81,
     "p2":82,
     "p3":83},
    {"p1":94,
     "p2":95,
     "p3":96},
    {"p1":93,
     "p2":94,
     "p3":96},
    {"p1":56,
     "p2":61,
     "p3":62},
    {"p1":57,
     "p2":60,
     "p3":61},
    {"p1":56,
     "p2":57,
     "p3":61},
    {"p1":57,
     "p2":58,
     "p3":60},
    {"p1":67,
     "p2":68,
     "p3":72},
    {"p1":55,
     "p2":56,
     "p3":62},
    {"p1":55,
     "p2":62,
     "p3":63},
    {"p1":28,
     "p2":29,
     "p3":38},
    {"p1":40,
     "p2":51,
     "p3":52},
    {"p1":42,
     "p2":50,
     "p3":51},
    {"p1":28,
     "p2":38,
     "p3":39},
    {"p1":27,
     "p2":39,
     "p3":40},
    {"p1":27,
     "p2":28,
     "p3":39},
    {"p1":42,
     "p2":43,
     "p3":50},
    {"p1":31,
     "p2":36,
     "p3":37},
    {"p1":30,
     "p2":31,
     "p3":37},
    {"p1":30,
     "p2":37,
     "p3":38},
    {"p1":13,
     "p2":26,
     "p3":27},
    {"p1":13,
     "p2":27,
     "p3":40},
    {"p1":2,
     "p2":13,
     "p3":40},
    {"p1":13,
     "p2":14,
     "p3":26},
    {"p1":2,
     "p2":12,
     "p3":13},
    {"p1":15,
     "p2":16,
     "p3":24},
    {"p1":16,
     "p2":17,
     "p3":22},
    {"p1":17,
     "p2":18,
     "p3":21},
    {"p1":17,
     "p2":21,
     "p3":22},
    {"p1":14,
     "p2":25,
     "p3":26},
    {"p1":14,
     "p2":15,
     "p3":25},
    {"p1":15,
     "p2":24,
     "p3":25},
    {"p1":68,
     "p2":71,
     "p3":72},
    {"p1":69,
     "p2":70,
     "p3":71},
    {"p1":68,
     "p2":69,
     "p3":71},
    {"p1":78,
     "p2":85,
     "p3":86},
    {"p1":78,
     "p2":79,
     "p3":85},
    {"p1":54,
     "p2":63,
     "p3":64},
    {"p1":54,
     "p2":55,
     "p3":63},
    {"p1":1,
     "p2":52,
     "p3":53},
    {"p1":53,
     "p2":54,
     "p3":64},
    {"p1":1,
     "p2":53,
     "p3":89},
    {"p1":53,
     "p2":64,
     "p3":89},
    {"p1":41,
     "p2":42,
     "p3":51},
    {"p1":40,
     "p2":41,
     "p3":51},
    {"p1":32,
     "p2":33,
     "p3":35},
    {"p1":32,
     "p2":35,
     "p3":36},
    {"p1":33,
     "p2":34,
     "p3":35},
    {"p1":44,
     "p2":49,
     "p3":50},
    {"p1":43,
     "p2":44,
     "p3":50},
    {"p1":44,
     "p2":45,
     "p3":49},
    {"p1":0,
     "p2":1,
     "p3":89},
    {"p1":0,
     "p2":89,
     "p3":90},
    {"p1":0,
     "p2":90,
     "p3":100},
    {"p1":92,
     "p2":97,
     "p3":98},
    {"p1":91,
     "p2":92,
     "p3":98},
    {"p1":4,
     "p2":5,
     "p3":9},
    {"p1":4,
     "p2":9,
     "p3":10},
    {"p1":3,
     "p2":11,
     "p3":12},
    {"p1":3,
     "p2":4,
     "p3":11},
    {"p1":4,
     "p2":10,
     "p3":11},
    {"p1":67,
     "p2":72,
     "p3":73},
    {"p1":76,
     "p2":77,
     "p3":88},
    {"p1":77,
     "p2":87,
     "p3":88},
    {"p1":77,
     "p2":78,
     "p3":86},
    {"p1":77,
     "p2":86,
     "p3":87},
    {"p1":45,
     "p2":47,
     "p3":48},
    {"p1":45,
     "p2":48,
     "p3":49},
    {"p1":90,
     "p2":99,
     "p3":100},
    {"p1":90,
     "p2":91,
     "p3":99},
    {"p1":91,
     "p2":98,
     "p3":99},
    {"p1":64,
     "p2":65,
     "p3":75},
    {"p1":64,
     "p2":75,
     "p3":89},
    {"p1":75,
     "p2":76,
     "p3":88},
    {"p1":75,
     "p2":88,
     "p3":89},
    {"p1":66,
     "p2":67,
     "p3":74},
    {"p1":67,
     "p2":73,
     "p3":74},
    {"p1":65,
     "p2":66,
     "p3":74},
    {"p1":65,
     "p2":74,
     "p3":75}]
}