{"points":[
    {"x":0,
     "y":0.032338},
    {"x":0.0199,
     "y":0.042289},
    {"x":0.039801,
     "y":0.047264},
    {"x":0.059701,
     "y":0.049751},
    {"x":0.079602,
     "y":0.052239},
    {"x":0.099502,
     "y":0.052239},
    {"x":0.1194,
     "y":0.054726},
    {"x":0.1393,
     "y":0.057214},
    {"x":0.1592,
     "y":0.057214},
    {"x":0.1791,
     "y":0.057214},
    {"x":0.199,
     "y":0.059701},
    {"x":0.21891,
     "y":0.059701},
    {"x":0.23881,
     "y":0.059701},
    {"x":0.25871,
     "y":0.059701},
    {"x":0.27861,
     "y":0.059701},
    {"x":0.29851,
     "y":0.059701},
    {"x":0.31841,
     "y":0.059701},
    {"x":0.33831,
     "y":0.057214},
    {"x":0.35821,
     "y":0.057214},
    {"x":0.37811,
     "y":0.057214},
    {"x":0.39801,
     "y":0.057214},
    {"x":0.41791,
     "y":0.057214},
    {"x":0.43781,
     "y":0.059701},
    {"x":0.45771,
     "y":0.059701},
    {"x":0.47761,
     "y":0.059701},
    {"x":0.49751,
     "y":0.059701},
    {"x":0.51741,
     "y":0.059701},
    {"x":0.53731,
     "y":0.059701},
    {"x":0.55721,
     "y":0.062189},
    {"x":0.57711,
     "y":0.062189},
    {"x":0.59701,
     "y":0.062189},
    {"x":0.61692,
     "y":0.062189},
    {"x":0.63682,
     "y":0.062189},
    {"x":0.65672,
     "y":0.062189},
    {"x":0.67662,
     "y":0.064677},
    {"x":0.69652,
     "y":0.064677},
    {"x":0.71642,
     "y":0.064677},
    {"x":0.73632,
     "y":0.064677},
    {"x":0.75622,
     "y":0.064677},
    {"x":0.77612,
     "y":0.069652},
    {"x":0.79602,
     "y":0.069652},
    {"x":0.81592,
     "y":0.069652},
    {"x":0.83582,
     "y":0.084577},
    {"x":0.85572,
     "y":0.087065},
    {"x":0.86816,
     "y":0.069652},
    {"x":0.88806,
     "y":0.069652},
    {"x":0.90547,
     "y":0.077114},
    {"x":0.92537,
     "y":0.077114},
    {"x":0.94279,
     "y":0.069652},
    {"x":0.96269,
     "y":0.069652},
    {"x":0.98259,
     "y":0.064677},
    {"x":1,
     "y":0.057214},
    {"x":1,
     "y":0.037313},
    {"x":0.98507,
     "y":0.022388},
    {"x":0.96517,
     "y":0.0199},
    {"x":0.94527,
     "y":0.017413},
    {"x":0.92537,
     "y":0.014925},
    {"x":0.90547,
     "y":0.014925},
    {"x":0.88557,
     "y":0.014925},
    {"x":0.86567,
     "y":0.012438},
    {"x":0.84577,
     "y":0.012438},
    {"x":0.82587,
     "y":0.012438},
    {"x":0.80597,
     "y":0.012438},
    {"x":0.78607,
     "y":0.012438},
    {"x":0.76617,
     "y":0.012438},
    {"x":0.74627,
     "y":0.012438},
    {"x":0.72637,
     "y":0.012438},
    {"x":0.70647,
     "y":0.0099502},
    {"x":0.68657,
     "y":0.0099502},
    {"x":0.66667,
     "y":0.0099502},
    {"x":0.64677,
     "y":0.0099502},
    {"x":0.62687,
     "y":0.0099502},
    {"x":0.60697,
     "y":0.0099502},
    {"x":0.58706,
     "y":0.0074627},
    {"x":0.56716,
     "y":0.0074627},
    {"x":0.54726,
     "y":0.0074627},
    {"x":0.52736,
     "y":0.0074627},
    {"x":0.50746,
     "y":0.0074627},
    {"x":0.48756,
     "y":0.0074627},
    {"x":0.46766,
     "y":0.0049751},
    {"x":0.44776,
     "y":0.0049751},
    {"x":0.42786,
     "y":0.0049751},
    {"x":0.40796,
     "y":0.0049751},
    {"x":0.38806,
     "y":0.0049751},
    {"x":0.36816,
     "y":0.0024876},
    {"x":0.34826,
     "y":0.0024876},
    {"x":0.32836,
     "y":0.0024876},
    {"x":0.30846,
     "y":0.0024876},
    {"x":0.28856,
     "y":0.0024876},
    {"x":0.26866,
     "y":0},
    {"x":0.24876,
     "y":0},
    {"x":0.22886,
     "y":0},
    {"x":0.20896,
     "y":0},
    {"x":0.18905,
     "y":0},
    {"x":0.16915,
     "y":0},
    {"x":0.14925,
     "y":0},
    {"x":0.12935,
     "y":0},
    {"x":0.10945,
     "y":0},
    {"x":0.089552,
     "y":0},
    {"x":0.069652,
     "y":0},
    {"x":0.049751,
     "y":0.0024876},
    {"x":0.029851,
     "y":0.0049751},
    {"x":0.0099502,
     "y":0.012438},
    {"x":0,
     "y":0.029851},
    {"x":0,
     "y":0.032338}],
 "triangles":[
    {"p1":1,
     "p2":101,
     "p3":102},
    {"p1":50,
     "p2":51,
     "p3":52},
    {"p1":50,
     "p2":52,
     "p3":53},
    {"p1":1,
     "p2":2,
     "p3":101},
    {"p1":0,
     "p2":1,
     "p3":103},
    {"p1":1,
     "p2":102,
     "p3":103},
    {"p1":3,
     "p2":99,
     "p3":100},
    {"p1":2,
     "p2":3,
     "p3":100},
    {"p1":2,
     "p2":100,
     "p3":101},
    {"p1":47,
     "p2":48,
     "p3":56},
    {"p1":42,
     "p2":43,
     "p3":44},
    {"p1":13,
     "p2":14,
     "p3":89},
    {"p1":13,
     "p2":89,
     "p3":90},
    {"p1":17,
     "p2":85,
     "p3":86},
    {"p1":16,
     "p2":86,
     "p3":87},
    {"p1":16,
     "p2":17,
     "p3":86},
    {"p1":28,
     "p2":29,
     "p3":74},
    {"p1":50,
     "p2":53,
     "p3":54},
    {"p1":49,
     "p2":50,
     "p3":54},
    {"p1":48,
     "p2":49,
     "p3":54},
    {"p1":44,
     "p2":58,
     "p3":59},
    {"p1":14,
     "p2":88,
     "p3":89},
    {"p1":10,
     "p2":11,
     "p3":92},
    {"p1":3,
     "p2":4,
     "p3":99},
    {"p1":5,
     "p2":6,
     "p3":97},
    {"p1":6,
     "p2":96,
     "p3":97},
    {"p1":20,
     "p2":82,
     "p3":83},
    {"p1":28,
     "p2":74,
     "p3":75},
    {"p1":23,
     "p2":79,
     "p3":80},
    {"p1":24,
     "p2":78,
     "p3":79},
    {"p1":23,
     "p2":24,
     "p3":79},
    {"p1":37,
     "p2":65,
     "p3":66},
    {"p1":36,
     "p2":37,
     "p3":66},
    {"p1":35,
     "p2":67,
     "p3":68},
    {"p1":35,
     "p2":36,
     "p3":67},
    {"p1":36,
     "p2":66,
     "p3":67},
    {"p1":31,
     "p2":32,
     "p3":71},
    {"p1":32,
     "p2":70,
     "p3":71},
    {"p1":48,
     "p2":55,
     "p3":56},
    {"p1":48,
     "p2":54,
     "p3":55},
    {"p1":44,
     "p2":45,
     "p3":58},
    {"p1":45,
     "p2":46,
     "p3":57},
    {"p1":45,
     "p2":57,
     "p3":58},
    {"p1":15,
     "p2":16,
     "p3":87},
    {"p1":15,
     "p2":87,
     "p3":88},
    {"p1":14,
     "p2":15,
     "p3":88},
    {"p1":11,
     "p2":91,
     "p3":92},
    {"p1":4,
     "p2":98,
     "p3":99},
    {"p1":4,
     "p2":5,
     "p3":98},
    {"p1":5,
     "p2":97,
     "p3":98},
    {"p1":10,
     "p2":92,
     "p3":93},
    {"p1":22,
     "p2":80,
     "p3":81},
    {"p1":22,
     "p2":23,
     "p3":80},
    {"p1":21,
     "p2":81,
     "p3":82},
    {"p1":20,
     "p2":21,
     "p3":82},
    {"p1":21,
     "p2":22,
     "p3":81},
    {"p1":19,
     "p2":83,
     "p3":84},
    {"p1":19,
     "p2":20,
     "p3":83},
    {"p1":24,
     "p2":25,
     "p3":78},
    {"p1":25,
     "p2":77,
     "p3":78},
    {"p1":25,
     "p2":26,
     "p3":77},
    {"p1":27,
     "p2":28,
     "p3":75},
    {"p1":38,
     "p2":39,
     "p3":64},
    {"p1":37,
     "p2":38,
     "p3":65},
    {"p1":38,
     "p2":64,
     "p3":65},
    {"p1":41,
     "p2":42,
     "p3":44},
    {"p1":31,
     "p2":71,
     "p3":72},
    {"p1":30,
     "p2":31,
     "p3":72},
    {"p1":34,
     "p2":35,
     "p3":68},
    {"p1":12,
     "p2":90,
     "p3":91},
    {"p1":12,
     "p2":13,
     "p3":90},
    {"p1":11,
     "p2":12,
     "p3":91},
    {"p1":9,
     "p2":93,
     "p3":94},
    {"p1":8,
     "p2":9,
     "p3":94},
    {"p1":9,
     "p2":10,
     "p3":93},
    {"p1":8,
     "p2":94,
     "p3":95},
    {"p1":7,
     "p2":8,
     "p3":95},
    {"p1":7,
     "p2":95,
     "p3":96},
    {"p1":6,
     "p2":7,
     "p3":96},
    {"p1":17,
     "p2":18,
     "p3":85},
    {"p1":18,
     "p2":84,
     "p3":85},
    {"p1":18,
     "p2":19,
     "p3":84},
    {"p1":26,
     "p2":76,
     "p3":77},
    {"p1":26,
     "p2":27,
     "p3":76},
    {"p1":27,
     "p2":75,
     "p3":76},
    {"p1":41,
     "p2":60,
     "p3":61},
    {"p1":41,
     "p2":44,
     "p3":60},
    {"p1":44,
     "p2":59,
     "p3":60},
    {"p1":41,
     "p2":61,
     "p3":62},
    {"p1":29,
     "p2":73,
     "p3":74},
    {"p1":29,
     "p2":30,
     "p3":73},
    {"p1":30,
     "p2":72,
     "p3":73},
    {"p1":32,
     "p2":33,
     "p3":70},
    {"p1":40,
     "p2":41,
     "p3":62},
    {"p1":39,
     "p2":63,
     "p3":64},
    {"p1":39,
     "p2":40,
     "p3":63},
    {"p1":40,
     "p2":62,
     "p3":63},
    {"p1":33,
     "p2":69,
     "p3":70},
    {"p1":34,
     "p2":68,
     "p3":69},
    {"p1":33,
     "p2":34,
     "p3":69},
    {"p1":47,
     "p2":56,
     "p3":57},
    {"p1":46,
     "p2":47,
     "p3":57}]
}