{"points":[
    {"x":0.20833,
     "y":0.49242},
    {"x":0.20076,
     "y":0.51136},
    {"x":0.19318,
     "y":0.5303},
    {"x":0.18182,
     "y":0.54924},
    {"x":0.17424,
     "y":0.56818},
    {"x":0.16667,
     "y":0.58712},
    {"x":0.15909,
     "y":0.60606},
    {"x":0.15152,
     "y":0.625},
    {"x":0.14394,
     "y":0.64394},
    {"x":0.13258,
     "y":0.66288},
    {"x":0.125,
     "y":0.68182},
    {"x":0.11742,
     "y":0.70076},
    {"x":0.10985,
     "y":0.7197},
    {"x":0.098485,
     "y":0.73864},
    {"x":0.090909,
     "y":0.75758},
    {"x":0.083333,
     "y":0.77652},
    {"x":0.075758,
     "y":0.79545},
    {"x":0.064394,
     "y":0.81439},
    {"x":0.056818,
     "y":0.83333},
    {"x":0.049242,
     "y":0.85227},
    {"x":0.041667,
     "y":0.87121},
    {"x":0.034091,
     "y":0.89015},
    {"x":0.022727,
     "y":0.90909},
    {"x":0.015152,
     "y":0.92803},
    {"x":0.0075758,
     "y":0.94697},
    {"x":0,
     "y":0.96591},
    {"x":0.0075758,
     "y":0.98485},
    {"x":0.026515,
     "y":0.99242},
    {"x":0.045455,
     "y":0.99621},
    {"x":0.064394,
     "y":1},
    {"x":0.083333,
     "y":1},
    {"x":0.10227,
     "y":1},
    {"x":0.12121,
     "y":1},
    {"x":0.14015,
     "y":0.99242},
    {"x":0.15152,
     "y":0.97348},
    {"x":0.15909,
     "y":0.95455},
    {"x":0.17045,
     "y":0.93561},
    {"x":0.17803,
     "y":0.91667},
    {"x":0.18561,
     "y":0.89773},
    {"x":0.19318,
     "y":0.87879},
    {"x":0.20455,
     "y":0.85985},
    {"x":0.21212,
     "y":0.84091},
    {"x":0.2197,
     "y":0.82197},
    {"x":0.23106,
     "y":0.80303},
    {"x":0.23864,
     "y":0.78409},
    {"x":0.24621,
     "y":0.76515},
    {"x":0.25379,
     "y":0.74621},
    {"x":0.26136,
     "y":0.72727},
    {"x":0.27273,
     "y":0.70833},
    {"x":0.2803,
     "y":0.68939},
    {"x":0.28788,
     "y":0.67045},
    {"x":0.29545,
     "y":0.65152},
    {"x":0.30682,
     "y":0.63258},
    {"x":0.31439,
     "y":0.61364},
    {"x":0.32197,
     "y":0.5947},
    {"x":0.32955,
     "y":0.57576},
    {"x":0.33712,
     "y":0.55682},
    {"x":0.34848,
     "y":0.53788},
    {"x":0.35606,
     "y":0.51894},
    {"x":0.36364,
     "y":0.5},
    {"x":0.37121,
     "y":0.48106},
    {"x":0.37879,
     "y":0.46212},
    {"x":0.39015,
     "y":0.44318},
    {"x":0.39773,
     "y":0.42424},
    {"x":0.4053,
     "y":0.4053},
    {"x":0.41667,
     "y":0.38636},
    {"x":0.42424,
     "y":0.36742},
    {"x":0.43182,
     "y":0.34848},
    {"x":0.43939,
     "y":0.32955},
    {"x":0.44697,
     "y":0.31061},
    {"x":0.45833,
     "y":0.29167},
    {"x":0.46591,
     "y":0.27273},
    {"x":0.47348,
     "y":0.25379},
    {"x":0.48106,
     "y":0.23485},
    {"x":0.49242,
     "y":0.21591},
    {"x":0.5,
     "y":0.19697},
    {"x":0.50758,
     "y":0.17803},
    {"x":0.50758,
     "y":0.15909},
    {"x":0.51136,
     "y":0.14015},
    {"x":0.51136,
     "y":0.12121},
    {"x":0.51136,
     "y":0.10227},
    {"x":0.50758,
     "y":0.083333},
    {"x":0.51515,
     "y":0.064394},
    {"x":0.51894,
     "y":0.045455},
    {"x":0.52652,
     "y":0.026515},
    {"x":0.51894,
     "y":0.0075758},
    {"x":0.5,
     "y":0},
    {"x":0.48106,
     "y":0.0037879},
    {"x":0.4697,
     "y":0.018939},
    {"x":0.45833,
     "y":0.037879},
    {"x":0.44697,
     "y":0.056818},
    {"x":0.42803,
     "y":0.075758},
    {"x":0.41288,
     "y":0.090909},
    {"x":0.39394,
     "y":0.10606},
    {"x":0.375,
     "y":0.125},
    {"x":0.36364,
     "y":0.14394},
    {"x":0.35606,
     "y":0.16288},
    {"x":0.34848,
     "y":0.18182},
    {"x":0.34091,
     "y":0.20076},
    {"x":0.32955,
     "y":0.2197},
    {"x":0.32197,
     "y":0.23864},
    {"x":0.31439,
     "y":0.25758},
    {"x":0.30682,
     "y":0.27652},
    {"x":0.29545,
     "y":0.29545},
    {"x":0.28788,
     "y":0.31439},
    {"x":0.2803,
     "y":0.33333},
    {"x":0.27273,
     "y":0.35227},
    {"x":0.26136,
     "y":0.37121},
    {"x":0.25379,
     "y":0.39015},
    {"x":0.24621,
     "y":0.40909},
    {"x":0.23864,
     "y":0.42803},
    {"x":0.23106,
     "y":0.44697},
    {"x":0.2197,
     "y":0.46591},
    {"x":0.21212,
     "y":0.48485},
    {"x":0.20833,
     "y":0.49242}],
 "triangles":[
    {"p1":25,
     "p2":26,
     "p3":27},
    {"p1":24,
     "p2":25,
     "p3":27},
    {"p1":23,
     "p2":29,
     "p3":30},
    {"p1":22,
     "p2":23,
     "p3":30},
    {"p1":32,
     "p2":33,
     "p3":34},
    {"p1":23,
     "p2":28,
     "p3":29},
    {"p1":23,
     "p2":24,
     "p3":28},
    {"p1":24,
     "p2":27,
     "p3":28},
    {"p1":69,
     "p2":100,
     "p3":101},
    {"p1":84,
     "p2":85,
     "p3":86},
    {"p1":31,
     "p2":32,
     "p3":34},
    {"p1":20,
     "p2":21,
     "p3":36},
    {"p1":21,
     "p2":22,
     "p3":30},
    {"p1":69,
     "p2":70,
     "p3":100},
    {"p1":17,
     "p2":18,
     "p3":39},
    {"p1":11,
     "p2":12,
     "p3":45},
    {"p1":12,
     "p2":13,
     "p3":43},
    {"p1":7,
     "p2":8,
     "p3":49},
    {"p1":83,
     "p2":84,
     "p3":86},
    {"p1":86,
     "p2":87,
     "p3":88},
    {"p1":83,
     "p2":86,
     "p3":88},
    {"p1":81,
     "p2":90,
     "p3":91},
    {"p1":31,
     "p2":34,
     "p3":35},
    {"p1":21,
     "p2":35,
     "p3":36},
    {"p1":30,
     "p2":31,
     "p3":35},
    {"p1":21,
     "p2":30,
     "p3":35},
    {"p1":19,
     "p2":20,
     "p3":37},
    {"p1":20,
     "p2":36,
     "p3":37},
    {"p1":13,
     "p2":42,
     "p3":43},
    {"p1":66,
     "p2":67,
     "p3":103},
    {"p1":67,
     "p2":102,
     "p3":103},
    {"p1":75,
     "p2":76,
     "p3":77},
    {"p1":75,
     "p2":77,
     "p3":93},
    {"p1":2,
     "p2":54,
     "p3":55},
    {"p1":2,
     "p2":3,
     "p3":53},
    {"p1":2,
     "p2":53,
     "p3":54},
    {"p1":56,
     "p2":57,
     "p3":113},
    {"p1":0,
     "p2":56,
     "p3":113},
    {"p1":58,
     "p2":59,
     "p3":111},
    {"p1":12,
     "p2":44,
     "p3":45},
    {"p1":12,
     "p2":43,
     "p3":44},
    {"p1":5,
     "p2":6,
     "p3":51},
    {"p1":4,
     "p2":51,
     "p3":52},
    {"p1":4,
     "p2":5,
     "p3":51},
    {"p1":4,
     "p2":52,
     "p3":53},
    {"p1":3,
     "p2":4,
     "p3":53},
    {"p1":7,
     "p2":49,
     "p3":50},
    {"p1":6,
     "p2":50,
     "p3":51},
    {"p1":6,
     "p2":7,
     "p3":50},
    {"p1":11,
     "p2":45,
     "p3":46},
    {"p1":8,
     "p2":47,
     "p3":48},
    {"p1":8,
     "p2":48,
     "p3":49},
    {"p1":71,
     "p2":98,
     "p3":99},
    {"p1":70,
     "p2":71,
     "p3":99},
    {"p1":70,
     "p2":99,
     "p3":100},
    {"p1":71,
     "p2":72,
     "p3":98},
    {"p1":77,
     "p2":92,
     "p3":93},
    {"p1":77,
     "p2":78,
     "p3":92},
    {"p1":78,
     "p2":79,
     "p3":92},
    {"p1":79,
     "p2":91,
     "p3":92},
    {"p1":81,
     "p2":82,
     "p3":89},
    {"p1":81,
     "p2":89,
     "p3":90},
    {"p1":82,
     "p2":83,
     "p3":89},
    {"p1":83,
     "p2":88,
     "p3":89},
    {"p1":19,
     "p2":37,
     "p3":38},
    {"p1":18,
     "p2":19,
     "p3":38},
    {"p1":18,
     "p2":38,
     "p3":39},
    {"p1":67,
     "p2":68,
     "p3":102},
    {"p1":75,
     "p2":93,
     "p3":94},
    {"p1":74,
     "p2":95,
     "p3":96},
    {"p1":74,
     "p2":75,
     "p3":95},
    {"p1":75,
     "p2":94,
     "p3":95},
    {"p1":58,
     "p2":111,
     "p3":112},
    {"p1":57,
     "p2":112,
     "p3":113},
    {"p1":57,
     "p2":58,
     "p3":112},
    {"p1":65,
     "p2":66,
     "p3":104},
    {"p1":66,
     "p2":103,
     "p3":104},
    {"p1":0,
     "p2":1,
     "p3":56},
    {"p1":1,
     "p2":2,
     "p3":55},
    {"p1":1,
     "p2":55,
     "p3":56},
    {"p1":63,
     "p2":106,
     "p3":107},
    {"p1":63,
     "p2":64,
     "p3":106},
    {"p1":8,
     "p2":9,
     "p3":47},
    {"p1":80,
     "p2":81,
     "p3":91},
    {"p1":79,
     "p2":80,
     "p3":91},
    {"p1":16,
     "p2":40,
     "p3":41},
    {"p1":16,
     "p2":39,
     "p3":40},
    {"p1":16,
     "p2":17,
     "p3":39},
    {"p1":61,
     "p2":108,
     "p3":109},
    {"p1":64,
     "p2":105,
     "p3":106},
    {"p1":64,
     "p2":65,
     "p3":105},
    {"p1":65,
     "p2":104,
     "p3":105},
    {"p1":9,
     "p2":10,
     "p3":47},
    {"p1":10,
     "p2":11,
     "p3":46},
    {"p1":10,
     "p2":46,
     "p3":47},
    {"p1":73,
     "p2":74,
     "p3":96},
    {"p1":73,
     "p2":96,
     "p3":97},
    {"p1":13,
     "p2":14,
     "p3":42},
    {"p1":15,
     "p2":41,
     "p3":42},
    {"p1":15,
     "p2":16,
     "p3":41},
    {"p1":14,
     "p2":15,
     "p3":42},
    {"p1":61,
     "p2":62,
     "p3":108},
    {"p1":62,
     "p2":63,
     "p3":107},
    {"p1":62,
     "p2":107,
     "p3":108},
    {"p1":60,
     "p2":109,
     "p3":110},
    {"p1":60,
     "p2":61,
     "p3":109},
    {"p1":59,
     "p2":60,
     "p3":111},
    {"p1":60,
     "p2":110,
     "p3":111},
    {"p1":68,
     "p2":101,
     "p3":102},
    {"p1":68,
     "p2":69,
     "p3":101},
    {"p1":73,
     "p2":97,
     "p3":98},
    {"p1":72,
     "p2":73,
     "p3":98}]
}