{"points":[
    {"x":0.0089552,
     "y":0.17015},
    {"x":0.01791,
     "y":0.19104},
    {"x":0.032836,
     "y":0.21194},
    {"x":0.053731,
     "y":0.22687},
    {"x":0.074627,
     "y":0.23881},
    {"x":0.095522,
     "y":0.24478},
    {"x":0.11642,
     "y":0.25373},
    {"x":0.13731,
     "y":0.26269},
    {"x":0.15821,
     "y":0.26866},
    {"x":0.1791,
     "y":0.27164},
    {"x":0.2,
     "y":0.27761},
    {"x":0.2209,
     "y":0.2806},
    {"x":0.24179,
     "y":0.28955},
    {"x":0.2597,
     "y":0.31045},
    {"x":0.2806,
     "y":0.33134},
    {"x":0.29851,
     "y":0.35224},
    {"x":0.3194,
     "y":0.37015},
    {"x":0.3403,
     "y":0.38507},
    {"x":0.36119,
     "y":0.4},
    {"x":0.38209,
     "y":0.40597},
    {"x":0.40299,
     "y":0.41194},
    {"x":0.42388,
     "y":0.41493},
    {"x":0.44478,
     "y":0.41791},
    {"x":0.46567,
     "y":0.4209},
    {"x":0.48657,
     "y":0.4209},
    {"x":0.50746,
     "y":0.42388},
    {"x":0.52836,
     "y":0.42388},
    {"x":0.54925,
     "y":0.42388},
    {"x":0.57015,
     "y":0.42388},
    {"x":0.59104,
     "y":0.42388},
    {"x":0.61194,
     "y":0.42687},
    {"x":0.63284,
     "y":0.42687},
    {"x":0.65373,
     "y":0.42687},
    {"x":0.67463,
     "y":0.42687},
    {"x":0.69552,
     "y":0.42388},
    {"x":0.71642,
     "y":0.4209},
    {"x":0.73731,
     "y":0.4209},
    {"x":0.75821,
     "y":0.41791},
    {"x":0.7791,
     "y":0.41194},
    {"x":0.8,
     "y":0.40597},
    {"x":0.8209,
     "y":0.39701},
    {"x":0.84179,
     "y":0.3791},
    {"x":0.86269,
     "y":0.35821},
    {"x":0.88358,
     "y":0.3403},
    {"x":0.90448,
     "y":0.32836},
    {"x":0.92537,
     "y":0.3194},
    {"x":0.94627,
     "y":0.31343},
    {"x":0.96716,
     "y":0.31045},
    {"x":0.98806,
     "y":0.30149},
    {"x":1,
     "y":0.2806},
    {"x":1,
     "y":0.2597},
    {"x":1,
     "y":0.23881},
    {"x":1,
     "y":0.21791},
    {"x":1,
     "y":0.19701},
    {"x":0.99104,
     "y":0.17612},
    {"x":0.97015,
     "y":0.16119},
    {"x":0.94925,
     "y":0.14925},
    {"x":0.93731,
     "y":0.12836},
    {"x":0.93433,
     "y":0.10746},
    {"x":0.9194,
     "y":0.089552},
    {"x":0.89851,
     "y":0.086567},
    {"x":0.87761,
     "y":0.080597},
    {"x":0.85672,
     "y":0.077612},
    {"x":0.83881,
     "y":0.089552},
    {"x":0.81791,
     "y":0.10746},
    {"x":0.79701,
     "y":0.11045},
    {"x":0.77612,
     "y":0.10746},
    {"x":0.75522,
     "y":0.10448},
    {"x":0.73433,
     "y":0.10149},
    {"x":0.71343,
     "y":0.098507},
    {"x":0.69254,
     "y":0.092537},
    {"x":0.67164,
     "y":0.089552},
    {"x":0.65075,
     "y":0.083582},
    {"x":0.62985,
     "y":0.074627},
    {"x":0.60896,
     "y":0.065672},
    {"x":0.58806,
     "y":0.059701},
    {"x":0.56716,
     "y":0.047761},
    {"x":0.55522,
     "y":0.026866},
    {"x":0.53731,
     "y":0.0089552},
    {"x":0.51642,
     "y":0.0029851},
    {"x":0.49552,
     "y":0},
    {"x":0.47463,
     "y":0},
    {"x":0.45373,
     "y":0.0029851},
    {"x":0.43284,
     "y":0.01791},
    {"x":0.41194,
     "y":0.023881},
    {"x":0.39104,
     "y":0.044776},
    {"x":0.37015,
     "y":0.044776},
    {"x":0.34925,
     "y":0.041791},
    {"x":0.32836,
     "y":0.041791},
    {"x":0.30746,
     "y":0.038806},
    {"x":0.28657,
     "y":0.038806},
    {"x":0.26567,
     "y":0.038806},
    {"x":0.24478,
     "y":0.038806},
    {"x":0.22388,
     "y":0.038806},
    {"x":0.20299,
     "y":0.038806},
    {"x":0.18209,
     "y":0.029851},
    {"x":0.16119,
     "y":0.020896},
    {"x":0.1403,
     "y":0.020896},
    {"x":0.1194,
     "y":0.020896},
    {"x":0.098507,
     "y":0.032836},
    {"x":0.080597,
     "y":0.053731},
    {"x":0.059701,
     "y":0.059701},
    {"x":0.038806,
     "y":0.068657},
    {"x":0.020896,
     "y":0.080597},
    {"x":0.0059701,
     "y":0.10149},
    {"x":0,
     "y":0.12239},
    {"x":0.0029851,
     "y":0.14328},
    {"x":0.0089552,
     "y":0.16418},
    {"x":0.0089552,
     "y":0.17015}],
 "triangles":[
    {"p1":104,
     "p2":105,
     "p3":106},
    {"p1":103,
     "p2":104,
     "p3":106},
    {"p1":0,
     "p2":1,
     "p3":107},
    {"p1":102,
     "p2":103,
     "p3":106},
    {"p1":102,
     "p2":106,
     "p3":107},
    {"p1":27,
     "p2":73,
     "p3":75},
    {"p1":24,
     "p2":26,
     "p3":75},
    {"p1":26,
     "p2":27,
     "p3":75},
    {"p1":11,
     "p2":12,
     "p3":90},
    {"p1":7,
     "p2":8,
     "p3":94},
    {"p1":8,
     "p2":9,
     "p3":94},
    {"p1":13,
     "p2":14,
     "p3":85},
    {"p1":27,
     "p2":28,
     "p3":73},
    {"p1":28,
     "p2":29,
     "p3":72},
    {"p1":28,
     "p2":72,
     "p3":73},
    {"p1":24,
     "p2":25,
     "p3":26},
    {"p1":12,
     "p2":88,
     "p3":89},
    {"p1":12,
     "p2":89,
     "p3":90},
    {"p1":11,
     "p2":91,
     "p3":92},
    {"p1":11,
     "p2":90,
     "p3":91},
    {"p1":1,
     "p2":2,
     "p3":3},
    {"p1":1,
     "p2":3,
     "p3":107},
    {"p1":101,
     "p2":102,
     "p3":107},
    {"p1":95,
     "p2":96,
     "p3":97},
    {"p1":22,
     "p2":23,
     "p3":24},
    {"p1":12,
     "p2":13,
     "p3":86},
    {"p1":13,
     "p2":85,
     "p3":86},
    {"p1":51,
     "p2":52,
     "p3":56},
    {"p1":44,
     "p2":56,
     "p3":64},
    {"p1":35,
     "p2":67,
     "p3":68},
    {"p1":61,
     "p2":62,
     "p3":63},
    {"p1":35,
     "p2":37,
     "p3":38},
    {"p1":35,
     "p2":38,
     "p3":67},
    {"p1":77,
     "p2":78,
     "p3":79},
    {"p1":29,
     "p2":71,
     "p3":72},
    {"p1":35,
     "p2":36,
     "p3":37},
    {"p1":14,
     "p2":16,
     "p3":85},
    {"p1":14,
     "p2":15,
     "p3":16},
    {"p1":11,
     "p2":92,
     "p3":93},
    {"p1":10,
     "p2":11,
     "p3":93},
    {"p1":9,
     "p2":93,
     "p3":94},
    {"p1":9,
     "p2":10,
     "p3":93},
    {"p1":97,
     "p2":98,
     "p3":99},
    {"p1":94,
     "p2":95,
     "p3":100},
    {"p1":3,
     "p2":100,
     "p3":107},
    {"p1":100,
     "p2":101,
     "p3":107},
    {"p1":95,
     "p2":97,
     "p3":100},
    {"p1":97,
     "p2":99,
     "p3":100},
    {"p1":80,
     "p2":81,
     "p3":83},
    {"p1":81,
     "p2":82,
     "p3":83},
    {"p1":83,
     "p2":84,
     "p3":85},
    {"p1":12,
     "p2":87,
     "p3":88},
    {"p1":12,
     "p2":86,
     "p3":87},
    {"p1":52,
     "p2":53,
     "p3":55},
    {"p1":53,
     "p2":54,
     "p3":55},
    {"p1":52,
     "p2":55,
     "p3":56},
    {"p1":56,
     "p2":57,
     "p3":64},
    {"p1":45,
     "p2":51,
     "p3":56},
    {"p1":44,
     "p2":45,
     "p3":56},
    {"p1":43,
     "p2":64,
     "p3":65},
    {"p1":43,
     "p2":44,
     "p3":64},
    {"p1":42,
     "p2":43,
     "p3":65},
    {"p1":35,
     "p2":68,
     "p3":69},
    {"p1":69,
     "p2":70,
     "p3":71},
    {"p1":42,
     "p2":65,
     "p3":66},
    {"p1":42,
     "p2":66,
     "p3":67},
    {"p1":73,
     "p2":74,
     "p3":75},
    {"p1":76,
     "p2":80,
     "p3":83},
    {"p1":76,
     "p2":79,
     "p3":80},
    {"p1":76,
     "p2":77,
     "p3":79},
    {"p1":76,
     "p2":83,
     "p3":85},
    {"p1":22,
     "p2":76,
     "p3":85},
    {"p1":24,
     "p2":75,
     "p3":76},
    {"p1":22,
     "p2":24,
     "p3":76},
    {"p1":29,
     "p2":30,
     "p3":31},
    {"p1":29,
     "p2":31,
     "p3":71},
    {"p1":34,
     "p2":35,
     "p3":69},
    {"p1":21,
     "p2":22,
     "p3":85},
    {"p1":3,
     "p2":4,
     "p3":5},
    {"p1":3,
     "p2":5,
     "p3":100},
    {"p1":60,
     "p2":63,
     "p3":64},
    {"p1":57,
     "p2":60,
     "p3":64},
    {"p1":60,
     "p2":61,
     "p3":63},
    {"p1":58,
     "p2":59,
     "p3":60},
    {"p1":57,
     "p2":58,
     "p3":60},
    {"p1":46,
     "p2":50,
     "p3":51},
    {"p1":45,
     "p2":46,
     "p3":51},
    {"p1":38,
     "p2":41,
     "p3":67},
    {"p1":41,
     "p2":42,
     "p3":67},
    {"p1":38,
     "p2":39,
     "p3":41},
    {"p1":32,
     "p2":69,
     "p3":71},
    {"p1":31,
     "p2":32,
     "p3":71},
    {"p1":32,
     "p2":33,
     "p3":34},
    {"p1":32,
     "p2":34,
     "p3":69},
    {"p1":16,
     "p2":17,
     "p3":85},
    {"p1":17,
     "p2":21,
     "p3":85},
    {"p1":6,
     "p2":7,
     "p3":94},
    {"p1":6,
     "p2":94,
     "p3":100},
    {"p1":5,
     "p2":6,
     "p3":100},
    {"p1":46,
     "p2":47,
     "p3":50},
    {"p1":47,
     "p2":49,
     "p3":50},
    {"p1":47,
     "p2":48,
     "p3":49},
    {"p1":39,
     "p2":40,
     "p3":41},
    {"p1":17,
     "p2":18,
     "p3":19},
    {"p1":17,
     "p2":19,
     "p3":21},
    {"p1":19,
     "p2":20,
     "p3":21}]
}