{"points":[
    {"x":0,
     "y":0.18301},
    {"x":0.013072,
     "y":0.20588},
    {"x":0.019608,
     "y":0.22876},
    {"x":0.035948,
     "y":0.25163},
    {"x":0.055556,
     "y":0.27451},
    {"x":0.075163,
     "y":0.29739},
    {"x":0.098039,
     "y":0.30392},
    {"x":0.12092,
     "y":0.31046},
    {"x":0.14379,
     "y":0.31699},
    {"x":0.16667,
     "y":0.32026},
    {"x":0.18954,
     "y":0.32353},
    {"x":0.21242,
     "y":0.32353},
    {"x":0.23529,
     "y":0.32353},
    {"x":0.23856,
     "y":0.34314},
    {"x":0.2451,
     "y":0.36601},
    {"x":0.26471,
     "y":0.38235},
    {"x":0.28758,
     "y":0.38562},
    {"x":0.31046,
     "y":0.40196},
    {"x":0.33333,
     "y":0.4183},
    {"x":0.35621,
     "y":0.43464},
    {"x":0.37908,
     "y":0.45098},
    {"x":0.40196,
     "y":0.45752},
    {"x":0.42484,
     "y":0.46078},
    {"x":0.44771,
     "y":0.46405},
    {"x":0.47059,
     "y":0.46732},
    {"x":0.49346,
     "y":0.46732},
    {"x":0.51634,
     "y":0.47059},
    {"x":0.53922,
     "y":0.47386},
    {"x":0.56209,
     "y":0.47386},
    {"x":0.58497,
     "y":0.47386},
    {"x":0.60784,
     "y":0.47386},
    {"x":0.63072,
     "y":0.47386},
    {"x":0.65359,
     "y":0.47386},
    {"x":0.67647,
     "y":0.47386},
    {"x":0.69935,
     "y":0.47386},
    {"x":0.72222,
     "y":0.47386},
    {"x":0.7451,
     "y":0.47386},
    {"x":0.76797,
     "y":0.47059},
    {"x":0.79085,
     "y":0.45752},
    {"x":0.81373,
     "y":0.44444},
    {"x":0.8366,
     "y":0.42484},
    {"x":0.85948,
     "y":0.4085},
    {"x":0.88235,
     "y":0.38562},
    {"x":0.90523,
     "y":0.36275},
    {"x":0.9281,
     "y":0.36275},
    {"x":0.95098,
     "y":0.35294},
    {"x":0.97386,
     "y":0.33007},
    {"x":0.98039,
     "y":0.30719},
    {"x":0.9902,
     "y":0.28431},
    {"x":0.99673,
     "y":0.26144},
    {"x":1,
     "y":0.23856},
    {"x":0.99673,
     "y":0.21569},
    {"x":0.99346,
     "y":0.19281},
    {"x":0.9902,
     "y":0.16993},
    {"x":0.98693,
     "y":0.14706},
    {"x":0.98366,
     "y":0.12418},
    {"x":0.97712,
     "y":0.10131},
    {"x":0.95752,
     "y":0.084967},
    {"x":0.93464,
     "y":0.078431},
    {"x":0.91176,
     "y":0.071895},
    {"x":0.88889,
     "y":0.078431},
    {"x":0.86928,
     "y":0.094771},
    {"x":0.85948,
     "y":0.11765},
    {"x":0.8366,
     "y":0.12092},
    {"x":0.81373,
     "y":0.11765},
    {"x":0.79085,
     "y":0.11111},
    {"x":0.76797,
     "y":0.10458},
    {"x":0.7451,
     "y":0.094771},
    {"x":0.72222,
     "y":0.088235},
    {"x":0.69935,
     "y":0.078431},
    {"x":0.67647,
     "y":0.065359},
    {"x":0.66013,
     "y":0.042484},
    {"x":0.65033,
     "y":0.019608},
    {"x":0.62745,
     "y":0.0065359},
    {"x":0.60458,
     "y":0.003268},
    {"x":0.5817,
     "y":0},
    {"x":0.55882,
     "y":0},
    {"x":0.53595,
     "y":0},
    {"x":0.51307,
     "y":0.003268},
    {"x":0.4902,
     "y":0.0065359},
    {"x":0.46732,
     "y":0.01634},
    {"x":0.44444,
     "y":0.029412},
    {"x":0.42484,
     "y":0.052288},
    {"x":0.40196,
     "y":0.055556},
    {"x":0.37908,
     "y":0.052288},
    {"x":0.35621,
     "y":0.052288},
    {"x":0.33333,
     "y":0.052288},
    {"x":0.31046,
     "y":0.052288},
    {"x":0.28758,
     "y":0.04902},
    {"x":0.26471,
     "y":0.04902},
    {"x":0.24183,
     "y":0.04902},
    {"x":0.21895,
     "y":0.039216},
    {"x":0.19608,
     "y":0.022876},
    {"x":0.1732,
     "y":0.0098039},
    {"x":0.15033,
     "y":0.0065359},
    {"x":0.12745,
     "y":0.0098039},
    {"x":0.10458,
     "y":0.01634},
    {"x":0.081699,
     "y":0.022876},
    {"x":0.068627,
     "y":0.045752},
    {"x":0.058824,
     "y":0.068627},
    {"x":0.042484,
     "y":0.088235},
    {"x":0.019608,
     "y":0.091503},
    {"x":0.003268,
     "y":0.10458},
    {"x":0,
     "y":0.12745},
    {"x":0,
     "y":0.15033},
    {"x":0,
     "y":0.1732},
    {"x":0,
     "y":0.18301}],
 "triangles":[
    {"p1":45,
     "p2":46,
     "p3":47},
    {"p1":43,
     "p2":45,
     "p3":47},
    {"p1":101,
     "p2":102,
     "p3":103},
    {"p1":100,
     "p2":101,
     "p3":103},
    {"p1":100,
     "p2":103,
     "p3":104},
    {"p1":31,
     "p2":68,
     "p3":69},
    {"p1":23,
     "p2":25,
     "p3":82},
    {"p1":23,
     "p2":24,
     "p3":25},
    {"p1":95,
     "p2":96,
     "p3":99},
    {"p1":43,
     "p2":47,
     "p3":48},
    {"p1":43,
     "p2":48,
     "p3":62},
    {"p1":53,
     "p2":54,
     "p3":62},
    {"p1":52,
     "p2":53,
     "p3":62},
    {"p1":51,
     "p2":52,
     "p3":62},
    {"p1":70,
     "p2":76,
     "p3":77},
    {"p1":71,
     "p2":74,
     "p3":75},
    {"p1":71,
     "p2":73,
     "p3":74},
    {"p1":71,
     "p2":72,
     "p3":73},
    {"p1":71,
     "p2":75,
     "p3":76},
    {"p1":70,
     "p2":71,
     "p3":76},
    {"p1":96,
     "p2":97,
     "p3":98},
    {"p1":96,
     "p2":98,
     "p3":99},
    {"p1":1,
     "p2":100,
     "p3":104},
    {"p1":1,
     "p2":2,
     "p3":3},
    {"p1":1,
     "p2":3,
     "p3":100},
    {"p1":28,
     "p2":29,
     "p3":70},
    {"p1":29,
     "p2":69,
     "p3":70},
    {"p1":33,
     "p2":66,
     "p3":68},
    {"p1":43,
     "p2":44,
     "p3":45},
    {"p1":35,
     "p2":36,
     "p3":38},
    {"p1":35,
     "p2":38,
     "p3":40},
    {"p1":36,
     "p2":37,
     "p3":38},
    {"p1":31,
     "p2":32,
     "p3":68},
    {"p1":32,
     "p2":33,
     "p3":68},
    {"p1":3,
     "p2":4,
     "p3":100},
    {"p1":4,
     "p2":7,
     "p3":100},
    {"p1":4,
     "p2":6,
     "p3":7},
    {"p1":4,
     "p2":5,
     "p3":6},
    {"p1":92,
     "p2":95,
     "p3":99},
    {"p1":92,
     "p2":93,
     "p3":94},
    {"p1":92,
     "p2":94,
     "p3":95},
    {"p1":8,
     "p2":9,
     "p3":90},
    {"p1":26,
     "p2":70,
     "p3":82},
    {"p1":25,
     "p2":26,
     "p3":82},
    {"p1":26,
     "p2":27,
     "p3":28},
    {"p1":26,
     "p2":28,
     "p3":70},
    {"p1":13,
     "p2":14,
     "p3":15},
    {"p1":13,
     "p2":15,
     "p3":16},
    {"p1":12,
     "p2":13,
     "p3":16},
    {"p1":18,
     "p2":22,
     "p3":82},
    {"p1":22,
     "p2":23,
     "p3":82},
    {"p1":58,
     "p2":61,
     "p3":62},
    {"p1":49,
     "p2":50,
     "p3":51},
    {"p1":48,
     "p2":49,
     "p3":62},
    {"p1":49,
     "p2":51,
     "p3":62},
    {"p1":58,
     "p2":59,
     "p3":60},
    {"p1":58,
     "p2":60,
     "p3":61},
    {"p1":12,
     "p2":83,
     "p3":85},
    {"p1":12,
     "p2":16,
     "p3":83},
    {"p1":16,
     "p2":17,
     "p3":83},
    {"p1":18,
     "p2":82,
     "p3":83},
    {"p1":17,
     "p2":18,
     "p3":83},
    {"p1":12,
     "p2":87,
     "p3":88},
    {"p1":0,
     "p2":1,
     "p3":105},
    {"p1":1,
     "p2":104,
     "p3":105},
    {"p1":30,
     "p2":31,
     "p3":69},
    {"p1":29,
     "p2":30,
     "p3":69},
    {"p1":42,
     "p2":43,
     "p3":64},
    {"p1":43,
     "p2":62,
     "p3":63},
    {"p1":43,
     "p2":63,
     "p3":64},
    {"p1":33,
     "p2":34,
     "p3":66},
    {"p1":34,
     "p2":35,
     "p3":40},
    {"p1":34,
     "p2":40,
     "p3":66},
    {"p1":40,
     "p2":65,
     "p3":66},
    {"p1":42,
     "p2":64,
     "p3":65},
    {"p1":38,
     "p2":39,
     "p3":40},
    {"p1":12,
     "p2":88,
     "p3":89},
    {"p1":12,
     "p2":89,
     "p3":90},
    {"p1":11,
     "p2":12,
     "p3":90},
    {"p1":7,
     "p2":8,
     "p3":91},
    {"p1":8,
     "p2":90,
     "p3":91},
    {"p1":91,
     "p2":99,
     "p3":100},
    {"p1":7,
     "p2":91,
     "p3":100},
    {"p1":91,
     "p2":92,
     "p3":99},
    {"p1":55,
     "p2":57,
     "p3":58},
    {"p1":55,
     "p2":56,
     "p3":57},
    {"p1":54,
     "p2":55,
     "p3":62},
    {"p1":55,
     "p2":58,
     "p3":62},
    {"p1":66,
     "p2":67,
     "p3":68},
    {"p1":12,
     "p2":85,
     "p3":86},
    {"p1":12,
     "p2":86,
     "p3":87},
    {"p1":80,
     "p2":81,
     "p3":82},
    {"p1":40,
     "p2":41,
     "p3":65},
    {"p1":41,
     "p2":42,
     "p3":65},
    {"p1":9,
     "p2":10,
     "p3":90},
    {"p1":10,
     "p2":11,
     "p3":90},
    {"p1":18,
     "p2":19,
     "p3":22},
    {"p1":78,
     "p2":79,
     "p3":80},
    {"p1":78,
     "p2":80,
     "p3":82},
    {"p1":70,
     "p2":78,
     "p3":82},
    {"p1":70,
     "p2":77,
     "p3":78},
    {"p1":83,
     "p2":84,
     "p3":85},
    {"p1":19,
     "p2":21,
     "p3":22},
    {"p1":19,
     "p2":20,
     "p3":21}]
}