{"points":[
    {"x":0.019868,
     "y":0.27483},
    {"x":0.039735,
     "y":0.29801},
    {"x":0.062914,
     "y":0.32119},
    {"x":0.086093,
     "y":0.33113},
    {"x":0.10927,
     "y":0.34437},
    {"x":0.13245,
     "y":0.3543},
    {"x":0.15563,
     "y":0.36424},
    {"x":0.17881,
     "y":0.37417},
    {"x":0.19536,
     "y":0.39735},
    {"x":0.20861,
     "y":0.42053},
    {"x":0.23179,
     "y":0.44371},
    {"x":0.25497,
     "y":0.46689},
    {"x":0.27815,
     "y":0.49007},
    {"x":0.30132,
     "y":0.51325},
    {"x":0.3245,
     "y":0.53642},
    {"x":0.34768,
     "y":0.55629},
    {"x":0.37086,
     "y":0.56954},
    {"x":0.39404,
     "y":0.58278},
    {"x":0.41722,
     "y":0.5894},
    {"x":0.4404,
     "y":0.59272},
    {"x":0.46358,
     "y":0.59272},
    {"x":0.48675,
     "y":0.59272},
    {"x":0.50993,
     "y":0.59272},
    {"x":0.53311,
     "y":0.59272},
    {"x":0.55629,
     "y":0.59272},
    {"x":0.57947,
     "y":0.5894},
    {"x":0.60265,
     "y":0.5894},
    {"x":0.62583,
     "y":0.5894},
    {"x":0.64901,
     "y":0.5894},
    {"x":0.67219,
     "y":0.5894},
    {"x":0.69536,
     "y":0.5894},
    {"x":0.71854,
     "y":0.5894},
    {"x":0.74172,
     "y":0.5894},
    {"x":0.7649,
     "y":0.5894},
    {"x":0.78808,
     "y":0.59272},
    {"x":0.81126,
     "y":0.59272},
    {"x":0.83444,
     "y":0.59272},
    {"x":0.85762,
     "y":0.59272},
    {"x":0.88079,
     "y":0.58609},
    {"x":0.90397,
     "y":0.56954},
    {"x":0.92715,
     "y":0.54636},
    {"x":0.94702,
     "y":0.52318},
    {"x":0.95364,
     "y":0.5},
    {"x":0.95695,
     "y":0.47682},
    {"x":0.96026,
     "y":0.45364},
    {"x":0.96689,
     "y":0.43046},
    {"x":0.9702,
     "y":0.40728},
    {"x":0.97351,
     "y":0.38411},
    {"x":0.97682,
     "y":0.36093},
    {"x":0.98013,
     "y":0.33775},
    {"x":0.98013,
     "y":0.31457},
    {"x":0.98013,
     "y":0.29139},
    {"x":0.98344,
     "y":0.26821},
    {"x":0.99669,
     "y":0.24503},
    {"x":1,
     "y":0.22185},
    {"x":1,
     "y":0.19868},
    {"x":0.99669,
     "y":0.1755},
    {"x":0.99669,
     "y":0.15232},
    {"x":0.99338,
     "y":0.12914},
    {"x":0.97682,
     "y":0.11258},
    {"x":0.95364,
     "y":0.10596},
    {"x":0.93046,
     "y":0.10265},
    {"x":0.90728,
     "y":0.10265},
    {"x":0.88411,
     "y":0.10596},
    {"x":0.86755,
     "y":0.12583},
    {"x":0.84437,
     "y":0.13576},
    {"x":0.82119,
     "y":0.13245},
    {"x":0.79801,
     "y":0.12914},
    {"x":0.77483,
     "y":0.12583},
    {"x":0.75166,
     "y":0.12252},
    {"x":0.72848,
     "y":0.11921},
    {"x":0.7053,
     "y":0.11589},
    {"x":0.68212,
     "y":0.10927},
    {"x":0.65894,
     "y":0.10596},
    {"x":0.63576,
     "y":0.089404},
    {"x":0.61258,
     "y":0.072848},
    {"x":0.5894,
     "y":0.05298},
    {"x":0.56623,
     "y":0.029801},
    {"x":0.54636,
     "y":0.0099338},
    {"x":0.52318,
     "y":0},
    {"x":0.5,
     "y":0},
    {"x":0.47682,
     "y":0.0033113},
    {"x":0.45364,
     "y":0.013245},
    {"x":0.43709,
     "y":0.036424},
    {"x":0.41722,
     "y":0.059603},
    {"x":0.39404,
     "y":0.076159},
    {"x":0.37086,
     "y":0.076159},
    {"x":0.34768,
     "y":0.076159},
    {"x":0.3245,
     "y":0.076159},
    {"x":0.30132,
     "y":0.076159},
    {"x":0.27815,
     "y":0.082781},
    {"x":0.25497,
     "y":0.086093},
    {"x":0.23179,
     "y":0.092715},
    {"x":0.20861,
     "y":0.089404},
    {"x":0.19205,
     "y":0.066225},
    {"x":0.17219,
     "y":0.043046},
    {"x":0.14901,
     "y":0.029801},
    {"x":0.12583,
     "y":0.029801},
    {"x":0.10265,
     "y":0.029801},
    {"x":0.07947,
     "y":0.036424},
    {"x":0.066225,
     "y":0.059603},
    {"x":0.056291,
     "y":0.082781},
    {"x":0.046358,
     "y":0.10596},
    {"x":0.023179,
     "y":0.11589},
    {"x":0.0099338,
     "y":0.13907},
    {"x":0,
     "y":0.16225},
    {"x":0.0033113,
     "y":0.18543},
    {"x":0.0033113,
     "y":0.20861},
    {"x":0.0066225,
     "y":0.23179},
    {"x":0.0099338,
     "y":0.25497},
    {"x":0.019868,
     "y":0.27483}],
 "triangles":[
    {"p1":54,
     "p2":55,
     "p3":64},
    {"p1":62,
     "p2":63,
     "p3":64},
    {"p1":61,
     "p2":62,
     "p3":64},
    {"p1":12,
     "p2":13,
     "p3":85},
    {"p1":57,
     "p2":58,
     "p3":59},
    {"p1":57,
     "p2":59,
     "p3":60},
    {"p1":40,
     "p2":41,
     "p3":42},
    {"p1":48,
     "p2":49,
     "p3":50},
    {"p1":52,
     "p2":53,
     "p3":54},
    {"p1":52,
     "p2":54,
     "p3":64},
    {"p1":78,
     "p2":79,
     "p3":80},
    {"p1":77,
     "p2":78,
     "p3":80},
    {"p1":11,
     "p2":12,
     "p3":85},
    {"p1":10,
     "p2":11,
     "p3":85},
    {"p1":56,
     "p2":61,
     "p3":64},
    {"p1":55,
     "p2":56,
     "p3":64},
    {"p1":56,
     "p2":60,
     "p3":61},
    {"p1":56,
     "p2":57,
     "p3":60},
    {"p1":0,
     "p2":108,
     "p3":109},
    {"p1":0,
     "p2":1,
     "p3":108},
    {"p1":1,
     "p2":93,
     "p3":108},
    {"p1":44,
     "p2":45,
     "p3":46},
    {"p1":33,
     "p2":44,
     "p3":46},
    {"p1":37,
     "p2":38,
     "p3":39},
    {"p1":7,
     "p2":88,
     "p3":90},
    {"p1":102,
     "p2":107,
     "p3":108},
    {"p1":93,
     "p2":102,
     "p3":108},
    {"p1":77,
     "p2":80,
     "p3":83},
    {"p1":76,
     "p2":77,
     "p3":83},
    {"p1":76,
     "p2":83,
     "p3":84},
    {"p1":10,
     "p2":85,
     "p3":86},
    {"p1":8,
     "p2":10,
     "p3":86},
    {"p1":40,
     "p2":42,
     "p3":43},
    {"p1":32,
     "p2":46,
     "p3":47},
    {"p1":32,
     "p2":33,
     "p3":46},
    {"p1":47,
     "p2":48,
     "p3":67},
    {"p1":75,
     "p2":84,
     "p3":85},
    {"p1":75,
     "p2":76,
     "p3":84},
    {"p1":7,
     "p2":91,
     "p3":92},
    {"p1":7,
     "p2":90,
     "p3":91},
    {"p1":88,
     "p2":89,
     "p3":90},
    {"p1":102,
     "p2":106,
     "p3":107},
    {"p1":81,
     "p2":82,
     "p3":83},
    {"p1":80,
     "p2":81,
     "p3":83},
    {"p1":14,
     "p2":15,
     "p3":16},
    {"p1":16,
     "p2":18,
     "p3":19},
    {"p1":16,
     "p2":17,
     "p3":18},
    {"p1":8,
     "p2":86,
     "p3":87},
    {"p1":7,
     "p2":87,
     "p3":88},
    {"p1":7,
     "p2":8,
     "p3":87},
    {"p1":8,
     "p2":9,
     "p3":10},
    {"p1":6,
     "p2":7,
     "p3":92},
    {"p1":6,
     "p2":92,
     "p3":93},
    {"p1":1,
     "p2":2,
     "p3":3},
    {"p1":1,
     "p2":3,
     "p3":93},
    {"p1":3,
     "p2":4,
     "p3":93},
    {"p1":35,
     "p2":43,
     "p3":44},
    {"p1":32,
     "p2":47,
     "p3":68},
    {"p1":32,
     "p2":68,
     "p3":69},
    {"p1":47,
     "p2":67,
     "p3":68},
    {"p1":48,
     "p2":50,
     "p3":66},
    {"p1":48,
     "p2":66,
     "p3":67},
    {"p1":104,
     "p2":105,
     "p3":106},
    {"p1":102,
     "p2":104,
     "p3":106},
    {"p1":102,
     "p2":103,
     "p3":104},
    {"p1":98,
     "p2":99,
     "p3":100},
    {"p1":4,
     "p2":5,
     "p3":93},
    {"p1":5,
     "p2":6,
     "p3":93},
    {"p1":33,
     "p2":34,
     "p3":44},
    {"p1":34,
     "p2":35,
     "p3":44},
    {"p1":36,
     "p2":40,
     "p3":43},
    {"p1":35,
     "p2":36,
     "p3":43},
    {"p1":36,
     "p2":39,
     "p3":40},
    {"p1":36,
     "p2":37,
     "p3":39},
    {"p1":50,
     "p2":51,
     "p3":65},
    {"p1":50,
     "p2":65,
     "p3":66},
    {"p1":51,
     "p2":52,
     "p3":65},
    {"p1":52,
     "p2":64,
     "p3":65},
    {"p1":93,
     "p2":101,
     "p3":102},
    {"p1":93,
     "p2":94,
     "p3":101},
    {"p1":95,
     "p2":96,
     "p3":97},
    {"p1":97,
     "p2":98,
     "p3":100},
    {"p1":97,
     "p2":100,
     "p3":101},
    {"p1":94,
     "p2":95,
     "p3":97},
    {"p1":94,
     "p2":97,
     "p3":101},
    {"p1":25,
     "p2":26,
     "p3":73},
    {"p1":22,
     "p2":73,
     "p3":85},
    {"p1":31,
     "p2":32,
     "p3":69},
    {"p1":30,
     "p2":31,
     "p3":69},
    {"p1":74,
     "p2":75,
     "p3":85},
    {"p1":73,
     "p2":74,
     "p3":85},
    {"p1":28,
     "p2":29,
     "p3":71},
    {"p1":71,
     "p2":72,
     "p3":73},
    {"p1":30,
     "p2":69,
     "p3":70},
    {"p1":29,
     "p2":30,
     "p3":70},
    {"p1":29,
     "p2":70,
     "p3":71},
    {"p1":26,
     "p2":27,
     "p3":73},
    {"p1":27,
     "p2":28,
     "p3":71},
    {"p1":27,
     "p2":71,
     "p3":73},
    {"p1":23,
     "p2":25,
     "p3":73},
    {"p1":22,
     "p2":23,
     "p3":73},
    {"p1":16,
     "p2":19,
     "p3":20},
    {"p1":14,
     "p2":16,
     "p3":20},
    {"p1":23,
     "p2":24,
     "p3":25},
    {"p1":13,
     "p2":14,
     "p3":21},
    {"p1":14,
     "p2":20,
     "p3":21},
    {"p1":13,
     "p2":21,
     "p3":85},
    {"p1":21,
     "p2":22,
     "p3":85}]
}