{"points":[
    {"x":0.0034843,
     "y":0.21603},
    {"x":0.017422,
     "y":0.23693},
    {"x":0.038328,
     "y":0.25784},
    {"x":0.059233,
     "y":0.26829},
    {"x":0.080139,
     "y":0.27875},
    {"x":0.10105,
     "y":0.2892},
    {"x":0.12195,
     "y":0.29965},
    {"x":0.14286,
     "y":0.3101},
    {"x":0.16376,
     "y":0.32056},
    {"x":0.18467,
     "y":0.32753},
    {"x":0.20557,
     "y":0.33449},
    {"x":0.22648,
     "y":0.34146},
    {"x":0.24739,
     "y":0.34843},
    {"x":0.26829,
     "y":0.3554},
    {"x":0.2892,
     "y":0.36237},
    {"x":0.3101,
     "y":0.36585},
    {"x":0.33101,
     "y":0.36585},
    {"x":0.35192,
     "y":0.36934},
    {"x":0.37282,
     "y":0.36934},
    {"x":0.39373,
     "y":0.37282},
    {"x":0.41463,
     "y":0.37631},
    {"x":0.43554,
     "y":0.37631},
    {"x":0.45645,
     "y":0.37979},
    {"x":0.47735,
     "y":0.37282},
    {"x":0.49826,
     "y":0.36237},
    {"x":0.51916,
     "y":0.35889},
    {"x":0.54007,
     "y":0.35192},
    {"x":0.56098,
     "y":0.34843},
    {"x":0.58188,
     "y":0.34495},
    {"x":0.60279,
     "y":0.34146},
    {"x":0.62369,
     "y":0.34146},
    {"x":0.6446,
     "y":0.33798},
    {"x":0.66551,
     "y":0.32753},
    {"x":0.68641,
     "y":0.31707},
    {"x":0.70732,
     "y":0.3101},
    {"x":0.72822,
     "y":0.3101},
    {"x":0.74913,
     "y":0.30314},
    {"x":0.77003,
     "y":0.2892},
    {"x":0.79094,
     "y":0.28571},
    {"x":0.81185,
     "y":0.28571},
    {"x":0.83275,
     "y":0.2892},
    {"x":0.85366,
     "y":0.2892},
    {"x":0.87456,
     "y":0.29268},
    {"x":0.89547,
     "y":0.29268},
    {"x":0.91638,
     "y":0.28223},
    {"x":0.93728,
     "y":0.26132},
    {"x":0.95819,
     "y":0.2439},
    {"x":0.97213,
     "y":0.223},
    {"x":0.98258,
     "y":0.20209},
    {"x":0.99303,
     "y":0.18118},
    {"x":1,
     "y":0.16028},
    {"x":0.99652,
     "y":0.13937},
    {"x":0.98955,
     "y":0.11847},
    {"x":0.98606,
     "y":0.097561},
    {"x":0.98258,
     "y":0.076655},
    {"x":0.96516,
     "y":0.059233},
    {"x":0.94425,
     "y":0.04878},
    {"x":0.92334,
     "y":0.038328},
    {"x":0.90244,
     "y":0.031359},
    {"x":0.88153,
     "y":0.031359},
    {"x":0.86063,
     "y":0.027875},
    {"x":0.83972,
     "y":0.02439},
    {"x":0.81882,
     "y":0.034843},
    {"x":0.79791,
     "y":0.052265},
    {"x":0.777,
     "y":0.062718},
    {"x":0.7561,
     "y":0.062718},
    {"x":0.73519,
     "y":0.059233},
    {"x":0.71429,
     "y":0.059233},
    {"x":0.69338,
     "y":0.055749},
    {"x":0.67247,
     "y":0.052265},
    {"x":0.65157,
     "y":0.052265},
    {"x":0.63066,
     "y":0.052265},
    {"x":0.60976,
     "y":0.045296},
    {"x":0.59233,
     "y":0.031359},
    {"x":0.57143,
     "y":0.013937},
    {"x":0.55052,
     "y":0.0034843},
    {"x":0.52962,
     "y":0},
    {"x":0.50871,
     "y":0},
    {"x":0.4878,
     "y":0},
    {"x":0.4669,
     "y":0.010453},
    {"x":0.44599,
     "y":0.020906},
    {"x":0.42857,
     "y":0.038328},
    {"x":0.41463,
     "y":0.059233},
    {"x":0.39373,
     "y":0.069686},
    {"x":0.37282,
     "y":0.069686},
    {"x":0.35192,
     "y":0.069686},
    {"x":0.33101,
     "y":0.073171},
    {"x":0.3101,
     "y":0.073171},
    {"x":0.2892,
     "y":0.073171},
    {"x":0.26829,
     "y":0.076655},
    {"x":0.24739,
     "y":0.076655},
    {"x":0.22648,
     "y":0.080139},
    {"x":0.20557,
     "y":0.083624},
    {"x":0.18467,
     "y":0.090592},
    {"x":0.16376,
     "y":0.083624},
    {"x":0.15331,
     "y":0.062718},
    {"x":0.1324,
     "y":0.055749},
    {"x":0.1115,
     "y":0.052265},
    {"x":0.090592,
     "y":0.04878},
    {"x":0.069686,
     "y":0.04878},
    {"x":0.04878,
     "y":0.059233},
    {"x":0.027875,
     "y":0.073171},
    {"x":0.017422,
     "y":0.094077},
    {"x":0.010453,
     "y":0.11498},
    {"x":0.0069686,
     "y":0.13589},
    {"x":0.0034843,
     "y":0.15679},
    {"x":0,
     "y":0.1777},
    {"x":0,
     "y":0.19861},
    {"x":0.0034843,
     "y":0.21603}],
 "triangles":[
    {"p1":97,
     "p2":102,
     "p3":103},
    {"p1":100,
     "p2":101,
     "p3":102},
    {"p1":98,
     "p2":100,
     "p3":102},
    {"p1":97,
     "p2":98,
     "p3":102},
    {"p1":42,
     "p2":44,
     "p3":45},
    {"p1":98,
     "p2":99,
     "p3":100},
    {"p1":53,
     "p2":54,
     "p3":55},
    {"p1":0,
     "p2":1,
     "p3":107},
    {"p1":1,
     "p2":106,
     "p3":107},
    {"p1":42,
     "p2":43,
     "p3":44},
    {"p1":84,
     "p2":85,
     "p3":86},
    {"p1":53,
     "p2":55,
     "p3":56},
    {"p1":45,
     "p2":46,
     "p3":47},
    {"p1":45,
     "p2":47,
     "p3":63},
    {"p1":47,
     "p2":48,
     "p3":63},
    {"p1":52,
     "p2":56,
     "p3":57},
    {"p1":52,
     "p2":53,
     "p3":56},
    {"p1":48,
     "p2":49,
     "p3":52},
    {"p1":30,
     "p2":31,
     "p3":32},
    {"p1":24,
     "p2":26,
     "p3":82},
    {"p1":26,
     "p2":72,
     "p3":82},
    {"p1":26,
     "p2":27,
     "p3":72},
    {"p1":29,
     "p2":30,
     "p3":32},
    {"p1":34,
     "p2":67,
     "p3":68},
    {"p1":33,
     "p2":34,
     "p3":70},
    {"p1":68,
     "p2":69,
     "p3":70},
    {"p1":34,
     "p2":68,
     "p3":70},
    {"p1":41,
     "p2":42,
     "p3":45},
    {"p1":41,
     "p2":45,
     "p3":63},
    {"p1":14,
     "p2":15,
     "p3":16},
    {"p1":77,
     "p2":78,
     "p3":79},
    {"p1":79,
     "p2":80,
     "p3":81},
    {"p1":79,
     "p2":81,
     "p3":82},
    {"p1":87,
     "p2":88,
     "p3":89},
    {"p1":72,
     "p2":73,
     "p3":82},
    {"p1":73,
     "p2":79,
     "p3":82},
    {"p1":73,
     "p2":77,
     "p3":79},
    {"p1":73,
     "p2":76,
     "p3":77},
    {"p1":5,
     "p2":6,
     "p3":93},
    {"p1":8,
     "p2":9,
     "p3":93},
    {"p1":12,
     "p2":87,
     "p3":89},
    {"p1":94,
     "p2":95,
     "p3":96},
    {"p1":94,
     "p2":104,
     "p3":105},
    {"p1":94,
     "p2":96,
     "p3":97},
    {"p1":94,
     "p2":103,
     "p3":104},
    {"p1":94,
     "p2":97,
     "p3":103},
    {"p1":4,
     "p2":5,
     "p3":94},
    {"p1":5,
     "p2":93,
     "p3":94},
    {"p1":48,
     "p2":59,
     "p3":63},
    {"p1":48,
     "p2":52,
     "p3":59},
    {"p1":59,
     "p2":60,
     "p3":63},
    {"p1":57,
     "p2":58,
     "p3":59},
    {"p1":52,
     "p2":57,
     "p3":59},
    {"p1":49,
     "p2":50,
     "p3":51},
    {"p1":49,
     "p2":51,
     "p3":52},
    {"p1":24,
     "p2":25,
     "p3":26},
    {"p1":27,
     "p2":28,
     "p3":72},
    {"p1":28,
     "p2":29,
     "p3":72},
    {"p1":29,
     "p2":71,
     "p3":72},
    {"p1":29,
     "p2":32,
     "p3":71},
    {"p1":32,
     "p2":33,
     "p3":71},
    {"p1":33,
     "p2":70,
     "p3":71},
    {"p1":34,
     "p2":35,
     "p3":36},
    {"p1":60,
     "p2":61,
     "p3":62},
    {"p1":60,
     "p2":62,
     "p3":63},
    {"p1":24,
     "p2":82,
     "p3":83},
    {"p1":74,
     "p2":75,
     "p3":76},
    {"p1":73,
     "p2":74,
     "p3":76},
    {"p1":3,
     "p2":105,
     "p3":106},
    {"p1":3,
     "p2":94,
     "p3":105},
    {"p1":3,
     "p2":4,
     "p3":94},
    {"p1":1,
     "p2":3,
     "p3":106},
    {"p1":1,
     "p2":2,
     "p3":3},
    {"p1":7,
     "p2":8,
     "p3":93},
    {"p1":6,
     "p2":7,
     "p3":93},
    {"p1":11,
     "p2":12,
     "p3":89},
    {"p1":12,
     "p2":13,
     "p3":87},
    {"p1":13,
     "p2":86,
     "p3":87},
    {"p1":13,
     "p2":14,
     "p3":16},
    {"p1":13,
     "p2":16,
     "p3":86},
    {"p1":16,
     "p2":17,
     "p3":18},
    {"p1":18,
     "p2":83,
     "p3":84},
    {"p1":18,
     "p2":19,
     "p3":83},
    {"p1":21,
     "p2":24,
     "p3":83},
    {"p1":21,
     "p2":23,
     "p3":24},
    {"p1":19,
     "p2":20,
     "p3":21},
    {"p1":19,
     "p2":21,
     "p3":83},
    {"p1":21,
     "p2":22,
     "p3":23},
    {"p1":10,
     "p2":91,
     "p3":92},
    {"p1":89,
     "p2":90,
     "p3":91},
    {"p1":40,
     "p2":41,
     "p3":63},
    {"p1":34,
     "p2":37,
     "p3":67},
    {"p1":34,
     "p2":36,
     "p3":37},
    {"p1":37,
     "p2":66,
     "p3":67},
    {"p1":38,
     "p2":39,
     "p3":64},
    {"p1":39,
     "p2":63,
     "p3":64},
    {"p1":39,
     "p2":40,
     "p3":63},
    {"p1":38,
     "p2":64,
     "p3":65},
    {"p1":37,
     "p2":38,
     "p3":65},
    {"p1":37,
     "p2":65,
     "p3":66},
    {"p1":9,
     "p2":10,
     "p3":92},
    {"p1":9,
     "p2":92,
     "p3":93},
    {"p1":16,
     "p2":18,
     "p3":86},
    {"p1":18,
     "p2":84,
     "p3":86},
    {"p1":10,
     "p2":11,
     "p3":91},
    {"p1":11,
     "p2":89,
     "p3":91}]
}