{"points":[
    {"x":0.0070093,
     "y":0.20561},
    {"x":0.0093458,
     "y":0.22664},
    {"x":0.023364,
     "y":0.24766},
    {"x":0.044393,
     "y":0.26636},
    {"x":0.065421,
     "y":0.27336},
    {"x":0.086449,
     "y":0.28037},
    {"x":0.10748,
     "y":0.28505},
    {"x":0.1285,
     "y":0.28738},
    {"x":0.14953,
     "y":0.28972},
    {"x":0.17056,
     "y":0.29439},
    {"x":0.19159,
     "y":0.29673},
    {"x":0.21262,
     "y":0.3014},
    {"x":0.23364,
     "y":0.30374},
    {"x":0.25467,
     "y":0.30607},
    {"x":0.2757,
     "y":0.31075},
    {"x":0.29439,
     "y":0.33178},
    {"x":0.30841,
     "y":0.3528},
    {"x":0.32243,
     "y":0.37383},
    {"x":0.34112,
     "y":0.39486},
    {"x":0.36215,
     "y":0.41355},
    {"x":0.38318,
     "y":0.42056},
    {"x":0.40421,
     "y":0.4229},
    {"x":0.42523,
     "y":0.42523},
    {"x":0.44626,
     "y":0.42523},
    {"x":0.46729,
     "y":0.42757},
    {"x":0.48832,
     "y":0.42523},
    {"x":0.50935,
     "y":0.42757},
    {"x":0.53037,
     "y":0.42523},
    {"x":0.5514,
     "y":0.42523},
    {"x":0.57243,
     "y":0.42523},
    {"x":0.59346,
     "y":0.42056},
    {"x":0.61449,
     "y":0.42056},
    {"x":0.63551,
     "y":0.41822},
    {"x":0.65654,
     "y":0.41589},
    {"x":0.67757,
     "y":0.41355},
    {"x":0.6986,
     "y":0.40888},
    {"x":0.71963,
     "y":0.40654},
    {"x":0.74065,
     "y":0.40421},
    {"x":0.76168,
     "y":0.39953},
    {"x":0.78271,
     "y":0.39486},
    {"x":0.80374,
     "y":0.39252},
    {"x":0.82477,
     "y":0.38318},
    {"x":0.84579,
     "y":0.36916},
    {"x":0.86682,
     "y":0.35514},
    {"x":0.88785,
     "y":0.33411},
    {"x":0.90888,
     "y":0.31776},
    {"x":0.92757,
     "y":0.29673},
    {"x":0.94626,
     "y":0.2757},
    {"x":0.96495,
     "y":0.25467},
    {"x":0.97897,
     "y":0.23364},
    {"x":0.99065,
     "y":0.21262},
    {"x":0.99533,
     "y":0.19159},
    {"x":0.99766,
     "y":0.17056},
    {"x":0.99766,
     "y":0.14953},
    {"x":0.99766,
     "y":0.1285},
    {"x":1,
     "y":0.10748},
    {"x":0.99065,
     "y":0.086449},
    {"x":0.96963,
     "y":0.081776},
    {"x":0.9486,
     "y":0.070093},
    {"x":0.93458,
     "y":0.049065},
    {"x":0.91355,
     "y":0.03271},
    {"x":0.89252,
     "y":0.025701},
    {"x":0.8715,
     "y":0.025701},
    {"x":0.85047,
     "y":0.028037},
    {"x":0.82944,
     "y":0.042056},
    {"x":0.81542,
     "y":0.063084},
    {"x":0.79907,
     "y":0.077103},
    {"x":0.77804,
     "y":0.077103},
    {"x":0.75701,
     "y":0.077103},
    {"x":0.73598,
     "y":0.074766},
    {"x":0.71495,
     "y":0.074766},
    {"x":0.69393,
     "y":0.07243},
    {"x":0.6729,
     "y":0.07243},
    {"x":0.65187,
     "y":0.070093},
    {"x":0.63084,
     "y":0.07243},
    {"x":0.60981,
     "y":0.070093},
    {"x":0.58879,
     "y":0.070093},
    {"x":0.56776,
     "y":0.070093},
    {"x":0.54673,
     "y":0.067757},
    {"x":0.53037,
     "y":0.049065},
    {"x":0.51402,
     "y":0.030374},
    {"x":0.49299,
     "y":0.014019},
    {"x":0.47196,
     "y":0},
    {"x":0.45093,
     "y":0},
    {"x":0.42991,
     "y":0.0023364},
    {"x":0.40888,
     "y":0.0093458},
    {"x":0.39019,
     "y":0.025701},
    {"x":0.37617,
     "y":0.046729},
    {"x":0.35981,
     "y":0.063084},
    {"x":0.33879,
     "y":0.063084},
    {"x":0.31776,
     "y":0.065421},
    {"x":0.29673,
     "y":0.067757},
    {"x":0.2757,
     "y":0.070093},
    {"x":0.25467,
     "y":0.074766},
    {"x":0.23364,
     "y":0.077103},
    {"x":0.21262,
     "y":0.079439},
    {"x":0.19159,
     "y":0.077103},
    {"x":0.17056,
     "y":0.070093},
    {"x":0.14953,
     "y":0.070093},
    {"x":0.1285,
     "y":0.074766},
    {"x":0.10748,
     "y":0.088785},
    {"x":0.086449,
     "y":0.10514},
    {"x":0.065421,
     "y":0.10981},
    {"x":0.044393,
     "y":0.11916},
    {"x":0.025701,
     "y":0.13551},
    {"x":0.0046729,
     "y":0.15187},
    {"x":0,
     "y":0.1729},
    {"x":0.0070093,
     "y":0.19393},
    {"x":0.0070093,
     "y":0.20561}],
 "triangles":[
    {"p1":15,
     "p2":78,
     "p3":88},
    {"p1":9,
     "p2":10,
     "p3":95},
    {"p1":14,
     "p2":15,
     "p3":88},
    {"p1":14,
     "p2":90,
     "p3":91},
    {"p1":15,
     "p2":23,
     "p3":78},
    {"p1":78,
     "p2":87,
     "p3":88},
    {"p1":84,
     "p2":85,
     "p3":86},
    {"p1":81,
     "p2":84,
     "p3":86},
    {"p1":81,
     "p2":86,
     "p3":87},
    {"p1":52,
     "p2":53,
     "p3":58},
    {"p1":23,
     "p2":24,
     "p3":25},
    {"p1":23,
     "p2":25,
     "p3":78},
    {"p1":32,
     "p2":33,
     "p3":74},
    {"p1":25,
     "p2":27,
     "p3":78},
    {"p1":25,
     "p2":26,
     "p3":27},
    {"p1":104,
     "p2":105,
     "p3":106},
    {"p1":81,
     "p2":82,
     "p3":83},
    {"p1":81,
     "p2":83,
     "p3":84},
    {"p1":53,
     "p2":57,
     "p3":58},
    {"p1":55,
     "p2":56,
     "p3":57},
    {"p1":6,
     "p2":7,
     "p3":101},
    {"p1":14,
     "p2":88,
     "p3":89},
    {"p1":14,
     "p2":89,
     "p3":90},
    {"p1":14,
     "p2":91,
     "p3":92},
    {"p1":5,
     "p2":6,
     "p3":101},
    {"p1":49,
     "p2":50,
     "p3":51},
    {"p1":78,
     "p2":79,
     "p3":87},
    {"p1":30,
     "p2":31,
     "p3":74},
    {"p1":31,
     "p2":32,
     "p3":74},
    {"p1":30,
     "p2":76,
     "p3":77},
    {"p1":27,
     "p2":77,
     "p3":78},
    {"p1":30,
     "p2":74,
     "p3":75},
    {"p1":30,
     "p2":75,
     "p3":76},
    {"p1":60,
     "p2":61,
     "p3":62},
    {"p1":59,
     "p2":60,
     "p3":62},
    {"p1":58,
     "p2":59,
     "p3":65},
    {"p1":59,
     "p2":62,
     "p3":65},
    {"p1":104,
     "p2":106,
     "p3":107},
    {"p1":54,
     "p2":55,
     "p3":57},
    {"p1":53,
     "p2":54,
     "p3":57},
    {"p1":102,
     "p2":103,
     "p3":104},
    {"p1":102,
     "p2":104,
     "p3":107},
    {"p1":9,
     "p2":95,
     "p3":96},
    {"p1":96,
     "p2":97,
     "p3":98},
    {"p1":17,
     "p2":21,
     "p3":22},
    {"p1":33,
     "p2":34,
     "p3":74},
    {"p1":34,
     "p2":35,
     "p3":74},
    {"p1":2,
     "p2":3,
     "p3":4},
    {"p1":4,
     "p2":5,
     "p3":101},
    {"p1":4,
     "p2":101,
     "p3":102},
    {"p1":4,
     "p2":102,
     "p3":107},
    {"p1":39,
     "p2":40,
     "p3":41},
    {"p1":80,
     "p2":81,
     "p3":87},
    {"p1":79,
     "p2":80,
     "p3":87},
    {"p1":37,
     "p2":38,
     "p3":70},
    {"p1":45,
     "p2":46,
     "p3":66},
    {"p1":48,
     "p2":49,
     "p3":66},
    {"p1":49,
     "p2":51,
     "p3":66},
    {"p1":51,
     "p2":52,
     "p3":66},
    {"p1":52,
     "p2":58,
     "p3":66},
    {"p1":58,
     "p2":65,
     "p3":66},
    {"p1":0,
     "p2":1,
     "p3":2},
    {"p1":0,
     "p2":2,
     "p3":4},
    {"p1":0,
     "p2":4,
     "p3":107},
    {"p1":98,
     "p2":99,
     "p3":100},
    {"p1":96,
     "p2":98,
     "p3":100},
    {"p1":7,
     "p2":8,
     "p3":101},
    {"p1":8,
     "p2":9,
     "p3":96},
    {"p1":8,
     "p2":100,
     "p3":101},
    {"p1":8,
     "p2":96,
     "p3":100},
    {"p1":15,
     "p2":16,
     "p3":23},
    {"p1":16,
     "p2":22,
     "p3":23},
    {"p1":16,
     "p2":17,
     "p3":22},
    {"p1":10,
     "p2":11,
     "p3":95},
    {"p1":18,
     "p2":19,
     "p3":20},
    {"p1":17,
     "p2":18,
     "p3":21},
    {"p1":18,
     "p2":20,
     "p3":21},
    {"p1":35,
     "p2":36,
     "p3":70},
    {"p1":36,
     "p2":37,
     "p3":70},
    {"p1":39,
     "p2":41,
     "p3":42},
    {"p1":28,
     "p2":29,
     "p3":30},
    {"p1":28,
     "p2":30,
     "p3":77},
    {"p1":27,
     "p2":28,
     "p3":77},
    {"p1":62,
     "p2":63,
     "p3":64},
    {"p1":62,
     "p2":64,
     "p3":65},
    {"p1":35,
     "p2":70,
     "p3":71},
    {"p1":47,
     "p2":48,
     "p3":66},
    {"p1":46,
     "p2":47,
     "p3":66},
    {"p1":44,
     "p2":45,
     "p3":66},
    {"p1":44,
     "p2":66,
     "p3":67},
    {"p1":42,
     "p2":43,
     "p3":44},
    {"p1":42,
     "p2":44,
     "p3":67},
    {"p1":38,
     "p2":69,
     "p3":70},
    {"p1":35,
     "p2":71,
     "p3":72},
    {"p1":35,
     "p2":72,
     "p3":74},
    {"p1":72,
     "p2":73,
     "p3":74},
    {"p1":38,
     "p2":39,
     "p3":68},
    {"p1":38,
     "p2":68,
     "p3":69},
    {"p1":42,
     "p2":67,
     "p3":68},
    {"p1":39,
     "p2":42,
     "p3":68},
    {"p1":12,
     "p2":93,
     "p3":94},
    {"p1":12,
     "p2":13,
     "p3":93},
    {"p1":13,
     "p2":92,
     "p3":93},
    {"p1":13,
     "p2":14,
     "p3":92},
    {"p1":11,
     "p2":12,
     "p3":94},
    {"p1":11,
     "p2":94,
     "p3":95}]
}