{"points":[
    {"x":0.078283,
     "y":0.2298},
    {"x":0.098485,
     "y":0.2399},
    {"x":0.11869,
     "y":0.24747},
    {"x":0.13889,
     "y":0.25758},
    {"x":0.15909,
     "y":0.26263},
    {"x":0.17929,
     "y":0.26768},
    {"x":0.19949,
     "y":0.27525},
    {"x":0.2197,
     "y":0.2803},
    {"x":0.2399,
     "y":0.28283},
    {"x":0.2601,
     "y":0.2904},
    {"x":0.2803,
     "y":0.29293},
    {"x":0.30051,
     "y":0.29545},
    {"x":0.32071,
     "y":0.29798},
    {"x":0.34091,
     "y":0.30808},
    {"x":0.36111,
     "y":0.31566},
    {"x":0.38131,
     "y":0.32576},
    {"x":0.40152,
     "y":0.33586},
    {"x":0.42172,
     "y":0.34343},
    {"x":0.44192,
     "y":0.35101},
    {"x":0.46212,
     "y":0.35859},
    {"x":0.48232,
     "y":0.36364},
    {"x":0.50253,
     "y":0.36616},
    {"x":0.52273,
     "y":0.36869},
    {"x":0.54293,
     "y":0.36616},
    {"x":0.56313,
     "y":0.36364},
    {"x":0.58333,
     "y":0.36364},
    {"x":0.60354,
     "y":0.36111},
    {"x":0.62374,
     "y":0.35859},
    {"x":0.64394,
     "y":0.35859},
    {"x":0.66414,
     "y":0.35606},
    {"x":0.68434,
     "y":0.35354},
    {"x":0.70455,
     "y":0.34848},
    {"x":0.72475,
     "y":0.34596},
    {"x":0.74495,
     "y":0.34091},
    {"x":0.76515,
     "y":0.33586},
    {"x":0.78535,
     "y":0.33081},
    {"x":0.80556,
     "y":0.32576},
    {"x":0.82576,
     "y":0.31566},
    {"x":0.84596,
     "y":0.30808},
    {"x":0.86616,
     "y":0.29798},
    {"x":0.88636,
     "y":0.28535},
    {"x":0.90657,
     "y":0.27273},
    {"x":0.92677,
     "y":0.2601},
    {"x":0.94697,
     "y":0.24747},
    {"x":0.96465,
     "y":0.23232},
    {"x":0.98485,
     "y":0.21465},
    {"x":1,
     "y":0.19444},
    {"x":1,
     "y":0.17424},
    {"x":0.98737,
     "y":0.15404},
    {"x":0.9697,
     "y":0.13636},
    {"x":0.94949,
     "y":0.12121},
    {"x":0.92929,
     "y":0.10606},
    {"x":0.91667,
     "y":0.085859},
    {"x":0.90404,
     "y":0.065657},
    {"x":0.88384,
     "y":0.050505},
    {"x":0.86364,
     "y":0.040404},
    {"x":0.84343,
     "y":0.037879},
    {"x":0.82323,
     "y":0.040404},
    {"x":0.80303,
     "y":0.04798},
    {"x":0.78788,
     "y":0.065657},
    {"x":0.77525,
     "y":0.085859},
    {"x":0.75505,
     "y":0.083333},
    {"x":0.73485,
     "y":0.080808},
    {"x":0.71465,
     "y":0.078283},
    {"x":0.69444,
     "y":0.075758},
    {"x":0.67424,
     "y":0.075758},
    {"x":0.65404,
     "y":0.070707},
    {"x":0.63384,
     "y":0.068182},
    {"x":0.61364,
     "y":0.065657},
    {"x":0.59596,
     "y":0.050505},
    {"x":0.58081,
     "y":0.030303},
    {"x":0.56061,
     "y":0.015152},
    {"x":0.5404,
     "y":0.0075758},
    {"x":0.5202,
     "y":0.0025253},
    {"x":0.5,
     "y":0},
    {"x":0.4798,
     "y":0.0050505},
    {"x":0.4596,
     "y":0.015152},
    {"x":0.44444,
     "y":0.035354},
    {"x":0.42929,
     "y":0.042929},
    {"x":0.40909,
     "y":0.042929},
    {"x":0.38889,
     "y":0.040404},
    {"x":0.36869,
     "y":0.037879},
    {"x":0.34848,
     "y":0.035354},
    {"x":0.32828,
     "y":0.035354},
    {"x":0.30808,
     "y":0.035354},
    {"x":0.28788,
     "y":0.040404},
    {"x":0.26768,
     "y":0.045455},
    {"x":0.24747,
     "y":0.050505},
    {"x":0.22727,
     "y":0.055556},
    {"x":0.20707,
     "y":0.063131},
    {"x":0.18687,
     "y":0.058081},
    {"x":0.16667,
     "y":0.058081},
    {"x":0.14646,
     "y":0.063131},
    {"x":0.12626,
     "y":0.075758},
    {"x":0.10606,
     "y":0.090909},
    {"x":0.085859,
     "y":0.09596},
    {"x":0.065657,
     "y":0.10101},
    {"x":0.045455,
     "y":0.10606},
    {"x":0.025253,
     "y":0.11364},
    {"x":0.0075758,
     "y":0.12879},
    {"x":0,
     "y":0.14899},
    {"x":0.0050505,
     "y":0.16919},
    {"x":0.012626,
     "y":0.18939},
    {"x":0.032828,
     "y":0.20455},
    {"x":0.05303,
     "y":0.21465},
    {"x":0.073232,
     "y":0.22475},
    {"x":0.078283,
     "y":0.2298}],
 "triangles":[
    {"p1":99,
     "p2":100,
     "p3":101},
    {"p1":98,
     "p2":99,
     "p3":101},
    {"p1":45,
     "p2":46,
     "p3":47},
    {"p1":45,
     "p2":47,
     "p3":48},
    {"p1":45,
     "p2":48,
     "p3":49},
    {"p1":27,
     "p2":65,
     "p3":66},
    {"p1":54,
     "p2":55,
     "p3":56},
    {"p1":101,
     "p2":102,
     "p3":103},
    {"p1":51,
     "p2":52,
     "p3":60},
    {"p1":52,
     "p2":54,
     "p3":60},
    {"p1":52,
     "p2":53,
     "p3":54},
    {"p1":44,
     "p2":45,
     "p3":49},
    {"p1":43,
     "p2":44,
     "p3":50},
    {"p1":44,
     "p2":49,
     "p3":50},
    {"p1":38,
     "p2":39,
     "p3":60},
    {"p1":41,
     "p2":51,
     "p3":60},
    {"p1":29,
     "p2":30,
     "p3":65},
    {"p1":30,
     "p2":31,
     "p3":65},
    {"p1":24,
     "p2":25,
     "p3":68},
    {"p1":28,
     "p2":29,
     "p3":65},
    {"p1":27,
     "p2":28,
     "p3":65},
    {"p1":25,
     "p2":26,
     "p3":68},
    {"p1":26,
     "p2":27,
     "p3":68},
    {"p1":70,
     "p2":71,
     "p3":72},
    {"p1":69,
     "p2":70,
     "p3":72},
    {"p1":54,
     "p2":59,
     "p3":60},
    {"p1":54,
     "p2":56,
     "p3":59},
    {"p1":57,
     "p2":58,
     "p3":59},
    {"p1":56,
     "p2":57,
     "p3":59},
    {"p1":37,
     "p2":38,
     "p3":60},
    {"p1":35,
     "p2":36,
     "p3":37},
    {"p1":35,
     "p2":37,
     "p3":60},
    {"p1":39,
     "p2":40,
     "p3":60},
    {"p1":40,
     "p2":41,
     "p3":60},
    {"p1":41,
     "p2":42,
     "p3":51},
    {"p1":42,
     "p2":50,
     "p3":51},
    {"p1":42,
     "p2":43,
     "p3":50},
    {"p1":32,
     "p2":33,
     "p3":63},
    {"p1":31,
     "p2":32,
     "p3":63},
    {"p1":23,
     "p2":24,
     "p3":68},
    {"p1":31,
     "p2":64,
     "p3":65},
    {"p1":31,
     "p2":63,
     "p3":64},
    {"p1":27,
     "p2":67,
     "p3":68},
    {"p1":27,
     "p2":66,
     "p3":67},
    {"p1":34,
     "p2":35,
     "p3":61},
    {"p1":35,
     "p2":60,
     "p3":61},
    {"p1":33,
     "p2":62,
     "p3":63},
    {"p1":33,
     "p2":34,
     "p3":62},
    {"p1":34,
     "p2":61,
     "p3":62},
    {"p1":69,
     "p2":72,
     "p3":77},
    {"p1":68,
     "p2":77,
     "p3":78},
    {"p1":68,
     "p2":69,
     "p3":77},
    {"p1":1,
     "p2":94,
     "p3":105},
    {"p1":94,
     "p2":95,
     "p3":105},
    {"p1":97,
     "p2":98,
     "p3":101},
    {"p1":97,
     "p2":101,
     "p3":103},
    {"p1":0,
     "p2":1,
     "p3":105},
    {"p1":75,
     "p2":76,
     "p3":77},
    {"p1":12,
     "p2":82,
     "p3":83},
    {"p1":72,
     "p2":73,
     "p3":77},
    {"p1":73,
     "p2":75,
     "p3":77},
    {"p1":73,
     "p2":74,
     "p3":75},
    {"p1":8,
     "p2":88,
     "p3":89},
    {"p1":4,
     "p2":5,
     "p3":89},
    {"p1":8,
     "p2":87,
     "p3":88},
    {"p1":8,
     "p2":86,
     "p3":87},
    {"p1":14,
     "p2":15,
     "p3":78},
    {"p1":15,
     "p2":16,
     "p3":78},
    {"p1":16,
     "p2":17,
     "p3":78},
    {"p1":1,
     "p2":2,
     "p3":94},
    {"p1":19,
     "p2":20,
     "p3":68},
    {"p1":21,
     "p2":22,
     "p3":23},
    {"p1":21,
     "p2":23,
     "p3":68},
    {"p1":20,
     "p2":21,
     "p3":68},
    {"p1":97,
     "p2":103,
     "p3":104},
    {"p1":96,
     "p2":97,
     "p3":104},
    {"p1":95,
     "p2":96,
     "p3":104},
    {"p1":95,
     "p2":104,
     "p3":105},
    {"p1":14,
     "p2":78,
     "p3":79},
    {"p1":12,
     "p2":79,
     "p3":80},
    {"p1":83,
     "p2":84,
     "p3":85},
    {"p1":13,
     "p2":14,
     "p3":79},
    {"p1":12,
     "p2":13,
     "p3":79},
    {"p1":12,
     "p2":80,
     "p3":81},
    {"p1":12,
     "p2":81,
     "p3":82},
    {"p1":5,
     "p2":6,
     "p3":89},
    {"p1":4,
     "p2":93,
     "p3":94},
    {"p1":4,
     "p2":89,
     "p3":93},
    {"p1":90,
     "p2":91,
     "p3":93},
    {"p1":91,
     "p2":92,
     "p3":93},
    {"p1":89,
     "p2":90,
     "p3":93},
    {"p1":3,
     "p2":4,
     "p3":94},
    {"p1":2,
     "p2":3,
     "p3":94},
    {"p1":8,
     "p2":9,
     "p3":10},
    {"p1":8,
     "p2":10,
     "p3":86},
    {"p1":7,
     "p2":8,
     "p3":89},
    {"p1":6,
     "p2":7,
     "p3":89},
    {"p1":17,
     "p2":18,
     "p3":78},
    {"p1":18,
     "p2":68,
     "p3":78},
    {"p1":18,
     "p2":19,
     "p3":68},
    {"p1":11,
     "p2":12,
     "p3":83},
    {"p1":11,
     "p2":83,
     "p3":85},
    {"p1":11,
     "p2":85,
     "p3":86},
    {"p1":10,
     "p2":11,
     "p3":86}]
}