{"points":[
    {"x":0.02968,
     "y":0.24201},
    {"x":0.052511,
     "y":0.26027},
    {"x":0.075342,
     "y":0.27397},
    {"x":0.098174,
     "y":0.28311},
    {"x":0.121,
     "y":0.29224},
    {"x":0.14384,
     "y":0.2968},
    {"x":0.16667,
     "y":0.30365},
    {"x":0.1895,
     "y":0.30822},
    {"x":0.21233,
     "y":0.31279},
    {"x":0.21005,
     "y":0.33562},
    {"x":0.23288,
     "y":0.35388},
    {"x":0.25571,
     "y":0.36073},
    {"x":0.27854,
     "y":0.35845},
    {"x":0.28539,
     "y":0.33562},
    {"x":0.30365,
     "y":0.33562},
    {"x":0.32648,
     "y":0.3516},
    {"x":0.34932,
     "y":0.36758},
    {"x":0.37215,
     "y":0.38356},
    {"x":0.39498,
     "y":0.39726},
    {"x":0.41781,
     "y":0.40639},
    {"x":0.44064,
     "y":0.41553},
    {"x":0.46347,
     "y":0.42237},
    {"x":0.4863,
     "y":0.42466},
    {"x":0.50913,
     "y":0.42466},
    {"x":0.53196,
     "y":0.42466},
    {"x":0.55479,
     "y":0.42237},
    {"x":0.57763,
     "y":0.42237},
    {"x":0.60046,
     "y":0.42009},
    {"x":0.62329,
     "y":0.41781},
    {"x":0.64612,
     "y":0.41553},
    {"x":0.66895,
     "y":0.41324},
    {"x":0.69178,
     "y":0.41096},
    {"x":0.71461,
     "y":0.40639},
    {"x":0.73744,
     "y":0.40411},
    {"x":0.76027,
     "y":0.40183},
    {"x":0.78311,
     "y":0.39954},
    {"x":0.80594,
     "y":0.39498},
    {"x":0.82877,
     "y":0.39041},
    {"x":0.8516,
     "y":0.38584},
    {"x":0.87443,
     "y":0.38128},
    {"x":0.89726,
     "y":0.37671},
    {"x":0.92009,
     "y":0.37443},
    {"x":0.94292,
     "y":0.36758},
    {"x":0.96575,
     "y":0.35616},
    {"x":0.97945,
     "y":0.33333},
    {"x":0.98858,
     "y":0.3105},
    {"x":0.99543,
     "y":0.28767},
    {"x":1,
     "y":0.26484},
    {"x":1,
     "y":0.24201},
    {"x":0.99315,
     "y":0.21918},
    {"x":0.98858,
     "y":0.19635},
    {"x":0.97945,
     "y":0.17352},
    {"x":0.96347,
     "y":0.15068},
    {"x":0.94521,
     "y":0.13014},
    {"x":0.93607,
     "y":0.10731},
    {"x":0.92466,
     "y":0.084475},
    {"x":0.90183,
     "y":0.06621},
    {"x":0.879,
     "y":0.059361},
    {"x":0.85616,
     "y":0.059361},
    {"x":0.83333,
     "y":0.068493},
    {"x":0.81507,
     "y":0.089041},
    {"x":0.79452,
     "y":0.10274},
    {"x":0.77169,
     "y":0.098174},
    {"x":0.74886,
     "y":0.091324},
    {"x":0.73288,
     "y":0.068493},
    {"x":0.71918,
     "y":0.045662},
    {"x":0.69863,
     "y":0.022831},
    {"x":0.6758,
     "y":0.0091324},
    {"x":0.65297,
     "y":0},
    {"x":0.63014,
     "y":0},
    {"x":0.60731,
     "y":0.0068493},
    {"x":0.58447,
     "y":0.025114},
    {"x":0.57306,
     "y":0.047945},
    {"x":0.55479,
     "y":0.059361},
    {"x":0.53196,
     "y":0.054795},
    {"x":0.50913,
     "y":0.052511},
    {"x":0.4863,
     "y":0.047945},
    {"x":0.46347,
     "y":0.045662},
    {"x":0.44064,
     "y":0.045662},
    {"x":0.41781,
     "y":0.047945},
    {"x":0.39498,
     "y":0.052511},
    {"x":0.37215,
     "y":0.061644},
    {"x":0.34932,
     "y":0.06621},
    {"x":0.32648,
     "y":0.06621},
    {"x":0.30365,
     "y":0.06621},
    {"x":0.28082,
     "y":0.06621},
    {"x":0.25799,
     "y":0.068493},
    {"x":0.23516,
     "y":0.073059},
    {"x":0.21233,
     "y":0.075342},
    {"x":0.1895,
     "y":0.073059},
    {"x":0.16667,
     "y":0.070776},
    {"x":0.14384,
     "y":0.075342},
    {"x":0.121,
     "y":0.086758},
    {"x":0.10731,
     "y":0.10959},
    {"x":0.086758,
     "y":0.12785},
    {"x":0.063927,
     "y":0.14612},
    {"x":0.041096,
     "y":0.15525},
    {"x":0.018265,
     "y":0.17123},
    {"x":0,
     "y":0.19406},
    {"x":0.0068493,
     "y":0.21689},
    {"x":0.025114,
     "y":0.23744},
    {"x":0.02968,
     "y":0.24201}],
 "triangles":[
    {"p1":47,
     "p2":48,
     "p3":49},
    {"p1":46,
     "p2":47,
     "p3":49},
    {"p1":97,
     "p2":98,
     "p3":99},
    {"p1":42,
     "p2":43,
     "p3":44},
    {"p1":14,
     "p2":82,
     "p3":83},
    {"p1":14,
     "p2":81,
     "p3":82},
    {"p1":90,
     "p2":91,
     "p3":93},
    {"p1":91,
     "p2":92,
     "p3":93},
    {"p1":6,
     "p2":88,
     "p3":93},
    {"p1":23,
     "p2":24,
     "p3":73},
    {"p1":20,
     "p2":22,
     "p3":23},
    {"p1":20,
     "p2":23,
     "p3":75},
    {"p1":24,
     "p2":25,
     "p3":73},
    {"p1":63,
     "p2":72,
     "p3":73},
    {"p1":69,
     "p2":70,
     "p3":72},
    {"p1":70,
     "p2":71,
     "p3":72},
    {"p1":97,
     "p2":99,
     "p3":100},
    {"p1":0,
     "p2":1,
     "p3":95},
    {"p1":50,
     "p2":51,
     "p3":52},
    {"p1":49,
     "p2":50,
     "p3":52},
    {"p1":20,
     "p2":21,
     "p3":22},
    {"p1":17,
     "p2":19,
     "p3":75},
    {"p1":19,
     "p2":20,
     "p3":75},
    {"p1":14,
     "p2":83,
     "p3":84},
    {"p1":4,
     "p2":5,
     "p3":94},
    {"p1":5,
     "p2":93,
     "p3":94},
    {"p1":5,
     "p2":6,
     "p3":93},
    {"p1":89,
     "p2":90,
     "p3":93},
    {"p1":88,
     "p2":89,
     "p3":93},
    {"p1":23,
     "p2":73,
     "p3":74},
    {"p1":23,
     "p2":74,
     "p3":75},
    {"p1":41,
     "p2":44,
     "p3":45},
    {"p1":41,
     "p2":42,
     "p3":44},
    {"p1":34,
     "p2":35,
     "p3":61},
    {"p1":52,
     "p2":53,
     "p3":61},
    {"p1":96,
     "p2":97,
     "p3":100},
    {"p1":0,
     "p2":96,
     "p3":100},
    {"p1":0,
     "p2":95,
     "p3":96},
    {"p1":54,
     "p2":55,
     "p3":56},
    {"p1":54,
     "p2":56,
     "p3":57},
    {"p1":16,
     "p2":79,
     "p3":81},
    {"p1":16,
     "p2":78,
     "p3":79},
    {"p1":16,
     "p2":17,
     "p3":75},
    {"p1":16,
     "p2":75,
     "p3":76},
    {"p1":13,
     "p2":84,
     "p3":85},
    {"p1":13,
     "p2":14,
     "p3":84},
    {"p1":17,
     "p2":18,
     "p3":19},
    {"p1":8,
     "p2":85,
     "p3":86},
    {"p1":8,
     "p2":13,
     "p3":85},
    {"p1":8,
     "p2":9,
     "p3":10},
    {"p1":8,
     "p2":10,
     "p3":13},
    {"p1":8,
     "p2":87,
     "p3":88},
    {"p1":8,
     "p2":86,
     "p3":87},
    {"p1":25,
     "p2":26,
     "p3":73},
    {"p1":32,
     "p2":33,
     "p3":63},
    {"p1":67,
     "p2":68,
     "p3":69},
    {"p1":67,
     "p2":69,
     "p3":72},
    {"p1":63,
     "p2":64,
     "p3":72},
    {"p1":64,
     "p2":65,
     "p3":72},
    {"p1":57,
     "p2":58,
     "p3":60},
    {"p1":54,
     "p2":57,
     "p3":60},
    {"p1":53,
     "p2":60,
     "p3":61},
    {"p1":53,
     "p2":54,
     "p3":60},
    {"p1":79,
     "p2":80,
     "p3":81},
    {"p1":16,
     "p2":77,
     "p3":78},
    {"p1":16,
     "p2":76,
     "p3":77},
    {"p1":14,
     "p2":15,
     "p3":81},
    {"p1":15,
     "p2":16,
     "p3":81},
    {"p1":10,
     "p2":11,
     "p3":13},
    {"p1":1,
     "p2":2,
     "p3":95},
    {"p1":6,
     "p2":7,
     "p3":88},
    {"p1":7,
     "p2":8,
     "p3":88},
    {"p1":31,
     "p2":32,
     "p3":63},
    {"p1":33,
     "p2":62,
     "p3":63},
    {"p1":33,
     "p2":34,
     "p3":62},
    {"p1":34,
     "p2":61,
     "p3":62},
    {"p1":35,
     "p2":36,
     "p3":61},
    {"p1":40,
     "p2":46,
     "p3":49},
    {"p1":40,
     "p2":45,
     "p3":46},
    {"p1":40,
     "p2":41,
     "p3":45},
    {"p1":65,
     "p2":66,
     "p3":72},
    {"p1":66,
     "p2":67,
     "p3":72},
    {"p1":58,
     "p2":59,
     "p3":60},
    {"p1":11,
     "p2":12,
     "p3":13},
    {"p1":3,
     "p2":4,
     "p3":94},
    {"p1":3,
     "p2":94,
     "p3":95},
    {"p1":2,
     "p2":3,
     "p3":95},
    {"p1":37,
     "p2":38,
     "p3":61},
    {"p1":36,
     "p2":37,
     "p3":61},
    {"p1":38,
     "p2":39,
     "p3":61},
    {"p1":39,
     "p2":52,
     "p3":61},
    {"p1":39,
     "p2":49,
     "p3":52},
    {"p1":39,
     "p2":40,
     "p3":49},
    {"p1":26,
     "p2":27,
     "p3":73},
    {"p1":27,
     "p2":28,
     "p3":73},
    {"p1":30,
     "p2":31,
     "p3":63},
    {"p1":29,
     "p2":30,
     "p3":63},
    {"p1":29,
     "p2":63,
     "p3":73},
    {"p1":28,
     "p2":29,
     "p3":73}]
}