{"points":[
    {"x":0.026258,
     "y":0.2407},
    {"x":0.030635,
     "y":0.26258},
    {"x":0.037199,
     "y":0.28446},
    {"x":0.056893,
     "y":0.29978},
    {"x":0.078775,
     "y":0.30416},
    {"x":0.10066,
     "y":0.30853},
    {"x":0.12254,
     "y":0.3151},
    {"x":0.14442,
     "y":0.31947},
    {"x":0.1663,
     "y":0.32385},
    {"x":0.18818,
     "y":0.32823},
    {"x":0.21007,
     "y":0.3326},
    {"x":0.23195,
     "y":0.33698},
    {"x":0.25383,
     "y":0.34136},
    {"x":0.27571,
     "y":0.34573},
    {"x":0.29759,
     "y":0.34792},
    {"x":0.31947,
     "y":0.3523},
    {"x":0.34136,
     "y":0.36543},
    {"x":0.35886,
     "y":0.38731},
    {"x":0.37637,
     "y":0.40919},
    {"x":0.39387,
     "y":0.43107},
    {"x":0.41575,
     "y":0.45077},
    {"x":0.43764,
     "y":0.46827},
    {"x":0.45952,
     "y":0.47484},
    {"x":0.4814,
     "y":0.47484},
    {"x":0.50328,
     "y":0.47265},
    {"x":0.52516,
     "y":0.47265},
    {"x":0.54705,
     "y":0.47046},
    {"x":0.56893,
     "y":0.47046},
    {"x":0.59081,
     "y":0.47046},
    {"x":0.61269,
     "y":0.46827},
    {"x":0.63457,
     "y":0.46608},
    {"x":0.65646,
     "y":0.46608},
    {"x":0.67834,
     "y":0.46389},
    {"x":0.70022,
     "y":0.46171},
    {"x":0.7221,
     "y":0.45952},
    {"x":0.74398,
     "y":0.45733},
    {"x":0.76586,
     "y":0.45514},
    {"x":0.78775,
     "y":0.45077},
    {"x":0.80963,
     "y":0.44858},
    {"x":0.83151,
     "y":0.44639},
    {"x":0.85339,
     "y":0.4442},
    {"x":0.87527,
     "y":0.43545},
    {"x":0.89716,
     "y":0.42013},
    {"x":0.91685,
     "y":0.39825},
    {"x":0.93435,
     "y":0.37637},
    {"x":0.94967,
     "y":0.35449},
    {"x":0.9628,
     "y":0.3326},
    {"x":0.97593,
     "y":0.31072},
    {"x":0.98687,
     "y":0.28884},
    {"x":0.99562,
     "y":0.26696},
    {"x":0.99781,
     "y":0.24508},
    {"x":0.99781,
     "y":0.22319},
    {"x":0.99344,
     "y":0.20131},
    {"x":1,
     "y":0.17943},
    {"x":0.99562,
     "y":0.15755},
    {"x":0.97593,
     "y":0.14442},
    {"x":0.9628,
     "y":0.12254},
    {"x":0.94967,
     "y":0.10066},
    {"x":0.92998,
     "y":0.080963},
    {"x":0.9081,
     "y":0.07221},
    {"x":0.88621,
     "y":0.070022},
    {"x":0.86433,
     "y":0.074398},
    {"x":0.84245,
     "y":0.091904},
    {"x":0.82713,
     "y":0.1116},
    {"x":0.80525,
     "y":0.1116},
    {"x":0.78337,
     "y":0.10722},
    {"x":0.76149,
     "y":0.10284},
    {"x":0.73961,
     "y":0.10066},
    {"x":0.71772,
     "y":0.098468},
    {"x":0.69584,
     "y":0.09628},
    {"x":0.67396,
     "y":0.091904},
    {"x":0.65208,
     "y":0.089716},
    {"x":0.6302,
     "y":0.085339},
    {"x":0.60832,
     "y":0.080963},
    {"x":0.59081,
     "y":0.061269},
    {"x":0.57768,
     "y":0.039387},
    {"x":0.55799,
     "y":0.017505},
    {"x":0.53611,
     "y":0.0065646},
    {"x":0.51422,
     "y":0},
    {"x":0.49234,
     "y":0},
    {"x":0.47046,
     "y":0.0065646},
    {"x":0.44858,
     "y":0.019694},
    {"x":0.43326,
     "y":0.041575},
    {"x":0.42013,
     "y":0.061269},
    {"x":0.39825,
     "y":0.061269},
    {"x":0.37637,
     "y":0.059081},
    {"x":0.35449,
     "y":0.061269},
    {"x":0.3326,
     "y":0.063457},
    {"x":0.31072,
     "y":0.067834},
    {"x":0.28884,
     "y":0.07221},
    {"x":0.26696,
     "y":0.076586},
    {"x":0.24508,
     "y":0.083151},
    {"x":0.22319,
     "y":0.087527},
    {"x":0.20131,
     "y":0.085339},
    {"x":0.17943,
     "y":0.078775},
    {"x":0.15755,
     "y":0.078775},
    {"x":0.13567,
     "y":0.085339},
    {"x":0.11379,
     "y":0.10284},
    {"x":0.094092,
     "y":0.12035},
    {"x":0.07221,
     "y":0.12473},
    {"x":0.050328,
     "y":0.13567},
    {"x":0.030635,
     "y":0.15536},
    {"x":0.013129,
     "y":0.17724},
    {"x":0,
     "y":0.19912},
    {"x":0.0043764,
     "y":0.22101},
    {"x":0.026258,
     "y":0.23851},
    {"x":0.026258,
     "y":0.2407}],
 "triangles":[
    {"p1":16,
     "p2":73,
     "p3":83},
    {"p1":16,
     "p2":17,
     "p3":73},
    {"p1":48,
     "p2":49,
     "p3":50},
    {"p1":50,
     "p2":51,
     "p3":52},
    {"p1":48,
     "p2":50,
     "p3":52},
    {"p1":100,
     "p2":101,
     "p3":105},
    {"p1":101,
     "p2":102,
     "p3":105},
    {"p1":5,
     "p2":6,
     "p3":98},
    {"p1":5,
     "p2":98,
     "p3":105},
    {"p1":1,
     "p2":2,
     "p3":3},
    {"p1":102,
     "p2":103,
     "p3":104},
    {"p1":102,
     "p2":104,
     "p3":105},
    {"p1":15,
     "p2":16,
     "p3":83},
    {"p1":6,
     "p2":7,
     "p3":98},
    {"p1":20,
     "p2":21,
     "p3":22},
    {"p1":73,
     "p2":74,
     "p3":83},
    {"p1":57,
     "p2":58,
     "p3":59},
    {"p1":53,
     "p2":54,
     "p3":55},
    {"p1":52,
     "p2":53,
     "p3":55},
    {"p1":14,
     "p2":15,
     "p3":88},
    {"p1":39,
     "p2":41,
     "p3":42},
    {"p1":39,
     "p2":40,
     "p3":41},
    {"p1":1,
     "p2":3,
     "p3":4},
    {"p1":4,
     "p2":5,
     "p3":105},
    {"p1":1,
     "p2":4,
     "p3":105},
    {"p1":0,
     "p2":1,
     "p3":105},
    {"p1":39,
     "p2":42,
     "p3":43},
    {"p1":7,
     "p2":8,
     "p3":98},
    {"p1":75,
     "p2":76,
     "p3":77},
    {"p1":20,
     "p2":22,
     "p3":23},
    {"p1":17,
     "p2":26,
     "p3":73},
    {"p1":26,
     "p2":27,
     "p3":73},
    {"p1":60,
     "p2":61,
     "p3":62},
    {"p1":57,
     "p2":59,
     "p3":62},
    {"p1":59,
     "p2":60,
     "p3":62},
    {"p1":95,
     "p2":96,
     "p3":97},
    {"p1":99,
     "p2":100,
     "p3":105},
    {"p1":98,
     "p2":99,
     "p3":105},
    {"p1":37,
     "p2":64,
     "p3":65},
    {"p1":36,
     "p2":37,
     "p3":65},
    {"p1":37,
     "p2":38,
     "p3":64},
    {"p1":38,
     "p2":44,
     "p3":64},
    {"p1":38,
     "p2":43,
     "p3":44},
    {"p1":38,
     "p2":39,
     "p3":43},
    {"p1":30,
     "p2":70,
     "p3":71},
    {"p1":29,
     "p2":30,
     "p3":71},
    {"p1":30,
     "p2":31,
     "p3":70},
    {"p1":31,
     "p2":32,
     "p3":69},
    {"p1":31,
     "p2":69,
     "p3":70},
    {"p1":27,
     "p2":28,
     "p3":73},
    {"p1":44,
     "p2":45,
     "p3":64},
    {"p1":75,
     "p2":77,
     "p3":82},
    {"p1":74,
     "p2":82,
     "p3":83},
    {"p1":74,
     "p2":75,
     "p3":82},
    {"p1":15,
     "p2":87,
     "p3":88},
    {"p1":77,
     "p2":80,
     "p3":82},
    {"p1":10,
     "p2":11,
     "p3":92},
    {"p1":9,
     "p2":10,
     "p3":92},
    {"p1":8,
     "p2":9,
     "p3":92},
    {"p1":32,
     "p2":33,
     "p3":69},
    {"p1":33,
     "p2":68,
     "p3":69},
    {"p1":33,
     "p2":34,
     "p3":68},
    {"p1":34,
     "p2":67,
     "p3":68},
    {"p1":29,
     "p2":71,
     "p3":72},
    {"p1":28,
     "p2":72,
     "p3":73},
    {"p1":28,
     "p2":29,
     "p3":72},
    {"p1":19,
     "p2":20,
     "p3":24},
    {"p1":20,
     "p2":23,
     "p3":24},
    {"p1":45,
     "p2":63,
     "p3":64},
    {"p1":45,
     "p2":46,
     "p3":63},
    {"p1":46,
     "p2":47,
     "p3":63},
    {"p1":47,
     "p2":48,
     "p3":63},
    {"p1":48,
     "p2":52,
     "p3":63},
    {"p1":52,
     "p2":55,
     "p3":63},
    {"p1":55,
     "p2":56,
     "p3":63},
    {"p1":57,
     "p2":62,
     "p3":63},
    {"p1":56,
     "p2":57,
     "p3":63},
    {"p1":15,
     "p2":83,
     "p3":84},
    {"p1":94,
     "p2":95,
     "p3":97},
    {"p1":80,
     "p2":81,
     "p3":82},
    {"p1":36,
     "p2":65,
     "p3":66},
    {"p1":18,
     "p2":24,
     "p3":25},
    {"p1":17,
     "p2":18,
     "p3":26},
    {"p1":18,
     "p2":25,
     "p3":26},
    {"p1":18,
     "p2":19,
     "p3":24},
    {"p1":13,
     "p2":14,
     "p3":90},
    {"p1":93,
     "p2":94,
     "p3":97},
    {"p1":93,
     "p2":97,
     "p3":98},
    {"p1":8,
     "p2":93,
     "p3":98},
    {"p1":8,
     "p2":92,
     "p3":93},
    {"p1":15,
     "p2":86,
     "p3":87},
    {"p1":15,
     "p2":84,
     "p3":86},
    {"p1":84,
     "p2":85,
     "p3":86},
    {"p1":35,
     "p2":36,
     "p3":66},
    {"p1":35,
     "p2":66,
     "p3":67},
    {"p1":34,
     "p2":35,
     "p3":67},
    {"p1":14,
     "p2":88,
     "p3":89},
    {"p1":14,
     "p2":89,
     "p3":90},
    {"p1":11,
     "p2":12,
     "p3":91},
    {"p1":11,
     "p2":91,
     "p3":92},
    {"p1":12,
     "p2":13,
     "p3":91},
    {"p1":13,
     "p2":90,
     "p3":91},
    {"p1":78,
     "p2":79,
     "p3":80},
    {"p1":77,
     "p2":78,
     "p3":80}]
}