{"points":[
    {"x":0.056497,
     "y":0.19774},
    {"x":0.073446,
     "y":0.22034},
    {"x":0.096045,
     "y":0.22599},
    {"x":0.11864,
     "y":0.22599},
    {"x":0.14124,
     "y":0.22881},
    {"x":0.16384,
     "y":0.23164},
    {"x":0.18644,
     "y":0.23446},
    {"x":0.20904,
     "y":0.23729},
    {"x":0.23164,
     "y":0.23729},
    {"x":0.24011,
     "y":0.25424},
    {"x":0.25424,
     "y":0.27119},
    {"x":0.27684,
     "y":0.27966},
    {"x":0.29944,
     "y":0.27966},
    {"x":0.32203,
     "y":0.29661},
    {"x":0.34463,
     "y":0.31638},
    {"x":0.36723,
     "y":0.33898},
    {"x":0.38983,
     "y":0.35593},
    {"x":0.41243,
     "y":0.36441},
    {"x":0.43503,
     "y":0.37006},
    {"x":0.45763,
     "y":0.36723},
    {"x":0.48023,
     "y":0.37006},
    {"x":0.50282,
     "y":0.37288},
    {"x":0.52542,
     "y":0.37571},
    {"x":0.54802,
     "y":0.37571},
    {"x":0.57062,
     "y":0.37571},
    {"x":0.59322,
     "y":0.37571},
    {"x":0.61582,
     "y":0.37571},
    {"x":0.63842,
     "y":0.37571},
    {"x":0.66102,
     "y":0.37571},
    {"x":0.68362,
     "y":0.37288},
    {"x":0.70621,
     "y":0.37006},
    {"x":0.72881,
     "y":0.36723},
    {"x":0.75141,
     "y":0.36723},
    {"x":0.77401,
     "y":0.36441},
    {"x":0.79661,
     "y":0.35311},
    {"x":0.81921,
     "y":0.33616},
    {"x":0.83898,
     "y":0.31356},
    {"x":0.85876,
     "y":0.29096},
    {"x":0.87571,
     "y":0.26836},
    {"x":0.89831,
     "y":0.24859},
    {"x":0.9209,
     "y":0.24576},
    {"x":0.9435,
     "y":0.24576},
    {"x":0.9661,
     "y":0.24294},
    {"x":0.98305,
     "y":0.22034},
    {"x":0.99435,
     "y":0.19774},
    {"x":1,
     "y":0.17514},
    {"x":0.99718,
     "y":0.15254},
    {"x":0.99718,
     "y":0.12994},
    {"x":0.99718,
     "y":0.10734},
    {"x":0.9774,
     "y":0.084746},
    {"x":0.9548,
     "y":0.076271},
    {"x":0.9322,
     "y":0.070621},
    {"x":0.91808,
     "y":0.053672},
    {"x":0.90395,
     "y":0.033898},
    {"x":0.88136,
     "y":0.028249},
    {"x":0.85876,
     "y":0.028249},
    {"x":0.83616,
     "y":0.031073},
    {"x":0.81638,
     "y":0.045198},
    {"x":0.79379,
     "y":0.053672},
    {"x":0.77119,
     "y":0.053672},
    {"x":0.74859,
     "y":0.053672},
    {"x":0.72599,
     "y":0.050847},
    {"x":0.70339,
     "y":0.048023},
    {"x":0.68079,
     "y":0.048023},
    {"x":0.65819,
     "y":0.045198},
    {"x":0.63559,
     "y":0.045198},
    {"x":0.61299,
     "y":0.042373},
    {"x":0.5904,
     "y":0.039548},
    {"x":0.5678,
     "y":0.031073},
    {"x":0.5452,
     "y":0.016949},
    {"x":0.52542,
     "y":0.0028249},
    {"x":0.50282,
     "y":0},
    {"x":0.48023,
     "y":0},
    {"x":0.45763,
     "y":0},
    {"x":0.43503,
     "y":0.0028249},
    {"x":0.41525,
     "y":0.011299},
    {"x":0.40678,
     "y":0.033898},
    {"x":0.38418,
     "y":0.036723},
    {"x":0.36158,
     "y":0.033898},
    {"x":0.33898,
     "y":0.033898},
    {"x":0.31638,
     "y":0.033898},
    {"x":0.29379,
     "y":0.033898},
    {"x":0.27119,
     "y":0.033898},
    {"x":0.24859,
     "y":0.033898},
    {"x":0.22599,
     "y":0.036723},
    {"x":0.20621,
     "y":0.025424},
    {"x":0.18644,
     "y":0.0056497},
    {"x":0.16384,
     "y":0},
    {"x":0.14124,
     "y":0},
    {"x":0.11864,
     "y":0.0028249},
    {"x":0.096045,
     "y":0.011299},
    {"x":0.073446,
     "y":0.025424},
    {"x":0.056497,
     "y":0.045198},
    {"x":0.033898,
     "y":0.050847},
    {"x":0.014124,
     "y":0.059322},
    {"x":0.0084746,
     "y":0.081921},
    {"x":0,
     "y":0.10452},
    {"x":0.0028249,
     "y":0.12712},
    {"x":0.022599,
     "y":0.13842},
    {"x":0.031073,
     "y":0.16102},
    {"x":0.039548,
     "y":0.18362},
    {"x":0.056497,
     "y":0.19774}],
 "triangles":[
    {"p1":47,
     "p2":48,
     "p3":49},
    {"p1":47,
     "p2":49,
     "p3":50},
    {"p1":96,
     "p2":97,
     "p3":98},
    {"p1":69,
     "p2":70,
     "p3":71},
    {"p1":8,
     "p2":80,
     "p3":81},
    {"p1":8,
     "p2":79,
     "p3":80},
    {"p1":13,
     "p2":76,
     "p3":77},
    {"p1":38,
     "p2":39,
     "p3":58},
    {"p1":0,
     "p2":99,
     "p3":100},
    {"p1":32,
     "p2":33,
     "p3":34},
    {"p1":32,
     "p2":34,
     "p3":35},
    {"p1":68,
     "p2":69,
     "p3":76},
    {"p1":19,
     "p2":68,
     "p3":76},
    {"p1":22,
     "p2":23,
     "p3":67},
    {"p1":9,
     "p2":10,
     "p3":11},
    {"p1":0,
     "p2":1,
     "p3":2},
    {"p1":7,
     "p2":8,
     "p3":84},
    {"p1":0,
     "p2":92,
     "p3":99},
    {"p1":92,
     "p2":98,
     "p3":99},
    {"p1":12,
     "p2":13,
     "p3":77},
    {"p1":8,
     "p2":12,
     "p3":79},
    {"p1":8,
     "p2":9,
     "p3":12},
    {"p1":9,
     "p2":11,
     "p3":12},
    {"p1":37,
     "p2":38,
     "p3":60},
    {"p1":13,
     "p2":14,
     "p3":76},
    {"p1":14,
     "p2":19,
     "p3":76},
    {"p1":69,
     "p2":71,
     "p3":72},
    {"p1":69,
     "p2":72,
     "p3":76},
    {"p1":74,
     "p2":75,
     "p3":76},
    {"p1":40,
     "p2":43,
     "p3":44},
    {"p1":95,
     "p2":96,
     "p3":98},
    {"p1":93,
     "p2":94,
     "p3":95},
    {"p1":92,
     "p2":95,
     "p3":98},
    {"p1":92,
     "p2":93,
     "p3":95},
    {"p1":36,
     "p2":37,
     "p3":60},
    {"p1":27,
     "p2":28,
     "p3":63},
    {"p1":27,
     "p2":63,
     "p3":64},
    {"p1":28,
     "p2":29,
     "p3":63},
    {"p1":30,
     "p2":62,
     "p3":63},
    {"p1":29,
     "p2":30,
     "p3":63},
    {"p1":19,
     "p2":20,
     "p3":68},
    {"p1":23,
     "p2":24,
     "p3":67},
    {"p1":24,
     "p2":66,
     "p3":67},
    {"p1":24,
     "p2":25,
     "p3":66},
    {"p1":4,
     "p2":5,
     "p3":84},
    {"p1":5,
     "p2":6,
     "p3":84},
    {"p1":6,
     "p2":7,
     "p3":84},
    {"p1":17,
     "p2":18,
     "p3":19},
    {"p1":39,
     "p2":40,
     "p3":51},
    {"p1":30,
     "p2":61,
     "p3":62},
    {"p1":38,
     "p2":58,
     "p3":59},
    {"p1":38,
     "p2":59,
     "p3":60},
    {"p1":14,
     "p2":15,
     "p3":19},
    {"p1":15,
     "p2":17,
     "p3":19},
    {"p1":15,
     "p2":16,
     "p3":17},
    {"p1":73,
     "p2":74,
     "p3":76},
    {"p1":72,
     "p2":73,
     "p3":76},
    {"p1":12,
     "p2":78,
     "p3":79},
    {"p1":12,
     "p2":77,
     "p3":78},
    {"p1":41,
     "p2":42,
     "p3":43},
    {"p1":40,
     "p2":41,
     "p3":43},
    {"p1":44,
     "p2":45,
     "p3":46},
    {"p1":40,
     "p2":44,
     "p3":46},
    {"p1":40,
     "p2":46,
     "p3":51},
    {"p1":46,
     "p2":47,
     "p3":50},
    {"p1":46,
     "p2":50,
     "p3":51},
    {"p1":21,
     "p2":67,
     "p3":68},
    {"p1":20,
     "p2":21,
     "p3":68},
    {"p1":21,
     "p2":22,
     "p3":67},
    {"p1":0,
     "p2":2,
     "p3":3},
    {"p1":0,
     "p2":3,
     "p3":92},
    {"p1":8,
     "p2":83,
     "p3":84},
    {"p1":85,
     "p2":90,
     "p3":92},
    {"p1":4,
     "p2":84,
     "p3":85},
    {"p1":85,
     "p2":88,
     "p3":89},
    {"p1":85,
     "p2":89,
     "p3":90},
    {"p1":3,
     "p2":85,
     "p3":92},
    {"p1":3,
     "p2":4,
     "p3":85},
    {"p1":90,
     "p2":91,
     "p3":92},
    {"p1":55,
     "p2":56,
     "p3":57},
    {"p1":39,
     "p2":57,
     "p3":58},
    {"p1":39,
     "p2":51,
     "p3":57},
    {"p1":31,
     "p2":36,
     "p3":60},
    {"p1":31,
     "p2":60,
     "p3":61},
    {"p1":30,
     "p2":31,
     "p3":61},
    {"p1":31,
     "p2":32,
     "p3":35},
    {"p1":31,
     "p2":35,
     "p3":36},
    {"p1":25,
     "p2":26,
     "p3":65},
    {"p1":25,
     "p2":65,
     "p3":66},
    {"p1":26,
     "p2":27,
     "p3":65},
    {"p1":27,
     "p2":64,
     "p3":65},
    {"p1":8,
     "p2":81,
     "p3":82},
    {"p1":8,
     "p2":82,
     "p3":83},
    {"p1":85,
     "p2":87,
     "p3":88},
    {"p1":85,
     "p2":86,
     "p3":87},
    {"p1":52,
     "p2":55,
     "p3":57},
    {"p1":51,
     "p2":52,
     "p3":57},
    {"p1":52,
     "p2":54,
     "p3":55},
    {"p1":52,
     "p2":53,
     "p3":54}]
}