{"points":[
    {"x":0.0091533,
     "y":0.17391},
    {"x":0.020595,
     "y":0.19451},
    {"x":0.04119,
     "y":0.20824},
    {"x":0.061785,
     "y":0.2151},
    {"x":0.08238,
     "y":0.22197},
    {"x":0.10297,
     "y":0.22883},
    {"x":0.12357,
     "y":0.23341},
    {"x":0.14416,
     "y":0.24027},
    {"x":0.16476,
     "y":0.24256},
    {"x":0.18535,
     "y":0.24714},
    {"x":0.20595,
     "y":0.25172},
    {"x":0.22654,
     "y":0.254},
    {"x":0.24714,
     "y":0.25858},
    {"x":0.26773,
     "y":0.26087},
    {"x":0.28833,
     "y":0.2746},
    {"x":0.30664,
     "y":0.29519},
    {"x":0.32723,
     "y":0.3135},
    {"x":0.34783,
     "y":0.33181},
    {"x":0.36842,
     "y":0.34554},
    {"x":0.38902,
     "y":0.35927},
    {"x":0.40961,
     "y":0.36613},
    {"x":0.43021,
     "y":0.36842},
    {"x":0.4508,
     "y":0.37071},
    {"x":0.4714,
     "y":0.373},
    {"x":0.49199,
     "y":0.37529},
    {"x":0.51259,
     "y":0.37529},
    {"x":0.53318,
     "y":0.37757},
    {"x":0.55378,
     "y":0.37529},
    {"x":0.57437,
     "y":0.37757},
    {"x":0.59497,
     "y":0.37529},
    {"x":0.61556,
     "y":0.37529},
    {"x":0.63616,
     "y":0.373},
    {"x":0.65675,
     "y":0.373},
    {"x":0.67735,
     "y":0.37071},
    {"x":0.69794,
     "y":0.36842},
    {"x":0.71854,
     "y":0.36613},
    {"x":0.73913,
     "y":0.36156},
    {"x":0.75973,
     "y":0.35698},
    {"x":0.78032,
     "y":0.3524},
    {"x":0.80092,
     "y":0.34325},
    {"x":0.82151,
     "y":0.33181},
    {"x":0.84211,
     "y":0.3135},
    {"x":0.8627,
     "y":0.29291},
    {"x":0.8833,
     "y":0.27231},
    {"x":0.9016,
     "y":0.25172},
    {"x":0.9222,
     "y":0.2357},
    {"x":0.94279,
     "y":0.22654},
    {"x":0.96339,
     "y":0.21739},
    {"x":0.98169,
     "y":0.19908},
    {"x":0.98856,
     "y":0.17849},
    {"x":0.99085,
     "y":0.15789},
    {"x":1,
     "y":0.1373},
    {"x":0.99314,
     "y":0.1167},
    {"x":0.97254,
     "y":0.10526},
    {"x":0.95195,
     "y":0.098398},
    {"x":0.93135,
     "y":0.091533},
    {"x":0.91991,
     "y":0.070938},
    {"x":0.90389,
     "y":0.052632},
    {"x":0.8833,
     "y":0.048055},
    {"x":0.8627,
     "y":0.05492},
    {"x":0.84211,
     "y":0.061785},
    {"x":0.82151,
     "y":0.057208},
    {"x":0.80092,
     "y":0.052632},
    {"x":0.78032,
     "y":0.050343},
    {"x":0.75973,
     "y":0.050343},
    {"x":0.73913,
     "y":0.050343},
    {"x":0.71854,
     "y":0.045767},
    {"x":0.69794,
     "y":0.045767},
    {"x":0.67735,
     "y":0.045767},
    {"x":0.65675,
     "y":0.043478},
    {"x":0.63616,
     "y":0.043478},
    {"x":0.61556,
     "y":0.043478},
    {"x":0.60183,
     "y":0.022883},
    {"x":0.58352,
     "y":0.006865},
    {"x":0.56293,
     "y":0},
    {"x":0.54233,
     "y":0},
    {"x":0.52174,
     "y":0.0091533},
    {"x":0.50114,
     "y":0.020595},
    {"x":0.48055,
     "y":0.020595},
    {"x":0.45995,
     "y":0.020595},
    {"x":0.43936,
     "y":0.020595},
    {"x":0.41876,
     "y":0.020595},
    {"x":0.39817,
     "y":0.020595},
    {"x":0.37757,
     "y":0.020595},
    {"x":0.35698,
     "y":0.020595},
    {"x":0.33638,
     "y":0.020595},
    {"x":0.31579,
     "y":0.020595},
    {"x":0.29519,
     "y":0.020595},
    {"x":0.2746,
     "y":0.025172},
    {"x":0.254,
     "y":0.02746},
    {"x":0.23341,
     "y":0.032037},
    {"x":0.21281,
     "y":0.032037},
    {"x":0.19222,
     "y":0.016018},
    {"x":0.17162,
     "y":0.011442},
    {"x":0.15103,
     "y":0.016018},
    {"x":0.13043,
     "y":0.029748},
    {"x":0.10984,
     "y":0.045767},
    {"x":0.089245,
     "y":0.048055},
    {"x":0.06865,
     "y":0.052632},
    {"x":0.048055,
     "y":0.061785},
    {"x":0.029748,
     "y":0.08238},
    {"x":0.0091533,
     "y":0.091533},
    {"x":0,
     "y":0.10984},
    {"x":0.011442,
     "y":0.12815},
    {"x":0.01373,
     "y":0.14874},
    {"x":0.0091533,
     "y":0.16934},
    {"x":0.0091533,
     "y":0.17391}],
 "triangles":[
    {"p1":0,
     "p2":1,
     "p3":105},
    {"p1":71,
     "p2":76,
     "p3":77},
    {"p1":74,
     "p2":75,
     "p3":76},
    {"p1":25,
     "p2":71,
     "p3":77},
    {"p1":1,
     "p2":104,
     "p3":105},
    {"p1":1,
     "p2":2,
     "p3":104},
    {"p1":13,
     "p2":86,
     "p3":88},
    {"p1":13,
     "p2":85,
     "p3":86},
    {"p1":13,
     "p2":84,
     "p3":85},
    {"p1":13,
     "p2":14,
     "p3":84},
    {"p1":14,
     "p2":83,
     "p3":84},
    {"p1":39,
     "p2":41,
     "p3":65},
    {"p1":41,
     "p2":42,
     "p3":65},
    {"p1":9,
     "p2":10,
     "p3":91},
    {"p1":22,
     "p2":78,
     "p3":79},
    {"p1":23,
     "p2":77,
     "p3":78},
    {"p1":22,
     "p2":23,
     "p3":78},
    {"p1":18,
     "p2":21,
     "p3":79},
    {"p1":21,
     "p2":22,
     "p3":79},
    {"p1":23,
     "p2":24,
     "p3":77},
    {"p1":24,
     "p2":25,
     "p3":77},
    {"p1":4,
     "p2":5,
     "p3":96},
    {"p1":5,
     "p2":6,
     "p3":96},
    {"p1":98,
     "p2":99,
     "p3":100},
    {"p1":86,
     "p2":87,
     "p3":88},
    {"p1":14,
     "p2":82,
     "p3":83},
    {"p1":14,
     "p2":81,
     "p3":82},
    {"p1":17,
     "p2":18,
     "p3":79},
    {"p1":16,
     "p2":17,
     "p3":79},
    {"p1":16,
     "p2":79,
     "p3":80},
    {"p1":16,
     "p2":80,
     "p3":81},
    {"p1":14,
     "p2":15,
     "p3":81},
    {"p1":15,
     "p2":16,
     "p3":81},
    {"p1":36,
     "p2":37,
     "p3":65},
    {"p1":37,
     "p2":38,
     "p3":39},
    {"p1":37,
     "p2":39,
     "p3":65},
    {"p1":56,
     "p2":57,
     "p3":58},
    {"p1":45,
     "p2":46,
     "p3":55},
    {"p1":50,
     "p2":51,
     "p3":52},
    {"p1":50,
     "p2":52,
     "p3":53},
    {"p1":44,
     "p2":45,
     "p3":60},
    {"p1":45,
     "p2":55,
     "p3":60},
    {"p1":39,
     "p2":40,
     "p3":41},
    {"p1":4,
     "p2":96,
     "p3":97},
    {"p1":4,
     "p2":97,
     "p3":104},
    {"p1":97,
     "p2":100,
     "p3":104},
    {"p1":97,
     "p2":98,
     "p3":100},
    {"p1":92,
     "p2":93,
     "p3":94},
    {"p1":91,
     "p2":92,
     "p3":94},
    {"p1":91,
     "p2":94,
     "p3":95},
    {"p1":91,
     "p2":95,
     "p3":96},
    {"p1":8,
     "p2":91,
     "p3":96},
    {"p1":6,
     "p2":7,
     "p3":8},
    {"p1":6,
     "p2":8,
     "p3":96},
    {"p1":8,
     "p2":9,
     "p3":91},
    {"p1":100,
     "p2":103,
     "p3":104},
    {"p1":101,
     "p2":102,
     "p3":103},
    {"p1":100,
     "p2":101,
     "p3":103},
    {"p1":50,
     "p2":53,
     "p3":54},
    {"p1":46,
     "p2":54,
     "p3":55},
    {"p1":42,
     "p2":64,
     "p3":65},
    {"p1":42,
     "p2":63,
     "p3":64},
    {"p1":65,
     "p2":66,
     "p3":67},
    {"p1":36,
     "p2":65,
     "p3":67},
    {"p1":35,
     "p2":36,
     "p3":67},
    {"p1":42,
     "p2":62,
     "p3":63},
    {"p1":42,
     "p2":43,
     "p3":62},
    {"p1":46,
     "p2":47,
     "p3":49},
    {"p1":46,
     "p2":49,
     "p3":54},
    {"p1":49,
     "p2":50,
     "p3":54},
    {"p1":27,
     "p2":29,
     "p3":71},
    {"p1":25,
     "p2":26,
     "p3":27},
    {"p1":25,
     "p2":27,
     "p3":71},
    {"p1":30,
     "p2":31,
     "p3":71},
    {"p1":29,
     "p2":30,
     "p3":71},
    {"p1":33,
     "p2":34,
     "p3":68},
    {"p1":34,
     "p2":35,
     "p3":67},
    {"p1":34,
     "p2":67,
     "p3":68},
    {"p1":13,
     "p2":88,
     "p3":89},
    {"p1":12,
     "p2":13,
     "p3":89},
    {"p1":18,
     "p2":20,
     "p3":21},
    {"p1":18,
     "p2":19,
     "p3":20},
    {"p1":2,
     "p2":3,
     "p3":104},
    {"p1":3,
     "p2":4,
     "p3":104},
    {"p1":71,
     "p2":72,
     "p3":76},
    {"p1":72,
     "p2":74,
     "p3":76},
    {"p1":72,
     "p2":73,
     "p3":74},
    {"p1":31,
     "p2":70,
     "p3":71},
    {"p1":56,
     "p2":58,
     "p3":59},
    {"p1":55,
     "p2":56,
     "p3":59},
    {"p1":55,
     "p2":59,
     "p3":60},
    {"p1":47,
     "p2":48,
     "p3":49},
    {"p1":27,
     "p2":28,
     "p3":29},
    {"p1":10,
     "p2":11,
     "p3":90},
    {"p1":10,
     "p2":90,
     "p3":91},
    {"p1":11,
     "p2":12,
     "p3":90},
    {"p1":12,
     "p2":89,
     "p3":90},
    {"p1":43,
     "p2":61,
     "p3":62},
    {"p1":43,
     "p2":44,
     "p3":61},
    {"p1":44,
     "p2":60,
     "p3":61},
    {"p1":32,
     "p2":69,
     "p3":70},
    {"p1":31,
     "p2":32,
     "p3":70},
    {"p1":32,
     "p2":33,
     "p3":68},
    {"p1":32,
     "p2":68,
     "p3":69}]
}