{"points":[
    {"x":0.025948,
     "y":0.2016},
    {"x":0.031936,
     "y":0.22355},
    {"x":0.051896,
     "y":0.24351},
    {"x":0.073852,
     "y":0.25349},
    {"x":0.095808,
     "y":0.25549},
    {"x":0.11776,
     "y":0.26347},
    {"x":0.12774,
     "y":0.28543},
    {"x":0.14571,
     "y":0.30339},
    {"x":0.16766,
     "y":0.30739},
    {"x":0.18563,
     "y":0.29741},
    {"x":0.17764,
     "y":0.27545},
    {"x":0.19162,
     "y":0.26547},
    {"x":0.21357,
     "y":0.26747},
    {"x":0.23553,
     "y":0.26946},
    {"x":0.25749,
     "y":0.27146},
    {"x":0.27944,
     "y":0.27345},
    {"x":0.3014,
     "y":0.27545},
    {"x":0.32335,
     "y":0.27745},
    {"x":0.34531,
     "y":0.28144},
    {"x":0.36527,
     "y":0.30339},
    {"x":0.38323,
     "y":0.32535},
    {"x":0.40519,
     "y":0.34331},
    {"x":0.42715,
     "y":0.36327},
    {"x":0.4491,
     "y":0.37924},
    {"x":0.47106,
     "y":0.38723},
    {"x":0.49301,
     "y":0.39122},
    {"x":0.51497,
     "y":0.39321},
    {"x":0.53693,
     "y":0.39321},
    {"x":0.55888,
     "y":0.39321},
    {"x":0.58084,
     "y":0.39321},
    {"x":0.60279,
     "y":0.39321},
    {"x":0.62475,
     "y":0.39122},
    {"x":0.64671,
     "y":0.39321},
    {"x":0.66866,
     "y":0.39122},
    {"x":0.69062,
     "y":0.38922},
    {"x":0.71257,
     "y":0.38922},
    {"x":0.73453,
     "y":0.38523},
    {"x":0.75649,
     "y":0.38323},
    {"x":0.77844,
     "y":0.37525},
    {"x":0.8004,
     "y":0.36926},
    {"x":0.82236,
     "y":0.35729},
    {"x":0.84431,
     "y":0.34132},
    {"x":0.86627,
     "y":0.32335},
    {"x":0.88822,
     "y":0.30739},
    {"x":0.91018,
     "y":0.28942},
    {"x":0.93214,
     "y":0.27745},
    {"x":0.95409,
     "y":0.26347},
    {"x":0.97605,
     "y":0.2475},
    {"x":0.98802,
     "y":0.22555},
    {"x":0.99002,
     "y":0.20359},
    {"x":0.99202,
     "y":0.18164},
    {"x":1,
     "y":0.15968},
    {"x":1,
     "y":0.13772},
    {"x":0.98204,
     "y":0.11776},
    {"x":0.96008,
     "y":0.11377},
    {"x":0.93812,
     "y":0.10978},
    {"x":0.92016,
     "y":0.095808},
    {"x":0.91218,
     "y":0.073852},
    {"x":0.8982,
     "y":0.051896},
    {"x":0.87625,
     "y":0.035928},
    {"x":0.85429,
     "y":0.02994},
    {"x":0.83234,
     "y":0.031936},
    {"x":0.81038,
     "y":0.037924},
    {"x":0.78842,
     "y":0.053892},
    {"x":0.77445,
     "y":0.075848},
    {"x":0.75649,
     "y":0.091816},
    {"x":0.73453,
     "y":0.091816},
    {"x":0.71257,
     "y":0.08982},
    {"x":0.69062,
     "y":0.077844},
    {"x":0.66866,
     "y":0.065868},
    {"x":0.64671,
     "y":0.061876},
    {"x":0.62475,
     "y":0.063872},
    {"x":0.60279,
     "y":0.073852},
    {"x":0.58084,
     "y":0.083832},
    {"x":0.55888,
     "y":0.075848},
    {"x":0.5489,
     "y":0.053892},
    {"x":0.53693,
     "y":0.031936},
    {"x":0.51497,
     "y":0.011976},
    {"x":0.49301,
     "y":0.003992},
    {"x":0.47106,
     "y":0},
    {"x":0.4491,
     "y":0.001996},
    {"x":0.42715,
     "y":0.00998},
    {"x":0.40519,
     "y":0.027944},
    {"x":0.39122,
     "y":0.0499},
    {"x":0.37924,
     "y":0.071856},
    {"x":0.35729,
     "y":0.071856},
    {"x":0.33533,
     "y":0.071856},
    {"x":0.31337,
     "y":0.073852},
    {"x":0.29142,
     "y":0.073852},
    {"x":0.26946,
     "y":0.075848},
    {"x":0.2475,
     "y":0.063872},
    {"x":0.22555,
     "y":0.047904},
    {"x":0.20359,
     "y":0.043912},
    {"x":0.18164,
     "y":0.041916},
    {"x":0.15968,
     "y":0.0499},
    {"x":0.13972,
     "y":0.065868},
    {"x":0.11776,
     "y":0.081836},
    {"x":0.095808,
     "y":0.083832},
    {"x":0.073852,
     "y":0.085828},
    {"x":0.053892,
     "y":0.095808},
    {"x":0.033932,
     "y":0.11377},
    {"x":0.011976,
     "y":0.11976},
    {"x":0,
     "y":0.13972},
    {"x":0.00998,
     "y":0.16168},
    {"x":0.027944,
     "y":0.17964},
    {"x":0.025948,
     "y":0.2016},
    {"x":0.025948,
     "y":0.2016}],
 "triangles":[
    {"p1":101,
     "p2":102,
     "p3":103},
    {"p1":15,
     "p2":88,
     "p3":89},
    {"p1":51,
     "p2":52,
     "p3":53},
    {"p1":17,
     "p2":18,
     "p3":85},
    {"p1":14,
     "p2":15,
     "p3":89},
    {"p1":13,
     "p2":14,
     "p3":89},
    {"p1":11,
     "p2":12,
     "p3":89},
    {"p1":12,
     "p2":13,
     "p3":89},
    {"p1":90,
     "p2":91,
     "p3":92},
    {"p1":90,
     "p2":92,
     "p3":95},
    {"p1":11,
     "p2":89,
     "p3":90},
    {"p1":11,
     "p2":90,
     "p3":95},
    {"p1":8,
     "p2":9,
     "p3":10},
    {"p1":7,
     "p2":8,
     "p3":10},
    {"p1":19,
     "p2":21,
     "p3":74},
    {"p1":74,
     "p2":75,
     "p3":83},
    {"p1":31,
     "p2":33,
     "p3":67},
    {"p1":40,
     "p2":41,
     "p3":65},
    {"p1":47,
     "p2":48,
     "p3":49},
    {"p1":97,
     "p2":98,
     "p3":99},
    {"p1":76,
     "p2":77,
     "p3":78},
    {"p1":75,
     "p2":76,
     "p3":78},
    {"p1":75,
     "p2":78,
     "p3":83},
    {"p1":5,
     "p2":10,
     "p3":11},
    {"p1":97,
     "p2":99,
     "p3":104},
    {"p1":2,
     "p2":3,
     "p3":104},
    {"p1":3,
     "p2":4,
     "p3":104},
    {"p1":92,
     "p2":93,
     "p3":94},
    {"p1":92,
     "p2":94,
     "p3":95},
    {"p1":78,
     "p2":79,
     "p3":80},
    {"p1":78,
     "p2":80,
     "p3":83},
    {"p1":15,
     "p2":16,
     "p3":88},
    {"p1":18,
     "p2":84,
     "p3":85},
    {"p1":74,
     "p2":83,
     "p3":84},
    {"p1":18,
     "p2":19,
     "p3":84},
    {"p1":19,
     "p2":74,
     "p3":84},
    {"p1":16,
     "p2":87,
     "p3":88},
    {"p1":16,
     "p2":17,
     "p3":87},
    {"p1":21,
     "p2":25,
     "p3":26},
    {"p1":31,
     "p2":32,
     "p3":33},
    {"p1":19,
     "p2":20,
     "p3":21},
    {"p1":31,
     "p2":67,
     "p3":73},
    {"p1":26,
     "p2":27,
     "p3":73},
    {"p1":21,
     "p2":26,
     "p3":73},
    {"p1":21,
     "p2":73,
     "p3":74},
    {"p1":70,
     "p2":71,
     "p3":72},
    {"p1":68,
     "p2":70,
     "p3":72},
    {"p1":68,
     "p2":72,
     "p3":73},
    {"p1":67,
     "p2":68,
     "p3":73},
    {"p1":42,
     "p2":43,
     "p3":65},
    {"p1":41,
     "p2":42,
     "p3":65},
    {"p1":43,
     "p2":44,
     "p3":65},
    {"p1":44,
     "p2":56,
     "p3":65},
    {"p1":46,
     "p2":47,
     "p3":49},
    {"p1":56,
     "p2":64,
     "p3":65},
    {"p1":56,
     "p2":57,
     "p3":64},
    {"p1":51,
     "p2":53,
     "p3":54},
    {"p1":50,
     "p2":51,
     "p3":54},
    {"p1":4,
     "p2":5,
     "p3":96},
    {"p1":11,
     "p2":95,
     "p3":96},
    {"p1":5,
     "p2":11,
     "p3":96},
    {"p1":96,
     "p2":97,
     "p3":104},
    {"p1":4,
     "p2":96,
     "p3":104},
    {"p1":6,
     "p2":7,
     "p3":10},
    {"p1":5,
     "p2":6,
     "p3":10},
    {"p1":0,
     "p2":1,
     "p3":2},
    {"p1":0,
     "p2":2,
     "p3":104},
    {"p1":99,
     "p2":100,
     "p3":104},
    {"p1":100,
     "p2":101,
     "p3":103},
    {"p1":100,
     "p2":103,
     "p3":104},
    {"p1":80,
     "p2":82,
     "p3":83},
    {"p1":80,
     "p2":81,
     "p3":82},
    {"p1":17,
     "p2":85,
     "p3":86},
    {"p1":17,
     "p2":86,
     "p3":87},
    {"p1":22,
     "p2":24,
     "p3":25},
    {"p1":21,
     "p2":22,
     "p3":25},
    {"p1":22,
     "p2":23,
     "p3":24},
    {"p1":33,
     "p2":34,
     "p3":67},
    {"p1":34,
     "p2":36,
     "p3":67},
    {"p1":36,
     "p2":37,
     "p3":38},
    {"p1":38,
     "p2":39,
     "p3":40},
    {"p1":38,
     "p2":40,
     "p3":65},
    {"p1":29,
     "p2":30,
     "p3":73},
    {"p1":30,
     "p2":31,
     "p3":73},
    {"p1":28,
     "p2":29,
     "p3":73},
    {"p1":27,
     "p2":28,
     "p3":73},
    {"p1":46,
     "p2":49,
     "p3":55},
    {"p1":49,
     "p2":50,
     "p3":55},
    {"p1":45,
     "p2":46,
     "p3":55},
    {"p1":50,
     "p2":54,
     "p3":55},
    {"p1":44,
     "p2":55,
     "p3":56},
    {"p1":44,
     "p2":45,
     "p3":55},
    {"p1":57,
     "p2":61,
     "p3":64},
    {"p1":57,
     "p2":58,
     "p3":61},
    {"p1":58,
     "p2":59,
     "p3":61},
    {"p1":59,
     "p2":60,
     "p3":61},
    {"p1":38,
     "p2":65,
     "p3":66},
    {"p1":36,
     "p2":66,
     "p3":67},
    {"p1":36,
     "p2":38,
     "p3":66},
    {"p1":34,
     "p2":35,
     "p3":36},
    {"p1":61,
     "p2":63,
     "p3":64},
    {"p1":68,
     "p2":69,
     "p3":70},
    {"p1":61,
     "p2":62,
     "p3":63}]
}