{"points":[
    {"x":0.019704,
     "y":0.50246},
    {"x":0.029557,
     "y":0.52709},
    {"x":0.044335,
     "y":0.55172},
    {"x":0.059113,
     "y":0.57635},
    {"x":0.078818,
     "y":0.60099},
    {"x":0.098522,
     "y":0.62069},
    {"x":0.12315,
     "y":0.64039},
    {"x":0.14778,
     "y":0.6601},
    {"x":0.17241,
     "y":0.67488},
    {"x":0.19212,
     "y":0.68966},
    {"x":0.20197,
     "y":0.71429},
    {"x":0.2266,
     "y":0.71921},
    {"x":0.25123,
     "y":0.71921},
    {"x":0.27586,
     "y":0.71429},
    {"x":0.30049,
     "y":0.71921},
    {"x":0.31034,
     "y":0.73892},
    {"x":0.31034,
     "y":0.76355},
    {"x":0.29557,
     "y":0.78325},
    {"x":0.27094,
     "y":0.79803},
    {"x":0.24631,
     "y":0.80788},
    {"x":0.22167,
     "y":0.82759},
    {"x":0.21182,
     "y":0.85222},
    {"x":0.20197,
     "y":0.87685},
    {"x":0.20197,
     "y":0.90148},
    {"x":0.21182,
     "y":0.92611},
    {"x":0.2266,
     "y":0.95074},
    {"x":0.24631,
     "y":0.97537},
    {"x":0.27094,
     "y":0.98522},
    {"x":0.29557,
     "y":0.99015},
    {"x":0.3202,
     "y":1},
    {"x":0.34483,
     "y":1},
    {"x":0.36946,
     "y":1},
    {"x":0.39409,
     "y":1},
    {"x":0.41872,
     "y":1},
    {"x":0.44335,
     "y":0.99015},
    {"x":0.46798,
     "y":0.9803},
    {"x":0.49261,
     "y":0.96059},
    {"x":0.50739,
     "y":0.94089},
    {"x":0.51724,
     "y":0.91626},
    {"x":0.52217,
     "y":0.89163},
    {"x":0.51724,
     "y":0.867},
    {"x":0.50739,
     "y":0.84236},
    {"x":0.48768,
     "y":0.82266},
    {"x":0.46305,
     "y":0.80296},
    {"x":0.43842,
     "y":0.78818},
    {"x":0.41379,
     "y":0.77833},
    {"x":0.40887,
     "y":0.75369},
    {"x":0.40394,
     "y":0.72906},
    {"x":0.42365,
     "y":0.71429},
    {"x":0.44828,
     "y":0.70936},
    {"x":0.47291,
     "y":0.70443},
    {"x":0.49754,
     "y":0.69951},
    {"x":0.52217,
     "y":0.69458},
    {"x":0.5468,
     "y":0.6798},
    {"x":0.57143,
     "y":0.66502},
    {"x":0.59606,
     "y":0.64039},
    {"x":0.61576,
     "y":0.62069},
    {"x":0.63547,
     "y":0.59606},
    {"x":0.65517,
     "y":0.57143},
    {"x":0.66502,
     "y":0.5468},
    {"x":0.6798,
     "y":0.52217},
    {"x":0.68966,
     "y":0.49754},
    {"x":0.69458,
     "y":0.47291},
    {"x":0.70443,
     "y":0.44828},
    {"x":0.70936,
     "y":0.42365},
    {"x":0.70936,
     "y":0.39901},
    {"x":0.70936,
     "y":0.37438},
    {"x":0.70936,
     "y":0.34975},
    {"x":0.70936,
     "y":0.32512},
    {"x":0.70443,
     "y":0.30049},
    {"x":0.69951,
     "y":0.27586},
    {"x":0.69458,
     "y":0.25123},
    {"x":0.68473,
     "y":0.2266},
    {"x":0.66995,
     "y":0.20197},
    {"x":0.65517,
     "y":0.17734},
    {"x":0.64039,
     "y":0.15271},
    {"x":0.62069,
     "y":0.12808},
    {"x":0.60099,
     "y":0.10345},
    {"x":0.57635,
     "y":0.083744},
    {"x":0.55172,
     "y":0.064039},
    {"x":0.52709,
     "y":0.049261},
    {"x":0.50246,
     "y":0.039409},
    {"x":0.47783,
     "y":0.029557},
    {"x":0.4532,
     "y":0.019704},
    {"x":0.4335,
     "y":0.0049261},
    {"x":0.40887,
     "y":0},
    {"x":0.38424,
     "y":0},
    {"x":0.35961,
     "y":0},
    {"x":0.33498,
     "y":0},
    {"x":0.31034,
     "y":0},
    {"x":0.28571,
     "y":0},
    {"x":0.26108,
     "y":0.0098522},
    {"x":0.24138,
     "y":0.024631},
    {"x":0.21675,
     "y":0.034483},
    {"x":0.19212,
     "y":0.044335},
    {"x":0.17241,
     "y":0.059113},
    {"x":0.14778,
     "y":0.073892},
    {"x":0.12315,
     "y":0.093596},
    {"x":0.10345,
     "y":0.10837},
    {"x":0.083744,
     "y":0.133},
    {"x":0.064039,
     "y":0.15764},
    {"x":0.049261,
     "y":0.18227},
    {"x":0.039409,
     "y":0.2069},
    {"x":0.024631,
     "y":0.23153},
    {"x":0.014778,
     "y":0.25616},
    {"x":0.0098522,
     "y":0.28079},
    {"x":0.0049261,
     "y":0.30542},
    {"x":0,
     "y":0.33005},
    {"x":0,
     "y":0.35468},
    {"x":0,
     "y":0.37931},
    {"x":0,
     "y":0.40394},
    {"x":0.0049261,
     "y":0.42857},
    {"x":0.0098522,
     "y":0.4532},
    {"x":0.0098522,
     "y":0.47783},
    {"x":0.019704,
     "y":0.50246},
    {"x":0.019704,
     "y":0.50246}],
 "triangles":[
    {"p1":74,
     "p2":82,
     "p3":95},
    {"p1":74,
     "p2":95,
     "p3":102},
    {"p1":66,
     "p2":74,
     "p3":102},
    {"p1":17,
     "p2":31,
     "p3":45},
    {"p1":82,
     "p2":92,
     "p3":95},
    {"p1":102,
     "p2":109,
     "p3":111},
    {"p1":99,
     "p2":100,
     "p3":102},
    {"p1":8,
     "p2":13,
     "p3":112},
    {"p1":62,
     "p2":65,
     "p3":66},
    {"p1":34,
     "p2":42,
     "p3":43},
    {"p1":31,
     "p2":32,
     "p3":45},
    {"p1":32,
     "p2":34,
     "p3":43},
    {"p1":32,
     "p2":33,
     "p3":34},
    {"p1":109,
     "p2":110,
     "p3":111},
    {"p1":95,
     "p2":97,
     "p3":102},
    {"p1":97,
     "p2":99,
     "p3":102},
    {"p1":97,
     "p2":98,
     "p3":99},
    {"p1":102,
     "p2":108,
     "p3":109},
    {"p1":102,
     "p2":106,
     "p3":108},
    {"p1":106,
     "p2":107,
     "p3":108},
    {"p1":34,
     "p2":35,
     "p3":42},
    {"p1":63,
     "p2":64,
     "p3":65},
    {"p1":62,
     "p2":63,
     "p3":65},
    {"p1":38,
     "p2":39,
     "p3":40},
    {"p1":38,
     "p2":40,
     "p3":42},
    {"p1":37,
     "p2":38,
     "p3":42},
    {"p1":17,
     "p2":30,
     "p3":31},
    {"p1":17,
     "p2":28,
     "p3":30},
    {"p1":28,
     "p2":29,
     "p3":30},
    {"p1":32,
     "p2":44,
     "p3":45},
    {"p1":32,
     "p2":43,
     "p3":44},
    {"p1":16,
     "p2":17,
     "p3":45},
    {"p1":16,
     "p2":45,
     "p3":46},
    {"p1":40,
     "p2":41,
     "p3":42},
    {"p1":74,
     "p2":75,
     "p3":76},
    {"p1":74,
     "p2":81,
     "p3":82},
    {"p1":74,
     "p2":76,
     "p3":81},
    {"p1":76,
     "p2":77,
     "p3":78},
    {"p1":76,
     "p2":78,
     "p3":81},
    {"p1":92,
     "p2":93,
     "p3":95},
    {"p1":93,
     "p2":94,
     "p3":95},
    {"p1":82,
     "p2":83,
     "p3":92},
    {"p1":83,
     "p2":87,
     "p3":92},
    {"p1":83,
     "p2":86,
     "p3":87},
    {"p1":83,
     "p2":85,
     "p3":86},
    {"p1":83,
     "p2":84,
     "p3":85},
    {"p1":87,
     "p2":88,
     "p3":92},
    {"p1":2,
     "p2":3,
     "p3":4},
    {"p1":2,
     "p2":4,
     "p3":5},
    {"p1":0,
     "p2":112,
     "p3":113},
    {"p1":0,
     "p2":2,
     "p3":112},
    {"p1":0,
     "p2":1,
     "p3":2},
    {"p1":95,
     "p2":96,
     "p3":97},
    {"p1":100,
     "p2":101,
     "p3":102},
    {"p1":102,
     "p2":105,
     "p3":106},
    {"p1":36,
     "p2":37,
     "p3":42},
    {"p1":35,
     "p2":36,
     "p3":42},
    {"p1":2,
     "p2":6,
     "p3":112},
    {"p1":2,
     "p2":5,
     "p3":6},
    {"p1":6,
     "p2":8,
     "p3":112},
    {"p1":6,
     "p2":7,
     "p3":8},
    {"p1":15,
     "p2":46,
     "p3":47},
    {"p1":15,
     "p2":16,
     "p3":46},
    {"p1":14,
     "p2":15,
     "p3":47},
    {"p1":49,
     "p2":59,
     "p3":62},
    {"p1":50,
     "p2":51,
     "p3":55},
    {"p1":51,
     "p2":52,
     "p3":53},
    {"p1":53,
     "p2":54,
     "p3":55},
    {"p1":51,
     "p2":53,
     "p3":55},
    {"p1":79,
     "p2":80,
     "p3":81},
    {"p1":78,
     "p2":79,
     "p3":81},
    {"p1":88,
     "p2":89,
     "p3":92},
    {"p1":89,
     "p2":90,
     "p3":91},
    {"p1":89,
     "p2":91,
     "p3":92},
    {"p1":25,
     "p2":27,
     "p3":28},
    {"p1":25,
     "p2":26,
     "p3":27},
    {"p1":19,
     "p2":20,
     "p3":21},
    {"p1":103,
     "p2":104,
     "p3":105},
    {"p1":102,
     "p2":103,
     "p3":105},
    {"p1":67,
     "p2":68,
     "p3":69},
    {"p1":66,
     "p2":67,
     "p3":74},
    {"p1":67,
     "p2":73,
     "p3":74},
    {"p1":67,
     "p2":69,
     "p3":73},
    {"p1":69,
     "p2":70,
     "p3":73},
    {"p1":70,
     "p2":72,
     "p3":73},
    {"p1":70,
     "p2":71,
     "p3":72},
    {"p1":57,
     "p2":58,
     "p3":59},
    {"p1":49,
     "p2":57,
     "p3":59},
    {"p1":49,
     "p2":50,
     "p3":57},
    {"p1":50,
     "p2":55,
     "p3":57},
    {"p1":55,
     "p2":56,
     "p3":57},
    {"p1":59,
     "p2":60,
     "p3":62},
    {"p1":60,
     "p2":61,
     "p3":62},
    {"p1":14,
     "p2":47,
     "p3":48},
    {"p1":13,
     "p2":14,
     "p3":48},
    {"p1":48,
     "p2":111,
     "p3":112},
    {"p1":13,
     "p2":48,
     "p3":112},
    {"p1":48,
     "p2":102,
     "p3":111},
    {"p1":48,
     "p2":66,
     "p3":102},
    {"p1":48,
     "p2":62,
     "p3":66},
    {"p1":48,
     "p2":49,
     "p3":62},
    {"p1":18,
     "p2":19,
     "p3":21},
    {"p1":18,
     "p2":21,
     "p3":24},
    {"p1":18,
     "p2":24,
     "p3":25},
    {"p1":18,
     "p2":25,
     "p3":28},
    {"p1":17,
     "p2":18,
     "p3":28},
    {"p1":9,
     "p2":10,
     "p3":11},
    {"p1":9,
     "p2":11,
     "p3":12},
    {"p1":8,
     "p2":9,
     "p3":13},
    {"p1":9,
     "p2":12,
     "p3":13},
    {"p1":21,
     "p2":23,
     "p3":24},
    {"p1":21,
     "p2":22,
     "p3":23}]
}