{"points":[
    {"x":0.038961,
     "y":0.5},
    {"x":0.055195,
     "y":0.52597},
    {"x":0.071429,
     "y":0.55195},
    {"x":0.090909,
     "y":0.57468},
    {"x":0.11039,
     "y":0.59091},
    {"x":0.13312,
     "y":0.61039},
    {"x":0.15909,
     "y":0.62987},
    {"x":0.18506,
     "y":0.64286},
    {"x":0.21104,
     "y":0.65584},
    {"x":0.23701,
     "y":0.66234},
    {"x":0.26299,
     "y":0.66883},
    {"x":0.28896,
     "y":0.67532},
    {"x":0.29545,
     "y":0.69805},
    {"x":0.2987,
     "y":0.72403},
    {"x":0.29221,
     "y":0.74351},
    {"x":0.26623,
     "y":0.75649},
    {"x":0.24351,
     "y":0.77922},
    {"x":0.22727,
     "y":0.80519},
    {"x":0.21753,
     "y":0.83117},
    {"x":0.21429,
     "y":0.85714},
    {"x":0.21429,
     "y":0.88312},
    {"x":0.21753,
     "y":0.90909},
    {"x":0.23052,
     "y":0.93506},
    {"x":0.25,
     "y":0.96104},
    {"x":0.27273,
     "y":0.98052},
    {"x":0.2987,
     "y":0.99351},
    {"x":0.32468,
     "y":1},
    {"x":0.35065,
     "y":1},
    {"x":0.37662,
     "y":0.99675},
    {"x":0.4026,
     "y":0.99026},
    {"x":0.42857,
     "y":0.97403},
    {"x":0.45455,
     "y":0.9513},
    {"x":0.47078,
     "y":0.92532},
    {"x":0.47727,
     "y":0.89935},
    {"x":0.48052,
     "y":0.87338},
    {"x":0.47727,
     "y":0.8474},
    {"x":0.47403,
     "y":0.82143},
    {"x":0.46429,
     "y":0.79545},
    {"x":0.44805,
     "y":0.77273},
    {"x":0.42532,
     "y":0.75325},
    {"x":0.39935,
     "y":0.74026},
    {"x":0.38961,
     "y":0.71753},
    {"x":0.3961,
     "y":0.69156},
    {"x":0.40584,
     "y":0.67208},
    {"x":0.43182,
     "y":0.67208},
    {"x":0.45779,
     "y":0.66883},
    {"x":0.47727,
     "y":0.64935},
    {"x":0.50325,
     "y":0.63636},
    {"x":0.52922,
     "y":0.62013},
    {"x":0.55519,
     "y":0.60065},
    {"x":0.57792,
     "y":0.58117},
    {"x":0.60065,
     "y":0.55519},
    {"x":0.62013,
     "y":0.52922},
    {"x":0.63636,
     "y":0.50325},
    {"x":0.6461,
     "y":0.47727},
    {"x":0.65909,
     "y":0.4513},
    {"x":0.66558,
     "y":0.42532},
    {"x":0.67208,
     "y":0.39935},
    {"x":0.67532,
     "y":0.37338},
    {"x":0.67532,
     "y":0.3474},
    {"x":0.67532,
     "y":0.32143},
    {"x":0.67208,
     "y":0.29545},
    {"x":0.66883,
     "y":0.26948},
    {"x":0.66234,
     "y":0.24351},
    {"x":0.6526,
     "y":0.21753},
    {"x":0.64286,
     "y":0.19156},
    {"x":0.62987,
     "y":0.16558},
    {"x":0.61364,
     "y":0.13961},
    {"x":0.59091,
     "y":0.11364},
    {"x":0.57143,
     "y":0.094156},
    {"x":0.54545,
     "y":0.071429},
    {"x":0.51948,
     "y":0.051948},
    {"x":0.49351,
     "y":0.038961},
    {"x":0.46753,
     "y":0.025974},
    {"x":0.44156,
     "y":0.016234},
    {"x":0.41558,
     "y":0.0097403},
    {"x":0.38961,
     "y":0.0064935},
    {"x":0.36364,
     "y":0.0032468},
    {"x":0.33766,
     "y":0},
    {"x":0.31169,
     "y":0.0032468},
    {"x":0.28571,
     "y":0.0064935},
    {"x":0.25974,
     "y":0.0097403},
    {"x":0.23377,
     "y":0.016234},
    {"x":0.20779,
     "y":0.025974},
    {"x":0.18182,
     "y":0.042208},
    {"x":0.15909,
     "y":0.055195},
    {"x":0.13636,
     "y":0.074675},
    {"x":0.11364,
     "y":0.090909},
    {"x":0.097403,
     "y":0.11039},
    {"x":0.077922,
     "y":0.12987},
    {"x":0.058442,
     "y":0.15584},
    {"x":0.045455,
     "y":0.18182},
    {"x":0.029221,
     "y":0.20455},
    {"x":0.019481,
     "y":0.23052},
    {"x":0.0097403,
     "y":0.25649},
    {"x":0.0064935,
     "y":0.28247},
    {"x":0.0032468,
     "y":0.30844},
    {"x":0,
     "y":0.33442},
    {"x":0,
     "y":0.36039},
    {"x":0.0032468,
     "y":0.38636},
    {"x":0.0064935,
     "y":0.41234},
    {"x":0.016234,
     "y":0.43831},
    {"x":0.022727,
     "y":0.46429},
    {"x":0.035714,
     "y":0.49026},
    {"x":0.038961,
     "y":0.5}],
 "triangles":[
    {"p1":10,
     "p2":91,
     "p3":101},
    {"p1":91,
     "p2":96,
     "p3":101},
    {"p1":88,
     "p2":89,
     "p3":91},
    {"p1":101,
     "p2":102,
     "p3":103},
    {"p1":91,
     "p2":95,
     "p3":96},
    {"p1":0,
     "p2":1,
     "p3":103},
    {"p1":89,
     "p2":90,
     "p3":91},
    {"p1":27,
     "p2":28,
     "p3":35},
    {"p1":66,
     "p2":67,
     "p3":68},
    {"p1":14,
     "p2":35,
     "p3":40},
    {"p1":59,
     "p2":60,
     "p3":61},
    {"p1":82,
     "p2":83,
     "p3":84},
    {"p1":81,
     "p2":82,
     "p3":84},
    {"p1":28,
     "p2":30,
     "p3":35},
    {"p1":28,
     "p2":29,
     "p3":30},
    {"p1":14,
     "p2":19,
     "p3":35},
    {"p1":19,
     "p2":27,
     "p3":35},
    {"p1":64,
     "p2":68,
     "p3":69},
    {"p1":64,
     "p2":69,
     "p3":76},
    {"p1":80,
     "p2":81,
     "p3":84},
    {"p1":69,
     "p2":72,
     "p3":76},
    {"p1":13,
     "p2":14,
     "p3":40},
    {"p1":11,
     "p2":12,
     "p3":42},
    {"p1":49,
     "p2":50,
     "p3":51},
    {"p1":49,
     "p2":51,
     "p3":54},
    {"p1":48,
     "p2":49,
     "p3":54},
    {"p1":10,
     "p2":54,
     "p3":91},
    {"p1":54,
     "p2":59,
     "p3":61},
    {"p1":54,
     "p2":88,
     "p3":91},
    {"p1":54,
     "p2":61,
     "p3":88},
    {"p1":99,
     "p2":100,
     "p3":101},
    {"p1":96,
     "p2":99,
     "p3":101},
    {"p1":25,
     "p2":26,
     "p3":27},
    {"p1":14,
     "p2":15,
     "p3":16},
    {"p1":30,
     "p2":33,
     "p3":35},
    {"p1":30,
     "p2":31,
     "p3":33},
    {"p1":31,
     "p2":32,
     "p3":33},
    {"p1":57,
     "p2":58,
     "p3":59},
    {"p1":17,
     "p2":18,
     "p3":19},
    {"p1":14,
     "p2":16,
     "p3":17},
    {"p1":14,
     "p2":17,
     "p3":19},
    {"p1":19,
     "p2":20,
     "p3":27},
    {"p1":20,
     "p2":23,
     "p3":27},
    {"p1":20,
     "p2":22,
     "p3":23},
    {"p1":20,
     "p2":21,
     "p3":22},
    {"p1":65,
     "p2":66,
     "p3":68},
    {"p1":64,
     "p2":65,
     "p3":68},
    {"p1":64,
     "p2":76,
     "p3":86},
    {"p1":76,
     "p2":80,
     "p3":86},
    {"p1":61,
     "p2":86,
     "p3":88},
    {"p1":61,
     "p2":64,
     "p3":86},
    {"p1":80,
     "p2":84,
     "p3":86},
    {"p1":84,
     "p2":85,
     "p3":86},
    {"p1":86,
     "p2":87,
     "p3":88},
    {"p1":61,
     "p2":62,
     "p3":63},
    {"p1":61,
     "p2":63,
     "p3":64},
    {"p1":70,
     "p2":71,
     "p3":72},
    {"p1":69,
     "p2":70,
     "p3":72},
    {"p1":44,
     "p2":45,
     "p3":46},
    {"p1":46,
     "p2":47,
     "p3":48},
    {"p1":35,
     "p2":39,
     "p3":40},
    {"p1":11,
     "p2":42,
     "p3":43},
    {"p1":43,
     "p2":44,
     "p3":46},
    {"p1":10,
     "p2":11,
     "p3":43},
    {"p1":43,
     "p2":46,
     "p3":48},
    {"p1":10,
     "p2":43,
     "p3":54},
    {"p1":43,
     "p2":48,
     "p3":54},
    {"p1":13,
     "p2":40,
     "p3":41},
    {"p1":12,
     "p2":13,
     "p3":41},
    {"p1":12,
     "p2":41,
     "p3":42},
    {"p1":52,
     "p2":53,
     "p3":54},
    {"p1":51,
     "p2":52,
     "p3":54},
    {"p1":91,
     "p2":92,
     "p3":93},
    {"p1":93,
     "p2":94,
     "p3":95},
    {"p1":91,
     "p2":93,
     "p3":95},
    {"p1":7,
     "p2":8,
     "p3":9},
    {"p1":1,
     "p2":4,
     "p3":103},
    {"p1":4,
     "p2":9,
     "p3":10},
    {"p1":1,
     "p2":2,
     "p3":4},
    {"p1":2,
     "p2":3,
     "p3":4},
    {"p1":4,
     "p2":10,
     "p3":101},
    {"p1":4,
     "p2":101,
     "p3":103},
    {"p1":33,
     "p2":34,
     "p3":35},
    {"p1":54,
     "p2":55,
     "p3":56},
    {"p1":54,
     "p2":56,
     "p3":59},
    {"p1":56,
     "p2":57,
     "p3":59},
    {"p1":77,
     "p2":78,
     "p3":79},
    {"p1":72,
     "p2":73,
     "p3":76},
    {"p1":73,
     "p2":74,
     "p3":76},
    {"p1":74,
     "p2":75,
     "p3":76},
    {"p1":36,
     "p2":37,
     "p3":38},
    {"p1":35,
     "p2":36,
     "p3":38},
    {"p1":35,
     "p2":38,
     "p3":39},
    {"p1":5,
     "p2":7,
     "p3":9},
    {"p1":4,
     "p2":5,
     "p3":9},
    {"p1":5,
     "p2":6,
     "p3":7},
    {"p1":97,
     "p2":98,
     "p3":99},
    {"p1":96,
     "p2":97,
     "p3":99},
    {"p1":23,
     "p2":24,
     "p3":25},
    {"p1":23,
     "p2":25,
     "p3":27},
    {"p1":76,
     "p2":79,
     "p3":80},
    {"p1":76,
     "p2":77,
     "p3":79}]
}