{"points":[
    {"x":0.050761,
     "y":0.47208},
    {"x":0.06599,
     "y":0.52284},
    {"x":0.081218,
     "y":0.5736},
    {"x":0.10152,
     "y":0.62437},
    {"x":0.1269,
     "y":0.67513},
    {"x":0.15736,
     "y":0.72589},
    {"x":0.15228,
     "y":0.77665},
    {"x":0.1066,
     "y":0.81726},
    {"x":0.096447,
     "y":0.86802},
    {"x":0.1066,
     "y":0.91878},
    {"x":0.13706,
     "y":0.96954},
    {"x":0.18782,
     "y":0.98985},
    {"x":0.23858,
     "y":1},
    {"x":0.28934,
     "y":0.99492},
    {"x":0.33503,
     "y":0.95939},
    {"x":0.36041,
     "y":0.90863},
    {"x":0.37563,
     "y":0.85787},
    {"x":0.37563,
     "y":0.80711},
    {"x":0.40609,
     "y":0.80711},
    {"x":0.43147,
     "y":0.85787},
    {"x":0.46193,
     "y":0.90863},
    {"x":0.51269,
     "y":0.91878},
    {"x":0.56345,
     "y":0.90355},
    {"x":0.61421,
     "y":0.88832},
    {"x":0.64467,
     "y":0.84772},
    {"x":0.64467,
     "y":0.79695},
    {"x":0.63452,
     "y":0.74619},
    {"x":0.62944,
     "y":0.69543},
    {"x":0.62437,
     "y":0.64467},
    {"x":0.58376,
     "y":0.60914},
    {"x":0.53299,
     "y":0.60914},
    {"x":0.48223,
     "y":0.60914},
    {"x":0.43147,
     "y":0.61421},
    {"x":0.39594,
     "y":0.5736},
    {"x":0.35025,
     "y":0.53299},
    {"x":0.37056,
     "y":0.49239},
    {"x":0.42132,
     "y":0.4467},
    {"x":0.47208,
     "y":0.43147},
    {"x":0.52284,
     "y":0.40609},
    {"x":0.53299,
     "y":0.36041},
    {"x":0.48223,
     "y":0.36041},
    {"x":0.45178,
     "y":0.32995},
    {"x":0.43147,
     "y":0.38071},
    {"x":0.39594,
     "y":0.43147},
    {"x":0.35025,
     "y":0.44162},
    {"x":0.36041,
     "y":0.39086},
    {"x":0.36041,
     "y":0.3401},
    {"x":0.36041,
     "y":0.28934},
    {"x":0.37563,
     "y":0.23858},
    {"x":0.41117,
     "y":0.20305},
    {"x":0.46193,
     "y":0.20305},
    {"x":0.51269,
     "y":0.21827},
    {"x":0.55838,
     "y":0.25888},
    {"x":0.58376,
     "y":0.30964},
    {"x":0.60914,
     "y":0.36041},
    {"x":0.62437,
     "y":0.41117},
    {"x":0.64975,
     "y":0.46193},
    {"x":0.70051,
     "y":0.49239},
    {"x":0.70558,
     "y":0.45685},
    {"x":0.65482,
     "y":0.43147},
    {"x":0.63959,
     "y":0.38071},
    {"x":0.63959,
     "y":0.32995},
    {"x":0.61929,
     "y":0.27919},
    {"x":0.59898,
     "y":0.22843},
    {"x":0.55838,
     "y":0.18782},
    {"x":0.50761,
     "y":0.16751},
    {"x":0.45685,
     "y":0.17259},
    {"x":0.40609,
     "y":0.17259},
    {"x":0.36041,
     "y":0.13198},
    {"x":0.36041,
     "y":0.081218},
    {"x":0.40609,
     "y":0.071066},
    {"x":0.45685,
     "y":0.071066},
    {"x":0.50761,
     "y":0.060914},
    {"x":0.53299,
     "y":0.010152},
    {"x":0.48223,
     "y":0},
    {"x":0.43147,
     "y":0},
    {"x":0.38071,
     "y":0},
    {"x":0.32995,
     "y":0},
    {"x":0.28934,
     "y":0.015228},
    {"x":0.29949,
     "y":0.06599},
    {"x":0.30457,
     "y":0.11675},
    {"x":0.28426,
     "y":0.14721},
    {"x":0.2335,
     "y":0.14721},
    {"x":0.18782,
     "y":0.1269},
    {"x":0.18782,
     "y":0.076142},
    {"x":0.18274,
     "y":0.025381},
    {"x":0.13198,
     "y":0.020305},
    {"x":0.081218,
     "y":0.020305},
    {"x":0.030457,
     "y":0.015228},
    {"x":0,
     "y":0.035533},
    {"x":0.045685,
     "y":0.060914},
    {"x":0.096447,
     "y":0.06599},
    {"x":0.14721,
     "y":0.071066},
    {"x":0.14213,
     "y":0.11168},
    {"x":0.12183,
     "y":0.16244},
    {"x":0.12183,
     "y":0.2132},
    {"x":0.13198,
     "y":0.26396},
    {"x":0.15736,
     "y":0.31472},
    {"x":0.19289,
     "y":0.36548},
    {"x":0.21827,
     "y":0.41624},
    {"x":0.2132,
     "y":0.45178},
    {"x":0.16244,
     "y":0.4467},
    {"x":0.11168,
     "y":0.4264},
    {"x":0.060914,
     "y":0.39594},
    {"x":0.025381,
     "y":0.40609},
    {"x":0.040609,
     "y":0.45685},
    {"x":0.050761,
     "y":0.47208}],
 "triangles":[
    {"p1":5,
     "p2":6,
     "p3":17},
    {"p1":6,
     "p2":9,
     "p3":11},
    {"p1":11,
     "p2":12,
     "p3":15},
    {"p1":6,
     "p2":11,
     "p3":15},
    {"p1":17,
     "p2":18,
     "p3":32},
    {"p1":2,
     "p2":100,
     "p3":101},
    {"p1":1,
     "p2":2,
     "p3":101},
    {"p1":1,
     "p2":101,
     "p3":102},
    {"p1":46,
     "p2":98,
     "p3":99},
    {"p1":103,
     "p2":104,
     "p3":105},
    {"p1":102,
     "p2":103,
     "p3":105},
    {"p1":83,
     "p2":94,
     "p3":95},
    {"p1":83,
     "p2":93,
     "p3":94},
    {"p1":53,
     "p2":61,
     "p3":62},
    {"p1":12,
     "p2":13,
     "p3":14},
    {"p1":12,
     "p2":14,
     "p3":15},
    {"p1":18,
     "p2":19,
     "p3":26},
    {"p1":19,
     "p2":22,
     "p3":26},
    {"p1":22,
     "p2":23,
     "p3":25},
    {"p1":22,
     "p2":25,
     "p3":26},
    {"p1":9,
     "p2":10,
     "p3":11},
    {"p1":6,
     "p2":8,
     "p3":9},
    {"p1":6,
     "p2":7,
     "p3":8},
    {"p1":2,
     "p2":3,
     "p3":100},
    {"p1":56,
     "p2":58,
     "p3":59},
    {"p1":55,
     "p2":56,
     "p3":59},
    {"p1":18,
     "p2":26,
     "p3":30},
    {"p1":4,
     "p2":5,
     "p3":34},
    {"p1":3,
     "p2":34,
     "p3":100},
    {"p1":3,
     "p2":4,
     "p3":34},
    {"p1":0,
     "p2":102,
     "p3":105},
    {"p1":0,
     "p2":1,
     "p3":102},
    {"p1":35,
     "p2":43,
     "p3":44},
    {"p1":44,
     "p2":99,
     "p3":100},
    {"p1":34,
     "p2":44,
     "p3":100},
    {"p1":34,
     "p2":35,
     "p3":44},
    {"p1":85,
     "p2":86,
     "p3":92},
    {"p1":84,
     "p2":85,
     "p3":92},
    {"p1":83,
     "p2":84,
     "p3":93},
    {"p1":84,
     "p2":92,
     "p3":93},
    {"p1":69,
     "p2":76,
     "p3":77},
    {"p1":71,
     "p2":74,
     "p3":75},
    {"p1":77,
     "p2":78,
     "p3":79},
    {"p1":69,
     "p2":77,
     "p3":79},
    {"p1":52,
     "p2":62,
     "p3":63},
    {"p1":52,
     "p2":53,
     "p3":62},
    {"p1":52,
     "p2":63,
     "p3":64},
    {"p1":51,
     "p2":52,
     "p3":64},
    {"p1":53,
     "p2":54,
     "p3":61},
    {"p1":19,
     "p2":20,
     "p3":21},
    {"p1":19,
     "p2":21,
     "p3":22},
    {"p1":6,
     "p2":16,
     "p3":17},
    {"p1":6,
     "p2":15,
     "p3":16},
    {"p1":56,
     "p2":57,
     "p3":58},
    {"p1":23,
     "p2":24,
     "p3":25},
    {"p1":45,
     "p2":46,
     "p3":99},
    {"p1":44,
     "p2":45,
     "p3":99},
    {"p1":26,
     "p2":27,
     "p3":30},
    {"p1":27,
     "p2":28,
     "p3":29},
    {"p1":27,
     "p2":29,
     "p3":30},
    {"p1":86,
     "p2":91,
     "p3":92},
    {"p1":51,
     "p2":64,
     "p3":65},
    {"p1":50,
     "p2":65,
     "p3":66},
    {"p1":50,
     "p2":51,
     "p3":65},
    {"p1":69,
     "p2":70,
     "p3":76},
    {"p1":70,
     "p2":75,
     "p3":76},
    {"p1":70,
     "p2":71,
     "p3":75},
    {"p1":72,
     "p2":73,
     "p3":74},
    {"p1":71,
     "p2":72,
     "p3":74},
    {"p1":46,
     "p2":47,
     "p3":98},
    {"p1":47,
     "p2":97,
     "p3":98},
    {"p1":47,
     "p2":48,
     "p3":81},
    {"p1":48,
     "p2":68,
     "p3":81},
    {"p1":49,
     "p2":50,
     "p3":66},
    {"p1":54,
     "p2":55,
     "p3":60},
    {"p1":54,
     "p2":60,
     "p3":61},
    {"p1":55,
     "p2":59,
     "p3":60},
    {"p1":36,
     "p2":42,
     "p3":43},
    {"p1":36,
     "p2":37,
     "p3":42},
    {"p1":35,
     "p2":36,
     "p3":43},
    {"p1":37,
     "p2":40,
     "p3":42},
    {"p1":40,
     "p2":41,
     "p3":42},
    {"p1":18,
     "p2":31,
     "p3":32},
    {"p1":18,
     "p2":30,
     "p3":31},
    {"p1":86,
     "p2":87,
     "p3":91},
    {"p1":88,
     "p2":89,
     "p3":90},
    {"p1":87,
     "p2":88,
     "p3":90},
    {"p1":87,
     "p2":90,
     "p3":91},
    {"p1":82,
     "p2":83,
     "p3":95},
    {"p1":82,
     "p2":95,
     "p3":96},
    {"p1":82,
     "p2":96,
     "p3":97},
    {"p1":47,
     "p2":82,
     "p3":97},
    {"p1":47,
     "p2":81,
     "p3":82},
    {"p1":68,
     "p2":80,
     "p3":81},
    {"p1":69,
     "p2":79,
     "p3":80},
    {"p1":68,
     "p2":69,
     "p3":80},
    {"p1":49,
     "p2":66,
     "p3":67},
    {"p1":48,
     "p2":67,
     "p3":68},
    {"p1":48,
     "p2":49,
     "p3":67},
    {"p1":38,
     "p2":39,
     "p3":40},
    {"p1":37,
     "p2":38,
     "p3":40},
    {"p1":5,
     "p2":33,
     "p3":34},
    {"p1":5,
     "p2":17,
     "p3":33},
    {"p1":17,
     "p2":32,
     "p3":33}]
}