{"points":[
    {"x":0.045226,
     "y":0.45729},
    {"x":0.065327,
     "y":0.50754},
    {"x":0.090452,
     "y":0.55779},
    {"x":0.11558,
     "y":0.60804},
    {"x":0.13568,
     "y":0.65829},
    {"x":0.16583,
     "y":0.70854},
    {"x":0.16583,
     "y":0.75879},
    {"x":0.1206,
     "y":0.80402},
    {"x":0.10553,
     "y":0.85427},
    {"x":0.11055,
     "y":0.90452},
    {"x":0.1407,
     "y":0.95477},
    {"x":0.19095,
     "y":0.98995},
    {"x":0.24121,
     "y":1},
    {"x":0.29146,
     "y":1},
    {"x":0.33668,
     "y":0.9799},
    {"x":0.37186,
     "y":0.92965},
    {"x":0.38191,
     "y":0.8794},
    {"x":0.37688,
     "y":0.82915},
    {"x":0.38191,
     "y":0.77889},
    {"x":0.41709,
     "y":0.80402},
    {"x":0.43216,
     "y":0.85427},
    {"x":0.48241,
     "y":0.87437},
    {"x":0.53266,
     "y":0.87437},
    {"x":0.58291,
     "y":0.86432},
    {"x":0.63317,
     "y":0.84925},
    {"x":0.65829,
     "y":0.80905},
    {"x":0.65829,
     "y":0.75879},
    {"x":0.64824,
     "y":0.70854},
    {"x":0.63819,
     "y":0.65829},
    {"x":0.61307,
     "y":0.60804},
    {"x":0.56281,
     "y":0.59799},
    {"x":0.51256,
     "y":0.59799},
    {"x":0.46231,
     "y":0.60804},
    {"x":0.42714,
     "y":0.58291},
    {"x":0.39196,
     "y":0.53266},
    {"x":0.34673,
     "y":0.49246},
    {"x":0.39196,
     "y":0.46734},
    {"x":0.44221,
     "y":0.44221},
    {"x":0.48241,
     "y":0.40201},
    {"x":0.53266,
     "y":0.37688},
    {"x":0.57286,
     "y":0.35176},
    {"x":0.52764,
     "y":0.34673},
    {"x":0.50251,
     "y":0.31156},
    {"x":0.46734,
     "y":0.34171},
    {"x":0.43719,
     "y":0.39196},
    {"x":0.40201,
     "y":0.41709},
    {"x":0.37688,
     "y":0.39196},
    {"x":0.38191,
     "y":0.34171},
    {"x":0.38693,
     "y":0.29146},
    {"x":0.40704,
     "y":0.24121},
    {"x":0.43216,
     "y":0.19095},
    {"x":0.48241,
     "y":0.1809},
    {"x":0.53266,
     "y":0.19095},
    {"x":0.57789,
     "y":0.22613},
    {"x":0.59799,
     "y":0.27638},
    {"x":0.62312,
     "y":0.32663},
    {"x":0.64824,
     "y":0.37688},
    {"x":0.67839,
     "y":0.42714},
    {"x":0.72362,
     "y":0.45729},
    {"x":0.69849,
     "y":0.42211},
    {"x":0.67337,
     "y":0.37186},
    {"x":0.66834,
     "y":0.32161},
    {"x":0.65829,
     "y":0.27136},
    {"x":0.64322,
     "y":0.22111},
    {"x":0.60302,
     "y":0.18593},
    {"x":0.55276,
     "y":0.15075},
    {"x":0.50251,
     "y":0.1407},
    {"x":0.45226,
     "y":0.14573},
    {"x":0.40704,
     "y":0.13568},
    {"x":0.38191,
     "y":0.085427},
    {"x":0.37688,
     "y":0.050251},
    {"x":0.42714,
     "y":0.050251},
    {"x":0.47739,
     "y":0.050251},
    {"x":0.52764,
     "y":0.050251},
    {"x":0.53266,
     "y":0},
    {"x":0.48241,
     "y":0.0050251},
    {"x":0.43216,
     "y":0.01005},
    {"x":0.38191,
     "y":0.01005},
    {"x":0.33166,
     "y":0.01005},
    {"x":0.31156,
     "y":0.035176},
    {"x":0.33668,
     "y":0.085427},
    {"x":0.32663,
     "y":0.1206},
    {"x":0.27638,
     "y":0.1206},
    {"x":0.22613,
     "y":0.1206},
    {"x":0.22111,
     "y":0.070352},
    {"x":0.21608,
     "y":0.020101},
    {"x":0.16583,
     "y":0.015075},
    {"x":0.11558,
     "y":0.015075},
    {"x":0.065327,
     "y":0.015075},
    {"x":0.015075,
     "y":0.015075},
    {"x":0,
     "y":0.040201},
    {"x":0.045226,
     "y":0.060302},
    {"x":0.095477,
     "y":0.060302},
    {"x":0.14573,
     "y":0.045226},
    {"x":0.17588,
     "y":0.050251},
    {"x":0.14573,
     "y":0.095477},
    {"x":0.1407,
     "y":0.14573},
    {"x":0.1407,
     "y":0.19598},
    {"x":0.14573,
     "y":0.24623},
    {"x":0.16583,
     "y":0.29648},
    {"x":0.1809,
     "y":0.34673},
    {"x":0.20603,
     "y":0.39698},
    {"x":0.23618,
     "y":0.44724},
    {"x":0.19095,
     "y":0.43216},
    {"x":0.1407,
     "y":0.39698},
    {"x":0.090452,
     "y":0.37186},
    {"x":0.040201,
     "y":0.37186},
    {"x":0.030151,
     "y":0.41206},
    {"x":0.045226,
     "y":0.45729}],
 "triangles":[
    {"p1":5,
     "p2":6,
     "p3":18},
    {"p1":89,
     "p2":90,
     "p3":91},
    {"p1":0,
     "p2":1,
     "p3":104},
    {"p1":47,
     "p2":100,
     "p3":101},
    {"p1":46,
     "p2":101,
     "p3":102},
    {"p1":46,
     "p2":47,
     "p3":101},
    {"p1":38,
     "p2":39,
     "p3":41},
    {"p1":35,
     "p2":46,
     "p3":102},
    {"p1":3,
     "p2":35,
     "p3":102},
    {"p1":2,
     "p2":3,
     "p3":102},
    {"p1":6,
     "p2":11,
     "p3":12},
    {"p1":6,
     "p2":10,
     "p3":11},
    {"p1":6,
     "p2":7,
     "p3":8},
    {"p1":6,
     "p2":8,
     "p3":10},
    {"p1":8,
     "p2":9,
     "p3":10},
    {"p1":70,
     "p2":78,
     "p3":79},
    {"p1":105,
     "p2":106,
     "p3":107},
    {"p1":0,
     "p2":105,
     "p3":107},
    {"p1":0,
     "p2":104,
     "p3":105},
    {"p1":1,
     "p2":103,
     "p3":104},
    {"p1":2,
     "p2":102,
     "p3":103},
    {"p1":1,
     "p2":2,
     "p3":103},
    {"p1":48,
     "p2":49,
     "p3":82},
    {"p1":47,
     "p2":48,
     "p3":100},
    {"p1":39,
     "p2":40,
     "p3":41},
    {"p1":38,
     "p2":43,
     "p3":44},
    {"p1":41,
     "p2":42,
     "p3":43},
    {"p1":38,
     "p2":41,
     "p3":43},
    {"p1":3,
     "p2":4,
     "p3":35},
    {"p1":4,
     "p2":5,
     "p3":35},
    {"p1":5,
     "p2":18,
     "p3":33},
    {"p1":55,
     "p2":61,
     "p3":62},
    {"p1":56,
     "p2":60,
     "p3":61},
    {"p1":55,
     "p2":56,
     "p3":61},
    {"p1":54,
     "p2":55,
     "p3":62},
    {"p1":53,
     "p2":54,
     "p3":63},
    {"p1":54,
     "p2":62,
     "p3":63},
    {"p1":57,
     "p2":59,
     "p3":60},
    {"p1":56,
     "p2":57,
     "p3":60},
    {"p1":57,
     "p2":58,
     "p3":59},
    {"p1":23,
     "p2":24,
     "p3":25},
    {"p1":22,
     "p2":23,
     "p3":27},
    {"p1":12,
     "p2":13,
     "p3":15},
    {"p1":12,
     "p2":15,
     "p3":16},
    {"p1":13,
     "p2":14,
     "p3":15},
    {"p1":53,
     "p2":63,
     "p3":64},
    {"p1":73,
     "p2":74,
     "p3":75},
    {"p1":72,
     "p2":73,
     "p3":75},
    {"p1":83,
     "p2":96,
     "p3":97},
    {"p1":82,
     "p2":83,
     "p3":98},
    {"p1":83,
     "p2":97,
     "p3":98},
    {"p1":83,
     "p2":95,
     "p3":96},
    {"p1":83,
     "p2":84,
     "p3":95},
    {"p1":88,
     "p2":89,
     "p3":91},
    {"p1":88,
     "p2":91,
     "p3":92},
    {"p1":70,
     "p2":79,
     "p3":80},
    {"p1":49,
     "p2":81,
     "p3":82},
    {"p1":49,
     "p2":68,
     "p3":81},
    {"p1":48,
     "p2":99,
     "p3":100},
    {"p1":82,
     "p2":98,
     "p3":99},
    {"p1":48,
     "p2":82,
     "p3":99},
    {"p1":52,
     "p2":53,
     "p3":64},
    {"p1":52,
     "p2":64,
     "p3":65},
    {"p1":52,
     "p2":65,
     "p3":66},
    {"p1":51,
     "p2":52,
     "p3":66},
    {"p1":49,
     "p2":50,
     "p3":68},
    {"p1":5,
     "p2":34,
     "p3":35},
    {"p1":5,
     "p2":33,
     "p3":34},
    {"p1":37,
     "p2":44,
     "p3":45},
    {"p1":37,
     "p2":38,
     "p3":44},
    {"p1":18,
     "p2":32,
     "p3":33},
    {"p1":23,
     "p2":25,
     "p3":26},
    {"p1":23,
     "p2":26,
     "p3":27},
    {"p1":28,
     "p2":29,
     "p3":30},
    {"p1":27,
     "p2":28,
     "p3":30},
    {"p1":19,
     "p2":20,
     "p3":21},
    {"p1":19,
     "p2":21,
     "p3":22},
    {"p1":19,
     "p2":22,
     "p3":27},
    {"p1":18,
     "p2":19,
     "p3":32},
    {"p1":69,
     "p2":70,
     "p3":80},
    {"p1":68,
     "p2":69,
     "p3":81},
    {"p1":69,
     "p2":80,
     "p3":81},
    {"p1":72,
     "p2":75,
     "p3":76},
    {"p1":71,
     "p2":72,
     "p3":76},
    {"p1":50,
     "p2":67,
     "p3":68},
    {"p1":50,
     "p2":51,
     "p3":67},
    {"p1":51,
     "p2":66,
     "p3":67},
    {"p1":36,
     "p2":37,
     "p3":45},
    {"p1":36,
     "p2":45,
     "p3":46},
    {"p1":35,
     "p2":36,
     "p3":46},
    {"p1":27,
     "p2":30,
     "p3":31},
    {"p1":19,
     "p2":27,
     "p3":31},
    {"p1":19,
     "p2":31,
     "p3":32},
    {"p1":6,
     "p2":17,
     "p3":18},
    {"p1":6,
     "p2":12,
     "p3":17},
    {"p1":12,
     "p2":16,
     "p3":17},
    {"p1":87,
     "p2":88,
     "p3":92},
    {"p1":87,
     "p2":92,
     "p3":93},
    {"p1":86,
     "p2":87,
     "p3":93},
    {"p1":84,
     "p2":94,
     "p3":95},
    {"p1":86,
     "p2":93,
     "p3":94},
    {"p1":85,
     "p2":86,
     "p3":94},
    {"p1":84,
     "p2":85,
     "p3":94},
    {"p1":70,
     "p2":77,
     "p3":78},
    {"p1":70,
     "p2":71,
     "p3":77},
    {"p1":71,
     "p2":76,
     "p3":77}]
}