{"points":[
    {"x":0.060606,
     "y":0.4697},
    {"x":0.075758,
     "y":0.5202},
    {"x":0.090909,
     "y":0.57071},
    {"x":0.12121,
     "y":0.62121},
    {"x":0.16162,
     "y":0.67172},
    {"x":0.18687,
     "y":0.72222},
    {"x":0.15657,
     "y":0.77273},
    {"x":0.12626,
     "y":0.82323},
    {"x":0.12121,
     "y":0.87374},
    {"x":0.12121,
     "y":0.92424},
    {"x":0.14141,
     "y":0.97475},
    {"x":0.19192,
     "y":0.99495},
    {"x":0.24242,
     "y":1},
    {"x":0.29293,
     "y":0.97475},
    {"x":0.34343,
     "y":0.94949},
    {"x":0.38889,
     "y":0.91414},
    {"x":0.38889,
     "y":0.86364},
    {"x":0.39899,
     "y":0.81818},
    {"x":0.43939,
     "y":0.84343},
    {"x":0.47475,
     "y":0.88384},
    {"x":0.52525,
     "y":0.89394},
    {"x":0.57576,
     "y":0.89899},
    {"x":0.62121,
     "y":0.86869},
    {"x":0.66162,
     "y":0.81818},
    {"x":0.68687,
     "y":0.77273},
    {"x":0.67677,
     "y":0.72222},
    {"x":0.65152,
     "y":0.67172},
    {"x":0.60606,
     "y":0.63131},
    {"x":0.55556,
     "y":0.62121},
    {"x":0.50505,
     "y":0.62121},
    {"x":0.46465,
     "y":0.65657},
    {"x":0.44444,
     "y":0.61111},
    {"x":0.40909,
     "y":0.56566},
    {"x":0.35859,
     "y":0.53535},
    {"x":0.37879,
     "y":0.5101},
    {"x":0.42929,
     "y":0.4899},
    {"x":0.44949,
     "y":0.43939},
    {"x":0.5,
     "y":0.41414},
    {"x":0.55051,
     "y":0.41414},
    {"x":0.59091,
     "y":0.38384},
    {"x":0.54545,
     "y":0.37374},
    {"x":0.52525,
     "y":0.34343},
    {"x":0.48485,
     "y":0.34848},
    {"x":0.45455,
     "y":0.39899},
    {"x":0.40909,
     "y":0.42929},
    {"x":0.35859,
     "y":0.44444},
    {"x":0.34848,
     "y":0.40404},
    {"x":0.36869,
     "y":0.35354},
    {"x":0.37879,
     "y":0.30303},
    {"x":0.38889,
     "y":0.25253},
    {"x":0.41414,
     "y":0.21212},
    {"x":0.46465,
     "y":0.21212},
    {"x":0.51515,
     "y":0.21212},
    {"x":0.56566,
     "y":0.23232},
    {"x":0.60101,
     "y":0.28283},
    {"x":0.62121,
     "y":0.33333},
    {"x":0.63636,
     "y":0.38384},
    {"x":0.64646,
     "y":0.43434},
    {"x":0.68182,
     "y":0.4798},
    {"x":0.72727,
     "y":0.4798},
    {"x":0.69192,
     "y":0.43939},
    {"x":0.68687,
     "y":0.38889},
    {"x":0.66162,
     "y":0.33838},
    {"x":0.64646,
     "y":0.28788},
    {"x":0.62626,
     "y":0.23737},
    {"x":0.58081,
     "y":0.19697},
    {"x":0.5303,
     "y":0.17677},
    {"x":0.4798,
     "y":0.16667},
    {"x":0.42929,
     "y":0.16162},
    {"x":0.38384,
     "y":0.12626},
    {"x":0.34343,
     "y":0.075758},
    {"x":0.35354,
     "y":0.040404},
    {"x":0.40404,
     "y":0.050505},
    {"x":0.45455,
     "y":0.065657},
    {"x":0.50505,
     "y":0.075758},
    {"x":0.55051,
     "y":0.045455},
    {"x":0.5202,
     "y":0.0050505},
    {"x":0.4697,
     "y":0},
    {"x":0.41919,
     "y":0},
    {"x":0.36869,
     "y":0.0050505},
    {"x":0.31818,
     "y":0.015152},
    {"x":0.29798,
     "y":0.060606},
    {"x":0.30303,
     "y":0.11111},
    {"x":0.28788,
     "y":0.15657},
    {"x":0.23737,
     "y":0.15657},
    {"x":0.21717,
     "y":0.12121},
    {"x":0.22727,
     "y":0.070707},
    {"x":0.21717,
     "y":0.020202},
    {"x":0.16667,
     "y":0.020202},
    {"x":0.11616,
     "y":0.020202},
    {"x":0.065657,
     "y":0.020202},
    {"x":0.015152,
     "y":0.020202},
    {"x":0,
     "y":0.045455},
    {"x":0.050505,
     "y":0.055556},
    {"x":0.10101,
     "y":0.055556},
    {"x":0.15152,
     "y":0.060606},
    {"x":0.18182,
     "y":0.085859},
    {"x":0.15152,
     "y":0.12626},
    {"x":0.15152,
     "y":0.17677},
    {"x":0.16667,
     "y":0.22727},
    {"x":0.19192,
     "y":0.27778},
    {"x":0.20707,
     "y":0.32828},
    {"x":0.22727,
     "y":0.37879},
    {"x":0.23737,
     "y":0.42929},
    {"x":0.20202,
     "y":0.44949},
    {"x":0.15152,
     "y":0.41919},
    {"x":0.10101,
     "y":0.38384},
    {"x":0.050505,
     "y":0.36869},
    {"x":0.035354,
     "y":0.39899},
    {"x":0.055556,
     "y":0.44949},
    {"x":0.060606,
     "y":0.4697}],
 "triangles":[
    {"p1":1,
     "p2":2,
     "p3":104},
    {"p1":106,
     "p2":107,
     "p3":108},
    {"p1":106,
     "p2":108,
     "p3":109},
    {"p1":49,
     "p2":83,
     "p3":100},
    {"p1":48,
     "p2":49,
     "p3":100},
    {"p1":5,
     "p2":17,
     "p3":30},
    {"p1":23,
     "p2":26,
     "p3":30},
    {"p1":26,
     "p2":28,
     "p3":30},
    {"p1":56,
     "p2":57,
     "p3":61},
    {"p1":20,
     "p2":21,
     "p3":22},
    {"p1":5,
     "p2":6,
     "p3":17},
    {"p1":8,
     "p2":9,
     "p3":11},
    {"p1":9,
     "p2":10,
     "p3":11},
    {"p1":56,
     "p2":61,
     "p3":62},
    {"p1":74,
     "p2":75,
     "p3":76},
    {"p1":74,
     "p2":76,
     "p3":77},
    {"p1":28,
     "p2":29,
     "p3":30},
    {"p1":33,
     "p2":103,
     "p3":104},
    {"p1":4,
     "p2":33,
     "p3":104},
    {"p1":5,
     "p2":32,
     "p3":33},
    {"p1":4,
     "p2":5,
     "p3":33},
    {"p1":53,
     "p2":54,
     "p3":64},
    {"p1":50,
     "p2":51,
     "p3":68},
    {"p1":50,
     "p2":68,
     "p3":69},
    {"p1":49,
     "p2":50,
     "p3":83},
    {"p1":50,
     "p2":69,
     "p3":83},
    {"p1":84,
     "p2":98,
     "p3":99},
    {"p1":83,
     "p2":84,
     "p3":100},
    {"p1":84,
     "p2":99,
     "p3":100},
    {"p1":23,
     "p2":24,
     "p3":25},
    {"p1":23,
     "p2":25,
     "p3":26},
    {"p1":26,
     "p2":27,
     "p3":28},
    {"p1":57,
     "p2":60,
     "p3":61},
    {"p1":17,
     "p2":18,
     "p3":30},
    {"p1":18,
     "p2":19,
     "p3":20},
    {"p1":18,
     "p2":23,
     "p3":30},
    {"p1":18,
     "p2":22,
     "p3":23},
    {"p1":18,
     "p2":20,
     "p3":22},
    {"p1":11,
     "p2":12,
     "p3":13},
    {"p1":8,
     "p2":11,
     "p3":13},
    {"p1":105,
     "p2":106,
     "p3":109},
    {"p1":0,
     "p2":105,
     "p3":109},
    {"p1":1,
     "p2":104,
     "p3":105},
    {"p1":0,
     "p2":1,
     "p3":105},
    {"p1":2,
     "p2":3,
     "p3":104},
    {"p1":3,
     "p2":4,
     "p3":104},
    {"p1":55,
     "p2":56,
     "p3":62},
    {"p1":54,
     "p2":63,
     "p3":64},
    {"p1":54,
     "p2":55,
     "p3":63},
    {"p1":55,
     "p2":62,
     "p3":63},
    {"p1":69,
     "p2":82,
     "p3":83},
    {"p1":71,
     "p2":80,
     "p3":81},
    {"p1":71,
     "p2":79,
     "p3":80},
    {"p1":37,
     "p2":42,
     "p3":43},
    {"p1":46,
     "p2":102,
     "p3":103},
    {"p1":46,
     "p2":47,
     "p3":102},
    {"p1":5,
     "p2":31,
     "p3":32},
    {"p1":5,
     "p2":30,
     "p3":31},
    {"p1":51,
     "p2":67,
     "p3":68},
    {"p1":53,
     "p2":64,
     "p3":65},
    {"p1":90,
     "p2":93,
     "p3":94},
    {"p1":91,
     "p2":92,
     "p3":93},
    {"p1":90,
     "p2":91,
     "p3":93},
    {"p1":58,
     "p2":59,
     "p3":60},
    {"p1":57,
     "p2":58,
     "p3":60},
    {"p1":14,
     "p2":15,
     "p3":16},
    {"p1":6,
     "p2":16,
     "p3":17},
    {"p1":13,
     "p2":14,
     "p3":16},
    {"p1":6,
     "p2":13,
     "p3":16},
    {"p1":7,
     "p2":8,
     "p3":13},
    {"p1":6,
     "p2":7,
     "p3":13},
    {"p1":40,
     "p2":41,
     "p3":42},
    {"p1":37,
     "p2":40,
     "p3":42},
    {"p1":69,
     "p2":70,
     "p3":82},
    {"p1":70,
     "p2":81,
     "p3":82},
    {"p1":70,
     "p2":71,
     "p3":81},
    {"p1":72,
     "p2":78,
     "p3":79},
    {"p1":71,
     "p2":72,
     "p3":79},
    {"p1":35,
     "p2":44,
     "p3":45},
    {"p1":33,
     "p2":45,
     "p3":103},
    {"p1":45,
     "p2":46,
     "p3":103},
    {"p1":48,
     "p2":100,
     "p3":101},
    {"p1":47,
     "p2":48,
     "p3":101},
    {"p1":47,
     "p2":101,
     "p3":102},
    {"p1":51,
     "p2":52,
     "p3":67},
    {"p1":89,
     "p2":90,
     "p3":94},
    {"p1":36,
     "p2":37,
     "p3":43},
    {"p1":36,
     "p2":43,
     "p3":44},
    {"p1":35,
     "p2":36,
     "p3":44},
    {"p1":73,
     "p2":77,
     "p3":78},
    {"p1":72,
     "p2":73,
     "p3":78},
    {"p1":73,
     "p2":74,
     "p3":77},
    {"p1":33,
     "p2":34,
     "p3":45},
    {"p1":34,
     "p2":35,
     "p3":45},
    {"p1":52,
     "p2":66,
     "p3":67},
    {"p1":53,
     "p2":65,
     "p3":66},
    {"p1":52,
     "p2":53,
     "p3":66},
    {"p1":84,
     "p2":85,
     "p3":98},
    {"p1":89,
     "p2":94,
     "p3":95},
    {"p1":37,
     "p2":38,
     "p3":40},
    {"p1":38,
     "p2":39,
     "p3":40},
    {"p1":85,
     "p2":97,
     "p3":98},
    {"p1":85,
     "p2":96,
     "p3":97},
    {"p1":86,
     "p2":87,
     "p3":96},
    {"p1":85,
     "p2":86,
     "p3":96},
    {"p1":88,
     "p2":89,
     "p3":95},
    {"p1":87,
     "p2":88,
     "p3":96},
    {"p1":88,
     "p2":95,
     "p3":96}]
}