{"points":[
    {"x":0.097436,
     "y":0.46667},
    {"x":0.10769,
     "y":0.51795},
    {"x":0.12308,
     "y":0.56923},
    {"x":0.13846,
     "y":0.62051},
    {"x":0.16923,
     "y":0.67179},
    {"x":0.16923,
     "y":0.71795},
    {"x":0.12821,
     "y":0.75897},
    {"x":0.087179,
     "y":0.79487},
    {"x":0.092308,
     "y":0.84615},
    {"x":0.10256,
     "y":0.89744},
    {"x":0.12308,
     "y":0.94872},
    {"x":0.15385,
     "y":1},
    {"x":0.20513,
     "y":0.99487},
    {"x":0.25641,
     "y":0.98974},
    {"x":0.30769,
     "y":0.96923},
    {"x":0.34359,
     "y":0.91795},
    {"x":0.35897,
     "y":0.86667},
    {"x":0.38462,
     "y":0.83077},
    {"x":0.39487,
     "y":0.88205},
    {"x":0.42051,
     "y":0.93333},
    {"x":0.47179,
     "y":0.95385},
    {"x":0.52308,
     "y":0.95385},
    {"x":0.57436,
     "y":0.94872},
    {"x":0.62564,
     "y":0.92308},
    {"x":0.65641,
     "y":0.87179},
    {"x":0.66154,
     "y":0.82051},
    {"x":0.65128,
     "y":0.76923},
    {"x":0.6359,
     "y":0.71795},
    {"x":0.59487,
     "y":0.67179},
    {"x":0.54359,
     "y":0.65641},
    {"x":0.49231,
     "y":0.66154},
    {"x":0.44615,
     "y":0.65128},
    {"x":0.4359,
     "y":0.6},
    {"x":0.41026,
     "y":0.55385},
    {"x":0.37436,
     "y":0.51282},
    {"x":0.42564,
     "y":0.49744},
    {"x":0.46667,
     "y":0.47179},
    {"x":0.50769,
     "y":0.42564},
    {"x":0.55897,
     "y":0.42564},
    {"x":0.59487,
     "y":0.39487},
    {"x":0.54359,
     "y":0.38462},
    {"x":0.52308,
     "y":0.35897},
    {"x":0.48205,
     "y":0.41026},
    {"x":0.4359,
     "y":0.45641},
    {"x":0.38462,
     "y":0.45641},
    {"x":0.37949,
     "y":0.41026},
    {"x":0.38974,
     "y":0.35897},
    {"x":0.41026,
     "y":0.30769},
    {"x":0.41538,
     "y":0.25641},
    {"x":0.44103,
     "y":0.21026},
    {"x":0.49231,
     "y":0.20513},
    {"x":0.54359,
     "y":0.21026},
    {"x":0.58974,
     "y":0.24103},
    {"x":0.62051,
     "y":0.29231},
    {"x":0.64615,
     "y":0.34359},
    {"x":0.65641,
     "y":0.39487},
    {"x":0.66154,
     "y":0.44615},
    {"x":0.69744,
     "y":0.48718},
    {"x":0.71795,
     "y":0.47692},
    {"x":0.68205,
     "y":0.42564},
    {"x":0.68205,
     "y":0.37436},
    {"x":0.66667,
     "y":0.32308},
    {"x":0.66667,
     "y":0.27179},
    {"x":0.65128,
     "y":0.22051},
    {"x":0.6,
     "y":0.18462},
    {"x":0.54872,
     "y":0.17436},
    {"x":0.49744,
     "y":0.17436},
    {"x":0.44615,
     "y":0.17436},
    {"x":0.4,
     "y":0.14359},
    {"x":0.39487,
     "y":0.092308},
    {"x":0.41026,
     "y":0.05641},
    {"x":0.46154,
     "y":0.061538},
    {"x":0.51282,
     "y":0.061538},
    {"x":0.55897,
     "y":0.046154},
    {"x":0.52308,
     "y":0.015385},
    {"x":0.47179,
     "y":0.015385},
    {"x":0.42051,
     "y":0.020513},
    {"x":0.36923,
     "y":0.025641},
    {"x":0.32308,
     "y":0.030769},
    {"x":0.33846,
     "y":0.082051},
    {"x":0.35385,
     "y":0.13333},
    {"x":0.30256,
     "y":0.13333},
    {"x":0.25128,
     "y":0.12308},
    {"x":0.24103,
     "y":0.071795},
    {"x":0.22051,
     "y":0.020513},
    {"x":0.16923,
     "y":0.015385},
    {"x":0.11795,
     "y":0.015385},
    {"x":0.066667,
     "y":0.015385},
    {"x":0.015385,
     "y":0},
    {"x":0,
     "y":0.025641},
    {"x":0.041026,
     "y":0.05641},
    {"x":0.092308,
     "y":0.05641},
    {"x":0.14359,
     "y":0.05641},
    {"x":0.19487,
     "y":0.05641},
    {"x":0.2,
     "y":0.087179},
    {"x":0.17436,
     "y":0.13846},
    {"x":0.16923,
     "y":0.18974},
    {"x":0.17949,
     "y":0.24103},
    {"x":0.17949,
     "y":0.29231},
    {"x":0.2,
     "y":0.34359},
    {"x":0.17949,
     "y":0.37949},
    {"x":0.12821,
     "y":0.35385},
    {"x":0.076923,
     "y":0.35385},
    {"x":0.066667,
     "y":0.39487},
    {"x":0.087179,
     "y":0.44615},
    {"x":0.097436,
     "y":0.46667}],
 "triangles":[
    {"p1":9,
     "p2":13,
     "p3":15},
    {"p1":101,
     "p2":102,
     "p3":103},
    {"p1":100,
     "p2":101,
     "p3":104},
    {"p1":101,
     "p2":103,
     "p3":104},
    {"p1":9,
     "p2":10,
     "p3":12},
    {"p1":9,
     "p2":12,
     "p3":13},
    {"p1":10,
     "p2":11,
     "p3":12},
    {"p1":47,
     "p2":48,
     "p3":98},
    {"p1":71,
     "p2":75,
     "p3":76},
    {"p1":13,
     "p2":14,
     "p3":15},
    {"p1":17,
     "p2":21,
     "p3":26},
    {"p1":17,
     "p2":18,
     "p3":21},
    {"p1":18,
     "p2":20,
     "p3":21},
    {"p1":17,
     "p2":26,
     "p3":30},
    {"p1":70,
     "p2":71,
     "p3":76},
    {"p1":47,
     "p2":98,
     "p3":99},
    {"p1":48,
     "p2":97,
     "p3":98},
    {"p1":57,
     "p2":58,
     "p3":59},
    {"p1":38,
     "p2":39,
     "p3":40},
    {"p1":48,
     "p2":68,
     "p3":80},
    {"p1":48,
     "p2":49,
     "p3":68},
    {"p1":68,
     "p2":69,
     "p3":80},
    {"p1":72,
     "p2":73,
     "p3":74},
    {"p1":71,
     "p2":72,
     "p3":75},
    {"p1":72,
     "p2":74,
     "p3":75},
    {"p1":18,
     "p2":19,
     "p3":20},
    {"p1":9,
     "p2":15,
     "p3":16},
    {"p1":21,
     "p2":25,
     "p3":26},
    {"p1":17,
     "p2":30,
     "p3":31},
    {"p1":4,
     "p2":31,
     "p3":32},
    {"p1":0,
     "p2":100,
     "p3":104},
    {"p1":0,
     "p2":1,
     "p3":100},
    {"p1":34,
     "p2":44,
     "p3":100},
    {"p1":1,
     "p2":34,
     "p3":100},
    {"p1":81,
     "p2":82,
     "p3":97},
    {"p1":48,
     "p2":80,
     "p3":81},
    {"p1":48,
     "p2":81,
     "p3":97},
    {"p1":82,
     "p2":95,
     "p3":96},
    {"p1":82,
     "p2":96,
     "p3":97},
    {"p1":70,
     "p2":76,
     "p3":77},
    {"p1":69,
     "p2":70,
     "p3":77},
    {"p1":53,
     "p2":54,
     "p3":61},
    {"p1":46,
     "p2":47,
     "p3":99},
    {"p1":56,
     "p2":57,
     "p3":59},
    {"p1":55,
     "p2":56,
     "p3":59},
    {"p1":5,
     "p2":16,
     "p3":17},
    {"p1":5,
     "p2":17,
     "p3":31},
    {"p1":4,
     "p2":5,
     "p3":31},
    {"p1":22,
     "p2":24,
     "p3":25},
    {"p1":21,
     "p2":22,
     "p3":25},
    {"p1":22,
     "p2":23,
     "p3":24},
    {"p1":26,
     "p2":27,
     "p3":30},
    {"p1":1,
     "p2":2,
     "p3":34},
    {"p1":82,
     "p2":94,
     "p3":95},
    {"p1":82,
     "p2":83,
     "p3":94},
    {"p1":87,
     "p2":90,
     "p3":91},
    {"p1":88,
     "p2":89,
     "p3":90},
    {"p1":87,
     "p2":88,
     "p3":90},
    {"p1":69,
     "p2":79,
     "p3":80},
    {"p1":69,
     "p2":77,
     "p3":79},
    {"p1":53,
     "p2":62,
     "p3":63},
    {"p1":53,
     "p2":61,
     "p3":62},
    {"p1":54,
     "p2":60,
     "p3":61},
    {"p1":54,
     "p2":55,
     "p3":60},
    {"p1":55,
     "p2":59,
     "p3":60},
    {"p1":45,
     "p2":46,
     "p3":99},
    {"p1":44,
     "p2":45,
     "p3":100},
    {"p1":45,
     "p2":99,
     "p3":100},
    {"p1":35,
     "p2":36,
     "p3":43},
    {"p1":35,
     "p2":43,
     "p3":44},
    {"p1":34,
     "p2":35,
     "p3":44},
    {"p1":37,
     "p2":38,
     "p3":40},
    {"p1":52,
     "p2":53,
     "p3":63},
    {"p1":49,
     "p2":67,
     "p3":68},
    {"p1":6,
     "p2":7,
     "p3":8},
    {"p1":5,
     "p2":6,
     "p3":16},
    {"p1":6,
     "p2":8,
     "p3":9},
    {"p1":6,
     "p2":9,
     "p3":16},
    {"p1":27,
     "p2":29,
     "p3":30},
    {"p1":27,
     "p2":28,
     "p3":29},
    {"p1":3,
     "p2":4,
     "p3":34},
    {"p1":2,
     "p2":3,
     "p3":34},
    {"p1":85,
     "p2":92,
     "p3":93},
    {"p1":84,
     "p2":85,
     "p3":93},
    {"p1":83,
     "p2":84,
     "p3":93},
    {"p1":83,
     "p2":93,
     "p3":94},
    {"p1":86,
     "p2":91,
     "p3":92},
    {"p1":86,
     "p2":87,
     "p3":91},
    {"p1":85,
     "p2":86,
     "p3":92},
    {"p1":77,
     "p2":78,
     "p3":79},
    {"p1":4,
     "p2":32,
     "p3":33},
    {"p1":4,
     "p2":33,
     "p3":34},
    {"p1":40,
     "p2":41,
     "p3":42},
    {"p1":37,
     "p2":40,
     "p3":42},
    {"p1":36,
     "p2":42,
     "p3":43},
    {"p1":36,
     "p2":37,
     "p3":42},
    {"p1":52,
     "p2":63,
     "p3":64},
    {"p1":51,
     "p2":64,
     "p3":65},
    {"p1":51,
     "p2":52,
     "p3":64},
    {"p1":51,
     "p2":65,
     "p3":66},
    {"p1":50,
     "p2":51,
     "p3":66},
    {"p1":49,
     "p2":50,
     "p3":67},
    {"p1":50,
     "p2":66,
     "p3":67}]
}