{"points":[
    {"x":0.051813,
     "y":0.46632},
    {"x":0.082902,
     "y":0.51813},
    {"x":0.10881,
     "y":0.56995},
    {"x":0.15026,
     "y":0.62176},
    {"x":0.17617,
     "y":0.67358},
    {"x":0.19689,
     "y":0.72539},
    {"x":0.18135,
     "y":0.7772},
    {"x":0.15026,
     "y":0.82902},
    {"x":0.14508,
     "y":0.88083},
    {"x":0.15026,
     "y":0.93264},
    {"x":0.1658,
     "y":0.98446},
    {"x":0.21762,
     "y":1},
    {"x":0.26943,
     "y":1},
    {"x":0.32124,
     "y":0.98964},
    {"x":0.37306,
     "y":0.95855},
    {"x":0.40415,
     "y":0.90674},
    {"x":0.40415,
     "y":0.85492},
    {"x":0.41969,
     "y":0.81347},
    {"x":0.45596,
     "y":0.8601},
    {"x":0.49741,
     "y":0.90674},
    {"x":0.54922,
     "y":0.94301},
    {"x":0.60104,
     "y":0.92746},
    {"x":0.65285,
     "y":0.88601},
    {"x":0.68394,
     "y":0.8342},
    {"x":0.68394,
     "y":0.78238},
    {"x":0.67876,
     "y":0.73057},
    {"x":0.66839,
     "y":0.67876},
    {"x":0.63212,
     "y":0.63731},
    {"x":0.58031,
     "y":0.62694},
    {"x":0.5285,
     "y":0.62694},
    {"x":0.47668,
     "y":0.63731},
    {"x":0.4456,
     "y":0.60104},
    {"x":0.39896,
     "y":0.5544},
    {"x":0.35751,
     "y":0.51813},
    {"x":0.38342,
     "y":0.48705},
    {"x":0.43523,
     "y":0.4715},
    {"x":0.48187,
     "y":0.41969},
    {"x":0.53368,
     "y":0.39378},
    {"x":0.58549,
     "y":0.37824},
    {"x":0.55959,
     "y":0.35751},
    {"x":0.52332,
     "y":0.34715},
    {"x":0.50777,
     "y":0.31606},
    {"x":0.4715,
     "y":0.36788},
    {"x":0.42487,
     "y":0.41969},
    {"x":0.37824,
     "y":0.4456},
    {"x":0.34715,
     "y":0.40933},
    {"x":0.36269,
     "y":0.35751},
    {"x":0.3886,
     "y":0.3057},
    {"x":0.40933,
     "y":0.25389},
    {"x":0.43523,
     "y":0.20207},
    {"x":0.48705,
     "y":0.19171},
    {"x":0.53886,
     "y":0.19171},
    {"x":0.59067,
     "y":0.2228},
    {"x":0.62176,
     "y":0.27461},
    {"x":0.63212,
     "y":0.32642},
    {"x":0.64249,
     "y":0.37824},
    {"x":0.67876,
     "y":0.42487},
    {"x":0.72539,
     "y":0.46632},
    {"x":0.71503,
     "y":0.44041},
    {"x":0.68394,
     "y":0.39378},
    {"x":0.67876,
     "y":0.34197},
    {"x":0.66321,
     "y":0.29016},
    {"x":0.64767,
     "y":0.23834},
    {"x":0.62176,
     "y":0.18653},
    {"x":0.56995,
     "y":0.15544},
    {"x":0.51813,
     "y":0.14508},
    {"x":0.46632,
     "y":0.14508},
    {"x":0.41451,
     "y":0.1399},
    {"x":0.37824,
     "y":0.088083},
    {"x":0.3886,
     "y":0.041451},
    {"x":0.44041,
     "y":0.051813},
    {"x":0.49223,
     "y":0.051813},
    {"x":0.54404,
     "y":0.046632},
    {"x":0.55959,
     "y":0},
    {"x":0.50777,
     "y":0.0051813},
    {"x":0.45596,
     "y":0.0051813},
    {"x":0.40415,
     "y":0.010363},
    {"x":0.35233,
     "y":0.010363},
    {"x":0.31606,
     "y":0.025907},
    {"x":0.33679,
     "y":0.07772},
    {"x":0.31606,
     "y":0.11399},
    {"x":0.26425,
     "y":0.11399},
    {"x":0.22798,
     "y":0.088083},
    {"x":0.23316,
     "y":0.036269},
    {"x":0.21244,
     "y":0},
    {"x":0.16062,
     "y":0},
    {"x":0.10881,
     "y":0},
    {"x":0.056995,
     "y":0},
    {"x":0.0051813,
     "y":0},
    {"x":0,
     "y":0.036269},
    {"x":0.051813,
     "y":0.056995},
    {"x":0.10363,
     "y":0.051813},
    {"x":0.15544,
     "y":0.036269},
    {"x":0.17617,
     "y":0.062176},
    {"x":0.14508,
     "y":0.11399},
    {"x":0.14508,
     "y":0.1658},
    {"x":0.16062,
     "y":0.21762},
    {"x":0.1658,
     "y":0.26943},
    {"x":0.18653,
     "y":0.32124},
    {"x":0.21762,
     "y":0.37306},
    {"x":0.23834,
     "y":0.42487},
    {"x":0.21244,
     "y":0.4456},
    {"x":0.16062,
     "y":0.43523},
    {"x":0.10881,
     "y":0.41451},
    {"x":0.056995,
     "y":0.40415},
    {"x":0.036269,
     "y":0.43005},
    {"x":0.051813,
     "y":0.46632}],
 "triangles":[
    {"p1":2,
     "p2":101,
     "p3":102},
    {"p1":87,
     "p2":88,
     "p3":89},
    {"p1":87,
     "p2":89,
     "p3":90},
    {"p1":1,
     "p2":2,
     "p3":102},
    {"p1":2,
     "p2":3,
     "p3":101},
    {"p1":84,
     "p2":92,
     "p3":93},
    {"p1":40,
     "p2":41,
     "p3":42},
    {"p1":37,
     "p2":40,
     "p3":42},
    {"p1":37,
     "p2":39,
     "p3":40},
    {"p1":4,
     "p2":5,
     "p3":32},
    {"p1":46,
     "p2":98,
     "p3":99},
    {"p1":1,
     "p2":102,
     "p3":103},
    {"p1":49,
     "p2":66,
     "p3":67},
    {"p1":48,
     "p2":49,
     "p3":67},
    {"p1":18,
     "p2":24,
     "p3":25},
    {"p1":22,
     "p2":23,
     "p3":24},
    {"p1":18,
     "p2":22,
     "p3":24},
    {"p1":19,
     "p2":21,
     "p3":22},
    {"p1":18,
     "p2":19,
     "p3":22},
    {"p1":0,
     "p2":1,
     "p3":103},
    {"p1":9,
     "p2":11,
     "p3":12},
    {"p1":9,
     "p2":10,
     "p3":11},
    {"p1":5,
     "p2":6,
     "p3":17},
    {"p1":6,
     "p2":16,
     "p3":17},
    {"p1":82,
     "p2":94,
     "p3":95},
    {"p1":82,
     "p2":93,
     "p3":94},
    {"p1":84,
     "p2":85,
     "p3":92},
    {"p1":85,
     "p2":86,
     "p3":92},
    {"p1":56,
     "p2":57,
     "p3":58},
    {"p1":56,
     "p2":58,
     "p3":59},
    {"p1":37,
     "p2":38,
     "p3":39},
    {"p1":53,
     "p2":54,
     "p3":61},
    {"p1":54,
     "p2":60,
     "p3":61},
    {"p1":53,
     "p2":61,
     "p3":62},
    {"p1":82,
     "p2":83,
     "p3":93},
    {"p1":83,
     "p2":84,
     "p3":93},
    {"p1":81,
     "p2":82,
     "p3":95},
    {"p1":81,
     "p2":95,
     "p3":96},
    {"p1":81,
     "p2":96,
     "p3":97},
    {"p1":72,
     "p2":73,
     "p3":74},
    {"p1":71,
     "p2":74,
     "p3":75},
    {"p1":71,
     "p2":72,
     "p3":74},
    {"p1":17,
     "p2":18,
     "p3":29},
    {"p1":18,
     "p2":25,
     "p3":29},
    {"p1":47,
     "p2":97,
     "p3":98},
    {"p1":46,
     "p2":47,
     "p3":98},
    {"p1":47,
     "p2":48,
     "p3":81},
    {"p1":47,
     "p2":81,
     "p3":97},
    {"p1":0,
     "p2":104,
     "p3":105},
    {"p1":0,
     "p2":103,
     "p3":104},
    {"p1":19,
     "p2":20,
     "p3":21},
    {"p1":14,
     "p2":15,
     "p3":16},
    {"p1":13,
     "p2":14,
     "p3":16},
    {"p1":86,
     "p2":91,
     "p3":92},
    {"p1":86,
     "p2":87,
     "p3":91},
    {"p1":87,
     "p2":90,
     "p3":91},
    {"p1":55,
     "p2":56,
     "p3":59},
    {"p1":55,
     "p2":59,
     "p3":60},
    {"p1":54,
     "p2":55,
     "p3":60},
    {"p1":52,
     "p2":53,
     "p3":62},
    {"p1":49,
     "p2":50,
     "p3":66},
    {"p1":50,
     "p2":65,
     "p3":66},
    {"p1":50,
     "p2":51,
     "p3":65},
    {"p1":69,
     "p2":76,
     "p3":77},
    {"p1":69,
     "p2":77,
     "p3":79},
    {"p1":68,
     "p2":69,
     "p3":79},
    {"p1":70,
     "p2":71,
     "p3":75},
    {"p1":70,
     "p2":75,
     "p3":76},
    {"p1":69,
     "p2":70,
     "p3":76},
    {"p1":3,
     "p2":33,
     "p3":101},
    {"p1":3,
     "p2":4,
     "p3":33},
    {"p1":4,
     "p2":32,
     "p3":33},
    {"p1":45,
     "p2":46,
     "p3":99},
    {"p1":33,
     "p2":44,
     "p3":45},
    {"p1":5,
     "p2":17,
     "p3":31},
    {"p1":5,
     "p2":31,
     "p3":32},
    {"p1":25,
     "p2":28,
     "p3":29},
    {"p1":26,
     "p2":27,
     "p3":28},
    {"p1":25,
     "p2":26,
     "p3":28},
    {"p1":8,
     "p2":12,
     "p3":13},
    {"p1":8,
     "p2":9,
     "p3":12},
    {"p1":6,
     "p2":7,
     "p3":8},
    {"p1":6,
     "p2":8,
     "p3":16},
    {"p1":8,
     "p2":13,
     "p3":16},
    {"p1":52,
     "p2":62,
     "p3":63},
    {"p1":77,
     "p2":78,
     "p3":79},
    {"p1":48,
     "p2":67,
     "p3":80},
    {"p1":48,
     "p2":80,
     "p3":81},
    {"p1":67,
     "p2":68,
     "p3":80},
    {"p1":68,
     "p2":79,
     "p3":80},
    {"p1":36,
     "p2":37,
     "p3":42},
    {"p1":36,
     "p2":42,
     "p3":43},
    {"p1":33,
     "p2":34,
     "p3":44},
    {"p1":33,
     "p2":100,
     "p3":101},
    {"p1":33,
     "p2":45,
     "p3":100},
    {"p1":45,
     "p2":99,
     "p3":100},
    {"p1":17,
     "p2":29,
     "p3":30},
    {"p1":17,
     "p2":30,
     "p3":31},
    {"p1":51,
     "p2":64,
     "p3":65},
    {"p1":51,
     "p2":52,
     "p3":64},
    {"p1":52,
     "p2":63,
     "p3":64},
    {"p1":35,
     "p2":36,
     "p3":43},
    {"p1":35,
     "p2":43,
     "p3":44},
    {"p1":34,
     "p2":35,
     "p3":44}]
}