{"points":[
    {"x":0.036082,
     "y":0.46907},
    {"x":0.056701,
     "y":0.52062},
    {"x":0.097938,
     "y":0.57216},
    {"x":0.13402,
     "y":0.62371},
    {"x":0.14433,
     "y":0.67526},
    {"x":0.1701,
     "y":0.7268},
    {"x":0.15464,
     "y":0.7732},
    {"x":0.1134,
     "y":0.81959},
    {"x":0.1134,
     "y":0.87113},
    {"x":0.11856,
     "y":0.92268},
    {"x":0.14433,
     "y":0.97423},
    {"x":0.19588,
     "y":0.99485},
    {"x":0.24742,
     "y":1},
    {"x":0.29897,
     "y":0.97938},
    {"x":0.34021,
     "y":0.93814},
    {"x":0.36082,
     "y":0.8866},
    {"x":0.36082,
     "y":0.83505},
    {"x":0.3866,
     "y":0.79897},
    {"x":0.41237,
     "y":0.84021},
    {"x":0.44845,
     "y":0.8866},
    {"x":0.5,
     "y":0.91237},
    {"x":0.55155,
     "y":0.90722},
    {"x":0.58763,
     "y":0.86082},
    {"x":0.6134,
     "y":0.80928},
    {"x":0.63402,
     "y":0.75773},
    {"x":0.63402,
     "y":0.70619},
    {"x":0.6134,
     "y":0.65464},
    {"x":0.57216,
     "y":0.61856},
    {"x":0.52062,
     "y":0.61856},
    {"x":0.46907,
     "y":0.61856},
    {"x":0.42268,
     "y":0.60309},
    {"x":0.3866,
     "y":0.55155},
    {"x":0.33505,
     "y":0.51546},
    {"x":0.36598,
     "y":0.49485},
    {"x":0.41753,
     "y":0.46392},
    {"x":0.46392,
     "y":0.42268},
    {"x":0.5,
     "y":0.39175},
    {"x":0.54639,
     "y":0.37629},
    {"x":0.51031,
     "y":0.34536},
    {"x":0.45876,
     "y":0.34536},
    {"x":0.41237,
     "y":0.39175},
    {"x":0.37629,
     "y":0.43814},
    {"x":0.32474,
     "y":0.44845},
    {"x":0.32474,
     "y":0.39691},
    {"x":0.35567,
     "y":0.34536},
    {"x":0.37113,
     "y":0.29381},
    {"x":0.3866,
     "y":0.24227},
    {"x":0.41753,
     "y":0.19588},
    {"x":0.46907,
     "y":0.19588},
    {"x":0.52062,
     "y":0.20619},
    {"x":0.56186,
     "y":0.24227},
    {"x":0.59794,
     "y":0.29381},
    {"x":0.6134,
     "y":0.34536},
    {"x":0.63918,
     "y":0.39691},
    {"x":0.67526,
     "y":0.44845},
    {"x":0.68557,
     "y":0.43814},
    {"x":0.64433,
     "y":0.3866},
    {"x":0.64433,
     "y":0.33505},
    {"x":0.63918,
     "y":0.28351},
    {"x":0.62887,
     "y":0.23196},
    {"x":0.59794,
     "y":0.18557},
    {"x":0.54639,
     "y":0.1701},
    {"x":0.49485,
     "y":0.15464},
    {"x":0.4433,
     "y":0.14948},
    {"x":0.39691,
     "y":0.13918},
    {"x":0.36082,
     "y":0.087629},
    {"x":0.37113,
     "y":0.046392},
    {"x":0.42268,
     "y":0.046392},
    {"x":0.47423,
     "y":0.046392},
    {"x":0.52577,
     "y":0.041237},
    {"x":0.52062,
     "y":0},
    {"x":0.46907,
     "y":0.0051546},
    {"x":0.41753,
     "y":0.015464},
    {"x":0.36598,
     "y":0.015464},
    {"x":0.31443,
     "y":0.015464},
    {"x":0.28866,
     "y":0.051546},
    {"x":0.31443,
     "y":0.10309},
    {"x":0.28866,
     "y":0.13402},
    {"x":0.23711,
     "y":0.12371},
    {"x":0.20619,
     "y":0.087629},
    {"x":0.21649,
     "y":0.036082},
    {"x":0.17526,
     "y":0.015464},
    {"x":0.12371,
     "y":0.015464},
    {"x":0.072165,
     "y":0.015464},
    {"x":0.020619,
     "y":0.0051546},
    {"x":0,
     "y":0.020619},
    {"x":0.046392,
     "y":0.041237},
    {"x":0.097938,
     "y":0.041237},
    {"x":0.12371,
     "y":0.06701},
    {"x":0.10825,
     "y":0.11856},
    {"x":0.11856,
     "y":0.1701},
    {"x":0.13918,
     "y":0.22165},
    {"x":0.13918,
     "y":0.2732},
    {"x":0.15464,
     "y":0.32474},
    {"x":0.19072,
     "y":0.37629},
    {"x":0.21649,
     "y":0.42784},
    {"x":0.16495,
     "y":0.42268},
    {"x":0.1134,
     "y":0.42268},
    {"x":0.061856,
     "y":0.41237},
    {"x":0.015464,
     "y":0.40206},
    {"x":0.030928,
     "y":0.45361},
    {"x":0.036082,
     "y":0.46907}],
 "triangles":[
    {"p1":9,
     "p2":10,
     "p3":11},
    {"p1":79,
     "p2":81,
     "p3":88},
    {"p1":79,
     "p2":88,
     "p3":89},
    {"p1":8,
     "p2":9,
     "p3":11},
    {"p1":81,
     "p2":82,
     "p3":88},
    {"p1":2,
     "p2":95,
     "p3":96},
    {"p1":2,
     "p2":96,
     "p3":97},
    {"p1":50,
     "p2":59,
     "p3":60},
    {"p1":11,
     "p2":12,
     "p3":13},
    {"p1":8,
     "p2":11,
     "p3":13},
    {"p1":8,
     "p2":13,
     "p3":14},
    {"p1":0,
     "p2":97,
     "p3":98},
    {"p1":1,
     "p2":2,
     "p3":97},
    {"p1":0,
     "p2":1,
     "p3":97},
    {"p1":84,
     "p2":85,
     "p3":86},
    {"p1":79,
     "p2":89,
     "p3":90},
    {"p1":78,
     "p2":79,
     "p3":90},
    {"p1":78,
     "p2":90,
     "p3":91},
    {"p1":79,
     "p2":80,
     "p3":81},
    {"p1":67,
     "p2":71,
     "p3":72},
    {"p1":50,
     "p2":51,
     "p3":59},
    {"p1":51,
     "p2":52,
     "p3":57},
    {"p1":67,
     "p2":68,
     "p3":71},
    {"p1":68,
     "p2":69,
     "p3":70},
    {"p1":68,
     "p2":70,
     "p3":71},
    {"p1":49,
     "p2":61,
     "p3":62},
    {"p1":49,
     "p2":50,
     "p3":61},
    {"p1":50,
     "p2":60,
     "p3":61},
    {"p1":20,
     "p2":21,
     "p3":22},
    {"p1":19,
     "p2":20,
     "p3":22},
    {"p1":98,
     "p2":99,
     "p3":100},
    {"p1":0,
     "p2":98,
     "p3":100},
    {"p1":82,
     "p2":87,
     "p3":88},
    {"p1":47,
     "p2":63,
     "p3":64},
    {"p1":45,
     "p2":92,
     "p3":93},
    {"p1":44,
     "p2":45,
     "p3":93},
    {"p1":44,
     "p2":93,
     "p3":94},
    {"p1":52,
     "p2":53,
     "p3":56},
    {"p1":52,
     "p2":56,
     "p3":57},
    {"p1":53,
     "p2":55,
     "p3":56},
    {"p1":53,
     "p2":54,
     "p3":55},
    {"p1":64,
     "p2":65,
     "p3":76},
    {"p1":65,
     "p2":75,
     "p3":76},
    {"p1":77,
     "p2":78,
     "p3":91},
    {"p1":77,
     "p2":91,
     "p3":92},
    {"p1":45,
     "p2":77,
     "p3":92},
    {"p1":64,
     "p2":76,
     "p3":77},
    {"p1":34,
     "p2":35,
     "p3":40},
    {"p1":35,
     "p2":39,
     "p3":40},
    {"p1":51,
     "p2":58,
     "p3":59},
    {"p1":51,
     "p2":57,
     "p3":58},
    {"p1":24,
     "p2":25,
     "p3":28},
    {"p1":23,
     "p2":24,
     "p3":28},
    {"p1":17,
     "p2":23,
     "p3":28},
    {"p1":82,
     "p2":83,
     "p3":87},
    {"p1":83,
     "p2":84,
     "p3":86},
    {"p1":83,
     "p2":86,
     "p3":87},
    {"p1":48,
     "p2":62,
     "p3":63},
    {"p1":47,
     "p2":48,
     "p3":63},
    {"p1":48,
     "p2":49,
     "p3":62},
    {"p1":43,
     "p2":94,
     "p3":95},
    {"p1":43,
     "p2":44,
     "p3":94},
    {"p1":66,
     "p2":72,
     "p3":73},
    {"p1":66,
     "p2":67,
     "p3":72},
    {"p1":66,
     "p2":73,
     "p3":74},
    {"p1":66,
     "p2":74,
     "p3":75},
    {"p1":65,
     "p2":66,
     "p3":75},
    {"p1":45,
     "p2":46,
     "p3":77},
    {"p1":46,
     "p2":47,
     "p3":64},
    {"p1":46,
     "p2":64,
     "p3":77},
    {"p1":6,
     "p2":7,
     "p3":8},
    {"p1":17,
     "p2":18,
     "p3":23},
    {"p1":18,
     "p2":22,
     "p3":23},
    {"p1":18,
     "p2":19,
     "p3":22},
    {"p1":8,
     "p2":14,
     "p3":15},
    {"p1":6,
     "p2":8,
     "p3":15},
    {"p1":5,
     "p2":6,
     "p3":16},
    {"p1":5,
     "p2":16,
     "p3":17},
    {"p1":6,
     "p2":15,
     "p3":16},
    {"p1":5,
     "p2":17,
     "p3":30},
    {"p1":34,
     "p2":40,
     "p3":41},
    {"p1":33,
     "p2":34,
     "p3":41},
    {"p1":25,
     "p2":26,
     "p3":28},
    {"p1":26,
     "p2":27,
     "p3":28},
    {"p1":36,
     "p2":37,
     "p3":38},
    {"p1":36,
     "p2":38,
     "p3":39},
    {"p1":35,
     "p2":36,
     "p3":39},
    {"p1":17,
     "p2":28,
     "p3":29},
    {"p1":17,
     "p2":29,
     "p3":30},
    {"p1":33,
     "p2":41,
     "p3":42},
    {"p1":42,
     "p2":43,
     "p3":95},
    {"p1":2,
     "p2":3,
     "p3":95},
    {"p1":4,
     "p2":5,
     "p3":32},
    {"p1":3,
     "p2":4,
     "p3":32},
    {"p1":32,
     "p2":33,
     "p3":42},
    {"p1":32,
     "p2":42,
     "p3":95},
    {"p1":3,
     "p2":32,
     "p3":95},
    {"p1":5,
     "p2":30,
     "p3":31},
    {"p1":5,
     "p2":31,
     "p3":32}]
}