{"points":[
    {"x":0.36475,
     "y":0.27459},
    {"x":0.34016,
     "y":0.31148},
    {"x":0.33197,
     "y":0.35041},
    {"x":0.32992,
     "y":0.3873},
    {"x":0.32992,
     "y":0.42213},
    {"x":0.33197,
     "y":0.46107},
    {"x":0.32582,
     "y":0.5},
    {"x":0.31762,
     "y":0.53689},
    {"x":0.30943,
     "y":0.57582},
    {"x":0.31557,
     "y":0.61066},
    {"x":0.35041,
     "y":0.625},
    {"x":0.38934,
     "y":0.625},
    {"x":0.42828,
     "y":0.6168},
    {"x":0.46516,
     "y":0.6127},
    {"x":0.5041,
     "y":0.60861},
    {"x":0.53893,
     "y":0.60246},
    {"x":0.57582,
     "y":0.59631},
    {"x":0.6127,
     "y":0.59631},
    {"x":0.64959,
     "y":0.60246},
    {"x":0.68852,
     "y":0.60861},
    {"x":0.72541,
     "y":0.6209},
    {"x":0.76025,
     "y":0.625},
    {"x":0.79918,
     "y":0.625},
    {"x":0.83811,
     "y":0.6209},
    {"x":0.875,
     "y":0.62705},
    {"x":0.90779,
     "y":0.6332},
    {"x":0.91189,
     "y":0.60041},
    {"x":0.90984,
     "y":0.56352},
    {"x":0.92213,
     "y":0.52664},
    {"x":0.93648,
     "y":0.48975},
    {"x":0.93238,
     "y":0.45492},
    {"x":0.93238,
     "y":0.42213},
    {"x":0.92623,
     "y":0.3873},
    {"x":0.92623,
     "y":0.35451},
    {"x":0.93033,
     "y":0.31762},
    {"x":0.93648,
     "y":0.27869},
    {"x":0.94877,
     "y":0.24385},
    {"x":0.96311,
     "y":0.20697},
    {"x":0.97951,
     "y":0.17008},
    {"x":0.9918,
     "y":0.13115},
    {"x":1,
     "y":0.094262},
    {"x":0.9959,
     "y":0.057377},
    {"x":0.96516,
     "y":0.034836},
    {"x":0.92623,
     "y":0.038934},
    {"x":0.8873,
     "y":0.045082},
    {"x":0.85246,
     "y":0.040984},
    {"x":0.81352,
     "y":0.036885},
    {"x":0.77664,
     "y":0.026639},
    {"x":0.73975,
     "y":0.018443},
    {"x":0.70287,
     "y":0.016393},
    {"x":0.66393,
     "y":0.02459},
    {"x":0.6332,
     "y":0.04918},
    {"x":0.61066,
     "y":0.061475},
    {"x":0.58607,
     "y":0.032787},
    {"x":0.57582,
     "y":0.055328},
    {"x":0.56762,
     "y":0.090164},
    {"x":0.53893,
     "y":0.063525},
    {"x":0.5041,
     "y":0.047131},
    {"x":0.47131,
     "y":0.036885},
    {"x":0.48361,
     "y":0.07377},
    {"x":0.45492,
     "y":0.055328},
    {"x":0.42213,
     "y":0.047131},
    {"x":0.39959,
     "y":0.034836},
    {"x":0.3709,
     "y":0.014344},
    {"x":0.34836,
     "y":0.0081967},
    {"x":0.31352,
     "y":0.0020492},
    {"x":0.28279,
     "y":0},
    {"x":0.25,
     "y":0.0040984},
    {"x":0.22336,
     "y":0.0081967},
    {"x":0.18852,
     "y":0.014344},
    {"x":0.15369,
     "y":0.034836},
    {"x":0.1332,
     "y":0.057377},
    {"x":0.11066,
     "y":0.07582},
    {"x":0.092213,
     "y":0.10451},
    {"x":0.079918,
     "y":0.125},
    {"x":0.07582,
     "y":0.14344},
    {"x":0.05123,
     "y":0.16803},
    {"x":0.045082,
     "y":0.19467},
    {"x":0.014344,
     "y":0.22131},
    {"x":0,
     "y":0.24795},
    {"x":0.034836,
     "y":0.24385},
    {"x":0.059426,
     "y":0.22131},
    {"x":0.090164,
     "y":0.22541},
    {"x":0.10656,
     "y":0.19262},
    {"x":0.12705,
     "y":0.16598},
    {"x":0.15164,
     "y":0.13525},
    {"x":0.15369,
     "y":0.096311},
    {"x":0.18033,
     "y":0.07582},
    {"x":0.21311,
     "y":0.059426},
    {"x":0.24795,
     "y":0.053279},
    {"x":0.28074,
     "y":0.055328},
    {"x":0.30328,
     "y":0.061475},
    {"x":0.33811,
     "y":0.07377},
    {"x":0.36066,
     "y":0.092213},
    {"x":0.38525,
     "y":0.11066},
    {"x":0.39549,
     "y":0.13934},
    {"x":0.41393,
     "y":0.17008},
    {"x":0.44057,
     "y":0.20082},
    {"x":0.41393,
     "y":0.19467},
    {"x":0.38934,
     "y":0.20697},
    {"x":0.42008,
     "y":0.23975},
    {"x":0.40574,
     "y":0.25205},
    {"x":0.36885,
     "y":0.27254},
    {"x":0.36475,
     "y":0.27459}],
 "triangles":[
    {"p1":8,
     "p2":9,
     "p3":10},
    {"p1":40,
     "p2":41,
     "p3":42},
    {"p1":7,
     "p2":8,
     "p3":10},
    {"p1":7,
     "p2":10,
     "p3":11},
    {"p1":81,
     "p2":82,
     "p3":83},
    {"p1":77,
     "p2":81,
     "p3":83},
    {"p1":78,
     "p2":79,
     "p3":80},
    {"p1":78,
     "p2":80,
     "p3":81},
    {"p1":77,
     "p2":78,
     "p3":81},
    {"p1":49,
     "p2":50,
     "p3":51},
    {"p1":48,
     "p2":49,
     "p3":51},
    {"p1":52,
     "p2":54,
     "p3":55},
    {"p1":55,
     "p2":59,
     "p3":97},
    {"p1":33,
     "p2":34,
     "p3":55},
    {"p1":33,
     "p2":55,
     "p3":97},
    {"p1":17,
     "p2":33,
     "p3":97},
    {"p1":68,
     "p2":69,
     "p3":88},
    {"p1":21,
     "p2":28,
     "p3":30},
    {"p1":28,
     "p2":29,
     "p3":30},
    {"p1":23,
     "p2":27,
     "p3":28},
    {"p1":20,
     "p2":21,
     "p3":30},
    {"p1":7,
     "p2":11,
     "p3":12},
    {"p1":6,
     "p2":7,
     "p3":12},
    {"p1":4,
     "p2":5,
     "p3":15},
    {"p1":5,
     "p2":14,
     "p3":15},
    {"p1":40,
     "p2":42,
     "p3":43},
    {"p1":47,
     "p2":48,
     "p3":51},
    {"p1":36,
     "p2":45,
     "p3":46},
    {"p1":36,
     "p2":37,
     "p3":45},
    {"p1":52,
     "p2":53,
     "p3":54},
    {"p1":60,
     "p2":94,
     "p3":95},
    {"p1":59,
     "p2":60,
     "p3":95},
    {"p1":57,
     "p2":58,
     "p3":59},
    {"p1":59,
     "p2":95,
     "p3":96},
    {"p1":59,
     "p2":96,
     "p3":97},
    {"p1":3,
     "p2":4,
     "p3":101},
    {"p1":2,
     "p2":3,
     "p3":101},
    {"p1":15,
     "p2":16,
     "p3":101},
    {"p1":4,
     "p2":15,
     "p3":101},
    {"p1":76,
     "p2":77,
     "p3":83},
    {"p1":75,
     "p2":76,
     "p3":83},
    {"p1":75,
     "p2":83,
     "p3":84},
    {"p1":69,
     "p2":70,
     "p3":87},
    {"p1":69,
     "p2":87,
     "p3":88},
    {"p1":70,
     "p2":71,
     "p3":87},
    {"p1":67,
     "p2":68,
     "p3":89},
    {"p1":68,
     "p2":88,
     "p3":89},
    {"p1":23,
     "p2":24,
     "p3":27},
    {"p1":21,
     "p2":22,
     "p3":28},
    {"p1":22,
     "p2":23,
     "p3":28},
    {"p1":24,
     "p2":25,
     "p3":26},
    {"p1":24,
     "p2":26,
     "p3":27},
    {"p1":5,
     "p2":13,
     "p3":14},
    {"p1":5,
     "p2":6,
     "p3":13},
    {"p1":6,
     "p2":12,
     "p3":13},
    {"p1":17,
     "p2":18,
     "p3":33},
    {"p1":18,
     "p2":32,
     "p3":33},
    {"p1":37,
     "p2":44,
     "p3":45},
    {"p1":35,
     "p2":47,
     "p3":51},
    {"p1":35,
     "p2":51,
     "p3":52},
    {"p1":35,
     "p2":46,
     "p3":47},
    {"p1":34,
     "p2":35,
     "p3":55},
    {"p1":35,
     "p2":52,
     "p3":55},
    {"p1":35,
     "p2":36,
     "p3":46},
    {"p1":60,
     "p2":61,
     "p3":94},
    {"p1":55,
     "p2":56,
     "p3":59},
    {"p1":56,
     "p2":57,
     "p3":59},
    {"p1":0,
     "p2":1,
     "p3":102},
    {"p1":1,
     "p2":2,
     "p3":102},
    {"p1":2,
     "p2":101,
     "p3":102},
    {"p1":73,
     "p2":84,
     "p3":85},
    {"p1":71,
     "p2":86,
     "p3":87},
    {"p1":73,
     "p2":85,
     "p3":86},
    {"p1":66,
     "p2":67,
     "p3":90},
    {"p1":67,
     "p2":89,
     "p3":90},
    {"p1":65,
     "p2":66,
     "p3":90},
    {"p1":18,
     "p2":19,
     "p3":32},
    {"p1":19,
     "p2":31,
     "p3":32},
    {"p1":19,
     "p2":30,
     "p3":31},
    {"p1":19,
     "p2":20,
     "p3":30},
    {"p1":37,
     "p2":38,
     "p3":44},
    {"p1":98,
     "p2":99,
     "p3":100},
    {"p1":97,
     "p2":98,
     "p3":100},
    {"p1":17,
     "p2":97,
     "p3":100},
    {"p1":16,
     "p2":17,
     "p3":100},
    {"p1":16,
     "p2":100,
     "p3":101},
    {"p1":74,
     "p2":75,
     "p3":84},
    {"p1":73,
     "p2":74,
     "p3":84},
    {"p1":71,
     "p2":72,
     "p3":86},
    {"p1":72,
     "p2":73,
     "p3":86},
    {"p1":64,
     "p2":65,
     "p3":91},
    {"p1":65,
     "p2":90,
     "p3":91},
    {"p1":39,
     "p2":43,
     "p3":44},
    {"p1":38,
     "p2":39,
     "p3":44},
    {"p1":39,
     "p2":40,
     "p3":43},
    {"p1":63,
     "p2":64,
     "p3":92},
    {"p1":64,
     "p2":91,
     "p3":92},
    {"p1":62,
     "p2":63,
     "p3":92},
    {"p1":62,
     "p2":92,
     "p3":93},
    {"p1":61,
     "p2":93,
     "p3":94},
    {"p1":61,
     "p2":62,
     "p3":93}]
}