{"points":[
    {"x":0.070707,
     "y":0.49832},
    {"x":0.047138,
     "y":0.52189},
    {"x":0.023569,
     "y":0.54209},
    {"x":0.013468,
     "y":0.56902},
    {"x":0.003367,
     "y":0.59596},
    {"x":0,
     "y":0.6229},
    {"x":0.013468,
     "y":0.64983},
    {"x":0.037037,
     "y":0.67003},
    {"x":0.063973,
     "y":0.69024},
    {"x":0.090909,
     "y":0.71044},
    {"x":0.11785,
     "y":0.72727},
    {"x":0.14478,
     "y":0.74074},
    {"x":0.16835,
     "y":0.75758},
    {"x":0.19529,
     "y":0.77441},
    {"x":0.21886,
     "y":0.79461},
    {"x":0.24242,
     "y":0.81818},
    {"x":0.26263,
     "y":0.83838},
    {"x":0.28283,
     "y":0.86532},
    {"x":0.30303,
     "y":0.89226},
    {"x":0.32997,
     "y":0.91919},
    {"x":0.3468,
     "y":0.94613},
    {"x":0.367,
     "y":0.97306},
    {"x":0.3771,
     "y":1},
    {"x":0.40404,
     "y":1},
    {"x":0.41414,
     "y":0.97306},
    {"x":0.42761,
     "y":0.94613},
    {"x":0.44444,
     "y":0.91919},
    {"x":0.46801,
     "y":0.89226},
    {"x":0.48822,
     "y":0.86532},
    {"x":0.50842,
     "y":0.83838},
    {"x":0.52525,
     "y":0.81481},
    {"x":0.54209,
     "y":0.79461},
    {"x":0.56566,
     "y":0.77441},
    {"x":0.58586,
     "y":0.75758},
    {"x":0.60943,
     "y":0.73737},
    {"x":0.63636,
     "y":0.7138},
    {"x":0.6633,
     "y":0.6936},
    {"x":0.68687,
     "y":0.6734},
    {"x":0.70707,
     "y":0.65657},
    {"x":0.72727,
     "y":0.63636},
    {"x":0.74411,
     "y":0.61616},
    {"x":0.75758,
     "y":0.58923},
    {"x":0.75421,
     "y":0.56229},
    {"x":0.74747,
     "y":0.53535},
    {"x":0.72727,
     "y":0.51178},
    {"x":0.70707,
     "y":0.48822},
    {"x":0.68013,
     "y":0.46465},
    {"x":0.65657,
     "y":0.44781},
    {"x":0.62963,
     "y":0.43098},
    {"x":0.60269,
     "y":0.41414},
    {"x":0.57576,
     "y":0.39731},
    {"x":0.55219,
     "y":0.38384},
    {"x":0.52862,
     "y":0.367},
    {"x":0.50168,
     "y":0.3569},
    {"x":0.47475,
     "y":0.35017},
    {"x":0.45118,
     "y":0.34343},
    {"x":0.45791,
     "y":0.3165},
    {"x":0.45791,
     "y":0.28956},
    {"x":0.44108,
     "y":0.27609},
    {"x":0.41751,
     "y":0.26936},
    {"x":0.40741,
     "y":0.24242},
    {"x":0.40741,
     "y":0.21549},
    {"x":0.41414,
     "y":0.19192},
    {"x":0.40404,
     "y":0.16835},
    {"x":0.40067,
     "y":0.14141},
    {"x":0.39731,
     "y":0.11448},
    {"x":0.38721,
     "y":0.087542},
    {"x":0.37374,
     "y":0.060606},
    {"x":0.35354,
     "y":0.037037},
    {"x":0.32997,
     "y":0.016835},
    {"x":0.30303,
     "y":0.006734},
    {"x":0.27609,
     "y":0},
    {"x":0.24916,
     "y":0},
    {"x":0.22222,
     "y":0.006734},
    {"x":0.19529,
     "y":0.013468},
    {"x":0.16835,
     "y":0.030303},
    {"x":0.14478,
     "y":0.050505},
    {"x":0.14478,
     "y":0.074074},
    {"x":0.17172,
     "y":0.070707},
    {"x":0.19529,
     "y":0.057239},
    {"x":0.21886,
     "y":0.03367},
    {"x":0.23232,
     "y":0.053872},
    {"x":0.25926,
     "y":0.043771},
    {"x":0.2862,
     "y":0.03367},
    {"x":0.31313,
     "y":0.050505},
    {"x":0.33333,
     "y":0.074074},
    {"x":0.34343,
     "y":0.10101},
    {"x":0.35354,
     "y":0.12795},
    {"x":0.3569,
     "y":0.15488},
    {"x":0.3569,
     "y":0.18182},
    {"x":0.3569,
     "y":0.20875},
    {"x":0.35354,
     "y":0.23569},
    {"x":0.3367,
     "y":0.26263},
    {"x":0.3165,
     "y":0.2862},
    {"x":0.29293,
     "y":0.29293},
    {"x":0.2963,
     "y":0.31987},
    {"x":0.29966,
     "y":0.3468},
    {"x":0.27609,
     "y":0.35017},
    {"x":0.24916,
     "y":0.3569},
    {"x":0.22222,
     "y":0.37374},
    {"x":0.19529,
     "y":0.39057},
    {"x":0.17172,
     "y":0.41077},
    {"x":0.14478,
     "y":0.43098},
    {"x":0.12458,
     "y":0.45118},
    {"x":0.097643,
     "y":0.47475},
    {"x":0.070707,
     "y":0.49832},
    {"x":0.070707,
     "y":0.49832}],
 "triangles":[
    {"p1":74,
     "p2":75,
     "p3":79},
    {"p1":74,
     "p2":79,
     "p3":80},
    {"p1":72,
     "p2":73,
     "p3":80},
    {"p1":73,
     "p2":74,
     "p3":80},
    {"p1":31,
     "p2":55,
     "p3":96},
    {"p1":71,
     "p2":72,
     "p3":82},
    {"p1":80,
     "p2":81,
     "p3":82},
    {"p1":72,
     "p2":80,
     "p3":82},
    {"p1":59,
     "p2":60,
     "p3":92},
    {"p1":42,
     "p2":43,
     "p3":44},
    {"p1":39,
     "p2":42,
     "p3":44},
    {"p1":76,
     "p2":77,
     "p3":78},
    {"p1":75,
     "p2":78,
     "p3":79},
    {"p1":75,
     "p2":76,
     "p3":78},
    {"p1":40,
     "p2":41,
     "p3":42},
    {"p1":39,
     "p2":40,
     "p3":42},
    {"p1":55,
     "p2":56,
     "p3":59},
    {"p1":71,
     "p2":82,
     "p3":83},
    {"p1":59,
     "p2":92,
     "p3":93},
    {"p1":55,
     "p2":93,
     "p3":96},
    {"p1":55,
     "p2":59,
     "p3":93},
    {"p1":62,
     "p2":63,
     "p3":89},
    {"p1":62,
     "p2":89,
     "p3":90},
    {"p1":56,
     "p2":58,
     "p3":59},
    {"p1":56,
     "p2":57,
     "p3":58},
    {"p1":63,
     "p2":88,
     "p3":89},
    {"p1":68,
     "p2":84,
     "p3":85},
    {"p1":1,
     "p2":2,
     "p3":3},
    {"p1":0,
     "p2":1,
     "p3":8},
    {"p1":1,
     "p2":7,
     "p3":8},
    {"p1":1,
     "p2":3,
     "p3":7},
    {"p1":4,
     "p2":6,
     "p3":7},
    {"p1":3,
     "p2":4,
     "p3":7},
    {"p1":4,
     "p2":5,
     "p3":6},
    {"p1":35,
     "p2":48,
     "p3":49},
    {"p1":37,
     "p2":45,
     "p3":46},
    {"p1":37,
     "p2":46,
     "p3":47},
    {"p1":11,
     "p2":103,
     "p3":104},
    {"p1":16,
     "p2":29,
     "p3":30},
    {"p1":68,
     "p2":69,
     "p3":84},
    {"p1":60,
     "p2":91,
     "p3":92},
    {"p1":61,
     "p2":62,
     "p3":90},
    {"p1":60,
     "p2":61,
     "p3":91},
    {"p1":61,
     "p2":90,
     "p3":91},
    {"p1":66,
     "p2":86,
     "p3":87},
    {"p1":67,
     "p2":85,
     "p3":86},
    {"p1":66,
     "p2":67,
     "p3":86},
    {"p1":67,
     "p2":68,
     "p3":85},
    {"p1":34,
     "p2":49,
     "p3":50},
    {"p1":34,
     "p2":35,
     "p3":49},
    {"p1":38,
     "p2":39,
     "p3":44},
    {"p1":38,
     "p2":44,
     "p3":45},
    {"p1":37,
     "p2":38,
     "p3":45},
    {"p1":36,
     "p2":37,
     "p3":47},
    {"p1":35,
     "p2":36,
     "p3":48},
    {"p1":36,
     "p2":47,
     "p3":48},
    {"p1":11,
     "p2":12,
     "p3":103},
    {"p1":12,
     "p2":13,
     "p3":101},
    {"p1":10,
     "p2":11,
     "p3":104},
    {"p1":18,
     "p2":19,
     "p3":27},
    {"p1":19,
     "p2":26,
     "p3":27},
    {"p1":14,
     "p2":31,
     "p3":96},
    {"p1":13,
     "p2":14,
     "p3":96},
    {"p1":15,
     "p2":30,
     "p3":31},
    {"p1":15,
     "p2":16,
     "p3":30},
    {"p1":14,
     "p2":15,
     "p3":31},
    {"p1":31,
     "p2":32,
     "p3":55},
    {"p1":32,
     "p2":54,
     "p3":55},
    {"p1":34,
     "p2":50,
     "p3":51},
    {"p1":33,
     "p2":34,
     "p3":51},
    {"p1":51,
     "p2":53,
     "p3":54},
    {"p1":32,
     "p2":33,
     "p3":51},
    {"p1":32,
     "p2":51,
     "p3":54},
    {"p1":51,
     "p2":52,
     "p3":53},
    {"p1":70,
     "p2":83,
     "p3":84},
    {"p1":69,
     "p2":70,
     "p3":84},
    {"p1":70,
     "p2":71,
     "p3":83},
    {"p1":99,
     "p2":100,
     "p3":101},
    {"p1":13,
     "p2":96,
     "p3":99},
    {"p1":13,
     "p2":99,
     "p3":101},
    {"p1":65,
     "p2":66,
     "p3":87},
    {"p1":12,
     "p2":102,
     "p3":103},
    {"p1":12,
     "p2":101,
     "p3":102},
    {"p1":0,
     "p2":9,
     "p3":104},
    {"p1":9,
     "p2":10,
     "p3":104},
    {"p1":0,
     "p2":8,
     "p3":9},
    {"p1":21,
     "p2":24,
     "p3":25},
    {"p1":20,
     "p2":21,
     "p3":25},
    {"p1":93,
     "p2":95,
     "p3":96},
    {"p1":93,
     "p2":94,
     "p3":95},
    {"p1":64,
     "p2":87,
     "p3":88},
    {"p1":64,
     "p2":65,
     "p3":87},
    {"p1":63,
     "p2":64,
     "p3":88},
    {"p1":96,
     "p2":97,
     "p3":99},
    {"p1":97,
     "p2":98,
     "p3":99},
    {"p1":21,
     "p2":22,
     "p3":24},
    {"p1":22,
     "p2":23,
     "p3":24},
    {"p1":19,
     "p2":20,
     "p3":25},
    {"p1":19,
     "p2":25,
     "p3":26},
    {"p1":17,
     "p2":27,
     "p3":28},
    {"p1":17,
     "p2":18,
     "p3":27},
    {"p1":16,
     "p2":17,
     "p3":29},
    {"p1":17,
     "p2":28,
     "p3":29}]
}