{"points":[
    {"x":0.040268,
     "y":0.49664},
    {"x":0.020134,
     "y":0.52013},
    {"x":0.0067114,
     "y":0.54362},
    {"x":0.0033557,
     "y":0.57047},
    {"x":0,
     "y":0.59732},
    {"x":0.020134,
     "y":0.62081},
    {"x":0.040268,
     "y":0.64094},
    {"x":0.057047,
     "y":0.66107},
    {"x":0.077181,
     "y":0.67785},
    {"x":0.10403,
     "y":0.70134},
    {"x":0.13087,
     "y":0.72148},
    {"x":0.15436,
     "y":0.74161},
    {"x":0.17785,
     "y":0.76174},
    {"x":0.19799,
     "y":0.77852},
    {"x":0.21812,
     "y":0.80201},
    {"x":0.2349,
     "y":0.82215},
    {"x":0.25839,
     "y":0.84564},
    {"x":0.27852,
     "y":0.87248},
    {"x":0.29866,
     "y":0.89933},
    {"x":0.31879,
     "y":0.92617},
    {"x":0.33557,
     "y":0.95302},
    {"x":0.34564,
     "y":0.97987},
    {"x":0.36242,
     "y":1},
    {"x":0.38255,
     "y":0.98658},
    {"x":0.39597,
     "y":0.95973},
    {"x":0.41611,
     "y":0.93289},
    {"x":0.43624,
     "y":0.90604},
    {"x":0.45973,
     "y":0.87919},
    {"x":0.47987,
     "y":0.85235},
    {"x":0.5,
     "y":0.8255},
    {"x":0.52349,
     "y":0.80537},
    {"x":0.54698,
     "y":0.78523},
    {"x":0.57047,
     "y":0.7651},
    {"x":0.59732,
     "y":0.74832},
    {"x":0.62081,
     "y":0.7349},
    {"x":0.64765,
     "y":0.71812},
    {"x":0.6745,
     "y":0.70134},
    {"x":0.70134,
     "y":0.68121},
    {"x":0.72483,
     "y":0.66107},
    {"x":0.74832,
     "y":0.63758},
    {"x":0.75503,
     "y":0.61074},
    {"x":0.74832,
     "y":0.58389},
    {"x":0.73826,
     "y":0.55705},
    {"x":0.72148,
     "y":0.5302},
    {"x":0.70134,
     "y":0.51007},
    {"x":0.6745,
     "y":0.48993},
    {"x":0.64765,
     "y":0.46309},
    {"x":0.62416,
     "y":0.44295},
    {"x":0.60067,
     "y":0.42282},
    {"x":0.57383,
     "y":0.40268},
    {"x":0.55034,
     "y":0.38255},
    {"x":0.52349,
     "y":0.36242},
    {"x":0.49664,
     "y":0.35235},
    {"x":0.4698,
     "y":0.34899},
    {"x":0.45638,
     "y":0.33557},
    {"x":0.46309,
     "y":0.30872},
    {"x":0.45302,
     "y":0.28859},
    {"x":0.43289,
     "y":0.27517},
    {"x":0.41611,
     "y":0.25168},
    {"x":0.39933,
     "y":0.22483},
    {"x":0.39933,
     "y":0.19799},
    {"x":0.39933,
     "y":0.17114},
    {"x":0.39933,
     "y":0.1443},
    {"x":0.40604,
     "y":0.11745},
    {"x":0.41275,
     "y":0.090604},
    {"x":0.42953,
     "y":0.067114},
    {"x":0.45302,
     "y":0.043624},
    {"x":0.47987,
     "y":0.033557},
    {"x":0.50671,
     "y":0.050336},
    {"x":0.53356,
     "y":0.050336},
    {"x":0.54698,
     "y":0.040268},
    {"x":0.56711,
     "y":0.067114},
    {"x":0.59396,
     "y":0.067114},
    {"x":0.61745,
     "y":0.067114},
    {"x":0.60403,
     "y":0.040268},
    {"x":0.57718,
     "y":0.02349},
    {"x":0.55034,
     "y":0.010067},
    {"x":0.52349,
     "y":0.0033557},
    {"x":0.49664,
     "y":0},
    {"x":0.4698,
     "y":0.0033557},
    {"x":0.44295,
     "y":0.010067},
    {"x":0.41611,
     "y":0.02349},
    {"x":0.39597,
     "y":0.043624},
    {"x":0.37584,
     "y":0.07047},
    {"x":0.35906,
     "y":0.097315},
    {"x":0.35906,
     "y":0.12416},
    {"x":0.35235,
     "y":0.15101},
    {"x":0.35235,
     "y":0.17785},
    {"x":0.34228,
     "y":0.20134},
    {"x":0.34899,
     "y":0.22483},
    {"x":0.34564,
     "y":0.25168},
    {"x":0.32886,
     "y":0.27181},
    {"x":0.30537,
     "y":0.27517},
    {"x":0.29866,
     "y":0.29866},
    {"x":0.30201,
     "y":0.3255},
    {"x":0.29866,
     "y":0.34899},
    {"x":0.27181,
     "y":0.34899},
    {"x":0.24497,
     "y":0.35906},
    {"x":0.22148,
     "y":0.37248},
    {"x":0.19463,
     "y":0.38591},
    {"x":0.17114,
     "y":0.39933},
    {"x":0.1443,
     "y":0.41946},
    {"x":0.11745,
     "y":0.43289},
    {"x":0.090604,
     "y":0.45302},
    {"x":0.067114,
     "y":0.47315},
    {"x":0.040268,
     "y":0.49664},
    {"x":0.040268,
     "y":0.49664}],
 "triangles":[
    {"p1":13,
     "p2":31,
     "p3":95},
    {"p1":13,
     "p2":30,
     "p3":31},
    {"p1":31,
     "p2":53,
     "p3":95},
    {"p1":31,
     "p2":32,
     "p3":53},
    {"p1":13,
     "p2":14,
     "p3":30},
    {"p1":37,
     "p2":42,
     "p3":43},
    {"p1":32,
     "p2":33,
     "p3":48},
    {"p1":33,
     "p2":47,
     "p3":48},
    {"p1":33,
     "p2":46,
     "p3":47},
    {"p1":37,
     "p2":43,
     "p3":44},
    {"p1":53,
     "p2":54,
     "p3":95},
    {"p1":54,
     "p2":94,
     "p3":95},
    {"p1":7,
     "p2":8,
     "p3":104},
    {"p1":8,
     "p2":103,
     "p3":104},
    {"p1":6,
     "p2":7,
     "p3":104},
    {"p1":0,
     "p2":6,
     "p3":104},
    {"p1":95,
     "p2":97,
     "p3":98},
    {"p1":9,
     "p2":10,
     "p3":101},
    {"p1":9,
     "p2":101,
     "p3":102},
    {"p1":8,
     "p2":9,
     "p3":103},
    {"p1":9,
     "p2":102,
     "p3":103},
    {"p1":0,
     "p2":1,
     "p3":6},
    {"p1":1,
     "p2":5,
     "p3":6},
    {"p1":19,
     "p2":20,
     "p3":25},
    {"p1":14,
     "p2":29,
     "p3":30},
    {"p1":12,
     "p2":13,
     "p3":95},
    {"p1":12,
     "p2":95,
     "p3":98},
    {"p1":33,
     "p2":34,
     "p3":46},
    {"p1":20,
     "p2":21,
     "p3":24},
    {"p1":20,
     "p2":24,
     "p3":25},
    {"p1":54,
     "p2":55,
     "p3":56},
    {"p1":70,
     "p2":75,
     "p3":76},
    {"p1":70,
     "p2":76,
     "p3":77},
    {"p1":69,
     "p2":70,
     "p3":77},
    {"p1":70,
     "p2":71,
     "p3":75},
    {"p1":68,
     "p2":77,
     "p3":78},
    {"p1":68,
     "p2":69,
     "p3":77},
    {"p1":34,
     "p2":45,
     "p3":46},
    {"p1":34,
     "p2":35,
     "p3":45},
    {"p1":37,
     "p2":38,
     "p3":42},
    {"p1":38,
     "p2":41,
     "p3":42},
    {"p1":91,
     "p2":92,
     "p3":93},
    {"p1":91,
     "p2":93,
     "p3":94},
    {"p1":1,
     "p2":3,
     "p3":5},
    {"p1":1,
     "p2":2,
     "p3":3},
    {"p1":3,
     "p2":4,
     "p3":5},
    {"p1":15,
     "p2":16,
     "p3":29},
    {"p1":14,
     "p2":15,
     "p3":29},
    {"p1":17,
     "p2":18,
     "p3":27},
    {"p1":21,
     "p2":22,
     "p3":23},
    {"p1":21,
     "p2":23,
     "p3":24},
    {"p1":32,
     "p2":48,
     "p3":49},
    {"p1":32,
     "p2":49,
     "p3":53},
    {"p1":49,
     "p2":50,
     "p3":53},
    {"p1":50,
     "p2":52,
     "p3":53},
    {"p1":50,
     "p2":51,
     "p3":52},
    {"p1":72,
     "p2":73,
     "p3":74},
    {"p1":72,
     "p2":74,
     "p3":75},
    {"p1":71,
     "p2":72,
     "p3":75},
    {"p1":67,
     "p2":78,
     "p3":79},
    {"p1":67,
     "p2":68,
     "p3":78},
    {"p1":35,
     "p2":36,
     "p3":45},
    {"p1":95,
     "p2":96,
     "p3":97},
    {"p1":11,
     "p2":99,
     "p3":100},
    {"p1":11,
     "p2":98,
     "p3":99},
    {"p1":11,
     "p2":12,
     "p3":98},
    {"p1":10,
     "p2":11,
     "p3":101},
    {"p1":11,
     "p2":100,
     "p3":101},
    {"p1":16,
     "p2":28,
     "p3":29},
    {"p1":16,
     "p2":17,
     "p3":28},
    {"p1":17,
     "p2":27,
     "p3":28},
    {"p1":18,
     "p2":26,
     "p3":27},
    {"p1":18,
     "p2":19,
     "p3":26},
    {"p1":19,
     "p2":25,
     "p3":26},
    {"p1":66,
     "p2":67,
     "p3":79},
    {"p1":60,
     "p2":61,
     "p3":87},
    {"p1":60,
     "p2":87,
     "p3":88},
    {"p1":60,
     "p2":88,
     "p3":89},
    {"p1":66,
     "p2":80,
     "p3":81},
    {"p1":66,
     "p2":79,
     "p3":80},
    {"p1":65,
     "p2":66,
     "p3":81},
    {"p1":61,
     "p2":86,
     "p3":87},
    {"p1":57,
     "p2":90,
     "p3":91},
    {"p1":57,
     "p2":58,
     "p3":90},
    {"p1":54,
     "p2":57,
     "p3":94},
    {"p1":57,
     "p2":91,
     "p3":94},
    {"p1":54,
     "p2":56,
     "p3":57},
    {"p1":59,
     "p2":60,
     "p3":89},
    {"p1":59,
     "p2":89,
     "p3":90},
    {"p1":58,
     "p2":59,
     "p3":90},
    {"p1":65,
     "p2":81,
     "p3":82},
    {"p1":63,
     "p2":84,
     "p3":85},
    {"p1":62,
     "p2":63,
     "p3":85},
    {"p1":61,
     "p2":62,
     "p3":86},
    {"p1":62,
     "p2":85,
     "p3":86},
    {"p1":64,
     "p2":82,
     "p3":83},
    {"p1":64,
     "p2":65,
     "p3":82},
    {"p1":64,
     "p2":83,
     "p3":84},
    {"p1":63,
     "p2":64,
     "p3":84},
    {"p1":38,
     "p2":40,
     "p3":41},
    {"p1":38,
     "p2":39,
     "p3":40},
    {"p1":36,
     "p2":44,
     "p3":45},
    {"p1":36,
     "p2":37,
     "p3":44}]
}