{"points":[
    {"x":0.090909,
     "y":0.50369},
    {"x":0.066339,
     "y":0.543},
    {"x":0.039312,
     "y":0.58231},
    {"x":0.019656,
     "y":0.62162},
    {"x":0,
     "y":0.66093},
    {"x":0.002457,
     "y":0.70025},
    {"x":0.02457,
     "y":0.73956},
    {"x":0.056511,
     "y":0.7715},
    {"x":0.090909,
     "y":0.79853},
    {"x":0.13022,
     "y":0.82064},
    {"x":0.16953,
     "y":0.84521},
    {"x":0.20393,
     "y":0.86978},
    {"x":0.23833,
     "y":0.89435},
    {"x":0.27027,
     "y":0.91646},
    {"x":0.30958,
     "y":0.93857},
    {"x":0.34889,
     "y":0.96069},
    {"x":0.38329,
     "y":0.99263},
    {"x":0.42015,
     "y":1},
    {"x":0.45209,
     "y":0.96806},
    {"x":0.4914,
     "y":0.94103},
    {"x":0.53071,
     "y":0.91155},
    {"x":0.56511,
     "y":0.88698},
    {"x":0.59951,
     "y":0.85749},
    {"x":0.63882,
     "y":0.83292},
    {"x":0.67813,
     "y":0.81327},
    {"x":0.71744,
     "y":0.79115},
    {"x":0.75184,
     "y":0.75676},
    {"x":0.77887,
     "y":0.71744},
    {"x":0.79853,
     "y":0.67813},
    {"x":0.80344,
     "y":0.63882},
    {"x":0.78133,
     "y":0.60197},
    {"x":0.75921,
     "y":0.56757},
    {"x":0.73464,
     "y":0.52826},
    {"x":0.71007,
     "y":0.48894},
    {"x":0.6855,
     "y":0.45209},
    {"x":0.65848,
     "y":0.41769},
    {"x":0.62408,
     "y":0.38084},
    {"x":0.58477,
     "y":0.35381},
    {"x":0.54791,
     "y":0.3317},
    {"x":0.543,
     "y":0.30221},
    {"x":0.54054,
     "y":0.2629},
    {"x":0.50123,
     "y":0.24816},
    {"x":0.46192,
     "y":0.24816},
    {"x":0.457,
     "y":0.21622},
    {"x":0.4742,
     "y":0.1769},
    {"x":0.50123,
     "y":0.14005},
    {"x":0.53563,
     "y":0.11057},
    {"x":0.57494,
     "y":0.093366},
    {"x":0.61425,
     "y":0.085995},
    {"x":0.65356,
     "y":0.090909},
    {"x":0.69287,
     "y":0.11302},
    {"x":0.7199,
     "y":0.14988},
    {"x":0.72973,
     "y":0.18919},
    {"x":0.72973,
     "y":0.2285},
    {"x":0.71744,
     "y":0.26781},
    {"x":0.7027,
     "y":0.30713},
    {"x":0.69533,
     "y":0.34644},
    {"x":0.69779,
     "y":0.38575},
    {"x":0.71744,
     "y":0.42506},
    {"x":0.75184,
     "y":0.44963},
    {"x":0.79115,
     "y":0.45455},
    {"x":0.81818,
     "y":0.42506},
    {"x":0.81081,
     "y":0.38575},
    {"x":0.79853,
     "y":0.35381},
    {"x":0.79607,
     "y":0.39066},
    {"x":0.80098,
     "y":0.42998},
    {"x":0.76413,
     "y":0.43735},
    {"x":0.72727,
     "y":0.40541},
    {"x":0.71499,
     "y":0.36609},
    {"x":0.7199,
     "y":0.32678},
    {"x":0.7371,
     "y":0.28747},
    {"x":0.75184,
     "y":0.24816},
    {"x":0.76167,
     "y":0.20885},
    {"x":0.76658,
     "y":0.17199},
    {"x":0.7543,
     "y":0.13514},
    {"x":0.73219,
     "y":0.09828},
    {"x":0.69779,
     "y":0.068796},
    {"x":0.65848,
     "y":0.04914},
    {"x":0.68305,
     "y":0.031941},
    {"x":0.7199,
     "y":0.009828},
    {"x":0.69287,
     "y":0},
    {"x":0.65848,
     "y":0.009828},
    {"x":0.62408,
     "y":0.027027},
    {"x":0.59214,
     "y":0.039312},
    {"x":0.55283,
     "y":0.044226},
    {"x":0.51351,
     "y":0.054054},
    {"x":0.4742,
     "y":0.068796},
    {"x":0.43735,
     "y":0.095823},
    {"x":0.40295,
     "y":0.13268},
    {"x":0.37838,
     "y":0.17199},
    {"x":0.36364,
     "y":0.2113},
    {"x":0.34398,
     "y":0.24079},
    {"x":0.30958,
     "y":0.24816},
    {"x":0.27027,
     "y":0.25553},
    {"x":0.24324,
     "y":0.27764},
    {"x":0.25799,
     "y":0.31695},
    {"x":0.23587,
     "y":0.3317},
    {"x":0.19902,
     "y":0.35872},
    {"x":0.16708,
     "y":0.39066},
    {"x":0.14005,
     "y":0.42506},
    {"x":0.11302,
     "y":0.46192},
    {"x":0.093366,
     "y":0.50123},
    {"x":0.090909,
     "y":0.50369}],
 "triangles":[
    {"p1":93,
     "p2":94,
     "p3":95},
    {"p1":42,
     "p2":91,
     "p3":95},
    {"p1":42,
     "p2":90,
     "p3":91},
    {"p1":3,
     "p2":6,
     "p3":7},
    {"p1":3,
     "p2":4,
     "p3":5},
    {"p1":3,
     "p2":5,
     "p3":6},
    {"p1":0,
     "p2":1,
     "p3":101},
    {"p1":38,
     "p2":42,
     "p3":95},
    {"p1":22,
     "p2":38,
     "p3":99},
    {"p1":78,
     "p2":79,
     "p3":80},
    {"p1":11,
     "p2":22,
     "p3":99},
    {"p1":10,
     "p2":11,
     "p3":101},
    {"p1":11,
     "p2":99,
     "p3":101},
    {"p1":99,
     "p2":100,
     "p3":101},
    {"p1":92,
     "p2":93,
     "p3":95},
    {"p1":91,
     "p2":92,
     "p3":95},
    {"p1":44,
     "p2":87,
     "p3":88},
    {"p1":42,
     "p2":43,
     "p3":90},
    {"p1":44,
     "p2":45,
     "p3":87},
    {"p1":9,
     "p2":10,
     "p3":101},
    {"p1":1,
     "p2":9,
     "p3":101},
    {"p1":2,
     "p2":3,
     "p3":7},
    {"p1":54,
     "p2":70,
     "p3":71},
    {"p1":53,
     "p2":54,
     "p3":71},
    {"p1":22,
     "p2":37,
     "p3":38},
    {"p1":38,
     "p2":95,
     "p3":96},
    {"p1":59,
     "p2":60,
     "p3":66},
    {"p1":54,
     "p2":55,
     "p3":70},
    {"p1":58,
     "p2":59,
     "p3":66},
    {"p1":50,
     "p2":75,
     "p3":76},
    {"p1":51,
     "p2":73,
     "p3":74},
    {"p1":50,
     "p2":51,
     "p3":75},
    {"p1":51,
     "p2":74,
     "p3":75},
    {"p1":27,
     "p2":28,
     "p3":30},
    {"p1":28,
     "p2":29,
     "p3":30},
    {"p1":22,
     "p2":23,
     "p3":33},
    {"p1":23,
     "p2":32,
     "p3":33},
    {"p1":23,
     "p2":24,
     "p3":32},
    {"p1":11,
     "p2":12,
     "p3":22},
    {"p1":12,
     "p2":13,
     "p3":20},
    {"p1":15,
     "p2":18,
     "p3":19},
    {"p1":15,
     "p2":16,
     "p3":18},
    {"p1":16,
     "p2":17,
     "p3":18},
    {"p1":14,
     "p2":15,
     "p3":19},
    {"p1":14,
     "p2":19,
     "p3":20},
    {"p1":13,
     "p2":14,
     "p3":20},
    {"p1":43,
     "p2":89,
     "p3":90},
    {"p1":44,
     "p2":88,
     "p3":89},
    {"p1":43,
     "p2":44,
     "p3":89},
    {"p1":46,
     "p2":85,
     "p3":86},
    {"p1":45,
     "p2":46,
     "p3":86},
    {"p1":45,
     "p2":86,
     "p3":87},
    {"p1":1,
     "p2":8,
     "p3":9},
    {"p1":1,
     "p2":2,
     "p3":8},
    {"p1":2,
     "p2":7,
     "p3":8},
    {"p1":62,
     "p2":63,
     "p3":64},
    {"p1":61,
     "p2":62,
     "p3":64},
    {"p1":53,
     "p2":71,
     "p3":72},
    {"p1":39,
     "p2":40,
     "p3":41},
    {"p1":38,
     "p2":39,
     "p3":42},
    {"p1":39,
     "p2":41,
     "p3":42},
    {"p1":38,
     "p2":98,
     "p3":99},
    {"p1":60,
     "p2":61,
     "p3":65},
    {"p1":60,
     "p2":65,
     "p3":66},
    {"p1":61,
     "p2":64,
     "p3":65},
    {"p1":55,
     "p2":69,
     "p3":70},
    {"p1":56,
     "p2":68,
     "p3":69},
    {"p1":55,
     "p2":56,
     "p3":69},
    {"p1":22,
     "p2":33,
     "p3":34},
    {"p1":35,
     "p2":36,
     "p3":37},
    {"p1":22,
     "p2":35,
     "p3":37},
    {"p1":22,
     "p2":34,
     "p3":35},
    {"p1":49,
     "p2":50,
     "p3":76},
    {"p1":49,
     "p2":76,
     "p3":77},
    {"p1":48,
     "p2":49,
     "p3":77},
    {"p1":78,
     "p2":80,
     "p3":81},
    {"p1":77,
     "p2":78,
     "p3":81},
    {"p1":27,
     "p2":30,
     "p3":31},
    {"p1":26,
     "p2":27,
     "p3":31},
    {"p1":24,
     "p2":31,
     "p3":32},
    {"p1":24,
     "p2":25,
     "p3":31},
    {"p1":25,
     "p2":26,
     "p3":31},
    {"p1":12,
     "p2":21,
     "p3":22},
    {"p1":12,
     "p2":20,
     "p3":21},
    {"p1":58,
     "p2":66,
     "p3":67},
    {"p1":52,
     "p2":53,
     "p3":72},
    {"p1":51,
     "p2":52,
     "p3":73},
    {"p1":52,
     "p2":72,
     "p3":73},
    {"p1":38,
     "p2":96,
     "p3":97},
    {"p1":38,
     "p2":97,
     "p3":98},
    {"p1":46,
     "p2":84,
     "p3":85},
    {"p1":46,
     "p2":47,
     "p3":84},
    {"p1":57,
     "p2":58,
     "p3":67},
    {"p1":57,
     "p2":67,
     "p3":68},
    {"p1":56,
     "p2":57,
     "p3":68},
    {"p1":47,
     "p2":48,
     "p3":83},
    {"p1":47,
     "p2":83,
     "p3":84},
    {"p1":77,
     "p2":81,
     "p3":82},
    {"p1":48,
     "p2":77,
     "p3":82},
    {"p1":48,
     "p2":82,
     "p3":83}]
}