{"points":[
    {"x":0.0095541,
     "y":0.50318},
    {"x":0.019108,
     "y":0.53503},
    {"x":0.019108,
     "y":0.56688},
    {"x":0.019108,
     "y":0.59873},
    {"x":0.022293,
     "y":0.63057},
    {"x":0.028662,
     "y":0.66242},
    {"x":0.028662,
     "y":0.69427},
    {"x":0.035032,
     "y":0.72611},
    {"x":0.047771,
     "y":0.75796},
    {"x":0.05414,
     "y":0.78981},
    {"x":0.066879,
     "y":0.82166},
    {"x":0.082803,
     "y":0.85032},
    {"x":0.095541,
     "y":0.88217},
    {"x":0.11146,
     "y":0.89809},
    {"x":0.12739,
     "y":0.92994},
    {"x":0.14968,
     "y":0.94904},
    {"x":0.17516,
     "y":0.97771},
    {"x":0.1879,
     "y":0.96178},
    {"x":0.21656,
     "y":0.98408},
    {"x":0.24841,
     "y":0.99363},
    {"x":0.28025,
     "y":1},
    {"x":0.29936,
     "y":0.98408},
    {"x":0.33121,
     "y":0.98726},
    {"x":0.34076,
     "y":0.96497},
    {"x":0.37261,
     "y":0.95223},
    {"x":0.40127,
     "y":0.92994},
    {"x":0.41401,
     "y":0.89809},
    {"x":0.4172,
     "y":0.86943},
    {"x":0.40764,
     "y":0.84713},
    {"x":0.41083,
     "y":0.81529},
    {"x":0.41401,
     "y":0.78344},
    {"x":0.41401,
     "y":0.75159},
    {"x":0.40764,
     "y":0.71975},
    {"x":0.40446,
     "y":0.6879},
    {"x":0.40127,
     "y":0.65605},
    {"x":0.40127,
     "y":0.6242},
    {"x":0.40127,
     "y":0.59236},
    {"x":0.40127,
     "y":0.56051},
    {"x":0.38535,
     "y":0.52866},
    {"x":0.35669,
     "y":0.50318},
    {"x":0.3758,
     "y":0.53503},
    {"x":0.3949,
     "y":0.56688},
    {"x":0.39172,
     "y":0.59873},
    {"x":0.39172,
     "y":0.63057},
    {"x":0.39172,
     "y":0.66242},
    {"x":0.38854,
     "y":0.69427},
    {"x":0.39172,
     "y":0.72611},
    {"x":0.39172,
     "y":0.75796},
    {"x":0.38854,
     "y":0.78981},
    {"x":0.38854,
     "y":0.82166},
    {"x":0.39172,
     "y":0.8535},
    {"x":0.38854,
     "y":0.88535},
    {"x":0.37261,
     "y":0.9172},
    {"x":0.34076,
     "y":0.94268},
    {"x":0.30892,
     "y":0.95541},
    {"x":0.27707,
     "y":0.9586},
    {"x":0.24522,
     "y":0.94586},
    {"x":0.21338,
     "y":0.92038},
    {"x":0.19108,
     "y":0.89172},
    {"x":0.18471,
     "y":0.85987},
    {"x":0.17516,
     "y":0.82803},
    {"x":0.16879,
     "y":0.79618},
    {"x":0.16242,
     "y":0.76433},
    {"x":0.16561,
     "y":0.73248},
    {"x":0.16879,
     "y":0.70064},
    {"x":0.16561,
     "y":0.66879},
    {"x":0.16561,
     "y":0.63694},
    {"x":0.16242,
     "y":0.6051},
    {"x":0.15924,
     "y":0.57325},
    {"x":0.15605,
     "y":0.5414},
    {"x":0.15605,
     "y":0.50955},
    {"x":0.15605,
     "y":0.47771},
    {"x":0.14968,
     "y":0.44586},
    {"x":0.14968,
     "y":0.41401},
    {"x":0.14331,
     "y":0.38217},
    {"x":0.13694,
     "y":0.35032},
    {"x":0.13694,
     "y":0.31847},
    {"x":0.13376,
     "y":0.28662},
    {"x":0.13694,
     "y":0.25478},
    {"x":0.13694,
     "y":0.22293},
    {"x":0.13694,
     "y":0.19108},
    {"x":0.14013,
     "y":0.15924},
    {"x":0.13057,
     "y":0.12739},
    {"x":0.13694,
     "y":0.095541},
    {"x":0.13376,
     "y":0.063694},
    {"x":0.13694,
     "y":0.031847},
    {"x":0.1242,
     "y":0},
    {"x":0.092357,
     "y":0.0063694},
    {"x":0.076433,
     "y":0.031847},
    {"x":0.063694,
     "y":0.063694},
    {"x":0.050955,
     "y":0.095541},
    {"x":0.035032,
     "y":0.12739},
    {"x":0.015924,
     "y":0.15924},
    {"x":0,
     "y":0.19108},
    {"x":0,
     "y":0.22293},
    {"x":0.0031847,
     "y":0.25478},
    {"x":0.0063694,
     "y":0.28662},
    {"x":0.0063694,
     "y":0.31847},
    {"x":0.0095541,
     "y":0.35032},
    {"x":0.012739,
     "y":0.38217},
    {"x":0.0095541,
     "y":0.41401},
    {"x":0.0095541,
     "y":0.44586},
    {"x":0.0031847,
     "y":0.47771},
    {"x":0.0095541,
     "y":0.50318}],
 "triangles":[
    {"p1":7,
     "p2":63,
     "p3":64},
    {"p1":3,
     "p2":4,
     "p3":67},
    {"p1":14,
     "p2":15,
     "p3":58},
    {"p1":7,
     "p2":8,
     "p3":63},
    {"p1":8,
     "p2":62,
     "p3":63},
    {"p1":8,
     "p2":9,
     "p3":62},
    {"p1":31,
     "p2":46,
     "p3":47},
    {"p1":6,
     "p2":7,
     "p3":64},
    {"p1":37,
     "p2":38,
     "p3":40},
    {"p1":38,
     "p2":39,
     "p3":40},
    {"p1":81,
     "p2":82,
     "p3":91},
    {"p1":18,
     "p2":19,
     "p3":56},
    {"p1":19,
     "p2":20,
     "p3":55},
    {"p1":19,
     "p2":55,
     "p3":56},
    {"p1":17,
     "p2":18,
     "p3":56},
    {"p1":15,
     "p2":16,
     "p3":17},
    {"p1":12,
     "p2":13,
     "p3":59},
    {"p1":13,
     "p2":14,
     "p3":58},
    {"p1":13,
     "p2":58,
     "p3":59},
    {"p1":10,
     "p2":11,
     "p3":61},
    {"p1":9,
     "p2":10,
     "p3":62},
    {"p1":10,
     "p2":61,
     "p3":62},
    {"p1":0,
     "p2":101,
     "p3":102},
    {"p1":5,
     "p2":6,
     "p3":65},
    {"p1":6,
     "p2":64,
     "p3":65},
    {"p1":31,
     "p2":32,
     "p3":46},
    {"p1":32,
     "p2":45,
     "p3":46},
    {"p1":85,
     "p2":86,
     "p3":87},
    {"p1":85,
     "p2":87,
     "p3":88},
    {"p1":3,
     "p2":67,
     "p3":68},
    {"p1":76,
     "p2":97,
     "p3":98},
    {"p1":73,
     "p2":74,
     "p3":100},
    {"p1":74,
     "p2":99,
     "p3":100},
    {"p1":82,
     "p2":90,
     "p3":91},
    {"p1":20,
     "p2":21,
     "p3":55},
    {"p1":21,
     "p2":54,
     "p3":55},
    {"p1":21,
     "p2":22,
     "p3":54},
    {"p1":22,
     "p2":23,
     "p3":54},
    {"p1":23,
     "p2":53,
     "p3":54},
    {"p1":23,
     "p2":24,
     "p3":53},
    {"p1":25,
     "p2":26,
     "p3":52},
    {"p1":24,
     "p2":25,
     "p3":52},
    {"p1":24,
     "p2":52,
     "p3":53},
    {"p1":17,
     "p2":56,
     "p3":57},
    {"p1":15,
     "p2":57,
     "p3":58},
    {"p1":15,
     "p2":17,
     "p3":57},
    {"p1":2,
     "p2":3,
     "p3":68},
    {"p1":1,
     "p2":2,
     "p3":69},
    {"p1":2,
     "p2":68,
     "p3":69},
    {"p1":11,
     "p2":60,
     "p3":61},
    {"p1":12,
     "p2":59,
     "p3":60},
    {"p1":11,
     "p2":12,
     "p3":60},
    {"p1":30,
     "p2":31,
     "p3":47},
    {"p1":30,
     "p2":47,
     "p3":48},
    {"p1":29,
     "p2":30,
     "p3":48},
    {"p1":5,
     "p2":65,
     "p3":66},
    {"p1":4,
     "p2":5,
     "p3":66},
    {"p1":4,
     "p2":66,
     "p3":67},
    {"p1":33,
     "p2":44,
     "p3":45},
    {"p1":32,
     "p2":33,
     "p3":45},
    {"p1":75,
     "p2":76,
     "p3":98},
    {"p1":75,
     "p2":98,
     "p3":99},
    {"p1":74,
     "p2":75,
     "p3":99},
    {"p1":79,
     "p2":94,
     "p3":95},
    {"p1":78,
     "p2":79,
     "p3":95},
    {"p1":77,
     "p2":96,
     "p3":97},
    {"p1":76,
     "p2":77,
     "p3":97},
    {"p1":83,
     "p2":89,
     "p3":90},
    {"p1":82,
     "p2":83,
     "p3":90},
    {"p1":0,
     "p2":72,
     "p3":101},
    {"p1":0,
     "p2":71,
     "p3":72},
    {"p1":0,
     "p2":1,
     "p3":70},
    {"p1":0,
     "p2":70,
     "p3":71},
    {"p1":1,
     "p2":69,
     "p3":70},
    {"p1":29,
     "p2":48,
     "p3":49},
    {"p1":37,
     "p2":40,
     "p3":41},
    {"p1":80,
     "p2":81,
     "p3":91},
    {"p1":80,
     "p2":91,
     "p3":92},
    {"p1":80,
     "p2":92,
     "p3":93},
    {"p1":83,
     "p2":84,
     "p3":89},
    {"p1":84,
     "p2":88,
     "p3":89},
    {"p1":84,
     "p2":85,
     "p3":88},
    {"p1":35,
     "p2":42,
     "p3":43},
    {"p1":33,
     "p2":34,
     "p3":44},
    {"p1":34,
     "p2":43,
     "p3":44},
    {"p1":34,
     "p2":35,
     "p3":43},
    {"p1":35,
     "p2":36,
     "p3":42},
    {"p1":36,
     "p2":37,
     "p3":41},
    {"p1":36,
     "p2":41,
     "p3":42},
    {"p1":26,
     "p2":51,
     "p3":52},
    {"p1":26,
     "p2":27,
     "p3":51},
    {"p1":27,
     "p2":50,
     "p3":51},
    {"p1":28,
     "p2":29,
     "p3":49},
    {"p1":28,
     "p2":49,
     "p3":50},
    {"p1":27,
     "p2":28,
     "p3":50},
    {"p1":77,
     "p2":78,
     "p3":95},
    {"p1":77,
     "p2":95,
     "p3":96},
    {"p1":72,
     "p2":73,
     "p3":100},
    {"p1":72,
     "p2":100,
     "p3":101},
    {"p1":79,
     "p2":80,
     "p3":94},
    {"p1":80,
     "p2":93,
     "p3":94}]
}