{"points":[
    {"x":0.05625,
     "y":0.41875},
    {"x":0.075,
     "y":0.4625},
    {"x":0.0875,
     "y":0.49375},
    {"x":0.11875,
     "y":0.5375},
    {"x":0.15625,
     "y":0.58125},
    {"x":0.2,
     "y":0.625},
    {"x":0.2375,
     "y":0.6625},
    {"x":0.28125,
     "y":0.69375},
    {"x":0.325,
     "y":0.71875},
    {"x":0.36875,
     "y":0.74375},
    {"x":0.4125,
     "y":0.7625},
    {"x":0.45625,
     "y":0.775},
    {"x":0.5,
     "y":0.7875},
    {"x":0.54375,
     "y":0.79375},
    {"x":0.5875,
     "y":0.80625},
    {"x":0.63125,
     "y":0.80625},
    {"x":0.675,
     "y":0.80625},
    {"x":0.71875,
     "y":0.80625},
    {"x":0.7625,
     "y":0.79375},
    {"x":0.80625,
     "y":0.775},
    {"x":0.85,
     "y":0.75625},
    {"x":0.89375,
     "y":0.725},
    {"x":0.9375,
     "y":0.68125},
    {"x":0.95625,
     "y":0.6375},
    {"x":0.975,
     "y":0.59375},
    {"x":0.9875,
     "y":0.55},
    {"x":1,
     "y":0.50625},
    {"x":0.99375,
     "y":0.4625},
    {"x":0.9875,
     "y":0.41875},
    {"x":0.975,
     "y":0.375},
    {"x":0.95625,
     "y":0.33125},
    {"x":0.93125,
     "y":0.2875},
    {"x":0.9,
     "y":0.2625},
    {"x":0.85625,
     "y":0.225},
    {"x":0.8125,
     "y":0.2},
    {"x":0.76875,
     "y":0.175},
    {"x":0.725,
     "y":0.1625},
    {"x":0.68125,
     "y":0.14375},
    {"x":0.6375,
     "y":0.13125},
    {"x":0.59375,
     "y":0.11875},
    {"x":0.55,
     "y":0.10625},
    {"x":0.50625,
     "y":0.1},
    {"x":0.4625,
     "y":0.09375},
    {"x":0.41875,
     "y":0.0875},
    {"x":0.375,
     "y":0.08125},
    {"x":0.33125,
     "y":0.075},
    {"x":0.2875,
     "y":0.06875},
    {"x":0.24375,
     "y":0.05625},
    {"x":0.2,
     "y":0.05},
    {"x":0.15625,
     "y":0.0375},
    {"x":0.1125,
     "y":0.025},
    {"x":0.06875,
     "y":0.0125},
    {"x":0.025,
     "y":0},
    {"x":0.03125,
     "y":0.025},
    {"x":0.075,
     "y":0.05},
    {"x":0.11875,
     "y":0.075},
    {"x":0.1625,
     "y":0.0875},
    {"x":0.20625,
     "y":0.10625},
    {"x":0.25,
     "y":0.11875},
    {"x":0.29375,
     "y":0.13125},
    {"x":0.3375,
     "y":0.14375},
    {"x":0.38125,
     "y":0.15},
    {"x":0.425,
     "y":0.1625},
    {"x":0.46875,
     "y":0.16875},
    {"x":0.5125,
     "y":0.18125},
    {"x":0.55625,
     "y":0.19375},
    {"x":0.6,
     "y":0.20625},
    {"x":0.64375,
     "y":0.21875},
    {"x":0.6875,
     "y":0.23125},
    {"x":0.73125,
     "y":0.25},
    {"x":0.775,
     "y":0.275},
    {"x":0.81875,
     "y":0.30625},
    {"x":0.85625,
     "y":0.35},
    {"x":0.88125,
     "y":0.39375},
    {"x":0.90625,
     "y":0.4375},
    {"x":0.90625,
     "y":0.48125},
    {"x":0.9,
     "y":0.525},
    {"x":0.8875,
     "y":0.56875},
    {"x":0.86875,
     "y":0.6125},
    {"x":0.8375,
     "y":0.65},
    {"x":0.79375,
     "y":0.68125},
    {"x":0.75,
     "y":0.70625},
    {"x":0.70625,
     "y":0.71875},
    {"x":0.6625,
     "y":0.725},
    {"x":0.61875,
     "y":0.71875},
    {"x":0.575,
     "y":0.71875},
    {"x":0.53125,
     "y":0.70625},
    {"x":0.4875,
     "y":0.69375},
    {"x":0.44375,
     "y":0.68125},
    {"x":0.4,
     "y":0.65625},
    {"x":0.35625,
     "y":0.63125},
    {"x":0.3125,
     "y":0.6},
    {"x":0.26875,
     "y":0.55625},
    {"x":0.23125,
     "y":0.5125},
    {"x":0.2,
     "y":0.46875},
    {"x":0.175,
     "y":0.425},
    {"x":0.19375,
     "y":0.38125},
    {"x":0.1625,
     "y":0.375},
    {"x":0.14375,
     "y":0.3375},
    {"x":0.11875,
     "y":0.29375},
    {"x":0.1,
     "y":0.25},
    {"x":0.08125,
     "y":0.20625},
    {"x":0.06875,
     "y":0.1625},
    {"x":0.05625,
     "y":0.11875},
    {"x":0.0125,
     "y":0.125},
    {"x":0.00625,
     "y":0.16875},
    {"x":0,
     "y":0.2125},
    {"x":0,
     "y":0.25625},
    {"x":0.00625,
     "y":0.3},
    {"x":0.01875,
     "y":0.34375},
    {"x":0.0375,
     "y":0.3875},
    {"x":0.05625,
     "y":0.41875}],
 "triangles":[
    {"p1":29,
     "p2":30,
     "p3":73},
    {"p1":101,
     "p2":105,
     "p3":106},
    {"p1":48,
     "p2":56,
     "p3":57},
    {"p1":51,
     "p2":53,
     "p3":54},
    {"p1":51,
     "p2":52,
     "p3":53},
    {"p1":33,
     "p2":34,
     "p3":70},
    {"p1":33,
     "p2":70,
     "p3":71},
    {"p1":34,
     "p2":69,
     "p3":70},
    {"p1":34,
     "p2":35,
     "p3":69},
    {"p1":13,
     "p2":14,
     "p3":85},
    {"p1":16,
     "p2":17,
     "p3":82},
    {"p1":17,
     "p2":18,
     "p3":82},
    {"p1":101,
     "p2":106,
     "p3":107},
    {"p1":26,
     "p2":27,
     "p3":75},
    {"p1":29,
     "p2":73,
     "p3":74},
    {"p1":28,
     "p2":29,
     "p3":74},
    {"p1":27,
     "p2":28,
     "p3":74},
    {"p1":27,
     "p2":74,
     "p3":75},
    {"p1":48,
     "p2":49,
     "p3":56},
    {"p1":49,
     "p2":55,
     "p3":56},
    {"p1":101,
     "p2":102,
     "p3":105},
    {"p1":102,
     "p2":104,
     "p3":105},
    {"p1":102,
     "p2":103,
     "p3":104},
    {"p1":100,
     "p2":101,
     "p3":107},
    {"p1":99,
     "p2":100,
     "p3":108},
    {"p1":100,
     "p2":107,
     "p3":108},
    {"p1":45,
     "p2":59,
     "p3":60},
    {"p1":40,
     "p2":41,
     "p3":64},
    {"p1":30,
     "p2":72,
     "p3":73},
    {"p1":13,
     "p2":85,
     "p3":86},
    {"p1":6,
     "p2":91,
     "p3":92},
    {"p1":16,
     "p2":82,
     "p3":83},
    {"p1":99,
     "p2":109,
     "p3":110},
    {"p1":99,
     "p2":108,
     "p3":109},
    {"p1":4,
     "p2":92,
     "p3":93},
    {"p1":22,
     "p2":23,
     "p3":78},
    {"p1":23,
     "p2":24,
     "p3":77},
    {"p1":23,
     "p2":77,
     "p3":78},
    {"p1":21,
     "p2":22,
     "p3":79},
    {"p1":22,
     "p2":78,
     "p3":79},
    {"p1":20,
     "p2":21,
     "p3":79},
    {"p1":42,
     "p2":62,
     "p3":63},
    {"p1":41,
     "p2":63,
     "p3":64},
    {"p1":41,
     "p2":42,
     "p3":63},
    {"p1":47,
     "p2":48,
     "p3":57},
    {"p1":98,
     "p2":99,
     "p3":110},
    {"p1":47,
     "p2":57,
     "p3":58},
    {"p1":0,
     "p2":98,
     "p3":110},
    {"p1":0,
     "p2":97,
     "p3":98},
    {"p1":37,
     "p2":67,
     "p3":68},
    {"p1":32,
     "p2":33,
     "p3":71},
    {"p1":32,
     "p2":71,
     "p3":72},
    {"p1":11,
     "p2":87,
     "p3":88},
    {"p1":12,
     "p2":13,
     "p3":86},
    {"p1":11,
     "p2":12,
     "p3":87},
    {"p1":12,
     "p2":86,
     "p3":87},
    {"p1":40,
     "p2":64,
     "p3":65},
    {"p1":39,
     "p2":40,
     "p3":65},
    {"p1":39,
     "p2":65,
     "p3":66},
    {"p1":14,
     "p2":84,
     "p3":85},
    {"p1":5,
     "p2":6,
     "p3":92},
    {"p1":4,
     "p2":5,
     "p3":92},
    {"p1":95,
     "p2":96,
     "p3":97},
    {"p1":2,
     "p2":94,
     "p3":95},
    {"p1":0,
     "p2":95,
     "p3":97},
    {"p1":2,
     "p2":3,
     "p3":94},
    {"p1":3,
     "p2":4,
     "p3":93},
    {"p1":3,
     "p2":93,
     "p3":94},
    {"p1":26,
     "p2":75,
     "p3":76},
    {"p1":25,
     "p2":26,
     "p3":76},
    {"p1":19,
     "p2":20,
     "p3":80},
    {"p1":20,
     "p2":79,
     "p3":80},
    {"p1":50,
     "p2":51,
     "p3":54},
    {"p1":50,
     "p2":54,
     "p3":55},
    {"p1":49,
     "p2":50,
     "p3":55},
    {"p1":42,
     "p2":43,
     "p3":62},
    {"p1":43,
     "p2":61,
     "p3":62},
    {"p1":46,
     "p2":47,
     "p3":58},
    {"p1":45,
     "p2":46,
     "p3":59},
    {"p1":46,
     "p2":58,
     "p3":59},
    {"p1":36,
     "p2":37,
     "p3":68},
    {"p1":35,
     "p2":36,
     "p3":69},
    {"p1":36,
     "p2":68,
     "p3":69},
    {"p1":30,
     "p2":31,
     "p3":72},
    {"p1":31,
     "p2":32,
     "p3":72},
    {"p1":9,
     "p2":88,
     "p3":89},
    {"p1":8,
     "p2":9,
     "p3":89},
    {"p1":38,
     "p2":39,
     "p3":66},
    {"p1":37,
     "p2":38,
     "p3":67},
    {"p1":38,
     "p2":66,
     "p3":67},
    {"p1":10,
     "p2":11,
     "p3":88},
    {"p1":9,
     "p2":10,
     "p3":88},
    {"p1":6,
     "p2":7,
     "p3":91},
    {"p1":15,
     "p2":16,
     "p3":83},
    {"p1":15,
     "p2":83,
     "p3":84},
    {"p1":14,
     "p2":15,
     "p3":84},
    {"p1":1,
     "p2":2,
     "p3":95},
    {"p1":0,
     "p2":1,
     "p3":95},
    {"p1":19,
     "p2":80,
     "p3":81},
    {"p1":18,
     "p2":81,
     "p3":82},
    {"p1":18,
     "p2":19,
     "p3":81},
    {"p1":43,
     "p2":44,
     "p3":61},
    {"p1":44,
     "p2":45,
     "p3":60},
    {"p1":44,
     "p2":60,
     "p3":61},
    {"p1":8,
     "p2":89,
     "p3":90},
    {"p1":7,
     "p2":90,
     "p3":91},
    {"p1":7,
     "p2":8,
     "p3":90},
    {"p1":24,
     "p2":76,
     "p3":77},
    {"p1":24,
     "p2":25,
     "p3":76}]
}