{"points":[
    {"x":0.089783,
     "y":0.3808},
    {"x":0.11455,
     "y":0.41176},
    {"x":0.14241,
     "y":0.43653},
    {"x":0.17337,
     "y":0.46749},
    {"x":0.19814,
     "y":0.49226},
    {"x":0.22291,
     "y":0.51703},
    {"x":0.25387,
     "y":0.54489},
    {"x":0.27864,
     "y":0.57276},
    {"x":0.30341,
     "y":0.59752},
    {"x":0.32817,
     "y":0.62539},
    {"x":0.34985,
     "y":0.65635},
    {"x":0.37152,
     "y":0.68111},
    {"x":0.37461,
     "y":0.65325},
    {"x":0.37152,
     "y":0.62229},
    {"x":0.36223,
     "y":0.59133},
    {"x":0.35294,
     "y":0.56037},
    {"x":0.33746,
     "y":0.52941},
    {"x":0.31579,
     "y":0.49845},
    {"x":0.29102,
     "y":0.46749},
    {"x":0.26935,
     "y":0.43653},
    {"x":0.25077,
     "y":0.40557},
    {"x":0.2291,
     "y":0.37771},
    {"x":0.20124,
     "y":0.34675},
    {"x":0.17957,
     "y":0.31579},
    {"x":0.1548,
     "y":0.28483},
    {"x":0.13313,
     "y":0.25387},
    {"x":0.11455,
     "y":0.22291},
    {"x":0.10217,
     "y":0.19195},
    {"x":0.092879,
     "y":0.16099},
    {"x":0.11455,
     "y":0.1517},
    {"x":0.14551,
     "y":0.16099},
    {"x":0.17647,
     "y":0.17028},
    {"x":0.20743,
     "y":0.18266},
    {"x":0.23839,
     "y":0.19195},
    {"x":0.26935,
     "y":0.20743},
    {"x":0.29721,
     "y":0.22601},
    {"x":0.32817,
     "y":0.24458},
    {"x":0.35604,
     "y":0.26316},
    {"x":0.387,
     "y":0.28173},
    {"x":0.41486,
     "y":0.30341},
    {"x":0.44582,
     "y":0.32817},
    {"x":0.47678,
     "y":0.35294},
    {"x":0.50464,
     "y":0.37461},
    {"x":0.5356,
     "y":0.39628},
    {"x":0.56656,
     "y":0.41796},
    {"x":0.58514,
     "y":0.43344},
    {"x":0.6161,
     "y":0.43344},
    {"x":0.64706,
     "y":0.43963},
    {"x":0.67802,
     "y":0.44272},
    {"x":0.70279,
     "y":0.44892},
    {"x":0.73375,
     "y":0.47059},
    {"x":0.76471,
     "y":0.48916},
    {"x":0.79567,
     "y":0.51393},
    {"x":0.82663,
     "y":0.5387},
    {"x":0.85759,
     "y":0.55418},
    {"x":0.88854,
     "y":0.56347},
    {"x":0.9195,
     "y":0.56656},
    {"x":0.95046,
     "y":0.56966},
    {"x":0.98142,
     "y":0.57276},
    {"x":0.98142,
     "y":0.55108},
    {"x":1,
     "y":0.5418},
    {"x":0.98452,
     "y":0.51084},
    {"x":0.95666,
     "y":0.48297},
    {"x":0.9257,
     "y":0.4613},
    {"x":0.89474,
     "y":0.43963},
    {"x":0.86378,
     "y":0.41796},
    {"x":0.83591,
     "y":0.39319},
    {"x":0.80495,
     "y":0.37461},
    {"x":0.77399,
     "y":0.34985},
    {"x":0.74303,
     "y":0.32817},
    {"x":0.71207,
     "y":0.30031},
    {"x":0.68111,
     "y":0.28173},
    {"x":0.65015,
     "y":0.25697},
    {"x":0.6192,
     "y":0.23529},
    {"x":0.58824,
     "y":0.21672},
    {"x":0.55728,
     "y":0.19505},
    {"x":0.52941,
     "y":0.17957},
    {"x":0.49845,
     "y":0.16099},
    {"x":0.46749,
     "y":0.13932},
    {"x":0.43653,
     "y":0.12074},
    {"x":0.40557,
     "y":0.10526},
    {"x":0.39009,
     "y":0.077399},
    {"x":0.37461,
     "y":0.049536},
    {"x":0.34365,
     "y":0.027864},
    {"x":0.31269,
     "y":0.018576},
    {"x":0.28173,
     "y":0.0092879},
    {"x":0.25077,
     "y":0},
    {"x":0.21981,
     "y":0.003096},
    {"x":0.18885,
     "y":0.006192},
    {"x":0.17028,
     "y":0.012384},
    {"x":0.13932,
     "y":0.021672},
    {"x":0.10836,
     "y":0.034056},
    {"x":0.080495,
     "y":0.052632},
    {"x":0.049536,
     "y":0.074303},
    {"x":0.024768,
     "y":0.10526},
    {"x":0.01548,
     "y":0.13622},
    {"x":0.0092879,
     "y":0.16718},
    {"x":0.003096,
     "y":0.19814},
    {"x":0,
     "y":0.2291},
    {"x":0.0092879,
     "y":0.26006},
    {"x":0.021672,
     "y":0.29102},
    {"x":0.043344,
     "y":0.31889},
    {"x":0.065015,
     "y":0.34985},
    {"x":0.089783,
     "y":0.3808},
    {"x":0.089783,
     "y":0.3808}],
 "triangles":[
    {"p1":54,
     "p2":55,
     "p3":63},
    {"p1":7,
     "p2":16,
     "p3":17},
    {"p1":48,
     "p2":69,
     "p3":70},
    {"p1":48,
     "p2":49,
     "p3":69},
    {"p1":49,
     "p2":50,
     "p3":67},
    {"p1":3,
     "p2":20,
     "p3":21},
    {"p1":49,
     "p2":68,
     "p3":69},
    {"p1":49,
     "p2":67,
     "p3":68},
    {"p1":81,
     "p2":83,
     "p3":84},
    {"p1":81,
     "p2":82,
     "p3":83},
    {"p1":42,
     "p2":73,
     "p3":74},
    {"p1":8,
     "p2":14,
     "p3":15},
    {"p1":7,
     "p2":15,
     "p3":16},
    {"p1":7,
     "p2":8,
     "p3":15},
    {"p1":44,
     "p2":71,
     "p3":72},
    {"p1":55,
     "p2":56,
     "p3":63},
    {"p1":59,
     "p2":60,
     "p3":61},
    {"p1":57,
     "p2":59,
     "p3":61},
    {"p1":57,
     "p2":58,
     "p3":59},
    {"p1":50,
     "p2":51,
     "p3":67},
    {"p1":51,
     "p2":66,
     "p3":67},
    {"p1":52,
     "p2":53,
     "p3":64},
    {"p1":53,
     "p2":54,
     "p3":64},
    {"p1":54,
     "p2":63,
     "p3":64},
    {"p1":28,
     "p2":95,
     "p3":96},
    {"p1":28,
     "p2":93,
     "p3":94},
    {"p1":28,
     "p2":94,
     "p3":95},
    {"p1":85,
     "p2":86,
     "p3":87},
    {"p1":32,
     "p2":85,
     "p3":87},
    {"p1":6,
     "p2":7,
     "p3":17},
    {"p1":6,
     "p2":17,
     "p3":18},
    {"p1":5,
     "p2":6,
     "p3":18},
    {"p1":2,
     "p2":3,
     "p3":21},
    {"p1":0,
     "p2":24,
     "p3":102},
    {"p1":9,
     "p2":13,
     "p3":14},
    {"p1":8,
     "p2":9,
     "p3":14},
    {"p1":37,
     "p2":78,
     "p3":79},
    {"p1":37,
     "p2":38,
     "p3":78},
    {"p1":38,
     "p2":77,
     "p3":78},
    {"p1":40,
     "p2":75,
     "p3":76},
    {"p1":41,
     "p2":42,
     "p3":74},
    {"p1":41,
     "p2":74,
     "p3":75},
    {"p1":40,
     "p2":41,
     "p3":75},
    {"p1":43,
     "p2":44,
     "p3":72},
    {"p1":43,
     "p2":72,
     "p3":73},
    {"p1":42,
     "p2":43,
     "p3":73},
    {"p1":44,
     "p2":46,
     "p3":71},
    {"p1":56,
     "p2":62,
     "p3":63},
    {"p1":57,
     "p2":61,
     "p3":62},
    {"p1":56,
     "p2":57,
     "p3":62},
    {"p1":52,
     "p2":64,
     "p3":65},
    {"p1":51,
     "p2":65,
     "p3":66},
    {"p1":51,
     "p2":52,
     "p3":65},
    {"p1":29,
     "p2":92,
     "p3":93},
    {"p1":28,
     "p2":29,
     "p3":93},
    {"p1":29,
     "p2":91,
     "p3":92},
    {"p1":29,
     "p2":90,
     "p3":91},
    {"p1":0,
     "p2":1,
     "p3":23},
    {"p1":0,
     "p2":23,
     "p3":24},
    {"p1":24,
     "p2":101,
     "p3":102},
    {"p1":10,
     "p2":12,
     "p3":13},
    {"p1":9,
     "p2":10,
     "p3":13},
    {"p1":10,
     "p2":11,
     "p3":12},
    {"p1":38,
     "p2":39,
     "p3":77},
    {"p1":39,
     "p2":76,
     "p3":77},
    {"p1":39,
     "p2":40,
     "p3":76},
    {"p1":47,
     "p2":70,
     "p3":71},
    {"p1":46,
     "p2":47,
     "p3":71},
    {"p1":47,
     "p2":48,
     "p3":70},
    {"p1":44,
     "p2":45,
     "p3":46},
    {"p1":26,
     "p2":98,
     "p3":99},
    {"p1":26,
     "p2":99,
     "p3":100},
    {"p1":33,
     "p2":84,
     "p3":85},
    {"p1":32,
     "p2":33,
     "p3":85},
    {"p1":3,
     "p2":19,
     "p3":20},
    {"p1":3,
     "p2":4,
     "p3":19},
    {"p1":4,
     "p2":5,
     "p3":19},
    {"p1":5,
     "p2":18,
     "p3":19},
    {"p1":27,
     "p2":96,
     "p3":97},
    {"p1":27,
     "p2":28,
     "p3":96},
    {"p1":27,
     "p2":97,
     "p3":98},
    {"p1":26,
     "p2":27,
     "p3":98},
    {"p1":24,
     "p2":25,
     "p3":101},
    {"p1":25,
     "p2":100,
     "p3":101},
    {"p1":25,
     "p2":26,
     "p3":100},
    {"p1":35,
     "p2":36,
     "p3":80},
    {"p1":36,
     "p2":37,
     "p3":79},
    {"p1":36,
     "p2":79,
     "p3":80},
    {"p1":1,
     "p2":22,
     "p3":23},
    {"p1":1,
     "p2":2,
     "p3":22},
    {"p1":2,
     "p2":21,
     "p3":22},
    {"p1":34,
     "p2":81,
     "p3":84},
    {"p1":33,
     "p2":34,
     "p3":84},
    {"p1":34,
     "p2":80,
     "p3":81},
    {"p1":34,
     "p2":35,
     "p3":80},
    {"p1":31,
     "p2":88,
     "p3":89},
    {"p1":31,
     "p2":87,
     "p3":88},
    {"p1":31,
     "p2":32,
     "p3":87},
    {"p1":29,
     "p2":30,
     "p3":90},
    {"p1":30,
     "p2":89,
     "p3":90},
    {"p1":30,
     "p2":31,
     "p3":89}]
}