{"points":[
    {"x":0.11186,
     "y":0.55932},
    {"x":0.14237,
     "y":0.58983},
    {"x":0.16949,
     "y":0.62712},
    {"x":0.20339,
     "y":0.65763},
    {"x":0.2339,
     "y":0.68814},
    {"x":0.26441,
     "y":0.71864},
    {"x":0.30169,
     "y":0.69831},
    {"x":0.32203,
     "y":0.67119},
    {"x":0.29153,
     "y":0.63729},
    {"x":0.26102,
     "y":0.60339},
    {"x":0.2339,
     "y":0.57288},
    {"x":0.20678,
     "y":0.53559},
    {"x":0.17966,
     "y":0.49831},
    {"x":0.15593,
     "y":0.46102},
    {"x":0.13559,
     "y":0.42373},
    {"x":0.12203,
     "y":0.38644},
    {"x":0.10847,
     "y":0.34915},
    {"x":0.10169,
     "y":0.31186},
    {"x":0.10169,
     "y":0.27458},
    {"x":0.10169,
     "y":0.23729},
    {"x":0.11864,
     "y":0.2},
    {"x":0.13898,
     "y":0.16271},
    {"x":0.17627,
     "y":0.14576},
    {"x":0.21356,
     "y":0.13559},
    {"x":0.25085,
     "y":0.12881},
    {"x":0.28814,
     "y":0.14576},
    {"x":0.32203,
     "y":0.17966},
    {"x":0.35254,
     "y":0.21356},
    {"x":0.37627,
     "y":0.24746},
    {"x":0.40339,
     "y":0.28475},
    {"x":0.43051,
     "y":0.31864},
    {"x":0.45424,
     "y":0.35593},
    {"x":0.47119,
     "y":0.39322},
    {"x":0.49831,
     "y":0.43051},
    {"x":0.51525,
     "y":0.4678},
    {"x":0.53559,
     "y":0.50508},
    {"x":0.54915,
     "y":0.54237},
    {"x":0.57288,
     "y":0.57966},
    {"x":0.59322,
     "y":0.61695},
    {"x":0.62034,
     "y":0.65424},
    {"x":0.65085,
     "y":0.68814},
    {"x":0.68475,
     "y":0.72203},
    {"x":0.70508,
     "y":0.75932},
    {"x":0.72203,
     "y":0.79661},
    {"x":0.74576,
     "y":0.8339},
    {"x":0.77627,
     "y":0.86102},
    {"x":0.80678,
     "y":0.89153},
    {"x":0.84407,
     "y":0.91186},
    {"x":0.87797,
     "y":0.92881},
    {"x":0.91186,
     "y":0.95593},
    {"x":0.94915,
     "y":0.97288},
    {"x":0.95593,
     "y":0.94237},
    {"x":0.97627,
     "y":0.94576},
    {"x":1,
     "y":0.92542},
    {"x":0.98983,
     "y":0.88814},
    {"x":0.98305,
     "y":0.85085},
    {"x":0.96949,
     "y":0.81356},
    {"x":0.95932,
     "y":0.77627},
    {"x":0.9322,
     "y":0.73898},
    {"x":0.90169,
     "y":0.70508},
    {"x":0.87797,
     "y":0.6678},
    {"x":0.85085,
     "y":0.63729},
    {"x":0.82034,
     "y":0.6},
    {"x":0.79661,
     "y":0.56271},
    {"x":0.77627,
     "y":0.52542},
    {"x":0.75932,
     "y":0.49153},
    {"x":0.7322,
     "y":0.46441},
    {"x":0.70847,
     "y":0.42712},
    {"x":0.69153,
     "y":0.38983},
    {"x":0.67119,
     "y":0.35254},
    {"x":0.65085,
     "y":0.31525},
    {"x":0.63051,
     "y":0.27797},
    {"x":0.60678,
     "y":0.24068},
    {"x":0.57966,
     "y":0.20339},
    {"x":0.55254,
     "y":0.16949},
    {"x":0.52542,
     "y":0.13559},
    {"x":0.49153,
     "y":0.10508},
    {"x":0.46441,
     "y":0.074576},
    {"x":0.43051,
     "y":0.047458},
    {"x":0.39661,
     "y":0.033898},
    {"x":0.35932,
     "y":0.013559},
    {"x":0.32203,
     "y":0},
    {"x":0.28475,
     "y":0.0033898},
    {"x":0.24746,
     "y":0},
    {"x":0.21017,
     "y":0.0067797},
    {"x":0.17288,
     "y":0.016949},
    {"x":0.13559,
     "y":0.040678},
    {"x":0.098305,
     "y":0.061017},
    {"x":0.067797,
     "y":0.091525},
    {"x":0.044068,
     "y":0.12542},
    {"x":0.016949,
     "y":0.16271},
    {"x":0.010169,
     "y":0.2},
    {"x":0.0033898,
     "y":0.23729},
    {"x":0,
     "y":0.27458},
    {"x":0.0067797,
     "y":0.31186},
    {"x":0.0067797,
     "y":0.34915},
    {"x":0.013559,
     "y":0.38644},
    {"x":0.033898,
     "y":0.42373},
    {"x":0.044068,
     "y":0.46102},
    {"x":0.061017,
     "y":0.49492},
    {"x":0.084746,
     "y":0.5322},
    {"x":0.11186,
     "y":0.55932}],
 "triangles":[
    {"p1":51,
     "p2":53,
     "p3":54},
    {"p1":23,
     "p2":84,
     "p3":85},
    {"p1":13,
     "p2":99,
     "p3":100},
    {"p1":21,
     "p2":87,
     "p3":88},
    {"p1":23,
     "p2":85,
     "p3":86},
    {"p1":30,
     "p2":73,
     "p3":74},
    {"p1":25,
     "p2":79,
     "p3":80},
    {"p1":25,
     "p2":80,
     "p3":81},
    {"p1":25,
     "p2":81,
     "p3":82},
    {"p1":30,
     "p2":72,
     "p3":73},
    {"p1":51,
     "p2":52,
     "p3":53},
    {"p1":14,
     "p2":98,
     "p3":99},
    {"p1":13,
     "p2":14,
     "p3":99},
    {"p1":21,
     "p2":88,
     "p3":89},
    {"p1":22,
     "p2":23,
     "p3":86},
    {"p1":21,
     "p2":22,
     "p3":87},
    {"p1":22,
     "p2":86,
     "p3":87},
    {"p1":24,
     "p2":25,
     "p3":82},
    {"p1":24,
     "p2":82,
     "p3":83},
    {"p1":24,
     "p2":83,
     "p3":84},
    {"p1":23,
     "p2":24,
     "p3":84},
    {"p1":33,
     "p2":69,
     "p3":70},
    {"p1":34,
     "p2":68,
     "p3":69},
    {"p1":33,
     "p2":34,
     "p3":69},
    {"p1":32,
     "p2":33,
     "p3":70},
    {"p1":32,
     "p2":70,
     "p3":71},
    {"p1":36,
     "p2":66,
     "p3":67},
    {"p1":36,
     "p2":37,
     "p3":66},
    {"p1":37,
     "p2":38,
     "p3":66},
    {"p1":6,
     "p2":7,
     "p3":8},
    {"p1":14,
     "p2":97,
     "p3":98},
    {"p1":16,
     "p2":95,
     "p3":96},
    {"p1":16,
     "p2":96,
     "p3":97},
    {"p1":35,
     "p2":36,
     "p3":67},
    {"p1":35,
     "p2":67,
     "p3":68},
    {"p1":34,
     "p2":35,
     "p3":68},
    {"p1":38,
     "p2":64,
     "p3":65},
    {"p1":38,
     "p2":65,
     "p3":66},
    {"p1":49,
     "p2":50,
     "p3":51},
    {"p1":4,
     "p2":5,
     "p3":6},
    {"p1":4,
     "p2":6,
     "p3":8},
    {"p1":4,
     "p2":8,
     "p3":9},
    {"p1":3,
     "p2":4,
     "p3":9},
    {"p1":0,
     "p2":1,
     "p3":11},
    {"p1":0,
     "p2":11,
     "p3":12},
    {"p1":12,
     "p2":13,
     "p3":100},
    {"p1":0,
     "p2":12,
     "p3":100},
    {"p1":30,
     "p2":31,
     "p3":72},
    {"p1":31,
     "p2":71,
     "p3":72},
    {"p1":31,
     "p2":32,
     "p3":71},
    {"p1":14,
     "p2":15,
     "p3":97},
    {"p1":15,
     "p2":16,
     "p3":97},
    {"p1":16,
     "p2":17,
     "p3":95},
    {"p1":48,
     "p2":49,
     "p3":51},
    {"p1":48,
     "p2":54,
     "p3":55},
    {"p1":48,
     "p2":51,
     "p3":54},
    {"p1":48,
     "p2":55,
     "p3":56},
    {"p1":43,
     "p2":59,
     "p3":60},
    {"p1":43,
     "p2":44,
     "p3":59},
    {"p1":44,
     "p2":45,
     "p3":59},
    {"p1":1,
     "p2":2,
     "p3":10},
    {"p1":1,
     "p2":10,
     "p3":11},
    {"p1":2,
     "p2":3,
     "p3":10},
    {"p1":3,
     "p2":9,
     "p3":10},
    {"p1":38,
     "p2":39,
     "p3":64},
    {"p1":42,
     "p2":60,
     "p3":61},
    {"p1":42,
     "p2":43,
     "p3":60},
    {"p1":40,
     "p2":62,
     "p3":63},
    {"p1":39,
     "p2":63,
     "p3":64},
    {"p1":39,
     "p2":40,
     "p3":63},
    {"p1":28,
     "p2":75,
     "p3":76},
    {"p1":17,
     "p2":94,
     "p3":95},
    {"p1":18,
     "p2":92,
     "p3":93},
    {"p1":18,
     "p2":93,
     "p3":94},
    {"p1":17,
     "p2":18,
     "p3":94},
    {"p1":47,
     "p2":48,
     "p3":56},
    {"p1":46,
     "p2":47,
     "p3":57},
    {"p1":47,
     "p2":56,
     "p3":57},
    {"p1":45,
     "p2":58,
     "p3":59},
    {"p1":46,
     "p2":57,
     "p3":58},
    {"p1":45,
     "p2":46,
     "p3":58},
    {"p1":40,
     "p2":41,
     "p3":62},
    {"p1":41,
     "p2":61,
     "p3":62},
    {"p1":41,
     "p2":42,
     "p3":61},
    {"p1":29,
     "p2":30,
     "p3":74},
    {"p1":29,
     "p2":74,
     "p3":75},
    {"p1":28,
     "p2":29,
     "p3":75},
    {"p1":27,
     "p2":76,
     "p3":77},
    {"p1":27,
     "p2":28,
     "p3":76},
    {"p1":19,
     "p2":91,
     "p3":92},
    {"p1":18,
     "p2":19,
     "p3":92},
    {"p1":25,
     "p2":26,
     "p3":79},
    {"p1":26,
     "p2":78,
     "p3":79},
    {"p1":26,
     "p2":77,
     "p3":78},
    {"p1":26,
     "p2":27,
     "p3":77},
    {"p1":20,
     "p2":90,
     "p3":91},
    {"p1":19,
     "p2":20,
     "p3":91},
    {"p1":20,
     "p2":89,
     "p3":90},
    {"p1":20,
     "p2":21,
     "p3":89}]
}