{"points":[
    {"x":0.065934,
     "y":0.52747},
    {"x":0.076923,
     "y":0.56044},
    {"x":0.098901,
     "y":0.59341},
    {"x":0.13187,
     "y":0.62637},
    {"x":0.15385,
     "y":0.65934},
    {"x":0.18681,
     "y":0.69231},
    {"x":0.21978,
     "y":0.71429},
    {"x":0.25275,
     "y":0.74725},
    {"x":0.28571,
     "y":0.75824},
    {"x":0.31868,
     "y":0.78022},
    {"x":0.35165,
     "y":0.79121},
    {"x":0.38462,
     "y":0.81319},
    {"x":0.41758,
     "y":0.82418},
    {"x":0.45055,
     "y":0.84615},
    {"x":0.48352,
     "y":0.85714},
    {"x":0.51648,
     "y":0.87912},
    {"x":0.54945,
     "y":0.9011},
    {"x":0.58242,
     "y":0.93407},
    {"x":0.61538,
     "y":0.96703},
    {"x":0.64835,
     "y":0.97802},
    {"x":0.68132,
     "y":0.98901},
    {"x":0.71429,
     "y":1},
    {"x":0.74725,
     "y":1},
    {"x":0.78022,
     "y":0.98901},
    {"x":0.81319,
     "y":0.97802},
    {"x":0.82418,
     "y":0.94505},
    {"x":0.8022,
     "y":0.91209},
    {"x":0.76923,
     "y":0.89011},
    {"x":0.73626,
     "y":0.86813},
    {"x":0.7033,
     "y":0.84615},
    {"x":0.67033,
     "y":0.82418},
    {"x":0.63736,
     "y":0.82418},
    {"x":0.6044,
     "y":0.82418},
    {"x":0.57143,
     "y":0.8022},
    {"x":0.53846,
     "y":0.78022},
    {"x":0.50549,
     "y":0.75824},
    {"x":0.47253,
     "y":0.73626},
    {"x":0.43956,
     "y":0.72527},
    {"x":0.40659,
     "y":0.7033},
    {"x":0.37363,
     "y":0.69231},
    {"x":0.34066,
     "y":0.67033},
    {"x":0.30769,
     "y":0.64835},
    {"x":0.27473,
     "y":0.63736},
    {"x":0.24176,
     "y":0.6044},
    {"x":0.20879,
     "y":0.57143},
    {"x":0.17582,
     "y":0.53846},
    {"x":0.15385,
     "y":0.50549},
    {"x":0.13187,
     "y":0.47253},
    {"x":0.12088,
     "y":0.43956},
    {"x":0.10989,
     "y":0.40659},
    {"x":0.087912,
     "y":0.37363},
    {"x":0.087912,
     "y":0.34066},
    {"x":0.076923,
     "y":0.30769},
    {"x":0.076923,
     "y":0.27473},
    {"x":0.076923,
     "y":0.24176},
    {"x":0.087912,
     "y":0.20879},
    {"x":0.098901,
     "y":0.17582},
    {"x":0.12088,
     "y":0.14286},
    {"x":0.15385,
     "y":0.12088},
    {"x":0.18681,
     "y":0.098901},
    {"x":0.21978,
     "y":0.10989},
    {"x":0.25275,
     "y":0.10989},
    {"x":0.28571,
     "y":0.12088},
    {"x":0.31868,
     "y":0.14286},
    {"x":0.35165,
     "y":0.17582},
    {"x":0.37363,
     "y":0.20879},
    {"x":0.40659,
     "y":0.24176},
    {"x":0.42857,
     "y":0.27473},
    {"x":0.45055,
     "y":0.30769},
    {"x":0.47253,
     "y":0.34066},
    {"x":0.49451,
     "y":0.37363},
    {"x":0.51648,
     "y":0.40659},
    {"x":0.53846,
     "y":0.43956},
    {"x":0.57143,
     "y":0.47253},
    {"x":0.59341,
     "y":0.50549},
    {"x":0.62637,
     "y":0.53846},
    {"x":0.65934,
     "y":0.57143},
    {"x":0.68132,
     "y":0.6044},
    {"x":0.71429,
     "y":0.63736},
    {"x":0.73626,
     "y":0.67033},
    {"x":0.75824,
     "y":0.7033},
    {"x":0.78022,
     "y":0.73626},
    {"x":0.81319,
     "y":0.73626},
    {"x":0.8022,
     "y":0.7033},
    {"x":0.78022,
     "y":0.67033},
    {"x":0.76923,
     "y":0.63736},
    {"x":0.74725,
     "y":0.6044},
    {"x":0.72527,
     "y":0.57143},
    {"x":0.7033,
     "y":0.53846},
    {"x":0.67033,
     "y":0.50549},
    {"x":0.64835,
     "y":0.47253},
    {"x":0.61538,
     "y":0.43956},
    {"x":0.59341,
     "y":0.40659},
    {"x":0.57143,
     "y":0.37363},
    {"x":0.54945,
     "y":0.34066},
    {"x":0.52747,
     "y":0.30769},
    {"x":0.50549,
     "y":0.27473},
    {"x":0.49451,
     "y":0.24176},
    {"x":0.47253,
     "y":0.20879},
    {"x":0.45055,
     "y":0.17582},
    {"x":0.41758,
     "y":0.14286},
    {"x":0.3956,
     "y":0.10989},
    {"x":0.36264,
     "y":0.076923},
    {"x":0.32967,
     "y":0.043956},
    {"x":0.2967,
     "y":0.021978},
    {"x":0.26374,
     "y":0.010989},
    {"x":0.23077,
     "y":0},
    {"x":0.1978,
     "y":0},
    {"x":0.16484,
     "y":0},
    {"x":0.13187,
     "y":0.021978},
    {"x":0.098901,
     "y":0.032967},
    {"x":0.065934,
     "y":0.065934},
    {"x":0.054945,
     "y":0.098901},
    {"x":0.032967,
     "y":0.13187},
    {"x":0.021978,
     "y":0.16484},
    {"x":0.010989,
     "y":0.1978},
    {"x":0.010989,
     "y":0.23077},
    {"x":0,
     "y":0.26374},
    {"x":0,
     "y":0.2967},
    {"x":0,
     "y":0.32967},
    {"x":0,
     "y":0.36264},
    {"x":0.010989,
     "y":0.3956},
    {"x":0.021978,
     "y":0.42857},
    {"x":0.032967,
     "y":0.46154},
    {"x":0.043956,
     "y":0.49451},
    {"x":0.065934,
     "y":0.52747},
    {"x":0.065934,
     "y":0.52747}],
 "triangles":[
    {"p1":23,
     "p2":25,
     "p3":26},
    {"p1":23,
     "p2":24,
     "p3":25},
    {"p1":56,
     "p2":113,
     "p3":114},
    {"p1":77,
     "p2":86,
     "p3":87},
    {"p1":81,
     "p2":82,
     "p3":83},
    {"p1":79,
     "p2":84,
     "p3":85},
    {"p1":66,
     "p2":98,
     "p3":99},
    {"p1":65,
     "p2":66,
     "p3":99},
    {"p1":65,
     "p2":99,
     "p3":100},
    {"p1":59,
     "p2":60,
     "p3":106},
    {"p1":59,
     "p2":108,
     "p3":109},
    {"p1":77,
     "p2":78,
     "p3":86},
    {"p1":78,
     "p2":85,
     "p3":86},
    {"p1":78,
     "p2":79,
     "p3":85},
    {"p1":23,
     "p2":26,
     "p3":27},
    {"p1":22,
     "p2":23,
     "p3":27},
    {"p1":21,
     "p2":22,
     "p3":27},
    {"p1":79,
     "p2":80,
     "p3":84},
    {"p1":80,
     "p2":83,
     "p3":84},
    {"p1":80,
     "p2":81,
     "p3":83},
    {"p1":29,
     "p2":30,
     "p3":31},
    {"p1":66,
     "p2":67,
     "p3":98},
    {"p1":63,
     "p2":101,
     "p3":102},
    {"p1":64,
     "p2":65,
     "p3":100},
    {"p1":63,
     "p2":64,
     "p3":101},
    {"p1":64,
     "p2":100,
     "p3":101},
    {"p1":59,
     "p2":106,
     "p3":107},
    {"p1":59,
     "p2":107,
     "p3":108},
    {"p1":58,
     "p2":109,
     "p3":110},
    {"p1":58,
     "p2":59,
     "p3":109},
    {"p1":58,
     "p2":110,
     "p3":111},
    {"p1":3,
     "p2":4,
     "p3":44},
    {"p1":1,
     "p2":2,
     "p3":45},
    {"p1":2,
     "p2":3,
     "p3":45},
    {"p1":3,
     "p2":44,
     "p3":45},
    {"p1":4,
     "p2":5,
     "p3":43},
    {"p1":4,
     "p2":43,
     "p3":44},
    {"p1":8,
     "p2":9,
     "p3":39},
    {"p1":10,
     "p2":38,
     "p3":39},
    {"p1":9,
     "p2":10,
     "p3":39},
    {"p1":67,
     "p2":68,
     "p3":96},
    {"p1":68,
     "p2":69,
     "p3":96},
    {"p1":69,
     "p2":95,
     "p3":96},
    {"p1":10,
     "p2":11,
     "p3":37},
    {"p1":10,
     "p2":37,
     "p3":38},
    {"p1":74,
     "p2":75,
     "p3":90},
    {"p1":12,
     "p2":13,
     "p3":35},
    {"p1":12,
     "p2":35,
     "p3":36},
    {"p1":11,
     "p2":12,
     "p3":37},
    {"p1":12,
     "p2":36,
     "p3":37},
    {"p1":61,
     "p2":104,
     "p3":105},
    {"p1":60,
     "p2":105,
     "p3":106},
    {"p1":60,
     "p2":61,
     "p3":105},
    {"p1":61,
     "p2":62,
     "p3":104},
    {"p1":62,
     "p2":103,
     "p3":104},
    {"p1":62,
     "p2":63,
     "p3":102},
    {"p1":62,
     "p2":102,
     "p3":103},
    {"p1":57,
     "p2":111,
     "p3":112},
    {"p1":57,
     "p2":58,
     "p3":111},
    {"p1":5,
     "p2":6,
     "p3":42},
    {"p1":5,
     "p2":42,
     "p3":43},
    {"p1":6,
     "p2":7,
     "p3":42},
    {"p1":72,
     "p2":73,
     "p3":92},
    {"p1":72,
     "p2":92,
     "p3":93},
    {"p1":71,
     "p2":72,
     "p3":93},
    {"p1":73,
     "p2":91,
     "p3":92},
    {"p1":74,
     "p2":90,
     "p3":91},
    {"p1":73,
     "p2":74,
     "p3":91},
    {"p1":69,
     "p2":70,
     "p3":95},
    {"p1":67,
     "p2":97,
     "p3":98},
    {"p1":67,
     "p2":96,
     "p3":97},
    {"p1":14,
     "p2":15,
     "p3":34},
    {"p1":14,
     "p2":34,
     "p3":35},
    {"p1":13,
     "p2":14,
     "p3":35},
    {"p1":15,
     "p2":33,
     "p3":34},
    {"p1":15,
     "p2":16,
     "p3":33},
    {"p1":16,
     "p2":32,
     "p3":33},
    {"p1":17,
     "p2":31,
     "p3":32},
    {"p1":16,
     "p2":17,
     "p3":32},
    {"p1":17,
     "p2":29,
     "p3":31},
    {"p1":17,
     "p2":18,
     "p3":29},
    {"p1":19,
     "p2":28,
     "p3":29},
    {"p1":18,
     "p2":19,
     "p3":29},
    {"p1":1,
     "p2":45,
     "p3":46},
    {"p1":51,
     "p2":119,
     "p3":120},
    {"p1":7,
     "p2":8,
     "p3":41},
    {"p1":7,
     "p2":41,
     "p3":42},
    {"p1":75,
     "p2":89,
     "p3":90},
    {"p1":76,
     "p2":87,
     "p3":88},
    {"p1":76,
     "p2":77,
     "p3":87},
    {"p1":75,
     "p2":76,
     "p3":89},
    {"p1":76,
     "p2":88,
     "p3":89},
    {"p1":70,
     "p2":94,
     "p3":95},
    {"p1":71,
     "p2":93,
     "p3":94},
    {"p1":70,
     "p2":71,
     "p3":94},
    {"p1":19,
     "p2":20,
     "p3":28},
    {"p1":20,
     "p2":21,
     "p3":27},
    {"p1":20,
     "p2":27,
     "p3":28},
    {"p1":48,
     "p2":123,
     "p3":124},
    {"p1":50,
     "p2":51,
     "p3":120},
    {"p1":52,
     "p2":118,
     "p3":119},
    {"p1":51,
     "p2":52,
     "p3":119},
    {"p1":8,
     "p2":39,
     "p3":40},
    {"p1":8,
     "p2":40,
     "p3":41},
    {"p1":47,
     "p2":48,
     "p3":124},
    {"p1":50,
     "p2":120,
     "p3":121},
    {"p1":48,
     "p2":49,
     "p3":123},
    {"p1":53,
     "p2":117,
     "p3":118},
    {"p1":52,
     "p2":53,
     "p3":118},
    {"p1":53,
     "p2":116,
     "p3":117},
    {"p1":0,
     "p2":47,
     "p3":124},
    {"p1":0,
     "p2":1,
     "p3":46},
    {"p1":0,
     "p2":46,
     "p3":47},
    {"p1":50,
     "p2":121,
     "p3":122},
    {"p1":49,
     "p2":122,
     "p3":123},
    {"p1":49,
     "p2":50,
     "p3":122},
    {"p1":53,
     "p2":54,
     "p3":116},
    {"p1":54,
     "p2":115,
     "p3":116},
    {"p1":54,
     "p2":55,
     "p3":115},
    {"p1":55,
     "p2":114,
     "p3":115},
    {"p1":55,
     "p2":56,
     "p3":114},
    {"p1":56,
     "p2":57,
     "p3":113},
    {"p1":57,
     "p2":112,
     "p3":113}]
}