{"points":[
    {"x":0.049844,
     "y":0.3676},
    {"x":0.018692,
     "y":0.39564},
    {"x":0,
     "y":0.42056},
    {"x":0.024922,
     "y":0.42991},
    {"x":0.0062305,
     "y":0.45483},
    {"x":0.034268,
     "y":0.45483},
    {"x":0.065421,
     "y":0.45483},
    {"x":0.096573,
     "y":0.44548},
    {"x":0.12773,
     "y":0.44237},
    {"x":0.15888,
     "y":0.43614},
    {"x":0.19003,
     "y":0.42679},
    {"x":0.22118,
     "y":0.41745},
    {"x":0.25234,
     "y":0.41121},
    {"x":0.28349,
     "y":0.42368},
    {"x":0.31464,
     "y":0.43614},
    {"x":0.34579,
     "y":0.43302},
    {"x":0.33956,
     "y":0.42679},
    {"x":0.30841,
     "y":0.41121},
    {"x":0.32087,
     "y":0.39564},
    {"x":0.35202,
     "y":0.38941},
    {"x":0.38318,
     "y":0.38629},
    {"x":0.41433,
     "y":0.37695},
    {"x":0.44548,
     "y":0.36449},
    {"x":0.47664,
     "y":0.34891},
    {"x":0.50779,
     "y":0.33333},
    {"x":0.53894,
     "y":0.31464},
    {"x":0.57009,
     "y":0.29283},
    {"x":0.60125,
     "y":0.28037},
    {"x":0.62617,
     "y":0.26168},
    {"x":0.65732,
     "y":0.25857},
    {"x":0.68847,
     "y":0.25234},
    {"x":0.71963,
     "y":0.23053},
    {"x":0.74455,
     "y":0.21184},
    {"x":0.7757,
     "y":0.19626},
    {"x":0.80685,
     "y":0.18692},
    {"x":0.83801,
     "y":0.18069},
    {"x":0.86916,
     "y":0.17757},
    {"x":0.90031,
     "y":0.17445},
    {"x":0.89408,
     "y":0.20561},
    {"x":0.87539,
     "y":0.23676},
    {"x":0.84735,
     "y":0.26791},
    {"x":0.8162,
     "y":0.29907},
    {"x":0.79751,
     "y":0.33022},
    {"x":0.79751,
     "y":0.36137},
    {"x":0.76636,
     "y":0.38006},
    {"x":0.7352,
     "y":0.40187},
    {"x":0.70405,
     "y":0.42679},
    {"x":0.68847,
     "y":0.45794},
    {"x":0.69159,
     "y":0.4891},
    {"x":0.70717,
     "y":0.51402},
    {"x":0.72586,
     "y":0.53583},
    {"x":0.75701,
     "y":0.54517},
    {"x":0.78816,
     "y":0.53894},
    {"x":0.81308,
     "y":0.51402},
    {"x":0.82866,
     "y":0.48287},
    {"x":0.84112,
     "y":0.45171},
    {"x":0.85047,
     "y":0.42056},
    {"x":0.8785,
     "y":0.42056},
    {"x":0.90966,
     "y":0.40187},
    {"x":0.93146,
     "y":0.37072},
    {"x":0.95016,
     "y":0.33956},
    {"x":0.96885,
     "y":0.30841},
    {"x":0.98442,
     "y":0.27726},
    {"x":0.99377,
     "y":0.24611},
    {"x":1,
     "y":0.21495},
    {"x":1,
     "y":0.1838},
    {"x":0.99377,
     "y":0.15265},
    {"x":0.98131,
     "y":0.1215},
    {"x":0.96262,
     "y":0.090343},
    {"x":0.94081,
     "y":0.065421},
    {"x":0.90966,
     "y":0.046729},
    {"x":0.8785,
     "y":0.028037},
    {"x":0.84735,
     "y":0.0093458},
    {"x":0.8162,
     "y":0},
    {"x":0.78505,
     "y":0},
    {"x":0.75389,
     "y":0},
    {"x":0.72274,
     "y":0.0093458},
    {"x":0.69159,
     "y":0.018692},
    {"x":0.66044,
     "y":0.034268},
    {"x":0.62928,
     "y":0.049844},
    {"x":0.59813,
     "y":0.05919},
    {"x":0.56698,
     "y":0.068536},
    {"x":0.53583,
     "y":0.087227},
    {"x":0.5109,
     "y":0.11215},
    {"x":0.49221,
     "y":0.14019},
    {"x":0.46417,
     "y":0.15576},
    {"x":0.4486,
     "y":0.12461},
    {"x":0.41745,
     "y":0.11838},
    {"x":0.38629,
     "y":0.13396},
    {"x":0.36137,
     "y":0.16199},
    {"x":0.34891,
     "y":0.19315},
    {"x":0.3271,
     "y":0.2243},
    {"x":0.29595,
     "y":0.24299},
    {"x":0.2648,
     "y":0.25545},
    {"x":0.23364,
     "y":0.27103},
    {"x":0.20249,
     "y":0.2866},
    {"x":0.17134,
     "y":0.29907},
    {"x":0.14019,
     "y":0.31464},
    {"x":0.10903,
     "y":0.33022},
    {"x":0.077882,
     "y":0.34891},
    {"x":0.049844,
     "y":0.3676}],
 "triangles":[
    {"p1":37,
     "p2":65,
     "p3":66},
    {"p1":37,
     "p2":38,
     "p3":64},
    {"p1":37,
     "p2":64,
     "p3":65},
    {"p1":37,
     "p2":67,
     "p3":68},
    {"p1":37,
     "p2":66,
     "p3":67},
    {"p1":23,
     "p2":85,
     "p3":90},
    {"p1":38,
     "p2":63,
     "p3":64},
    {"p1":38,
     "p2":62,
     "p3":63},
    {"p1":3,
     "p2":4,
     "p3":5},
    {"p1":1,
     "p2":2,
     "p3":3},
    {"p1":3,
     "p2":5,
     "p3":6},
    {"p1":49,
     "p2":50,
     "p3":51},
    {"p1":37,
     "p2":68,
     "p3":69},
    {"p1":37,
     "p2":69,
     "p3":70},
    {"p1":35,
     "p2":71,
     "p3":72},
    {"p1":35,
     "p2":72,
     "p3":73},
    {"p1":26,
     "p2":84,
     "p3":85},
    {"p1":51,
     "p2":52,
     "p3":53},
    {"p1":49,
     "p2":51,
     "p3":53},
    {"p1":36,
     "p2":37,
     "p3":70},
    {"p1":36,
     "p2":70,
     "p3":71},
    {"p1":35,
     "p2":36,
     "p3":71},
    {"p1":34,
     "p2":35,
     "p3":73},
    {"p1":29,
     "p2":30,
     "p3":31},
    {"p1":34,
     "p2":75,
     "p3":76},
    {"p1":33,
     "p2":34,
     "p3":76},
    {"p1":85,
     "p2":89,
     "p3":90},
    {"p1":28,
     "p2":83,
     "p3":84},
    {"p1":85,
     "p2":86,
     "p3":87},
    {"p1":25,
     "p2":26,
     "p3":85},
    {"p1":27,
     "p2":28,
     "p3":84},
    {"p1":26,
     "p2":27,
     "p3":84},
    {"p1":43,
     "p2":58,
     "p3":59},
    {"p1":40,
     "p2":59,
     "p3":60},
    {"p1":34,
     "p2":73,
     "p3":74},
    {"p1":34,
     "p2":74,
     "p3":75},
    {"p1":32,
     "p2":33,
     "p3":78},
    {"p1":29,
     "p2":31,
     "p3":79},
    {"p1":32,
     "p2":78,
     "p3":79},
    {"p1":31,
     "p2":32,
     "p3":79},
    {"p1":43,
     "p2":44,
     "p3":56},
    {"p1":56,
     "p2":57,
     "p3":58},
    {"p1":43,
     "p2":56,
     "p3":58},
    {"p1":33,
     "p2":77,
     "p3":78},
    {"p1":33,
     "p2":76,
     "p3":77},
    {"p1":85,
     "p2":87,
     "p3":88},
    {"p1":85,
     "p2":88,
     "p3":89},
    {"p1":28,
     "p2":81,
     "p3":82},
    {"p1":28,
     "p2":82,
     "p3":83},
    {"p1":23,
     "p2":24,
     "p3":85},
    {"p1":24,
     "p2":25,
     "p3":85},
    {"p1":46,
     "p2":47,
     "p3":48},
    {"p1":46,
     "p2":48,
     "p3":49},
    {"p1":46,
     "p2":49,
     "p3":53},
    {"p1":12,
     "p2":17,
     "p3":18},
    {"p1":14,
     "p2":15,
     "p3":16},
    {"p1":14,
     "p2":16,
     "p3":17},
    {"p1":19,
     "p2":20,
     "p3":91},
    {"p1":20,
     "p2":21,
     "p3":91},
    {"p1":21,
     "p2":22,
     "p3":91},
    {"p1":23,
     "p2":90,
     "p3":91},
    {"p1":22,
     "p2":23,
     "p3":91},
    {"p1":18,
     "p2":19,
     "p3":92},
    {"p1":18,
     "p2":92,
     "p3":93},
    {"p1":19,
     "p2":91,
     "p3":92},
    {"p1":38,
     "p2":39,
     "p3":62},
    {"p1":39,
     "p2":61,
     "p3":62},
    {"p1":39,
     "p2":60,
     "p3":61},
    {"p1":39,
     "p2":40,
     "p3":60},
    {"p1":40,
     "p2":41,
     "p3":59},
    {"p1":41,
     "p2":42,
     "p3":43},
    {"p1":41,
     "p2":43,
     "p3":59},
    {"p1":28,
     "p2":80,
     "p3":81},
    {"p1":28,
     "p2":29,
     "p3":80},
    {"p1":29,
     "p2":79,
     "p3":80},
    {"p1":44,
     "p2":45,
     "p3":55},
    {"p1":44,
     "p2":55,
     "p3":56},
    {"p1":7,
     "p2":8,
     "p3":99},
    {"p1":10,
     "p2":11,
     "p3":96},
    {"p1":13,
     "p2":14,
     "p3":17},
    {"p1":12,
     "p2":13,
     "p3":17},
    {"p1":11,
     "p2":95,
     "p3":96},
    {"p1":11,
     "p2":12,
     "p3":95},
    {"p1":18,
     "p2":93,
     "p3":94},
    {"p1":12,
     "p2":18,
     "p3":94},
    {"p1":12,
     "p2":94,
     "p3":95},
    {"p1":45,
     "p2":54,
     "p3":55},
    {"p1":45,
     "p2":46,
     "p3":54},
    {"p1":46,
     "p2":53,
     "p3":54},
    {"p1":8,
     "p2":9,
     "p3":98},
    {"p1":8,
     "p2":98,
     "p3":99},
    {"p1":0,
     "p2":7,
     "p3":99},
    {"p1":0,
     "p2":1,
     "p3":3},
    {"p1":0,
     "p2":3,
     "p3":6},
    {"p1":0,
     "p2":6,
     "p3":7},
    {"p1":10,
     "p2":96,
     "p3":97},
    {"p1":9,
     "p2":10,
     "p3":97},
    {"p1":9,
     "p2":97,
     "p3":98}]
}