{"points":[
    {"x":0.035088,
     "y":0.55263},
    {"x":0.048246,
     "y":0.59649},
    {"x":0.070175,
     "y":0.63596},
    {"x":0.096491,
     "y":0.67982},
    {"x":0.11842,
     "y":0.72368},
    {"x":0.14912,
     "y":0.76754},
    {"x":0.1886,
     "y":0.80702},
    {"x":0.22807,
     "y":0.84211},
    {"x":0.26754,
     "y":0.87281},
    {"x":0.3114,
     "y":0.90351},
    {"x":0.33772,
     "y":0.93421},
    {"x":0.38158,
     "y":0.94298},
    {"x":0.42544,
     "y":0.96491},
    {"x":0.4693,
     "y":0.97807},
    {"x":0.51316,
     "y":0.99561},
    {"x":0.55702,
     "y":0.99561},
    {"x":0.60088,
     "y":1},
    {"x":0.64474,
     "y":0.99561},
    {"x":0.6886,
     "y":0.98246},
    {"x":0.6886,
     "y":0.94298},
    {"x":0.64474,
     "y":0.92982},
    {"x":0.60088,
     "y":0.91228},
    {"x":0.55702,
     "y":0.89474},
    {"x":0.51316,
     "y":0.87719},
    {"x":0.4693,
     "y":0.85965},
    {"x":0.4386,
     "y":0.83772},
    {"x":0.42982,
     "y":0.8114},
    {"x":0.39035,
     "y":0.82895},
    {"x":0.34649,
     "y":0.80263},
    {"x":0.30263,
     "y":0.77193},
    {"x":0.26316,
     "y":0.74123},
    {"x":0.22807,
     "y":0.70614},
    {"x":0.19737,
     "y":0.66667},
    {"x":0.16667,
     "y":0.62281},
    {"x":0.13596,
     "y":0.57895},
    {"x":0.11842,
     "y":0.53509},
    {"x":0.10526,
     "y":0.49123},
    {"x":0.092105,
     "y":0.44737},
    {"x":0.087719,
     "y":0.40351},
    {"x":0.083333,
     "y":0.35965},
    {"x":0.087719,
     "y":0.31579},
    {"x":0.096491,
     "y":0.27193},
    {"x":0.11404,
     "y":0.22807},
    {"x":0.14035,
     "y":0.18421},
    {"x":0.17982,
     "y":0.14474},
    {"x":0.2193,
     "y":0.11842},
    {"x":0.26316,
     "y":0.10526},
    {"x":0.30702,
     "y":0.096491},
    {"x":0.35088,
     "y":0.092105},
    {"x":0.39474,
     "y":0.10965},
    {"x":0.4386,
     "y":0.13158},
    {"x":0.48246,
     "y":0.15789},
    {"x":0.51754,
     "y":0.19737},
    {"x":0.54825,
     "y":0.24123},
    {"x":0.56579,
     "y":0.28509},
    {"x":0.58333,
     "y":0.32895},
    {"x":0.59649,
     "y":0.37281},
    {"x":0.60965,
     "y":0.41667},
    {"x":0.62281,
     "y":0.46053},
    {"x":0.62719,
     "y":0.50439},
    {"x":0.64474,
     "y":0.54825},
    {"x":0.65351,
     "y":0.59211},
    {"x":0.66228,
     "y":0.63596},
    {"x":0.67105,
     "y":0.67982},
    {"x":0.67982,
     "y":0.72368},
    {"x":0.70614,
     "y":0.74561},
    {"x":0.74561,
     "y":0.72807},
    {"x":0.74123,
     "y":0.68421},
    {"x":0.73246,
     "y":0.64035},
    {"x":0.72368,
     "y":0.59649},
    {"x":0.7193,
     "y":0.55263},
    {"x":0.71491,
     "y":0.50877},
    {"x":0.70175,
     "y":0.46491},
    {"x":0.69298,
     "y":0.42105},
    {"x":0.68421,
     "y":0.37719},
    {"x":0.67105,
     "y":0.33333},
    {"x":0.65789,
     "y":0.29386},
    {"x":0.64474,
     "y":0.25},
    {"x":0.62719,
     "y":0.20614},
    {"x":0.59649,
     "y":0.16228},
    {"x":0.56579,
     "y":0.11842},
    {"x":0.54825,
     "y":0.078947},
    {"x":0.50877,
     "y":0.061404},
    {"x":0.46491,
     "y":0.039474},
    {"x":0.42105,
     "y":0.017544},
    {"x":0.37719,
     "y":0.0087719},
    {"x":0.33333,
     "y":0},
    {"x":0.28947,
     "y":0},
    {"x":0.24561,
     "y":0.013158},
    {"x":0.20175,
     "y":0.02193},
    {"x":0.15789,
     "y":0.04386},
    {"x":0.11404,
     "y":0.074561},
    {"x":0.070175,
     "y":0.11842},
    {"x":0.04386,
     "y":0.16228},
    {"x":0.02193,
     "y":0.20614},
    {"x":0.0087719,
     "y":0.25},
    {"x":0.004386,
     "y":0.29386},
    {"x":0,
     "y":0.33772},
    {"x":0,
     "y":0.38158},
    {"x":0.004386,
     "y":0.42544},
    {"x":0.013158,
     "y":0.4693},
    {"x":0.026316,
     "y":0.51316},
    {"x":0.035088,
     "y":0.55263}],
 "triangles":[
    {"p1":47,
     "p2":86,
     "p3":87},
    {"p1":15,
     "p2":16,
     "p3":21},
    {"p1":15,
     "p2":21,
     "p3":22},
    {"p1":42,
     "p2":43,
     "p3":93},
    {"p1":45,
     "p2":46,
     "p3":89},
    {"p1":47,
     "p2":48,
     "p3":86},
    {"p1":16,
     "p2":20,
     "p3":21},
    {"p1":16,
     "p2":17,
     "p3":20},
    {"p1":57,
     "p2":73,
     "p3":74},
    {"p1":54,
     "p2":76,
     "p3":77},
    {"p1":51,
     "p2":80,
     "p3":81},
    {"p1":56,
     "p2":57,
     "p3":74},
    {"p1":2,
     "p2":3,
     "p3":33},
    {"p1":58,
     "p2":59,
     "p3":72},
    {"p1":58,
     "p2":72,
     "p3":73},
    {"p1":57,
     "p2":58,
     "p3":73},
    {"p1":9,
     "p2":10,
     "p3":27},
    {"p1":10,
     "p2":11,
     "p3":27},
    {"p1":43,
     "p2":92,
     "p3":93},
    {"p1":42,
     "p2":93,
     "p3":94},
    {"p1":37,
     "p2":100,
     "p3":101},
    {"p1":40,
     "p2":96,
     "p3":97},
    {"p1":50,
     "p2":82,
     "p3":83},
    {"p1":51,
     "p2":81,
     "p3":82},
    {"p1":50,
     "p2":51,
     "p3":82},
    {"p1":47,
     "p2":87,
     "p3":88},
    {"p1":46,
     "p2":47,
     "p3":88},
    {"p1":46,
     "p2":88,
     "p3":89},
    {"p1":48,
     "p2":85,
     "p3":86},
    {"p1":49,
     "p2":50,
     "p3":83},
    {"p1":49,
     "p2":83,
     "p3":84},
    {"p1":49,
     "p2":84,
     "p3":85},
    {"p1":48,
     "p2":49,
     "p3":85},
    {"p1":59,
     "p2":71,
     "p3":72},
    {"p1":56,
     "p2":74,
     "p3":75},
    {"p1":13,
     "p2":23,
     "p3":24},
    {"p1":3,
     "p2":32,
     "p3":33},
    {"p1":3,
     "p2":4,
     "p3":32},
    {"p1":62,
     "p2":68,
     "p3":69},
    {"p1":64,
     "p2":65,
     "p3":66},
    {"p1":64,
     "p2":66,
     "p3":67},
    {"p1":63,
     "p2":67,
     "p3":68},
    {"p1":62,
     "p2":63,
     "p3":68},
    {"p1":63,
     "p2":64,
     "p3":67},
    {"p1":61,
     "p2":69,
     "p3":70},
    {"p1":61,
     "p2":62,
     "p3":69},
    {"p1":14,
     "p2":15,
     "p3":22},
    {"p1":14,
     "p2":22,
     "p3":23},
    {"p1":13,
     "p2":14,
     "p3":23},
    {"p1":45,
     "p2":89,
     "p3":90},
    {"p1":44,
     "p2":90,
     "p3":91},
    {"p1":44,
     "p2":45,
     "p3":90},
    {"p1":0,
     "p2":1,
     "p3":35},
    {"p1":36,
     "p2":37,
     "p3":101},
    {"p1":0,
     "p2":36,
     "p3":101},
    {"p1":0,
     "p2":35,
     "p3":36},
    {"p1":37,
     "p2":99,
     "p3":100},
    {"p1":52,
     "p2":79,
     "p3":80},
    {"p1":51,
     "p2":52,
     "p3":80},
    {"p1":40,
     "p2":41,
     "p3":96},
    {"p1":41,
     "p2":42,
     "p3":94},
    {"p1":38,
     "p2":98,
     "p3":99},
    {"p1":37,
     "p2":38,
     "p3":99},
    {"p1":11,
     "p2":25,
     "p3":27},
    {"p1":11,
     "p2":24,
     "p3":25},
    {"p1":25,
     "p2":26,
     "p3":27},
    {"p1":12,
     "p2":13,
     "p3":24},
    {"p1":11,
     "p2":12,
     "p3":24},
    {"p1":5,
     "p2":6,
     "p3":31},
    {"p1":6,
     "p2":30,
     "p3":31},
    {"p1":4,
     "p2":5,
     "p3":31},
    {"p1":4,
     "p2":31,
     "p3":32},
    {"p1":8,
     "p2":28,
     "p3":29},
    {"p1":8,
     "p2":9,
     "p3":28},
    {"p1":9,
     "p2":27,
     "p3":28},
    {"p1":7,
     "p2":29,
     "p3":30},
    {"p1":6,
     "p2":7,
     "p3":30},
    {"p1":7,
     "p2":8,
     "p3":29},
    {"p1":60,
     "p2":61,
     "p3":70},
    {"p1":60,
     "p2":70,
     "p3":71},
    {"p1":59,
     "p2":60,
     "p3":71},
    {"p1":41,
     "p2":95,
     "p3":96},
    {"p1":41,
     "p2":94,
     "p3":95},
    {"p1":2,
     "p2":33,
     "p3":34},
    {"p1":1,
     "p2":2,
     "p3":34},
    {"p1":1,
     "p2":34,
     "p3":35},
    {"p1":54,
     "p2":55,
     "p3":76},
    {"p1":55,
     "p2":75,
     "p3":76},
    {"p1":55,
     "p2":56,
     "p3":75},
    {"p1":53,
     "p2":77,
     "p3":78},
    {"p1":53,
     "p2":54,
     "p3":77},
    {"p1":53,
     "p2":78,
     "p3":79},
    {"p1":52,
     "p2":53,
     "p3":79},
    {"p1":39,
     "p2":40,
     "p3":97},
    {"p1":39,
     "p2":97,
     "p3":98},
    {"p1":38,
     "p2":39,
     "p3":98},
    {"p1":17,
     "p2":18,
     "p3":20},
    {"p1":18,
     "p2":19,
     "p3":20},
    {"p1":44,
     "p2":91,
     "p3":92},
    {"p1":43,
     "p2":44,
     "p3":92}]
}