{"points":[
    {"x":0.03599,
     "y":0.51414},
    {"x":0.023136,
     "y":0.54499},
    {"x":0.015424,
     "y":0.57584},
    {"x":0.0077121,
     "y":0.60668},
    {"x":0,
     "y":0.63753},
    {"x":0.0025707,
     "y":0.66838},
    {"x":0.0025707,
     "y":0.69923},
    {"x":0.0051414,
     "y":0.73008},
    {"x":0.010283,
     "y":0.76093},
    {"x":0.020566,
     "y":0.79177},
    {"x":0.025707,
     "y":0.82005},
    {"x":0.03856,
     "y":0.84833},
    {"x":0.053985,
     "y":0.87404},
    {"x":0.069409,
     "y":0.89974},
    {"x":0.087404,
     "y":0.92288},
    {"x":0.11054,
     "y":0.94087},
    {"x":0.13625,
     "y":0.96144},
    {"x":0.16452,
     "y":0.97943},
    {"x":0.19537,
     "y":0.99229},
    {"x":0.22622,
     "y":0.99743},
    {"x":0.25707,
     "y":1},
    {"x":0.28792,
     "y":0.99743},
    {"x":0.31877,
     "y":0.98972},
    {"x":0.34704,
     "y":0.98201},
    {"x":0.37532,
     "y":0.96401},
    {"x":0.40103,
     "y":0.94859},
    {"x":0.41645,
     "y":0.92545},
    {"x":0.43445,
     "y":0.89974},
    {"x":0.45244,
     "y":0.87404},
    {"x":0.4653,
     "y":0.84576},
    {"x":0.47044,
     "y":0.81491},
    {"x":0.47815,
     "y":0.78406},
    {"x":0.47815,
     "y":0.75321},
    {"x":0.47815,
     "y":0.72237},
    {"x":0.48072,
     "y":0.69152},
    {"x":0.47044,
     "y":0.66324},
    {"x":0.46272,
     "y":0.63239},
    {"x":0.44987,
     "y":0.60411},
    {"x":0.43188,
     "y":0.58098},
    {"x":0.42416,
     "y":0.59897},
    {"x":0.43445,
     "y":0.62982},
    {"x":0.43445,
     "y":0.66067},
    {"x":0.43445,
     "y":0.69152},
    {"x":0.43188,
     "y":0.72237},
    {"x":0.42931,
     "y":0.75321},
    {"x":0.42416,
     "y":0.78149},
    {"x":0.41902,
     "y":0.80977},
    {"x":0.40617,
     "y":0.83548},
    {"x":0.38817,
     "y":0.86375},
    {"x":0.36247,
     "y":0.88432},
    {"x":0.33933,
     "y":0.89717},
    {"x":0.30848,
     "y":0.91003},
    {"x":0.27763,
     "y":0.91774},
    {"x":0.24679,
     "y":0.91774},
    {"x":0.21594,
     "y":0.90746},
    {"x":0.19023,
     "y":0.88689},
    {"x":0.1671,
     "y":0.86632},
    {"x":0.14653,
     "y":0.84319},
    {"x":0.12853,
     "y":0.81491},
    {"x":0.11568,
     "y":0.78663},
    {"x":0.11568,
     "y":0.76093},
    {"x":0.10797,
     "y":0.73008},
    {"x":0.11054,
     "y":0.7018},
    {"x":0.11825,
     "y":0.67352},
    {"x":0.12339,
     "y":0.64524},
    {"x":0.13368,
     "y":0.61697},
    {"x":0.14396,
     "y":0.58869},
    {"x":0.15424,
     "y":0.56041},
    {"x":0.16967,
     "y":0.5347},
    {"x":0.17481,
     "y":0.50386},
    {"x":0.18509,
     "y":0.47301},
    {"x":0.19537,
     "y":0.44216},
    {"x":0.20823,
     "y":0.41388},
    {"x":0.22108,
     "y":0.3856},
    {"x":0.23393,
     "y":0.35476},
    {"x":0.2545,
     "y":0.32905},
    {"x":0.26221,
     "y":0.30077},
    {"x":0.27506,
     "y":0.27506},
    {"x":0.28792,
     "y":0.24679},
    {"x":0.29563,
     "y":0.21851},
    {"x":0.30077,
     "y":0.19023},
    {"x":0.2982,
     "y":0.15938},
    {"x":0.30077,
     "y":0.13111},
    {"x":0.31105,
     "y":0.10283},
    {"x":0.32391,
     "y":0.07455},
    {"x":0.32648,
     "y":0.046272},
    {"x":0.32905,
     "y":0.015424},
    {"x":0.31105,
     "y":0},
    {"x":0.28535,
     "y":0.010283},
    {"x":0.26478,
     "y":0.033419},
    {"x":0.24422,
     "y":0.053985},
    {"x":0.22365,
     "y":0.077121},
    {"x":0.20566,
     "y":0.10026},
    {"x":0.19023,
     "y":0.12596},
    {"x":0.17224,
     "y":0.15424},
    {"x":0.15681,
     "y":0.17995},
    {"x":0.14653,
     "y":0.2108},
    {"x":0.13625,
     "y":0.23907},
    {"x":0.13111,
     "y":0.26735},
    {"x":0.12082,
     "y":0.2982},
    {"x":0.1054,
     "y":0.32391},
    {"x":0.095116,
     "y":0.35219},
    {"x":0.084833,
     "y":0.38046},
    {"x":0.07455,
     "y":0.40874},
    {"x":0.064267,
     "y":0.43959},
    {"x":0.051414,
     "y":0.46787},
    {"x":0.03856,
     "y":0.49614},
    {"x":0.03599,
     "y":0.51414}],
 "triangles":[
    {"p1":34,
     "p2":35,
     "p3":42},
    {"p1":76,
     "p2":77,
     "p3":97},
    {"p1":3,
     "p2":4,
     "p3":64},
    {"p1":8,
     "p2":9,
     "p3":60},
    {"p1":74,
     "p2":99,
     "p3":100},
    {"p1":73,
     "p2":74,
     "p3":100},
    {"p1":33,
     "p2":34,
     "p3":42},
    {"p1":33,
     "p2":42,
     "p3":43},
    {"p1":32,
     "p2":33,
     "p3":43},
    {"p1":9,
     "p2":59,
     "p3":60},
    {"p1":24,
     "p2":25,
     "p3":50},
    {"p1":23,
     "p2":24,
     "p3":50},
    {"p1":25,
     "p2":26,
     "p3":49},
    {"p1":25,
     "p2":49,
     "p3":50},
    {"p1":23,
     "p2":50,
     "p3":51},
    {"p1":84,
     "p2":85,
     "p3":89},
    {"p1":77,
     "p2":96,
     "p3":97},
    {"p1":77,
     "p2":78,
     "p3":96},
    {"p1":78,
     "p2":95,
     "p3":96},
    {"p1":80,
     "p2":81,
     "p3":94},
    {"p1":81,
     "p2":93,
     "p3":94},
    {"p1":79,
     "p2":80,
     "p3":94},
    {"p1":78,
     "p2":79,
     "p3":95},
    {"p1":79,
     "p2":94,
     "p3":95},
    {"p1":76,
     "p2":97,
     "p3":98},
    {"p1":75,
     "p2":76,
     "p3":98},
    {"p1":74,
     "p2":98,
     "p3":99},
    {"p1":74,
     "p2":75,
     "p3":98},
    {"p1":71,
     "p2":72,
     "p3":102},
    {"p1":69,
     "p2":70,
     "p3":104},
    {"p1":37,
     "p2":38,
     "p3":39},
    {"p1":6,
     "p2":7,
     "p3":62},
    {"p1":0,
     "p2":1,
     "p3":66},
    {"p1":1,
     "p2":2,
     "p3":66},
    {"p1":36,
     "p2":37,
     "p3":40},
    {"p1":37,
     "p2":39,
     "p3":40},
    {"p1":10,
     "p2":11,
     "p3":59},
    {"p1":9,
     "p2":10,
     "p3":59},
    {"p1":72,
     "p2":101,
     "p3":102},
    {"p1":73,
     "p2":100,
     "p3":101},
    {"p1":72,
     "p2":73,
     "p3":101},
    {"p1":18,
     "p2":19,
     "p3":54},
    {"p1":17,
     "p2":18,
     "p3":54},
    {"p1":26,
     "p2":27,
     "p3":48},
    {"p1":26,
     "p2":48,
     "p3":49},
    {"p1":27,
     "p2":28,
     "p3":48},
    {"p1":22,
     "p2":23,
     "p3":51},
    {"p1":20,
     "p2":21,
     "p3":52},
    {"p1":21,
     "p2":22,
     "p3":52},
    {"p1":22,
     "p2":51,
     "p3":52},
    {"p1":14,
     "p2":15,
     "p3":56},
    {"p1":85,
     "p2":88,
     "p3":89},
    {"p1":86,
     "p2":87,
     "p3":88},
    {"p1":85,
     "p2":86,
     "p3":88},
    {"p1":71,
     "p2":102,
     "p3":103},
    {"p1":70,
     "p2":71,
     "p3":103},
    {"p1":70,
     "p2":103,
     "p3":104},
    {"p1":7,
     "p2":61,
     "p3":62},
    {"p1":8,
     "p2":60,
     "p3":61},
    {"p1":7,
     "p2":8,
     "p3":61},
    {"p1":4,
     "p2":5,
     "p3":64},
    {"p1":5,
     "p2":63,
     "p3":64},
    {"p1":5,
     "p2":6,
     "p3":62},
    {"p1":5,
     "p2":62,
     "p3":63},
    {"p1":0,
     "p2":66,
     "p3":67},
    {"p1":0,
     "p2":67,
     "p3":106},
    {"p1":67,
     "p2":68,
     "p3":106},
    {"p1":35,
     "p2":41,
     "p3":42},
    {"p1":35,
     "p2":36,
     "p3":41},
    {"p1":36,
     "p2":40,
     "p3":41},
    {"p1":28,
     "p2":47,
     "p3":48},
    {"p1":19,
     "p2":20,
     "p3":53},
    {"p1":20,
     "p2":52,
     "p3":53},
    {"p1":19,
     "p2":53,
     "p3":54},
    {"p1":16,
     "p2":17,
     "p3":55},
    {"p1":17,
     "p2":54,
     "p3":55},
    {"p1":15,
     "p2":16,
     "p3":55},
    {"p1":15,
     "p2":55,
     "p3":56},
    {"p1":11,
     "p2":12,
     "p3":58},
    {"p1":11,
     "p2":58,
     "p3":59},
    {"p1":82,
     "p2":91,
     "p3":92},
    {"p1":81,
     "p2":92,
     "p3":93},
    {"p1":81,
     "p2":82,
     "p3":92},
    {"p1":82,
     "p2":83,
     "p3":91},
    {"p1":69,
     "p2":104,
     "p3":105},
    {"p1":68,
     "p2":105,
     "p3":106},
    {"p1":68,
     "p2":69,
     "p3":105},
    {"p1":2,
     "p2":65,
     "p3":66},
    {"p1":2,
     "p2":3,
     "p3":65},
    {"p1":3,
     "p2":64,
     "p3":65},
    {"p1":28,
     "p2":29,
     "p3":47},
    {"p1":29,
     "p2":30,
     "p3":46},
    {"p1":29,
     "p2":46,
     "p3":47},
    {"p1":30,
     "p2":31,
     "p3":45},
    {"p1":30,
     "p2":45,
     "p3":46},
    {"p1":83,
     "p2":90,
     "p3":91},
    {"p1":84,
     "p2":89,
     "p3":90},
    {"p1":83,
     "p2":84,
     "p3":90},
    {"p1":13,
     "p2":14,
     "p3":57},
    {"p1":14,
     "p2":56,
     "p3":57},
    {"p1":12,
     "p2":13,
     "p3":57},
    {"p1":12,
     "p2":57,
     "p3":58},
    {"p1":32,
     "p2":43,
     "p3":44},
    {"p1":31,
     "p2":32,
     "p3":44},
    {"p1":31,
     "p2":44,
     "p3":45}]
}