{"points":[
    {"x":0.010549,
     "y":0.24684},
    {"x":0.033755,
     "y":0.26582},
    {"x":0.056962,
     "y":0.27426},
    {"x":0.080169,
     "y":0.28903},
    {"x":0.10338,
     "y":0.30591},
    {"x":0.12658,
     "y":0.31646},
    {"x":0.14979,
     "y":0.32278},
    {"x":0.173,
     "y":0.32911},
    {"x":0.1962,
     "y":0.33333},
    {"x":0.21941,
     "y":0.33966},
    {"x":0.24262,
     "y":0.34388},
    {"x":0.26582,
     "y":0.3481},
    {"x":0.28903,
     "y":0.35021},
    {"x":0.31224,
     "y":0.35232},
    {"x":0.33544,
     "y":0.36498},
    {"x":0.35865,
     "y":0.37553},
    {"x":0.38186,
     "y":0.38819},
    {"x":0.40506,
     "y":0.39662},
    {"x":0.42827,
     "y":0.40928},
    {"x":0.44726,
     "y":0.43038},
    {"x":0.44304,
     "y":0.45359},
    {"x":0.44726,
     "y":0.47679},
    {"x":0.45781,
     "y":0.5},
    {"x":0.48101,
     "y":0.51688},
    {"x":0.50422,
     "y":0.5211},
    {"x":0.52743,
     "y":0.51266},
    {"x":0.54641,
     "y":0.49367},
    {"x":0.55485,
     "y":0.47046},
    {"x":0.57595,
     "y":0.47468},
    {"x":0.59705,
     "y":0.48523},
    {"x":0.62025,
     "y":0.49789},
    {"x":0.64346,
     "y":0.5},
    {"x":0.66667,
     "y":0.49578},
    {"x":0.68987,
     "y":0.48734},
    {"x":0.71308,
     "y":0.48312},
    {"x":0.73629,
     "y":0.4789},
    {"x":0.75949,
     "y":0.47257},
    {"x":0.7827,
     "y":0.46624},
    {"x":0.80591,
     "y":0.45992},
    {"x":0.82911,
     "y":0.45992},
    {"x":0.85232,
     "y":0.46414},
    {"x":0.87553,
     "y":0.47046},
    {"x":0.89873,
     "y":0.47468},
    {"x":0.92194,
     "y":0.46835},
    {"x":0.94304,
     "y":0.44937},
    {"x":0.9557,
     "y":0.42616},
    {"x":0.96835,
     "y":0.40295},
    {"x":0.98101,
     "y":0.37975},
    {"x":0.99156,
     "y":0.35654},
    {"x":0.99578,
     "y":0.33333},
    {"x":1,
     "y":0.31013},
    {"x":1,
     "y":0.28692},
    {"x":1,
     "y":0.26371},
    {"x":0.99789,
     "y":0.24051},
    {"x":0.98734,
     "y":0.2173},
    {"x":0.9789,
     "y":0.19409},
    {"x":0.97679,
     "y":0.17089},
    {"x":0.97046,
     "y":0.14768},
    {"x":0.96203,
     "y":0.12447},
    {"x":0.94515,
     "y":0.10127},
    {"x":0.92405,
     "y":0.080169},
    {"x":0.90084,
     "y":0.063291},
    {"x":0.87764,
     "y":0.056962},
    {"x":0.85443,
     "y":0.050633},
    {"x":0.83122,
     "y":0.048523},
    {"x":0.80802,
     "y":0.046414},
    {"x":0.78481,
     "y":0.046414},
    {"x":0.7616,
     "y":0.046414},
    {"x":0.7384,
     "y":0.048523},
    {"x":0.71519,
     "y":0.056962},
    {"x":0.69198,
     "y":0.061181},
    {"x":0.66878,
     "y":0.078059},
    {"x":0.64557,
     "y":0.084388},
    {"x":0.62236,
     "y":0.086498},
    {"x":0.59916,
     "y":0.086498},
    {"x":0.57595,
     "y":0.084388},
    {"x":0.55274,
     "y":0.082278},
    {"x":0.52954,
     "y":0.084388},
    {"x":0.50633,
     "y":0.075949},
    {"x":0.48312,
     "y":0.07173},
    {"x":0.45992,
     "y":0.059072},
    {"x":0.43671,
     "y":0.044304},
    {"x":0.4135,
     "y":0.029536},
    {"x":0.3903,
     "y":0.016878},
    {"x":0.36709,
     "y":0.010549},
    {"x":0.34388,
     "y":0.0042194},
    {"x":0.32068,
     "y":0.0021097},
    {"x":0.29747,
     "y":0},
    {"x":0.27426,
     "y":0.0063291},
    {"x":0.25105,
     "y":0.0021097},
    {"x":0.22785,
     "y":0.0042194},
    {"x":0.20464,
     "y":0.0084388},
    {"x":0.18143,
     "y":0.014768},
    {"x":0.15823,
     "y":0.021097},
    {"x":0.13502,
     "y":0.029536},
    {"x":0.11181,
     "y":0.044304},
    {"x":0.088608,
     "y":0.048523},
    {"x":0.065401,
     "y":0.063291},
    {"x":0.042194,
     "y":0.080169},
    {"x":0.021097,
     "y":0.099156},
    {"x":0.012658,
     "y":0.12236},
    {"x":0.0063291,
     "y":0.14557},
    {"x":0,
     "y":0.16878},
    {"x":0,
     "y":0.19198},
    {"x":0.0021097,
     "y":0.21519},
    {"x":0.0063291,
     "y":0.2384},
    {"x":0.010549,
     "y":0.24684}],
 "triangles":[
    {"p1":88,
     "p2":90,
     "p3":91},
    {"p1":95,
     "p2":96,
     "p3":97},
    {"p1":88,
     "p2":89,
     "p3":90},
    {"p1":98,
     "p2":99,
     "p3":100},
    {"p1":97,
     "p2":98,
     "p3":101},
    {"p1":98,
     "p2":100,
     "p3":101},
    {"p1":17,
     "p2":18,
     "p3":77},
    {"p1":17,
     "p2":77,
     "p3":79},
    {"p1":11,
     "p2":12,
     "p3":88},
    {"p1":13,
     "p2":14,
     "p3":79},
    {"p1":2,
     "p2":95,
     "p3":97},
    {"p1":2,
     "p2":97,
     "p3":101},
    {"p1":7,
     "p2":93,
     "p3":95},
    {"p1":60,
     "p2":61,
     "p3":62},
    {"p1":59,
     "p2":60,
     "p3":62},
    {"p1":38,
     "p2":54,
     "p3":55},
    {"p1":55,
     "p2":62,
     "p3":64},
    {"p1":49,
     "p2":50,
     "p3":51},
    {"p1":6,
     "p2":7,
     "p3":95},
    {"p1":0,
     "p2":1,
     "p3":105},
    {"p1":1,
     "p2":104,
     "p3":105},
    {"p1":1,
     "p2":2,
     "p3":104},
    {"p1":14,
     "p2":15,
     "p3":79},
    {"p1":13,
     "p2":79,
     "p3":80},
    {"p1":13,
     "p2":80,
     "p3":81},
    {"p1":77,
     "p2":78,
     "p3":79},
    {"p1":36,
     "p2":71,
     "p3":72},
    {"p1":27,
     "p2":28,
     "p3":74},
    {"p1":18,
     "p2":19,
     "p3":27},
    {"p1":28,
     "p2":73,
     "p3":74},
    {"p1":28,
     "p2":72,
     "p3":73},
    {"p1":69,
     "p2":70,
     "p3":71},
    {"p1":38,
     "p2":69,
     "p3":71},
    {"p1":38,
     "p2":55,
     "p3":69},
    {"p1":13,
     "p2":81,
     "p3":82},
    {"p1":27,
     "p2":74,
     "p3":75},
    {"p1":18,
     "p2":27,
     "p3":75},
    {"p1":18,
     "p2":75,
     "p3":77},
    {"p1":75,
     "p2":76,
     "p3":77},
    {"p1":47,
     "p2":48,
     "p3":49},
    {"p1":39,
     "p2":46,
     "p3":47},
    {"p1":39,
     "p2":47,
     "p3":49},
    {"p1":39,
     "p2":49,
     "p3":51},
    {"p1":38,
     "p2":39,
     "p3":54},
    {"p1":39,
     "p2":51,
     "p3":54},
    {"p1":2,
     "p2":103,
     "p3":104},
    {"p1":101,
     "p2":102,
     "p3":103},
    {"p1":2,
     "p2":101,
     "p3":103},
    {"p1":93,
     "p2":94,
     "p3":95},
    {"p1":7,
     "p2":92,
     "p3":93},
    {"p1":62,
     "p2":63,
     "p3":64},
    {"p1":66,
     "p2":67,
     "p3":69},
    {"p1":55,
     "p2":66,
     "p3":69},
    {"p1":57,
     "p2":59,
     "p3":62},
    {"p1":55,
     "p2":57,
     "p3":62},
    {"p1":57,
     "p2":58,
     "p3":59},
    {"p1":52,
     "p2":53,
     "p3":54},
    {"p1":51,
     "p2":52,
     "p3":54},
    {"p1":10,
     "p2":11,
     "p3":88},
    {"p1":9,
     "p2":10,
     "p3":88},
    {"p1":82,
     "p2":83,
     "p3":84},
    {"p1":13,
     "p2":82,
     "p3":84},
    {"p1":12,
     "p2":13,
     "p3":84},
    {"p1":12,
     "p2":84,
     "p3":88},
    {"p1":86,
     "p2":87,
     "p3":88},
    {"p1":84,
     "p2":86,
     "p3":88},
    {"p1":84,
     "p2":85,
     "p3":86},
    {"p1":16,
     "p2":17,
     "p3":79},
    {"p1":15,
     "p2":16,
     "p3":79},
    {"p1":33,
     "p2":34,
     "p3":72},
    {"p1":28,
     "p2":33,
     "p3":72},
    {"p1":34,
     "p2":35,
     "p3":72},
    {"p1":35,
     "p2":36,
     "p3":72},
    {"p1":23,
     "p2":24,
     "p3":25},
    {"p1":28,
     "p2":29,
     "p3":33},
    {"p1":29,
     "p2":32,
     "p3":33},
    {"p1":29,
     "p2":31,
     "p3":32},
    {"p1":29,
     "p2":30,
     "p3":31},
    {"p1":67,
     "p2":68,
     "p3":69},
    {"p1":41,
     "p2":43,
     "p3":44},
    {"p1":41,
     "p2":42,
     "p3":43},
    {"p1":7,
     "p2":8,
     "p3":92},
    {"p1":8,
     "p2":91,
     "p3":92},
    {"p1":8,
     "p2":88,
     "p3":91},
    {"p1":8,
     "p2":9,
     "p3":88},
    {"p1":55,
     "p2":64,
     "p3":65},
    {"p1":55,
     "p2":65,
     "p3":66},
    {"p1":55,
     "p2":56,
     "p3":57},
    {"p1":2,
     "p2":3,
     "p3":95},
    {"p1":3,
     "p2":4,
     "p3":5},
    {"p1":3,
     "p2":5,
     "p3":6},
    {"p1":3,
     "p2":6,
     "p3":95},
    {"p1":19,
     "p2":20,
     "p3":27},
    {"p1":20,
     "p2":21,
     "p3":27},
    {"p1":21,
     "p2":22,
     "p3":23},
    {"p1":21,
     "p2":23,
     "p3":25},
    {"p1":21,
     "p2":26,
     "p3":27},
    {"p1":21,
     "p2":25,
     "p3":26},
    {"p1":37,
     "p2":38,
     "p3":71},
    {"p1":36,
     "p2":37,
     "p3":71},
    {"p1":41,
     "p2":44,
     "p3":45},
    {"p1":40,
     "p2":41,
     "p3":45},
    {"p1":40,
     "p2":45,
     "p3":46},
    {"p1":39,
     "p2":40,
     "p3":46}]
}