{"points":[
    {"x":0.019108,
     "y":0.23142},
    {"x":0.038217,
     "y":0.25265},
    {"x":0.061571,
     "y":0.27389},
    {"x":0.084926,
     "y":0.29087},
    {"x":0.10828,
     "y":0.29936},
    {"x":0.13163,
     "y":0.30786},
    {"x":0.15499,
     "y":0.31423},
    {"x":0.17834,
     "y":0.31847},
    {"x":0.2017,
     "y":0.32272},
    {"x":0.22505,
     "y":0.32909},
    {"x":0.24841,
     "y":0.33546},
    {"x":0.27176,
     "y":0.3397},
    {"x":0.29512,
     "y":0.34395},
    {"x":0.31847,
     "y":0.3482},
    {"x":0.34183,
     "y":0.35032},
    {"x":0.36518,
     "y":0.35669},
    {"x":0.38854,
     "y":0.37155},
    {"x":0.41189,
     "y":0.39066},
    {"x":0.43312,
     "y":0.40552},
    {"x":0.45648,
     "y":0.40552},
    {"x":0.47983,
     "y":0.41189},
    {"x":0.50318,
     "y":0.431},
    {"x":0.52442,
     "y":0.45223},
    {"x":0.54777,
     "y":0.47346},
    {"x":0.55414,
     "y":0.45648},
    {"x":0.5414,
     "y":0.43524},
    {"x":0.56476,
     "y":0.44161},
    {"x":0.58811,
     "y":0.44161},
    {"x":0.61146,
     "y":0.43949},
    {"x":0.63482,
     "y":0.43524},
    {"x":0.65817,
     "y":0.431},
    {"x":0.68153,
     "y":0.42675},
    {"x":0.70488,
     "y":0.42251},
    {"x":0.72824,
     "y":0.41826},
    {"x":0.75159,
     "y":0.41614},
    {"x":0.77495,
     "y":0.41401},
    {"x":0.7983,
     "y":0.41189},
    {"x":0.82166,
     "y":0.40977},
    {"x":0.84501,
     "y":0.40552},
    {"x":0.86837,
     "y":0.40127},
    {"x":0.89172,
     "y":0.39703},
    {"x":0.91507,
     "y":0.39066},
    {"x":0.93843,
     "y":0.38429},
    {"x":0.96178,
     "y":0.37367},
    {"x":0.97877,
     "y":0.35032},
    {"x":0.98938,
     "y":0.32696},
    {"x":0.99363,
     "y":0.30361},
    {"x":0.99363,
     "y":0.28025},
    {"x":0.99788,
     "y":0.2569},
    {"x":0.99788,
     "y":0.23355},
    {"x":0.99575,
     "y":0.21019},
    {"x":1,
     "y":0.18684},
    {"x":1,
     "y":0.16348},
    {"x":0.99575,
     "y":0.14013},
    {"x":0.98938,
     "y":0.11677},
    {"x":0.97877,
     "y":0.093418},
    {"x":0.97028,
     "y":0.070064},
    {"x":0.95541,
     "y":0.046709},
    {"x":0.93206,
     "y":0.029724},
    {"x":0.9087,
     "y":0.019108},
    {"x":0.88535,
     "y":0.014862},
    {"x":0.862,
     "y":0.014862},
    {"x":0.83864,
     "y":0.014862},
    {"x":0.81529,
     "y":0.014862},
    {"x":0.79193,
     "y":0.014862},
    {"x":0.76858,
     "y":0.016985},
    {"x":0.74522,
     "y":0.019108},
    {"x":0.72187,
     "y":0.021231},
    {"x":0.69851,
     "y":0.025478},
    {"x":0.67516,
     "y":0.03397},
    {"x":0.65605,
     "y":0.048832},
    {"x":0.6327,
     "y":0.053079},
    {"x":0.60934,
     "y":0.053079},
    {"x":0.58599,
     "y":0.053079},
    {"x":0.56263,
     "y":0.053079},
    {"x":0.53928,
     "y":0.050955},
    {"x":0.51592,
     "y":0.046709},
    {"x":0.49257,
     "y":0.042463},
    {"x":0.46921,
     "y":0.036093},
    {"x":0.44586,
     "y":0.029724},
    {"x":0.42251,
     "y":0.023355},
    {"x":0.39915,
     "y":0.014862},
    {"x":0.3758,
     "y":0.0084926},
    {"x":0.35244,
     "y":0.0042463},
    {"x":0.32909,
     "y":0.0021231},
    {"x":0.30573,
     "y":0},
    {"x":0.28238,
     "y":0.0021231},
    {"x":0.25902,
     "y":0.0021231},
    {"x":0.23567,
     "y":0.0063694},
    {"x":0.21231,
     "y":0.010616},
    {"x":0.18896,
     "y":0.014862},
    {"x":0.16561,
     "y":0.019108},
    {"x":0.14225,
     "y":0.027601},
    {"x":0.1189,
     "y":0.036093},
    {"x":0.095541,
     "y":0.04034},
    {"x":0.072187,
     "y":0.055202},
    {"x":0.048832,
     "y":0.070064},
    {"x":0.025478,
     "y":0.089172},
    {"x":0.010616,
     "y":0.11253},
    {"x":0.0021231,
     "y":0.13588},
    {"x":0,
     "y":0.15924},
    {"x":0.0021231,
     "y":0.18259},
    {"x":0.0084926,
     "y":0.20594},
    {"x":0.016985,
     "y":0.2293},
    {"x":0.019108,
     "y":0.23142}],
 "triangles":[
    {"p1":56,
     "p2":57,
     "p3":58},
    {"p1":55,
     "p2":56,
     "p3":58},
    {"p1":1,
     "p2":96,
     "p3":102},
    {"p1":96,
     "p2":97,
     "p3":98},
    {"p1":98,
     "p2":99,
     "p3":100},
    {"p1":96,
     "p2":98,
     "p3":100},
    {"p1":5,
     "p2":92,
     "p3":93},
    {"p1":16,
     "p2":19,
     "p3":75},
    {"p1":42,
     "p2":43,
     "p3":44},
    {"p1":42,
     "p2":44,
     "p3":45},
    {"p1":96,
     "p2":100,
     "p3":101},
    {"p1":96,
     "p2":101,
     "p3":102},
    {"p1":0,
     "p2":102,
     "p3":103},
    {"p1":0,
     "p2":1,
     "p3":102},
    {"p1":5,
     "p2":6,
     "p3":92},
    {"p1":93,
     "p2":94,
     "p3":95},
    {"p1":1,
     "p2":95,
     "p3":96},
    {"p1":15,
     "p2":16,
     "p3":77},
    {"p1":16,
     "p2":76,
     "p3":77},
    {"p1":16,
     "p2":75,
     "p3":76},
    {"p1":11,
     "p2":12,
     "p3":84},
    {"p1":84,
     "p2":85,
     "p3":86},
    {"p1":11,
     "p2":84,
     "p3":86},
    {"p1":12,
     "p2":13,
     "p3":82},
    {"p1":54,
     "p2":55,
     "p3":62},
    {"p1":53,
     "p2":54,
     "p3":62},
    {"p1":50,
     "p2":53,
     "p3":62},
    {"p1":50,
     "p2":62,
     "p3":63},
    {"p1":29,
     "p2":72,
     "p3":73},
    {"p1":19,
     "p2":20,
     "p3":75},
    {"p1":20,
     "p2":74,
     "p3":75},
    {"p1":20,
     "p2":73,
     "p3":74},
    {"p1":14,
     "p2":15,
     "p3":79},
    {"p1":66,
     "p2":67,
     "p3":70},
    {"p1":67,
     "p2":68,
     "p3":70},
    {"p1":39,
     "p2":40,
     "p3":47},
    {"p1":35,
     "p2":66,
     "p3":70},
    {"p1":38,
     "p2":39,
     "p3":50},
    {"p1":37,
     "p2":38,
     "p3":50},
    {"p1":37,
     "p2":50,
     "p3":65},
    {"p1":39,
     "p2":49,
     "p3":50},
    {"p1":39,
     "p2":47,
     "p3":49},
    {"p1":29,
     "p2":30,
     "p3":72},
    {"p1":30,
     "p2":71,
     "p3":72},
    {"p1":30,
     "p2":31,
     "p3":71},
    {"p1":1,
     "p2":2,
     "p3":95},
    {"p1":2,
     "p2":93,
     "p3":95},
    {"p1":4,
     "p2":5,
     "p3":93},
    {"p1":2,
     "p2":4,
     "p3":93},
    {"p1":2,
     "p2":3,
     "p3":4},
    {"p1":10,
     "p2":11,
     "p3":86},
    {"p1":12,
     "p2":82,
     "p3":83},
    {"p1":12,
     "p2":83,
     "p3":84},
    {"p1":16,
     "p2":17,
     "p3":19},
    {"p1":17,
     "p2":18,
     "p3":19},
    {"p1":55,
     "p2":61,
     "p3":62},
    {"p1":68,
     "p2":69,
     "p3":70},
    {"p1":20,
     "p2":25,
     "p3":73},
    {"p1":15,
     "p2":77,
     "p3":78},
    {"p1":15,
     "p2":78,
     "p3":79},
    {"p1":13,
     "p2":14,
     "p3":81},
    {"p1":13,
     "p2":81,
     "p3":82},
    {"p1":40,
     "p2":41,
     "p3":47},
    {"p1":41,
     "p2":46,
     "p3":47},
    {"p1":41,
     "p2":45,
     "p3":46},
    {"p1":41,
     "p2":42,
     "p3":45},
    {"p1":36,
     "p2":37,
     "p3":65},
    {"p1":35,
     "p2":36,
     "p3":66},
    {"p1":36,
     "p2":65,
     "p3":66},
    {"p1":33,
     "p2":34,
     "p3":70},
    {"p1":34,
     "p2":35,
     "p3":70},
    {"p1":47,
     "p2":48,
     "p3":49},
    {"p1":90,
     "p2":91,
     "p3":92},
    {"p1":6,
     "p2":7,
     "p3":92},
    {"p1":7,
     "p2":90,
     "p3":92},
    {"p1":86,
     "p2":87,
     "p3":88},
    {"p1":50,
     "p2":63,
     "p3":64},
    {"p1":50,
     "p2":64,
     "p3":65},
    {"p1":55,
     "p2":60,
     "p3":61},
    {"p1":55,
     "p2":58,
     "p3":60},
    {"p1":58,
     "p2":59,
     "p3":60},
    {"p1":22,
     "p2":23,
     "p3":24},
    {"p1":22,
     "p2":24,
     "p3":25},
    {"p1":14,
     "p2":79,
     "p3":80},
    {"p1":14,
     "p2":80,
     "p3":81},
    {"p1":31,
     "p2":32,
     "p3":71},
    {"p1":32,
     "p2":33,
     "p3":70},
    {"p1":32,
     "p2":70,
     "p3":71},
    {"p1":8,
     "p2":88,
     "p3":89},
    {"p1":8,
     "p2":89,
     "p3":90},
    {"p1":7,
     "p2":8,
     "p3":90},
    {"p1":25,
     "p2":26,
     "p3":27},
    {"p1":25,
     "p2":27,
     "p3":28},
    {"p1":28,
     "p2":29,
     "p3":73},
    {"p1":25,
     "p2":28,
     "p3":73},
    {"p1":20,
     "p2":21,
     "p3":25},
    {"p1":21,
     "p2":22,
     "p3":25},
    {"p1":8,
     "p2":9,
     "p3":88},
    {"p1":9,
     "p2":10,
     "p3":86},
    {"p1":9,
     "p2":86,
     "p3":88},
    {"p1":50,
     "p2":52,
     "p3":53},
    {"p1":50,
     "p2":51,
     "p3":52}]
}