{"points":[
    {"x":0.015521,
     "y":0.21729},
    {"x":0.031042,
     "y":0.23947},
    {"x":0.046563,
     "y":0.25942},
    {"x":0.068736,
     "y":0.27051},
    {"x":0.090909,
     "y":0.2816},
    {"x":0.11308,
     "y":0.28825},
    {"x":0.13525,
     "y":0.2949},
    {"x":0.15743,
     "y":0.29933},
    {"x":0.1796,
     "y":0.30377},
    {"x":0.20177,
     "y":0.3082},
    {"x":0.22395,
     "y":0.31042},
    {"x":0.24612,
     "y":0.31486},
    {"x":0.26829,
     "y":0.31929},
    {"x":0.29047,
     "y":0.32373},
    {"x":0.31264,
     "y":0.32816},
    {"x":0.33481,
     "y":0.33703},
    {"x":0.35698,
     "y":0.33481},
    {"x":0.37916,
     "y":0.33481},
    {"x":0.40133,
     "y":0.33703},
    {"x":0.4235,
     "y":0.33481},
    {"x":0.44568,
     "y":0.33703},
    {"x":0.46785,
     "y":0.33925},
    {"x":0.47894,
     "y":0.3592},
    {"x":0.48337,
     "y":0.38137},
    {"x":0.49667,
     "y":0.40355},
    {"x":0.50554,
     "y":0.42129},
    {"x":0.50998,
     "y":0.40133},
    {"x":0.50776,
     "y":0.37916},
    {"x":0.52772,
     "y":0.37916},
    {"x":0.54545,
     "y":0.39911},
    {"x":0.56763,
     "y":0.40133},
    {"x":0.5898,
     "y":0.40798},
    {"x":0.61197,
     "y":0.41242},
    {"x":0.63415,
     "y":0.41685},
    {"x":0.65632,
     "y":0.42129},
    {"x":0.67849,
     "y":0.42572},
    {"x":0.70067,
     "y":0.43016},
    {"x":0.72284,
     "y":0.43237},
    {"x":0.74501,
     "y":0.43237},
    {"x":0.76718,
     "y":0.43237},
    {"x":0.78936,
     "y":0.43016},
    {"x":0.81153,
     "y":0.42572},
    {"x":0.8337,
     "y":0.41907},
    {"x":0.85588,
     "y":0.4102},
    {"x":0.87805,
     "y":0.39911},
    {"x":0.90022,
     "y":0.38803},
    {"x":0.92239,
     "y":0.37029},
    {"x":0.94457,
     "y":0.35033},
    {"x":0.96674,
     "y":0.32816},
    {"x":0.98226,
     "y":0.30599},
    {"x":0.99335,
     "y":0.28381},
    {"x":0.99778,
     "y":0.26164},
    {"x":0.99778,
     "y":0.23947},
    {"x":1,
     "y":0.21729},
    {"x":1,
     "y":0.19512},
    {"x":0.99778,
     "y":0.17295},
    {"x":0.98891,
     "y":0.15078},
    {"x":0.97561,
     "y":0.1286},
    {"x":0.96452,
     "y":0.10643},
    {"x":0.95344,
     "y":0.084257},
    {"x":0.94235,
     "y":0.062084},
    {"x":0.92461,
     "y":0.039911},
    {"x":0.90244,
     "y":0.022173},
    {"x":0.88027,
     "y":0.013304},
    {"x":0.85809,
     "y":0.0088692},
    {"x":0.83592,
     "y":0.0066519},
    {"x":0.81375,
     "y":0.0044346},
    {"x":0.79157,
     "y":0.0066519},
    {"x":0.7694,
     "y":0.0066519},
    {"x":0.74723,
     "y":0.0088692},
    {"x":0.72506,
     "y":0.013304},
    {"x":0.70288,
     "y":0.015521},
    {"x":0.68071,
     "y":0.019956},
    {"x":0.65854,
     "y":0.02439},
    {"x":0.63636,
     "y":0.035477},
    {"x":0.61419,
     "y":0.050998},
    {"x":0.59202,
     "y":0.053215},
    {"x":0.56984,
     "y":0.053215},
    {"x":0.54767,
     "y":0.053215},
    {"x":0.5255,
     "y":0.050998},
    {"x":0.50333,
     "y":0.046563},
    {"x":0.48115,
     "y":0.042129},
    {"x":0.45898,
     "y":0.031042},
    {"x":0.43681,
     "y":0.022173},
    {"x":0.41463,
     "y":0.017738},
    {"x":0.39246,
     "y":0.0066519},
    {"x":0.37029,
     "y":0.0044346},
    {"x":0.34812,
     "y":0.0022173},
    {"x":0.32594,
     "y":0},
    {"x":0.30377,
     "y":0},
    {"x":0.2816,
     "y":0.0022173},
    {"x":0.25942,
     "y":0.0066519},
    {"x":0.23725,
     "y":0.0066519},
    {"x":0.21508,
     "y":0.011086},
    {"x":0.1929,
     "y":0.015521},
    {"x":0.17073,
     "y":0.019956},
    {"x":0.14856,
     "y":0.026608},
    {"x":0.12639,
     "y":0.033259},
    {"x":0.10421,
     "y":0.039911},
    {"x":0.08204,
     "y":0.050998},
    {"x":0.059867,
     "y":0.062084},
    {"x":0.037694,
     "y":0.073171},
    {"x":0.015521,
     "y":0.095344},
    {"x":0.0044346,
     "y":0.11752},
    {"x":0,
     "y":0.13969},
    {"x":0,
     "y":0.16186},
    {"x":0.0044346,
     "y":0.18404},
    {"x":0.011086,
     "y":0.20621},
    {"x":0.015521,
     "y":0.21729}],
 "triangles":[
    {"p1":53,
     "p2":54,
     "p3":57},
    {"p1":21,
     "p2":78,
     "p3":79},
    {"p1":49,
     "p2":50,
     "p3":51},
    {"p1":46,
     "p2":47,
     "p3":57},
    {"p1":19,
     "p2":20,
     "p3":81},
    {"p1":17,
     "p2":19,
     "p3":81},
    {"p1":16,
     "p2":17,
     "p3":84},
    {"p1":21,
     "p2":79,
     "p3":80},
    {"p1":20,
     "p2":80,
     "p3":81},
    {"p1":20,
     "p2":21,
     "p3":80},
    {"p1":49,
     "p2":51,
     "p3":52},
    {"p1":52,
     "p2":53,
     "p3":57},
    {"p1":47,
     "p2":52,
     "p3":57},
    {"p1":44,
     "p2":46,
     "p3":57},
    {"p1":44,
     "p2":45,
     "p3":46},
    {"p1":5,
     "p2":98,
     "p3":99},
    {"p1":60,
     "p2":61,
     "p3":64},
    {"p1":54,
     "p2":55,
     "p3":56},
    {"p1":54,
     "p2":56,
     "p3":57},
    {"p1":17,
     "p2":81,
     "p3":82},
    {"p1":17,
     "p2":82,
     "p3":84},
    {"p1":82,
     "p2":83,
     "p3":84},
    {"p1":42,
     "p2":43,
     "p3":70},
    {"p1":41,
     "p2":42,
     "p3":70},
    {"p1":43,
     "p2":44,
     "p3":70},
    {"p1":38,
     "p2":70,
     "p3":71},
    {"p1":38,
     "p2":39,
     "p3":70},
    {"p1":48,
     "p2":49,
     "p3":52},
    {"p1":47,
     "p2":48,
     "p3":52},
    {"p1":1,
     "p2":2,
     "p3":3},
    {"p1":0,
     "p2":1,
     "p3":107},
    {"p1":1,
     "p2":3,
     "p3":99},
    {"p1":61,
     "p2":62,
     "p3":63},
    {"p1":61,
     "p2":63,
     "p3":64},
    {"p1":8,
     "p2":95,
     "p3":96},
    {"p1":8,
     "p2":94,
     "p3":95},
    {"p1":14,
     "p2":15,
     "p3":16},
    {"p1":14,
     "p2":86,
     "p3":87},
    {"p1":14,
     "p2":16,
     "p3":84},
    {"p1":14,
     "p2":84,
     "p3":86},
    {"p1":5,
     "p2":6,
     "p3":97},
    {"p1":5,
     "p2":97,
     "p3":98},
    {"p1":100,
     "p2":105,
     "p3":106},
    {"p1":100,
     "p2":106,
     "p3":107},
    {"p1":100,
     "p2":104,
     "p3":105},
    {"p1":1,
     "p2":100,
     "p3":107},
    {"p1":1,
     "p2":99,
     "p3":100},
    {"p1":100,
     "p2":103,
     "p3":104},
    {"p1":4,
     "p2":5,
     "p3":99},
    {"p1":3,
     "p2":4,
     "p3":99},
    {"p1":37,
     "p2":38,
     "p3":75},
    {"p1":38,
     "p2":71,
     "p3":75},
    {"p1":17,
     "p2":18,
     "p3":19},
    {"p1":21,
     "p2":22,
     "p3":28},
    {"p1":84,
     "p2":85,
     "p3":86},
    {"p1":40,
     "p2":41,
     "p3":70},
    {"p1":39,
     "p2":40,
     "p3":70},
    {"p1":44,
     "p2":57,
     "p3":67},
    {"p1":44,
     "p2":67,
     "p3":68},
    {"p1":65,
     "p2":66,
     "p3":67},
    {"p1":7,
     "p2":8,
     "p3":96},
    {"p1":7,
     "p2":96,
     "p3":97},
    {"p1":6,
     "p2":7,
     "p3":97},
    {"p1":10,
     "p2":93,
     "p3":94},
    {"p1":91,
     "p2":92,
     "p3":93},
    {"p1":10,
     "p2":91,
     "p3":93},
    {"p1":9,
     "p2":10,
     "p3":94},
    {"p1":8,
     "p2":9,
     "p3":94},
    {"p1":28,
     "p2":29,
     "p3":30},
    {"p1":28,
     "p2":30,
     "p3":31},
    {"p1":31,
     "p2":32,
     "p3":75},
    {"p1":28,
     "p2":31,
     "p3":75},
    {"p1":32,
     "p2":33,
     "p3":75},
    {"p1":33,
     "p2":34,
     "p3":75},
    {"p1":34,
     "p2":35,
     "p3":75},
    {"p1":21,
     "p2":28,
     "p3":76},
    {"p1":28,
     "p2":75,
     "p3":76},
    {"p1":23,
     "p2":24,
     "p3":27},
    {"p1":22,
     "p2":27,
     "p3":28},
    {"p1":22,
     "p2":23,
     "p3":27},
    {"p1":44,
     "p2":68,
     "p3":69},
    {"p1":44,
     "p2":69,
     "p3":70},
    {"p1":72,
     "p2":73,
     "p3":74},
    {"p1":72,
     "p2":74,
     "p3":75},
    {"p1":71,
     "p2":72,
     "p3":75},
    {"p1":12,
     "p2":90,
     "p3":91},
    {"p1":12,
     "p2":89,
     "p3":90},
    {"p1":57,
     "p2":58,
     "p3":67},
    {"p1":58,
     "p2":65,
     "p3":67},
    {"p1":59,
     "p2":60,
     "p3":64},
    {"p1":59,
     "p2":64,
     "p3":65},
    {"p1":58,
     "p2":59,
     "p3":65},
    {"p1":10,
     "p2":11,
     "p3":91},
    {"p1":11,
     "p2":12,
     "p3":91},
    {"p1":13,
     "p2":88,
     "p3":89},
    {"p1":12,
     "p2":13,
     "p3":89},
    {"p1":13,
     "p2":87,
     "p3":88},
    {"p1":13,
     "p2":14,
     "p3":87},
    {"p1":24,
     "p2":25,
     "p3":26},
    {"p1":24,
     "p2":26,
     "p3":27},
    {"p1":36,
     "p2":37,
     "p3":75},
    {"p1":35,
     "p2":36,
     "p3":75},
    {"p1":21,
     "p2":77,
     "p3":78},
    {"p1":21,
     "p2":76,
     "p3":77},
    {"p1":100,
     "p2":101,
     "p3":102},
    {"p1":100,
     "p2":102,
     "p3":103}]
}