{"points":[
    {"x":0.019022,
     "y":0.21739},
    {"x":0.038043,
     "y":0.23913},
    {"x":0.059783,
     "y":0.25543},
    {"x":0.081522,
     "y":0.2663},
    {"x":0.10326,
     "y":0.27446},
    {"x":0.125,
     "y":0.27989},
    {"x":0.14674,
     "y":0.28533},
    {"x":0.16848,
     "y":0.28804},
    {"x":0.19022,
     "y":0.29076},
    {"x":0.21196,
     "y":0.29348},
    {"x":0.2337,
     "y":0.2962},
    {"x":0.25543,
     "y":0.29891},
    {"x":0.27717,
     "y":0.30163},
    {"x":0.29891,
     "y":0.30435},
    {"x":0.32065,
     "y":0.30707},
    {"x":0.33696,
     "y":0.32065},
    {"x":0.34239,
     "y":0.34239},
    {"x":0.36141,
     "y":0.36141},
    {"x":0.38315,
     "y":0.37228},
    {"x":0.40489,
     "y":0.37772},
    {"x":0.42663,
     "y":0.375},
    {"x":0.44837,
     "y":0.36141},
    {"x":0.47011,
     "y":0.36957},
    {"x":0.49185,
     "y":0.37228},
    {"x":0.51359,
     "y":0.38315},
    {"x":0.53533,
     "y":0.38587},
    {"x":0.55707,
     "y":0.38315},
    {"x":0.5788,
     "y":0.37772},
    {"x":0.60054,
     "y":0.37228},
    {"x":0.62228,
     "y":0.36957},
    {"x":0.64402,
     "y":0.36685},
    {"x":0.66576,
     "y":0.36413},
    {"x":0.6875,
     "y":0.36141},
    {"x":0.70924,
     "y":0.3587},
    {"x":0.73098,
     "y":0.3587},
    {"x":0.75272,
     "y":0.3587},
    {"x":0.77446,
     "y":0.3587},
    {"x":0.7962,
     "y":0.3587},
    {"x":0.81793,
     "y":0.35598},
    {"x":0.83967,
     "y":0.35598},
    {"x":0.86141,
     "y":0.35326},
    {"x":0.88315,
     "y":0.35326},
    {"x":0.90489,
     "y":0.35326},
    {"x":0.92663,
     "y":0.35054},
    {"x":0.94837,
     "y":0.34783},
    {"x":0.97011,
     "y":0.33967},
    {"x":0.98913,
     "y":0.32065},
    {"x":0.99457,
     "y":0.29891},
    {"x":0.99728,
     "y":0.27717},
    {"x":1,
     "y":0.25543},
    {"x":1,
     "y":0.2337},
    {"x":0.99457,
     "y":0.21196},
    {"x":0.99185,
     "y":0.19022},
    {"x":0.98641,
     "y":0.16848},
    {"x":0.97826,
     "y":0.14674},
    {"x":0.97283,
     "y":0.125},
    {"x":0.96467,
     "y":0.10326},
    {"x":0.9538,
     "y":0.081522},
    {"x":0.94565,
     "y":0.059783},
    {"x":0.93207,
     "y":0.038043},
    {"x":0.91033,
     "y":0.021739},
    {"x":0.88859,
     "y":0.013587},
    {"x":0.86685,
     "y":0.0081522},
    {"x":0.84511,
     "y":0.0054348},
    {"x":0.82337,
     "y":0.0054348},
    {"x":0.80163,
     "y":0.0054348},
    {"x":0.77989,
     "y":0.0054348},
    {"x":0.75815,
     "y":0.01087},
    {"x":0.73641,
     "y":0.013587},
    {"x":0.71467,
     "y":0.013587},
    {"x":0.69293,
     "y":0.016304},
    {"x":0.6712,
     "y":0.027174},
    {"x":0.65217,
     "y":0.048913},
    {"x":0.63043,
     "y":0.054348},
    {"x":0.6087,
     "y":0.054348},
    {"x":0.58696,
     "y":0.057065},
    {"x":0.56522,
     "y":0.057065},
    {"x":0.54348,
     "y":0.054348},
    {"x":0.52174,
     "y":0.05163},
    {"x":0.5,
     "y":0.046196},
    {"x":0.47826,
     "y":0.040761},
    {"x":0.45652,
     "y":0.032609},
    {"x":0.43478,
     "y":0.024457},
    {"x":0.41304,
     "y":0.016304},
    {"x":0.3913,
     "y":0.01087},
    {"x":0.36957,
     "y":0.0027174},
    {"x":0.34783,
     "y":0.0027174},
    {"x":0.32609,
     "y":0},
    {"x":0.30435,
     "y":0.0027174},
    {"x":0.28261,
     "y":0.0027174},
    {"x":0.26087,
     "y":0.0054348},
    {"x":0.23913,
     "y":0.01087},
    {"x":0.21739,
     "y":0.013587},
    {"x":0.19565,
     "y":0.019022},
    {"x":0.17391,
     "y":0.024457},
    {"x":0.15217,
     "y":0.029891},
    {"x":0.13043,
     "y":0.038043},
    {"x":0.1087,
     "y":0.046196},
    {"x":0.086957,
     "y":0.057065},
    {"x":0.065217,
     "y":0.067935},
    {"x":0.043478,
     "y":0.081522},
    {"x":0.021739,
     "y":0.097826},
    {"x":0.0054348,
     "y":0.11957},
    {"x":0,
     "y":0.1413},
    {"x":0,
     "y":0.16304},
    {"x":0.0027174,
     "y":0.18478},
    {"x":0.01087,
     "y":0.20652},
    {"x":0.019022,
     "y":0.21739}],
 "triangles":[
    {"p1":42,
     "p2":48,
     "p3":49},
    {"p1":45,
     "p2":46,
     "p3":47},
    {"p1":44,
     "p2":45,
     "p3":47},
    {"p1":58,
     "p2":60,
     "p3":61},
    {"p1":58,
     "p2":59,
     "p3":60},
    {"p1":101,
     "p2":102,
     "p3":103},
    {"p1":101,
     "p2":103,
     "p3":104},
    {"p1":100,
     "p2":101,
     "p3":104},
    {"p1":57,
     "p2":58,
     "p3":61},
    {"p1":42,
     "p2":43,
     "p3":48},
    {"p1":43,
     "p2":47,
     "p3":48},
    {"p1":43,
     "p2":44,
     "p3":47},
    {"p1":0,
     "p2":1,
     "p3":100},
    {"p1":0,
     "p2":100,
     "p3":104},
    {"p1":21,
     "p2":78,
     "p3":79},
    {"p1":84,
     "p2":85,
     "p3":86},
    {"p1":12,
     "p2":89,
     "p3":90},
    {"p1":1,
     "p2":2,
     "p3":99},
    {"p1":1,
     "p2":99,
     "p3":100},
    {"p1":28,
     "p2":75,
     "p3":76},
    {"p1":33,
     "p2":72,
     "p3":73},
    {"p1":49,
     "p2":50,
     "p3":51},
    {"p1":40,
     "p2":51,
     "p3":52},
    {"p1":40,
     "p2":52,
     "p3":53},
    {"p1":2,
     "p2":3,
     "p3":99},
    {"p1":15,
     "p2":16,
     "p3":17},
    {"p1":19,
     "p2":20,
     "p3":21},
    {"p1":0,
     "p2":105,
     "p3":106},
    {"p1":0,
     "p2":104,
     "p3":105},
    {"p1":21,
     "p2":79,
     "p3":80},
    {"p1":15,
     "p2":21,
     "p3":80},
    {"p1":12,
     "p2":88,
     "p3":89},
    {"p1":86,
     "p2":87,
     "p3":88},
    {"p1":7,
     "p2":95,
     "p3":96},
    {"p1":7,
     "p2":94,
     "p3":95},
    {"p1":7,
     "p2":8,
     "p3":94},
    {"p1":3,
     "p2":4,
     "p3":98},
    {"p1":3,
     "p2":98,
     "p3":99},
    {"p1":33,
     "p2":34,
     "p3":72},
    {"p1":55,
     "p2":56,
     "p3":65},
    {"p1":56,
     "p2":57,
     "p3":64},
    {"p1":56,
     "p2":64,
     "p3":65},
    {"p1":69,
     "p2":71,
     "p3":72},
    {"p1":69,
     "p2":70,
     "p3":71},
    {"p1":36,
     "p2":37,
     "p3":67},
    {"p1":18,
     "p2":19,
     "p3":21},
    {"p1":15,
     "p2":18,
     "p3":21},
    {"p1":15,
     "p2":17,
     "p3":18},
    {"p1":12,
     "p2":90,
     "p3":91},
    {"p1":9,
     "p2":10,
     "p3":93},
    {"p1":8,
     "p2":9,
     "p3":94},
    {"p1":9,
     "p2":93,
     "p3":94},
    {"p1":13,
     "p2":86,
     "p3":88},
    {"p1":12,
     "p2":13,
     "p3":88},
    {"p1":6,
     "p2":7,
     "p3":96},
    {"p1":34,
     "p2":35,
     "p3":72},
    {"p1":32,
     "p2":33,
     "p3":73},
    {"p1":31,
     "p2":32,
     "p3":73},
    {"p1":30,
     "p2":73,
     "p3":74},
    {"p1":30,
     "p2":31,
     "p3":73},
    {"p1":30,
     "p2":74,
     "p3":75},
    {"p1":40,
     "p2":41,
     "p3":51},
    {"p1":41,
     "p2":42,
     "p3":49},
    {"p1":41,
     "p2":49,
     "p3":51},
    {"p1":37,
     "p2":38,
     "p3":67},
    {"p1":38,
     "p2":65,
     "p3":67},
    {"p1":57,
     "p2":61,
     "p3":62},
    {"p1":65,
     "p2":66,
     "p3":67},
    {"p1":23,
     "p2":24,
     "p3":25},
    {"p1":23,
     "p2":25,
     "p3":26},
    {"p1":23,
     "p2":76,
     "p3":77},
    {"p1":21,
     "p2":22,
     "p3":23},
    {"p1":21,
     "p2":23,
     "p3":78},
    {"p1":23,
     "p2":77,
     "p3":78},
    {"p1":10,
     "p2":92,
     "p3":93},
    {"p1":10,
     "p2":91,
     "p3":92},
    {"p1":11,
     "p2":12,
     "p3":91},
    {"p1":10,
     "p2":11,
     "p3":91},
    {"p1":14,
     "p2":84,
     "p3":86},
    {"p1":13,
     "p2":14,
     "p3":86},
    {"p1":14,
     "p2":83,
     "p3":84},
    {"p1":14,
     "p2":82,
     "p3":83},
    {"p1":14,
     "p2":81,
     "p3":82},
    {"p1":14,
     "p2":80,
     "p3":81},
    {"p1":14,
     "p2":15,
     "p3":80},
    {"p1":5,
     "p2":97,
     "p3":98},
    {"p1":4,
     "p2":5,
     "p3":98},
    {"p1":5,
     "p2":96,
     "p3":97},
    {"p1":5,
     "p2":6,
     "p3":96},
    {"p1":36,
     "p2":67,
     "p3":68},
    {"p1":35,
     "p2":36,
     "p3":68},
    {"p1":35,
     "p2":68,
     "p3":72},
    {"p1":68,
     "p2":69,
     "p3":72},
    {"p1":28,
     "p2":29,
     "p3":75},
    {"p1":29,
     "p2":30,
     "p3":75},
    {"p1":38,
     "p2":39,
     "p3":54},
    {"p1":40,
     "p2":53,
     "p3":54},
    {"p1":39,
     "p2":40,
     "p3":54},
    {"p1":54,
     "p2":55,
     "p3":65},
    {"p1":38,
     "p2":54,
     "p3":65},
    {"p1":57,
     "p2":63,
     "p3":64},
    {"p1":57,
     "p2":62,
     "p3":63},
    {"p1":23,
     "p2":26,
     "p3":27},
    {"p1":27,
     "p2":28,
     "p3":76},
    {"p1":23,
     "p2":27,
     "p3":76}]
}