{"points":[
    {"x":0.0042827,
     "y":0.20771},
    {"x":0.014989,
     "y":0.22912},
    {"x":0.03212,
     "y":0.25054},
    {"x":0.049251,
     "y":0.26981},
    {"x":0.070664,
     "y":0.28266},
    {"x":0.092077,
     "y":0.29122},
    {"x":0.11349,
     "y":0.2955},
    {"x":0.1349,
     "y":0.30193},
    {"x":0.15632,
     "y":0.30621},
    {"x":0.17773,
     "y":0.30835},
    {"x":0.19914,
     "y":0.31263},
    {"x":0.22056,
     "y":0.31478},
    {"x":0.24197,
     "y":0.31478},
    {"x":0.26338,
     "y":0.3212},
    {"x":0.2848,
     "y":0.32334},
    {"x":0.30621,
     "y":0.32762},
    {"x":0.32762,
     "y":0.33191},
    {"x":0.34904,
     "y":0.33191},
    {"x":0.37045,
     "y":0.33405},
    {"x":0.39186,
     "y":0.33405},
    {"x":0.41328,
     "y":0.33619},
    {"x":0.43469,
     "y":0.3469},
    {"x":0.4561,
     "y":0.35974},
    {"x":0.47752,
     "y":0.37045},
    {"x":0.49893,
     "y":0.37901},
    {"x":0.52034,
     "y":0.3833},
    {"x":0.51178,
     "y":0.36403},
    {"x":0.52891,
     "y":0.3576},
    {"x":0.55032,
     "y":0.35974},
    {"x":0.57173,
     "y":0.36188},
    {"x":0.59315,
     "y":0.36617},
    {"x":0.61456,
     "y":0.37259},
    {"x":0.63597,
     "y":0.37473},
    {"x":0.65739,
     "y":0.38116},
    {"x":0.6788,
     "y":0.3833},
    {"x":0.70021,
     "y":0.3833},
    {"x":0.72163,
     "y":0.3833},
    {"x":0.74304,
     "y":0.3833},
    {"x":0.76445,
     "y":0.3833},
    {"x":0.78587,
     "y":0.3833},
    {"x":0.80728,
     "y":0.3833},
    {"x":0.82869,
     "y":0.3833},
    {"x":0.85011,
     "y":0.37687},
    {"x":0.87152,
     "y":0.36831},
    {"x":0.89293,
     "y":0.36188},
    {"x":0.91435,
     "y":0.3576},
    {"x":0.93576,
     "y":0.34904},
    {"x":0.95717,
     "y":0.33833},
    {"x":0.97645,
     "y":0.3212},
    {"x":0.98929,
     "y":0.29979},
    {"x":0.99358,
     "y":0.27837},
    {"x":0.99786,
     "y":0.25696},
    {"x":1,
     "y":0.23555},
    {"x":1,
     "y":0.21413},
    {"x":0.99786,
     "y":0.19272},
    {"x":0.99143,
     "y":0.17131},
    {"x":0.98501,
     "y":0.14989},
    {"x":0.98287,
     "y":0.12848},
    {"x":0.97859,
     "y":0.10707},
    {"x":0.97216,
     "y":0.085653},
    {"x":0.9636,
     "y":0.06424},
    {"x":0.95075,
     "y":0.042827},
    {"x":0.93148,
     "y":0.021413},
    {"x":0.91006,
     "y":0.010707},
    {"x":0.88865,
     "y":0.0042827},
    {"x":0.86724,
     "y":0.0021413},
    {"x":0.84582,
     "y":0},
    {"x":0.82441,
     "y":0},
    {"x":0.803,
     "y":0.0021413},
    {"x":0.78158,
     "y":0.0042827},
    {"x":0.76017,
     "y":0.0085653},
    {"x":0.73876,
     "y":0.010707},
    {"x":0.71734,
     "y":0.014989},
    {"x":0.69593,
     "y":0.019272},
    {"x":0.67452,
     "y":0.023555},
    {"x":0.6531,
     "y":0.034261},
    {"x":0.63383,
     "y":0.051392},
    {"x":0.61242,
     "y":0.055675},
    {"x":0.59101,
     "y":0.057816},
    {"x":0.56959,
     "y":0.059957},
    {"x":0.54818,
     "y":0.059957},
    {"x":0.52677,
     "y":0.057816},
    {"x":0.50535,
     "y":0.055675},
    {"x":0.48394,
     "y":0.051392},
    {"x":0.46253,
     "y":0.047109},
    {"x":0.44111,
     "y":0.040685},
    {"x":0.4197,
     "y":0.03212},
    {"x":0.39829,
     "y":0.027837},
    {"x":0.37687,
     "y":0.019272},
    {"x":0.35546,
     "y":0.014989},
    {"x":0.33405,
     "y":0.012848},
    {"x":0.31263,
     "y":0.010707},
    {"x":0.29122,
     "y":0.012848},
    {"x":0.26981,
     "y":0.014989},
    {"x":0.24839,
     "y":0.017131},
    {"x":0.22698,
     "y":0.019272},
    {"x":0.20557,
     "y":0.025696},
    {"x":0.18415,
     "y":0.029979},
    {"x":0.16274,
     "y":0.036403},
    {"x":0.14133,
     "y":0.042827},
    {"x":0.11991,
     "y":0.051392},
    {"x":0.098501,
     "y":0.059957},
    {"x":0.077088,
     "y":0.068522},
    {"x":0.055675,
     "y":0.083512},
    {"x":0.034261,
     "y":0.098501},
    {"x":0.017131,
     "y":0.11991},
    {"x":0.0042827,
     "y":0.14133},
    {"x":0,
     "y":0.16274},
    {"x":0,
     "y":0.18415},
    {"x":0.0042827,
     "y":0.20557},
    {"x":0.0042827,
     "y":0.20771}],
 "triangles":[
    {"p1":58,
     "p2":65,
     "p3":66},
    {"p1":61,
     "p2":62,
     "p3":63},
    {"p1":57,
     "p2":58,
     "p3":66},
    {"p1":61,
     "p2":63,
     "p3":64},
    {"p1":58,
     "p2":59,
     "p3":65},
    {"p1":105,
     "p2":106,
     "p3":107},
    {"p1":36,
     "p2":37,
     "p3":76},
    {"p1":32,
     "p2":76,
     "p3":77},
    {"p1":53,
     "p2":54,
     "p3":55},
    {"p1":47,
     "p2":48,
     "p3":50},
    {"p1":48,
     "p2":49,
     "p3":50},
    {"p1":12,
     "p2":93,
     "p3":94},
    {"p1":94,
     "p2":95,
     "p3":96},
    {"p1":12,
     "p2":94,
     "p3":96},
    {"p1":90,
     "p2":91,
     "p3":92},
    {"p1":59,
     "p2":60,
     "p3":65},
    {"p1":60,
     "p2":61,
     "p3":64},
    {"p1":60,
     "p2":64,
     "p3":65},
    {"p1":2,
     "p2":103,
     "p3":105},
    {"p1":103,
     "p2":104,
     "p3":105},
    {"p1":28,
     "p2":79,
     "p3":80},
    {"p1":30,
     "p2":32,
     "p3":77},
    {"p1":30,
     "p2":77,
     "p3":78},
    {"p1":87,
     "p2":88,
     "p3":89},
    {"p1":85,
     "p2":86,
     "p3":87},
    {"p1":18,
     "p2":85,
     "p3":87},
    {"p1":24,
     "p2":25,
     "p3":26},
    {"p1":35,
     "p2":36,
     "p3":76},
    {"p1":32,
     "p2":35,
     "p3":76},
    {"p1":14,
     "p2":92,
     "p3":93},
    {"p1":12,
     "p2":14,
     "p3":93},
    {"p1":14,
     "p2":90,
     "p3":92},
    {"p1":2,
     "p2":5,
     "p3":103},
    {"p1":5,
     "p2":6,
     "p3":103},
    {"p1":6,
     "p2":7,
     "p3":100},
    {"p1":7,
     "p2":8,
     "p3":100},
    {"p1":9,
     "p2":99,
     "p3":100},
    {"p1":8,
     "p2":9,
     "p3":100},
    {"p1":1,
     "p2":2,
     "p3":105},
    {"p1":1,
     "p2":105,
     "p3":109},
    {"p1":0,
     "p2":1,
     "p3":109},
    {"p1":105,
     "p2":107,
     "p3":108},
    {"p1":105,
     "p2":108,
     "p3":109},
    {"p1":30,
     "p2":31,
     "p3":32},
    {"p1":29,
     "p2":78,
     "p3":79},
    {"p1":29,
     "p2":30,
     "p3":78},
    {"p1":28,
     "p2":29,
     "p3":79},
    {"p1":20,
     "p2":82,
     "p3":83},
    {"p1":20,
     "p2":21,
     "p3":82},
    {"p1":46,
     "p2":47,
     "p3":50},
    {"p1":45,
     "p2":46,
     "p3":50},
    {"p1":44,
     "p2":53,
     "p3":55},
    {"p1":44,
     "p2":52,
     "p3":53},
    {"p1":44,
     "p2":51,
     "p3":52},
    {"p1":32,
     "p2":33,
     "p3":34},
    {"p1":32,
     "p2":34,
     "p3":35},
    {"p1":17,
     "p2":18,
     "p3":87},
    {"p1":15,
     "p2":89,
     "p3":90},
    {"p1":14,
     "p2":15,
     "p3":90},
    {"p1":15,
     "p2":87,
     "p3":89},
    {"p1":15,
     "p2":17,
     "p3":87},
    {"p1":15,
     "p2":16,
     "p3":17},
    {"p1":9,
     "p2":98,
     "p3":99},
    {"p1":9,
     "p2":97,
     "p3":98},
    {"p1":12,
     "p2":13,
     "p3":14},
    {"p1":10,
     "p2":96,
     "p3":97},
    {"p1":9,
     "p2":10,
     "p3":97},
    {"p1":2,
     "p2":3,
     "p3":4},
    {"p1":2,
     "p2":4,
     "p3":5},
    {"p1":6,
     "p2":100,
     "p3":101},
    {"p1":101,
     "p2":102,
     "p3":103},
    {"p1":6,
     "p2":101,
     "p3":103},
    {"p1":20,
     "p2":83,
     "p3":84},
    {"p1":18,
     "p2":19,
     "p3":85},
    {"p1":19,
     "p2":84,
     "p3":85},
    {"p1":19,
     "p2":20,
     "p3":84},
    {"p1":22,
     "p2":26,
     "p3":27},
    {"p1":21,
     "p2":22,
     "p3":27},
    {"p1":21,
     "p2":27,
     "p3":82},
    {"p1":27,
     "p2":81,
     "p3":82},
    {"p1":27,
     "p2":80,
     "p3":81},
    {"p1":27,
     "p2":28,
     "p3":80},
    {"p1":23,
     "p2":24,
     "p3":26},
    {"p1":22,
     "p2":23,
     "p3":26},
    {"p1":40,
     "p2":41,
     "p3":42},
    {"p1":39,
     "p2":40,
     "p3":70},
    {"p1":40,
     "p2":42,
     "p3":43},
    {"p1":43,
     "p2":55,
     "p3":56},
    {"p1":43,
     "p2":44,
     "p3":55},
    {"p1":43,
     "p2":56,
     "p3":70},
    {"p1":40,
     "p2":43,
     "p3":70},
    {"p1":38,
     "p2":39,
     "p3":70},
    {"p1":11,
     "p2":12,
     "p3":96},
    {"p1":10,
     "p2":11,
     "p3":96},
    {"p1":56,
     "p2":69,
     "p3":70},
    {"p1":56,
     "p2":68,
     "p3":69},
    {"p1":56,
     "p2":57,
     "p3":67},
    {"p1":56,
     "p2":67,
     "p3":68},
    {"p1":57,
     "p2":66,
     "p3":67},
    {"p1":37,
     "p2":38,
     "p3":72},
    {"p1":37,
     "p2":72,
     "p3":76},
    {"p1":72,
     "p2":73,
     "p3":76},
    {"p1":73,
     "p2":75,
     "p3":76},
    {"p1":38,
     "p2":70,
     "p3":71},
    {"p1":38,
     "p2":71,
     "p3":72},
    {"p1":73,
     "p2":74,
     "p3":75},
    {"p1":44,
     "p2":45,
     "p3":50},
    {"p1":44,
     "p2":50,
     "p3":51}]
}