{"points":[
    {"x":0.012723,
     "y":0.21374},
    {"x":0.022901,
     "y":0.23919},
    {"x":0.038168,
     "y":0.26463},
    {"x":0.063613,
     "y":0.28499},
    {"x":0.089059,
     "y":0.29771},
    {"x":0.1145,
     "y":0.30534},
    {"x":0.13995,
     "y":0.31298},
    {"x":0.16539,
     "y":0.31552},
    {"x":0.19084,
     "y":0.32061},
    {"x":0.21628,
     "y":0.32316},
    {"x":0.24173,
     "y":0.32824},
    {"x":0.26718,
     "y":0.33333},
    {"x":0.29262,
     "y":0.33842},
    {"x":0.31807,
     "y":0.34097},
    {"x":0.34351,
     "y":0.34097},
    {"x":0.36896,
     "y":0.34351},
    {"x":0.3944,
     "y":0.34351},
    {"x":0.41985,
     "y":0.34351},
    {"x":0.44529,
     "y":0.34351},
    {"x":0.47074,
     "y":0.36132},
    {"x":0.47837,
     "y":0.38677},
    {"x":0.48601,
     "y":0.41221},
    {"x":0.49109,
     "y":0.43766},
    {"x":0.49618,
     "y":0.4631},
    {"x":0.49873,
     "y":0.4402},
    {"x":0.49618,
     "y":0.41476},
    {"x":0.51399,
     "y":0.42494},
    {"x":0.53435,
     "y":0.44784},
    {"x":0.5598,
     "y":0.44275},
    {"x":0.58524,
     "y":0.45038},
    {"x":0.61069,
     "y":0.45293},
    {"x":0.63613,
     "y":0.45038},
    {"x":0.66158,
     "y":0.44784},
    {"x":0.68702,
     "y":0.44784},
    {"x":0.71247,
     "y":0.44784},
    {"x":0.73791,
     "y":0.45038},
    {"x":0.76336,
     "y":0.44784},
    {"x":0.7888,
     "y":0.44784},
    {"x":0.81425,
     "y":0.44529},
    {"x":0.83969,
     "y":0.44275},
    {"x":0.86514,
     "y":0.43766},
    {"x":0.89059,
     "y":0.43003},
    {"x":0.91603,
     "y":0.42748},
    {"x":0.94148,
     "y":0.41221},
    {"x":0.96692,
     "y":0.39695},
    {"x":0.9771,
     "y":0.37405},
    {"x":0.98728,
     "y":0.3486},
    {"x":0.99491,
     "y":0.32316},
    {"x":0.99491,
     "y":0.29771},
    {"x":0.99746,
     "y":0.27226},
    {"x":0.99746,
     "y":0.24682},
    {"x":1,
     "y":0.22137},
    {"x":0.99746,
     "y":0.19593},
    {"x":0.99746,
     "y":0.17048},
    {"x":0.98728,
     "y":0.14504},
    {"x":0.97964,
     "y":0.11959},
    {"x":0.96947,
     "y":0.094148},
    {"x":0.9542,
     "y":0.068702},
    {"x":0.93893,
     "y":0.043257},
    {"x":0.91603,
     "y":0.022901},
    {"x":0.89059,
     "y":0.010178},
    {"x":0.86514,
     "y":0.0025445},
    {"x":0.83969,
     "y":0},
    {"x":0.81425,
     "y":0.0025445},
    {"x":0.7888,
     "y":0.0050891},
    {"x":0.76336,
     "y":0.0076336},
    {"x":0.73791,
     "y":0.012723},
    {"x":0.71247,
     "y":0.020356},
    {"x":0.68702,
     "y":0.020356},
    {"x":0.66158,
     "y":0.030534},
    {"x":0.63613,
     "y":0.040712},
    {"x":0.61832,
     "y":0.025445},
    {"x":0.60305,
     "y":0.033079},
    {"x":0.59288,
     "y":0.058524},
    {"x":0.56743,
     "y":0.063613},
    {"x":0.54198,
     "y":0.063613},
    {"x":0.51654,
     "y":0.058524},
    {"x":0.49109,
     "y":0.050891},
    {"x":0.46565,
     "y":0.040712},
    {"x":0.4402,
     "y":0.02799},
    {"x":0.41476,
     "y":0.020356},
    {"x":0.38931,
     "y":0.010178},
    {"x":0.36387,
     "y":0.0076336},
    {"x":0.33842,
     "y":0},
    {"x":0.31298,
     "y":0},
    {"x":0.28753,
     "y":0},
    {"x":0.26209,
     "y":0},
    {"x":0.23664,
     "y":0.0025445},
    {"x":0.2112,
     "y":0.0076336},
    {"x":0.18575,
     "y":0.015267},
    {"x":0.16031,
     "y":0.020356},
    {"x":0.13486,
     "y":0.030534},
    {"x":0.10941,
     "y":0.038168},
    {"x":0.083969,
     "y":0.048346},
    {"x":0.058524,
     "y":0.061069},
    {"x":0.033079,
     "y":0.076336},
    {"x":0.012723,
     "y":0.099237},
    {"x":0.0025445,
     "y":0.12468},
    {"x":0,
     "y":0.15013},
    {"x":0,
     "y":0.17557},
    {"x":0.0076336,
     "y":0.20102},
    {"x":0.012723,
     "y":0.21374}],
 "triangles":[
    {"p1":95,
     "p2":97,
     "p3":98},
    {"p1":52,
     "p2":54,
     "p3":65},
    {"p1":1,
     "p2":2,
     "p3":3},
    {"p1":41,
     "p2":43,
     "p3":46},
    {"p1":41,
     "p2":42,
     "p3":43},
    {"p1":95,
     "p2":96,
     "p3":97},
    {"p1":52,
     "p2":53,
     "p3":54},
    {"p1":32,
     "p2":33,
     "p3":73},
    {"p1":19,
     "p2":32,
     "p3":73},
    {"p1":98,
     "p2":99,
     "p3":100},
    {"p1":1,
     "p2":3,
     "p3":4},
    {"p1":50,
     "p2":51,
     "p3":52},
    {"p1":43,
     "p2":44,
     "p3":45},
    {"p1":43,
     "p2":45,
     "p3":46},
    {"p1":57,
     "p2":58,
     "p3":59},
    {"p1":57,
     "p2":59,
     "p3":60},
    {"p1":57,
     "p2":60,
     "p3":61},
    {"p1":70,
     "p2":72,
     "p3":73},
    {"p1":70,
     "p2":71,
     "p3":72},
    {"p1":34,
     "p2":69,
     "p3":70},
    {"p1":33,
     "p2":70,
     "p3":73},
    {"p1":33,
     "p2":34,
     "p3":70},
    {"p1":16,
     "p2":17,
     "p3":78},
    {"p1":78,
     "p2":79,
     "p3":80},
    {"p1":14,
     "p2":15,
     "p3":80},
    {"p1":15,
     "p2":78,
     "p3":80},
    {"p1":15,
     "p2":16,
     "p3":78},
    {"p1":18,
     "p2":75,
     "p3":76},
    {"p1":18,
     "p2":19,
     "p3":75},
    {"p1":5,
     "p2":6,
     "p3":7},
    {"p1":34,
     "p2":35,
     "p3":36},
    {"p1":37,
     "p2":38,
     "p3":50},
    {"p1":38,
     "p2":39,
     "p3":50},
    {"p1":9,
     "p2":10,
     "p3":87},
    {"p1":61,
     "p2":62,
     "p3":63},
    {"p1":57,
     "p2":61,
     "p3":63},
    {"p1":56,
     "p2":57,
     "p3":63},
    {"p1":55,
     "p2":56,
     "p3":63},
    {"p1":10,
     "p2":86,
     "p3":87},
    {"p1":14,
     "p2":80,
     "p3":82},
    {"p1":80,
     "p2":81,
     "p3":82},
    {"p1":18,
     "p2":76,
     "p3":77},
    {"p1":17,
     "p2":18,
     "p3":77},
    {"p1":17,
     "p2":77,
     "p3":78},
    {"p1":22,
     "p2":23,
     "p3":24},
    {"p1":19,
     "p2":73,
     "p3":74},
    {"p1":19,
     "p2":74,
     "p3":75},
    {"p1":19,
     "p2":31,
     "p3":32},
    {"p1":19,
     "p2":20,
     "p3":26},
    {"p1":19,
     "p2":26,
     "p3":28},
    {"p1":19,
     "p2":28,
     "p3":31},
    {"p1":28,
     "p2":29,
     "p3":31},
    {"p1":26,
     "p2":27,
     "p3":28},
    {"p1":0,
     "p2":1,
     "p3":4},
    {"p1":0,
     "p2":4,
     "p3":5},
    {"p1":67,
     "p2":68,
     "p3":69},
    {"p1":34,
     "p2":67,
     "p3":69},
    {"p1":34,
     "p2":36,
     "p3":67},
    {"p1":36,
     "p2":37,
     "p3":67},
    {"p1":37,
     "p2":50,
     "p3":67},
    {"p1":50,
     "p2":52,
     "p3":67},
    {"p1":40,
     "p2":41,
     "p3":48},
    {"p1":46,
     "p2":47,
     "p3":48},
    {"p1":41,
     "p2":46,
     "p3":48},
    {"p1":39,
     "p2":49,
     "p3":50},
    {"p1":39,
     "p2":40,
     "p3":49},
    {"p1":40,
     "p2":48,
     "p3":49},
    {"p1":5,
     "p2":92,
     "p3":93},
    {"p1":0,
     "p2":5,
     "p3":93},
    {"p1":54,
     "p2":64,
     "p3":65},
    {"p1":54,
     "p2":55,
     "p3":64},
    {"p1":55,
     "p2":63,
     "p3":64},
    {"p1":10,
     "p2":11,
     "p3":85},
    {"p1":10,
     "p2":85,
     "p3":86},
    {"p1":29,
     "p2":30,
     "p3":31},
    {"p1":20,
     "p2":21,
     "p3":25},
    {"p1":20,
     "p2":25,
     "p3":26},
    {"p1":21,
     "p2":22,
     "p3":25},
    {"p1":22,
     "p2":24,
     "p3":25},
    {"p1":52,
     "p2":65,
     "p3":66},
    {"p1":52,
     "p2":66,
     "p3":67},
    {"p1":9,
     "p2":87,
     "p3":88},
    {"p1":5,
     "p2":7,
     "p3":91},
    {"p1":5,
     "p2":91,
     "p3":92},
    {"p1":94,
     "p2":95,
     "p3":98},
    {"p1":94,
     "p2":98,
     "p3":100},
    {"p1":0,
     "p2":94,
     "p3":100},
    {"p1":0,
     "p2":93,
     "p3":94},
    {"p1":11,
     "p2":84,
     "p3":85},
    {"p1":11,
     "p2":12,
     "p3":84},
    {"p1":12,
     "p2":82,
     "p3":84},
    {"p1":82,
     "p2":83,
     "p3":84},
    {"p1":13,
     "p2":14,
     "p3":82},
    {"p1":12,
     "p2":13,
     "p3":82},
    {"p1":9,
     "p2":88,
     "p3":89},
    {"p1":8,
     "p2":9,
     "p3":89},
    {"p1":7,
     "p2":8,
     "p3":89},
    {"p1":7,
     "p2":89,
     "p3":91},
    {"p1":89,
     "p2":90,
     "p3":91}]
}