{"points":[
    {"x":0,
     "y":0.14912},
    {"x":0,
     "y":0.16667},
    {"x":0.004386,
     "y":0.18421},
    {"x":0.013158,
     "y":0.20175},
    {"x":0.030702,
     "y":0.2193},
    {"x":0.048246,
     "y":0.23246},
    {"x":0.065789,
     "y":0.24123},
    {"x":0.083333,
     "y":0.25},
    {"x":0.10088,
     "y":0.25877},
    {"x":0.11842,
     "y":0.26316},
    {"x":0.13596,
     "y":0.26316},
    {"x":0.15351,
     "y":0.26316},
    {"x":0.17105,
     "y":0.25877},
    {"x":0.1886,
     "y":0.25877},
    {"x":0.20614,
     "y":0.25877},
    {"x":0.22368,
     "y":0.25439},
    {"x":0.24123,
     "y":0.25},
    {"x":0.25877,
     "y":0.24123},
    {"x":0.27632,
     "y":0.23246},
    {"x":0.29386,
     "y":0.23246},
    {"x":0.3114,
     "y":0.23246},
    {"x":0.32895,
     "y":0.23246},
    {"x":0.34649,
     "y":0.23246},
    {"x":0.36404,
     "y":0.23246},
    {"x":0.38158,
     "y":0.23246},
    {"x":0.39912,
     "y":0.22807},
    {"x":0.41667,
     "y":0.22807},
    {"x":0.43421,
     "y":0.22368},
    {"x":0.45175,
     "y":0.22368},
    {"x":0.4693,
     "y":0.22368},
    {"x":0.48684,
     "y":0.22368},
    {"x":0.50439,
     "y":0.22368},
    {"x":0.51316,
     "y":0.24123},
    {"x":0.5307,
     "y":0.25439},
    {"x":0.54825,
     "y":0.27193},
    {"x":0.56579,
     "y":0.28509},
    {"x":0.58333,
     "y":0.29386},
    {"x":0.60088,
     "y":0.30263},
    {"x":0.61842,
     "y":0.30702},
    {"x":0.63596,
     "y":0.31579},
    {"x":0.65351,
     "y":0.32456},
    {"x":0.67105,
     "y":0.32456},
    {"x":0.6886,
     "y":0.32895},
    {"x":0.70614,
     "y":0.32895},
    {"x":0.72368,
     "y":0.32895},
    {"x":0.74123,
     "y":0.32895},
    {"x":0.75877,
     "y":0.32895},
    {"x":0.77632,
     "y":0.32456},
    {"x":0.79386,
     "y":0.32456},
    {"x":0.8114,
     "y":0.32456},
    {"x":0.82895,
     "y":0.32018},
    {"x":0.84649,
     "y":0.31579},
    {"x":0.86404,
     "y":0.3114},
    {"x":0.88158,
     "y":0.30263},
    {"x":0.89912,
     "y":0.29386},
    {"x":0.91667,
     "y":0.2807},
    {"x":0.93421,
     "y":0.27193},
    {"x":0.95175,
     "y":0.25439},
    {"x":0.9693,
     "y":0.23684},
    {"x":0.97807,
     "y":0.2193},
    {"x":0.99123,
     "y":0.20175},
    {"x":0.99561,
     "y":0.18421},
    {"x":1,
     "y":0.16667},
    {"x":1,
     "y":0.14912},
    {"x":0.99561,
     "y":0.13158},
    {"x":0.98684,
     "y":0.11404},
    {"x":0.97807,
     "y":0.096491},
    {"x":0.96053,
     "y":0.078947},
    {"x":0.94298,
     "y":0.065789},
    {"x":0.92544,
     "y":0.052632},
    {"x":0.90789,
     "y":0.039474},
    {"x":0.89035,
     "y":0.030702},
    {"x":0.87281,
     "y":0.02193},
    {"x":0.85526,
     "y":0.017544},
    {"x":0.83772,
     "y":0.013158},
    {"x":0.82018,
     "y":0.0087719},
    {"x":0.80263,
     "y":0},
    {"x":0.78509,
     "y":0},
    {"x":0.76754,
     "y":0},
    {"x":0.75,
     "y":0},
    {"x":0.73246,
     "y":0},
    {"x":0.71491,
     "y":0},
    {"x":0.69737,
     "y":0},
    {"x":0.67982,
     "y":0},
    {"x":0.66228,
     "y":0.004386},
    {"x":0.64474,
     "y":0.004386},
    {"x":0.62719,
     "y":0.0087719},
    {"x":0.60965,
     "y":0.013158},
    {"x":0.59211,
     "y":0.02193},
    {"x":0.57456,
     "y":0.026316},
    {"x":0.55702,
     "y":0.030702},
    {"x":0.53947,
     "y":0.04386},
    {"x":0.52193,
     "y":0.057018},
    {"x":0.50439,
     "y":0.070175},
    {"x":0.49561,
     "y":0.087719},
    {"x":0.48246,
     "y":0.10526},
    {"x":0.46491,
     "y":0.10526},
    {"x":0.44737,
     "y":0.10965},
    {"x":0.42982,
     "y":0.10965},
    {"x":0.41228,
     "y":0.10965},
    {"x":0.39474,
     "y":0.10965},
    {"x":0.37719,
     "y":0.10965},
    {"x":0.35965,
     "y":0.10965},
    {"x":0.34211,
     "y":0.10965},
    {"x":0.32456,
     "y":0.10526},
    {"x":0.30702,
     "y":0.10088},
    {"x":0.28947,
     "y":0.096491},
    {"x":0.27193,
     "y":0.083333},
    {"x":0.25439,
     "y":0.074561},
    {"x":0.23684,
     "y":0.070175},
    {"x":0.2193,
     "y":0.065789},
    {"x":0.20175,
     "y":0.065789},
    {"x":0.18421,
     "y":0.061404},
    {"x":0.16667,
     "y":0.061404},
    {"x":0.14912,
     "y":0.061404},
    {"x":0.13158,
     "y":0.061404},
    {"x":0.11404,
     "y":0.061404},
    {"x":0.096491,
     "y":0.065789},
    {"x":0.078947,
     "y":0.074561},
    {"x":0.061404,
     "y":0.078947},
    {"x":0.04386,
     "y":0.092105},
    {"x":0.026316,
     "y":0.10088},
    {"x":0.013158,
     "y":0.11842},
    {"x":0.004386,
     "y":0.13596},
    {"x":0,
     "y":0.14912}],
 "triangles":[
    {"p1":0,
     "p2":1,
     "p3":123},
    {"p1":1,
     "p2":2,
     "p3":123},
    {"p1":2,
     "p2":4,
     "p3":123},
    {"p1":55,
     "p2":56,
     "p3":57},
    {"p1":4,
     "p2":122,
     "p3":123},
    {"p1":41,
     "p2":42,
     "p3":43},
    {"p1":41,
     "p2":43,
     "p3":81},
    {"p1":38,
     "p2":41,
     "p3":84},
    {"p1":57,
     "p2":58,
     "p3":59},
    {"p1":59,
     "p2":60,
     "p3":61},
    {"p1":31,
     "p2":33,
     "p3":88},
    {"p1":26,
     "p2":27,
     "p3":99},
    {"p1":47,
     "p2":48,
     "p3":75},
    {"p1":43,
     "p2":44,
     "p3":81},
    {"p1":8,
     "p2":9,
     "p3":10},
    {"p1":7,
     "p2":8,
     "p3":10},
    {"p1":2,
     "p2":3,
     "p3":4},
    {"p1":120,
     "p2":121,
     "p3":122},
    {"p1":4,
     "p2":120,
     "p3":122},
    {"p1":4,
     "p2":5,
     "p3":120},
    {"p1":118,
     "p2":119,
     "p3":120},
    {"p1":55,
     "p2":71,
     "p3":73},
    {"p1":55,
     "p2":69,
     "p3":71},
    {"p1":69,
     "p2":70,
     "p3":71},
    {"p1":53,
     "p2":54,
     "p3":55},
    {"p1":53,
     "p2":55,
     "p3":73},
    {"p1":23,
     "p2":24,
     "p3":101},
    {"p1":38,
     "p2":86,
     "p3":88},
    {"p1":38,
     "p2":84,
     "p3":86},
    {"p1":10,
     "p2":11,
     "p3":12},
    {"p1":41,
     "p2":81,
     "p3":82},
    {"p1":41,
     "p2":82,
     "p3":84},
    {"p1":82,
     "p2":83,
     "p3":84},
    {"p1":36,
     "p2":38,
     "p3":88},
    {"p1":33,
     "p2":36,
     "p3":88},
    {"p1":61,
     "p2":64,
     "p3":65},
    {"p1":65,
     "p2":66,
     "p3":67},
    {"p1":59,
     "p2":65,
     "p3":67},
    {"p1":59,
     "p2":61,
     "p3":65},
    {"p1":31,
     "p2":88,
     "p3":91},
    {"p1":31,
     "p2":91,
     "p3":92},
    {"p1":29,
     "p2":95,
     "p3":96},
    {"p1":29,
     "p2":96,
     "p3":97},
    {"p1":34,
     "p2":35,
     "p3":36},
    {"p1":33,
     "p2":34,
     "p3":36},
    {"p1":27,
     "p2":97,
     "p3":98},
    {"p1":27,
     "p2":98,
     "p3":99},
    {"p1":27,
     "p2":28,
     "p3":97},
    {"p1":28,
     "p2":29,
     "p3":97},
    {"p1":31,
     "p2":32,
     "p3":33},
    {"p1":47,
     "p2":75,
     "p3":78},
    {"p1":47,
     "p2":78,
     "p3":79},
    {"p1":51,
     "p2":52,
     "p3":53},
    {"p1":51,
     "p2":53,
     "p3":73},
    {"p1":44,
     "p2":80,
     "p3":81},
    {"p1":47,
     "p2":79,
     "p3":80},
    {"p1":6,
     "p2":7,
     "p3":118},
    {"p1":5,
     "p2":6,
     "p3":120},
    {"p1":6,
     "p2":118,
     "p3":120},
    {"p1":55,
     "p2":57,
     "p3":68},
    {"p1":55,
     "p2":68,
     "p3":69},
    {"p1":57,
     "p2":59,
     "p3":68},
    {"p1":59,
     "p2":67,
     "p3":68},
    {"p1":71,
     "p2":72,
     "p3":73},
    {"p1":20,
     "p2":103,
     "p3":104},
    {"p1":19,
     "p2":20,
     "p3":104},
    {"p1":25,
     "p2":100,
     "p3":101},
    {"p1":24,
     "p2":25,
     "p3":101},
    {"p1":25,
     "p2":99,
     "p3":100},
    {"p1":25,
     "p2":26,
     "p3":99},
    {"p1":86,
     "p2":87,
     "p3":88},
    {"p1":84,
     "p2":85,
     "p3":86},
    {"p1":38,
     "p2":39,
     "p3":41},
    {"p1":39,
     "p2":40,
     "p3":41},
    {"p1":92,
     "p2":93,
     "p3":94},
    {"p1":31,
     "p2":94,
     "p3":95},
    {"p1":31,
     "p2":92,
     "p3":94},
    {"p1":30,
     "p2":31,
     "p3":95},
    {"p1":29,
     "p2":30,
     "p3":95},
    {"p1":75,
     "p2":76,
     "p3":77},
    {"p1":75,
     "p2":77,
     "p3":78},
    {"p1":51,
     "p2":73,
     "p3":74},
    {"p1":48,
     "p2":74,
     "p3":75},
    {"p1":45,
     "p2":47,
     "p3":80},
    {"p1":44,
     "p2":45,
     "p3":80},
    {"p1":45,
     "p2":46,
     "p3":47},
    {"p1":19,
     "p2":104,
     "p3":105},
    {"p1":18,
     "p2":105,
     "p3":106},
    {"p1":18,
     "p2":19,
     "p3":105},
    {"p1":23,
     "p2":101,
     "p3":102},
    {"p1":17,
     "p2":18,
     "p3":106},
    {"p1":17,
     "p2":106,
     "p3":107},
    {"p1":15,
     "p2":16,
     "p3":17},
    {"p1":22,
     "p2":23,
     "p3":102},
    {"p1":22,
     "p2":102,
     "p3":103},
    {"p1":88,
     "p2":89,
     "p3":91},
    {"p1":89,
     "p2":90,
     "p3":91},
    {"p1":10,
     "p2":12,
     "p3":114},
    {"p1":12,
     "p2":13,
     "p3":111},
    {"p1":13,
     "p2":14,
     "p3":15},
    {"p1":13,
     "p2":15,
     "p3":111},
    {"p1":36,
     "p2":37,
     "p3":38},
    {"p1":48,
     "p2":50,
     "p3":74},
    {"p1":50,
     "p2":51,
     "p3":74},
    {"p1":48,
     "p2":49,
     "p3":50},
    {"p1":107,
     "p2":108,
     "p3":109},
    {"p1":17,
     "p2":107,
     "p3":109},
    {"p1":109,
     "p2":110,
     "p3":111},
    {"p1":15,
     "p2":109,
     "p3":111},
    {"p1":15,
     "p2":17,
     "p3":109},
    {"p1":20,
     "p2":21,
     "p3":103},
    {"p1":21,
     "p2":22,
     "p3":103},
    {"p1":7,
     "p2":115,
     "p3":118},
    {"p1":7,
     "p2":10,
     "p3":115},
    {"p1":10,
     "p2":114,
     "p3":115},
    {"p1":115,
     "p2":116,
     "p3":117},
    {"p1":115,
     "p2":117,
     "p3":118},
    {"p1":12,
     "p2":113,
     "p3":114},
    {"p1":111,
     "p2":112,
     "p3":113},
    {"p1":12,
     "p2":111,
     "p3":113},
    {"p1":61,
     "p2":63,
     "p3":64},
    {"p1":61,
     "p2":62,
     "p3":63}]
}