{"points":[
    {"x":0.51915,
     "y":0.53191},
    {"x":0.54043,
     "y":0.55319},
    {"x":0.5617,
     "y":0.57447},
    {"x":0.58298,
     "y":0.59149},
    {"x":0.59574,
     "y":0.61277},
    {"x":0.61277,
     "y":0.63404},
    {"x":0.62979,
     "y":0.65532},
    {"x":0.6383,
     "y":0.6766},
    {"x":0.65532,
     "y":0.69787},
    {"x":0.6766,
     "y":0.71915},
    {"x":0.68936,
     "y":0.74043},
    {"x":0.70213,
     "y":0.7617},
    {"x":0.71064,
     "y":0.78298},
    {"x":0.72766,
     "y":0.80426},
    {"x":0.74043,
     "y":0.82553},
    {"x":0.75319,
     "y":0.84681},
    {"x":0.76596,
     "y":0.86809},
    {"x":0.77447,
     "y":0.88936},
    {"x":0.78298,
     "y":0.91064},
    {"x":0.78723,
     "y":0.93191},
    {"x":0.79149,
     "y":0.95319},
    {"x":0.79149,
     "y":0.97447},
    {"x":0.80851,
     "y":0.99574},
    {"x":0.82979,
     "y":1},
    {"x":0.85106,
     "y":0.99574},
    {"x":0.86809,
     "y":0.97447},
    {"x":0.86809,
     "y":0.95319},
    {"x":0.86809,
     "y":0.93191},
    {"x":0.86383,
     "y":0.91064},
    {"x":0.85532,
     "y":0.88936},
    {"x":0.85106,
     "y":0.86809},
    {"x":0.84255,
     "y":0.84681},
    {"x":0.82979,
     "y":0.82553},
    {"x":0.81702,
     "y":0.80426},
    {"x":0.80426,
     "y":0.78298},
    {"x":0.79574,
     "y":0.7617},
    {"x":0.77872,
     "y":0.74043},
    {"x":0.77021,
     "y":0.71915},
    {"x":0.75745,
     "y":0.69787},
    {"x":0.74043,
     "y":0.6766},
    {"x":0.7234,
     "y":0.65532},
    {"x":0.70638,
     "y":0.63404},
    {"x":0.69362,
     "y":0.61277},
    {"x":0.68085,
     "y":0.59149},
    {"x":0.66383,
     "y":0.57021},
    {"x":0.64681,
     "y":0.54894},
    {"x":0.62979,
     "y":0.52766},
    {"x":0.60851,
     "y":0.51064},
    {"x":0.58723,
     "y":0.48936},
    {"x":0.56596,
     "y":0.46809},
    {"x":0.54468,
     "y":0.44681},
    {"x":0.5234,
     "y":0.42979},
    {"x":0.50638,
     "y":0.40851},
    {"x":0.48511,
     "y":0.39574},
    {"x":0.4766,
     "y":0.37447},
    {"x":0.45532,
     "y":0.35745},
    {"x":0.43404,
     "y":0.33617},
    {"x":0.41702,
     "y":0.31489},
    {"x":0.4,
     "y":0.29362},
    {"x":0.37872,
     "y":0.2766},
    {"x":0.3617,
     "y":0.25532},
    {"x":0.34043,
     "y":0.23404},
    {"x":0.3234,
     "y":0.21702},
    {"x":0.30213,
     "y":0.19574},
    {"x":0.28511,
     "y":0.17447},
    {"x":0.26383,
     "y":0.15319},
    {"x":0.25106,
     "y":0.13191},
    {"x":0.22979,
     "y":0.11064},
    {"x":0.20851,
     "y":0.093617},
    {"x":0.18723,
     "y":0.080851},
    {"x":0.16596,
     "y":0.068085},
    {"x":0.14468,
     "y":0.055319},
    {"x":0.1234,
     "y":0.042553},
    {"x":0.10213,
     "y":0.029787},
    {"x":0.080851,
     "y":0.012766},
    {"x":0.059574,
     "y":0},
    {"x":0.038298,
     "y":0},
    {"x":0.017021,
     "y":0.0085106},
    {"x":0,
     "y":0.029787},
    {"x":0,
     "y":0.051064},
    {"x":0.0042553,
     "y":0.07234},
    {"x":0.0085106,
     "y":0.093617},
    {"x":0.021277,
     "y":0.11489},
    {"x":0.029787,
     "y":0.13617},
    {"x":0.038298,
     "y":0.15745},
    {"x":0.051064,
     "y":0.17872},
    {"x":0.068085,
     "y":0.2},
    {"x":0.080851,
     "y":0.22128},
    {"x":0.093617,
     "y":0.24255},
    {"x":0.11064,
     "y":0.26383},
    {"x":0.1234,
     "y":0.28511},
    {"x":0.14043,
     "y":0.30638},
    {"x":0.1617,
     "y":0.31915},
    {"x":0.17872,
     "y":0.34043},
    {"x":0.2,
     "y":0.35745},
    {"x":0.22128,
     "y":0.37021},
    {"x":0.24255,
     "y":0.37872},
    {"x":0.26383,
     "y":0.38298},
    {"x":0.28511,
     "y":0.38723},
    {"x":0.30638,
     "y":0.39149},
    {"x":0.32766,
     "y":0.39574},
    {"x":0.34894,
     "y":0.39574},
    {"x":0.37021,
     "y":0.40426},
    {"x":0.39149,
     "y":0.40426},
    {"x":0.40851,
     "y":0.42553},
    {"x":0.42553,
     "y":0.44681},
    {"x":0.44681,
     "y":0.46383},
    {"x":0.46809,
     "y":0.48085},
    {"x":0.48511,
     "y":0.49787},
    {"x":0.50638,
     "y":0.51915},
    {"x":0.51915,
     "y":0.53191}],
 "triangles":[
    {"p1":23,
     "p2":24,
     "p3":25},
    {"p1":77,
     "p2":78,
     "p3":79},
    {"p1":76,
     "p2":77,
     "p3":79},
    {"p1":21,
     "p2":22,
     "p3":23},
    {"p1":74,
     "p2":75,
     "p3":76},
    {"p1":74,
     "p2":76,
     "p3":79},
    {"p1":20,
     "p2":21,
     "p3":23},
    {"p1":66,
     "p2":67,
     "p3":88},
    {"p1":70,
     "p2":71,
     "p3":85},
    {"p1":72,
     "p2":73,
     "p3":82},
    {"p1":73,
     "p2":81,
     "p3":82},
    {"p1":2,
     "p2":3,
     "p3":46},
    {"p1":3,
     "p2":45,
     "p3":46},
    {"p1":12,
     "p2":13,
     "p3":36},
    {"p1":62,
     "p2":93,
     "p3":94},
    {"p1":62,
     "p2":94,
     "p3":95},
    {"p1":13,
     "p2":35,
     "p3":36},
    {"p1":13,
     "p2":34,
     "p3":35},
    {"p1":69,
     "p2":70,
     "p3":86},
    {"p1":70,
     "p2":85,
     "p3":86},
    {"p1":72,
     "p2":82,
     "p3":83},
    {"p1":71,
     "p2":72,
     "p3":83},
    {"p1":74,
     "p2":79,
     "p3":80},
    {"p1":73,
     "p2":74,
     "p3":80},
    {"p1":73,
     "p2":80,
     "p3":81},
    {"p1":20,
     "p2":26,
     "p3":27},
    {"p1":23,
     "p2":25,
     "p3":26},
    {"p1":20,
     "p2":23,
     "p3":26},
    {"p1":6,
     "p2":7,
     "p3":41},
    {"p1":6,
     "p2":41,
     "p3":42},
    {"p1":3,
     "p2":4,
     "p3":45},
    {"p1":11,
     "p2":36,
     "p3":37},
    {"p1":11,
     "p2":12,
     "p3":36},
    {"p1":17,
     "p2":30,
     "p3":31},
    {"p1":15,
     "p2":32,
     "p3":33},
    {"p1":13,
     "p2":14,
     "p3":34},
    {"p1":14,
     "p2":33,
     "p3":34},
    {"p1":14,
     "p2":15,
     "p3":33},
    {"p1":62,
     "p2":63,
     "p3":93},
    {"p1":58,
     "p2":59,
     "p3":101},
    {"p1":67,
     "p2":68,
     "p3":87},
    {"p1":67,
     "p2":87,
     "p3":88},
    {"p1":71,
     "p2":84,
     "p3":85},
    {"p1":71,
     "p2":83,
     "p3":84},
    {"p1":59,
     "p2":99,
     "p3":100},
    {"p1":59,
     "p2":100,
     "p3":101},
    {"p1":57,
     "p2":101,
     "p3":102},
    {"p1":57,
     "p2":58,
     "p3":101},
    {"p1":49,
     "p2":50,
     "p3":109},
    {"p1":50,
     "p2":108,
     "p3":109},
    {"p1":50,
     "p2":51,
     "p3":108},
    {"p1":52,
     "p2":106,
     "p3":107},
    {"p1":51,
     "p2":52,
     "p3":107},
    {"p1":51,
     "p2":107,
     "p3":108},
    {"p1":52,
     "p2":53,
     "p3":106},
    {"p1":53,
     "p2":105,
     "p3":106},
    {"p1":7,
     "p2":8,
     "p3":41},
    {"p1":8,
     "p2":40,
     "p3":41},
    {"p1":19,
     "p2":27,
     "p3":28},
    {"p1":19,
     "p2":20,
     "p3":27},
    {"p1":15,
     "p2":16,
     "p3":32},
    {"p1":16,
     "p2":31,
     "p3":32},
    {"p1":16,
     "p2":17,
     "p3":31},
    {"p1":62,
     "p2":95,
     "p3":96},
    {"p1":61,
     "p2":62,
     "p3":96},
    {"p1":61,
     "p2":96,
     "p3":97},
    {"p1":2,
     "p2":46,
     "p3":47},
    {"p1":1,
     "p2":2,
     "p3":47},
    {"p1":1,
     "p2":47,
     "p3":48},
    {"p1":4,
     "p2":44,
     "p3":45},
    {"p1":4,
     "p2":5,
     "p3":44},
    {"p1":6,
     "p2":42,
     "p3":43},
    {"p1":5,
     "p2":6,
     "p3":43},
    {"p1":5,
     "p2":43,
     "p3":44},
    {"p1":54,
     "p2":55,
     "p3":104},
    {"p1":53,
     "p2":54,
     "p3":104},
    {"p1":53,
     "p2":104,
     "p3":105},
    {"p1":10,
     "p2":38,
     "p3":39},
    {"p1":10,
     "p2":37,
     "p3":38},
    {"p1":10,
     "p2":11,
     "p3":37},
    {"p1":17,
     "p2":18,
     "p3":30},
    {"p1":63,
     "p2":64,
     "p3":92},
    {"p1":63,
     "p2":92,
     "p3":93},
    {"p1":90,
     "p2":91,
     "p3":92},
    {"p1":65,
     "p2":66,
     "p3":88},
    {"p1":65,
     "p2":88,
     "p3":89},
    {"p1":65,
     "p2":89,
     "p3":90},
    {"p1":65,
     "p2":90,
     "p3":92},
    {"p1":64,
     "p2":65,
     "p3":92},
    {"p1":0,
     "p2":1,
     "p3":48},
    {"p1":0,
     "p2":49,
     "p3":109},
    {"p1":0,
     "p2":48,
     "p3":49},
    {"p1":61,
     "p2":97,
     "p3":98},
    {"p1":59,
     "p2":98,
     "p3":99},
    {"p1":59,
     "p2":60,
     "p3":98},
    {"p1":60,
     "p2":61,
     "p3":98},
    {"p1":55,
     "p2":56,
     "p3":103},
    {"p1":55,
     "p2":103,
     "p3":104},
    {"p1":56,
     "p2":57,
     "p3":103},
    {"p1":57,
     "p2":102,
     "p3":103},
    {"p1":9,
     "p2":10,
     "p3":39},
    {"p1":9,
     "p2":39,
     "p3":40},
    {"p1":8,
     "p2":9,
     "p3":40},
    {"p1":18,
     "p2":29,
     "p3":30},
    {"p1":19,
     "p2":28,
     "p3":29},
    {"p1":18,
     "p2":19,
     "p3":29},
    {"p1":69,
     "p2":86,
     "p3":87},
    {"p1":68,
     "p2":69,
     "p3":87}]
}