{"points":[
    {"x":0.34375,
     "y":0.48214},
    {"x":0.35268,
     "y":0.50446},
    {"x":0.375,
     "y":0.52679},
    {"x":0.38839,
     "y":0.54911},
    {"x":0.39732,
     "y":0.57143},
    {"x":0.41071,
     "y":0.59375},
    {"x":0.42857,
     "y":0.61607},
    {"x":0.44643,
     "y":0.63839},
    {"x":0.46429,
     "y":0.66071},
    {"x":0.47768,
     "y":0.68304},
    {"x":0.49554,
     "y":0.70536},
    {"x":0.51339,
     "y":0.72768},
    {"x":0.52679,
     "y":0.75},
    {"x":0.54464,
     "y":0.77232},
    {"x":0.55357,
     "y":0.79464},
    {"x":0.57143,
     "y":0.81696},
    {"x":0.58482,
     "y":0.83929},
    {"x":0.59821,
     "y":0.86161},
    {"x":0.61607,
     "y":0.88393},
    {"x":0.62946,
     "y":0.90625},
    {"x":0.64286,
     "y":0.92857},
    {"x":0.65179,
     "y":0.95089},
    {"x":0.66964,
     "y":0.97321},
    {"x":0.69196,
     "y":0.99554},
    {"x":0.71429,
     "y":1},
    {"x":0.73661,
     "y":0.99554},
    {"x":0.75893,
     "y":0.97321},
    {"x":0.76786,
     "y":0.95089},
    {"x":0.77232,
     "y":0.92857},
    {"x":0.76786,
     "y":0.90625},
    {"x":0.75893,
     "y":0.88393},
    {"x":0.75,
     "y":0.86161},
    {"x":0.73661,
     "y":0.83929},
    {"x":0.72321,
     "y":0.81696},
    {"x":0.70982,
     "y":0.79464},
    {"x":0.6875,
     "y":0.77232},
    {"x":0.67857,
     "y":0.75},
    {"x":0.66071,
     "y":0.72768},
    {"x":0.64286,
     "y":0.70536},
    {"x":0.625,
     "y":0.68304},
    {"x":0.60714,
     "y":0.66071},
    {"x":0.58929,
     "y":0.63839},
    {"x":0.56696,
     "y":0.61607},
    {"x":0.54911,
     "y":0.59375},
    {"x":0.53571,
     "y":0.57143},
    {"x":0.52232,
     "y":0.54911},
    {"x":0.50446,
     "y":0.52679},
    {"x":0.48214,
     "y":0.50446},
    {"x":0.46429,
     "y":0.48214},
    {"x":0.44196,
     "y":0.45982},
    {"x":0.41964,
     "y":0.4375},
    {"x":0.40179,
     "y":0.41518},
    {"x":0.37946,
     "y":0.40179},
    {"x":0.375,
     "y":0.37946},
    {"x":0.38393,
     "y":0.35714},
    {"x":0.38393,
     "y":0.33482},
    {"x":0.38839,
     "y":0.3125},
    {"x":0.38839,
     "y":0.29018},
    {"x":0.38839,
     "y":0.26786},
    {"x":0.38393,
     "y":0.24554},
    {"x":0.37946,
     "y":0.22321},
    {"x":0.36607,
     "y":0.20089},
    {"x":0.35714,
     "y":0.17857},
    {"x":0.33929,
     "y":0.15625},
    {"x":0.32589,
     "y":0.13393},
    {"x":0.30357,
     "y":0.11161},
    {"x":0.28571,
     "y":0.089286},
    {"x":0.26339,
     "y":0.066964},
    {"x":0.24107,
     "y":0.044643},
    {"x":0.21875,
     "y":0.035714},
    {"x":0.19643,
     "y":0.022321},
    {"x":0.17411,
     "y":0.013393},
    {"x":0.15179,
     "y":0.0044643},
    {"x":0.12946,
     "y":0},
    {"x":0.10714,
     "y":0},
    {"x":0.084821,
     "y":0},
    {"x":0.0625,
     "y":0.0089286},
    {"x":0.040179,
     "y":0.022321},
    {"x":0.022321,
     "y":0.044643},
    {"x":0.0044643,
     "y":0.066964},
    {"x":0,
     "y":0.089286},
    {"x":0,
     "y":0.11161},
    {"x":0,
     "y":0.13393},
    {"x":0.0044643,
     "y":0.15625},
    {"x":0.0089286,
     "y":0.17857},
    {"x":0.013393,
     "y":0.20089},
    {"x":0.022321,
     "y":0.22321},
    {"x":0.03125,
     "y":0.24554},
    {"x":0.035714,
     "y":0.26786},
    {"x":0.049107,
     "y":0.29018},
    {"x":0.058036,
     "y":0.3125},
    {"x":0.071429,
     "y":0.33482},
    {"x":0.084821,
     "y":0.35714},
    {"x":0.10714,
     "y":0.37946},
    {"x":0.12946,
     "y":0.39732},
    {"x":0.15179,
     "y":0.41518},
    {"x":0.17411,
     "y":0.42857},
    {"x":0.19643,
     "y":0.4375},
    {"x":0.21875,
     "y":0.44196},
    {"x":0.24107,
     "y":0.44643},
    {"x":0.26339,
     "y":0.44643},
    {"x":0.28571,
     "y":0.44196},
    {"x":0.30804,
     "y":0.44643},
    {"x":0.33036,
     "y":0.46875},
    {"x":0.34375,
     "y":0.48214}],
 "triangles":[
    {"p1":74,
     "p2":75,
     "p3":76},
    {"p1":27,
     "p2":28,
     "p3":29},
    {"p1":24,
     "p2":25,
     "p3":26},
    {"p1":72,
     "p2":73,
     "p3":74},
    {"p1":78,
     "p2":79,
     "p3":80},
    {"p1":74,
     "p2":76,
     "p3":78},
    {"p1":76,
     "p2":77,
     "p3":78},
    {"p1":63,
     "p2":65,
     "p3":89},
    {"p1":22,
     "p2":26,
     "p3":27},
    {"p1":22,
     "p2":27,
     "p3":29},
    {"p1":21,
     "p2":22,
     "p3":29},
    {"p1":22,
     "p2":23,
     "p3":24},
    {"p1":22,
     "p2":24,
     "p3":26},
    {"p1":95,
     "p2":96,
     "p3":98},
    {"p1":67,
     "p2":69,
     "p3":86},
    {"p1":65,
     "p2":87,
     "p3":89},
    {"p1":67,
     "p2":86,
     "p3":87},
    {"p1":69,
     "p2":84,
     "p3":86},
    {"p1":74,
     "p2":78,
     "p3":81},
    {"p1":72,
     "p2":74,
     "p3":81},
    {"p1":78,
     "p2":80,
     "p3":81},
    {"p1":71,
     "p2":72,
     "p3":81},
    {"p1":71,
     "p2":81,
     "p3":83},
    {"p1":21,
     "p2":29,
     "p3":30},
    {"p1":18,
     "p2":19,
     "p3":32},
    {"p1":19,
     "p2":31,
     "p3":32},
    {"p1":8,
     "p2":42,
     "p3":43},
    {"p1":8,
     "p2":9,
     "p3":42},
    {"p1":91,
     "p2":92,
     "p3":93},
    {"p1":63,
     "p2":91,
     "p3":93},
    {"p1":89,
     "p2":90,
     "p3":91},
    {"p1":63,
     "p2":89,
     "p3":91},
    {"p1":61,
     "p2":63,
     "p3":93},
    {"p1":63,
     "p2":64,
     "p3":65},
    {"p1":61,
     "p2":93,
     "p3":94},
    {"p1":17,
     "p2":18,
     "p3":34},
    {"p1":67,
     "p2":68,
     "p3":69},
    {"p1":65,
     "p2":66,
     "p3":87},
    {"p1":66,
     "p2":67,
     "p3":87},
    {"p1":87,
     "p2":88,
     "p3":89},
    {"p1":70,
     "p2":71,
     "p3":83},
    {"p1":70,
     "p2":83,
     "p3":84},
    {"p1":69,
     "p2":70,
     "p3":84},
    {"p1":81,
     "p2":82,
     "p3":83},
    {"p1":20,
     "p2":30,
     "p3":31},
    {"p1":19,
     "p2":20,
     "p3":31},
    {"p1":20,
     "p2":21,
     "p3":30},
    {"p1":53,
     "p2":101,
     "p3":102},
    {"p1":96,
     "p2":97,
     "p3":98},
    {"p1":15,
     "p2":35,
     "p3":36},
    {"p1":15,
     "p2":16,
     "p3":35},
    {"p1":16,
     "p2":17,
     "p3":35},
    {"p1":17,
     "p2":34,
     "p3":35},
    {"p1":61,
     "p2":62,
     "p3":63},
    {"p1":59,
     "p2":61,
     "p3":94},
    {"p1":59,
     "p2":60,
     "p3":61},
    {"p1":11,
     "p2":12,
     "p3":39},
    {"p1":15,
     "p2":36,
     "p3":37},
    {"p1":14,
     "p2":15,
     "p3":37},
    {"p1":84,
     "p2":85,
     "p3":86},
    {"p1":52,
     "p2":102,
     "p3":103},
    {"p1":52,
     "p2":53,
     "p3":102},
    {"p1":0,
     "p2":51,
     "p3":52},
    {"p1":0,
     "p2":52,
     "p3":103},
    {"p1":7,
     "p2":8,
     "p3":43},
    {"p1":4,
     "p2":5,
     "p3":47},
    {"p1":10,
     "p2":11,
     "p3":41},
    {"p1":10,
     "p2":41,
     "p3":42},
    {"p1":9,
     "p2":10,
     "p3":42},
    {"p1":13,
     "p2":14,
     "p3":37},
    {"p1":13,
     "p2":37,
     "p3":38},
    {"p1":13,
     "p2":38,
     "p3":39},
    {"p1":12,
     "p2":13,
     "p3":39},
    {"p1":18,
     "p2":32,
     "p3":33},
    {"p1":18,
     "p2":33,
     "p3":34},
    {"p1":11,
     "p2":40,
     "p3":41},
    {"p1":11,
     "p2":39,
     "p3":40},
    {"p1":57,
     "p2":94,
     "p3":95},
    {"p1":57,
     "p2":95,
     "p3":98},
    {"p1":57,
     "p2":58,
     "p3":59},
    {"p1":57,
     "p2":59,
     "p3":94},
    {"p1":6,
     "p2":7,
     "p3":44},
    {"p1":6,
     "p2":44,
     "p3":45},
    {"p1":7,
     "p2":43,
     "p3":44},
    {"p1":5,
     "p2":46,
     "p3":47},
    {"p1":6,
     "p2":45,
     "p3":46},
    {"p1":5,
     "p2":6,
     "p3":46},
    {"p1":3,
     "p2":4,
     "p3":47},
    {"p1":55,
     "p2":98,
     "p3":101},
    {"p1":53,
     "p2":55,
     "p3":101},
    {"p1":53,
     "p2":54,
     "p3":55},
    {"p1":55,
     "p2":57,
     "p3":98},
    {"p1":55,
     "p2":56,
     "p3":57},
    {"p1":0,
     "p2":50,
     "p3":51},
    {"p1":0,
     "p2":1,
     "p3":50},
    {"p1":3,
     "p2":47,
     "p3":48},
    {"p1":2,
     "p2":48,
     "p3":49},
    {"p1":2,
     "p2":3,
     "p3":48},
    {"p1":98,
     "p2":99,
     "p3":100},
    {"p1":98,
     "p2":100,
     "p3":101},
    {"p1":2,
     "p2":49,
     "p3":50},
    {"p1":1,
     "p2":2,
     "p3":50}]
}