{"points":[
    {"x":0.47934,
     "y":0.49174},
    {"x":0.45455,
     "y":0.5124},
    {"x":0.43388,
     "y":0.53719},
    {"x":0.40909,
     "y":0.56198},
    {"x":0.3843,
     "y":0.58264},
    {"x":0.3595,
     "y":0.57851},
    {"x":0.33471,
     "y":0.56198},
    {"x":0.30992,
     "y":0.54545},
    {"x":0.28512,
     "y":0.53719},
    {"x":0.26033,
     "y":0.52479},
    {"x":0.23554,
     "y":0.52066},
    {"x":0.21074,
     "y":0.51653},
    {"x":0.18595,
     "y":0.5124},
    {"x":0.16116,
     "y":0.5124},
    {"x":0.13636,
     "y":0.51653},
    {"x":0.11157,
     "y":0.52066},
    {"x":0.086777,
     "y":0.53306},
    {"x":0.061983,
     "y":0.54545},
    {"x":0.03719,
     "y":0.57025},
    {"x":0.020661,
     "y":0.59504},
    {"x":0.0082645,
     "y":0.61983},
    {"x":0,
     "y":0.64463},
    {"x":0,
     "y":0.66942},
    {"x":0,
     "y":0.69421},
    {"x":0.0041322,
     "y":0.71901},
    {"x":0.0082645,
     "y":0.7438},
    {"x":0.016529,
     "y":0.7686},
    {"x":0.033058,
     "y":0.79339},
    {"x":0.049587,
     "y":0.81818},
    {"x":0.066116,
     "y":0.84298},
    {"x":0.086777,
     "y":0.86777},
    {"x":0.11157,
     "y":0.89256},
    {"x":0.13636,
     "y":0.91322},
    {"x":0.16116,
     "y":0.92975},
    {"x":0.18595,
     "y":0.94215},
    {"x":0.21074,
     "y":0.94628},
    {"x":0.23554,
     "y":0.95041},
    {"x":0.26033,
     "y":0.95041},
    {"x":0.28512,
     "y":0.95041},
    {"x":0.30992,
     "y":0.95041},
    {"x":0.33471,
     "y":0.94628},
    {"x":0.3595,
     "y":0.93388},
    {"x":0.3843,
     "y":0.92149},
    {"x":0.40909,
     "y":0.90083},
    {"x":0.42562,
     "y":0.87603},
    {"x":0.43802,
     "y":0.85124},
    {"x":0.45041,
     "y":0.82645},
    {"x":0.45041,
     "y":0.80165},
    {"x":0.45041,
     "y":0.77686},
    {"x":0.45041,
     "y":0.75207},
    {"x":0.44628,
     "y":0.72727},
    {"x":0.43802,
     "y":0.70248},
    {"x":0.42975,
     "y":0.67769},
    {"x":0.42149,
     "y":0.65289},
    {"x":0.44628,
     "y":0.63223},
    {"x":0.47107,
     "y":0.60744},
    {"x":0.49587,
     "y":0.58264},
    {"x":0.51653,
     "y":0.56198},
    {"x":0.53719,
     "y":0.53719},
    {"x":0.56198,
     "y":0.52066},
    {"x":0.58678,
     "y":0.49587},
    {"x":0.61157,
     "y":0.47934},
    {"x":0.63636,
     "y":0.45868},
    {"x":0.66116,
     "y":0.43388},
    {"x":0.68595,
     "y":0.41322},
    {"x":0.71074,
     "y":0.39256},
    {"x":0.7314,
     "y":0.36777},
    {"x":0.7562,
     "y":0.34711},
    {"x":0.77686,
     "y":0.32231},
    {"x":0.79752,
     "y":0.29752},
    {"x":0.82231,
     "y":0.27686},
    {"x":0.84711,
     "y":0.25207},
    {"x":0.8719,
     "y":0.23554},
    {"x":0.89669,
     "y":0.21488},
    {"x":0.92149,
     "y":0.19008},
    {"x":0.94628,
     "y":0.16942},
    {"x":0.96281,
     "y":0.14463},
    {"x":0.97934,
     "y":0.11983},
    {"x":0.99174,
     "y":0.095041},
    {"x":1,
     "y":0.070248},
    {"x":1,
     "y":0.045455},
    {"x":0.99587,
     "y":0.020661},
    {"x":0.97107,
     "y":0.0041322},
    {"x":0.94628,
     "y":0},
    {"x":0.92149,
     "y":0.0082645},
    {"x":0.90909,
     "y":0.033058},
    {"x":0.91322,
     "y":0.057851},
    {"x":0.91322,
     "y":0.082645},
    {"x":0.89669,
     "y":0.10744},
    {"x":0.87603,
     "y":0.13223},
    {"x":0.85124,
     "y":0.15289},
    {"x":0.82645,
     "y":0.17355},
    {"x":0.80165,
     "y":0.19421},
    {"x":0.77686,
     "y":0.21488},
    {"x":0.75207,
     "y":0.23554},
    {"x":0.7314,
     "y":0.26033},
    {"x":0.71074,
     "y":0.28512},
    {"x":0.68595,
     "y":0.30579},
    {"x":0.66529,
     "y":0.33058},
    {"x":0.6405,
     "y":0.35124},
    {"x":0.6157,
     "y":0.3719},
    {"x":0.59091,
     "y":0.39669},
    {"x":0.56612,
     "y":0.41736},
    {"x":0.54132,
     "y":0.43388},
    {"x":0.51653,
     "y":0.45868},
    {"x":0.49174,
     "y":0.47521},
    {"x":0.47934,
     "y":0.49174}],
 "triangles":[
    {"p1":33,
     "p2":34,
     "p3":35},
    {"p1":80,
     "p2":81,
     "p3":82},
    {"p1":79,
     "p2":80,
     "p3":86},
    {"p1":80,
     "p2":82,
     "p3":86},
    {"p1":82,
     "p2":83,
     "p3":86},
    {"p1":32,
     "p2":33,
     "p3":35},
    {"p1":31,
     "p2":32,
     "p3":51},
    {"p1":32,
     "p2":35,
     "p3":51},
    {"p1":35,
     "p2":36,
     "p3":37},
    {"p1":35,
     "p2":37,
     "p3":51},
    {"p1":5,
     "p2":6,
     "p3":30},
    {"p1":6,
     "p2":29,
     "p3":30},
    {"p1":22,
     "p2":23,
     "p3":24},
    {"p1":41,
     "p2":44,
     "p3":45},
    {"p1":41,
     "p2":45,
     "p3":48},
    {"p1":38,
     "p2":41,
     "p3":48},
    {"p1":37,
     "p2":38,
     "p3":48},
    {"p1":37,
     "p2":48,
     "p3":51},
    {"p1":25,
     "p2":26,
     "p3":27},
    {"p1":24,
     "p2":25,
     "p3":27},
    {"p1":11,
     "p2":24,
     "p3":27},
    {"p1":10,
     "p2":11,
     "p3":27},
    {"p1":14,
     "p2":22,
     "p3":24},
    {"p1":11,
     "p2":14,
     "p3":24},
    {"p1":78,
     "p2":79,
     "p3":86},
    {"p1":39,
     "p2":40,
     "p3":41},
    {"p1":38,
     "p2":39,
     "p3":41},
    {"p1":58,
     "p2":59,
     "p3":104},
    {"p1":58,
     "p2":104,
     "p3":105},
    {"p1":31,
     "p2":51,
     "p3":52},
    {"p1":5,
     "p2":52,
     "p3":53},
    {"p1":30,
     "p2":31,
     "p3":52},
    {"p1":5,
     "p2":30,
     "p3":52},
    {"p1":3,
     "p2":4,
     "p3":54},
    {"p1":4,
     "p2":53,
     "p3":54},
    {"p1":4,
     "p2":5,
     "p3":53},
    {"p1":10,
     "p2":27,
     "p3":28},
    {"p1":42,
     "p2":43,
     "p3":44},
    {"p1":41,
     "p2":42,
     "p3":44},
    {"p1":65,
     "p2":98,
     "p3":99},
    {"p1":3,
     "p2":54,
     "p3":55},
    {"p1":1,
     "p2":2,
     "p3":56},
    {"p1":2,
     "p2":3,
     "p3":55},
    {"p1":2,
     "p2":55,
     "p3":56},
    {"p1":48,
     "p2":50,
     "p3":51},
    {"p1":48,
     "p2":49,
     "p3":50},
    {"p1":71,
     "p2":91,
     "p3":92},
    {"p1":71,
     "p2":72,
     "p3":91},
    {"p1":74,
     "p2":89,
     "p3":90},
    {"p1":77,
     "p2":78,
     "p3":87},
    {"p1":78,
     "p2":86,
     "p3":87},
    {"p1":76,
     "p2":77,
     "p3":87},
    {"p1":76,
     "p2":87,
     "p3":88},
    {"p1":74,
     "p2":75,
     "p3":89},
    {"p1":75,
     "p2":88,
     "p3":89},
    {"p1":75,
     "p2":76,
     "p3":88},
    {"p1":83,
     "p2":85,
     "p3":86},
    {"p1":83,
     "p2":84,
     "p3":85},
    {"p1":0,
     "p2":58,
     "p3":105},
    {"p1":1,
     "p2":56,
     "p3":57},
    {"p1":0,
     "p2":1,
     "p3":57},
    {"p1":0,
     "p2":57,
     "p3":58},
    {"p1":8,
     "p2":9,
     "p3":10},
    {"p1":8,
     "p2":10,
     "p3":28},
    {"p1":6,
     "p2":7,
     "p3":8},
    {"p1":8,
     "p2":28,
     "p3":29},
    {"p1":6,
     "p2":8,
     "p3":29},
    {"p1":20,
     "p2":21,
     "p3":22},
    {"p1":19,
     "p2":20,
     "p3":22},
    {"p1":14,
     "p2":16,
     "p3":22},
    {"p1":16,
     "p2":19,
     "p3":22},
    {"p1":16,
     "p2":18,
     "p3":19},
    {"p1":16,
     "p2":17,
     "p3":18},
    {"p1":14,
     "p2":15,
     "p3":16},
    {"p1":60,
     "p2":102,
     "p3":103},
    {"p1":60,
     "p2":103,
     "p3":104},
    {"p1":59,
     "p2":60,
     "p3":104},
    {"p1":63,
     "p2":100,
     "p3":101},
    {"p1":45,
     "p2":47,
     "p3":48},
    {"p1":45,
     "p2":46,
     "p3":47},
    {"p1":69,
     "p2":70,
     "p3":94},
    {"p1":65,
     "p2":66,
     "p3":98},
    {"p1":66,
     "p2":97,
     "p3":98},
    {"p1":67,
     "p2":68,
     "p3":96},
    {"p1":66,
     "p2":67,
     "p3":97},
    {"p1":67,
     "p2":96,
     "p3":97},
    {"p1":73,
     "p2":74,
     "p3":90},
    {"p1":72,
     "p2":73,
     "p3":91},
    {"p1":73,
     "p2":90,
     "p3":91},
    {"p1":64,
     "p2":99,
     "p3":100},
    {"p1":63,
     "p2":64,
     "p3":100},
    {"p1":64,
     "p2":65,
     "p3":99},
    {"p1":62,
     "p2":101,
     "p3":102},
    {"p1":62,
     "p2":63,
     "p3":101},
    {"p1":70,
     "p2":93,
     "p3":94},
    {"p1":71,
     "p2":92,
     "p3":93},
    {"p1":70,
     "p2":71,
     "p3":93},
    {"p1":68,
     "p2":69,
     "p3":95},
    {"p1":68,
     "p2":95,
     "p3":96},
    {"p1":69,
     "p2":94,
     "p3":95},
    {"p1":60,
     "p2":61,
     "p3":102},
    {"p1":61,
     "p2":62,
     "p3":102},
    {"p1":11,
     "p2":12,
     "p3":14},
    {"p1":12,
     "p2":13,
     "p3":14}]
}