{"points":[
    {"x":0.47321,
     "y":0.31696},
    {"x":0.45089,
     "y":0.33929},
    {"x":0.42857,
     "y":0.35714},
    {"x":0.41071,
     "y":0.37946},
    {"x":0.39286,
     "y":0.39732},
    {"x":0.37054,
     "y":0.39286},
    {"x":0.34821,
     "y":0.38839},
    {"x":0.32589,
     "y":0.38839},
    {"x":0.30357,
     "y":0.38393},
    {"x":0.28125,
     "y":0.38393},
    {"x":0.25893,
     "y":0.38393},
    {"x":0.23661,
     "y":0.38839},
    {"x":0.21429,
     "y":0.39732},
    {"x":0.19196,
     "y":0.41071},
    {"x":0.16964,
     "y":0.41964},
    {"x":0.14732,
     "y":0.4375},
    {"x":0.125,
     "y":0.45536},
    {"x":0.10268,
     "y":0.47321},
    {"x":0.080357,
     "y":0.49554},
    {"x":0.058036,
     "y":0.51786},
    {"x":0.040179,
     "y":0.54018},
    {"x":0.026786,
     "y":0.5625},
    {"x":0.017857,
     "y":0.58482},
    {"x":0.013393,
     "y":0.60714},
    {"x":0,
     "y":0.62946},
    {"x":0,
     "y":0.65179},
    {"x":0,
     "y":0.67411},
    {"x":0,
     "y":0.69643},
    {"x":0.013393,
     "y":0.71875},
    {"x":0.03125,
     "y":0.74107},
    {"x":0.053571,
     "y":0.75893},
    {"x":0.075893,
     "y":0.76786},
    {"x":0.098214,
     "y":0.77232},
    {"x":0.12054,
     "y":0.77232},
    {"x":0.14286,
     "y":0.77232},
    {"x":0.16518,
     "y":0.76786},
    {"x":0.1875,
     "y":0.76339},
    {"x":0.20982,
     "y":0.75446},
    {"x":0.23214,
     "y":0.75},
    {"x":0.25446,
     "y":0.73661},
    {"x":0.27679,
     "y":0.73214},
    {"x":0.29911,
     "y":0.71875},
    {"x":0.32143,
     "y":0.70982},
    {"x":0.34375,
     "y":0.69643},
    {"x":0.36607,
     "y":0.67857},
    {"x":0.38839,
     "y":0.65625},
    {"x":0.40625,
     "y":0.63393},
    {"x":0.42411,
     "y":0.61161},
    {"x":0.43304,
     "y":0.58929},
    {"x":0.44196,
     "y":0.56696},
    {"x":0.44643,
     "y":0.54464},
    {"x":0.44643,
     "y":0.52232},
    {"x":0.44643,
     "y":0.5},
    {"x":0.44196,
     "y":0.47768},
    {"x":0.45536,
     "y":0.45536},
    {"x":0.47768,
     "y":0.43304},
    {"x":0.5,
     "y":0.41964},
    {"x":0.52232,
     "y":0.40179},
    {"x":0.54464,
     "y":0.38839},
    {"x":0.56696,
     "y":0.375},
    {"x":0.58929,
     "y":0.36607},
    {"x":0.61161,
     "y":0.34821},
    {"x":0.63393,
     "y":0.33036},
    {"x":0.65625,
     "y":0.3125},
    {"x":0.67857,
     "y":0.29911},
    {"x":0.70089,
     "y":0.27679},
    {"x":0.72321,
     "y":0.26339},
    {"x":0.74554,
     "y":0.25},
    {"x":0.76786,
     "y":0.23214},
    {"x":0.79018,
     "y":0.21875},
    {"x":0.8125,
     "y":0.20536},
    {"x":0.83482,
     "y":0.19196},
    {"x":0.85714,
     "y":0.17411},
    {"x":0.87946,
     "y":0.16071},
    {"x":0.90179,
     "y":0.14286},
    {"x":0.92411,
     "y":0.13393},
    {"x":0.94643,
     "y":0.12054},
    {"x":0.96875,
     "y":0.10714},
    {"x":0.99107,
     "y":0.084821},
    {"x":1,
     "y":0.0625},
    {"x":0.99554,
     "y":0.040179},
    {"x":0.97768,
     "y":0.017857},
    {"x":0.95536,
     "y":0.0044643},
    {"x":0.93304,
     "y":0},
    {"x":0.91071,
     "y":0.0044643},
    {"x":0.88839,
     "y":0.0089286},
    {"x":0.86607,
     "y":0.022321},
    {"x":0.84375,
     "y":0.03125},
    {"x":0.82143,
     "y":0.049107},
    {"x":0.79911,
     "y":0.058036},
    {"x":0.77679,
     "y":0.080357},
    {"x":0.75446,
     "y":0.09375},
    {"x":0.73214,
     "y":0.10714},
    {"x":0.70982,
     "y":0.125},
    {"x":0.6875,
     "y":0.14286},
    {"x":0.66518,
     "y":0.16071},
    {"x":0.64286,
     "y":0.18304},
    {"x":0.62054,
     "y":0.20089},
    {"x":0.59821,
     "y":0.21875},
    {"x":0.57589,
     "y":0.23661},
    {"x":0.55357,
     "y":0.24554},
    {"x":0.53125,
     "y":0.26339},
    {"x":0.50893,
     "y":0.28571},
    {"x":0.48661,
     "y":0.30357},
    {"x":0.47321,
     "y":0.31696}],
 "triangles":[
    {"p1":29,
     "p2":30,
     "p3":31},
    {"p1":26,
     "p2":31,
     "p3":32},
    {"p1":26,
     "p2":29,
     "p3":31},
    {"p1":26,
     "p2":28,
     "p3":29},
    {"p1":26,
     "p2":27,
     "p3":28},
    {"p1":78,
     "p2":79,
     "p3":80},
    {"p1":78,
     "p2":80,
     "p3":81},
    {"p1":77,
     "p2":78,
     "p3":81},
    {"p1":51,
     "p2":52,
     "p3":53},
    {"p1":2,
     "p2":55,
     "p3":56},
    {"p1":20,
     "p2":21,
     "p3":37},
    {"p1":23,
     "p2":24,
     "p3":25},
    {"p1":23,
     "p2":25,
     "p3":33},
    {"p1":21,
     "p2":23,
     "p3":37},
    {"p1":67,
     "p2":94,
     "p3":95},
    {"p1":9,
     "p2":11,
     "p3":12},
    {"p1":3,
     "p2":54,
     "p3":55},
    {"p1":2,
     "p2":3,
     "p3":55},
    {"p1":37,
     "p2":38,
     "p3":39},
    {"p1":18,
     "p2":37,
     "p3":39},
    {"p1":19,
     "p2":20,
     "p3":37},
    {"p1":18,
     "p2":19,
     "p3":37},
    {"p1":13,
     "p2":43,
     "p3":44},
    {"p1":13,
     "p2":44,
     "p3":45},
    {"p1":13,
     "p2":45,
     "p3":46},
    {"p1":9,
     "p2":12,
     "p3":13},
    {"p1":9,
     "p2":13,
     "p3":46},
    {"p1":21,
     "p2":22,
     "p3":23},
    {"p1":33,
     "p2":34,
     "p3":35},
    {"p1":23,
     "p2":33,
     "p3":35},
    {"p1":35,
     "p2":36,
     "p3":37},
    {"p1":23,
     "p2":35,
     "p3":37},
    {"p1":61,
     "p2":99,
     "p3":100},
    {"p1":61,
     "p2":100,
     "p3":101},
    {"p1":60,
     "p2":61,
     "p3":101},
    {"p1":70,
     "p2":71,
     "p3":91},
    {"p1":73,
     "p2":74,
     "p3":88},
    {"p1":74,
     "p2":87,
     "p3":88},
    {"p1":71,
     "p2":90,
     "p3":91},
    {"p1":75,
     "p2":76,
     "p3":86},
    {"p1":74,
     "p2":75,
     "p3":86},
    {"p1":74,
     "p2":86,
     "p3":87},
    {"p1":63,
     "p2":98,
     "p3":99},
    {"p1":64,
     "p2":97,
     "p3":98},
    {"p1":63,
     "p2":64,
     "p3":98},
    {"p1":9,
     "p2":10,
     "p3":11},
    {"p1":4,
     "p2":53,
     "p3":54},
    {"p1":3,
     "p2":4,
     "p3":54},
    {"p1":61,
     "p2":62,
     "p3":99},
    {"p1":62,
     "p2":63,
     "p3":99},
    {"p1":46,
     "p2":47,
     "p3":48},
    {"p1":48,
     "p2":49,
     "p3":51},
    {"p1":49,
     "p2":50,
     "p3":51},
    {"p1":67,
     "p2":68,
     "p3":94},
    {"p1":68,
     "p2":93,
     "p3":94},
    {"p1":70,
     "p2":91,
     "p3":92},
    {"p1":64,
     "p2":65,
     "p3":97},
    {"p1":65,
     "p2":96,
     "p3":97},
    {"p1":66,
     "p2":67,
     "p3":95},
    {"p1":66,
     "p2":95,
     "p3":96},
    {"p1":65,
     "p2":66,
     "p3":96},
    {"p1":72,
     "p2":73,
     "p3":88},
    {"p1":71,
     "p2":72,
     "p3":90},
    {"p1":77,
     "p2":81,
     "p3":82},
    {"p1":76,
     "p2":77,
     "p3":84},
    {"p1":77,
     "p2":82,
     "p3":84},
    {"p1":82,
     "p2":83,
     "p3":84},
    {"p1":58,
     "p2":59,
     "p3":103},
    {"p1":4,
     "p2":5,
     "p3":53},
    {"p1":5,
     "p2":6,
     "p3":53},
    {"p1":17,
     "p2":18,
     "p3":39},
    {"p1":16,
     "p2":17,
     "p3":39},
    {"p1":16,
     "p2":39,
     "p3":41},
    {"p1":39,
     "p2":40,
     "p3":41},
    {"p1":41,
     "p2":42,
     "p3":43},
    {"p1":68,
     "p2":69,
     "p3":93},
    {"p1":69,
     "p2":92,
     "p3":93},
    {"p1":69,
     "p2":70,
     "p3":92},
    {"p1":72,
     "p2":88,
     "p3":89},
    {"p1":72,
     "p2":89,
     "p3":90},
    {"p1":76,
     "p2":85,
     "p3":86},
    {"p1":76,
     "p2":84,
     "p3":85},
    {"p1":0,
     "p2":57,
     "p3":58},
    {"p1":0,
     "p2":58,
     "p3":103},
    {"p1":7,
     "p2":51,
     "p3":53},
    {"p1":6,
     "p2":7,
     "p3":53},
    {"p1":7,
     "p2":48,
     "p3":51},
    {"p1":7,
     "p2":8,
     "p3":9},
    {"p1":7,
     "p2":9,
     "p3":46},
    {"p1":7,
     "p2":46,
     "p3":48},
    {"p1":59,
     "p2":102,
     "p3":103},
    {"p1":60,
     "p2":101,
     "p3":102},
    {"p1":59,
     "p2":60,
     "p3":102},
    {"p1":15,
     "p2":16,
     "p3":41},
    {"p1":13,
     "p2":14,
     "p3":15},
    {"p1":13,
     "p2":15,
     "p3":43},
    {"p1":15,
     "p2":41,
     "p3":43},
    {"p1":0,
     "p2":1,
     "p3":57},
    {"p1":1,
     "p2":56,
     "p3":57},
    {"p1":1,
     "p2":2,
     "p3":56},
    {"p1":25,
     "p2":26,
     "p3":33},
    {"p1":26,
     "p2":32,
     "p3":33}]
}