{"points":[
    {"x":0.16529,
     "y":0.033058},
    {"x":0.14463,
     "y":0.03719},
    {"x":0.12397,
     "y":0.045455},
    {"x":0.10331,
     "y":0.049587},
    {"x":0.082645,
     "y":0.053719},
    {"x":0.061983,
     "y":0.057851},
    {"x":0.041322,
     "y":0.061983},
    {"x":0.020661,
     "y":0.07438},
    {"x":0.0041322,
     "y":0.095041},
    {"x":0,
     "y":0.1157},
    {"x":0.0082645,
     "y":0.13636},
    {"x":0.028926,
     "y":0.14876},
    {"x":0.049587,
     "y":0.14876},
    {"x":0.070248,
     "y":0.13223},
    {"x":0.090909,
     "y":0.1281},
    {"x":0.11157,
     "y":0.12397},
    {"x":0.13223,
     "y":0.11983},
    {"x":0.15289,
     "y":0.1157},
    {"x":0.17355,
     "y":0.10744},
    {"x":0.19421,
     "y":0.10331},
    {"x":0.21488,
     "y":0.099174},
    {"x":0.23554,
     "y":0.099174},
    {"x":0.2562,
     "y":0.095041},
    {"x":0.27686,
     "y":0.095041},
    {"x":0.29752,
     "y":0.090909},
    {"x":0.31818,
     "y":0.090909},
    {"x":0.33884,
     "y":0.086777},
    {"x":0.3595,
     "y":0.086777},
    {"x":0.38017,
     "y":0.082645},
    {"x":0.40083,
     "y":0.082645},
    {"x":0.42149,
     "y":0.082645},
    {"x":0.44215,
     "y":0.082645},
    {"x":0.46281,
     "y":0.082645},
    {"x":0.48347,
     "y":0.082645},
    {"x":0.50413,
     "y":0.082645},
    {"x":0.52479,
     "y":0.086777},
    {"x":0.54545,
     "y":0.086777},
    {"x":0.56612,
     "y":0.090909},
    {"x":0.58678,
     "y":0.095041},
    {"x":0.60331,
     "y":0.1157},
    {"x":0.62397,
     "y":0.13223},
    {"x":0.64463,
     "y":0.14876},
    {"x":0.66529,
     "y":0.16116},
    {"x":0.68595,
     "y":0.16942},
    {"x":0.70661,
     "y":0.17355},
    {"x":0.72727,
     "y":0.17769},
    {"x":0.74793,
     "y":0.18182},
    {"x":0.7686,
     "y":0.18595},
    {"x":0.78926,
     "y":0.18595},
    {"x":0.80992,
     "y":0.18595},
    {"x":0.83058,
     "y":0.18595},
    {"x":0.85124,
     "y":0.18182},
    {"x":0.8719,
     "y":0.17769},
    {"x":0.89256,
     "y":0.17355},
    {"x":0.91322,
     "y":0.16116},
    {"x":0.93388,
     "y":0.14463},
    {"x":0.95455,
     "y":0.1281},
    {"x":0.97107,
     "y":0.10744},
    {"x":0.98347,
     "y":0.086777},
    {"x":0.99174,
     "y":0.066116},
    {"x":1,
     "y":0.045455},
    {"x":1,
     "y":0.024793},
    {"x":0.98347,
     "y":0.0041322},
    {"x":0.96281,
     "y":0},
    {"x":0.94215,
     "y":0.0041322},
    {"x":0.92149,
     "y":0.0082645},
    {"x":0.90083,
     "y":0.012397},
    {"x":0.88017,
     "y":0.016529},
    {"x":0.8595,
     "y":0.020661},
    {"x":0.83884,
     "y":0.024793},
    {"x":0.81818,
     "y":0.028926},
    {"x":0.79752,
     "y":0.028926},
    {"x":0.77686,
     "y":0.028926},
    {"x":0.7562,
     "y":0.028926},
    {"x":0.73554,
     "y":0.028926},
    {"x":0.71488,
     "y":0.028926},
    {"x":0.69421,
     "y":0.028926},
    {"x":0.67355,
     "y":0.028926},
    {"x":0.65289,
     "y":0.024793},
    {"x":0.63223,
     "y":0.020661},
    {"x":0.61157,
     "y":0.020661},
    {"x":0.59091,
     "y":0.016529},
    {"x":0.57025,
     "y":0.016529},
    {"x":0.54959,
     "y":0.012397},
    {"x":0.52893,
     "y":0.012397},
    {"x":0.50826,
     "y":0.0082645},
    {"x":0.4876,
     "y":0.0082645},
    {"x":0.46694,
     "y":0.0082645},
    {"x":0.44628,
     "y":0.0082645},
    {"x":0.42562,
     "y":0.0082645},
    {"x":0.40496,
     "y":0.0082645},
    {"x":0.3843,
     "y":0.0082645},
    {"x":0.36364,
     "y":0.0082645},
    {"x":0.34298,
     "y":0.012397},
    {"x":0.32231,
     "y":0.012397},
    {"x":0.30165,
     "y":0.016529},
    {"x":0.28099,
     "y":0.016529},
    {"x":0.26033,
     "y":0.020661},
    {"x":0.23967,
     "y":0.020661},
    {"x":0.21901,
     "y":0.024793},
    {"x":0.19835,
     "y":0.028926},
    {"x":0.17769,
     "y":0.033058},
    {"x":0.16529,
     "y":0.033058}],
 "triangles":[
    {"p1":8,
     "p2":9,
     "p3":11},
    {"p1":60,
     "p2":61,
     "p3":63},
    {"p1":61,
     "p2":62,
     "p3":63},
    {"p1":9,
     "p2":10,
     "p3":11},
    {"p1":49,
     "p2":50,
     "p3":70},
    {"p1":52,
     "p2":53,
     "p3":54},
    {"p1":56,
     "p2":57,
     "p3":66},
    {"p1":32,
     "p2":87,
     "p3":88},
    {"p1":60,
     "p2":63,
     "p3":64},
    {"p1":59,
     "p2":60,
     "p3":64},
    {"p1":50,
     "p2":51,
     "p3":70},
    {"p1":1,
     "p2":2,
     "p3":17},
    {"p1":31,
     "p2":88,
     "p3":89},
    {"p1":31,
     "p2":32,
     "p3":88},
    {"p1":23,
     "p2":96,
     "p3":97},
    {"p1":22,
     "p2":23,
     "p3":97},
    {"p1":29,
     "p2":90,
     "p3":91},
    {"p1":23,
     "p2":24,
     "p3":96},
    {"p1":26,
     "p2":27,
     "p3":93},
    {"p1":26,
     "p2":93,
     "p3":94},
    {"p1":25,
     "p2":26,
     "p3":94},
    {"p1":40,
     "p2":77,
     "p3":78},
    {"p1":38,
     "p2":78,
     "p3":79},
    {"p1":54,
     "p2":55,
     "p3":68},
    {"p1":52,
     "p2":54,
     "p3":68},
    {"p1":44,
     "p2":74,
     "p3":75},
    {"p1":57,
     "p2":58,
     "p3":65},
    {"p1":57,
     "p2":65,
     "p3":66},
    {"p1":58,
     "p2":59,
     "p3":65},
    {"p1":59,
     "p2":64,
     "p3":65},
    {"p1":6,
     "p2":7,
     "p3":13},
    {"p1":7,
     "p2":8,
     "p3":13},
    {"p1":8,
     "p2":11,
     "p3":13},
    {"p1":11,
     "p2":12,
     "p3":13},
    {"p1":2,
     "p2":16,
     "p3":17},
    {"p1":30,
     "p2":31,
     "p3":89},
    {"p1":30,
     "p2":89,
     "p3":90},
    {"p1":29,
     "p2":30,
     "p3":90},
    {"p1":41,
     "p2":76,
     "p3":77},
    {"p1":41,
     "p2":42,
     "p3":76},
    {"p1":40,
     "p2":41,
     "p3":77},
    {"p1":32,
     "p2":33,
     "p3":87},
    {"p1":33,
     "p2":86,
     "p3":87},
    {"p1":39,
     "p2":40,
     "p3":78},
    {"p1":38,
     "p2":39,
     "p3":78},
    {"p1":36,
     "p2":83,
     "p3":84},
    {"p1":35,
     "p2":36,
     "p3":84},
    {"p1":22,
     "p2":97,
     "p3":98},
    {"p1":1,
     "p2":17,
     "p3":18},
    {"p1":18,
     "p2":19,
     "p3":101},
    {"p1":27,
     "p2":92,
     "p3":93},
    {"p1":24,
     "p2":25,
     "p3":95},
    {"p1":25,
     "p2":94,
     "p3":95},
    {"p1":24,
     "p2":95,
     "p3":96},
    {"p1":38,
     "p2":79,
     "p3":80},
    {"p1":38,
     "p2":80,
     "p3":81},
    {"p1":36,
     "p2":82,
     "p3":83},
    {"p1":48,
     "p2":49,
     "p3":71},
    {"p1":49,
     "p2":70,
     "p3":71},
    {"p1":55,
     "p2":67,
     "p3":68},
    {"p1":56,
     "p2":66,
     "p3":67},
    {"p1":55,
     "p2":56,
     "p3":67},
    {"p1":43,
     "p2":44,
     "p3":75},
    {"p1":42,
     "p2":43,
     "p3":76},
    {"p1":43,
     "p2":75,
     "p3":76},
    {"p1":44,
     "p2":45,
     "p3":74},
    {"p1":45,
     "p2":73,
     "p3":74},
    {"p1":45,
     "p2":46,
     "p3":73},
    {"p1":4,
     "p2":14,
     "p3":15},
    {"p1":5,
     "p2":6,
     "p3":13},
    {"p1":5,
     "p2":13,
     "p3":14},
    {"p1":4,
     "p2":5,
     "p3":14},
    {"p1":3,
     "p2":4,
     "p3":15},
    {"p1":2,
     "p2":3,
     "p3":16},
    {"p1":3,
     "p2":15,
     "p3":16},
    {"p1":34,
     "p2":85,
     "p3":86},
    {"p1":33,
     "p2":34,
     "p3":86},
    {"p1":34,
     "p2":84,
     "p3":85},
    {"p1":34,
     "p2":35,
     "p3":84},
    {"p1":36,
     "p2":37,
     "p3":82},
    {"p1":37,
     "p2":38,
     "p3":81},
    {"p1":37,
     "p2":81,
     "p3":82},
    {"p1":0,
     "p2":1,
     "p3":18},
    {"p1":0,
     "p2":18,
     "p3":101},
    {"p1":20,
     "p2":21,
     "p3":99},
    {"p1":21,
     "p2":98,
     "p3":99},
    {"p1":21,
     "p2":22,
     "p3":98},
    {"p1":19,
     "p2":100,
     "p3":101},
    {"p1":19,
     "p2":20,
     "p3":100},
    {"p1":20,
     "p2":99,
     "p3":100},
    {"p1":27,
     "p2":28,
     "p3":92},
    {"p1":28,
     "p2":91,
     "p3":92},
    {"p1":28,
     "p2":29,
     "p3":91},
    {"p1":52,
     "p2":68,
     "p3":69},
    {"p1":51,
     "p2":52,
     "p3":69},
    {"p1":51,
     "p2":69,
     "p3":70},
    {"p1":46,
     "p2":47,
     "p3":72},
    {"p1":46,
     "p2":72,
     "p3":73},
    {"p1":47,
     "p2":48,
     "p3":72},
    {"p1":48,
     "p2":71,
     "p3":72}]
}