{"points":[
    {"x":0.2574,
     "y":0.59467},
    {"x":0.27515,
     "y":0.65089},
    {"x":0.29586,
     "y":0.7071},
    {"x":0.31953,
     "y":0.76331},
    {"x":0.34911,
     "y":0.81953},
    {"x":0.38166,
     "y":0.87278},
    {"x":0.42899,
     "y":0.92604},
    {"x":0.47929,
     "y":0.96154},
    {"x":0.5355,
     "y":0.98521},
    {"x":0.59172,
     "y":0.99704},
    {"x":0.64793,
     "y":1},
    {"x":0.70414,
     "y":0.99408},
    {"x":0.76036,
     "y":0.96746},
    {"x":0.80473,
     "y":0.9142},
    {"x":0.83432,
     "y":0.85799},
    {"x":0.83432,
     "y":0.80178},
    {"x":0.82544,
     "y":0.74556},
    {"x":0.81361,
     "y":0.68935},
    {"x":0.79882,
     "y":0.63314},
    {"x":0.74852,
     "y":0.59172},
    {"x":0.69231,
     "y":0.59172},
    {"x":0.63609,
     "y":0.61538},
    {"x":0.58284,
     "y":0.66272},
    {"x":0.53846,
     "y":0.71302},
    {"x":0.49704,
     "y":0.76331},
    {"x":0.48225,
     "y":0.81953},
    {"x":0.5355,
     "y":0.86391},
    {"x":0.59172,
     "y":0.88757},
    {"x":0.64793,
     "y":0.89941},
    {"x":0.70414,
     "y":0.89941},
    {"x":0.7426,
     "y":0.84911},
    {"x":0.75148,
     "y":0.7929},
    {"x":0.71598,
     "y":0.74556},
    {"x":0.65976,
     "y":0.73964},
    {"x":0.60355,
     "y":0.75148},
    {"x":0.61243,
     "y":0.80769},
    {"x":0.64497,
     "y":0.78402},
    {"x":0.69527,
     "y":0.77811},
    {"x":0.71006,
     "y":0.8284},
    {"x":0.66864,
     "y":0.86095},
    {"x":0.61243,
     "y":0.85503},
    {"x":0.55621,
     "y":0.8284},
    {"x":0.52959,
     "y":0.78402},
    {"x":0.57101,
     "y":0.73373},
    {"x":0.62426,
     "y":0.7071},
    {"x":0.68047,
     "y":0.7071},
    {"x":0.73669,
     "y":0.72781},
    {"x":0.78402,
     "y":0.76923},
    {"x":0.78994,
     "y":0.82544},
    {"x":0.77219,
     "y":0.88166},
    {"x":0.73077,
     "y":0.93195},
    {"x":0.67456,
     "y":0.9497},
    {"x":0.61834,
     "y":0.93787},
    {"x":0.56213,
     "y":0.92012},
    {"x":0.50592,
     "y":0.89053},
    {"x":0.46154,
     "y":0.83728},
    {"x":0.42899,
     "y":0.78107},
    {"x":0.40533,
     "y":0.72485},
    {"x":0.39053,
     "y":0.66864},
    {"x":0.38462,
     "y":0.61243},
    {"x":0.38166,
     "y":0.55621},
    {"x":0.38166,
     "y":0.5},
    {"x":0.38166,
     "y":0.44379},
    {"x":0.38166,
     "y":0.38757},
    {"x":0.38166,
     "y":0.33136},
    {"x":0.3787,
     "y":0.27515},
    {"x":0.36686,
     "y":0.21893},
    {"x":0.34615,
     "y":0.16272},
    {"x":0.30769,
     "y":0.10947},
    {"x":0.26331,
     "y":0.056213},
    {"x":0.21598,
     "y":0.011834},
    {"x":0.15976,
     "y":0},
    {"x":0.10355,
     "y":0.0059172},
    {"x":0.053254,
     "y":0.044379},
    {"x":0.014793,
     "y":0.10059},
    {"x":0,
     "y":0.1568},
    {"x":0.0059172,
     "y":0.21302},
    {"x":0.029586,
     "y":0.26923},
    {"x":0.076923,
     "y":0.31657},
    {"x":0.13314,
     "y":0.32249},
    {"x":0.18935,
     "y":0.30473},
    {"x":0.22485,
     "y":0.24852},
    {"x":0.22485,
     "y":0.19231},
    {"x":0.20414,
     "y":0.13609},
    {"x":0.1568,
     "y":0.094675},
    {"x":0.10355,
     "y":0.11834},
    {"x":0.08284,
     "y":0.17456},
    {"x":0.1213,
     "y":0.18639},
    {"x":0.14793,
     "y":0.14497},
    {"x":0.16864,
     "y":0.19822},
    {"x":0.12426,
     "y":0.2426},
    {"x":0.071006,
     "y":0.21598},
    {"x":0.06213,
     "y":0.15976},
    {"x":0.079882,
     "y":0.10355},
    {"x":0.12722,
     "y":0.065089},
    {"x":0.18343,
     "y":0.065089},
    {"x":0.23669,
     "y":0.11538},
    {"x":0.25148,
     "y":0.1716},
    {"x":0.26036,
     "y":0.22781},
    {"x":0.25444,
     "y":0.28402},
    {"x":0.2426,
     "y":0.34024},
    {"x":0.23373,
     "y":0.39645},
    {"x":0.23373,
     "y":0.45266},
    {"x":0.23669,
     "y":0.50888},
    {"x":0.24852,
     "y":0.56509},
    {"x":0.2574,
     "y":0.59467}],
 "triangles":[
    {"p1":6,
     "p2":7,
     "p3":54},
    {"p1":2,
     "p2":57,
     "p3":58},
    {"p1":67,
     "p2":97,
     "p3":98},
    {"p1":1,
     "p2":2,
     "p3":58},
    {"p1":7,
     "p2":8,
     "p3":53},
    {"p1":7,
     "p2":53,
     "p3":54},
    {"p1":8,
     "p2":9,
     "p3":53},
    {"p1":5,
     "p2":6,
     "p3":55},
    {"p1":6,
     "p2":54,
     "p3":55},
    {"p1":11,
     "p2":12,
     "p3":50},
    {"p1":12,
     "p2":13,
     "p3":50},
    {"p1":14,
     "p2":15,
     "p3":48},
    {"p1":76,
     "p2":77,
     "p3":91},
    {"p1":68,
     "p2":69,
     "p3":96},
    {"p1":67,
     "p2":68,
     "p3":97},
    {"p1":68,
     "p2":96,
     "p3":97},
    {"p1":66,
     "p2":67,
     "p3":98},
    {"p1":65,
     "p2":66,
     "p3":98},
    {"p1":1,
     "p2":58,
     "p3":59},
    {"p1":61,
     "p2":103,
     "p3":104},
    {"p1":61,
     "p2":102,
     "p3":103},
    {"p1":61,
     "p2":62,
     "p3":102},
    {"p1":62,
     "p2":101,
     "p3":102},
    {"p1":62,
     "p2":63,
     "p3":101},
    {"p1":9,
     "p2":10,
     "p3":52},
    {"p1":9,
     "p2":52,
     "p3":53},
    {"p1":4,
     "p2":56,
     "p3":57},
    {"p1":5,
     "p2":55,
     "p3":56},
    {"p1":4,
     "p2":5,
     "p3":56},
    {"p1":2,
     "p2":3,
     "p3":57},
    {"p1":3,
     "p2":4,
     "p3":57},
    {"p1":13,
     "p2":49,
     "p3":50},
    {"p1":13,
     "p2":14,
     "p3":49},
    {"p1":14,
     "p2":48,
     "p3":49},
    {"p1":23,
     "p2":42,
     "p3":43},
    {"p1":20,
     "p2":21,
     "p3":45},
    {"p1":19,
     "p2":20,
     "p3":45},
    {"p1":64,
     "p2":65,
     "p3":99},
    {"p1":65,
     "p2":98,
     "p3":99},
    {"p1":75,
     "p2":76,
     "p3":92},
    {"p1":76,
     "p2":91,
     "p3":92},
    {"p1":74,
     "p2":75,
     "p3":92},
    {"p1":78,
     "p2":79,
     "p3":90},
    {"p1":77,
     "p2":78,
     "p3":90},
    {"p1":77,
     "p2":90,
     "p3":91},
    {"p1":79,
     "p2":80,
     "p3":90},
    {"p1":73,
     "p2":74,
     "p3":93},
    {"p1":74,
     "p2":92,
     "p3":93},
    {"p1":0,
     "p2":1,
     "p3":59},
    {"p1":0,
     "p2":59,
     "p3":60},
    {"p1":60,
     "p2":61,
     "p3":104},
    {"p1":0,
     "p2":60,
     "p3":104},
    {"p1":10,
     "p2":11,
     "p3":51},
    {"p1":10,
     "p2":51,
     "p3":52},
    {"p1":11,
     "p2":50,
     "p3":51},
    {"p1":21,
     "p2":44,
     "p3":45},
    {"p1":64,
     "p2":99,
     "p3":100},
    {"p1":63,
     "p2":64,
     "p3":100},
    {"p1":63,
     "p2":100,
     "p3":101},
    {"p1":81,
     "p2":82,
     "p3":89},
    {"p1":80,
     "p2":81,
     "p3":90},
    {"p1":81,
     "p2":89,
     "p3":90},
    {"p1":85,
     "p2":86,
     "p3":87},
    {"p1":70,
     "p2":71,
     "p3":95},
    {"p1":69,
     "p2":70,
     "p3":95},
    {"p1":69,
     "p2":95,
     "p3":96},
    {"p1":72,
     "p2":73,
     "p3":94},
    {"p1":73,
     "p2":93,
     "p3":94},
    {"p1":71,
     "p2":72,
     "p3":94},
    {"p1":71,
     "p2":94,
     "p3":95},
    {"p1":82,
     "p2":83,
     "p3":89},
    {"p1":24,
     "p2":25,
     "p3":42},
    {"p1":23,
     "p2":24,
     "p3":42},
    {"p1":25,
     "p2":41,
     "p3":42},
    {"p1":25,
     "p2":26,
     "p3":41},
    {"p1":21,
     "p2":22,
     "p3":44},
    {"p1":22,
     "p2":23,
     "p3":43},
    {"p1":22,
     "p2":43,
     "p3":44},
    {"p1":31,
     "p2":32,
     "p3":37},
    {"p1":32,
     "p2":33,
     "p3":37},
    {"p1":17,
     "p2":18,
     "p3":46},
    {"p1":18,
     "p2":19,
     "p3":46},
    {"p1":19,
     "p2":45,
     "p3":46},
    {"p1":83,
     "p2":84,
     "p3":88},
    {"p1":85,
     "p2":87,
     "p3":88},
    {"p1":84,
     "p2":85,
     "p3":88},
    {"p1":83,
     "p2":88,
     "p3":89},
    {"p1":33,
     "p2":34,
     "p3":36},
    {"p1":34,
     "p2":35,
     "p3":36},
    {"p1":33,
     "p2":36,
     "p3":37},
    {"p1":16,
     "p2":17,
     "p3":47},
    {"p1":17,
     "p2":46,
     "p3":47},
    {"p1":15,
     "p2":16,
     "p3":47},
    {"p1":15,
     "p2":47,
     "p3":48},
    {"p1":26,
     "p2":27,
     "p3":41},
    {"p1":27,
     "p2":40,
     "p3":41},
    {"p1":27,
     "p2":28,
     "p3":40},
    {"p1":28,
     "p2":39,
     "p3":40},
    {"p1":28,
     "p2":29,
     "p3":39},
    {"p1":29,
     "p2":30,
     "p3":38},
    {"p1":29,
     "p2":38,
     "p3":39},
    {"p1":30,
     "p2":31,
     "p3":38},
    {"p1":31,
     "p2":37,
     "p3":38}]
}