{"points":[
    {"x":0.064103,
     "y":0.80769},
    {"x":0.025641,
     "y":0.83333},
    {"x":0,
     "y":0.87179},
    {"x":0.012821,
     "y":0.91026},
    {"x":0.038462,
     "y":0.9359},
    {"x":0.076923,
     "y":0.94872},
    {"x":0.11538,
     "y":0.94872},
    {"x":0.15385,
     "y":0.9359},
    {"x":0.19231,
     "y":0.91026},
    {"x":0.21795,
     "y":0.88462},
    {"x":0.25641,
     "y":0.87179},
    {"x":0.29487,
     "y":0.87179},
    {"x":0.33333,
     "y":0.85897},
    {"x":0.37179,
     "y":0.84615},
    {"x":0.41026,
     "y":0.82051},
    {"x":0.44872,
     "y":0.82051},
    {"x":0.48718,
     "y":0.82051},
    {"x":0.52564,
     "y":0.80769},
    {"x":0.5641,
     "y":0.79487},
    {"x":0.60256,
     "y":0.75641},
    {"x":0.64103,
     "y":0.73077},
    {"x":0.67949,
     "y":0.69231},
    {"x":0.70513,
     "y":0.65385},
    {"x":0.70513,
     "y":0.61538},
    {"x":0.70513,
     "y":0.57692},
    {"x":0.69231,
     "y":0.53846},
    {"x":0.69231,
     "y":0.5},
    {"x":0.69231,
     "y":0.46154},
    {"x":0.69231,
     "y":0.42308},
    {"x":0.70513,
     "y":0.38462},
    {"x":0.74359,
     "y":0.39744},
    {"x":0.78205,
     "y":0.4359},
    {"x":0.82051,
     "y":0.46154},
    {"x":0.85897,
     "y":0.48718},
    {"x":0.89744,
     "y":0.51282},
    {"x":0.9359,
     "y":0.5},
    {"x":0.97436,
     "y":0.47436},
    {"x":1,
     "y":0.44872},
    {"x":1,
     "y":0.41026},
    {"x":1,
     "y":0.37179},
    {"x":0.98718,
     "y":0.33333},
    {"x":0.94872,
     "y":0.34615},
    {"x":0.91026,
     "y":0.35897},
    {"x":0.87179,
     "y":0.35897},
    {"x":0.83333,
     "y":0.35897},
    {"x":0.79487,
     "y":0.35897},
    {"x":0.75641,
     "y":0.35897},
    {"x":0.71795,
     "y":0.35897},
    {"x":0.67949,
     "y":0.34615},
    {"x":0.64103,
     "y":0.32051},
    {"x":0.60256,
     "y":0.28205},
    {"x":0.5641,
     "y":0.25641},
    {"x":0.52564,
     "y":0.28205},
    {"x":0.52564,
     "y":0.32051},
    {"x":0.52564,
     "y":0.35897},
    {"x":0.53846,
     "y":0.39744},
    {"x":0.53846,
     "y":0.4359},
    {"x":0.55128,
     "y":0.47436},
    {"x":0.53846,
     "y":0.51282},
    {"x":0.5,
     "y":0.5},
    {"x":0.46154,
     "y":0.46154},
    {"x":0.42308,
     "y":0.4359},
    {"x":0.38462,
     "y":0.42308},
    {"x":0.38462,
     "y":0.38462},
    {"x":0.39744,
     "y":0.34615},
    {"x":0.42308,
     "y":0.30769},
    {"x":0.4359,
     "y":0.26923},
    {"x":0.44872,
     "y":0.23077},
    {"x":0.47436,
     "y":0.19231},
    {"x":0.48718,
     "y":0.15385},
    {"x":0.51282,
     "y":0.11538},
    {"x":0.52564,
     "y":0.076923},
    {"x":0.52564,
     "y":0.038462},
    {"x":0.5,
     "y":0},
    {"x":0.46154,
     "y":0},
    {"x":0.42308,
     "y":0},
    {"x":0.38462,
     "y":0.012821},
    {"x":0.34615,
     "y":0.012821},
    {"x":0.37179,
     "y":0.038462},
    {"x":0.38462,
     "y":0.076923},
    {"x":0.38462,
     "y":0.11538},
    {"x":0.35897,
     "y":0.15385},
    {"x":0.35897,
     "y":0.19231},
    {"x":0.34615,
     "y":0.23077},
    {"x":0.33333,
     "y":0.26923},
    {"x":0.30769,
     "y":0.30769},
    {"x":0.29487,
     "y":0.34615},
    {"x":0.26923,
     "y":0.38462},
    {"x":0.26923,
     "y":0.42308},
    {"x":0.30769,
     "y":0.46154},
    {"x":0.34615,
     "y":0.48718},
    {"x":0.35897,
     "y":0.52564},
    {"x":0.35897,
     "y":0.5641},
    {"x":0.35897,
     "y":0.60256},
    {"x":0.32051,
     "y":0.64103},
    {"x":0.28205,
     "y":0.66667},
    {"x":0.24359,
     "y":0.67949},
    {"x":0.20513,
     "y":0.67949},
    {"x":0.16667,
     "y":0.69231},
    {"x":0.14103,
     "y":0.73077},
    {"x":0.12821,
     "y":0.76923},
    {"x":0.089744,
     "y":0.79487},
    {"x":0.064103,
     "y":0.80769}],
 "triangles":[
    {"p1":29,
     "p2":30,
     "p3":47},
    {"p1":33,
     "p2":42,
     "p3":43},
    {"p1":33,
     "p2":35,
     "p3":42},
    {"p1":0,
     "p2":5,
     "p3":6},
    {"p1":58,
     "p2":59,
     "p3":93},
    {"p1":39,
     "p2":40,
     "p3":41},
    {"p1":35,
     "p2":36,
     "p3":42},
    {"p1":33,
     "p2":34,
     "p3":35},
    {"p1":1,
     "p2":4,
     "p3":5},
    {"p1":0,
     "p2":1,
     "p3":5},
    {"p1":1,
     "p2":3,
     "p3":4},
    {"p1":1,
     "p2":2,
     "p3":3},
    {"p1":59,
     "p2":60,
     "p3":91},
    {"p1":60,
     "p2":61,
     "p3":91},
    {"p1":74,
     "p2":75,
     "p3":79},
    {"p1":67,
     "p2":82,
     "p3":83},
    {"p1":63,
     "p2":86,
     "p3":87},
    {"p1":66,
     "p2":67,
     "p3":83},
    {"p1":63,
     "p2":64,
     "p3":86},
    {"p1":64,
     "p2":85,
     "p3":86},
    {"p1":66,
     "p2":83,
     "p3":84},
    {"p1":65,
     "p2":66,
     "p3":84},
    {"p1":64,
     "p2":84,
     "p3":85},
    {"p1":64,
     "p2":65,
     "p3":84},
    {"p1":38,
     "p2":39,
     "p3":41},
    {"p1":38,
     "p2":41,
     "p3":42},
    {"p1":36,
     "p2":37,
     "p3":38},
    {"p1":36,
     "p2":38,
     "p3":42},
    {"p1":0,
     "p2":6,
     "p3":7},
    {"p1":20,
     "p2":21,
     "p3":58},
    {"p1":19,
     "p2":20,
     "p3":58},
    {"p1":19,
     "p2":58,
     "p3":93},
    {"p1":17,
     "p2":18,
     "p3":19},
    {"p1":17,
     "p2":19,
     "p3":93},
    {"p1":62,
     "p2":89,
     "p3":90},
    {"p1":61,
     "p2":90,
     "p3":91},
    {"p1":61,
     "p2":62,
     "p3":90},
    {"p1":11,
     "p2":12,
     "p3":96},
    {"p1":10,
     "p2":11,
     "p3":96},
    {"p1":59,
     "p2":91,
     "p3":92},
    {"p1":59,
     "p2":92,
     "p3":93},
    {"p1":12,
     "p2":95,
     "p3":96},
    {"p1":14,
     "p2":94,
     "p3":95},
    {"p1":14,
     "p2":93,
     "p3":94},
    {"p1":29,
     "p2":47,
     "p3":48},
    {"p1":28,
     "p2":29,
     "p3":48},
    {"p1":28,
     "p2":48,
     "p3":49},
    {"p1":30,
     "p2":46,
     "p3":47},
    {"p1":30,
     "p2":45,
     "p3":46},
    {"p1":70,
     "p2":71,
     "p3":79},
    {"p1":71,
     "p2":74,
     "p3":79},
    {"p1":76,
     "p2":77,
     "p3":78},
    {"p1":70,
     "p2":79,
     "p3":80},
    {"p1":24,
     "p2":25,
     "p3":58},
    {"p1":30,
     "p2":31,
     "p3":45},
    {"p1":31,
     "p2":44,
     "p3":45},
    {"p1":28,
     "p2":56,
     "p3":57},
    {"p1":28,
     "p2":49,
     "p3":55},
    {"p1":28,
     "p2":55,
     "p3":56},
    {"p1":49,
     "p2":54,
     "p3":55},
    {"p1":97,
     "p2":98,
     "p3":99},
    {"p1":96,
     "p2":97,
     "p3":99},
    {"p1":10,
     "p2":96,
     "p3":99},
    {"p1":10,
     "p2":99,
     "p3":100},
    {"p1":9,
     "p2":10,
     "p3":100},
    {"p1":14,
     "p2":15,
     "p3":93},
    {"p1":15,
     "p2":17,
     "p3":93},
    {"p1":15,
     "p2":16,
     "p3":17},
    {"p1":12,
     "p2":13,
     "p3":95},
    {"p1":13,
     "p2":14,
     "p3":95},
    {"p1":72,
     "p2":73,
     "p3":74},
    {"p1":71,
     "p2":72,
     "p3":74},
    {"p1":50,
     "p2":52,
     "p3":53},
    {"p1":50,
     "p2":51,
     "p3":52},
    {"p1":21,
     "p2":22,
     "p3":23},
    {"p1":21,
     "p2":23,
     "p3":58},
    {"p1":23,
     "p2":24,
     "p3":58},
    {"p1":31,
     "p2":32,
     "p3":44},
    {"p1":32,
     "p2":33,
     "p3":43},
    {"p1":32,
     "p2":43,
     "p3":44},
    {"p1":25,
     "p2":26,
     "p3":58},
    {"p1":26,
     "p2":57,
     "p3":58},
    {"p1":0,
     "p2":7,
     "p3":101},
    {"p1":68,
     "p2":80,
     "p3":81},
    {"p1":67,
     "p2":68,
     "p3":82},
    {"p1":68,
     "p2":81,
     "p3":82},
    {"p1":27,
     "p2":28,
     "p3":57},
    {"p1":26,
     "p2":27,
     "p3":57},
    {"p1":7,
     "p2":8,
     "p3":101},
    {"p1":8,
     "p2":9,
     "p3":100},
    {"p1":8,
     "p2":100,
     "p3":101},
    {"p1":69,
     "p2":70,
     "p3":80},
    {"p1":68,
     "p2":69,
     "p3":80},
    {"p1":62,
     "p2":63,
     "p3":88},
    {"p1":63,
     "p2":87,
     "p3":88},
    {"p1":62,
     "p2":88,
     "p3":89},
    {"p1":75,
     "p2":78,
     "p3":79},
    {"p1":75,
     "p2":76,
     "p3":78},
    {"p1":49,
     "p2":50,
     "p3":53},
    {"p1":49,
     "p2":53,
     "p3":54}]
}