{"points":[
    {"x":0.16667,
     "y":0.52632},
    {"x":0.15789,
     "y":0.55263},
    {"x":0.13158,
     "y":0.5614},
    {"x":0.10526,
     "y":0.57018},
    {"x":0.078947,
     "y":0.57018},
    {"x":0.061404,
     "y":0.59649},
    {"x":0.061404,
     "y":0.62281},
    {"x":0.070175,
     "y":0.64912},
    {"x":0.087719,
     "y":0.67544},
    {"x":0.11404,
     "y":0.68421},
    {"x":0.14035,
     "y":0.68421},
    {"x":0.16667,
     "y":0.68421},
    {"x":0.19298,
     "y":0.67544},
    {"x":0.20175,
     "y":0.64912},
    {"x":0.2193,
     "y":0.63158},
    {"x":0.24561,
     "y":0.64035},
    {"x":0.27193,
     "y":0.64035},
    {"x":0.29825,
     "y":0.64035},
    {"x":0.32456,
     "y":0.64035},
    {"x":0.35088,
     "y":0.62281},
    {"x":0.37719,
     "y":0.59649},
    {"x":0.40351,
     "y":0.57018},
    {"x":0.42105,
     "y":0.54386},
    {"x":0.44737,
     "y":0.51754},
    {"x":0.46491,
     "y":0.49123},
    {"x":0.49123,
     "y":0.47368},
    {"x":0.51754,
     "y":0.45614},
    {"x":0.53509,
     "y":0.42982},
    {"x":0.54386,
     "y":0.40351},
    {"x":0.54386,
     "y":0.37719},
    {"x":0.57018,
     "y":0.35088},
    {"x":0.58772,
     "y":0.32456},
    {"x":0.60526,
     "y":0.29825},
    {"x":0.62281,
     "y":0.27193},
    {"x":0.64912,
     "y":0.26316},
    {"x":0.67544,
     "y":0.26316},
    {"x":0.70175,
     "y":0.27193},
    {"x":0.72807,
     "y":0.28947},
    {"x":0.75439,
     "y":0.29825},
    {"x":0.7807,
     "y":0.29825},
    {"x":0.80702,
     "y":0.29825},
    {"x":0.83333,
     "y":0.31579},
    {"x":0.85965,
     "y":0.33333},
    {"x":0.88596,
     "y":0.34211},
    {"x":0.91228,
     "y":0.34211},
    {"x":0.9386,
     "y":0.32456},
    {"x":0.96491,
     "y":0.29825},
    {"x":0.99123,
     "y":0.2807},
    {"x":1,
     "y":0.25439},
    {"x":0.99123,
     "y":0.23684},
    {"x":0.96491,
     "y":0.23684},
    {"x":0.9386,
     "y":0.23684},
    {"x":0.91228,
     "y":0.22807},
    {"x":0.88596,
     "y":0.22807},
    {"x":0.85965,
     "y":0.21053},
    {"x":0.83333,
     "y":0.20175},
    {"x":0.80702,
     "y":0.19298},
    {"x":0.7807,
     "y":0.18421},
    {"x":0.75439,
     "y":0.17544},
    {"x":0.72807,
     "y":0.17544},
    {"x":0.70175,
     "y":0.17544},
    {"x":0.67544,
     "y":0.17544},
    {"x":0.64912,
     "y":0.17544},
    {"x":0.62281,
     "y":0.18421},
    {"x":0.59649,
     "y":0.19298},
    {"x":0.57018,
     "y":0.20175},
    {"x":0.54386,
     "y":0.21053},
    {"x":0.52632,
     "y":0.22807},
    {"x":0.50877,
     "y":0.25439},
    {"x":0.48246,
     "y":0.2807},
    {"x":0.46491,
     "y":0.30702},
    {"x":0.44737,
     "y":0.32456},
    {"x":0.42105,
     "y":0.31579},
    {"x":0.39474,
     "y":0.29825},
    {"x":0.36842,
     "y":0.29825},
    {"x":0.34211,
     "y":0.28947},
    {"x":0.31579,
     "y":0.2807},
    {"x":0.28947,
     "y":0.2807},
    {"x":0.26316,
     "y":0.27193},
    {"x":0.23684,
     "y":0.26316},
    {"x":0.2193,
     "y":0.23684},
    {"x":0.2193,
     "y":0.21053},
    {"x":0.20175,
     "y":0.18421},
    {"x":0.18421,
     "y":0.15789},
    {"x":0.15789,
     "y":0.13158},
    {"x":0.13158,
     "y":0.10526},
    {"x":0.12281,
     "y":0.078947},
    {"x":0.11404,
     "y":0.052632},
    {"x":0.10526,
     "y":0.026316},
    {"x":0.087719,
     "y":0},
    {"x":0.061404,
     "y":0},
    {"x":0.04386,
     "y":0.017544},
    {"x":0.017544,
     "y":0.04386},
    {"x":0,
     "y":0.070175},
    {"x":0.0087719,
     "y":0.096491},
    {"x":0.035088,
     "y":0.096491},
    {"x":0.061404,
     "y":0.096491},
    {"x":0.087719,
     "y":0.096491},
    {"x":0.10526,
     "y":0.12281},
    {"x":0.12281,
     "y":0.14912},
    {"x":0.14035,
     "y":0.17544},
    {"x":0.15789,
     "y":0.20175},
    {"x":0.16667,
     "y":0.22807},
    {"x":0.17544,
     "y":0.25439},
    {"x":0.19298,
     "y":0.2807},
    {"x":0.21053,
     "y":0.30702},
    {"x":0.23684,
     "y":0.32456},
    {"x":0.25439,
     "y":0.34211},
    {"x":0.2807,
     "y":0.35965},
    {"x":0.30702,
     "y":0.37719},
    {"x":0.33333,
     "y":0.38596},
    {"x":0.32456,
     "y":0.41228},
    {"x":0.30702,
     "y":0.4386},
    {"x":0.2807,
     "y":0.45614},
    {"x":0.25439,
     "y":0.46491},
    {"x":0.22807,
     "y":0.46491},
    {"x":0.20175,
     "y":0.47368},
    {"x":0.17544,
     "y":0.49123},
    {"x":0.16667,
     "y":0.51754},
    {"x":0.16667,
     "y":0.52632}],
 "triangles":[
    {"p1":35,
     "p2":36,
     "p3":60},
    {"p1":35,
     "p2":60,
     "p3":61},
    {"p1":45,
     "p2":51,
     "p3":52},
    {"p1":88,
     "p2":89,
     "p3":90},
    {"p1":88,
     "p2":90,
     "p3":91},
    {"p1":91,
     "p2":92,
     "p3":96},
    {"p1":7,
     "p2":8,
     "p3":9},
    {"p1":14,
     "p2":16,
     "p3":114},
    {"p1":1,
     "p2":13,
     "p3":14},
    {"p1":43,
     "p2":44,
     "p3":45},
    {"p1":36,
     "p2":58,
     "p3":59},
    {"p1":36,
     "p2":59,
     "p3":60},
    {"p1":38,
     "p2":39,
     "p3":57},
    {"p1":37,
     "p2":38,
     "p3":57},
    {"p1":37,
     "p2":57,
     "p3":58},
    {"p1":36,
     "p2":37,
     "p3":58},
    {"p1":45,
     "p2":46,
     "p3":51},
    {"p1":48,
     "p2":49,
     "p3":50},
    {"p1":47,
     "p2":48,
     "p3":50},
    {"p1":46,
     "p2":47,
     "p3":50},
    {"p1":46,
     "p2":50,
     "p3":51},
    {"p1":39,
     "p2":40,
     "p3":56},
    {"p1":39,
     "p2":56,
     "p3":57},
    {"p1":84,
     "p2":99,
     "p3":100},
    {"p1":82,
     "p2":101,
     "p3":102},
    {"p1":81,
     "p2":82,
     "p3":102},
    {"p1":80,
     "p2":102,
     "p3":103},
    {"p1":80,
     "p2":81,
     "p3":102},
    {"p1":83,
     "p2":84,
     "p3":100},
    {"p1":82,
     "p2":83,
     "p3":101},
    {"p1":83,
     "p2":100,
     "p3":101},
    {"p1":87,
     "p2":96,
     "p3":97},
    {"p1":86,
     "p2":87,
     "p3":97},
    {"p1":87,
     "p2":88,
     "p3":91},
    {"p1":87,
     "p2":91,
     "p3":96},
    {"p1":14,
     "p2":15,
     "p3":16},
    {"p1":79,
     "p2":104,
     "p3":105},
    {"p1":80,
     "p2":103,
     "p3":104},
    {"p1":79,
     "p2":80,
     "p3":104},
    {"p1":79,
     "p2":105,
     "p3":106},
    {"p1":1,
     "p2":2,
     "p3":13},
    {"p1":0,
     "p2":14,
     "p3":114},
    {"p1":0,
     "p2":1,
     "p3":14},
    {"p1":85,
     "p2":98,
     "p3":99},
    {"p1":84,
     "p2":85,
     "p3":99},
    {"p1":85,
     "p2":97,
     "p3":98},
    {"p1":85,
     "p2":86,
     "p3":97},
    {"p1":40,
     "p2":54,
     "p3":55},
    {"p1":40,
     "p2":55,
     "p3":56},
    {"p1":92,
     "p2":95,
     "p3":96},
    {"p1":92,
     "p2":93,
     "p3":95},
    {"p1":93,
     "p2":94,
     "p3":95},
    {"p1":11,
     "p2":12,
     "p3":13},
    {"p1":3,
     "p2":4,
     "p3":5},
    {"p1":3,
     "p2":7,
     "p3":9},
    {"p1":116,
     "p2":117,
     "p3":118},
    {"p1":0,
     "p2":116,
     "p3":118},
    {"p1":20,
     "p2":21,
     "p3":113},
    {"p1":21,
     "p2":112,
     "p3":113},
    {"p1":21,
     "p2":22,
     "p3":112},
    {"p1":16,
     "p2":17,
     "p3":114},
    {"p1":24,
     "p2":110,
     "p3":111},
    {"p1":30,
     "p2":31,
     "p3":69},
    {"p1":75,
     "p2":108,
     "p3":109},
    {"p1":75,
     "p2":109,
     "p3":110},
    {"p1":34,
     "p2":62,
     "p3":63},
    {"p1":41,
     "p2":42,
     "p3":53},
    {"p1":42,
     "p2":43,
     "p3":53},
    {"p1":43,
     "p2":45,
     "p3":53},
    {"p1":45,
     "p2":52,
     "p3":53},
    {"p1":40,
     "p2":53,
     "p3":54},
    {"p1":40,
     "p2":41,
     "p3":53},
    {"p1":2,
     "p2":10,
     "p3":13},
    {"p1":10,
     "p2":11,
     "p3":13},
    {"p1":3,
     "p2":9,
     "p3":10},
    {"p1":2,
     "p2":3,
     "p3":10},
    {"p1":0,
     "p2":114,
     "p3":115},
    {"p1":0,
     "p2":115,
     "p3":116},
    {"p1":3,
     "p2":6,
     "p3":7},
    {"p1":3,
     "p2":5,
     "p3":6},
    {"p1":19,
     "p2":20,
     "p3":113},
    {"p1":77,
     "p2":107,
     "p3":108},
    {"p1":77,
     "p2":106,
     "p3":107},
    {"p1":17,
     "p2":18,
     "p3":19},
    {"p1":23,
     "p2":24,
     "p3":111},
    {"p1":22,
     "p2":23,
     "p3":112},
    {"p1":23,
     "p2":111,
     "p3":112},
    {"p1":28,
     "p2":29,
     "p3":71},
    {"p1":27,
     "p2":28,
     "p3":71},
    {"p1":26,
     "p2":27,
     "p3":71},
    {"p1":25,
     "p2":26,
     "p3":71},
    {"p1":24,
     "p2":25,
     "p3":71},
    {"p1":24,
     "p2":71,
     "p3":110},
    {"p1":71,
     "p2":72,
     "p3":110},
    {"p1":75,
     "p2":76,
     "p3":108},
    {"p1":76,
     "p2":77,
     "p3":108},
    {"p1":78,
     "p2":79,
     "p3":106},
    {"p1":77,
     "p2":78,
     "p3":106},
    {"p1":31,
     "p2":68,
     "p3":69},
    {"p1":31,
     "p2":32,
     "p3":68},
    {"p1":74,
     "p2":75,
     "p3":110},
    {"p1":72,
     "p2":74,
     "p3":110},
    {"p1":72,
     "p2":73,
     "p3":74},
    {"p1":29,
     "p2":70,
     "p3":71},
    {"p1":29,
     "p2":30,
     "p3":70},
    {"p1":30,
     "p2":69,
     "p3":70},
    {"p1":32,
     "p2":67,
     "p3":68},
    {"p1":32,
     "p2":33,
     "p3":67},
    {"p1":33,
     "p2":66,
     "p3":67},
    {"p1":33,
     "p2":64,
     "p3":65},
    {"p1":33,
     "p2":65,
     "p3":66},
    {"p1":34,
     "p2":61,
     "p3":62},
    {"p1":34,
     "p2":35,
     "p3":61},
    {"p1":17,
     "p2":19,
     "p3":114},
    {"p1":19,
     "p2":113,
     "p3":114},
    {"p1":34,
     "p2":63,
     "p3":64},
    {"p1":33,
     "p2":34,
     "p3":64}]
}