{"points":[
    {"x":0.023256,
     "y":0.72093},
    {"x":0.011628,
     "y":0.75581},
    {"x":0,
     "y":0.7907},
    {"x":0.011628,
     "y":0.82558},
    {"x":0.023256,
     "y":0.86047},
    {"x":0.046512,
     "y":0.88372},
    {"x":0.081395,
     "y":0.89535},
    {"x":0.11628,
     "y":0.88372},
    {"x":0.15116,
     "y":0.84884},
    {"x":0.16279,
     "y":0.81395},
    {"x":0.18605,
     "y":0.7907},
    {"x":0.22093,
     "y":0.7907},
    {"x":0.25581,
     "y":0.7907},
    {"x":0.2907,
     "y":0.7907},
    {"x":0.32558,
     "y":0.7907},
    {"x":0.36047,
     "y":0.76744},
    {"x":0.39535,
     "y":0.75581},
    {"x":0.43023,
     "y":0.72093},
    {"x":0.46512,
     "y":0.69767},
    {"x":0.5,
     "y":0.67442},
    {"x":0.52326,
     "y":0.63953},
    {"x":0.55814,
     "y":0.61628},
    {"x":0.5814,
     "y":0.5814},
    {"x":0.59302,
     "y":0.54651},
    {"x":0.61628,
     "y":0.51163},
    {"x":0.61628,
     "y":0.47674},
    {"x":0.61628,
     "y":0.44186},
    {"x":0.61628,
     "y":0.40698},
    {"x":0.61628,
     "y":0.37209},
    {"x":0.62791,
     "y":0.33721},
    {"x":0.66279,
     "y":0.31395},
    {"x":0.69767,
     "y":0.34884},
    {"x":0.73256,
     "y":0.38372},
    {"x":0.75581,
     "y":0.4186},
    {"x":0.77907,
     "y":0.45349},
    {"x":0.80233,
     "y":0.48837},
    {"x":0.83721,
     "y":0.5},
    {"x":0.87209,
     "y":0.47674},
    {"x":0.90698,
     "y":0.45349},
    {"x":0.94186,
     "y":0.43023},
    {"x":0.97674,
     "y":0.4186},
    {"x":1,
     "y":0.39535},
    {"x":0.98837,
     "y":0.37209},
    {"x":0.95349,
     "y":0.37209},
    {"x":0.9186,
     "y":0.37209},
    {"x":0.88372,
     "y":0.36047},
    {"x":0.84884,
     "y":0.36047},
    {"x":0.81395,
     "y":0.36047},
    {"x":0.77907,
     "y":0.33721},
    {"x":0.74419,
     "y":0.31395},
    {"x":0.7093,
     "y":0.2907},
    {"x":0.68605,
     "y":0.25581},
    {"x":0.67442,
     "y":0.22093},
    {"x":0.63953,
     "y":0.2093},
    {"x":0.60465,
     "y":0.19767},
    {"x":0.56977,
     "y":0.22093},
    {"x":0.53488,
     "y":0.23256},
    {"x":0.52326,
     "y":0.26744},
    {"x":0.51163,
     "y":0.30233},
    {"x":0.5,
     "y":0.33721},
    {"x":0.48837,
     "y":0.37209},
    {"x":0.47674,
     "y":0.40698},
    {"x":0.46512,
     "y":0.44186},
    {"x":0.43023,
     "y":0.44186},
    {"x":0.39535,
     "y":0.43023},
    {"x":0.36047,
     "y":0.40698},
    {"x":0.32558,
     "y":0.40698},
    {"x":0.2907,
     "y":0.40698},
    {"x":0.25581,
     "y":0.40698},
    {"x":0.23256,
     "y":0.37209},
    {"x":0.23256,
     "y":0.33721},
    {"x":0.23256,
     "y":0.30233},
    {"x":0.23256,
     "y":0.26744},
    {"x":0.23256,
     "y":0.23256},
    {"x":0.23256,
     "y":0.19767},
    {"x":0.23256,
     "y":0.16279},
    {"x":0.25581,
     "y":0.12791},
    {"x":0.26744,
     "y":0.093023},
    {"x":0.26744,
     "y":0.05814},
    {"x":0.27907,
     "y":0.023256},
    {"x":0.25581,
     "y":0},
    {"x":0.22093,
     "y":0},
    {"x":0.18605,
     "y":0},
    {"x":0.15116,
     "y":0},
    {"x":0.11628,
     "y":0},
    {"x":0.10465,
     "y":0.023256},
    {"x":0.13953,
     "y":0.034884},
    {"x":0.16279,
     "y":0.069767},
    {"x":0.16279,
     "y":0.10465},
    {"x":0.16279,
     "y":0.13953},
    {"x":0.16279,
     "y":0.17442},
    {"x":0.16279,
     "y":0.2093},
    {"x":0.16279,
     "y":0.24419},
    {"x":0.16279,
     "y":0.27907},
    {"x":0.16279,
     "y":0.31395},
    {"x":0.16279,
     "y":0.34884},
    {"x":0.16279,
     "y":0.38372},
    {"x":0.17442,
     "y":0.4186},
    {"x":0.19767,
     "y":0.45349},
    {"x":0.23256,
     "y":0.47674},
    {"x":0.26744,
     "y":0.5},
    {"x":0.25581,
     "y":0.53488},
    {"x":0.22093,
     "y":0.54651},
    {"x":0.18605,
     "y":0.55814},
    {"x":0.15116,
     "y":0.56977},
    {"x":0.11628,
     "y":0.60465},
    {"x":0.093023,
     "y":0.63953},
    {"x":0.081395,
     "y":0.67442},
    {"x":0.05814,
     "y":0.69767},
    {"x":0.023256,
     "y":0.72093},
    {"x":0.023256,
     "y":0.72093}],
 "triangles":[
    {"p1":63,
     "p2":100,
     "p3":101},
    {"p1":4,
     "p2":5,
     "p3":7},
    {"p1":5,
     "p2":6,
     "p3":7},
    {"p1":40,
     "p2":41,
     "p3":42},
    {"p1":55,
     "p2":56,
     "p3":57},
    {"p1":53,
     "p2":54,
     "p3":55},
    {"p1":3,
     "p2":4,
     "p3":7},
    {"p1":3,
     "p2":7,
     "p3":8},
    {"p1":20,
     "p2":62,
     "p3":63},
    {"p1":20,
     "p2":21,
     "p3":62},
    {"p1":30,
     "p2":53,
     "p3":55},
    {"p1":21,
     "p2":22,
     "p3":62},
    {"p1":22,
     "p2":23,
     "p3":62},
    {"p1":23,
     "p2":25,
     "p3":62},
    {"p1":78,
     "p2":80,
     "p3":81},
    {"p1":78,
     "p2":79,
     "p3":80},
    {"p1":67,
     "p2":99,
     "p3":100},
    {"p1":11,
     "p2":12,
     "p3":103},
    {"p1":1,
     "p2":2,
     "p3":3},
    {"p1":17,
     "p2":18,
     "p3":101},
    {"p1":18,
     "p2":63,
     "p3":101},
    {"p1":18,
     "p2":20,
     "p3":63},
    {"p1":18,
     "p2":19,
     "p3":20},
    {"p1":40,
     "p2":42,
     "p3":43},
    {"p1":38,
     "p2":44,
     "p3":45},
    {"p1":29,
     "p2":57,
     "p3":58},
    {"p1":28,
     "p2":29,
     "p3":58},
    {"p1":29,
     "p2":55,
     "p3":57},
    {"p1":29,
     "p2":30,
     "p3":55},
    {"p1":51,
     "p2":52,
     "p3":53},
    {"p1":30,
     "p2":51,
     "p3":53},
    {"p1":31,
     "p2":49,
     "p3":50},
    {"p1":30,
     "p2":31,
     "p3":50},
    {"p1":30,
     "p2":50,
     "p3":51},
    {"p1":28,
     "p2":59,
     "p3":60},
    {"p1":28,
     "p2":58,
     "p3":59},
    {"p1":27,
     "p2":28,
     "p3":60},
    {"p1":27,
     "p2":60,
     "p3":61},
    {"p1":23,
     "p2":24,
     "p3":25},
    {"p1":81,
     "p2":82,
     "p3":87},
    {"p1":78,
     "p2":81,
     "p3":87},
    {"p1":77,
     "p2":78,
     "p3":87},
    {"p1":72,
     "p2":92,
     "p3":93},
    {"p1":74,
     "p2":90,
     "p3":91},
    {"p1":63,
     "p2":64,
     "p3":100},
    {"p1":67,
     "p2":68,
     "p3":99},
    {"p1":11,
     "p2":103,
     "p3":105},
    {"p1":10,
     "p2":11,
     "p3":105},
    {"p1":10,
     "p2":105,
     "p3":106},
    {"p1":12,
     "p2":102,
     "p3":103},
    {"p1":13,
     "p2":101,
     "p3":102},
    {"p1":12,
     "p2":13,
     "p3":102},
    {"p1":3,
     "p2":8,
     "p3":9},
    {"p1":1,
     "p2":3,
     "p3":9},
    {"p1":13,
     "p2":15,
     "p3":101},
    {"p1":15,
     "p2":17,
     "p3":101},
    {"p1":15,
     "p2":16,
     "p3":17},
    {"p1":13,
     "p2":14,
     "p3":15},
    {"p1":38,
     "p2":45,
     "p3":46},
    {"p1":37,
     "p2":38,
     "p3":46},
    {"p1":38,
     "p2":39,
     "p3":44},
    {"p1":39,
     "p2":40,
     "p3":43},
    {"p1":39,
     "p2":43,
     "p3":44},
    {"p1":71,
     "p2":93,
     "p3":94},
    {"p1":71,
     "p2":72,
     "p3":93},
    {"p1":31,
     "p2":32,
     "p3":49},
    {"p1":32,
     "p2":48,
     "p3":49},
    {"p1":26,
     "p2":27,
     "p3":61},
    {"p1":26,
     "p2":61,
     "p3":62},
    {"p1":25,
     "p2":26,
     "p3":62},
    {"p1":35,
     "p2":36,
     "p3":37},
    {"p1":33,
     "p2":34,
     "p3":47},
    {"p1":34,
     "p2":35,
     "p3":37},
    {"p1":34,
     "p2":46,
     "p3":47},
    {"p1":34,
     "p2":37,
     "p3":46},
    {"p1":82,
     "p2":83,
     "p3":86},
    {"p1":82,
     "p2":86,
     "p3":87},
    {"p1":83,
     "p2":84,
     "p3":86},
    {"p1":84,
     "p2":85,
     "p3":86},
    {"p1":76,
     "p2":77,
     "p3":88},
    {"p1":77,
     "p2":87,
     "p3":88},
    {"p1":73,
     "p2":91,
     "p3":92},
    {"p1":73,
     "p2":74,
     "p3":91},
    {"p1":72,
     "p2":73,
     "p3":92},
    {"p1":75,
     "p2":88,
     "p3":89},
    {"p1":75,
     "p2":76,
     "p3":88},
    {"p1":75,
     "p2":89,
     "p3":90},
    {"p1":74,
     "p2":75,
     "p3":90},
    {"p1":66,
     "p2":67,
     "p3":100},
    {"p1":64,
     "p2":66,
     "p3":100},
    {"p1":103,
     "p2":104,
     "p3":105},
    {"p1":9,
     "p2":10,
     "p3":108},
    {"p1":1,
     "p2":9,
     "p3":108},
    {"p1":70,
     "p2":94,
     "p3":95},
    {"p1":70,
     "p2":71,
     "p3":94},
    {"p1":64,
     "p2":65,
     "p3":66},
    {"p1":68,
     "p2":98,
     "p3":99},
    {"p1":10,
     "p2":106,
     "p3":107},
    {"p1":10,
     "p2":107,
     "p3":108},
    {"p1":0,
     "p2":1,
     "p3":108},
    {"p1":69,
     "p2":95,
     "p3":96},
    {"p1":69,
     "p2":70,
     "p3":95},
    {"p1":69,
     "p2":96,
     "p3":97},
    {"p1":68,
     "p2":97,
     "p3":98},
    {"p1":68,
     "p2":69,
     "p3":97},
    {"p1":32,
     "p2":33,
     "p3":47},
    {"p1":32,
     "p2":47,
     "p3":48}]
}