{"points":[
    {"x":0.20238,
     "y":0.70238},
    {"x":0.20238,
     "y":0.7381},
    {"x":0.17857,
     "y":0.7619},
    {"x":0.14286,
     "y":0.78571},
    {"x":0.10714,
     "y":0.82143},
    {"x":0.083333,
     "y":0.84524},
    {"x":0.071429,
     "y":0.88095},
    {"x":0.10714,
     "y":0.90476},
    {"x":0.14286,
     "y":0.90476},
    {"x":0.17857,
     "y":0.90476},
    {"x":0.21429,
     "y":0.88095},
    {"x":0.2381,
     "y":0.84524},
    {"x":0.27381,
     "y":0.83333},
    {"x":0.30952,
     "y":0.83333},
    {"x":0.34524,
     "y":0.83333},
    {"x":0.38095,
     "y":0.82143},
    {"x":0.41667,
     "y":0.80952},
    {"x":0.45238,
     "y":0.78571},
    {"x":0.4881,
     "y":0.77381},
    {"x":0.5119,
     "y":0.75},
    {"x":0.54762,
     "y":0.71429},
    {"x":0.57143,
     "y":0.67857},
    {"x":0.58333,
     "y":0.64286},
    {"x":0.59524,
     "y":0.60714},
    {"x":0.63095,
     "y":0.59524},
    {"x":0.65476,
     "y":0.57143},
    {"x":0.66667,
     "y":0.53571},
    {"x":0.66667,
     "y":0.5},
    {"x":0.66667,
     "y":0.46429},
    {"x":0.66667,
     "y":0.42857},
    {"x":0.66667,
     "y":0.39286},
    {"x":0.66667,
     "y":0.35714},
    {"x":0.66667,
     "y":0.32143},
    {"x":0.69048,
     "y":0.29762},
    {"x":0.72619,
     "y":0.28571},
    {"x":0.7619,
     "y":0.27381},
    {"x":0.79762,
     "y":0.25},
    {"x":0.83333,
     "y":0.25},
    {"x":0.86905,
     "y":0.25},
    {"x":0.90476,
     "y":0.2381},
    {"x":0.94048,
     "y":0.21429},
    {"x":0.97619,
     "y":0.17857},
    {"x":0.9881,
     "y":0.14286},
    {"x":1,
     "y":0.10714},
    {"x":1,
     "y":0.071429},
    {"x":0.97619,
     "y":0.047619},
    {"x":0.94048,
     "y":0.059524},
    {"x":0.90476,
     "y":0.083333},
    {"x":0.86905,
     "y":0.10714},
    {"x":0.83333,
     "y":0.13095},
    {"x":0.79762,
     "y":0.16667},
    {"x":0.7619,
     "y":0.19048},
    {"x":0.72619,
     "y":0.21429},
    {"x":0.69048,
     "y":0.2381},
    {"x":0.65476,
     "y":0.25},
    {"x":0.61905,
     "y":0.2619},
    {"x":0.58333,
     "y":0.28571},
    {"x":0.55952,
     "y":0.32143},
    {"x":0.54762,
     "y":0.35714},
    {"x":0.53571,
     "y":0.39286},
    {"x":0.54762,
     "y":0.42857},
    {"x":0.5119,
     "y":0.44048},
    {"x":0.47619,
     "y":0.42857},
    {"x":0.44048,
     "y":0.42857},
    {"x":0.40476,
     "y":0.42857},
    {"x":0.36905,
     "y":0.40476},
    {"x":0.33333,
     "y":0.39286},
    {"x":0.29762,
     "y":0.38095},
    {"x":0.27381,
     "y":0.34524},
    {"x":0.27381,
     "y":0.30952},
    {"x":0.2619,
     "y":0.27381},
    {"x":0.2619,
     "y":0.2381},
    {"x":0.25,
     "y":0.20238},
    {"x":0.2381,
     "y":0.16667},
    {"x":0.22619,
     "y":0.13095},
    {"x":0.20238,
     "y":0.095238},
    {"x":0.16667,
     "y":0.059524},
    {"x":0.16667,
     "y":0.02381},
    {"x":0.13095,
     "y":0},
    {"x":0.095238,
     "y":0.011905},
    {"x":0.059524,
     "y":0.047619},
    {"x":0.02381,
     "y":0.071429},
    {"x":0,
     "y":0.095238},
    {"x":0.035714,
     "y":0.10714},
    {"x":0.071429,
     "y":0.10714},
    {"x":0.10714,
     "y":0.11905},
    {"x":0.14286,
     "y":0.14286},
    {"x":0.15476,
     "y":0.17857},
    {"x":0.16667,
     "y":0.21429},
    {"x":0.17857,
     "y":0.25},
    {"x":0.19048,
     "y":0.28571},
    {"x":0.20238,
     "y":0.32143},
    {"x":0.20238,
     "y":0.35714},
    {"x":0.22619,
     "y":0.39286},
    {"x":0.25,
     "y":0.42857},
    {"x":0.28571,
     "y":0.45238},
    {"x":0.32143,
     "y":0.47619},
    {"x":0.35714,
     "y":0.5},
    {"x":0.38095,
     "y":0.52381},
    {"x":0.38095,
     "y":0.55952},
    {"x":0.36905,
     "y":0.59524},
    {"x":0.33333,
     "y":0.63095},
    {"x":0.29762,
     "y":0.65476},
    {"x":0.2619,
     "y":0.66667},
    {"x":0.22619,
     "y":0.67857},
    {"x":0.20238,
     "y":0.70238}],
 "triangles":[
    {"p1":76,
     "p2":78,
     "p3":79},
    {"p1":43,
     "p2":44,
     "p3":46},
    {"p1":42,
     "p2":43,
     "p3":46},
    {"p1":19,
     "p2":20,
     "p3":100},
    {"p1":5,
     "p2":6,
     "p3":7},
    {"p1":4,
     "p2":8,
     "p3":9},
    {"p1":76,
     "p2":77,
     "p3":78},
    {"p1":80,
     "p2":81,
     "p3":84},
    {"p1":76,
     "p2":85,
     "p3":86},
    {"p1":80,
     "p2":84,
     "p3":85},
    {"p1":81,
     "p2":82,
     "p3":83},
    {"p1":81,
     "p2":83,
     "p3":84},
    {"p1":44,
     "p2":45,
     "p3":46},
    {"p1":42,
     "p2":46,
     "p3":47},
    {"p1":1,
     "p2":12,
     "p3":103},
    {"p1":1,
     "p2":11,
     "p3":12},
    {"p1":17,
     "p2":19,
     "p3":100},
    {"p1":17,
     "p2":18,
     "p3":19},
    {"p1":17,
     "p2":100,
     "p3":101},
    {"p1":75,
     "p2":76,
     "p3":86},
    {"p1":0,
     "p2":1,
     "p3":104},
    {"p1":1,
     "p2":103,
     "p3":104},
    {"p1":37,
     "p2":38,
     "p3":50},
    {"p1":3,
     "p2":10,
     "p3":11},
    {"p1":3,
     "p2":4,
     "p3":10},
    {"p1":4,
     "p2":9,
     "p3":10},
    {"p1":2,
     "p2":3,
     "p3":11},
    {"p1":1,
     "p2":2,
     "p3":11},
    {"p1":23,
     "p2":26,
     "p3":27},
    {"p1":20,
     "p2":21,
     "p3":100},
    {"p1":21,
     "p2":22,
     "p3":100},
    {"p1":23,
     "p2":61,
     "p3":99},
    {"p1":22,
     "p2":99,
     "p3":100},
    {"p1":22,
     "p2":23,
     "p3":99},
    {"p1":16,
     "p2":101,
     "p3":102},
    {"p1":16,
     "p2":17,
     "p3":101},
    {"p1":72,
     "p2":88,
     "p3":89},
    {"p1":72,
     "p2":73,
     "p3":88},
    {"p1":73,
     "p2":87,
     "p3":88},
    {"p1":70,
     "p2":90,
     "p3":91},
    {"p1":69,
     "p2":70,
     "p3":91},
    {"p1":68,
     "p2":92,
     "p3":93},
    {"p1":68,
     "p2":91,
     "p3":92},
    {"p1":68,
     "p2":69,
     "p3":91},
    {"p1":31,
     "p2":57,
     "p3":58},
    {"p1":30,
     "p2":31,
     "p3":58},
    {"p1":38,
     "p2":49,
     "p3":50},
    {"p1":33,
     "p2":53,
     "p3":54},
    {"p1":40,
     "p2":41,
     "p3":48},
    {"p1":41,
     "p2":47,
     "p3":48},
    {"p1":41,
     "p2":42,
     "p3":47},
    {"p1":61,
     "p2":98,
     "p3":99},
    {"p1":74,
     "p2":75,
     "p3":86},
    {"p1":74,
     "p2":86,
     "p3":87},
    {"p1":73,
     "p2":74,
     "p3":87},
    {"p1":71,
     "p2":89,
     "p3":90},
    {"p1":70,
     "p2":71,
     "p3":90},
    {"p1":71,
     "p2":72,
     "p3":89},
    {"p1":29,
     "p2":30,
     "p3":60},
    {"p1":28,
     "p2":29,
     "p3":60},
    {"p1":58,
     "p2":59,
     "p3":60},
    {"p1":30,
     "p2":58,
     "p3":60},
    {"p1":27,
     "p2":28,
     "p3":60},
    {"p1":23,
     "p2":27,
     "p3":60},
    {"p1":23,
     "p2":60,
     "p3":61},
    {"p1":38,
     "p2":39,
     "p3":49},
    {"p1":36,
     "p2":51,
     "p3":52},
    {"p1":36,
     "p2":37,
     "p3":50},
    {"p1":36,
     "p2":50,
     "p3":51},
    {"p1":34,
     "p2":52,
     "p3":53},
    {"p1":33,
     "p2":34,
     "p3":53},
    {"p1":32,
     "p2":55,
     "p3":56},
    {"p1":32,
     "p2":54,
     "p3":55},
    {"p1":32,
     "p2":33,
     "p3":54},
    {"p1":31,
     "p2":32,
     "p3":57},
    {"p1":32,
     "p2":56,
     "p3":57},
    {"p1":13,
     "p2":14,
     "p3":102},
    {"p1":12,
     "p2":13,
     "p3":103},
    {"p1":13,
     "p2":102,
     "p3":103},
    {"p1":15,
     "p2":16,
     "p3":102},
    {"p1":14,
     "p2":15,
     "p3":102},
    {"p1":66,
     "p2":95,
     "p3":96},
    {"p1":65,
     "p2":66,
     "p3":96},
    {"p1":35,
     "p2":36,
     "p3":52},
    {"p1":34,
     "p2":35,
     "p3":52},
    {"p1":67,
     "p2":93,
     "p3":94},
    {"p1":67,
     "p2":68,
     "p3":93},
    {"p1":67,
     "p2":94,
     "p3":95},
    {"p1":66,
     "p2":67,
     "p3":95},
    {"p1":61,
     "p2":62,
     "p3":98},
    {"p1":62,
     "p2":63,
     "p3":98},
    {"p1":64,
     "p2":97,
     "p3":98},
    {"p1":63,
     "p2":64,
     "p3":98},
    {"p1":4,
     "p2":5,
     "p3":8},
    {"p1":5,
     "p2":7,
     "p3":8},
    {"p1":79,
     "p2":80,
     "p3":85},
    {"p1":76,
     "p2":79,
     "p3":85},
    {"p1":24,
     "p2":25,
     "p3":26},
    {"p1":23,
     "p2":24,
     "p3":26},
    {"p1":39,
     "p2":48,
     "p3":49},
    {"p1":39,
     "p2":40,
     "p3":48},
    {"p1":64,
     "p2":65,
     "p3":96},
    {"p1":64,
     "p2":96,
     "p3":97}]
}