{"points":[
    {"x":0.12162,
     "y":0.81081},
    {"x":0.094595,
     "y":0.82432},
    {"x":0.067568,
     "y":0.85135},
    {"x":0.040541,
     "y":0.86486},
    {"x":0.013514,
     "y":0.87838},
    {"x":0,
     "y":0.90541},
    {"x":0,
     "y":0.93243},
    {"x":0.013514,
     "y":0.95946},
    {"x":0.027027,
     "y":0.98649},
    {"x":0.054054,
     "y":1},
    {"x":0.081081,
     "y":1},
    {"x":0.10811,
     "y":1},
    {"x":0.13514,
     "y":0.98649},
    {"x":0.16216,
     "y":0.98649},
    {"x":0.18919,
     "y":0.95946},
    {"x":0.2027,
     "y":0.93243},
    {"x":0.22973,
     "y":0.90541},
    {"x":0.25676,
     "y":0.89189},
    {"x":0.28378,
     "y":0.89189},
    {"x":0.31081,
     "y":0.89189},
    {"x":0.33784,
     "y":0.89189},
    {"x":0.36486,
     "y":0.89189},
    {"x":0.39189,
     "y":0.87838},
    {"x":0.41892,
     "y":0.87838},
    {"x":0.44595,
     "y":0.87838},
    {"x":0.47297,
     "y":0.86486},
    {"x":0.5,
     "y":0.85135},
    {"x":0.52703,
     "y":0.83784},
    {"x":0.55405,
     "y":0.82432},
    {"x":0.58108,
     "y":0.81081},
    {"x":0.60811,
     "y":0.78378},
    {"x":0.63514,
     "y":0.75676},
    {"x":0.64865,
     "y":0.72973},
    {"x":0.67568,
     "y":0.7027},
    {"x":0.68919,
     "y":0.68919},
    {"x":0.7027,
     "y":0.66216},
    {"x":0.7027,
     "y":0.63514},
    {"x":0.68919,
     "y":0.60811},
    {"x":0.68919,
     "y":0.58108},
    {"x":0.68919,
     "y":0.55405},
    {"x":0.66216,
     "y":0.52703},
    {"x":0.63514,
     "y":0.5},
    {"x":0.62162,
     "y":0.47297},
    {"x":0.62162,
     "y":0.44595},
    {"x":0.62162,
     "y":0.41892},
    {"x":0.62162,
     "y":0.39189},
    {"x":0.62162,
     "y":0.36486},
    {"x":0.63514,
     "y":0.33784},
    {"x":0.66216,
     "y":0.31081},
    {"x":0.68919,
     "y":0.2973},
    {"x":0.71622,
     "y":0.27027},
    {"x":0.74324,
     "y":0.27027},
    {"x":0.77027,
     "y":0.25676},
    {"x":0.78378,
     "y":0.22973},
    {"x":0.81081,
     "y":0.2027},
    {"x":0.83784,
     "y":0.17568},
    {"x":0.86486,
     "y":0.17568},
    {"x":0.89189,
     "y":0.16216},
    {"x":0.90541,
     "y":0.13514},
    {"x":0.90541,
     "y":0.10811},
    {"x":0.90541,
     "y":0.081081},
    {"x":0.90541,
     "y":0.054054},
    {"x":0.90541,
     "y":0.027027},
    {"x":0.89189,
     "y":0},
    {"x":0.86486,
     "y":0},
    {"x":0.85135,
     "y":0.027027},
    {"x":0.85135,
     "y":0.054054},
    {"x":0.82432,
     "y":0.081081},
    {"x":0.81081,
     "y":0.10811},
    {"x":0.7973,
     "y":0.13514},
    {"x":0.77027,
     "y":0.16216},
    {"x":0.74324,
     "y":0.17568},
    {"x":0.71622,
     "y":0.18919},
    {"x":0.68919,
     "y":0.2027},
    {"x":0.66216,
     "y":0.21622},
    {"x":0.63514,
     "y":0.22973},
    {"x":0.60811,
     "y":0.24324},
    {"x":0.58108,
     "y":0.24324},
    {"x":0.55405,
     "y":0.25676},
    {"x":0.52703,
     "y":0.28378},
    {"x":0.52703,
     "y":0.31081},
    {"x":0.52703,
     "y":0.33784},
    {"x":0.52703,
     "y":0.36486},
    {"x":0.52703,
     "y":0.39189},
    {"x":0.52703,
     "y":0.41892},
    {"x":0.52703,
     "y":0.44595},
    {"x":0.52703,
     "y":0.47297},
    {"x":0.52703,
     "y":0.5},
    {"x":0.52703,
     "y":0.52703},
    {"x":0.5,
     "y":0.52703},
    {"x":0.47297,
     "y":0.52703},
    {"x":0.44595,
     "y":0.51351},
    {"x":0.41892,
     "y":0.51351},
    {"x":0.39189,
     "y":0.5},
    {"x":0.36486,
     "y":0.48649},
    {"x":0.33784,
     "y":0.47297},
    {"x":0.31081,
     "y":0.44595},
    {"x":0.32432,
     "y":0.41892},
    {"x":0.35135,
     "y":0.39189},
    {"x":0.36486,
     "y":0.36486},
    {"x":0.37838,
     "y":0.33784},
    {"x":0.39189,
     "y":0.31081},
    {"x":0.39189,
     "y":0.28378},
    {"x":0.40541,
     "y":0.25676},
    {"x":0.41892,
     "y":0.22973},
    {"x":0.43243,
     "y":0.2027},
    {"x":0.44595,
     "y":0.17568},
    {"x":0.47297,
     "y":0.14865},
    {"x":0.47297,
     "y":0.12162},
    {"x":0.45946,
     "y":0.10811},
    {"x":0.43243,
     "y":0.094595},
    {"x":0.40541,
     "y":0.094595},
    {"x":0.37838,
     "y":0.081081},
    {"x":0.35135,
     "y":0.081081},
    {"x":0.32432,
     "y":0.067568},
    {"x":0.2973,
     "y":0.067568},
    {"x":0.31081,
     "y":0.094595},
    {"x":0.32432,
     "y":0.12162},
    {"x":0.33784,
     "y":0.14865},
    {"x":0.33784,
     "y":0.17568},
    {"x":0.33784,
     "y":0.2027},
    {"x":0.33784,
     "y":0.22973},
    {"x":0.33784,
     "y":0.25676},
    {"x":0.32432,
     "y":0.28378},
    {"x":0.31081,
     "y":0.31081},
    {"x":0.28378,
     "y":0.33784},
    {"x":0.25676,
     "y":0.36486},
    {"x":0.24324,
     "y":0.39189},
    {"x":0.24324,
     "y":0.41892},
    {"x":0.24324,
     "y":0.44595},
    {"x":0.25676,
     "y":0.47297},
    {"x":0.27027,
     "y":0.5},
    {"x":0.2973,
     "y":0.52703},
    {"x":0.31081,
     "y":0.55405},
    {"x":0.33784,
     "y":0.58108},
    {"x":0.36486,
     "y":0.59459},
    {"x":0.37838,
     "y":0.62162},
    {"x":0.37838,
     "y":0.64865},
    {"x":0.35135,
     "y":0.67568},
    {"x":0.32432,
     "y":0.68919},
    {"x":0.2973,
     "y":0.7027},
    {"x":0.27027,
     "y":0.71622},
    {"x":0.24324,
     "y":0.72973},
    {"x":0.21622,
     "y":0.74324},
    {"x":0.18919,
     "y":0.77027},
    {"x":0.16216,
     "y":0.78378},
    {"x":0.13514,
     "y":0.7973},
    {"x":0.12162,
     "y":0.81081}],
 "triangles":[
    {"p1":7,
     "p2":8,
     "p3":9},
    {"p1":7,
     "p2":9,
     "p3":10},
    {"p1":30,
     "p2":31,
     "p3":32},
    {"p1":1,
     "p2":2,
     "p3":15},
    {"p1":20,
     "p2":140,
     "p3":141},
    {"p1":112,
     "p2":113,
     "p3":118},
    {"p1":111,
     "p2":112,
     "p3":118},
    {"p1":60,
     "p2":61,
     "p3":66},
    {"p1":55,
     "p2":68,
     "p3":69},
    {"p1":58,
     "p2":59,
     "p3":68},
    {"p1":59,
     "p2":67,
     "p3":68},
    {"p1":0,
     "p2":1,
     "p3":15},
    {"p1":10,
     "p2":11,
     "p3":12},
    {"p1":2,
     "p2":10,
     "p3":12},
    {"p1":12,
     "p2":13,
     "p3":14},
    {"p1":12,
     "p2":14,
     "p3":15},
    {"p1":2,
     "p2":12,
     "p3":15},
    {"p1":3,
     "p2":7,
     "p3":10},
    {"p1":2,
     "p2":3,
     "p3":10},
    {"p1":3,
     "p2":6,
     "p3":7},
    {"p1":3,
     "p2":5,
     "p3":6},
    {"p1":3,
     "p2":4,
     "p3":5},
    {"p1":19,
     "p2":20,
     "p3":141},
    {"p1":18,
     "p2":19,
     "p3":141},
    {"p1":28,
     "p2":29,
     "p3":30},
    {"p1":25,
     "p2":26,
     "p3":138},
    {"p1":20,
     "p2":22,
     "p3":140},
    {"p1":22,
     "p2":139,
     "p3":140},
    {"p1":22,
     "p2":138,
     "p3":139},
    {"p1":47,
     "p2":48,
     "p3":76},
    {"p1":47,
     "p2":77,
     "p3":78},
    {"p1":47,
     "p2":76,
     "p3":77},
    {"p1":55,
     "p2":56,
     "p3":68},
    {"p1":56,
     "p2":57,
     "p3":58},
    {"p1":56,
     "p2":58,
     "p3":68},
    {"p1":17,
     "p2":143,
     "p3":144},
    {"p1":20,
     "p2":21,
     "p3":22},
    {"p1":23,
     "p2":25,
     "p3":138},
    {"p1":22,
     "p2":23,
     "p3":138},
    {"p1":23,
     "p2":24,
     "p3":25},
    {"p1":106,
     "p2":109,
     "p3":110},
    {"p1":106,
     "p2":110,
     "p3":111},
    {"p1":106,
     "p2":111,
     "p3":118},
    {"p1":94,
     "p2":133,
     "p3":134},
    {"p1":18,
     "p2":141,
     "p3":142},
    {"p1":17,
     "p2":142,
     "p3":143},
    {"p1":17,
     "p2":18,
     "p3":142},
    {"p1":93,
     "p2":94,
     "p3":134},
    {"p1":94,
     "p2":132,
     "p3":133},
    {"p1":96,
     "p2":130,
     "p3":131},
    {"p1":96,
     "p2":129,
     "p3":130},
    {"p1":48,
     "p2":75,
     "p3":76},
    {"p1":49,
     "p2":74,
     "p3":75},
    {"p1":48,
     "p2":49,
     "p3":75},
    {"p1":49,
     "p2":50,
     "p3":74},
    {"p1":50,
     "p2":73,
     "p3":74},
    {"p1":50,
     "p2":72,
     "p3":73},
    {"p1":16,
     "p2":144,
     "p3":145},
    {"p1":16,
     "p2":17,
     "p3":144},
    {"p1":0,
     "p2":16,
     "p3":146},
    {"p1":0,
     "p2":15,
     "p3":16},
    {"p1":16,
     "p2":145,
     "p3":146},
    {"p1":41,
     "p2":42,
     "p3":87},
    {"p1":41,
     "p2":87,
     "p3":88},
    {"p1":107,
     "p2":108,
     "p3":109},
    {"p1":106,
     "p2":107,
     "p3":109},
    {"p1":94,
     "p2":95,
     "p3":132},
    {"p1":95,
     "p2":131,
     "p3":132},
    {"p1":95,
     "p2":96,
     "p3":131},
    {"p1":33,
     "p2":34,
     "p3":37},
    {"p1":32,
     "p2":33,
     "p3":37},
    {"p1":32,
     "p2":37,
     "p3":88},
    {"p1":51,
     "p2":52,
     "p3":72},
    {"p1":50,
     "p2":51,
     "p3":72},
    {"p1":53,
     "p2":70,
     "p3":71},
    {"p1":53,
     "p2":54,
     "p3":70},
    {"p1":53,
     "p2":71,
     "p3":72},
    {"p1":52,
     "p2":53,
     "p3":72},
    {"p1":42,
     "p2":86,
     "p3":87},
    {"p1":47,
     "p2":78,
     "p3":80},
    {"p1":93,
     "p2":134,
     "p3":135},
    {"p1":27,
     "p2":28,
     "p3":137},
    {"p1":28,
     "p2":30,
     "p3":137},
    {"p1":26,
     "p2":27,
     "p3":137},
    {"p1":26,
     "p2":137,
     "p3":138},
    {"p1":30,
     "p2":32,
     "p3":137},
    {"p1":32,
     "p2":88,
     "p3":137},
    {"p1":88,
     "p2":89,
     "p3":137},
    {"p1":96,
     "p2":128,
     "p3":129},
    {"p1":46,
     "p2":81,
     "p3":82},
    {"p1":46,
     "p2":47,
     "p3":81},
    {"p1":47,
     "p2":80,
     "p3":81},
    {"p1":78,
     "p2":79,
     "p3":80},
    {"p1":92,
     "p2":93,
     "p3":135},
    {"p1":90,
     "p2":92,
     "p3":136},
    {"p1":90,
     "p2":91,
     "p3":92},
    {"p1":92,
     "p2":135,
     "p3":136},
    {"p1":114,
     "p2":115,
     "p3":116},
    {"p1":113,
     "p2":114,
     "p3":116},
    {"p1":103,
     "p2":104,
     "p3":121},
    {"p1":96,
     "p2":97,
     "p3":128},
    {"p1":97,
     "p2":127,
     "p3":128},
    {"p1":40,
     "p2":41,
     "p3":88},
    {"p1":38,
     "p2":39,
     "p3":40},
    {"p1":100,
     "p2":101,
     "p3":123},
    {"p1":101,
     "p2":102,
     "p3":123},
    {"p1":113,
     "p2":117,
     "p3":118},
    {"p1":113,
     "p2":116,
     "p3":117},
    {"p1":104,
     "p2":105,
     "p3":120},
    {"p1":104,
     "p2":120,
     "p3":121},
    {"p1":97,
     "p2":126,
     "p3":127},
    {"p1":97,
     "p2":125,
     "p3":126},
    {"p1":98,
     "p2":99,
     "p3":125},
    {"p1":97,
     "p2":98,
     "p3":125},
    {"p1":102,
     "p2":122,
     "p3":123},
    {"p1":102,
     "p2":103,
     "p3":122},
    {"p1":103,
     "p2":121,
     "p3":122},
    {"p1":99,
     "p2":124,
     "p3":125},
    {"p1":99,
     "p2":100,
     "p3":124},
    {"p1":100,
     "p2":123,
     "p3":124},
    {"p1":105,
     "p2":119,
     "p3":120},
    {"p1":106,
     "p2":118,
     "p3":119},
    {"p1":105,
     "p2":106,
     "p3":119},
    {"p1":63,
     "p2":64,
     "p3":65},
    {"p1":62,
     "p2":63,
     "p3":65},
    {"p1":59,
     "p2":60,
     "p3":66},
    {"p1":59,
     "p2":66,
     "p3":67},
    {"p1":61,
     "p2":62,
     "p3":66},
    {"p1":62,
     "p2":65,
     "p3":66},
    {"p1":54,
     "p2":69,
     "p3":70},
    {"p1":54,
     "p2":55,
     "p3":69},
    {"p1":35,
     "p2":36,
     "p3":37},
    {"p1":34,
     "p2":35,
     "p3":37},
    {"p1":89,
     "p2":90,
     "p3":137},
    {"p1":90,
     "p2":136,
     "p3":137},
    {"p1":42,
     "p2":85,
     "p3":86},
    {"p1":42,
     "p2":43,
     "p3":85},
    {"p1":37,
     "p2":38,
     "p3":40},
    {"p1":37,
     "p2":40,
     "p3":88},
    {"p1":43,
     "p2":84,
     "p3":85},
    {"p1":43,
     "p2":44,
     "p3":84},
    {"p1":46,
     "p2":82,
     "p3":83},
    {"p1":45,
     "p2":46,
     "p3":83},
    {"p1":44,
     "p2":83,
     "p3":84},
    {"p1":44,
     "p2":45,
     "p3":83}]
}