{"points":[
    {"x":0.09901,
     "y":0.59406},
    {"x":0.079208,
     "y":0.61386},
    {"x":0.049505,
     "y":0.62376},
    {"x":0.019802,
     "y":0.63366},
    {"x":0,
     "y":0.66337},
    {"x":0,
     "y":0.69307},
    {"x":0.019802,
     "y":0.72277},
    {"x":0.039604,
     "y":0.74257},
    {"x":0.069307,
     "y":0.74257},
    {"x":0.09901,
     "y":0.73267},
    {"x":0.12871,
     "y":0.71287},
    {"x":0.15842,
     "y":0.68317},
    {"x":0.18812,
     "y":0.68317},
    {"x":0.21782,
     "y":0.69307},
    {"x":0.24752,
     "y":0.69307},
    {"x":0.27723,
     "y":0.68317},
    {"x":0.30693,
     "y":0.67327},
    {"x":0.33663,
     "y":0.65347},
    {"x":0.36634,
     "y":0.63366},
    {"x":0.39604,
     "y":0.60396},
    {"x":0.42574,
     "y":0.57426},
    {"x":0.44554,
     "y":0.54455},
    {"x":0.47525,
     "y":0.51485},
    {"x":0.50495,
     "y":0.48515},
    {"x":0.53465,
     "y":0.45545},
    {"x":0.54455,
     "y":0.42574},
    {"x":0.55446,
     "y":0.39604},
    {"x":0.58416,
     "y":0.36634},
    {"x":0.59406,
     "y":0.33663},
    {"x":0.59406,
     "y":0.30693},
    {"x":0.60396,
     "y":0.27723},
    {"x":0.63366,
     "y":0.27723},
    {"x":0.66337,
     "y":0.29703},
    {"x":0.69307,
     "y":0.31683},
    {"x":0.72277,
     "y":0.32673},
    {"x":0.75248,
     "y":0.34653},
    {"x":0.78218,
     "y":0.36634},
    {"x":0.80198,
     "y":0.39604},
    {"x":0.82178,
     "y":0.42574},
    {"x":0.85149,
     "y":0.43564},
    {"x":0.88119,
     "y":0.41584},
    {"x":0.91089,
     "y":0.38614},
    {"x":0.94059,
     "y":0.36634},
    {"x":0.9703,
     "y":0.33663},
    {"x":1,
     "y":0.31683},
    {"x":0.9802,
     "y":0.29703},
    {"x":0.9505,
     "y":0.29703},
    {"x":0.92079,
     "y":0.29703},
    {"x":0.89109,
     "y":0.29703},
    {"x":0.86139,
     "y":0.29703},
    {"x":0.83168,
     "y":0.28713},
    {"x":0.80198,
     "y":0.28713},
    {"x":0.77228,
     "y":0.27723},
    {"x":0.74257,
     "y":0.25743},
    {"x":0.72277,
     "y":0.22772},
    {"x":0.70297,
     "y":0.19802},
    {"x":0.67327,
     "y":0.17822},
    {"x":0.64356,
     "y":0.16832},
    {"x":0.61386,
     "y":0.16832},
    {"x":0.58416,
     "y":0.17822},
    {"x":0.55446,
     "y":0.19802},
    {"x":0.52475,
     "y":0.21782},
    {"x":0.49505,
     "y":0.24752},
    {"x":0.46535,
     "y":0.26733},
    {"x":0.43564,
     "y":0.29703},
    {"x":0.42574,
     "y":0.32673},
    {"x":0.41584,
     "y":0.35644},
    {"x":0.38614,
     "y":0.36634},
    {"x":0.35644,
     "y":0.34653},
    {"x":0.32673,
     "y":0.33663},
    {"x":0.29703,
     "y":0.31683},
    {"x":0.26733,
     "y":0.30693},
    {"x":0.23762,
     "y":0.29703},
    {"x":0.20792,
     "y":0.29703},
    {"x":0.18812,
     "y":0.27723},
    {"x":0.18812,
     "y":0.24752},
    {"x":0.16832,
     "y":0.21782},
    {"x":0.15842,
     "y":0.18812},
    {"x":0.13861,
     "y":0.15842},
    {"x":0.10891,
     "y":0.12871},
    {"x":0.09901,
     "y":0.09901},
    {"x":0.09901,
     "y":0.069307},
    {"x":0.09901,
     "y":0.039604},
    {"x":0.089109,
     "y":0.009901},
    {"x":0.059406,
     "y":0},
    {"x":0.029703,
     "y":0},
    {"x":0,
     "y":0},
    {"x":0,
     "y":0.019802},
    {"x":0.029703,
     "y":0.039604},
    {"x":0.049505,
     "y":0.069307},
    {"x":0.059406,
     "y":0.09901},
    {"x":0.069307,
     "y":0.12871},
    {"x":0.079208,
     "y":0.15842},
    {"x":0.09901,
     "y":0.18812},
    {"x":0.10891,
     "y":0.21782},
    {"x":0.11881,
     "y":0.24752},
    {"x":0.12871,
     "y":0.27723},
    {"x":0.13861,
     "y":0.30693},
    {"x":0.16832,
     "y":0.32673},
    {"x":0.19802,
     "y":0.35644},
    {"x":0.22772,
     "y":0.38614},
    {"x":0.25743,
     "y":0.40594},
    {"x":0.28713,
     "y":0.41584},
    {"x":0.29703,
     "y":0.44554},
    {"x":0.26733,
     "y":0.45545},
    {"x":0.23762,
     "y":0.47525},
    {"x":0.20792,
     "y":0.49505},
    {"x":0.17822,
     "y":0.51485},
    {"x":0.14851,
     "y":0.52475},
    {"x":0.11881,
     "y":0.54455},
    {"x":0.09901,
     "y":0.57426},
    {"x":0.09901,
     "y":0.59406}],
 "triangles":[
    {"p1":85,
     "p2":86,
     "p3":87},
    {"p1":2,
     "p2":4,
     "p3":5},
    {"p1":85,
     "p2":87,
     "p3":88},
    {"p1":84,
     "p2":85,
     "p3":88},
    {"p1":2,
     "p2":3,
     "p3":4},
    {"p1":6,
     "p2":7,
     "p3":8},
    {"p1":2,
     "p2":5,
     "p3":6},
    {"p1":2,
     "p2":6,
     "p3":8},
    {"p1":2,
     "p2":8,
     "p3":9},
    {"p1":24,
     "p2":25,
     "p3":66},
    {"p1":38,
     "p2":39,
     "p3":40},
    {"p1":0,
     "p2":109,
     "p3":110},
    {"p1":0,
     "p2":11,
     "p3":12},
    {"p1":22,
     "p2":66,
     "p3":67},
    {"p1":37,
     "p2":38,
     "p3":40},
    {"p1":37,
     "p2":40,
     "p3":49},
    {"p1":40,
     "p2":41,
     "p3":49},
    {"p1":69,
     "p2":101,
     "p3":102},
    {"p1":69,
     "p2":70,
     "p3":101},
    {"p1":81,
     "p2":89,
     "p3":90},
    {"p1":82,
     "p2":88,
     "p3":89},
    {"p1":81,
     "p2":82,
     "p3":89},
    {"p1":0,
     "p2":108,
     "p3":109},
    {"p1":0,
     "p2":12,
     "p3":108},
    {"p1":18,
     "p2":104,
     "p3":105},
    {"p1":18,
     "p2":19,
     "p3":104},
    {"p1":19,
     "p2":20,
     "p3":103},
    {"p1":19,
     "p2":103,
     "p3":104},
    {"p1":67,
     "p2":102,
     "p3":103},
    {"p1":2,
     "p2":9,
     "p3":10},
    {"p1":0,
     "p2":1,
     "p3":11},
    {"p1":1,
     "p2":2,
     "p3":10},
    {"p1":1,
     "p2":10,
     "p3":11},
    {"p1":23,
     "p2":24,
     "p3":66},
    {"p1":22,
     "p2":23,
     "p3":66},
    {"p1":36,
     "p2":49,
     "p3":50},
    {"p1":36,
     "p2":37,
     "p3":49},
    {"p1":41,
     "p2":48,
     "p3":49},
    {"p1":42,
     "p2":47,
     "p3":48},
    {"p1":41,
     "p2":42,
     "p3":48},
    {"p1":17,
     "p2":18,
     "p3":105},
    {"p1":16,
     "p2":17,
     "p3":106},
    {"p1":17,
     "p2":105,
     "p3":106},
    {"p1":15,
     "p2":16,
     "p3":106},
    {"p1":78,
     "p2":79,
     "p3":92},
    {"p1":80,
     "p2":81,
     "p3":90},
    {"p1":79,
     "p2":91,
     "p3":92},
    {"p1":80,
     "p2":90,
     "p3":91},
    {"p1":79,
     "p2":80,
     "p3":91},
    {"p1":73,
     "p2":98,
     "p3":99},
    {"p1":71,
     "p2":99,
     "p3":100},
    {"p1":70,
     "p2":100,
     "p3":101},
    {"p1":70,
     "p2":71,
     "p3":100},
    {"p1":67,
     "p2":68,
     "p3":102},
    {"p1":68,
     "p2":69,
     "p3":102},
    {"p1":12,
     "p2":107,
     "p3":108},
    {"p1":12,
     "p2":15,
     "p3":107},
    {"p1":15,
     "p2":106,
     "p3":107},
    {"p1":20,
     "p2":21,
     "p3":103},
    {"p1":21,
     "p2":22,
     "p3":67},
    {"p1":21,
     "p2":67,
     "p3":103},
    {"p1":43,
     "p2":46,
     "p3":47},
    {"p1":42,
     "p2":43,
     "p3":47},
    {"p1":43,
     "p2":44,
     "p3":45},
    {"p1":43,
     "p2":45,
     "p3":46},
    {"p1":77,
     "p2":78,
     "p3":93},
    {"p1":78,
     "p2":92,
     "p3":93},
    {"p1":75,
     "p2":95,
     "p3":96},
    {"p1":25,
     "p2":26,
     "p3":66},
    {"p1":26,
     "p2":65,
     "p3":66},
    {"p1":26,
     "p2":27,
     "p3":63},
    {"p1":26,
     "p2":63,
     "p3":64},
    {"p1":26,
     "p2":64,
     "p3":65},
    {"p1":77,
     "p2":93,
     "p3":94},
    {"p1":71,
     "p2":72,
     "p3":99},
    {"p1":72,
     "p2":73,
     "p3":99},
    {"p1":75,
     "p2":76,
     "p3":95},
    {"p1":76,
     "p2":77,
     "p3":94},
    {"p1":76,
     "p2":94,
     "p3":95},
    {"p1":74,
     "p2":97,
     "p3":98},
    {"p1":73,
     "p2":74,
     "p3":98},
    {"p1":74,
     "p2":96,
     "p3":97},
    {"p1":74,
     "p2":75,
     "p3":96},
    {"p1":36,
     "p2":50,
     "p3":51},
    {"p1":35,
     "p2":36,
     "p3":51},
    {"p1":35,
     "p2":51,
     "p3":52},
    {"p1":32,
     "p2":53,
     "p3":54},
    {"p1":32,
     "p2":33,
     "p3":53},
    {"p1":30,
     "p2":61,
     "p3":62},
    {"p1":30,
     "p2":60,
     "p3":61},
    {"p1":30,
     "p2":59,
     "p3":60},
    {"p1":30,
     "p2":58,
     "p3":59},
    {"p1":34,
     "p2":35,
     "p3":52},
    {"p1":34,
     "p2":52,
     "p3":53},
    {"p1":33,
     "p2":34,
     "p3":53},
    {"p1":27,
     "p2":28,
     "p3":63},
    {"p1":29,
     "p2":30,
     "p3":62},
    {"p1":29,
     "p2":62,
     "p3":63},
    {"p1":28,
     "p2":29,
     "p3":63},
    {"p1":31,
     "p2":55,
     "p3":56},
    {"p1":31,
     "p2":56,
     "p3":57},
    {"p1":31,
     "p2":54,
     "p3":55},
    {"p1":31,
     "p2":32,
     "p3":54},
    {"p1":31,
     "p2":57,
     "p3":58},
    {"p1":30,
     "p2":31,
     "p3":58},
    {"p1":82,
     "p2":83,
     "p3":84},
    {"p1":82,
     "p2":84,
     "p3":88},
    {"p1":12,
     "p2":13,
     "p3":14},
    {"p1":12,
     "p2":14,
     "p3":15}]
}