{"points":[
    {"x":0.22034,
     "y":0.52542},
    {"x":0.19492,
     "y":0.54237},
    {"x":0.16949,
     "y":0.55932},
    {"x":0.16949,
     "y":0.58475},
    {"x":0.14407,
     "y":0.59322},
    {"x":0.11864,
     "y":0.60169},
    {"x":0.09322,
     "y":0.61864},
    {"x":0.084746,
     "y":0.64407},
    {"x":0.076271,
     "y":0.66949},
    {"x":0.084746,
     "y":0.69492},
    {"x":0.10169,
     "y":0.72034},
    {"x":0.12712,
     "y":0.72881},
    {"x":0.15254,
     "y":0.72881},
    {"x":0.16949,
     "y":0.71186},
    {"x":0.18644,
     "y":0.68644},
    {"x":0.21186,
     "y":0.66949},
    {"x":0.23729,
     "y":0.66949},
    {"x":0.26271,
     "y":0.66949},
    {"x":0.28814,
     "y":0.66102},
    {"x":0.31356,
     "y":0.64407},
    {"x":0.33898,
     "y":0.61864},
    {"x":0.35593,
     "y":0.60169},
    {"x":0.38136,
     "y":0.58475},
    {"x":0.40678,
     "y":0.5678},
    {"x":0.4322,
     "y":0.54237},
    {"x":0.44915,
     "y":0.52542},
    {"x":0.47458,
     "y":0.5},
    {"x":0.49153,
     "y":0.47458},
    {"x":0.50847,
     "y":0.44915},
    {"x":0.51695,
     "y":0.42373},
    {"x":0.54237,
     "y":0.40678},
    {"x":0.5678,
     "y":0.38136},
    {"x":0.59322,
     "y":0.36441},
    {"x":0.61864,
     "y":0.34746},
    {"x":0.63559,
     "y":0.32203},
    {"x":0.66102,
     "y":0.29661},
    {"x":0.68644,
     "y":0.27966},
    {"x":0.71186,
     "y":0.27119},
    {"x":0.73729,
     "y":0.26271},
    {"x":0.76271,
     "y":0.25424},
    {"x":0.78814,
     "y":0.24576},
    {"x":0.81356,
     "y":0.23729},
    {"x":0.83898,
     "y":0.22034},
    {"x":0.86441,
     "y":0.21186},
    {"x":0.88983,
     "y":0.19492},
    {"x":0.91525,
     "y":0.19492},
    {"x":0.94068,
     "y":0.19492},
    {"x":0.9661,
     "y":0.19492},
    {"x":0.98305,
     "y":0.17797},
    {"x":1,
     "y":0.15254},
    {"x":1,
     "y":0.12712},
    {"x":1,
     "y":0.10169},
    {"x":1,
     "y":0.076271},
    {"x":0.99153,
     "y":0.050847},
    {"x":0.97458,
     "y":0.059322},
    {"x":0.94915,
     "y":0.084746},
    {"x":0.9322,
     "y":0.11017},
    {"x":0.90678,
     "y":0.12712},
    {"x":0.88136,
     "y":0.13559},
    {"x":0.85593,
     "y":0.14407},
    {"x":0.83051,
     "y":0.14407},
    {"x":0.80508,
     "y":0.15254},
    {"x":0.77966,
     "y":0.16102},
    {"x":0.75424,
     "y":0.16102},
    {"x":0.72881,
     "y":0.16949},
    {"x":0.70339,
     "y":0.18644},
    {"x":0.67797,
     "y":0.19492},
    {"x":0.65254,
     "y":0.20339},
    {"x":0.62712,
     "y":0.21186},
    {"x":0.60169,
     "y":0.22034},
    {"x":0.57627,
     "y":0.23729},
    {"x":0.55085,
     "y":0.25424},
    {"x":0.52542,
     "y":0.27966},
    {"x":0.5,
     "y":0.30508},
    {"x":0.47458,
     "y":0.33051},
    {"x":0.44915,
     "y":0.33898},
    {"x":0.42373,
     "y":0.33898},
    {"x":0.39831,
     "y":0.33898},
    {"x":0.37288,
     "y":0.33898},
    {"x":0.34746,
     "y":0.33051},
    {"x":0.32203,
     "y":0.33051},
    {"x":0.29661,
     "y":0.32203},
    {"x":0.27119,
     "y":0.32203},
    {"x":0.24576,
     "y":0.32203},
    {"x":0.22034,
     "y":0.30508},
    {"x":0.20339,
     "y":0.28814},
    {"x":0.19492,
     "y":0.26271},
    {"x":0.18644,
     "y":0.23729},
    {"x":0.18644,
     "y":0.21186},
    {"x":0.16949,
     "y":0.18644},
    {"x":0.15254,
     "y":0.16102},
    {"x":0.14407,
     "y":0.13559},
    {"x":0.13559,
     "y":0.11017},
    {"x":0.13559,
     "y":0.084746},
    {"x":0.13559,
     "y":0.059322},
    {"x":0.13559,
     "y":0.033898},
    {"x":0.12712,
     "y":0.0084746},
    {"x":0.10169,
     "y":0},
    {"x":0.076271,
     "y":0.016949},
    {"x":0.050847,
     "y":0.033898},
    {"x":0.025424,
     "y":0.050847},
    {"x":0,
     "y":0.067797},
    {"x":0,
     "y":0.09322},
    {"x":0.025424,
     "y":0.09322},
    {"x":0.050847,
     "y":0.09322},
    {"x":0.076271,
     "y":0.09322},
    {"x":0.09322,
     "y":0.11017},
    {"x":0.10169,
     "y":0.13559},
    {"x":0.10169,
     "y":0.16102},
    {"x":0.11017,
     "y":0.18644},
    {"x":0.11864,
     "y":0.21186},
    {"x":0.12712,
     "y":0.23729},
    {"x":0.14407,
     "y":0.26271},
    {"x":0.14407,
     "y":0.28814},
    {"x":0.16102,
     "y":0.31356},
    {"x":0.16949,
     "y":0.33898},
    {"x":0.18644,
     "y":0.36441},
    {"x":0.21186,
     "y":0.37288},
    {"x":0.23729,
     "y":0.38983},
    {"x":0.26271,
     "y":0.39831},
    {"x":0.28814,
     "y":0.40678},
    {"x":0.31356,
     "y":0.41525},
    {"x":0.33051,
     "y":0.4322},
    {"x":0.30508,
     "y":0.45763},
    {"x":0.27966,
     "y":0.47458},
    {"x":0.25424,
     "y":0.5},
    {"x":0.22881,
     "y":0.52542},
    {"x":0.22034,
     "y":0.52542}],
 "triangles":[
    {"p1":9,
     "p2":10,
     "p3":11},
    {"p1":99,
     "p2":104,
     "p3":105},
    {"p1":98,
     "p2":99,
     "p3":105},
    {"p1":94,
     "p2":98,
     "p3":105},
    {"p1":87,
     "p2":88,
     "p3":111},
    {"p1":39,
     "p2":63,
     "p3":64},
    {"p1":84,
     "p2":115,
     "p3":116},
    {"p1":35,
     "p2":68,
     "p3":69},
    {"p1":35,
     "p2":69,
     "p3":70},
    {"p1":33,
     "p2":34,
     "p3":71},
    {"p1":34,
     "p2":70,
     "p3":71},
    {"p1":34,
     "p2":35,
     "p3":70},
    {"p1":37,
     "p2":38,
     "p3":65},
    {"p1":39,
     "p2":64,
     "p3":65},
    {"p1":38,
     "p2":39,
     "p3":65},
    {"p1":35,
     "p2":36,
     "p3":68},
    {"p1":36,
     "p2":67,
     "p3":68},
    {"p1":99,
     "p2":100,
     "p3":104},
    {"p1":93,
     "p2":94,
     "p3":105},
    {"p1":87,
     "p2":111,
     "p3":112},
    {"p1":39,
     "p2":40,
     "p3":63},
    {"p1":22,
     "p2":23,
     "p3":123},
    {"p1":20,
     "p2":21,
     "p3":125},
    {"p1":44,
     "p2":45,
     "p3":58},
    {"p1":45,
     "p2":57,
     "p3":58},
    {"p1":40,
     "p2":62,
     "p3":63},
    {"p1":40,
     "p2":41,
     "p3":62},
    {"p1":49,
     "p2":50,
     "p3":56},
    {"p1":48,
     "p2":49,
     "p3":56},
    {"p1":95,
     "p2":97,
     "p3":98},
    {"p1":94,
     "p2":95,
     "p3":98},
    {"p1":37,
     "p2":65,
     "p3":66},
    {"p1":36,
     "p2":37,
     "p3":66},
    {"p1":36,
     "p2":66,
     "p3":67},
    {"p1":84,
     "p2":116,
     "p3":117},
    {"p1":82,
     "p2":118,
     "p3":119},
    {"p1":100,
     "p2":101,
     "p3":103},
    {"p1":100,
     "p2":103,
     "p3":104},
    {"p1":101,
     "p2":102,
     "p3":103},
    {"p1":93,
     "p2":105,
     "p3":106},
    {"p1":92,
     "p2":93,
     "p3":106},
    {"p1":92,
     "p2":106,
     "p3":107},
    {"p1":89,
     "p2":90,
     "p3":109},
    {"p1":89,
     "p2":109,
     "p3":110},
    {"p1":88,
     "p2":89,
     "p3":111},
    {"p1":89,
     "p2":110,
     "p3":111},
    {"p1":91,
     "p2":92,
     "p3":107},
    {"p1":84,
     "p2":85,
     "p3":114},
    {"p1":84,
     "p2":114,
     "p3":115},
    {"p1":85,
     "p2":113,
     "p3":114},
    {"p1":86,
     "p2":87,
     "p3":112},
    {"p1":86,
     "p2":112,
     "p3":113},
    {"p1":85,
     "p2":86,
     "p3":113},
    {"p1":7,
     "p2":9,
     "p3":14},
    {"p1":7,
     "p2":8,
     "p3":9},
    {"p1":21,
     "p2":124,
     "p3":125},
    {"p1":22,
     "p2":123,
     "p3":124},
    {"p1":21,
     "p2":22,
     "p3":124},
    {"p1":20,
     "p2":125,
     "p3":126},
    {"p1":19,
     "p2":20,
     "p3":126},
    {"p1":18,
     "p2":19,
     "p3":126},
    {"p1":0,
     "p2":1,
     "p3":126},
    {"p1":45,
     "p2":46,
     "p3":57},
    {"p1":46,
     "p2":47,
     "p3":48},
    {"p1":46,
     "p2":48,
     "p3":56},
    {"p1":46,
     "p2":56,
     "p3":57},
    {"p1":44,
     "p2":58,
     "p3":59},
    {"p1":43,
     "p2":44,
     "p3":59},
    {"p1":43,
     "p2":59,
     "p3":60},
    {"p1":50,
     "p2":51,
     "p3":55},
    {"p1":50,
     "p2":55,
     "p3":56},
    {"p1":51,
     "p2":52,
     "p3":55},
    {"p1":95,
     "p2":96,
     "p3":97},
    {"p1":78,
     "p2":79,
     "p3":121},
    {"p1":79,
     "p2":80,
     "p3":121},
    {"p1":81,
     "p2":82,
     "p3":119},
    {"p1":83,
     "p2":84,
     "p3":117},
    {"p1":82,
     "p2":83,
     "p3":118},
    {"p1":83,
     "p2":117,
     "p3":118},
    {"p1":80,
     "p2":120,
     "p3":121},
    {"p1":80,
     "p2":81,
     "p3":120},
    {"p1":81,
     "p2":119,
     "p3":120},
    {"p1":23,
     "p2":24,
     "p3":123},
    {"p1":26,
     "p2":27,
     "p3":122},
    {"p1":25,
     "p2":26,
     "p3":122},
    {"p1":78,
     "p2":121,
     "p3":122},
    {"p1":24,
     "p2":122,
     "p3":123},
    {"p1":24,
     "p2":25,
     "p3":122},
    {"p1":30,
     "p2":31,
     "p3":74},
    {"p1":27,
     "p2":28,
     "p3":76},
    {"p1":27,
     "p2":76,
     "p3":122},
    {"p1":31,
     "p2":32,
     "p3":72},
    {"p1":32,
     "p2":33,
     "p3":72},
    {"p1":33,
     "p2":71,
     "p3":72},
    {"p1":90,
     "p2":108,
     "p3":109},
    {"p1":90,
     "p2":91,
     "p3":108},
    {"p1":91,
     "p2":107,
     "p3":108},
    {"p1":1,
     "p2":16,
     "p3":126},
    {"p1":42,
     "p2":60,
     "p3":61},
    {"p1":42,
     "p2":43,
     "p3":60},
    {"p1":41,
     "p2":42,
     "p3":62},
    {"p1":42,
     "p2":61,
     "p3":62},
    {"p1":52,
     "p2":53,
     "p3":54},
    {"p1":52,
     "p2":54,
     "p3":55},
    {"p1":29,
     "p2":30,
     "p3":74},
    {"p1":77,
     "p2":78,
     "p3":122},
    {"p1":76,
     "p2":77,
     "p3":122},
    {"p1":31,
     "p2":73,
     "p3":74},
    {"p1":31,
     "p2":72,
     "p3":73},
    {"p1":1,
     "p2":2,
     "p3":3},
    {"p1":1,
     "p2":3,
     "p3":16},
    {"p1":17,
     "p2":18,
     "p3":126},
    {"p1":16,
     "p2":17,
     "p3":126},
    {"p1":11,
     "p2":12,
     "p3":13},
    {"p1":9,
     "p2":11,
     "p3":13},
    {"p1":9,
     "p2":13,
     "p3":14},
    {"p1":5,
     "p2":6,
     "p3":7},
    {"p1":5,
     "p2":7,
     "p3":14},
    {"p1":4,
     "p2":5,
     "p3":14},
    {"p1":29,
     "p2":74,
     "p3":75},
    {"p1":28,
     "p2":75,
     "p3":76},
    {"p1":28,
     "p2":29,
     "p3":75},
    {"p1":3,
     "p2":15,
     "p3":16},
    {"p1":4,
     "p2":14,
     "p3":15},
    {"p1":3,
     "p2":4,
     "p3":15}]
}