{"points":[
    {"x":0.17045,
     "y":0.69318},
    {"x":0.14773,
     "y":0.72727},
    {"x":0.11364,
     "y":0.75},
    {"x":0.079545,
     "y":0.77273},
    {"x":0.068182,
     "y":0.80682},
    {"x":0.056818,
     "y":0.84091},
    {"x":0.056818,
     "y":0.875},
    {"x":0.079545,
     "y":0.89773},
    {"x":0.11364,
     "y":0.90909},
    {"x":0.14773,
     "y":0.89773},
    {"x":0.18182,
     "y":0.88636},
    {"x":0.21591,
     "y":0.85227},
    {"x":0.25,
     "y":0.85227},
    {"x":0.28409,
     "y":0.84091},
    {"x":0.31818,
     "y":0.82955},
    {"x":0.35227,
     "y":0.81818},
    {"x":0.38636,
     "y":0.78409},
    {"x":0.42045,
     "y":0.76136},
    {"x":0.45455,
     "y":0.73864},
    {"x":0.48864,
     "y":0.70455},
    {"x":0.52273,
     "y":0.68182},
    {"x":0.53409,
     "y":0.64773},
    {"x":0.53409,
     "y":0.61364},
    {"x":0.56818,
     "y":0.59091},
    {"x":0.59091,
     "y":0.55682},
    {"x":0.60227,
     "y":0.52273},
    {"x":0.61364,
     "y":0.48864},
    {"x":0.625,
     "y":0.45455},
    {"x":0.625,
     "y":0.42045},
    {"x":0.625,
     "y":0.38636},
    {"x":0.625,
     "y":0.35227},
    {"x":0.63636,
     "y":0.31818},
    {"x":0.65909,
     "y":0.29545},
    {"x":0.69318,
     "y":0.29545},
    {"x":0.72727,
     "y":0.27273},
    {"x":0.76136,
     "y":0.25},
    {"x":0.79545,
     "y":0.25},
    {"x":0.82955,
     "y":0.25},
    {"x":0.86364,
     "y":0.25},
    {"x":0.89773,
     "y":0.25},
    {"x":0.93182,
     "y":0.25},
    {"x":0.96591,
     "y":0.25},
    {"x":1,
     "y":0.22727},
    {"x":1,
     "y":0.19318},
    {"x":0.98864,
     "y":0.15909},
    {"x":0.97727,
     "y":0.125},
    {"x":0.95455,
     "y":0.10227},
    {"x":0.93182,
     "y":0.125},
    {"x":0.89773,
     "y":0.15909},
    {"x":0.86364,
     "y":0.17045},
    {"x":0.82955,
     "y":0.18182},
    {"x":0.79545,
     "y":0.18182},
    {"x":0.76136,
     "y":0.18182},
    {"x":0.72727,
     "y":0.19318},
    {"x":0.69318,
     "y":0.19318},
    {"x":0.65909,
     "y":0.20455},
    {"x":0.625,
     "y":0.22727},
    {"x":0.59091,
     "y":0.25},
    {"x":0.55682,
     "y":0.26136},
    {"x":0.53409,
     "y":0.29545},
    {"x":0.51136,
     "y":0.32955},
    {"x":0.5,
     "y":0.36364},
    {"x":0.46591,
     "y":0.38636},
    {"x":0.43182,
     "y":0.38636},
    {"x":0.39773,
     "y":0.375},
    {"x":0.36364,
     "y":0.375},
    {"x":0.32955,
     "y":0.36364},
    {"x":0.29545,
     "y":0.36364},
    {"x":0.28409,
     "y":0.32955},
    {"x":0.27273,
     "y":0.29545},
    {"x":0.26136,
     "y":0.26136},
    {"x":0.23864,
     "y":0.22727},
    {"x":0.21591,
     "y":0.19318},
    {"x":0.19318,
     "y":0.15909},
    {"x":0.18182,
     "y":0.125},
    {"x":0.17045,
     "y":0.090909},
    {"x":0.15909,
     "y":0.056818},
    {"x":0.14773,
     "y":0.022727},
    {"x":0.11364,
     "y":0},
    {"x":0.079545,
     "y":0},
    {"x":0.045455,
     "y":0.022727},
    {"x":0.022727,
     "y":0.056818},
    {"x":0,
     "y":0.090909},
    {"x":0.011364,
     "y":0.125},
    {"x":0.045455,
     "y":0.13636},
    {"x":0.079545,
     "y":0.13636},
    {"x":0.10227,
     "y":0.15909},
    {"x":0.125,
     "y":0.19318},
    {"x":0.13636,
     "y":0.22727},
    {"x":0.14773,
     "y":0.26136},
    {"x":0.18182,
     "y":0.29545},
    {"x":0.20455,
     "y":0.32955},
    {"x":0.22727,
     "y":0.36364},
    {"x":0.25,
     "y":0.39773},
    {"x":0.28409,
     "y":0.43182},
    {"x":0.31818,
     "y":0.46591},
    {"x":0.32955,
     "y":0.5},
    {"x":0.32955,
     "y":0.53409},
    {"x":0.30682,
     "y":0.56818},
    {"x":0.27273,
     "y":0.59091},
    {"x":0.23864,
     "y":0.61364},
    {"x":0.21591,
     "y":0.63636},
    {"x":0.20455,
     "y":0.67045},
    {"x":0.17045,
     "y":0.69318},
    {"x":0.17045,
     "y":0.69318}],
 "triangles":[
    {"p1":41,
     "p2":42,
     "p3":43},
    {"p1":40,
     "p2":41,
     "p3":43},
    {"p1":40,
     "p2":43,
     "p3":48},
    {"p1":7,
     "p2":8,
     "p3":9},
    {"p1":43,
     "p2":44,
     "p3":48},
    {"p1":38,
     "p2":49,
     "p3":50},
    {"p1":5,
     "p2":7,
     "p3":9},
    {"p1":4,
     "p2":5,
     "p3":9},
    {"p1":5,
     "p2":6,
     "p3":7},
    {"p1":64,
     "p2":65,
     "p3":95},
    {"p1":80,
     "p2":81,
     "p3":85},
    {"p1":44,
     "p2":45,
     "p3":47},
    {"p1":44,
     "p2":47,
     "p3":48},
    {"p1":25,
     "p2":26,
     "p3":62},
    {"p1":26,
     "p2":61,
     "p3":62},
    {"p1":26,
     "p2":27,
     "p3":61},
    {"p1":22,
     "p2":23,
     "p3":24},
    {"p1":24,
     "p2":25,
     "p3":62},
    {"p1":22,
     "p2":24,
     "p3":62},
    {"p1":39,
     "p2":40,
     "p3":48},
    {"p1":39,
     "p2":48,
     "p3":49},
    {"p1":38,
     "p2":39,
     "p3":49},
    {"p1":37,
     "p2":38,
     "p3":50},
    {"p1":69,
     "p2":70,
     "p3":91},
    {"p1":73,
     "p2":74,
     "p3":87},
    {"p1":73,
     "p2":87,
     "p3":88},
    {"p1":72,
     "p2":73,
     "p3":88},
    {"p1":16,
     "p2":100,
     "p3":102},
    {"p1":1,
     "p2":11,
     "p3":12},
    {"p1":0,
     "p2":1,
     "p3":12},
    {"p1":2,
     "p2":3,
     "p3":4},
    {"p1":1,
     "p2":2,
     "p3":11},
    {"p1":63,
     "p2":64,
     "p3":95},
    {"p1":81,
     "p2":84,
     "p3":85},
    {"p1":82,
     "p2":83,
     "p3":84},
    {"p1":81,
     "p2":82,
     "p3":84},
    {"p1":35,
     "p2":52,
     "p3":53},
    {"p1":34,
     "p2":54,
     "p3":55},
    {"p1":33,
     "p2":34,
     "p3":55},
    {"p1":34,
     "p2":53,
     "p3":54},
    {"p1":34,
     "p2":35,
     "p3":53},
    {"p1":27,
     "p2":28,
     "p3":61},
    {"p1":30,
     "p2":59,
     "p3":60},
    {"p1":30,
     "p2":60,
     "p3":61},
    {"p1":74,
     "p2":86,
     "p3":87},
    {"p1":68,
     "p2":69,
     "p3":91},
    {"p1":100,
     "p2":101,
     "p3":102},
    {"p1":19,
     "p2":20,
     "p3":21},
    {"p1":19,
     "p2":21,
     "p3":22},
    {"p1":19,
     "p2":22,
     "p3":97},
    {"p1":19,
     "p2":97,
     "p3":98},
    {"p1":17,
     "p2":98,
     "p3":99},
    {"p1":16,
     "p2":17,
     "p3":99},
    {"p1":16,
     "p2":99,
     "p3":100},
    {"p1":2,
     "p2":10,
     "p3":11},
    {"p1":4,
     "p2":9,
     "p3":10},
    {"p1":2,
     "p2":4,
     "p3":10},
    {"p1":14,
     "p2":15,
     "p3":16},
    {"p1":14,
     "p2":16,
     "p3":102},
    {"p1":63,
     "p2":95,
     "p3":96},
    {"p1":62,
     "p2":63,
     "p3":96},
    {"p1":22,
     "p2":62,
     "p3":96},
    {"p1":22,
     "p2":96,
     "p3":97},
    {"p1":45,
     "p2":46,
     "p3":47},
    {"p1":29,
     "p2":30,
     "p3":61},
    {"p1":28,
     "p2":29,
     "p3":61},
    {"p1":30,
     "p2":31,
     "p3":59},
    {"p1":70,
     "p2":90,
     "p3":91},
    {"p1":70,
     "p2":71,
     "p3":90},
    {"p1":67,
     "p2":93,
     "p3":94},
    {"p1":66,
     "p2":67,
     "p3":94},
    {"p1":65,
     "p2":66,
     "p3":94},
    {"p1":65,
     "p2":94,
     "p3":95},
    {"p1":67,
     "p2":68,
     "p3":92},
    {"p1":67,
     "p2":92,
     "p3":93},
    {"p1":68,
     "p2":91,
     "p3":92},
    {"p1":17,
     "p2":18,
     "p3":98},
    {"p1":18,
     "p2":19,
     "p3":98},
    {"p1":13,
     "p2":14,
     "p3":102},
    {"p1":0,
     "p2":13,
     "p3":102},
    {"p1":0,
     "p2":12,
     "p3":13},
    {"p1":75,
     "p2":85,
     "p3":86},
    {"p1":74,
     "p2":75,
     "p3":86},
    {"p1":32,
     "p2":33,
     "p3":55},
    {"p1":32,
     "p2":55,
     "p3":56},
    {"p1":32,
     "p2":56,
     "p3":57},
    {"p1":31,
     "p2":32,
     "p3":57},
    {"p1":31,
     "p2":58,
     "p3":59},
    {"p1":31,
     "p2":57,
     "p3":58},
    {"p1":71,
     "p2":89,
     "p3":90},
    {"p1":72,
     "p2":88,
     "p3":89},
    {"p1":71,
     "p2":72,
     "p3":89},
    {"p1":75,
     "p2":76,
     "p3":85},
    {"p1":76,
     "p2":80,
     "p3":85},
    {"p1":76,
     "p2":78,
     "p3":79},
    {"p1":76,
     "p2":77,
     "p3":78},
    {"p1":76,
     "p2":79,
     "p3":80},
    {"p1":36,
     "p2":37,
     "p3":51},
    {"p1":37,
     "p2":50,
     "p3":51},
    {"p1":36,
     "p2":51,
     "p3":52},
    {"p1":35,
     "p2":36,
     "p3":52}]
}