{"points":[
    {"x":0.037037,
     "y":0.52315},
    {"x":0.032407,
     "y":0.56019},
    {"x":0.032407,
     "y":0.59722},
    {"x":0.050926,
     "y":0.63426},
    {"x":0.083333,
     "y":0.66204},
    {"x":0.12037,
     "y":0.66667},
    {"x":0.15278,
     "y":0.64352},
    {"x":0.1713,
     "y":0.60648},
    {"x":0.20833,
     "y":0.59259},
    {"x":0.24537,
     "y":0.59259},
    {"x":0.27778,
     "y":0.61111},
    {"x":0.27315,
     "y":0.64815},
    {"x":0.25,
     "y":0.68519},
    {"x":0.21759,
     "y":0.69907},
    {"x":0.18519,
     "y":0.71759},
    {"x":0.16667,
     "y":0.75463},
    {"x":0.16204,
     "y":0.79167},
    {"x":0.16667,
     "y":0.8287},
    {"x":0.2037,
     "y":0.84259},
    {"x":0.24074,
     "y":0.84259},
    {"x":0.27778,
     "y":0.84259},
    {"x":0.28704,
     "y":0.875},
    {"x":0.28704,
     "y":0.91204},
    {"x":0.27778,
     "y":0.94907},
    {"x":0.29167,
     "y":0.98148},
    {"x":0.3287,
     "y":0.99074},
    {"x":0.36574,
     "y":0.98148},
    {"x":0.40278,
     "y":0.97222},
    {"x":0.43981,
     "y":0.97222},
    {"x":0.47685,
     "y":0.97222},
    {"x":0.51389,
     "y":0.97685},
    {"x":0.55093,
     "y":0.98611},
    {"x":0.58796,
     "y":1},
    {"x":0.625,
     "y":0.96759},
    {"x":0.64352,
     "y":0.93056},
    {"x":0.68056,
     "y":0.89815},
    {"x":0.69907,
     "y":0.86111},
    {"x":0.71296,
     "y":0.82407},
    {"x":0.71296,
     "y":0.78704},
    {"x":0.72222,
     "y":0.75},
    {"x":0.69907,
     "y":0.71296},
    {"x":0.66667,
     "y":0.69907},
    {"x":0.62963,
     "y":0.68056},
    {"x":0.61111,
     "y":0.64352},
    {"x":0.625,
     "y":0.60648},
    {"x":0.66204,
     "y":0.59259},
    {"x":0.69907,
     "y":0.59259},
    {"x":0.72685,
     "y":0.56019},
    {"x":0.75463,
     "y":0.52315},
    {"x":0.79167,
     "y":0.49074},
    {"x":0.82407,
     "y":0.4537},
    {"x":0.85648,
     "y":0.42593},
    {"x":0.87963,
     "y":0.38889},
    {"x":0.88426,
     "y":0.35185},
    {"x":0.85648,
     "y":0.31481},
    {"x":0.86111,
     "y":0.27778},
    {"x":0.875,
     "y":0.24074},
    {"x":0.875,
     "y":0.2037},
    {"x":0.87037,
     "y":0.16667},
    {"x":0.85185,
     "y":0.12963},
    {"x":0.8287,
     "y":0.092593},
    {"x":0.80093,
     "y":0.055556},
    {"x":0.76852,
     "y":0.023148},
    {"x":0.73148,
     "y":0.0046296},
    {"x":0.69444,
     "y":0},
    {"x":0.65741,
     "y":0.0046296},
    {"x":0.62037,
     "y":0.032407},
    {"x":0.58333,
     "y":0.060185},
    {"x":0.55093,
     "y":0.083333},
    {"x":0.51852,
     "y":0.078704},
    {"x":0.48148,
     "y":0.064815},
    {"x":0.44444,
     "y":0.064815},
    {"x":0.40741,
     "y":0.064815},
    {"x":0.37037,
     "y":0.069444},
    {"x":0.33796,
     "y":0.097222},
    {"x":0.30556,
     "y":0.074074},
    {"x":0.26852,
     "y":0.046296},
    {"x":0.23148,
     "y":0.032407},
    {"x":0.19444,
     "y":0.023148},
    {"x":0.15741,
     "y":0.023148},
    {"x":0.12037,
     "y":0.023148},
    {"x":0.092593,
     "y":0.050926},
    {"x":0.069444,
     "y":0.087963},
    {"x":0.050926,
     "y":0.125},
    {"x":0.037037,
     "y":0.16204},
    {"x":0.018519,
     "y":0.19907},
    {"x":0.0092593,
     "y":0.23611},
    {"x":0,
     "y":0.27315},
    {"x":0.027778,
     "y":0.30556},
    {"x":0.064815,
     "y":0.31944},
    {"x":0.10185,
     "y":0.3287},
    {"x":0.13889,
     "y":0.31481},
    {"x":0.17593,
     "y":0.29167},
    {"x":0.2037,
     "y":0.28241},
    {"x":0.2037,
     "y":0.31944},
    {"x":0.2037,
     "y":0.35648},
    {"x":0.19444,
     "y":0.38889},
    {"x":0.15741,
     "y":0.39352},
    {"x":0.12037,
     "y":0.41204},
    {"x":0.083333,
     "y":0.43056},
    {"x":0.055556,
     "y":0.46759},
    {"x":0.041667,
     "y":0.50463},
    {"x":0.037037,
     "y":0.52315}],
 "triangles":[
    {"p1":10,
     "p2":43,
     "p3":44},
    {"p1":12,
     "p2":13,
     "p3":20},
    {"p1":13,
     "p2":19,
     "p3":20},
    {"p1":4,
     "p2":5,
     "p3":6},
    {"p1":13,
     "p2":15,
     "p3":19},
    {"p1":79,
     "p2":80,
     "p3":81},
    {"p1":59,
     "p2":60,
     "p3":67},
    {"p1":23,
     "p2":24,
     "p3":25},
    {"p1":11,
     "p2":20,
     "p3":43},
    {"p1":11,
     "p2":12,
     "p3":20},
    {"p1":10,
     "p2":11,
     "p3":43},
    {"p1":22,
     "p2":25,
     "p3":26},
    {"p1":22,
     "p2":23,
     "p3":25},
    {"p1":13,
     "p2":14,
     "p3":15},
    {"p1":15,
     "p2":16,
     "p3":19},
    {"p1":79,
     "p2":81,
     "p3":82},
    {"p1":78,
     "p2":79,
     "p3":82},
    {"p1":44,
     "p2":69,
     "p3":95},
    {"p1":10,
     "p2":44,
     "p3":95},
    {"p1":77,
     "p2":78,
     "p3":82},
    {"p1":77,
     "p2":82,
     "p3":93},
    {"p1":69,
     "p2":71,
     "p3":74},
    {"p1":69,
     "p2":70,
     "p3":71},
    {"p1":44,
     "p2":68,
     "p3":69},
    {"p1":44,
     "p2":45,
     "p3":68},
    {"p1":20,
     "p2":42,
     "p3":43},
    {"p1":20,
     "p2":29,
     "p3":42},
    {"p1":22,
     "p2":26,
     "p3":27},
    {"p1":21,
     "p2":22,
     "p3":27},
    {"p1":3,
     "p2":4,
     "p3":6},
    {"p1":3,
     "p2":6,
     "p3":7},
    {"p1":2,
     "p2":3,
     "p3":7},
    {"p1":16,
     "p2":17,
     "p3":18},
    {"p1":16,
     "p2":18,
     "p3":19},
    {"p1":38,
     "p2":41,
     "p3":42},
    {"p1":36,
     "p2":37,
     "p3":38},
    {"p1":36,
     "p2":38,
     "p3":42},
    {"p1":45,
     "p2":48,
     "p3":68},
    {"p1":84,
     "p2":85,
     "p3":92},
    {"p1":7,
     "p2":8,
     "p3":98},
    {"p1":82,
     "p2":83,
     "p3":93},
    {"p1":83,
     "p2":84,
     "p3":92},
    {"p1":83,
     "p2":92,
     "p3":93},
    {"p1":8,
     "p2":97,
     "p3":98},
    {"p1":74,
     "p2":93,
     "p3":94},
    {"p1":69,
     "p2":94,
     "p3":95},
    {"p1":69,
     "p2":74,
     "p3":94},
    {"p1":71,
     "p2":72,
     "p3":74},
    {"p1":72,
     "p2":73,
     "p3":74},
    {"p1":64,
     "p2":65,
     "p3":66},
    {"p1":61,
     "p2":62,
     "p3":66},
    {"p1":60,
     "p2":61,
     "p3":66},
    {"p1":60,
     "p2":66,
     "p3":67},
    {"p1":63,
     "p2":64,
     "p3":66},
    {"p1":62,
     "p2":63,
     "p3":66},
    {"p1":57,
     "p2":58,
     "p3":59},
    {"p1":48,
     "p2":49,
     "p3":54},
    {"p1":48,
     "p2":54,
     "p3":68},
    {"p1":52,
     "p2":53,
     "p3":54},
    {"p1":51,
     "p2":52,
     "p3":54},
    {"p1":34,
     "p2":35,
     "p3":36},
    {"p1":34,
     "p2":36,
     "p3":42},
    {"p1":20,
     "p2":28,
     "p3":29},
    {"p1":20,
     "p2":21,
     "p3":28},
    {"p1":21,
     "p2":27,
     "p3":28},
    {"p1":1,
     "p2":2,
     "p3":7},
    {"p1":7,
     "p2":100,
     "p3":101},
    {"p1":98,
     "p2":99,
     "p3":100},
    {"p1":7,
     "p2":98,
     "p3":100},
    {"p1":85,
     "p2":89,
     "p3":91},
    {"p1":85,
     "p2":91,
     "p3":92},
    {"p1":89,
     "p2":90,
     "p3":91},
    {"p1":86,
     "p2":88,
     "p3":89},
    {"p1":85,
     "p2":86,
     "p3":89},
    {"p1":86,
     "p2":87,
     "p3":88},
    {"p1":9,
     "p2":10,
     "p3":96},
    {"p1":10,
     "p2":95,
     "p3":96},
    {"p1":8,
     "p2":9,
     "p3":96},
    {"p1":8,
     "p2":96,
     "p3":97},
    {"p1":76,
     "p2":77,
     "p3":93},
    {"p1":49,
     "p2":50,
     "p3":54},
    {"p1":50,
     "p2":51,
     "p3":54},
    {"p1":55,
     "p2":67,
     "p3":68},
    {"p1":54,
     "p2":55,
     "p3":68},
    {"p1":55,
     "p2":59,
     "p3":67},
    {"p1":55,
     "p2":57,
     "p3":59},
    {"p1":29,
     "p2":30,
     "p3":42},
    {"p1":30,
     "p2":34,
     "p3":42},
    {"p1":30,
     "p2":31,
     "p3":34},
    {"p1":31,
     "p2":32,
     "p3":33},
    {"p1":31,
     "p2":33,
     "p3":34},
    {"p1":0,
     "p2":7,
     "p3":101},
    {"p1":0,
     "p2":1,
     "p3":7},
    {"p1":38,
     "p2":40,
     "p3":41},
    {"p1":38,
     "p2":39,
     "p3":40},
    {"p1":45,
     "p2":47,
     "p3":48},
    {"p1":45,
     "p2":46,
     "p3":47},
    {"p1":74,
     "p2":75,
     "p3":93},
    {"p1":75,
     "p2":76,
     "p3":93},
    {"p1":55,
     "p2":56,
     "p3":57}]
}