{"points":[
    {"x":0.018605,
     "y":0.53023},
    {"x":0.023256,
     "y":0.56744},
    {"x":0.027907,
     "y":0.60465},
    {"x":0.04186,
     "y":0.64186},
    {"x":0.07907,
     "y":0.66047},
    {"x":0.11628,
     "y":0.67442},
    {"x":0.14419,
     "y":0.64651},
    {"x":0.16279,
     "y":0.6093},
    {"x":0.1814,
     "y":0.5814},
    {"x":0.2186,
     "y":0.59535},
    {"x":0.25581,
     "y":0.6093},
    {"x":0.27907,
     "y":0.63256},
    {"x":0.26047,
     "y":0.66977},
    {"x":0.23256,
     "y":0.69767},
    {"x":0.19535,
     "y":0.70698},
    {"x":0.16744,
     "y":0.73488},
    {"x":0.15814,
     "y":0.77209},
    {"x":0.15349,
     "y":0.8093},
    {"x":0.16744,
     "y":0.84651},
    {"x":0.2,
     "y":0.86977},
    {"x":0.23721,
     "y":0.86977},
    {"x":0.27442,
     "y":0.88837},
    {"x":0.27907,
     "y":0.92558},
    {"x":0.27442,
     "y":0.96279},
    {"x":0.30698,
     "y":0.98605},
    {"x":0.34419,
     "y":1},
    {"x":0.3814,
     "y":0.98605},
    {"x":0.4186,
     "y":0.9814},
    {"x":0.45581,
     "y":0.9814},
    {"x":0.49302,
     "y":0.97674},
    {"x":0.53023,
     "y":0.97674},
    {"x":0.56744,
     "y":0.9907},
    {"x":0.6,
     "y":0.99535},
    {"x":0.62326,
     "y":0.95814},
    {"x":0.65581,
     "y":0.93023},
    {"x":0.69302,
     "y":0.90233},
    {"x":0.71628,
     "y":0.86977},
    {"x":0.70698,
     "y":0.83256},
    {"x":0.72093,
     "y":0.79535},
    {"x":0.72558,
     "y":0.75814},
    {"x":0.69767,
     "y":0.72093},
    {"x":0.66047,
     "y":0.69767},
    {"x":0.62326,
     "y":0.67907},
    {"x":0.6093,
     "y":0.64651},
    {"x":0.63256,
     "y":0.61395},
    {"x":0.66047,
     "y":0.59535},
    {"x":0.69767,
     "y":0.59535},
    {"x":0.72558,
     "y":0.5814},
    {"x":0.75349,
     "y":0.54884},
    {"x":0.78605,
     "y":0.51628},
    {"x":0.8186,
     "y":0.48372},
    {"x":0.85116,
     "y":0.44651},
    {"x":0.87442,
     "y":0.4093},
    {"x":0.87442,
     "y":0.37209},
    {"x":0.86047,
     "y":0.33488},
    {"x":0.85116,
     "y":0.29767},
    {"x":0.86512,
     "y":0.26047},
    {"x":0.86977,
     "y":0.22326},
    {"x":0.85581,
     "y":0.18605},
    {"x":0.84186,
     "y":0.14884},
    {"x":0.8186,
     "y":0.11163},
    {"x":0.8,
     "y":0.074419},
    {"x":0.7814,
     "y":0.037209},
    {"x":0.75349,
     "y":0.0046512},
    {"x":0.71628,
     "y":0},
    {"x":0.67907,
     "y":0},
    {"x":0.64186,
     "y":0.013953},
    {"x":0.60465,
     "y":0.032558},
    {"x":0.57209,
     "y":0.065116},
    {"x":0.53488,
     "y":0.074419},
    {"x":0.49767,
     "y":0.069767},
    {"x":0.46047,
     "y":0.069767},
    {"x":0.42326,
     "y":0.069767},
    {"x":0.38605,
     "y":0.069767},
    {"x":0.34884,
     "y":0.074419},
    {"x":0.31163,
     "y":0.074419},
    {"x":0.27442,
     "y":0.060465},
    {"x":0.23721,
     "y":0.037209},
    {"x":0.2,
     "y":0.027907},
    {"x":0.16279,
     "y":0.023256},
    {"x":0.12558,
     "y":0.023256},
    {"x":0.093023,
     "y":0.046512},
    {"x":0.069767,
     "y":0.083721},
    {"x":0.055814,
     "y":0.12093},
    {"x":0.04186,
     "y":0.15814},
    {"x":0.027907,
     "y":0.19535},
    {"x":0.0093023,
     "y":0.23256},
    {"x":0,
     "y":0.26977},
    {"x":0,
     "y":0.30698},
    {"x":0.027907,
     "y":0.33488},
    {"x":0.065116,
     "y":0.34419},
    {"x":0.10233,
     "y":0.33953},
    {"x":0.13488,
     "y":0.30698},
    {"x":0.16744,
     "y":0.26977},
    {"x":0.1907,
     "y":0.25116},
    {"x":0.18605,
     "y":0.28837},
    {"x":0.18605,
     "y":0.32558},
    {"x":0.18605,
     "y":0.36279},
    {"x":0.17674,
     "y":0.4},
    {"x":0.13953,
     "y":0.41395},
    {"x":0.10233,
     "y":0.42326},
    {"x":0.065116,
     "y":0.43256},
    {"x":0.037209,
     "y":0.46977},
    {"x":0.018605,
     "y":0.50698},
    {"x":0.018605,
     "y":0.53023}],
 "triangles":[
    {"p1":78,
     "p2":82,
     "p3":94},
    {"p1":45,
     "p2":49,
     "p3":69},
    {"p1":49,
     "p2":55,
     "p3":69},
    {"p1":49,
     "p2":50,
     "p3":55},
    {"p1":28,
     "p2":29,
     "p3":42},
    {"p1":21,
     "p2":28,
     "p3":42},
    {"p1":11,
     "p2":43,
     "p3":44},
    {"p1":10,
     "p2":11,
     "p3":44},
    {"p1":44,
     "p2":45,
     "p3":69},
    {"p1":87,
     "p2":89,
     "p3":90},
    {"p1":8,
     "p2":9,
     "p3":98},
    {"p1":9,
     "p2":10,
     "p3":98},
    {"p1":87,
     "p2":90,
     "p3":92},
    {"p1":55,
     "p2":56,
     "p3":58},
    {"p1":56,
     "p2":57,
     "p3":58},
    {"p1":79,
     "p2":80,
     "p3":81},
    {"p1":78,
     "p2":79,
     "p3":82},
    {"p1":79,
     "p2":81,
     "p3":82},
    {"p1":55,
     "p2":68,
     "p3":69},
    {"p1":31,
     "p2":32,
     "p3":33},
    {"p1":37,
     "p2":38,
     "p3":41},
    {"p1":35,
     "p2":36,
     "p3":37},
    {"p1":37,
     "p2":41,
     "p3":42},
    {"p1":21,
     "p2":22,
     "p3":26},
    {"p1":2,
     "p2":3,
     "p3":4},
    {"p1":17,
     "p2":18,
     "p3":20},
    {"p1":87,
     "p2":88,
     "p3":89},
    {"p1":1,
     "p2":2,
     "p3":7},
    {"p1":1,
     "p2":7,
     "p3":8},
    {"p1":2,
     "p2":4,
     "p3":7},
    {"p1":4,
     "p2":6,
     "p3":7},
    {"p1":10,
     "p2":44,
     "p3":97},
    {"p1":10,
     "p2":97,
     "p3":98},
    {"p1":90,
     "p2":91,
     "p3":92},
    {"p1":86,
     "p2":87,
     "p3":92},
    {"p1":85,
     "p2":86,
     "p3":92},
    {"p1":85,
     "p2":92,
     "p3":93},
    {"p1":84,
     "p2":93,
     "p3":94},
    {"p1":84,
     "p2":85,
     "p3":93},
    {"p1":50,
     "p2":54,
     "p3":55},
    {"p1":62,
     "p2":63,
     "p3":64},
    {"p1":60,
     "p2":61,
     "p3":68},
    {"p1":61,
     "p2":64,
     "p3":65},
    {"p1":61,
     "p2":62,
     "p3":64},
    {"p1":59,
     "p2":60,
     "p3":68},
    {"p1":55,
     "p2":58,
     "p3":59},
    {"p1":55,
     "p2":59,
     "p3":68},
    {"p1":38,
     "p2":40,
     "p3":41},
    {"p1":38,
     "p2":39,
     "p3":40},
    {"p1":21,
     "p2":27,
     "p3":28},
    {"p1":21,
     "p2":26,
     "p3":27},
    {"p1":29,
     "p2":30,
     "p3":42},
    {"p1":30,
     "p2":31,
     "p3":33},
    {"p1":34,
     "p2":37,
     "p3":42},
    {"p1":30,
     "p2":34,
     "p3":42},
    {"p1":30,
     "p2":33,
     "p3":34},
    {"p1":34,
     "p2":35,
     "p3":37},
    {"p1":24,
     "p2":25,
     "p3":26},
    {"p1":22,
     "p2":24,
     "p3":26},
    {"p1":22,
     "p2":23,
     "p3":24},
    {"p1":16,
     "p2":17,
     "p3":20},
    {"p1":18,
     "p2":19,
     "p3":20},
    {"p1":12,
     "p2":21,
     "p3":42},
    {"p1":11,
     "p2":12,
     "p3":43},
    {"p1":12,
     "p2":42,
     "p3":43},
    {"p1":74,
     "p2":75,
     "p3":94},
    {"p1":75,
     "p2":76,
     "p3":94},
    {"p1":73,
     "p2":74,
     "p3":94},
    {"p1":72,
     "p2":73,
     "p3":94},
    {"p1":77,
     "p2":78,
     "p3":94},
    {"p1":76,
     "p2":77,
     "p3":94},
    {"p1":71,
     "p2":72,
     "p3":96},
    {"p1":71,
     "p2":96,
     "p3":97},
    {"p1":8,
     "p2":99,
     "p3":100},
    {"p1":8,
     "p2":98,
     "p3":99},
    {"p1":82,
     "p2":83,
     "p3":94},
    {"p1":83,
     "p2":84,
     "p3":94},
    {"p1":50,
     "p2":51,
     "p3":54},
    {"p1":51,
     "p2":53,
     "p3":54},
    {"p1":51,
     "p2":52,
     "p3":53},
    {"p1":61,
     "p2":65,
     "p3":66},
    {"p1":4,
     "p2":5,
     "p3":6},
    {"p1":0,
     "p2":1,
     "p3":8},
    {"p1":8,
     "p2":100,
     "p3":102},
    {"p1":100,
     "p2":101,
     "p3":102},
    {"p1":0,
     "p2":8,
     "p3":102},
    {"p1":0,
     "p2":102,
     "p3":103},
    {"p1":13,
     "p2":16,
     "p3":20},
    {"p1":13,
     "p2":20,
     "p3":21},
    {"p1":12,
     "p2":13,
     "p3":21},
    {"p1":72,
     "p2":94,
     "p3":95},
    {"p1":72,
     "p2":95,
     "p3":96},
    {"p1":61,
     "p2":67,
     "p3":68},
    {"p1":61,
     "p2":66,
     "p3":67},
    {"p1":45,
     "p2":46,
     "p3":47},
    {"p1":70,
     "p2":71,
     "p3":97},
    {"p1":44,
     "p2":69,
     "p3":70},
    {"p1":44,
     "p2":70,
     "p3":97},
    {"p1":45,
     "p2":48,
     "p3":49},
    {"p1":45,
     "p2":47,
     "p3":48},
    {"p1":13,
     "p2":15,
     "p3":16},
    {"p1":13,
     "p2":14,
     "p3":15}]
}