{"points":[
    {"x":0.023585,
     "y":0.5283},
    {"x":0.023585,
     "y":0.56604},
    {"x":0.037736,
     "y":0.60377},
    {"x":0.066038,
     "y":0.63679},
    {"x":0.099057,
     "y":0.66038},
    {"x":0.13208,
     "y":0.64151},
    {"x":0.15566,
     "y":0.60377},
    {"x":0.18868,
     "y":0.58491},
    {"x":0.22642,
     "y":0.58962},
    {"x":0.26415,
     "y":0.59434},
    {"x":0.26887,
     "y":0.63208},
    {"x":0.25,
     "y":0.66981},
    {"x":0.24057,
     "y":0.70283},
    {"x":0.20283,
     "y":0.70755},
    {"x":0.16981,
     "y":0.73113},
    {"x":0.16038,
     "y":0.76887},
    {"x":0.16509,
     "y":0.8066},
    {"x":0.1934,
     "y":0.84434},
    {"x":0.23113,
     "y":0.85377},
    {"x":0.26415,
     "y":0.87264},
    {"x":0.2783,
     "y":0.91038},
    {"x":0.2783,
     "y":0.94811},
    {"x":0.28774,
     "y":0.98585},
    {"x":0.32075,
     "y":1},
    {"x":0.35849,
     "y":0.98585},
    {"x":0.39623,
     "y":0.96698},
    {"x":0.43396,
     "y":0.96226},
    {"x":0.4717,
     "y":0.96226},
    {"x":0.50943,
     "y":0.96226},
    {"x":0.54717,
     "y":0.96226},
    {"x":0.58491,
     "y":0.97642},
    {"x":0.62264,
     "y":0.98113},
    {"x":0.64151,
     "y":0.94811},
    {"x":0.66981,
     "y":0.91038},
    {"x":0.70283,
     "y":0.87736},
    {"x":0.71698,
     "y":0.83962},
    {"x":0.71698,
     "y":0.8066},
    {"x":0.7217,
     "y":0.76887},
    {"x":0.68868,
     "y":0.73585},
    {"x":0.66038,
     "y":0.71226},
    {"x":0.62264,
     "y":0.70283},
    {"x":0.59434,
     "y":0.67453},
    {"x":0.61792,
     "y":0.65566},
    {"x":0.64623,
     "y":0.62736},
    {"x":0.68396,
     "y":0.61792},
    {"x":0.71698,
     "y":0.60849},
    {"x":0.73585,
     "y":0.57075},
    {"x":0.77358,
     "y":0.53774},
    {"x":0.8066,
     "y":0.50472},
    {"x":0.83491,
     "y":0.46698},
    {"x":0.86321,
     "y":0.42925},
    {"x":0.87736,
     "y":0.39151},
    {"x":0.87736,
     "y":0.35377},
    {"x":0.84906,
     "y":0.31604},
    {"x":0.86321,
     "y":0.2783},
    {"x":0.86792,
     "y":0.24057},
    {"x":0.86792,
     "y":0.20283},
    {"x":0.85849,
     "y":0.16509},
    {"x":0.83962,
     "y":0.12736},
    {"x":0.81132,
     "y":0.089623},
    {"x":0.7783,
     "y":0.051887},
    {"x":0.74057,
     "y":0.014151},
    {"x":0.70755,
     "y":0},
    {"x":0.66981,
     "y":0},
    {"x":0.63208,
     "y":0.033019},
    {"x":0.59434,
     "y":0.056604},
    {"x":0.5566,
     "y":0.066038},
    {"x":0.51887,
     "y":0.070755},
    {"x":0.48113,
     "y":0.066038},
    {"x":0.4434,
     "y":0.061321},
    {"x":0.40566,
     "y":0.061321},
    {"x":0.36792,
     "y":0.066038},
    {"x":0.33491,
     "y":0.089623},
    {"x":0.30189,
     "y":0.09434},
    {"x":0.27358,
     "y":0.061321},
    {"x":0.23585,
     "y":0.061321},
    {"x":0.19811,
     "y":0.061321},
    {"x":0.16038,
     "y":0.051887},
    {"x":0.12264,
     "y":0.051887},
    {"x":0.084906,
     "y":0.061321},
    {"x":0.061321,
     "y":0.099057},
    {"x":0.042453,
     "y":0.13679},
    {"x":0.018868,
     "y":0.17453},
    {"x":0.004717,
     "y":0.21226},
    {"x":0,
     "y":0.25},
    {"x":0,
     "y":0.28774},
    {"x":0.014151,
     "y":0.32075},
    {"x":0.051887,
     "y":0.32547},
    {"x":0.089623,
     "y":0.33019},
    {"x":0.12264,
     "y":0.30189},
    {"x":0.14623,
     "y":0.26887},
    {"x":0.18396,
     "y":0.23585},
    {"x":0.20283,
     "y":0.25472},
    {"x":0.20283,
     "y":0.29245},
    {"x":0.19811,
     "y":0.33019},
    {"x":0.18868,
     "y":0.36792},
    {"x":0.15566,
     "y":0.39623},
    {"x":0.12264,
     "y":0.42453},
    {"x":0.084906,
     "y":0.43868},
    {"x":0.04717,
     "y":0.45755},
    {"x":0.028302,
     "y":0.49528},
    {"x":0.023585,
     "y":0.5283}],
 "triangles":[
    {"p1":9,
     "p2":43,
     "p3":94},
    {"p1":43,
     "p2":67,
     "p3":94},
    {"p1":53,
     "p2":66,
     "p3":67},
    {"p1":53,
     "p2":65,
     "p3":66},
    {"p1":50,
     "p2":51,
     "p3":53},
    {"p1":49,
     "p2":50,
     "p3":53},
    {"p1":9,
     "p2":10,
     "p3":41},
    {"p1":12,
     "p2":19,
     "p3":41},
    {"p1":12,
     "p2":18,
     "p3":19},
    {"p1":61,
     "p2":62,
     "p3":64},
    {"p1":62,
     "p2":63,
     "p3":64},
    {"p1":78,
     "p2":79,
     "p3":80},
    {"p1":77,
     "p2":78,
     "p3":80},
    {"p1":51,
     "p2":52,
     "p3":53},
    {"p1":53,
     "p2":55,
     "p3":65},
    {"p1":55,
     "p2":58,
     "p3":65},
    {"p1":55,
     "p2":56,
     "p3":57},
    {"p1":55,
     "p2":57,
     "p3":58},
    {"p1":46,
     "p2":53,
     "p3":67},
    {"p1":43,
     "p2":46,
     "p3":67},
    {"p1":43,
     "p2":44,
     "p3":46},
    {"p1":44,
     "p2":45,
     "p3":46},
    {"p1":11,
     "p2":12,
     "p3":41},
    {"p1":10,
     "p2":11,
     "p3":41},
    {"p1":26,
     "p2":27,
     "p3":41},
    {"p1":19,
     "p2":26,
     "p3":41},
    {"p1":36,
     "p2":37,
     "p3":38},
    {"p1":27,
     "p2":28,
     "p3":41},
    {"p1":58,
     "p2":59,
     "p3":65},
    {"p1":59,
     "p2":64,
     "p3":65},
    {"p1":73,
     "p2":74,
     "p3":75},
    {"p1":82,
     "p2":83,
     "p3":90},
    {"p1":83,
     "p2":84,
     "p3":90},
    {"p1":67,
     "p2":93,
     "p3":94},
    {"p1":53,
     "p2":54,
     "p3":55},
    {"p1":46,
     "p2":47,
     "p3":53},
    {"p1":16,
     "p2":17,
     "p3":18},
    {"p1":98,
     "p2":99,
     "p3":100},
    {"p1":7,
     "p2":97,
     "p3":98},
    {"p1":7,
     "p2":96,
     "p3":97},
    {"p1":7,
     "p2":8,
     "p3":96},
    {"p1":13,
     "p2":14,
     "p3":15},
    {"p1":12,
     "p2":13,
     "p3":15},
    {"p1":15,
     "p2":16,
     "p3":18},
    {"p1":12,
     "p2":15,
     "p3":18},
    {"p1":19,
     "p2":25,
     "p3":26},
    {"p1":9,
     "p2":41,
     "p3":42},
    {"p1":9,
     "p2":42,
     "p3":43},
    {"p1":28,
     "p2":40,
     "p3":41},
    {"p1":28,
     "p2":29,
     "p3":40},
    {"p1":36,
     "p2":38,
     "p3":40},
    {"p1":38,
     "p2":39,
     "p3":40},
    {"p1":60,
     "p2":61,
     "p3":64},
    {"p1":59,
     "p2":60,
     "p3":64},
    {"p1":85,
     "p2":86,
     "p3":87},
    {"p1":84,
     "p2":85,
     "p3":87},
    {"p1":87,
     "p2":88,
     "p3":89},
    {"p1":84,
     "p2":89,
     "p3":90},
    {"p1":84,
     "p2":87,
     "p3":89},
    {"p1":81,
     "p2":82,
     "p3":90},
    {"p1":70,
     "p2":71,
     "p3":72},
    {"p1":69,
     "p2":70,
     "p3":72},
    {"p1":67,
     "p2":68,
     "p3":93},
    {"p1":68,
     "p2":69,
     "p3":72},
    {"p1":68,
     "p2":72,
     "p3":93},
    {"p1":72,
     "p2":73,
     "p3":92},
    {"p1":72,
     "p2":92,
     "p3":93},
    {"p1":48,
     "p2":49,
     "p3":53},
    {"p1":47,
     "p2":48,
     "p3":53},
    {"p1":21,
     "p2":23,
     "p3":24},
    {"p1":21,
     "p2":22,
     "p3":23},
    {"p1":2,
     "p2":3,
     "p3":6},
    {"p1":1,
     "p2":2,
     "p3":6},
    {"p1":0,
     "p2":1,
     "p3":6},
    {"p1":6,
     "p2":7,
     "p3":98},
    {"p1":0,
     "p2":6,
     "p3":100},
    {"p1":6,
     "p2":98,
     "p3":100},
    {"p1":3,
     "p2":4,
     "p3":5},
    {"p1":3,
     "p2":5,
     "p3":6},
    {"p1":29,
     "p2":33,
     "p3":40},
    {"p1":33,
     "p2":36,
     "p3":40},
    {"p1":9,
     "p2":94,
     "p3":95},
    {"p1":8,
     "p2":9,
     "p3":95},
    {"p1":8,
     "p2":95,
     "p3":96},
    {"p1":80,
     "p2":81,
     "p3":91},
    {"p1":81,
     "p2":90,
     "p3":91},
    {"p1":77,
     "p2":80,
     "p3":91},
    {"p1":76,
     "p2":77,
     "p3":91},
    {"p1":75,
     "p2":76,
     "p3":91},
    {"p1":73,
     "p2":75,
     "p3":91},
    {"p1":73,
     "p2":91,
     "p3":92},
    {"p1":19,
     "p2":20,
     "p3":25},
    {"p1":20,
     "p2":24,
     "p3":25},
    {"p1":20,
     "p2":21,
     "p3":24},
    {"p1":29,
     "p2":30,
     "p3":32},
    {"p1":29,
     "p2":32,
     "p3":33},
    {"p1":30,
     "p2":31,
     "p3":32},
    {"p1":33,
     "p2":34,
     "p3":36},
    {"p1":34,
     "p2":35,
     "p3":36}]
}