{"points":[
    {"x":0.014019,
     "y":0.52336},
    {"x":0.014019,
     "y":0.56075},
    {"x":0.028037,
     "y":0.59813},
    {"x":0.051402,
     "y":0.63551},
    {"x":0.084112,
     "y":0.66355},
    {"x":0.1215,
     "y":0.65888},
    {"x":0.14486,
     "y":0.6215},
    {"x":0.16355,
     "y":0.58411},
    {"x":0.19159,
     "y":0.56075},
    {"x":0.22897,
     "y":0.57009},
    {"x":0.26636,
     "y":0.58411},
    {"x":0.27103,
     "y":0.6215},
    {"x":0.25701,
     "y":0.65888},
    {"x":0.22897,
     "y":0.68692},
    {"x":0.19626,
     "y":0.71495},
    {"x":0.17757,
     "y":0.75234},
    {"x":0.16822,
     "y":0.78972},
    {"x":0.1729,
     "y":0.8271},
    {"x":0.20561,
     "y":0.85514},
    {"x":0.24299,
     "y":0.86916},
    {"x":0.28037,
     "y":0.87383},
    {"x":0.29439,
     "y":0.90187},
    {"x":0.28972,
     "y":0.93925},
    {"x":0.28972,
     "y":0.97664},
    {"x":0.3271,
     "y":1},
    {"x":0.36449,
     "y":0.99065},
    {"x":0.40187,
     "y":0.97664},
    {"x":0.43925,
     "y":0.96262},
    {"x":0.47664,
     "y":0.96262},
    {"x":0.51402,
     "y":0.96262},
    {"x":0.5514,
     "y":0.97664},
    {"x":0.58879,
     "y":0.99065},
    {"x":0.6215,
     "y":0.97196},
    {"x":0.64019,
     "y":0.93458},
    {"x":0.66822,
     "y":0.90654},
    {"x":0.69159,
     "y":0.86916},
    {"x":0.70561,
     "y":0.83645},
    {"x":0.7243,
     "y":0.79907},
    {"x":0.71495,
     "y":0.76168},
    {"x":0.69159,
     "y":0.7243},
    {"x":0.65888,
     "y":0.70561},
    {"x":0.63084,
     "y":0.68224},
    {"x":0.61215,
     "y":0.64486},
    {"x":0.64019,
     "y":0.60748},
    {"x":0.67757,
     "y":0.59813},
    {"x":0.71495,
     "y":0.59346},
    {"x":0.73364,
     "y":0.55607},
    {"x":0.77103,
     "y":0.51869},
    {"x":0.80374,
     "y":0.48131},
    {"x":0.84112,
     "y":0.44393},
    {"x":0.86916,
     "y":0.40654},
    {"x":0.88785,
     "y":0.36916},
    {"x":0.87383,
     "y":0.33178},
    {"x":0.85981,
     "y":0.29907},
    {"x":0.86916,
     "y":0.26168},
    {"x":0.86916,
     "y":0.2243},
    {"x":0.86916,
     "y":0.18692},
    {"x":0.85514,
     "y":0.14953},
    {"x":0.83645,
     "y":0.11215},
    {"x":0.81308,
     "y":0.074766},
    {"x":0.78972,
     "y":0.037383},
    {"x":0.75701,
     "y":0.0093458},
    {"x":0.71963,
     "y":0},
    {"x":0.68224,
     "y":0},
    {"x":0.64486,
     "y":0.018692},
    {"x":0.60748,
     "y":0.042056},
    {"x":0.57009,
     "y":0.074766},
    {"x":0.54206,
     "y":0.074766},
    {"x":0.50467,
     "y":0.060748},
    {"x":0.46729,
     "y":0.060748},
    {"x":0.42991,
     "y":0.060748},
    {"x":0.39252,
     "y":0.060748},
    {"x":0.35514,
     "y":0.079439},
    {"x":0.31776,
     "y":0.079439},
    {"x":0.28037,
     "y":0.056075},
    {"x":0.24766,
     "y":0.03271},
    {"x":0.21028,
     "y":0.023364},
    {"x":0.1729,
     "y":0.023364},
    {"x":0.13551,
     "y":0.023364},
    {"x":0.1028,
     "y":0.042056},
    {"x":0.074766,
     "y":0.079439},
    {"x":0.060748,
     "y":0.11682},
    {"x":0.046729,
     "y":0.15421},
    {"x":0.023364,
     "y":0.19159},
    {"x":0.014019,
     "y":0.22897},
    {"x":0,
     "y":0.26636},
    {"x":0,
     "y":0.30374},
    {"x":0.03271,
     "y":0.32243},
    {"x":0.070093,
     "y":0.3271},
    {"x":0.10748,
     "y":0.32243},
    {"x":0.14019,
     "y":0.29439},
    {"x":0.16822,
     "y":0.26636},
    {"x":0.20093,
     "y":0.23364},
    {"x":0.20561,
     "y":0.27103},
    {"x":0.20561,
     "y":0.30841},
    {"x":0.19626,
     "y":0.34579},
    {"x":0.18224,
     "y":0.38318},
    {"x":0.14486,
     "y":0.38785},
    {"x":0.10748,
     "y":0.3972},
    {"x":0.070093,
     "y":0.42056},
    {"x":0.037383,
     "y":0.45327},
    {"x":0.023364,
     "y":0.49065},
    {"x":0.014019,
     "y":0.52336}],
 "triangles":[
    {"p1":30,
     "p2":31,
     "p3":32},
    {"p1":10,
     "p2":42,
     "p3":43},
    {"p1":43,
     "p2":66,
     "p3":67},
    {"p1":12,
     "p2":20,
     "p3":42},
    {"p1":20,
     "p2":21,
     "p3":27},
    {"p1":8,
     "p2":98,
     "p3":99},
    {"p1":77,
     "p2":79,
     "p3":80},
    {"p1":77,
     "p2":78,
     "p3":79},
    {"p1":62,
     "p2":63,
     "p3":64},
    {"p1":60,
     "p2":62,
     "p3":64},
    {"p1":60,
     "p2":61,
     "p3":62},
    {"p1":21,
     "p2":26,
     "p3":27},
    {"p1":21,
     "p2":25,
     "p3":26},
    {"p1":43,
     "p2":67,
     "p3":94},
    {"p1":72,
     "p2":93,
     "p3":94},
    {"p1":1,
     "p2":2,
     "p3":7},
    {"p1":7,
     "p2":8,
     "p3":99},
    {"p1":10,
     "p2":11,
     "p3":42},
    {"p1":11,
     "p2":12,
     "p3":42},
    {"p1":22,
     "p2":24,
     "p3":25},
    {"p1":21,
     "p2":22,
     "p3":25},
    {"p1":0,
     "p2":1,
     "p3":7},
    {"p1":0,
     "p2":7,
     "p3":101},
    {"p1":85,
     "p2":86,
     "p3":87},
    {"p1":7,
     "p2":99,
     "p3":100},
    {"p1":7,
     "p2":100,
     "p3":101},
    {"p1":85,
     "p2":87,
     "p3":88},
    {"p1":72,
     "p2":92,
     "p3":93},
    {"p1":76,
     "p2":77,
     "p3":92},
    {"p1":77,
     "p2":80,
     "p3":92},
    {"p1":82,
     "p2":91,
     "p3":92},
    {"p1":75,
     "p2":76,
     "p3":92},
    {"p1":82,
     "p2":83,
     "p3":91},
    {"p1":48,
     "p2":53,
     "p3":66},
    {"p1":53,
     "p2":54,
     "p3":55},
    {"p1":53,
     "p2":55,
     "p3":66},
    {"p1":47,
     "p2":48,
     "p3":66},
    {"p1":67,
     "p2":69,
     "p3":94},
    {"p1":69,
     "p2":72,
     "p3":94},
    {"p1":8,
     "p2":9,
     "p3":96},
    {"p1":9,
     "p2":10,
     "p3":96},
    {"p1":2,
     "p2":6,
     "p3":7},
    {"p1":4,
     "p2":5,
     "p3":6},
    {"p1":22,
     "p2":23,
     "p3":24},
    {"p1":15,
     "p2":18,
     "p3":19},
    {"p1":14,
     "p2":19,
     "p3":20},
    {"p1":14,
     "p2":15,
     "p3":19},
    {"p1":72,
     "p2":73,
     "p3":92},
    {"p1":80,
     "p2":81,
     "p3":92},
    {"p1":81,
     "p2":82,
     "p3":92},
    {"p1":83,
     "p2":90,
     "p3":91},
    {"p1":88,
     "p2":89,
     "p3":90},
    {"p1":57,
     "p2":58,
     "p3":66},
    {"p1":55,
     "p2":57,
     "p3":66},
    {"p1":59,
     "p2":64,
     "p3":65},
    {"p1":59,
     "p2":60,
     "p3":64},
    {"p1":58,
     "p2":59,
     "p3":66},
    {"p1":59,
     "p2":65,
     "p3":66},
    {"p1":48,
     "p2":49,
     "p3":53},
    {"p1":43,
     "p2":46,
     "p3":66},
    {"p1":46,
     "p2":47,
     "p3":66},
    {"p1":43,
     "p2":44,
     "p3":46},
    {"p1":44,
     "p2":45,
     "p3":46},
    {"p1":70,
     "p2":71,
     "p3":72},
    {"p1":69,
     "p2":70,
     "p3":72},
    {"p1":67,
     "p2":68,
     "p3":69},
    {"p1":8,
     "p2":97,
     "p3":98},
    {"p1":8,
     "p2":96,
     "p3":97},
    {"p1":2,
     "p2":3,
     "p3":6},
    {"p1":3,
     "p2":4,
     "p3":6},
    {"p1":12,
     "p2":13,
     "p3":20},
    {"p1":13,
     "p2":14,
     "p3":20},
    {"p1":16,
     "p2":17,
     "p3":18},
    {"p1":15,
     "p2":16,
     "p3":18},
    {"p1":74,
     "p2":75,
     "p3":92},
    {"p1":73,
     "p2":74,
     "p3":92},
    {"p1":84,
     "p2":88,
     "p3":90},
    {"p1":83,
     "p2":84,
     "p3":90},
    {"p1":84,
     "p2":85,
     "p3":88},
    {"p1":10,
     "p2":95,
     "p3":96},
    {"p1":10,
     "p2":43,
     "p3":95},
    {"p1":43,
     "p2":94,
     "p3":95},
    {"p1":55,
     "p2":56,
     "p3":57},
    {"p1":30,
     "p2":32,
     "p3":33},
    {"p1":49,
     "p2":52,
     "p3":53},
    {"p1":49,
     "p2":50,
     "p3":52},
    {"p1":50,
     "p2":51,
     "p3":52},
    {"p1":29,
     "p2":33,
     "p3":34},
    {"p1":29,
     "p2":30,
     "p3":33},
    {"p1":34,
     "p2":35,
     "p3":40},
    {"p1":35,
     "p2":36,
     "p3":40},
    {"p1":38,
     "p2":39,
     "p3":40},
    {"p1":36,
     "p2":38,
     "p3":40},
    {"p1":36,
     "p2":37,
     "p3":38},
    {"p1":34,
     "p2":40,
     "p3":41},
    {"p1":29,
     "p2":34,
     "p3":41},
    {"p1":28,
     "p2":29,
     "p3":41},
    {"p1":27,
     "p2":28,
     "p3":41},
    {"p1":20,
     "p2":27,
     "p3":41},
    {"p1":20,
     "p2":41,
     "p3":42}]
}