{"points":[
    {"x":0.0046512,
     "y":0.53023},
    {"x":0.013953,
     "y":0.56744},
    {"x":0.032558,
     "y":0.60465},
    {"x":0.055814,
     "y":0.64186},
    {"x":0.093023,
     "y":0.64651},
    {"x":0.12558,
     "y":0.62791},
    {"x":0.14419,
     "y":0.5907},
    {"x":0.1814,
     "y":0.5814},
    {"x":0.2186,
     "y":0.5814},
    {"x":0.25581,
     "y":0.5814},
    {"x":0.28372,
     "y":0.6093},
    {"x":0.28372,
     "y":0.64651},
    {"x":0.24651,
     "y":0.67442},
    {"x":0.21395,
     "y":0.70233},
    {"x":0.17674,
     "y":0.72558},
    {"x":0.16279,
     "y":0.76279},
    {"x":0.16279,
     "y":0.8},
    {"x":0.17674,
     "y":0.83721},
    {"x":0.2093,
     "y":0.86512},
    {"x":0.24651,
     "y":0.87442},
    {"x":0.28372,
     "y":0.87442},
    {"x":0.29302,
     "y":0.90698},
    {"x":0.28372,
     "y":0.94419},
    {"x":0.28372,
     "y":0.9814},
    {"x":0.31628,
     "y":0.99535},
    {"x":0.35349,
     "y":0.99535},
    {"x":0.3907,
     "y":0.9814},
    {"x":0.42791,
     "y":0.95349},
    {"x":0.46512,
     "y":0.95349},
    {"x":0.50233,
     "y":0.95349},
    {"x":0.53953,
     "y":0.96279},
    {"x":0.57674,
     "y":0.9907},
    {"x":0.61395,
     "y":1},
    {"x":0.63721,
     "y":0.96279},
    {"x":0.65581,
     "y":0.93488},
    {"x":0.67907,
     "y":0.90233},
    {"x":0.71628,
     "y":0.87442},
    {"x":0.71163,
     "y":0.84651},
    {"x":0.71628,
     "y":0.81395},
    {"x":0.73023,
     "y":0.77674},
    {"x":0.71628,
     "y":0.73953},
    {"x":0.68372,
     "y":0.70698},
    {"x":0.64651,
     "y":0.69302},
    {"x":0.6093,
     "y":0.68837},
    {"x":0.61395,
     "y":0.65116},
    {"x":0.65116,
     "y":0.62791},
    {"x":0.68837,
     "y":0.60465},
    {"x":0.72558,
     "y":0.6093},
    {"x":0.74419,
     "y":0.57674},
    {"x":0.77674,
     "y":0.54884},
    {"x":0.80465,
     "y":0.51163},
    {"x":0.81395,
     "y":0.47442},
    {"x":0.84186,
     "y":0.43721},
    {"x":0.86512,
     "y":0.4},
    {"x":0.87442,
     "y":0.36279},
    {"x":0.84186,
     "y":0.32558},
    {"x":0.85116,
     "y":0.28837},
    {"x":0.86512,
     "y":0.25116},
    {"x":0.86047,
     "y":0.21395},
    {"x":0.85116,
     "y":0.17674},
    {"x":0.84186,
     "y":0.13953},
    {"x":0.82326,
     "y":0.10233},
    {"x":0.80465,
     "y":0.065116},
    {"x":0.76744,
     "y":0.027907},
    {"x":0.73023,
     "y":0.0093023},
    {"x":0.69302,
     "y":0},
    {"x":0.65581,
     "y":0},
    {"x":0.6186,
     "y":0.023256},
    {"x":0.5814,
     "y":0.04186},
    {"x":0.55349,
     "y":0.074419},
    {"x":0.52558,
     "y":0.088372},
    {"x":0.48837,
     "y":0.083721},
    {"x":0.45116,
     "y":0.07907},
    {"x":0.41395,
     "y":0.07907},
    {"x":0.37674,
     "y":0.07907},
    {"x":0.34419,
     "y":0.097674},
    {"x":0.30698,
     "y":0.07907},
    {"x":0.26977,
     "y":0.060465},
    {"x":0.23256,
     "y":0.046512},
    {"x":0.19535,
     "y":0.032558},
    {"x":0.15814,
     "y":0.032558},
    {"x":0.12093,
     "y":0.032558},
    {"x":0.088372,
     "y":0.051163},
    {"x":0.060465,
     "y":0.088372},
    {"x":0.055814,
     "y":0.12558},
    {"x":0.037209,
     "y":0.16279},
    {"x":0.027907,
     "y":0.2},
    {"x":0.0093023,
     "y":0.23721},
    {"x":0,
     "y":0.27442},
    {"x":0.013953,
     "y":0.31163},
    {"x":0.046512,
     "y":0.33953},
    {"x":0.083721,
     "y":0.34884},
    {"x":0.12093,
     "y":0.33488},
    {"x":0.15349,
     "y":0.29767},
    {"x":0.1814,
     "y":0.26512},
    {"x":0.1907,
     "y":0.28372},
    {"x":0.1907,
     "y":0.32093},
    {"x":0.1907,
     "y":0.35814},
    {"x":0.1907,
     "y":0.39535},
    {"x":0.1814,
     "y":0.43256},
    {"x":0.14419,
     "y":0.44186},
    {"x":0.10698,
     "y":0.44651},
    {"x":0.069767,
     "y":0.44651},
    {"x":0.032558,
     "y":0.46512},
    {"x":0,
     "y":0.49302},
    {"x":0.0046512,
     "y":0.53023},
    {"x":0.0046512,
     "y":0.53023}],
 "triangles":[
    {"p1":31,
     "p2":32,
     "p3":33},
    {"p1":45,
     "p2":46,
     "p3":70},
    {"p1":10,
     "p2":11,
     "p3":44},
    {"p1":28,
     "p2":29,
     "p3":43},
    {"p1":11,
     "p2":43,
     "p3":44},
    {"p1":11,
     "p2":20,
     "p3":43},
    {"p1":80,
     "p2":81,
     "p3":82},
    {"p1":80,
     "p2":82,
     "p3":84},
    {"p1":82,
     "p2":83,
     "p3":84},
    {"p1":16,
     "p2":17,
     "p3":18},
    {"p1":27,
     "p2":28,
     "p3":43},
    {"p1":20,
     "p2":27,
     "p3":43},
    {"p1":53,
     "p2":54,
     "p3":55},
    {"p1":55,
     "p2":69,
     "p3":70},
    {"p1":35,
     "p2":36,
     "p3":37},
    {"p1":35,
     "p2":37,
     "p3":43},
    {"p1":38,
     "p2":41,
     "p3":42},
    {"p1":38,
     "p2":42,
     "p3":43},
    {"p1":37,
     "p2":38,
     "p3":43},
    {"p1":38,
     "p2":39,
     "p3":40},
    {"p1":38,
     "p2":40,
     "p3":41},
    {"p1":46,
     "p2":47,
     "p3":48},
    {"p1":0,
     "p2":101,
     "p3":102},
    {"p1":0,
     "p2":103,
     "p3":104},
    {"p1":0,
     "p2":102,
     "p3":103},
    {"p1":10,
     "p2":44,
     "p3":98},
    {"p1":44,
     "p2":45,
     "p3":98},
    {"p1":45,
     "p2":70,
     "p3":98},
    {"p1":70,
     "p2":97,
     "p3":98},
    {"p1":80,
     "p2":84,
     "p3":94},
    {"p1":84,
     "p2":85,
     "p3":94},
    {"p1":85,
     "p2":86,
     "p3":94},
    {"p1":70,
     "p2":71,
     "p3":97},
    {"p1":87,
     "p2":88,
     "p3":89},
    {"p1":2,
     "p2":4,
     "p3":5},
    {"p1":2,
     "p2":3,
     "p3":4},
    {"p1":13,
     "p2":15,
     "p3":16},
    {"p1":22,
     "p2":23,
     "p3":24},
    {"p1":22,
     "p2":24,
     "p3":25},
    {"p1":46,
     "p2":48,
     "p3":51},
    {"p1":46,
     "p2":51,
     "p3":70},
    {"p1":51,
     "p2":55,
     "p3":70},
    {"p1":49,
     "p2":50,
     "p3":51},
    {"p1":48,
     "p2":49,
     "p3":51},
    {"p1":56,
     "p2":57,
     "p3":58},
    {"p1":55,
     "p2":56,
     "p3":69},
    {"p1":29,
     "p2":30,
     "p3":43},
    {"p1":30,
     "p2":35,
     "p3":43},
    {"p1":30,
     "p2":34,
     "p3":35},
    {"p1":30,
     "p2":33,
     "p3":34},
    {"p1":30,
     "p2":31,
     "p3":33},
    {"p1":7,
     "p2":99,
     "p3":100},
    {"p1":7,
     "p2":8,
     "p3":99},
    {"p1":0,
     "p2":6,
     "p3":101},
    {"p1":2,
     "p2":5,
     "p3":6},
    {"p1":6,
     "p2":100,
     "p3":101},
    {"p1":6,
     "p2":7,
     "p3":100},
    {"p1":90,
     "p2":91,
     "p3":92},
    {"p1":87,
     "p2":89,
     "p3":90},
    {"p1":87,
     "p2":90,
     "p3":92},
    {"p1":9,
     "p2":10,
     "p3":98},
    {"p1":9,
     "p2":98,
     "p3":99},
    {"p1":8,
     "p2":9,
     "p3":99},
    {"p1":75,
     "p2":94,
     "p3":95},
    {"p1":86,
     "p2":93,
     "p3":94},
    {"p1":86,
     "p2":87,
     "p3":93},
    {"p1":87,
     "p2":92,
     "p3":93},
    {"p1":71,
     "p2":96,
     "p3":97},
    {"p1":71,
     "p2":75,
     "p3":96},
    {"p1":75,
     "p2":95,
     "p3":96},
    {"p1":60,
     "p2":61,
     "p3":69},
    {"p1":59,
     "p2":60,
     "p3":69},
    {"p1":56,
     "p2":58,
     "p3":59},
    {"p1":56,
     "p2":59,
     "p3":69},
    {"p1":11,
     "p2":12,
     "p3":20},
    {"p1":12,
     "p2":13,
     "p3":20},
    {"p1":13,
     "p2":14,
     "p3":15},
    {"p1":13,
     "p2":19,
     "p3":20},
    {"p1":16,
     "p2":18,
     "p3":19},
    {"p1":13,
     "p2":16,
     "p3":19},
    {"p1":52,
     "p2":53,
     "p3":55},
    {"p1":51,
     "p2":52,
     "p3":55},
    {"p1":1,
     "p2":2,
     "p3":6},
    {"p1":0,
     "p2":1,
     "p3":6},
    {"p1":75,
     "p2":76,
     "p3":94},
    {"p1":71,
     "p2":72,
     "p3":75},
    {"p1":72,
     "p2":73,
     "p3":75},
    {"p1":76,
     "p2":77,
     "p3":94},
    {"p1":67,
     "p2":68,
     "p3":69},
    {"p1":61,
     "p2":67,
     "p3":69},
    {"p1":64,
     "p2":65,
     "p3":67},
    {"p1":63,
     "p2":64,
     "p3":67},
    {"p1":62,
     "p2":63,
     "p3":67},
    {"p1":61,
     "p2":62,
     "p3":67},
    {"p1":65,
     "p2":66,
     "p3":67},
    {"p1":20,
     "p2":21,
     "p3":27},
    {"p1":21,
     "p2":26,
     "p3":27},
    {"p1":21,
     "p2":22,
     "p3":25},
    {"p1":21,
     "p2":25,
     "p3":26},
    {"p1":73,
     "p2":74,
     "p3":75},
    {"p1":77,
     "p2":78,
     "p3":94},
    {"p1":78,
     "p2":79,
     "p3":80},
    {"p1":78,
     "p2":80,
     "p3":94}]
}