{"points":[
    {"x":0.0046083,
     "y":0.52995},
    {"x":0.0046083,
     "y":0.56682},
    {"x":0.0092166,
     "y":0.60369},
    {"x":0.02765,
     "y":0.63594},
    {"x":0.064516,
     "y":0.65899},
    {"x":0.10138,
     "y":0.66359},
    {"x":0.13825,
     "y":0.64055},
    {"x":0.1659,
     "y":0.60369},
    {"x":0.19355,
     "y":0.58525},
    {"x":0.23041,
     "y":0.58986},
    {"x":0.26728,
     "y":0.59908},
    {"x":0.26728,
     "y":0.63594},
    {"x":0.25806,
     "y":0.67281},
    {"x":0.23502,
     "y":0.69585},
    {"x":0.19816,
     "y":0.69585},
    {"x":0.17512,
     "y":0.7235},
    {"x":0.1659,
     "y":0.76037},
    {"x":0.16129,
     "y":0.79724},
    {"x":0.17972,
     "y":0.8341},
    {"x":0.21659,
     "y":0.85714},
    {"x":0.25346,
     "y":0.86175},
    {"x":0.29032,
     "y":0.86175},
    {"x":0.29032,
     "y":0.89862},
    {"x":0.28111,
     "y":0.93548},
    {"x":0.28571,
     "y":0.97235},
    {"x":0.31797,
     "y":0.99539},
    {"x":0.35484,
     "y":0.99078},
    {"x":0.39171,
     "y":0.96774},
    {"x":0.42857,
     "y":0.95853},
    {"x":0.46544,
     "y":0.95853},
    {"x":0.5023,
     "y":0.96774},
    {"x":0.53917,
     "y":0.98618},
    {"x":0.57604,
     "y":0.99539},
    {"x":0.6129,
     "y":1},
    {"x":0.64516,
     "y":0.98618},
    {"x":0.64977,
     "y":0.94931},
    {"x":0.6682,
     "y":0.92166},
    {"x":0.68203,
     "y":0.8894},
    {"x":0.70046,
     "y":0.85253},
    {"x":0.69124,
     "y":0.81567},
    {"x":0.71429,
     "y":0.78341},
    {"x":0.71429,
     "y":0.74654},
    {"x":0.69124,
     "y":0.71889},
    {"x":0.65438,
     "y":0.70046},
    {"x":0.61751,
     "y":0.69124},
    {"x":0.60829,
     "y":0.65899},
    {"x":0.62212,
     "y":0.62673},
    {"x":0.65438,
     "y":0.59908},
    {"x":0.69124,
     "y":0.59447},
    {"x":0.72811,
     "y":0.60369},
    {"x":0.73733,
     "y":0.56682},
    {"x":0.76498,
     "y":0.53456},
    {"x":0.80184,
     "y":0.5023},
    {"x":0.82949,
     "y":0.46544},
    {"x":0.84793,
     "y":0.42857},
    {"x":0.85714,
     "y":0.39171},
    {"x":0.85714,
     "y":0.35484},
    {"x":0.8341,
     "y":0.31797},
    {"x":0.85253,
     "y":0.28571},
    {"x":0.87558,
     "y":0.24885},
    {"x":0.87558,
     "y":0.21198},
    {"x":0.86175,
     "y":0.17512},
    {"x":0.84332,
     "y":0.13825},
    {"x":0.82949,
     "y":0.10138},
    {"x":0.80645,
     "y":0.064516},
    {"x":0.78341,
     "y":0.02765},
    {"x":0.74654,
     "y":0.0092166},
    {"x":0.70968,
     "y":0},
    {"x":0.67281,
     "y":0},
    {"x":0.63594,
     "y":0.013825},
    {"x":0.59908,
     "y":0.041475},
    {"x":0.56221,
     "y":0.069124},
    {"x":0.52995,
     "y":0.092166},
    {"x":0.49309,
     "y":0.073733},
    {"x":0.45622,
     "y":0.069124},
    {"x":0.41935,
     "y":0.069124},
    {"x":0.38249,
     "y":0.069124},
    {"x":0.34562,
     "y":0.087558},
    {"x":0.30876,
     "y":0.078341},
    {"x":0.27189,
     "y":0.059908},
    {"x":0.23502,
     "y":0.041475},
    {"x":0.19816,
     "y":0.041475},
    {"x":0.16129,
     "y":0.041475},
    {"x":0.12442,
     "y":0.032258},
    {"x":0.087558,
     "y":0.0553},
    {"x":0.069124,
     "y":0.092166},
    {"x":0.064516,
     "y":0.12903},
    {"x":0.050691,
     "y":0.1659},
    {"x":0.018433,
     "y":0.19816},
    {"x":0,
     "y":0.23041},
    {"x":0,
     "y":0.26728},
    {"x":0,
     "y":0.30415},
    {"x":0.032258,
     "y":0.32719},
    {"x":0.069124,
     "y":0.34101},
    {"x":0.10599,
     "y":0.34101},
    {"x":0.13825,
     "y":0.31797},
    {"x":0.15668,
     "y":0.28111},
    {"x":0.18894,
     "y":0.24424},
    {"x":0.20737,
     "y":0.25346},
    {"x":0.20737,
     "y":0.29032},
    {"x":0.20737,
     "y":0.32719},
    {"x":0.20737,
     "y":0.36406},
    {"x":0.18894,
     "y":0.39631},
    {"x":0.15207,
     "y":0.40092},
    {"x":0.11521,
     "y":0.40092},
    {"x":0.078341,
     "y":0.40553},
    {"x":0.041475,
     "y":0.42857},
    {"x":0.023041,
     "y":0.46544},
    {"x":0.0046083,
     "y":0.5023},
    {"x":0.0046083,
     "y":0.52995}],
 "triangles":[
    {"p1":82,
     "p2":84,
     "p3":85},
    {"p1":82,
     "p2":83,
     "p3":84},
    {"p1":64,
     "p2":65,
     "p3":66},
    {"p1":47,
     "p2":57,
     "p3":72},
    {"p1":0,
     "p2":1,
     "p3":7},
    {"p1":7,
     "p2":104,
     "p3":107},
    {"p1":0,
     "p2":7,
     "p3":107},
    {"p1":52,
     "p2":53,
     "p3":57},
    {"p1":47,
     "p2":48,
     "p3":50},
    {"p1":48,
     "p2":49,
     "p3":50},
    {"p1":39,
     "p2":40,
     "p3":42},
    {"p1":30,
     "p2":39,
     "p3":44},
    {"p1":30,
     "p2":37,
     "p3":39},
    {"p1":33,
     "p2":34,
     "p3":35},
    {"p1":32,
     "p2":33,
     "p3":35},
    {"p1":10,
     "p2":45,
     "p3":46},
    {"p1":104,
     "p2":105,
     "p3":107},
    {"p1":105,
     "p2":106,
     "p3":107},
    {"p1":10,
     "p2":46,
     "p3":101},
    {"p1":46,
     "p2":47,
     "p3":101},
    {"p1":47,
     "p2":72,
     "p3":101},
    {"p1":53,
     "p2":54,
     "p3":57},
    {"p1":54,
     "p2":55,
     "p3":57},
    {"p1":55,
     "p2":56,
     "p3":57},
    {"p1":58,
     "p2":59,
     "p3":60},
    {"p1":58,
     "p2":60,
     "p3":61},
    {"p1":58,
     "p2":61,
     "p3":62},
    {"p1":57,
     "p2":58,
     "p3":62},
    {"p1":12,
     "p2":21,
     "p3":44},
    {"p1":12,
     "p2":44,
     "p3":45},
    {"p1":37,
     "p2":38,
     "p3":39},
    {"p1":40,
     "p2":41,
     "p3":42},
    {"p1":47,
     "p2":50,
     "p3":51},
    {"p1":47,
     "p2":51,
     "p3":57},
    {"p1":51,
     "p2":52,
     "p3":57},
    {"p1":39,
     "p2":43,
     "p3":44},
    {"p1":39,
     "p2":42,
     "p3":43},
    {"p1":30,
     "p2":36,
     "p3":37},
    {"p1":30,
     "p2":35,
     "p3":36},
    {"p1":31,
     "p2":32,
     "p3":35},
    {"p1":30,
     "p2":31,
     "p3":35},
    {"p1":90,
     "p2":91,
     "p3":92},
    {"p1":88,
     "p2":89,
     "p3":90},
    {"p1":0,
     "p2":107,
     "p3":108},
    {"p1":10,
     "p2":101,
     "p3":102},
    {"p1":86,
     "p2":87,
     "p3":97},
    {"p1":82,
     "p2":85,
     "p3":86},
    {"p1":82,
     "p2":86,
     "p3":97},
    {"p1":87,
     "p2":88,
     "p3":96},
    {"p1":87,
     "p2":96,
     "p3":97},
    {"p1":88,
     "p2":90,
     "p3":96},
    {"p1":67,
     "p2":68,
     "p3":69},
    {"p1":64,
     "p2":66,
     "p3":67},
    {"p1":64,
     "p2":67,
     "p3":69},
    {"p1":10,
     "p2":11,
     "p3":45},
    {"p1":11,
     "p2":12,
     "p3":45},
    {"p1":16,
     "p2":19,
     "p3":20},
    {"p1":16,
     "p2":17,
     "p3":18},
    {"p1":16,
     "p2":18,
     "p3":19},
    {"p1":3,
     "p2":4,
     "p3":6},
    {"p1":2,
     "p2":3,
     "p3":6},
    {"p1":1,
     "p2":2,
     "p3":6},
    {"p1":1,
     "p2":6,
     "p3":7},
    {"p1":21,
     "p2":22,
     "p3":27},
    {"p1":21,
     "p2":27,
     "p3":28},
    {"p1":7,
     "p2":8,
     "p3":104},
    {"p1":8,
     "p2":103,
     "p3":104},
    {"p1":8,
     "p2":102,
     "p3":103},
    {"p1":90,
     "p2":92,
     "p3":93},
    {"p1":90,
     "p2":93,
     "p3":96},
    {"p1":81,
     "p2":82,
     "p3":97},
    {"p1":62,
     "p2":63,
     "p3":70},
    {"p1":63,
     "p2":64,
     "p3":70},
    {"p1":64,
     "p2":69,
     "p3":70},
    {"p1":72,
     "p2":74,
     "p3":75},
    {"p1":4,
     "p2":5,
     "p3":6},
    {"p1":13,
     "p2":16,
     "p3":20},
    {"p1":12,
     "p2":13,
     "p3":21},
    {"p1":13,
     "p2":20,
     "p3":21},
    {"p1":13,
     "p2":14,
     "p3":15},
    {"p1":13,
     "p2":15,
     "p3":16},
    {"p1":23,
     "p2":24,
     "p3":25},
    {"p1":29,
     "p2":30,
     "p3":44},
    {"p1":21,
     "p2":29,
     "p3":44},
    {"p1":21,
     "p2":28,
     "p3":29},
    {"p1":23,
     "p2":25,
     "p3":26},
    {"p1":22,
     "p2":26,
     "p3":27},
    {"p1":22,
     "p2":23,
     "p3":26},
    {"p1":9,
     "p2":10,
     "p3":102},
    {"p1":8,
     "p2":9,
     "p3":102},
    {"p1":72,
     "p2":100,
     "p3":101},
    {"p1":72,
     "p2":99,
     "p3":100},
    {"p1":93,
     "p2":95,
     "p3":96},
    {"p1":79,
     "p2":81,
     "p3":97},
    {"p1":79,
     "p2":80,
     "p3":81},
    {"p1":79,
     "p2":97,
     "p3":98},
    {"p1":78,
     "p2":79,
     "p3":98},
    {"p1":72,
     "p2":73,
     "p3":74},
    {"p1":75,
     "p2":76,
     "p3":77},
    {"p1":77,
     "p2":78,
     "p3":98},
    {"p1":77,
     "p2":98,
     "p3":99},
    {"p1":72,
     "p2":77,
     "p3":99},
    {"p1":72,
     "p2":75,
     "p3":77},
    {"p1":93,
     "p2":94,
     "p3":95},
    {"p1":62,
     "p2":70,
     "p3":71},
    {"p1":57,
     "p2":71,
     "p3":72},
    {"p1":57,
     "p2":62,
     "p3":71}]
}