{"points":[
    {"x":0.028302,
     "y":0.51887},
    {"x":0.028302,
     "y":0.5566},
    {"x":0.033019,
     "y":0.59434},
    {"x":0.04717,
     "y":0.63208},
    {"x":0.084906,
     "y":0.65566},
    {"x":0.12264,
     "y":0.65094},
    {"x":0.16038,
     "y":0.63679},
    {"x":0.18396,
     "y":0.60849},
    {"x":0.1934,
     "y":0.58019},
    {"x":0.22642,
     "y":0.59434},
    {"x":0.26415,
     "y":0.59434},
    {"x":0.28302,
     "y":0.61792},
    {"x":0.25472,
     "y":0.65094},
    {"x":0.23585,
     "y":0.68396},
    {"x":0.19811,
     "y":0.68868},
    {"x":0.16981,
     "y":0.71698},
    {"x":0.15566,
     "y":0.75472},
    {"x":0.16038,
     "y":0.79245},
    {"x":0.17453,
     "y":0.83019},
    {"x":0.20755,
     "y":0.85377},
    {"x":0.24528,
     "y":0.86321},
    {"x":0.28302,
     "y":0.87736},
    {"x":0.28774,
     "y":0.91509},
    {"x":0.28302,
     "y":0.95283},
    {"x":0.3066,
     "y":0.99057},
    {"x":0.33962,
     "y":1},
    {"x":0.37736,
     "y":0.98585},
    {"x":0.41509,
     "y":0.96698},
    {"x":0.45283,
     "y":0.96698},
    {"x":0.49057,
     "y":0.96698},
    {"x":0.5283,
     "y":0.97642},
    {"x":0.56604,
     "y":0.98585},
    {"x":0.60377,
     "y":0.98113},
    {"x":0.64151,
     "y":0.95755},
    {"x":0.66038,
     "y":0.91981},
    {"x":0.68396,
     "y":0.88208},
    {"x":0.71226,
     "y":0.85377},
    {"x":0.7217,
     "y":0.81604},
    {"x":0.73113,
     "y":0.7783},
    {"x":0.73113,
     "y":0.74057},
    {"x":0.70755,
     "y":0.70755},
    {"x":0.66981,
     "y":0.6934},
    {"x":0.63208,
     "y":0.67453},
    {"x":0.62264,
     "y":0.63679},
    {"x":0.64151,
     "y":0.60377},
    {"x":0.67925,
     "y":0.60849},
    {"x":0.71698,
     "y":0.60377},
    {"x":0.75472,
     "y":0.57547},
    {"x":0.78302,
     "y":0.53774},
    {"x":0.81132,
     "y":0.5},
    {"x":0.83962,
     "y":0.46698},
    {"x":0.87264,
     "y":0.43868},
    {"x":0.89623,
     "y":0.40094},
    {"x":0.90566,
     "y":0.36321},
    {"x":0.90094,
     "y":0.32547},
    {"x":0.86792,
     "y":0.29245},
    {"x":0.86792,
     "y":0.25472},
    {"x":0.86321,
     "y":0.21698},
    {"x":0.84906,
     "y":0.17925},
    {"x":0.84434,
     "y":0.14151},
    {"x":0.83491,
     "y":0.10377},
    {"x":0.81604,
     "y":0.066038},
    {"x":0.79245,
     "y":0.028302},
    {"x":0.75943,
     "y":0},
    {"x":0.7217,
     "y":0},
    {"x":0.68396,
     "y":0.009434},
    {"x":0.64623,
     "y":0.014151},
    {"x":0.60849,
     "y":0.037736},
    {"x":0.57075,
     "y":0.066038},
    {"x":0.54245,
     "y":0.080189},
    {"x":0.50943,
     "y":0.051887},
    {"x":0.4717,
     "y":0.042453},
    {"x":0.43396,
     "y":0.042453},
    {"x":0.39623,
     "y":0.056604},
    {"x":0.35849,
     "y":0.080189},
    {"x":0.32075,
     "y":0.066038},
    {"x":0.28302,
     "y":0.04717},
    {"x":0.24528,
     "y":0.028302},
    {"x":0.20755,
     "y":0.018868},
    {"x":0.16981,
     "y":0.014151},
    {"x":0.13208,
     "y":0.023585},
    {"x":0.09434,
     "y":0.037736},
    {"x":0.061321,
     "y":0.075472},
    {"x":0.042453,
     "y":0.11321},
    {"x":0.023585,
     "y":0.15094},
    {"x":0.004717,
     "y":0.18868},
    {"x":0,
     "y":0.22642},
    {"x":0,
     "y":0.26415},
    {"x":0.009434,
     "y":0.30189},
    {"x":0.042453,
     "y":0.32547},
    {"x":0.080189,
     "y":0.33962},
    {"x":0.11792,
     "y":0.33962},
    {"x":0.15094,
     "y":0.31132},
    {"x":0.17453,
     "y":0.27358},
    {"x":0.1934,
     "y":0.23585},
    {"x":0.2217,
     "y":0.21226},
    {"x":0.22642,
     "y":0.25},
    {"x":0.22642,
     "y":0.28774},
    {"x":0.21698,
     "y":0.32547},
    {"x":0.20755,
     "y":0.36321},
    {"x":0.18396,
     "y":0.38208},
    {"x":0.14623,
     "y":0.39151},
    {"x":0.10849,
     "y":0.41038},
    {"x":0.070755,
     "y":0.43396},
    {"x":0.033019,
     "y":0.46698},
    {"x":0.028302,
     "y":0.50472},
    {"x":0.028302,
     "y":0.51887}],
 "triangles":[
    {"p1":11,
     "p2":21,
     "p3":42},
    {"p1":21,
     "p2":28,
     "p3":42},
    {"p1":44,
     "p2":69,
     "p3":97},
    {"p1":53,
     "p2":54,
     "p3":55},
    {"p1":58,
     "p2":68,
     "p3":69},
    {"p1":58,
     "p2":67,
     "p3":68},
    {"p1":11,
     "p2":43,
     "p3":44},
    {"p1":11,
     "p2":42,
     "p3":43},
    {"p1":28,
     "p2":29,
     "p3":42},
    {"p1":80,
     "p2":81,
     "p3":82},
    {"p1":13,
     "p2":20,
     "p3":21},
    {"p1":13,
     "p2":15,
     "p3":16},
    {"p1":2,
     "p2":3,
     "p3":5},
    {"p1":44,
     "p2":49,
     "p3":69},
    {"p1":49,
     "p2":55,
     "p3":69},
    {"p1":56,
     "p2":58,
     "p3":69},
    {"p1":55,
     "p2":56,
     "p3":69},
    {"p1":62,
     "p2":63,
     "p3":64},
    {"p1":62,
     "p2":64,
     "p3":65},
    {"p1":58,
     "p2":59,
     "p3":67},
    {"p1":69,
     "p2":74,
     "p3":97},
    {"p1":21,
     "p2":27,
     "p3":28},
    {"p1":21,
     "p2":22,
     "p3":27},
    {"p1":22,
     "p2":26,
     "p3":27},
    {"p1":31,
     "p2":32,
     "p3":34},
    {"p1":32,
     "p2":33,
     "p3":34},
    {"p1":30,
     "p2":31,
     "p3":34},
    {"p1":29,
     "p2":30,
     "p3":34},
    {"p1":10,
     "p2":11,
     "p3":44},
    {"p1":10,
     "p2":44,
     "p3":99},
    {"p1":44,
     "p2":97,
     "p3":98},
    {"p1":44,
     "p2":98,
     "p3":99},
    {"p1":85,
     "p2":86,
     "p3":93},
    {"p1":1,
     "p2":2,
     "p3":8},
    {"p1":0,
     "p2":1,
     "p3":8},
    {"p1":13,
     "p2":16,
     "p3":17},
    {"p1":13,
     "p2":17,
     "p3":20},
    {"p1":3,
     "p2":4,
     "p3":5},
    {"p1":2,
     "p2":7,
     "p3":8},
    {"p1":2,
     "p2":5,
     "p3":7},
    {"p1":49,
     "p2":50,
     "p3":55},
    {"p1":56,
     "p2":57,
     "p3":58},
    {"p1":65,
     "p2":66,
     "p3":67},
    {"p1":60,
     "p2":65,
     "p3":67},
    {"p1":59,
     "p2":60,
     "p3":67},
    {"p1":78,
     "p2":79,
     "p3":95},
    {"p1":79,
     "p2":80,
     "p3":95},
    {"p1":80,
     "p2":82,
     "p3":95},
    {"p1":82,
     "p2":83,
     "p3":95},
    {"p1":35,
     "p2":36,
     "p3":37},
    {"p1":29,
     "p2":35,
     "p3":42},
    {"p1":29,
     "p2":34,
     "p3":35},
    {"p1":44,
     "p2":48,
     "p3":49},
    {"p1":38,
     "p2":40,
     "p3":41},
    {"p1":37,
     "p2":38,
     "p3":41},
    {"p1":35,
     "p2":41,
     "p3":42},
    {"p1":35,
     "p2":37,
     "p3":41},
    {"p1":23,
     "p2":24,
     "p3":25},
    {"p1":23,
     "p2":25,
     "p3":26},
    {"p1":22,
     "p2":23,
     "p3":26},
    {"p1":8,
     "p2":10,
     "p3":100},
    {"p1":10,
     "p2":99,
     "p3":100},
    {"p1":0,
     "p2":8,
     "p3":103},
    {"p1":8,
     "p2":102,
     "p3":103},
    {"p1":86,
     "p2":87,
     "p3":93},
    {"p1":87,
     "p2":92,
     "p3":93},
    {"p1":87,
     "p2":88,
     "p3":89},
    {"p1":87,
     "p2":89,
     "p3":92},
    {"p1":17,
     "p2":18,
     "p3":19},
    {"p1":17,
     "p2":19,
     "p3":20},
    {"p1":11,
     "p2":12,
     "p3":21},
    {"p1":12,
     "p2":13,
     "p3":21},
    {"p1":5,
     "p2":6,
     "p3":7},
    {"p1":50,
     "p2":51,
     "p3":55},
    {"p1":61,
     "p2":62,
     "p3":65},
    {"p1":60,
     "p2":61,
     "p3":65},
    {"p1":74,
     "p2":96,
     "p3":97},
    {"p1":74,
     "p2":95,
     "p3":96},
    {"p1":69,
     "p2":70,
     "p3":71},
    {"p1":45,
     "p2":46,
     "p3":47},
    {"p1":44,
     "p2":45,
     "p3":47},
    {"p1":44,
     "p2":47,
     "p3":48},
    {"p1":8,
     "p2":101,
     "p3":102},
    {"p1":8,
     "p2":100,
     "p3":101},
    {"p1":103,
     "p2":104,
     "p3":105},
    {"p1":0,
     "p2":103,
     "p3":105},
    {"p1":90,
     "p2":91,
     "p3":92},
    {"p1":89,
     "p2":90,
     "p3":92},
    {"p1":8,
     "p2":9,
     "p3":10},
    {"p1":13,
     "p2":14,
     "p3":15},
    {"p1":52,
     "p2":53,
     "p3":55},
    {"p1":51,
     "p2":52,
     "p3":55},
    {"p1":83,
     "p2":84,
     "p3":94},
    {"p1":83,
     "p2":94,
     "p3":95},
    {"p1":77,
     "p2":78,
     "p3":95},
    {"p1":76,
     "p2":77,
     "p3":95},
    {"p1":69,
     "p2":73,
     "p3":74},
    {"p1":69,
     "p2":71,
     "p3":73},
    {"p1":71,
     "p2":72,
     "p3":73},
    {"p1":38,
     "p2":39,
     "p3":40},
    {"p1":74,
     "p2":75,
     "p3":95},
    {"p1":75,
     "p2":76,
     "p3":95},
    {"p1":84,
     "p2":85,
     "p3":94},
    {"p1":85,
     "p2":93,
     "p3":94}]
}