{"points":[
    {"x":0.095455,
     "y":0.47273},
    {"x":0.11818,
     "y":0.50455},
    {"x":0.14545,
     "y":0.53182},
    {"x":0.17273,
     "y":0.56364},
    {"x":0.15909,
     "y":0.59545},
    {"x":0.12727,
     "y":0.6},
    {"x":0.095455,
     "y":0.60455},
    {"x":0.063636,
     "y":0.60455},
    {"x":0.031818,
     "y":0.60455},
    {"x":0,
     "y":0.60455},
    {"x":0,
     "y":0.62273},
    {"x":0.031818,
     "y":0.64545},
    {"x":0.063636,
     "y":0.66818},
    {"x":0.095455,
     "y":0.69091},
    {"x":0.12727,
     "y":0.71364},
    {"x":0.15909,
     "y":0.73182},
    {"x":0.18182,
     "y":0.75909},
    {"x":0.15909,
     "y":0.78182},
    {"x":0.12727,
     "y":0.78636},
    {"x":0.095455,
     "y":0.78636},
    {"x":0.063636,
     "y":0.79545},
    {"x":0.077273,
     "y":0.8},
    {"x":0.10455,
     "y":0.82727},
    {"x":0.13636,
     "y":0.85455},
    {"x":0.16364,
     "y":0.88636},
    {"x":0.18636,
     "y":0.91364},
    {"x":0.21818,
     "y":0.93636},
    {"x":0.24545,
     "y":0.96818},
    {"x":0.26818,
     "y":1},
    {"x":0.29091,
     "y":0.99545},
    {"x":0.32273,
     "y":0.96364},
    {"x":0.35455,
     "y":0.94091},
    {"x":0.38636,
     "y":0.91818},
    {"x":0.41818,
     "y":0.89545},
    {"x":0.45,
     "y":0.87273},
    {"x":0.48182,
     "y":0.85},
    {"x":0.51364,
     "y":0.83636},
    {"x":0.53182,
     "y":0.82273},
    {"x":0.5,
     "y":0.81818},
    {"x":0.46818,
     "y":0.81364},
    {"x":0.43636,
     "y":0.80909},
    {"x":0.40909,
     "y":0.78636},
    {"x":0.42727,
     "y":0.75455},
    {"x":0.45909,
     "y":0.72727},
    {"x":0.49091,
     "y":0.70909},
    {"x":0.52273,
     "y":0.68636},
    {"x":0.55455,
     "y":0.66364},
    {"x":0.58636,
     "y":0.64545},
    {"x":0.61818,
     "y":0.62727},
    {"x":0.65,
     "y":0.61364},
    {"x":0.61818,
     "y":0.60909},
    {"x":0.58636,
     "y":0.60909},
    {"x":0.55455,
     "y":0.60909},
    {"x":0.52273,
     "y":0.60909},
    {"x":0.49091,
     "y":0.60909},
    {"x":0.45909,
     "y":0.60909},
    {"x":0.44545,
     "y":0.57727},
    {"x":0.46364,
     "y":0.54545},
    {"x":0.49545,
     "y":0.52273},
    {"x":0.52727,
     "y":0.50455},
    {"x":0.55909,
     "y":0.48182},
    {"x":0.59091,
     "y":0.45909},
    {"x":0.62273,
     "y":0.43636},
    {"x":0.65455,
     "y":0.41364},
    {"x":0.63182,
     "y":0.40909},
    {"x":0.6,
     "y":0.40455},
    {"x":0.56818,
     "y":0.4},
    {"x":0.53636,
     "y":0.39545},
    {"x":0.50455,
     "y":0.39091},
    {"x":0.47273,
     "y":0.38636},
    {"x":0.44091,
     "y":0.38182},
    {"x":0.40909,
     "y":0.36818},
    {"x":0.4,
     "y":0.33636},
    {"x":0.39545,
     "y":0.30455},
    {"x":0.4,
     "y":0.27273},
    {"x":0.40909,
     "y":0.24091},
    {"x":0.41818,
     "y":0.20909},
    {"x":0.42727,
     "y":0.17727},
    {"x":0.44545,
     "y":0.14545},
    {"x":0.45909,
     "y":0.11364},
    {"x":0.47273,
     "y":0.081818},
    {"x":0.48182,
     "y":0.05},
    {"x":0.48636,
     "y":0.018182},
    {"x":0.45909,
     "y":0},
    {"x":0.42727,
     "y":0},
    {"x":0.39545,
     "y":0.0045455},
    {"x":0.36364,
     "y":0.0045455},
    {"x":0.33182,
     "y":0.0090909},
    {"x":0.3,
     "y":0.0090909},
    {"x":0.26818,
     "y":0.013636},
    {"x":0.25909,
     "y":0.045455},
    {"x":0.25909,
     "y":0.077273},
    {"x":0.25909,
     "y":0.10909},
    {"x":0.26818,
     "y":0.14091},
    {"x":0.26364,
     "y":0.17273},
    {"x":0.26364,
     "y":0.20455},
    {"x":0.26364,
     "y":0.23636},
    {"x":0.25455,
     "y":0.26818},
    {"x":0.24545,
     "y":0.3},
    {"x":0.23636,
     "y":0.33182},
    {"x":0.20455,
     "y":0.36364},
    {"x":0.17273,
     "y":0.37273},
    {"x":0.14091,
     "y":0.38182},
    {"x":0.10909,
     "y":0.38182},
    {"x":0.077273,
     "y":0.38182},
    {"x":0.045455,
     "y":0.38182},
    {"x":0.05,
     "y":0.40455},
    {"x":0.068182,
     "y":0.43636},
    {"x":0.090909,
     "y":0.46818},
    {"x":0.095455,
     "y":0.47273}],
 "triangles":[
    {"p1":8,
     "p2":9,
     "p3":10},
    {"p1":81,
     "p2":82,
     "p3":83},
    {"p1":81,
     "p2":83,
     "p3":84},
    {"p1":80,
     "p2":81,
     "p3":84},
    {"p1":77,
     "p2":78,
     "p3":93},
    {"p1":75,
     "p2":76,
     "p3":95},
    {"p1":73,
     "p2":74,
     "p3":97},
    {"p1":3,
     "p2":71,
     "p3":100},
    {"p1":3,
     "p2":56,
     "p3":71},
    {"p1":3,
     "p2":4,
     "p3":56},
    {"p1":76,
     "p2":94,
     "p3":95},
    {"p1":76,
     "p2":77,
     "p3":94},
    {"p1":77,
     "p2":93,
     "p3":94},
    {"p1":27,
     "p2":28,
     "p3":29},
    {"p1":27,
     "p2":29,
     "p3":30},
    {"p1":16,
     "p2":26,
     "p3":41},
    {"p1":26,
     "p2":27,
     "p3":30},
    {"p1":32,
     "p2":33,
     "p3":41},
    {"p1":4,
     "p2":15,
     "p3":16},
    {"p1":8,
     "p2":10,
     "p3":11},
    {"p1":7,
     "p2":8,
     "p3":11},
    {"p1":2,
     "p2":3,
     "p3":100},
    {"p1":78,
     "p2":79,
     "p3":86},
    {"p1":62,
     "p2":63,
     "p3":64},
    {"p1":74,
     "p2":75,
     "p3":96},
    {"p1":75,
     "p2":95,
     "p3":96},
    {"p1":74,
     "p2":96,
     "p3":97},
    {"p1":71,
     "p2":99,
     "p3":100},
    {"p1":16,
     "p2":17,
     "p3":24},
    {"p1":16,
     "p2":24,
     "p3":25},
    {"p1":16,
     "p2":25,
     "p3":26},
    {"p1":46,
     "p2":47,
     "p3":52},
    {"p1":45,
     "p2":46,
     "p3":53},
    {"p1":46,
     "p2":52,
     "p3":53},
    {"p1":43,
     "p2":44,
     "p3":55},
    {"p1":34,
     "p2":35,
     "p3":39},
    {"p1":26,
     "p2":31,
     "p3":41},
    {"p1":31,
     "p2":32,
     "p3":41},
    {"p1":26,
     "p2":30,
     "p3":31},
    {"p1":4,
     "p2":14,
     "p3":15},
    {"p1":5,
     "p2":6,
     "p3":13},
    {"p1":5,
     "p2":13,
     "p3":14},
    {"p1":4,
     "p2":5,
     "p3":14},
    {"p1":7,
     "p2":11,
     "p3":12},
    {"p1":6,
     "p2":12,
     "p3":13},
    {"p1":6,
     "p2":7,
     "p3":12},
    {"p1":0,
     "p2":1,
     "p3":102},
    {"p1":2,
     "p2":100,
     "p3":101},
    {"p1":1,
     "p2":101,
     "p3":102},
    {"p1":1,
     "p2":2,
     "p3":101},
    {"p1":103,
     "p2":104,
     "p3":107},
    {"p1":87,
     "p2":91,
     "p3":92},
    {"p1":87,
     "p2":92,
     "p3":93},
    {"p1":78,
     "p2":87,
     "p3":93},
    {"p1":78,
     "p2":86,
     "p3":87},
    {"p1":79,
     "p2":80,
     "p3":85},
    {"p1":79,
     "p2":85,
     "p3":86},
    {"p1":80,
     "p2":84,
     "p3":85},
    {"p1":56,
     "p2":57,
     "p3":71},
    {"p1":60,
     "p2":66,
     "p3":67},
    {"p1":60,
     "p2":61,
     "p3":66},
    {"p1":57,
     "p2":70,
     "p3":71},
    {"p1":58,
     "p2":69,
     "p3":70},
    {"p1":57,
     "p2":58,
     "p3":70},
    {"p1":58,
     "p2":59,
     "p3":69},
    {"p1":71,
     "p2":72,
     "p3":99},
    {"p1":73,
     "p2":97,
     "p3":98},
    {"p1":72,
     "p2":73,
     "p3":98},
    {"p1":72,
     "p2":98,
     "p3":99},
    {"p1":18,
     "p2":19,
     "p3":22},
    {"p1":17,
     "p2":23,
     "p3":24},
    {"p1":17,
     "p2":18,
     "p3":23},
    {"p1":18,
     "p2":22,
     "p3":23},
    {"p1":45,
     "p2":53,
     "p3":54},
    {"p1":44,
     "p2":54,
     "p3":55},
    {"p1":44,
     "p2":45,
     "p3":54},
    {"p1":47,
     "p2":51,
     "p3":52},
    {"p1":47,
     "p2":48,
     "p3":51},
    {"p1":42,
     "p2":43,
     "p3":55},
    {"p1":16,
     "p2":41,
     "p3":42},
    {"p1":4,
     "p2":16,
     "p3":42},
    {"p1":42,
     "p2":55,
     "p3":56},
    {"p1":4,
     "p2":42,
     "p3":56},
    {"p1":36,
     "p2":37,
     "p3":38},
    {"p1":35,
     "p2":36,
     "p3":38},
    {"p1":35,
     "p2":38,
     "p3":39},
    {"p1":104,
     "p2":105,
     "p3":106},
    {"p1":104,
     "p2":106,
     "p3":107},
    {"p1":103,
     "p2":107,
     "p3":108},
    {"p1":0,
     "p2":102,
     "p3":108},
    {"p1":102,
     "p2":103,
     "p3":108},
    {"p1":88,
     "p2":90,
     "p3":91},
    {"p1":87,
     "p2":88,
     "p3":91},
    {"p1":88,
     "p2":89,
     "p3":90},
    {"p1":62,
     "p2":64,
     "p3":65},
    {"p1":61,
     "p2":62,
     "p3":65},
    {"p1":61,
     "p2":65,
     "p3":66},
    {"p1":59,
     "p2":68,
     "p3":69},
    {"p1":60,
     "p2":67,
     "p3":68},
    {"p1":59,
     "p2":60,
     "p3":68},
    {"p1":19,
     "p2":20,
     "p3":21},
    {"p1":19,
     "p2":21,
     "p3":22},
    {"p1":48,
     "p2":49,
     "p3":50},
    {"p1":48,
     "p2":50,
     "p3":51},
    {"p1":34,
     "p2":39,
     "p3":40},
    {"p1":33,
     "p2":40,
     "p3":41},
    {"p1":33,
     "p2":34,
     "p3":40}]
}