{"points":[
    {"x":0.011364,
     "y":0.51136},
    {"x":0.029545,
     "y":0.53409},
    {"x":0.045455,
     "y":0.55909},
    {"x":0.056818,
     "y":0.58409},
    {"x":0.065909,
     "y":0.60909},
    {"x":0.077273,
     "y":0.63409},
    {"x":0.084091,
     "y":0.65909},
    {"x":0.090909,
     "y":0.68409},
    {"x":0.093182,
     "y":0.70682},
    {"x":0.068182,
     "y":0.7},
    {"x":0.045455,
     "y":0.7},
    {"x":0.054545,
     "y":0.725},
    {"x":0.063636,
     "y":0.75},
    {"x":0.077273,
     "y":0.775},
    {"x":0.086364,
     "y":0.8},
    {"x":0.095455,
     "y":0.825},
    {"x":0.10455,
     "y":0.85},
    {"x":0.11136,
     "y":0.875},
    {"x":0.11364,
     "y":0.9},
    {"x":0.11591,
     "y":0.925},
    {"x":0.11818,
     "y":0.95},
    {"x":0.12045,
     "y":0.975},
    {"x":0.12273,
     "y":1},
    {"x":0.13409,
     "y":0.98182},
    {"x":0.13636,
     "y":0.95682},
    {"x":0.14318,
     "y":0.93182},
    {"x":0.14773,
     "y":0.90682},
    {"x":0.15909,
     "y":0.88182},
    {"x":0.16364,
     "y":0.85682},
    {"x":0.17273,
     "y":0.83182},
    {"x":0.17955,
     "y":0.80682},
    {"x":0.19091,
     "y":0.78182},
    {"x":0.20227,
     "y":0.75682},
    {"x":0.21364,
     "y":0.73182},
    {"x":0.21591,
     "y":0.70682},
    {"x":0.19091,
     "y":0.70909},
    {"x":0.16818,
     "y":0.70682},
    {"x":0.175,
     "y":0.68182},
    {"x":0.18409,
     "y":0.65682},
    {"x":0.19773,
     "y":0.63182},
    {"x":0.20682,
     "y":0.60682},
    {"x":0.22273,
     "y":0.58409},
    {"x":0.23636,
     "y":0.55909},
    {"x":0.24318,
     "y":0.53409},
    {"x":0.21818,
     "y":0.54091},
    {"x":0.19318,
     "y":0.55455},
    {"x":0.17955,
     "y":0.55},
    {"x":0.19318,
     "y":0.525},
    {"x":0.20682,
     "y":0.5},
    {"x":0.21818,
     "y":0.475},
    {"x":0.23409,
     "y":0.45227},
    {"x":0.25227,
     "y":0.42955},
    {"x":0.26591,
     "y":0.40455},
    {"x":0.28182,
     "y":0.38182},
    {"x":0.29773,
     "y":0.35682},
    {"x":0.29318,
     "y":0.33636},
    {"x":0.26818,
     "y":0.33864},
    {"x":0.24318,
     "y":0.32955},
    {"x":0.21818,
     "y":0.325},
    {"x":0.19318,
     "y":0.32955},
    {"x":0.16818,
     "y":0.33636},
    {"x":0.15682,
     "y":0.32273},
    {"x":0.15682,
     "y":0.29773},
    {"x":0.15682,
     "y":0.27273},
    {"x":0.15682,
     "y":0.24773},
    {"x":0.15682,
     "y":0.22273},
    {"x":0.15682,
     "y":0.19773},
    {"x":0.15455,
     "y":0.17273},
    {"x":0.15682,
     "y":0.14773},
    {"x":0.15682,
     "y":0.12273},
    {"x":0.15455,
     "y":0.097727},
    {"x":0.15455,
     "y":0.072727},
    {"x":0.15455,
     "y":0.047727},
    {"x":0.15455,
     "y":0.022727},
    {"x":0.14773,
     "y":0},
    {"x":0.12273,
     "y":0.0022727},
    {"x":0.12045,
     "y":0.027273},
    {"x":0.12045,
     "y":0.052273},
    {"x":0.12045,
     "y":0.077273},
    {"x":0.12045,
     "y":0.10227},
    {"x":0.12045,
     "y":0.12727},
    {"x":0.12045,
     "y":0.15227},
    {"x":0.12045,
     "y":0.17727},
    {"x":0.11818,
     "y":0.20227},
    {"x":0.11591,
     "y":0.22727},
    {"x":0.11591,
     "y":0.25227},
    {"x":0.11364,
     "y":0.27727},
    {"x":0.11364,
     "y":0.30227},
    {"x":0.097727,
     "y":0.30909},
    {"x":0.072727,
     "y":0.29545},
    {"x":0.047727,
     "y":0.28182},
    {"x":0.022727,
     "y":0.27045},
    {"x":0.0045455,
     "y":0.27727},
    {"x":0.0068182,
     "y":0.30227},
    {"x":0.022727,
     "y":0.32727},
    {"x":0.034091,
     "y":0.35227},
    {"x":0.043182,
     "y":0.37727},
    {"x":0.052273,
     "y":0.40227},
    {"x":0.061364,
     "y":0.42727},
    {"x":0.070455,
     "y":0.45227},
    {"x":0.079545,
     "y":0.47727},
    {"x":0.075,
     "y":0.49318},
    {"x":0.05,
     "y":0.49773},
    {"x":0.025,
     "y":0.49318},
    {"x":0,
     "y":0.49773},
    {"x":0.011364,
     "y":0.51136}],
 "triangles":[
    {"p1":0,
     "p2":103,
     "p3":104},
    {"p1":90,
     "p2":93,
     "p3":94},
    {"p1":9,
     "p2":10,
     "p3":11},
    {"p1":7,
     "p2":36,
     "p3":37},
    {"p1":21,
     "p2":22,
     "p3":23},
    {"p1":47,
     "p2":48,
     "p3":100},
    {"p1":48,
     "p2":49,
     "p3":100},
    {"p1":50,
     "p2":51,
     "p3":60},
    {"p1":49,
     "p2":50,
     "p3":60},
    {"p1":60,
     "p2":98,
     "p3":99},
    {"p1":49,
     "p2":60,
     "p3":99},
    {"p1":49,
     "p2":99,
     "p3":100},
    {"p1":40,
     "p2":41,
     "p3":45},
    {"p1":47,
     "p2":100,
     "p3":101},
    {"p1":60,
     "p2":97,
     "p3":98},
    {"p1":60,
     "p2":88,
     "p3":97},
    {"p1":88,
     "p2":96,
     "p3":97},
    {"p1":33,
     "p2":34,
     "p3":35},
    {"p1":5,
     "p2":6,
     "p3":38},
    {"p1":6,
     "p2":7,
     "p3":37},
    {"p1":6,
     "p2":37,
     "p3":38},
    {"p1":40,
     "p2":45,
     "p3":46},
    {"p1":46,
     "p2":47,
     "p3":101},
    {"p1":16,
     "p2":28,
     "p3":29},
    {"p1":7,
     "p2":8,
     "p3":36},
    {"p1":8,
     "p2":9,
     "p3":11},
    {"p1":8,
     "p2":11,
     "p3":12},
    {"p1":15,
     "p2":16,
     "p3":29},
    {"p1":66,
     "p2":67,
     "p3":82},
    {"p1":51,
     "p2":59,
     "p3":60},
    {"p1":52,
     "p2":57,
     "p3":58},
    {"p1":52,
     "p2":53,
     "p3":57},
    {"p1":51,
     "p2":52,
     "p3":59},
    {"p1":52,
     "p2":58,
     "p3":59},
    {"p1":54,
     "p2":55,
     "p3":56},
    {"p1":53,
     "p2":54,
     "p3":56},
    {"p1":53,
     "p2":56,
     "p3":57},
    {"p1":1,
     "p2":102,
     "p3":103},
    {"p1":0,
     "p2":1,
     "p3":103},
    {"p1":89,
     "p2":90,
     "p3":94},
    {"p1":88,
     "p2":95,
     "p3":96},
    {"p1":89,
     "p2":94,
     "p3":95},
    {"p1":88,
     "p2":89,
     "p3":95},
    {"p1":5,
     "p2":38,
     "p3":39},
    {"p1":39,
     "p2":40,
     "p3":46},
    {"p1":5,
     "p2":39,
     "p3":46},
    {"p1":3,
     "p2":46,
     "p3":101},
    {"p1":32,
     "p2":33,
     "p3":35},
    {"p1":32,
     "p2":35,
     "p3":36},
    {"p1":16,
     "p2":17,
     "p3":28},
    {"p1":66,
     "p2":82,
     "p3":83},
    {"p1":69,
     "p2":70,
     "p3":79},
    {"p1":68,
     "p2":69,
     "p3":80},
    {"p1":69,
     "p2":79,
     "p3":80},
    {"p1":65,
     "p2":66,
     "p3":83},
    {"p1":65,
     "p2":83,
     "p3":84},
    {"p1":73,
     "p2":74,
     "p3":75},
    {"p1":71,
     "p2":72,
     "p3":77},
    {"p1":42,
     "p2":43,
     "p3":44},
    {"p1":4,
     "p2":5,
     "p3":46},
    {"p1":3,
     "p2":4,
     "p3":46},
    {"p1":2,
     "p2":3,
     "p3":101},
    {"p1":2,
     "p2":101,
     "p3":102},
    {"p1":1,
     "p2":2,
     "p3":102},
    {"p1":15,
     "p2":29,
     "p3":30},
    {"p1":17,
     "p2":27,
     "p3":28},
    {"p1":17,
     "p2":18,
     "p3":27},
    {"p1":21,
     "p2":23,
     "p3":24},
    {"p1":14,
     "p2":15,
     "p3":30},
    {"p1":20,
     "p2":21,
     "p3":24},
    {"p1":19,
     "p2":20,
     "p3":25},
    {"p1":20,
     "p2":24,
     "p3":25},
    {"p1":90,
     "p2":91,
     "p3":93},
    {"p1":91,
     "p2":92,
     "p3":93},
    {"p1":68,
     "p2":80,
     "p3":81},
    {"p1":67,
     "p2":68,
     "p3":81},
    {"p1":67,
     "p2":81,
     "p3":82},
    {"p1":62,
     "p2":86,
     "p3":87},
    {"p1":62,
     "p2":63,
     "p3":86},
    {"p1":63,
     "p2":85,
     "p3":86},
    {"p1":63,
     "p2":64,
     "p3":85},
    {"p1":64,
     "p2":65,
     "p3":84},
    {"p1":64,
     "p2":84,
     "p3":85},
    {"p1":71,
     "p2":77,
     "p3":78},
    {"p1":70,
     "p2":71,
     "p3":78},
    {"p1":70,
     "p2":78,
     "p3":79},
    {"p1":72,
     "p2":73,
     "p3":76},
    {"p1":72,
     "p2":76,
     "p3":77},
    {"p1":73,
     "p2":75,
     "p3":76},
    {"p1":31,
     "p2":32,
     "p3":36},
    {"p1":14,
     "p2":30,
     "p3":31},
    {"p1":18,
     "p2":26,
     "p3":27},
    {"p1":18,
     "p2":19,
     "p3":26},
    {"p1":19,
     "p2":25,
     "p3":26},
    {"p1":61,
     "p2":62,
     "p3":87},
    {"p1":60,
     "p2":61,
     "p3":88},
    {"p1":61,
     "p2":87,
     "p3":88},
    {"p1":13,
     "p2":31,
     "p3":36},
    {"p1":13,
     "p2":14,
     "p3":31},
    {"p1":8,
     "p2":13,
     "p3":36},
    {"p1":8,
     "p2":12,
     "p3":13},
    {"p1":41,
     "p2":42,
     "p3":44},
    {"p1":41,
     "p2":44,
     "p3":45}]
}