{"points":[
    {"x":0.083721,
     "y":0.46047},
    {"x":0.12558,
     "y":0.49302},
    {"x":0.16744,
     "y":0.53023},
    {"x":0.2,
     "y":0.57209},
    {"x":0.23256,
     "y":0.61395},
    {"x":0.26512,
     "y":0.65581},
    {"x":0.28837,
     "y":0.69767},
    {"x":0.30233,
     "y":0.73953},
    {"x":0.31163,
     "y":0.7814},
    {"x":0.31163,
     "y":0.82326},
    {"x":0.26977,
     "y":0.79535},
    {"x":0.22791,
     "y":0.77674},
    {"x":0.18605,
     "y":0.75814},
    {"x":0.16279,
     "y":0.7814},
    {"x":0.20465,
     "y":0.79535},
    {"x":0.24651,
     "y":0.8186},
    {"x":0.28837,
     "y":0.84186},
    {"x":0.32558,
     "y":0.87907},
    {"x":0.35349,
     "y":0.92093},
    {"x":0.3814,
     "y":0.96279},
    {"x":0.40465,
     "y":1},
    {"x":0.43256,
     "y":0.96744},
    {"x":0.45116,
     "y":0.92558},
    {"x":0.47442,
     "y":0.88372},
    {"x":0.51163,
     "y":0.84651},
    {"x":0.55349,
     "y":0.82791},
    {"x":0.59535,
     "y":0.81395},
    {"x":0.6093,
     "y":0.78605},
    {"x":0.56744,
     "y":0.79535},
    {"x":0.52558,
     "y":0.8093},
    {"x":0.49302,
     "y":0.8093},
    {"x":0.50233,
     "y":0.76744},
    {"x":0.51163,
     "y":0.72558},
    {"x":0.53023,
     "y":0.68372},
    {"x":0.55349,
     "y":0.64186},
    {"x":0.5814,
     "y":0.6},
    {"x":0.6186,
     "y":0.56279},
    {"x":0.66047,
     "y":0.53488},
    {"x":0.70233,
     "y":0.50233},
    {"x":0.73953,
     "y":0.46977},
    {"x":0.71628,
     "y":0.45581},
    {"x":0.67442,
     "y":0.48837},
    {"x":0.63256,
     "y":0.51628},
    {"x":0.5907,
     "y":0.55349},
    {"x":0.58605,
     "y":0.51628},
    {"x":0.59535,
     "y":0.47442},
    {"x":0.61395,
     "y":0.43256},
    {"x":0.63721,
     "y":0.3907},
    {"x":0.66512,
     "y":0.34884},
    {"x":0.69767,
     "y":0.30698},
    {"x":0.73023,
     "y":0.26512},
    {"x":0.76279,
     "y":0.22791},
    {"x":0.80465,
     "y":0.19535},
    {"x":0.82791,
     "y":0.15814},
    {"x":0.78605,
     "y":0.17674},
    {"x":0.74884,
     "y":0.20465},
    {"x":0.71628,
     "y":0.24186},
    {"x":0.67442,
     "y":0.25581},
    {"x":0.63256,
     "y":0.26512},
    {"x":0.5907,
     "y":0.26512},
    {"x":0.54884,
     "y":0.26512},
    {"x":0.50698,
     "y":0.26512},
    {"x":0.48837,
     "y":0.23721},
    {"x":0.48837,
     "y":0.19535},
    {"x":0.48837,
     "y":0.15349},
    {"x":0.49302,
     "y":0.11163},
    {"x":0.50698,
     "y":0.069767},
    {"x":0.51628,
     "y":0.027907},
    {"x":0.48837,
     "y":0},
    {"x":0.44651,
     "y":0},
    {"x":0.40465,
     "y":0},
    {"x":0.36279,
     "y":0.0046512},
    {"x":0.34884,
     "y":0.046512},
    {"x":0.34884,
     "y":0.088372},
    {"x":0.34419,
     "y":0.13023},
    {"x":0.33488,
     "y":0.17209},
    {"x":0.33488,
     "y":0.21395},
    {"x":0.33023,
     "y":0.25581},
    {"x":0.28837,
     "y":0.26047},
    {"x":0.24651,
     "y":0.26047},
    {"x":0.20465,
     "y":0.25581},
    {"x":0.16279,
     "y":0.25116},
    {"x":0.12093,
     "y":0.23256},
    {"x":0.083721,
     "y":0.2},
    {"x":0.04186,
     "y":0.17209},
    {"x":0,
     "y":0.14884},
    {"x":0.0046512,
     "y":0.1814},
    {"x":0.046512,
     "y":0.20465},
    {"x":0.083721,
     "y":0.24651},
    {"x":0.12093,
     "y":0.28837},
    {"x":0.15349,
     "y":0.33023},
    {"x":0.1814,
     "y":0.37209},
    {"x":0.2,
     "y":0.41395},
    {"x":0.21395,
     "y":0.45581},
    {"x":0.22791,
     "y":0.49767},
    {"x":0.24186,
     "y":0.53953},
    {"x":0.24651,
     "y":0.5814},
    {"x":0.2093,
     "y":0.53953},
    {"x":0.17209,
     "y":0.49767},
    {"x":0.13023,
     "y":0.46047},
    {"x":0.088372,
     "y":0.44651},
    {"x":0.083721,
     "y":0.46047}],
 "triangles":[
    {"p1":70,
     "p2":71,
     "p3":72},
    {"p1":70,
     "p2":72,
     "p3":73},
    {"p1":65,
     "p2":70,
     "p3":73},
    {"p1":63,
     "p2":75,
     "p3":76},
    {"p1":49,
     "p2":50,
     "p3":57},
    {"p1":52,
     "p2":53,
     "p3":54},
    {"p1":63,
     "p2":64,
     "p3":75},
    {"p1":65,
     "p2":69,
     "p3":70},
    {"p1":61,
     "p2":62,
     "p3":77},
    {"p1":62,
     "p2":76,
     "p3":77},
    {"p1":62,
     "p2":63,
     "p3":76},
    {"p1":4,
     "p2":5,
     "p3":96},
    {"p1":3,
     "p2":4,
     "p3":96},
    {"p1":77,
     "p2":78,
     "p3":92},
    {"p1":38,
     "p2":39,
     "p3":40},
    {"p1":38,
     "p2":40,
     "p3":41},
    {"p1":5,
     "p2":34,
     "p3":96},
    {"p1":50,
     "p2":56,
     "p3":57},
    {"p1":50,
     "p2":51,
     "p3":56},
    {"p1":51,
     "p2":55,
     "p3":56},
    {"p1":51,
     "p2":52,
     "p3":54},
    {"p1":51,
     "p2":54,
     "p3":55},
    {"p1":65,
     "p2":66,
     "p3":69},
    {"p1":66,
     "p2":67,
     "p3":68},
    {"p1":66,
     "p2":68,
     "p3":69},
    {"p1":65,
     "p2":73,
     "p3":74},
    {"p1":64,
     "p2":65,
     "p3":74},
    {"p1":64,
     "p2":74,
     "p3":75},
    {"p1":47,
     "p2":59,
     "p3":60},
    {"p1":46,
     "p2":47,
     "p3":60},
    {"p1":46,
     "p2":60,
     "p3":61},
    {"p1":47,
     "p2":48,
     "p3":59},
    {"p1":78,
     "p2":79,
     "p3":91},
    {"p1":78,
     "p2":91,
     "p3":92},
    {"p1":79,
     "p2":80,
     "p3":91},
    {"p1":80,
     "p2":90,
     "p3":91},
    {"p1":83,
     "p2":87,
     "p3":88},
    {"p1":77,
     "p2":92,
     "p3":93},
    {"p1":77,
     "p2":93,
     "p3":94},
    {"p1":44,
     "p2":94,
     "p3":95},
    {"p1":34,
     "p2":95,
     "p3":96},
    {"p1":34,
     "p2":44,
     "p3":95},
    {"p1":44,
     "p2":45,
     "p3":94},
    {"p1":45,
     "p2":46,
     "p3":61},
    {"p1":45,
     "p2":61,
     "p3":77},
    {"p1":45,
     "p2":77,
     "p3":94},
    {"p1":1,
     "p2":98,
     "p3":99},
    {"p1":0,
     "p2":99,
     "p3":100},
    {"p1":0,
     "p2":1,
     "p3":99},
    {"p1":3,
     "p2":95,
     "p3":97},
    {"p1":82,
     "p2":83,
     "p3":88},
    {"p1":82,
     "p2":88,
     "p3":89},
    {"p1":5,
     "p2":33,
     "p3":34},
    {"p1":48,
     "p2":58,
     "p3":59},
    {"p1":49,
     "p2":57,
     "p3":58},
    {"p1":48,
     "p2":49,
     "p3":58},
    {"p1":83,
     "p2":84,
     "p3":87},
    {"p1":84,
     "p2":85,
     "p3":86},
    {"p1":84,
     "p2":86,
     "p3":87},
    {"p1":2,
     "p2":97,
     "p3":98},
    {"p1":2,
     "p2":3,
     "p3":97},
    {"p1":1,
     "p2":2,
     "p3":98},
    {"p1":81,
     "p2":82,
     "p3":89},
    {"p1":81,
     "p2":89,
     "p3":90},
    {"p1":80,
     "p2":81,
     "p3":90},
    {"p1":7,
     "p2":31,
     "p3":32},
    {"p1":7,
     "p2":8,
     "p3":31},
    {"p1":18,
     "p2":22,
     "p3":23},
    {"p1":9,
     "p2":17,
     "p3":23},
    {"p1":17,
     "p2":18,
     "p3":23},
    {"p1":9,
     "p2":16,
     "p3":17},
    {"p1":5,
     "p2":6,
     "p3":33},
    {"p1":6,
     "p2":7,
     "p3":32},
    {"p1":6,
     "p2":32,
     "p3":33},
    {"p1":25,
     "p2":26,
     "p3":28},
    {"p1":25,
     "p2":28,
     "p3":29},
    {"p1":9,
     "p2":23,
     "p3":30},
    {"p1":8,
     "p2":9,
     "p3":30},
    {"p1":8,
     "p2":30,
     "p3":31},
    {"p1":24,
     "p2":25,
     "p3":29},
    {"p1":23,
     "p2":24,
     "p3":30},
    {"p1":24,
     "p2":29,
     "p3":30},
    {"p1":18,
     "p2":19,
     "p3":22},
    {"p1":19,
     "p2":20,
     "p3":21},
    {"p1":19,
     "p2":21,
     "p3":22},
    {"p1":9,
     "p2":10,
     "p3":16},
    {"p1":10,
     "p2":15,
     "p3":16},
    {"p1":10,
     "p2":11,
     "p3":15},
    {"p1":35,
     "p2":36,
     "p3":43},
    {"p1":36,
     "p2":42,
     "p3":43},
    {"p1":34,
     "p2":43,
     "p3":44},
    {"p1":34,
     "p2":35,
     "p3":43},
    {"p1":26,
     "p2":27,
     "p3":28},
    {"p1":36,
     "p2":37,
     "p3":42},
    {"p1":37,
     "p2":38,
     "p3":41},
    {"p1":37,
     "p2":41,
     "p3":42},
    {"p1":12,
     "p2":13,
     "p3":14},
    {"p1":11,
     "p2":12,
     "p3":14},
    {"p1":11,
     "p2":14,
     "p3":15}]
}