{"points":[
    {"x":0,
     "y":0.47345},
    {"x":0.0044248,
     "y":0.49558},
    {"x":0.0044248,
     "y":0.5177},
    {"x":0.0088496,
     "y":0.53982},
    {"x":0.022124,
     "y":0.56195},
    {"x":0.030973,
     "y":0.58407},
    {"x":0.044248,
     "y":0.60619},
    {"x":0.053097,
     "y":0.62832},
    {"x":0.066372,
     "y":0.65044},
    {"x":0.070796,
     "y":0.67257},
    {"x":0.066372,
     "y":0.69027},
    {"x":0.044248,
     "y":0.67257},
    {"x":0.022124,
     "y":0.65929},
    {"x":0.0088496,
     "y":0.67257},
    {"x":0.022124,
     "y":0.69469},
    {"x":0.030973,
     "y":0.71681},
    {"x":0.044248,
     "y":0.73894},
    {"x":0.053097,
     "y":0.76106},
    {"x":0.057522,
     "y":0.78319},
    {"x":0.066372,
     "y":0.80531},
    {"x":0.070796,
     "y":0.82743},
    {"x":0.075221,
     "y":0.84956},
    {"x":0.079646,
     "y":0.87168},
    {"x":0.084071,
     "y":0.89381},
    {"x":0.09292,
     "y":0.91593},
    {"x":0.10177,
     "y":0.93805},
    {"x":0.10619,
     "y":0.96018},
    {"x":0.12832,
     "y":0.9823},
    {"x":0.13717,
     "y":1},
    {"x":0.14602,
     "y":0.9823},
    {"x":0.15044,
     "y":0.96018},
    {"x":0.15487,
     "y":0.93805},
    {"x":0.16814,
     "y":0.91593},
    {"x":0.18584,
     "y":0.89381},
    {"x":0.19912,
     "y":0.87168},
    {"x":0.20354,
     "y":0.84956},
    {"x":0.20796,
     "y":0.82743},
    {"x":0.21239,
     "y":0.80531},
    {"x":0.21239,
     "y":0.78319},
    {"x":0.21239,
     "y":0.76106},
    {"x":0.21239,
     "y":0.73894},
    {"x":0.21239,
     "y":0.71681},
    {"x":0.21239,
     "y":0.69469},
    {"x":0.22566,
     "y":0.67257},
    {"x":0.20796,
     "y":0.66372},
    {"x":0.18584,
     "y":0.66372},
    {"x":0.19469,
     "y":0.64159},
    {"x":0.20354,
     "y":0.61947},
    {"x":0.21681,
     "y":0.59735},
    {"x":0.23009,
     "y":0.57522},
    {"x":0.23451,
     "y":0.5531},
    {"x":0.24336,
     "y":0.53097},
    {"x":0.25221,
     "y":0.50885},
    {"x":0.25664,
     "y":0.48673},
    {"x":0.27434,
     "y":0.4646},
    {"x":0.26106,
     "y":0.45133},
    {"x":0.23894,
     "y":0.46018},
    {"x":0.21681,
     "y":0.46903},
    {"x":0.21681,
     "y":0.4469},
    {"x":0.22566,
     "y":0.42478},
    {"x":0.23009,
     "y":0.40265},
    {"x":0.23894,
     "y":0.38053},
    {"x":0.24779,
     "y":0.35841},
    {"x":0.25221,
     "y":0.33628},
    {"x":0.26549,
     "y":0.31416},
    {"x":0.27434,
     "y":0.29204},
    {"x":0.28761,
     "y":0.26991},
    {"x":0.29646,
     "y":0.24779},
    {"x":0.31416,
     "y":0.22566},
    {"x":0.30973,
     "y":0.20796},
    {"x":0.28761,
     "y":0.20354},
    {"x":0.26549,
     "y":0.20354},
    {"x":0.24336,
     "y":0.20354},
    {"x":0.23009,
     "y":0.19469},
    {"x":0.23894,
     "y":0.17257},
    {"x":0.24779,
     "y":0.15044},
    {"x":0.24779,
     "y":0.12832},
    {"x":0.24779,
     "y":0.10619},
    {"x":0.24779,
     "y":0.084071},
    {"x":0.24779,
     "y":0.061947},
    {"x":0.25221,
     "y":0.039823},
    {"x":0.25664,
     "y":0.017699},
    {"x":0.23894,
     "y":0.0044248},
    {"x":0.21681,
     "y":0},
    {"x":0.19469,
     "y":0},
    {"x":0.17257,
     "y":0},
    {"x":0.15044,
     "y":0},
    {"x":0.13717,
     "y":0.022124},
    {"x":0.13717,
     "y":0.044248},
    {"x":0.13274,
     "y":0.066372},
    {"x":0.12832,
     "y":0.088496},
    {"x":0.12389,
     "y":0.11062},
    {"x":0.12389,
     "y":0.13274},
    {"x":0.11947,
     "y":0.15487},
    {"x":0.11947,
     "y":0.17699},
    {"x":0.11504,
     "y":0.19912},
    {"x":0.10177,
     "y":0.21239},
    {"x":0.079646,
     "y":0.21239},
    {"x":0.057522,
     "y":0.20796},
    {"x":0.035398,
     "y":0.20354},
    {"x":0.013274,
     "y":0.19469},
    {"x":0.0088496,
     "y":0.21681},
    {"x":0.013274,
     "y":0.23894},
    {"x":0.017699,
     "y":0.26106},
    {"x":0.017699,
     "y":0.28319},
    {"x":0.022124,
     "y":0.30531},
    {"x":0.026549,
     "y":0.32743},
    {"x":0.030973,
     "y":0.34956},
    {"x":0.035398,
     "y":0.37168},
    {"x":0.044248,
     "y":0.39381},
    {"x":0.048673,
     "y":0.41593},
    {"x":0.053097,
     "y":0.43805},
    {"x":0.061947,
     "y":0.46018},
    {"x":0.066372,
     "y":0.4823},
    {"x":0.053097,
     "y":0.47788},
    {"x":0.030973,
     "y":0.45575},
    {"x":0.0088496,
     "y":0.43805},
    {"x":0,
     "y":0.45575},
    {"x":0,
     "y":0.47345}],
 "triangles":[
    {"p1":99,
     "p2":101,
     "p3":102},
    {"p1":80,
     "p2":82,
     "p3":83},
    {"p1":80,
     "p2":81,
     "p3":82},
    {"p1":98,
     "p2":99,
     "p3":102},
    {"p1":19,
     "p2":37,
     "p3":38},
    {"p1":19,
     "p2":38,
     "p3":39},
    {"p1":18,
     "p2":19,
     "p3":39},
    {"p1":22,
     "p2":23,
     "p3":32},
    {"p1":74,
     "p2":76,
     "p3":92},
    {"p1":85,
     "p2":86,
     "p3":87},
    {"p1":99,
     "p2":100,
     "p3":101},
    {"p1":78,
     "p2":79,
     "p3":89},
    {"p1":79,
     "p2":83,
     "p3":84},
    {"p1":79,
     "p2":80,
     "p3":83},
    {"p1":42,
     "p2":43,
     "p3":44},
    {"p1":42,
     "p2":44,
     "p3":45},
    {"p1":7,
     "p2":8,
     "p3":47},
    {"p1":8,
     "p2":9,
     "p3":45},
    {"p1":58,
     "p2":59,
     "p3":110},
    {"p1":59,
     "p2":60,
     "p3":110},
    {"p1":53,
     "p2":54,
     "p3":55},
    {"p1":53,
     "p2":55,
     "p3":56},
    {"p1":27,
     "p2":28,
     "p3":29},
    {"p1":22,
     "p2":33,
     "p3":34},
    {"p1":22,
     "p2":32,
     "p3":33},
    {"p1":27,
     "p2":29,
     "p3":30},
    {"p1":26,
     "p2":27,
     "p3":30},
    {"p1":66,
     "p2":67,
     "p3":71},
    {"p1":74,
     "p2":92,
     "p3":93},
    {"p1":79,
     "p2":84,
     "p3":88},
    {"p1":79,
     "p2":88,
     "p3":89},
    {"p1":84,
     "p2":85,
     "p3":88},
    {"p1":85,
     "p2":87,
     "p3":88},
    {"p1":41,
     "p2":42,
     "p3":45},
    {"p1":8,
     "p2":46,
     "p3":47},
    {"p1":8,
     "p2":45,
     "p3":46},
    {"p1":58,
     "p2":112,
     "p3":113},
    {"p1":51,
     "p2":52,
     "p3":57},
    {"p1":57,
     "p2":58,
     "p3":113},
    {"p1":53,
     "p2":56,
     "p3":57},
    {"p1":52,
     "p2":53,
     "p3":57},
    {"p1":60,
     "p2":109,
     "p3":110},
    {"p1":62,
     "p2":63,
     "p3":107},
    {"p1":96,
     "p2":106,
     "p3":107},
    {"p1":63,
     "p2":96,
     "p3":107},
    {"p1":96,
     "p2":105,
     "p3":106},
    {"p1":96,
     "p2":97,
     "p3":105},
    {"p1":97,
     "p2":104,
     "p3":105},
    {"p1":61,
     "p2":62,
     "p3":107},
    {"p1":61,
     "p2":107,
     "p3":108},
    {"p1":60,
     "p2":61,
     "p3":109},
    {"p1":61,
     "p2":108,
     "p3":109},
    {"p1":10,
     "p2":40,
     "p3":41},
    {"p1":10,
     "p2":15,
     "p3":16},
    {"p1":9,
     "p2":10,
     "p3":45},
    {"p1":10,
     "p2":41,
     "p3":45},
    {"p1":10,
     "p2":11,
     "p3":14},
    {"p1":10,
     "p2":14,
     "p3":15},
    {"p1":23,
     "p2":24,
     "p3":32},
    {"p1":24,
     "p2":25,
     "p3":31},
    {"p1":24,
     "p2":31,
     "p3":32},
    {"p1":74,
     "p2":75,
     "p3":76},
    {"p1":66,
     "p2":71,
     "p3":72},
    {"p1":76,
     "p2":91,
     "p3":92},
    {"p1":76,
     "p2":77,
     "p3":91},
    {"p1":78,
     "p2":89,
     "p3":90},
    {"p1":77,
     "p2":78,
     "p3":90},
    {"p1":77,
     "p2":90,
     "p3":91},
    {"p1":97,
     "p2":98,
     "p3":103},
    {"p1":97,
     "p2":103,
     "p3":104},
    {"p1":98,
     "p2":102,
     "p3":103},
    {"p1":58,
     "p2":110,
     "p3":111},
    {"p1":58,
     "p2":111,
     "p3":112},
    {"p1":50,
     "p2":51,
     "p3":57},
    {"p1":50,
     "p2":57,
     "p3":113},
    {"p1":48,
     "p2":49,
     "p3":50},
    {"p1":48,
     "p2":50,
     "p3":113},
    {"p1":10,
     "p2":16,
     "p3":17},
    {"p1":10,
     "p2":17,
     "p3":40},
    {"p1":17,
     "p2":18,
     "p3":39},
    {"p1":17,
     "p2":39,
     "p3":40},
    {"p1":67,
     "p2":70,
     "p3":71},
    {"p1":67,
     "p2":68,
     "p3":70},
    {"p1":68,
     "p2":69,
     "p3":70},
    {"p1":64,
     "p2":65,
     "p3":72},
    {"p1":65,
     "p2":66,
     "p3":72},
    {"p1":64,
     "p2":72,
     "p3":73},
    {"p1":63,
     "p2":73,
     "p3":96},
    {"p1":63,
     "p2":64,
     "p3":73},
    {"p1":73,
     "p2":95,
     "p3":96},
    {"p1":73,
     "p2":94,
     "p3":95},
    {"p1":73,
     "p2":74,
     "p3":93},
    {"p1":73,
     "p2":93,
     "p3":94},
    {"p1":6,
     "p2":7,
     "p3":47},
    {"p1":5,
     "p2":6,
     "p3":113},
    {"p1":6,
     "p2":47,
     "p3":48},
    {"p1":6,
     "p2":48,
     "p3":113},
    {"p1":3,
     "p2":4,
     "p3":113},
    {"p1":4,
     "p2":5,
     "p3":113},
    {"p1":115,
     "p2":116,
     "p3":117},
    {"p1":0,
     "p2":115,
     "p3":117},
    {"p1":0,
     "p2":1,
     "p3":115},
    {"p1":1,
     "p2":114,
     "p3":115},
    {"p1":1,
     "p2":2,
     "p3":114},
    {"p1":2,
     "p2":3,
     "p3":113},
    {"p1":2,
     "p2":113,
     "p3":114},
    {"p1":21,
     "p2":34,
     "p3":35},
    {"p1":21,
     "p2":22,
     "p3":34},
    {"p1":25,
     "p2":26,
     "p3":30},
    {"p1":25,
     "p2":30,
     "p3":31},
    {"p1":11,
     "p2":13,
     "p3":14},
    {"p1":11,
     "p2":12,
     "p3":13},
    {"p1":19,
     "p2":36,
     "p3":37},
    {"p1":19,
     "p2":20,
     "p3":36},
    {"p1":21,
     "p2":35,
     "p3":36},
    {"p1":20,
     "p2":21,
     "p3":36}]
}