{"points":[
    {"x":0.054545,
     "y":0.45909},
    {"x":0.059091,
     "y":0.47727},
    {"x":0.063636,
     "y":0.49545},
    {"x":0.068182,
     "y":0.51364},
    {"x":0.072727,
     "y":0.53182},
    {"x":0.077273,
     "y":0.55},
    {"x":0.081818,
     "y":0.56818},
    {"x":0.086364,
     "y":0.58636},
    {"x":0.090909,
     "y":0.60455},
    {"x":0.081818,
     "y":0.61818},
    {"x":0.072727,
     "y":0.63636},
    {"x":0.072727,
     "y":0.65455},
    {"x":0.077273,
     "y":0.67273},
    {"x":0.081818,
     "y":0.69091},
    {"x":0.086364,
     "y":0.70909},
    {"x":0.090909,
     "y":0.72727},
    {"x":0.095455,
     "y":0.74545},
    {"x":0.1,
     "y":0.76364},
    {"x":0.10455,
     "y":0.78182},
    {"x":0.10455,
     "y":0.8},
    {"x":0.10909,
     "y":0.81818},
    {"x":0.11364,
     "y":0.83636},
    {"x":0.11818,
     "y":0.85455},
    {"x":0.11818,
     "y":0.87273},
    {"x":0.12273,
     "y":0.89091},
    {"x":0.12727,
     "y":0.90909},
    {"x":0.12727,
     "y":0.92727},
    {"x":0.13182,
     "y":0.94545},
    {"x":0.13182,
     "y":0.96364},
    {"x":0.13636,
     "y":0.98182},
    {"x":0.14545,
     "y":1},
    {"x":0.14545,
     "y":0.98182},
    {"x":0.14545,
     "y":0.96364},
    {"x":0.15,
     "y":0.94545},
    {"x":0.15,
     "y":0.92727},
    {"x":0.15,
     "y":0.90909},
    {"x":0.15455,
     "y":0.89091},
    {"x":0.15909,
     "y":0.87273},
    {"x":0.16364,
     "y":0.85455},
    {"x":0.16364,
     "y":0.83636},
    {"x":0.16818,
     "y":0.81818},
    {"x":0.17273,
     "y":0.8},
    {"x":0.17273,
     "y":0.78182},
    {"x":0.17727,
     "y":0.76364},
    {"x":0.17727,
     "y":0.74545},
    {"x":0.17727,
     "y":0.72727},
    {"x":0.18182,
     "y":0.70909},
    {"x":0.19091,
     "y":0.69091},
    {"x":0.19091,
     "y":0.67273},
    {"x":0.19545,
     "y":0.65455},
    {"x":0.19545,
     "y":0.63636},
    {"x":0.19545,
     "y":0.61818},
    {"x":0.18636,
     "y":0.6},
    {"x":0.17273,
     "y":0.59091},
    {"x":0.17727,
     "y":0.57273},
    {"x":0.18182,
     "y":0.55455},
    {"x":0.18636,
     "y":0.53636},
    {"x":0.18636,
     "y":0.51818},
    {"x":0.19091,
     "y":0.5},
    {"x":0.19545,
     "y":0.48182},
    {"x":0.2,
     "y":0.46364},
    {"x":0.20455,
     "y":0.44545},
    {"x":0.20909,
     "y":0.42727},
    {"x":0.21364,
     "y":0.40909},
    {"x":0.21818,
     "y":0.39091},
    {"x":0.22273,
     "y":0.37273},
    {"x":0.23182,
     "y":0.35455},
    {"x":0.23636,
     "y":0.33636},
    {"x":0.23182,
     "y":0.31818},
    {"x":0.21364,
     "y":0.30909},
    {"x":0.21818,
     "y":0.29091},
    {"x":0.22273,
     "y":0.27273},
    {"x":0.23182,
     "y":0.25455},
    {"x":0.23636,
     "y":0.23636},
    {"x":0.24091,
     "y":0.21818},
    {"x":0.24545,
     "y":0.2},
    {"x":0.24545,
     "y":0.18182},
    {"x":0.25909,
     "y":0.16364},
    {"x":0.25455,
     "y":0.14545},
    {"x":0.23636,
     "y":0.13636},
    {"x":0.21818,
     "y":0.13182},
    {"x":0.2,
     "y":0.12727},
    {"x":0.18182,
     "y":0.12273},
    {"x":0.16364,
     "y":0.12273},
    {"x":0.15455,
     "y":0.10909},
    {"x":0.15455,
     "y":0.090909},
    {"x":0.15455,
     "y":0.072727},
    {"x":0.15455,
     "y":0.054545},
    {"x":0.15455,
     "y":0.036364},
    {"x":0.15455,
     "y":0.018182},
    {"x":0.14545,
     "y":0},
    {"x":0.12727,
     "y":0},
    {"x":0.11818,
     "y":0.018182},
    {"x":0.11818,
     "y":0.036364},
    {"x":0.11818,
     "y":0.054545},
    {"x":0.11818,
     "y":0.072727},
    {"x":0.11818,
     "y":0.090909},
    {"x":0.11818,
     "y":0.10909},
    {"x":0.10909,
     "y":0.12727},
    {"x":0.090909,
     "y":0.13182},
    {"x":0.072727,
     "y":0.13636},
    {"x":0.054545,
     "y":0.13636},
    {"x":0.036364,
     "y":0.13636},
    {"x":0.018182,
     "y":0.13636},
    {"x":0,
     "y":0.14545},
    {"x":0,
     "y":0.16364},
    {"x":0.0045455,
     "y":0.18182},
    {"x":0.0090909,
     "y":0.2},
    {"x":0.013636,
     "y":0.21818},
    {"x":0.018182,
     "y":0.23636},
    {"x":0.022727,
     "y":0.25455},
    {"x":0.027273,
     "y":0.27273},
    {"x":0.031818,
     "y":0.29091},
    {"x":0.036364,
     "y":0.30909},
    {"x":0.045455,
     "y":0.32727},
    {"x":0.05,
     "y":0.34545},
    {"x":0.031818,
     "y":0.35455},
    {"x":0.027273,
     "y":0.37273},
    {"x":0.036364,
     "y":0.39091},
    {"x":0.040909,
     "y":0.40909},
    {"x":0.05,
     "y":0.42727},
    {"x":0.054545,
     "y":0.44545},
    {"x":0.054545,
     "y":0.45909}],
 "triangles":[
    {"p1":103,
     "p2":104,
     "p3":105},
    {"p1":76,
     "p2":77,
     "p3":79},
    {"p1":9,
     "p2":11,
     "p3":12},
    {"p1":77,
     "p2":78,
     "p3":79},
    {"p1":29,
     "p2":30,
     "p3":31},
    {"p1":83,
     "p2":84,
     "p3":98},
    {"p1":9,
     "p2":10,
     "p3":11},
    {"p1":115,
     "p2":116,
     "p3":117},
    {"p1":9,
     "p2":48,
     "p3":49},
    {"p1":9,
     "p2":12,
     "p3":48},
    {"p1":76,
     "p2":79,
     "p3":80},
    {"p1":99,
     "p2":100,
     "p3":109},
    {"p1":76,
     "p2":80,
     "p3":81},
    {"p1":9,
     "p2":49,
     "p3":50},
    {"p1":8,
     "p2":9,
     "p3":50},
    {"p1":7,
     "p2":8,
     "p3":53},
    {"p1":8,
     "p2":50,
     "p3":53},
    {"p1":50,
     "p2":51,
     "p3":53},
    {"p1":73,
     "p2":83,
     "p3":98},
    {"p1":71,
     "p2":73,
     "p3":98},
    {"p1":99,
     "p2":109,
     "p3":110},
    {"p1":71,
     "p2":98,
     "p3":110},
    {"p1":98,
     "p2":99,
     "p3":110},
    {"p1":100,
     "p2":108,
     "p3":109},
    {"p1":100,
     "p2":107,
     "p3":108},
    {"p1":102,
     "p2":103,
     "p3":105},
    {"p1":115,
     "p2":117,
     "p3":118},
    {"p1":115,
     "p2":118,
     "p3":119},
    {"p1":63,
     "p2":115,
     "p3":120},
    {"p1":115,
     "p2":119,
     "p3":120},
    {"p1":46,
     "p2":47,
     "p3":48},
    {"p1":84,
     "p2":97,
     "p3":98},
    {"p1":51,
     "p2":52,
     "p3":53},
    {"p1":65,
     "p2":69,
     "p3":115},
    {"p1":67,
     "p2":68,
     "p3":69},
    {"p1":70,
     "p2":112,
     "p3":114},
    {"p1":69,
     "p2":70,
     "p3":114},
    {"p1":112,
     "p2":113,
     "p3":114},
    {"p1":69,
     "p2":114,
     "p3":115},
    {"p1":73,
     "p2":74,
     "p3":83},
    {"p1":74,
     "p2":82,
     "p3":83},
    {"p1":74,
     "p2":81,
     "p3":82},
    {"p1":71,
     "p2":110,
     "p3":111},
    {"p1":100,
     "p2":101,
     "p3":107},
    {"p1":102,
     "p2":105,
     "p3":106},
    {"p1":101,
     "p2":102,
     "p3":106},
    {"p1":101,
     "p2":106,
     "p3":107},
    {"p1":0,
     "p2":1,
     "p3":121},
    {"p1":60,
     "p2":61,
     "p3":121},
    {"p1":1,
     "p2":60,
     "p3":121},
    {"p1":1,
     "p2":59,
     "p3":60},
    {"p1":62,
     "p2":63,
     "p3":120},
    {"p1":29,
     "p2":31,
     "p3":32},
    {"p1":28,
     "p2":29,
     "p3":32},
    {"p1":66,
     "p2":67,
     "p3":69},
    {"p1":65,
     "p2":66,
     "p3":69},
    {"p1":63,
     "p2":64,
     "p3":115},
    {"p1":64,
     "p2":65,
     "p3":115},
    {"p1":71,
     "p2":72,
     "p3":73},
    {"p1":75,
     "p2":76,
     "p3":81},
    {"p1":74,
     "p2":75,
     "p3":81},
    {"p1":13,
     "p2":46,
     "p3":48},
    {"p1":12,
     "p2":13,
     "p3":48},
    {"p1":13,
     "p2":14,
     "p3":46},
    {"p1":15,
     "p2":16,
     "p3":45},
    {"p1":6,
     "p2":54,
     "p3":55},
    {"p1":6,
     "p2":7,
     "p3":54},
    {"p1":7,
     "p2":53,
     "p3":54},
    {"p1":1,
     "p2":2,
     "p3":59},
    {"p1":3,
     "p2":4,
     "p3":57},
    {"p1":16,
     "p2":44,
     "p3":45},
    {"p1":16,
     "p2":17,
     "p3":44},
    {"p1":17,
     "p2":43,
     "p3":44},
    {"p1":22,
     "p2":38,
     "p3":39},
    {"p1":22,
     "p2":37,
     "p3":38},
    {"p1":27,
     "p2":32,
     "p3":33},
    {"p1":27,
     "p2":28,
     "p3":32},
    {"p1":27,
     "p2":33,
     "p3":34},
    {"p1":26,
     "p2":27,
     "p3":34},
    {"p1":2,
     "p2":58,
     "p3":59},
    {"p1":3,
     "p2":57,
     "p3":58},
    {"p1":2,
     "p2":3,
     "p3":58},
    {"p1":5,
     "p2":6,
     "p3":55},
    {"p1":5,
     "p2":55,
     "p3":56},
    {"p1":5,
     "p2":56,
     "p3":57},
    {"p1":4,
     "p2":5,
     "p3":57},
    {"p1":21,
     "p2":22,
     "p3":39},
    {"p1":22,
     "p2":23,
     "p3":37},
    {"p1":89,
     "p2":91,
     "p3":92},
    {"p1":89,
     "p2":90,
     "p3":91},
    {"p1":88,
     "p2":89,
     "p3":92},
    {"p1":88,
     "p2":92,
     "p3":93},
    {"p1":86,
     "p2":95,
     "p3":96},
    {"p1":85,
     "p2":86,
     "p3":96},
    {"p1":88,
     "p2":93,
     "p3":94},
    {"p1":87,
     "p2":88,
     "p3":94},
    {"p1":86,
     "p2":94,
     "p3":95},
    {"p1":86,
     "p2":87,
     "p3":94},
    {"p1":85,
     "p2":96,
     "p3":97},
    {"p1":84,
     "p2":85,
     "p3":97},
    {"p1":70,
     "p2":71,
     "p3":111},
    {"p1":70,
     "p2":111,
     "p3":112},
    {"p1":61,
     "p2":62,
     "p3":121},
    {"p1":62,
     "p2":120,
     "p3":121},
    {"p1":14,
     "p2":15,
     "p3":45},
    {"p1":14,
     "p2":45,
     "p3":46},
    {"p1":17,
     "p2":18,
     "p3":42},
    {"p1":17,
     "p2":42,
     "p3":43},
    {"p1":18,
     "p2":19,
     "p3":42},
    {"p1":19,
     "p2":41,
     "p3":42},
    {"p1":19,
     "p2":40,
     "p3":41},
    {"p1":19,
     "p2":20,
     "p3":40},
    {"p1":20,
     "p2":21,
     "p3":40},
    {"p1":21,
     "p2":39,
     "p3":40},
    {"p1":23,
     "p2":24,
     "p3":36},
    {"p1":23,
     "p2":36,
     "p3":37},
    {"p1":24,
     "p2":25,
     "p3":36},
    {"p1":25,
     "p2":35,
     "p3":36},
    {"p1":25,
     "p2":26,
     "p3":34},
    {"p1":25,
     "p2":34,
     "p3":35}]
}