{"points":[
    {"x":0.10222,
     "y":0.50222},
    {"x":0.12444,
     "y":0.52889},
    {"x":0.13778,
     "y":0.55556},
    {"x":0.13778,
     "y":0.58222},
    {"x":0.11111,
     "y":0.59556},
    {"x":0.084444,
     "y":0.59111},
    {"x":0.057778,
     "y":0.58222},
    {"x":0.031111,
     "y":0.57333},
    {"x":0.013333,
     "y":0.57778},
    {"x":0.035556,
     "y":0.6},
    {"x":0.062222,
     "y":0.62222},
    {"x":0.084444,
     "y":0.64889},
    {"x":0.093333,
     "y":0.67556},
    {"x":0.10667,
     "y":0.70222},
    {"x":0.12,
     "y":0.72889},
    {"x":0.13333,
     "y":0.75556},
    {"x":0.14222,
     "y":0.78222},
    {"x":0.12889,
     "y":0.80889},
    {"x":0.10222,
     "y":0.80444},
    {"x":0.075556,
     "y":0.80444},
    {"x":0.048889,
     "y":0.79556},
    {"x":0.031111,
     "y":0.79556},
    {"x":0.057778,
     "y":0.80889},
    {"x":0.084444,
     "y":0.81778},
    {"x":0.11111,
     "y":0.83556},
    {"x":0.13778,
     "y":0.85778},
    {"x":0.16444,
     "y":0.88},
    {"x":0.18667,
     "y":0.90667},
    {"x":0.20444,
     "y":0.93333},
    {"x":0.22222,
     "y":0.96},
    {"x":0.23556,
     "y":0.98667},
    {"x":0.24889,
     "y":1},
    {"x":0.25778,
     "y":0.97333},
    {"x":0.27111,
     "y":0.94667},
    {"x":0.28444,
     "y":0.92},
    {"x":0.30667,
     "y":0.89333},
    {"x":0.33333,
     "y":0.86667},
    {"x":0.36,
     "y":0.84},
    {"x":0.38222,
     "y":0.81333},
    {"x":0.40889,
     "y":0.79111},
    {"x":0.38222,
     "y":0.79556},
    {"x":0.35556,
     "y":0.80889},
    {"x":0.32889,
     "y":0.82667},
    {"x":0.30222,
     "y":0.81778},
    {"x":0.30222,
     "y":0.79111},
    {"x":0.31111,
     "y":0.76444},
    {"x":0.32,
     "y":0.73778},
    {"x":0.33333,
     "y":0.71111},
    {"x":0.35111,
     "y":0.68444},
    {"x":0.36444,
     "y":0.65778},
    {"x":0.38667,
     "y":0.63111},
    {"x":0.41333,
     "y":0.60444},
    {"x":0.44,
     "y":0.58222},
    {"x":0.46667,
     "y":0.56889},
    {"x":0.45778,
     "y":0.55556},
    {"x":0.43111,
     "y":0.55556},
    {"x":0.40444,
     "y":0.56},
    {"x":0.37778,
     "y":0.56889},
    {"x":0.35111,
     "y":0.58222},
    {"x":0.32444,
     "y":0.57333},
    {"x":0.32444,
     "y":0.54667},
    {"x":0.33778,
     "y":0.52},
    {"x":0.35556,
     "y":0.49333},
    {"x":0.37778,
     "y":0.46667},
    {"x":0.40444,
     "y":0.44},
    {"x":0.43111,
     "y":0.41333},
    {"x":0.45778,
     "y":0.38667},
    {"x":0.47556,
     "y":0.36444},
    {"x":0.44889,
     "y":0.36444},
    {"x":0.42222,
     "y":0.36444},
    {"x":0.39556,
     "y":0.36444},
    {"x":0.36889,
     "y":0.37333},
    {"x":0.34222,
     "y":0.36889},
    {"x":0.32889,
     "y":0.34222},
    {"x":0.33333,
     "y":0.31556},
    {"x":0.33778,
     "y":0.28889},
    {"x":0.34222,
     "y":0.26222},
    {"x":0.34222,
     "y":0.23556},
    {"x":0.34222,
     "y":0.20889},
    {"x":0.34222,
     "y":0.18222},
    {"x":0.34667,
     "y":0.15556},
    {"x":0.35111,
     "y":0.12889},
    {"x":0.35556,
     "y":0.10222},
    {"x":0.36444,
     "y":0.075556},
    {"x":0.36444,
     "y":0.048889},
    {"x":0.36,
     "y":0.022222},
    {"x":0.34667,
     "y":0},
    {"x":0.32,
     "y":0},
    {"x":0.29333,
     "y":0.0044444},
    {"x":0.26667,
     "y":0.0044444},
    {"x":0.24,
     "y":0.0088889},
    {"x":0.21333,
     "y":0.022222},
    {"x":0.20444,
     "y":0.048889},
    {"x":0.19556,
     "y":0.075556},
    {"x":0.19111,
     "y":0.10222},
    {"x":0.19111,
     "y":0.12889},
    {"x":0.19111,
     "y":0.15556},
    {"x":0.18667,
     "y":0.18222},
    {"x":0.18667,
     "y":0.20889},
    {"x":0.18667,
     "y":0.23556},
    {"x":0.18667,
     "y":0.26222},
    {"x":0.18667,
     "y":0.28889},
    {"x":0.18667,
     "y":0.31556},
    {"x":0.17778,
     "y":0.34222},
    {"x":0.16,
     "y":0.36444},
    {"x":0.13333,
     "y":0.37333},
    {"x":0.10667,
     "y":0.37333},
    {"x":0.08,
     "y":0.37778},
    {"x":0.053333,
     "y":0.38222},
    {"x":0.026667,
     "y":0.38222},
    {"x":0,
     "y":0.38222},
    {"x":0.017778,
     "y":0.39556},
    {"x":0.044444,
     "y":0.42222},
    {"x":0.066667,
     "y":0.44889},
    {"x":0.084444,
     "y":0.47556},
    {"x":0.10222,
     "y":0.50222},
    {"x":0.10222,
     "y":0.50222}],
 "triangles":[
    {"p1":81,
     "p2":94,
     "p3":95},
    {"p1":29,
     "p2":32,
     "p3":33},
    {"p1":28,
     "p2":29,
     "p3":33},
    {"p1":80,
     "p2":81,
     "p3":95},
    {"p1":79,
     "p2":96,
     "p3":97},
    {"p1":79,
     "p2":80,
     "p3":96},
    {"p1":80,
     "p2":95,
     "p3":96},
    {"p1":74,
     "p2":101,
     "p3":102},
    {"p1":107,
     "p2":108,
     "p3":112},
    {"p1":107,
     "p2":112,
     "p3":113},
    {"p1":2,
     "p2":3,
     "p3":59},
    {"p1":49,
     "p2":58,
     "p3":59},
    {"p1":49,
     "p2":50,
     "p3":58},
    {"p1":50,
     "p2":51,
     "p3":57},
    {"p1":50,
     "p2":57,
     "p3":58},
    {"p1":63,
     "p2":71,
     "p3":72},
    {"p1":65,
     "p2":69,
     "p3":70},
    {"p1":30,
     "p2":31,
     "p3":32},
    {"p1":29,
     "p2":30,
     "p3":32},
    {"p1":15,
     "p2":45,
     "p3":46},
    {"p1":83,
     "p2":84,
     "p3":88},
    {"p1":82,
     "p2":83,
     "p3":88},
    {"p1":73,
     "p2":74,
     "p3":102},
    {"p1":106,
     "p2":107,
     "p3":113},
    {"p1":74,
     "p2":75,
     "p3":101},
    {"p1":75,
     "p2":76,
     "p3":100},
    {"p1":75,
     "p2":100,
     "p3":101},
    {"p1":62,
     "p2":63,
     "p3":72},
    {"p1":61,
     "p2":62,
     "p3":72},
    {"p1":2,
     "p2":59,
     "p3":60},
    {"p1":1,
     "p2":2,
     "p3":60},
    {"p1":1,
     "p2":60,
     "p3":61},
    {"p1":63,
     "p2":64,
     "p3":71},
    {"p1":64,
     "p2":65,
     "p3":70},
    {"p1":64,
     "p2":70,
     "p3":71},
    {"p1":51,
     "p2":56,
     "p3":57},
    {"p1":66,
     "p2":67,
     "p3":68},
    {"p1":66,
     "p2":68,
     "p3":69},
    {"p1":65,
     "p2":66,
     "p3":69},
    {"p1":19,
     "p2":22,
     "p3":23},
    {"p1":20,
     "p2":21,
     "p3":22},
    {"p1":19,
     "p2":20,
     "p3":22},
    {"p1":18,
     "p2":23,
     "p3":24},
    {"p1":18,
     "p2":19,
     "p3":23},
    {"p1":3,
     "p2":13,
     "p3":14},
    {"p1":14,
     "p2":15,
     "p3":46},
    {"p1":48,
     "p2":49,
     "p3":59},
    {"p1":90,
     "p2":91,
     "p3":92},
    {"p1":84,
     "p2":85,
     "p3":87},
    {"p1":84,
     "p2":87,
     "p3":88},
    {"p1":85,
     "p2":86,
     "p3":87},
    {"p1":108,
     "p2":109,
     "p3":112},
    {"p1":109,
     "p2":111,
     "p3":112},
    {"p1":109,
     "p2":110,
     "p3":111},
    {"p1":1,
     "p2":61,
     "p3":104},
    {"p1":0,
     "p2":1,
     "p3":104},
    {"p1":61,
     "p2":72,
     "p3":104},
    {"p1":51,
     "p2":52,
     "p3":56},
    {"p1":52,
     "p2":53,
     "p3":54},
    {"p1":3,
     "p2":14,
     "p3":47},
    {"p1":14,
     "p2":46,
     "p3":47},
    {"p1":3,
     "p2":47,
     "p3":59},
    {"p1":47,
     "p2":48,
     "p3":59},
    {"p1":26,
     "p2":27,
     "p3":43},
    {"p1":16,
     "p2":26,
     "p3":43},
    {"p1":15,
     "p2":16,
     "p3":45},
    {"p1":37,
     "p2":38,
     "p3":41},
    {"p1":37,
     "p2":41,
     "p3":42},
    {"p1":36,
     "p2":42,
     "p3":43},
    {"p1":36,
     "p2":37,
     "p3":42},
    {"p1":82,
     "p2":92,
     "p3":93},
    {"p1":82,
     "p2":88,
     "p3":89},
    {"p1":82,
     "p2":89,
     "p3":92},
    {"p1":89,
     "p2":90,
     "p3":92},
    {"p1":105,
     "p2":113,
     "p3":114},
    {"p1":105,
     "p2":106,
     "p3":113},
    {"p1":0,
     "p2":105,
     "p3":114},
    {"p1":0,
     "p2":104,
     "p3":105},
    {"p1":52,
     "p2":54,
     "p3":55},
    {"p1":52,
     "p2":55,
     "p3":56},
    {"p1":28,
     "p2":33,
     "p3":34},
    {"p1":27,
     "p2":28,
     "p3":34},
    {"p1":17,
     "p2":25,
     "p3":26},
    {"p1":16,
     "p2":17,
     "p3":26},
    {"p1":17,
     "p2":24,
     "p3":25},
    {"p1":17,
     "p2":18,
     "p3":24},
    {"p1":16,
     "p2":44,
     "p3":45},
    {"p1":16,
     "p2":43,
     "p3":44},
    {"p1":38,
     "p2":39,
     "p3":40},
    {"p1":38,
     "p2":40,
     "p3":41},
    {"p1":73,
     "p2":102,
     "p3":103},
    {"p1":72,
     "p2":73,
     "p3":103},
    {"p1":72,
     "p2":103,
     "p3":104},
    {"p1":27,
     "p2":35,
     "p3":43},
    {"p1":27,
     "p2":34,
     "p3":35},
    {"p1":35,
     "p2":36,
     "p3":43},
    {"p1":4,
     "p2":5,
     "p3":11},
    {"p1":7,
     "p2":8,
     "p3":9},
    {"p1":6,
     "p2":7,
     "p3":9},
    {"p1":4,
     "p2":11,
     "p3":12},
    {"p1":3,
     "p2":12,
     "p3":13},
    {"p1":3,
     "p2":4,
     "p3":12},
    {"p1":5,
     "p2":10,
     "p3":11},
    {"p1":5,
     "p2":6,
     "p3":10},
    {"p1":6,
     "p2":9,
     "p3":10},
    {"p1":77,
     "p2":78,
     "p3":98},
    {"p1":77,
     "p2":98,
     "p3":99},
    {"p1":79,
     "p2":97,
     "p3":98},
    {"p1":78,
     "p2":79,
     "p3":98},
    {"p1":77,
     "p2":99,
     "p3":100},
    {"p1":76,
     "p2":77,
     "p3":100},
    {"p1":81,
     "p2":82,
     "p3":93},
    {"p1":81,
     "p2":93,
     "p3":94}]
}