{"points":[
    {"x":0.015936,
     "y":0.34661},
    {"x":0.043825,
     "y":0.35458},
    {"x":0.071713,
     "y":0.35857},
    {"x":0.099602,
     "y":0.35857},
    {"x":0.10359,
     "y":0.38645},
    {"x":0.11952,
     "y":0.41434},
    {"x":0.14741,
     "y":0.43426},
    {"x":0.1753,
     "y":0.44622},
    {"x":0.19522,
     "y":0.4741},
    {"x":0.21116,
     "y":0.50199},
    {"x":0.22311,
     "y":0.52988},
    {"x":0.23904,
     "y":0.55777},
    {"x":0.26693,
     "y":0.57371},
    {"x":0.28685,
     "y":0.59761},
    {"x":0.31474,
     "y":0.61753},
    {"x":0.34263,
     "y":0.62948},
    {"x":0.37052,
     "y":0.64143},
    {"x":0.39841,
     "y":0.65339},
    {"x":0.42629,
     "y":0.65737},
    {"x":0.45418,
     "y":0.66135},
    {"x":0.48207,
     "y":0.67729},
    {"x":0.50996,
     "y":0.68526},
    {"x":0.53785,
     "y":0.68924},
    {"x":0.56574,
     "y":0.68924},
    {"x":0.59363,
     "y":0.68127},
    {"x":0.62151,
     "y":0.67729},
    {"x":0.6494,
     "y":0.67729},
    {"x":0.67729,
     "y":0.67331},
    {"x":0.70518,
     "y":0.66932},
    {"x":0.73307,
     "y":0.66534},
    {"x":0.76096,
     "y":0.66534},
    {"x":0.78884,
     "y":0.65737},
    {"x":0.81673,
     "y":0.63745},
    {"x":0.84064,
     "y":0.62151},
    {"x":0.86853,
     "y":0.60558},
    {"x":0.89641,
     "y":0.59363},
    {"x":0.9243,
     "y":0.57769},
    {"x":0.94821,
     "y":0.55777},
    {"x":0.9761,
     "y":0.55777},
    {"x":0.98805,
     "y":0.54183},
    {"x":0.98008,
     "y":0.51394},
    {"x":0.96414,
     "y":0.48606},
    {"x":0.94821,
     "y":0.45817},
    {"x":0.94422,
     "y":0.43028},
    {"x":0.92829,
     "y":0.40637},
    {"x":0.94821,
     "y":0.39841},
    {"x":0.9761,
     "y":0.39044},
    {"x":0.99602,
     "y":0.36255},
    {"x":1,
     "y":0.33466},
    {"x":0.99602,
     "y":0.30677},
    {"x":0.98008,
     "y":0.27888},
    {"x":0.96813,
     "y":0.25896},
    {"x":0.95219,
     "y":0.25896},
    {"x":0.94422,
     "y":0.23904},
    {"x":0.92032,
     "y":0.23108},
    {"x":0.89243,
     "y":0.23904},
    {"x":0.88048,
     "y":0.26693},
    {"x":0.88048,
     "y":0.29482},
    {"x":0.86853,
     "y":0.31873},
    {"x":0.84064,
     "y":0.32669},
    {"x":0.81275,
     "y":0.31474},
    {"x":0.78884,
     "y":0.2988},
    {"x":0.76096,
     "y":0.28287},
    {"x":0.73307,
     "y":0.26295},
    {"x":0.70916,
     "y":0.24701},
    {"x":0.68127,
     "y":0.23108},
    {"x":0.65339,
     "y":0.21116},
    {"x":0.6255,
     "y":0.1992},
    {"x":0.59761,
     "y":0.19124},
    {"x":0.56972,
     "y":0.1753},
    {"x":0.54183,
     "y":0.16733},
    {"x":0.51394,
     "y":0.15538},
    {"x":0.48606,
     "y":0.15538},
    {"x":0.45817,
     "y":0.14343},
    {"x":0.43028,
     "y":0.14343},
    {"x":0.43028,
     "y":0.11952},
    {"x":0.43825,
     "y":0.091633},
    {"x":0.43028,
     "y":0.063745},
    {"x":0.41434,
     "y":0.047809},
    {"x":0.39044,
     "y":0.031873},
    {"x":0.37849,
     "y":0.0079681},
    {"x":0.35458,
     "y":0},
    {"x":0.33068,
     "y":0.011952},
    {"x":0.31474,
     "y":0.035857},
    {"x":0.31474,
     "y":0.063745},
    {"x":0.32271,
     "y":0.087649},
    {"x":0.32669,
     "y":0.10757},
    {"x":0.31873,
     "y":0.13546},
    {"x":0.30677,
     "y":0.15936},
    {"x":0.28287,
     "y":0.17928},
    {"x":0.25498,
     "y":0.18327},
    {"x":0.22709,
     "y":0.1992},
    {"x":0.1992,
     "y":0.21912},
    {"x":0.17131,
     "y":0.21912},
    {"x":0.14343,
     "y":0.21514},
    {"x":0.11554,
     "y":0.21514},
    {"x":0.087649,
     "y":0.20717},
    {"x":0.059761,
     "y":0.1992},
    {"x":0.031873,
     "y":0.1992},
    {"x":0.0039841,
     "y":0.20717},
    {"x":0,
     "y":0.23506},
    {"x":0,
     "y":0.26295},
    {"x":0,
     "y":0.29084},
    {"x":0.0039841,
     "y":0.31873},
    {"x":0.015936,
     "y":0.34661},
    {"x":0.015936,
     "y":0.34661}],
 "triangles":[
    {"p1":48,
     "p2":49,
     "p3":57},
    {"p1":34,
     "p2":42,
     "p3":44},
    {"p1":52,
     "p2":53,
     "p3":54},
    {"p1":34,
     "p2":44,
     "p3":59},
    {"p1":52,
     "p2":56,
     "p3":57},
    {"p1":54,
     "p2":55,
     "p3":56},
    {"p1":52,
     "p2":54,
     "p3":56},
    {"p1":25,
     "p2":62,
     "p3":63},
    {"p1":25,
     "p2":63,
     "p3":64},
    {"p1":50,
     "p2":51,
     "p3":52},
    {"p1":49,
     "p2":50,
     "p3":57},
    {"p1":50,
     "p2":52,
     "p3":57},
    {"p1":42,
     "p2":43,
     "p3":44},
    {"p1":98,
     "p2":99,
     "p3":100},
    {"p1":97,
     "p2":98,
     "p3":100},
    {"p1":0,
     "p2":1,
     "p3":103},
    {"p1":1,
     "p2":102,
     "p3":103},
    {"p1":3,
     "p2":92,
     "p3":93},
    {"p1":3,
     "p2":7,
     "p3":92},
    {"p1":7,
     "p2":91,
     "p3":92},
    {"p1":10,
     "p2":11,
     "p3":12},
    {"p1":9,
     "p2":10,
     "p3":12},
    {"p1":12,
     "p2":14,
     "p3":15},
    {"p1":12,
     "p2":13,
     "p3":14},
    {"p1":12,
     "p2":15,
     "p3":72},
    {"p1":9,
     "p2":12,
     "p3":72},
    {"p1":44,
     "p2":58,
     "p3":59},
    {"p1":34,
     "p2":35,
     "p3":42},
    {"p1":35,
     "p2":36,
     "p3":42},
    {"p1":33,
     "p2":59,
     "p3":60},
    {"p1":33,
     "p2":34,
     "p3":59},
    {"p1":37,
     "p2":38,
     "p3":39},
    {"p1":37,
     "p2":39,
     "p3":40},
    {"p1":37,
     "p2":40,
     "p3":41},
    {"p1":37,
     "p2":41,
     "p3":42},
    {"p1":36,
     "p2":37,
     "p3":42},
    {"p1":28,
     "p2":61,
     "p3":62},
    {"p1":28,
     "p2":29,
     "p3":60},
    {"p1":28,
     "p2":60,
     "p3":61},
    {"p1":22,
     "p2":23,
     "p3":24},
    {"p1":44,
     "p2":45,
     "p3":58},
    {"p1":45,
     "p2":47,
     "p3":48},
    {"p1":45,
     "p2":46,
     "p3":47},
    {"p1":45,
     "p2":48,
     "p3":57},
    {"p1":45,
     "p2":57,
     "p3":58},
    {"p1":96,
     "p2":101,
     "p3":102},
    {"p1":97,
     "p2":100,
     "p3":101},
    {"p1":96,
     "p2":97,
     "p3":101},
    {"p1":1,
     "p2":2,
     "p3":102},
    {"p1":2,
     "p2":96,
     "p3":102},
    {"p1":2,
     "p2":3,
     "p3":95},
    {"p1":2,
     "p2":95,
     "p3":96},
    {"p1":3,
     "p2":94,
     "p3":95},
    {"p1":3,
     "p2":93,
     "p3":94},
    {"p1":3,
     "p2":4,
     "p3":6},
    {"p1":3,
     "p2":6,
     "p3":7},
    {"p1":21,
     "p2":22,
     "p3":24},
    {"p1":29,
     "p2":30,
     "p3":32},
    {"p1":30,
     "p2":31,
     "p3":32},
    {"p1":29,
     "p2":32,
     "p3":60},
    {"p1":32,
     "p2":33,
     "p3":60},
    {"p1":25,
     "p2":27,
     "p3":62},
    {"p1":27,
     "p2":28,
     "p3":62},
    {"p1":79,
     "p2":82,
     "p3":83},
    {"p1":79,
     "p2":83,
     "p3":84},
    {"p1":4,
     "p2":5,
     "p3":6},
    {"p1":19,
     "p2":21,
     "p3":24},
    {"p1":25,
     "p2":26,
     "p3":27},
    {"p1":9,
     "p2":72,
     "p3":74},
    {"p1":19,
     "p2":24,
     "p3":65},
    {"p1":25,
     "p2":64,
     "p3":65},
    {"p1":24,
     "p2":25,
     "p3":65},
    {"p1":19,
     "p2":20,
     "p3":21},
    {"p1":15,
     "p2":16,
     "p3":72},
    {"p1":70,
     "p2":71,
     "p3":72},
    {"p1":16,
     "p2":70,
     "p3":72},
    {"p1":74,
     "p2":87,
     "p3":88},
    {"p1":74,
     "p2":88,
     "p3":89},
    {"p1":7,
     "p2":8,
     "p3":89},
    {"p1":8,
     "p2":9,
     "p3":89},
    {"p1":9,
     "p2":74,
     "p3":89},
    {"p1":7,
     "p2":89,
     "p3":91},
    {"p1":89,
     "p2":90,
     "p3":91},
    {"p1":19,
     "p2":65,
     "p3":68},
    {"p1":68,
     "p2":69,
     "p3":70},
    {"p1":16,
     "p2":18,
     "p3":70},
    {"p1":16,
     "p2":17,
     "p3":18},
    {"p1":18,
     "p2":19,
     "p3":68},
    {"p1":18,
     "p2":68,
     "p3":70},
    {"p1":78,
     "p2":79,
     "p3":85},
    {"p1":79,
     "p2":84,
     "p3":85},
    {"p1":76,
     "p2":77,
     "p3":78},
    {"p1":75,
     "p2":76,
     "p3":78},
    {"p1":74,
     "p2":86,
     "p3":87},
    {"p1":74,
     "p2":75,
     "p3":86},
    {"p1":78,
     "p2":85,
     "p3":86},
    {"p1":75,
     "p2":78,
     "p3":86},
    {"p1":65,
     "p2":67,
     "p3":68},
    {"p1":65,
     "p2":66,
     "p3":67},
    {"p1":72,
     "p2":73,
     "p3":74},
    {"p1":79,
     "p2":80,
     "p3":82},
    {"p1":80,
     "p2":81,
     "p3":82}]
}