{"points":[
    {"x":0.0061162,
     "y":0.27829},
    {"x":0,
     "y":0.30275},
    {"x":0,
     "y":0.33028},
    {"x":0.015291,
     "y":0.35474},
    {"x":0.042813,
     "y":0.36086},
    {"x":0.070336,
     "y":0.37003},
    {"x":0.097859,
     "y":0.38532},
    {"x":0.12538,
     "y":0.38532},
    {"x":0.15291,
     "y":0.38532},
    {"x":0.18043,
     "y":0.38226},
    {"x":0.20795,
     "y":0.37615},
    {"x":0.23242,
     "y":0.37309},
    {"x":0.25688,
     "y":0.39755},
    {"x":0.2844,
     "y":0.4159},
    {"x":0.31193,
     "y":0.43425},
    {"x":0.33945,
     "y":0.46177},
    {"x":0.36697,
     "y":0.48624},
    {"x":0.3945,
     "y":0.50153},
    {"x":0.42202,
     "y":0.51376},
    {"x":0.44954,
     "y":0.52905},
    {"x":0.47706,
     "y":0.53211},
    {"x":0.50459,
     "y":0.54128},
    {"x":0.53211,
     "y":0.5474},
    {"x":0.55963,
     "y":0.55352},
    {"x":0.58716,
     "y":0.55657},
    {"x":0.61468,
     "y":0.55657},
    {"x":0.6422,
     "y":0.55657},
    {"x":0.66972,
     "y":0.55352},
    {"x":0.69725,
     "y":0.55046},
    {"x":0.72477,
     "y":0.54434},
    {"x":0.75229,
     "y":0.53823},
    {"x":0.77982,
     "y":0.52905},
    {"x":0.80734,
     "y":0.51682},
    {"x":0.83486,
     "y":0.49847},
    {"x":0.85627,
     "y":0.47706},
    {"x":0.87768,
     "y":0.45566},
    {"x":0.89908,
     "y":0.43119},
    {"x":0.91743,
     "y":0.40673},
    {"x":0.92966,
     "y":0.3792},
    {"x":0.93884,
     "y":0.35168},
    {"x":0.95107,
     "y":0.32416},
    {"x":0.97248,
     "y":0.29664},
    {"x":0.98777,
     "y":0.26911},
    {"x":0.96942,
     "y":0.25076},
    {"x":0.99694,
     "y":0.23242},
    {"x":1,
     "y":0.21101},
    {"x":0.97248,
     "y":0.20795},
    {"x":0.94495,
     "y":0.20489},
    {"x":0.91743,
     "y":0.20183},
    {"x":0.91437,
     "y":0.17431},
    {"x":0.93578,
     "y":0.14679},
    {"x":0.9633,
     "y":0.12538},
    {"x":0.98471,
     "y":0.097859},
    {"x":0.98471,
     "y":0.070336},
    {"x":0.98165,
     "y":0.045872},
    {"x":0.95719,
     "y":0.021407},
    {"x":0.92966,
     "y":0},
    {"x":0.90826,
     "y":0.0061162},
    {"x":0.88685,
     "y":0},
    {"x":0.8685,
     "y":0.0061162},
    {"x":0.86239,
     "y":0.027523},
    {"x":0.8685,
     "y":0.04893},
    {"x":0.87462,
     "y":0.076453},
    {"x":0.85627,
     "y":0.097859},
    {"x":0.8318,
     "y":0.12538},
    {"x":0.81346,
     "y":0.15291},
    {"x":0.78899,
     "y":0.14679},
    {"x":0.76147,
     "y":0.1315},
    {"x":0.73394,
     "y":0.12844},
    {"x":0.70642,
     "y":0.12844},
    {"x":0.6789,
     "y":0.12538},
    {"x":0.65138,
     "y":0.12232},
    {"x":0.62385,
     "y":0.12538},
    {"x":0.59633,
     "y":0.12232},
    {"x":0.56881,
     "y":0.11927},
    {"x":0.54128,
     "y":0.11621},
    {"x":0.51376,
     "y":0.11621},
    {"x":0.48624,
     "y":0.11621},
    {"x":0.45872,
     "y":0.11927},
    {"x":0.43119,
     "y":0.11927},
    {"x":0.40367,
     "y":0.12232},
    {"x":0.37615,
     "y":0.12844},
    {"x":0.35168,
     "y":0.14067},
    {"x":0.32416,
     "y":0.14373},
    {"x":0.29664,
     "y":0.14679},
    {"x":0.2844,
     "y":0.12538},
    {"x":0.28746,
     "y":0.097859},
    {"x":0.28746,
     "y":0.070336},
    {"x":0.28746,
     "y":0.042813},
    {"x":0.27523,
     "y":0.015291},
    {"x":0.25076,
     "y":0},
    {"x":0.22324,
     "y":0},
    {"x":0.19572,
     "y":0.0030581},
    {"x":0.1682,
     "y":0.0061162},
    {"x":0.17737,
     "y":0.033639},
    {"x":0.19878,
     "y":0.051988},
    {"x":0.20489,
     "y":0.079511},
    {"x":0.19878,
     "y":0.10703},
    {"x":0.19266,
     "y":0.13456},
    {"x":0.19572,
     "y":0.16208},
    {"x":0.19572,
     "y":0.1896},
    {"x":0.1682,
     "y":0.19572},
    {"x":0.14067,
     "y":0.20183},
    {"x":0.11315,
     "y":0.21101},
    {"x":0.085627,
     "y":0.22018},
    {"x":0.061162,
     "y":0.23547},
    {"x":0.033639,
     "y":0.25382},
    {"x":0.0091743,
     "y":0.27523},
    {"x":0.0061162,
     "y":0.27829}],
 "triangles":[
    {"p1":0,
     "p2":1,
     "p3":107},
    {"p1":18,
     "p2":20,
     "p3":76},
    {"p1":24,
     "p2":25,
     "p3":72},
    {"p1":27,
     "p2":70,
     "p3":72},
    {"p1":22,
     "p2":72,
     "p3":73},
    {"p1":18,
     "p2":19,
     "p3":20},
    {"p1":14,
     "p2":78,
     "p3":79},
    {"p1":14,
     "p2":15,
     "p3":78},
    {"p1":30,
     "p2":31,
     "p3":69},
    {"p1":31,
     "p2":66,
     "p3":69},
    {"p1":90,
     "p2":91,
     "p3":95},
    {"p1":36,
     "p2":37,
     "p3":38},
    {"p1":41,
     "p2":42,
     "p3":43},
    {"p1":40,
     "p2":41,
     "p3":43},
    {"p1":36,
     "p2":38,
     "p3":65},
    {"p1":36,
     "p2":65,
     "p3":66},
    {"p1":53,
     "p2":54,
     "p3":55},
    {"p1":53,
     "p2":55,
     "p3":62},
    {"p1":50,
     "p2":51,
     "p3":62},
    {"p1":51,
     "p2":53,
     "p3":62},
    {"p1":51,
     "p2":52,
     "p3":53},
    {"p1":29,
     "p2":30,
     "p3":69},
    {"p1":29,
     "p2":69,
     "p3":70},
    {"p1":25,
     "p2":26,
     "p3":72},
    {"p1":26,
     "p2":27,
     "p3":72},
    {"p1":70,
     "p2":71,
     "p3":72},
    {"p1":66,
     "p2":68,
     "p3":69},
    {"p1":66,
     "p2":67,
     "p3":68},
    {"p1":50,
     "p2":62,
     "p3":63},
    {"p1":23,
     "p2":24,
     "p3":72},
    {"p1":22,
     "p2":23,
     "p3":72},
    {"p1":21,
     "p2":22,
     "p3":73},
    {"p1":21,
     "p2":73,
     "p3":74},
    {"p1":20,
     "p2":21,
     "p3":74},
    {"p1":18,
     "p2":76,
     "p3":77},
    {"p1":18,
     "p2":77,
     "p3":78},
    {"p1":17,
     "p2":18,
     "p3":78},
    {"p1":15,
     "p2":17,
     "p3":78},
    {"p1":15,
     "p2":16,
     "p3":17},
    {"p1":20,
     "p2":75,
     "p3":76},
    {"p1":20,
     "p2":74,
     "p3":75},
    {"p1":5,
     "p2":6,
     "p3":7},
    {"p1":5,
     "p2":7,
     "p3":104},
    {"p1":1,
     "p2":2,
     "p3":4},
    {"p1":2,
     "p2":3,
     "p3":4},
    {"p1":1,
     "p2":4,
     "p3":107},
    {"p1":13,
     "p2":14,
     "p3":82},
    {"p1":13,
     "p2":82,
     "p3":83},
    {"p1":14,
     "p2":79,
     "p3":82},
    {"p1":79,
     "p2":80,
     "p3":82},
    {"p1":80,
     "p2":81,
     "p3":82},
    {"p1":12,
     "p2":13,
     "p3":83},
    {"p1":11,
     "p2":12,
     "p3":83},
    {"p1":87,
     "p2":88,
     "p3":96},
    {"p1":88,
     "p2":95,
     "p3":96},
    {"p1":91,
     "p2":92,
     "p3":95},
    {"p1":4,
     "p2":106,
     "p3":107},
    {"p1":4,
     "p2":5,
     "p3":106},
    {"p1":7,
     "p2":8,
     "p3":103},
    {"p1":7,
     "p2":103,
     "p3":104},
    {"p1":31,
     "p2":34,
     "p3":66},
    {"p1":32,
     "p2":33,
     "p3":34},
    {"p1":31,
     "p2":32,
     "p3":34},
    {"p1":38,
     "p2":39,
     "p3":65},
    {"p1":49,
     "p2":64,
     "p3":65},
    {"p1":49,
     "p2":63,
     "p3":64},
    {"p1":49,
     "p2":50,
     "p3":63},
    {"p1":44,
     "p2":45,
     "p3":46},
    {"p1":43,
     "p2":44,
     "p3":46},
    {"p1":43,
     "p2":46,
     "p3":47},
    {"p1":27,
     "p2":28,
     "p3":70},
    {"p1":28,
     "p2":29,
     "p3":70},
    {"p1":89,
     "p2":90,
     "p3":95},
    {"p1":88,
     "p2":89,
     "p3":95},
    {"p1":85,
     "p2":86,
     "p3":97},
    {"p1":86,
     "p2":96,
     "p3":97},
    {"p1":86,
     "p2":87,
     "p3":96},
    {"p1":92,
     "p2":93,
     "p3":94},
    {"p1":92,
     "p2":94,
     "p3":95},
    {"p1":5,
     "p2":104,
     "p3":105},
    {"p1":5,
     "p2":105,
     "p3":106},
    {"p1":85,
     "p2":97,
     "p3":98},
    {"p1":85,
     "p2":98,
     "p3":99},
    {"p1":35,
     "p2":36,
     "p3":66},
    {"p1":34,
     "p2":35,
     "p3":66},
    {"p1":40,
     "p2":43,
     "p3":48},
    {"p1":43,
     "p2":47,
     "p3":48},
    {"p1":48,
     "p2":49,
     "p3":65},
    {"p1":39,
     "p2":40,
     "p3":48},
    {"p1":39,
     "p2":48,
     "p3":65},
    {"p1":55,
     "p2":56,
     "p3":57},
    {"p1":55,
     "p2":57,
     "p3":62},
    {"p1":57,
     "p2":61,
     "p3":62},
    {"p1":10,
     "p2":11,
     "p3":100},
    {"p1":9,
     "p2":10,
     "p3":102},
    {"p1":8,
     "p2":9,
     "p3":102},
    {"p1":8,
     "p2":102,
     "p3":103},
    {"p1":84,
     "p2":85,
     "p3":99},
    {"p1":84,
     "p2":99,
     "p3":100},
    {"p1":11,
     "p2":83,
     "p3":84},
    {"p1":11,
     "p2":84,
     "p3":100},
    {"p1":57,
     "p2":60,
     "p3":61},
    {"p1":10,
     "p2":100,
     "p3":101},
    {"p1":10,
     "p2":101,
     "p3":102},
    {"p1":58,
     "p2":59,
     "p3":60},
    {"p1":57,
     "p2":58,
     "p3":60}]
}