{"points":[
    {"x":0.18874,
     "y":0.24172},
    {"x":0.1755,
     "y":0.26821},
    {"x":0.1457,
     "y":0.27815},
    {"x":0.11589,
     "y":0.28146},
    {"x":0.086093,
     "y":0.28146},
    {"x":0.056291,
     "y":0.27815},
    {"x":0.02649,
     "y":0.27815},
    {"x":0,
     "y":0.29139},
    {"x":0.023179,
     "y":0.29801},
    {"x":0.05298,
     "y":0.30795},
    {"x":0.082781,
     "y":0.3245},
    {"x":0.11258,
     "y":0.33444},
    {"x":0.14238,
     "y":0.35099},
    {"x":0.15894,
     "y":0.37086},
    {"x":0.16556,
     "y":0.40066},
    {"x":0.18874,
     "y":0.42384},
    {"x":0.21192,
     "y":0.4404},
    {"x":0.2351,
     "y":0.45364},
    {"x":0.2649,
     "y":0.46358},
    {"x":0.2947,
     "y":0.4702},
    {"x":0.3245,
     "y":0.47351},
    {"x":0.3543,
     "y":0.48013},
    {"x":0.38411,
     "y":0.48344},
    {"x":0.41391,
     "y":0.48344},
    {"x":0.44371,
     "y":0.48344},
    {"x":0.47351,
     "y":0.48675},
    {"x":0.50331,
     "y":0.48013},
    {"x":0.53311,
     "y":0.47682},
    {"x":0.56291,
     "y":0.47682},
    {"x":0.59272,
     "y":0.46689},
    {"x":0.62252,
     "y":0.45364},
    {"x":0.65232,
     "y":0.4404},
    {"x":0.68212,
     "y":0.43377},
    {"x":0.71192,
     "y":0.42053},
    {"x":0.74172,
     "y":0.40728},
    {"x":0.77152,
     "y":0.38079},
    {"x":0.79801,
     "y":0.3543},
    {"x":0.81788,
     "y":0.38079},
    {"x":0.84768,
     "y":0.39735},
    {"x":0.87748,
     "y":0.4106},
    {"x":0.90728,
     "y":0.4106},
    {"x":0.93709,
     "y":0.41391},
    {"x":0.96689,
     "y":0.41722},
    {"x":0.99338,
     "y":0.40728},
    {"x":1,
     "y":0.37748},
    {"x":0.99669,
     "y":0.34768},
    {"x":0.97682,
     "y":0.3245},
    {"x":0.95033,
     "y":0.29801},
    {"x":0.92715,
     "y":0.28477},
    {"x":0.90066,
     "y":0.26159},
    {"x":0.89735,
     "y":0.2351},
    {"x":0.90397,
     "y":0.21192},
    {"x":0.87417,
     "y":0.20199},
    {"x":0.85762,
     "y":0.19536},
    {"x":0.82781,
     "y":0.19536},
    {"x":0.80132,
     "y":0.19205},
    {"x":0.78146,
     "y":0.17219},
    {"x":0.7649,
     "y":0.15232},
    {"x":0.78146,
     "y":0.12252},
    {"x":0.78808,
     "y":0.092715},
    {"x":0.80464,
     "y":0.072848},
    {"x":0.83113,
     "y":0.062914},
    {"x":0.84106,
     "y":0.033113},
    {"x":0.83113,
     "y":0.0099338},
    {"x":0.81457,
     "y":0.016556},
    {"x":0.7947,
     "y":0},
    {"x":0.77483,
     "y":0.0099338},
    {"x":0.75166,
     "y":0},
    {"x":0.73179,
     "y":0.023179},
    {"x":0.71854,
     "y":0.049669},
    {"x":0.71192,
     "y":0.07947},
    {"x":0.7053,
     "y":0.10927},
    {"x":0.67881,
     "y":0.12583},
    {"x":0.64901,
     "y":0.11589},
    {"x":0.61921,
     "y":0.11258},
    {"x":0.5894,
     "y":0.11258},
    {"x":0.5596,
     "y":0.11258},
    {"x":0.5298,
     "y":0.11589},
    {"x":0.5,
     "y":0.11921},
    {"x":0.4702,
     "y":0.12252},
    {"x":0.44371,
     "y":0.13576},
    {"x":0.41391,
     "y":0.13907},
    {"x":0.38411,
     "y":0.13907},
    {"x":0.37748,
     "y":0.11589},
    {"x":0.39073,
     "y":0.089404},
    {"x":0.38742,
     "y":0.059603},
    {"x":0.36755,
     "y":0.039735},
    {"x":0.35762,
     "y":0.059603},
    {"x":0.34437,
     "y":0.062914},
    {"x":0.33775,
     "y":0.033113},
    {"x":0.32781,
     "y":0.05298},
    {"x":0.31126,
     "y":0.056291},
    {"x":0.2947,
     "y":0.043046},
    {"x":0.28477,
     "y":0.069536},
    {"x":0.25497,
     "y":0.086093},
    {"x":0.2351,
     "y":0.10927},
    {"x":0.2351,
     "y":0.13907},
    {"x":0.24834,
     "y":0.16556},
    {"x":0.2649,
     "y":0.18212},
    {"x":0.24172,
     "y":0.19868},
    {"x":0.21523,
     "y":0.22185},
    {"x":0.18874,
     "y":0.24172}],
 "triangles":[
    {"p1":42,
     "p2":43,
     "p3":44},
    {"p1":1,
     "p2":17,
     "p3":18},
    {"p1":91,
     "p2":92,
     "p3":93},
    {"p1":88,
     "p2":91,
     "p3":93},
    {"p1":66,
     "p2":67,
     "p3":68},
    {"p1":21,
     "p2":82,
     "p3":98},
    {"p1":85,
     "p2":86,
     "p3":87},
    {"p1":21,
     "p2":22,
     "p3":82},
    {"p1":1,
     "p2":12,
     "p3":13},
    {"p1":35,
     "p2":56,
     "p3":72},
    {"p1":35,
     "p2":36,
     "p3":56},
    {"p1":83,
     "p2":93,
     "p3":98},
    {"p1":82,
     "p2":83,
     "p3":98},
    {"p1":83,
     "p2":88,
     "p3":93},
    {"p1":83,
     "p2":87,
     "p3":88},
    {"p1":23,
     "p2":24,
     "p3":81},
    {"p1":24,
     "p2":80,
     "p3":81},
    {"p1":24,
     "p2":26,
     "p3":80},
    {"p1":24,
     "p2":25,
     "p3":26},
    {"p1":26,
     "p2":27,
     "p3":80},
    {"p1":41,
     "p2":42,
     "p3":44},
    {"p1":41,
     "p2":44,
     "p3":45},
    {"p1":37,
     "p2":48,
     "p3":49},
    {"p1":36,
     "p2":37,
     "p3":49},
    {"p1":20,
     "p2":21,
     "p3":98},
    {"p1":1,
     "p2":18,
     "p3":100},
    {"p1":18,
     "p2":19,
     "p3":100},
    {"p1":0,
     "p2":1,
     "p3":100},
    {"p1":19,
     "p2":20,
     "p3":100},
    {"p1":88,
     "p2":90,
     "p3":91},
    {"p1":88,
     "p2":89,
     "p3":90},
    {"p1":1,
     "p2":16,
     "p3":17},
    {"p1":1,
     "p2":13,
     "p3":16},
    {"p1":1,
     "p2":2,
     "p3":12},
    {"p1":2,
     "p2":11,
     "p3":12},
    {"p1":36,
     "p2":55,
     "p3":56},
    {"p1":50,
     "p2":51,
     "p3":52},
    {"p1":84,
     "p2":85,
     "p3":87},
    {"p1":83,
     "p2":84,
     "p3":87},
    {"p1":27,
     "p2":78,
     "p3":80},
    {"p1":78,
     "p2":79,
     "p3":80},
    {"p1":27,
     "p2":29,
     "p3":78},
    {"p1":27,
     "p2":28,
     "p3":29},
    {"p1":72,
     "p2":73,
     "p3":74},
    {"p1":60,
     "p2":66,
     "p3":68},
    {"p1":59,
     "p2":60,
     "p3":68},
    {"p1":57,
     "p2":71,
     "p3":72},
    {"p1":56,
     "p2":57,
     "p3":72},
    {"p1":38,
     "p2":39,
     "p3":48},
    {"p1":37,
     "p2":38,
     "p3":48},
    {"p1":33,
     "p2":35,
     "p3":72},
    {"p1":31,
     "p2":75,
     "p3":76},
    {"p1":31,
     "p2":74,
     "p3":75},
    {"p1":31,
     "p2":72,
     "p3":74},
    {"p1":31,
     "p2":33,
     "p3":72},
    {"p1":31,
     "p2":32,
     "p3":33},
    {"p1":41,
     "p2":45,
     "p3":46},
    {"p1":39,
     "p2":40,
     "p3":48},
    {"p1":40,
     "p2":41,
     "p3":46},
    {"p1":20,
     "p2":98,
     "p3":99},
    {"p1":20,
     "p2":99,
     "p3":100},
    {"p1":94,
     "p2":95,
     "p3":96},
    {"p1":6,
     "p2":7,
     "p3":8},
    {"p1":5,
     "p2":6,
     "p3":8},
    {"p1":5,
     "p2":8,
     "p3":9},
    {"p1":4,
     "p2":9,
     "p3":10},
    {"p1":4,
     "p2":5,
     "p3":9},
    {"p1":57,
     "p2":58,
     "p3":71},
    {"p1":58,
     "p2":70,
     "p3":71},
    {"p1":58,
     "p2":59,
     "p3":70},
    {"p1":64,
     "p2":65,
     "p3":66},
    {"p1":60,
     "p2":64,
     "p3":66},
    {"p1":62,
     "p2":63,
     "p3":64},
    {"p1":59,
     "p2":68,
     "p3":69},
    {"p1":59,
     "p2":69,
     "p3":70},
    {"p1":33,
     "p2":34,
     "p3":35},
    {"p1":30,
     "p2":77,
     "p3":78},
    {"p1":29,
     "p2":30,
     "p3":78},
    {"p1":30,
     "p2":76,
     "p3":77},
    {"p1":30,
     "p2":31,
     "p3":76},
    {"p1":40,
     "p2":47,
     "p3":48},
    {"p1":40,
     "p2":46,
     "p3":47},
    {"p1":94,
     "p2":96,
     "p3":97},
    {"p1":93,
     "p2":97,
     "p3":98},
    {"p1":93,
     "p2":94,
     "p3":97},
    {"p1":13,
     "p2":15,
     "p3":16},
    {"p1":13,
     "p2":14,
     "p3":15},
    {"p1":2,
     "p2":3,
     "p3":11},
    {"p1":3,
     "p2":10,
     "p3":11},
    {"p1":3,
     "p2":4,
     "p3":10},
    {"p1":49,
     "p2":50,
     "p3":54},
    {"p1":36,
     "p2":49,
     "p3":54},
    {"p1":36,
     "p2":54,
     "p3":55},
    {"p1":60,
     "p2":61,
     "p3":64},
    {"p1":61,
     "p2":62,
     "p3":64},
    {"p1":50,
     "p2":52,
     "p3":53},
    {"p1":50,
     "p2":53,
     "p3":54},
    {"p1":22,
     "p2":81,
     "p3":82},
    {"p1":22,
     "p2":23,
     "p3":81}]
}