{"points":[
    {"x":0.057471,
     "y":0.36015},
    {"x":0.072797,
     "y":0.3908},
    {"x":0.091954,
     "y":0.41762},
    {"x":0.065134,
     "y":0.43295},
    {"x":0.034483,
     "y":0.45594},
    {"x":0.011494,
     "y":0.47893},
    {"x":0,
     "y":0.50958},
    {"x":0.0038314,
     "y":0.54023},
    {"x":0.022989,
     "y":0.56705},
    {"x":0.05364,
     "y":0.57854},
    {"x":0.084291,
     "y":0.59004},
    {"x":0.11494,
     "y":0.58621},
    {"x":0.14559,
     "y":0.58238},
    {"x":0.17625,
     "y":0.57471},
    {"x":0.2069,
     "y":0.56705},
    {"x":0.23755,
     "y":0.57471},
    {"x":0.2682,
     "y":0.59004},
    {"x":0.29885,
     "y":0.6092},
    {"x":0.32567,
     "y":0.62452},
    {"x":0.35632,
     "y":0.63602},
    {"x":0.38314,
     "y":0.64751},
    {"x":0.4023,
     "y":0.67433},
    {"x":0.42912,
     "y":0.69349},
    {"x":0.45977,
     "y":0.70115},
    {"x":0.49042,
     "y":0.69732},
    {"x":0.52107,
     "y":0.68582},
    {"x":0.55172,
     "y":0.70881},
    {"x":0.58238,
     "y":0.72031},
    {"x":0.61303,
     "y":0.71648},
    {"x":0.64368,
     "y":0.70115},
    {"x":0.659,
     "y":0.67433},
    {"x":0.68582,
     "y":0.659},
    {"x":0.71648,
     "y":0.63985},
    {"x":0.73946,
     "y":0.61686},
    {"x":0.77011,
     "y":0.5977},
    {"x":0.79693,
     "y":0.57854},
    {"x":0.81609,
     "y":0.55172},
    {"x":0.83908,
     "y":0.52107},
    {"x":0.86973,
     "y":0.49808},
    {"x":0.89272,
     "y":0.46743},
    {"x":0.90421,
     "y":0.43678},
    {"x":0.91188,
     "y":0.40613},
    {"x":0.9272,
     "y":0.37548},
    {"x":0.93103,
     "y":0.34483},
    {"x":0.94636,
     "y":0.31418},
    {"x":0.95785,
     "y":0.28352},
    {"x":0.96552,
     "y":0.25287},
    {"x":0.97701,
     "y":0.22605},
    {"x":0.95402,
     "y":0.21456},
    {"x":0.95019,
     "y":0.1954},
    {"x":0.97701,
     "y":0.16858},
    {"x":0.99617,
     "y":0.14176},
    {"x":1,
     "y":0.11111},
    {"x":0.98467,
     "y":0.091954},
    {"x":0.96169,
     "y":0.076628},
    {"x":0.93103,
     "y":0.068966},
    {"x":0.90038,
     "y":0.065134},
    {"x":0.87356,
     "y":0.08046},
    {"x":0.85057,
     "y":0.076628},
    {"x":0.81992,
     "y":0.065134},
    {"x":0.78927,
     "y":0.068966},
    {"x":0.75862,
     "y":0.068966},
    {"x":0.72797,
     "y":0.076628},
    {"x":0.70115,
     "y":0.095785},
    {"x":0.67816,
     "y":0.11494},
    {"x":0.6705,
     "y":0.099617},
    {"x":0.67433,
     "y":0.068966},
    {"x":0.6705,
     "y":0.038314},
    {"x":0.64368,
     "y":0.015326},
    {"x":0.61686,
     "y":0.0076628},
    {"x":0.58621,
     "y":0.0038314},
    {"x":0.55939,
     "y":0},
    {"x":0.53257,
     "y":0.0076628},
    {"x":0.51724,
     "y":0.030651},
    {"x":0.52107,
     "y":0.061303},
    {"x":0.53257,
     "y":0.091954},
    {"x":0.54023,
     "y":0.12261},
    {"x":0.51724,
     "y":0.1341},
    {"x":0.48659,
     "y":0.13793},
    {"x":0.45594,
     "y":0.14559},
    {"x":0.42529,
     "y":0.15709},
    {"x":0.39464,
     "y":0.16858},
    {"x":0.36398,
     "y":0.18008},
    {"x":0.33333,
     "y":0.18774},
    {"x":0.30268,
     "y":0.20307},
    {"x":0.27203,
     "y":0.21456},
    {"x":0.24138,
     "y":0.23372},
    {"x":0.21073,
     "y":0.2567},
    {"x":0.18008,
     "y":0.26437},
    {"x":0.17625,
     "y":0.23372},
    {"x":0.19157,
     "y":0.20307},
    {"x":0.19923,
     "y":0.17241},
    {"x":0.18391,
     "y":0.14559},
    {"x":0.15709,
     "y":0.12644},
    {"x":0.12644,
     "y":0.12644},
    {"x":0.099617,
     "y":0.11877},
    {"x":0.076628,
     "y":0.13027},
    {"x":0.061303,
     "y":0.15326},
    {"x":0.065134,
     "y":0.18391},
    {"x":0.05364,
     "y":0.2069},
    {"x":0.049808,
     "y":0.23755},
    {"x":0.038314,
     "y":0.26437},
    {"x":0.038314,
     "y":0.29502},
    {"x":0.042146,
     "y":0.32567},
    {"x":0.05364,
     "y":0.35632},
    {"x":0.057471,
     "y":0.36015}],
 "triangles":[
    {"p1":6,
     "p2":7,
     "p3":9},
    {"p1":7,
     "p2":8,
     "p3":9},
    {"p1":71,
     "p2":72,
     "p3":73},
    {"p1":37,
     "p2":40,
     "p3":41},
    {"p1":37,
     "p2":64,
     "p3":77},
    {"p1":37,
     "p2":41,
     "p3":64},
    {"p1":41,
     "p2":43,
     "p3":64},
    {"p1":36,
     "p2":37,
     "p3":77},
    {"p1":33,
     "p2":36,
     "p3":77},
    {"p1":41,
     "p2":42,
     "p3":43},
    {"p1":51,
     "p2":52,
     "p3":53},
    {"p1":60,
     "p2":61,
     "p3":63},
    {"p1":60,
     "p2":63,
     "p3":64},
    {"p1":49,
     "p2":60,
     "p3":64},
    {"p1":50,
     "p2":54,
     "p3":55},
    {"p1":49,
     "p2":50,
     "p3":55},
    {"p1":50,
     "p2":53,
     "p3":54},
    {"p1":50,
     "p2":51,
     "p3":53},
    {"p1":55,
     "p2":56,
     "p3":57},
    {"p1":49,
     "p2":55,
     "p3":57},
    {"p1":77,
     "p2":79,
     "p3":80},
    {"p1":33,
     "p2":34,
     "p3":36},
    {"p1":34,
     "p2":35,
     "p3":36},
    {"p1":71,
     "p2":73,
     "p3":74},
    {"p1":70,
     "p2":71,
     "p3":74},
    {"p1":70,
     "p2":74,
     "p3":75},
    {"p1":77,
     "p2":78,
     "p3":79},
    {"p1":64,
     "p2":76,
     "p3":77},
    {"p1":94,
     "p2":95,
     "p3":96},
    {"p1":92,
     "p2":93,
     "p3":94},
    {"p1":90,
     "p2":92,
     "p3":94},
    {"p1":88,
     "p2":89,
     "p3":100},
    {"p1":5,
     "p2":6,
     "p3":9},
    {"p1":4,
     "p2":5,
     "p3":9},
    {"p1":37,
     "p2":38,
     "p3":40},
    {"p1":38,
     "p2":39,
     "p3":40},
    {"p1":61,
     "p2":62,
     "p3":63},
    {"p1":64,
     "p2":65,
     "p3":76},
    {"p1":65,
     "p2":75,
     "p3":76},
    {"p1":49,
     "p2":58,
     "p3":60},
    {"p1":49,
     "p2":57,
     "p3":58},
    {"p1":58,
     "p2":59,
     "p3":60},
    {"p1":25,
     "p2":31,
     "p3":33},
    {"p1":25,
     "p2":33,
     "p3":77},
    {"p1":25,
     "p2":77,
     "p3":80},
    {"p1":31,
     "p2":32,
     "p3":33},
    {"p1":69,
     "p2":70,
     "p3":75},
    {"p1":65,
     "p2":69,
     "p3":75},
    {"p1":82,
     "p2":83,
     "p3":84},
    {"p1":17,
     "p2":82,
     "p3":84},
    {"p1":16,
     "p2":17,
     "p3":84},
    {"p1":16,
     "p2":86,
     "p3":87},
    {"p1":84,
     "p2":85,
     "p3":86},
    {"p1":16,
     "p2":84,
     "p3":86},
    {"p1":2,
     "p2":87,
     "p3":88},
    {"p1":96,
     "p2":97,
     "p3":98},
    {"p1":94,
     "p2":96,
     "p3":98},
    {"p1":89,
     "p2":90,
     "p3":98},
    {"p1":90,
     "p2":94,
     "p3":98},
    {"p1":88,
     "p2":100,
     "p3":101},
    {"p1":66,
     "p2":67,
     "p3":68},
    {"p1":66,
     "p2":68,
     "p3":69},
    {"p1":65,
     "p2":66,
     "p3":69},
    {"p1":28,
     "p2":29,
     "p3":30},
    {"p1":25,
     "p2":30,
     "p3":31},
    {"p1":90,
     "p2":91,
     "p3":92},
    {"p1":15,
     "p2":16,
     "p3":87},
    {"p1":1,
     "p2":2,
     "p3":88},
    {"p1":89,
     "p2":99,
     "p3":100},
    {"p1":89,
     "p2":98,
     "p3":99},
    {"p1":88,
     "p2":102,
     "p3":103},
    {"p1":88,
     "p2":101,
     "p3":102},
    {"p1":43,
     "p2":44,
     "p3":64},
    {"p1":44,
     "p2":45,
     "p3":48},
    {"p1":48,
     "p2":49,
     "p3":64},
    {"p1":44,
     "p2":48,
     "p3":64},
    {"p1":20,
     "p2":80,
     "p3":81},
    {"p1":20,
     "p2":25,
     "p3":80},
    {"p1":2,
     "p2":14,
     "p3":87},
    {"p1":14,
     "p2":15,
     "p3":87},
    {"p1":0,
     "p2":1,
     "p3":88},
    {"p1":0,
     "p2":103,
     "p3":104},
    {"p1":0,
     "p2":88,
     "p3":103},
    {"p1":2,
     "p2":3,
     "p3":12},
    {"p1":46,
     "p2":47,
     "p3":48},
    {"p1":45,
     "p2":46,
     "p3":48},
    {"p1":25,
     "p2":26,
     "p3":30},
    {"p1":26,
     "p2":27,
     "p3":28},
    {"p1":26,
     "p2":28,
     "p3":30},
    {"p1":2,
     "p2":12,
     "p3":13},
    {"p1":2,
     "p2":13,
     "p3":14},
    {"p1":3,
     "p2":11,
     "p3":12},
    {"p1":4,
     "p2":9,
     "p3":11},
    {"p1":3,
     "p2":4,
     "p3":11},
    {"p1":22,
     "p2":23,
     "p3":24},
    {"p1":21,
     "p2":22,
     "p3":24},
    {"p1":20,
     "p2":24,
     "p3":25},
    {"p1":20,
     "p2":21,
     "p3":24},
    {"p1":9,
     "p2":10,
     "p3":11},
    {"p1":19,
     "p2":81,
     "p3":82},
    {"p1":19,
     "p2":20,
     "p3":81},
    {"p1":17,
     "p2":19,
     "p3":82},
    {"p1":17,
     "p2":18,
     "p3":19}]
}