{"points":[
    {"x":0.013624,
     "y":0.36785},
    {"x":0.010899,
     "y":0.39782},
    {"x":0.019074,
     "y":0.42779},
    {"x":0.038147,
     "y":0.45232},
    {"x":0.06812,
     "y":0.45232},
    {"x":0.073569,
     "y":0.46866},
    {"x":0.054496,
     "y":0.49864},
    {"x":0.038147,
     "y":0.52589},
    {"x":0.019074,
     "y":0.55586},
    {"x":0.0027248,
     "y":0.58311},
    {"x":0,
     "y":0.61308},
    {"x":0.016349,
     "y":0.63488},
    {"x":0.046322,
     "y":0.6376},
    {"x":0.073569,
     "y":0.65668},
    {"x":0.10082,
     "y":0.67575},
    {"x":0.13079,
     "y":0.69482},
    {"x":0.16076,
     "y":0.70845},
    {"x":0.19074,
     "y":0.7139},
    {"x":0.22071,
     "y":0.7139},
    {"x":0.25068,
     "y":0.7139},
    {"x":0.28065,
     "y":0.72207},
    {"x":0.31063,
     "y":0.7248},
    {"x":0.3406,
     "y":0.72207},
    {"x":0.37057,
     "y":0.7139},
    {"x":0.40054,
     "y":0.69755},
    {"x":0.43052,
     "y":0.70027},
    {"x":0.46049,
     "y":0.69482},
    {"x":0.49046,
     "y":0.67575},
    {"x":0.52044,
     "y":0.65395},
    {"x":0.55041,
     "y":0.64305},
    {"x":0.58038,
     "y":0.62125},
    {"x":0.60218,
     "y":0.59946},
    {"x":0.62125,
     "y":0.56948},
    {"x":0.65123,
     "y":0.55586},
    {"x":0.67302,
     "y":0.53134},
    {"x":0.68665,
     "y":0.50136},
    {"x":0.69755,
     "y":0.47411},
    {"x":0.72207,
     "y":0.45232},
    {"x":0.74114,
     "y":0.42234},
    {"x":0.75477,
     "y":0.39237},
    {"x":0.76294,
     "y":0.3624},
    {"x":0.79292,
     "y":0.34332},
    {"x":0.80926,
     "y":0.31335},
    {"x":0.80381,
     "y":0.28338},
    {"x":0.83379,
     "y":0.28338},
    {"x":0.85831,
     "y":0.27793},
    {"x":0.88828,
     "y":0.26703},
    {"x":0.91826,
     "y":0.26703},
    {"x":0.94823,
     "y":0.26431},
    {"x":0.9782,
     "y":0.25341},
    {"x":1,
     "y":0.22888},
    {"x":0.99455,
     "y":0.20163},
    {"x":0.98365,
     "y":0.17166},
    {"x":0.96185,
     "y":0.16076},
    {"x":0.93733,
     "y":0.14169},
    {"x":0.90736,
     "y":0.12807},
    {"x":0.87738,
     "y":0.11717},
    {"x":0.84741,
     "y":0.11172},
    {"x":0.82289,
     "y":0.095368},
    {"x":0.79292,
     "y":0.095368},
    {"x":0.76567,
     "y":0.10627},
    {"x":0.73569,
     "y":0.11172},
    {"x":0.70572,
     "y":0.12262},
    {"x":0.67575,
     "y":0.13079},
    {"x":0.64578,
     "y":0.13079},
    {"x":0.62398,
     "y":0.11717},
    {"x":0.60763,
     "y":0.087193},
    {"x":0.59673,
     "y":0.057221},
    {"x":0.59673,
     "y":0.027248},
    {"x":0.58583,
     "y":0},
    {"x":0.56403,
     "y":0.0027248},
    {"x":0.54496,
     "y":0.0027248},
    {"x":0.52044,
     "y":0.0054496},
    {"x":0.51771,
     "y":0.032698},
    {"x":0.50409,
     "y":0.051771},
    {"x":0.50681,
     "y":0.081744},
    {"x":0.50681,
     "y":0.11172},
    {"x":0.53406,
     "y":0.13624},
    {"x":0.50681,
     "y":0.15259},
    {"x":0.47684,
     "y":0.16894},
    {"x":0.44687,
     "y":0.18256},
    {"x":0.41962,
     "y":0.19891},
    {"x":0.39237,
     "y":0.21798},
    {"x":0.3624,
     "y":0.23706},
    {"x":0.33243,
     "y":0.25341},
    {"x":0.30518,
     "y":0.2752},
    {"x":0.2752,
     "y":0.297},
    {"x":0.24523,
     "y":0.3188},
    {"x":0.21798,
     "y":0.33787},
    {"x":0.18801,
     "y":0.35422},
    {"x":0.15804,
     "y":0.35967},
    {"x":0.12807,
     "y":0.35695},
    {"x":0.12262,
     "y":0.32698},
    {"x":0.12534,
     "y":0.297},
    {"x":0.11444,
     "y":0.29155},
    {"x":0.098093,
     "y":0.3079},
    {"x":0.084469,
     "y":0.297},
    {"x":0.073569,
     "y":0.32698},
    {"x":0.049046,
     "y":0.31608},
    {"x":0.046322,
     "y":0.34605},
    {"x":0.019074,
     "y":0.35695},
    {"x":0.013624,
     "y":0.36785}],
 "triangles":[
    {"p1":49,
     "p2":50,
     "p3":51},
    {"p1":19,
     "p2":88,
     "p3":89},
    {"p1":68,
     "p2":69,
     "p3":70},
    {"p1":67,
     "p2":68,
     "p3":70},
    {"p1":51,
     "p2":52,
     "p3":53},
    {"p1":24,
     "p2":28,
     "p3":86},
    {"p1":19,
     "p2":24,
     "p3":88},
    {"p1":20,
     "p2":21,
     "p3":24},
    {"p1":19,
     "p2":20,
     "p3":24},
    {"p1":5,
     "p2":19,
     "p3":89},
    {"p1":92,
     "p2":93,
     "p3":95},
    {"p1":93,
     "p2":94,
     "p3":95},
    {"p1":46,
     "p2":54,
     "p3":55},
    {"p1":32,
     "p2":83,
     "p3":85},
    {"p1":28,
     "p2":85,
     "p3":86},
    {"p1":28,
     "p2":32,
     "p3":85},
    {"p1":24,
     "p2":86,
     "p3":87},
    {"p1":24,
     "p2":87,
     "p3":88},
    {"p1":21,
     "p2":22,
     "p3":24},
    {"p1":22,
     "p2":23,
     "p3":24},
    {"p1":15,
     "p2":16,
     "p3":17},
    {"p1":5,
     "p2":18,
     "p3":19},
    {"p1":15,
     "p2":17,
     "p3":18},
    {"p1":5,
     "p2":15,
     "p3":18},
    {"p1":6,
     "p2":7,
     "p3":13},
    {"p1":32,
     "p2":35,
     "p3":36},
    {"p1":48,
     "p2":49,
     "p3":51},
    {"p1":48,
     "p2":51,
     "p3":53},
    {"p1":47,
     "p2":53,
     "p3":54},
    {"p1":46,
     "p2":47,
     "p3":54},
    {"p1":47,
     "p2":48,
     "p3":53},
    {"p1":32,
     "p2":34,
     "p3":35},
    {"p1":32,
     "p2":33,
     "p3":34},
    {"p1":28,
     "p2":30,
     "p3":32},
    {"p1":83,
     "p2":84,
     "p3":85},
    {"p1":67,
     "p2":73,
     "p3":75},
    {"p1":73,
     "p2":74,
     "p3":75},
    {"p1":67,
     "p2":70,
     "p3":73},
    {"p1":70,
     "p2":71,
     "p3":73},
    {"p1":71,
     "p2":72,
     "p3":73},
    {"p1":24,
     "p2":27,
     "p3":28},
    {"p1":24,
     "p2":25,
     "p3":27},
    {"p1":25,
     "p2":26,
     "p3":27},
    {"p1":6,
     "p2":13,
     "p3":14},
    {"p1":5,
     "p2":6,
     "p3":14},
    {"p1":5,
     "p2":14,
     "p3":15},
    {"p1":5,
     "p2":89,
     "p3":90},
    {"p1":95,
     "p2":96,
     "p3":97},
    {"p1":92,
     "p2":95,
     "p3":97},
    {"p1":91,
     "p2":92,
     "p3":97},
    {"p1":4,
     "p2":5,
     "p3":90},
    {"p1":4,
     "p2":90,
     "p3":91},
    {"p1":1,
     "p2":2,
     "p3":4},
    {"p1":7,
     "p2":12,
     "p3":13},
    {"p1":10,
     "p2":11,
     "p3":12},
    {"p1":9,
     "p2":10,
     "p3":12},
    {"p1":43,
     "p2":60,
     "p3":61},
    {"p1":43,
     "p2":57,
     "p3":60},
    {"p1":46,
     "p2":55,
     "p3":56},
    {"p1":46,
     "p2":56,
     "p3":57},
    {"p1":45,
     "p2":46,
     "p3":57},
    {"p1":39,
     "p2":40,
     "p3":79},
    {"p1":36,
     "p2":39,
     "p3":79},
    {"p1":40,
     "p2":78,
     "p3":79},
    {"p1":40,
     "p2":64,
     "p3":78},
    {"p1":43,
     "p2":61,
     "p3":62},
    {"p1":40,
     "p2":43,
     "p3":63},
    {"p1":40,
     "p2":63,
     "p3":64},
    {"p1":43,
     "p2":62,
     "p3":63},
    {"p1":30,
     "p2":31,
     "p3":32},
    {"p1":36,
     "p2":79,
     "p3":80},
    {"p1":36,
     "p2":80,
     "p3":81},
    {"p1":36,
     "p2":81,
     "p3":82},
    {"p1":32,
     "p2":82,
     "p3":83},
    {"p1":32,
     "p2":36,
     "p3":82},
    {"p1":28,
     "p2":29,
     "p3":30},
    {"p1":2,
     "p2":3,
     "p3":4},
    {"p1":1,
     "p2":4,
     "p3":99},
    {"p1":91,
     "p2":97,
     "p3":99},
    {"p1":4,
     "p2":91,
     "p3":99},
    {"p1":97,
     "p2":98,
     "p3":99},
    {"p1":0,
     "p2":99,
     "p3":100},
    {"p1":0,
     "p2":1,
     "p3":99},
    {"p1":8,
     "p2":9,
     "p3":12},
    {"p1":7,
     "p2":8,
     "p3":12},
    {"p1":43,
     "p2":44,
     "p3":57},
    {"p1":44,
     "p2":45,
     "p3":57},
    {"p1":40,
     "p2":41,
     "p3":43},
    {"p1":41,
     "p2":42,
     "p3":43},
    {"p1":64,
     "p2":77,
     "p3":78},
    {"p1":75,
     "p2":76,
     "p3":77},
    {"p1":66,
     "p2":67,
     "p3":75},
    {"p1":66,
     "p2":75,
     "p3":77},
    {"p1":57,
     "p2":59,
     "p3":60},
    {"p1":57,
     "p2":58,
     "p3":59},
    {"p1":36,
     "p2":38,
     "p3":39},
    {"p1":36,
     "p2":37,
     "p3":38},
    {"p1":64,
     "p2":65,
     "p3":77},
    {"p1":65,
     "p2":66,
     "p3":77}]
}