{"points":[
    {"x":0.22957,
     "y":0.52918},
    {"x":0.2179,
     "y":0.55642},
    {"x":0.20623,
     "y":0.58366},
    {"x":0.19844,
     "y":0.61479},
    {"x":0.19066,
     "y":0.64591},
    {"x":0.17121,
     "y":0.65759},
    {"x":0.14786,
     "y":0.63813},
    {"x":0.14786,
     "y":0.61089},
    {"x":0.1323,
     "y":0.58366},
    {"x":0.10895,
     "y":0.5642},
    {"x":0.081712,
     "y":0.56809},
    {"x":0.054475,
     "y":0.58366},
    {"x":0.023346,
     "y":0.607},
    {"x":0.011673,
     "y":0.61089},
    {"x":0,
     "y":0.63813},
    {"x":0.019455,
     "y":0.66537},
    {"x":0.035019,
     "y":0.68872},
    {"x":0.050584,
     "y":0.71595},
    {"x":0.062257,
     "y":0.74319},
    {"x":0.07393,
     "y":0.76654},
    {"x":0.097276,
     "y":0.79377},
    {"x":0.12062,
     "y":0.80545},
    {"x":0.14786,
     "y":0.82101},
    {"x":0.17899,
     "y":0.83268},
    {"x":0.20233,
     "y":0.84436},
    {"x":0.19455,
     "y":0.8716},
    {"x":0.18677,
     "y":0.89883},
    {"x":0.18288,
     "y":0.92996},
    {"x":0.18677,
     "y":0.9572},
    {"x":0.20623,
     "y":0.98444},
    {"x":0.23735,
     "y":1},
    {"x":0.26848,
     "y":0.99611},
    {"x":0.29961,
     "y":0.98054},
    {"x":0.32685,
     "y":0.96887},
    {"x":0.3463,
     "y":0.94163},
    {"x":0.36965,
     "y":0.9144},
    {"x":0.38911,
     "y":0.89105},
    {"x":0.40467,
     "y":0.8716},
    {"x":0.4358,
     "y":0.85992},
    {"x":0.46693,
     "y":0.85603},
    {"x":0.49805,
     "y":0.84825},
    {"x":0.52918,
     "y":0.84436},
    {"x":0.56031,
     "y":0.83268},
    {"x":0.58755,
     "y":0.82879},
    {"x":0.61868,
     "y":0.83658},
    {"x":0.64591,
     "y":0.83268},
    {"x":0.67315,
     "y":0.8249},
    {"x":0.69261,
     "y":0.80545},
    {"x":0.70817,
     "y":0.77821},
    {"x":0.73152,
     "y":0.76654},
    {"x":0.76265,
     "y":0.76654},
    {"x":0.78988,
     "y":0.75097},
    {"x":0.80934,
     "y":0.73152},
    {"x":0.82101,
     "y":0.70039},
    {"x":0.81323,
     "y":0.66926},
    {"x":0.8249,
     "y":0.64202},
    {"x":0.84047,
     "y":0.61089},
    {"x":0.84047,
     "y":0.57977},
    {"x":0.84825,
     "y":0.55253},
    {"x":0.86381,
     "y":0.52529},
    {"x":0.85992,
     "y":0.49805},
    {"x":0.85603,
     "y":0.47082},
    {"x":0.85214,
     "y":0.43969},
    {"x":0.86381,
     "y":0.41245},
    {"x":0.86381,
     "y":0.38132},
    {"x":0.85992,
     "y":0.35409},
    {"x":0.85214,
     "y":0.32296},
    {"x":0.83658,
     "y":0.29183},
    {"x":0.82879,
     "y":0.2607},
    {"x":0.81323,
     "y":0.22957},
    {"x":0.80545,
     "y":0.20233},
    {"x":0.79377,
     "y":0.17121},
    {"x":0.7821,
     "y":0.14397},
    {"x":0.77821,
     "y":0.12062},
    {"x":0.74708,
     "y":0.11673},
    {"x":0.73152,
     "y":0.10895},
    {"x":0.72763,
     "y":0.081712},
    {"x":0.73152,
     "y":0.050584},
    {"x":0.72374,
     "y":0.023346},
    {"x":0.70428,
     "y":0.0038911},
    {"x":0.67704,
     "y":0},
    {"x":0.6537,
     "y":0.011673},
    {"x":0.62257,
     "y":0.023346},
    {"x":0.59922,
     "y":0.046693},
    {"x":0.59533,
     "y":0.07393},
    {"x":0.57198,
     "y":0.081712},
    {"x":0.54086,
     "y":0.093385},
    {"x":0.51362,
     "y":0.11673},
    {"x":0.49027,
     "y":0.14397},
    {"x":0.47082,
     "y":0.1751},
    {"x":0.4786,
     "y":0.20623},
    {"x":0.46304,
     "y":0.22957},
    {"x":0.44358,
     "y":0.21012},
    {"x":0.43191,
     "y":0.18677},
    {"x":0.40078,
     "y":0.16732},
    {"x":0.36965,
     "y":0.16342},
    {"x":0.34241,
     "y":0.18677},
    {"x":0.31128,
     "y":0.20233},
    {"x":0.28794,
     "y":0.22179},
    {"x":0.27237,
     "y":0.24514},
    {"x":0.29183,
     "y":0.27237},
    {"x":0.31907,
     "y":0.28794},
    {"x":0.3463,
     "y":0.3035},
    {"x":0.36965,
     "y":0.32685},
    {"x":0.34241,
     "y":0.35019},
    {"x":0.32296,
     "y":0.37354},
    {"x":0.30739,
     "y":0.39689},
    {"x":0.28794,
     "y":0.42412},
    {"x":0.28016,
     "y":0.45136},
    {"x":0.26459,
     "y":0.48249},
    {"x":0.23735,
     "y":0.50973},
    {"x":0.22957,
     "y":0.52918}],
 "triangles":[
    {"p1":78,
     "p2":79,
     "p3":80},
    {"p1":98,
     "p2":99,
     "p3":100},
    {"p1":48,
     "p2":57,
     "p3":103},
    {"p1":98,
     "p2":100,
     "p3":101},
    {"p1":96,
     "p2":101,
     "p3":102},
    {"p1":62,
     "p2":67,
     "p3":91},
    {"p1":62,
     "p2":91,
     "p3":103},
    {"p1":57,
     "p2":58,
     "p3":103},
    {"p1":58,
     "p2":62,
     "p3":103},
    {"p1":58,
     "p2":61,
     "p3":62},
    {"p1":51,
     "p2":52,
     "p3":54},
    {"p1":75,
     "p2":76,
     "p3":84},
    {"p1":97,
     "p2":98,
     "p3":101},
    {"p1":96,
     "p2":97,
     "p3":101},
    {"p1":76,
     "p2":81,
     "p3":84},
    {"p1":76,
     "p2":77,
     "p3":81},
    {"p1":78,
     "p2":80,
     "p3":81},
    {"p1":77,
     "p2":78,
     "p3":81},
    {"p1":62,
     "p2":65,
     "p3":67},
    {"p1":62,
     "p2":64,
     "p3":65},
    {"p1":58,
     "p2":59,
     "p3":60},
    {"p1":58,
     "p2":60,
     "p3":61},
    {"p1":62,
     "p2":63,
     "p3":64},
    {"p1":1,
     "p2":39,
     "p3":109},
    {"p1":29,
     "p2":30,
     "p3":31},
    {"p1":42,
     "p2":108,
     "p3":109},
    {"p1":42,
     "p2":43,
     "p3":108},
    {"p1":43,
     "p2":48,
     "p3":108},
    {"p1":48,
     "p2":55,
     "p3":57},
    {"p1":48,
     "p2":54,
     "p3":55},
    {"p1":55,
     "p2":56,
     "p3":57},
    {"p1":1,
     "p2":2,
     "p3":3},
    {"p1":67,
     "p2":68,
     "p3":69},
    {"p1":67,
     "p2":69,
     "p3":91},
    {"p1":69,
     "p2":90,
     "p3":91},
    {"p1":88,
     "p2":89,
     "p3":90},
    {"p1":92,
     "p2":96,
     "p3":102},
    {"p1":82,
     "p2":83,
     "p3":84},
    {"p1":81,
     "p2":82,
     "p3":84},
    {"p1":75,
     "p2":85,
     "p3":90},
    {"p1":75,
     "p2":84,
     "p3":85},
    {"p1":65,
     "p2":66,
     "p3":67},
    {"p1":40,
     "p2":42,
     "p3":109},
    {"p1":39,
     "p2":40,
     "p3":109},
    {"p1":1,
     "p2":3,
     "p3":38},
    {"p1":1,
     "p2":38,
     "p3":39},
    {"p1":49,
     "p2":51,
     "p3":54},
    {"p1":49,
     "p2":50,
     "p3":51},
    {"p1":48,
     "p2":49,
     "p3":54},
    {"p1":103,
     "p2":104,
     "p3":105},
    {"p1":48,
     "p2":103,
     "p3":106},
    {"p1":48,
     "p2":106,
     "p3":108},
    {"p1":103,
     "p2":105,
     "p3":106},
    {"p1":106,
     "p2":107,
     "p3":108},
    {"p1":45,
     "p2":46,
     "p3":47},
    {"p1":45,
     "p2":47,
     "p3":48},
    {"p1":43,
     "p2":45,
     "p3":48},
    {"p1":43,
     "p2":44,
     "p3":45},
    {"p1":52,
     "p2":53,
     "p3":54},
    {"p1":6,
     "p2":11,
     "p3":16},
    {"p1":8,
     "p2":10,
     "p3":11},
    {"p1":6,
     "p2":7,
     "p3":11},
    {"p1":7,
     "p2":8,
     "p3":11},
    {"p1":0,
     "p2":1,
     "p3":109},
    {"p1":0,
     "p2":109,
     "p3":110},
    {"p1":4,
     "p2":23,
     "p3":24},
    {"p1":4,
     "p2":24,
     "p3":37},
    {"p1":3,
     "p2":4,
     "p3":38},
    {"p1":4,
     "p2":37,
     "p3":38},
    {"p1":70,
     "p2":75,
     "p3":90},
    {"p1":69,
     "p2":70,
     "p3":90},
    {"p1":94,
     "p2":95,
     "p3":96},
    {"p1":85,
     "p2":87,
     "p3":90},
    {"p1":85,
     "p2":86,
     "p3":87},
    {"p1":87,
     "p2":88,
     "p3":90},
    {"p1":40,
     "p2":41,
     "p3":42},
    {"p1":32,
     "p2":33,
     "p3":34},
    {"p1":25,
     "p2":32,
     "p3":34},
    {"p1":24,
     "p2":34,
     "p3":35},
    {"p1":24,
     "p2":25,
     "p3":34},
    {"p1":24,
     "p2":36,
     "p3":37},
    {"p1":24,
     "p2":35,
     "p3":36},
    {"p1":8,
     "p2":9,
     "p3":10},
    {"p1":11,
     "p2":15,
     "p3":16},
    {"p1":6,
     "p2":16,
     "p3":17},
    {"p1":5,
     "p2":22,
     "p3":23},
    {"p1":4,
     "p2":5,
     "p3":23},
    {"p1":5,
     "p2":21,
     "p3":22},
    {"p1":5,
     "p2":6,
     "p3":17},
    {"p1":5,
     "p2":19,
     "p3":20},
    {"p1":5,
     "p2":20,
     "p3":21},
    {"p1":25,
     "p2":26,
     "p3":32},
    {"p1":11,
     "p2":12,
     "p3":15},
    {"p1":12,
     "p2":13,
     "p3":14},
    {"p1":12,
     "p2":14,
     "p3":15},
    {"p1":5,
     "p2":18,
     "p3":19},
    {"p1":5,
     "p2":17,
     "p3":18},
    {"p1":27,
     "p2":31,
     "p3":32},
    {"p1":26,
     "p2":27,
     "p3":32},
    {"p1":27,
     "p2":28,
     "p3":29},
    {"p1":27,
     "p2":29,
     "p3":31},
    {"p1":70,
     "p2":71,
     "p3":75},
    {"p1":72,
     "p2":73,
     "p3":74},
    {"p1":71,
     "p2":74,
     "p3":75},
    {"p1":71,
     "p2":72,
     "p3":74},
    {"p1":91,
     "p2":92,
     "p3":103},
    {"p1":92,
     "p2":102,
     "p3":103},
    {"p1":92,
     "p2":93,
     "p3":94},
    {"p1":92,
     "p2":94,
     "p3":96}]
}