{"points":[
    {"x":0.005571,
     "y":0.094708},
    {"x":0,
     "y":0.11142},
    {"x":0,
     "y":0.13092},
    {"x":0.0083565,
     "y":0.14763},
    {"x":0.027855,
     "y":0.14763},
    {"x":0.047354,
     "y":0.1532},
    {"x":0.066852,
     "y":0.1532},
    {"x":0.086351,
     "y":0.1532},
    {"x":0.10585,
     "y":0.15877},
    {"x":0.12535,
     "y":0.15877},
    {"x":0.14485,
     "y":0.16435},
    {"x":0.16435,
     "y":0.16435},
    {"x":0.18384,
     "y":0.16435},
    {"x":0.20334,
     "y":0.16713},
    {"x":0.22284,
     "y":0.16713},
    {"x":0.24234,
     "y":0.16713},
    {"x":0.26184,
     "y":0.16992},
    {"x":0.28134,
     "y":0.1727},
    {"x":0.30084,
     "y":0.1727},
    {"x":0.32033,
     "y":0.1727},
    {"x":0.33983,
     "y":0.16713},
    {"x":0.35933,
     "y":0.18384},
    {"x":0.37604,
     "y":0.19777},
    {"x":0.39554,
     "y":0.2117},
    {"x":0.41504,
     "y":0.22006},
    {"x":0.43454,
     "y":0.22284},
    {"x":0.45404,
     "y":0.23398},
    {"x":0.47354,
     "y":0.22563},
    {"x":0.49304,
     "y":0.22284},
    {"x":0.51253,
     "y":0.21727},
    {"x":0.53203,
     "y":0.2117},
    {"x":0.55153,
     "y":0.20056},
    {"x":0.57103,
     "y":0.18384},
    {"x":0.59053,
     "y":0.18106},
    {"x":0.61003,
     "y":0.18106},
    {"x":0.62953,
     "y":0.17827},
    {"x":0.64903,
     "y":0.18106},
    {"x":0.66852,
     "y":0.18106},
    {"x":0.68802,
     "y":0.18384},
    {"x":0.70752,
     "y":0.18384},
    {"x":0.72702,
     "y":0.18106},
    {"x":0.74652,
     "y":0.18384},
    {"x":0.76602,
     "y":0.18384},
    {"x":0.78552,
     "y":0.18384},
    {"x":0.80501,
     "y":0.18106},
    {"x":0.82451,
     "y":0.18106},
    {"x":0.84401,
     "y":0.18106},
    {"x":0.86351,
     "y":0.18106},
    {"x":0.88301,
     "y":0.18106},
    {"x":0.90251,
     "y":0.18106},
    {"x":0.92201,
     "y":0.17827},
    {"x":0.9415,
     "y":0.18106},
    {"x":0.961,
     "y":0.17827},
    {"x":0.9805,
     "y":0.18106},
    {"x":1,
     "y":0.17549},
    {"x":1,
     "y":0.15599},
    {"x":1,
     "y":0.13649},
    {"x":1,
     "y":0.11699},
    {"x":1,
     "y":0.097493},
    {"x":1,
     "y":0.077994},
    {"x":0.99443,
     "y":0.061281},
    {"x":0.97493,
     "y":0.05571},
    {"x":0.95543,
     "y":0.05571},
    {"x":0.93593,
     "y":0.05571},
    {"x":0.91643,
     "y":0.058496},
    {"x":0.89694,
     "y":0.058496},
    {"x":0.87744,
     "y":0.061281},
    {"x":0.85794,
     "y":0.061281},
    {"x":0.83844,
     "y":0.058496},
    {"x":0.81894,
     "y":0.064067},
    {"x":0.79944,
     "y":0.061281},
    {"x":0.77994,
     "y":0.061281},
    {"x":0.76045,
     "y":0.061281},
    {"x":0.74095,
     "y":0.061281},
    {"x":0.72145,
     "y":0.061281},
    {"x":0.70195,
     "y":0.061281},
    {"x":0.68245,
     "y":0.061281},
    {"x":0.66295,
     "y":0.061281},
    {"x":0.64345,
     "y":0.064067},
    {"x":0.62396,
     "y":0.061281},
    {"x":0.60446,
     "y":0.061281},
    {"x":0.58496,
     "y":0.05571},
    {"x":0.56825,
     "y":0.041783},
    {"x":0.55153,
     "y":0.02507},
    {"x":0.53203,
     "y":0.016713},
    {"x":0.51253,
     "y":0.0083565},
    {"x":0.49304,
     "y":0.0027855},
    {"x":0.47354,
     "y":0},
    {"x":0.45404,
     "y":0},
    {"x":0.43454,
     "y":0},
    {"x":0.41504,
     "y":0.005571},
    {"x":0.39554,
     "y":0.013928},
    {"x":0.37604,
     "y":0.02507},
    {"x":0.35655,
     "y":0.038997},
    {"x":0.33705,
     "y":0.047354},
    {"x":0.31755,
     "y":0.041783},
    {"x":0.29805,
     "y":0.041783},
    {"x":0.27855,
     "y":0.038997},
    {"x":0.25905,
     "y":0.038997},
    {"x":0.23955,
     "y":0.036212},
    {"x":0.22006,
     "y":0.038997},
    {"x":0.20056,
     "y":0.038997},
    {"x":0.18106,
     "y":0.038997},
    {"x":0.16156,
     "y":0.036212},
    {"x":0.14206,
     "y":0.036212},
    {"x":0.12256,
     "y":0.036212},
    {"x":0.10306,
     "y":0.033426},
    {"x":0.083565,
     "y":0.030641},
    {"x":0.064067,
     "y":0.027855},
    {"x":0.044568,
     "y":0.027855},
    {"x":0.02507,
     "y":0.027855},
    {"x":0.011142,
     "y":0.038997},
    {"x":0.0083565,
     "y":0.058496},
    {"x":0.005571,
     "y":0.077994},
    {"x":0.005571,
     "y":0.094708}],
 "triangles":[
    {"p1":110,
     "p2":111,
     "p3":112},
    {"p1":32,
     "p2":33,
     "p3":81},
    {"p1":59,
     "p2":60,
     "p3":61},
    {"p1":40,
     "p2":41,
     "p3":73},
    {"p1":41,
     "p2":72,
     "p3":73},
    {"p1":53,
     "p2":54,
     "p3":55},
    {"p1":52,
     "p2":53,
     "p3":55},
    {"p1":0,
     "p2":107,
     "p3":108},
    {"p1":109,
     "p2":110,
     "p3":112},
    {"p1":0,
     "p2":108,
     "p3":113},
    {"p1":109,
     "p2":112,
     "p3":113},
    {"p1":108,
     "p2":109,
     "p3":113},
    {"p1":27,
     "p2":87,
     "p3":88},
    {"p1":0,
     "p2":1,
     "p3":4},
    {"p1":0,
     "p2":4,
     "p3":5},
    {"p1":1,
     "p2":2,
     "p3":4},
    {"p1":2,
     "p2":3,
     "p3":4},
    {"p1":32,
     "p2":81,
     "p3":82},
    {"p1":29,
     "p2":84,
     "p3":85},
    {"p1":29,
     "p2":30,
     "p3":31},
    {"p1":31,
     "p2":32,
     "p3":82},
    {"p1":29,
     "p2":31,
     "p3":84},
    {"p1":31,
     "p2":82,
     "p3":84},
    {"p1":33,
     "p2":80,
     "p3":81},
    {"p1":57,
     "p2":62,
     "p3":63},
    {"p1":50,
     "p2":57,
     "p3":63},
    {"p1":20,
     "p2":93,
     "p3":94},
    {"p1":25,
     "p2":27,
     "p3":88},
    {"p1":25,
     "p2":26,
     "p3":27},
    {"p1":33,
     "p2":34,
     "p3":80},
    {"p1":37,
     "p2":38,
     "p3":76},
    {"p1":38,
     "p2":39,
     "p3":75},
    {"p1":38,
     "p2":75,
     "p3":76},
    {"p1":39,
     "p2":40,
     "p3":75},
    {"p1":36,
     "p2":37,
     "p3":78},
    {"p1":82,
     "p2":83,
     "p3":84},
    {"p1":52,
     "p2":55,
     "p3":56},
    {"p1":52,
     "p2":56,
     "p3":57},
    {"p1":57,
     "p2":58,
     "p3":62},
    {"p1":58,
     "p2":59,
     "p3":61},
    {"p1":58,
     "p2":61,
     "p3":62},
    {"p1":51,
     "p2":52,
     "p3":57},
    {"p1":50,
     "p2":51,
     "p3":57},
    {"p1":50,
     "p2":63,
     "p3":64},
    {"p1":48,
     "p2":49,
     "p3":66},
    {"p1":43,
     "p2":44,
     "p3":71},
    {"p1":67,
     "p2":68,
     "p3":69},
    {"p1":9,
     "p2":103,
     "p3":104},
    {"p1":9,
     "p2":104,
     "p3":105},
    {"p1":7,
     "p2":106,
     "p3":107},
    {"p1":7,
     "p2":105,
     "p3":106},
    {"p1":22,
     "p2":91,
     "p3":92},
    {"p1":22,
     "p2":25,
     "p3":91},
    {"p1":16,
     "p2":17,
     "p3":96},
    {"p1":25,
     "p2":88,
     "p3":90},
    {"p1":25,
     "p2":90,
     "p3":91},
    {"p1":88,
     "p2":89,
     "p3":90},
    {"p1":12,
     "p2":13,
     "p3":101},
    {"p1":13,
     "p2":14,
     "p3":100},
    {"p1":13,
     "p2":100,
     "p3":101},
    {"p1":12,
     "p2":101,
     "p3":102},
    {"p1":40,
     "p2":73,
     "p3":74},
    {"p1":40,
     "p2":74,
     "p3":75},
    {"p1":34,
     "p2":35,
     "p3":80},
    {"p1":35,
     "p2":36,
     "p3":78},
    {"p1":37,
     "p2":76,
     "p3":77},
    {"p1":37,
     "p2":77,
     "p3":78},
    {"p1":50,
     "p2":64,
     "p3":65},
    {"p1":49,
     "p2":50,
     "p3":65},
    {"p1":49,
     "p2":65,
     "p3":66},
    {"p1":46,
     "p2":67,
     "p3":69},
    {"p1":42,
     "p2":71,
     "p3":72},
    {"p1":42,
     "p2":43,
     "p3":71},
    {"p1":41,
     "p2":42,
     "p3":72},
    {"p1":44,
     "p2":70,
     "p3":71},
    {"p1":44,
     "p2":69,
     "p3":70},
    {"p1":0,
     "p2":6,
     "p3":107},
    {"p1":6,
     "p2":7,
     "p3":107},
    {"p1":0,
     "p2":5,
     "p3":6},
    {"p1":8,
     "p2":9,
     "p3":105},
    {"p1":7,
     "p2":8,
     "p3":105},
    {"p1":15,
     "p2":16,
     "p3":98},
    {"p1":14,
     "p2":15,
     "p3":100},
    {"p1":19,
     "p2":20,
     "p3":94},
    {"p1":23,
     "p2":24,
     "p3":25},
    {"p1":22,
     "p2":23,
     "p3":25},
    {"p1":16,
     "p2":97,
     "p3":98},
    {"p1":16,
     "p2":96,
     "p3":97},
    {"p1":15,
     "p2":98,
     "p3":99},
    {"p1":15,
     "p2":99,
     "p3":100},
    {"p1":35,
     "p2":79,
     "p3":80},
    {"p1":35,
     "p2":78,
     "p3":79},
    {"p1":44,
     "p2":45,
     "p3":69},
    {"p1":45,
     "p2":46,
     "p3":69},
    {"p1":46,
     "p2":47,
     "p3":67},
    {"p1":47,
     "p2":66,
     "p3":67},
    {"p1":47,
     "p2":48,
     "p3":66},
    {"p1":9,
     "p2":10,
     "p3":103},
    {"p1":20,
     "p2":21,
     "p3":93},
    {"p1":21,
     "p2":92,
     "p3":93},
    {"p1":21,
     "p2":22,
     "p3":92},
    {"p1":17,
     "p2":18,
     "p3":96},
    {"p1":18,
     "p2":19,
     "p3":94},
    {"p1":11,
     "p2":12,
     "p3":102},
    {"p1":11,
     "p2":102,
     "p3":103},
    {"p1":10,
     "p2":11,
     "p3":103},
    {"p1":18,
     "p2":94,
     "p3":95},
    {"p1":18,
     "p2":95,
     "p3":96},
    {"p1":27,
     "p2":28,
     "p3":86},
    {"p1":27,
     "p2":86,
     "p3":87},
    {"p1":28,
     "p2":29,
     "p3":86},
    {"p1":29,
     "p2":85,
     "p3":86}]
}