{"points":[
    {"x":0,
     "y":0.11483},
    {"x":0.0047847,
     "y":0.13636},
    {"x":0.0095694,
     "y":0.15789},
    {"x":0.019139,
     "y":0.17225},
    {"x":0.04067,
     "y":0.17464},
    {"x":0.062201,
     "y":0.17943},
    {"x":0.083732,
     "y":0.17464},
    {"x":0.10526,
     "y":0.17225},
    {"x":0.12679,
     "y":0.17464},
    {"x":0.14833,
     "y":0.17703},
    {"x":0.16986,
     "y":0.17464},
    {"x":0.19139,
     "y":0.17703},
    {"x":0.21292,
     "y":0.17464},
    {"x":0.23445,
     "y":0.17703},
    {"x":0.25598,
     "y":0.17943},
    {"x":0.27751,
     "y":0.17943},
    {"x":0.29904,
     "y":0.17464},
    {"x":0.32057,
     "y":0.17703},
    {"x":0.34211,
     "y":0.17225},
    {"x":0.36124,
     "y":0.1866},
    {"x":0.38038,
     "y":0.20335},
    {"x":0.40191,
     "y":0.21053},
    {"x":0.42344,
     "y":0.2201},
    {"x":0.44498,
     "y":0.22488},
    {"x":0.46651,
     "y":0.23445},
    {"x":0.48565,
     "y":0.2201},
    {"x":0.50718,
     "y":0.21053},
    {"x":0.52871,
     "y":0.20813},
    {"x":0.55024,
     "y":0.19378},
    {"x":0.56938,
     "y":0.17464},
    {"x":0.59091,
     "y":0.16507},
    {"x":0.61244,
     "y":0.16268},
    {"x":0.63397,
     "y":0.16507},
    {"x":0.6555,
     "y":0.16268},
    {"x":0.67703,
     "y":0.16268},
    {"x":0.69856,
     "y":0.16507},
    {"x":0.7201,
     "y":0.16507},
    {"x":0.74163,
     "y":0.16268},
    {"x":0.76316,
     "y":0.16268},
    {"x":0.78469,
     "y":0.16268},
    {"x":0.80622,
     "y":0.16268},
    {"x":0.82775,
     "y":0.16507},
    {"x":0.84928,
     "y":0.16268},
    {"x":0.87081,
     "y":0.16507},
    {"x":0.89234,
     "y":0.16268},
    {"x":0.91388,
     "y":0.16268},
    {"x":0.93541,
     "y":0.16268},
    {"x":0.95694,
     "y":0.16507},
    {"x":0.97847,
     "y":0.16268},
    {"x":0.99761,
     "y":0.15789},
    {"x":0.99761,
     "y":0.13636},
    {"x":1,
     "y":0.11483},
    {"x":1,
     "y":0.093301},
    {"x":0.99761,
     "y":0.07177},
    {"x":0.99761,
     "y":0.050239},
    {"x":0.97847,
     "y":0.043062},
    {"x":0.95694,
     "y":0.04067},
    {"x":0.93541,
     "y":0.043062},
    {"x":0.91388,
     "y":0.043062},
    {"x":0.89234,
     "y":0.045455},
    {"x":0.87081,
     "y":0.043062},
    {"x":0.84928,
     "y":0.045455},
    {"x":0.82775,
     "y":0.043062},
    {"x":0.80622,
     "y":0.045455},
    {"x":0.78469,
     "y":0.045455},
    {"x":0.76316,
     "y":0.047847},
    {"x":0.74163,
     "y":0.047847},
    {"x":0.7201,
     "y":0.047847},
    {"x":0.69856,
     "y":0.045455},
    {"x":0.67703,
     "y":0.047847},
    {"x":0.6555,
     "y":0.045455},
    {"x":0.63397,
     "y":0.045455},
    {"x":0.61244,
     "y":0.047847},
    {"x":0.59091,
     "y":0.045455},
    {"x":0.56938,
     "y":0.045455},
    {"x":0.54785,
     "y":0.028708},
    {"x":0.52632,
     "y":0.016746},
    {"x":0.50478,
     "y":0.007177},
    {"x":0.48325,
     "y":0},
    {"x":0.46172,
     "y":0},
    {"x":0.44019,
     "y":0},
    {"x":0.41866,
     "y":0},
    {"x":0.39713,
     "y":0.0023923},
    {"x":0.3756,
     "y":0.0047847},
    {"x":0.35407,
     "y":0.016746},
    {"x":0.33732,
     "y":0.035885},
    {"x":0.32057,
     "y":0.057416},
    {"x":0.29904,
     "y":0.066986},
    {"x":0.27751,
     "y":0.066986},
    {"x":0.25598,
     "y":0.064593},
    {"x":0.23445,
     "y":0.064593},
    {"x":0.21292,
     "y":0.064593},
    {"x":0.19139,
     "y":0.064593},
    {"x":0.16986,
     "y":0.066986},
    {"x":0.14833,
     "y":0.066986},
    {"x":0.12679,
     "y":0.066986},
    {"x":0.10526,
     "y":0.066986},
    {"x":0.083732,
     "y":0.066986},
    {"x":0.062201,
     "y":0.064593},
    {"x":0.04067,
     "y":0.066986},
    {"x":0.019139,
     "y":0.066986},
    {"x":0.0047847,
     "y":0.08134},
    {"x":0.0023923,
     "y":0.10287},
    {"x":0,
     "y":0.11483}],
 "triangles":[
    {"p1":52,
     "p2":53,
     "p3":56},
    {"p1":53,
     "p2":54,
     "p3":55},
    {"p1":53,
     "p2":55,
     "p3":56},
    {"p1":77,
     "p2":78,
     "p3":79},
    {"p1":26,
     "p2":77,
     "p3":79},
    {"p1":99,
     "p2":100,
     "p3":101},
    {"p1":29,
     "p2":30,
     "p3":74},
    {"p1":30,
     "p2":73,
     "p3":74},
    {"p1":39,
     "p2":64,
     "p3":65},
    {"p1":1,
     "p2":2,
     "p3":4},
    {"p1":2,
     "p2":3,
     "p3":4},
    {"p1":0,
     "p2":1,
     "p3":102},
    {"p1":1,
     "p2":99,
     "p3":102},
    {"p1":99,
     "p2":101,
     "p3":102},
    {"p1":48,
     "p2":49,
     "p3":50},
    {"p1":47,
     "p2":50,
     "p3":51},
    {"p1":47,
     "p2":48,
     "p3":50},
    {"p1":46,
     "p2":47,
     "p3":51},
    {"p1":46,
     "p2":51,
     "p3":52},
    {"p1":26,
     "p2":29,
     "p3":75},
    {"p1":29,
     "p2":74,
     "p3":75},
    {"p1":35,
     "p2":36,
     "p3":67},
    {"p1":35,
     "p2":67,
     "p3":68},
    {"p1":33,
     "p2":34,
     "p3":69},
    {"p1":33,
     "p2":69,
     "p3":70},
    {"p1":33,
     "p2":70,
     "p3":71},
    {"p1":26,
     "p2":28,
     "p3":29},
    {"p1":26,
     "p2":27,
     "p3":28},
    {"p1":38,
     "p2":39,
     "p3":65},
    {"p1":4,
     "p2":5,
     "p3":6},
    {"p1":4,
     "p2":6,
     "p3":98},
    {"p1":6,
     "p2":97,
     "p3":98},
    {"p1":1,
     "p2":98,
     "p3":99},
    {"p1":1,
     "p2":4,
     "p3":98},
    {"p1":46,
     "p2":52,
     "p3":57},
    {"p1":52,
     "p2":56,
     "p3":57},
    {"p1":45,
     "p2":58,
     "p3":59},
    {"p1":44,
     "p2":45,
     "p3":59},
    {"p1":26,
     "p2":76,
     "p3":77},
    {"p1":26,
     "p2":75,
     "p3":76},
    {"p1":32,
     "p2":33,
     "p3":71},
    {"p1":36,
     "p2":37,
     "p3":67},
    {"p1":37,
     "p2":66,
     "p3":67},
    {"p1":21,
     "p2":79,
     "p3":80},
    {"p1":21,
     "p2":26,
     "p3":79},
    {"p1":82,
     "p2":83,
     "p3":84},
    {"p1":7,
     "p2":96,
     "p3":97},
    {"p1":6,
     "p2":7,
     "p3":97},
    {"p1":7,
     "p2":95,
     "p3":96},
    {"p1":7,
     "p2":8,
     "p3":95},
    {"p1":12,
     "p2":13,
     "p3":90},
    {"p1":18,
     "p2":86,
     "p3":87},
    {"p1":17,
     "p2":18,
     "p3":87},
    {"p1":22,
     "p2":23,
     "p3":25},
    {"p1":23,
     "p2":24,
     "p3":25},
    {"p1":10,
     "p2":93,
     "p3":94},
    {"p1":8,
     "p2":94,
     "p3":95},
    {"p1":12,
     "p2":90,
     "p3":91},
    {"p1":12,
     "p2":91,
     "p3":92},
    {"p1":19,
     "p2":20,
     "p3":21},
    {"p1":19,
     "p2":81,
     "p3":82},
    {"p1":19,
     "p2":80,
     "p3":81},
    {"p1":19,
     "p2":21,
     "p3":80},
    {"p1":82,
     "p2":84,
     "p3":85},
    {"p1":18,
     "p2":85,
     "p3":86},
    {"p1":18,
     "p2":19,
     "p3":85},
    {"p1":19,
     "p2":82,
     "p3":85},
    {"p1":16,
     "p2":17,
     "p3":87},
    {"p1":9,
     "p2":10,
     "p3":94},
    {"p1":8,
     "p2":9,
     "p3":94},
    {"p1":11,
     "p2":12,
     "p3":92},
    {"p1":13,
     "p2":89,
     "p3":90},
    {"p1":13,
     "p2":14,
     "p3":89},
    {"p1":15,
     "p2":16,
     "p3":88},
    {"p1":16,
     "p2":87,
     "p3":88},
    {"p1":14,
     "p2":15,
     "p3":88},
    {"p1":14,
     "p2":88,
     "p3":89},
    {"p1":35,
     "p2":68,
     "p3":69},
    {"p1":34,
     "p2":35,
     "p3":69},
    {"p1":40,
     "p2":62,
     "p3":63},
    {"p1":40,
     "p2":41,
     "p3":62},
    {"p1":40,
     "p2":63,
     "p3":64},
    {"p1":39,
     "p2":40,
     "p3":64},
    {"p1":45,
     "p2":57,
     "p3":58},
    {"p1":45,
     "p2":46,
     "p3":57},
    {"p1":43,
     "p2":44,
     "p3":59},
    {"p1":43,
     "p2":59,
     "p3":60},
    {"p1":41,
     "p2":61,
     "p3":62},
    {"p1":41,
     "p2":42,
     "p3":61},
    {"p1":43,
     "p2":60,
     "p3":61},
    {"p1":42,
     "p2":43,
     "p3":61},
    {"p1":30,
     "p2":31,
     "p3":72},
    {"p1":30,
     "p2":72,
     "p3":73},
    {"p1":31,
     "p2":32,
     "p3":72},
    {"p1":32,
     "p2":71,
     "p3":72},
    {"p1":37,
     "p2":38,
     "p3":65},
    {"p1":37,
     "p2":65,
     "p3":66},
    {"p1":21,
     "p2":22,
     "p3":26},
    {"p1":22,
     "p2":25,
     "p3":26},
    {"p1":11,
     "p2":92,
     "p3":93},
    {"p1":10,
     "p2":11,
     "p3":93}]
}