{"points":[
    {"x":0.0045558,
     "y":0.1139},
    {"x":0.0022779,
     "y":0.1344},
    {"x":0,
     "y":0.1549},
    {"x":0.0045558,
     "y":0.1754},
    {"x":0.025057,
     "y":0.18679},
    {"x":0.045558,
     "y":0.19362},
    {"x":0.066059,
     "y":0.20046},
    {"x":0.08656,
     "y":0.20046},
    {"x":0.10706,
     "y":0.20729},
    {"x":0.12756,
     "y":0.20501},
    {"x":0.14806,
     "y":0.20501},
    {"x":0.16856,
     "y":0.20501},
    {"x":0.18907,
     "y":0.20501},
    {"x":0.20957,
     "y":0.20501},
    {"x":0.23007,
     "y":0.20501},
    {"x":0.25057,
     "y":0.20501},
    {"x":0.27107,
     "y":0.20501},
    {"x":0.29157,
     "y":0.20501},
    {"x":0.31207,
     "y":0.20273},
    {"x":0.33257,
     "y":0.20273},
    {"x":0.35308,
     "y":0.20273},
    {"x":0.37358,
     "y":0.20273},
    {"x":0.39408,
     "y":0.20273},
    {"x":0.41458,
     "y":0.20273},
    {"x":0.43508,
     "y":0.20273},
    {"x":0.45558,
     "y":0.20501},
    {"x":0.47608,
     "y":0.20501},
    {"x":0.49658,
     "y":0.20729},
    {"x":0.51708,
     "y":0.21185},
    {"x":0.53759,
     "y":0.22551},
    {"x":0.55809,
     "y":0.23918},
    {"x":0.57859,
     "y":0.24374},
    {"x":0.59909,
     "y":0.24601},
    {"x":0.61959,
     "y":0.25057},
    {"x":0.64009,
     "y":0.24829},
    {"x":0.66059,
     "y":0.24601},
    {"x":0.68109,
     "y":0.24374},
    {"x":0.70159,
     "y":0.23462},
    {"x":0.71982,
     "y":0.21868},
    {"x":0.73804,
     "y":0.20046},
    {"x":0.75854,
     "y":0.20273},
    {"x":0.77904,
     "y":0.19818},
    {"x":0.79954,
     "y":0.19818},
    {"x":0.82005,
     "y":0.20046},
    {"x":0.84055,
     "y":0.20046},
    {"x":0.86105,
     "y":0.20046},
    {"x":0.88155,
     "y":0.20046},
    {"x":0.90205,
     "y":0.20046},
    {"x":0.92255,
     "y":0.19818},
    {"x":0.94305,
     "y":0.19818},
    {"x":0.96355,
     "y":0.19818},
    {"x":0.98405,
     "y":0.19362},
    {"x":0.99772,
     "y":0.1754},
    {"x":0.99772,
     "y":0.1549},
    {"x":0.99772,
     "y":0.1344},
    {"x":1,
     "y":0.1139},
    {"x":1,
     "y":0.093394},
    {"x":1,
     "y":0.072893},
    {"x":0.98861,
     "y":0.061503},
    {"x":0.96811,
     "y":0.059226},
    {"x":0.94761,
     "y":0.059226},
    {"x":0.92711,
     "y":0.059226},
    {"x":0.90661,
     "y":0.059226},
    {"x":0.8861,
     "y":0.059226},
    {"x":0.8656,
     "y":0.059226},
    {"x":0.8451,
     "y":0.059226},
    {"x":0.8246,
     "y":0.059226},
    {"x":0.8041,
     "y":0.059226},
    {"x":0.7836,
     "y":0.059226},
    {"x":0.7631,
     "y":0.059226},
    {"x":0.7426,
     "y":0.047836},
    {"x":0.72665,
     "y":0.031891},
    {"x":0.70843,
     "y":0.020501},
    {"x":0.68793,
     "y":0.013667},
    {"x":0.66743,
     "y":0.0068337},
    {"x":0.64692,
     "y":0.0022779},
    {"x":0.62642,
     "y":0},
    {"x":0.60592,
     "y":0.0022779},
    {"x":0.58542,
     "y":0.0045558},
    {"x":0.56492,
     "y":0.01139},
    {"x":0.54442,
     "y":0.022779},
    {"x":0.52392,
     "y":0.036446},
    {"x":0.50569,
     "y":0.056948},
    {"x":0.48519,
     "y":0.063781},
    {"x":0.46469,
     "y":0.061503},
    {"x":0.44419,
     "y":0.061503},
    {"x":0.42369,
     "y":0.061503},
    {"x":0.40319,
     "y":0.061503},
    {"x":0.38269,
     "y":0.061503},
    {"x":0.36219,
     "y":0.059226},
    {"x":0.34169,
     "y":0.059226},
    {"x":0.32118,
     "y":0.059226},
    {"x":0.30068,
     "y":0.059226},
    {"x":0.28018,
     "y":0.059226},
    {"x":0.25968,
     "y":0.059226},
    {"x":0.23918,
     "y":0.059226},
    {"x":0.21868,
     "y":0.059226},
    {"x":0.19818,
     "y":0.059226},
    {"x":0.17768,
     "y":0.061503},
    {"x":0.15718,
     "y":0.061503},
    {"x":0.13667,
     "y":0.061503},
    {"x":0.11617,
     "y":0.061503},
    {"x":0.095672,
     "y":0.061503},
    {"x":0.075171,
     "y":0.061503},
    {"x":0.05467,
     "y":0.059226},
    {"x":0.034169,
     "y":0.059226},
    {"x":0.015945,
     "y":0.075171},
    {"x":0.0068337,
     "y":0.095672},
    {"x":0.0045558,
     "y":0.1139}],
 "triangles":[
    {"p1":77,
     "p2":78,
     "p3":79},
    {"p1":56,
     "p2":57,
     "p3":58},
    {"p1":2,
     "p2":3,
     "p3":4},
    {"p1":1,
     "p2":2,
     "p3":4},
    {"p1":39,
     "p2":41,
     "p3":69},
    {"p1":16,
     "p2":93,
     "p3":94},
    {"p1":28,
     "p2":29,
     "p3":82},
    {"p1":104,
     "p2":105,
     "p3":106},
    {"p1":104,
     "p2":106,
     "p3":107},
    {"p1":0,
     "p2":104,
     "p3":107},
    {"p1":13,
     "p2":96,
     "p3":97},
    {"p1":1,
     "p2":4,
     "p3":5},
    {"p1":0,
     "p2":1,
     "p3":5},
    {"p1":5,
     "p2":6,
     "p3":7},
    {"p1":7,
     "p2":101,
     "p3":102},
    {"p1":75,
     "p2":76,
     "p3":77},
    {"p1":50,
     "p2":51,
     "p3":52},
    {"p1":50,
     "p2":52,
     "p3":53},
    {"p1":39,
     "p2":40,
     "p3":41},
    {"p1":39,
     "p2":69,
     "p3":70},
    {"p1":77,
     "p2":79,
     "p3":80},
    {"p1":32,
     "p2":77,
     "p3":80},
    {"p1":29,
     "p2":32,
     "p3":80},
    {"p1":29,
     "p2":80,
     "p3":82},
    {"p1":80,
     "p2":81,
     "p3":82},
    {"p1":24,
     "p2":25,
     "p3":85},
    {"p1":18,
     "p2":91,
     "p3":92},
    {"p1":16,
     "p2":17,
     "p3":93},
    {"p1":17,
     "p2":18,
     "p3":92},
    {"p1":17,
     "p2":92,
     "p3":93},
    {"p1":29,
     "p2":30,
     "p3":31},
    {"p1":29,
     "p2":31,
     "p3":32},
    {"p1":34,
     "p2":74,
     "p3":75},
    {"p1":32,
     "p2":33,
     "p3":34},
    {"p1":32,
     "p2":34,
     "p3":77},
    {"p1":34,
     "p2":75,
     "p3":77},
    {"p1":13,
     "p2":14,
     "p3":96},
    {"p1":14,
     "p2":95,
     "p3":96},
    {"p1":0,
     "p2":5,
     "p3":103},
    {"p1":0,
     "p2":103,
     "p3":104},
    {"p1":7,
     "p2":102,
     "p3":103},
    {"p1":5,
     "p2":7,
     "p3":103},
    {"p1":7,
     "p2":8,
     "p3":9},
    {"p1":7,
     "p2":9,
     "p3":101},
    {"p1":10,
     "p2":11,
     "p3":99},
    {"p1":11,
     "p2":98,
     "p3":99},
    {"p1":56,
     "p2":58,
     "p3":59},
    {"p1":41,
     "p2":68,
     "p3":69},
    {"p1":41,
     "p2":42,
     "p3":68},
    {"p1":42,
     "p2":67,
     "p3":68},
    {"p1":25,
     "p2":84,
     "p3":85},
    {"p1":24,
     "p2":85,
     "p3":86},
    {"p1":27,
     "p2":82,
     "p3":83},
    {"p1":27,
     "p2":28,
     "p3":82},
    {"p1":21,
     "p2":88,
     "p3":89},
    {"p1":22,
     "p2":87,
     "p3":88},
    {"p1":21,
     "p2":22,
     "p3":88},
    {"p1":20,
     "p2":89,
     "p3":90},
    {"p1":20,
     "p2":21,
     "p3":89},
    {"p1":34,
     "p2":35,
     "p3":74},
    {"p1":35,
     "p2":36,
     "p3":37},
    {"p1":35,
     "p2":37,
     "p3":38},
    {"p1":15,
     "p2":16,
     "p3":94},
    {"p1":15,
     "p2":94,
     "p3":95},
    {"p1":14,
     "p2":15,
     "p3":95},
    {"p1":11,
     "p2":12,
     "p3":98},
    {"p1":12,
     "p2":97,
     "p3":98},
    {"p1":12,
     "p2":13,
     "p3":97},
    {"p1":9,
     "p2":10,
     "p3":100},
    {"p1":10,
     "p2":99,
     "p3":100},
    {"p1":9,
     "p2":100,
     "p3":101},
    {"p1":47,
     "p2":48,
     "p3":62},
    {"p1":39,
     "p2":70,
     "p3":73},
    {"p1":38,
     "p2":39,
     "p3":73},
    {"p1":35,
     "p2":73,
     "p3":74},
    {"p1":35,
     "p2":38,
     "p3":73},
    {"p1":46,
     "p2":63,
     "p3":64},
    {"p1":46,
     "p2":47,
     "p3":63},
    {"p1":47,
     "p2":62,
     "p3":63},
    {"p1":48,
     "p2":54,
     "p3":61},
    {"p1":48,
     "p2":61,
     "p3":62},
    {"p1":70,
     "p2":71,
     "p3":73},
    {"p1":71,
     "p2":72,
     "p3":73},
    {"p1":26,
     "p2":27,
     "p3":83},
    {"p1":26,
     "p2":83,
     "p3":84},
    {"p1":25,
     "p2":26,
     "p3":84},
    {"p1":23,
     "p2":24,
     "p3":86},
    {"p1":23,
     "p2":86,
     "p3":87},
    {"p1":22,
     "p2":23,
     "p3":87},
    {"p1":19,
     "p2":20,
     "p3":90},
    {"p1":18,
     "p2":19,
     "p3":91},
    {"p1":19,
     "p2":90,
     "p3":91},
    {"p1":45,
     "p2":46,
     "p3":64},
    {"p1":45,
     "p2":64,
     "p3":65},
    {"p1":44,
     "p2":45,
     "p3":65},
    {"p1":49,
     "p2":50,
     "p3":53},
    {"p1":49,
     "p2":53,
     "p3":54},
    {"p1":48,
     "p2":49,
     "p3":54},
    {"p1":55,
     "p2":56,
     "p3":60},
    {"p1":56,
     "p2":59,
     "p3":60},
    {"p1":54,
     "p2":55,
     "p3":60},
    {"p1":54,
     "p2":60,
     "p3":61},
    {"p1":42,
     "p2":66,
     "p3":67},
    {"p1":42,
     "p2":43,
     "p3":66},
    {"p1":43,
     "p2":44,
     "p3":66},
    {"p1":44,
     "p2":65,
     "p3":66}]
}