{"points":[
    {"x":0.0029851,
     "y":0.13731},
    {"x":0.014925,
     "y":0.15522},
    {"x":0.014925,
     "y":0.17612},
    {"x":0.0029851,
     "y":0.19403},
    {"x":0.0059701,
     "y":0.21493},
    {"x":0.01791,
     "y":0.23284},
    {"x":0.035821,
     "y":0.24478},
    {"x":0.056716,
     "y":0.24478},
    {"x":0.077612,
     "y":0.24478},
    {"x":0.098507,
     "y":0.24478},
    {"x":0.1194,
     "y":0.24478},
    {"x":0.1403,
     "y":0.24478},
    {"x":0.16119,
     "y":0.24179},
    {"x":0.18209,
     "y":0.23881},
    {"x":0.20299,
     "y":0.24478},
    {"x":0.22388,
     "y":0.24179},
    {"x":0.24478,
     "y":0.24179},
    {"x":0.26567,
     "y":0.24179},
    {"x":0.28657,
     "y":0.24179},
    {"x":0.30746,
     "y":0.24179},
    {"x":0.32836,
     "y":0.24478},
    {"x":0.34925,
     "y":0.24478},
    {"x":0.36716,
     "y":0.2597},
    {"x":0.38806,
     "y":0.27463},
    {"x":0.40896,
     "y":0.28657},
    {"x":0.42985,
     "y":0.29552},
    {"x":0.45075,
     "y":0.30149},
    {"x":0.47164,
     "y":0.30448},
    {"x":0.49254,
     "y":0.30746},
    {"x":0.51343,
     "y":0.30448},
    {"x":0.53433,
     "y":0.30448},
    {"x":0.55522,
     "y":0.29851},
    {"x":0.57612,
     "y":0.29254},
    {"x":0.59701,
     "y":0.28358},
    {"x":0.61791,
     "y":0.27164},
    {"x":0.63582,
     "y":0.25672},
    {"x":0.65672,
     "y":0.23881},
    {"x":0.67761,
     "y":0.23881},
    {"x":0.69851,
     "y":0.23582},
    {"x":0.7194,
     "y":0.23582},
    {"x":0.7403,
     "y":0.23582},
    {"x":0.76119,
     "y":0.23881},
    {"x":0.78209,
     "y":0.23881},
    {"x":0.80299,
     "y":0.23881},
    {"x":0.82388,
     "y":0.23881},
    {"x":0.84478,
     "y":0.23582},
    {"x":0.86567,
     "y":0.23582},
    {"x":0.88657,
     "y":0.23284},
    {"x":0.90746,
     "y":0.23582},
    {"x":0.92836,
     "y":0.23881},
    {"x":0.94925,
     "y":0.23881},
    {"x":0.97015,
     "y":0.23582},
    {"x":0.98806,
     "y":0.22388},
    {"x":0.99701,
     "y":0.20299},
    {"x":0.99403,
     "y":0.18806},
    {"x":0.98806,
     "y":0.16716},
    {"x":0.98806,
     "y":0.14627},
    {"x":1,
     "y":0.12836},
    {"x":0.99403,
     "y":0.11045},
    {"x":0.98806,
     "y":0.089552},
    {"x":0.97313,
     "y":0.074627},
    {"x":0.95224,
     "y":0.074627},
    {"x":0.93134,
     "y":0.071642},
    {"x":0.91045,
     "y":0.071642},
    {"x":0.88955,
     "y":0.071642},
    {"x":0.86866,
     "y":0.071642},
    {"x":0.84776,
     "y":0.071642},
    {"x":0.82687,
     "y":0.071642},
    {"x":0.80597,
     "y":0.071642},
    {"x":0.78507,
     "y":0.074627},
    {"x":0.76418,
     "y":0.074627},
    {"x":0.74328,
     "y":0.077612},
    {"x":0.72239,
     "y":0.077612},
    {"x":0.70149,
     "y":0.080597},
    {"x":0.6806,
     "y":0.074627},
    {"x":0.6597,
     "y":0.074627},
    {"x":0.63881,
     "y":0.068657},
    {"x":0.6209,
     "y":0.050746},
    {"x":0.6,
     "y":0.038806},
    {"x":0.5791,
     "y":0.026866},
    {"x":0.55821,
     "y":0.020896},
    {"x":0.53731,
     "y":0.014925},
    {"x":0.51642,
     "y":0.0089552},
    {"x":0.49552,
     "y":0},
    {"x":0.47463,
     "y":0.0089552},
    {"x":0.45373,
     "y":0.014925},
    {"x":0.43284,
     "y":0.020896},
    {"x":0.41194,
     "y":0.026866},
    {"x":0.39104,
     "y":0.038806},
    {"x":0.37015,
     "y":0.053731},
    {"x":0.35224,
     "y":0.071642},
    {"x":0.33134,
     "y":0.077612},
    {"x":0.31045,
     "y":0.080597},
    {"x":0.28955,
     "y":0.083582},
    {"x":0.26866,
     "y":0.080597},
    {"x":0.24776,
     "y":0.077612},
    {"x":0.22687,
     "y":0.077612},
    {"x":0.20597,
     "y":0.077612},
    {"x":0.18507,
     "y":0.077612},
    {"x":0.16418,
     "y":0.077612},
    {"x":0.14328,
     "y":0.077612},
    {"x":0.12239,
     "y":0.077612},
    {"x":0.10149,
     "y":0.077612},
    {"x":0.080597,
     "y":0.080597},
    {"x":0.059701,
     "y":0.080597},
    {"x":0.038806,
     "y":0.080597},
    {"x":0.01791,
     "y":0.083582},
    {"x":0.01194,
     "y":0.10448},
    {"x":0,
     "y":0.12239},
    {"x":0.0029851,
     "y":0.13731}],
 "triangles":[
    {"p1":0,
     "p2":107,
     "p3":108},
    {"p1":0,
     "p2":1,
     "p3":107},
    {"p1":2,
     "p2":4,
     "p3":5},
    {"p1":2,
     "p2":3,
     "p3":4},
    {"p1":56,
     "p2":57,
     "p3":58},
    {"p1":105,
     "p2":106,
     "p3":107},
    {"p1":51,
     "p2":52,
     "p3":54},
    {"p1":52,
     "p2":53,
     "p3":54},
    {"p1":1,
     "p2":103,
     "p3":104},
    {"p1":1,
     "p2":104,
     "p3":107},
    {"p1":104,
     "p2":105,
     "p3":107},
    {"p1":50,
     "p2":51,
     "p3":54},
    {"p1":49,
     "p2":50,
     "p3":55},
    {"p1":50,
     "p2":54,
     "p3":55},
    {"p1":48,
     "p2":49,
     "p3":55},
    {"p1":48,
     "p2":55,
     "p3":56},
    {"p1":47,
     "p2":48,
     "p3":56},
    {"p1":1,
     "p2":2,
     "p3":9},
    {"p1":1,
     "p2":9,
     "p3":103},
    {"p1":56,
     "p2":58,
     "p3":61},
    {"p1":56,
     "p2":61,
     "p3":62},
    {"p1":59,
     "p2":60,
     "p3":61},
    {"p1":58,
     "p2":59,
     "p3":61},
    {"p1":44,
     "p2":45,
     "p3":67},
    {"p1":46,
     "p2":47,
     "p3":65},
    {"p1":35,
     "p2":36,
     "p3":76},
    {"p1":36,
     "p2":75,
     "p3":76},
    {"p1":34,
     "p2":35,
     "p3":76},
    {"p1":33,
     "p2":34,
     "p3":76},
    {"p1":29,
     "p2":30,
     "p3":31},
    {"p1":24,
     "p2":25,
     "p3":86},
    {"p1":25,
     "p2":26,
     "p3":86},
    {"p1":29,
     "p2":81,
     "p3":85},
    {"p1":27,
     "p2":28,
     "p3":29},
    {"p1":27,
     "p2":29,
     "p3":85},
    {"p1":27,
     "p2":85,
     "p3":86},
    {"p1":26,
     "p2":27,
     "p3":86},
    {"p1":2,
     "p2":8,
     "p3":9},
    {"p1":23,
     "p2":24,
     "p3":86},
    {"p1":12,
     "p2":13,
     "p3":99},
    {"p1":16,
     "p2":95,
     "p3":96},
    {"p1":44,
     "p2":67,
     "p3":68},
    {"p1":45,
     "p2":66,
     "p3":67},
    {"p1":45,
     "p2":46,
     "p3":66},
    {"p1":46,
     "p2":65,
     "p3":66},
    {"p1":47,
     "p2":64,
     "p3":65},
    {"p1":76,
     "p2":77,
     "p3":78},
    {"p1":31,
     "p2":32,
     "p3":78},
    {"p1":33,
     "p2":76,
     "p3":78},
    {"p1":32,
     "p2":33,
     "p3":78},
    {"p1":39,
     "p2":72,
     "p3":73},
    {"p1":73,
     "p2":74,
     "p3":75},
    {"p1":38,
     "p2":39,
     "p3":73},
    {"p1":36,
     "p2":37,
     "p3":75},
    {"p1":37,
     "p2":73,
     "p3":75},
    {"p1":37,
     "p2":38,
     "p3":73},
    {"p1":40,
     "p2":41,
     "p3":71},
    {"p1":40,
     "p2":71,
     "p3":72},
    {"p1":39,
     "p2":40,
     "p3":72},
    {"p1":41,
     "p2":70,
     "p3":71},
    {"p1":42,
     "p2":69,
     "p3":70},
    {"p1":41,
     "p2":42,
     "p3":70},
    {"p1":78,
     "p2":79,
     "p3":80},
    {"p1":31,
     "p2":78,
     "p3":80},
    {"p1":29,
     "p2":31,
     "p3":80},
    {"p1":29,
     "p2":80,
     "p3":81},
    {"p1":86,
     "p2":87,
     "p3":88},
    {"p1":23,
     "p2":86,
     "p3":88},
    {"p1":23,
     "p2":88,
     "p3":89},
    {"p1":16,
     "p2":17,
     "p3":94},
    {"p1":16,
     "p2":94,
     "p3":95},
    {"p1":17,
     "p2":93,
     "p3":94},
    {"p1":23,
     "p2":89,
     "p3":90},
    {"p1":2,
     "p2":7,
     "p3":8},
    {"p1":5,
     "p2":6,
     "p3":7},
    {"p1":2,
     "p2":5,
     "p3":7},
    {"p1":9,
     "p2":102,
     "p3":103},
    {"p1":9,
     "p2":10,
     "p3":102},
    {"p1":12,
     "p2":99,
     "p3":100},
    {"p1":15,
     "p2":16,
     "p3":96},
    {"p1":15,
     "p2":96,
     "p3":97},
    {"p1":13,
     "p2":15,
     "p3":97},
    {"p1":47,
     "p2":56,
     "p3":63},
    {"p1":47,
     "p2":63,
     "p3":64},
    {"p1":56,
     "p2":62,
     "p3":63},
    {"p1":42,
     "p2":43,
     "p3":69},
    {"p1":43,
     "p2":44,
     "p3":68},
    {"p1":43,
     "p2":68,
     "p3":69},
    {"p1":82,
     "p2":83,
     "p3":84},
    {"p1":21,
     "p2":90,
     "p3":91},
    {"p1":20,
     "p2":21,
     "p3":91},
    {"p1":20,
     "p2":91,
     "p3":92},
    {"p1":21,
     "p2":22,
     "p3":90},
    {"p1":22,
     "p2":23,
     "p3":90},
    {"p1":19,
     "p2":92,
     "p3":93},
    {"p1":19,
     "p2":20,
     "p3":92},
    {"p1":11,
     "p2":12,
     "p3":100},
    {"p1":10,
     "p2":101,
     "p3":102},
    {"p1":10,
     "p2":11,
     "p3":101},
    {"p1":11,
     "p2":100,
     "p3":101},
    {"p1":13,
     "p2":98,
     "p3":99},
    {"p1":13,
     "p2":97,
     "p3":98},
    {"p1":13,
     "p2":14,
     "p3":15},
    {"p1":17,
     "p2":18,
     "p3":93},
    {"p1":18,
     "p2":19,
     "p3":93},
    {"p1":82,
     "p2":84,
     "p3":85},
    {"p1":81,
     "p2":82,
     "p3":85}]
}