{"points":[
    {"x":0.0052356,
     "y":0.13874},
    {"x":0.0026178,
     "y":0.15969},
    {"x":0,
     "y":0.18063},
    {"x":0.0052356,
     "y":0.20157},
    {"x":0.026178,
     "y":0.20419},
    {"x":0.04712,
     "y":0.20419},
    {"x":0.068063,
     "y":0.20419},
    {"x":0.089005,
     "y":0.20419},
    {"x":0.10995,
     "y":0.20419},
    {"x":0.13089,
     "y":0.20157},
    {"x":0.15183,
     "y":0.20157},
    {"x":0.17277,
     "y":0.20157},
    {"x":0.19372,
     "y":0.20157},
    {"x":0.21466,
     "y":0.20419},
    {"x":0.2356,
     "y":0.20157},
    {"x":0.25654,
     "y":0.20419},
    {"x":0.27749,
     "y":0.20419},
    {"x":0.29843,
     "y":0.20419},
    {"x":0.31937,
     "y":0.20681},
    {"x":0.34031,
     "y":0.20681},
    {"x":0.36126,
     "y":0.20681},
    {"x":0.3822,
     "y":0.20942},
    {"x":0.40314,
     "y":0.20681},
    {"x":0.42147,
     "y":0.22251},
    {"x":0.44241,
     "y":0.2356},
    {"x":0.46335,
     "y":0.24607},
    {"x":0.48429,
     "y":0.25131},
    {"x":0.50524,
     "y":0.25654},
    {"x":0.52618,
     "y":0.25654},
    {"x":0.54712,
     "y":0.25654},
    {"x":0.56806,
     "y":0.24869},
    {"x":0.58901,
     "y":0.23822},
    {"x":0.60995,
     "y":0.22251},
    {"x":0.63089,
     "y":0.20942},
    {"x":0.65183,
     "y":0.20942},
    {"x":0.67277,
     "y":0.20942},
    {"x":0.69372,
     "y":0.20419},
    {"x":0.71466,
     "y":0.20419},
    {"x":0.7356,
     "y":0.20419},
    {"x":0.75654,
     "y":0.20419},
    {"x":0.77749,
     "y":0.20157},
    {"x":0.79843,
     "y":0.20419},
    {"x":0.81937,
     "y":0.19895},
    {"x":0.84031,
     "y":0.20419},
    {"x":0.86126,
     "y":0.20419},
    {"x":0.8822,
     "y":0.20157},
    {"x":0.90314,
     "y":0.20419},
    {"x":0.92408,
     "y":0.20419},
    {"x":0.94503,
     "y":0.19634},
    {"x":0.96597,
     "y":0.20419},
    {"x":0.98691,
     "y":0.20157},
    {"x":1,
     "y":0.18586},
    {"x":0.99738,
     "y":0.16492},
    {"x":0.99738,
     "y":0.14398},
    {"x":1,
     "y":0.12304},
    {"x":0.99738,
     "y":0.10209},
    {"x":0.99738,
     "y":0.081152},
    {"x":0.98429,
     "y":0.065445},
    {"x":0.96335,
     "y":0.068063},
    {"x":0.94241,
     "y":0.065445},
    {"x":0.92147,
     "y":0.065445},
    {"x":0.90052,
     "y":0.068063},
    {"x":0.87958,
     "y":0.068063},
    {"x":0.85864,
     "y":0.068063},
    {"x":0.8377,
     "y":0.068063},
    {"x":0.81675,
     "y":0.068063},
    {"x":0.79581,
     "y":0.068063},
    {"x":0.77487,
     "y":0.065445},
    {"x":0.75393,
     "y":0.065445},
    {"x":0.73298,
     "y":0.065445},
    {"x":0.71204,
     "y":0.065445},
    {"x":0.6911,
     "y":0.065445},
    {"x":0.67016,
     "y":0.062827},
    {"x":0.64921,
     "y":0.057592},
    {"x":0.62827,
     "y":0.057592},
    {"x":0.60733,
     "y":0.039267},
    {"x":0.58639,
     "y":0.026178},
    {"x":0.56545,
     "y":0.015707},
    {"x":0.5445,
     "y":0.0078534},
    {"x":0.52356,
     "y":0},
    {"x":0.50262,
     "y":0.0026178},
    {"x":0.48168,
     "y":0.010471},
    {"x":0.46073,
     "y":0.018325},
    {"x":0.43979,
     "y":0.026178},
    {"x":0.41885,
     "y":0.041885},
    {"x":0.39791,
     "y":0.054974},
    {"x":0.37696,
     "y":0.054974},
    {"x":0.35602,
     "y":0.057592},
    {"x":0.33508,
     "y":0.060209},
    {"x":0.31414,
     "y":0.062827},
    {"x":0.29319,
     "y":0.062827},
    {"x":0.27225,
     "y":0.062827},
    {"x":0.25131,
     "y":0.068063},
    {"x":0.23037,
     "y":0.068063},
    {"x":0.20942,
     "y":0.068063},
    {"x":0.18848,
     "y":0.068063},
    {"x":0.16754,
     "y":0.065445},
    {"x":0.1466,
     "y":0.065445},
    {"x":0.12565,
     "y":0.062827},
    {"x":0.10471,
     "y":0.062827},
    {"x":0.08377,
     "y":0.062827},
    {"x":0.062827,
     "y":0.060209},
    {"x":0.041885,
     "y":0.060209},
    {"x":0.020942,
     "y":0.060209},
    {"x":0.0052356,
     "y":0.070681},
    {"x":0.0026178,
     "y":0.091623},
    {"x":0.0026178,
     "y":0.11257},
    {"x":0.0052356,
     "y":0.13351},
    {"x":0.0052356,
     "y":0.13874}],
 "triangles":[
    {"p1":50,
     "p2":51,
     "p3":52},
    {"p1":103,
     "p2":104,
     "p3":105},
    {"p1":49,
     "p2":50,
     "p3":52},
    {"p1":2,
     "p2":3,
     "p3":4},
    {"p1":22,
     "p2":84,
     "p3":85},
    {"p1":24,
     "p2":82,
     "p3":84},
    {"p1":102,
     "p2":103,
     "p3":105},
    {"p1":9,
     "p2":97,
     "p3":98},
    {"p1":9,
     "p2":98,
     "p3":99},
    {"p1":8,
     "p2":9,
     "p3":99},
    {"p1":48,
     "p2":49,
     "p3":52},
    {"p1":48,
     "p2":59,
     "p3":60},
    {"p1":14,
     "p2":15,
     "p3":92},
    {"p1":24,
     "p2":26,
     "p3":82},
    {"p1":82,
     "p2":83,
     "p3":84},
    {"p1":22,
     "p2":23,
     "p3":84},
    {"p1":23,
     "p2":24,
     "p3":84},
    {"p1":15,
     "p2":16,
     "p3":92},
    {"p1":17,
     "p2":89,
     "p3":90},
    {"p1":16,
     "p2":17,
     "p3":90},
    {"p1":10,
     "p2":96,
     "p3":97},
    {"p1":9,
     "p2":10,
     "p3":97},
    {"p1":56,
     "p2":57,
     "p3":58},
    {"p1":55,
     "p2":56,
     "p3":58},
    {"p1":48,
     "p2":52,
     "p3":53},
    {"p1":53,
     "p2":54,
     "p3":59},
    {"p1":48,
     "p2":53,
     "p3":59},
    {"p1":32,
     "p2":33,
     "p3":74},
    {"p1":32,
     "p2":74,
     "p3":75},
    {"p1":28,
     "p2":30,
     "p3":31},
    {"p1":26,
     "p2":27,
     "p3":28},
    {"p1":28,
     "p2":29,
     "p3":30},
    {"p1":7,
     "p2":8,
     "p3":99},
    {"p1":102,
     "p2":105,
     "p3":106},
    {"p1":101,
     "p2":102,
     "p3":106},
    {"p1":26,
     "p2":81,
     "p3":82},
    {"p1":26,
     "p2":77,
     "p3":81},
    {"p1":77,
     "p2":78,
     "p3":81},
    {"p1":24,
     "p2":25,
     "p3":26},
    {"p1":14,
     "p2":92,
     "p3":93},
    {"p1":16,
     "p2":91,
     "p3":92},
    {"p1":16,
     "p2":90,
     "p3":91},
    {"p1":11,
     "p2":95,
     "p3":96},
    {"p1":10,
     "p2":11,
     "p3":96},
    {"p1":40,
     "p2":67,
     "p3":68},
    {"p1":32,
     "p2":75,
     "p3":76},
    {"p1":31,
     "p2":32,
     "p3":76},
    {"p1":28,
     "p2":31,
     "p3":76},
    {"p1":26,
     "p2":76,
     "p3":77},
    {"p1":26,
     "p2":28,
     "p3":76},
    {"p1":38,
     "p2":39,
     "p3":68},
    {"p1":39,
     "p2":40,
     "p3":68},
    {"p1":44,
     "p2":45,
     "p3":63},
    {"p1":43,
     "p2":44,
     "p3":63},
    {"p1":42,
     "p2":43,
     "p3":64},
    {"p1":43,
     "p2":63,
     "p3":64},
    {"p1":6,
     "p2":7,
     "p3":100},
    {"p1":7,
     "p2":99,
     "p3":100},
    {"p1":1,
     "p2":2,
     "p3":4},
    {"p1":1,
     "p2":4,
     "p3":5},
    {"p1":78,
     "p2":79,
     "p3":80},
    {"p1":78,
     "p2":80,
     "p3":81},
    {"p1":22,
     "p2":85,
     "p3":86},
    {"p1":21,
     "p2":22,
     "p3":86},
    {"p1":20,
     "p2":86,
     "p3":87},
    {"p1":20,
     "p2":21,
     "p3":86},
    {"p1":19,
     "p2":88,
     "p3":89},
    {"p1":20,
     "p2":87,
     "p3":88},
    {"p1":19,
     "p2":20,
     "p3":88},
    {"p1":13,
     "p2":14,
     "p3":94},
    {"p1":14,
     "p2":93,
     "p3":94},
    {"p1":17,
     "p2":18,
     "p3":89},
    {"p1":18,
     "p2":19,
     "p3":89},
    {"p1":11,
     "p2":12,
     "p3":95},
    {"p1":12,
     "p2":13,
     "p3":94},
    {"p1":12,
     "p2":94,
     "p3":95},
    {"p1":40,
     "p2":42,
     "p3":66},
    {"p1":40,
     "p2":66,
     "p3":67},
    {"p1":33,
     "p2":73,
     "p3":74},
    {"p1":38,
     "p2":68,
     "p3":69},
    {"p1":37,
     "p2":38,
     "p3":69},
    {"p1":45,
     "p2":46,
     "p3":61},
    {"p1":48,
     "p2":60,
     "p3":61},
    {"p1":46,
     "p2":48,
     "p3":61},
    {"p1":40,
     "p2":41,
     "p3":42},
    {"p1":0,
     "p2":5,
     "p3":6},
    {"p1":0,
     "p2":1,
     "p3":5},
    {"p1":42,
     "p2":64,
     "p3":65},
    {"p1":42,
     "p2":65,
     "p3":66},
    {"p1":34,
     "p2":35,
     "p3":72},
    {"p1":33,
     "p2":34,
     "p3":72},
    {"p1":33,
     "p2":72,
     "p3":73},
    {"p1":35,
     "p2":36,
     "p3":72},
    {"p1":36,
     "p2":71,
     "p3":72},
    {"p1":37,
     "p2":69,
     "p3":70},
    {"p1":36,
     "p2":70,
     "p3":71},
    {"p1":36,
     "p2":37,
     "p3":70},
    {"p1":46,
     "p2":47,
     "p3":48},
    {"p1":45,
     "p2":62,
     "p3":63},
    {"p1":45,
     "p2":61,
     "p3":62},
    {"p1":101,
     "p2":106,
     "p3":107},
    {"p1":100,
     "p2":101,
     "p3":107},
    {"p1":6,
     "p2":100,
     "p3":107},
    {"p1":0,
     "p2":6,
     "p3":107},
    {"p1":54,
     "p2":58,
     "p3":59},
    {"p1":54,
     "p2":55,
     "p3":58}]
}